timestamp,actual_TCP_pose_0,actual_TCP_pose_1,actual_TCP_pose_2,actual_TCP_pose_3,actual_TCP_pose_4,actual_TCP_pose_5,actual_TCP_speed_0,actual_TCP_speed_1,actual_TCP_speed_2,actual_TCP_speed_3,actual_TCP_speed_4,actual_TCP_speed_5
8551.680000,-0.122472,0.110004,0.257450,-2.181359,-2.213514,0.045172,-0.000260,-0.000013,0.001341,-0.000070,0.004434,0.000030
8551.696000,-0.122477,0.110003,0.257477,-2.181277,-2.213485,0.045316,-0.000122,-0.000006,0.000633,-0.000033,0.002085,0.000014
8551.704000,-0.122480,0.110002,0.257457,-2.181289,-2.213522,0.045213,-0.000097,-0.000005,0.000503,-0.000026,0.001654,0.000011
8551.712000,-0.122481,0.109997,0.257458,-2.181267,-2.213580,0.045226,-0.000080,-0.000004,0.000417,-0.000022,0.001366,0.000009
8551.720000,-0.122483,0.109997,0.257479,-2.181270,-2.213505,0.045331,-0.000067,-0.000003,0.000352,-0.000018,0.001150,0.000008
8551.728000,-0.122473,0.110005,0.257460,-2.181300,-2.213534,0.045236,-0.000059,-0.000003,0.000308,-0.000016,0.001007,0.000007
8551.736000,-0.122476,0.110002,0.257470,-2.181199,-2.213537,0.045290,-0.000052,-0.000003,0.000272,-0.000014,0.000887,0.000006
8551.744000,-0.122478,0.109999,0.257477,-2.181282,-2.213517,0.045304,-0.000046,-0.000002,0.000243,-0.000013,0.000791,0.000005
8551.752000,-0.122485,0.109995,0.257469,-2.181256,-2.213543,0.045306,-0.000042,-0.000002,0.000222,-0.000011,0.000719,0.000005
8551.760000,-0.122471,0.110006,0.257479,-2.181339,-2.213388,0.045357,-0.000038,-0.000002,0.000200,-0.000010,0.000647,0.000005
8551.768000,-0.122481,0.109998,0.257469,-2.181244,-2.213531,0.045278,-0.000035,-0.000002,0.000186,-0.000010,0.000599,0.000004
8551.776000,-0.122477,0.109998,0.257466,-2.181262,-2.213548,0.045291,-0.000032,-0.000002,0.000171,-0.000009,0.000551,0.000004
8551.784000,-0.122472,0.110005,0.257475,-2.181311,-2.213439,0.045304,-0.000029,-0.000002,0.000157,-0.000008,0.000503,0.000004
8551.792000,-0.122475,0.110005,0.257468,-2.181285,-2.213465,0.045278,-0.000028,-0.000001,0.000150,-0.000008,0.000479,0.000003
8551.800000,-0.122476,0.110003,0.257450,-2.181339,-2.213520,0.045212,-0.000026,-0.000001,0.000142,-0.000007,0.000455,0.000003
8551.808000,-0.122478,0.109997,0.257466,-2.181243,-2.213555,0.045278,-0.000023,-0.000001,0.000128,-0.000006,0.000407,0.000003
8551.816000,-0.122469,0.110005,0.257451,-2.181313,-2.213546,0.045158,0.000002,0.000000,-0.000002,0.000000,-0.000024,0.000000
8551.824000,-0.122475,0.110007,0.257464,-2.181326,-2.213426,0.045251,0.000002,0.000000,-0.000002,0.000000,-0.000024,0.000000
8551.832000,-0.122469,0.110007,0.257479,-2.181267,-2.213446,0.045342,0.000002,0.000000,-0.000002,0.000000,-0.000024,0.000000
8551.840000,-0.122472,0.110004,0.257472,-2.181330,-2.213432,0.045317,0.000002,0.000000,-0.000002,0.000000,-0.000024,0.000000
8551.848000,-0.122477,0.109999,0.257462,-2.181309,-2.213490,0.045305,0.000002,0.000000,-0.000002,0.000000,-0.000024,0.000000
8551.856000,-0.122475,0.110002,0.257460,-2.181280,-2.213541,0.045277,0.000002,0.000000,-0.000002,0.000000,-0.000024,0.000000
8551.864000,-0.122480,0.109997,0.257464,-2.181300,-2.213535,0.045292,0.000002,0.000000,-0.000002,0.000000,-0.000024,0.000000
8551.872000,-0.122473,0.110003,0.257446,-2.181370,-2.213526,0.045172,0.000002,0.000000,-0.000002,0.000000,-0.000024,0.000000
8551.880000,-0.122468,0.110005,0.257448,-2.181327,-2.213507,0.045238,0.000002,0.000000,-0.000002,0.000000,-0.000024,0.000000
8551.888000,-0.122478,0.110001,0.257463,-2.181277,-2.213510,0.045265,0.000002,0.000000,-0.000002,0.000000,-0.000024,0.000000
8551.896000,-0.122471,0.110003,0.257464,-2.181296,-2.213477,0.045304,0.000002,0.000000,-0.000002,0.000000,-0.000024,0.000000
8551.904000,-0.122475,0.110003,0.257463,-2.181321,-2.213503,0.045251,0.000002,0.000000,-0.000002,0.000000,-0.000024,0.000000
8551.912000,-0.122470,0.110005,0.257448,-2.181286,-2.213572,0.045209,0.000002,0.000000,-0.000002,0.000000,-0.000024,0.000000
8551.920000,-0.122476,0.110001,0.257459,-2.181276,-2.213535,0.045238,0.000012,0.000001,-0.000053,0.000003,-0.000192,-0.000001
8551.928000,-0.122467,0.110006,0.257427,-2.181377,-2.213531,0.045132,0.000905,0.000045,-0.004625,0.000242,-0.015362,-0.000102
8551.936000,-0.122463,0.110001,0.257396,-2.181405,-2.213612,0.045042,0.000365,0.000018,-0.001858,0.000098,-0.006183,-0.000041
8551.944000,-0.122462,0.109996,0.257402,-2.181371,-2.213657,0.045107,0.000208,0.000010,-0.001057,0.000056,-0.003523,-0.000023
8551.952000,-0.122467,0.110003,0.257406,-2.181418,-2.213599,0.045067,0.000146,0.000007,-0.000739,0.000039,-0.002468,-0.000016
8551.960000,-0.122460,0.109999,0.257396,-2.181357,-2.213669,0.045080,0.000112,0.000006,-0.000565,0.000030,-0.001893,-0.000012
8551.968000,-0.122466,0.110001,0.257404,-2.181347,-2.213632,0.045080,0.000091,0.000004,-0.000457,0.000024,-0.001534,-0.000010
8551.976000,-0.122468,0.109997,0.257412,-2.181380,-2.213614,0.045095,0.000077,0.000004,-0.000385,0.000020,-0.001294,-0.000008
8551.984000,-0.122474,0.110001,0.257408,-2.181332,-2.213671,0.045053,0.000067,0.000003,-0.000334,0.000018,-0.001126,-0.000007
8551.992000,-0.122464,0.110004,0.257391,-2.181444,-2.213598,0.045015,0.000058,0.000003,-0.000291,0.000015,-0.000983,-0.000006
8552.000000,-0.122465,0.110005,0.257401,-2.181475,-2.213578,0.045054,0.000053,0.000003,-0.000262,0.000014,-0.000887,-0.000006
8552.008000,-0.122479,0.109998,0.257421,-2.181291,-2.213629,0.045146,-0.000102,0.000001,-0.000405,0.000027,-0.002210,-0.000004
8552.016000,-0.122472,0.110003,0.257402,-2.181456,-2.213585,0.045067,-0.000107,0.000000,-0.000384,0.000026,-0.002138,-0.000004
8552.024000,-0.122476,0.110004,0.257387,-2.181427,-2.213687,0.044909,-0.000320,-0.000002,-0.000611,0.000046,-0.004084,-0.000003
8552.032000,-0.122477,0.110001,0.257403,-2.181431,-2.213586,0.045094,-0.000217,-0.000001,-0.000476,0.000035,-0.003039,-0.000003
8552.040000,-0.122490,0.110000,0.257411,-2.181355,-2.213614,0.045093,-0.000335,-0.000003,-0.000331,0.000013,-0.001529,-0.000004
8552.048000,-0.122492,0.110000,0.257401,-2.181337,-2.213620,0.045081,-0.001159,-0.000013,-0.000112,-0.000049,0.001975,-0.000011
8552.056000,-0.122498,0.109999,0.257416,-2.181310,-2.213621,0.045134,-0.000815,-0.000009,-0.000256,-0.000015,-0.000115,-0.000007
8552.064000,-0.122498,0.109999,0.257418,-2.181323,-2.213609,0.045160,-0.000473,-0.000006,0.000028,-0.000022,0.000887,-0.000002
8552.072000,-0.122506,0.110008,0.257441,-2.181368,-2.213469,0.045185,-0.001047,-0.000012,-0.000767,0.000052,-0.005858,0.000002
8552.080000,-0.122513,0.110002,0.257448,-2.181319,-2.213553,0.045225,-0.001763,-0.000062,0.005204,-0.000275,0.016037,0.000123
8552.088000,-0.122535,0.109994,0.257481,-2.181169,-2.213508,0.045463,-0.001880,-0.000043,0.003635,-0.000322,0.020797,0.000041
8552.096000,-0.122540,0.109999,0.257487,-2.181202,-2.213380,0.045516,-0.002708,-0.000042,0.001197,-0.000159,0.007223,0.000016
8552.104000,-0.122533,0.110004,0.257460,-2.181299,-2.213452,0.045331,-0.000667,-0.000014,0.000294,0.000004,-0.001841,0.000021
8552.112000,-0.122549,0.109997,0.257477,-2.181202,-2.213487,0.045449,-0.002169,-0.000026,-0.000863,0.000025,-0.005748,0.000000
8552.120000,-0.122565,0.109998,0.257509,-2.181095,-2.213378,0.045582,-0.002209,-0.000051,0.003653,-0.000285,0.017053,0.000060
8552.128000,-0.122582,0.109997,0.257540,-2.180994,-2.213381,0.045661,-0.000823,-0.000024,0.002379,-0.000183,0.012031,0.000033
8552.136000,-0.122582,0.109993,0.257523,-2.181091,-2.213429,0.045609,-0.001663,-0.000029,0.000297,-0.000004,-0.003073,0.000030
8552.144000,-0.122585,0.110003,0.257511,-2.181180,-2.213306,0.045569,-0.000898,-0.000021,0.002429,-0.000235,0.016345,0.000015
8552.152000,-0.122604,0.109998,0.257544,-2.181022,-2.213304,0.045792,-0.003310,-0.000046,-0.000265,-0.000030,-0.003759,0.000016
8552.160000,-0.122609,0.110003,0.257566,-2.181076,-2.213202,0.045870,-0.001661,-0.000052,0.004362,-0.000265,0.016052,0.000091
8552.168000,-0.122629,0.109999,0.257591,-2.180959,-2.213162,0.045964,-0.002170,-0.000036,0.000157,0.000011,-0.005269,0.000036
8552.176000,-0.122642,0.110003,0.257577,-2.181009,-2.213186,0.045859,-0.002373,-0.000040,0.001934,-0.000226,0.012994,0.000016
8552.184000,-0.122642,0.109999,0.257609,-2.180932,-2.213163,0.046068,-0.001040,-0.000024,0.001688,-0.000132,0.007875,0.000028
8552.192000,-0.122667,0.109994,0.257612,-2.180886,-2.213222,0.046056,-0.002469,-0.000046,0.000810,-0.000013,-0.004248,0.000057
8552.200000,-0.122681,0.110000,0.257617,-2.180923,-2.213101,0.046147,-0.002300,-0.000052,0.004149,-0.000352,0.022273,0.000054
8552.208000,-0.122694,0.109998,0.257649,-2.180864,-2.213041,0.046201,-0.003199,-0.000048,-0.000611,0.000061,-0.010959,0.000037
8552.216000,-0.122706,0.109998,0.257662,-2.180785,-2.213094,0.046227,-0.001866,-0.000060,0.004831,-0.000266,0.015308,0.000112
8552.224000,-0.122734,0.109993,0.257688,-2.180686,-2.213047,0.046412,-0.003422,-0.000056,0.002681,-0.000327,0.018889,0.000018
8552.232000,-0.122746,0.109997,0.257707,-2.180718,-2.212920,0.046491,-0.002909,-0.000071,0.005192,-0.000381,0.022652,0.000093
8552.240000,-0.122755,0.109996,0.257711,-2.180734,-2.212965,0.046452,-0.001060,-0.000030,0.001771,-0.000070,0.002578,0.000057
8552.248000,-0.122774,0.109990,0.257716,-2.180740,-2.212946,0.046572,-0.003261,-0.000043,0.000360,-0.000143,0.005411,-0.000005
8552.256000,-0.122780,0.109997,0.257742,-2.180699,-2.212878,0.046610,-0.001840,-0.000052,0.003937,-0.000242,0.014019,0.000085
8552.264000,-0.122814,0.109990,0.257768,-2.180609,-2.212895,0.046717,-0.002163,-0.000038,0.000218,0.000027,-0.006664,0.000045
8552.272000,-0.122829,0.110000,0.257775,-2.180656,-2.212754,0.046742,-0.002817,-0.000070,0.005630,-0.000429,0.026697,0.000090
8552.280000,-0.122848,0.109991,0.257801,-2.180529,-2.212866,0.046808,-0.002319,-0.000042,0.001423,-0.000119,0.004433,0.000037
8552.288000,-0.122865,0.109992,0.257828,-2.180487,-2.212824,0.046874,-0.001684,-0.000061,0.005120,-0.000262,0.015074,0.000124
8552.296000,-0.122892,0.109993,0.257854,-2.180424,-2.212681,0.047098,-0.003989,-0.000061,0.002781,-0.000383,0.022446,0.000005
8552.304000,-0.122902,0.109992,0.257871,-2.180423,-2.212682,0.047124,-0.002097,-0.000063,0.005128,-0.000323,0.019459,0.000104
8552.312000,-0.122924,0.109995,0.257873,-2.180545,-2.212622,0.047112,-0.002052,-0.000023,-0.001511,0.000097,-0.011131,0.000001
8552.320000,-0.122944,0.109991,0.257906,-2.180391,-2.212571,0.047284,-0.003088,-0.000096,0.008586,-0.000574,0.036125,0.000156
8552.328000,-0.122965,0.109998,0.257922,-2.180372,-2.212577,0.047217,-0.002125,-0.000024,-0.001517,0.000095,-0.011063,0.000001
8552.336000,-0.122984,0.109994,0.257956,-2.180311,-2.212492,0.047428,-0.002215,-0.000051,0.003979,-0.000329,0.020567,0.000055
8552.344000,-0.123006,0.109994,0.257973,-2.180313,-2.212442,0.047507,-0.004019,-0.000064,0.000697,-0.000078,-0.001756,0.000044
8552.352000,-0.123025,0.109985,0.257974,-2.180272,-2.212507,0.047562,-0.002702,-0.000078,0.006685,-0.000458,0.028475,0.000120
8552.360000,-0.123042,0.109995,0.258012,-2.180198,-2.212351,0.047653,-0.002647,-0.000030,-0.002126,0.000147,-0.016058,0.000004
8552.368000,-0.123071,0.109991,0.258029,-2.180124,-2.212411,0.047744,-0.003544,-0.000080,0.006270,-0.000541,0.034155,0.000079
8552.376000,-0.123088,0.109988,0.258059,-2.180115,-2.212350,0.047825,-0.002968,-0.000040,-0.001266,0.000095,-0.012890,0.000021
8552.384000,-0.123110,0.109994,0.258075,-2.180157,-2.212260,0.047851,-0.002578,-0.000056,0.003596,-0.000289,0.016794,0.000060
8552.392000,-0.123143,0.109988,0.258106,-2.180070,-2.212201,0.048089,-0.003638,-0.000048,-0.000091,-0.000097,0.001130,-0.000001
8552.400000,-0.123159,0.109984,0.258127,-2.180024,-2.212235,0.048102,-0.002361,-0.000064,0.004801,-0.000308,0.017863,0.000100
8552.408000,-0.123179,0.109986,0.258137,-2.179956,-2.212217,0.048142,-0.004081,-0.000062,0.001428,-0.000214,0.008957,0.000020
8552.416000,-0.123201,0.109996,0.258175,-2.179906,-2.212086,0.048258,-0.002844,-0.000075,0.005665,-0.000379,0.022369,0.000112
8552.424000,-0.123234,0.109983,0.258208,-2.179795,-2.212136,0.048405,-0.004545,-0.000104,0.005705,-0.000357,0.017057,0.000143
8552.432000,-0.123257,0.109987,0.258215,-2.179812,-2.212047,0.048484,-0.003062,-0.000061,0.003370,-0.000291,0.016123,0.000056
8552.440000,-0.123280,0.109984,0.258240,-2.179808,-2.211992,0.048551,-0.004680,-0.000130,0.008598,-0.000462,0.023590,0.000220
8552.448000,-0.123305,0.109983,0.258266,-2.179752,-2.211963,0.048670,-0.002924,-0.000052,0.002451,-0.000248,0.013386,0.000034
8552.456000,-0.123336,0.109983,0.258294,-2.179667,-2.211903,0.048801,-0.005338,-0.000120,0.007053,-0.000498,0.026451,0.000150
8552.464000,-0.123358,0.109980,0.258315,-2.179679,-2.211891,0.048854,-0.002113,-0.000040,0.001205,-0.000073,0.001173,0.000044
8552.472000,-0.123381,0.109988,0.258351,-2.179631,-2.211734,0.048972,-0.005485,-0.000107,0.005265,-0.000446,0.023068,0.000099
8552.480000,-0.123414,0.109987,0.258386,-2.179562,-2.211668,0.049169,-0.003394,-0.000102,0.008220,-0.000497,0.029438,0.000175
8552.488000,-0.123440,0.109982,0.258419,-2.179464,-2.211729,0.049235,-0.004177,-0.000084,0.002649,-0.000121,0.000171,0.000108
8552.496000,-0.123477,0.109979,0.258460,-2.179395,-2.211581,0.049474,-0.006008,-0.000152,0.012191,-0.000919,0.056773,0.000198
8552.504000,-0.123500,0.109977,0.258501,-2.179303,-2.211515,0.049671,-0.003787,-0.000063,0.000612,-0.000034,-0.004953,0.000056
8552.512000,-0.123538,0.109979,0.258533,-2.179266,-2.211505,0.049646,-0.004714,-0.000122,0.009773,-0.000714,0.043813,0.000166
8552.520000,-0.123566,0.109981,0.258576,-2.179145,-2.211356,0.049959,-0.003771,-0.000044,-0.001149,-0.000024,-0.004574,-0.000013
8552.528000,-0.123593,0.109976,0.258591,-2.179125,-2.211390,0.049949,-0.002892,-0.000075,0.004868,-0.000284,0.014733,0.000118
8552.536000,-0.123620,0.109976,0.258607,-2.179074,-2.211392,0.050026,-0.005828,-0.000124,0.007992,-0.000664,0.038727,0.000126
8552.544000,-0.123647,0.109980,0.258657,-2.179025,-2.211211,0.050224,-0.003841,-0.000077,0.002999,-0.000193,0.006627,0.000089
8552.552000,-0.123670,0.109977,0.258671,-2.179003,-2.211244,0.050290,-0.005150,-0.000144,0.011452,-0.000752,0.045011,0.000225
8552.560000,-0.123713,0.109975,0.258684,-2.178968,-2.211208,0.050318,-0.004087,-0.000065,0.001372,-0.000166,0.004988,0.000037
8552.568000,-0.123742,0.109975,0.258737,-2.178866,-2.211105,0.050489,-0.004084,-0.000101,0.006628,-0.000437,0.024003,0.000142
8552.576000,-0.123775,0.109978,0.258761,-2.178861,-2.211049,0.050581,-0.003896,-0.000063,0.001877,-0.000224,0.009887,0.000031
8552.584000,-0.123816,0.109971,0.258816,-2.178693,-2.210986,0.050857,-0.004257,-0.000082,0.002968,-0.000208,0.007068,0.000087
8552.592000,-0.123841,0.109970,0.258854,-2.178657,-2.210899,0.051042,-0.005362,-0.000147,0.011616,-0.000783,0.047005,0.000221
8552.600000,-0.123885,0.109973,0.258903,-2.178488,-2.210778,0.051251,-0.004825,-0.000078,0.001873,-0.000222,0.007835,0.000043
8552.608000,-0.123915,0.109974,0.258947,-2.178446,-2.210685,0.051422,-0.005181,-0.000150,0.011856,-0.000740,0.043640,0.000246
8552.616000,-0.123953,0.109975,0.258995,-2.178400,-2.210561,0.051658,-0.004781,-0.000102,0.005804,-0.000444,0.023887,0.000113
8552.624000,-0.123992,0.109967,0.259031,-2.178249,-2.210567,0.051818,-0.004705,-0.000088,0.003444,-0.000288,0.012470,0.000080
8552.632000,-0.124022,0.109973,0.259063,-2.178233,-2.210499,0.051830,-0.005616,-0.000159,0.012226,-0.000769,0.044924,0.000255
8552.640000,-0.124075,0.109966,0.259114,-2.178136,-2.210403,0.052096,-0.004575,-0.000074,0.001970,-0.000238,0.009614,0.000038
8552.648000,-0.124100,0.109970,0.259149,-2.178046,-2.210311,0.052213,-0.004952,-0.000133,0.009124,-0.000548,0.029850,0.000210
8552.656000,-0.124139,0.109964,0.259175,-2.177923,-2.210347,0.052331,-0.004387,-0.000069,0.002543,-0.000342,0.018213,0.000017
8552.664000,-0.124170,0.109965,0.259219,-2.177885,-2.210203,0.052555,-0.005192,-0.000120,0.006711,-0.000421,0.020422,0.000165
8552.672000,-0.124210,0.109967,0.259243,-2.177918,-2.210160,0.052595,-0.005806,-0.000170,0.013370,-0.000822,0.048222,0.000282
8552.680000,-0.124258,0.109963,0.259290,-2.177790,-2.210058,0.052820,-0.004597,-0.000079,0.002587,-0.000260,0.010994,0.000054
8552.688000,-0.124286,0.109963,0.259346,-2.177641,-2.209986,0.053029,-0.005561,-0.000149,0.010308,-0.000627,0.034331,0.000234
8552.696000,-0.124335,0.109960,0.259391,-2.177640,-2.209856,0.053228,-0.004583,-0.000077,0.002967,-0.000337,0.017192,0.000038
8552.704000,-0.124366,0.109969,0.259443,-2.177597,-2.209681,0.053435,-0.004772,-0.000096,0.004038,-0.000278,0.011157,0.000109
8552.712000,-0.124409,0.109957,0.259483,-2.177429,-2.209751,0.053570,-0.005813,-0.000140,0.009755,-0.000713,0.041416,0.000179
8552.720000,-0.124448,0.109963,0.259529,-2.177461,-2.209548,0.053805,-0.004610,-0.000083,0.002792,-0.000238,0.008952,0.000072
8552.728000,-0.124484,0.109963,0.259557,-2.177309,-2.209578,0.053857,-0.006398,-0.000171,0.012479,-0.000805,0.046213,0.000259
8552.736000,-0.124523,0.109957,0.259606,-2.177232,-2.209450,0.054135,-0.004202,-0.000070,0.002041,-0.000216,0.008430,0.000045
8552.744000,-0.124556,0.109964,0.259623,-2.177195,-2.209437,0.054107,-0.006043,-0.000140,0.008014,-0.000513,0.025531,0.000191
8552.752000,-0.124596,0.109962,0.259682,-2.177111,-2.209328,0.054344,-0.004087,-0.000068,0.002447,-0.000279,0.013693,0.000035
8552.760000,-0.124640,0.109962,0.259715,-2.177064,-2.209254,0.054450,-0.005396,-0.000100,0.003830,-0.000323,0.013846,0.000089
8552.768000,-0.124677,0.109959,0.259770,-2.176967,-2.209133,0.054714,-0.006428,-0.000169,0.012890,-0.000892,0.053072,0.000241
8552.776000,-0.124727,0.109953,0.259827,-2.176863,-2.209030,0.054992,-0.005003,-0.000084,0.002234,-0.000228,0.007672,0.000058
8552.784000,-0.124768,0.109949,0.259876,-2.176723,-2.209022,0.055174,-0.006076,-0.000144,0.008742,-0.000572,0.029768,0.000198
8552.792000,-0.124818,0.109953,0.259927,-2.176661,-2.208880,0.055320,-0.006697,-0.000173,0.012525,-0.000842,0.048538,0.000250
8552.800000,-0.124848,0.109954,0.259961,-2.176581,-2.208801,0.055514,-0.005231,-0.000098,0.003605,-0.000289,0.011406,0.000092
8552.808000,-0.124891,0.109954,0.260011,-2.176507,-2.208728,0.055698,-0.006591,-0.000174,0.013200,-0.000890,0.052430,0.000255
8552.816000,-0.124941,0.109948,0.260052,-2.176396,-2.208695,0.055832,-0.004300,-0.000070,0.001443,-0.000162,0.004145,0.000044
8552.824000,-0.124979,0.109954,0.260103,-2.176327,-2.208520,0.056067,-0.006232,-0.000132,0.007112,-0.000532,0.027372,0.000148
8552.832000,-0.125024,0.109951,0.260151,-2.176199,-2.208417,0.056317,-0.006131,-0.000144,0.009740,-0.000708,0.040433,0.000183
8552.840000,-0.125070,0.109946,0.260193,-2.176117,-2.208390,0.056462,-0.004893,-0.000084,0.002037,-0.000187,0.004614,0.000065
8552.848000,-0.125112,0.109953,0.260221,-2.176123,-2.208238,0.056619,-0.006833,-0.000177,0.012721,-0.000834,0.047675,0.000261
8552.856000,-0.125160,0.109945,0.260292,-2.175957,-2.208151,0.056896,-0.005242,-0.000115,0.006101,-0.000410,0.019717,0.000145
8552.864000,-0.125214,0.109949,0.260354,-2.175816,-2.208035,0.057092,-0.006360,-0.000129,0.006519,-0.000512,0.025766,0.000134
8552.872000,-0.125262,0.109941,0.260410,-2.175695,-2.207995,0.057369,-0.006682,-0.000171,0.011749,-0.000759,0.042105,0.000251
8552.880000,-0.125311,0.109951,0.260479,-2.175638,-2.207726,0.057643,-0.005357,-0.000096,0.003640,-0.000337,0.015183,0.000075
8552.888000,-0.125362,0.109946,0.260543,-2.175476,-2.207618,0.057985,-0.006307,-0.000134,0.007249,-0.000532,0.027069,0.000154
8552.896000,-0.125405,0.109943,0.260590,-2.175373,-2.207540,0.058156,-0.005817,-0.000126,0.007139,-0.000531,0.027980,0.000145
8552.904000,-0.125447,0.109941,0.260633,-2.175289,-2.207511,0.058377,-0.005746,-0.000109,0.004353,-0.000349,0.014900,0.000104
8552.912000,-0.125511,0.109942,0.260693,-2.175147,-2.207340,0.058589,-0.007403,-0.000181,0.011893,-0.000794,0.043519,0.000251
8552.920000,-0.125562,0.109935,0.260745,-2.175096,-2.207319,0.058749,-0.005677,-0.000118,0.005841,-0.000421,0.019894,0.000135
8552.928000,-0.125609,0.109942,0.260829,-2.174951,-2.207121,0.059086,-0.006798,-0.000152,0.008878,-0.000620,0.032399,0.000191
8552.936000,-0.125667,0.109937,0.260887,-2.174817,-2.207013,0.059350,-0.007183,-0.000170,0.011001,-0.000765,0.042163,0.000223
8552.944000,-0.125721,0.109930,0.260945,-2.174669,-2.206918,0.059615,-0.005580,-0.000106,0.004454,-0.000374,0.017129,0.000096
8552.952000,-0.125761,0.109937,0.261005,-2.174599,-2.206768,0.059822,-0.006900,-0.000150,0.008333,-0.000597,0.030530,0.000179
8552.960000,-0.125811,0.109929,0.261058,-2.174410,-2.206736,0.060085,-0.005658,-0.000109,0.004875,-0.000400,0.018816,0.000104
8552.968000,-0.125855,0.109934,0.261118,-2.174372,-2.206568,0.060307,-0.005964,-0.000111,0.004532,-0.000382,0.017047,0.000100
8552.976000,-0.125912,0.109928,0.261169,-2.174221,-2.206523,0.060543,-0.007549,-0.000184,0.011887,-0.000785,0.042388,0.000256
8552.984000,-0.125968,0.109927,0.261227,-2.174164,-2.206388,0.060729,-0.005229,-0.000095,0.003279,-0.000272,0.010169,0.000085
8552.992000,-0.126029,0.109925,0.261281,-2.174052,-2.206329,0.060914,-0.007290,-0.000158,0.008787,-0.000634,0.032428,0.000188
8553.000000,-0.126075,0.109922,0.261346,-2.173925,-2.206202,0.061164,-0.006592,-0.000148,0.008700,-0.000617,0.032318,0.000183
8553.008000,-0.126120,0.109928,0.261411,-2.173821,-2.206045,0.061461,-0.005974,-0.000105,0.003582,-0.000333,0.013558,0.000082
8553.016000,-0.126167,0.109929,0.261468,-2.173764,-2.205884,0.061723,-0.007102,-0.000167,0.010340,-0.000689,0.036430,0.000226
8553.024000,-0.126234,0.109920,0.261540,-2.173514,-2.205842,0.061988,-0.006320,-0.000116,0.004834,-0.000439,0.020795,0.000094
8553.032000,-0.126293,0.109918,0.261576,-2.173461,-2.205845,0.062092,-0.006825,-0.000138,0.006084,-0.000436,0.018695,0.000152
8553.040000,-0.126342,0.109913,0.261643,-2.173383,-2.205692,0.062396,-0.007642,-0.000183,0.012192,-0.000852,0.047406,0.000242
8553.048000,-0.126397,0.109914,0.261703,-2.173304,-2.205506,0.062633,-0.006610,-0.000124,0.004877,-0.000404,0.017200,0.000114
8553.056000,-0.126445,0.109922,0.261772,-2.173157,-2.205357,0.062918,-0.007766,-0.000173,0.010083,-0.000721,0.037853,0.000210
8553.064000,-0.126517,0.109913,0.261838,-2.172976,-2.205307,0.063169,-0.007825,-0.000175,0.010417,-0.000760,0.040538,0.000210
8553.072000,-0.126567,0.109918,0.261902,-2.172888,-2.205114,0.063468,-0.007075,-0.000135,0.006135,-0.000519,0.025099,0.000123
8553.080000,-0.126628,0.109910,0.261957,-2.172693,-2.205076,0.063718,-0.007592,-0.000157,0.008109,-0.000619,0.030932,0.000170
8553.088000,-0.126681,0.109914,0.262006,-2.172617,-2.204946,0.063887,-0.007103,-0.000144,0.006815,-0.000511,0.023877,0.000155
8553.096000,-0.126742,0.109910,0.262074,-2.172509,-2.204813,0.064127,-0.006921,-0.000141,0.006816,-0.000518,0.024706,0.000150
8553.104000,-0.126790,0.109916,0.262119,-2.172460,-2.204738,0.064255,-0.007499,-0.000171,0.009807,-0.000653,0.032811,0.000224
8553.112000,-0.126849,0.109911,0.262186,-2.172405,-2.204609,0.064558,-0.007229,-0.000156,0.008564,-0.000618,0.031311,0.000184
8553.120000,-0.126908,0.109906,0.262263,-2.172174,-2.204508,0.064936,-0.007583,-0.000161,0.008521,-0.000625,0.031201,0.000183
8553.128000,-0.126969,0.109905,0.262343,-2.172028,-2.204362,0.065225,-0.007227,-0.000151,0.007675,-0.000561,0.027127,0.000171
8553.136000,-0.127027,0.109906,0.262410,-2.171976,-2.204207,0.065473,-0.007736,-0.000165,0.008939,-0.000659,0.033473,0.000188
8553.144000,-0.127078,0.109909,0.262466,-2.171855,-2.204059,0.065733,-0.007199,-0.000149,0.007517,-0.000551,0.026580,0.000168
8553.152000,-0.127147,0.109902,0.262512,-2.171762,-2.204020,0.065881,-0.007759,-0.000166,0.009013,-0.000659,0.033228,0.000192
8553.160000,-0.127211,0.109904,0.262602,-2.171611,-2.203816,0.066233,-0.007704,-0.000160,0.008338,-0.000630,0.031517,0.000175
8553.168000,-0.127277,0.109899,0.262680,-2.171384,-2.203691,0.066561,-0.008160,-0.000182,0.010486,-0.000744,0.038414,0.000223
8553.176000,-0.127334,0.109898,0.262742,-2.171310,-2.203568,0.066849,-0.007716,-0.000168,0.009060,-0.000633,0.031095,0.000204
8553.184000,-0.127397,0.109904,0.262837,-2.171166,-2.203344,0.067187,-0.007600,-0.000149,0.007275,-0.000596,0.029657,0.000144
8553.192000,-0.127457,0.109904,0.262896,-2.171083,-2.203208,0.067422,-0.008146,-0.000176,0.009892,-0.000728,0.037748,0.000203
8553.200000,-0.127529,0.109894,0.262978,-2.170878,-2.203083,0.067805,-0.008439,-0.000180,0.010015,-0.000755,0.039171,0.000201
8553.208000,-0.127588,0.109897,0.263034,-2.170774,-2.202979,0.068000,-0.007551,-0.000153,0.007378,-0.000558,0.026427,0.000163
8553.216000,-0.127646,0.109892,0.263100,-2.170599,-2.202909,0.068287,-0.008203,-0.000177,0.009800,-0.000716,0.036473,0.000206
8553.224000,-0.127722,0.109891,0.263157,-2.170516,-2.202774,0.068498,-0.008227,-0.000170,0.008857,-0.000682,0.034268,0.000181
8553.232000,-0.127781,0.109893,0.263239,-2.170337,-2.202620,0.068848,-0.007701,-0.000152,0.007078,-0.000558,0.026292,0.000153
8553.240000,-0.127840,0.109886,0.263296,-2.170179,-2.202569,0.069098,-0.008348,-0.000176,0.009277,-0.000693,0.034589,0.000196
8553.248000,-0.127908,0.109886,0.263390,-2.170005,-2.202340,0.069529,-0.008141,-0.000176,0.009539,-0.000681,0.033851,0.000209
8553.256000,-0.127972,0.109884,0.263463,-2.169915,-2.202174,0.069831,-0.008403,-0.000173,0.009019,-0.000695,0.034906,0.000185
8553.264000,-0.128042,0.109881,0.263530,-2.169762,-2.202046,0.070107,-0.008374,-0.000177,0.009386,-0.000703,0.035212,0.000197
8553.272000,-0.128119,0.109880,0.263603,-2.169583,-2.201944,0.070380,-0.008724,-0.000182,0.009657,-0.000737,0.037149,0.000198
8553.280000,-0.128182,0.109881,0.263674,-2.169499,-2.201783,0.070667,-0.008471,-0.000177,0.009187,-0.000683,0.033563,0.000197
8553.288000,-0.128249,0.109879,0.263750,-2.169332,-2.201642,0.070993,-0.008489,-0.000169,0.008318,-0.000677,0.033659,0.000164
8553.296000,-0.128310,0.109877,0.263826,-2.169219,-2.201426,0.071374,-0.008452,-0.000173,0.008753,-0.000677,0.033405,0.000182
8553.304000,-0.128383,0.109877,0.263890,-2.169076,-2.201361,0.071568,-0.008331,-0.000173,0.008730,-0.000652,0.031555,0.000190
8553.312000,-0.128442,0.109880,0.263944,-2.169036,-2.201217,0.071764,-0.008451,-0.000176,0.009005,-0.000668,0.032547,0.000195
8553.320000,-0.128516,0.109877,0.264044,-2.168834,-2.201016,0.072195,-0.008963,-0.000195,0.010817,-0.000779,0.039478,0.000230
8553.328000,-0.128583,0.109876,0.264132,-2.168645,-2.200825,0.072573,-0.009009,-0.000190,0.010135,-0.000756,0.037930,0.000212
8553.336000,-0.128659,0.109875,0.264198,-2.168546,-2.200727,0.072809,-0.008480,-0.000176,0.009106,-0.000685,0.033817,0.000193
8553.344000,-0.128724,0.109869,0.264264,-2.168346,-2.200657,0.073096,-0.008683,-0.000181,0.009438,-0.000713,0.035389,0.000198
8553.352000,-0.128788,0.109875,0.264333,-2.168272,-2.200451,0.073343,-0.008742,-0.000184,0.009887,-0.000742,0.037489,0.000204
8553.360000,-0.128861,0.109870,0.264426,-2.168077,-2.200312,0.073773,-0.008873,-0.000192,0.010814,-0.000791,0.040590,0.000224
8553.368000,-0.128949,0.109857,0.264513,-2.167866,-2.200207,0.074143,-0.009174,-0.000197,0.010703,-0.000792,0.039909,0.000223
8553.376000,-0.129014,0.109867,0.264606,-2.167716,-2.199975,0.074465,-0.009186,-0.000196,0.010529,-0.000765,0.038011,0.000226
8553.384000,-0.129083,0.109866,0.264685,-2.167577,-2.199784,0.074818,-0.009073,-0.000190,0.010148,-0.000762,0.038174,0.000211
8553.392000,-0.129154,0.109862,0.264761,-2.167440,-2.199649,0.075158,-0.008723,-0.000176,0.008502,-0.000652,0.030917,0.000185
8553.400000,-0.129227,0.109860,0.264814,-2.167284,-2.199623,0.075301,-0.008868,-0.000184,0.009286,-0.000691,0.033223,0.000203
8553.408000,-0.129296,0.109863,0.264906,-2.167222,-2.199354,0.075706,-0.009113,-0.000199,0.011092,-0.000785,0.039401,0.000240
8553.416000,-0.129370,0.109857,0.264989,-2.167031,-2.199240,0.075982,-0.009329,-0.000199,0.010710,-0.000790,0.039511,0.000226
8553.424000,-0.129452,0.109854,0.265076,-2.166904,-2.199036,0.076362,-0.009272,-0.000194,0.010189,-0.000763,0.037704,0.000215
8553.432000,-0.129522,0.109857,0.265164,-2.166680,-2.198890,0.076722,-0.009150,-0.000189,0.009806,-0.000746,0.036890,0.000204
8553.440000,-0.129597,0.109856,0.265233,-2.166546,-2.198754,0.076984,-0.009027,-0.000186,0.009409,-0.000710,0.034435,0.000201
8553.448000,-0.129668,0.109860,0.265318,-2.166441,-2.198517,0.077322,-0.009515,-0.000200,0.010721,-0.000805,0.040551,0.000221
8553.456000,-0.129754,0.109846,0.265399,-2.166225,-2.198462,0.077691,-0.009337,-0.000197,0.010476,-0.000788,0.039382,0.000217
8553.464000,-0.129819,0.109849,0.265484,-2.166097,-2.198256,0.078067,-0.009345,-0.000197,0.010381,-0.000767,0.037810,0.000221
8553.472000,-0.129897,0.109847,0.265571,-2.165836,-2.198149,0.078378,-0.009398,-0.000193,0.009793,-0.000748,0.036472,0.000206
8553.480000,-0.129961,0.109846,0.265646,-2.165745,-2.197982,0.078703,-0.009011,-0.000180,0.008349,-0.000637,0.029081,0.000188
8553.488000,-0.130044,0.109838,0.265717,-2.165589,-2.197880,0.079030,-0.009613,-0.000190,0.009043,-0.000734,0.035332,0.000184
8553.496000,-0.130112,0.109843,0.265775,-2.165505,-2.197743,0.079237,-0.009703,-0.000205,0.010620,-0.000771,0.037186,0.000234
8553.504000,-0.130191,0.109848,0.265855,-2.165404,-2.197537,0.079511,-0.010068,-0.000212,0.011405,-0.000850,0.042579,0.000237
8553.512000,-0.130278,0.109838,0.265966,-2.165152,-2.197363,0.079969,-0.009871,-0.000209,0.011004,-0.000809,0.039626,0.000236
8553.520000,-0.130357,0.109834,0.266059,-2.164919,-2.197235,0.080371,-0.009855,-0.000204,0.010318,-0.000778,0.037527,0.000221
8553.528000,-0.130440,0.109831,0.266120,-2.164821,-2.197139,0.080582,-0.009754,-0.000203,0.010262,-0.000762,0.036448,0.000224
8553.536000,-0.130508,0.109839,0.266201,-2.164741,-2.196900,0.080866,-0.009924,-0.000207,0.010850,-0.000817,0.040379,0.000226
8553.544000,-0.130598,0.109836,0.266295,-2.164530,-2.196741,0.081280,-0.010254,-0.000216,0.011824,-0.000901,0.045967,0.000235
8553.552000,-0.130682,0.109826,0.266390,-2.164285,-2.196628,0.081687,-0.010416,-0.000219,0.011785,-0.000897,0.045124,0.000238
8553.560000,-0.130767,0.109827,0.266483,-2.164140,-2.196405,0.082076,-0.009870,-0.000204,0.010623,-0.000817,0.040522,0.000217
8553.568000,-0.130838,0.109830,0.266579,-2.163980,-2.196193,0.082465,-0.010215,-0.000207,0.010436,-0.000811,0.039516,0.000215
8553.576000,-0.130913,0.109833,0.266654,-2.163861,-2.195994,0.082749,-0.010348,-0.000215,0.011389,-0.000862,0.042948,0.000234
8553.584000,-0.131004,0.109821,0.266765,-2.163521,-2.195889,0.083245,-0.010614,-0.000224,0.012036,-0.000906,0.045301,0.000247
8553.592000,-0.131095,0.109821,0.266843,-2.163391,-2.195761,0.083518,-0.010476,-0.000216,0.010936,-0.000827,0.039861,0.000233
8553.600000,-0.131173,0.109824,0.266942,-2.163310,-2.195472,0.083960,-0.010420,-0.000212,0.010468,-0.000800,0.038231,0.000223
8553.608000,-0.131263,0.109813,0.267049,-2.163029,-2.195348,0.084366,-0.010428,-0.000216,0.011003,-0.000827,0.039765,0.000236
8553.616000,-0.131341,0.109813,0.267115,-2.162895,-2.195213,0.084626,-0.010417,-0.000216,0.010919,-0.000815,0.038878,0.000237
8553.624000,-0.131424,0.109811,0.267221,-2.162669,-2.195040,0.085092,-0.010648,-0.000222,0.011465,-0.000860,0.041759,0.000243
8553.632000,-0.131507,0.109815,0.267301,-2.162651,-2.194789,0.085379,-0.010715,-0.000226,0.011842,-0.000871,0.042396,0.000254
8553.640000,-0.131597,0.109807,0.267402,-2.162371,-2.194690,0.085730,-0.010230,-0.000206,0.009867,-0.000770,0.036247,0.000210
8553.648000,-0.131681,0.109806,0.267488,-2.162202,-2.194548,0.086081,-0.010671,-0.000214,0.010405,-0.000828,0.039789,0.000213
8553.656000,-0.131759,0.109810,0.267566,-2.162071,-2.194310,0.086442,-0.010691,-0.000221,0.011585,-0.000886,0.043758,0.000237
8553.664000,-0.131845,0.109808,0.267651,-2.161934,-2.194150,0.086806,-0.010706,-0.000216,0.010551,-0.000813,0.038485,0.000225
8553.672000,-0.131942,0.109803,0.267750,-2.161714,-2.193979,0.087147,-0.010845,-0.000226,0.011463,-0.000847,0.040196,0.000251
8553.680000,-0.132024,0.109804,0.267848,-2.161552,-2.193768,0.087586,-0.011077,-0.000227,0.011741,-0.000909,0.044774,0.000238
8553.688000,-0.132109,0.109803,0.267930,-2.161393,-2.193608,0.087898,-0.010952,-0.000227,0.011547,-0.000866,0.041581,0.000247
8553.696000,-0.132187,0.109803,0.268005,-2.161286,-2.193478,0.088195,-0.010611,-0.000215,0.010516,-0.000809,0.038317,0.000224
8553.704000,-0.132287,0.109793,0.268099,-2.161019,-2.193365,0.088549,-0.011036,-0.000227,0.011885,-0.000927,0.045986,0.000237
8553.712000,-0.132376,0.109792,0.268214,-2.160817,-2.193137,0.088977,-0.011080,-0.000230,0.011893,-0.000904,0.043968,0.000248
8553.720000,-0.132458,0.109795,0.268315,-2.160655,-2.192924,0.089415,-0.010647,-0.000224,0.011668,-0.000859,0.041481,0.000251
8553.728000,-0.132553,0.109790,0.268400,-2.160511,-2.192753,0.089705,-0.011427,-0.000249,0.014114,-0.001027,0.051896,0.000291
8553.736000,-0.132637,0.109786,0.268492,-2.160324,-2.192593,0.090095,-0.010876,-0.000227,0.011728,-0.000886,0.043010,0.000245
8553.744000,-0.132726,0.109787,0.268595,-2.160119,-2.192414,0.090469,-0.011197,-0.000228,0.011342,-0.000880,0.042142,0.000236
8553.752000,-0.132812,0.109789,0.268708,-2.159992,-2.192107,0.090974,-0.011273,-0.000238,0.012781,-0.000957,0.047505,0.000263
8553.760000,-0.132915,0.109780,0.268799,-2.159685,-2.192032,0.091350,-0.011309,-0.000230,0.011599,-0.000905,0.043748,0.000237
8553.768000,-0.133004,0.109780,0.268885,-2.159544,-2.191840,0.091700,-0.011411,-0.000239,0.012603,-0.000947,0.046331,0.000262
8553.776000,-0.133090,0.109786,0.268981,-2.159443,-2.191582,0.092074,-0.011280,-0.000237,0.012814,-0.000965,0.048095,0.000260
8553.784000,-0.133176,0.109779,0.269076,-2.159219,-2.191467,0.092526,-0.011516,-0.000239,0.012551,-0.000953,0.046772,0.000258
8553.792000,-0.133285,0.109778,0.269176,-2.158970,-2.191289,0.092826,-0.011543,-0.000239,0.012458,-0.000952,0.046532,0.000255
8553.800000,-0.133366,0.109781,0.269284,-2.158805,-2.190995,0.093328,-0.011380,-0.000225,0.010996,-0.000896,0.043455,0.000216
8553.808000,-0.133464,0.109772,0.269381,-2.158602,-2.190848,0.093796,-0.011460,-0.000228,0.011288,-0.000912,0.044294,0.000222
8553.816000,-0.133555,0.109771,0.269465,-2.158370,-2.190714,0.094055,-0.011961,-0.000247,0.013119,-0.001024,0.051052,0.000257
8553.824000,-0.133644,0.109770,0.269566,-2.158259,-2.190452,0.094523,-0.011923,-0.000245,0.012837,-0.001000,0.049485,0.000255
8553.832000,-0.133738,0.109765,0.269664,-2.158023,-2.190318,0.094887,-0.011779,-0.000248,0.013527,-0.001030,0.051589,0.000269
8553.840000,-0.133839,0.109759,0.269789,-2.157779,-2.190103,0.095417,-0.012117,-0.000255,0.013681,-0.001032,0.050908,0.000279
8553.848000,-0.133938,0.109762,0.269881,-2.157590,-2.189909,0.095740,-0.012169,-0.000253,0.013021,-0.000986,0.047548,0.000272
8553.856000,-0.134022,0.109766,0.269995,-2.157424,-2.189640,0.096190,-0.012155,-0.000256,0.013695,-0.001023,0.050304,0.000283
8553.864000,-0.134133,0.109757,0.270106,-2.157171,-2.189520,0.096631,-0.012374,-0.000254,0.013151,-0.001029,0.050525,0.000261
8553.872000,-0.134230,0.109755,0.270204,-2.157006,-2.189303,0.097033,-0.012122,-0.000241,0.011894,-0.000963,0.046499,0.000234
8553.880000,-0.134321,0.109753,0.270293,-2.156833,-2.189104,0.097421,-0.011975,-0.000242,0.012164,-0.000969,0.047064,0.000241
8553.888000,-0.134419,0.109755,0.270377,-2.156691,-2.188936,0.097744,-0.012412,-0.000262,0.014251,-0.001074,0.053429,0.000287
8553.896000,-0.134522,0.109748,0.270486,-2.156506,-2.188727,0.098186,-0.012368,-0.000259,0.014086,-0.001080,0.054048,0.000278
8553.904000,-0.134617,0.109747,0.270606,-2.156244,-2.188516,0.098650,-0.012303,-0.000255,0.013424,-0.001032,0.050635,0.000270
8553.912000,-0.134710,0.109747,0.270718,-2.156094,-2.188266,0.099140,-0.012173,-0.000250,0.012818,-0.000988,0.047841,0.000262
8553.920000,-0.134810,0.109741,0.270821,-2.155802,-2.188101,0.099568,-0.011939,-0.000246,0.012709,-0.000981,0.047635,0.000258
8553.928000,-0.134904,0.109746,0.270932,-2.155618,-2.187837,0.100004,-0.012366,-0.000258,0.013438,-0.001001,0.048070,0.000284
8553.936000,-0.135007,0.109744,0.271041,-2.155430,-2.187596,0.100406,-0.012245,-0.000247,0.012412,-0.000985,0.047596,0.000247
8553.944000,-0.135110,0.109733,0.271145,-2.155150,-2.187500,0.100872,-0.012048,-0.000241,0.011457,-0.000904,0.041830,0.000241
8553.952000,-0.135202,0.109744,0.271237,-2.155012,-2.187254,0.101164,-0.012440,-0.000249,0.012539,-0.001009,0.049178,0.000244
8553.960000,-0.135303,0.109736,0.271323,-2.154913,-2.187081,0.101532,-0.012590,-0.000258,0.013318,-0.001038,0.050606,0.000266
8553.968000,-0.135411,0.109734,0.271440,-2.154630,-2.186902,0.102006,-0.012710,-0.000261,0.013546,-0.001050,0.051162,0.000272
8553.976000,-0.135506,0.109734,0.271546,-2.154484,-2.186653,0.102420,-0.013026,-0.000268,0.014156,-0.001104,0.054565,0.000277
8553.984000,-0.135619,0.109725,0.271651,-2.154185,-2.186537,0.102898,-0.012583,-0.000258,0.013234,-0.001022,0.049221,0.000270
8553.992000,-0.135708,0.109723,0.271763,-2.154013,-2.186288,0.103339,-0.012683,-0.000261,0.013402,-0.001029,0.049422,0.000275
8554.000000,-0.135818,0.109727,0.271864,-2.153850,-2.186044,0.103710,-0.012938,-0.000266,0.014008,-0.001087,0.053357,0.000277
8554.008000,-0.135923,0.109725,0.271983,-2.153596,-2.185815,0.104187,-0.012808,-0.000260,0.013292,-0.001053,0.051306,0.000261
8554.016000,-0.136017,0.109717,0.272075,-2.153347,-2.185698,0.104639,-0.013061,-0.000263,0.013262,-0.001066,0.051732,0.000258
8554.024000,-0.136125,0.109722,0.272193,-2.153197,-2.185365,0.105115,-0.013001,-0.000266,0.013711,-0.001059,0.051124,0.000278
8554.032000,-0.136230,0.109720,0.272306,-2.152942,-2.185186,0.105513,-0.012734,-0.000261,0.013464,-0.001043,0.050496,0.000271
8554.040000,-0.136337,0.109710,0.272422,-2.152662,-2.184984,0.106020,-0.012965,-0.000270,0.014380,-0.001106,0.054244,0.000286
8554.048000,-0.136442,0.109705,0.272524,-2.152484,-2.184835,0.106433,-0.012858,-0.000269,0.014317,-0.001089,0.053113,0.000289
8554.056000,-0.136540,0.109709,0.272651,-2.152310,-2.184508,0.106997,-0.013088,-0.000268,0.014122,-0.001106,0.054359,0.000276
8554.064000,-0.136649,0.109702,0.272753,-2.152025,-2.184374,0.107334,-0.013214,-0.000274,0.014559,-0.001133,0.055701,0.000285
8554.072000,-0.136754,0.109706,0.272878,-2.151822,-2.184040,0.107885,-0.013058,-0.000264,0.013306,-0.001045,0.049968,0.000268
8554.080000,-0.136864,0.109703,0.272964,-2.151593,-2.183911,0.108207,-0.013202,-0.000262,0.012821,-0.001048,0.050083,0.000249
8554.088000,-0.136972,0.109696,0.273072,-2.151389,-2.183738,0.108672,-0.013218,-0.000276,0.014560,-0.001111,0.053947,0.000294
8554.096000,-0.137068,0.109694,0.273179,-2.151223,-2.183495,0.109099,-0.013115,-0.000274,0.014469,-0.001095,0.052839,0.000296
8554.104000,-0.137175,0.109694,0.273299,-2.150996,-2.183239,0.109550,-0.012847,-0.000259,0.012680,-0.000990,0.046048,0.000264
8554.112000,-0.137286,0.109689,0.273414,-2.150750,-2.183073,0.109999,-0.012930,-0.000267,0.013664,-0.001046,0.049757,0.000281
8554.120000,-0.137387,0.109694,0.273530,-2.150551,-2.182795,0.110484,-0.013165,-0.000271,0.014173,-0.001093,0.052882,0.000284
8554.128000,-0.137493,0.109688,0.273633,-2.150343,-2.182585,0.110900,-0.013407,-0.000276,0.014291,-0.001103,0.053007,0.000288
8554.136000,-0.137600,0.109685,0.273754,-2.150089,-2.182385,0.111411,-0.013569,-0.000279,0.014513,-0.001124,0.054196,0.000291
8554.144000,-0.137713,0.109683,0.273867,-2.149860,-2.182180,0.111811,-0.013816,-0.000283,0.014256,-0.001102,0.052010,0.000293
8554.152000,-0.137826,0.109676,0.273977,-2.149650,-2.182000,0.112288,-0.013483,-0.000276,0.013948,-0.001076,0.050735,0.000287
8554.160000,-0.137931,0.109683,0.274096,-2.149455,-2.181698,0.112721,-0.013697,-0.000277,0.013838,-0.001090,0.051732,0.000278
8554.168000,-0.138031,0.109681,0.274184,-2.149313,-2.181530,0.113043,-0.013936,-0.000275,0.013334,-0.001089,0.051459,0.000261
8554.176000,-0.138150,0.109681,0.274308,-2.149083,-2.181248,0.113570,-0.013792,-0.000281,0.014217,-0.001105,0.052508,0.000288
8554.184000,-0.138255,0.109673,0.274421,-2.148824,-2.181094,0.114022,-0.013759,-0.000278,0.013902,-0.001092,0.051502,0.000281
8554.192000,-0.138366,0.109672,0.274519,-2.148699,-2.180869,0.114434,-0.013969,-0.000283,0.014354,-0.001132,0.054157,0.000284
8554.200000,-0.138480,0.109668,0.274656,-2.148383,-2.180601,0.114986,-0.013987,-0.000279,0.013833,-0.001117,0.053103,0.000270
8554.208000,-0.138597,0.109665,0.274769,-2.148121,-2.180388,0.115449,-0.013830,-0.000276,0.013697,-0.001113,0.053117,0.000265
8554.216000,-0.138706,0.109667,0.274882,-2.147959,-2.180124,0.115909,-0.014350,-0.000287,0.014337,-0.001149,0.054708,0.000281
8554.224000,-0.138816,0.109667,0.275003,-2.147710,-2.179873,0.116395,-0.014270,-0.000289,0.014775,-0.001171,0.056372,0.000288
8554.232000,-0.138935,0.109660,0.275127,-2.147408,-2.179700,0.116883,-0.014397,-0.000290,0.014581,-0.001159,0.055068,0.000288
8554.240000,-0.139050,0.109661,0.275241,-2.147210,-2.179398,0.117396,-0.014339,-0.000289,0.014705,-0.001170,0.056093,0.000287
8554.248000,-0.139165,0.109655,0.275355,-2.146958,-2.179250,0.117808,-0.014236,-0.000289,0.014375,-0.001115,0.051880,0.000297
8554.256000,-0.139277,0.109653,0.275463,-2.146790,-2.179032,0.118207,-0.014277,-0.000289,0.014330,-0.001124,0.052527,0.000291
8554.264000,-0.139397,0.109646,0.275596,-2.146459,-2.178776,0.118811,-0.014408,-0.000289,0.014342,-0.001159,0.054914,0.000279
8554.272000,-0.139514,0.109647,0.275724,-2.146225,-2.178517,0.119333,-0.014496,-0.000295,0.014980,-0.001171,0.055432,0.000300
8554.280000,-0.139629,0.109643,0.275830,-2.146040,-2.178280,0.119773,-0.014732,-0.000300,0.015205,-0.001194,0.056577,0.000303
8554.288000,-0.139745,0.109641,0.275958,-2.145793,-2.178035,0.120322,-0.014589,-0.000292,0.014316,-0.001143,0.053361,0.000286
8554.296000,-0.139873,0.109637,0.276072,-2.145521,-2.177862,0.120682,-0.014728,-0.000300,0.015375,-0.001213,0.057843,0.000302
8554.304000,-0.139975,0.109642,0.276197,-2.145348,-2.177564,0.121228,-0.014711,-0.000295,0.014482,-0.001147,0.053452,0.000292
8554.312000,-0.140095,0.109638,0.276294,-2.145201,-2.177340,0.121617,-0.014597,-0.000296,0.015187,-0.001198,0.057229,0.000298
8554.320000,-0.140215,0.109627,0.276422,-2.144868,-2.177161,0.122144,-0.014710,-0.000295,0.014850,-0.001203,0.057368,0.000284
8554.328000,-0.140326,0.109633,0.276539,-2.144646,-2.176913,0.122611,-0.014286,-0.000285,0.013640,-0.001077,0.049100,0.000282
8554.336000,-0.140443,0.109628,0.276638,-2.144487,-2.176702,0.123000,-0.014627,-0.000295,0.014603,-0.001155,0.053941,0.000293
8554.344000,-0.140555,0.109630,0.276752,-2.144265,-2.176506,0.123417,-0.014650,-0.000293,0.014436,-0.001147,0.053447,0.000289
8554.352000,-0.140677,0.109623,0.276877,-2.144023,-2.176238,0.123947,-0.014747,-0.000296,0.014694,-0.001175,0.055192,0.000290
8554.360000,-0.140809,0.109621,0.277003,-2.143721,-2.176037,0.124430,-0.014821,-0.000301,0.015169,-0.001185,0.055480,0.000306
8554.368000,-0.140924,0.109621,0.277115,-2.143480,-2.175792,0.124876,-0.014918,-0.000307,0.015845,-0.001226,0.058116,0.000317
8554.376000,-0.141043,0.109616,0.277256,-2.143175,-2.175514,0.125515,-0.014934,-0.000303,0.015491,-0.001223,0.058030,0.000304
8554.384000,-0.141171,0.109613,0.277376,-2.143005,-2.175214,0.125982,-0.014993,-0.000303,0.015624,-0.001258,0.060541,0.000295
8554.392000,-0.141289,0.109611,0.277501,-2.142718,-2.175031,0.126475,-0.015112,-0.000309,0.016136,-0.001275,0.061385,0.000310
8554.400000,-0.141401,0.109609,0.277631,-2.142467,-2.174755,0.127012,-0.015212,-0.000306,0.015544,-0.001255,0.059918,0.000296
8554.408000,-0.141525,0.109612,0.277749,-2.142253,-2.174514,0.127469,-0.015368,-0.000305,0.014819,-0.001195,0.055460,0.000293
8554.416000,-0.141637,0.109616,0.277869,-2.142105,-2.174186,0.127953,-0.015287,-0.000310,0.015712,-0.001224,0.057478,0.000315
8554.424000,-0.141765,0.109604,0.277985,-2.141879,-2.174014,0.128395,-0.015310,-0.000310,0.015288,-0.001186,0.054372,0.000316
8554.432000,-0.141889,0.109601,0.278124,-2.141555,-2.173768,0.128992,-0.015663,-0.000316,0.015603,-0.001226,0.056663,0.000316
8554.440000,-0.142010,0.109599,0.278241,-2.141337,-2.173548,0.129414,-0.014869,-0.000294,0.014110,-0.001143,0.052551,0.000280
8554.448000,-0.142134,0.109598,0.278355,-2.141106,-2.173316,0.129860,-0.015622,-0.000308,0.014992,-0.001227,0.057195,0.000289
8554.456000,-0.142270,0.109586,0.278475,-2.140836,-2.173124,0.130364,-0.015730,-0.000326,0.017433,-0.001365,0.066072,0.000333
8554.464000,-0.142386,0.109591,0.278608,-2.140619,-2.172831,0.130895,-0.015331,-0.000305,0.014866,-0.001196,0.055292,0.000294
8554.472000,-0.142515,0.109585,0.278735,-2.140314,-2.172625,0.131368,-0.015478,-0.000308,0.014823,-0.001188,0.054219,0.000298
8554.480000,-0.142637,0.109585,0.278849,-2.140055,-2.172416,0.131811,-0.016056,-0.000330,0.017430,-0.001363,0.065382,0.000336
8554.488000,-0.142761,0.109585,0.278980,-2.139900,-2.172083,0.132337,-0.015731,-0.000313,0.015375,-0.001237,0.057349,0.000302
8554.496000,-0.142888,0.109578,0.279119,-2.139589,-2.171850,0.132912,-0.015432,-0.000305,0.014269,-0.001142,0.050902,0.000295
8554.496000,-0.142888,0.109578,0.279119,-2.139589,-2.171850,0.132912,-0.015432,-0.000305,0.014269,-0.001142,0.050902,0.000295
8554.504000,-0.143012,0.109583,0.279241,-2.139405,-2.171590,0.133378,-0.015838,-0.000317,0.015680,-0.001238,0.057152,0.000315
8554.512000,-0.143150,0.109573,0.279358,-2.139128,-2.171385,0.133805,-0.015920,-0.000313,0.015031,-0.001241,0.057262,0.000290
8554.528000,-0.143410,0.109564,0.279623,-2.138608,-2.170895,0.134878,-0.016116,-0.000327,0.016571,-0.001307,0.060996,0.000327
8554.536000,-0.143527,0.109572,0.279738,-2.138360,-2.170614,0.135328,-0.016154,-0.000323,0.016247,-0.001310,0.061590,0.000311
8554.544000,-0.143656,0.109569,0.279879,-2.138124,-2.170355,0.135876,-0.016046,-0.000321,0.015942,-0.001278,0.059472,0.000311
8554.552000,-0.143796,0.109560,0.280013,-2.137830,-2.170112,0.136404,-0.016171,-0.000314,0.014790,-0.001251,0.057579,0.000278
8554.560000,-0.143918,0.109564,0.280117,-2.137638,-2.169895,0.136830,-0.016111,-0.000319,0.015935,-0.001304,0.061346,0.000300
8554.568000,-0.144044,0.109561,0.280260,-2.137364,-2.169567,0.137419,-0.016285,-0.000325,0.016652,-0.001368,0.065602,0.000304
8554.576000,-0.144182,0.109552,0.280399,-2.137041,-2.169322,0.138020,-0.016084,-0.000321,0.016007,-0.001296,0.060469,0.000307
8554.584000,-0.144302,0.109554,0.280523,-2.136814,-2.169042,0.138525,-0.016278,-0.000326,0.016426,-0.001328,0.062434,0.000312
8554.592000,-0.144432,0.109553,0.280670,-2.136535,-2.168763,0.139083,-0.016489,-0.000332,0.016906,-0.001353,0.063728,0.000323
8554.600000,-0.144579,0.109545,0.280795,-2.136248,-2.168526,0.139597,-0.016507,-0.000332,0.016822,-0.001353,0.063498,0.000321
8554.608000,-0.144704,0.109546,0.280921,-2.136066,-2.168189,0.140144,-0.016518,-0.000325,0.016187,-0.001345,0.063440,0.000297
8554.616000,-0.144842,0.109544,0.281054,-2.135755,-2.167955,0.140687,-0.016436,-0.000334,0.017326,-0.001374,0.065051,0.000331
8554.624000,-0.144977,0.109532,0.281183,-2.135458,-2.167788,0.141162,-0.016207,-0.000324,0.016055,-0.001304,0.060469,0.000308
8554.632000,-0.145093,0.109543,0.281325,-2.135232,-2.167403,0.141738,-0.016465,-0.000326,0.016111,-0.001310,0.060794,0.000308
8554.640000,-0.145232,0.109532,0.281452,-2.134895,-2.167221,0.142286,-0.016391,-0.000327,0.016249,-0.001313,0.060785,0.000313
8554.648000,-0.145367,0.109537,0.281584,-2.134732,-2.166879,0.142794,-0.016546,-0.000331,0.016430,-0.001306,0.059980,0.000325
8554.656000,-0.145503,0.109525,0.281702,-2.134491,-2.166692,0.143283,-0.016552,-0.000322,0.015118,-0.001265,0.057319,0.000290
8554.664000,-0.145627,0.109533,0.281857,-2.134148,-2.166314,0.143895,-0.016446,-0.000317,0.014734,-0.001237,0.055781,0.000284
8554.672000,-0.145775,0.109522,0.281949,-2.133934,-2.166229,0.144206,-0.016945,-0.000336,0.016395,-0.001335,0.061125,0.000317
8554.680000,-0.145897,0.109522,0.282083,-2.133714,-2.165937,0.144787,-0.016620,-0.000327,0.015578,-0.001273,0.057588,0.000305
8554.688000,-0.146029,0.109520,0.282219,-2.133424,-2.165670,0.145319,-0.016940,-0.000335,0.016227,-0.001320,0.060181,0.000316
8554.696000,-0.146163,0.109520,0.282332,-2.133208,-2.165424,0.145713,-0.016787,-0.000334,0.016400,-0.001323,0.060583,0.000319
8554.704000,-0.146296,0.109513,0.282469,-2.133013,-2.165135,0.146327,-0.017114,-0.000340,0.016463,-0.001316,0.059289,0.000330
8554.712000,-0.146439,0.109508,0.282601,-2.132641,-2.164962,0.146794,-0.017093,-0.000329,0.015284,-0.001308,0.059289,0.000285
8554.720000,-0.146583,0.109512,0.282744,-2.132405,-2.164593,0.147350,-0.017281,-0.000337,0.015969,-0.001330,0.060339,0.000305
8554.728000,-0.146719,0.109500,0.282867,-2.132120,-2.164443,0.147885,-0.017288,-0.000341,0.016409,-0.001343,0.060890,0.000318
8554.736000,-0.146849,0.109504,0.282990,-2.131977,-2.164145,0.148303,-0.017418,-0.000337,0.016157,-0.001371,0.063167,0.000296
8554.744000,-0.146990,0.109501,0.283118,-2.131679,-2.163872,0.148872,-0.017441,-0.000345,0.016673,-0.001356,0.061522,0.000324
8554.752000,-0.147130,0.109494,0.283279,-2.131319,-2.163612,0.149469,-0.017341,-0.000344,0.016569,-0.001334,0.059802,0.000330
8554.760000,-0.147275,0.109481,0.283395,-2.131043,-2.163443,0.149994,-0.017378,-0.000342,0.016349,-0.001355,0.061278,0.000313
8554.768000,-0.147413,0.109488,0.283528,-2.130857,-2.163099,0.150472,-0.017254,-0.000333,0.015265,-0.001291,0.057377,0.000294
8554.776000,-0.147561,0.109477,0.283646,-2.130543,-2.162972,0.151004,-0.017581,-0.000346,0.016761,-0.001393,0.063684,0.000315
8554.784000,-0.147687,0.109486,0.283776,-2.130320,-2.162608,0.151443,-0.017335,-0.000341,0.016399,-0.001344,0.060655,0.000317
8554.792000,-0.147839,0.109486,0.283918,-2.130130,-2.162266,0.152002,-0.017255,-0.000333,0.015478,-0.001304,0.058369,0.000295
8554.800000,-0.147969,0.109482,0.284036,-2.129892,-2.162082,0.152444,-0.017533,-0.000347,0.017039,-0.001386,0.063210,0.000327
8554.808000,-0.148114,0.109475,0.284166,-2.129596,-2.161886,0.152914,-0.017725,-0.000352,0.017528,-0.001433,0.066052,0.000329
8554.816000,-0.148242,0.109476,0.284289,-2.129349,-2.161643,0.153440,-0.017534,-0.000344,0.016671,-0.001379,0.062860,0.000315
8554.824000,-0.148386,0.109479,0.284435,-2.129080,-2.161261,0.153996,-0.017939,-0.000360,0.018532,-0.001496,0.070083,0.000344
8554.832000,-0.148534,0.109464,0.284559,-2.128809,-2.161099,0.154509,-0.017395,-0.000344,0.016766,-0.001380,0.062855,0.000317
8554.840000,-0.148669,0.109465,0.284691,-2.128541,-2.160830,0.155036,-0.017408,-0.000339,0.016133,-0.001351,0.061034,0.000304
8554.848000,-0.148821,0.109457,0.284848,-2.128197,-2.160512,0.155722,-0.017684,-0.000353,0.017837,-0.001457,0.067547,0.000331
8554.856000,-0.148968,0.109457,0.284987,-2.127940,-2.160200,0.156263,-0.017956,-0.000357,0.017664,-0.001442,0.065941,0.000334
8554.864000,-0.149110,0.109453,0.285127,-2.127613,-2.159920,0.156821,-0.018149,-0.000355,0.017147,-0.001443,0.065802,0.000316
8554.872000,-0.149254,0.109460,0.285269,-2.127382,-2.159560,0.157419,-0.018032,-0.000346,0.016069,-0.001373,0.061580,0.000298
8554.880000,-0.149398,0.109451,0.285369,-2.127184,-2.159417,0.157790,-0.018278,-0.000359,0.017480,-0.001450,0.066042,0.000326
8554.888000,-0.149534,0.109452,0.285515,-2.126908,-2.159090,0.158405,-0.018788,-0.000361,0.017162,-0.001478,0.067576,0.000307
8554.896000,-0.149690,0.109446,0.285646,-2.126665,-2.158849,0.158914,-0.018260,-0.000364,0.018462,-0.001506,0.069891,0.000341
8554.904000,-0.149827,0.109445,0.285797,-2.126406,-2.158512,0.159507,-0.018641,-0.000371,0.018850,-0.001536,0.071218,0.000348
8554.912000,-0.149982,0.109444,0.285939,-2.126073,-2.158250,0.160021,-0.018186,-0.000357,0.017339,-0.001432,0.064858,0.000327
8554.920000,-0.150127,0.109441,0.286088,-2.125715,-2.157967,0.160648,-0.018276,-0.000349,0.016095,-0.001386,0.061795,0.000297
8554.928000,-0.150274,0.109431,0.286210,-2.125521,-2.157753,0.161135,-0.018653,-0.000369,0.018417,-0.001517,0.069713,0.000340
8554.936000,-0.150430,0.109428,0.286362,-2.125165,-2.157415,0.161753,-0.018752,-0.000366,0.017847,-0.001511,0.069220,0.000321
8554.944000,-0.150581,0.109423,0.286501,-2.124900,-2.157154,0.162322,-0.018730,-0.000368,0.017888,-0.001492,0.067710,0.000331
8554.952000,-0.150718,0.109432,0.286638,-2.124690,-2.156813,0.162831,-0.018463,-0.000359,0.016934,-0.001409,0.062692,0.000323
8554.960000,-0.150871,0.109423,0.286791,-2.124324,-2.156546,0.163437,-0.018524,-0.000361,0.017187,-0.001438,0.064379,0.000323
8554.968000,-0.151019,0.109421,0.286912,-2.124078,-2.156297,0.163903,-0.018448,-0.000348,0.015035,-0.001304,0.055348,0.000293
8554.976000,-0.151171,0.109418,0.287037,-2.123836,-2.156029,0.164409,-0.018510,-0.000361,0.017456,-0.001472,0.066828,0.000318
8554.984000,-0.151323,0.109412,0.287167,-2.123547,-2.155818,0.164925,-0.018637,-0.000358,0.016888,-0.001456,0.065601,0.000304
8554.992000,-0.151474,0.109408,0.287310,-2.123285,-2.155506,0.165519,-0.018710,-0.000364,0.017173,-0.001445,0.064398,0.000321
8555.000000,-0.151619,0.109407,0.287480,-2.122952,-2.155172,0.166170,-0.018706,-0.000366,0.017802,-0.001488,0.067384,0.000327
8555.008000,-0.151765,0.109409,0.287602,-2.122686,-2.154876,0.166694,-0.019168,-0.000372,0.017818,-0.001503,0.067714,0.000327
8555.016000,-0.151917,0.109407,0.287754,-2.122356,-2.154568,0.167297,-0.018710,-0.000356,0.016306,-0.001410,0.062222,0.000300
8555.024000,-0.152061,0.109404,0.287865,-2.122174,-2.154338,0.167752,-0.019019,-0.000369,0.017727,-0.001496,0.067504,0.000324
8555.032000,-0.152219,0.109396,0.288009,-2.121856,-2.154097,0.168307,-0.019167,-0.000369,0.017561,-0.001508,0.068002,0.000315
8555.040000,-0.152369,0.109395,0.288162,-2.121522,-2.153756,0.168921,-0.019144,-0.000373,0.017949,-0.001513,0.068165,0.000328
8555.048000,-0.152524,0.109393,0.288295,-2.121275,-2.153487,0.169472,-0.018696,-0.000365,0.017643,-0.001475,0.066348,0.000326
8555.056000,-0.152676,0.109386,0.288448,-2.120988,-2.153150,0.170119,-0.019011,-0.000369,0.017480,-0.001468,0.065092,0.000327
8555.064000,-0.152824,0.109395,0.288590,-2.120730,-2.152808,0.170624,-0.018960,-0.000355,0.015793,-0.001398,0.061052,0.000287
8555.072000,-0.152985,0.109381,0.288718,-2.120348,-2.152685,0.171166,-0.019344,-0.000372,0.017498,-0.001502,0.067019,0.000317
8555.080000,-0.153136,0.109377,0.288851,-2.120091,-2.152347,0.171736,-0.019017,-0.000368,0.016805,-0.001403,0.060270,0.000329
8555.088000,-0.153295,0.109376,0.288980,-2.119860,-2.152116,0.172186,-0.019103,-0.000371,0.017155,-0.001424,0.061536,0.000335
8555.096000,-0.153438,0.109378,0.289121,-2.119608,-2.151788,0.172773,-0.019161,-0.000367,0.016527,-0.001400,0.060112,0.000319
8555.104000,-0.153593,0.109369,0.289261,-2.119348,-2.151529,0.173294,-0.019529,-0.000380,0.018048,-0.001515,0.067115,0.000336
8555.112000,-0.153748,0.109365,0.289391,-2.119042,-2.151322,0.173769,-0.019333,-0.000372,0.016925,-0.001436,0.061958,0.000323
8555.120000,-0.153904,0.109361,0.289568,-2.118704,-2.150912,0.174572,-0.019922,-0.000385,0.018216,-0.001552,0.069018,0.000332
8555.128000,-0.154063,0.109356,0.289694,-2.118382,-2.150711,0.175034,-0.019617,-0.000371,0.016566,-0.001453,0.062873,0.000305
8555.136000,-0.154220,0.109354,0.289822,-2.118175,-2.150400,0.175527,-0.019690,-0.000376,0.017150,-0.001491,0.065265,0.000312
8555.144000,-0.154374,0.109353,0.289936,-2.117925,-2.150204,0.175999,-0.019531,-0.000367,0.015799,-0.001381,0.057936,0.000304
8555.152000,-0.154522,0.109356,0.290080,-2.117693,-2.149839,0.176537,-0.019933,-0.000382,0.017602,-0.001501,0.065380,0.000329
8555.160000,-0.154691,0.109357,0.290240,-2.117390,-2.149479,0.177138,-0.020053,-0.000376,0.016770,-0.001494,0.065188,0.000299
8555.168000,-0.154857,0.109341,0.290378,-2.117060,-2.149313,0.177744,-0.019924,-0.000379,0.017522,-0.001532,0.067652,0.000312
8555.176000,-0.155014,0.109339,0.290489,-2.116826,-2.149075,0.178183,-0.019896,-0.000376,0.016863,-0.001485,0.064416,0.000306
8555.184000,-0.155158,0.109348,0.290637,-2.116559,-2.148700,0.178750,-0.020122,-0.000381,0.017615,-0.001547,0.068601,0.000309
8555.192000,-0.155332,0.109340,0.290784,-2.116267,-2.148437,0.179341,-0.019741,-0.000381,0.017956,-0.001513,0.066377,0.000334
8555.200000,-0.155494,0.109332,0.290919,-2.115960,-2.148206,0.179870,-0.020141,-0.000384,0.017937,-0.001564,0.069300,0.000317
8555.208000,-0.155653,0.109334,0.291068,-2.115669,-2.147833,0.180468,-0.019892,-0.000375,0.017005,-0.001501,0.065591,0.000303
8555.216000,-0.155827,0.109323,0.291230,-2.115244,-2.147613,0.181118,-0.020104,-0.000386,0.018018,-0.001552,0.068140,0.000326
8555.224000,-0.155974,0.109333,0.291373,-2.115103,-2.147138,0.181717,-0.020198,-0.000382,0.017491,-0.001528,0.066832,0.000314
8555.232000,-0.156140,0.109320,0.291499,-2.114776,-2.146965,0.182234,-0.020076,-0.000386,0.018209,-0.001560,0.068754,0.000329
8555.240000,-0.156306,0.109315,0.291634,-2.114467,-2.146757,0.182733,-0.019810,-0.000378,0.017451,-0.001517,0.066377,0.000313
8555.248000,-0.156460,0.109313,0.291790,-2.114181,-2.146392,0.183347,-0.020164,-0.000382,0.017296,-0.001523,0.066190,0.000309
8555.256000,-0.156613,0.109314,0.291929,-2.113873,-2.146074,0.183880,-0.020190,-0.000376,0.016340,-0.001478,0.063271,0.000290
8555.264000,-0.156777,0.109305,0.292054,-2.113617,-2.145876,0.184397,-0.020144,-0.000386,0.017774,-0.001536,0.066774,0.000323
8555.272000,-0.156942,0.109309,0.292187,-2.113437,-2.145516,0.184921,-0.020154,-0.000378,0.016364,-0.001440,0.060414,0.000308
8555.280000,-0.157111,0.109305,0.292335,-2.113100,-2.145231,0.185544,-0.020682,-0.000386,0.017039,-0.001525,0.065461,0.000304
8555.288000,-0.157292,0.109295,0.292467,-2.112777,-2.145007,0.186060,-0.020680,-0.000392,0.017770,-0.001563,0.067651,0.000318
8555.296000,-0.157445,0.109299,0.292615,-2.112532,-2.144662,0.186666,-0.020653,-0.000389,0.017723,-0.001572,0.068687,0.000310
8555.304000,-0.157612,0.109295,0.292745,-2.112239,-2.144417,0.187164,-0.020477,-0.000386,0.017453,-0.001542,0.066832,0.000310
8555.312000,-0.157781,0.109292,0.292879,-2.112049,-2.144073,0.187696,-0.020779,-0.000396,0.018686,-0.001631,0.072248,0.000324
8555.320000,-0.157946,0.109285,0.293030,-2.111619,-2.143894,0.188252,-0.020574,-0.000388,0.017412,-0.001546,0.066664,0.000309
8555.328000,-0.158112,0.109286,0.293171,-2.111362,-2.143553,0.188762,-0.020873,-0.000398,0.018225,-0.001577,0.067977,0.000332
8555.336000,-0.158288,0.109277,0.293304,-2.111136,-2.143336,0.189292,-0.020855,-0.000397,0.018244,-0.001588,0.068720,0.000328
8555.344000,-0.158442,0.109282,0.293448,-2.110863,-2.143011,0.189857,-0.020575,-0.000381,0.016479,-0.001493,0.063266,0.000293
8555.352000,-0.158615,0.109274,0.293572,-2.110585,-2.142754,0.190362,-0.020833,-0.000381,0.016003,-0.001492,0.062781,0.000279
8555.360000,-0.158773,0.109271,0.293706,-2.110288,-2.142481,0.190909,-0.020619,-0.000388,0.017220,-0.001518,0.064387,0.000314
8555.368000,-0.158942,0.109264,0.293845,-2.110034,-2.142232,0.191448,-0.020879,-0.000397,0.018235,-0.001599,0.069405,0.000322
8555.376000,-0.159110,0.109265,0.294005,-2.109638,-2.141929,0.192037,-0.021248,-0.000403,0.018815,-0.001666,0.073431,0.000320
8555.384000,-0.159273,0.109267,0.294132,-2.109443,-2.141607,0.192559,-0.020893,-0.000401,0.018848,-0.001606,0.069669,0.000343
8555.392000,-0.159445,0.109258,0.294271,-2.109156,-2.141319,0.193126,-0.021017,-0.000393,0.017456,-0.001571,0.067363,0.000304
8555.400000,-0.159609,0.109261,0.294443,-2.108839,-2.140954,0.193817,-0.021063,-0.000397,0.018177,-0.001602,0.069391,0.000319
8555.408000,-0.159790,0.109257,0.294562,-2.108600,-2.140710,0.194242,-0.021216,-0.000393,0.017571,-0.001613,0.070268,0.000291
8555.416000,-0.159950,0.109249,0.294717,-2.108181,-2.140435,0.194864,-0.021149,-0.000396,0.018047,-0.001637,0.071663,0.000300
8555.424000,-0.160133,0.109245,0.294862,-2.107925,-2.140107,0.195476,-0.020914,-0.000388,0.017177,-0.001571,0.067618,0.000291
8555.432000,-0.160299,0.109237,0.294998,-2.107607,-2.139836,0.196027,-0.021237,-0.000402,0.018552,-0.001656,0.072372,0.000314
8555.440000,-0.160464,0.109240,0.295156,-2.107311,-2.139496,0.196715,-0.021433,-0.000391,0.016935,-0.001596,0.068720,0.000276
8555.448000,-0.160635,0.109235,0.295291,-2.106961,-2.139216,0.197274,-0.021621,-0.000405,0.018490,-0.001674,0.073120,0.000307
8555.456000,-0.160798,0.109241,0.295423,-2.106766,-2.138866,0.197791,-0.021481,-0.000396,0.016828,-0.001527,0.063390,0.000304
8555.464000,-0.160982,0.109234,0.295546,-2.106489,-2.138660,0.198216,-0.021370,-0.000399,0.018162,-0.001645,0.071672,0.000303
8555.472000,-0.161157,0.109225,0.295704,-2.106196,-2.138320,0.198884,-0.021843,-0.000408,0.018413,-0.001665,0.071917,0.000311
8555.480000,-0.161329,0.109231,0.295856,-2.105859,-2.137921,0.199508,-0.021619,-0.000400,0.017643,-0.001618,0.069410,0.000297
8555.488000,-0.161505,0.109218,0.296011,-2.105502,-2.137674,0.200184,-0.021686,-0.000400,0.017130,-0.001578,0.066265,0.000297
8555.496000,-0.161675,0.109217,0.296143,-2.105209,-2.137364,0.200631,-0.021906,-0.000411,0.018303,-0.001635,0.069280,0.000322
8555.504000,-0.161844,0.109213,0.296318,-2.104868,-2.136980,0.201412,-0.021835,-0.000406,0.017742,-0.001609,0.067823,0.000310
8555.512000,-0.162020,0.109211,0.296446,-2.104587,-2.136720,0.201905,-0.022099,-0.000410,0.017857,-0.001625,0.068389,0.000311
8555.520000,-0.162200,0.109200,0.296587,-2.104240,-2.136473,0.202482,-0.022232,-0.000415,0.018218,-0.001654,0.069865,0.000315
8555.528000,-0.162371,0.109207,0.296720,-2.104021,-2.136127,0.203031,-0.021945,-0.000396,0.016021,-0.001531,0.062685,0.000276
8555.536000,-0.162532,0.109204,0.296865,-2.103681,-2.135803,0.203602,-0.021830,-0.000401,0.016840,-0.001550,0.063706,0.000300
8555.544000,-0.162717,0.109200,0.296989,-2.103470,-2.135576,0.204110,-0.021817,-0.000394,0.015761,-0.001493,0.060149,0.000281
8555.552000,-0.162887,0.109200,0.297121,-2.103173,-2.135299,0.204627,-0.021722,-0.000401,0.017281,-0.001579,0.066011,0.000301
8555.560000,-0.163069,0.109192,0.297254,-2.102901,-2.135049,0.205116,-0.022265,-0.000412,0.018083,-0.001660,0.070387,0.000305
8555.568000,-0.163242,0.109187,0.297393,-2.102584,-2.134787,0.205710,-0.022069,-0.000409,0.017849,-0.001632,0.068710,0.000306
8555.576000,-0.163423,0.109181,0.297544,-2.102263,-2.134463,0.206330,-0.022191,-0.000408,0.017788,-0.001660,0.070574,0.000292
8555.584000,-0.163589,0.109191,0.297679,-2.102100,-2.134042,0.206860,-0.022222,-0.000411,0.017823,-0.001615,0.067348,0.000313
8555.592000,-0.163765,0.109185,0.297834,-2.101706,-2.133767,0.207428,-0.021954,-0.000404,0.017483,-0.001610,0.067473,0.000299
8555.600000,-0.163948,0.109180,0.297973,-2.101441,-2.133455,0.208049,-0.022457,-0.000411,0.017677,-0.001646,0.069151,0.000296
8555.608000,-0.164122,0.109180,0.298113,-2.101111,-2.133166,0.208563,-0.022389,-0.000412,0.017645,-0.001620,0.067238,0.000307
8555.616000,-0.164307,0.109169,0.298260,-2.100764,-2.132924,0.209174,-0.022205,-0.000399,0.015700,-0.001507,0.059996,0.000278
8555.624000,-0.164478,0.109165,0.298398,-2.100523,-2.132577,0.209724,-0.022423,-0.000407,0.016554,-0.001563,0.063154,0.000290
8555.632000,-0.164659,0.109169,0.298523,-2.100292,-2.132321,0.210174,-0.022605,-0.000410,0.016609,-0.001554,0.062210,0.000299
8555.640000,-0.164842,0.109156,0.298664,-2.099893,-2.132117,0.210709,-0.022539,-0.000409,0.016334,-0.001548,0.061731,0.000291
8555.648000,-0.165015,0.109165,0.298808,-2.099708,-2.131764,0.211294,-0.022828,-0.000418,0.017430,-0.001599,0.064769,0.000313
8555.656000,-0.165194,0.109160,0.298944,-2.099417,-2.131466,0.211817,-0.022544,-0.000416,0.017986,-0.001644,0.068288,0.000311
8555.664000,-0.165385,0.109152,0.299084,-2.099115,-2.131167,0.212438,-0.023028,-0.000422,0.017764,-0.001648,0.067612,0.000308
8555.672000,-0.165572,0.109146,0.299231,-2.098789,-2.130861,0.213021,-0.022847,-0.000423,0.018418,-0.001683,0.070042,0.000316
8555.680000,-0.165757,0.109142,0.299361,-2.098468,-2.130616,0.213574,-0.022980,-0.000417,0.017328,-0.001653,0.068168,0.000287
8555.688000,-0.165935,0.109144,0.299517,-2.098200,-2.130215,0.214165,-0.023077,-0.000423,0.018156,-0.001693,0.070550,0.000303
8555.696000,-0.166121,0.109142,0.299638,-2.097943,-2.129984,0.214645,-0.023318,-0.000421,0.017467,-0.001669,0.068700,0.000289
8555.704000,-0.166308,0.109130,0.299779,-2.097668,-2.129739,0.215197,-0.022822,-0.000408,0.016773,-0.001651,0.068561,0.000262
8555.712000,-0.166496,0.109125,0.299926,-2.097338,-2.129406,0.215828,-0.023107,-0.000420,0.017363,-0.001646,0.067118,0.000294
8555.720000,-0.166673,0.109125,0.300048,-2.097020,-2.129174,0.216229,-0.023295,-0.000423,0.017647,-0.001687,0.069553,0.000290
8555.728000,-0.166858,0.109119,0.300181,-2.096786,-2.128902,0.216825,-0.023134,-0.000427,0.018661,-0.001720,0.071796,0.000313
8555.736000,-0.167043,0.109119,0.300330,-2.096440,-2.128572,0.217410,-0.023603,-0.000435,0.019165,-0.001780,0.075050,0.000312
8555.744000,-0.167243,0.109109,0.300496,-2.096039,-2.128270,0.218077,-0.023387,-0.000430,0.018781,-0.001765,0.074394,0.000301
8555.752000,-0.167416,0.109114,0.300640,-2.095836,-2.127868,0.218692,-0.023071,-0.000419,0.017773,-0.001687,0.069975,0.000289
8555.760000,-0.167604,0.109108,0.300771,-2.095554,-2.127608,0.219188,-0.023010,-0.000420,0.018010,-0.001696,0.070473,0.000295
8555.768000,-0.167794,0.109099,0.300921,-2.095216,-2.127325,0.219843,-0.023091,-0.000421,0.017645,-0.001668,0.068340,0.000294
8555.776000,-0.167991,0.109098,0.301060,-2.094907,-2.127030,0.220323,-0.023742,-0.000436,0.018664,-0.001746,0.072150,0.000310
8555.784000,-0.168172,0.109095,0.301220,-2.094572,-2.126669,0.220998,-0.023739,-0.000433,0.018636,-0.001769,0.073972,0.000297
8555.792000,-0.168361,0.109095,0.301332,-2.094361,-2.126352,0.221480,-0.023499,-0.000413,0.015780,-0.001602,0.063576,0.000254
8555.800000,-0.168546,0.109090,0.301452,-2.094103,-2.126122,0.221985,-0.023362,-0.000426,0.018214,-0.001727,0.071757,0.000293
8555.808000,-0.168730,0.109096,0.301608,-2.093815,-2.125728,0.222594,-0.023285,-0.000417,0.016970,-0.001646,0.066720,0.000278
8555.816000,-0.168926,0.109074,0.301759,-2.093387,-2.125536,0.223280,-0.023695,-0.000430,0.017990,-0.001728,0.071014,0.000290
8555.824000,-0.169118,0.109078,0.301899,-2.093107,-2.125220,0.223766,-0.023951,-0.000433,0.018150,-0.001749,0.072035,0.000289
8555.832000,-0.169313,0.109077,0.302052,-2.092783,-2.124840,0.224403,-0.023573,-0.000421,0.016637,-0.001629,0.064716,0.000278
8555.840000,-0.169494,0.109078,0.302180,-2.092567,-2.124522,0.224908,-0.023801,-0.000432,0.017589,-0.001654,0.065555,0.000308
8555.848000,-0.169685,0.109071,0.302323,-2.092239,-2.124239,0.225463,-0.023884,-0.000426,0.017026,-0.001675,0.067204,0.000277
8555.856000,-0.169869,0.109073,0.302445,-2.091974,-2.123979,0.226007,-0.024134,-0.000435,0.018157,-0.001740,0.071153,0.000294
8555.864000,-0.170074,0.109065,0.302596,-2.091603,-2.123696,0.226538,-0.023838,-0.000431,0.017640,-0.001684,0.067458,0.000297
8555.872000,-0.170261,0.109058,0.302744,-2.091299,-2.123391,0.227119,-0.023689,-0.000425,0.016760,-0.001629,0.063983,0.000286
8555.880000,-0.170463,0.109052,0.302875,-2.091072,-2.123093,0.227667,-0.023629,-0.000416,0.015729,-0.001601,0.062670,0.000255
8555.888000,-0.170646,0.109058,0.302983,-2.090844,-2.122834,0.228086,-0.023825,-0.000428,0.017141,-0.001655,0.065588,0.000289
8555.896000,-0.170833,0.109056,0.303128,-2.090514,-2.122503,0.228721,-0.023852,-0.000423,0.016801,-0.001667,0.066710,0.000269
8555.904000,-0.171037,0.109050,0.303293,-2.090188,-2.122150,0.229364,-0.024273,-0.000436,0.018436,-0.001798,0.074652,0.000280
8555.912000,-0.171229,0.109047,0.303403,-2.089961,-2.121921,0.229794,-0.024049,-0.000438,0.018489,-0.001738,0.070487,0.000308
8555.920000,-0.171423,0.109037,0.303566,-2.089519,-2.121652,0.230454,-0.024087,-0.000433,0.017991,-0.001757,0.071896,0.000280
8555.928000,-0.171623,0.109035,0.303689,-2.089308,-2.121310,0.230964,-0.024269,-0.000434,0.017587,-0.001728,0.069557,0.000280
8555.936000,-0.171813,0.109030,0.303838,-2.088926,-2.121028,0.231595,-0.024159,-0.000424,0.016484,-0.001690,0.067587,0.000250
8555.944000,-0.172000,0.109036,0.303992,-2.088664,-2.120584,0.232228,-0.024455,-0.000435,0.017802,-0.001768,0.072203,0.000270
8555.952000,-0.172192,0.109023,0.304107,-2.088395,-2.120426,0.232726,-0.024370,-0.000433,0.017163,-0.001708,0.067999,0.000273
8555.960000,-0.172395,0.109025,0.304256,-2.088052,-2.120088,0.233222,-0.024674,-0.000432,0.016198,-0.001659,0.064241,0.000262
8555.968000,-0.172593,0.109016,0.304384,-2.087758,-2.119825,0.233814,-0.024369,-0.000428,0.016735,-0.001714,0.068589,0.000252
8555.976000,-0.172791,0.109011,0.304523,-2.087432,-2.119522,0.234403,-0.024627,-0.000433,0.016227,-0.001657,0.063934,0.000264
8555.984000,-0.172991,0.109009,0.304674,-2.087177,-2.119144,0.235042,-0.024867,-0.000437,0.016988,-0.001732,0.068727,0.000262
8555.992000,-0.173183,0.109004,0.304803,-2.086884,-2.118873,0.235570,-0.024680,-0.000441,0.017519,-0.001720,0.067740,0.000287
8556.000000,-0.173388,0.109009,0.304949,-2.086575,-2.118554,0.236073,-0.024943,-0.000438,0.016962,-0.001729,0.068397,0.000262
8556.008000,-0.173577,0.109005,0.305107,-2.086218,-2.118222,0.236732,-0.024740,-0.000435,0.016526,-0.001665,0.064188,0.000272
8556.016000,-0.173778,0.108999,0.305217,-2.086011,-2.117958,0.237144,-0.024874,-0.000441,0.017210,-0.001716,0.067131,0.000279
8556.024000,-0.173982,0.109000,0.305362,-2.085682,-2.117656,0.237759,-0.024622,-0.000433,0.016718,-0.001693,0.066384,0.000264
8556.032000,-0.174187,0.108987,0.305508,-2.085350,-2.117324,0.238419,-0.024931,-0.000438,0.016810,-0.001719,0.067347,0.000262
8556.040000,-0.174386,0.108984,0.305642,-2.085003,-2.117049,0.238988,-0.024876,-0.000440,0.017391,-0.001756,0.069897,0.000266
8556.048000,-0.174583,0.108981,0.305763,-2.084764,-2.116780,0.239442,-0.024759,-0.000427,0.015702,-0.001676,0.065123,0.000233
8556.056000,-0.174778,0.108984,0.305907,-2.084447,-2.116434,0.240044,-0.025178,-0.000448,0.018505,-0.001832,0.074340,0.000279
8556.064000,-0.174982,0.108971,0.306024,-2.084186,-2.116200,0.240546,-0.024866,-0.000432,0.016023,-0.001682,0.064989,0.000246
8556.072000,-0.175170,0.108975,0.306145,-2.083957,-2.115921,0.241027,-0.024884,-0.000439,0.017386,-0.001751,0.069456,0.000267
8556.080000,-0.175369,0.108976,0.306286,-2.083680,-2.115586,0.241549,-0.024897,-0.000442,0.017349,-0.001714,0.066690,0.000284
8556.088000,-0.175568,0.108972,0.306427,-2.083319,-2.115322,0.242117,-0.025255,-0.000433,0.015436,-0.001657,0.062865,0.000238
8556.096000,-0.175789,0.108962,0.306557,-2.083029,-2.115048,0.242615,-0.025326,-0.000449,0.017780,-0.001776,0.069820,0.000280
8556.104000,-0.175982,0.108956,0.306691,-2.082739,-2.114765,0.243214,-0.025361,-0.000446,0.017211,-0.001759,0.068852,0.000265
8556.112000,-0.176189,0.108951,0.306826,-2.082441,-2.114462,0.243754,-0.025707,-0.000456,0.018632,-0.001878,0.076036,0.000271
8556.120000,-0.176386,0.108957,0.306976,-2.082131,-2.114070,0.244366,-0.025658,-0.000455,0.018388,-0.001829,0.072830,0.000282
8556.128000,-0.176590,0.108943,0.307127,-2.081768,-2.113786,0.245022,-0.025448,-0.000441,0.016119,-0.001700,0.064715,0.000250
8556.136000,-0.176790,0.108943,0.307263,-2.081463,-2.113473,0.245566,-0.025719,-0.000444,0.016065,-0.001715,0.065290,0.000245
8556.144000,-0.176991,0.108946,0.307374,-2.081253,-2.113158,0.246026,-0.025715,-0.000444,0.016181,-0.001713,0.065242,0.000249
8556.152000,-0.177200,0.108941,0.307521,-2.080880,-2.112850,0.246610,-0.026134,-0.000452,0.016731,-0.001768,0.068003,0.000252
8556.160000,-0.177412,0.108934,0.307659,-2.080610,-2.112536,0.247224,-0.026549,-0.000467,0.018403,-0.001877,0.074219,0.000274
8556.168000,-0.177617,0.108933,0.307799,-2.080316,-2.112217,0.247805,-0.026384,-0.000462,0.017991,-0.001841,0.072134,0.000272
8556.176000,-0.177826,0.108931,0.307944,-2.080010,-2.111881,0.248378,-0.026225,-0.000458,0.018030,-0.001862,0.074018,0.000260
8556.184000,-0.178036,0.108929,0.308057,-2.079747,-2.111614,0.248862,-0.026033,-0.000448,0.016545,-0.001759,0.067624,0.000246
8556.192000,-0.178245,0.108928,0.308222,-2.079384,-2.111242,0.249493,-0.026177,-0.000454,0.017294,-0.001806,0.070342,0.000256
8556.200000,-0.178454,0.108917,0.308349,-2.079077,-2.110985,0.250047,-0.026160,-0.000449,0.016302,-0.001759,0.067198,0.000239
8556.208000,-0.178664,0.108919,0.308480,-2.078779,-2.110652,0.250575,-0.026175,-0.000450,0.016380,-0.001751,0.066613,0.000245
8556.216000,-0.178878,0.108920,0.308628,-2.078487,-2.110282,0.251182,-0.026028,-0.000446,0.016633,-0.001793,0.070016,0.000231
8556.224000,-0.179090,0.108904,0.308767,-2.078099,-2.110098,0.251759,-0.026037,-0.000456,0.017351,-0.001790,0.068875,0.000265
8556.232000,-0.179288,0.108901,0.308882,-2.077872,-2.109796,0.252272,-0.026139,-0.000453,0.016734,-0.001758,0.066690,0.000257
8556.240000,-0.179505,0.108900,0.309029,-2.077530,-2.109418,0.252891,-0.026644,-0.000465,0.018245,-0.001894,0.074838,0.000260
8556.248000,-0.179718,0.108890,0.309170,-2.077197,-2.109139,0.253503,-0.026444,-0.000457,0.016934,-0.001804,0.069201,0.000248
8556.256000,-0.179937,0.108885,0.309298,-2.076866,-2.108902,0.253997,-0.026605,-0.000459,0.016667,-0.001789,0.067816,0.000247
8556.264000,-0.180134,0.108892,0.309437,-2.076670,-2.108502,0.254541,-0.026551,-0.000455,0.016266,-0.001753,0.065697,0.000246
8556.272000,-0.180353,0.108885,0.309580,-2.076307,-2.108208,0.255123,-0.026715,-0.000460,0.016707,-0.001792,0.067835,0.000248
8556.280000,-0.180569,0.108883,0.309712,-2.076036,-2.107915,0.255679,-0.026786,-0.000463,0.017179,-0.001818,0.069407,0.000255
8556.288000,-0.180784,0.108869,0.309868,-2.075606,-2.107638,0.256375,-0.026814,-0.000465,0.017630,-0.001869,0.072599,0.000250
8556.296000,-0.180988,0.108878,0.309973,-2.075449,-2.107291,0.256747,-0.026486,-0.000449,0.015508,-0.001723,0.063914,0.000227
8556.304000,-0.181205,0.108871,0.310091,-2.075181,-2.107057,0.257297,-0.026686,-0.000458,0.016311,-0.001749,0.064830,0.000251
8556.312000,-0.181426,0.108860,0.310226,-2.074830,-2.106771,0.257848,-0.026795,-0.000456,0.016314,-0.001816,0.069388,0.000221
8556.320000,-0.181642,0.108859,0.310355,-2.074559,-2.106453,0.258429,-0.026776,-0.000462,0.017048,-0.001811,0.068592,0.000253
8556.328000,-0.181865,0.108853,0.310482,-2.074238,-2.106178,0.258974,-0.026686,-0.000459,0.016648,-0.001794,0.067677,0.000244
8556.336000,-0.182074,0.108847,0.310618,-2.073956,-2.105863,0.259490,-0.026669,-0.000455,0.016664,-0.001844,0.071276,0.000219
8556.344000,-0.182279,0.108858,0.310738,-2.073695,-2.105544,0.259971,-0.026626,-0.000459,0.016767,-0.001773,0.066248,0.000257
8556.352000,-0.182498,0.108839,0.310878,-2.073379,-2.105315,0.260578,-0.026857,-0.000463,0.017284,-0.001860,0.071602,0.000240
8556.360000,-0.182709,0.108852,0.311019,-2.073101,-2.104869,0.261134,-0.026780,-0.000463,0.017739,-0.001870,0.072589,0.000250
8556.368000,-0.182932,0.108835,0.311185,-2.072685,-2.104524,0.261850,-0.026810,-0.000460,0.017053,-0.001851,0.071075,0.000234
8556.376000,-0.183158,0.108838,0.311332,-2.072306,-2.104159,0.262468,-0.027042,-0.000453,0.015380,-0.001780,0.066459,0.000203
8556.384000,-0.183364,0.108838,0.311434,-2.072071,-2.103898,0.262937,-0.027104,-0.000462,0.016636,-0.001826,0.069014,0.000232
8556.392000,-0.183592,0.108829,0.311547,-2.071860,-2.103638,0.263409,-0.026913,-0.000452,0.015735,-0.001806,0.068352,0.000202
8556.400000,-0.183806,0.108828,0.311694,-2.071530,-2.103334,0.263995,-0.027431,-0.000467,0.017194,-0.001890,0.072666,0.000228
8556.408000,-0.184022,0.108825,0.311819,-2.071208,-2.103057,0.264535,-0.027382,-0.000471,0.017679,-0.001889,0.072306,0.000248
8556.416000,-0.184235,0.108825,0.311962,-2.070902,-2.102696,0.265136,-0.027504,-0.000469,0.017565,-0.001920,0.074583,0.000228
8556.424000,-0.184465,0.108810,0.312100,-2.070526,-2.102436,0.265689,-0.027432,-0.000467,0.016730,-0.001859,0.070274,0.000226
8556.432000,-0.184671,0.108816,0.312232,-2.070283,-2.102045,0.266300,-0.027487,-0.000467,0.017104,-0.001883,0.071956,0.000228
8556.440000,-0.184892,0.108814,0.312369,-2.069998,-2.101701,0.266833,-0.027709,-0.000470,0.016732,-0.001846,0.068913,0.000235
8556.448000,-0.185118,0.108796,0.312511,-2.069579,-2.101482,0.267445,-0.027843,-0.000470,0.016263,-0.001846,0.068505,0.000221
8556.456000,-0.185345,0.108793,0.312624,-2.069305,-2.101231,0.267938,-0.027245,-0.000453,0.014586,-0.001735,0.062581,0.000196
8556.464000,-0.185561,0.108800,0.312747,-2.069065,-2.100865,0.268497,-0.027710,-0.000468,0.016355,-0.001831,0.067882,0.000227
8556.472000,-0.185793,0.108787,0.312874,-2.068754,-2.100621,0.268979,-0.027567,-0.000470,0.017012,-0.001883,0.071218,0.000228
8556.480000,-0.186013,0.108786,0.313012,-2.068448,-2.100267,0.269616,-0.028265,-0.000482,0.018167,-0.001993,0.077353,0.000230
8556.488000,-0.186234,0.108786,0.313150,-2.068167,-2.099933,0.270168,-0.028094,-0.000479,0.017792,-0.001952,0.074928,0.000232
8556.496000,-0.186465,0.108771,0.313305,-2.067764,-2.099574,0.270880,-0.027929,-0.000471,0.016887,-0.001923,0.073341,0.000208
8556.504000,-0.186680,0.108780,0.313426,-2.067496,-2.099275,0.271347,-0.027801,-0.000470,0.016729,-0.001870,0.069996,0.000225
8556.512000,-0.186903,0.108781,0.313577,-2.067153,-2.098867,0.271957,-0.028181,-0.000475,0.016959,-0.001907,0.071822,0.000221
8556.520000,-0.187136,0.108762,0.313719,-2.066738,-2.098660,0.272615,-0.028371,-0.000483,0.016911,-0.001868,0.068160,0.000245
8556.528000,-0.187363,0.108761,0.313861,-2.066416,-2.098325,0.273143,-0.028116,-0.000472,0.015973,-0.001846,0.067676,0.000212
8556.536000,-0.187591,0.108758,0.313978,-2.066217,-2.098005,0.273669,-0.027917,-0.000466,0.015864,-0.001856,0.068893,0.000198
8556.544000,-0.187795,0.108762,0.314113,-2.065858,-2.097662,0.274257,-0.027933,-0.000467,0.015407,-0.001782,0.063789,0.000216
8556.552000,-0.188025,0.108751,0.314226,-2.065617,-2.097425,0.274749,-0.028236,-0.000473,0.016133,-0.001861,0.068395,0.000212
8556.560000,-0.188253,0.108753,0.314375,-2.065344,-2.097002,0.275400,-0.028207,-0.000476,0.016801,-0.001882,0.069718,0.000227
8556.568000,-0.188482,0.108756,0.314510,-2.064992,-2.096681,0.275906,-0.028390,-0.000468,0.015170,-0.001823,0.066027,0.000192
8556.576000,-0.188710,0.108746,0.314631,-2.064680,-2.096394,0.276478,-0.028906,-0.000482,0.016469,-0.001922,0.071285,0.000205
8556.584000,-0.188947,0.108735,0.314771,-2.064368,-2.096139,0.277063,-0.028348,-0.000470,0.015380,-0.001830,0.066113,0.000198
8556.592000,-0.189177,0.108730,0.314885,-2.064063,-2.095825,0.277605,-0.028573,-0.000479,0.016529,-0.001912,0.070911,0.000208
8556.600000,-0.189405,0.108726,0.315016,-2.063751,-2.095554,0.278087,-0.028546,-0.000479,0.016454,-0.001901,0.070019,0.000211
8556.608000,-0.189632,0.108721,0.315149,-2.063424,-2.095250,0.278674,-0.028502,-0.000467,0.015077,-0.001870,0.068735,0.000168
8556.616000,-0.189855,0.108732,0.315281,-2.063102,-2.094837,0.279247,-0.028521,-0.000470,0.015526,-0.001872,0.068778,0.000184
8556.624000,-0.190081,0.108717,0.315382,-2.062901,-2.094649,0.279709,-0.028509,-0.000471,0.015492,-0.001860,0.067704,0.000190
8556.632000,-0.190306,0.108724,0.315519,-2.062585,-2.094244,0.280297,-0.028316,-0.000467,0.015738,-0.001876,0.069358,0.000186
8556.640000,-0.190545,0.108715,0.315646,-2.062179,-2.093944,0.280850,-0.028748,-0.000482,0.016934,-0.001942,0.072195,0.000212
8556.648000,-0.190770,0.108714,0.315773,-2.061966,-2.093620,0.281443,-0.028879,-0.000477,0.015574,-0.001867,0.067417,0.000195
8556.656000,-0.191012,0.108700,0.315887,-2.061635,-2.093404,0.281907,-0.028911,-0.000484,0.016655,-0.001933,0.071131,0.000208
8556.664000,-0.191225,0.108706,0.316014,-2.061416,-2.093038,0.282466,-0.028244,-0.000459,0.013750,-0.001737,0.060141,0.000175
8556.672000,-0.191458,0.108703,0.316127,-2.061076,-2.092783,0.282928,-0.028765,-0.000472,0.015134,-0.001856,0.066928,0.000180
8556.680000,-0.191692,0.108697,0.316225,-2.060840,-2.092535,0.283472,-0.028722,-0.000467,0.013898,-0.001763,0.060874,0.000176
8556.688000,-0.191933,0.108685,0.316351,-2.060514,-2.092247,0.283997,-0.028686,-0.000464,0.013292,-0.001732,0.058799,0.000168
8556.696000,-0.192162,0.108681,0.316483,-2.060112,-2.091943,0.284637,-0.028887,-0.000468,0.013861,-0.001792,0.062441,0.000163
8556.704000,-0.192390,0.108682,0.316578,-2.059943,-2.091678,0.285069,-0.029119,-0.000471,0.013680,-0.001773,0.060749,0.000169
8556.712000,-0.192624,0.108669,0.316686,-2.059639,-2.091437,0.285536,-0.029032,-0.000471,0.013718,-0.001783,0.061320,0.000166
8556.720000,-0.192846,0.108672,0.316803,-2.059389,-2.091083,0.286072,-0.028993,-0.000475,0.014415,-0.001792,0.061761,0.000188
8556.728000,-0.193076,0.108673,0.316911,-2.059180,-2.090822,0.286490,-0.028790,-0.000465,0.013716,-0.001776,0.061512,0.000163
8556.736000,-0.193305,0.108675,0.317030,-2.058909,-2.090518,0.286975,-0.028876,-0.000466,0.013859,-0.001795,0.062700,0.000159
8556.744000,-0.193543,0.108669,0.317115,-2.058686,-2.090316,0.287362,-0.028824,-0.000466,0.013289,-0.001717,0.057255,0.000177
8556.752000,-0.193754,0.108655,0.317269,-2.058266,-2.089959,0.288029,-0.028695,-0.000466,0.013328,-0.001721,0.057514,0.000175
8556.760000,-0.194006,0.108647,0.317364,-2.058022,-2.089769,0.288466,-0.029068,-0.000472,0.014201,-0.001825,0.063730,0.000164
8556.768000,-0.194230,0.108656,0.317478,-2.057773,-2.089411,0.288969,-0.029014,-0.000466,0.013529,-0.001788,0.061789,0.000153
8556.776000,-0.194470,0.108645,0.317587,-2.057493,-2.089171,0.289410,-0.028897,-0.000457,0.011554,-0.001673,0.054557,0.000130
8556.784000,-0.194692,0.108641,0.317674,-2.057269,-2.088959,0.289900,-0.029127,-0.000469,0.013011,-0.001730,0.057389,0.000164
8556.792000,-0.194929,0.108637,0.317782,-2.056959,-2.088712,0.290351,-0.028879,-0.000463,0.012880,-0.001743,0.058918,0.000147
8556.800000,-0.195156,0.108643,0.317887,-2.056790,-2.088337,0.290817,-0.029380,-0.000474,0.014243,-0.001849,0.064967,0.000156
8556.808000,-0.195406,0.108631,0.317982,-2.056481,-2.088145,0.291254,-0.029402,-0.000477,0.014090,-0.001821,0.062623,0.000167
8556.816000,-0.195634,0.108630,0.318065,-2.056320,-2.087930,0.291732,-0.029191,-0.000458,0.011751,-0.001708,0.056455,0.000123
8556.824000,-0.195870,0.108622,0.318182,-2.055949,-2.087668,0.292233,-0.029334,-0.000470,0.012905,-0.001751,0.058391,0.000152
8556.832000,-0.196104,0.108621,0.318279,-2.055753,-2.087358,0.292633,-0.029415,-0.000466,0.012529,-0.001768,0.059656,0.000129
8556.840000,-0.196338,0.108613,0.318394,-2.055404,-2.087078,0.293196,-0.029490,-0.000472,0.012785,-0.001750,0.057864,0.000151
8556.848000,-0.196582,0.108611,0.318498,-2.055134,-2.086857,0.293645,-0.029247,-0.000469,0.013322,-0.001794,0.061228,0.000146
8556.856000,-0.196818,0.108602,0.318599,-2.054858,-2.086576,0.294155,-0.029150,-0.000459,0.011376,-0.001686,0.054624,0.000120
8556.864000,-0.197050,0.108604,0.318704,-2.054625,-2.086261,0.294619,-0.028979,-0.000462,0.012500,-0.001730,0.057519,0.000140
8556.872000,-0.197276,0.108606,0.318768,-2.054462,-2.086077,0.294961,-0.029170,-0.000457,0.010993,-0.001646,0.052055,0.000124
8556.880000,-0.197513,0.108605,0.318877,-2.054226,-2.085752,0.295406,-0.029110,-0.000462,0.011922,-0.001680,0.054048,0.000144
8556.888000,-0.197750,0.108592,0.318954,-2.053921,-2.085590,0.295829,-0.029522,-0.000474,0.013509,-0.001809,0.061382,0.000151
8556.896000,-0.197991,0.108588,0.319045,-2.053747,-2.085320,0.296278,-0.029174,-0.000461,0.011731,-0.001700,0.055232,0.000128
8556.904000,-0.198217,0.108592,0.319167,-2.053455,-2.084999,0.296806,-0.029612,-0.000468,0.012129,-0.001729,0.056277,0.000136
8556.912000,-0.198458,0.108581,0.319252,-2.053160,-2.084787,0.297205,-0.029512,-0.000466,0.011457,-0.001677,0.052898,0.000135
8556.920000,-0.198693,0.108580,0.319351,-2.052915,-2.084573,0.297666,-0.029075,-0.000458,0.011467,-0.001680,0.054101,0.000125
8556.928000,-0.198922,0.108575,0.319443,-2.052726,-2.084278,0.298094,-0.029478,-0.000460,0.010909,-0.001672,0.052927,0.000113
8556.936000,-0.199157,0.108584,0.319514,-2.052518,-2.084036,0.298448,-0.029365,-0.000461,0.010920,-0.001625,0.049883,0.000135
8556.944000,-0.199399,0.108568,0.319615,-2.052226,-2.083839,0.298902,-0.029385,-0.000449,0.008920,-0.001568,0.046720,0.000084
8556.952000,-0.199623,0.108570,0.319700,-2.052002,-2.083593,0.299349,-0.029500,-0.000459,0.010333,-0.001616,0.049107,0.000119
8556.960000,-0.199863,0.108558,0.319770,-2.051836,-2.083410,0.299746,-0.029459,-0.000454,0.009180,-0.001549,0.044913,0.000107
8556.968000,-0.200095,0.108557,0.319879,-2.051504,-2.083139,0.300226,-0.029823,-0.000466,0.010486,-0.001625,0.048838,0.000127
8556.976000,-0.200342,0.108554,0.319963,-2.051338,-2.082857,0.300559,-0.029705,-0.000472,0.012325,-0.001737,0.056018,0.000142
8556.984000,-0.200570,0.108552,0.320045,-2.051089,-2.082706,0.300919,-0.029458,-0.000457,0.009892,-0.001587,0.047098,0.000116
8556.992000,-0.200806,0.108548,0.320117,-2.050923,-2.082463,0.301296,-0.029499,-0.000460,0.010380,-0.001619,0.049020,0.000120
8557.000000,-0.201030,0.108555,0.320194,-2.050763,-2.082206,0.301694,-0.029607,-0.000455,0.009549,-0.001578,0.046461,0.000108
8557.008000,-0.201288,0.108534,0.320271,-2.050462,-2.082099,0.302077,-0.029613,-0.000459,0.009751,-0.001594,0.047141,0.000110
8557.016000,-0.201532,0.108532,0.320351,-2.050226,-2.081855,0.302482,-0.029640,-0.000458,0.009880,-0.001630,0.049615,0.000097
8557.024000,-0.201768,0.108539,0.320437,-2.050034,-2.081552,0.302867,-0.029775,-0.000460,0.010155,-0.001638,0.049921,0.000105
8557.032000,-0.201995,0.108534,0.320518,-2.049841,-2.081313,0.303302,-0.029648,-0.000446,0.007975,-0.001538,0.044242,0.000065
8557.040000,-0.202245,0.108524,0.320603,-2.049564,-2.081126,0.303700,-0.030267,-0.000467,0.009713,-0.001627,0.048076,0.000103
8557.048000,-0.202472,0.108522,0.320654,-2.049408,-2.080995,0.303972,-0.029704,-0.000452,0.008809,-0.001575,0.046120,0.000082
8557.056000,-0.202713,0.108518,0.320728,-2.049255,-2.080739,0.304350,-0.030115,-0.000461,0.009507,-0.001637,0.049279,0.000086
8557.064000,-0.202956,0.108510,0.320789,-2.049104,-2.080568,0.304694,-0.030189,-0.000463,0.009088,-0.001587,0.045602,0.000097
8557.072000,-0.203198,0.108502,0.320871,-2.048780,-2.080393,0.305166,-0.029812,-0.000451,0.008028,-0.001537,0.043369,0.000073
8557.080000,-0.203429,0.108514,0.320929,-2.048635,-2.080124,0.305392,-0.029830,-0.000453,0.008258,-0.001528,0.042626,0.000087
8557.088000,-0.203675,0.108499,0.320994,-2.048487,-2.079962,0.305782,-0.030070,-0.000456,0.008236,-0.001550,0.043637,0.000079
8557.096000,-0.203908,0.108496,0.321053,-2.048302,-2.079798,0.306092,-0.029716,-0.000448,0.007578,-0.001499,0.041021,0.000073
8557.104000,-0.204152,0.108503,0.321144,-2.048080,-2.079492,0.306522,-0.030197,-0.000459,0.009039,-0.001611,0.047342,0.000081
8557.112000,-0.204398,0.108490,0.321214,-2.047824,-2.079352,0.306863,-0.029983,-0.000459,0.008953,-0.001585,0.045775,0.000089
8557.120000,-0.204630,0.108492,0.321270,-2.047726,-2.079135,0.307187,-0.029694,-0.000444,0.007259,-0.001503,0.041543,0.000056
8557.128000,-0.204869,0.108494,0.321350,-2.047507,-2.078832,0.307624,-0.029765,-0.000444,0.007850,-0.001568,0.045862,0.000046
8557.136000,-0.205120,0.108484,0.321395,-2.047240,-2.078746,0.307874,-0.029802,-0.000450,0.007675,-0.001510,0.041414,0.000073
8557.144000,-0.205351,0.108486,0.321438,-2.047183,-2.078571,0.308127,-0.029437,-0.000437,0.006744,-0.001464,0.039516,0.000051
8557.152000,-0.205594,0.108476,0.321498,-2.046952,-2.078406,0.308467,-0.029751,-0.000448,0.007605,-0.001512,0.041677,0.000067
8557.160000,-0.205835,0.108483,0.321572,-2.046769,-2.078172,0.308835,-0.030291,-0.000464,0.009685,-0.001640,0.048670,0.000094
8557.168000,-0.206081,0.108467,0.321626,-2.046554,-2.078069,0.309099,-0.029499,-0.000444,0.007364,-0.001494,0.040910,0.000063
8557.176000,-0.206318,0.108459,0.321691,-2.046360,-2.077886,0.309521,-0.029987,-0.000454,0.008176,-0.001554,0.043704,0.000073
8557.184000,-0.206555,0.108456,0.321758,-2.046187,-2.077660,0.309884,-0.029540,-0.000443,0.006739,-0.001442,0.037316,0.000067
8557.192000,-0.206794,0.108450,0.321818,-2.045987,-2.077476,0.310206,-0.029949,-0.000447,0.006512,-0.001452,0.037263,0.000060
8557.200000,-0.207034,0.108452,0.321851,-2.045892,-2.077303,0.310445,-0.030131,-0.000452,0.006908,-0.001468,0.037847,0.000070
8557.208000,-0.207270,0.108442,0.321929,-2.045646,-2.077156,0.310817,-0.030256,-0.000458,0.007547,-0.001503,0.039616,0.000081
8557.216000,-0.207525,0.108444,0.321965,-2.045471,-2.077015,0.311023,-0.030120,-0.000443,0.005331,-0.001404,0.034138,0.000040
8557.224000,-0.207743,0.108446,0.322024,-2.045359,-2.076732,0.311421,-0.029974,-0.000439,0.005640,-0.001448,0.037498,0.000025
8557.232000,-0.207979,0.108441,0.322071,-2.045148,-2.076553,0.311708,-0.030036,-0.000446,0.006198,-0.001448,0.036879,0.000050
8557.240000,-0.208234,0.108427,0.322118,-2.044984,-2.076497,0.311981,-0.030170,-0.000451,0.006822,-0.001500,0.039827,0.000051
8557.248000,-0.208471,0.108442,0.322160,-2.044868,-2.076271,0.312212,-0.030508,-0.000455,0.007314,-0.001536,0.041615,0.000057
8557.256000,-0.208723,0.108422,0.322216,-2.044696,-2.076159,0.312580,-0.030422,-0.000455,0.007019,-0.001515,0.040244,0.000056
8557.264000,-0.208954,0.108427,0.322279,-2.044489,-2.075944,0.312912,-0.029959,-0.000437,0.005046,-0.001400,0.034205,0.000027
8557.272000,-0.209200,0.108421,0.322320,-2.044348,-2.075765,0.313172,-0.030244,-0.000449,0.006837,-0.001522,0.041294,0.000040
8557.280000,-0.209438,0.108417,0.322373,-2.044162,-2.075600,0.313481,-0.030461,-0.000455,0.006463,-0.001465,0.036821,0.000061
8557.288000,-0.209682,0.108421,0.322418,-2.044065,-2.075375,0.313768,-0.030644,-0.000451,0.005920,-0.001465,0.036855,0.000041
8557.296000,-0.209929,0.108410,0.322465,-2.043871,-2.075226,0.314086,-0.030604,-0.000450,0.005590,-0.001454,0.036232,0.000033
8557.304000,-0.210178,0.108403,0.322498,-2.043679,-2.075156,0.314334,-0.030012,-0.000446,0.006088,-0.001438,0.035925,0.000052
8557.312000,-0.210405,0.108409,0.322560,-2.043546,-2.074895,0.314673,-0.030252,-0.000435,0.003506,-0.001321,0.028635,0.000013
8557.320000,-0.210650,0.108395,0.322571,-2.043451,-2.074907,0.314829,-0.029912,-0.000436,0.004266,-0.001342,0.030250,0.000027
8557.328000,-0.210896,0.108396,0.322602,-2.043292,-2.074692,0.315020,-0.030397,-0.000444,0.004409,-0.001362,0.030562,0.000032
8557.336000,-0.211136,0.108395,0.322648,-2.043191,-2.074532,0.315354,-0.030507,-0.000443,0.003987,-0.001339,0.028922,0.000029
8557.344000,-0.211379,0.108385,0.322691,-2.042968,-2.074398,0.315656,-0.030513,-0.000449,0.005572,-0.001460,0.036587,0.000029
8557.352000,-0.211629,0.108391,0.322741,-2.042831,-2.074176,0.315923,-0.030543,-0.000450,0.005659,-0.001443,0.035283,0.000042
8557.360000,-0.211872,0.108381,0.322772,-2.042702,-2.074051,0.316209,-0.030084,-0.000436,0.004529,-0.001399,0.033764,0.000010
8557.368000,-0.212123,0.108379,0.322794,-2.042611,-2.073924,0.316368,-0.030336,-0.000444,0.004619,-0.001379,0.031592,0.000031
8557.376000,-0.212353,0.108382,0.322824,-2.042544,-2.073758,0.316594,-0.030494,-0.000445,0.004397,-0.001354,0.029651,0.000038
8557.384000,-0.212609,0.108371,0.322866,-2.042299,-2.073706,0.316854,-0.029978,-0.000435,0.003893,-0.001327,0.029014,0.000022
8557.392000,-0.212847,0.108365,0.322885,-2.042273,-2.073586,0.317048,-0.029927,-0.000437,0.004643,-0.001379,0.032354,0.000024
8557.400000,-0.213093,0.108369,0.322923,-2.042125,-2.073402,0.317291,-0.030090,-0.000440,0.004438,-0.001350,0.030035,0.000035
8557.408000,-0.213330,0.108369,0.322970,-2.042026,-2.073203,0.317580,-0.030463,-0.000439,0.003340,-0.001310,0.027058,0.000018
8557.416000,-0.213576,0.108355,0.322992,-2.041812,-2.073211,0.317785,-0.030110,-0.000430,0.002653,-0.001284,0.026253,-0.000002
8557.424000,-0.213826,0.108357,0.322982,-2.041789,-2.073107,0.317882,-0.030507,-0.000442,0.004272,-0.001388,0.031918,0.000015
8557.432000,-0.214061,0.108347,0.323015,-2.041673,-2.072995,0.318145,-0.030245,-0.000433,0.002194,-0.001233,0.022471,0.000011
8557.440000,-0.214309,0.108339,0.323044,-2.041522,-2.072886,0.318364,-0.030306,-0.000434,0.002710,-0.001303,0.027053,-0.000006
8557.448000,-0.214552,0.108339,0.323066,-2.041380,-2.072733,0.318599,-0.030655,-0.000444,0.003484,-0.001332,0.027863,0.000018
8557.456000,-0.214800,0.108336,0.323088,-2.041328,-2.072605,0.318777,-0.030690,-0.000435,0.001696,-0.001251,0.023003,-0.000010
8557.464000,-0.215037,0.108342,0.323120,-2.041204,-2.072426,0.319028,-0.030459,-0.000435,0.003251,-0.001356,0.030255,-0.000010
8557.472000,-0.215277,0.108336,0.323171,-2.041032,-2.072200,0.319393,-0.030969,-0.000452,0.005204,-0.001474,0.036404,0.000015
8557.480000,-0.215533,0.108327,0.323182,-2.040843,-2.072207,0.319567,-0.030370,-0.000432,0.002607,-0.001316,0.027787,-0.000015
8557.488000,-0.215780,0.108324,0.323197,-2.040814,-2.072023,0.319761,-0.030353,-0.000430,0.001788,-0.001253,0.023751,-0.000014
8557.496000,-0.216009,0.108329,0.323218,-2.040672,-2.071900,0.319975,-0.030596,-0.000432,0.001962,-0.001279,0.025045,-0.000017
8557.504000,-0.216252,0.108317,0.323230,-2.040522,-2.071837,0.320138,-0.030407,-0.000435,0.002401,-0.001275,0.024733,0.000001
8557.512000,-0.216498,0.108317,0.323236,-2.040466,-2.071768,0.320328,-0.030368,-0.000433,0.002323,-0.001271,0.024594,-0.000001
8557.520000,-0.216753,0.108302,0.323242,-2.040407,-2.071702,0.320459,-0.030481,-0.000431,0.001604,-0.001271,0.024695,-0.000028
8557.528000,-0.216985,0.108310,0.323257,-2.040330,-2.071526,0.320688,-0.030603,-0.000432,0.001638,-0.001257,0.023420,-0.000017
8557.536000,-0.217230,0.108313,0.323267,-2.040207,-2.071406,0.320812,-0.030760,-0.000434,0.001075,-0.001206,0.019686,-0.000008
8557.544000,-0.217470,0.108307,0.323298,-2.040063,-2.071283,0.321054,-0.030365,-0.000429,0.001580,-0.001247,0.023200,-0.000018
8557.552000,-0.217727,0.108297,0.323312,-2.039939,-2.071233,0.321240,-0.030722,-0.000435,0.001165,-0.001210,0.019883,-0.000006
8557.560000,-0.217970,0.108296,0.323304,-2.039896,-2.071129,0.321342,-0.030665,-0.000436,0.001747,-0.001257,0.023056,-0.000010
8557.568000,-0.218222,0.108285,0.323319,-2.039794,-2.071056,0.321556,-0.030676,-0.000432,0.000966,-0.001234,0.021785,-0.000028
8557.576000,-0.218467,0.108283,0.323334,-2.039680,-2.070933,0.321748,-0.030807,-0.000432,0.000517,-0.001213,0.020285,-0.000033
8557.584000,-0.218710,0.108285,0.323344,-2.039594,-2.070842,0.321898,-0.030673,-0.000437,0.001751,-0.001251,0.022480,-0.000005
8557.592000,-0.218951,0.108281,0.323342,-2.039517,-2.070786,0.322020,-0.030500,-0.000426,0.000235,-0.001177,0.018430,-0.000030
8557.600000,-0.219200,0.108273,0.323356,-2.039407,-2.070704,0.322242,-0.030643,-0.000432,0.000836,-0.001214,0.020415,-0.000023
8557.608000,-0.219444,0.108281,0.323366,-2.039412,-2.070505,0.322399,-0.030622,-0.000432,0.001136,-0.001225,0.021090,-0.000017
8557.616000,-0.219686,0.108266,0.323374,-2.039195,-2.070525,0.322556,-0.030560,-0.000433,0.000672,-0.001178,0.017984,-0.000010
8557.624000,-0.219934,0.108268,0.323374,-2.039138,-2.070411,0.322686,-0.030528,-0.000426,-0.000036,-0.001170,0.017961,-0.000036
8557.632000,-0.220178,0.108261,0.323364,-2.039173,-2.070336,0.322838,-0.030548,-0.000421,-0.001329,-0.001095,0.013240,-0.000046
8557.640000,-0.220434,0.108250,0.323344,-2.039056,-2.070388,0.322901,-0.030543,-0.000431,0.000131,-0.001149,0.016158,-0.000015
8557.648000,-0.220667,0.108249,0.323330,-2.039031,-2.070310,0.323000,-0.030458,-0.000424,-0.000120,-0.001174,0.018301,-0.000042
8557.656000,-0.220914,0.108248,0.323331,-2.038988,-2.070206,0.323102,-0.030393,-0.000424,-0.000645,-0.001109,0.014016,-0.000027
8557.664000,-0.221161,0.108245,0.323340,-2.038935,-2.070108,0.323287,-0.030723,-0.000431,-0.000165,-0.001150,0.015923,-0.000024
8557.672000,-0.221407,0.108251,0.323328,-2.038887,-2.069999,0.323377,-0.030778,-0.000432,0.000064,-0.001157,0.016158,-0.000017
8557.680000,-0.221649,0.108238,0.323327,-2.038762,-2.069975,0.323565,-0.030622,-0.000426,-0.001006,-0.001102,0.013177,-0.000033
8557.688000,-0.221895,0.108245,0.323312,-2.038758,-2.069857,0.323611,-0.030959,-0.000431,-0.000563,-0.001147,0.015387,-0.000033
8557.696000,-0.222137,0.108228,0.323317,-2.038573,-2.069880,0.323845,-0.030998,-0.000434,-0.000180,-0.001179,0.017280,-0.000034
8557.704000,-0.222379,0.108226,0.323322,-2.038470,-2.069764,0.324000,-0.030895,-0.000425,-0.001457,-0.001124,0.014332,-0.000058
8557.712000,-0.222613,0.108227,0.323321,-2.038459,-2.069655,0.324136,-0.030835,-0.000427,-0.000755,-0.001156,0.016326,-0.000048
8557.720000,-0.222877,0.108225,0.323280,-2.038474,-2.069652,0.324061,-0.030862,-0.000429,-0.001296,-0.001089,0.011662,-0.000030
8557.728000,-0.223116,0.108227,0.323272,-2.038434,-2.069570,0.324227,-0.031074,-0.000430,-0.001258,-0.001108,0.012606,-0.000036
8557.736000,-0.223367,0.108212,0.323269,-2.038357,-2.069539,0.324352,-0.030718,-0.000422,-0.002095,-0.001066,0.010776,-0.000053
8557.744000,-0.223621,0.108211,0.323255,-2.038283,-2.069488,0.324482,-0.030730,-0.000416,-0.003234,-0.001018,0.008044,-0.000073
8557.752000,-0.223861,0.108211,0.323216,-2.038349,-2.069424,0.324483,-0.031012,-0.000423,-0.002694,-0.001047,0.009132,-0.000060
8557.760000,-0.224110,0.108208,0.323203,-2.038214,-2.069432,0.324582,-0.030586,-0.000424,-0.002275,-0.000999,0.006208,-0.000023
8557.768000,-0.224346,0.108203,0.323206,-2.038185,-2.069305,0.324762,-0.031235,-0.000427,-0.002265,-0.001087,0.011169,-0.000060
8557.776000,-0.224598,0.108205,0.323180,-2.038140,-2.069281,0.324817,-0.030990,-0.000423,-0.003181,-0.000989,0.005177,-0.000046
8557.784000,-0.224844,0.108207,0.323145,-2.038131,-2.069259,0.324806,-0.031061,-0.000420,-0.003407,-0.001008,0.006495,-0.000065
8557.792000,-0.225095,0.108200,0.323125,-2.038162,-2.069164,0.324898,-0.030934,-0.000427,-0.002136,-0.001046,0.008686,-0.000036
8557.800000,-0.225345,0.108199,0.323116,-2.038034,-2.069147,0.324974,-0.031156,-0.000430,-0.001901,-0.001081,0.010545,-0.000042
8557.808000,-0.225603,0.108185,0.323095,-2.038036,-2.069129,0.325067,-0.031184,-0.000430,-0.001798,-0.001112,0.012654,-0.000055
8557.816000,-0.225856,0.108185,0.323055,-2.038025,-2.069140,0.325070,-0.030840,-0.000416,-0.003732,-0.000995,0.006112,-0.000074
8557.824000,-0.226092,0.108189,0.323043,-2.037971,-2.069043,0.325255,-0.030695,-0.000414,-0.003616,-0.000990,0.005978,-0.000069
8557.832000,-0.226350,0.108170,0.323002,-2.037960,-2.069128,0.325232,-0.030991,-0.000424,-0.002869,-0.001043,0.008638,-0.000062
8557.840000,-0.226599,0.108174,0.322999,-2.037903,-2.068981,0.325349,-0.030700,-0.000417,-0.003941,-0.000950,0.003212,-0.000058
8557.848000,-0.226844,0.108176,0.322970,-2.037912,-2.068948,0.325434,-0.030706,-0.000418,-0.003177,-0.000997,0.006064,-0.000053
8557.856000,-0.227094,0.108162,0.322937,-2.037889,-2.068986,0.325394,-0.030674,-0.000417,-0.003443,-0.001008,0.007095,-0.000072
8557.864000,-0.227333,0.108167,0.322899,-2.037889,-2.068944,0.325486,-0.030871,-0.000412,-0.005143,-0.000908,0.000447,-0.000079
8557.872000,-0.227582,0.108160,0.322853,-2.037886,-2.069003,0.325411,-0.030397,-0.000411,-0.004874,-0.000870,-0.001533,-0.000054
8557.880000,-0.227832,0.108157,0.322797,-2.037939,-2.069053,0.325337,-0.030872,-0.000421,-0.004200,-0.000923,0.000772,-0.000047
8557.888000,-0.228073,0.108166,0.322786,-2.037929,-2.068883,0.325453,-0.030765,-0.000414,-0.004069,-0.000978,0.004986,-0.000076
8557.896000,-0.228333,0.108141,0.322738,-2.037862,-2.069022,0.325490,-0.030695,-0.000416,-0.004643,-0.000908,0.000312,-0.000059
8557.904000,-0.228576,0.108144,0.322721,-2.037839,-2.068942,0.325561,-0.030706,-0.000416,-0.004835,-0.000894,-0.000608,-0.000059
8557.912000,-0.228823,0.108140,0.322674,-2.037840,-2.068957,0.325521,-0.030682,-0.000415,-0.005028,-0.000883,-0.001245,-0.000061
8557.920000,-0.229071,0.108141,0.322658,-2.037805,-2.068921,0.325603,-0.030831,-0.000410,-0.005714,-0.000887,-0.000833,-0.000088
8557.928000,-0.229310,0.108145,0.322602,-2.037874,-2.068892,0.325596,-0.030845,-0.000410,-0.005811,-0.000874,-0.001816,-0.000084
8557.936000,-0.229558,0.108141,0.322575,-2.037886,-2.068819,0.325634,-0.031034,-0.000418,-0.004555,-0.000954,0.002762,-0.000074
8557.944000,-0.229798,0.108147,0.322521,-2.037905,-2.068855,0.325557,-0.030737,-0.000411,-0.005104,-0.000904,0.000073,-0.000073
8557.952000,-0.230061,0.108118,0.322477,-2.037836,-2.069021,0.325595,-0.030938,-0.000414,-0.005474,-0.000909,0.000197,-0.000087
8557.960000,-0.230309,0.108115,0.322444,-2.037817,-2.068969,0.325649,-0.031050,-0.000416,-0.005987,-0.000864,-0.003014,-0.000079
8557.968000,-0.230547,0.108116,0.322391,-2.037871,-2.068942,0.325622,-0.030760,-0.000410,-0.006437,-0.000823,-0.005061,-0.000079
8557.976000,-0.230785,0.108114,0.322363,-2.037856,-2.068902,0.325699,-0.031227,-0.000418,-0.006124,-0.000859,-0.003738,-0.000077
8557.984000,-0.231042,0.108109,0.322304,-2.037901,-2.068965,0.325602,-0.030098,-0.000401,-0.005521,-0.000893,0.000893,-0.000097
8557.992000,-0.231286,0.108106,0.322247,-2.037881,-2.069040,0.325555,-0.030818,-0.000405,-0.008083,-0.000739,-0.010352,-0.000095
8558.000000,-0.231531,0.108102,0.322191,-2.037975,-2.069012,0.325551,-0.030719,-0.000408,-0.006627,-0.000825,-0.004835,-0.000087
8558.008000,-0.231772,0.108098,0.322122,-2.038002,-2.069110,0.325447,-0.030855,-0.000408,-0.007930,-0.000729,-0.011340,-0.000080
8558.016000,-0.232025,0.108099,0.322091,-2.037996,-2.069070,0.325474,-0.031047,-0.000412,-0.006736,-0.000835,-0.004855,-0.000089
8558.024000,-0.232274,0.108097,0.322027,-2.038076,-2.069103,0.325413,-0.031072,-0.000414,-0.007078,-0.000783,-0.008569,-0.000071
8558.032000,-0.232513,0.108093,0.321963,-2.038098,-2.069162,0.325314,-0.030962,-0.000411,-0.007677,-0.000748,-0.010510,-0.000077
8558.040000,-0.232758,0.108098,0.321912,-2.038166,-2.069165,0.325315,-0.031109,-0.000414,-0.006960,-0.000797,-0.007764,-0.000073
8558.048000,-0.233013,0.108088,0.321858,-2.038144,-2.069206,0.325279,-0.030822,-0.000410,-0.007172,-0.000778,-0.008425,-0.000076
8558.056000,-0.233272,0.108073,0.321797,-2.038127,-2.069312,0.325247,-0.031250,-0.000416,-0.006657,-0.000863,-0.003470,-0.000096
8558.064000,-0.233513,0.108074,0.321740,-2.038165,-2.069300,0.325253,-0.031018,-0.000414,-0.007127,-0.000795,-0.007678,-0.000079
8558.072000,-0.233752,0.108076,0.321681,-2.038303,-2.069293,0.325183,-0.030893,-0.000408,-0.007827,-0.000758,-0.009700,-0.000088
8558.080000,-0.234003,0.108063,0.321614,-2.038279,-2.069399,0.325053,-0.030965,-0.000410,-0.007753,-0.000780,-0.008287,-0.000096
8558.088000,-0.234255,0.108067,0.321571,-2.038340,-2.069394,0.325067,-0.031372,-0.000418,-0.007845,-0.000748,-0.011608,-0.000071
8558.096000,-0.234501,0.108064,0.321481,-2.038447,-2.069474,0.324926,-0.030836,-0.000407,-0.008708,-0.000690,-0.014077,-0.000083
8558.104000,-0.234750,0.108058,0.321404,-2.038575,-2.069577,0.324753,-0.031047,-0.000412,-0.009091,-0.000637,-0.018208,-0.000061
8558.112000,-0.234998,0.108056,0.321360,-2.038565,-2.069633,0.324695,-0.031079,-0.000412,-0.007501,-0.000806,-0.006930,-0.000097
8558.120000,-0.235249,0.108058,0.321295,-2.038635,-2.069650,0.324629,-0.031003,-0.000404,-0.009362,-0.000689,-0.014134,-0.000105
8558.128000,-0.235497,0.108045,0.321210,-2.038656,-2.069808,0.324452,-0.030835,-0.000406,-0.009831,-0.000607,-0.019454,-0.000078
8558.136000,-0.235734,0.108052,0.321128,-2.038873,-2.069786,0.324350,-0.031080,-0.000411,-0.008955,-0.000670,-0.016157,-0.000072
8558.144000,-0.235989,0.108045,0.321069,-2.038823,-2.069904,0.324288,-0.031101,-0.000411,-0.008581,-0.000722,-0.012648,-0.000088
8558.152000,-0.236235,0.108042,0.321023,-2.038861,-2.069915,0.324264,-0.031280,-0.000412,-0.009146,-0.000691,-0.014920,-0.000088
8558.160000,-0.236493,0.108029,0.320933,-2.038976,-2.070057,0.324097,-0.031393,-0.000415,-0.008791,-0.000733,-0.012404,-0.000096
8558.168000,-0.236728,0.108044,0.320860,-2.039141,-2.069968,0.324018,-0.031285,-0.000414,-0.008239,-0.000746,-0.011651,-0.000082
8558.176000,-0.236987,0.108036,0.320791,-2.039143,-2.070112,0.323879,-0.031624,-0.000421,-0.008100,-0.000762,-0.011393,-0.000078
8558.184000,-0.237239,0.108042,0.320727,-2.039247,-2.070111,0.323777,-0.031344,-0.000410,-0.009188,-0.000713,-0.013626,-0.000099
8558.192000,-0.237495,0.108023,0.320668,-2.039219,-2.070217,0.323820,-0.031393,-0.000417,-0.008171,-0.000767,-0.010453,-0.000089
8558.200000,-0.237747,0.108025,0.320572,-2.039306,-2.070318,0.323620,-0.031647,-0.000421,-0.008141,-0.000769,-0.010962,-0.000082
8558.208000,-0.237992,0.108027,0.320496,-2.039402,-2.070362,0.323508,-0.031197,-0.000407,-0.009313,-0.000721,-0.012706,-0.000111
8558.216000,-0.238249,0.108020,0.320427,-2.039432,-2.070405,0.323426,-0.031883,-0.000420,-0.009600,-0.000698,-0.015865,-0.000092
8558.224000,-0.238502,0.108012,0.320348,-2.039521,-2.070524,0.323310,-0.031707,-0.000419,-0.009018,-0.000732,-0.013368,-0.000092
8558.232000,-0.238753,0.108006,0.320254,-2.039616,-2.070655,0.323073,-0.031055,-0.000410,-0.010129,-0.000612,-0.019943,-0.000079
8558.240000,-0.239000,0.108009,0.320188,-2.039752,-2.070652,0.323038,-0.031725,-0.000419,-0.009204,-0.000718,-0.014389,-0.000090
8558.248000,-0.239258,0.108012,0.320107,-2.039859,-2.070704,0.322890,-0.031676,-0.000417,-0.009465,-0.000698,-0.015635,-0.000089
8558.256000,-0.239519,0.108005,0.320016,-2.039884,-2.070866,0.322693,-0.030907,-0.000404,-0.010262,-0.000629,-0.018386,-0.000097
8558.264000,-0.239768,0.107999,0.319919,-2.040047,-2.070965,0.322559,-0.030928,-0.000403,-0.010447,-0.000624,-0.018740,-0.000100
8558.272000,-0.240008,0.107996,0.319833,-2.040145,-2.071082,0.322365,-0.031014,-0.000413,-0.009124,-0.000671,-0.016459,-0.000071
8558.280000,-0.240258,0.107984,0.319764,-2.040210,-2.071155,0.322338,-0.031277,-0.000415,-0.008520,-0.000757,-0.011091,-0.000093
8558.288000,-0.240518,0.107988,0.319678,-2.040264,-2.071265,0.322110,-0.031329,-0.000418,-0.009120,-0.000685,-0.016176,-0.000072
8558.296000,-0.240763,0.107985,0.319625,-2.040372,-2.071205,0.322142,-0.031383,-0.000417,-0.009321,-0.000684,-0.016339,-0.000077
8558.304000,-0.241020,0.107987,0.319536,-2.040506,-2.071343,0.321934,-0.031114,-0.000419,-0.007651,-0.000761,-0.011196,-0.000061
8558.312000,-0.241264,0.107983,0.319483,-2.040492,-2.071374,0.321925,-0.031141,-0.000417,-0.008214,-0.000741,-0.012395,-0.000071
8558.320000,-0.241518,0.107974,0.319432,-2.040494,-2.071410,0.321855,-0.031319,-0.000411,-0.010447,-0.000640,-0.018745,-0.000096
8558.328000,-0.241770,0.107972,0.319338,-2.040625,-2.071497,0.321726,-0.031261,-0.000411,-0.009895,-0.000682,-0.015941,-0.000100
8558.336000,-0.242016,0.107974,0.319245,-2.040756,-2.071601,0.321530,-0.031483,-0.000420,-0.008995,-0.000708,-0.015256,-0.000073
8558.344000,-0.242277,0.107964,0.319160,-2.040837,-2.071758,0.321366,-0.031493,-0.000420,-0.008979,-0.000718,-0.014542,-0.000078
8558.352000,-0.242523,0.107960,0.319109,-2.040832,-2.071816,0.321288,-0.031754,-0.000424,-0.009221,-0.000714,-0.015328,-0.000078
8558.360000,-0.242762,0.107971,0.319040,-2.040988,-2.071748,0.321223,-0.031442,-0.000414,-0.010375,-0.000636,-0.019671,-0.000084
8558.368000,-0.243021,0.107954,0.318942,-2.041056,-2.071969,0.321040,-0.031631,-0.000421,-0.010538,-0.000600,-0.022609,-0.000064
8558.376000,-0.243275,0.107948,0.318879,-2.041030,-2.072052,0.320936,-0.031493,-0.000420,-0.009338,-0.000705,-0.015371,-0.000083
8558.384000,-0.243517,0.107948,0.318810,-2.041135,-2.072091,0.320888,-0.031533,-0.000415,-0.010183,-0.000675,-0.017173,-0.000097
8558.392000,-0.243766,0.107946,0.318728,-2.041248,-2.072146,0.320722,-0.031619,-0.000414,-0.011213,-0.000609,-0.021559,-0.000096
8558.400000,-0.244012,0.107939,0.318618,-2.041408,-2.072333,0.320466,-0.031664,-0.000422,-0.009984,-0.000662,-0.018621,-0.000076
8558.408000,-0.244274,0.107937,0.318549,-2.041452,-2.072420,0.320340,-0.031567,-0.000420,-0.010321,-0.000631,-0.020505,-0.000072
8558.416000,-0.244511,0.107941,0.318469,-2.041563,-2.072458,0.320237,-0.031613,-0.000418,-0.010136,-0.000667,-0.018166,-0.000085
8558.424000,-0.244765,0.107927,0.318398,-2.041619,-2.072532,0.320142,-0.031981,-0.000423,-0.011039,-0.000622,-0.021694,-0.000086
8558.432000,-0.245023,0.107930,0.318307,-2.041737,-2.072648,0.319943,-0.031853,-0.000427,-0.010345,-0.000617,-0.022350,-0.000055
8558.440000,-0.245270,0.107925,0.318243,-2.041766,-2.072754,0.319854,-0.031928,-0.000425,-0.009916,-0.000690,-0.017490,-0.000081
8558.448000,-0.245519,0.107929,0.318169,-2.041853,-2.072784,0.319739,-0.031942,-0.000426,-0.009429,-0.000724,-0.015410,-0.000081
8558.456000,-0.245776,0.107917,0.318094,-2.041891,-2.072867,0.319663,-0.032233,-0.000432,-0.009563,-0.000719,-0.016330,-0.000077
8558.464000,-0.246040,0.107906,0.318009,-2.042005,-2.072983,0.319516,-0.031925,-0.000424,-0.011090,-0.000610,-0.022667,-0.000078
8558.472000,-0.246294,0.107912,0.317936,-2.042112,-2.072989,0.319428,-0.031906,-0.000424,-0.009730,-0.000722,-0.015319,-0.000092
8558.480000,-0.246557,0.107913,0.317846,-2.042220,-2.073073,0.319291,-0.032029,-0.000427,-0.009621,-0.000724,-0.015587,-0.000085
8558.488000,-0.246818,0.107896,0.317750,-2.042285,-2.073231,0.319111,-0.031640,-0.000422,-0.010229,-0.000670,-0.018257,-0.000085
8558.496000,-0.247066,0.107891,0.317675,-2.042339,-2.073364,0.318999,-0.031861,-0.000425,-0.009507,-0.000742,-0.013948,-0.000095
8558.504000,-0.247309,0.107904,0.317624,-2.042422,-2.073289,0.318949,-0.031430,-0.000415,-0.010123,-0.000691,-0.016411,-0.000098
8558.512000,-0.247561,0.107895,0.317532,-2.042539,-2.073404,0.318778,-0.031732,-0.000421,-0.010461,-0.000666,-0.018789,-0.000088
8558.520000,-0.247816,0.107895,0.317431,-2.042709,-2.073532,0.318575,-0.031971,-0.000432,-0.008256,-0.000795,-0.011393,-0.000072
8558.528000,-0.248078,0.107882,0.317362,-2.042703,-2.073612,0.318496,-0.031672,-0.000423,-0.009915,-0.000703,-0.016268,-0.000090
8558.536000,-0.248333,0.107884,0.317300,-2.042775,-2.073636,0.318443,-0.032384,-0.000432,-0.010094,-0.000718,-0.016838,-0.000088
8558.544000,-0.248587,0.107879,0.317195,-2.042866,-2.073790,0.318201,-0.032079,-0.000428,-0.010261,-0.000689,-0.018195,-0.000083
8558.552000,-0.248846,0.107880,0.317123,-2.042954,-2.073823,0.318091,-0.031979,-0.000428,-0.010011,-0.000694,-0.017840,-0.000077
8558.560000,-0.249106,0.107869,0.317035,-2.043028,-2.073947,0.317964,-0.031900,-0.000429,-0.009609,-0.000719,-0.016014,-0.000079
8558.568000,-0.249364,0.107865,0.316977,-2.043063,-2.074009,0.317913,-0.032362,-0.000436,-0.009145,-0.000771,-0.013675,-0.000081
8558.576000,-0.249611,0.107867,0.316894,-2.043210,-2.074058,0.317782,-0.031613,-0.000424,-0.010163,-0.000666,-0.019062,-0.000073
8558.584000,-0.249864,0.107877,0.316818,-2.043323,-2.074037,0.317665,-0.031698,-0.000416,-0.010926,-0.000680,-0.017730,-0.000111
8558.592000,-0.250132,0.107861,0.316725,-2.043341,-2.074254,0.317499,-0.031904,-0.000424,-0.009817,-0.000753,-0.013536,-0.000107
8558.600000,-0.250369,0.107858,0.316661,-2.043390,-2.074245,0.317463,-0.031667,-0.000420,-0.010306,-0.000703,-0.016373,-0.000100
8558.608000,-0.250635,0.107851,0.316575,-2.043435,-2.074365,0.317354,-0.031905,-0.000429,-0.009501,-0.000735,-0.015185,-0.000081
8558.616000,-0.250906,0.107840,0.316479,-2.043541,-2.074512,0.317123,-0.032276,-0.000435,-0.009548,-0.000758,-0.014317,-0.000088
8558.624000,-0.251158,0.107846,0.316414,-2.043683,-2.074490,0.317097,-0.031944,-0.000426,-0.010102,-0.000726,-0.015650,-0.000097
8558.632000,-0.251413,0.107838,0.316335,-2.043687,-2.074581,0.316986,-0.031991,-0.000432,-0.008541,-0.000820,-0.009903,-0.000092
8558.640000,-0.251657,0.107836,0.316259,-2.043758,-2.074631,0.316935,-0.031772,-0.000427,-0.009267,-0.000769,-0.012702,-0.000094
8558.648000,-0.251912,0.107833,0.316181,-2.043804,-2.074698,0.316849,-0.031801,-0.000427,-0.009000,-0.000797,-0.010890,-0.000100
8558.656000,-0.252170,0.107835,0.316115,-2.043853,-2.074733,0.316721,-0.032214,-0.000433,-0.009927,-0.000732,-0.016168,-0.000085
8558.664000,-0.252430,0.107825,0.316024,-2.044045,-2.074805,0.316561,-0.032029,-0.000431,-0.009842,-0.000730,-0.015889,-0.000084
8558.672000,-0.252689,0.107826,0.315951,-2.043999,-2.074957,0.316466,-0.031965,-0.000429,-0.010330,-0.000690,-0.018478,-0.000079
8558.680000,-0.252949,0.107820,0.315880,-2.044107,-2.074962,0.316403,-0.032087,-0.000427,-0.010277,-0.000747,-0.014519,-0.000111
8558.688000,-0.253206,0.107816,0.315792,-2.044220,-2.075049,0.316251,-0.031974,-0.000431,-0.009721,-0.000732,-0.015851,-0.000080
8558.696000,-0.253473,0.107806,0.315722,-2.044253,-2.075157,0.316169,-0.031572,-0.000428,-0.009837,-0.000682,-0.018526,-0.000062
8558.704000,-0.253707,0.107820,0.315638,-2.044406,-2.075176,0.315977,-0.031589,-0.000423,-0.010222,-0.000691,-0.017744,-0.000082
8558.712000,-0.253971,0.107804,0.315567,-2.044405,-2.075296,0.315898,-0.031742,-0.000427,-0.010116,-0.000710,-0.016752,-0.000086
8558.720000,-0.254224,0.107803,0.315475,-2.044514,-2.075381,0.315764,-0.031589,-0.000423,-0.009293,-0.000787,-0.011293,-0.000105
8558.728000,-0.254478,0.107808,0.315420,-2.044581,-2.075346,0.315745,-0.032020,-0.000428,-0.009911,-0.000754,-0.014452,-0.000098
8558.736000,-0.254734,0.107795,0.315329,-2.044661,-2.075466,0.315564,-0.031238,-0.000415,-0.010794,-0.000682,-0.017222,-0.000107
8558.744000,-0.254988,0.107802,0.315244,-2.044765,-2.075521,0.315445,-0.031680,-0.000423,-0.009532,-0.000777,-0.012213,-0.000105
8558.752000,-0.255247,0.107801,0.315143,-2.044900,-2.075608,0.315292,-0.031752,-0.000422,-0.010448,-0.000727,-0.015578,-0.000107
8558.760000,-0.255493,0.107787,0.315059,-2.044945,-2.075756,0.315189,-0.032115,-0.000428,-0.010950,-0.000695,-0.018449,-0.000098
8558.768000,-0.255766,0.107784,0.315000,-2.044947,-2.075738,0.315137,-0.032409,-0.000433,-0.009645,-0.000828,-0.010171,-0.000123
8558.776000,-0.256019,0.107776,0.314907,-2.045008,-2.075829,0.315067,-0.032525,-0.000437,-0.009652,-0.000814,-0.011538,-0.000111
8558.784000,-0.256268,0.107788,0.314845,-2.045113,-2.075806,0.314996,-0.031963,-0.000426,-0.010210,-0.000748,-0.014864,-0.000103
8558.792000,-0.256535,0.107768,0.314763,-2.045196,-2.075916,0.314895,-0.031906,-0.000425,-0.010011,-0.000792,-0.011489,-0.000126
8558.800000,-0.256777,0.107770,0.314673,-2.045203,-2.076010,0.314759,-0.032347,-0.000432,-0.010211,-0.000779,-0.013507,-0.000113
8558.808000,-0.257043,0.107762,0.314571,-2.045355,-2.076139,0.314565,-0.031690,-0.000424,-0.010712,-0.000699,-0.017553,-0.000097
8558.816000,-0.257290,0.107771,0.314512,-2.045381,-2.076137,0.314535,-0.031949,-0.000424,-0.010242,-0.000778,-0.012664,-0.000123
8558.824000,-0.257553,0.107758,0.314429,-2.045419,-2.076195,0.314483,-0.032086,-0.000428,-0.010179,-0.000779,-0.012942,-0.000117
8558.832000,-0.257814,0.107759,0.314363,-2.045448,-2.076266,0.314378,-0.032053,-0.000431,-0.009343,-0.000814,-0.010934,-0.000106
8558.840000,-0.258054,0.107764,0.314301,-2.045551,-2.076196,0.314389,-0.032037,-0.000427,-0.009661,-0.000823,-0.010052,-0.000125
8558.848000,-0.258316,0.107751,0.314228,-2.045556,-2.076271,0.314344,-0.031660,-0.000415,-0.011481,-0.000722,-0.015415,-0.000142
8558.856000,-0.258560,0.107760,0.314120,-2.045750,-2.076351,0.314172,-0.031599,-0.000420,-0.010662,-0.000713,-0.016613,-0.000103
8558.864000,-0.258815,0.107756,0.314033,-2.045753,-2.076480,0.313958,-0.032225,-0.000426,-0.011360,-0.000724,-0.016834,-0.000123
8558.872000,-0.259090,0.107732,0.313931,-2.045832,-2.076635,0.313822,-0.032102,-0.000426,-0.011544,-0.000713,-0.017241,-0.000126
8558.880000,-0.259338,0.107737,0.313849,-2.045898,-2.076701,0.313725,-0.032670,-0.000440,-0.010221,-0.000780,-0.014615,-0.000100
8558.888000,-0.259590,0.107740,0.313743,-2.046081,-2.076733,0.313562,-0.032411,-0.000432,-0.010687,-0.000770,-0.014447,-0.000119
8558.896000,-0.259866,0.107727,0.313660,-2.046100,-2.076822,0.313495,-0.032192,-0.000433,-0.010255,-0.000765,-0.014653,-0.000102
8558.904000,-0.260119,0.107723,0.313591,-2.046142,-2.076864,0.313457,-0.032548,-0.000437,-0.009780,-0.000834,-0.010718,-0.000119
8558.912000,-0.260368,0.107731,0.313532,-2.046177,-2.076762,0.313483,-0.031972,-0.000426,-0.009717,-0.000835,-0.009309,-0.000132
8558.920000,-0.260630,0.107727,0.313434,-2.046231,-2.076912,0.313309,-0.031605,-0.000416,-0.011624,-0.000708,-0.016613,-0.000135
8558.928000,-0.260884,0.107717,0.313337,-2.046311,-2.077017,0.313195,-0.031658,-0.000418,-0.011232,-0.000741,-0.014562,-0.000139
8558.936000,-0.261135,0.107711,0.313246,-2.046330,-2.077153,0.313044,-0.032046,-0.000425,-0.010850,-0.000775,-0.013263,-0.000135
8558.944000,-0.261388,0.107700,0.313175,-2.046418,-2.077171,0.313033,-0.032184,-0.000432,-0.010112,-0.000803,-0.012079,-0.000119
8558.952000,-0.261640,0.107722,0.313083,-2.046555,-2.077141,0.312845,-0.031631,-0.000420,-0.010979,-0.000727,-0.015928,-0.000117
8558.960000,-0.261902,0.107703,0.312982,-2.046611,-2.077304,0.312748,-0.031532,-0.000413,-0.012062,-0.000704,-0.016556,-0.000150
8558.968000,-0.262158,0.107700,0.312898,-2.046632,-2.077395,0.312656,-0.031754,-0.000424,-0.010976,-0.000733,-0.015827,-0.000117
8558.976000,-0.262416,0.107704,0.312796,-2.046760,-2.077466,0.312472,-0.032153,-0.000427,-0.011062,-0.000766,-0.014284,-0.000132
8558.984000,-0.262678,0.107687,0.312710,-2.046855,-2.077537,0.312395,-0.032307,-0.000430,-0.010594,-0.000816,-0.011245,-0.000142
8558.992000,-0.262930,0.107687,0.312629,-2.046897,-2.077597,0.312290,-0.031909,-0.000425,-0.011794,-0.000691,-0.018904,-0.000117
8559.000000,-0.263189,0.107697,0.312517,-2.047065,-2.077663,0.312091,-0.031915,-0.000427,-0.010818,-0.000742,-0.015846,-0.000110
8559.008000,-0.263441,0.107689,0.312446,-2.047109,-2.077707,0.312058,-0.031974,-0.000421,-0.011943,-0.000726,-0.016417,-0.000144
8559.016000,-0.263701,0.107673,0.312347,-2.047129,-2.077847,0.311943,-0.031663,-0.000417,-0.012385,-0.000680,-0.018775,-0.000139
8559.024000,-0.263954,0.107674,0.312249,-2.047266,-2.077940,0.311798,-0.031936,-0.000429,-0.009914,-0.000821,-0.010684,-0.000124
8559.032000,-0.264213,0.107673,0.312160,-2.047307,-2.077968,0.311709,-0.031797,-0.000419,-0.011544,-0.000759,-0.013852,-0.000153
8559.040000,-0.264463,0.107664,0.312087,-2.047313,-2.078015,0.311662,-0.031644,-0.000420,-0.010781,-0.000793,-0.011533,-0.000148
8559.048000,-0.264725,0.107667,0.311996,-2.047377,-2.078101,0.311531,-0.031994,-0.000425,-0.010564,-0.000818,-0.010694,-0.000146
8559.056000,-0.264978,0.107649,0.311909,-2.047423,-2.078174,0.311509,-0.031617,-0.000422,-0.009972,-0.000852,-0.007669,-0.000154
8559.064000,-0.265229,0.107659,0.311826,-2.047559,-2.078130,0.311420,-0.031753,-0.000418,-0.011665,-0.000759,-0.013867,-0.000156
8559.072000,-0.265485,0.107659,0.311724,-2.047531,-2.078259,0.311258,-0.031643,-0.000414,-0.012636,-0.000702,-0.017169,-0.000160
8559.080000,-0.265741,0.107636,0.311618,-2.047639,-2.078403,0.311171,-0.032388,-0.000429,-0.011654,-0.000789,-0.013191,-0.000159
8559.088000,-0.265991,0.107646,0.311534,-2.047781,-2.078314,0.311122,-0.031923,-0.000420,-0.011990,-0.000751,-0.014711,-0.000159
8559.096000,-0.266252,0.107635,0.311438,-2.047736,-2.078516,0.311002,-0.032355,-0.000427,-0.012178,-0.000758,-0.015161,-0.000159
8559.104000,-0.266503,0.107654,0.311350,-2.047916,-2.078409,0.310887,-0.032123,-0.000423,-0.011856,-0.000761,-0.014730,-0.000152
8559.112000,-0.266759,0.107635,0.311240,-2.047960,-2.078634,0.310737,-0.032198,-0.000428,-0.011571,-0.000767,-0.014711,-0.000142
8559.120000,-0.267022,0.107626,0.311151,-2.048000,-2.078691,0.310656,-0.031816,-0.000419,-0.012602,-0.000710,-0.017275,-0.000156
8559.128000,-0.267279,0.107628,0.311066,-2.048073,-2.078714,0.310604,-0.031757,-0.000418,-0.011350,-0.000805,-0.010929,-0.000170
8559.136000,-0.267534,0.107628,0.310956,-2.048166,-2.078802,0.310456,-0.031958,-0.000426,-0.010454,-0.000835,-0.009870,-0.000148
8559.144000,-0.267774,0.107625,0.310862,-2.048213,-2.078870,0.310367,-0.031463,-0.000415,-0.012070,-0.000722,-0.016009,-0.000150
8559.152000,-0.268024,0.107629,0.310787,-2.048286,-2.078886,0.310277,-0.031500,-0.000417,-0.010842,-0.000804,-0.010871,-0.000154
8559.160000,-0.268287,0.107611,0.310684,-2.048316,-2.079014,0.310189,-0.031492,-0.000417,-0.010738,-0.000829,-0.009011,-0.000167
8559.168000,-0.268544,0.107625,0.310593,-2.048464,-2.078957,0.310098,-0.031842,-0.000421,-0.011683,-0.000765,-0.014226,-0.000150
8559.176000,-0.268798,0.107612,0.310508,-2.048476,-2.079063,0.310017,-0.031717,-0.000412,-0.013148,-0.000715,-0.016604,-0.000180
8559.184000,-0.269057,0.107602,0.310416,-2.048460,-2.079166,0.309953,-0.031536,-0.000409,-0.013997,-0.000650,-0.020424,-0.000175
8559.192000,-0.269315,0.107593,0.310288,-2.048591,-2.079319,0.309732,-0.031832,-0.000422,-0.012427,-0.000721,-0.016968,-0.000151
8559.200000,-0.269567,0.107599,0.310163,-2.048768,-2.079405,0.309572,-0.031849,-0.000420,-0.012715,-0.000709,-0.017855,-0.000152
8559.208000,-0.269820,0.107597,0.310082,-2.048790,-2.079432,0.309460,-0.032409,-0.000428,-0.012039,-0.000794,-0.013350,-0.000168
8559.216000,-0.270086,0.107591,0.309999,-2.048850,-2.079470,0.309438,-0.031791,-0.000418,-0.012042,-0.000782,-0.012678,-0.000176
8559.224000,-0.270338,0.107574,0.309904,-2.048840,-2.079582,0.309394,-0.032248,-0.000427,-0.011495,-0.000833,-0.010421,-0.000176
8559.232000,-0.270591,0.107588,0.309828,-2.048895,-2.079556,0.309339,-0.031589,-0.000416,-0.011967,-0.000766,-0.013589,-0.000166
8559.240000,-0.270845,0.107585,0.309723,-2.049018,-2.079596,0.309202,-0.032068,-0.000426,-0.010528,-0.000879,-0.007339,-0.000171
8559.248000,-0.271097,0.107585,0.309642,-2.049056,-2.079618,0.309099,-0.031823,-0.000423,-0.011056,-0.000825,-0.010464,-0.000161
8559.256000,-0.271355,0.107576,0.309522,-2.049197,-2.079714,0.308966,-0.031149,-0.000409,-0.013092,-0.000677,-0.018511,-0.000160
8559.264000,-0.271604,0.107581,0.309427,-2.049299,-2.079770,0.308875,-0.031542,-0.000414,-0.012147,-0.000765,-0.013618,-0.000171
8559.272000,-0.271858,0.107568,0.309304,-2.049365,-2.079931,0.308698,-0.031771,-0.000416,-0.012275,-0.000789,-0.012261,-0.000187
8559.280000,-0.272117,0.107559,0.309223,-2.049332,-2.079987,0.308670,-0.032096,-0.000423,-0.012603,-0.000760,-0.015056,-0.000171
8559.288000,-0.272375,0.107558,0.309108,-2.049411,-2.080075,0.308473,-0.031756,-0.000415,-0.013575,-0.000706,-0.017639,-0.000182
8559.296000,-0.272626,0.107555,0.309008,-2.049498,-2.080171,0.308388,-0.031789,-0.000414,-0.013746,-0.000702,-0.017951,-0.000184
8559.304000,-0.272869,0.107561,0.308895,-2.049682,-2.080196,0.308186,-0.031733,-0.000417,-0.013466,-0.000686,-0.019288,-0.000162
8559.312000,-0.273127,0.107555,0.308770,-2.049817,-2.080309,0.308034,-0.032003,-0.000420,-0.012926,-0.000753,-0.015339,-0.000179
8559.320000,-0.273388,0.107544,0.308669,-2.049810,-2.080463,0.307874,-0.032016,-0.000425,-0.011728,-0.000810,-0.011931,-0.000169
8559.328000,-0.273645,0.107544,0.308580,-2.049883,-2.080493,0.307859,-0.031913,-0.000421,-0.012754,-0.000748,-0.015665,-0.000170
8559.336000,-0.273898,0.107542,0.308465,-2.049967,-2.080569,0.307713,-0.031896,-0.000422,-0.012005,-0.000797,-0.012501,-0.000173
8559.344000,-0.274156,0.107535,0.308369,-2.050061,-2.080611,0.307623,-0.031471,-0.000411,-0.012970,-0.000748,-0.014480,-0.000190
8559.352000,-0.274403,0.107536,0.308286,-2.050127,-2.080582,0.307670,-0.031428,-0.000410,-0.012806,-0.000761,-0.013560,-0.000193
8559.360000,-0.274656,0.107535,0.308172,-2.050139,-2.080676,0.307514,-0.031810,-0.000421,-0.011008,-0.000865,-0.007952,-0.000181
8559.368000,-0.274907,0.107541,0.308097,-2.050210,-2.080647,0.307509,-0.031527,-0.000413,-0.011416,-0.000858,-0.007521,-0.000200
8559.376000,-0.275165,0.107524,0.307991,-2.050244,-2.080750,0.307419,-0.031787,-0.000418,-0.011113,-0.000896,-0.005551,-0.000207
8559.384000,-0.275415,0.107522,0.307899,-2.050294,-2.080792,0.307332,-0.032008,-0.000420,-0.011725,-0.000871,-0.007583,-0.000208
8559.392000,-0.275664,0.107531,0.307805,-2.050350,-2.080811,0.307222,-0.031790,-0.000417,-0.012223,-0.000814,-0.011140,-0.000193
8559.400000,-0.275921,0.107510,0.307708,-2.050400,-2.080911,0.307154,-0.031467,-0.000405,-0.015397,-0.000630,-0.021958,-0.000202
8559.408000,-0.276169,0.107523,0.307587,-2.050521,-2.080977,0.306982,-0.031621,-0.000408,-0.014559,-0.000687,-0.018770,-0.000202
8559.416000,-0.276432,0.107500,0.307479,-2.050563,-2.081064,0.306916,-0.032117,-0.000421,-0.013741,-0.000740,-0.016542,-0.000193
8559.424000,-0.276684,0.107508,0.307342,-2.050706,-2.081210,0.306700,-0.031635,-0.000411,-0.014168,-0.000704,-0.017845,-0.000197
8559.432000,-0.276939,0.107505,0.307242,-2.050743,-2.081263,0.306611,-0.031896,-0.000415,-0.012944,-0.000814,-0.011020,-0.000217
8559.440000,-0.277188,0.107509,0.307151,-2.050865,-2.081207,0.306577,-0.032048,-0.000417,-0.013559,-0.000764,-0.014893,-0.000201
8559.448000,-0.277436,0.107511,0.307053,-2.050891,-2.081245,0.306483,-0.031709,-0.000414,-0.012989,-0.000769,-0.014083,-0.000191
8559.456000,-0.277672,0.107482,0.307003,-2.050777,-2.081309,0.306626,-0.031390,-0.000409,-0.013459,-0.000749,-0.014341,-0.000205
8559.464000,-0.277944,0.107478,0.306897,-2.050805,-2.081406,0.306523,-0.031746,-0.000416,-0.012915,-0.000792,-0.012472,-0.000203
8559.472000,-0.278188,0.107489,0.306771,-2.051015,-2.081411,0.306330,-0.031530,-0.000412,-0.013219,-0.000756,-0.014557,-0.000194
8559.480000,-0.278436,0.107472,0.306671,-2.051019,-2.081538,0.306261,-0.031458,-0.000409,-0.012952,-0.000815,-0.010023,-0.000228
8559.488000,-0.278700,0.107471,0.306564,-2.051052,-2.081588,0.306195,-0.032025,-0.000419,-0.012690,-0.000835,-0.010244,-0.000214
8559.496000,-0.278942,0.107478,0.306456,-2.051227,-2.081587,0.306063,-0.031964,-0.000415,-0.013958,-0.000758,-0.015061,-0.000213
8559.504000,-0.279200,0.107476,0.306351,-2.051203,-2.081666,0.305931,-0.032151,-0.000416,-0.014464,-0.000747,-0.016082,-0.000219
8559.512000,-0.279458,0.107466,0.306219,-2.051335,-2.081806,0.305783,-0.031635,-0.000405,-0.016292,-0.000625,-0.022701,-0.000222
8559.520000,-0.279703,0.107481,0.306120,-2.051421,-2.081729,0.305733,-0.031890,-0.000409,-0.015138,-0.000702,-0.018521,-0.000220
8559.528000,-0.279966,0.107466,0.305989,-2.051481,-2.081915,0.305582,-0.032354,-0.000421,-0.013876,-0.000785,-0.014260,-0.000215
8559.536000,-0.280223,0.107452,0.305873,-2.051503,-2.082060,0.305476,-0.031739,-0.000411,-0.014018,-0.000774,-0.013393,-0.000230
8559.544000,-0.280478,0.107466,0.305764,-2.051666,-2.082016,0.305361,-0.031386,-0.000401,-0.015792,-0.000652,-0.020635,-0.000224
8559.552000,-0.280743,0.107458,0.305640,-2.051724,-2.082110,0.305206,-0.031922,-0.000418,-0.012756,-0.000829,-0.010781,-0.000211
8559.560000,-0.280985,0.107461,0.305524,-2.051865,-2.082188,0.305108,-0.031369,-0.000407,-0.013504,-0.000765,-0.013714,-0.000210
8559.568000,-0.281244,0.107444,0.305422,-2.051905,-2.082273,0.305033,-0.031184,-0.000404,-0.014091,-0.000733,-0.015238,-0.000217
8559.576000,-0.281498,0.107452,0.305310,-2.051998,-2.082308,0.304904,-0.031830,-0.000415,-0.012520,-0.000855,-0.008796,-0.000221
8559.584000,-0.281759,0.107434,0.305218,-2.051933,-2.082403,0.304856,-0.031215,-0.000407,-0.013254,-0.000781,-0.012372,-0.000215
8559.592000,-0.281996,0.107441,0.305100,-2.052116,-2.082408,0.304712,-0.031061,-0.000401,-0.015184,-0.000658,-0.020026,-0.000209
8559.600000,-0.282247,0.107434,0.304965,-2.052226,-2.082549,0.304571,-0.031259,-0.000406,-0.014389,-0.000708,-0.017371,-0.000206
8559.608000,-0.282496,0.107432,0.304837,-2.052324,-2.082664,0.304375,-0.031382,-0.000405,-0.014691,-0.000721,-0.016527,-0.000223
8559.616000,-0.282748,0.107430,0.304721,-2.052408,-2.082740,0.304229,-0.031718,-0.000410,-0.015366,-0.000688,-0.019485,-0.000217
8559.624000,-0.283018,0.107421,0.304609,-2.052390,-2.082835,0.304152,-0.031653,-0.000407,-0.015254,-0.000722,-0.016757,-0.000239
8559.632000,-0.283266,0.107417,0.304481,-2.052520,-2.082890,0.304038,-0.031487,-0.000406,-0.015113,-0.000713,-0.017179,-0.000230
8559.640000,-0.283509,0.107429,0.304348,-2.052668,-2.082927,0.303836,-0.031681,-0.000409,-0.013927,-0.000796,-0.012290,-0.000236
8559.648000,-0.283769,0.107413,0.304232,-2.052720,-2.083055,0.303747,-0.031532,-0.000408,-0.014496,-0.000744,-0.015482,-0.000225
8559.656000,-0.284019,0.107409,0.304145,-2.052710,-2.083117,0.303727,-0.031612,-0.000410,-0.013956,-0.000785,-0.012980,-0.000230
8559.664000,-0.284265,0.107413,0.304057,-2.052755,-2.083018,0.303711,-0.031819,-0.000410,-0.013824,-0.000836,-0.009726,-0.000256
8559.672000,-0.284516,0.107400,0.303924,-2.052868,-2.083137,0.303602,-0.031482,-0.000407,-0.014057,-0.000790,-0.012266,-0.000240
8559.680000,-0.284766,0.107403,0.303812,-2.052904,-2.083219,0.303517,-0.031232,-0.000401,-0.014045,-0.000797,-0.011116,-0.000252
8559.688000,-0.285019,0.107397,0.303722,-2.052895,-2.083225,0.303514,-0.031508,-0.000406,-0.013918,-0.000821,-0.010143,-0.000256
8559.696000,-0.285274,0.107402,0.303598,-2.053018,-2.083301,0.303388,-0.031627,-0.000411,-0.013388,-0.000824,-0.010689,-0.000232
8559.704000,-0.285526,0.107389,0.303492,-2.053055,-2.083358,0.303336,-0.031367,-0.000406,-0.014825,-0.000728,-0.016336,-0.000227
8559.712000,-0.285771,0.107390,0.303393,-2.053086,-2.083365,0.303207,-0.031940,-0.000413,-0.014272,-0.000806,-0.012319,-0.000245
8559.720000,-0.286015,0.107392,0.303287,-2.053129,-2.083398,0.303128,-0.031665,-0.000406,-0.015179,-0.000750,-0.015257,-0.000248
8559.728000,-0.286278,0.107370,0.303167,-2.053172,-2.083503,0.303141,-0.031931,-0.000413,-0.015314,-0.000739,-0.016738,-0.000237
8559.736000,-0.286528,0.107380,0.303061,-2.053279,-2.083531,0.303023,-0.031605,-0.000402,-0.015975,-0.000727,-0.016379,-0.000265
8559.744000,-0.286778,0.107380,0.302924,-2.053352,-2.083662,0.302786,-0.031640,-0.000404,-0.016435,-0.000685,-0.019398,-0.000251
8559.752000,-0.287019,0.107375,0.302783,-2.053505,-2.083744,0.302649,-0.031650,-0.000408,-0.014910,-0.000756,-0.015109,-0.000240
8559.760000,-0.287277,0.107357,0.302655,-2.053556,-2.083892,0.302524,-0.031560,-0.000405,-0.015770,-0.000724,-0.016686,-0.000254
8559.768000,-0.287534,0.107353,0.302540,-2.053614,-2.083972,0.302438,-0.031428,-0.000407,-0.015245,-0.000722,-0.016983,-0.000234
8559.776000,-0.287781,0.107365,0.302404,-2.053775,-2.083972,0.302264,-0.031797,-0.000411,-0.013951,-0.000837,-0.010143,-0.000254
8559.784000,-0.288039,0.107347,0.302306,-2.053717,-2.084049,0.302229,-0.031552,-0.000412,-0.013863,-0.000810,-0.011610,-0.000238
8559.784000,-0.288039,0.107347,0.302306,-2.053717,-2.084049,0.302229,-0.031552,-0.000412,-0.013863,-0.000810,-0.011610,-0.000238
8559.800000,-0.288540,0.107354,0.302087,-2.053906,-2.084038,0.302164,-0.031289,-0.000404,-0.013457,-0.000850,-0.008211,-0.000257
8559.808000,-0.288792,0.107347,0.301955,-2.053985,-2.084140,0.302045,-0.031880,-0.000412,-0.014718,-0.000798,-0.012947,-0.000252
8559.816000,-0.289046,0.107344,0.301855,-2.053956,-2.084200,0.301997,-0.031690,-0.000408,-0.014787,-0.000794,-0.012736,-0.000257
8559.824000,-0.289292,0.107355,0.301745,-2.054039,-2.084188,0.301854,-0.032078,-0.000413,-0.013868,-0.000883,-0.007684,-0.000273
8559.832000,-0.289548,0.107346,0.301617,-2.054153,-2.084294,0.301811,-0.031796,-0.000409,-0.014678,-0.000814,-0.011725,-0.000262
8559.840000,-0.289805,0.107346,0.301483,-2.054257,-2.084383,0.301593,-0.032019,-0.000415,-0.014862,-0.000782,-0.014721,-0.000238
8559.848000,-0.290058,0.107327,0.301356,-2.054280,-2.084542,0.301418,-0.031323,-0.000401,-0.015828,-0.000739,-0.015411,-0.000267
8559.856000,-0.290305,0.107328,0.301219,-2.054407,-2.084600,0.301334,-0.031211,-0.000400,-0.015683,-0.000729,-0.016034,-0.000256
8559.864000,-0.290564,0.107326,0.301087,-2.054514,-2.084708,0.301200,-0.031685,-0.000411,-0.014183,-0.000820,-0.011442,-0.000248
8559.872000,-0.290810,0.107321,0.300984,-2.054559,-2.084719,0.301153,-0.031698,-0.000410,-0.013400,-0.000893,-0.006448,-0.000270
8559.880000,-0.291070,0.107317,0.300879,-2.054551,-2.084744,0.301087,-0.031654,-0.000412,-0.013161,-0.000890,-0.006769,-0.000259
8559.888000,-0.291306,0.107321,0.300780,-2.054595,-2.084781,0.301016,-0.031862,-0.000419,-0.012245,-0.000920,-0.005739,-0.000237
8559.896000,-0.291570,0.107306,0.300673,-2.054590,-2.084848,0.301008,-0.031318,-0.000405,-0.014416,-0.000810,-0.011197,-0.000259
8559.904000,-0.291814,0.107320,0.300555,-2.054747,-2.084840,0.300965,-0.031443,-0.000406,-0.013038,-0.000910,-0.004861,-0.000274
8559.912000,-0.292072,0.107310,0.300446,-2.054727,-2.084898,0.300866,-0.031793,-0.000413,-0.014399,-0.000814,-0.012339,-0.000245
8559.920000,-0.292322,0.107296,0.300339,-2.054738,-2.084978,0.300809,-0.031529,-0.000407,-0.014531,-0.000826,-0.010594,-0.000268
8559.928000,-0.292576,0.107294,0.300237,-2.054775,-2.084955,0.300796,-0.031454,-0.000408,-0.013648,-0.000867,-0.007881,-0.000265
8559.936000,-0.292825,0.107300,0.300106,-2.054915,-2.084993,0.300672,-0.031932,-0.000411,-0.014028,-0.000897,-0.006678,-0.000287
8559.944000,-0.293083,0.107296,0.299997,-2.054952,-2.085027,0.300646,-0.032057,-0.000414,-0.013782,-0.000909,-0.006299,-0.000282
8559.952000,-0.293344,0.107285,0.299884,-2.054949,-2.085117,0.300584,-0.031748,-0.000408,-0.014719,-0.000845,-0.009784,-0.000281
8559.960000,-0.293603,0.107292,0.299774,-2.054984,-2.085084,0.300526,-0.031714,-0.000406,-0.014678,-0.000864,-0.008255,-0.000295
8559.968000,-0.293858,0.107285,0.299651,-2.055077,-2.085162,0.300482,-0.031535,-0.000407,-0.014170,-0.000857,-0.008720,-0.000273
8559.976000,-0.294108,0.107284,0.299550,-2.055088,-2.085129,0.300453,-0.031579,-0.000408,-0.013742,-0.000886,-0.006956,-0.000276
8559.984000,-0.294356,0.107278,0.299446,-2.055058,-2.085216,0.300408,-0.031786,-0.000411,-0.013025,-0.000950,-0.003165,-0.000288
8559.992000,-0.294617,0.107273,0.299345,-2.055120,-2.085176,0.300436,-0.031894,-0.000416,-0.011996,-0.001001,-0.000274,-0.000281
8560.000000,-0.294855,0.107292,0.299263,-2.055141,-2.085087,0.300464,-0.031144,-0.000402,-0.013232,-0.000886,-0.006366,-0.000266
8560.008000,-0.295116,0.107278,0.299143,-2.055199,-2.085139,0.300401,-0.031478,-0.000407,-0.012240,-0.000986,-0.000212,-0.000292
8560.016000,-0.295366,0.107257,0.299028,-2.055177,-2.085289,0.300334,-0.031099,-0.000409,-0.012070,-0.000932,-0.003543,-0.000254
8560.024000,-0.295624,0.107256,0.298939,-2.055153,-2.085285,0.300384,-0.031395,-0.000406,-0.013101,-0.000933,-0.003529,-0.000288
8560.032000,-0.295880,0.107252,0.298834,-2.055174,-2.085299,0.300369,-0.031723,-0.000412,-0.012123,-0.001008,0.000631,-0.000295
8560.040000,-0.296128,0.107265,0.298714,-2.055315,-2.085279,0.300229,-0.031410,-0.000408,-0.013587,-0.000875,-0.007862,-0.000261
8560.048000,-0.296386,0.107247,0.298617,-2.055311,-2.085321,0.300250,-0.031434,-0.000407,-0.014539,-0.000830,-0.010704,-0.000265
8560.056000,-0.296641,0.107241,0.298497,-2.055337,-2.085387,0.300163,-0.031407,-0.000401,-0.015396,-0.000826,-0.010306,-0.000298
8560.064000,-0.296888,0.107244,0.298379,-2.055372,-2.085442,0.300105,-0.031737,-0.000413,-0.013146,-0.000927,-0.005125,-0.000272
8560.072000,-0.297140,0.107235,0.298269,-2.055352,-2.085486,0.300078,-0.031455,-0.000407,-0.013564,-0.000921,-0.004540,-0.000293
8560.080000,-0.297391,0.107229,0.298160,-2.055458,-2.085495,0.300049,-0.031770,-0.000413,-0.012795,-0.000971,-0.002134,-0.000290
8560.088000,-0.297651,0.107231,0.298063,-2.055457,-2.085429,0.300078,-0.031478,-0.000412,-0.012111,-0.000971,-0.001851,-0.000271
8560.096000,-0.297892,0.107227,0.297968,-2.055435,-2.085477,0.300081,-0.031652,-0.000412,-0.013064,-0.000940,-0.004123,-0.000279
8560.104000,-0.298140,0.107236,0.297871,-2.055502,-2.085446,0.300096,-0.031178,-0.000401,-0.013776,-0.000897,-0.005662,-0.000290
8560.112000,-0.298385,0.107228,0.297790,-2.055458,-2.085387,0.300168,-0.031962,-0.000415,-0.012541,-0.001004,-0.000404,-0.000298
8560.120000,-0.298646,0.107214,0.297694,-2.055403,-2.085424,0.300203,-0.031547,-0.000409,-0.012471,-0.001000,0.000296,-0.000304
8560.128000,-0.298900,0.107215,0.297588,-2.055458,-2.085419,0.300152,-0.031858,-0.000415,-0.011925,-0.001034,0.001676,-0.000298
8560.136000,-0.299149,0.107216,0.297491,-2.055424,-2.085451,0.300151,-0.031893,-0.000416,-0.012498,-0.000986,-0.001808,-0.000282
8560.144000,-0.299393,0.107214,0.297363,-2.055576,-2.085482,0.300061,-0.031458,-0.000410,-0.013331,-0.000906,-0.006290,-0.000267
8560.152000,-0.299652,0.107215,0.297274,-2.055577,-2.085411,0.300056,-0.031128,-0.000398,-0.015187,-0.000827,-0.010201,-0.000292
8560.160000,-0.299907,0.107199,0.297165,-2.055509,-2.085516,0.300077,-0.031660,-0.000410,-0.013779,-0.000922,-0.005326,-0.000291
8560.168000,-0.300147,0.107213,0.297058,-2.055608,-2.085485,0.300016,-0.031506,-0.000405,-0.014650,-0.000869,-0.008451,-0.000290
8560.176000,-0.300406,0.107200,0.296962,-2.055497,-2.085536,0.300056,-0.031405,-0.000405,-0.013892,-0.000911,-0.005446,-0.000295
8560.184000,-0.300668,0.107191,0.296853,-2.055546,-2.085559,0.300061,-0.031795,-0.000417,-0.011808,-0.001026,0.000809,-0.000285
8560.192000,-0.300909,0.107195,0.296763,-2.055589,-2.085522,0.300068,-0.031749,-0.000415,-0.011843,-0.001028,0.001091,-0.000290
8560.200000,-0.301169,0.107185,0.296662,-2.055634,-2.085521,0.300122,-0.031311,-0.000405,-0.012519,-0.000998,0.000421,-0.000307
8560.208000,-0.301410,0.107196,0.296577,-2.055613,-2.085482,0.300104,-0.031415,-0.000411,-0.011588,-0.001018,0.000953,-0.000281
8560.216000,-0.301672,0.107176,0.296476,-2.055562,-2.085540,0.300083,-0.030967,-0.000401,-0.012199,-0.001007,0.001787,-0.000312
8560.224000,-0.301917,0.107166,0.296385,-2.055569,-2.085555,0.300171,-0.031167,-0.000408,-0.011902,-0.001000,0.000440,-0.000287
8560.232000,-0.302171,0.107174,0.296304,-2.055539,-2.085453,0.300206,-0.031497,-0.000413,-0.010240,-0.001127,0.008133,-0.000308
8560.240000,-0.302429,0.107168,0.296222,-2.055497,-2.085399,0.300288,-0.031542,-0.000411,-0.011749,-0.001052,0.003258,-0.000309
8560.248000,-0.302676,0.107172,0.296119,-2.055504,-2.085382,0.300360,-0.031222,-0.000403,-0.013058,-0.000968,-0.001468,-0.000307
8560.256000,-0.302934,0.107160,0.296009,-2.055527,-2.085406,0.300390,-0.031681,-0.000412,-0.011495,-0.001086,0.005309,-0.000321
8560.264000,-0.303184,0.107150,0.295910,-2.055494,-2.085436,0.300388,-0.031300,-0.000406,-0.012503,-0.001009,0.000991,-0.000313
8560.272000,-0.303442,0.107154,0.295810,-2.055483,-2.085406,0.300365,-0.031949,-0.000416,-0.011320,-0.001115,0.006555,-0.000327
8560.280000,-0.303697,0.107156,0.295714,-2.055527,-2.085376,0.300409,-0.032073,-0.000419,-0.011109,-0.001117,0.006191,-0.000315
8560.288000,-0.303943,0.107158,0.295623,-2.055525,-2.085335,0.300413,-0.031277,-0.000405,-0.011350,-0.001082,0.005837,-0.000323
8560.296000,-0.304186,0.107151,0.295534,-2.055526,-2.085304,0.300462,-0.031039,-0.000401,-0.011585,-0.001064,0.005252,-0.000326
8560.304000,-0.304447,0.107137,0.295431,-2.055481,-2.085385,0.300507,-0.031510,-0.000415,-0.009659,-0.001163,0.010174,-0.000309
8560.312000,-0.304688,0.107140,0.295343,-2.055472,-2.085312,0.300548,-0.031105,-0.000404,-0.010932,-0.001097,0.007073,-0.000322
8560.320000,-0.304944,0.107150,0.295271,-2.055443,-2.085203,0.300689,-0.031365,-0.000408,-0.010251,-0.001138,0.009039,-0.000319
8560.328000,-0.305191,0.107127,0.295187,-2.055403,-2.085238,0.300772,-0.031451,-0.000412,-0.008948,-0.001223,0.014450,-0.000329
8560.336000,-0.305438,0.107134,0.295103,-2.055344,-2.085184,0.300802,-0.030423,-0.000391,-0.011780,-0.001038,0.004874,-0.000331
8560.344000,-0.305683,0.107131,0.295034,-2.055303,-2.085059,0.300969,-0.030421,-0.000394,-0.011381,-0.001041,0.004783,-0.000317
8560.352000,-0.305927,0.107125,0.294941,-2.055308,-2.085054,0.300967,-0.030931,-0.000401,-0.012062,-0.001022,0.002285,-0.000313
8560.360000,-0.306175,0.107127,0.294854,-2.055273,-2.085004,0.301004,-0.030863,-0.000401,-0.010982,-0.001081,0.006292,-0.000317
8560.368000,-0.306427,0.107131,0.294766,-2.055262,-2.084974,0.301126,-0.031159,-0.000406,-0.010413,-0.001118,0.007922,-0.000314
8560.376000,-0.306676,0.107119,0.294679,-2.055242,-2.084949,0.301213,-0.031390,-0.000408,-0.010329,-0.001156,0.010150,-0.000333
8560.384000,-0.306924,0.107110,0.294591,-2.055135,-2.084980,0.301264,-0.030862,-0.000397,-0.012196,-0.001043,0.004092,-0.000336
8560.392000,-0.307167,0.107114,0.294506,-2.055185,-2.084847,0.301360,-0.031484,-0.000408,-0.010072,-0.001188,0.012154,-0.000345
8560.400000,-0.307419,0.107116,0.294411,-2.055214,-2.084827,0.301403,-0.030753,-0.000395,-0.011575,-0.001073,0.006254,-0.000338
8560.408000,-0.307669,0.107094,0.294337,-2.055041,-2.084832,0.301509,-0.030994,-0.000403,-0.009999,-0.001164,0.011526,-0.000338
8560.416000,-0.307918,0.107098,0.294243,-2.055052,-2.084760,0.301573,-0.030972,-0.000402,-0.010596,-0.001127,0.009082,-0.000333
8560.424000,-0.308167,0.107099,0.294168,-2.055040,-2.084661,0.301664,-0.030606,-0.000396,-0.010319,-0.001128,0.009973,-0.000334
8560.432000,-0.308408,0.107082,0.294090,-2.054880,-2.084690,0.301789,-0.030308,-0.000391,-0.010895,-0.001104,0.009269,-0.000348
8560.440000,-0.308656,0.107087,0.294003,-2.054947,-2.084584,0.301885,-0.030758,-0.000401,-0.008936,-0.001210,0.014848,-0.000338
8560.448000,-0.308894,0.107081,0.293910,-2.054883,-2.084585,0.301949,-0.030281,-0.000392,-0.010282,-0.001118,0.009959,-0.000334
8560.456000,-0.309141,0.107089,0.293839,-2.054858,-2.084502,0.302044,-0.030370,-0.000393,-0.010321,-0.001118,0.009681,-0.000333
8560.464000,-0.309386,0.107078,0.293781,-2.054740,-2.084425,0.302232,-0.030653,-0.000399,-0.009906,-0.001150,0.011052,-0.000332
8560.472000,-0.309627,0.107074,0.293675,-2.054744,-2.084424,0.302264,-0.030491,-0.000394,-0.010912,-0.001096,0.008003,-0.000335
8560.480000,-0.309871,0.107080,0.293605,-2.054714,-2.084329,0.302336,-0.030765,-0.000404,-0.008712,-0.001194,0.013233,-0.000314
8560.488000,-0.310123,0.107061,0.293534,-2.054603,-2.084313,0.302494,-0.030590,-0.000396,-0.011005,-0.001099,0.007932,-0.000337
8560.496000,-0.310363,0.107069,0.293441,-2.054645,-2.084247,0.302523,-0.030585,-0.000397,-0.010693,-0.001102,0.007946,-0.000327
8560.504000,-0.310608,0.107063,0.293353,-2.054622,-2.084214,0.302569,-0.030731,-0.000399,-0.010921,-0.001097,0.007188,-0.000326
8560.512000,-0.310851,0.107063,0.293268,-2.054638,-2.084150,0.302650,-0.030427,-0.000396,-0.009972,-0.001132,0.010151,-0.000326
8560.520000,-0.311112,0.107048,0.293168,-2.054556,-2.084210,0.302682,-0.030171,-0.000388,-0.009891,-0.001173,0.014009,-0.000365
8560.528000,-0.311343,0.107057,0.293087,-2.054508,-2.084124,0.302774,-0.030832,-0.000400,-0.009021,-0.001231,0.016046,-0.000354
8560.536000,-0.311584,0.107063,0.293008,-2.054516,-2.084006,0.302924,-0.029955,-0.000384,-0.010137,-0.001141,0.012289,-0.000356
8560.544000,-0.311826,0.107044,0.292912,-2.054451,-2.084025,0.302951,-0.030303,-0.000393,-0.009199,-0.001199,0.015021,-0.000352
8560.552000,-0.312063,0.107048,0.292854,-2.054380,-2.083895,0.303132,-0.030592,-0.000397,-0.008486,-0.001249,0.017604,-0.000354
8560.560000,-0.312307,0.107056,0.292802,-2.054301,-2.083732,0.303346,-0.030004,-0.000386,-0.008829,-0.001218,0.017163,-0.000363
8560.568000,-0.312550,0.107034,0.292729,-2.054222,-2.083719,0.303461,-0.030161,-0.000389,-0.008877,-0.001230,0.017537,-0.000368
8560.576000,-0.312787,0.107043,0.292672,-2.054094,-2.083601,0.303642,-0.030352,-0.000391,-0.008306,-0.001276,0.020288,-0.000377
8560.584000,-0.313040,0.107033,0.292599,-2.054022,-2.083496,0.303824,-0.030278,-0.000388,-0.009623,-0.001212,0.016310,-0.000380
8560.592000,-0.313284,0.107031,0.292525,-2.053928,-2.083498,0.303942,-0.030385,-0.000391,-0.009585,-0.001202,0.015150,-0.000367
8560.600000,-0.313516,0.107043,0.292434,-2.054008,-2.083373,0.303996,-0.030184,-0.000388,-0.009384,-0.001191,0.014738,-0.000357
8560.608000,-0.313768,0.107018,0.292371,-2.053791,-2.083393,0.304184,-0.029520,-0.000375,-0.011737,-0.001056,0.007625,-0.000364
8560.616000,-0.313999,0.107027,0.292279,-2.053829,-2.083271,0.304249,-0.030282,-0.000390,-0.009509,-0.001191,0.014465,-0.000358
8560.624000,-0.314242,0.107023,0.292204,-2.053751,-2.083212,0.304398,-0.030257,-0.000388,-0.009998,-0.001178,0.013784,-0.000367
8560.632000,-0.314486,0.107011,0.292113,-2.053718,-2.083173,0.304508,-0.030161,-0.000387,-0.008985,-0.001246,0.018635,-0.000385
8560.640000,-0.314734,0.107012,0.292041,-2.053663,-2.083110,0.304619,-0.030297,-0.000392,-0.008180,-0.001270,0.019531,-0.000367
8560.648000,-0.314977,0.107014,0.291954,-2.053602,-2.083082,0.304652,-0.029973,-0.000384,-0.009941,-0.001168,0.013712,-0.000366
8560.656000,-0.315220,0.106996,0.291863,-2.053567,-2.083040,0.304757,-0.029856,-0.000383,-0.008696,-0.001251,0.019627,-0.000387
8560.664000,-0.315455,0.106988,0.291802,-2.053419,-2.083009,0.304936,-0.029796,-0.000388,-0.008055,-0.001236,0.018064,-0.000350
8560.672000,-0.315686,0.107011,0.291718,-2.053444,-2.082880,0.305036,-0.029619,-0.000378,-0.008545,-0.001249,0.020049,-0.000388
8560.680000,-0.315926,0.106993,0.291652,-2.053323,-2.082824,0.305218,-0.029469,-0.000381,-0.007870,-0.001245,0.019574,-0.000361
8560.688000,-0.316172,0.106995,0.291614,-2.053193,-2.082626,0.305470,-0.029690,-0.000381,-0.007054,-0.001333,0.025297,-0.000393
8560.696000,-0.316415,0.106988,0.291548,-2.053133,-2.082482,0.305675,-0.028936,-0.000367,-0.009200,-0.001194,0.017959,-0.000391
8560.704000,-0.316644,0.106981,0.291466,-2.053038,-2.082430,0.305836,-0.029778,-0.000382,-0.009049,-0.001222,0.017595,-0.000379
8560.712000,-0.316883,0.106979,0.291380,-2.052984,-2.082398,0.305957,-0.029648,-0.000379,-0.009842,-0.001168,0.014278,-0.000371
8560.720000,-0.317115,0.106994,0.291323,-2.052932,-2.082228,0.306085,-0.029624,-0.000377,-0.008872,-0.001233,0.018860,-0.000387
8560.728000,-0.317361,0.106975,0.291249,-2.052822,-2.082211,0.306241,-0.030278,-0.000392,-0.007251,-0.001328,0.023145,-0.000376
8560.736000,-0.317608,0.106973,0.291168,-2.052798,-2.082126,0.306334,-0.029797,-0.000383,-0.008696,-0.001238,0.018472,-0.000377
8560.744000,-0.317842,0.106966,0.291099,-2.052704,-2.082086,0.306543,-0.030003,-0.000387,-0.008744,-0.001229,0.017173,-0.000364
8560.752000,-0.318082,0.106980,0.291046,-2.052663,-2.081880,0.306720,-0.029426,-0.000374,-0.008691,-0.001236,0.019378,-0.000388
8560.760000,-0.318314,0.106983,0.290959,-2.052642,-2.081792,0.306784,-0.029383,-0.000375,-0.008479,-0.001231,0.018956,-0.000377
8560.768000,-0.318557,0.106954,0.290900,-2.052455,-2.081791,0.306955,-0.029325,-0.000376,-0.008762,-0.001216,0.017940,-0.000376
8560.776000,-0.318794,0.106954,0.290842,-2.052296,-2.081725,0.307164,-0.029777,-0.000384,-0.006410,-0.001371,0.027200,-0.000394
8560.784000,-0.319024,0.106953,0.290795,-2.052238,-2.081578,0.307484,-0.028960,-0.000370,-0.009761,-0.001137,0.013507,-0.000364
8560.792000,-0.319254,0.106948,0.290724,-2.052154,-2.081464,0.307550,-0.029348,-0.000378,-0.008153,-0.001239,0.019157,-0.000369
8560.800000,-0.319482,0.106949,0.290657,-2.052091,-2.081342,0.307722,-0.029008,-0.000370,-0.008413,-0.001237,0.020255,-0.000391
8560.808000,-0.319721,0.106938,0.290605,-2.051953,-2.081269,0.307919,-0.029167,-0.000374,-0.008016,-0.001260,0.021175,-0.000387
8560.816000,-0.319957,0.106937,0.290535,-2.051878,-2.081191,0.308102,-0.029258,-0.000376,-0.007189,-0.001307,0.024089,-0.000390
8560.824000,-0.320182,0.106928,0.290505,-2.051730,-2.081040,0.308421,-0.029249,-0.000374,-0.008604,-0.001233,0.019181,-0.000385
8560.832000,-0.320420,0.106932,0.290432,-2.051671,-2.080911,0.308531,-0.029254,-0.000375,-0.008104,-0.001255,0.020576,-0.000384
8560.840000,-0.320644,0.106949,0.290384,-2.051650,-2.080717,0.308779,-0.029742,-0.000379,-0.007306,-0.001336,0.025125,-0.000404
8560.848000,-0.320887,0.106954,0.290314,-2.051509,-2.080600,0.308914,-0.029601,-0.000373,-0.008107,-0.001312,0.024224,-0.000422
8560.856000,-0.321127,0.106926,0.290269,-2.051351,-2.080475,0.309165,-0.029563,-0.000378,-0.008307,-0.001271,0.021017,-0.000395
8560.864000,-0.321357,0.106933,0.290205,-2.051200,-2.080418,0.309367,-0.029818,-0.000379,-0.007833,-0.001328,0.024506,-0.000415
8560.872000,-0.321607,0.106929,0.290147,-2.051158,-2.080243,0.309584,-0.028904,-0.000361,-0.010320,-0.001173,0.016613,-0.000418
8560.880000,-0.321827,0.106919,0.290069,-2.050988,-2.080236,0.309737,-0.029229,-0.000371,-0.009205,-0.001218,0.018314,-0.000398
8560.888000,-0.322068,0.106920,0.289998,-2.050926,-2.080139,0.309884,-0.028888,-0.000365,-0.009261,-0.001203,0.018151,-0.000399
8560.896000,-0.322301,0.106911,0.289937,-2.050839,-2.080025,0.310123,-0.029228,-0.000370,-0.008298,-0.001279,0.022513,-0.000413
8560.904000,-0.322540,0.106915,0.289867,-2.050728,-2.079917,0.310250,-0.029129,-0.000372,-0.007025,-0.001322,0.025245,-0.000400
8560.912000,-0.322769,0.106906,0.289820,-2.050614,-2.079801,0.310510,-0.028774,-0.000364,-0.007680,-0.001295,0.024564,-0.000416
8560.920000,-0.322991,0.106921,0.289756,-2.050570,-2.079630,0.310734,-0.028894,-0.000365,-0.007560,-0.001294,0.024162,-0.000408
8560.928000,-0.323234,0.106903,0.289700,-2.050395,-2.079525,0.310898,-0.028693,-0.000366,-0.006952,-0.001304,0.024928,-0.000396
8560.936000,-0.323458,0.106903,0.289642,-2.050339,-2.079404,0.311168,-0.028726,-0.000363,-0.006957,-0.001332,0.027105,-0.000420
8560.944000,-0.323691,0.106895,0.289595,-2.050172,-2.079289,0.311361,-0.028568,-0.000363,-0.006914,-0.001314,0.026026,-0.000408
8560.952000,-0.323916,0.106895,0.289536,-2.050098,-2.079160,0.311569,-0.028758,-0.000365,-0.007977,-0.001263,0.022139,-0.000401
8560.960000,-0.324144,0.106896,0.289478,-2.049989,-2.079066,0.311746,-0.028256,-0.000353,-0.009526,-0.001178,0.017969,-0.000410
8560.968000,-0.324379,0.106886,0.289412,-2.049924,-2.078942,0.311941,-0.028715,-0.000366,-0.007615,-0.001271,0.022585,-0.000394
8560.976000,-0.324609,0.106884,0.289335,-2.049808,-2.078885,0.312070,-0.028716,-0.000361,-0.008346,-0.001269,0.022930,-0.000423
8560.984000,-0.324847,0.106888,0.289272,-2.049703,-2.078745,0.312284,-0.029051,-0.000367,-0.006989,-0.001352,0.027584,-0.000427
8560.992000,-0.325083,0.106881,0.289212,-2.049581,-2.078640,0.312516,-0.028971,-0.000365,-0.008178,-0.001283,0.023112,-0.000419
8561.000000,-0.325312,0.106872,0.289146,-2.049513,-2.078547,0.312719,-0.028578,-0.000362,-0.007199,-0.001310,0.025671,-0.000415
8561.008000,-0.325546,0.106870,0.289075,-2.049410,-2.078454,0.312876,-0.029015,-0.000368,-0.006907,-0.001343,0.026798,-0.000416
8561.016000,-0.325777,0.106869,0.289026,-2.049269,-2.078294,0.313103,-0.028528,-0.000361,-0.006316,-0.001366,0.029549,-0.000428
8561.024000,-0.325998,0.106873,0.288974,-2.049160,-2.078154,0.313340,-0.028868,-0.000365,-0.006333,-0.001376,0.029443,-0.000427
8561.032000,-0.326231,0.106873,0.288932,-2.049028,-2.077950,0.313582,-0.028530,-0.000361,-0.005621,-0.001399,0.031682,-0.000429
8561.040000,-0.326461,0.106870,0.288897,-2.048840,-2.077774,0.313904,-0.028746,-0.000362,-0.005564,-0.001432,0.033652,-0.000448
8561.048000,-0.326691,0.106856,0.288835,-2.048751,-2.077712,0.314120,-0.027780,-0.000347,-0.008029,-0.001249,0.023635,-0.000425
8561.056000,-0.326907,0.106854,0.288814,-2.048522,-2.077596,0.314410,-0.028502,-0.000363,-0.005350,-0.001393,0.030973,-0.000413
8561.064000,-0.327132,0.106853,0.288727,-2.048527,-2.077499,0.314552,-0.028011,-0.000355,-0.006672,-0.001301,0.026036,-0.000406
8561.072000,-0.327365,0.106835,0.288664,-2.048342,-2.077449,0.314750,-0.028634,-0.000363,-0.004947,-0.001457,0.035243,-0.000446
8561.080000,-0.327595,0.106845,0.288615,-2.048292,-2.077211,0.314991,-0.028905,-0.000369,-0.005350,-0.001411,0.031083,-0.000414
8561.088000,-0.327832,0.106830,0.288565,-2.048129,-2.077111,0.315238,-0.028228,-0.000353,-0.008349,-0.001263,0.023448,-0.000433
8561.096000,-0.328040,0.106856,0.288511,-2.048098,-2.076895,0.315418,-0.028691,-0.000362,-0.005674,-0.001402,0.031346,-0.000429
8561.104000,-0.328270,0.106836,0.288458,-2.047940,-2.076854,0.315631,-0.028643,-0.000362,-0.006681,-0.001346,0.027584,-0.000422
8561.112000,-0.328498,0.106821,0.288406,-2.047782,-2.076749,0.315820,-0.028963,-0.000367,-0.004875,-0.001479,0.035818,-0.000451
8561.120000,-0.328725,0.106826,0.288367,-2.047687,-2.076584,0.316131,-0.029041,-0.000371,-0.005131,-0.001434,0.032199,-0.000420
8561.128000,-0.328954,0.106836,0.288340,-2.047504,-2.076360,0.316454,-0.028357,-0.000354,-0.006969,-0.001341,0.028279,-0.000441
8561.136000,-0.329179,0.106829,0.288272,-2.047425,-2.076270,0.316618,-0.028345,-0.000355,-0.006348,-0.001378,0.030699,-0.000447
8561.144000,-0.329414,0.106815,0.288202,-2.047279,-2.076159,0.316841,-0.027994,-0.000352,-0.006635,-0.001330,0.028020,-0.000429
8561.152000,-0.329627,0.106820,0.288154,-2.047173,-2.075993,0.317079,-0.028239,-0.000355,-0.006791,-0.001332,0.027598,-0.000429
8561.160000,-0.329863,0.106820,0.288113,-2.047039,-2.075801,0.317391,-0.028517,-0.000357,-0.005002,-0.001469,0.036427,-0.000465
8561.168000,-0.330082,0.106822,0.288093,-2.046847,-2.075598,0.317734,-0.028511,-0.000357,-0.005555,-0.001426,0.033431,-0.000451
8561.176000,-0.330316,0.106811,0.288053,-2.046682,-2.075421,0.318052,-0.028175,-0.000354,-0.004536,-0.001468,0.036926,-0.000457
8561.184000,-0.330546,0.106794,0.288006,-2.046513,-2.075308,0.318276,-0.028328,-0.000357,-0.004903,-0.001458,0.035814,-0.000457
8561.192000,-0.330759,0.106805,0.287956,-2.046391,-2.075208,0.318492,-0.028210,-0.000351,-0.004490,-0.001505,0.039725,-0.000487
8561.200000,-0.330978,0.106803,0.287934,-2.046232,-2.074984,0.318816,-0.027944,-0.000350,-0.005244,-0.001412,0.033604,-0.000446
8561.208000,-0.331203,0.106803,0.287884,-2.046083,-2.074842,0.319030,-0.027897,-0.000350,-0.004778,-0.001438,0.035445,-0.000451
8561.216000,-0.331429,0.106794,0.287853,-2.045896,-2.074700,0.319366,-0.027655,-0.000342,-0.006660,-0.001359,0.031227,-0.000468
8561.224000,-0.331652,0.106796,0.287807,-2.045729,-2.074516,0.319648,-0.028412,-0.000355,-0.005879,-0.001409,0.032377,-0.000453
8561.232000,-0.331873,0.106796,0.287743,-2.045682,-2.074389,0.319834,-0.028072,-0.000349,-0.006028,-0.001394,0.032243,-0.000458
8561.240000,-0.332106,0.106794,0.287715,-2.045503,-2.074170,0.320168,-0.028213,-0.000351,-0.005252,-0.001452,0.035895,-0.000472
8561.248000,-0.332330,0.106792,0.287650,-2.045432,-2.074079,0.320401,-0.028656,-0.000360,-0.004474,-0.001489,0.036969,-0.000457
8561.256000,-0.332548,0.106786,0.287621,-2.045228,-2.073934,0.320685,-0.028188,-0.000351,-0.006175,-0.001386,0.031361,-0.000453
8561.264000,-0.332784,0.106779,0.287571,-2.045087,-2.073757,0.320978,-0.028365,-0.000354,-0.005183,-0.001455,0.035507,-0.000466
8561.272000,-0.333011,0.106779,0.287521,-2.044936,-2.073633,0.321153,-0.027663,-0.000344,-0.006553,-0.001343,0.029607,-0.000449
8561.280000,-0.333228,0.106781,0.287472,-2.044801,-2.073472,0.321472,-0.027764,-0.000344,-0.005223,-0.001432,0.035531,-0.000470
8561.288000,-0.333448,0.106774,0.287408,-2.044686,-2.073336,0.321646,-0.027765,-0.000345,-0.005753,-0.001398,0.033096,-0.000461
8561.296000,-0.333673,0.106773,0.287373,-2.044548,-2.073194,0.321932,-0.027443,-0.000340,-0.005668,-0.001380,0.032569,-0.000454
8561.304000,-0.333891,0.106765,0.287356,-2.044348,-2.072962,0.322343,-0.027850,-0.000344,-0.004807,-0.001477,0.038426,-0.000489
8561.312000,-0.334110,0.106760,0.287309,-2.044175,-2.072793,0.322606,-0.028061,-0.000348,-0.003961,-0.001527,0.041124,-0.000490
8561.320000,-0.334318,0.106780,0.287280,-2.044094,-2.072561,0.322906,-0.027534,-0.000338,-0.004925,-0.001449,0.037372,-0.000483
8561.328000,-0.334551,0.106764,0.287276,-2.043794,-2.072335,0.323314,-0.027935,-0.000347,-0.003426,-0.001537,0.041911,-0.000482
8561.336000,-0.334772,0.106762,0.287221,-2.043746,-2.072165,0.323587,-0.027791,-0.000344,-0.004114,-0.001495,0.039514,-0.000480
8561.344000,-0.334994,0.106748,0.287173,-2.043496,-2.072074,0.323883,-0.027168,-0.000336,-0.004095,-0.001471,0.039318,-0.000479
8561.352000,-0.335214,0.106748,0.287128,-2.043361,-2.071907,0.324170,-0.027744,-0.000346,-0.004179,-0.001470,0.037611,-0.000461
8561.360000,-0.335436,0.106752,0.287119,-2.043147,-2.071695,0.324470,-0.027419,-0.000337,-0.006124,-0.001377,0.032559,-0.000471
8561.368000,-0.335660,0.106741,0.287073,-2.042980,-2.071490,0.324813,-0.027701,-0.000343,-0.004525,-0.001473,0.038148,-0.000480
8561.376000,-0.335883,0.106742,0.287038,-2.042836,-2.071336,0.325073,-0.027908,-0.000346,-0.004208,-0.001495,0.039015,-0.000479
8561.384000,-0.336108,0.106733,0.287007,-2.042601,-2.071182,0.325392,-0.026989,-0.000330,-0.006590,-0.001347,0.031625,-0.000479
8561.392000,-0.336324,0.106727,0.286955,-2.042507,-2.071040,0.325675,-0.027683,-0.000346,-0.004972,-0.001419,0.034079,-0.000450
8561.400000,-0.336535,0.106727,0.286931,-2.042332,-2.070882,0.325980,-0.026913,-0.000335,-0.005562,-0.001343,0.030762,-0.000436
8561.408000,-0.336758,0.106748,0.286893,-2.042264,-2.070569,0.326249,-0.027612,-0.000342,-0.004589,-0.001440,0.035847,-0.000458
8561.416000,-0.336978,0.106728,0.286830,-2.042066,-2.070562,0.326455,-0.027693,-0.000343,-0.002949,-0.001551,0.043099,-0.000485
8561.424000,-0.337201,0.106725,0.286807,-2.041888,-2.070322,0.326827,-0.026952,-0.000331,-0.005657,-0.001378,0.033466,-0.000470
8561.432000,-0.337419,0.106721,0.286780,-2.041682,-2.070182,0.327143,-0.027272,-0.000339,-0.003614,-0.001474,0.038623,-0.000459
8561.440000,-0.337630,0.106721,0.286752,-2.041539,-2.069971,0.327419,-0.027298,-0.000336,-0.003663,-0.001502,0.040837,-0.000486
8561.448000,-0.337857,0.106717,0.286695,-2.041360,-2.069858,0.327689,-0.027643,-0.000342,-0.002315,-0.001593,0.046085,-0.000499
8561.456000,-0.338074,0.106719,0.286668,-2.041241,-2.069603,0.328028,-0.027649,-0.000341,-0.001527,-0.001642,0.049441,-0.000511
8561.464000,-0.338294,0.106711,0.286660,-2.041001,-2.069379,0.328457,-0.026568,-0.000324,-0.004575,-0.001429,0.037784,-0.000485
8561.472000,-0.338510,0.106715,0.286636,-2.040787,-2.069165,0.328755,-0.026865,-0.000327,-0.003281,-0.001525,0.043656,-0.000508
8561.480000,-0.338730,0.106711,0.286586,-2.040680,-2.068977,0.329049,-0.026352,-0.000323,-0.003414,-0.001462,0.040191,-0.000475
8561.488000,-0.338942,0.106701,0.286586,-2.040425,-2.068759,0.329466,-0.026843,-0.000330,-0.002742,-0.001535,0.044006,-0.000494
8561.496000,-0.339155,0.106710,0.286555,-2.040303,-2.068526,0.329772,-0.027718,-0.000341,-0.001762,-0.001630,0.048372,-0.000508
8561.504000,-0.339380,0.106708,0.286536,-2.040052,-2.068311,0.330170,-0.027426,-0.000336,-0.001837,-0.001619,0.048410,-0.000513
8561.512000,-0.339613,0.106700,0.286536,-2.039760,-2.068081,0.330641,-0.027760,-0.000343,-0.001632,-0.001632,0.048189,-0.000503
8561.520000,-0.339824,0.106689,0.286507,-2.039619,-2.067906,0.330936,-0.026924,-0.000329,-0.004320,-0.001459,0.038762,-0.000489
8561.528000,-0.340043,0.106694,0.286483,-2.039406,-2.067729,0.331256,-0.027043,-0.000330,-0.003767,-0.001500,0.041283,-0.000499
8561.536000,-0.340261,0.106698,0.286437,-2.039275,-2.067504,0.331529,-0.027115,-0.000331,-0.004114,-0.001472,0.039102,-0.000486
8561.544000,-0.340479,0.106686,0.286413,-2.039110,-2.067308,0.331884,-0.026877,-0.000329,-0.003882,-0.001477,0.039931,-0.000489
8561.552000,-0.340696,0.106696,0.286385,-2.038971,-2.067099,0.332258,-0.026648,-0.000321,-0.004737,-0.001444,0.038762,-0.000505
8561.560000,-0.340912,0.106688,0.286325,-2.038771,-2.066997,0.332457,-0.027145,-0.000332,-0.003223,-0.001519,0.042055,-0.000491
8561.568000,-0.341123,0.106687,0.286315,-2.038560,-2.066792,0.332772,-0.026543,-0.000324,-0.003471,-0.001473,0.040382,-0.000483
8561.576000,-0.341342,0.106680,0.286293,-2.038345,-2.066588,0.333140,-0.026924,-0.000325,-0.002282,-0.001598,0.048358,-0.000532
8561.584000,-0.341549,0.106671,0.286280,-2.038104,-2.066421,0.333554,-0.026769,-0.000328,-0.002540,-0.001534,0.043751,-0.000490
8561.592000,-0.341772,0.106670,0.286250,-2.037974,-2.066198,0.333832,-0.026342,-0.000319,-0.002918,-0.001525,0.044605,-0.000514
8561.600000,-0.341976,0.106672,0.286253,-2.037727,-2.065937,0.334263,-0.026763,-0.000326,-0.001555,-0.001601,0.048473,-0.000511
8561.608000,-0.342188,0.106674,0.286226,-2.037550,-2.065669,0.334631,-0.026373,-0.000320,-0.002647,-0.001523,0.044164,-0.000501
8561.616000,-0.342407,0.106667,0.286247,-2.037276,-2.065385,0.335141,-0.026703,-0.000326,-0.002005,-0.001570,0.046378,-0.000504
8561.624000,-0.342620,0.106666,0.286236,-2.037011,-2.065123,0.335549,-0.027358,-0.000333,-0.000987,-0.001670,0.051669,-0.000528
8561.632000,-0.342829,0.106666,0.286218,-2.036831,-2.064914,0.335926,-0.026046,-0.000310,-0.003634,-0.001497,0.043733,-0.000530
8561.640000,-0.343044,0.106646,0.286201,-2.036616,-2.064715,0.336331,-0.026778,-0.000326,-0.002690,-0.001545,0.044523,-0.000506
8561.648000,-0.343257,0.106648,0.286135,-2.036495,-2.064604,0.336504,-0.026449,-0.000318,-0.004270,-0.001469,0.040545,-0.000515
8561.656000,-0.343461,0.106645,0.286136,-2.036259,-2.064359,0.336940,-0.026632,-0.000322,-0.002337,-0.001576,0.047169,-0.000526
8561.664000,-0.343690,0.106641,0.286091,-2.036089,-2.064190,0.337177,-0.026805,-0.000327,-0.001941,-0.001582,0.046785,-0.000508
8561.672000,-0.343885,0.106653,0.286097,-2.035863,-2.063934,0.337612,-0.026397,-0.000316,-0.003447,-0.001508,0.043320,-0.000520
8561.680000,-0.344099,0.106657,0.286073,-2.035691,-2.063704,0.337974,-0.027091,-0.000328,-0.001529,-0.001618,0.048736,-0.000517
8561.688000,-0.344313,0.106654,0.286042,-2.035529,-2.063510,0.338309,-0.026493,-0.000320,-0.002474,-0.001539,0.044816,-0.000506
8561.696000,-0.344517,0.106651,0.286034,-2.035317,-2.063286,0.338686,-0.027018,-0.000326,-0.001242,-0.001638,0.050323,-0.000526
8561.704000,-0.344739,0.106639,0.286038,-2.035048,-2.062990,0.339128,-0.026618,-0.000324,-0.001597,-0.001578,0.046766,-0.000499
8561.712000,-0.344952,0.106631,0.286016,-2.034883,-2.062797,0.339492,-0.025597,-0.000307,-0.003582,-0.001447,0.040742,-0.000500
8561.720000,-0.345156,0.106624,0.285996,-2.034641,-2.062641,0.339829,-0.026259,-0.000317,-0.002427,-0.001538,0.045113,-0.000510
8561.728000,-0.345363,0.106620,0.285970,-2.034442,-2.062462,0.340196,-0.025949,-0.000310,-0.002998,-0.001513,0.044495,-0.000523
8561.736000,-0.345566,0.106627,0.285967,-2.034247,-2.062172,0.340566,-0.026445,-0.000319,-0.001094,-0.001621,0.050309,-0.000525
8561.744000,-0.345788,0.106613,0.285937,-2.033993,-2.062049,0.340872,-0.026707,-0.000326,-0.000403,-0.001647,0.050893,-0.000509
8561.752000,-0.345991,0.106618,0.285942,-2.033798,-2.061748,0.341319,-0.025916,-0.000311,-0.001592,-0.001578,0.048775,-0.000527
8561.760000,-0.346206,0.106610,0.285918,-2.033572,-2.061561,0.341698,-0.026574,-0.000320,-0.000524,-0.001669,0.053213,-0.000541
8561.768000,-0.346410,0.106612,0.285921,-2.033362,-2.061266,0.342134,-0.025692,-0.000307,-0.001018,-0.001602,0.050913,-0.000534
8561.776000,-0.346619,0.106616,0.285912,-2.033110,-2.061015,0.342512,-0.026335,-0.000317,0.001256,-0.001746,0.058883,-0.000548
8561.784000,-0.346835,0.106600,0.285897,-2.032873,-2.060818,0.342921,-0.026850,-0.000321,0.000668,-0.001772,0.059640,-0.000575
8561.792000,-0.347044,0.106607,0.285917,-2.032590,-2.060488,0.343391,-0.025854,-0.000306,-0.001550,-0.001606,0.051076,-0.000554
8561.800000,-0.347244,0.106600,0.285902,-2.032375,-2.060265,0.343795,-0.026368,-0.000314,-0.001055,-0.001650,0.052547,-0.000553
8561.808000,-0.347443,0.106617,0.285880,-2.032243,-2.059977,0.344165,-0.026176,-0.000311,-0.000684,-0.001648,0.052940,-0.000547
8561.816000,-0.347666,0.106615,0.285880,-2.031996,-2.059692,0.344624,-0.026604,-0.000319,0.000269,-0.001703,0.055308,-0.000542
8561.824000,-0.347877,0.106598,0.285859,-2.031746,-2.059544,0.344934,-0.026998,-0.000327,0.000683,-0.001736,0.056237,-0.000538
8561.832000,-0.348094,0.106595,0.285864,-2.031483,-2.059282,0.345461,-0.026085,-0.000307,-0.002240,-0.001587,0.049259,-0.000557
8561.840000,-0.348293,0.106593,0.285844,-2.031260,-2.059030,0.345788,-0.026522,-0.000317,-0.000188,-0.001695,0.054977,-0.000554
8561.848000,-0.348511,0.106581,0.285807,-2.031076,-2.058887,0.346101,-0.026124,-0.000313,-0.000791,-0.001631,0.051440,-0.000535
8561.856000,-0.348728,0.106607,0.285809,-2.030890,-2.058540,0.346530,-0.026508,-0.000315,0.000725,-0.001735,0.057862,-0.000559
8561.864000,-0.348940,0.106579,0.285827,-2.030569,-2.058308,0.347050,-0.026154,-0.000314,0.000314,-0.001685,0.054857,-0.000539
8561.872000,-0.349142,0.106576,0.285829,-2.030329,-2.058054,0.347471,-0.025621,-0.000303,-0.001031,-0.001613,0.051627,-0.000548
8561.880000,-0.349351,0.106595,0.285815,-2.030141,-2.057754,0.347868,-0.026162,-0.000312,0.001315,-0.001740,0.058706,-0.000551
8561.888000,-0.349551,0.106563,0.285832,-2.029819,-2.057567,0.348329,-0.025500,-0.000303,-0.000692,-0.001620,0.052217,-0.000545
8561.896000,-0.349749,0.106564,0.285818,-2.029607,-2.057346,0.348713,-0.025744,-0.000310,0.000554,-0.001663,0.054019,-0.000525
8561.904000,-0.349957,0.106573,0.285824,-2.029391,-2.057047,0.349163,-0.026105,-0.000311,0.001235,-0.001740,0.058768,-0.000556
8561.912000,-0.350156,0.106566,0.285861,-2.028982,-2.056779,0.349639,-0.025517,-0.000299,-0.000544,-0.001656,0.054968,-0.000573
8561.920000,-0.350360,0.106567,0.285854,-2.028845,-2.056502,0.350107,-0.026166,-0.000311,0.001226,-0.001745,0.058950,-0.000560
8561.928000,-0.350575,0.106564,0.285868,-2.028577,-2.056159,0.350578,-0.025537,-0.000301,0.000660,-0.001700,0.057575,-0.000565
8561.936000,-0.350781,0.106562,0.285865,-2.028327,-2.055891,0.350997,-0.026004,-0.000308,0.001410,-0.001755,0.059967,-0.000567
8561.944000,-0.350986,0.106557,0.285873,-2.028010,-2.055674,0.351397,-0.025840,-0.000305,0.000551,-0.001708,0.057244,-0.000565
8561.952000,-0.351192,0.106567,0.285870,-2.027781,-2.055385,0.351844,-0.025369,-0.000296,-0.001944,-0.001562,0.048933,-0.000552
8561.960000,-0.351395,0.106546,0.285864,-2.027557,-2.055203,0.352233,-0.025745,-0.000306,0.001097,-0.001716,0.057733,-0.000553
8561.968000,-0.351606,0.106568,0.285843,-2.027435,-2.054851,0.352648,-0.025376,-0.000294,-0.001690,-0.001588,0.050870,-0.000567
8561.976000,-0.351809,0.106555,0.285869,-2.027106,-2.054548,0.353155,-0.025874,-0.000304,0.000145,-0.001691,0.056123,-0.000567
8561.984000,-0.352021,0.106547,0.285863,-2.026820,-2.054355,0.353596,-0.025984,-0.000309,0.001908,-0.001758,0.059770,-0.000551
8561.992000,-0.352217,0.106540,0.285899,-2.026527,-2.054073,0.354086,-0.025879,-0.000305,0.000668,-0.001711,0.057163,-0.000562
8562.000000,-0.352427,0.106543,0.285884,-2.026309,-2.053837,0.354444,-0.025292,-0.000298,0.000140,-0.001639,0.053583,-0.000540
8562.008000,-0.352632,0.106538,0.285896,-2.026065,-2.053514,0.354976,-0.025237,-0.000293,-0.000331,-0.001650,0.054953,-0.000573
8562.016000,-0.352830,0.106537,0.285886,-2.025810,-2.053315,0.355331,-0.025134,-0.000295,0.000192,-0.001646,0.054546,-0.000551
8562.024000,-0.353031,0.106555,0.285904,-2.025570,-2.052972,0.355721,-0.025268,-0.000295,0.000583,-0.001668,0.055864,-0.000554
8562.032000,-0.353244,0.106533,0.285893,-2.025318,-2.052742,0.356218,-0.024991,-0.000290,-0.000246,-0.001635,0.054364,-0.000565
8562.040000,-0.353444,0.106532,0.285906,-2.025090,-2.052515,0.356661,-0.025671,-0.000300,0.002281,-0.001795,0.063370,-0.000585
8562.048000,-0.353639,0.106545,0.285891,-2.024896,-2.052221,0.357000,-0.024927,-0.000290,-0.000012,-0.001624,0.053698,-0.000551
8562.056000,-0.353843,0.106524,0.285918,-2.024577,-2.051954,0.357477,-0.025311,-0.000296,0.001423,-0.001731,0.059751,-0.000573
8562.064000,-0.354041,0.106527,0.285914,-2.024315,-2.051739,0.357922,-0.024991,-0.000292,0.001879,-0.001722,0.059809,-0.000560
8562.072000,-0.354243,0.106517,0.285918,-2.024093,-2.051426,0.358377,-0.024705,-0.000286,0.001502,-0.001719,0.060600,-0.000584
8562.080000,-0.354447,0.106523,0.285942,-2.023781,-2.051098,0.358902,-0.025316,-0.000295,0.002093,-0.001762,0.061836,-0.000577
8562.088000,-0.354647,0.106519,0.285964,-2.023457,-2.050842,0.359420,-0.024631,-0.000286,0.001264,-0.001685,0.058338,-0.000566
8562.096000,-0.354850,0.106507,0.285996,-2.023120,-2.050543,0.359982,-0.024972,-0.000290,0.002298,-0.001764,0.062766,-0.000583
8562.104000,-0.355055,0.106507,0.286025,-2.022824,-2.050175,0.360505,-0.025423,-0.000295,0.002485,-0.001807,0.064664,-0.000599
8562.112000,-0.355258,0.106512,0.286022,-2.022583,-2.049948,0.360903,-0.024631,-0.000282,-0.000227,-0.001629,0.054844,-0.000576
8562.120000,-0.355460,0.106513,0.286050,-2.022251,-2.049614,0.361394,-0.025208,-0.000291,0.002020,-0.001768,0.062584,-0.000591
8562.128000,-0.355649,0.106508,0.286051,-2.022074,-2.049335,0.361835,-0.024937,-0.000285,0.001114,-0.001726,0.060710,-0.000600
8562.136000,-0.355856,0.106502,0.286065,-2.021762,-2.049081,0.362308,-0.025197,-0.000292,0.001853,-0.001749,0.061069,-0.000580
8562.144000,-0.356057,0.106505,0.286088,-2.021467,-2.048768,0.362789,-0.025109,-0.000291,0.001865,-0.001736,0.060346,-0.000572
8562.152000,-0.356267,0.106493,0.286078,-2.021213,-2.048553,0.363213,-0.025104,-0.000287,0.002089,-0.001797,0.064990,-0.000620
8562.160000,-0.356464,0.106495,0.286080,-2.021015,-2.048244,0.363647,-0.025015,-0.000289,0.001608,-0.001729,0.060140,-0.000579
8562.168000,-0.356666,0.106486,0.286112,-2.020637,-2.047964,0.364151,-0.024749,-0.000285,0.002335,-0.001764,0.063121,-0.000592
8562.176000,-0.356858,0.106507,0.286141,-2.020459,-2.047512,0.364718,-0.025084,-0.000288,0.002491,-0.001780,0.063595,-0.000591
8562.184000,-0.357062,0.106491,0.286139,-2.020193,-2.047310,0.365143,-0.024658,-0.000284,0.002854,-0.001773,0.063859,-0.000584
8562.192000,-0.357259,0.106484,0.286157,-2.019831,-2.047062,0.365561,-0.024274,-0.000278,0.001543,-0.001701,0.060102,-0.000585
8562.200000,-0.357461,0.106484,0.286163,-2.019585,-2.046787,0.366036,-0.024714,-0.000282,0.003030,-0.001806,0.066131,-0.000606
8562.208000,-0.357641,0.106492,0.286179,-2.019348,-2.046434,0.366508,-0.024040,-0.000276,0.002920,-0.001731,0.062374,-0.000568
8562.216000,-0.357843,0.106477,0.286221,-2.018972,-2.046208,0.367086,-0.025109,-0.000290,0.004246,-0.001864,0.068638,-0.000596
8562.224000,-0.358045,0.106482,0.286264,-2.018644,-2.045801,0.367636,-0.024862,-0.000283,0.003768,-0.001858,0.069333,-0.000621
8562.232000,-0.358247,0.106474,0.286263,-2.018405,-2.045529,0.368096,-0.024866,-0.000286,0.003748,-0.001829,0.066917,-0.000594
8562.240000,-0.358444,0.106476,0.286298,-2.018125,-2.045186,0.368615,-0.024290,-0.000278,0.003230,-0.001776,0.064876,-0.000589
8562.248000,-0.358615,0.106486,0.286358,-2.017782,-2.044808,0.369215,-0.024775,-0.000280,0.003245,-0.001822,0.067162,-0.000614
8562.256000,-0.358828,0.106469,0.286385,-2.017460,-2.044461,0.369761,-0.024627,-0.000279,0.003803,-0.001848,0.069036,-0.000619
8562.264000,-0.359017,0.106475,0.286412,-2.017146,-2.044156,0.370256,-0.024046,-0.000272,0.003191,-0.001780,0.065930,-0.000605
8562.272000,-0.359215,0.106454,0.286442,-2.016827,-2.043881,0.370815,-0.024702,-0.000281,0.003146,-0.001812,0.066184,-0.000608
8562.280000,-0.359425,0.106450,0.286456,-2.016518,-2.043593,0.371249,-0.024439,-0.000278,0.002502,-0.001770,0.064032,-0.000605
8562.288000,-0.359608,0.106455,0.286484,-2.016222,-2.043291,0.371772,-0.024593,-0.000282,0.003424,-0.001800,0.065417,-0.000591
8562.296000,-0.359805,0.106456,0.286512,-2.015977,-2.042940,0.372297,-0.024818,-0.000285,0.004692,-0.001871,0.069558,-0.000598
8562.304000,-0.360000,0.106473,0.286529,-2.015721,-2.042587,0.372744,-0.024285,-0.000274,0.002658,-0.001760,0.063941,-0.000600
8562.312000,-0.360200,0.106450,0.286570,-2.015323,-2.042315,0.373292,-0.024824,-0.000284,0.005093,-0.001899,0.071346,-0.000607
8562.320000,-0.360396,0.106443,0.286607,-2.015025,-2.041954,0.373854,-0.024286,-0.000275,0.002940,-0.001782,0.065120,-0.000606
8562.328000,-0.360588,0.106448,0.286624,-2.014756,-2.041680,0.374331,-0.024366,-0.000277,0.003783,-0.001814,0.066927,-0.000600
8562.336000,-0.360784,0.106451,0.286677,-2.014339,-2.041339,0.374913,-0.024687,-0.000282,0.003993,-0.001827,0.066879,-0.000592
8562.344000,-0.360986,0.106443,0.286705,-2.014079,-2.041021,0.375430,-0.023491,-0.000266,0.001202,-0.001627,0.056435,-0.000564
8562.352000,-0.361166,0.106447,0.286728,-2.013833,-2.040680,0.375878,-0.024375,-0.000277,0.004324,-0.001835,0.068211,-0.000599
8562.360000,-0.361346,0.106456,0.286736,-2.013643,-2.040413,0.376289,-0.023802,-0.000265,0.002926,-0.001758,0.064972,-0.000609
8562.368000,-0.361549,0.106453,0.286761,-2.013327,-2.040086,0.376842,-0.024135,-0.000272,0.004642,-0.001838,0.069098,-0.000601
8562.376000,-0.361748,0.106436,0.286787,-2.012985,-2.039819,0.377319,-0.024290,-0.000275,0.004593,-0.001845,0.068959,-0.000601
8562.384000,-0.361940,0.106423,0.286844,-2.012614,-2.039514,0.377922,-0.023915,-0.000269,0.004741,-0.001856,0.070680,-0.000619
8562.392000,-0.362128,0.106426,0.286874,-2.012304,-2.039160,0.378445,-0.024270,-0.000272,0.004994,-0.001895,0.072611,-0.000633
8562.400000,-0.362317,0.106432,0.286927,-2.011982,-2.038778,0.379039,-0.024028,-0.000268,0.005851,-0.001923,0.075070,-0.000635
8562.408000,-0.362517,0.106430,0.286943,-2.011702,-2.038479,0.379496,-0.024461,-0.000273,0.005944,-0.001955,0.076201,-0.000645
8562.416000,-0.362709,0.106423,0.287014,-2.011323,-2.038065,0.380180,-0.023700,-0.000263,0.005270,-0.001886,0.073455,-0.000637
8562.424000,-0.362899,0.106423,0.287044,-2.010979,-2.037721,0.380701,-0.023654,-0.000262,0.004754,-0.001859,0.071739,-0.000634
8562.432000,-0.363076,0.106426,0.287057,-2.010771,-2.037440,0.381163,-0.023311,-0.000258,0.003877,-0.001784,0.067565,-0.000615
8562.440000,-0.363275,0.106405,0.287078,-2.010358,-2.037196,0.381669,-0.023588,-0.000261,0.005696,-0.001915,0.075459,-0.000649
8562.448000,-0.363467,0.106417,0.287153,-2.009991,-2.036731,0.382299,-0.024199,-0.000269,0.006853,-0.001990,0.078953,-0.000652
8562.456000,-0.363661,0.106410,0.287185,-2.009695,-2.036401,0.382846,-0.023636,-0.000262,0.004077,-0.001818,0.068830,-0.000624
8562.464000,-0.363853,0.106418,0.287226,-2.009350,-2.036079,0.383429,-0.024008,-0.000265,0.005827,-0.001932,0.075751,-0.000649
8562.472000,-0.364042,0.106403,0.287259,-2.009033,-2.035748,0.383885,-0.023604,-0.000262,0.004249,-0.001814,0.068427,-0.000614
8562.480000,-0.364239,0.106408,0.287311,-2.008719,-2.035355,0.384502,-0.024041,-0.000267,0.006666,-0.001964,0.077357,-0.000642
8562.488000,-0.364423,0.106396,0.287365,-2.008324,-2.035021,0.385123,-0.024409,-0.000273,0.006492,-0.001971,0.076752,-0.000639
8562.496000,-0.364627,0.106395,0.287411,-2.007975,-2.034676,0.385668,-0.023446,-0.000257,0.003702,-0.001803,0.068341,-0.000634
8562.504000,-0.364806,0.106399,0.287433,-2.007754,-2.034287,0.386143,-0.023920,-0.000266,0.005283,-0.001876,0.071562,-0.000619
8562.512000,-0.364989,0.106401,0.287451,-2.007460,-2.034028,0.386580,-0.023567,-0.000259,0.004260,-0.001828,0.069611,-0.000631
8562.520000,-0.365179,0.106405,0.287502,-2.007104,-2.033719,0.387164,-0.024285,-0.000267,0.006362,-0.001968,0.077179,-0.000652
8562.528000,-0.365374,0.106386,0.287536,-2.006772,-2.033420,0.387704,-0.024080,-0.000267,0.006953,-0.001983,0.078262,-0.000646
8562.536000,-0.365561,0.106401,0.287592,-2.006500,-2.032939,0.388319,-0.023640,-0.000258,0.006140,-0.001932,0.076432,-0.000653
8562.544000,-0.365751,0.106414,0.287602,-2.006200,-2.032662,0.388720,-0.023688,-0.000260,0.006748,-0.001939,0.076576,-0.000635
8562.552000,-0.365948,0.106392,0.287664,-2.005781,-2.032284,0.389433,-0.023567,-0.000258,0.007503,-0.001988,0.080036,-0.000653
8562.560000,-0.366141,0.106384,0.287733,-2.005378,-2.031923,0.390096,-0.023925,-0.000263,0.007286,-0.001992,0.079293,-0.000651
8562.568000,-0.366334,0.106393,0.287800,-2.005038,-2.031462,0.390708,-0.023010,-0.000248,0.005975,-0.001897,0.075622,-0.000653
8562.576000,-0.366528,0.106390,0.287864,-2.004622,-2.031076,0.391352,-0.023355,-0.000253,0.006939,-0.001961,0.078891,-0.000660
8562.584000,-0.366709,0.106396,0.287915,-2.004323,-2.030646,0.391970,-0.023190,-0.000251,0.006860,-0.001933,0.077410,-0.000646
8562.592000,-0.366899,0.106379,0.287972,-2.003912,-2.030331,0.392532,-0.023329,-0.000255,0.007161,-0.001956,0.078224,-0.000646
8562.600000,-0.367073,0.106384,0.288032,-2.003623,-2.029965,0.393102,-0.023524,-0.000257,0.008475,-0.002022,0.082078,-0.000649
8562.608000,-0.367269,0.106377,0.288108,-2.003207,-2.029556,0.393775,-0.022930,-0.000248,0.006836,-0.001928,0.077463,-0.000650
8562.616000,-0.367454,0.106367,0.288168,-2.002846,-2.029199,0.394349,-0.023407,-0.000255,0.007441,-0.001979,0.079423,-0.000653
8562.624000,-0.367633,0.106371,0.288201,-2.002527,-2.028886,0.394830,-0.022946,-0.000248,0.005815,-0.001873,0.073676,-0.000638
8562.632000,-0.367814,0.106385,0.288280,-2.002151,-2.028450,0.395486,-0.023182,-0.000249,0.007833,-0.001992,0.081235,-0.000664
8562.640000,-0.368017,0.106362,0.288342,-2.001773,-2.028051,0.396134,-0.023185,-0.000251,0.007139,-0.001955,0.078335,-0.000652
8562.648000,-0.368194,0.106359,0.288403,-2.001333,-2.027744,0.396734,-0.022613,-0.000246,0.005146,-0.001801,0.069247,-0.000609
8562.656000,-0.368380,0.106363,0.288403,-2.001109,-2.027449,0.397118,-0.023305,-0.000255,0.005879,-0.001865,0.071735,-0.000614
8562.664000,-0.368558,0.106365,0.288472,-2.000758,-2.027038,0.397754,-0.022509,-0.000241,0.004573,-0.001795,0.069616,-0.000634
8562.672000,-0.368749,0.106358,0.288543,-2.000384,-2.026654,0.398396,-0.023571,-0.000254,0.008416,-0.002042,0.083185,-0.000670
8562.680000,-0.368937,0.106353,0.288596,-2.000005,-2.026298,0.398949,-0.023012,-0.000249,0.006272,-0.001891,0.074313,-0.000635
8562.688000,-0.369117,0.106351,0.288650,-1.999669,-2.025947,0.399505,-0.023345,-0.000253,0.008036,-0.001994,0.080170,-0.000648
8562.696000,-0.369303,0.106346,0.288727,-1.999237,-2.025561,0.400218,-0.022735,-0.000243,0.006527,-0.001908,0.076255,-0.000652
8562.704000,-0.369478,0.106367,0.288785,-1.998998,-2.025061,0.400794,-0.022946,-0.000244,0.006980,-0.001937,0.077951,-0.000658
8562.712000,-0.369662,0.106349,0.288834,-1.998602,-2.024765,0.401344,-0.022983,-0.000246,0.006678,-0.001922,0.076513,-0.000650
8562.720000,-0.369857,0.106346,0.288884,-1.998274,-2.024403,0.401926,-0.022588,-0.000239,0.006282,-0.001899,0.076216,-0.000662
8562.728000,-0.370032,0.106339,0.288947,-1.997891,-2.024003,0.402565,-0.023289,-0.000247,0.007479,-0.002010,0.081857,-0.000690
8562.736000,-0.370219,0.106342,0.288995,-1.997493,-2.023661,0.403140,-0.022659,-0.000238,0.006801,-0.001941,0.078900,-0.000678
8562.744000,-0.370412,0.106332,0.289060,-1.997102,-2.023249,0.403782,-0.023113,-0.000244,0.008061,-0.002032,0.083621,-0.000694
8562.752000,-0.370581,0.106358,0.289103,-1.996863,-2.022797,0.404302,-0.022895,-0.000242,0.008478,-0.002009,0.082639,-0.000669
8562.760000,-0.370766,0.106332,0.289177,-1.996379,-2.022474,0.405002,-0.022393,-0.000235,0.007838,-0.001972,0.081264,-0.000676
8562.768000,-0.370936,0.106343,0.289268,-1.995986,-2.022016,0.405668,-0.023122,-0.000246,0.008667,-0.002023,0.082634,-0.000663
8562.776000,-0.371119,0.106351,0.289338,-1.995619,-2.021556,0.406308,-0.022374,-0.000235,0.007361,-0.001931,0.078714,-0.000661
8562.784000,-0.371313,0.106323,0.289416,-1.995160,-2.021244,0.407024,-0.022652,-0.000238,0.008912,-0.002038,0.084868,-0.000685
8562.792000,-0.371488,0.106337,0.289503,-1.994746,-2.020775,0.407649,-0.022540,-0.000236,0.008412,-0.001998,0.082606,-0.000675
8562.800000,-0.371666,0.106331,0.289566,-1.994395,-2.020360,0.408279,-0.021938,-0.000229,0.007401,-0.001917,0.078628,-0.000662
8562.808000,-0.371834,0.106347,0.289618,-1.994063,-2.019988,0.408815,-0.022331,-0.000233,0.008415,-0.001979,0.081916,-0.000668
8562.816000,-0.372024,0.106342,0.289660,-1.993757,-2.019591,0.409379,-0.022150,-0.000231,0.008003,-0.001946,0.080056,-0.000660
8562.824000,-0.372209,0.106307,0.289758,-1.993203,-2.019294,0.410110,-0.022551,-0.000240,0.008547,-0.001981,0.080616,-0.000648
8562.832000,-0.372381,0.106323,0.289814,-1.992936,-2.018868,0.410657,-0.021962,-0.000229,0.008264,-0.001961,0.081283,-0.000668
8562.840000,-0.372559,0.106318,0.289861,-1.992577,-2.018532,0.411173,-0.022671,-0.000240,0.009502,-0.002041,0.084441,-0.000665
8562.848000,-0.372737,0.106314,0.289946,-1.992192,-2.018093,0.411879,-0.022098,-0.000230,0.007544,-0.001930,0.078805,-0.000662
8562.856000,-0.372917,0.106310,0.290020,-1.991790,-2.017708,0.412544,-0.022686,-0.000239,0.009067,-0.002023,0.083214,-0.000665
8562.864000,-0.373089,0.106319,0.290094,-1.991415,-2.017264,0.413071,-0.022419,-0.000235,0.009897,-0.002050,0.085673,-0.000669
8562.872000,-0.373265,0.106318,0.290180,-1.991026,-2.016854,0.413784,-0.021431,-0.000221,0.007022,-0.001868,0.076418,-0.000653
8562.880000,-0.373449,0.106297,0.290210,-1.990655,-2.016592,0.414322,-0.022556,-0.000235,0.009723,-0.002073,0.086862,-0.000691
8562.888000,-0.373618,0.106311,0.290262,-1.990318,-2.016157,0.414884,-0.021366,-0.000220,0.006103,-0.001822,0.073485,-0.000648
8562.896000,-0.373796,0.106300,0.290360,-1.989840,-2.015758,0.415580,-0.022078,-0.000231,0.007714,-0.001925,0.078067,-0.000650
8562.904000,-0.373979,0.106298,0.290407,-1.989549,-2.015406,0.416103,-0.022429,-0.000236,0.009947,-0.002040,0.084542,-0.000657
8562.912000,-0.374148,0.106305,0.290477,-1.989216,-2.014961,0.416721,-0.022343,-0.000233,0.009269,-0.002014,0.083368,-0.000665
8562.920000,-0.374326,0.106305,0.290535,-1.988834,-2.014601,0.417263,-0.021682,-0.000224,0.008258,-0.001939,0.080133,-0.000661
8562.928000,-0.374506,0.106297,0.290617,-1.988405,-2.014214,0.417950,-0.021709,-0.000226,0.008842,-0.001947,0.080152,-0.000642
8562.936000,-0.374678,0.106303,0.290655,-1.988073,-2.013896,0.418467,-0.021624,-0.000225,0.008476,-0.001923,0.078939,-0.000640
8562.944000,-0.374855,0.106299,0.290749,-1.987674,-2.013422,0.419135,-0.021612,-0.000221,0.008863,-0.001971,0.082409,-0.000671
8562.952000,-0.375030,0.106287,0.290791,-1.987355,-2.013094,0.419686,-0.021591,-0.000223,0.008869,-0.001954,0.080947,-0.000653
8562.960000,-0.375194,0.106295,0.290856,-1.987049,-2.012696,0.420221,-0.021173,-0.000218,0.007545,-0.001858,0.075709,-0.000634
8562.968000,-0.375371,0.106291,0.290907,-1.986662,-2.012355,0.420753,-0.021405,-0.000221,0.008216,-0.001908,0.078369,-0.000644
8562.976000,-0.375539,0.106291,0.290980,-1.986311,-2.011956,0.421407,-0.021175,-0.000221,0.009406,-0.001924,0.079562,-0.000621
8562.984000,-0.375713,0.106281,0.291052,-1.985933,-2.011607,0.421971,-0.020734,-0.000213,0.007876,-0.001850,0.075944,-0.000628
8562.992000,-0.375882,0.106273,0.291138,-1.985525,-2.011241,0.422625,-0.021429,-0.000220,0.010696,-0.002041,0.086781,-0.000669
8563.000000,-0.376045,0.106278,0.291224,-1.985102,-2.010816,0.423240,-0.020786,-0.000215,0.008354,-0.001865,0.076615,-0.000622
8563.008000,-0.376217,0.106270,0.291244,-1.984877,-2.010536,0.423679,-0.020994,-0.000216,0.009501,-0.001948,0.081566,-0.000646
8563.016000,-0.376388,0.106277,0.291352,-1.984402,-2.010092,0.424377,-0.021102,-0.000215,0.009728,-0.001976,0.083445,-0.000662
8563.024000,-0.376547,0.106276,0.291432,-1.984059,-2.009662,0.425000,-0.020406,-0.000206,0.006020,-0.001760,0.071122,-0.000633
8563.032000,-0.376716,0.106270,0.291467,-1.983698,-2.009356,0.425523,-0.020913,-0.000214,0.009498,-0.001944,0.081485,-0.000646
8563.040000,-0.376880,0.106276,0.291543,-1.983366,-2.008918,0.426150,-0.020483,-0.000207,0.007519,-0.001833,0.075599,-0.000640
8563.048000,-0.377057,0.106271,0.291609,-1.982978,-2.008533,0.426743,-0.020766,-0.000211,0.009541,-0.001938,0.081509,-0.000647
8563.056000,-0.377210,0.106277,0.291674,-1.982681,-2.008111,0.427257,-0.020818,-0.000212,0.009274,-0.001920,0.080143,-0.000639
8563.064000,-0.377383,0.106267,0.291773,-1.982199,-2.007723,0.427993,-0.020438,-0.000204,0.008169,-0.001875,0.078412,-0.000655
8563.072000,-0.377545,0.106275,0.291824,-1.981880,-2.007342,0.428535,-0.020926,-0.000211,0.009225,-0.001941,0.081533,-0.000659
8563.080000,-0.377720,0.106270,0.291881,-1.981528,-2.006993,0.429072,-0.020592,-0.000207,0.007852,-0.001854,0.076572,-0.000643
8563.088000,-0.377878,0.106253,0.291950,-1.981148,-2.006651,0.429675,-0.020461,-0.000207,0.008415,-0.001873,0.077794,-0.000641
8563.096000,-0.378052,0.106260,0.292017,-1.980831,-2.006253,0.430255,-0.020550,-0.000207,0.008390,-0.001875,0.077847,-0.000643
8563.104000,-0.378205,0.106250,0.292093,-1.980438,-2.005888,0.430837,-0.019965,-0.000199,0.007427,-0.001806,0.074712,-0.000637
8563.112000,-0.378370,0.106258,0.292112,-1.980208,-2.005568,0.431247,-0.020674,-0.000211,0.008916,-0.001882,0.077602,-0.000623
8563.120000,-0.378523,0.106252,0.292181,-1.979830,-2.005247,0.431791,-0.019673,-0.000196,0.006771,-0.001749,0.071597,-0.000622
8563.128000,-0.378684,0.106263,0.292253,-1.979463,-2.004846,0.432391,-0.020446,-0.000204,0.009574,-0.001932,0.081844,-0.000656
8563.136000,-0.378852,0.106263,0.292335,-1.979130,-2.004397,0.433002,-0.020419,-0.000205,0.008345,-0.001850,0.076313,-0.000628
8563.144000,-0.379017,0.106247,0.292405,-1.978682,-2.004076,0.433603,-0.020052,-0.000200,0.009443,-0.001900,0.080368,-0.000644
8563.152000,-0.379178,0.106268,0.292483,-1.978322,-2.003654,0.434181,-0.020009,-0.000201,0.008487,-0.001823,0.075484,-0.000615
8563.160000,-0.379338,0.106242,0.292550,-1.977942,-2.003340,0.434793,-0.019825,-0.000199,0.008340,-0.001816,0.075158,-0.000616
8563.168000,-0.379501,0.106255,0.292628,-1.977584,-2.002914,0.435370,-0.019850,-0.000201,0.008885,-0.001821,0.075283,-0.000600
8563.176000,-0.379661,0.106246,0.292686,-1.977250,-2.002580,0.435864,-0.020145,-0.000200,0.009478,-0.001903,0.080239,-0.000643
8563.184000,-0.379821,0.106227,0.292770,-1.976835,-2.002241,0.436546,-0.019247,-0.000193,0.007409,-0.001732,0.070797,-0.000595
8563.192000,-0.379973,0.106240,0.292815,-1.976561,-2.001901,0.436990,-0.019797,-0.000196,0.009155,-0.001865,0.078571,-0.000634
8563.200000,-0.380127,0.106232,0.292867,-1.976311,-2.001530,0.437546,-0.019473,-0.000194,0.009029,-0.001829,0.076702,-0.000616
8563.208000,-0.380282,0.106238,0.292973,-1.975865,-2.001100,0.438150,-0.019944,-0.000199,0.010465,-0.001926,0.081873,-0.000633
8563.216000,-0.380446,0.106247,0.293053,-1.975499,-2.000642,0.438768,-0.020137,-0.000199,0.009697,-0.001906,0.080421,-0.000640
8563.224000,-0.380606,0.106223,0.293119,-1.975089,-2.000336,0.439347,-0.019146,-0.000188,0.009071,-0.001830,0.077507,-0.000628
8563.232000,-0.380753,0.106235,0.293179,-1.974788,-1.999974,0.439847,-0.019752,-0.000197,0.009525,-0.001863,0.078130,-0.000619
8563.240000,-0.380911,0.106231,0.293269,-1.974354,-1.999581,0.440520,-0.019621,-0.000192,0.009857,-0.001895,0.080795,-0.000643
8563.248000,-0.381070,0.106241,0.293352,-1.974014,-1.999145,0.441080,-0.019691,-0.000192,0.010442,-0.001933,0.083259,-0.000655
8563.256000,-0.381225,0.106246,0.293423,-1.973715,-1.998698,0.441709,-0.019345,-0.000190,0.008761,-0.001808,0.075815,-0.000618
8563.264000,-0.381376,0.106230,0.293505,-1.973243,-1.998385,0.442257,-0.018904,-0.000184,0.008918,-0.001808,0.076726,-0.000626
8563.272000,-0.381527,0.106233,0.293549,-1.973019,-1.998030,0.442721,-0.019192,-0.000190,0.009152,-0.001804,0.075432,-0.000601
8563.280000,-0.381682,0.106229,0.293652,-1.972603,-1.997609,0.443410,-0.018963,-0.000186,0.009556,-0.001820,0.077057,-0.000609
8563.288000,-0.381837,0.106214,0.293731,-1.972122,-1.997327,0.443988,-0.019317,-0.000190,0.009995,-0.001870,0.079386,-0.000624
8563.296000,-0.381999,0.106220,0.293794,-1.971824,-1.996904,0.444498,-0.019324,-0.000191,0.008807,-0.001800,0.074722,-0.000604
8563.304000,-0.382146,0.106231,0.293873,-1.971494,-1.996494,0.445077,-0.019083,-0.000188,0.009770,-0.001828,0.077162,-0.000605
8563.312000,-0.382299,0.106205,0.293969,-1.971037,-1.996150,0.445757,-0.019347,-0.000189,0.009631,-0.001869,0.079247,-0.000636
8563.320000,-0.382457,0.106217,0.294035,-1.970702,-1.995776,0.446285,-0.019235,-0.000187,0.009822,-0.001861,0.079046,-0.000628
8563.328000,-0.382605,0.106216,0.294105,-1.970378,-1.995391,0.446843,-0.019019,-0.000189,0.008897,-0.001764,0.072786,-0.000579
8563.336000,-0.382758,0.106221,0.294191,-1.970033,-1.994974,0.447393,-0.019038,-0.000187,0.008761,-0.001776,0.073797,-0.000597
8563.344000,-0.382918,0.106216,0.294261,-1.969651,-1.994664,0.447975,-0.018612,-0.000182,0.008590,-0.001740,0.072360,-0.000586
8563.352000,-0.383061,0.106205,0.294308,-1.969414,-1.994344,0.448438,-0.019485,-0.000193,0.009767,-0.001838,0.076337,-0.000596
8563.360000,-0.383212,0.106200,0.294425,-1.968952,-1.993909,0.449109,-0.019252,-0.000188,0.009618,-0.001841,0.077296,-0.000614
8563.368000,-0.383363,0.106228,0.294482,-1.968653,-1.993514,0.449566,-0.019651,-0.000193,0.010633,-0.001891,0.079712,-0.000611
8563.376000,-0.383513,0.106211,0.294562,-1.968294,-1.993199,0.450143,-0.019320,-0.000187,0.009404,-0.001844,0.077622,-0.000626
8563.384000,-0.383678,0.106194,0.294645,-1.967825,-1.992843,0.450823,-0.019285,-0.000186,0.010795,-0.001918,0.082343,-0.000641
8563.392000,-0.383830,0.106206,0.294728,-1.967506,-1.992370,0.451358,-0.018732,-0.000181,0.008633,-0.001766,0.073788,-0.000605
8563.400000,-0.383990,0.106199,0.294786,-1.967166,-1.992040,0.451880,-0.018824,-0.000181,0.009649,-0.001831,0.077780,-0.000623
8563.408000,-0.384123,0.106198,0.294872,-1.966797,-1.991704,0.452413,-0.018873,-0.000181,0.010269,-0.001867,0.079980,-0.000631
8563.416000,-0.384281,0.106196,0.294955,-1.966411,-1.991285,0.453056,-0.018851,-0.000181,0.010569,-0.001874,0.080364,-0.000626
8563.424000,-0.384429,0.106190,0.295066,-1.965971,-1.990852,0.453730,-0.018558,-0.000175,0.010574,-0.001880,0.081581,-0.000643
8563.432000,-0.384584,0.106196,0.295122,-1.965658,-1.990483,0.454266,-0.018827,-0.000178,0.011641,-0.001943,0.085119,-0.000653
8563.440000,-0.384728,0.106204,0.295220,-1.965272,-1.990034,0.454897,-0.018668,-0.000176,0.010673,-0.001885,0.081845,-0.000644
8563.448000,-0.384873,0.106213,0.295313,-1.964893,-1.989611,0.455481,-0.019034,-0.000180,0.011623,-0.001936,0.084131,-0.000641
8563.456000,-0.385034,0.106182,0.295416,-1.964429,-1.989261,0.456175,-0.018708,-0.000177,0.011981,-0.001948,0.085392,-0.000647
8563.464000,-0.385175,0.106198,0.295510,-1.964041,-1.988812,0.456714,-0.018790,-0.000178,0.012007,-0.001944,0.084999,-0.000641
8563.472000,-0.385329,0.106185,0.295554,-1.963703,-1.988523,0.457263,-0.018640,-0.000177,0.011901,-0.001931,0.084313,-0.000637
8563.480000,-0.385476,0.106187,0.295696,-1.963274,-1.987989,0.458028,-0.018679,-0.000176,0.012125,-0.001944,0.085138,-0.000640
8563.488000,-0.385628,0.106176,0.295805,-1.962809,-1.987580,0.458700,-0.018698,-0.000177,0.012493,-0.001966,0.086331,-0.000644
8563.496000,-0.385774,0.106190,0.295899,-1.962381,-1.987178,0.459279,-0.018128,-0.000167,0.011760,-0.001921,0.085301,-0.000657
8563.504000,-0.385919,0.106184,0.295992,-1.962054,-1.986743,0.459888,-0.018545,-0.000174,0.012000,-0.001934,0.084754,-0.000641
8563.512000,-0.386065,0.106175,0.296115,-1.961590,-1.986275,0.460572,-0.018330,-0.000172,0.011400,-0.001890,0.082161,-0.000629
8563.520000,-0.386206,0.106191,0.296203,-1.961211,-1.985886,0.461143,-0.018663,-0.000173,0.013022,-0.001999,0.088790,-0.000660
8563.528000,-0.386360,0.106175,0.296299,-1.960836,-1.985479,0.461790,-0.018738,-0.000175,0.013462,-0.002017,0.089379,-0.000653
8563.536000,-0.386508,0.106178,0.296432,-1.960355,-1.985005,0.462504,-0.018395,-0.000171,0.011997,-0.001931,0.084836,-0.000645
8563.544000,-0.386657,0.106183,0.296518,-1.960015,-1.984550,0.463099,-0.019011,-0.000178,0.013661,-0.002037,0.090093,-0.000656
8563.552000,-0.386805,0.106173,0.296622,-1.959517,-1.984243,0.463743,-0.018609,-0.000172,0.012248,-0.001963,0.086379,-0.000657
8563.560000,-0.386953,0.106183,0.296696,-1.959248,-1.983783,0.464274,-0.018871,-0.000175,0.013380,-0.002018,0.089236,-0.000656
8563.568000,-0.387105,0.106162,0.296835,-1.958758,-1.983330,0.465037,-0.018947,-0.000177,0.014590,-0.002083,0.092869,-0.000663
8563.576000,-0.387251,0.106165,0.296921,-1.958377,-1.982939,0.465634,-0.018051,-0.000164,0.011844,-0.001928,0.085483,-0.000662
8563.584000,-0.387396,0.106178,0.297016,-1.957974,-1.982470,0.466184,-0.018684,-0.000171,0.014685,-0.002085,0.093938,-0.000675
8563.592000,-0.387542,0.106173,0.297121,-1.957496,-1.982062,0.466900,-0.018202,-0.000166,0.011861,-0.001926,0.084956,-0.000655
8563.600000,-0.387691,0.106186,0.297259,-1.957091,-1.981476,0.467657,-0.019024,-0.000174,0.015811,-0.002152,0.097532,-0.000684
8563.608000,-0.387845,0.106156,0.297363,-1.956611,-1.981127,0.468331,-0.018825,-0.000173,0.014306,-0.002077,0.092778,-0.000674
8563.616000,-0.387995,0.106156,0.297500,-1.956074,-1.980631,0.469059,-0.018671,-0.000170,0.015594,-0.002140,0.097168,-0.000689
8563.624000,-0.388148,0.106164,0.297617,-1.955643,-1.980162,0.469727,-0.018431,-0.000166,0.013751,-0.002045,0.091958,-0.000684
8563.632000,-0.388291,0.106157,0.297718,-1.955236,-1.979720,0.470402,-0.018511,-0.000166,0.014692,-0.002101,0.095308,-0.000696
8563.640000,-0.388431,0.106155,0.297846,-1.954784,-1.979258,0.471112,-0.018647,-0.000169,0.014959,-0.002104,0.094887,-0.000682
8563.648000,-0.388583,0.106180,0.297961,-1.954387,-1.978710,0.471744,-0.018153,-0.000160,0.013825,-0.002041,0.092720,-0.000694
8563.656000,-0.388723,0.106176,0.298100,-1.953949,-1.978227,0.472507,-0.018629,-0.000169,0.015986,-0.002126,0.096325,-0.000668
8563.664000,-0.388876,0.106157,0.298190,-1.953464,-1.977909,0.473094,-0.018244,-0.000162,0.013861,-0.002045,0.092275,-0.000687
8563.672000,-0.389014,0.106166,0.298301,-1.953086,-1.977440,0.473709,-0.018331,-0.000162,0.015811,-0.002135,0.097763,-0.000694
8563.680000,-0.389170,0.106159,0.298437,-1.952618,-1.976914,0.474494,-0.018385,-0.000162,0.015624,-0.002135,0.097638,-0.000699
8563.688000,-0.389323,0.106149,0.298559,-1.952069,-1.976508,0.475179,-0.018114,-0.000159,0.014740,-0.002089,0.095270,-0.000699
8563.696000,-0.389462,0.106159,0.298695,-1.951631,-1.975946,0.475892,-0.018098,-0.000159,0.015913,-0.002133,0.098021,-0.000696
8563.704000,-0.389611,0.106146,0.298825,-1.951157,-1.975491,0.476643,-0.018134,-0.000161,0.016162,-0.002130,0.097293,-0.000679
8563.712000,-0.389748,0.106154,0.298963,-1.950704,-1.974980,0.477377,-0.018226,-0.000162,0.016669,-0.002158,0.099009,-0.000685
8563.720000,-0.389899,0.106157,0.299096,-1.950259,-1.974472,0.478092,-0.017322,-0.000152,0.014383,-0.001997,0.090909,-0.000658
8563.728000,-0.390039,0.106160,0.299228,-1.949765,-1.973986,0.478741,-0.018105,-0.000157,0.016693,-0.002175,0.100624,-0.000706
8563.736000,-0.390185,0.106144,0.299337,-1.949362,-1.973549,0.479495,-0.017739,-0.000152,0.015031,-0.002089,0.096066,-0.000704
8563.744000,-0.390335,0.106141,0.299466,-1.948825,-1.973071,0.480187,-0.017981,-0.000159,0.016432,-0.002132,0.097566,-0.000677
8563.752000,-0.390482,0.106139,0.299614,-1.948316,-1.972575,0.480955,-0.018115,-0.000156,0.016448,-0.002178,0.100638,-0.000716
8563.760000,-0.390618,0.106151,0.299746,-1.947887,-1.972065,0.481662,-0.018012,-0.000153,0.016826,-0.002193,0.102028,-0.000723
8563.768000,-0.390755,0.106147,0.299906,-1.947326,-1.971521,0.482448,-0.018089,-0.000157,0.017011,-0.002183,0.100811,-0.000701
8563.776000,-0.390901,0.106160,0.300020,-1.946903,-1.971012,0.483131,-0.017850,-0.000150,0.018051,-0.002245,0.105834,-0.000733
8563.784000,-0.391046,0.106138,0.300152,-1.946426,-1.970577,0.483878,-0.017736,-0.000151,0.017852,-0.002217,0.103759,-0.000714
8563.792000,-0.391193,0.106132,0.300296,-1.945888,-1.970045,0.484680,-0.017414,-0.000144,0.016780,-0.002180,0.102479,-0.000734
8563.800000,-0.391333,0.106128,0.300452,-1.945378,-1.969511,0.485520,-0.017624,-0.000147,0.018401,-0.002262,0.106927,-0.000738
8563.808000,-0.391469,0.106133,0.300588,-1.944908,-1.968989,0.486215,-0.017354,-0.000145,0.016509,-0.002147,0.100274,-0.000716
8563.816000,-0.391611,0.106138,0.300723,-1.944411,-1.968445,0.486966,-0.017925,-0.000146,0.019256,-0.002346,0.112027,-0.000777
8563.824000,-0.391761,0.106151,0.300851,-1.943990,-1.967885,0.487673,-0.017916,-0.000148,0.019783,-0.002336,0.111188,-0.000749
8563.832000,-0.391897,0.106135,0.301025,-1.943391,-1.967391,0.488506,-0.017895,-0.000147,0.018986,-0.002312,0.109544,-0.000755
8563.840000,-0.392046,0.106127,0.301171,-1.942855,-1.966872,0.489333,-0.017614,-0.000146,0.018275,-0.002252,0.106141,-0.000735
8563.848000,-0.392173,0.106152,0.301316,-1.942411,-1.966259,0.490060,-0.017472,-0.000142,0.019627,-0.002305,0.110167,-0.000744
8563.856000,-0.392329,0.106127,0.301476,-1.941782,-1.965775,0.490898,-0.018137,-0.000151,0.019331,-0.002326,0.109366,-0.000742
8563.864000,-0.392477,0.106127,0.301632,-1.941266,-1.965236,0.491661,-0.017266,-0.000140,0.018094,-0.002232,0.105671,-0.000738
8563.872000,-0.392616,0.106110,0.301764,-1.940739,-1.964797,0.492424,-0.017834,-0.000145,0.020143,-0.002375,0.113095,-0.000766
8563.880000,-0.392749,0.106144,0.301908,-1.940282,-1.964164,0.493135,-0.017429,-0.000141,0.018638,-0.002258,0.107090,-0.000739
8563.888000,-0.392896,0.106117,0.302073,-1.939747,-1.963654,0.494007,-0.017991,-0.000145,0.021007,-0.002426,0.116033,-0.000776
8563.896000,-0.393030,0.106122,0.302240,-1.939179,-1.963078,0.494799,-0.017749,-0.000143,0.019951,-0.002354,0.112036,-0.000760
8563.904000,-0.393174,0.106115,0.302403,-1.938653,-1.962523,0.495650,-0.017496,-0.000141,0.020451,-0.002358,0.112611,-0.000752
8563.912000,-0.393315,0.106115,0.302547,-1.938162,-1.961980,0.496380,-0.017594,-0.000143,0.019749,-0.002319,0.109793,-0.000739
8563.920000,-0.393460,0.106110,0.302691,-1.937631,-1.961503,0.497117,-0.017576,-0.000143,0.020317,-0.002350,0.111634,-0.000745
8563.928000,-0.393603,0.106116,0.302867,-1.937057,-1.960921,0.497988,-0.018007,-0.000140,0.022092,-0.002510,0.121459,-0.000815
8563.936000,-0.393745,0.106111,0.303043,-1.936464,-1.960327,0.498846,-0.017204,-0.000135,0.018386,-0.002269,0.107876,-0.000762
8563.944000,-0.393883,0.106115,0.303146,-1.936097,-1.959828,0.499499,-0.017504,-0.000141,0.019955,-0.002325,0.110220,-0.000740
8563.952000,-0.394022,0.106110,0.303330,-1.935493,-1.959270,0.500328,-0.017317,-0.000137,0.019990,-0.002337,0.111523,-0.000758
8563.960000,-0.394158,0.106102,0.303475,-1.934978,-1.958796,0.501093,-0.017760,-0.000138,0.021719,-0.002476,0.119441,-0.000804
8563.968000,-0.394308,0.106096,0.303675,-1.934347,-1.958121,0.502065,-0.017238,-0.000133,0.019998,-0.002365,0.113556,-0.000786
8563.976000,-0.394444,0.106097,0.303841,-1.933713,-1.957573,0.502868,-0.017444,-0.000132,0.022844,-0.002528,0.123362,-0.000820
8563.984000,-0.394579,0.106106,0.304012,-1.933233,-1.956935,0.503697,-0.017171,-0.000130,0.022415,-0.002475,0.120635,-0.000800
8563.992000,-0.394709,0.106113,0.304185,-1.932675,-1.956341,0.504544,-0.017104,-0.000129,0.022557,-0.002470,0.120506,-0.000794
8564.000000,-0.394846,0.106127,0.304370,-1.932143,-1.955693,0.505379,-0.016967,-0.000127,0.020558,-0.002364,0.114419,-0.000781
8564.008000,-0.394989,0.106113,0.304526,-1.931541,-1.955205,0.506156,-0.017100,-0.000128,0.022690,-0.002485,0.121440,-0.000803
8564.016000,-0.395137,0.106100,0.304704,-1.930958,-1.954616,0.507069,-0.016775,-0.000128,0.021513,-0.002381,0.115018,-0.000759
8564.024000,-0.395269,0.106098,0.304900,-1.930370,-1.953945,0.507950,-0.017018,-0.000123,0.024086,-0.002579,0.127374,-0.000837
8564.032000,-0.395400,0.106114,0.305080,-1.929793,-1.953313,0.508839,-0.016912,-0.000125,0.022267,-0.002452,0.119696,-0.000797
8564.040000,-0.395544,0.106098,0.305256,-1.929200,-1.952772,0.509680,-0.017144,-0.000125,0.023400,-0.002542,0.124647,-0.000824
8564.048000,-0.395682,0.106093,0.305402,-1.928641,-1.952288,0.510430,-0.016620,-0.000122,0.021469,-0.002406,0.117074,-0.000791
8564.056000,-0.395820,0.106089,0.305591,-1.928105,-1.951659,0.511354,-0.016895,-0.000125,0.022733,-0.002477,0.120654,-0.000796
8564.064000,-0.395938,0.106123,0.305775,-1.927587,-1.950972,0.512152,-0.016815,-0.000123,0.022789,-0.002463,0.120511,-0.000793
8564.072000,-0.396091,0.106088,0.305953,-1.926937,-1.950466,0.513026,-0.016434,-0.000117,0.022195,-0.002447,0.120026,-0.000808
8564.080000,-0.396217,0.106088,0.306134,-1.926362,-1.949896,0.513851,-0.017146,-0.000123,0.023784,-0.002573,0.126262,-0.000836
8564.088000,-0.396342,0.106105,0.306333,-1.925825,-1.949208,0.514749,-0.016588,-0.000118,0.023099,-0.002489,0.122399,-0.000810
8564.096000,-0.396478,0.106100,0.306500,-1.925187,-1.948684,0.515551,-0.016872,-0.000120,0.023578,-0.002531,0.124263,-0.000818
8564.104000,-0.396617,0.106095,0.306669,-1.924677,-1.948057,0.516386,-0.016381,-0.000111,0.023397,-0.002539,0.126272,-0.000853
8564.112000,-0.396754,0.106099,0.306850,-1.924082,-1.947418,0.517273,-0.017140,-0.000120,0.025205,-0.002643,0.130671,-0.000850
8564.120000,-0.396883,0.106096,0.307080,-1.923368,-1.946712,0.518241,-0.016730,-0.000116,0.023125,-0.002526,0.124292,-0.000836
8564.128000,-0.397014,0.106102,0.307281,-1.922744,-1.946063,0.519201,-0.016677,-0.000113,0.024656,-0.002602,0.129286,-0.000852
8564.136000,-0.397152,0.106078,0.307479,-1.922059,-1.945420,0.520174,-0.016313,-0.000110,0.022361,-0.002489,0.122758,-0.000844
8564.144000,-0.397289,0.106066,0.307671,-1.921420,-1.944845,0.521091,-0.016733,-0.000113,0.024795,-0.002635,0.130551,-0.000866
8564.152000,-0.397421,0.106088,0.307823,-1.920913,-1.944231,0.521889,-0.016535,-0.000109,0.023466,-0.002567,0.127451,-0.000870
8564.160000,-0.397555,0.106087,0.308031,-1.920309,-1.943563,0.522814,-0.016824,-0.000113,0.024744,-0.002624,0.129933,-0.000860
8564.168000,-0.397679,0.106074,0.308257,-1.919603,-1.942917,0.523757,-0.016618,-0.000113,0.022851,-0.002516,0.123276,-0.000836
8564.176000,-0.397802,0.106124,0.308456,-1.919097,-1.942144,0.524641,-0.017020,-0.000112,0.025540,-0.002667,0.132819,-0.000873
8564.184000,-0.397952,0.106085,0.308626,-1.918428,-1.941640,0.525523,-0.016569,-0.000108,0.023596,-0.002576,0.127642,-0.000871
8564.192000,-0.398078,0.106109,0.308831,-1.917862,-1.940909,0.526414,-0.016824,-0.000112,0.024911,-0.002618,0.129631,-0.000853
8564.200000,-0.398223,0.106087,0.309031,-1.917180,-1.940336,0.527366,-0.017109,-0.000114,0.024376,-0.002632,0.129631,-0.000871
8564.208000,-0.398356,0.106087,0.309249,-1.916535,-1.939594,0.528354,-0.016973,-0.000111,0.025111,-0.002668,0.132176,-0.000881
8564.216000,-0.398493,0.106082,0.309409,-1.915904,-1.939082,0.529152,-0.016464,-0.000110,0.023008,-0.002509,0.122979,-0.000831
8564.224000,-0.398620,0.106065,0.309628,-1.915286,-1.938429,0.530114,-0.016605,-0.000112,0.024283,-0.002576,0.126300,-0.000833
8564.232000,-0.398756,0.106078,0.309811,-1.914654,-1.937752,0.530954,-0.016999,-0.000113,0.024858,-0.002638,0.129506,-0.000856
8564.240000,-0.398891,0.106084,0.310040,-1.913991,-1.937063,0.531960,-0.017171,-0.000116,0.026173,-0.002689,0.132114,-0.000847
8564.248000,-0.399037,0.106072,0.310207,-1.913413,-1.936519,0.532790,-0.016682,-0.000106,0.025203,-0.002667,0.132243,-0.000883
8564.256000,-0.399166,0.106078,0.310409,-1.912782,-1.935833,0.533686,-0.016789,-0.000107,0.024927,-0.002651,0.130978,-0.000876
8564.264000,-0.399292,0.106080,0.310614,-1.912168,-1.935166,0.534635,-0.016821,-0.000107,0.025070,-0.002658,0.131313,-0.000876
8564.272000,-0.399437,0.106075,0.310825,-1.911488,-1.934482,0.535591,-0.016637,-0.000106,0.023888,-0.002590,0.127422,-0.000865
8564.280000,-0.399567,0.106079,0.311008,-1.910922,-1.933827,0.536464,-0.016682,-0.000105,0.023842,-0.002593,0.127594,-0.000869
8564.288000,-0.399705,0.106075,0.311227,-1.910201,-1.933148,0.537434,-0.017105,-0.000111,0.024997,-0.002658,0.130158,-0.000864
8564.296000,-0.399837,0.106073,0.311440,-1.909568,-1.932478,0.538382,-0.017256,-0.000111,0.024629,-0.002658,0.129842,-0.000873
8564.304000,-0.399978,0.106062,0.311638,-1.908861,-1.931839,0.539267,-0.017095,-0.000106,0.025196,-0.002712,0.133575,-0.000905
8564.312000,-0.400114,0.106060,0.311839,-1.908278,-1.931206,0.540246,-0.016822,-0.000107,0.022998,-0.002563,0.124809,-0.000862
8564.312000,-0.400114,0.106060,0.311839,-1.908278,-1.931206,0.540246,-0.016822,-0.000107,0.022998,-0.002563,0.124809,-0.000862
8564.328000,-0.400380,0.106076,0.312218,-1.907058,-1.929898,0.541935,-0.016827,-0.000106,0.024664,-0.002635,0.129233,-0.000867
8564.336000,-0.400522,0.106072,0.312427,-1.906376,-1.929213,0.542956,-0.016726,-0.000104,0.024168,-0.002613,0.128116,-0.000870
8564.344000,-0.400655,0.106077,0.312600,-1.905836,-1.928580,0.543772,-0.016694,-0.000106,0.022895,-0.002526,0.122638,-0.000839
8564.352000,-0.400790,0.106067,0.312785,-1.905199,-1.927992,0.544642,-0.017003,-0.000108,0.024139,-0.002614,0.127129,-0.000858
8564.360000,-0.400922,0.106060,0.313012,-1.904486,-1.927334,0.545621,-0.016906,-0.000107,0.023590,-0.002585,0.125475,-0.000855
8564.368000,-0.401065,0.106064,0.313182,-1.903930,-1.926665,0.546495,-0.016979,-0.000109,0.024055,-0.002586,0.125087,-0.000834
8564.376000,-0.401193,0.106064,0.313374,-1.903348,-1.926082,0.547292,-0.016640,-0.000107,0.022244,-0.002472,0.118741,-0.000811
8564.384000,-0.401319,0.106049,0.313579,-1.902684,-1.925490,0.548186,-0.017087,-0.000108,0.025021,-0.002658,0.128959,-0.000855
8564.392000,-0.401465,0.106047,0.313770,-1.902011,-1.924848,0.549118,-0.016871,-0.000107,0.023120,-0.002550,0.122781,-0.000837
8564.400000,-0.401597,0.106062,0.313932,-1.901517,-1.924262,0.549845,-0.016873,-0.000105,0.023367,-0.002570,0.124378,-0.000851
8564.408000,-0.401732,0.106052,0.314119,-1.900890,-1.923654,0.550703,-0.016904,-0.000105,0.022324,-0.002534,0.121947,-0.000854
8564.416000,-0.401862,0.106055,0.314327,-1.900294,-1.922931,0.551662,-0.017061,-0.000104,0.023788,-0.002624,0.127253,-0.000876
8564.424000,-0.402001,0.106055,0.314492,-1.899675,-1.922383,0.552459,-0.017242,-0.000108,0.022710,-0.002569,0.123280,-0.000859
8564.432000,-0.402139,0.106049,0.314702,-1.899014,-1.921725,0.553388,-0.017410,-0.000109,0.023792,-0.002628,0.126189,-0.000862
8564.440000,-0.402268,0.106077,0.314872,-1.898518,-1.921026,0.554204,-0.016957,-0.000103,0.021407,-0.002490,0.119503,-0.000854
8564.448000,-0.402407,0.106050,0.315065,-1.897845,-1.920438,0.555154,-0.017241,-0.000103,0.023511,-0.002633,0.127248,-0.000888
8564.456000,-0.402548,0.106051,0.315241,-1.897303,-1.919771,0.555984,-0.017181,-0.000103,0.022174,-0.002571,0.123658,-0.000885
8564.464000,-0.402679,0.106050,0.315438,-1.896582,-1.919150,0.556911,-0.016950,-0.000101,0.022085,-0.002551,0.122820,-0.000878
8564.472000,-0.402815,0.106059,0.315595,-1.896042,-1.918561,0.557665,-0.017114,-0.000105,0.022148,-0.002524,0.120500,-0.000844
8564.480000,-0.402956,0.106066,0.315791,-1.895446,-1.917857,0.558522,-0.017320,-0.000104,0.023245,-0.002604,0.125077,-0.000870
8564.488000,-0.403101,0.106048,0.315960,-1.894802,-1.917351,0.559379,-0.017113,-0.000106,0.021842,-0.002503,0.118832,-0.000833
8564.496000,-0.403230,0.106054,0.316129,-1.894256,-1.916680,0.560200,-0.017274,-0.000102,0.023498,-0.002634,0.126913,-0.000887
8564.504000,-0.403368,0.106071,0.316304,-1.893739,-1.916013,0.561033,-0.016990,-0.000103,0.021140,-0.002464,0.117169,-0.000836
8564.512000,-0.403508,0.106055,0.316480,-1.893096,-1.915448,0.561901,-0.017246,-0.000103,0.022348,-0.002562,0.122422,-0.000866
8564.520000,-0.403639,0.106052,0.316700,-1.892418,-1.914786,0.562862,-0.016975,-0.000100,0.022293,-0.002541,0.121655,-0.000859
8564.528000,-0.403772,0.106045,0.316849,-1.891868,-1.914244,0.563577,-0.017125,-0.000102,0.021840,-0.002527,0.120193,-0.000855
8564.536000,-0.403907,0.106044,0.317002,-1.891354,-1.913689,0.564325,-0.016929,-0.000103,0.020129,-0.002419,0.113919,-0.000828
8564.544000,-0.404043,0.106046,0.317170,-1.890787,-1.913094,0.565161,-0.017206,-0.000102,0.021892,-0.002533,0.120327,-0.000856
8564.552000,-0.404182,0.106045,0.317360,-1.890185,-1.912449,0.566031,-0.017193,-0.000103,0.020810,-0.002476,0.116795,-0.000845
8564.560000,-0.404320,0.106037,0.317506,-1.889603,-1.911925,0.566760,-0.017454,-0.000106,0.020806,-0.002490,0.116814,-0.000845
8564.568000,-0.404456,0.106044,0.317668,-1.889075,-1.911347,0.567552,-0.017022,-0.000101,0.019784,-0.002421,0.113847,-0.000841
8564.576000,-0.404596,0.106044,0.317850,-1.888434,-1.910723,0.568397,-0.017191,-0.000101,0.020658,-0.002483,0.117288,-0.000859
8564.584000,-0.404733,0.106033,0.318022,-1.887839,-1.910132,0.569232,-0.017053,-0.000101,0.020888,-0.002476,0.116761,-0.000845
8564.592000,-0.404870,0.106043,0.318191,-1.887296,-1.909448,0.570067,-0.016802,-0.000097,0.020085,-0.002432,0.114940,-0.000848
8564.600000,-0.405001,0.106035,0.318340,-1.886734,-1.908956,0.570843,-0.017001,-0.000101,0.019475,-0.002397,0.111997,-0.000829
8564.608000,-0.405137,0.106045,0.318501,-1.886149,-1.908344,0.571628,-0.017329,-0.000099,0.020666,-0.002506,0.118343,-0.000875
8564.616000,-0.405281,0.106035,0.318681,-1.885531,-1.907722,0.572480,-0.017139,-0.000100,0.020370,-0.002457,0.115280,-0.000844
8564.624000,-0.405418,0.106033,0.318841,-1.884962,-1.907163,0.573270,-0.017052,-0.000097,0.020674,-0.002483,0.117187,-0.000861
8564.632000,-0.405550,0.106043,0.319002,-1.884462,-1.906524,0.574042,-0.016697,-0.000095,0.018035,-0.002327,0.108671,-0.000835
8564.640000,-0.405687,0.106043,0.319147,-1.883872,-1.905976,0.574789,-0.016834,-0.000097,0.019103,-0.002373,0.110914,-0.000830
8564.648000,-0.405813,0.106039,0.319303,-1.883372,-1.905430,0.575506,-0.016795,-0.000097,0.019618,-0.002390,0.111748,-0.000824
8564.656000,-0.405951,0.106030,0.319452,-1.882841,-1.904901,0.576300,-0.016570,-0.000094,0.017968,-0.002317,0.108004,-0.000830
8564.664000,-0.406088,0.106045,0.319599,-1.882336,-1.904325,0.577002,-0.016754,-0.000095,0.019653,-0.002396,0.112380,-0.000833
8564.672000,-0.406222,0.106014,0.319741,-1.881769,-1.903884,0.577744,-0.016668,-0.000094,0.018709,-0.002364,0.110267,-0.000837
8564.680000,-0.406351,0.106034,0.319903,-1.881217,-1.903236,0.578521,-0.016635,-0.000091,0.020205,-0.002442,0.115424,-0.000858
8564.688000,-0.406484,0.106037,0.320047,-1.880672,-1.902667,0.579206,-0.016210,-0.000092,0.017708,-0.002256,0.104683,-0.000796
8564.696000,-0.406626,0.106018,0.320201,-1.880113,-1.902162,0.580029,-0.016762,-0.000098,0.019661,-0.002368,0.109624,-0.000797
8564.704000,-0.406751,0.106037,0.320329,-1.879693,-1.901582,0.580685,-0.016420,-0.000094,0.017979,-0.002277,0.105426,-0.000798
8564.712000,-0.406882,0.106027,0.320496,-1.879105,-1.901021,0.581480,-0.016467,-0.000091,0.019126,-0.002365,0.110736,-0.000833
8564.720000,-0.407001,0.106056,0.320675,-1.878591,-1.900345,0.582242,-0.016162,-0.000090,0.016845,-0.002209,0.102229,-0.000794
8564.728000,-0.407144,0.106030,0.320790,-1.878058,-1.899938,0.582925,-0.016465,-0.000091,0.018655,-0.002329,0.108364,-0.000817
8564.736000,-0.407282,0.106037,0.320899,-1.877629,-1.899437,0.583591,-0.016058,-0.000087,0.017194,-0.002243,0.104410,-0.000814
8564.744000,-0.407404,0.106028,0.321070,-1.877046,-1.898851,0.584385,-0.016395,-0.000089,0.019081,-0.002358,0.110353,-0.000831
8564.752000,-0.407536,0.106013,0.321226,-1.876447,-1.898362,0.585108,-0.016574,-0.000090,0.018150,-0.002336,0.108431,-0.000836
8564.760000,-0.407677,0.106012,0.321370,-1.875903,-1.897805,0.585875,-0.016201,-0.000088,0.018070,-0.002301,0.107051,-0.000822
8564.768000,-0.407790,0.106037,0.321524,-1.875434,-1.897169,0.586570,-0.016603,-0.000092,0.016897,-0.002252,0.103456,-0.000811
8564.776000,-0.407930,0.106018,0.321672,-1.874835,-1.896657,0.587323,-0.016622,-0.000088,0.019083,-0.002394,0.111853,-0.000853
8564.784000,-0.408065,0.106022,0.321816,-1.874308,-1.896122,0.588119,-0.016582,-0.000090,0.018579,-0.002334,0.108110,-0.000819
8564.792000,-0.408191,0.106028,0.321954,-1.873794,-1.895560,0.588825,-0.016132,-0.000085,0.015347,-0.002179,0.100321,-0.000823
8564.800000,-0.408321,0.106023,0.322082,-1.873262,-1.895048,0.589516,-0.016783,-0.000089,0.017818,-0.002341,0.108373,-0.000850
8564.808000,-0.408456,0.106027,0.322220,-1.872757,-1.894502,0.590224,-0.016127,-0.000085,0.016260,-0.002218,0.102497,-0.000824
8564.816000,-0.408585,0.106027,0.322355,-1.872285,-1.893937,0.590925,-0.017098,-0.000093,0.018487,-0.002368,0.108958,-0.000835
8564.824000,-0.408729,0.106012,0.322484,-1.871754,-1.893455,0.591628,-0.016757,-0.000092,0.016462,-0.002256,0.102842,-0.000821
8564.832000,-0.408861,0.106020,0.322630,-1.871243,-1.892888,0.592366,-0.016774,-0.000090,0.017601,-0.002311,0.106164,-0.000828
8564.840000,-0.408998,0.106038,0.322741,-1.870767,-1.892377,0.593013,-0.016370,-0.000086,0.016376,-0.002225,0.102301,-0.000818
8564.848000,-0.409128,0.106018,0.322883,-1.870184,-1.891905,0.593718,-0.016614,-0.000090,0.016264,-0.002228,0.101433,-0.000810
8564.856000,-0.409245,0.106039,0.323021,-1.869772,-1.891315,0.594439,-0.016565,-0.000088,0.016674,-0.002241,0.102665,-0.000813
8564.864000,-0.409390,0.106016,0.323164,-1.869240,-1.890774,0.595179,-0.016458,-0.000086,0.015814,-0.002221,0.101558,-0.000828
8564.872000,-0.409520,0.106022,0.323279,-1.868733,-1.890302,0.595775,-0.016325,-0.000088,0.015443,-0.002159,0.097757,-0.000789
8564.880000,-0.409650,0.106021,0.323392,-1.868232,-1.889789,0.596477,-0.016293,-0.000087,0.015812,-0.002176,0.098797,-0.000791
8564.888000,-0.409783,0.106018,0.323532,-1.867777,-1.889287,0.597169,-0.016642,-0.000089,0.016911,-0.002256,0.102804,-0.000809
8564.896000,-0.409913,0.106025,0.323669,-1.867237,-1.888728,0.597840,-0.016468,-0.000087,0.014972,-0.002162,0.097843,-0.000807
8564.904000,-0.410041,0.106005,0.323807,-1.866726,-1.888246,0.598542,-0.016496,-0.000090,0.016784,-0.002224,0.100642,-0.000785
8564.912000,-0.410176,0.106018,0.323900,-1.866316,-1.887781,0.599127,-0.016333,-0.000084,0.015076,-0.002174,0.098840,-0.000819
8564.920000,-0.410305,0.106023,0.324047,-1.865864,-1.887168,0.599849,-0.016385,-0.000085,0.015283,-0.002175,0.098653,-0.000810
8564.928000,-0.410445,0.106005,0.324163,-1.865324,-1.886767,0.600534,-0.016338,-0.000086,0.014333,-0.002124,0.095480,-0.000798
8564.936000,-0.410578,0.106007,0.324296,-1.864785,-1.886210,0.601212,-0.015990,-0.000085,0.013886,-0.002062,0.092240,-0.000770
8564.944000,-0.410700,0.106012,0.324403,-1.864284,-1.885797,0.601768,-0.016164,-0.000085,0.013707,-0.002075,0.092825,-0.000784
8564.952000,-0.410831,0.106015,0.324515,-1.863873,-1.885286,0.602416,-0.016342,-0.000083,0.015521,-0.002192,0.099626,-0.000817
8564.960000,-0.410970,0.106014,0.324598,-1.863502,-1.884792,0.603044,-0.016528,-0.000083,0.016265,-0.002245,0.102406,-0.000831
8564.968000,-0.411096,0.106010,0.324754,-1.862917,-1.884241,0.603763,-0.015910,-0.000079,0.014186,-0.002115,0.096022,-0.000815
8564.976000,-0.411227,0.105998,0.324847,-1.862457,-1.883845,0.604378,-0.016263,-0.000084,0.015170,-0.002153,0.096932,-0.000793
8564.984000,-0.411353,0.106026,0.324983,-1.861999,-1.883234,0.605060,-0.016268,-0.000081,0.014795,-0.002149,0.097335,-0.000812
8564.992000,-0.411487,0.106008,0.325113,-1.861464,-1.882779,0.605704,-0.016258,-0.000085,0.014962,-0.002132,0.095624,-0.000783
8565.000000,-0.411613,0.106007,0.325225,-1.861010,-1.882286,0.606343,-0.016111,-0.000083,0.014335,-0.002095,0.093798,-0.000780
8565.008000,-0.411729,0.106027,0.325341,-1.860598,-1.881768,0.606942,-0.015870,-0.000081,0.013567,-0.002039,0.091253,-0.000771
8565.016000,-0.411867,0.106024,0.325422,-1.860222,-1.881322,0.607545,-0.016078,-0.000082,0.013273,-0.002047,0.091315,-0.000782
8565.024000,-0.411990,0.106013,0.325539,-1.859708,-1.880857,0.608203,-0.016147,-0.000079,0.014825,-0.002148,0.097220,-0.000812
8565.032000,-0.412123,0.106004,0.325644,-1.859209,-1.880400,0.608829,-0.016454,-0.000082,0.014346,-0.002147,0.096362,-0.000816
8565.040000,-0.412265,0.105986,0.325749,-1.858746,-1.879956,0.609498,-0.015918,-0.000085,0.011826,-0.001952,0.085271,-0.000749
8565.048000,-0.412394,0.105999,0.325843,-1.858288,-1.879519,0.609985,-0.016186,-0.000084,0.013794,-0.002068,0.091689,-0.000771
8565.056000,-0.412521,0.105991,0.325958,-1.857872,-1.879064,0.610642,-0.015707,-0.000081,0.012618,-0.001987,0.087888,-0.000760
8565.064000,-0.412642,0.106010,0.326054,-1.857511,-1.878598,0.611170,-0.016179,-0.000083,0.013848,-0.002064,0.091502,-0.000768
8565.072000,-0.412775,0.105984,0.326159,-1.857010,-1.878199,0.611816,-0.016185,-0.000082,0.014167,-0.002096,0.093194,-0.000781
8565.080000,-0.412898,0.106009,0.326279,-1.856532,-1.877650,0.612435,-0.015829,-0.000082,0.011405,-0.001923,0.083939,-0.000747
8565.088000,-0.413031,0.105998,0.326369,-1.856168,-1.877203,0.613016,-0.015944,-0.000080,0.013720,-0.002056,0.091488,-0.000774
8565.096000,-0.413155,0.105999,0.326458,-1.855732,-1.876759,0.613559,-0.016170,-0.000081,0.013679,-0.002077,0.092317,-0.000787
8565.104000,-0.413282,0.105991,0.326598,-1.855181,-1.876300,0.614271,-0.016403,-0.000079,0.014956,-0.002175,0.097656,-0.000818
8565.112000,-0.413417,0.105994,0.326691,-1.854741,-1.875849,0.614869,-0.015946,-0.000077,0.012359,-0.002022,0.089753,-0.000797
8565.120000,-0.413553,0.105985,0.326783,-1.854306,-1.875367,0.615488,-0.016304,-0.000082,0.012332,-0.002025,0.088789,-0.000784
8565.128000,-0.413675,0.105999,0.326890,-1.853878,-1.874877,0.616075,-0.016008,-0.000081,0.012366,-0.001986,0.087021,-0.000759
8565.136000,-0.413809,0.105996,0.326996,-1.853387,-1.874391,0.616669,-0.016474,-0.000078,0.014061,-0.002150,0.096208,-0.000830
8565.144000,-0.413937,0.105989,0.327107,-1.852915,-1.873915,0.617343,-0.016310,-0.000078,0.014145,-0.002127,0.094881,-0.000809
8565.152000,-0.414069,0.105989,0.327181,-1.852540,-1.873471,0.617880,-0.015625,-0.000078,0.009890,-0.001861,0.080584,-0.000756
8565.160000,-0.414188,0.105993,0.327301,-1.852071,-1.873009,0.618479,-0.016267,-0.000081,0.012341,-0.002016,0.088228,-0.000778
8565.168000,-0.414321,0.105979,0.327362,-1.851692,-1.872642,0.619066,-0.016182,-0.000081,0.010609,-0.001942,0.084154,-0.000781
8565.176000,-0.414449,0.105990,0.327459,-1.851303,-1.872178,0.619584,-0.016189,-0.000079,0.011921,-0.002007,0.088027,-0.000791
8565.184000,-0.414575,0.105996,0.327560,-1.850847,-1.871696,0.620174,-0.016317,-0.000082,0.011780,-0.001981,0.085932,-0.000766
8565.192000,-0.414714,0.105973,0.327642,-1.850415,-1.871352,0.620746,-0.016090,-0.000081,0.011290,-0.001950,0.084351,-0.000762
8565.200000,-0.414836,0.105986,0.327713,-1.850092,-1.870909,0.621265,-0.016150,-0.000078,0.011743,-0.001996,0.087351,-0.000789
8565.208000,-0.414968,0.105980,0.327829,-1.849558,-1.870438,0.621851,-0.016133,-0.000078,0.011621,-0.001990,0.086886,-0.000787
8565.216000,-0.415098,0.105986,0.327916,-1.849139,-1.869988,0.622378,-0.015994,-0.000078,0.011453,-0.001963,0.085554,-0.000775
8565.224000,-0.415229,0.105989,0.327987,-1.848770,-1.869588,0.622897,-0.016012,-0.000080,0.009848,-0.001874,0.080210,-0.000754
8565.232000,-0.415350,0.105992,0.328073,-1.848360,-1.869175,0.623463,-0.015484,-0.000073,0.010523,-0.001890,0.082515,-0.000766
8565.240000,-0.415480,0.105986,0.328147,-1.847950,-1.868771,0.624006,-0.016034,-0.000079,0.011490,-0.001948,0.084317,-0.000757
8565.248000,-0.415600,0.105988,0.328242,-1.847537,-1.868297,0.624542,-0.015905,-0.000078,0.010130,-0.001882,0.080799,-0.000754
8565.256000,-0.415740,0.105983,0.328332,-1.847125,-1.867860,0.625201,-0.015783,-0.000079,0.009841,-0.001842,0.078518,-0.000733
8565.264000,-0.415859,0.105988,0.328407,-1.846746,-1.867480,0.625666,-0.015749,-0.000076,0.010423,-0.001884,0.081279,-0.000752
8565.272000,-0.415999,0.105985,0.328487,-1.846351,-1.867025,0.626190,-0.015866,-0.000076,0.012049,-0.001967,0.085698,-0.000760
8565.280000,-0.416116,0.105981,0.328598,-1.845892,-1.866601,0.626834,-0.015732,-0.000078,0.008860,-0.001806,0.076644,-0.000741
8565.288000,-0.416244,0.105994,0.328670,-1.845511,-1.866127,0.627314,-0.015799,-0.000075,0.009883,-0.001872,0.080541,-0.000762
8565.296000,-0.416363,0.105987,0.328747,-1.845097,-1.865779,0.627843,-0.016002,-0.000077,0.010043,-0.001889,0.080972,-0.000762
8565.304000,-0.416496,0.105981,0.328789,-1.844831,-1.865410,0.628296,-0.015862,-0.000076,0.009564,-0.001865,0.079932,-0.000764
8565.312000,-0.416624,0.105976,0.328870,-1.844386,-1.865008,0.628828,-0.015643,-0.000076,0.008912,-0.001808,0.076816,-0.000744
8565.320000,-0.416755,0.105973,0.328944,-1.843953,-1.864624,0.629404,-0.015772,-0.000076,0.009354,-0.001838,0.078230,-0.000748
8565.328000,-0.416875,0.105978,0.329028,-1.843561,-1.864185,0.629925,-0.015898,-0.000076,0.009450,-0.001860,0.079414,-0.000762
8565.336000,-0.417001,0.105980,0.329091,-1.843228,-1.863778,0.630388,-0.016113,-0.000079,0.009249,-0.001851,0.078283,-0.000753
8565.344000,-0.417128,0.105985,0.329185,-1.842799,-1.863301,0.630957,-0.015865,-0.000078,0.008518,-0.001796,0.075561,-0.000740
8565.352000,-0.417242,0.105980,0.329284,-1.842374,-1.862898,0.631586,-0.016106,-0.000079,0.009711,-0.001859,0.078575,-0.000742
8565.360000,-0.417385,0.105977,0.329329,-1.842048,-1.862511,0.632019,-0.016041,-0.000078,0.008674,-0.001820,0.076553,-0.000749
8565.368000,-0.417512,0.105967,0.329420,-1.841598,-1.862103,0.632567,-0.016176,-0.000077,0.008890,-0.001860,0.078714,-0.000773
8565.376000,-0.417630,0.105980,0.329477,-1.841229,-1.861755,0.633030,-0.016058,-0.000080,0.008255,-0.001777,0.073768,-0.000724
8565.384000,-0.417765,0.105974,0.329514,-1.840944,-1.861412,0.633465,-0.015982,-0.000079,0.006908,-0.001728,0.071256,-0.000735
8565.392000,-0.417890,0.105980,0.329600,-1.840542,-1.860932,0.634006,-0.015821,-0.000078,0.006509,-0.001700,0.070034,-0.000732
8565.400000,-0.418029,0.105968,0.329616,-1.840242,-1.860677,0.634417,-0.015892,-0.000083,0.006326,-0.001657,0.066770,-0.000692
8565.408000,-0.418140,0.105977,0.329692,-1.839832,-1.860294,0.634898,-0.016093,-0.000079,0.007097,-0.001749,0.072301,-0.000745
8565.416000,-0.418280,0.105971,0.329746,-1.839470,-1.859916,0.635393,-0.016248,-0.000082,0.007899,-0.001765,0.072402,-0.000718
8565.424000,-0.418409,0.105974,0.329809,-1.839174,-1.859472,0.635854,-0.015978,-0.000081,0.006798,-0.001698,0.069114,-0.000710
8565.432000,-0.418539,0.105961,0.329885,-1.838763,-1.859126,0.636389,-0.015949,-0.000084,0.006810,-0.001669,0.066991,-0.000680
8565.440000,-0.418666,0.105965,0.329924,-1.838399,-1.858835,0.636781,-0.016096,-0.000082,0.006734,-0.001704,0.069167,-0.000714
8565.448000,-0.418787,0.105970,0.330001,-1.838045,-1.858399,0.637301,-0.016128,-0.000081,0.007534,-0.001738,0.070974,-0.000712
8565.456000,-0.418917,0.105964,0.330065,-1.837683,-1.858021,0.637795,-0.016045,-0.000078,0.008074,-0.001780,0.073792,-0.000735
8565.464000,-0.419047,0.105951,0.330123,-1.837334,-1.857701,0.638301,-0.016113,-0.000080,0.007316,-0.001739,0.071036,-0.000721
8565.472000,-0.419171,0.105970,0.330172,-1.837018,-1.857304,0.638735,-0.015396,-0.000077,0.005741,-0.001607,0.064973,-0.000691
8565.480000,-0.419296,0.105960,0.330199,-1.836701,-1.857009,0.639128,-0.016065,-0.000080,0.007272,-0.001726,0.070307,-0.000713
8565.488000,-0.419422,0.105967,0.330271,-1.836326,-1.856602,0.639591,-0.015744,-0.000080,0.005701,-0.001618,0.064705,-0.000688
8565.496000,-0.419555,0.105965,0.330292,-1.836059,-1.856329,0.639961,-0.015869,-0.000075,0.007320,-0.001738,0.071750,-0.000734
8565.504000,-0.419686,0.105960,0.330341,-1.835667,-1.855979,0.640419,-0.016423,-0.000075,0.008561,-0.001866,0.078321,-0.000784
8565.512000,-0.419804,0.105950,0.330438,-1.835246,-1.855541,0.640999,-0.015936,-0.000075,0.006892,-0.001737,0.071501,-0.000745
8565.520000,-0.419930,0.105963,0.330493,-1.834937,-1.855137,0.641468,-0.015890,-0.000080,0.005670,-0.001630,0.065035,-0.000695
8565.528000,-0.420063,0.105958,0.330527,-1.834628,-1.854812,0.641892,-0.015787,-0.000078,0.005070,-0.001616,0.064628,-0.000710
8565.536000,-0.420179,0.105968,0.330583,-1.834250,-1.854477,0.642296,-0.015787,-0.000077,0.006133,-0.001661,0.067250,-0.000712
8565.544000,-0.420297,0.105985,0.330643,-1.833946,-1.854031,0.642741,-0.016168,-0.000077,0.006281,-0.001708,0.069536,-0.000739
8565.552000,-0.420441,0.105968,0.330678,-1.833627,-1.853704,0.643214,-0.015780,-0.000076,0.005269,-0.001631,0.065620,-0.000719
8565.560000,-0.420558,0.105968,0.330727,-1.833254,-1.853374,0.643634,-0.015888,-0.000074,0.006335,-0.001705,0.069876,-0.000743
8565.568000,-0.420686,0.105956,0.330774,-1.832944,-1.853043,0.644114,-0.015761,-0.000075,0.005554,-0.001649,0.066626,-0.000724
8565.576000,-0.420809,0.105950,0.330835,-1.832504,-1.852696,0.644604,-0.015878,-0.000074,0.005943,-0.001687,0.068668,-0.000740
8565.584000,-0.420943,0.105972,0.330861,-1.832288,-1.852272,0.644985,-0.016204,-0.000082,0.004918,-0.001610,0.063156,-0.000695
8565.592000,-0.421074,0.105958,0.330889,-1.831936,-1.852061,0.645390,-0.015710,-0.000079,0.004418,-0.001559,0.061139,-0.000685
8565.600000,-0.421200,0.105958,0.330921,-1.831691,-1.851729,0.645766,-0.015834,-0.000082,0.003618,-0.001514,0.058129,-0.000669
8565.608000,-0.421334,0.105954,0.330943,-1.831341,-1.851459,0.646114,-0.016047,-0.000079,0.005087,-0.001620,0.063995,-0.000703
8565.616000,-0.421453,0.105967,0.331009,-1.831039,-1.851001,0.646645,-0.015726,-0.000075,0.005309,-0.001622,0.065078,-0.000712
8565.624000,-0.421581,0.105951,0.331058,-1.830630,-1.850708,0.647099,-0.016176,-0.000081,0.003374,-0.001558,0.060237,-0.000708
8565.632000,-0.421718,0.105948,0.331075,-1.830351,-1.850398,0.647458,-0.016029,-0.000078,0.004581,-0.001613,0.063770,-0.000718
8565.640000,-0.421840,0.105938,0.331139,-1.829996,-1.850014,0.648026,-0.015899,-0.000080,0.002286,-0.001491,0.056887,-0.000699
8565.648000,-0.421974,0.105951,0.331124,-1.829797,-1.849749,0.648242,-0.015908,-0.000078,0.004105,-0.001576,0.061805,-0.000707
8565.656000,-0.422094,0.105964,0.331145,-1.829558,-1.849445,0.648609,-0.015824,-0.000081,0.001944,-0.001448,0.054558,-0.000677
8565.664000,-0.422219,0.105948,0.331204,-1.829161,-1.849143,0.649066,-0.016148,-0.000084,0.002428,-0.001483,0.055569,-0.000675
8565.672000,-0.422355,0.105941,0.331200,-1.828929,-1.848927,0.649380,-0.016088,-0.000081,0.003084,-0.001525,0.058224,-0.000691
8565.680000,-0.422481,0.105953,0.331234,-1.828648,-1.848550,0.649764,-0.016126,-0.000081,0.002325,-0.001498,0.056781,-0.000696
8565.688000,-0.422614,0.105955,0.331246,-1.828383,-1.848263,0.650149,-0.015884,-0.000081,0.002782,-0.001479,0.055948,-0.000670
8565.696000,-0.422739,0.105957,0.331276,-1.828080,-1.847951,0.650505,-0.015947,-0.000080,0.002919,-0.001500,0.057084,-0.000681
8565.704000,-0.422868,0.105952,0.331306,-1.827765,-1.847635,0.650901,-0.015791,-0.000077,0.002544,-0.001494,0.057304,-0.000698
8565.712000,-0.422989,0.105949,0.331327,-1.827559,-1.847321,0.651301,-0.015968,-0.000079,0.003584,-0.001538,0.059250,-0.000690
8565.720000,-0.423132,0.105938,0.331322,-1.827228,-1.847151,0.651601,-0.015952,-0.000079,0.003234,-0.001521,0.058162,-0.000687
8565.728000,-0.423236,0.105946,0.331424,-1.826856,-1.846670,0.652189,-0.015453,-0.000075,0.001935,-0.001443,0.055018,-0.000688
8565.736000,-0.423381,0.105937,0.331380,-1.826674,-1.846480,0.652414,-0.015423,-0.000074,0.001971,-0.001452,0.055612,-0.000696
8565.744000,-0.423491,0.105949,0.331423,-1.826317,-1.846159,0.652772,-0.015924,-0.000080,0.001542,-0.001443,0.053872,-0.000684
8565.752000,-0.423636,0.105930,0.331426,-1.826063,-1.845890,0.653204,-0.015617,-0.000075,0.003012,-0.001506,0.058138,-0.000697
8565.760000,-0.423766,0.105929,0.331434,-1.825803,-1.845615,0.653548,-0.015822,-0.000075,0.003479,-0.001549,0.060285,-0.000711
8565.768000,-0.423881,0.105925,0.331471,-1.825512,-1.845280,0.653951,-0.015900,-0.000077,0.003177,-0.001529,0.058732,-0.000699
8565.776000,-0.424011,0.105946,0.331469,-1.825269,-1.844985,0.654222,-0.015643,-0.000078,0.001511,-0.001412,0.052468,-0.000667
8565.784000,-0.424134,0.105938,0.331526,-1.824899,-1.844645,0.654734,-0.016019,-0.000077,0.002536,-0.001512,0.057697,-0.000707
8565.792000,-0.424257,0.105960,0.331523,-1.824718,-1.844355,0.655042,-0.015465,-0.000076,0.001402,-0.001397,0.052214,-0.000668
8565.800000,-0.424390,0.105932,0.331540,-1.824424,-1.844112,0.655383,-0.015626,-0.000078,0.002549,-0.001448,0.054294,-0.000658
8565.808000,-0.424510,0.105942,0.331550,-1.824188,-1.843863,0.655672,-0.015744,-0.000077,0.002586,-0.001471,0.055627,-0.000676
8565.816000,-0.424649,0.105933,0.331565,-1.823936,-1.843536,0.656046,-0.015926,-0.000080,0.001849,-0.001445,0.053604,-0.000672
8565.824000,-0.424772,0.105924,0.331595,-1.823570,-1.843288,0.656473,-0.015689,-0.000080,-0.000333,-0.001341,0.048341,-0.000672
8565.832000,-0.424879,0.105949,0.331609,-1.823409,-1.842939,0.656789,-0.015849,-0.000077,0.001763,-0.001442,0.053863,-0.000679
8565.840000,-0.425008,0.105944,0.331602,-1.823165,-1.842717,0.657071,-0.015881,-0.000078,0.001250,-0.001425,0.052827,-0.000682
8565.848000,-0.425154,0.105932,0.331601,-1.822861,-1.842493,0.657428,-0.016376,-0.000079,0.001884,-0.001502,0.056268,-0.000709
8565.856000,-0.425269,0.105943,0.331629,-1.822614,-1.842136,0.657797,-0.016235,-0.000083,0.001389,-0.001423,0.051567,-0.000659
8565.864000,-0.425407,0.105933,0.331613,-1.822338,-1.841970,0.658053,-0.015894,-0.000083,-0.000423,-0.001322,0.046467,-0.000648
8565.872000,-0.425529,0.105941,0.331622,-1.822137,-1.841682,0.658401,-0.016195,-0.000087,-0.000870,-0.001298,0.044277,-0.000631
8565.880000,-0.425669,0.105933,0.331581,-1.821973,-1.841483,0.658609,-0.016146,-0.000086,0.000322,-0.001345,0.046903,-0.000628
8565.888000,-0.425791,0.105927,0.331604,-1.821697,-1.841238,0.658942,-0.016066,-0.000083,-0.000250,-0.001346,0.047454,-0.000657
8565.896000,-0.425923,0.105942,0.331577,-1.821540,-1.840978,0.659199,-0.016338,-0.000085,-0.000066,-0.001368,0.048197,-0.000661
8565.904000,-0.426057,0.105926,0.331592,-1.821170,-1.840746,0.659577,-0.015963,-0.000078,0.001200,-0.001425,0.052382,-0.000679
8565.912000,-0.426184,0.105931,0.331595,-1.820983,-1.840490,0.659931,-0.016043,-0.000090,-0.002175,-0.001203,0.038774,-0.000597
8565.920000,-0.426303,0.105944,0.331568,-1.820831,-1.840235,0.660135,-0.015723,-0.000081,-0.001420,-0.001266,0.043683,-0.000644
8565.928000,-0.426430,0.105931,0.331577,-1.820513,-1.840028,0.660498,-0.015955,-0.000082,-0.000922,-0.001311,0.045758,-0.000656
8565.936000,-0.426570,0.105920,0.331541,-1.820310,-1.839855,0.660753,-0.015819,-0.000081,-0.000587,-0.001313,0.045997,-0.000649
8565.944000,-0.426686,0.105941,0.331548,-1.820127,-1.839519,0.661056,-0.015715,-0.000079,-0.000014,-0.001332,0.047464,-0.000651
8565.952000,-0.426820,0.105925,0.331540,-1.819896,-1.839318,0.661357,-0.015866,-0.000078,0.000377,-0.001379,0.049956,-0.000674
8565.960000,-0.426945,0.105925,0.331535,-1.819685,-1.839065,0.661644,-0.015805,-0.000080,-0.001068,-0.001302,0.045619,-0.000661
8565.968000,-0.427074,0.105922,0.331540,-1.819444,-1.838811,0.662018,-0.015952,-0.000080,-0.000340,-0.001341,0.047445,-0.000662
8565.976000,-0.427197,0.105928,0.331533,-1.819154,-1.838578,0.662281,-0.016065,-0.000080,0.000163,-0.001372,0.049031,-0.000668
8565.984000,-0.427332,0.105910,0.331539,-1.818921,-1.838325,0.662669,-0.015855,-0.000081,-0.001097,-0.001300,0.045254,-0.000657
8565.992000,-0.427450,0.105927,0.331533,-1.818715,-1.838045,0.662921,-0.016082,-0.000080,-0.000590,-0.001344,0.047445,-0.000671
8566.000000,-0.427575,0.105947,0.331504,-1.818556,-1.837808,0.663145,-0.015798,-0.000079,-0.000533,-0.001310,0.046026,-0.000650
8566.008000,-0.427709,0.105921,0.331501,-1.818295,-1.837590,0.663477,-0.015838,-0.000081,-0.001927,-0.001254,0.042585,-0.000647
8566.016000,-0.427834,0.105915,0.331487,-1.818060,-1.837415,0.663749,-0.015494,-0.000080,-0.002126,-0.001220,0.041315,-0.000637
8566.024000,-0.427963,0.105913,0.331457,-1.817905,-1.837189,0.664030,-0.015868,-0.000081,-0.001119,-0.001292,0.044665,-0.000650
8566.032000,-0.428088,0.105924,0.331452,-1.817681,-1.836914,0.664295,-0.015581,-0.000077,-0.001146,-0.001285,0.045049,-0.000658
8566.040000,-0.428218,0.105929,0.331435,-1.817456,-1.836674,0.664581,-0.015896,-0.000081,-0.002135,-0.001244,0.041876,-0.000645
8566.048000,-0.428338,0.105927,0.331436,-1.817227,-1.836462,0.664873,-0.016084,-0.000082,-0.001348,-0.001291,0.044171,-0.000651
8566.056000,-0.428479,0.105906,0.331403,-1.816943,-1.836300,0.665084,-0.015918,-0.000084,-0.001927,-0.001240,0.041243,-0.000629
8566.064000,-0.428600,0.105915,0.331381,-1.816835,-1.836074,0.665408,-0.016104,-0.000082,-0.001706,-0.001278,0.043342,-0.000652
8566.072000,-0.428723,0.105931,0.331371,-1.816637,-1.835810,0.665662,-0.016042,-0.000085,-0.003027,-0.001189,0.038132,-0.000621
8566.080000,-0.428858,0.105918,0.331346,-1.816442,-1.835610,0.665956,-0.015789,-0.000085,-0.004249,-0.001123,0.034955,-0.000617
8566.088000,-0.428976,0.105940,0.331326,-1.816293,-1.835322,0.666183,-0.015960,-0.000086,-0.003988,-0.001132,0.035022,-0.000609
8566.096000,-0.429116,0.105909,0.331274,-1.816067,-1.835280,0.666373,-0.016075,-0.000091,-0.005042,-0.001082,0.031647,-0.000595
8566.104000,-0.429239,0.105916,0.331237,-1.815909,-1.835081,0.666624,-0.016203,-0.000088,-0.003245,-0.001174,0.036661,-0.000607
8566.112000,-0.429372,0.105912,0.331222,-1.815718,-1.834870,0.666876,-0.015835,-0.000085,-0.004130,-0.001132,0.035314,-0.000619
8566.120000,-0.429502,0.105917,0.331185,-1.815515,-1.834688,0.667081,-0.016080,-0.000086,-0.004289,-0.001141,0.035314,-0.000624
8566.128000,-0.429622,0.105916,0.331172,-1.815332,-1.834448,0.667363,-0.016164,-0.000086,-0.003504,-0.001181,0.037380,-0.000627
8566.136000,-0.429752,0.105918,0.331138,-1.815175,-1.834258,0.667636,-0.016122,-0.000091,-0.005356,-0.001063,0.030439,-0.000589
8566.144000,-0.429880,0.105920,0.331116,-1.814995,-1.834020,0.667858,-0.016030,-0.000085,-0.003923,-0.001151,0.035961,-0.000621
8566.152000,-0.430017,0.105900,0.331037,-1.814907,-1.833978,0.667958,-0.015967,-0.000088,-0.004241,-0.001113,0.033555,-0.000597
8566.160000,-0.430148,0.105918,0.331018,-1.814705,-1.833734,0.668240,-0.015884,-0.000085,-0.003696,-0.001136,0.035170,-0.000603
8566.168000,-0.430276,0.105912,0.330994,-1.814502,-1.833541,0.668499,-0.015817,-0.000083,-0.004261,-0.001127,0.035079,-0.000621
8566.176000,-0.430398,0.105911,0.330954,-1.814328,-1.833375,0.668709,-0.015937,-0.000087,-0.004144,-0.001108,0.033301,-0.000591
8566.184000,-0.430521,0.105920,0.330909,-1.814198,-1.833241,0.668872,-0.015851,-0.000083,-0.004206,-0.001128,0.035065,-0.000619
8566.192000,-0.430657,0.105906,0.330867,-1.814037,-1.833051,0.669099,-0.016002,-0.000083,-0.003837,-0.001165,0.036838,-0.000633
8566.200000,-0.430775,0.105910,0.330846,-1.813824,-1.832870,0.669326,-0.015949,-0.000085,-0.004722,-0.001112,0.033886,-0.000620
8566.208000,-0.430909,0.105894,0.330802,-1.813666,-1.832720,0.669554,-0.016002,-0.000086,-0.004425,-0.001120,0.034015,-0.000612
8566.216000,-0.431037,0.105928,0.330745,-1.813613,-1.832488,0.669717,-0.015528,-0.000081,-0.005168,-0.001069,0.032482,-0.000616
8566.224000,-0.431157,0.105905,0.330723,-1.813388,-1.832336,0.669937,-0.015549,-0.000085,-0.005852,-0.001017,0.029064,-0.000589
8566.232000,-0.431282,0.105896,0.330673,-1.813234,-1.832237,0.670150,-0.015930,-0.000089,-0.005306,-0.001053,0.030104,-0.000585
8566.240000,-0.431422,0.105890,0.330594,-1.813094,-1.832173,0.670270,-0.015539,-0.000082,-0.005174,-0.001072,0.032434,-0.000616
8566.248000,-0.431554,0.105889,0.330565,-1.812892,-1.831933,0.670557,-0.015580,-0.000080,-0.004540,-0.001115,0.034916,-0.000631
8566.256000,-0.431663,0.105912,0.330529,-1.812827,-1.831689,0.670715,-0.015789,-0.000085,-0.005068,-0.001072,0.031743,-0.000602
8566.264000,-0.431798,0.105898,0.330484,-1.812660,-1.831570,0.670945,-0.016219,-0.000088,-0.005349,-0.001094,0.032131,-0.000616
8566.272000,-0.431922,0.105906,0.330493,-1.812364,-1.831278,0.671241,-0.015778,-0.000085,-0.005400,-0.001056,0.030828,-0.000600
8566.280000,-0.432051,0.105903,0.330437,-1.812215,-1.831177,0.671423,-0.016054,-0.000085,-0.005331,-0.001094,0.032591,-0.000623
8566.288000,-0.432173,0.105903,0.330403,-1.812171,-1.830924,0.671669,-0.015781,-0.000087,-0.005792,-0.001022,0.028604,-0.000581
8566.296000,-0.432288,0.105920,0.330368,-1.811962,-1.830747,0.671909,-0.015899,-0.000086,-0.006054,-0.001035,0.029409,-0.000602
8566.304000,-0.432432,0.105885,0.330300,-1.811763,-1.830716,0.672054,-0.016110,-0.000094,-0.006521,-0.000983,0.025306,-0.000556
8566.312000,-0.432554,0.105899,0.330267,-1.811691,-1.830533,0.672230,-0.016149,-0.000090,-0.006427,-0.001021,0.027808,-0.000590
8566.320000,-0.432690,0.105899,0.330184,-1.811627,-1.830383,0.672369,-0.016247,-0.000093,-0.006450,-0.001000,0.026102,-0.000565
8566.328000,-0.432820,0.105884,0.330136,-1.811447,-1.830270,0.672552,-0.015883,-0.000089,-0.007888,-0.000952,0.024563,-0.000593
8566.336000,-0.432937,0.105909,0.330065,-1.811364,-1.830132,0.672645,-0.016117,-0.000093,-0.008486,-0.000916,0.021841,-0.000573
8566.344000,-0.433067,0.105902,0.329997,-1.811270,-1.830012,0.672818,-0.015988,-0.000085,-0.005681,-0.001066,0.030991,-0.000613
8566.352000,-0.433207,0.105886,0.329943,-1.811084,-1.829856,0.673061,-0.016151,-0.000089,-0.007725,-0.000984,0.025948,-0.000608
8566.360000,-0.433333,0.105880,0.329901,-1.810878,-1.829746,0.673243,-0.016122,-0.000089,-0.006628,-0.001017,0.027621,-0.000595
8566.368000,-0.433455,0.105905,0.329824,-1.810885,-1.829567,0.673343,-0.015935,-0.000086,-0.006757,-0.001010,0.027861,-0.000604
8566.376000,-0.433580,0.105894,0.329792,-1.810668,-1.829402,0.673592,-0.016045,-0.000090,-0.006882,-0.000983,0.025675,-0.000576
8566.384000,-0.433717,0.105879,0.329712,-1.810618,-1.829304,0.673698,-0.015848,-0.000090,-0.007384,-0.000944,0.023787,-0.000565
8566.392000,-0.433833,0.105903,0.329654,-1.810522,-1.829191,0.673811,-0.015761,-0.000086,-0.005943,-0.001011,0.027957,-0.000578
8566.400000,-0.433963,0.105882,0.329619,-1.810359,-1.829029,0.674045,-0.015810,-0.000087,-0.007567,-0.000959,0.025024,-0.000591
8566.408000,-0.434087,0.105902,0.329571,-1.810262,-1.828811,0.674227,-0.015799,-0.000089,-0.008476,-0.000902,0.021707,-0.000573
8566.416000,-0.434218,0.105884,0.329490,-1.810125,-1.828810,0.674351,-0.015782,-0.000088,-0.007093,-0.000959,0.024870,-0.000572
8566.424000,-0.434340,0.105894,0.329449,-1.809990,-1.828618,0.674547,-0.015761,-0.000095,-0.008961,-0.000830,0.017029,-0.000520
8566.432000,-0.434467,0.105885,0.329384,-1.809893,-1.828539,0.674640,-0.015966,-0.000091,-0.007927,-0.000925,0.022407,-0.000564
8566.440000,-0.434596,0.105909,0.329305,-1.809839,-1.828371,0.674769,-0.015670,-0.000095,-0.010474,-0.000765,0.013641,-0.000522
8566.448000,-0.434723,0.105876,0.329225,-1.809661,-1.828409,0.674889,-0.015667,-0.000091,-0.009753,-0.000833,0.017930,-0.000561
8566.456000,-0.434850,0.105879,0.329136,-1.809644,-1.828301,0.675000,-0.015932,-0.000091,-0.008496,-0.000904,0.021366,-0.000568
8566.464000,-0.434973,0.105885,0.329101,-1.809501,-1.828071,0.675226,-0.015799,-0.000086,-0.007235,-0.000965,0.025326,-0.000585
8566.472000,-0.435104,0.105889,0.329015,-1.809420,-1.827979,0.675326,-0.015540,-0.000085,-0.007592,-0.000930,0.023830,-0.000575
8566.480000,-0.435224,0.105879,0.328968,-1.809249,-1.827853,0.675504,-0.015843,-0.000090,-0.008951,-0.000882,0.020370,-0.000570
8566.488000,-0.435355,0.105885,0.328905,-1.809147,-1.827687,0.675658,-0.016005,-0.000091,-0.008138,-0.000913,0.021568,-0.000559
8566.496000,-0.435487,0.105883,0.328838,-1.809055,-1.827547,0.675836,-0.016021,-0.000089,-0.008493,-0.000926,0.022622,-0.000587
8566.504000,-0.435614,0.105866,0.328772,-1.808886,-1.827482,0.676010,-0.015499,-0.000087,-0.008860,-0.000876,0.020825,-0.000575
8566.512000,-0.435735,0.105866,0.328714,-1.808789,-1.827344,0.676149,-0.015956,-0.000094,-0.009936,-0.000833,0.017115,-0.000555
8566.520000,-0.435864,0.105872,0.328638,-1.808665,-1.827221,0.676271,-0.016022,-0.000095,-0.010256,-0.000817,0.015984,-0.000549
8566.528000,-0.436002,0.105868,0.328534,-1.808625,-1.827193,0.676369,-0.015881,-0.000091,-0.009997,-0.000843,0.018050,-0.000572
8566.536000,-0.436126,0.105866,0.328462,-1.808530,-1.827077,0.676443,-0.015945,-0.000094,-0.010581,-0.000806,0.015629,-0.000555
8566.544000,-0.436257,0.105873,0.328349,-1.808533,-1.826998,0.676528,-0.015889,-0.000094,-0.010836,-0.000785,0.014455,-0.000547
8566.552000,-0.436379,0.105899,0.328277,-1.808458,-1.826868,0.676612,-0.016457,-0.000095,-0.010278,-0.000854,0.017345,-0.000569
8566.560000,-0.436518,0.105898,0.328207,-1.808399,-1.826709,0.676777,-0.015861,-0.000094,-0.011207,-0.000762,0.013214,-0.000541
8566.568000,-0.436643,0.105872,0.328099,-1.808300,-1.826789,0.676781,-0.015702,-0.000098,-0.012257,-0.000680,0.008478,-0.000507
8566.576000,-0.436768,0.105871,0.328002,-1.808277,-1.826712,0.676861,-0.015834,-0.000094,-0.010531,-0.000784,0.014335,-0.000535
8566.584000,-0.436898,0.105886,0.327914,-1.808243,-1.826601,0.676937,-0.015973,-0.000094,-0.010377,-0.000803,0.015164,-0.000542
8566.592000,-0.437028,0.105863,0.327860,-1.808084,-1.826512,0.677160,-0.015539,-0.000092,-0.010816,-0.000762,0.013837,-0.000538
8566.600000,-0.437159,0.105853,0.327752,-1.808024,-1.826512,0.677168,-0.015701,-0.000097,-0.011706,-0.000707,0.009950,-0.000510
8566.608000,-0.437275,0.105867,0.327656,-1.807988,-1.826451,0.677218,-0.015595,-0.000093,-0.010909,-0.000750,0.012878,-0.000527
8566.616000,-0.437393,0.105881,0.327605,-1.807900,-1.826251,0.677411,-0.015962,-0.000091,-0.009739,-0.000842,0.017580,-0.000557
8566.624000,-0.437530,0.105883,0.327518,-1.807865,-1.826168,0.677462,-0.015628,-0.000094,-0.011049,-0.000739,0.012049,-0.000519
8566.632000,-0.437659,0.105870,0.327393,-1.807775,-1.826227,0.677483,-0.015803,-0.000094,-0.011812,-0.000740,0.012087,-0.000546
8566.640000,-0.437789,0.105867,0.327306,-1.807758,-1.826087,0.677572,-0.015427,-0.000088,-0.009645,-0.000809,0.016737,-0.000542
8566.648000,-0.437910,0.105869,0.327239,-1.807716,-1.825972,0.677737,-0.015589,-0.000087,-0.009488,-0.000844,0.018635,-0.000565
8566.656000,-0.438034,0.105849,0.327183,-1.807493,-1.825916,0.677874,-0.015674,-0.000096,-0.011707,-0.000710,0.010170,-0.000514
8566.664000,-0.438149,0.105882,0.327091,-1.807528,-1.825750,0.677901,-0.015429,-0.000089,-0.010548,-0.000767,0.014340,-0.000538
8566.672000,-0.438279,0.105868,0.326996,-1.807467,-1.825748,0.678008,-0.015570,-0.000089,-0.009965,-0.000808,0.016382,-0.000548
8566.680000,-0.438403,0.105861,0.326910,-1.807370,-1.825712,0.678105,-0.015592,-0.000094,-0.010739,-0.000738,0.011862,-0.000507
8566.688000,-0.438524,0.105871,0.326833,-1.807290,-1.825599,0.678210,-0.015765,-0.000097,-0.013060,-0.000664,0.007472,-0.000520
8566.696000,-0.438653,0.105869,0.326725,-1.807266,-1.825572,0.678264,-0.015597,-0.000099,-0.014297,-0.000583,0.003005,-0.000496
8566.704000,-0.438780,0.105857,0.326589,-1.807357,-1.825567,0.678264,-0.015889,-0.000102,-0.013797,-0.000607,0.003498,-0.000485
8566.712000,-0.438907,0.105876,0.326483,-1.807294,-1.825460,0.678268,-0.016112,-0.000096,-0.012008,-0.000742,0.011335,-0.000541
8566.720000,-0.439032,0.105856,0.326400,-1.807204,-1.825479,0.678396,-0.015992,-0.000108,-0.014946,-0.000536,-0.001151,-0.000454
8566.728000,-0.439162,0.105855,0.326267,-1.807221,-1.825508,0.678366,-0.015717,-0.000103,-0.015267,-0.000533,-0.000312,-0.000479
8566.736000,-0.439292,0.105862,0.326141,-1.807250,-1.825459,0.678332,-0.016054,-0.000101,-0.012449,-0.000677,0.007141,-0.000493
8566.744000,-0.439417,0.105861,0.326049,-1.807218,-1.825382,0.678433,-0.016110,-0.000096,-0.012250,-0.000732,0.010716,-0.000540
8566.752000,-0.439546,0.105856,0.325955,-1.807156,-1.825345,0.678482,-0.016152,-0.000099,-0.013092,-0.000686,0.007836,-0.000526
8566.760000,-0.439682,0.105852,0.325851,-1.807061,-1.825304,0.678609,-0.015639,-0.000096,-0.013290,-0.000650,0.006964,-0.000521
8566.768000,-0.439797,0.105862,0.325744,-1.807117,-1.825265,0.678603,-0.016094,-0.000099,-0.012770,-0.000682,0.007481,-0.000510
8566.776000,-0.439923,0.105842,0.325654,-1.807025,-1.825251,0.678742,-0.016017,-0.000095,-0.011993,-0.000743,0.011560,-0.000545
8566.784000,-0.440050,0.105857,0.325555,-1.807022,-1.825110,0.678751,-0.015641,-0.000098,-0.013510,-0.000622,0.005028,-0.000499
8566.792000,-0.440173,0.105850,0.325443,-1.806983,-1.825112,0.678795,-0.015461,-0.000094,-0.013471,-0.000634,0.006413,-0.000519
8566.800000,-0.440303,0.105855,0.325301,-1.807020,-1.825154,0.678715,-0.015726,-0.000099,-0.013533,-0.000616,0.004380,-0.000490
8566.808000,-0.440434,0.105841,0.325214,-1.806925,-1.825136,0.678846,-0.015761,-0.000095,-0.012951,-0.000684,0.008689,-0.000535
8566.816000,-0.440557,0.105846,0.325104,-1.806919,-1.825047,0.678898,-0.015811,-0.000098,-0.012798,-0.000658,0.006580,-0.000498
8566.824000,-0.440672,0.105850,0.325018,-1.806895,-1.824981,0.678891,-0.015554,-0.000100,-0.014835,-0.000549,0.000906,-0.000483
8566.832000,-0.440792,0.105852,0.324912,-1.806881,-1.824907,0.678990,-0.015598,-0.000099,-0.015521,-0.000544,0.000819,-0.000505
8566.840000,-0.440921,0.105848,0.324776,-1.806854,-1.824985,0.678903,-0.015525,-0.000100,-0.014334,-0.000560,0.001399,-0.000473
8566.848000,-0.441054,0.105855,0.324653,-1.806868,-1.824946,0.678968,-0.015698,-0.000095,-0.012390,-0.000678,0.008105,-0.000507
8566.856000,-0.441171,0.105855,0.324562,-1.806835,-1.824896,0.679006,-0.015871,-0.000101,-0.013409,-0.000613,0.003551,-0.000473
8566.864000,-0.441293,0.105846,0.324466,-1.806743,-1.824926,0.679080,-0.015650,-0.000097,-0.013690,-0.000620,0.004855,-0.000503
8566.872000,-0.441430,0.105852,0.324328,-1.806839,-1.824888,0.679034,-0.015808,-0.000102,-0.014528,-0.000560,0.000666,-0.000468
8566.880000,-0.441551,0.105838,0.324230,-1.806847,-1.824827,0.679087,-0.015607,-0.000095,-0.012512,-0.000672,0.007927,-0.000509
8566.888000,-0.441667,0.105851,0.324147,-1.806731,-1.824780,0.679170,-0.015890,-0.000098,-0.012890,-0.000656,0.006240,-0.000496
8566.896000,-0.441795,0.105853,0.324044,-1.806684,-1.824698,0.679204,-0.015389,-0.000093,-0.014464,-0.000595,0.004328,-0.000523
8566.904000,-0.441922,0.105842,0.323905,-1.806739,-1.824741,0.679256,-0.015595,-0.000103,-0.016041,-0.000486,-0.003096,-0.000464
8566.912000,-0.442044,0.105841,0.323765,-1.806822,-1.824754,0.679135,-0.015574,-0.000099,-0.014401,-0.000572,0.002046,-0.000485
8566.920000,-0.442173,0.105852,0.323658,-1.806745,-1.824718,0.679233,-0.016003,-0.000102,-0.014693,-0.000577,0.001327,-0.000483
8566.928000,-0.442304,0.105838,0.323526,-1.806778,-1.824740,0.679183,-0.015835,-0.000101,-0.015446,-0.000547,0.000105,-0.000491
8566.936000,-0.442433,0.105831,0.323376,-1.806786,-1.824856,0.679109,-0.015756,-0.000105,-0.015659,-0.000499,-0.002924,-0.000453
8566.944000,-0.442565,0.105819,0.323242,-1.806852,-1.824878,0.679112,-0.015806,-0.000105,-0.016377,-0.000489,-0.003408,-0.000470
8566.952000,-0.442687,0.105834,0.323108,-1.806870,-1.824863,0.679083,-0.015691,-0.000100,-0.014843,-0.000560,0.001069,-0.000485
8566.960000,-0.442813,0.105829,0.322999,-1.806901,-1.824811,0.679116,-0.015583,-0.000099,-0.014709,-0.000556,0.001030,-0.000481
8566.968000,-0.442939,0.105844,0.322851,-1.806941,-1.824820,0.679058,-0.015789,-0.000108,-0.017975,-0.000400,-0.008743,-0.000444
8566.976000,-0.443053,0.105857,0.322732,-1.806998,-1.824819,0.679043,-0.015283,-0.000103,-0.017078,-0.000411,-0.007022,-0.000440
8566.984000,-0.443179,0.105832,0.322594,-1.807015,-1.824890,0.678978,-0.015476,-0.000106,-0.017146,-0.000406,-0.007889,-0.000429
8566.992000,-0.443305,0.105823,0.322461,-1.807036,-1.824970,0.678971,-0.015538,-0.000103,-0.015067,-0.000502,-0.002478,-0.000440
8567.000000,-0.443430,0.105837,0.322339,-1.807042,-1.824912,0.678921,-0.015602,-0.000102,-0.015796,-0.000493,-0.002895,-0.000458
8567.008000,-0.443562,0.105829,0.322194,-1.807116,-1.824971,0.678895,-0.015132,-0.000101,-0.016400,-0.000434,-0.005320,-0.000443
8567.016000,-0.443688,0.105816,0.322041,-1.807159,-1.825079,0.678828,-0.015372,-0.000104,-0.016953,-0.000424,-0.006456,-0.000444
8567.024000,-0.443806,0.105837,0.321892,-1.807197,-1.825085,0.678761,-0.015381,-0.000098,-0.015795,-0.000502,-0.001630,-0.000478
8567.032000,-0.443934,0.105833,0.321795,-1.807200,-1.825019,0.678796,-0.015743,-0.000098,-0.014894,-0.000580,0.002262,-0.000505
8567.040000,-0.444060,0.105823,0.321653,-1.807233,-1.825097,0.678805,-0.015428,-0.000100,-0.015931,-0.000494,-0.002320,-0.000472
8567.048000,-0.444179,0.105824,0.321551,-1.807184,-1.825064,0.678813,-0.014990,-0.000098,-0.016155,-0.000445,-0.004347,-0.000450
8567.056000,-0.444313,0.105822,0.321384,-1.807276,-1.825093,0.678694,-0.015295,-0.000102,-0.016517,-0.000440,-0.005402,-0.000445
8567.064000,-0.444425,0.105833,0.321258,-1.807324,-1.825099,0.678713,-0.015196,-0.000101,-0.016136,-0.000444,-0.005090,-0.000437
8567.072000,-0.444549,0.105816,0.321143,-1.807272,-1.825168,0.678707,-0.015052,-0.000099,-0.015822,-0.000461,-0.003647,-0.000449
8567.072000,-0.444549,0.105816,0.321143,-1.807272,-1.825168,0.678707,-0.015052,-0.000099,-0.015822,-0.000461,-0.003647,-0.000449
8567.088000,-0.444786,0.105831,0.320882,-1.807374,-1.825143,0.678660,-0.015376,-0.000105,-0.017921,-0.000377,-0.009370,-0.000433
8567.096000,-0.444912,0.105839,0.320733,-1.807452,-1.825158,0.678534,-0.015330,-0.000103,-0.016874,-0.000416,-0.007089,-0.000432
8567.104000,-0.445050,0.105807,0.320560,-1.807521,-1.825338,0.678487,-0.015600,-0.000104,-0.017488,-0.000431,-0.006524,-0.000461
8567.112000,-0.445160,0.105833,0.320442,-1.807562,-1.825282,0.678463,-0.015204,-0.000100,-0.017400,-0.000410,-0.006840,-0.000454
8567.120000,-0.445290,0.105817,0.320297,-1.807590,-1.825337,0.678424,-0.015426,-0.000105,-0.018285,-0.000371,-0.009826,-0.000438
8567.128000,-0.445417,0.105822,0.320143,-1.807610,-1.825413,0.678337,-0.015139,-0.000101,-0.018302,-0.000373,-0.008786,-0.000455
8567.136000,-0.445536,0.105829,0.319973,-1.807738,-1.825464,0.678179,-0.014991,-0.000104,-0.019769,-0.000285,-0.013780,-0.000429
8567.144000,-0.445652,0.105819,0.319800,-1.807835,-1.825631,0.678086,-0.015260,-0.000108,-0.019161,-0.000296,-0.014187,-0.000401
8567.152000,-0.445781,0.105831,0.319668,-1.807861,-1.825586,0.678056,-0.015602,-0.000102,-0.017052,-0.000454,-0.005253,-0.000465
8567.160000,-0.445914,0.105809,0.319533,-1.807904,-1.825641,0.678043,-0.015263,-0.000105,-0.018278,-0.000355,-0.010501,-0.000427
8567.168000,-0.446029,0.105811,0.319391,-1.808003,-1.825684,0.677998,-0.015228,-0.000109,-0.019886,-0.000263,-0.016052,-0.000398
8567.176000,-0.446142,0.105837,0.319237,-1.808094,-1.825700,0.677893,-0.014954,-0.000102,-0.019003,-0.000315,-0.012088,-0.000429
8567.184000,-0.446263,0.105806,0.319092,-1.808136,-1.825806,0.677820,-0.015284,-0.000106,-0.017529,-0.000373,-0.009830,-0.000412
8567.192000,-0.446379,0.105836,0.318970,-1.808132,-1.825808,0.677784,-0.015176,-0.000096,-0.016468,-0.000467,-0.003389,-0.000474
8567.200000,-0.446516,0.105808,0.318795,-1.808232,-1.825921,0.677713,-0.015432,-0.000105,-0.018133,-0.000381,-0.009390,-0.000439
8567.208000,-0.446636,0.105812,0.318652,-1.808313,-1.825950,0.677648,-0.015001,-0.000101,-0.018610,-0.000347,-0.010238,-0.000443
8567.216000,-0.446750,0.105839,0.318510,-1.808409,-1.825898,0.677583,-0.015500,-0.000102,-0.017025,-0.000434,-0.006509,-0.000445
8567.224000,-0.446874,0.105809,0.318366,-1.808383,-1.826061,0.677564,-0.015092,-0.000105,-0.020371,-0.000275,-0.014614,-0.000436
8567.232000,-0.446996,0.105831,0.318206,-1.808502,-1.826046,0.677452,-0.015029,-0.000104,-0.018999,-0.000308,-0.012955,-0.000415
8567.240000,-0.447118,0.105805,0.318088,-1.808480,-1.826094,0.677460,-0.014962,-0.000099,-0.017981,-0.000374,-0.008579,-0.000447
8567.248000,-0.447220,0.105805,0.317968,-1.808475,-1.826116,0.677422,-0.014895,-0.000106,-0.019678,-0.000262,-0.015433,-0.000400
8567.256000,-0.447350,0.105796,0.317798,-1.808618,-1.826254,0.677322,-0.014906,-0.000109,-0.020895,-0.000197,-0.019402,-0.000381
8567.264000,-0.447460,0.105797,0.317622,-1.808719,-1.826353,0.677161,-0.015225,-0.000104,-0.019165,-0.000328,-0.012002,-0.000434
8567.272000,-0.447573,0.105818,0.317496,-1.808825,-1.826321,0.677107,-0.014727,-0.000109,-0.020159,-0.000190,-0.019876,-0.000349
8567.280000,-0.447706,0.105806,0.317306,-1.808898,-1.826494,0.676952,-0.015104,-0.000110,-0.021030,-0.000212,-0.018966,-0.000391
8567.288000,-0.447822,0.105790,0.317158,-1.808947,-1.826614,0.676846,-0.015261,-0.000113,-0.021428,-0.000189,-0.020849,-0.000376
8567.296000,-0.447943,0.105804,0.316971,-1.809132,-1.826670,0.676716,-0.015651,-0.000110,-0.020211,-0.000293,-0.015314,-0.000418
8567.304000,-0.448064,0.105786,0.316822,-1.809185,-1.826788,0.676649,-0.015170,-0.000115,-0.022670,-0.000129,-0.024156,-0.000367
8567.312000,-0.448170,0.105807,0.316674,-1.809295,-1.826780,0.676571,-0.014814,-0.000109,-0.022111,-0.000152,-0.021798,-0.000385
8567.320000,-0.448301,0.105802,0.316499,-1.809379,-1.826891,0.676437,-0.015444,-0.000112,-0.020909,-0.000231,-0.018827,-0.000388
8567.328000,-0.448414,0.105804,0.316349,-1.809487,-1.826941,0.676382,-0.015058,-0.000104,-0.018829,-0.000318,-0.012581,-0.000414
8567.336000,-0.448542,0.105808,0.316176,-1.809557,-1.827054,0.676265,-0.015132,-0.000108,-0.020330,-0.000250,-0.016881,-0.000399
8567.344000,-0.448650,0.105818,0.316042,-1.809644,-1.827046,0.676219,-0.015126,-0.000105,-0.020420,-0.000263,-0.015913,-0.000417
8567.352000,-0.448778,0.105794,0.315859,-1.809693,-1.827207,0.676042,-0.014977,-0.000109,-0.021251,-0.000193,-0.019934,-0.000384
8567.360000,-0.448899,0.105797,0.315690,-1.809842,-1.827255,0.675977,-0.014631,-0.000106,-0.021070,-0.000187,-0.019459,-0.000385
8567.368000,-0.449016,0.105795,0.315525,-1.809897,-1.827397,0.675849,-0.015012,-0.000110,-0.021207,-0.000195,-0.020011,-0.000381
8567.376000,-0.449140,0.105781,0.315369,-1.809964,-1.827475,0.675737,-0.014956,-0.000104,-0.020111,-0.000275,-0.014666,-0.000426
8567.384000,-0.449259,0.105783,0.315204,-1.810068,-1.827610,0.675608,-0.015023,-0.000109,-0.020560,-0.000226,-0.018194,-0.000386
8567.392000,-0.449371,0.105788,0.315051,-1.810214,-1.827617,0.675541,-0.015078,-0.000110,-0.021374,-0.000193,-0.020293,-0.000382
8567.400000,-0.449491,0.105788,0.314870,-1.810283,-1.827802,0.675333,-0.014330,-0.000106,-0.021767,-0.000133,-0.022081,-0.000369
8567.408000,-0.449614,0.105798,0.314655,-1.810510,-1.827934,0.675113,-0.014638,-0.000112,-0.023035,-0.000078,-0.026390,-0.000345
8567.416000,-0.449730,0.105785,0.314488,-1.810615,-1.828063,0.675007,-0.014806,-0.000109,-0.021595,-0.000165,-0.021463,-0.000371
8567.424000,-0.449852,0.105768,0.314312,-1.810709,-1.828237,0.674856,-0.014668,-0.000106,-0.020389,-0.000219,-0.017767,-0.000387
8567.432000,-0.449964,0.105781,0.314148,-1.810854,-1.828285,0.674683,-0.015032,-0.000111,-0.022009,-0.000165,-0.021894,-0.000378
8567.440000,-0.450090,0.105772,0.313988,-1.810930,-1.828377,0.674645,-0.014550,-0.000107,-0.021908,-0.000147,-0.021745,-0.000378
8567.448000,-0.450203,0.105794,0.313796,-1.811115,-1.828473,0.674409,-0.014641,-0.000109,-0.021832,-0.000141,-0.022627,-0.000362
8567.456000,-0.450320,0.105774,0.313612,-1.811229,-1.828670,0.674287,-0.014498,-0.000112,-0.022463,-0.000077,-0.026390,-0.000325
8567.464000,-0.450441,0.105782,0.313439,-1.811361,-1.828766,0.674172,-0.014303,-0.000107,-0.022223,-0.000108,-0.023744,-0.000358
8567.472000,-0.450552,0.105806,0.313274,-1.811485,-1.828792,0.674000,-0.014433,-0.000104,-0.020456,-0.000196,-0.018908,-0.000372
8567.480000,-0.450661,0.105775,0.313138,-1.811489,-1.828926,0.673914,-0.014381,-0.000109,-0.022247,-0.000101,-0.024516,-0.000347
8567.488000,-0.450776,0.105784,0.312932,-1.811726,-1.829056,0.673712,-0.014554,-0.000107,-0.021686,-0.000152,-0.021736,-0.000370
8567.496000,-0.450899,0.105776,0.312768,-1.811777,-1.829194,0.673603,-0.014805,-0.000109,-0.022116,-0.000154,-0.022143,-0.000378
8567.504000,-0.451014,0.105776,0.312583,-1.811915,-1.829280,0.673479,-0.014545,-0.000115,-0.024787,0.000004,-0.031216,-0.000329
8567.512000,-0.451125,0.105787,0.312398,-1.812055,-1.829427,0.673255,-0.014464,-0.000109,-0.023766,-0.000064,-0.026716,-0.000364
8567.520000,-0.451244,0.105779,0.312195,-1.812233,-1.829563,0.673105,-0.014433,-0.000110,-0.023734,-0.000059,-0.027037,-0.000358
8567.528000,-0.451359,0.105790,0.311995,-1.812391,-1.829683,0.672899,-0.014663,-0.000116,-0.025078,0.000013,-0.032309,-0.000322
8567.536000,-0.451484,0.105773,0.311808,-1.812518,-1.829847,0.672746,-0.015073,-0.000110,-0.021935,-0.000180,-0.021357,-0.000383
8567.544000,-0.451601,0.105769,0.311616,-1.812720,-1.830001,0.672597,-0.014414,-0.000113,-0.023328,-0.000035,-0.028992,-0.000313
8567.552000,-0.451714,0.105784,0.311426,-1.812868,-1.830119,0.672404,-0.014238,-0.000107,-0.023230,-0.000071,-0.025977,-0.000357
8567.560000,-0.451826,0.105769,0.311264,-1.812908,-1.830266,0.672257,-0.014479,-0.000116,-0.023741,-0.000009,-0.030957,-0.000297
8567.568000,-0.451945,0.105768,0.311056,-1.813106,-1.830414,0.672057,-0.014224,-0.000105,-0.023074,-0.000096,-0.024204,-0.000379
8567.576000,-0.452056,0.105784,0.310889,-1.813182,-1.830505,0.671913,-0.014158,-0.000108,-0.022337,-0.000081,-0.025599,-0.000332
8567.584000,-0.452166,0.105767,0.310714,-1.813341,-1.830657,0.671759,-0.014140,-0.000104,-0.022231,-0.000121,-0.022685,-0.000374
8567.592000,-0.452279,0.105777,0.310550,-1.813442,-1.830706,0.671656,-0.014163,-0.000104,-0.021935,-0.000127,-0.022546,-0.000366
8567.600000,-0.452399,0.105771,0.310354,-1.813651,-1.830858,0.671443,-0.014066,-0.000112,-0.022520,-0.000028,-0.029117,-0.000284
8567.608000,-0.452515,0.105762,0.310172,-1.813732,-1.831042,0.671320,-0.013884,-0.000102,-0.022271,-0.000107,-0.022900,-0.000372
8567.616000,-0.452622,0.105770,0.309980,-1.813989,-1.831117,0.671095,-0.014091,-0.000117,-0.024617,0.000070,-0.035208,-0.000261
8567.624000,-0.452720,0.105791,0.309804,-1.814104,-1.831269,0.670870,-0.013821,-0.000102,-0.023832,-0.000050,-0.026135,-0.000375
8567.632000,-0.452841,0.105772,0.309625,-1.814170,-1.831452,0.670758,-0.014072,-0.000109,-0.023823,-0.000021,-0.029026,-0.000329
8567.640000,-0.452950,0.105766,0.309441,-1.814395,-1.831578,0.670563,-0.013603,-0.000109,-0.022772,0.000009,-0.030343,-0.000274
8567.648000,-0.453061,0.105771,0.309243,-1.814538,-1.831735,0.670359,-0.014041,-0.000104,-0.023087,-0.000082,-0.024889,-0.000368
8567.656000,-0.453176,0.105766,0.309070,-1.814657,-1.831853,0.670187,-0.013801,-0.000113,-0.022537,0.000012,-0.031407,-0.000249
8567.664000,-0.453280,0.105760,0.308899,-1.814770,-1.832003,0.670026,-0.013619,-0.000096,-0.022395,-0.000123,-0.020973,-0.000406
8567.672000,-0.453397,0.105747,0.308720,-1.814853,-1.832182,0.669899,-0.013427,-0.000107,-0.023367,0.000017,-0.030070,-0.000298
8567.680000,-0.453511,0.105752,0.308521,-1.815084,-1.832335,0.669652,-0.013615,-0.000115,-0.024739,0.000110,-0.036665,-0.000242
8567.688000,-0.453622,0.105750,0.308302,-1.815293,-1.832523,0.669430,-0.013813,-0.000097,-0.022594,-0.000133,-0.020787,-0.000415
8567.696000,-0.453728,0.105743,0.308143,-1.815387,-1.832640,0.669324,-0.013800,-0.000114,-0.023729,0.000051,-0.033579,-0.000255
8567.704000,-0.453839,0.105743,0.307957,-1.815546,-1.832785,0.669121,-0.013223,-0.000100,-0.023125,-0.000029,-0.026284,-0.000349
8567.712000,-0.453940,0.105758,0.307762,-1.815800,-1.832903,0.668892,-0.013856,-0.000107,-0.023226,-0.000034,-0.027957,-0.000325
8567.720000,-0.454053,0.105752,0.307564,-1.815889,-1.833138,0.668661,-0.013099,-0.000110,-0.024360,0.000113,-0.035673,-0.000245
8567.728000,-0.454163,0.105763,0.307374,-1.816109,-1.833212,0.668476,-0.013767,-0.000103,-0.022786,-0.000066,-0.025646,-0.000346
8567.736000,-0.454269,0.105760,0.307190,-1.816241,-1.833398,0.668301,-0.013268,-0.000115,-0.025350,0.000162,-0.039363,-0.000221
8567.744000,-0.454376,0.105757,0.306972,-1.816463,-1.833592,0.668005,-0.013330,-0.000101,-0.024528,0.000010,-0.028819,-0.000356
8567.752000,-0.454489,0.105744,0.306764,-1.816643,-1.833839,0.667764,-0.013403,-0.000109,-0.023721,0.000051,-0.032548,-0.000271
8567.760000,-0.454594,0.105736,0.306569,-1.816794,-1.834043,0.667579,-0.012879,-0.000107,-0.025127,0.000125,-0.035510,-0.000273
8567.768000,-0.454702,0.105725,0.306375,-1.816962,-1.834176,0.667407,-0.013395,-0.000101,-0.022980,-0.000045,-0.025905,-0.000349
8567.776000,-0.454803,0.105738,0.306166,-1.817204,-1.834386,0.667136,-0.012746,-0.000110,-0.024394,0.000154,-0.037729,-0.000214
8567.784000,-0.454910,0.105741,0.305994,-1.817288,-1.834504,0.666944,-0.013607,-0.000098,-0.022417,-0.000105,-0.022593,-0.000380
8567.792000,-0.455011,0.105771,0.305812,-1.817544,-1.834544,0.666767,-0.012945,-0.000103,-0.022748,0.000032,-0.030611,-0.000268
8567.800000,-0.455113,0.105756,0.305635,-1.817649,-1.834736,0.666555,-0.013148,-0.000099,-0.022631,-0.000032,-0.026509,-0.000327
8567.808000,-0.455225,0.105742,0.305413,-1.817808,-1.835000,0.666344,-0.012824,-0.000097,-0.022930,-0.000009,-0.026998,-0.000331
8567.816000,-0.455319,0.105767,0.305254,-1.818005,-1.835024,0.666214,-0.012652,-0.000108,-0.024353,0.000146,-0.037206,-0.000220
8567.824000,-0.455426,0.105741,0.305048,-1.818153,-1.835260,0.665972,-0.012843,-0.000095,-0.022835,-0.000032,-0.025445,-0.000351
8567.832000,-0.455533,0.105749,0.304880,-1.818298,-1.835353,0.665769,-0.012729,-0.000111,-0.024573,0.000166,-0.038735,-0.000203
8567.840000,-0.455634,0.105728,0.304663,-1.818535,-1.835631,0.665529,-0.012595,-0.000097,-0.023489,0.000031,-0.028905,-0.000320
8567.848000,-0.455733,0.105749,0.304477,-1.818662,-1.835773,0.665309,-0.012762,-0.000104,-0.023388,0.000069,-0.032495,-0.000260
8567.856000,-0.455844,0.105744,0.304285,-1.818874,-1.835974,0.665048,-0.013012,-0.000109,-0.020813,0.000014,-0.030702,-0.000200
8567.864000,-0.455942,0.105742,0.304096,-1.819101,-1.836095,0.664881,-0.012216,-0.000087,-0.022746,-0.000035,-0.023412,-0.000381
8567.872000,-0.456041,0.105726,0.303903,-1.819211,-1.836344,0.664634,-0.012486,-0.000100,-0.022276,0.000035,-0.029686,-0.000266
8567.880000,-0.456132,0.105747,0.303729,-1.819454,-1.836452,0.664405,-0.012407,-0.000107,-0.021300,0.000079,-0.033386,-0.000175
8567.888000,-0.456226,0.105769,0.303549,-1.819600,-1.836517,0.664228,-0.012261,-0.000089,-0.023648,0.000007,-0.026317,-0.000366
8567.896000,-0.456326,0.105739,0.303367,-1.819689,-1.836815,0.664027,-0.013145,-0.000096,-0.017406,-0.000201,-0.017330,-0.000292
8567.904000,-0.456425,0.105731,0.303209,-1.819855,-1.836925,0.663921,-0.011720,-0.000113,-0.026955,0.000363,-0.048925,-0.000126
8567.912000,-0.456525,0.105750,0.302957,-1.820150,-1.837117,0.663531,-0.012975,-0.000087,-0.020131,-0.000186,-0.016333,-0.000400
8567.920000,-0.456625,0.105738,0.302783,-1.820280,-1.837286,0.663359,-0.011502,-0.000114,-0.028213,0.000424,-0.052126,-0.000119
8567.928000,-0.456717,0.105737,0.302603,-1.820463,-1.837495,0.663126,-0.012236,-0.000095,-0.025275,0.000100,-0.032222,-0.000328
8567.936000,-0.456822,0.105730,0.302396,-1.820653,-1.837612,0.662966,-0.013277,-0.000088,-0.017791,-0.000276,-0.012058,-0.000387
8567.944000,-0.456909,0.105756,0.302193,-1.820860,-1.837845,0.662642,-0.011359,-0.000112,-0.028197,0.000429,-0.052347,-0.000114
8567.952000,-0.457013,0.105729,0.301991,-1.821000,-1.838081,0.662421,-0.012845,-0.000089,-0.020771,-0.000137,-0.019252,-0.000376
8567.960000,-0.457103,0.105728,0.301821,-1.821186,-1.838197,0.662252,-0.011278,-0.000103,-0.027718,0.000339,-0.045502,-0.000205
8567.968000,-0.457204,0.105738,0.301600,-1.821464,-1.838382,0.661964,-0.012134,-0.000104,-0.024283,0.000164,-0.037422,-0.000213
8567.976000,-0.457287,0.105723,0.301427,-1.821559,-1.838635,0.661803,-0.012177,-0.000096,-0.023185,0.000058,-0.030242,-0.000288
8567.984000,-0.457389,0.105742,0.301238,-1.821739,-1.838711,0.661559,-0.011794,-0.000100,-0.025345,0.000192,-0.037853,-0.000243
8567.992000,-0.457479,0.105753,0.301054,-1.821977,-1.838851,0.661306,-0.012860,-0.000096,-0.017468,-0.000165,-0.019343,-0.000262
8568.000000,-0.457583,0.105734,0.300869,-1.822098,-1.839046,0.661162,-0.011149,-0.000091,-0.024977,0.000177,-0.034862,-0.000278
8568.008000,-0.457676,0.105711,0.300689,-1.822244,-1.839254,0.660971,-0.012577,-0.000090,-0.019076,-0.000146,-0.018825,-0.000326
8568.016000,-0.457757,0.105727,0.300521,-1.822427,-1.839411,0.660729,-0.010402,-0.000107,-0.026810,0.000445,-0.051426,-0.000082
8568.024000,-0.457865,0.105716,0.300319,-1.822594,-1.839585,0.660519,-0.011788,-0.000091,-0.023948,0.000078,-0.030151,-0.000315
8568.032000,-0.457947,0.105720,0.300176,-1.822690,-1.839705,0.660384,-0.012191,-0.000092,-0.018840,-0.000093,-0.021768,-0.000272
8568.040000,-0.458047,0.105718,0.299969,-1.822897,-1.839961,0.660100,-0.011673,-0.000100,-0.023176,0.000144,-0.035279,-0.000209
8568.048000,-0.458134,0.105720,0.299792,-1.823099,-1.840009,0.659947,-0.013002,-0.000077,-0.015836,-0.000391,-0.003929,-0.000448
8568.056000,-0.458220,0.105735,0.299624,-1.823255,-1.840161,0.659719,-0.010769,-0.000105,-0.026836,0.000386,-0.048483,-0.000128
8568.064000,-0.458312,0.105717,0.299435,-1.823421,-1.840396,0.659504,-0.012108,-0.000091,-0.019976,-0.000065,-0.022985,-0.000292
8568.072000,-0.458401,0.105718,0.299265,-1.823543,-1.840518,0.659312,-0.010564,-0.000090,-0.025794,0.000252,-0.038255,-0.000253
8568.080000,-0.458489,0.105722,0.299063,-1.823797,-1.840733,0.659036,-0.011785,-0.000104,-0.023292,0.000170,-0.037695,-0.000174
8568.088000,-0.458578,0.105708,0.298864,-1.823975,-1.840989,0.658804,-0.011931,-0.000092,-0.019883,-0.000038,-0.024543,-0.000264
8568.096000,-0.458673,0.105715,0.298712,-1.824111,-1.841015,0.658683,-0.011140,-0.000094,-0.023808,0.000170,-0.035317,-0.000230
8568.104000,-0.458765,0.105696,0.298535,-1.824248,-1.841252,0.658495,-0.012395,-0.000093,-0.017378,-0.000145,-0.019554,-0.000256
8568.112000,-0.458850,0.105724,0.298359,-1.824452,-1.841376,0.658232,-0.011302,-0.000092,-0.023362,0.000129,-0.033089,-0.000249
8568.120000,-0.458940,0.105712,0.298201,-1.824573,-1.841470,0.658129,-0.011929,-0.000083,-0.019741,-0.000114,-0.018988,-0.000346
8568.128000,-0.459029,0.105747,0.297986,-1.824859,-1.841619,0.657763,-0.011076,-0.000095,-0.022582,0.000160,-0.035365,-0.000187
8568.136000,-0.459123,0.105717,0.297835,-1.824956,-1.841815,0.657651,-0.011218,-0.000094,-0.023205,0.000150,-0.034560,-0.000220
8568.144000,-0.459201,0.105748,0.297673,-1.825086,-1.841857,0.657514,-0.011525,-0.000079,-0.018835,-0.000122,-0.017775,-0.000335
8568.152000,-0.459300,0.105718,0.297478,-1.825287,-1.842137,0.657289,-0.010933,-0.000105,-0.025918,0.000344,-0.046758,-0.000121
8568.160000,-0.459387,0.105727,0.297272,-1.825510,-1.842324,0.656951,-0.012165,-0.000087,-0.018337,-0.000143,-0.018585,-0.000304
8568.168000,-0.459467,0.105727,0.297107,-1.825676,-1.842434,0.656774,-0.010305,-0.000091,-0.024993,0.000269,-0.039645,-0.000203
8568.176000,-0.459571,0.105707,0.296879,-1.825910,-1.842754,0.656496,-0.011946,-0.000094,-0.019327,-0.000038,-0.025243,-0.000233
8568.184000,-0.459644,0.105709,0.296746,-1.825964,-1.842867,0.656317,-0.010194,-0.000085,-0.024860,0.000230,-0.036338,-0.000250
8568.192000,-0.459741,0.105716,0.296534,-1.826208,-1.843019,0.656126,-0.011319,-0.000095,-0.022822,0.000131,-0.033899,-0.000217
8568.200000,-0.459823,0.105699,0.296380,-1.826330,-1.843225,0.655933,-0.011188,-0.000091,-0.020233,0.000047,-0.028593,-0.000213
8568.208000,-0.459907,0.105715,0.296195,-1.826519,-1.843364,0.655703,-0.010317,-0.000085,-0.023870,0.000191,-0.034574,-0.000244
8568.216000,-0.459995,0.105714,0.296042,-1.826607,-1.843514,0.655537,-0.011935,-0.000082,-0.015629,-0.000230,-0.012987,-0.000301
8568.224000,-0.460080,0.105686,0.295852,-1.826805,-1.843752,0.655311,-0.009566,-0.000095,-0.024831,0.000379,-0.045616,-0.000104
8568.232000,-0.460167,0.105696,0.295629,-1.827066,-1.843965,0.655002,-0.011210,-0.000081,-0.019569,-0.000056,-0.021360,-0.000304
8568.240000,-0.460238,0.105702,0.295493,-1.827168,-1.844077,0.654833,-0.010355,-0.000092,-0.021647,0.000186,-0.035705,-0.000150
8568.248000,-0.460324,0.105702,0.295311,-1.827362,-1.844260,0.654579,-0.010505,-0.000089,-0.022133,0.000154,-0.033505,-0.000201
8568.256000,-0.460414,0.105700,0.295114,-1.827564,-1.844406,0.654414,-0.010872,-0.000076,-0.017931,-0.000108,-0.017391,-0.000311
8568.264000,-0.460493,0.105710,0.294924,-1.827796,-1.844612,0.654120,-0.010371,-0.000093,-0.022377,0.000205,-0.036913,-0.000155
8568.272000,-0.460573,0.105704,0.294756,-1.827988,-1.844816,0.653861,-0.011520,-0.000091,-0.017031,-0.000074,-0.022697,-0.000196
8568.280000,-0.460662,0.105698,0.294597,-1.828108,-1.844864,0.653787,-0.009746,-0.000080,-0.022750,0.000180,-0.032666,-0.000236
8568.288000,-0.460741,0.105714,0.294440,-1.828271,-1.845023,0.653549,-0.011253,-0.000089,-0.018226,-0.000030,-0.024542,-0.000208
8568.296000,-0.460829,0.105695,0.294254,-1.828448,-1.845256,0.653349,-0.009414,-0.000079,-0.023030,0.000209,-0.033668,-0.000230
8568.304000,-0.460909,0.105701,0.294078,-1.828597,-1.845414,0.653122,-0.010541,-0.000077,-0.021052,0.000018,-0.024121,-0.000311
8568.312000,-0.460986,0.105694,0.293903,-1.828757,-1.845644,0.652887,-0.009383,-0.000093,-0.023771,0.000351,-0.043939,-0.000093
8568.320000,-0.461073,0.105693,0.293731,-1.828983,-1.845756,0.652706,-0.009792,-0.000080,-0.022337,0.000165,-0.032024,-0.000231
8568.328000,-0.461153,0.105693,0.293552,-1.829092,-1.845963,0.652460,-0.010689,-0.000075,-0.016946,-0.000124,-0.016298,-0.000295
8568.336000,-0.461231,0.105670,0.293393,-1.829289,-1.846157,0.652262,-0.009197,-0.000092,-0.023424,0.000355,-0.043742,-0.000084
8568.344000,-0.461304,0.105703,0.293217,-1.829479,-1.846253,0.652034,-0.010982,-0.000064,-0.015305,-0.000283,-0.006147,-0.000399
8568.352000,-0.461388,0.105687,0.293043,-1.829650,-1.846413,0.651845,-0.009690,-0.000083,-0.022571,0.000203,-0.034554,-0.000199
8568.360000,-0.461465,0.105678,0.292850,-1.829922,-1.846700,0.651539,-0.010838,-0.000088,-0.017526,-0.000016,-0.024724,-0.000181
8568.368000,-0.461547,0.105694,0.292660,-1.830103,-1.846832,0.651318,-0.009476,-0.000074,-0.022063,0.000139,-0.029335,-0.000264
8568.376000,-0.461620,0.105694,0.292508,-1.830186,-1.846998,0.651138,-0.010504,-0.000078,-0.018607,-0.000027,-0.022174,-0.000258
8568.384000,-0.461694,0.105680,0.292344,-1.830331,-1.847197,0.650864,-0.009784,-0.000086,-0.019523,0.000141,-0.032004,-0.000136
8568.392000,-0.461786,0.105659,0.292169,-1.830503,-1.847396,0.650735,-0.010035,-0.000078,-0.020536,0.000067,-0.026574,-0.000255
8568.400000,-0.461848,0.105707,0.292012,-1.830738,-1.847375,0.650497,-0.010356,-0.000070,-0.016633,-0.000129,-0.015172,-0.000302
8568.408000,-0.461932,0.105693,0.291834,-1.830938,-1.847655,0.650235,-0.009264,-0.000090,-0.022840,0.000313,-0.041600,-0.000097
8568.416000,-0.462011,0.105689,0.291669,-1.831034,-1.847834,0.650095,-0.010300,-0.000064,-0.017043,-0.000166,-0.011865,-0.000368
8568.424000,-0.462082,0.105686,0.291512,-1.831185,-1.847958,0.649882,-0.008816,-0.000082,-0.022624,0.000295,-0.038829,-0.000134
8568.432000,-0.462157,0.105687,0.291303,-1.831469,-1.848227,0.649601,-0.010346,-0.000084,-0.018014,0.000021,-0.025850,-0.000180
8568.440000,-0.462232,0.105681,0.291132,-1.831613,-1.848365,0.649332,-0.009108,-0.000077,-0.021084,0.000174,-0.031510,-0.000197
8568.448000,-0.462304,0.105693,0.290949,-1.831796,-1.848552,0.649138,-0.010367,-0.000073,-0.016847,-0.000100,-0.017386,-0.000274
8568.456000,-0.462380,0.105687,0.290775,-1.832000,-1.848753,0.648894,-0.008616,-0.000088,-0.023735,0.000394,-0.045280,-0.000070
8568.464000,-0.462453,0.105686,0.290616,-1.832175,-1.848904,0.648694,-0.010362,-0.000067,-0.017216,-0.000146,-0.013667,-0.000345
8568.472000,-0.462524,0.105691,0.290450,-1.832341,-1.849043,0.648496,-0.008532,-0.000079,-0.022328,0.000289,-0.037822,-0.000140
8568.480000,-0.462601,0.105693,0.290282,-1.832532,-1.849193,0.648253,-0.009453,-0.000085,-0.020220,0.000180,-0.033873,-0.000129
8568.488000,-0.462678,0.105680,0.290098,-1.832681,-1.849434,0.648023,-0.008539,-0.000058,-0.019596,0.000043,-0.020563,-0.000320
8568.496000,-0.462758,0.105678,0.289967,-1.832716,-1.849537,0.647936,-0.009644,-0.000075,-0.018718,0.000039,-0.024585,-0.000225
8568.504000,-0.462822,0.105696,0.289799,-1.832994,-1.849687,0.647626,-0.009081,-0.000076,-0.016971,0.000069,-0.026099,-0.000143
8568.512000,-0.462895,0.105688,0.289670,-1.833046,-1.849816,0.647541,-0.008796,-0.000066,-0.018260,0.000050,-0.022902,-0.000237
8568.520000,-0.462967,0.105682,0.289521,-1.833204,-1.849903,0.647416,-0.009547,-0.000067,-0.016109,-0.000080,-0.016662,-0.000262
8568.528000,-0.463040,0.105690,0.289358,-1.833399,-1.850051,0.647142,-0.008503,-0.000082,-0.021248,0.000289,-0.038560,-0.000091
8568.536000,-0.463113,0.105680,0.289170,-1.833536,-1.850348,0.646912,-0.009728,-0.000059,-0.015659,-0.000178,-0.010034,-0.000351
8568.544000,-0.463191,0.105664,0.289026,-1.833692,-1.850424,0.646802,-0.008475,-0.000076,-0.021314,0.000237,-0.034357,-0.000160
8568.552000,-0.463254,0.105676,0.288819,-1.833938,-1.850698,0.646402,-0.009320,-0.000079,-0.018556,0.000106,-0.028817,-0.000153
8568.560000,-0.463324,0.105675,0.288662,-1.834161,-1.850853,0.646181,-0.008178,-0.000083,-0.021667,0.000340,-0.041134,-0.000065
8568.568000,-0.463386,0.105663,0.288506,-1.834262,-1.851022,0.646032,-0.009489,-0.000059,-0.016231,-0.000145,-0.011505,-0.000347
8568.576000,-0.463458,0.105673,0.288356,-1.834456,-1.851148,0.645825,-0.008064,-0.000079,-0.021331,0.000311,-0.038795,-0.000091
8568.584000,-0.463521,0.105666,0.288190,-1.834622,-1.851385,0.645580,-0.009523,-0.000076,-0.015619,-0.000021,-0.021541,-0.000168
8568.592000,-0.463587,0.105672,0.288038,-1.834796,-1.851483,0.645397,-0.007835,-0.000066,-0.020081,0.000195,-0.029847,-0.000190
8568.600000,-0.463664,0.105666,0.287871,-1.834953,-1.851679,0.645174,-0.009157,-0.000074,-0.016084,0.000013,-0.022677,-0.000166
8568.608000,-0.463718,0.105670,0.287743,-1.835131,-1.851775,0.645030,-0.007723,-0.000077,-0.020737,0.000313,-0.038201,-0.000080
8568.616000,-0.463789,0.105676,0.287596,-1.835236,-1.851845,0.644896,-0.009624,-0.000058,-0.015281,-0.000184,-0.009588,-0.000345
8568.624000,-0.463854,0.105685,0.287426,-1.835409,-1.852089,0.644607,-0.007863,-0.000076,-0.021032,0.000298,-0.037539,-0.000100
8568.632000,-0.463927,0.105682,0.287268,-1.835639,-1.852206,0.644371,-0.009058,-0.000079,-0.018347,0.000126,-0.029905,-0.000128
8568.640000,-0.463991,0.105675,0.287112,-1.835700,-1.852401,0.644202,-0.007966,-0.000061,-0.020446,0.000149,-0.026683,-0.000252
8568.648000,-0.464059,0.105672,0.286962,-1.835905,-1.852531,0.644049,-0.008832,-0.000070,-0.018234,0.000073,-0.025088,-0.000201
8568.656000,-0.464129,0.105667,0.286773,-1.836066,-1.852838,0.643703,-0.007317,-0.000086,-0.023668,0.000508,-0.050312,0.000013
8568.664000,-0.464193,0.105670,0.286619,-1.836227,-1.852942,0.643577,-0.009004,-0.000060,-0.017425,-0.000051,-0.016590,-0.000308
8568.672000,-0.464255,0.105671,0.286471,-1.836413,-1.853074,0.643369,-0.007401,-0.000071,-0.020792,0.000299,-0.036254,-0.000113
8568.680000,-0.464321,0.105679,0.286303,-1.836639,-1.853253,0.643054,-0.008274,-0.000076,-0.018882,0.000199,-0.032689,-0.000103
8568.688000,-0.464381,0.105659,0.286155,-1.836786,-1.853413,0.642929,-0.007415,-0.000078,-0.021346,0.000374,-0.041714,-0.000045
8568.696000,-0.464446,0.105664,0.285974,-1.836997,-1.853598,0.642671,-0.008743,-0.000059,-0.015764,-0.000075,-0.014821,-0.000280
8568.704000,-0.464499,0.105683,0.285849,-1.837103,-1.853731,0.642438,-0.007433,-0.000080,-0.020960,0.000379,-0.042643,-0.000017
8568.712000,-0.464576,0.105663,0.285661,-1.837319,-1.853960,0.642225,-0.008918,-0.000067,-0.016131,-0.000016,-0.019868,-0.000212
8568.720000,-0.464637,0.105659,0.285546,-1.837396,-1.854039,0.642097,-0.007494,-0.000069,-0.020028,0.000258,-0.033887,-0.000124
8568.728000,-0.464703,0.105653,0.285379,-1.837572,-1.854302,0.641806,-0.008848,-0.000073,-0.016026,0.000037,-0.023774,-0.000147
8568.736000,-0.464761,0.105681,0.285214,-1.837838,-1.854404,0.641538,-0.007468,-0.000077,-0.021196,0.000355,-0.040851,-0.000053
8568.744000,-0.464822,0.105671,0.285060,-1.837944,-1.854602,0.641407,-0.009077,-0.000055,-0.013788,-0.000192,-0.008173,-0.000318
8568.752000,-0.464883,0.105674,0.284929,-1.838135,-1.854703,0.641188,-0.007151,-0.000066,-0.019276,0.000246,-0.032415,-0.000122
8568.760000,-0.464948,0.105659,0.284770,-1.838313,-1.854923,0.641004,-0.008556,-0.000073,-0.017134,0.000101,-0.027225,-0.000130
8568.768000,-0.465012,0.105663,0.284604,-1.838473,-1.855087,0.640803,-0.007344,-0.000062,-0.019676,0.000206,-0.029712,-0.000178
8568.776000,-0.465075,0.105658,0.284459,-1.838596,-1.855220,0.640629,-0.008090,-0.000063,-0.016438,0.000048,-0.021929,-0.000191
8568.784000,-0.465130,0.105658,0.284310,-1.838802,-1.855419,0.640353,-0.007223,-0.000074,-0.021113,0.000356,-0.040122,-0.000061
8568.792000,-0.465185,0.105688,0.284174,-1.838983,-1.855463,0.640130,-0.007926,-0.000064,-0.016189,0.000072,-0.023534,-0.000157
8568.800000,-0.465251,0.105657,0.284036,-1.839036,-1.855645,0.640061,-0.007281,-0.000062,-0.019043,0.000198,-0.029276,-0.000163
8568.808000,-0.465310,0.105645,0.283877,-1.839215,-1.855843,0.639838,-0.007985,-0.000061,-0.015714,0.000024,-0.020102,-0.000196
8568.816000,-0.465357,0.105662,0.283749,-1.839363,-1.856013,0.639595,-0.007021,-0.000071,-0.019832,0.000314,-0.037040,-0.000067
8568.824000,-0.465425,0.105655,0.283563,-1.839606,-1.856209,0.639337,-0.007938,-0.000070,-0.016566,0.000123,-0.027253,-0.000111
8568.832000,-0.465486,0.105657,0.283442,-1.839692,-1.856276,0.639207,-0.007151,-0.000056,-0.018600,0.000151,-0.025537,-0.000208
8568.840000,-0.465551,0.105654,0.283257,-1.839858,-1.856543,0.638940,-0.007813,-0.000065,-0.016285,0.000094,-0.024723,-0.000142
8568.848000,-0.465597,0.105654,0.283138,-1.840049,-1.856666,0.638758,-0.006839,-0.000069,-0.019227,0.000302,-0.035943,-0.000064
8568.856000,-0.465658,0.105654,0.282977,-1.840241,-1.856781,0.638562,-0.008019,-0.000057,-0.015499,-0.000014,-0.017533,-0.000229
8568.864000,-0.465721,0.105655,0.282852,-1.840350,-1.856879,0.638414,-0.007140,-0.000065,-0.018785,0.000230,-0.031605,-0.000117
8568.872000,-0.465770,0.105671,0.282672,-1.840627,-1.857112,0.638064,-0.007718,-0.000069,-0.017067,0.000151,-0.028538,-0.000107
8568.880000,-0.465836,0.105653,0.282539,-1.840698,-1.857296,0.637925,-0.007042,-0.000065,-0.016393,0.000177,-0.028576,-0.000085
8568.888000,-0.465885,0.105651,0.282380,-1.840877,-1.857436,0.637749,-0.006901,-0.000054,-0.018634,0.000155,-0.025096,-0.000216
8568.896000,-0.465947,0.105652,0.282257,-1.840998,-1.857592,0.637544,-0.007374,-0.000061,-0.015321,0.000083,-0.023045,-0.000136
8568.904000,-0.465999,0.105645,0.282139,-1.841102,-1.857700,0.637438,-0.006478,-0.000066,-0.018644,0.000303,-0.035214,-0.000056
8568.912000,-0.466051,0.105644,0.281985,-1.841292,-1.857866,0.637217,-0.007717,-0.000057,-0.014479,-0.000014,-0.017121,-0.000201
8568.920000,-0.466101,0.105656,0.281874,-1.841407,-1.857949,0.637055,-0.006556,-0.000064,-0.018758,0.000283,-0.033963,-0.000080
8568.928000,-0.466167,0.105640,0.281702,-1.841645,-1.858178,0.636774,-0.007767,-0.000067,-0.015601,0.000089,-0.024747,-0.000118
8568.936000,-0.466224,0.105637,0.281539,-1.841753,-1.858408,0.636563,-0.006855,-0.000059,-0.016637,0.000151,-0.025839,-0.000137
8568.944000,-0.466266,0.105659,0.281376,-1.842009,-1.858530,0.636309,-0.006831,-0.000060,-0.019444,0.000232,-0.030565,-0.000156
8568.952000,-0.466329,0.105636,0.281252,-1.842109,-1.858716,0.636150,-0.007689,-0.000063,-0.015025,0.000057,-0.022321,-0.000137
8568.960000,-0.466369,0.105674,0.281109,-1.842349,-1.858830,0.635894,-0.006577,-0.000066,-0.018759,0.000298,-0.035425,-0.000056
8568.968000,-0.466431,0.105646,0.280928,-1.842505,-1.859064,0.635661,-0.006719,-0.000063,-0.019738,0.000282,-0.033906,-0.000113
8568.976000,-0.466476,0.105646,0.280820,-1.842596,-1.859197,0.635506,-0.006731,-0.000064,-0.018063,0.000242,-0.031811,-0.000090
8568.984000,-0.466529,0.105641,0.280666,-1.842803,-1.859373,0.635261,-0.006569,-0.000067,-0.019931,0.000330,-0.037102,-0.000068
8568.992000,-0.466594,0.105622,0.280542,-1.842912,-1.859555,0.635110,-0.006812,-0.000064,-0.017217,0.000215,-0.030397,-0.000083
8569.000000,-0.466638,0.105650,0.280370,-1.843183,-1.859714,0.634805,-0.006171,-0.000066,-0.019155,0.000348,-0.037672,-0.000034
8569.008000,-0.466682,0.105652,0.280237,-1.843324,-1.859852,0.634568,-0.006808,-0.000054,-0.016215,0.000105,-0.022498,-0.000175
8569.016000,-0.466739,0.105660,0.280099,-1.843478,-1.859936,0.634468,-0.006119,-0.000050,-0.016508,0.000155,-0.023907,-0.000164
8569.024000,-0.466784,0.105646,0.279924,-1.843701,-1.860263,0.634149,-0.006885,-0.000060,-0.015700,0.000135,-0.025513,-0.000110
8569.032000,-0.466841,0.105647,0.279796,-1.843864,-1.860373,0.633969,-0.006305,-0.000064,-0.018051,0.000288,-0.034140,-0.000052
8569.040000,-0.466879,0.105654,0.279667,-1.844012,-1.860481,0.633764,-0.006128,-0.000066,-0.019279,0.000355,-0.038142,-0.000030
8569.048000,-0.466939,0.105631,0.279505,-1.844173,-1.860729,0.633525,-0.006555,-0.000059,-0.016491,0.000178,-0.027186,-0.000110
8569.056000,-0.466984,0.105633,0.279368,-1.844332,-1.860909,0.633348,-0.006070,-0.000059,-0.018012,0.000273,-0.032165,-0.000083
8569.064000,-0.467036,0.105641,0.279230,-1.844480,-1.861078,0.633069,-0.006628,-0.000061,-0.016017,0.000174,-0.027531,-0.000089
8569.072000,-0.467084,0.105639,0.279080,-1.844669,-1.861258,0.632872,-0.006151,-0.000060,-0.016530,0.000234,-0.030306,-0.000062
8569.080000,-0.467126,0.105637,0.278947,-1.844820,-1.861460,0.632650,-0.005873,-0.000058,-0.017519,0.000268,-0.031432,-0.000078
8569.088000,-0.467173,0.105658,0.278842,-1.844953,-1.861448,0.632499,-0.006639,-0.000053,-0.014449,0.000072,-0.020519,-0.000147
8569.096000,-0.467225,0.105644,0.278697,-1.845119,-1.861628,0.632334,-0.006225,-0.000054,-0.015381,0.000146,-0.024324,-0.000119
8569.104000,-0.467279,0.105632,0.278542,-1.845269,-1.861887,0.632065,-0.005939,-0.000060,-0.017536,0.000283,-0.032831,-0.000056
8569.112000,-0.467332,0.105627,0.278442,-1.845405,-1.861969,0.631932,-0.006233,-0.000058,-0.015210,0.000177,-0.026850,-0.000073
8569.120000,-0.467372,0.105647,0.278290,-1.845633,-1.862100,0.631718,-0.005749,-0.000060,-0.016915,0.000282,-0.032601,-0.000039
8569.128000,-0.467419,0.105648,0.278185,-1.845699,-1.862177,0.631604,-0.006407,-0.000048,-0.013996,0.000045,-0.017854,-0.000175
8569.136000,-0.467468,0.105643,0.278073,-1.845842,-1.862334,0.631400,-0.005773,-0.000053,-0.014732,0.000170,-0.025081,-0.000085
8569.144000,-0.467518,0.105636,0.277923,-1.845992,-1.862549,0.631159,-0.005536,-0.000058,-0.017207,0.000302,-0.033243,-0.000039
8569.152000,-0.467560,0.105652,0.277799,-1.846204,-1.862634,0.630986,-0.006087,-0.000058,-0.015695,0.000205,-0.028479,-0.000063
8569.160000,-0.467613,0.105627,0.277671,-1.846266,-1.862864,0.630838,-0.005759,-0.000053,-0.015834,0.000203,-0.027027,-0.000091
8569.168000,-0.467657,0.105625,0.277561,-1.846367,-1.862909,0.630692,-0.005773,-0.000047,-0.015642,0.000148,-0.022814,-0.000152
8569.176000,-0.467691,0.105639,0.277420,-1.846595,-1.863086,0.630449,-0.005550,-0.000052,-0.015825,0.000218,-0.027540,-0.000083
8569.184000,-0.467731,0.105650,0.277265,-1.846784,-1.863296,0.630162,-0.005488,-0.000058,-0.017514,0.000311,-0.033766,-0.000041
8569.192000,-0.467782,0.105640,0.277137,-1.846942,-1.863438,0.629958,-0.005916,-0.000058,-0.015802,0.000220,-0.029026,-0.000058
8569.200000,-0.467827,0.105627,0.277023,-1.847041,-1.863616,0.629819,-0.005410,-0.000056,-0.016055,0.000270,-0.031029,-0.000035
8569.208000,-0.467870,0.105632,0.276891,-1.847197,-1.863748,0.629629,-0.005492,-0.000051,-0.016382,0.000224,-0.027564,-0.000101
8569.216000,-0.467910,0.105642,0.276729,-1.847433,-1.863901,0.629395,-0.005325,-0.000049,-0.015796,0.000212,-0.026375,-0.000101
8569.224000,-0.467953,0.105643,0.276628,-1.847518,-1.864036,0.629201,-0.005413,-0.000055,-0.016442,0.000265,-0.030578,-0.000055
8569.232000,-0.467996,0.105637,0.276468,-1.847777,-1.864275,0.628897,-0.005437,-0.000054,-0.015321,0.000229,-0.028417,-0.000052
8569.240000,-0.468040,0.105643,0.276353,-1.847877,-1.864387,0.628726,-0.005189,-0.000055,-0.016271,0.000289,-0.031839,-0.000030
8569.248000,-0.468083,0.105618,0.276234,-1.848031,-1.864540,0.628632,-0.005349,-0.000057,-0.016890,0.000305,-0.033162,-0.000029
8569.256000,-0.468132,0.105608,0.276099,-1.848172,-1.864709,0.628409,-0.005498,-0.000049,-0.014124,0.000149,-0.022886,-0.000100
8569.264000,-0.468173,0.105630,0.275988,-1.848285,-1.864819,0.628219,-0.005898,-0.000050,-0.013412,0.000101,-0.021007,-0.000105
8569.272000,-0.468207,0.105628,0.275883,-1.848440,-1.864945,0.628084,-0.005077,-0.000051,-0.015108,0.000241,-0.028239,-0.000048
8569.280000,-0.468240,0.105637,0.275765,-1.848578,-1.865065,0.627917,-0.005234,-0.000055,-0.016421,0.000282,-0.031407,-0.000041
8569.288000,-0.468292,0.105627,0.275645,-1.848709,-1.865210,0.627740,-0.005453,-0.000055,-0.015861,0.000245,-0.029481,-0.000053
8569.296000,-0.468343,0.105634,0.275510,-1.848887,-1.865349,0.627495,-0.005918,-0.000049,-0.012176,0.000062,-0.018807,-0.000099
8569.304000,-0.468387,0.105627,0.275400,-1.848953,-1.865486,0.627375,-0.005213,-0.000049,-0.015450,0.000219,-0.026825,-0.000082
8569.312000,-0.468424,0.105624,0.275251,-1.849194,-1.865653,0.627169,-0.005226,-0.000051,-0.016266,0.000250,-0.028953,-0.000075
8569.312000,-0.468424,0.105624,0.275251,-1.849194,-1.865653,0.627169,-0.005226,-0.000051,-0.016266,0.000250,-0.028953,-0.000075
8569.320000,-0.468466,0.105628,0.275158,-1.849244,-1.865759,0.626976,-0.005433,-0.000051,-0.014757,0.000193,-0.025987,-0.000071
8569.336000,-0.468558,0.105607,0.274884,-1.849596,-1.866133,0.626594,-0.004962,-0.000049,-0.014276,0.000215,-0.026312,-0.000051
8569.344000,-0.468600,0.105630,0.274813,-1.849646,-1.866149,0.626495,-0.005505,-0.000048,-0.012441,0.000102,-0.020374,-0.000083
8569.352000,-0.468633,0.105630,0.274717,-1.849778,-1.866236,0.626365,-0.005353,-0.000050,-0.014029,0.000174,-0.024669,-0.000068
8569.360000,-0.468678,0.105617,0.274568,-1.849955,-1.866441,0.626153,-0.005179,-0.000048,-0.015059,0.000199,-0.025440,-0.000090
8569.368000,-0.468716,0.105640,0.274436,-1.850102,-1.866556,0.625925,-0.005365,-0.000044,-0.012238,0.000079,-0.018232,-0.000111
8569.376000,-0.468758,0.105642,0.274379,-1.850156,-1.866593,0.625832,-0.005249,-0.000045,-0.011663,0.000082,-0.018457,-0.000088
8569.384000,-0.468802,0.105612,0.274261,-1.850243,-1.866782,0.625723,-0.004935,-0.000050,-0.014740,0.000236,-0.027721,-0.000044
8569.392000,-0.468842,0.105624,0.274113,-1.850476,-1.866888,0.625475,-0.005247,-0.000048,-0.012704,0.000131,-0.021702,-0.000071
8569.400000,-0.468884,0.105613,0.274010,-1.850559,-1.867036,0.625332,-0.004502,-0.000042,-0.013134,0.000173,-0.022147,-0.000079
8569.408000,-0.468923,0.105626,0.273908,-1.850679,-1.867155,0.625201,-0.005235,-0.000041,-0.010612,0.000032,-0.014996,-0.000108
8569.416000,-0.468964,0.105611,0.273808,-1.850809,-1.867268,0.625043,-0.004642,-0.000046,-0.013266,0.000193,-0.024174,-0.000051
8569.424000,-0.468986,0.105648,0.273715,-1.850968,-1.867331,0.624883,-0.004983,-0.000048,-0.013753,0.000192,-0.025196,-0.000051
8569.432000,-0.469038,0.105621,0.273642,-1.850914,-1.867443,0.624841,-0.005011,-0.000038,-0.011370,0.000050,-0.015193,-0.000130
8569.440000,-0.469076,0.105614,0.273534,-1.851042,-1.867532,0.624741,-0.004695,-0.000035,-0.012690,0.000087,-0.016223,-0.000159
8569.448000,-0.469114,0.105625,0.273396,-1.851260,-1.867705,0.624477,-0.005159,-0.000042,-0.011643,0.000069,-0.017119,-0.000109
8569.456000,-0.469158,0.105603,0.273305,-1.851293,-1.867839,0.624368,-0.004501,-0.000045,-0.013645,0.000214,-0.025123,-0.000049
8569.464000,-0.469182,0.105648,0.273195,-1.851521,-1.867859,0.624150,-0.005427,-0.000047,-0.011949,0.000087,-0.019420,-0.000082
8569.472000,-0.469224,0.105653,0.273097,-1.851615,-1.867979,0.624012,-0.004430,-0.000045,-0.013191,0.000207,-0.024845,-0.000038
8569.480000,-0.469271,0.105612,0.272969,-1.851708,-1.868191,0.623883,-0.004620,-0.000040,-0.013252,0.000153,-0.020978,-0.000101
8569.488000,-0.469303,0.105619,0.272876,-1.851793,-1.868281,0.623718,-0.004998,-0.000038,-0.010438,0.000027,-0.013889,-0.000120
8569.496000,-0.469343,0.105635,0.272791,-1.851945,-1.868305,0.623622,-0.004773,-0.000042,-0.011890,0.000120,-0.019789,-0.000075
8569.504000,-0.469381,0.105616,0.272706,-1.852013,-1.868431,0.623555,-0.004691,-0.000043,-0.012086,0.000138,-0.020743,-0.000066
8569.512000,-0.469417,0.105636,0.272605,-1.852112,-1.868497,0.623344,-0.004884,-0.000039,-0.011009,0.000057,-0.015662,-0.000111
8569.520000,-0.469457,0.105604,0.272531,-1.852126,-1.868650,0.623335,-0.004530,-0.000035,-0.009744,0.000032,-0.013011,-0.000111
8569.528000,-0.469501,0.105617,0.272446,-1.852223,-1.868685,0.623204,-0.004999,-0.000038,-0.009214,-0.000004,-0.012206,-0.000106
8569.536000,-0.469536,0.105606,0.272339,-1.852353,-1.868830,0.623026,-0.004065,-0.000038,-0.011430,0.000150,-0.019899,-0.000058
8569.544000,-0.469568,0.105632,0.272260,-1.852450,-1.868827,0.622972,-0.005467,-0.000034,-0.008176,-0.000111,-0.005890,-0.000171
8569.552000,-0.469601,0.105615,0.272208,-1.852504,-1.868879,0.622938,-0.004311,-0.000033,-0.010180,0.000050,-0.013495,-0.000118
8569.560000,-0.469637,0.105610,0.272103,-1.852579,-1.869035,0.622759,-0.005070,-0.000036,-0.008296,-0.000055,-0.008842,-0.000129
8569.568000,-0.469673,0.105628,0.271999,-1.852738,-1.869111,0.622554,-0.004394,-0.000040,-0.011313,0.000126,-0.019257,-0.000064
8569.576000,-0.469708,0.105617,0.271918,-1.852793,-1.869186,0.622487,-0.004186,-0.000040,-0.011473,0.000151,-0.020431,-0.000051
8569.584000,-0.469747,0.105621,0.271824,-1.852894,-1.869247,0.622401,-0.005093,-0.000031,-0.009129,-0.000075,-0.006915,-0.000187
8569.592000,-0.469787,0.105613,0.271744,-1.852937,-1.869369,0.622324,-0.003878,-0.000034,-0.010607,0.000119,-0.017238,-0.000073
8569.600000,-0.469816,0.105633,0.271662,-1.853033,-1.869419,0.622148,-0.005351,-0.000036,-0.008038,-0.000087,-0.007538,-0.000140
8569.608000,-0.469853,0.105606,0.271568,-1.853139,-1.869576,0.622088,-0.003822,-0.000034,-0.010082,0.000108,-0.016457,-0.000068
8569.616000,-0.469884,0.105625,0.271492,-1.853203,-1.869645,0.621927,-0.005014,-0.000037,-0.008358,-0.000036,-0.010265,-0.000108
8569.624000,-0.469921,0.105607,0.271405,-1.853278,-1.869696,0.621886,-0.004457,-0.000029,-0.008119,-0.000046,-0.007514,-0.000145
8569.632000,-0.469956,0.105606,0.271347,-1.853266,-1.869754,0.621857,-0.004224,-0.000027,-0.010988,0.000036,-0.011607,-0.000175
8569.640000,-0.469998,0.105618,0.271244,-1.853430,-1.869798,0.621711,-0.005110,-0.000029,-0.005475,-0.000179,-0.000746,-0.000164
8569.648000,-0.470019,0.105619,0.271197,-1.853406,-1.869877,0.621629,-0.003889,-0.000036,-0.010850,0.000135,-0.018557,-0.000060
8569.656000,-0.470060,0.105620,0.271084,-1.853638,-1.869980,0.621511,-0.005389,-0.000033,-0.005608,-0.000178,-0.001748,-0.000152
8569.664000,-0.470101,0.105612,0.271029,-1.853607,-1.869990,0.621479,-0.003760,-0.000031,-0.009484,0.000079,-0.014329,-0.000082
8569.672000,-0.470134,0.105615,0.270954,-1.853648,-1.870022,0.621356,-0.005978,-0.000027,-0.004454,-0.000317,0.006687,-0.000247
8569.680000,-0.470171,0.105613,0.270889,-1.853740,-1.870060,0.621325,-0.003633,-0.000031,-0.009307,0.000084,-0.014372,-0.000076
8569.688000,-0.470206,0.105605,0.270808,-1.853801,-1.870223,0.621203,-0.005027,-0.000037,-0.009041,-0.000022,-0.011051,-0.000118
8569.696000,-0.470238,0.105607,0.270739,-1.853820,-1.870246,0.621135,-0.003753,-0.000029,-0.008547,0.000040,-0.011693,-0.000093
8569.704000,-0.470269,0.105601,0.270648,-1.853897,-1.870367,0.621007,-0.005049,-0.000026,-0.005174,-0.000207,0.001545,-0.000190
8569.712000,-0.470313,0.105611,0.270600,-1.853951,-1.870336,0.621011,-0.003913,-0.000026,-0.007603,-0.000021,-0.007978,-0.000121
8569.720000,-0.470335,0.105616,0.270523,-1.854061,-1.870422,0.620878,-0.004817,-0.000030,-0.005751,-0.000134,-0.003191,-0.000134
8569.728000,-0.470370,0.105614,0.270468,-1.854086,-1.870459,0.620874,-0.003813,-0.000030,-0.007324,0.000007,-0.010054,-0.000078
8569.736000,-0.470401,0.105610,0.270401,-1.854120,-1.870475,0.620818,-0.003872,-0.000016,-0.008454,-0.000075,-0.002960,-0.000229
8569.744000,-0.470439,0.105617,0.270381,-1.854059,-1.870470,0.620817,-0.004000,-0.000023,-0.006336,-0.000091,-0.003391,-0.000152
8569.752000,-0.470470,0.105590,0.270318,-1.854087,-1.870593,0.620818,-0.004766,-0.000026,-0.004071,-0.000201,0.001435,-0.000152
8569.760000,-0.470505,0.105609,0.270225,-1.854263,-1.870643,0.620631,-0.003987,-0.000031,-0.007733,0.000010,-0.010638,-0.000082
8569.768000,-0.470539,0.105591,0.270148,-1.854296,-1.870740,0.620564,-0.004825,-0.000034,-0.006990,-0.000075,-0.007260,-0.000110
8569.776000,-0.470573,0.105605,0.270132,-1.854257,-1.870637,0.620611,-0.003572,-0.000017,-0.006053,-0.000094,-0.001762,-0.000169
8569.784000,-0.470593,0.105635,0.270043,-1.854431,-1.870699,0.620476,-0.004970,-0.000031,-0.006588,-0.000120,-0.004370,-0.000143
8569.792000,-0.470629,0.105601,0.269991,-1.854442,-1.870774,0.620473,-0.004017,-0.000028,-0.006437,-0.000048,-0.006881,-0.000099
8569.800000,-0.470657,0.105607,0.269919,-1.854444,-1.870862,0.620380,-0.003550,-0.000025,-0.009230,0.000048,-0.011338,-0.000122
8569.808000,-0.470693,0.105596,0.269841,-1.854523,-1.870978,0.620247,-0.004609,-0.000024,-0.004502,-0.000193,0.001627,-0.000170
8569.816000,-0.470723,0.105602,0.269803,-1.854540,-1.870947,0.620258,-0.003347,-0.000029,-0.008611,0.000080,-0.013485,-0.000067
8569.824000,-0.470755,0.105600,0.269730,-1.854605,-1.871040,0.620168,-0.005123,-0.000024,-0.003764,-0.000266,0.005221,-0.000202
8569.832000,-0.470776,0.105599,0.269695,-1.854638,-1.871035,0.620178,-0.003135,-0.000021,-0.007113,0.000005,-0.007561,-0.000112
8569.840000,-0.470818,0.105623,0.269603,-1.854738,-1.871072,0.620021,-0.004877,-0.000025,-0.004691,-0.000208,0.001952,-0.000181
8569.848000,-0.470849,0.105603,0.269585,-1.854691,-1.871098,0.620023,-0.003839,-0.000022,-0.004728,-0.000115,-0.001814,-0.000123
8569.856000,-0.470886,0.105606,0.269554,-1.854706,-1.871057,0.620083,-0.004168,-0.000028,-0.005966,-0.000077,-0.005371,-0.000107
8569.864000,-0.470917,0.105612,0.269538,-1.854650,-1.870974,0.620170,-0.005225,-0.000005,-0.000238,-0.000506,0.022183,-0.000355
8569.872000,-0.470957,0.105609,0.269478,-1.854661,-1.871027,0.620070,-0.003774,-0.000017,-0.005167,-0.000141,0.000750,-0.000179
8569.880000,-0.470984,0.105613,0.269460,-1.854697,-1.871003,0.620087,-0.004789,-0.000023,-0.003092,-0.000254,0.005020,-0.000177
8569.888000,-0.471020,0.105600,0.269420,-1.854672,-1.871033,0.620131,-0.003453,-0.000027,-0.007425,0.000029,-0.010466,-0.000076
8569.896000,-0.471044,0.105611,0.269361,-1.854739,-1.871054,0.620063,-0.005177,-0.000011,-0.000313,-0.000456,0.018368,-0.000297
8569.904000,-0.471085,0.105605,0.269334,-1.854686,-1.871018,0.620128,-0.003235,-0.000010,-0.004375,-0.000156,0.003516,-0.000198
8569.912000,-0.471111,0.105594,0.269286,-1.854701,-1.871098,0.620073,-0.005049,-0.000029,-0.005522,-0.000172,-0.001115,-0.000159
8569.920000,-0.471144,0.105588,0.269258,-1.854729,-1.871080,0.620090,-0.002748,-0.000021,-0.005888,0.000016,-0.007747,-0.000069
8569.928000,-0.471177,0.105611,0.269180,-1.854783,-1.871079,0.620005,-0.005373,-0.000014,-0.001367,-0.000425,0.015737,-0.000290
8569.936000,-0.471203,0.105614,0.269177,-1.854771,-1.870997,0.620027,-0.002922,-0.000015,-0.005299,-0.000059,-0.002734,-0.000129
8569.944000,-0.471239,0.105599,0.269102,-1.854765,-1.871151,0.619990,-0.003989,-0.000028,-0.007140,-0.000027,-0.008093,-0.000103
8569.952000,-0.471255,0.105609,0.269064,-1.854866,-1.871125,0.619971,-0.003659,-0.000014,-0.000294,-0.000267,0.008520,-0.000141
8569.960000,-0.471289,0.105609,0.269078,-1.854670,-1.871034,0.620130,-0.003884,-0.000010,-0.005746,-0.000189,0.004603,-0.000260
8569.968000,-0.471324,0.105593,0.269022,-1.854747,-1.871103,0.620053,-0.004783,-0.000013,0.001518,-0.000443,0.017659,-0.000225
8569.976000,-0.471360,0.105587,0.268999,-1.854706,-1.871058,0.620122,-0.002814,-0.000020,-0.005440,-0.000008,-0.006324,-0.000076
8569.984000,-0.471381,0.105605,0.268971,-1.854672,-1.871036,0.620101,-0.005122,-0.000015,-0.002446,-0.000365,0.012439,-0.000274
8569.992000,-0.471406,0.105597,0.268959,-1.854634,-1.871031,0.620171,-0.002539,-0.000009,-0.004027,-0.000097,0.000976,-0.000146
8570.000000,-0.471444,0.105603,0.268904,-1.854740,-1.871017,0.620112,-0.004530,-0.000026,-0.005591,-0.000138,-0.002011,-0.000148
8570.008000,-0.471463,0.105615,0.268868,-1.854747,-1.871036,0.620050,-0.002253,-0.000015,-0.004097,-0.000021,-0.004076,-0.000068
8570.016000,-0.471505,0.105597,0.268813,-1.854707,-1.871089,0.620072,-0.004350,-0.000018,-0.005992,-0.000175,0.001933,-0.000225
8570.024000,-0.471516,0.105612,0.268797,-1.854767,-1.871029,0.620107,-0.003735,0.000000,0.003003,-0.000468,0.022688,-0.000258
8570.032000,-0.471546,0.105618,0.268770,-1.854829,-1.870977,0.620120,-0.003461,-0.000023,-0.006273,-0.000032,-0.006339,-0.000103
8570.040000,-0.471574,0.105597,0.268730,-1.854735,-1.871067,0.620081,-0.003774,-0.000010,0.001828,-0.000363,0.014645,-0.000168
8570.048000,-0.471603,0.105608,0.268719,-1.854687,-1.870947,0.620187,-0.003204,-0.000007,-0.004629,-0.000167,0.004623,-0.000224
8570.056000,-0.471627,0.105608,0.268685,-1.854741,-1.870932,0.620180,-0.004245,-0.000008,0.002376,-0.000442,0.019059,-0.000220
8570.064000,-0.471650,0.105621,0.268669,-1.854671,-1.870934,0.620144,-0.002980,-0.000014,-0.002210,-0.000153,0.002879,-0.000116
8570.072000,-0.471684,0.105608,0.268677,-1.854620,-1.870850,0.620303,-0.004605,-0.000017,-0.003786,-0.000256,0.006300,-0.000221
8570.080000,-0.471720,0.105603,0.268674,-1.854507,-1.870813,0.620373,-0.003828,-0.000003,0.002584,-0.000439,0.020210,-0.000232
8570.088000,-0.471749,0.105607,0.268642,-1.854528,-1.870841,0.620349,-0.003757,-0.000024,-0.006052,-0.000064,-0.004891,-0.000118
8570.096000,-0.471772,0.105609,0.268625,-1.854511,-1.870783,0.620369,-0.004385,-0.000003,0.006397,-0.000592,0.028420,-0.000236
8570.104000,-0.471805,0.105602,0.268629,-1.854423,-1.870683,0.620545,-0.003343,-0.000013,-0.005471,-0.000114,0.000323,-0.000183
8570.112000,-0.471825,0.105597,0.268593,-1.854469,-1.870698,0.620506,-0.004029,0.000005,0.006139,-0.000612,0.031373,-0.000292
8570.120000,-0.471859,0.105591,0.268595,-1.854324,-1.870681,0.620590,-0.001923,-0.000016,-0.006786,0.000091,-0.010369,-0.000058
8570.128000,-0.471878,0.105607,0.268579,-1.854384,-1.870615,0.620612,-0.004020,-0.000023,-0.003969,-0.000149,-0.000161,-0.000124
8570.136000,-0.471905,0.105607,0.268544,-1.854398,-1.870603,0.620617,-0.004250,0.000003,0.005171,-0.000593,0.029695,-0.000298
8570.144000,-0.471932,0.105603,0.268533,-1.854302,-1.870532,0.620692,-0.003495,-0.000017,-0.006036,-0.000086,-0.002217,-0.000161
8570.152000,-0.471961,0.105605,0.268523,-1.854304,-1.870517,0.620773,-0.004135,-0.000005,0.004537,-0.000503,0.023172,-0.000214
8570.160000,-0.471988,0.105597,0.268524,-1.854195,-1.870486,0.620789,-0.002796,-0.000018,-0.005054,-0.000031,-0.004699,-0.000089
8570.168000,-0.472013,0.105610,0.268465,-1.854275,-1.870481,0.620805,-0.004073,-0.000005,-0.000246,-0.000379,0.016097,-0.000261
8570.176000,-0.472040,0.105619,0.268471,-1.854232,-1.870392,0.620834,-0.002096,-0.000007,-0.002201,-0.000114,0.002956,-0.000118
8570.184000,-0.472061,0.105603,0.268475,-1.854165,-1.870383,0.620884,-0.003974,-0.000015,-0.000462,-0.000289,0.009310,-0.000159
8570.192000,-0.472093,0.105606,0.268485,-1.854065,-1.870269,0.621055,-0.001881,0.000002,-0.000397,-0.000206,0.010145,-0.000173
8570.200000,-0.472121,0.105600,0.268483,-1.853986,-1.870261,0.621124,-0.004083,-0.000021,-0.005869,-0.000123,-0.001441,-0.000167
8570.208000,-0.472145,0.105604,0.268481,-1.853961,-1.870182,0.621129,-0.004482,0.000005,0.010429,-0.000762,0.039473,-0.000279
8570.216000,-0.472167,0.105606,0.268480,-1.853905,-1.870122,0.621253,-0.003449,-0.000022,-0.007162,-0.000018,-0.006919,-0.000123
8570.224000,-0.472194,0.105606,0.268460,-1.853887,-1.870055,0.621320,-0.003233,0.000012,0.005889,-0.000575,0.031483,-0.000304
8570.232000,-0.472216,0.105603,0.268480,-1.853792,-1.870010,0.621372,-0.002726,-0.000017,-0.005308,-0.000022,-0.004987,-0.000093
8570.240000,-0.472240,0.105600,0.268455,-1.853774,-1.870026,0.621403,-0.003054,-0.000004,0.002170,-0.000339,0.015139,-0.000166
8570.248000,-0.472258,0.105605,0.268448,-1.853792,-1.869961,0.621464,-0.004740,-0.000003,0.006597,-0.000634,0.030361,-0.000261
8570.256000,-0.472286,0.105589,0.268456,-1.853638,-1.869884,0.621609,-0.003371,-0.000014,-0.004880,-0.000130,0.001148,-0.000177
8570.264000,-0.472310,0.105604,0.268443,-1.853670,-1.869862,0.621622,-0.004316,0.000007,0.008880,-0.000722,0.037738,-0.000303
8570.272000,-0.472333,0.105606,0.268435,-1.853643,-1.869840,0.621614,-0.002964,-0.000019,-0.005328,-0.000030,-0.005212,-0.000090
8570.280000,-0.472360,0.105615,0.268464,-1.853567,-1.869662,0.621823,-0.002843,0.000016,0.005281,-0.000548,0.031114,-0.000319
8570.288000,-0.472389,0.105601,0.268482,-1.853409,-1.869612,0.621906,-0.004669,-0.000001,0.004950,-0.000597,0.028563,-0.000287
8570.296000,-0.472408,0.105616,0.268546,-1.853287,-1.869412,0.622142,-0.002213,-0.000005,-0.000019,-0.000188,0.007255,-0.000114
8570.304000,-0.472440,0.105612,0.268521,-1.853217,-1.869396,0.622176,-0.004922,0.000017,0.008213,-0.000840,0.045530,-0.000450
8570.312000,-0.472459,0.105606,0.268575,-1.853057,-1.869255,0.622378,-0.001868,-0.000001,-0.000654,-0.000170,0.007404,-0.000138
8570.320000,-0.472487,0.105606,0.268544,-1.853101,-1.869275,0.622343,-0.003917,-0.000002,0.005392,-0.000524,0.025123,-0.000218
8570.328000,-0.472505,0.105599,0.268586,-1.852944,-1.869166,0.622535,-0.003115,-0.000001,0.001970,-0.000363,0.016937,-0.000202
8570.336000,-0.472537,0.105613,0.268576,-1.852857,-1.869060,0.622604,-0.003326,0.000002,-0.000280,-0.000355,0.016903,-0.000276
8570.344000,-0.472555,0.105610,0.268590,-1.852891,-1.869002,0.622702,-0.003517,0.000009,0.009099,-0.000655,0.035083,-0.000255
8570.352000,-0.472585,0.105611,0.268617,-1.852819,-1.868867,0.622815,-0.003274,-0.000016,-0.002422,-0.000161,0.002610,-0.000118
8570.360000,-0.472610,0.105590,0.268619,-1.852670,-1.868818,0.622944,-0.003298,0.000029,0.010657,-0.000828,0.048834,-0.000424
8570.368000,-0.472635,0.105606,0.268656,-1.852591,-1.868698,0.623070,-0.003635,-0.000008,0.000135,-0.000321,0.012776,-0.000196
8570.376000,-0.472657,0.105603,0.268683,-1.852438,-1.868608,0.623165,-0.002145,0.000006,0.005609,-0.000403,0.021610,-0.000157
8570.384000,-0.472681,0.105590,0.268721,-1.852309,-1.868490,0.623385,-0.005215,0.000017,0.009901,-0.000921,0.049825,-0.000463
8570.392000,-0.472703,0.105606,0.268752,-1.852252,-1.868325,0.623543,-0.001968,0.000007,0.003676,-0.000349,0.018979,-0.000179
8570.400000,-0.472725,0.105597,0.268753,-1.852185,-1.868331,0.623549,-0.005073,-0.000003,0.007246,-0.000682,0.032614,-0.000275
8570.408000,-0.472741,0.105613,0.268812,-1.852028,-1.868108,0.623797,-0.001696,0.000012,0.002051,-0.000319,0.018543,-0.000227
8570.416000,-0.472769,0.105596,0.268792,-1.851950,-1.868116,0.623855,-0.004755,0.000010,0.007822,-0.000760,0.039698,-0.000370
8570.424000,-0.472791,0.105598,0.268834,-1.851876,-1.868017,0.624022,-0.001732,0.000000,0.000804,-0.000201,0.009513,-0.000124
8570.432000,-0.472817,0.105602,0.268830,-1.851799,-1.867951,0.624035,-0.003283,-0.000005,0.002625,-0.000366,0.016232,-0.000169
8570.440000,-0.472842,0.105601,0.268874,-1.851615,-1.867790,0.624271,-0.004057,0.000028,0.012579,-0.000943,0.054293,-0.000447
8570.448000,-0.472858,0.105605,0.268948,-1.851519,-1.867618,0.624494,-0.003493,-0.000009,-0.001460,-0.000262,0.009392,-0.000195
8570.456000,-0.472886,0.105596,0.268977,-1.851395,-1.867519,0.624617,-0.003345,0.000013,0.008186,-0.000647,0.035404,-0.000291
8570.464000,-0.472902,0.105607,0.269009,-1.851273,-1.867348,0.624797,-0.001142,0.000022,0.004558,-0.000403,0.025838,-0.000262
8570.472000,-0.472932,0.105600,0.269026,-1.851210,-1.867296,0.624920,-0.002948,-0.000003,0.001452,-0.000319,0.014315,-0.000178
8570.480000,-0.472936,0.105621,0.269096,-1.851090,-1.867100,0.625033,-0.002312,0.000008,0.006981,-0.000468,0.025478,-0.000173
8570.488000,-0.472974,0.105606,0.269102,-1.850952,-1.867023,0.625238,-0.003507,-0.000002,-0.000515,-0.000333,0.014516,-0.000246
8570.496000,-0.472993,0.105607,0.269156,-1.850795,-1.866853,0.625434,-0.003095,0.000023,0.010227,-0.000747,0.043303,-0.000351
8570.504000,-0.473012,0.105584,0.269218,-1.850635,-1.866788,0.625622,-0.002734,-0.000003,0.001598,-0.000303,0.013649,-0.000162
8570.512000,-0.473042,0.105596,0.269215,-1.850636,-1.866689,0.625670,-0.002988,-0.000003,0.003105,-0.000361,0.016529,-0.000158
8570.520000,-0.473048,0.105591,0.269301,-1.850411,-1.866503,0.625938,-0.002236,0.000025,0.007552,-0.000608,0.036574,-0.000333
8570.528000,-0.473076,0.105601,0.269321,-1.850282,-1.866399,0.626079,-0.003896,-0.000007,0.000873,-0.000374,0.015575,-0.000216
8570.536000,-0.473094,0.105609,0.269367,-1.850226,-1.866260,0.626178,-0.002642,0.000009,0.007595,-0.000528,0.028757,-0.000205
8570.544000,-0.473120,0.105601,0.269410,-1.850052,-1.866117,0.626426,-0.002251,0.000010,0.005214,-0.000439,0.024318,-0.000214
8570.552000,-0.473145,0.105606,0.269424,-1.849980,-1.866027,0.626543,-0.003576,0.000012,0.007369,-0.000643,0.034757,-0.000308
8570.560000,-0.473148,0.105618,0.269496,-1.849901,-1.865827,0.626714,-0.001142,0.000007,0.002390,-0.000230,0.013103,-0.000129
8570.568000,-0.473173,0.105615,0.269508,-1.849755,-1.865795,0.626773,-0.004002,-0.000004,0.003619,-0.000470,0.021432,-0.000218
8570.576000,-0.473194,0.105589,0.269561,-1.849532,-1.865700,0.627049,-0.001959,0.000018,0.005401,-0.000477,0.028253,-0.000271
8570.584000,-0.473210,0.105614,0.269601,-1.849513,-1.865531,0.627127,-0.002513,0.000009,0.005150,-0.000456,0.024774,-0.000223
8570.592000,-0.473237,0.105600,0.269652,-1.849396,-1.865411,0.627363,-0.003892,0.000005,0.008190,-0.000636,0.032523,-0.000244
8570.600000,-0.473259,0.105590,0.269716,-1.849171,-1.865255,0.627576,-0.001782,0.000022,0.005179,-0.000479,0.029164,-0.000294
8570.608000,-0.473271,0.105620,0.269782,-1.849001,-1.865004,0.627793,-0.002826,0.000027,0.011026,-0.000767,0.045431,-0.000359
8570.616000,-0.473301,0.105592,0.269813,-1.848869,-1.864981,0.627924,-0.002829,-0.000001,0.002569,-0.000345,0.016098,-0.000169
8570.624000,-0.473319,0.105602,0.269869,-1.848771,-1.864798,0.628124,-0.001922,0.000017,0.005934,-0.000470,0.027515,-0.000242
8570.632000,-0.473334,0.105596,0.269936,-1.848574,-1.864625,0.628388,-0.003267,0.000028,0.013047,-0.000873,0.051005,-0.000381
8570.640000,-0.473354,0.105632,0.269974,-1.848535,-1.864428,0.628456,-0.002304,-0.000000,0.000966,-0.000258,0.012000,-0.000158
8570.648000,-0.473365,0.105608,0.270030,-1.848311,-1.864393,0.628659,-0.002943,0.000012,0.009380,-0.000621,0.034000,-0.000230
8570.656000,-0.473382,0.105588,0.270112,-1.848101,-1.864207,0.628917,-0.001983,0.000025,0.007552,-0.000581,0.035227,-0.000312
8570.664000,-0.473405,0.105609,0.270127,-1.848103,-1.864058,0.629025,-0.002951,0.000008,0.005768,-0.000507,0.026901,-0.000236
8570.672000,-0.473422,0.105602,0.270199,-1.847898,-1.863953,0.629250,-0.002981,0.000005,0.006228,-0.000497,0.025641,-0.000201
8570.680000,-0.473438,0.105609,0.270261,-1.847750,-1.863703,0.629503,-0.001563,0.000024,0.005154,-0.000472,0.029461,-0.000300
8570.688000,-0.473460,0.105631,0.270295,-1.847673,-1.863555,0.629621,-0.003377,0.000025,0.013632,-0.000866,0.049884,-0.000343
8570.696000,-0.473475,0.105603,0.270382,-1.847445,-1.863458,0.629856,-0.003208,0.000004,0.006451,-0.000520,0.026556,-0.000208
8570.704000,-0.473495,0.105611,0.270447,-1.847319,-1.863224,0.630067,-0.002037,0.000018,0.005964,-0.000494,0.028992,-0.000265
8570.712000,-0.473510,0.105615,0.270512,-1.847132,-1.863068,0.630308,-0.003351,0.000026,0.013317,-0.000865,0.049965,-0.000355
8570.720000,-0.473526,0.105608,0.270575,-1.846969,-1.862977,0.630485,-0.001253,0.000010,0.004048,-0.000302,0.017489,-0.000145
8570.728000,-0.473550,0.105610,0.270624,-1.846852,-1.862796,0.630656,-0.003265,0.000011,0.009706,-0.000650,0.034930,-0.000234
8570.736000,-0.473568,0.105600,0.270700,-1.846566,-1.862653,0.630898,-0.002793,0.000032,0.010917,-0.000797,0.047698,-0.000400
8570.744000,-0.473585,0.105619,0.270756,-1.846486,-1.862442,0.631048,-0.001554,0.000016,0.005796,-0.000422,0.025004,-0.000207
8570.752000,-0.473599,0.105614,0.270821,-1.846351,-1.862342,0.631289,-0.003004,0.000017,0.011871,-0.000721,0.040341,-0.000249
8570.760000,-0.473622,0.105597,0.270887,-1.846171,-1.862165,0.631572,-0.001418,0.000033,0.006025,-0.000545,0.035165,-0.000363
8570.768000,-0.473646,0.105593,0.270961,-1.845926,-1.861964,0.631821,-0.001926,0.000020,0.007667,-0.000539,0.031901,-0.000255
8570.776000,-0.473651,0.105604,0.271005,-1.845850,-1.861865,0.631918,-0.002926,0.000018,0.011728,-0.000719,0.040432,-0.000255
8570.784000,-0.473667,0.105611,0.271098,-1.845674,-1.861610,0.632186,-0.001391,0.000026,0.005716,-0.000481,0.030391,-0.000297
8570.792000,-0.473688,0.105601,0.271137,-1.845524,-1.861470,0.632374,-0.003518,0.000030,0.014776,-0.000945,0.054667,-0.000382
8570.800000,-0.473704,0.105591,0.271220,-1.845297,-1.861365,0.632665,-0.002415,0.000017,0.009894,-0.000614,0.034853,-0.000228
8570.808000,-0.473721,0.105604,0.271274,-1.845192,-1.861151,0.632838,-0.002170,0.000020,0.009229,-0.000599,0.034993,-0.000252
8570.816000,-0.473730,0.105606,0.271368,-1.844953,-1.860914,0.633105,-0.003698,0.000037,0.016581,-0.001064,0.062561,-0.000449
8570.824000,-0.473752,0.105613,0.271437,-1.844837,-1.860721,0.633295,-0.001264,0.000012,0.005290,-0.000349,0.020408,-0.000150
8570.832000,-0.473772,0.105612,0.271505,-1.844679,-1.860567,0.633515,-0.002900,0.000026,0.012895,-0.000805,0.046745,-0.000318
8570.840000,-0.473784,0.105600,0.271607,-1.844403,-1.860336,0.633872,-0.002327,0.000033,0.010894,-0.000755,0.045892,-0.000372
8570.848000,-0.473802,0.105606,0.271694,-1.844237,-1.860122,0.634119,-0.001839,0.000020,0.008280,-0.000542,0.032055,-0.000237
8570.856000,-0.473822,0.105605,0.271760,-1.844066,-1.859977,0.634335,-0.002854,0.000021,0.012620,-0.000754,0.042901,-0.000266
8570.864000,-0.473836,0.105593,0.271820,-1.843894,-1.859829,0.634577,-0.001303,0.000020,0.006114,-0.000437,0.026787,-0.000226
8570.872000,-0.473846,0.105606,0.271908,-1.843678,-1.859600,0.634824,-0.002738,0.000030,0.012686,-0.000820,0.048561,-0.000355
8570.880000,-0.473868,0.105607,0.271967,-1.843530,-1.859463,0.634986,-0.002142,0.000022,0.009812,-0.000626,0.036838,-0.000263
8570.888000,-0.473885,0.105609,0.272063,-1.843353,-1.859178,0.635274,-0.001883,0.000015,0.008425,-0.000514,0.029548,-0.000192
8570.896000,-0.473900,0.105635,0.272166,-1.843114,-1.858888,0.635627,-0.003153,0.000042,0.015068,-0.001003,0.060577,-0.000469
8570.904000,-0.473908,0.105625,0.272270,-1.842888,-1.858672,0.635913,-0.001671,0.000018,0.007693,-0.000492,0.029059,-0.000209
8570.912000,-0.473939,0.105598,0.272335,-1.842661,-1.858558,0.636122,-0.001710,0.000021,0.008034,-0.000531,0.031642,-0.000239
8570.920000,-0.473947,0.105620,0.272402,-1.842552,-1.858319,0.636353,-0.002797,0.000040,0.013551,-0.000918,0.055750,-0.000442
8570.928000,-0.473964,0.105618,0.272518,-1.842228,-1.858138,0.636678,-0.001526,0.000016,0.007036,-0.000446,0.026198,-0.000185
8570.936000,-0.473983,0.105636,0.272590,-1.842122,-1.857894,0.636906,-0.002420,0.000025,0.011345,-0.000711,0.041880,-0.000293
8570.944000,-0.474001,0.105603,0.272665,-1.841850,-1.857787,0.637156,-0.002409,0.000033,0.011703,-0.000786,0.047416,-0.000370
8570.952000,-0.474013,0.105614,0.272746,-1.841733,-1.857556,0.637387,-0.001851,0.000023,0.010415,-0.000616,0.036632,-0.000240
8570.960000,-0.474031,0.105610,0.272835,-1.841510,-1.857388,0.637617,-0.002601,0.000024,0.013664,-0.000778,0.044948,-0.000264
8570.968000,-0.474048,0.105617,0.272914,-1.841351,-1.857104,0.637903,-0.001311,0.000032,0.009497,-0.000611,0.038683,-0.000305
8570.976000,-0.474066,0.105604,0.273001,-1.841110,-1.856963,0.638184,-0.001504,0.000029,0.011034,-0.000640,0.039355,-0.000264
8570.984000,-0.474064,0.105638,0.273114,-1.840964,-1.856681,0.638425,-0.001822,0.000031,0.014504,-0.000770,0.046817,-0.000268
8570.992000,-0.474087,0.105598,0.273210,-1.840662,-1.856528,0.638759,-0.001294,0.000034,0.010586,-0.000649,0.040984,-0.000305
8571.000000,-0.474101,0.105595,0.273312,-1.840411,-1.856278,0.639054,-0.001868,0.000043,0.015808,-0.000901,0.055976,-0.000372
8571.008000,-0.474111,0.105601,0.273391,-1.840257,-1.856121,0.639242,-0.001328,0.000032,0.014391,-0.000729,0.045030,-0.000243
8571.016000,-0.474133,0.105609,0.273507,-1.839998,-1.855833,0.639635,-0.001580,0.000031,0.011239,-0.000669,0.041205,-0.000287
8571.024000,-0.474141,0.105615,0.273610,-1.839783,-1.855547,0.639964,-0.001343,0.000055,0.018008,-0.000993,0.064077,-0.000430
8571.032000,-0.474152,0.105606,0.273713,-1.839502,-1.855378,0.640207,-0.000975,0.000026,0.009816,-0.000536,0.033594,-0.000212
8571.040000,-0.474161,0.105610,0.273824,-1.839394,-1.855106,0.640522,-0.001326,0.000031,0.013034,-0.000688,0.042571,-0.000249
8571.048000,-0.474166,0.105617,0.273941,-1.839015,-1.854844,0.640869,-0.001105,0.000052,0.017036,-0.000919,0.059552,-0.000390
8571.056000,-0.474186,0.105601,0.274051,-1.838831,-1.854634,0.641164,-0.001375,0.000025,0.010806,-0.000595,0.036163,-0.000220
8571.064000,-0.474193,0.105606,0.274155,-1.838624,-1.854431,0.641434,-0.000641,0.000036,0.015408,-0.000710,0.045351,-0.000215
8571.072000,-0.474199,0.105627,0.274256,-1.838424,-1.854106,0.641690,-0.001338,0.000050,0.016451,-0.000913,0.058507,-0.000392
8571.080000,-0.474222,0.105601,0.274371,-1.838135,-1.853924,0.642069,-0.001505,0.000026,0.010623,-0.000609,0.036910,-0.000238
8571.088000,-0.474217,0.105612,0.274457,-1.837981,-1.853797,0.642237,-0.000089,0.000043,0.017747,-0.000765,0.050298,-0.000218
8571.096000,-0.474238,0.105613,0.274565,-1.837707,-1.853486,0.642602,-0.001580,0.000042,0.012399,-0.000786,0.049731,-0.000386
8571.104000,-0.474242,0.105621,0.274684,-1.837474,-1.853211,0.642887,0.000251,0.000052,0.018761,-0.000819,0.055264,-0.000265
8571.112000,-0.474248,0.105619,0.274773,-1.837346,-1.853053,0.643117,-0.001518,0.000029,0.013583,-0.000702,0.042604,-0.000231
8571.120000,-0.474253,0.105615,0.274903,-1.837010,-1.852768,0.643492,0.000299,0.000067,0.019204,-0.000948,0.065300,-0.000412
8571.128000,-0.474266,0.105626,0.274992,-1.836838,-1.852533,0.643765,-0.001493,0.000034,0.014167,-0.000746,0.045888,-0.000265
8571.136000,-0.474270,0.105644,0.275116,-1.836627,-1.852267,0.644031,-0.000684,0.000039,0.015439,-0.000737,0.047441,-0.000248
8571.144000,-0.474280,0.105613,0.275273,-1.836255,-1.851976,0.644548,-0.001103,0.000062,0.019042,-0.001050,0.068419,-0.000466
8571.152000,-0.474299,0.105619,0.275358,-1.836056,-1.851773,0.644794,-0.001875,0.000032,0.013098,-0.000748,0.045149,-0.000288
8571.160000,-0.474303,0.105621,0.275477,-1.835835,-1.851534,0.645055,0.000760,0.000051,0.018875,-0.000768,0.052805,-0.000222
8571.168000,-0.474318,0.105616,0.275617,-1.835496,-1.851231,0.645466,-0.001894,0.000050,0.016340,-0.000969,0.060664,-0.000430
8571.176000,-0.474316,0.105634,0.275767,-1.835249,-1.850891,0.645830,0.000981,0.000064,0.021846,-0.000915,0.063614,-0.000297
8571.184000,-0.474329,0.105608,0.275908,-1.834952,-1.850701,0.646217,-0.001286,0.000036,0.015782,-0.000783,0.048327,-0.000250
8571.192000,-0.474340,0.105625,0.275994,-1.834717,-1.850399,0.646456,-0.000145,0.000075,0.022113,-0.001121,0.075605,-0.000481
8571.200000,-0.474344,0.105606,0.276149,-1.834422,-1.850182,0.646837,-0.000887,0.000045,0.017086,-0.000848,0.054026,-0.000299
8571.208000,-0.474359,0.105617,0.276264,-1.834204,-1.849900,0.647168,0.000179,0.000045,0.019249,-0.000787,0.051803,-0.000192
8571.216000,-0.474347,0.105615,0.276407,-1.833950,-1.849636,0.647539,-0.000808,0.000057,0.014825,-0.000878,0.058081,-0.000441
8571.224000,-0.474367,0.105623,0.276525,-1.833683,-1.849347,0.647849,-0.000748,0.000047,0.017524,-0.000851,0.054645,-0.000295
8571.232000,-0.474358,0.105627,0.276656,-1.833420,-1.849139,0.648160,-0.000538,0.000034,0.013692,-0.000639,0.040793,-0.000200
8571.240000,-0.474381,0.105626,0.276794,-1.833112,-1.848794,0.648520,-0.001006,0.000060,0.017776,-0.000991,0.064590,-0.000447
8571.248000,-0.474385,0.105619,0.276939,-1.832829,-1.848544,0.648901,-0.001117,0.000042,0.016734,-0.000836,0.052464,-0.000285
8571.256000,-0.474394,0.105629,0.277053,-1.832643,-1.848258,0.649140,-0.000933,0.000036,0.015412,-0.000739,0.046219,-0.000229
8571.264000,-0.474396,0.105620,0.277211,-1.832314,-1.847908,0.649665,-0.000845,0.000056,0.016265,-0.000905,0.059054,-0.000408
8571.272000,-0.474410,0.105626,0.277299,-1.832080,-1.847750,0.649863,-0.001023,0.000042,0.017444,-0.000844,0.052977,-0.000270
8571.280000,-0.474401,0.105651,0.277467,-1.831861,-1.847321,0.650265,-0.001075,0.000049,0.015766,-0.000860,0.055253,-0.000363
8571.288000,-0.474417,0.105620,0.277617,-1.831437,-1.847111,0.650726,-0.000244,0.000066,0.020919,-0.001031,0.068382,-0.000404
8571.296000,-0.474421,0.105616,0.277772,-1.831176,-1.846786,0.651089,-0.000676,0.000044,0.016606,-0.000803,0.051275,-0.000271
8571.304000,-0.474429,0.105617,0.277879,-1.830926,-1.846598,0.651350,-0.000145,0.000072,0.022616,-0.001111,0.073937,-0.000437
8571.312000,-0.474427,0.105622,0.278072,-1.830550,-1.846156,0.651893,-0.000532,0.000061,0.019146,-0.000980,0.064298,-0.000397
8571.320000,-0.474446,0.105629,0.278171,-1.830323,-1.845938,0.652142,0.000467,0.000058,0.020632,-0.000892,0.060076,-0.000280
8571.328000,-0.474434,0.105637,0.278323,-1.830056,-1.845607,0.652487,-0.000168,0.000062,0.017351,-0.000905,0.060789,-0.000401
8571.336000,-0.474441,0.105632,0.278445,-1.829767,-1.845358,0.652932,0.000493,0.000067,0.020925,-0.000961,0.065415,-0.000357
8571.344000,-0.474440,0.105637,0.278585,-1.829531,-1.845081,0.653173,-0.000273,0.000044,0.017172,-0.000775,0.050216,-0.000236
8571.352000,-0.474446,0.105621,0.278754,-1.829113,-1.844757,0.653633,0.000027,0.000076,0.022092,-0.001115,0.074986,-0.000472
8571.360000,-0.474454,0.105621,0.278877,-1.828904,-1.844464,0.653994,-0.001116,0.000044,0.017175,-0.000861,0.053777,-0.000292
8571.368000,-0.474460,0.105621,0.279026,-1.828613,-1.844213,0.654326,0.000740,0.000064,0.023169,-0.000968,0.065210,-0.000279
8571.376000,-0.474454,0.105631,0.279202,-1.828250,-1.843858,0.654792,-0.000919,0.000063,0.017484,-0.000994,0.064805,-0.000461
8571.384000,-0.474462,0.105632,0.279329,-1.827969,-1.843563,0.655140,0.000768,0.000061,0.020694,-0.000884,0.060186,-0.000280
8571.392000,-0.474460,0.105627,0.279491,-1.827670,-1.843282,0.655514,-0.000689,0.000041,0.015731,-0.000756,0.047805,-0.000244
8571.400000,-0.474467,0.105656,0.279631,-1.827397,-1.842870,0.655925,0.000363,0.000081,0.025090,-0.001186,0.080173,-0.000456
8571.408000,-0.474471,0.105627,0.279782,-1.827086,-1.842651,0.656313,-0.000947,0.000048,0.018423,-0.000898,0.056461,-0.000294
8571.416000,-0.474472,0.105633,0.279948,-1.826752,-1.842332,0.656710,0.000024,0.000070,0.021103,-0.001039,0.069374,-0.000414
8571.424000,-0.474483,0.105613,0.280135,-1.826331,-1.841954,0.657212,-0.000387,0.000074,0.022862,-0.001161,0.076141,-0.000464
8571.432000,-0.474481,0.105621,0.280292,-1.826038,-1.841641,0.657548,-0.000329,0.000047,0.017714,-0.000814,0.052239,-0.000250
8571.440000,-0.474486,0.105615,0.280428,-1.825735,-1.841384,0.657921,-0.000191,0.000073,0.020745,-0.001083,0.071923,-0.000467
8571.448000,-0.474480,0.105631,0.280576,-1.825481,-1.841000,0.658341,-0.001014,0.000070,0.023329,-0.001198,0.076678,-0.000456
8571.456000,-0.474479,0.105648,0.280742,-1.825242,-1.840633,0.658742,0.000242,0.000052,0.018546,-0.000813,0.053893,-0.000250
8571.464000,-0.474484,0.105631,0.280913,-1.824833,-1.840350,0.659179,-0.000161,0.000069,0.019310,-0.001010,0.067260,-0.000440
8571.472000,-0.474480,0.105634,0.281080,-1.824498,-1.839993,0.659581,0.000092,0.000069,0.022600,-0.001059,0.070040,-0.000375
8571.480000,-0.474485,0.105621,0.281228,-1.824207,-1.839780,0.659940,0.000056,0.000046,0.016902,-0.000747,0.048664,-0.000220
8571.488000,-0.474477,0.105633,0.281373,-1.823933,-1.839435,0.660325,0.000016,0.000080,0.021854,-0.001140,0.076410,-0.000503
8571.496000,-0.474481,0.105628,0.281559,-1.823493,-1.839097,0.660797,-0.000515,0.000059,0.021388,-0.001014,0.064887,-0.000331
8571.504000,-0.474481,0.105622,0.281705,-1.823242,-1.838819,0.661149,0.000147,0.000050,0.018048,-0.000799,0.052277,-0.000240
8571.512000,-0.474480,0.105634,0.281862,-1.822939,-1.838444,0.661572,0.000696,0.000083,0.023183,-0.001121,0.076487,-0.000461
8571.520000,-0.474484,0.105633,0.282046,-1.822607,-1.838101,0.662037,-0.000259,0.000061,0.021776,-0.001014,0.065554,-0.000329
8571.528000,-0.474472,0.105643,0.282259,-1.822199,-1.837699,0.662455,0.000027,0.000056,0.020643,-0.000916,0.059568,-0.000271
8571.536000,-0.474474,0.105643,0.282416,-1.821900,-1.837337,0.662907,0.000608,0.000084,0.023261,-0.001144,0.077824,-0.000480
8571.544000,-0.474470,0.105648,0.282572,-1.821600,-1.837039,0.663289,0.000243,0.000066,0.021395,-0.000990,0.065679,-0.000345
8571.552000,-0.474473,0.105635,0.282743,-1.821304,-1.836733,0.663732,0.000908,0.000062,0.022159,-0.000910,0.061159,-0.000247
8571.560000,-0.474466,0.105641,0.282891,-1.820932,-1.836441,0.664113,-0.000272,0.000077,0.021490,-0.001134,0.074842,-0.000489
8571.568000,-0.474463,0.105632,0.283102,-1.820575,-1.836043,0.664584,0.000378,0.000071,0.025056,-0.001101,0.072298,-0.000329
8571.576000,-0.474466,0.105635,0.283279,-1.820209,-1.835654,0.665025,-0.000199,0.000062,0.021629,-0.001008,0.065041,-0.000326
8571.584000,-0.474470,0.105626,0.283445,-1.819841,-1.835332,0.665532,0.000498,0.000078,0.021693,-0.001073,0.072374,-0.000444
8571.592000,-0.474462,0.105643,0.283610,-1.819547,-1.835012,0.665888,0.000614,0.000066,0.023395,-0.000997,0.066043,-0.000284
8571.600000,-0.474459,0.105632,0.283818,-1.819132,-1.834572,0.666370,-0.000026,0.000087,0.024740,-0.001263,0.083374,-0.000519
8571.608000,-0.474452,0.105636,0.284007,-1.818738,-1.834231,0.666841,0.000527,0.000075,0.022730,-0.001071,0.071646,-0.000397
8571.616000,-0.474449,0.105645,0.284192,-1.818457,-1.833860,0.667308,0.000690,0.000065,0.023182,-0.000975,0.064610,-0.000268
8571.624000,-0.474445,0.105648,0.284396,-1.818012,-1.833435,0.667806,0.000197,0.000098,0.026633,-0.001375,0.091881,-0.000593
8571.632000,-0.474448,0.105644,0.284565,-1.817711,-1.833077,0.668227,0.000582,0.000065,0.021639,-0.000957,0.063565,-0.000303
8571.640000,-0.474446,0.105636,0.284736,-1.817385,-1.832761,0.668675,0.001105,0.000065,0.021550,-0.000898,0.060790,-0.000261
8571.648000,-0.474422,0.105664,0.284932,-1.817044,-1.832318,0.669067,0.000480,0.000083,0.022203,-0.001118,0.075456,-0.000477
8571.656000,-0.474420,0.105648,0.285132,-1.816621,-1.831969,0.669545,0.000659,0.000067,0.021819,-0.000969,0.064567,-0.000313
8571.664000,-0.474426,0.105657,0.285270,-1.816348,-1.831714,0.669903,0.000380,0.000071,0.024605,-0.001090,0.071445,-0.000330
8571.672000,-0.474411,0.105646,0.285501,-1.815865,-1.831297,0.670488,0.000307,0.000083,0.023999,-0.001178,0.078131,-0.000459
8571.680000,-0.474408,0.105652,0.285714,-1.815511,-1.830828,0.671022,0.000930,0.000074,0.023719,-0.001038,0.069662,-0.000332
8571.688000,-0.474410,0.105653,0.285893,-1.815169,-1.830427,0.671481,0.000517,0.000082,0.024831,-0.001172,0.077867,-0.000427
8571.696000,-0.474396,0.105654,0.286100,-1.814734,-1.830051,0.671969,0.000817,0.000079,0.024045,-0.001101,0.073865,-0.000389
8571.704000,-0.474388,0.105666,0.286274,-1.814418,-1.829752,0.672323,0.000705,0.000075,0.024194,-0.001080,0.071828,-0.000351
8571.712000,-0.474385,0.105656,0.286489,-1.813992,-1.829289,0.672891,0.000609,0.000089,0.025265,-0.001224,0.081855,-0.000477
8571.720000,-0.474382,0.105649,0.286660,-1.813653,-1.828983,0.673333,0.001037,0.000077,0.024842,-0.001076,0.072044,-0.000333
8571.728000,-0.474373,0.105653,0.286854,-1.813269,-1.828613,0.673740,0.001002,0.000068,0.023459,-0.000976,0.064970,-0.000264
8571.736000,-0.474364,0.105649,0.287076,-1.812828,-1.828182,0.674373,0.001247,0.000093,0.024699,-0.001180,0.080753,-0.000479
8571.744000,-0.474356,0.105656,0.287217,-1.812620,-1.827920,0.674650,0.001457,0.000068,0.022408,-0.000907,0.061807,-0.000249
8571.752000,-0.474345,0.105658,0.287416,-1.812230,-1.827508,0.675115,0.000786,0.000091,0.024570,-0.001213,0.081740,-0.000499
8571.760000,-0.474345,0.105649,0.287606,-1.811782,-1.827130,0.675612,0.000891,0.000090,0.026630,-0.001239,0.082723,-0.000445
8571.768000,-0.474334,0.105642,0.287805,-1.811498,-1.826794,0.676063,0.001107,0.000071,0.024115,-0.001007,0.066992,-0.000275
8571.776000,-0.474328,0.105658,0.287993,-1.811079,-1.826398,0.676543,0.001067,0.000098,0.025712,-0.001264,0.085843,-0.000527
8571.784000,-0.474326,0.105646,0.288194,-1.810683,-1.825962,0.677030,0.001009,0.000083,0.024572,-0.001122,0.075121,-0.000391
8571.792000,-0.474303,0.105668,0.288411,-1.810319,-1.825558,0.677486,0.001246,0.000072,0.023800,-0.000992,0.066619,-0.000280
8571.800000,-0.474298,0.105654,0.288609,-1.809893,-1.825201,0.678052,0.001287,0.000102,0.027742,-0.001323,0.089634,-0.000521
8571.808000,-0.474288,0.105673,0.288835,-1.809505,-1.824703,0.678556,0.001098,0.000080,0.026022,-0.001122,0.074800,-0.000337
8571.816000,-0.474275,0.105664,0.289054,-1.809026,-1.824362,0.679029,0.000980,0.000097,0.026627,-0.001283,0.086188,-0.000502
8571.824000,-0.474269,0.105688,0.289258,-1.808661,-1.823850,0.679544,0.001083,0.000092,0.026693,-0.001234,0.082982,-0.000447
8571.832000,-0.474256,0.105666,0.289462,-1.808310,-1.823495,0.680030,0.001464,0.000078,0.025417,-0.001054,0.070918,-0.000295
8571.840000,-0.474250,0.105658,0.289661,-1.807881,-1.823126,0.680575,0.001598,0.000097,0.026214,-0.001214,0.083030,-0.000465
8571.848000,-0.474233,0.105660,0.289904,-1.807424,-1.822676,0.681114,0.001371,0.000094,0.028088,-0.001257,0.084324,-0.000422
8571.856000,-0.474228,0.105660,0.290080,-1.807118,-1.822330,0.681547,0.001108,0.000076,0.025158,-0.001072,0.070985,-0.000304
8571.864000,-0.474219,0.105644,0.290323,-1.806582,-1.821887,0.682141,0.001457,0.000101,0.027321,-0.001292,0.087405,-0.000499
8571.872000,-0.474203,0.105679,0.290511,-1.806282,-1.821472,0.682541,0.001454,0.000088,0.026784,-0.001164,0.078318,-0.000369
8571.880000,-0.474192,0.105671,0.290717,-1.805846,-1.821094,0.682992,0.001249,0.000087,0.024907,-0.001141,0.076775,-0.000407
8571.888000,-0.474180,0.105652,0.290933,-1.805417,-1.820681,0.683600,0.001430,0.000102,0.027352,-0.001298,0.087669,-0.000502
8571.896000,-0.474168,0.105667,0.291157,-1.805054,-1.820201,0.684071,0.001319,0.000086,0.027495,-0.001184,0.078649,-0.000350
8571.904000,-0.474159,0.105672,0.291341,-1.804678,-1.819849,0.684519,0.001284,0.000099,0.026379,-0.001267,0.085469,-0.000498
