timestamp,actual_TCP_pose_0,actual_TCP_pose_1,actual_TCP_pose_2,actual_TCP_pose_3,actual_TCP_pose_4,actual_TCP_pose_5,actual_TCP_speed_0,actual_TCP_speed_1,actual_TCP_speed_2,actual_TCP_speed_3,actual_TCP_speed_4,actual_TCP_speed_5
4548.208000,-0.122450,0.109998,0.257335,-2.181494,-2.213754,0.044844,0.000005,0.000000,-0.000017,0.000001,-0.000072,-0.000000
4548.216000,-0.122453,0.110003,0.257331,-2.181500,-2.213759,0.044803,0.000005,0.000000,-0.000017,0.000001,-0.000072,-0.000000
4548.224000,-0.122446,0.110002,0.257321,-2.181627,-2.213730,0.044778,0.000005,0.000000,-0.000017,0.000001,-0.000072,-0.000000
4548.232000,-0.122445,0.110003,0.257333,-2.181541,-2.213695,0.044830,0.000005,0.000000,-0.000017,0.000001,-0.000072,-0.000000
4548.240000,-0.122447,0.110002,0.257336,-2.181502,-2.213734,0.044778,0.000005,0.000000,-0.000017,0.000001,-0.000072,-0.000000
4548.248000,-0.122448,0.110002,0.257338,-2.181460,-2.213716,0.044817,0.000005,0.000000,-0.000017,0.000001,-0.000072,-0.000000
4548.256000,-0.122447,0.109999,0.257324,-2.181583,-2.213738,0.044792,0.000005,0.000000,-0.000017,0.000001,-0.000072,-0.000000
4548.264000,-0.122438,0.110006,0.257323,-2.181554,-2.213707,0.044725,0.000005,0.000000,-0.000017,0.000001,-0.000072,-0.000000
4548.272000,-0.122448,0.109998,0.257329,-2.181485,-2.213797,0.044804,0.000005,0.000000,-0.000017,0.000001,-0.000072,-0.000000
4548.280000,-0.122444,0.110007,0.257339,-2.181524,-2.213676,0.044816,0.000005,0.000000,-0.000017,0.000001,-0.000072,-0.000000
4548.288000,-0.122448,0.110001,0.257349,-2.181508,-2.213690,0.044922,0.000005,0.000000,-0.000017,0.000001,-0.000072,-0.000000
4548.296000,-0.122451,0.110004,0.257334,-2.181522,-2.213702,0.044817,0.000005,0.000000,-0.000017,0.000001,-0.000072,-0.000000
4548.304000,-0.122453,0.110005,0.257337,-2.181503,-2.213708,0.044803,0.000005,0.000000,-0.000017,0.000001,-0.000072,-0.000000
4548.312000,-0.122455,0.110002,0.257345,-2.181540,-2.213696,0.044857,0.000005,0.000000,-0.000017,0.000001,-0.000072,-0.000000
4548.320000,-0.122454,0.110005,0.257340,-2.181510,-2.213689,0.044869,0.000003,0.000000,-0.000014,0.000001,-0.000048,-0.000000
4548.328000,-0.122467,0.110000,0.257343,-2.181549,-2.213677,0.044845,-0.000514,-0.000006,-0.000610,0.000052,-0.004956,0.000002
4548.336000,-0.122469,0.109997,0.257348,-2.181457,-2.213717,0.044949,-0.000866,-0.000010,-0.000096,-0.000027,0.000652,-0.000005
4548.344000,-0.122473,0.110004,0.257368,-2.181438,-2.213617,0.045001,-0.000988,-0.000013,0.000707,-0.000118,0.007549,-0.000008
4548.352000,-0.122476,0.110009,0.257375,-2.181465,-2.213565,0.045001,-0.000469,-0.000017,0.001309,-0.000062,0.003360,0.000034
4548.360000,-0.122497,0.110000,0.257389,-2.181342,-2.213651,0.045041,-0.001197,-0.000038,0.002603,-0.000114,0.005454,0.000075
4548.368000,-0.122493,0.110004,0.257387,-2.181369,-2.213600,0.045066,-0.000793,-0.000009,-0.000071,-0.000026,0.000671,-0.000004
4548.376000,-0.122504,0.109999,0.257410,-2.181331,-2.213589,0.045173,-0.000650,-0.000008,0.000081,-0.000038,0.001903,-0.000005
4548.384000,-0.122496,0.110002,0.257405,-2.181415,-2.213543,0.045134,-0.000554,-0.000017,0.001629,-0.000112,0.007204,0.000028
4548.392000,-0.122501,0.110009,0.257447,-2.181368,-2.213443,0.045263,-0.001951,-0.000042,0.001476,-0.000050,-0.000614,0.000063
4548.400000,-0.122521,0.109996,0.257442,-2.181239,-2.213523,0.045370,-0.001678,-0.000032,0.001778,-0.000174,0.010084,0.000022
4548.408000,-0.122515,0.110003,0.257429,-2.181322,-2.213502,0.045251,-0.000989,-0.000019,0.001231,-0.000122,0.007439,0.000013
4548.416000,-0.122528,0.110003,0.257439,-2.181322,-2.213502,0.045252,-0.001521,-0.000023,0.000081,-0.000023,-0.001132,0.000012
4548.424000,-0.122535,0.110001,0.257475,-2.181242,-2.213448,0.045423,-0.001624,-0.000048,0.003527,-0.000194,0.010645,0.000085
4548.432000,-0.122551,0.110004,0.257509,-2.181159,-2.213337,0.045580,-0.002041,-0.000059,0.005161,-0.000355,0.022326,0.000091
4548.440000,-0.122566,0.109997,0.257509,-2.181107,-2.213365,0.045634,-0.002598,-0.000043,0.001578,-0.000179,0.008843,0.000023
4548.448000,-0.122565,0.110007,0.257503,-2.181193,-2.213292,0.045593,-0.001029,-0.000012,-0.000256,-0.000013,-0.000729,-0.000004
4548.456000,-0.122576,0.110004,0.257535,-2.181099,-2.213276,0.045712,-0.001193,-0.000037,0.003083,-0.000188,0.011326,0.000064
4548.464000,-0.122597,0.109998,0.257547,-2.181103,-2.213284,0.045805,-0.002073,-0.000039,0.001298,-0.000090,0.002640,0.000041
4548.472000,-0.122597,0.110000,0.257551,-2.181010,-2.213267,0.045869,-0.001588,-0.000035,0.002565,-0.000216,0.013296,0.000036
4548.480000,-0.122618,0.109999,0.257551,-2.181062,-2.213266,0.045767,-0.002365,-0.000041,0.000350,0.000002,-0.005048,0.000043
4548.488000,-0.122631,0.109998,0.257571,-2.181040,-2.213192,0.045873,-0.001316,-0.000024,0.000682,-0.000049,0.001102,0.000023
4548.496000,-0.122647,0.109996,0.257607,-2.180914,-2.213171,0.046056,-0.002641,-0.000066,0.004616,-0.000316,0.018103,0.000093
4548.504000,-0.122659,0.110001,0.257627,-2.180918,-2.213070,0.046135,-0.001922,-0.000040,0.002522,-0.000212,0.012332,0.000040
4548.512000,-0.122660,0.110003,0.257635,-2.180857,-2.213032,0.046264,-0.001175,-0.000023,0.001988,-0.000203,0.013406,0.000013
4548.520000,-0.122681,0.110000,0.257637,-2.180912,-2.213064,0.046200,-0.002816,-0.000056,0.001520,-0.000056,-0.001856,0.000073
4548.528000,-0.122699,0.109993,0.257669,-2.180786,-2.213070,0.046307,-0.001356,-0.000042,0.003397,-0.000197,0.011498,0.000076
4548.536000,-0.122719,0.109998,0.257694,-2.180781,-2.212905,0.046490,-0.003932,-0.000059,0.001217,-0.000191,0.007577,0.000018
4548.544000,-0.122734,0.109994,0.257708,-2.180714,-2.212971,0.046517,-0.001933,-0.000052,0.003918,-0.000258,0.015117,0.000079
4548.552000,-0.122745,0.109994,0.257711,-2.180700,-2.212984,0.046517,-0.002393,-0.000039,-0.000640,0.000113,-0.013734,0.000048
4548.560000,-0.122762,0.110004,0.257746,-2.180722,-2.212794,0.046622,-0.002652,-0.000061,0.004624,-0.000375,0.023213,0.000068
4548.568000,-0.122769,0.110001,0.257767,-2.180638,-2.212816,0.046713,-0.003121,-0.000063,0.001860,-0.000073,-0.001229,0.000083
4548.576000,-0.122793,0.109995,0.257779,-2.180650,-2.212804,0.046795,-0.002518,-0.000054,0.003257,-0.000252,0.014029,0.000061
4548.584000,-0.122814,0.109998,0.257814,-2.180554,-2.212706,0.046977,-0.003464,-0.000046,0.000485,-0.000164,0.006681,-0.000006
4548.592000,-0.122842,0.109992,0.257837,-2.180479,-2.212710,0.047006,-0.003047,-0.000084,0.005671,-0.000315,0.016497,0.000141
4548.600000,-0.122852,0.109998,0.257868,-2.180452,-2.212604,0.047148,-0.000910,-0.000024,0.001605,-0.000089,0.004601,0.000040
4548.608000,-0.122887,0.109996,0.257882,-2.180420,-2.212599,0.047215,-0.003783,-0.000093,0.005937,-0.000379,0.020345,0.000134
4548.616000,-0.122895,0.109992,0.257909,-2.180345,-2.212577,0.047322,-0.001182,-0.000027,0.001803,-0.000134,0.007678,0.000033
4548.624000,-0.122929,0.109988,0.257923,-2.180294,-2.212605,0.047349,-0.004165,-0.000103,0.006113,-0.000357,0.017517,0.000155
4548.632000,-0.122940,0.109991,0.257964,-2.180217,-2.212474,0.047572,-0.001751,-0.000022,0.000850,-0.000182,0.011269,-0.000019
4548.640000,-0.122960,0.109993,0.257985,-2.180310,-2.212359,0.047652,-0.003403,-0.000063,0.001689,-0.000100,0.000574,0.000068
4548.648000,-0.122978,0.109989,0.258001,-2.180168,-2.212427,0.047704,-0.002185,-0.000074,0.006495,-0.000378,0.022915,0.000139
4548.656000,-0.123012,0.109993,0.258040,-2.180155,-2.212283,0.047875,-0.003807,-0.000074,0.003025,-0.000229,0.009681,0.000076
4548.664000,-0.123024,0.109995,0.258049,-2.180106,-2.212258,0.047926,-0.003323,-0.000107,0.009677,-0.000626,0.039475,0.000181
4548.672000,-0.123049,0.109999,0.258090,-2.180079,-2.212153,0.048019,-0.003909,-0.000083,0.003567,-0.000210,0.007533,0.000107
4548.680000,-0.123072,0.109990,0.258112,-2.179976,-2.212156,0.048230,-0.003493,-0.000096,0.008600,-0.000640,0.040976,0.000134
4548.688000,-0.123095,0.109995,0.258136,-2.180014,-2.212062,0.048192,-0.002898,-0.000056,0.000648,0.000053,-0.010575,0.000082
4548.696000,-0.123119,0.109990,0.258176,-2.179875,-2.212029,0.048454,-0.004965,-0.000137,0.012058,-0.000891,0.056802,0.000191
4548.704000,-0.123151,0.109989,0.258218,-2.179770,-2.211976,0.048599,-0.003653,-0.000064,0.000944,-0.000035,-0.004838,0.000067
4548.712000,-0.123169,0.109990,0.258239,-2.179772,-2.211926,0.048652,-0.003112,-0.000086,0.006793,-0.000456,0.027497,0.000130
4548.720000,-0.123213,0.109985,0.258278,-2.179655,-2.211862,0.048851,-0.003353,-0.000048,0.000366,-0.000104,0.001964,0.000012
4548.728000,-0.123224,0.109989,0.258293,-2.179659,-2.211786,0.048877,-0.002777,-0.000060,0.002976,-0.000200,0.009283,0.000073
4548.736000,-0.123263,0.109984,0.258324,-2.179568,-2.211828,0.048983,-0.003487,-0.000048,0.001213,-0.000244,0.012783,-0.000008
4548.744000,-0.123289,0.109982,0.258348,-2.179532,-2.211767,0.049114,-0.003523,-0.000067,0.002224,-0.000146,0.003819,0.000073
4548.752000,-0.123309,0.109986,0.258396,-2.179538,-2.211616,0.049273,-0.004852,-0.000137,0.010375,-0.000645,0.037457,0.000220
4548.760000,-0.123346,0.109987,0.258424,-2.179464,-2.211569,0.049404,-0.004390,-0.000075,0.002451,-0.000242,0.010093,0.000053
4548.768000,-0.123373,0.109986,0.258453,-2.179418,-2.211495,0.049510,-0.004290,-0.000122,0.008939,-0.000521,0.029169,0.000205
4548.776000,-0.123410,0.109979,0.258494,-2.179218,-2.211558,0.049655,-0.003554,-0.000069,0.002424,-0.000164,0.005099,0.000075
4548.784000,-0.123441,0.109982,0.258568,-2.179118,-2.211354,0.050034,-0.004227,-0.000092,0.005749,-0.000450,0.025561,0.000102
4548.792000,-0.123474,0.109983,0.258597,-2.179090,-2.211300,0.050049,-0.004321,-0.000117,0.007647,-0.000417,0.021222,0.000195
4548.800000,-0.123508,0.109976,0.258627,-2.179009,-2.211246,0.050274,-0.004333,-0.000074,0.002477,-0.000255,0.011181,0.000049
4548.808000,-0.123544,0.109982,0.258666,-2.178964,-2.211147,0.050353,-0.004679,-0.000127,0.009365,-0.000593,0.034068,0.000198
4548.816000,-0.123568,0.109982,0.258703,-2.178872,-2.211080,0.050522,-0.003639,-0.000061,0.001059,-0.000083,-0.000888,0.000052
4548.824000,-0.123607,0.109979,0.258734,-2.178847,-2.211032,0.050681,-0.004616,-0.000113,0.008209,-0.000593,0.035080,0.000149
4548.832000,-0.123626,0.109983,0.258773,-2.178788,-2.210946,0.050785,-0.003004,-0.000054,0.001085,-0.000058,-0.001732,0.000056
4548.840000,-0.123671,0.109981,0.258804,-2.178747,-2.210879,0.050905,-0.005058,-0.000101,0.004958,-0.000389,0.019358,0.000104
4548.848000,-0.123694,0.109980,0.258837,-2.178655,-2.210839,0.050972,-0.003544,-0.000094,0.006047,-0.000338,0.017191,0.000152
4548.856000,-0.123741,0.109978,0.258876,-2.178639,-2.210746,0.051171,-0.005056,-0.000084,0.002681,-0.000294,0.012926,0.000050
4548.864000,-0.123779,0.109975,0.258940,-2.178485,-2.210645,0.051446,-0.005296,-0.000152,0.012208,-0.000788,0.047235,0.000242
4548.872000,-0.123820,0.109969,0.258992,-2.178358,-2.210625,0.051632,-0.004124,-0.000073,0.002019,-0.000172,0.004911,0.000061
4548.880000,-0.123848,0.109976,0.259031,-2.178355,-2.210410,0.051867,-0.006226,-0.000149,0.010499,-0.000773,0.045399,0.000189
4548.888000,-0.123886,0.109969,0.259069,-2.178247,-2.210408,0.051988,-0.003261,-0.000057,0.001590,-0.000138,0.004059,0.000048
4548.896000,-0.123931,0.109967,0.259119,-2.178098,-2.210338,0.052249,-0.005081,-0.000092,0.003494,-0.000310,0.013582,0.000077
4548.904000,-0.123960,0.109972,0.259145,-2.178109,-2.210244,0.052289,-0.005360,-0.000147,0.011236,-0.000734,0.043218,0.000225
4548.912000,-0.124004,0.109967,0.259206,-2.177934,-2.210174,0.052579,-0.004170,-0.000069,0.001268,-0.000118,0.000852,0.000053
4548.920000,-0.124034,0.109973,0.259223,-2.177950,-2.210085,0.052682,-0.006147,-0.000149,0.010356,-0.000731,0.042178,0.000199
4548.928000,-0.124071,0.109970,0.259277,-2.177823,-2.209983,0.052854,-0.003288,-0.000057,0.001249,-0.000103,0.001307,0.000048
4548.936000,-0.124117,0.109971,0.259332,-2.177695,-2.209880,0.053103,-0.005411,-0.000100,0.004271,-0.000377,0.018059,0.000085
4548.944000,-0.124155,0.109965,0.259380,-2.177663,-2.209826,0.053276,-0.006024,-0.000175,0.013371,-0.000801,0.046036,0.000293
4548.952000,-0.124192,0.109970,0.259433,-2.177531,-2.209691,0.053510,-0.004569,-0.000092,0.004205,-0.000310,0.014167,0.000100
4548.960000,-0.124242,0.109966,0.259495,-2.177409,-2.209570,0.053800,-0.005942,-0.000148,0.009874,-0.000645,0.035529,0.000212
4548.968000,-0.124285,0.109963,0.259553,-2.177302,-2.209518,0.053998,-0.005598,-0.000139,0.009439,-0.000629,0.035122,0.000197
4548.976000,-0.124330,0.109964,0.259609,-2.177228,-2.209338,0.054248,-0.005237,-0.000098,0.003850,-0.000318,0.013702,0.000090
4548.984000,-0.124371,0.109957,0.259635,-2.177193,-2.209304,0.054330,-0.006061,-0.000160,0.011402,-0.000732,0.041401,0.000241
4548.992000,-0.124415,0.109955,0.259695,-2.176970,-2.209291,0.054603,-0.004551,-0.000081,0.002821,-0.000261,0.010941,0.000063
4549.000000,-0.124448,0.109963,0.259736,-2.176992,-2.209157,0.054772,-0.005956,-0.000137,0.007838,-0.000511,0.025775,0.000183
4549.008000,-0.124493,0.109965,0.259782,-2.176920,-2.209003,0.054867,-0.006447,-0.000171,0.012223,-0.000775,0.043812,0.000261
4549.016000,-0.124543,0.109959,0.259839,-2.176774,-2.208964,0.055168,-0.004601,-0.000090,0.003594,-0.000259,0.010145,0.000096
4549.024000,-0.124577,0.109964,0.259879,-2.176725,-2.208860,0.055182,-0.007231,-0.000187,0.013322,-0.000877,0.050043,0.000274
4549.032000,-0.124625,0.109955,0.259944,-2.176605,-2.208771,0.055563,-0.004237,-0.000074,0.002363,-0.000221,0.008593,0.000057
4549.040000,-0.124679,0.109950,0.260002,-2.176454,-2.208726,0.055775,-0.006501,-0.000148,0.008643,-0.000594,0.030885,0.000189
4549.048000,-0.124716,0.109951,0.260048,-2.176353,-2.208597,0.055997,-0.007140,-0.000191,0.014555,-0.000973,0.057170,0.000285
4549.056000,-0.124762,0.109958,0.260080,-2.176332,-2.208522,0.056022,-0.004705,-0.000091,0.003275,-0.000224,0.007274,0.000098
4549.064000,-0.124799,0.109952,0.260130,-2.176208,-2.208452,0.056260,-0.007502,-0.000180,0.011940,-0.000834,0.046702,0.000238
4549.072000,-0.124840,0.109952,0.260163,-2.176209,-2.208376,0.056418,-0.003910,-0.000065,0.001224,-0.000118,0.001369,0.000048
4549.080000,-0.124893,0.109953,0.260224,-2.176044,-2.208262,0.056666,-0.006667,-0.000138,0.007282,-0.000558,0.028594,0.000149
4549.088000,-0.124941,0.109950,0.260281,-2.175953,-2.208146,0.056917,-0.007010,-0.000191,0.014294,-0.000913,0.052693,0.000296
4549.096000,-0.124989,0.109948,0.260331,-2.175811,-2.208081,0.057088,-0.005293,-0.000099,0.003597,-0.000280,0.010514,0.000096
4549.104000,-0.125049,0.109942,0.260398,-2.175730,-2.208004,0.057339,-0.006780,-0.000158,0.010139,-0.000727,0.040294,0.000200
4549.112000,-0.125100,0.109944,0.260477,-2.175499,-2.207821,0.057705,-0.006625,-0.000161,0.010604,-0.000718,0.039536,0.000221
4549.120000,-0.125151,0.109937,0.260553,-2.175408,-2.207682,0.058035,-0.006014,-0.000129,0.006774,-0.000483,0.023724,0.000152
4549.128000,-0.125190,0.109944,0.260604,-2.175339,-2.207507,0.058269,-0.006991,-0.000171,0.011372,-0.000768,0.042561,0.000235
4549.136000,-0.125246,0.109943,0.260677,-2.175169,-2.207361,0.058533,-0.005755,-0.000112,0.004963,-0.000399,0.018610,0.000109
4549.144000,-0.125290,0.109946,0.260728,-2.175122,-2.207236,0.058767,-0.006764,-0.000152,0.008916,-0.000627,0.033037,0.000189
4549.152000,-0.125351,0.109941,0.260798,-2.175006,-2.207122,0.059045,-0.007212,-0.000180,0.012151,-0.000799,0.044185,0.000257
4549.160000,-0.125409,0.109935,0.260871,-2.174819,-2.207015,0.059386,-0.006471,-0.000136,0.007067,-0.000525,0.026202,0.000152
4549.168000,-0.125468,0.109936,0.260941,-2.174748,-2.206867,0.059648,-0.006950,-0.000162,0.009809,-0.000660,0.034695,0.000215
4549.176000,-0.125525,0.109937,0.261018,-2.174578,-2.206721,0.059936,-0.007248,-0.000169,0.010674,-0.000744,0.040499,0.000219
4549.184000,-0.125574,0.109939,0.261090,-2.174382,-2.206575,0.060223,-0.006216,-0.000119,0.005440,-0.000455,0.022056,0.000110
4549.192000,-0.125618,0.109936,0.261143,-2.174303,-2.206471,0.060473,-0.006637,-0.000144,0.007950,-0.000568,0.028843,0.000173
4549.200000,-0.125674,0.109933,0.261192,-2.174157,-2.206431,0.060720,-0.007392,-0.000162,0.009459,-0.000698,0.037211,0.000190
4549.208000,-0.125736,0.109930,0.261268,-2.174014,-2.206260,0.061011,-0.006473,-0.000131,0.006264,-0.000473,0.022377,0.000140
4549.216000,-0.125795,0.109931,0.261347,-2.173924,-2.206094,0.061312,-0.007336,-0.000164,0.009627,-0.000677,0.035423,0.000205
4549.224000,-0.125850,0.109931,0.261419,-2.173785,-2.205954,0.061586,-0.007016,-0.000155,0.009124,-0.000665,0.035405,0.000185
4549.232000,-0.125902,0.109925,0.261494,-2.173590,-2.205865,0.061941,-0.006616,-0.000137,0.006599,-0.000474,0.021965,0.000155
4549.240000,-0.125955,0.109930,0.261544,-2.173538,-2.205760,0.062058,-0.007476,-0.000170,0.010288,-0.000719,0.038223,0.000216
4549.248000,-0.126011,0.109926,0.261624,-2.173372,-2.205595,0.062439,-0.007003,-0.000160,0.009448,-0.000648,0.033751,0.000205
4549.256000,-0.126071,0.109931,0.261705,-2.173276,-2.205366,0.062714,-0.007189,-0.000154,0.008564,-0.000631,0.032610,0.000178
4549.264000,-0.126124,0.109925,0.261771,-2.173090,-2.205339,0.063014,-0.007440,-0.000162,0.008981,-0.000643,0.032792,0.000193
4549.272000,-0.126183,0.109924,0.261832,-2.173005,-2.205230,0.063225,-0.007304,-0.000156,0.008477,-0.000615,0.031086,0.000182
4549.280000,-0.126239,0.109925,0.261900,-2.172923,-2.205070,0.063460,-0.007102,-0.000156,0.008537,-0.000584,0.028871,0.000195
4549.288000,-0.126304,0.109914,0.261971,-2.172715,-2.205020,0.063790,-0.007452,-0.000159,0.008819,-0.000666,0.034633,0.000178
4549.296000,-0.126366,0.109914,0.262037,-2.172557,-2.204887,0.064052,-0.007489,-0.000153,0.007768,-0.000605,0.030156,0.000160
4549.304000,-0.126417,0.109916,0.262099,-2.172525,-2.204699,0.064339,-0.007344,-0.000150,0.007454,-0.000563,0.027280,0.000162
4549.312000,-0.126478,0.109922,0.262151,-2.172423,-2.204594,0.064456,-0.007852,-0.000164,0.008715,-0.000657,0.033367,0.000181
4549.320000,-0.126538,0.109918,0.262228,-2.172245,-2.204442,0.064836,-0.008025,-0.000173,0.009753,-0.000720,0.037475,0.000200
4549.328000,-0.126605,0.109914,0.262322,-2.172097,-2.204297,0.065178,-0.008159,-0.000181,0.010464,-0.000747,0.038922,0.000220
4549.336000,-0.126675,0.109913,0.262402,-2.171884,-2.204133,0.065505,-0.008160,-0.000174,0.009633,-0.000723,0.037388,0.000196
4549.344000,-0.126738,0.109910,0.262464,-2.171728,-2.204056,0.065753,-0.007726,-0.000163,0.008277,-0.000598,0.028737,0.000187
4549.352000,-0.126791,0.109914,0.262540,-2.171682,-2.203855,0.066067,-0.007886,-0.000166,0.008812,-0.000649,0.032514,0.000189
4549.360000,-0.126864,0.109907,0.262615,-2.171497,-2.203749,0.066383,-0.007766,-0.000172,0.009654,-0.000676,0.034225,0.000211
4549.368000,-0.126924,0.109908,0.262695,-2.171415,-2.203538,0.066724,-0.007576,-0.000158,0.007911,-0.000570,0.027093,0.000181
4549.376000,-0.126992,0.109901,0.262782,-2.171209,-2.203463,0.067025,-0.008546,-0.000193,0.011321,-0.000793,0.041184,0.000241
4549.384000,-0.127049,0.109903,0.262854,-2.171123,-2.203302,0.067363,-0.008499,-0.000188,0.010747,-0.000754,0.038591,0.000232
4549.392000,-0.127116,0.109902,0.262935,-2.170985,-2.203111,0.067717,-0.007762,-0.000161,0.008508,-0.000654,0.033271,0.000173
4549.400000,-0.127187,0.109908,0.263016,-2.170836,-2.202932,0.067937,-0.008619,-0.000188,0.010423,-0.000738,0.037302,0.000227
4549.408000,-0.127253,0.109898,0.263095,-2.170551,-2.202883,0.068317,-0.008303,-0.000180,0.010256,-0.000760,0.039713,0.000208
4549.416000,-0.127319,0.109901,0.263185,-2.170412,-2.202692,0.068644,-0.007980,-0.000170,0.008968,-0.000643,0.031546,0.000199
4549.424000,-0.127386,0.109897,0.263261,-2.170284,-2.202539,0.068996,-0.008518,-0.000183,0.010177,-0.000753,0.038783,0.000210
4549.432000,-0.127458,0.109889,0.263346,-2.170091,-2.202426,0.069352,-0.008554,-0.000186,0.010525,-0.000771,0.039790,0.000218
4549.440000,-0.127523,0.109894,0.263406,-2.170098,-2.202225,0.069586,-0.008140,-0.000159,0.007467,-0.000603,0.028943,0.000156
4549.448000,-0.127596,0.109889,0.263475,-2.169867,-2.202150,0.069862,-0.008707,-0.000187,0.010222,-0.000753,0.038198,0.000214
4549.456000,-0.127669,0.109882,0.263571,-2.169612,-2.202025,0.070267,-0.009121,-0.000205,0.012170,-0.000867,0.045392,0.000253
4549.464000,-0.127737,0.109885,0.263655,-2.169497,-2.201833,0.070618,-0.008686,-0.000184,0.009907,-0.000742,0.037556,0.000206
4549.472000,-0.127800,0.109884,0.263753,-2.169334,-2.201592,0.071076,-0.008766,-0.000186,0.010028,-0.000738,0.037043,0.000213
4549.480000,-0.127877,0.109884,0.263836,-2.169136,-2.201471,0.071361,-0.008947,-0.000193,0.010571,-0.000771,0.038979,0.000224
4549.488000,-0.127938,0.109886,0.263899,-2.169117,-2.201296,0.071572,-0.008798,-0.000184,0.009661,-0.000725,0.036199,0.000203
4549.496000,-0.128019,0.109884,0.263989,-2.168933,-2.201112,0.071964,-0.008736,-0.000178,0.008831,-0.000677,0.032868,0.000188
4549.504000,-0.128086,0.109876,0.264058,-2.168779,-2.200985,0.072318,-0.009216,-0.000198,0.010981,-0.000809,0.041285,0.000228
4549.512000,-0.128162,0.109878,0.264143,-2.168577,-2.200833,0.072591,-0.009351,-0.000207,0.011891,-0.000853,0.043959,0.000249
4549.520000,-0.128235,0.109876,0.264241,-2.168391,-2.200674,0.072983,-0.009645,-0.000208,0.011923,-0.000895,0.046835,0.000237
4549.528000,-0.128305,0.109880,0.264355,-2.168219,-2.200400,0.073527,-0.009566,-0.000208,0.011764,-0.000856,0.044098,0.000244
4549.536000,-0.128387,0.109873,0.264423,-2.168021,-2.200331,0.073765,-0.009625,-0.000206,0.011455,-0.000849,0.043466,0.000236
4549.544000,-0.128460,0.109873,0.264530,-2.167913,-2.200070,0.074234,-0.009523,-0.000208,0.011609,-0.000827,0.041769,0.000250
4549.552000,-0.128532,0.109874,0.264609,-2.167710,-2.199942,0.074506,-0.009500,-0.000205,0.011334,-0.000818,0.041256,0.000242
4549.560000,-0.128610,0.109873,0.264705,-2.167545,-2.199751,0.074885,-0.009528,-0.000206,0.011464,-0.000833,0.042358,0.000241
4549.568000,-0.128691,0.109875,0.264804,-2.167358,-2.199510,0.075289,-0.009653,-0.000203,0.011130,-0.000842,0.043116,0.000225
4549.576000,-0.128766,0.109861,0.264886,-2.167112,-2.199449,0.075695,-0.009416,-0.000198,0.010378,-0.000776,0.038418,0.000219
4549.584000,-0.128840,0.109865,0.264967,-2.167023,-2.199231,0.076020,-0.009515,-0.000205,0.011490,-0.000840,0.042881,0.000239
4549.592000,-0.128917,0.109861,0.265056,-2.166863,-2.199097,0.076335,-0.009852,-0.000216,0.012324,-0.000891,0.045771,0.000256
4549.600000,-0.128994,0.109866,0.265173,-2.166649,-2.198830,0.076814,-0.009868,-0.000213,0.012055,-0.000882,0.045287,0.000249
4549.608000,-0.129082,0.109861,0.265281,-2.166422,-2.198629,0.077271,-0.009871,-0.000209,0.011432,-0.000862,0.043950,0.000232
4549.616000,-0.129159,0.109865,0.265352,-2.166308,-2.198461,0.077518,-0.009671,-0.000209,0.011409,-0.000817,0.040733,0.000247
4549.624000,-0.129238,0.109852,0.265421,-2.166106,-2.198418,0.077833,-0.009852,-0.000207,0.011049,-0.000830,0.041448,0.000230
4549.632000,-0.129314,0.109856,0.265530,-2.165954,-2.198162,0.078262,-0.009875,-0.000213,0.011653,-0.000841,0.042061,0.000249
4549.640000,-0.129396,0.109846,0.265624,-2.165730,-2.198044,0.078655,-0.009932,-0.000215,0.011681,-0.000837,0.041399,0.000254
4549.648000,-0.129470,0.109851,0.265718,-2.165581,-2.197870,0.079016,-0.009959,-0.000209,0.011182,-0.000835,0.041697,0.000233
4549.656000,-0.129557,0.109851,0.265827,-2.165371,-2.197579,0.079497,-0.010023,-0.000207,0.010768,-0.000824,0.040887,0.000222
4549.664000,-0.129631,0.109854,0.265895,-2.165287,-2.197391,0.079784,-0.009944,-0.000206,0.010860,-0.000823,0.041059,0.000224
4549.672000,-0.129714,0.109845,0.265983,-2.165024,-2.197310,0.080149,-0.009957,-0.000220,0.012361,-0.000871,0.043700,0.000267
4549.680000,-0.129791,0.109847,0.266085,-2.164851,-2.197086,0.080615,-0.010617,-0.000227,0.012744,-0.000946,0.048479,0.000259
4549.688000,-0.129890,0.109837,0.266178,-2.164686,-2.196949,0.080920,-0.010283,-0.000217,0.011672,-0.000874,0.043710,0.000242
4549.696000,-0.129972,0.109838,0.266282,-2.164502,-2.196738,0.081335,-0.010083,-0.000217,0.011753,-0.000850,0.042142,0.000252
4549.704000,-0.130046,0.109837,0.266362,-2.164413,-2.196546,0.081637,-0.010427,-0.000224,0.012125,-0.000877,0.043374,0.000261
4549.712000,-0.130123,0.109842,0.266467,-2.164133,-2.196367,0.082060,-0.010492,-0.000230,0.013182,-0.000954,0.049020,0.000272
4549.720000,-0.130205,0.109837,0.266585,-2.163931,-2.196115,0.082568,-0.010793,-0.000232,0.012858,-0.000947,0.047947,0.000266
4549.728000,-0.130299,0.109836,0.266693,-2.163784,-2.195918,0.082959,-0.010489,-0.000220,0.011554,-0.000861,0.042368,0.000244
4549.736000,-0.130376,0.109835,0.266766,-2.163645,-2.195751,0.083258,-0.010527,-0.000224,0.012104,-0.000889,0.044242,0.000255
4549.744000,-0.130468,0.109829,0.266870,-2.163388,-2.195625,0.083662,-0.010769,-0.000235,0.013069,-0.000938,0.047012,0.000278
4549.752000,-0.130542,0.109836,0.266973,-2.163274,-2.195355,0.084062,-0.010892,-0.000234,0.012887,-0.000936,0.046988,0.000271
4549.760000,-0.130639,0.109828,0.267088,-2.163032,-2.195167,0.084545,-0.011235,-0.000239,0.013215,-0.000987,0.050151,0.000268
4549.768000,-0.130730,0.109826,0.267182,-2.162859,-2.194994,0.084935,-0.010972,-0.000236,0.013360,-0.000990,0.050799,0.000270
4549.776000,-0.130822,0.109820,0.267298,-2.162580,-2.194793,0.085417,-0.010972,-0.000232,0.012466,-0.000932,0.046451,0.000258
4549.784000,-0.130905,0.109819,0.267400,-2.162351,-2.194615,0.085817,-0.011337,-0.000241,0.013135,-0.000974,0.048689,0.000273
4549.792000,-0.131004,0.109817,0.267502,-2.162128,-2.194443,0.086208,-0.011273,-0.000240,0.013275,-0.000996,0.050501,0.000268
4549.800000,-0.131092,0.109814,0.267616,-2.161950,-2.194214,0.086664,-0.011008,-0.000228,0.011990,-0.000922,0.045790,0.000243
4549.808000,-0.131170,0.109821,0.267712,-2.161802,-2.193933,0.087037,-0.010883,-0.000228,0.012040,-0.000893,0.043748,0.000255
4549.816000,-0.131257,0.109815,0.267796,-2.161597,-2.193836,0.087451,-0.011406,-0.000241,0.012977,-0.000966,0.048124,0.000269
4549.824000,-0.131351,0.109812,0.267904,-2.161445,-2.193607,0.087857,-0.011572,-0.000247,0.013208,-0.000958,0.046882,0.000284
4549.832000,-0.131447,0.109806,0.268022,-2.161099,-2.193495,0.088308,-0.011465,-0.000243,0.012956,-0.000956,0.046897,0.000274
4549.840000,-0.131532,0.109814,0.268112,-2.161077,-2.193186,0.088659,-0.011517,-0.000241,0.012762,-0.000947,0.046460,0.000269
4549.848000,-0.131622,0.109813,0.268230,-2.160888,-2.192945,0.089088,-0.011494,-0.000245,0.012987,-0.000934,0.045315,0.000284
4549.856000,-0.131719,0.109798,0.268341,-2.160533,-2.192852,0.089609,-0.011964,-0.000260,0.014537,-0.001059,0.053214,0.000302
4549.864000,-0.131817,0.109804,0.268451,-2.160416,-2.192578,0.089970,-0.011946,-0.000252,0.013692,-0.001034,0.051929,0.000277
4549.872000,-0.131921,0.109790,0.268574,-2.160069,-2.192441,0.090530,-0.012074,-0.000259,0.014344,-0.001073,0.054120,0.000290
4549.880000,-0.132007,0.109805,0.268690,-2.159975,-2.192055,0.090929,-0.011548,-0.000247,0.013329,-0.000962,0.047117,0.000287
4549.888000,-0.132105,0.109794,0.268775,-2.159771,-2.191986,0.091294,-0.011922,-0.000253,0.013430,-0.000984,0.047898,0.000287
4549.896000,-0.132196,0.109796,0.268878,-2.159612,-2.191775,0.091656,-0.011930,-0.000253,0.013554,-0.001002,0.049365,0.000284
4549.904000,-0.132296,0.109784,0.268986,-2.159332,-2.191681,0.092123,-0.012097,-0.000254,0.013497,-0.001014,0.049859,0.000280
4549.912000,-0.132388,0.109794,0.269088,-2.159234,-2.191372,0.092497,-0.012074,-0.000255,0.013766,-0.001029,0.051177,0.000283
4549.920000,-0.132487,0.109783,0.269204,-2.158955,-2.191253,0.092990,-0.012159,-0.000259,0.014026,-0.001038,0.051349,0.000292
4549.928000,-0.132587,0.109783,0.269312,-2.158754,-2.191049,0.093339,-0.012236,-0.000266,0.014763,-0.001063,0.052710,0.000313
4549.936000,-0.132684,0.109784,0.269443,-2.158545,-2.190737,0.093883,-0.011960,-0.000247,0.012869,-0.000983,0.048085,0.000264
4549.944000,-0.132773,0.109782,0.269528,-2.158368,-2.190614,0.094244,-0.011945,-0.000242,0.012241,-0.000957,0.046504,0.000249
4549.952000,-0.132874,0.109775,0.269643,-2.158075,-2.190424,0.094750,-0.011977,-0.000253,0.013454,-0.000997,0.048708,0.000283
4549.960000,-0.132970,0.109776,0.269758,-2.157949,-2.190144,0.095178,-0.012330,-0.000262,0.014178,-0.001051,0.051953,0.000294
4549.968000,-0.133080,0.109771,0.269858,-2.157718,-2.189991,0.095580,-0.012560,-0.000267,0.014849,-0.001119,0.056554,0.000296
4549.976000,-0.133176,0.109775,0.269995,-2.157478,-2.189616,0.096148,-0.012677,-0.000275,0.015458,-0.001121,0.056137,0.000321
4549.984000,-0.133275,0.109777,0.270117,-2.157291,-2.189379,0.096612,-0.012501,-0.000268,0.014927,-0.001095,0.054829,0.000307
4549.992000,-0.133381,0.109772,0.270223,-2.157082,-2.189195,0.097001,-0.012621,-0.000273,0.015407,-0.001132,0.057206,0.000313
4550.000000,-0.133488,0.109760,0.270358,-2.156708,-2.189032,0.097610,-0.012815,-0.000266,0.014363,-0.001121,0.056281,0.000279
4550.008000,-0.133583,0.109762,0.270466,-2.156505,-2.188800,0.098035,-0.012713,-0.000260,0.013625,-0.001072,0.053051,0.000267
4550.016000,-0.133682,0.109763,0.270573,-2.156327,-2.188545,0.098486,-0.012865,-0.000271,0.014903,-0.001139,0.057479,0.000293
4550.024000,-0.133784,0.109763,0.270684,-2.156135,-2.188327,0.098912,-0.012887,-0.000272,0.014818,-0.001111,0.055227,0.000301
4550.032000,-0.133899,0.109756,0.270808,-2.155867,-2.188137,0.099392,-0.013182,-0.000277,0.015110,-0.001150,0.057446,0.000301
4550.040000,-0.133993,0.109760,0.270945,-2.155649,-2.187786,0.099933,-0.013117,-0.000281,0.015725,-0.001168,0.058778,0.000317
4550.048000,-0.134106,0.109751,0.271070,-2.155337,-2.187659,0.100437,-0.013139,-0.000275,0.014611,-0.001100,0.053750,0.000301
4550.056000,-0.134207,0.109754,0.271188,-2.155197,-2.187391,0.100863,-0.013102,-0.000278,0.015125,-0.001122,0.055404,0.000312
4550.064000,-0.134315,0.109751,0.271312,-2.154971,-2.187111,0.101369,-0.013259,-0.000270,0.014016,-0.001108,0.054642,0.000274
4550.072000,-0.134411,0.109754,0.271418,-2.154757,-2.186898,0.101827,-0.013615,-0.000276,0.014276,-0.001129,0.055634,0.000279
4550.080000,-0.134527,0.109741,0.271511,-2.154487,-2.186810,0.102207,-0.013307,-0.000279,0.014660,-0.001099,0.053127,0.000306
4550.088000,-0.134631,0.109744,0.271633,-2.154315,-2.186534,0.102671,-0.013294,-0.000277,0.014830,-0.001139,0.056434,0.000295
4550.096000,-0.134742,0.109740,0.271749,-2.154063,-2.186362,0.103133,-0.013336,-0.000277,0.014670,-0.001121,0.055015,0.000296
4550.104000,-0.134845,0.109739,0.271878,-2.153831,-2.186050,0.103675,-0.013470,-0.000284,0.015342,-0.001155,0.057024,0.000311
4550.112000,-0.134954,0.109737,0.271985,-2.153678,-2.185820,0.104078,-0.013358,-0.000283,0.015165,-0.001121,0.054555,0.000317
4550.120000,-0.135056,0.109734,0.272101,-2.153470,-2.185615,0.104554,-0.013343,-0.000280,0.014923,-0.001116,0.054378,0.000308
4550.128000,-0.135167,0.109734,0.272241,-2.153171,-2.185340,0.105119,-0.013446,-0.000282,0.015152,-0.001141,0.056060,0.000308
4550.136000,-0.135280,0.109727,0.272374,-2.152872,-2.185144,0.105611,-0.013879,-0.000293,0.015902,-0.001196,0.058907,0.000322
4550.144000,-0.135388,0.109734,0.272478,-2.152727,-2.184867,0.105994,-0.013972,-0.000291,0.015620,-0.001186,0.058399,0.000314
4550.152000,-0.135509,0.109727,0.272606,-2.152459,-2.184651,0.106499,-0.013754,-0.000284,0.015054,-0.001162,0.057057,0.000299
4550.160000,-0.135612,0.109726,0.272730,-2.152221,-2.184414,0.107013,-0.013911,-0.000293,0.015950,-0.001201,0.059334,0.000321
4550.168000,-0.135724,0.109721,0.272857,-2.151957,-2.184203,0.107529,-0.013842,-0.000289,0.015271,-0.001152,0.055820,0.000314
4550.176000,-0.135835,0.109717,0.272995,-2.151710,-2.183960,0.108107,-0.014060,-0.000297,0.016245,-0.001217,0.060081,0.000328
4550.184000,-0.135947,0.109720,0.273111,-2.151533,-2.183647,0.108496,-0.013989,-0.000288,0.015185,-0.001176,0.057604,0.000301
4550.192000,-0.136056,0.109716,0.273220,-2.151318,-2.183435,0.109010,-0.014142,-0.000287,0.014760,-0.001165,0.056674,0.000290
4550.200000,-0.136176,0.109710,0.273315,-2.151110,-2.183307,0.109359,-0.014260,-0.000296,0.015855,-0.001221,0.060115,0.000313
4550.208000,-0.136286,0.109709,0.273460,-2.150773,-2.183045,0.109947,-0.014046,-0.000293,0.015573,-0.001176,0.057038,0.000318
4550.216000,-0.136405,0.109707,0.273587,-2.150548,-2.182821,0.110411,-0.014256,-0.000297,0.015773,-0.001195,0.058020,0.000321
4550.224000,-0.136515,0.109706,0.273714,-2.150364,-2.182533,0.110901,-0.014332,-0.000299,0.016041,-0.001222,0.059870,0.000321
4550.232000,-0.136625,0.109704,0.273846,-2.150054,-2.182246,0.111466,-0.014284,-0.000301,0.016234,-0.001221,0.059683,0.000329
4550.240000,-0.136747,0.109695,0.273976,-2.149801,-2.182049,0.112008,-0.014520,-0.000306,0.016851,-0.001280,0.063494,0.000333
4550.248000,-0.136859,0.109699,0.274118,-2.149547,-2.181715,0.112584,-0.014756,-0.000316,0.017851,-0.001333,0.066787,0.000353
4550.256000,-0.136983,0.109689,0.274252,-2.149294,-2.181518,0.113102,-0.014556,-0.000306,0.016533,-0.001253,0.061332,0.000332
4550.264000,-0.137095,0.109692,0.274380,-2.149001,-2.181273,0.113598,-0.014519,-0.000296,0.015176,-0.001179,0.056391,0.000306
4550.272000,-0.137203,0.109691,0.274497,-2.148796,-2.181016,0.114073,-0.014093,-0.000292,0.015164,-0.001141,0.054238,0.000316
4550.280000,-0.137333,0.109684,0.274615,-2.148565,-2.180838,0.114501,-0.014152,-0.000295,0.015206,-0.001135,0.053443,0.000322
4550.288000,-0.137442,0.109686,0.274736,-2.148402,-2.180600,0.114935,-0.014338,-0.000302,0.015990,-0.001179,0.056218,0.000337
4550.296000,-0.137558,0.109681,0.274880,-2.148109,-2.180306,0.115540,-0.014587,-0.000307,0.016665,-0.001256,0.061438,0.000335
4550.304000,-0.137672,0.109687,0.275016,-2.147867,-2.179984,0.116087,-0.014934,-0.000305,0.016254,-0.001279,0.063120,0.000311
4550.312000,-0.137794,0.109683,0.275133,-2.147611,-2.179754,0.116587,-0.014909,-0.000312,0.016735,-0.001257,0.060891,0.000341
4550.320000,-0.137917,0.109674,0.275281,-2.147321,-2.179518,0.117155,-0.014845,-0.000309,0.016353,-0.001238,0.059535,0.000333
4550.328000,-0.138040,0.109669,0.275414,-2.147027,-2.179300,0.117656,-0.015130,-0.000313,0.016165,-0.001233,0.058547,0.000332
4550.336000,-0.138161,0.109666,0.275545,-2.146795,-2.179070,0.118157,-0.015295,-0.000315,0.016470,-0.001271,0.061049,0.000330
4550.344000,-0.138284,0.109666,0.275681,-2.146551,-2.178774,0.118706,-0.015379,-0.000317,0.016448,-0.001265,0.060493,0.000332
4550.352000,-0.138407,0.109663,0.275809,-2.146266,-2.178537,0.119195,-0.015124,-0.000310,0.015507,-0.001173,0.054080,0.000330
4550.360000,-0.138526,0.109663,0.275935,-2.146043,-2.178317,0.119690,-0.015330,-0.000317,0.016879,-0.001299,0.063057,0.000334
4550.368000,-0.138642,0.109667,0.276059,-2.145871,-2.178014,0.120151,-0.015898,-0.000334,0.018306,-0.001378,0.067505,0.000365
4550.376000,-0.138767,0.109662,0.276208,-2.145580,-2.177670,0.120783,-0.015531,-0.000319,0.016614,-0.001284,0.061634,0.000332
4550.384000,-0.138902,0.109652,0.276340,-2.145281,-2.177473,0.121274,-0.015902,-0.000328,0.017365,-0.001349,0.065296,0.000341
4550.392000,-0.139020,0.109652,0.276478,-2.144999,-2.177246,0.121832,-0.015878,-0.000325,0.016840,-0.001314,0.062995,0.000333
4550.400000,-0.139142,0.109651,0.276611,-2.144744,-2.176963,0.122358,-0.015746,-0.000325,0.016987,-0.001305,0.062420,0.000341
4550.408000,-0.139269,0.109644,0.276748,-2.144461,-2.176734,0.122908,-0.015567,-0.000310,0.015196,-0.001219,0.056908,0.000303
4550.416000,-0.139400,0.109640,0.276871,-2.144218,-2.176490,0.123409,-0.015645,-0.000314,0.015421,-0.001226,0.057109,0.000310
4550.424000,-0.139525,0.109640,0.277000,-2.143974,-2.176244,0.123882,-0.015998,-0.000329,0.016947,-0.001306,0.061835,0.000343
4550.432000,-0.139655,0.109640,0.277138,-2.143671,-2.175967,0.124465,-0.015877,-0.000324,0.016470,-0.001269,0.059467,0.000337
4550.440000,-0.139788,0.109630,0.277269,-2.143440,-2.175738,0.124971,-0.016080,-0.000331,0.017254,-0.001343,0.064260,0.000341
4550.448000,-0.139913,0.109636,0.277401,-2.143265,-2.175383,0.125530,-0.016117,-0.000334,0.017499,-0.001330,0.063244,0.000356
4550.456000,-0.140045,0.109630,0.277525,-2.143041,-2.175215,0.125980,-0.016198,-0.000331,0.016960,-0.001312,0.061907,0.000343
4550.464000,-0.140169,0.109629,0.277671,-2.142723,-2.174919,0.126553,-0.015939,-0.000326,0.016895,-0.001307,0.062027,0.000339
4550.472000,-0.140306,0.109625,0.277819,-2.142441,-2.174637,0.127129,-0.016304,-0.000339,0.017943,-0.001361,0.064849,0.000363
4550.480000,-0.140424,0.109624,0.277946,-2.142224,-2.174341,0.127653,-0.016239,-0.000327,0.016516,-0.001307,0.061657,0.000327
4550.488000,-0.140554,0.109616,0.278088,-2.141886,-2.174161,0.128203,-0.015867,-0.000328,0.016825,-0.001270,0.058997,0.000352
4550.496000,-0.140682,0.109619,0.278212,-2.141726,-2.173896,0.128611,-0.016268,-0.000339,0.017928,-0.001350,0.064059,0.000366
4550.504000,-0.140818,0.109616,0.278368,-2.141444,-2.173563,0.129238,-0.016453,-0.000344,0.018466,-0.001397,0.067026,0.000371
4550.512000,-0.140946,0.109617,0.278528,-2.141123,-2.173215,0.129910,-0.016060,-0.000324,0.016231,-0.001268,0.059016,0.000329
4550.520000,-0.141090,0.109607,0.278647,-2.140835,-2.173055,0.130349,-0.016078,-0.000325,0.016363,-0.001292,0.060502,0.000325
4550.528000,-0.141217,0.109607,0.278781,-2.140543,-2.172814,0.130880,-0.016485,-0.000342,0.017942,-0.001362,0.064389,0.000364
4550.536000,-0.141342,0.109604,0.278933,-2.140272,-2.172493,0.131507,-0.016594,-0.000342,0.017957,-0.001383,0.065798,0.000357
4550.544000,-0.141473,0.109604,0.279072,-2.140028,-2.172171,0.132080,-0.016627,-0.000340,0.017832,-0.001388,0.066297,0.000350
4550.552000,-0.141610,0.109599,0.279212,-2.139720,-2.171939,0.132603,-0.016877,-0.000349,0.018375,-0.001408,0.066886,0.000367
4550.560000,-0.141752,0.109596,0.279361,-2.139437,-2.171655,0.133177,-0.016806,-0.000341,0.017381,-0.001361,0.063886,0.000346
4550.568000,-0.141883,0.109593,0.279509,-2.139138,-2.171435,0.133723,-0.016910,-0.000347,0.017888,-0.001382,0.064931,0.000359
4550.576000,-0.142015,0.109591,0.279663,-2.138903,-2.171070,0.134312,-0.016845,-0.000347,0.018129,-0.001395,0.065923,0.000362
4550.584000,-0.142153,0.109588,0.279806,-2.138600,-2.170819,0.134870,-0.016911,-0.000342,0.016880,-0.001310,0.059749,0.000349
4550.592000,-0.142288,0.109586,0.279928,-2.138409,-2.170604,0.135305,-0.016658,-0.000346,0.018037,-0.001360,0.063579,0.000371
4550.600000,-0.142419,0.109587,0.280077,-2.138117,-2.170256,0.135901,-0.017340,-0.000351,0.018107,-0.001432,0.067922,0.000351
4550.608000,-0.142563,0.109580,0.280234,-2.137827,-2.169968,0.136516,-0.017331,-0.000349,0.017512,-0.001383,0.064255,0.000348
4550.616000,-0.142691,0.109582,0.280369,-2.137576,-2.169715,0.136970,-0.016858,-0.000336,0.016325,-0.001296,0.059088,0.000331
4550.624000,-0.142841,0.109567,0.280503,-2.137225,-2.169547,0.137549,-0.017109,-0.000349,0.017398,-0.001340,0.061062,0.000360
4550.632000,-0.142973,0.109571,0.280633,-2.137082,-2.169224,0.138020,-0.017209,-0.000345,0.016952,-0.001334,0.060842,0.000345
4550.640000,-0.143112,0.109572,0.280787,-2.136772,-2.168913,0.138639,-0.017488,-0.000356,0.018298,-0.001424,0.066642,0.000364
4550.648000,-0.143258,0.109569,0.280930,-2.136532,-2.168675,0.139123,-0.017390,-0.000360,0.018679,-0.001407,0.065175,0.000386
4550.656000,-0.143395,0.109566,0.281070,-2.136247,-2.168415,0.139670,-0.017637,-0.000358,0.018444,-0.001443,0.067715,0.000363
4550.664000,-0.143548,0.109556,0.281240,-2.135908,-2.168102,0.140336,-0.017453,-0.000350,0.017445,-0.001394,0.064581,0.000342
4550.672000,-0.143680,0.109558,0.281355,-2.135683,-2.167848,0.140790,-0.017675,-0.000361,0.018422,-0.001427,0.066162,0.000371
4550.680000,-0.143815,0.109550,0.281514,-2.135350,-2.167601,0.141488,-0.017464,-0.000354,0.018094,-0.001422,0.066421,0.000356
4550.688000,-0.143962,0.109553,0.281656,-2.135037,-2.167328,0.141929,-0.017935,-0.000361,0.018595,-0.001489,0.070414,0.000354
4550.696000,-0.144105,0.109553,0.281819,-2.134765,-2.166954,0.142602,-0.017869,-0.000358,0.017899,-0.001425,0.066014,0.000351
4550.704000,-0.144254,0.109543,0.281962,-2.134511,-2.166709,0.143228,-0.017958,-0.000363,0.018725,-0.001490,0.070318,0.000358
4550.712000,-0.144396,0.109536,0.282108,-2.134143,-2.166439,0.143801,-0.017624,-0.000345,0.016785,-0.001402,0.064988,0.000314
4550.720000,-0.144538,0.109536,0.282239,-2.133866,-2.166184,0.144306,-0.017873,-0.000364,0.018658,-0.001465,0.068290,0.000366
4550.728000,-0.144672,0.109536,0.282382,-2.133666,-2.165861,0.144903,-0.017855,-0.000360,0.018056,-0.001423,0.065501,0.000359
4550.736000,-0.144823,0.109532,0.282526,-2.133319,-2.165583,0.145436,-0.017943,-0.000362,0.018479,-0.001478,0.069215,0.000354
4550.744000,-0.144970,0.109526,0.282674,-2.133027,-2.165374,0.146006,-0.018359,-0.000372,0.019178,-0.001523,0.071492,0.000368
4550.752000,-0.145112,0.109525,0.282845,-2.132677,-2.164967,0.146716,-0.017911,-0.000361,0.018367,-0.001463,0.068094,0.000355
4550.760000,-0.145244,0.109524,0.282996,-2.132438,-2.164574,0.147376,-0.017842,-0.000353,0.017530,-0.001433,0.066503,0.000332
4550.768000,-0.145395,0.109516,0.283128,-2.132194,-2.164386,0.147862,-0.018223,-0.000371,0.018832,-0.001471,0.067672,0.000375
4550.776000,-0.145539,0.109518,0.283283,-2.131832,-2.164123,0.148423,-0.018256,-0.000365,0.018042,-0.001432,0.065179,0.000359
4550.784000,-0.145694,0.109517,0.283428,-2.131652,-2.163763,0.148974,-0.018444,-0.000373,0.018880,-0.001477,0.067815,0.000376
4550.792000,-0.145852,0.109507,0.283592,-2.131204,-2.163517,0.149620,-0.018673,-0.000380,0.019440,-0.001535,0.071190,0.000379
4550.800000,-0.145993,0.109510,0.283736,-2.131035,-2.163198,0.150175,-0.018671,-0.000371,0.018034,-0.001442,0.065078,0.000360
4550.808000,-0.146138,0.109502,0.283892,-2.130633,-2.162975,0.150794,-0.017958,-0.000355,0.017519,-0.001440,0.066416,0.000331
4550.816000,-0.146287,0.109502,0.284010,-2.130518,-2.162685,0.151252,-0.018675,-0.000378,0.019168,-0.001497,0.068577,0.000382
4550.824000,-0.146430,0.109503,0.284162,-2.130123,-2.162435,0.151765,-0.018283,-0.000356,0.016388,-0.001342,0.058790,0.000331
4550.832000,-0.146583,0.109492,0.284312,-2.129819,-2.162184,0.152353,-0.018659,-0.000377,0.018814,-0.001478,0.066943,0.000377
4550.840000,-0.146726,0.109500,0.284470,-2.129640,-2.161801,0.152930,-0.019200,-0.000390,0.019928,-0.001547,0.071022,0.000397
4550.848000,-0.146886,0.109493,0.284608,-2.129318,-2.161554,0.153476,-0.019151,-0.000382,0.018940,-0.001523,0.069608,0.000368
4550.856000,-0.147029,0.109491,0.284758,-2.129020,-2.161254,0.154068,-0.019159,-0.000384,0.019198,-0.001527,0.069751,0.000376
4550.864000,-0.147185,0.109489,0.284923,-2.128690,-2.160948,0.154674,-0.019391,-0.000387,0.019283,-0.001547,0.070744,0.000374
4550.872000,-0.147345,0.109478,0.285073,-2.128426,-2.160691,0.155276,-0.019265,-0.000383,0.018864,-0.001524,0.069239,0.000366
4550.880000,-0.147501,0.109472,0.285206,-2.128150,-2.160438,0.155784,-0.018933,-0.000381,0.018624,-0.001465,0.065270,0.000379
4550.888000,-0.147654,0.109471,0.285378,-2.127812,-2.160125,0.156425,-0.019338,-0.000389,0.019570,-0.001555,0.070940,0.000383
4550.896000,-0.147809,0.109473,0.285515,-2.127608,-2.159820,0.156928,-0.018923,-0.000371,0.017591,-0.001438,0.064000,0.000346
4550.904000,-0.147960,0.109471,0.285663,-2.127318,-2.159527,0.157484,-0.019261,-0.000381,0.018506,-0.001498,0.067364,0.000362
4550.912000,-0.148111,0.109472,0.285793,-2.127056,-2.159264,0.157998,-0.018954,-0.000380,0.018986,-0.001505,0.068347,0.000373
4550.920000,-0.148270,0.109461,0.285951,-2.126744,-2.159006,0.158598,-0.019349,-0.000394,0.020258,-0.001588,0.072929,0.000396
4550.928000,-0.148427,0.109458,0.286120,-2.126441,-2.158675,0.159203,-0.019896,-0.000406,0.020936,-0.001632,0.074851,0.000412
4550.936000,-0.148582,0.109457,0.286294,-2.126131,-2.158318,0.159908,-0.019604,-0.000392,0.019919,-0.001610,0.074444,0.000374
4550.944000,-0.148747,0.109451,0.286453,-2.125823,-2.158007,0.160505,-0.019314,-0.000384,0.018962,-0.001532,0.069330,0.000366
4550.952000,-0.148889,0.109457,0.286588,-2.125588,-2.157743,0.160939,-0.019584,-0.000397,0.019850,-0.001534,0.068577,0.000405
4550.960000,-0.149045,0.109451,0.286747,-2.125236,-2.157468,0.161581,-0.019526,-0.000389,0.019288,-0.001548,0.070015,0.000375
4550.968000,-0.149201,0.109450,0.286885,-2.125001,-2.157156,0.162124,-0.019723,-0.000394,0.019716,-0.001574,0.071462,0.000383
4550.976000,-0.149375,0.109435,0.287072,-2.124575,-2.156834,0.162900,-0.020206,-0.000406,0.020209,-0.001612,0.072679,0.000395
4550.984000,-0.149527,0.109439,0.287241,-2.124260,-2.156492,0.163535,-0.019804,-0.000381,0.017531,-0.001473,0.064560,0.000339
4550.992000,-0.149689,0.109432,0.287392,-2.123937,-2.156193,0.164154,-0.020023,-0.000397,0.019348,-0.001568,0.070225,0.000376
4551.000000,-0.149856,0.109429,0.287537,-2.123649,-2.155956,0.164670,-0.020050,-0.000394,0.019179,-0.001579,0.071040,0.000364
4551.008000,-0.150014,0.109432,0.287692,-2.123382,-2.155610,0.165245,-0.020399,-0.000402,0.020248,-0.001683,0.077995,0.000365
4551.016000,-0.150174,0.109419,0.287832,-2.123096,-2.155378,0.165795,-0.020213,-0.000402,0.019967,-0.001625,0.073619,0.000379
4551.024000,-0.150327,0.109424,0.287996,-2.122790,-2.155017,0.166417,-0.020081,-0.000394,0.019128,-0.001575,0.070772,0.000363
4551.032000,-0.150493,0.109424,0.288149,-2.122511,-2.154685,0.166996,-0.020208,-0.000399,0.019565,-0.001595,0.071769,0.000374
4551.040000,-0.150661,0.109409,0.288307,-2.122158,-2.154438,0.167644,-0.020358,-0.000403,0.019536,-0.001593,0.070949,0.000377
4551.048000,-0.150819,0.109416,0.288453,-2.121881,-2.154102,0.168164,-0.020661,-0.000411,0.020724,-0.001688,0.077233,0.000386
4551.056000,-0.150983,0.109412,0.288621,-2.121580,-2.153778,0.168806,-0.020692,-0.000408,0.020183,-0.001660,0.075282,0.000377
4551.064000,-0.151142,0.109407,0.288786,-2.121324,-2.153427,0.169502,-0.020699,-0.000409,0.020205,-0.001649,0.074458,0.000382
4551.072000,-0.151317,0.109398,0.288966,-2.120855,-2.153156,0.170178,-0.020222,-0.000393,0.018383,-0.001533,0.067129,0.000354
4551.080000,-0.151483,0.109399,0.289096,-2.120637,-2.152831,0.170670,-0.020582,-0.000408,0.020129,-0.001638,0.073518,0.000383
4551.088000,-0.151636,0.109400,0.289241,-2.120390,-2.152535,0.171219,-0.020498,-0.000397,0.018123,-0.001489,0.063491,0.000366
4551.096000,-0.151803,0.109397,0.289406,-2.120057,-2.152227,0.171845,-0.020772,-0.000405,0.019775,-0.001648,0.074299,0.000365
4551.104000,-0.151977,0.109389,0.289563,-2.119703,-2.151921,0.172476,-0.021274,-0.000425,0.021248,-0.001708,0.076777,0.000407
4551.112000,-0.152134,0.109386,0.289740,-2.119409,-2.151556,0.173191,-0.020722,-0.000409,0.020236,-0.001662,0.075028,0.000378
4551.120000,-0.152296,0.109390,0.289899,-2.119120,-2.151208,0.173740,-0.021060,-0.000419,0.021069,-0.001698,0.076657,0.000400
4551.128000,-0.152472,0.109378,0.290053,-2.118771,-2.150997,0.174405,-0.020866,-0.000406,0.019466,-0.001622,0.071970,0.000366
4551.136000,-0.152632,0.109372,0.290209,-2.118481,-2.150653,0.175014,-0.020925,-0.000410,0.020111,-0.001677,0.075603,0.000369
4551.144000,-0.152796,0.109376,0.290361,-2.118190,-2.150335,0.175595,-0.021023,-0.000411,0.020114,-0.001668,0.074922,0.000373
4551.152000,-0.152980,0.109365,0.290531,-2.117742,-2.150085,0.176212,-0.020880,-0.000407,0.019246,-0.001599,0.069889,0.000369
4551.160000,-0.153147,0.109364,0.290706,-2.117433,-2.149674,0.176938,-0.021323,-0.000416,0.019697,-0.001633,0.071423,0.000377
4551.168000,-0.153305,0.109363,0.290867,-2.117181,-2.149322,0.177552,-0.021227,-0.000414,0.019556,-0.001608,0.069827,0.000381
4551.176000,-0.153486,0.109356,0.291030,-2.116815,-2.149053,0.178129,-0.021340,-0.000416,0.019724,-0.001634,0.071346,0.000378
4551.184000,-0.153648,0.109354,0.291193,-2.116459,-2.148722,0.178815,-0.021202,-0.000420,0.020982,-0.001721,0.077582,0.000388
4551.192000,-0.153824,0.109355,0.291356,-2.116224,-2.148359,0.179378,-0.021237,-0.000415,0.019324,-0.001566,0.066534,0.000391
4551.200000,-0.153994,0.109341,0.291517,-2.115817,-2.148133,0.180047,-0.021036,-0.000410,0.019022,-0.001572,0.067253,0.000374
4551.208000,-0.154159,0.109346,0.291691,-2.115454,-2.147814,0.180623,-0.021761,-0.000425,0.019795,-0.001620,0.069184,0.000393
4551.216000,-0.154328,0.109345,0.291841,-2.115309,-2.147420,0.181229,-0.021663,-0.000421,0.019713,-0.001622,0.069736,0.000386
4551.224000,-0.154512,0.109336,0.292002,-2.114883,-2.147193,0.181816,-0.022013,-0.000430,0.020391,-0.001679,0.072741,0.000395
4551.232000,-0.154681,0.109333,0.292175,-2.114636,-2.146797,0.182497,-0.022014,-0.000428,0.020122,-0.001666,0.071897,0.000389
4551.240000,-0.154849,0.109332,0.292338,-2.114213,-2.146541,0.183051,-0.021921,-0.000415,0.018278,-0.001587,0.067008,0.000348
4551.248000,-0.155034,0.109331,0.292473,-2.114080,-2.146186,0.183607,-0.022048,-0.000428,0.020098,-0.001664,0.071701,0.000389
4551.256000,-0.155201,0.109326,0.292614,-2.113749,-2.145952,0.184107,-0.021771,-0.000414,0.018547,-0.001589,0.067291,0.000355
4551.264000,-0.155377,0.109317,0.292771,-2.113467,-2.145652,0.184774,-0.022301,-0.000427,0.019492,-0.001669,0.071691,0.000366
4551.272000,-0.155563,0.109322,0.292946,-2.113157,-2.145259,0.185381,-0.022284,-0.000434,0.020805,-0.001728,0.075597,0.000392
4551.280000,-0.155741,0.109310,0.293105,-2.112791,-2.144996,0.186022,-0.022379,-0.000427,0.019840,-0.001728,0.075727,0.000354
4551.288000,-0.155916,0.109309,0.293272,-2.112417,-2.144720,0.186614,-0.022247,-0.000435,0.020850,-0.001729,0.075396,0.000394
4551.296000,-0.156089,0.109313,0.293449,-2.112066,-2.144312,0.187293,-0.021957,-0.000424,0.019958,-0.001681,0.073038,0.000373
4551.304000,-0.156286,0.109308,0.293605,-2.111816,-2.143956,0.187851,-0.022521,-0.000439,0.021302,-0.001786,0.078986,0.000389
4551.312000,-0.156457,0.109301,0.293776,-2.111453,-2.143651,0.188586,-0.022275,-0.000436,0.021383,-0.001780,0.078909,0.000391
4551.320000,-0.156638,0.109297,0.293935,-2.111158,-2.143304,0.189212,-0.022084,-0.000415,0.018543,-0.001644,0.070512,0.000334
4551.328000,-0.156808,0.109300,0.294085,-2.110890,-2.142986,0.189791,-0.022263,-0.000434,0.021134,-0.001751,0.077016,0.000393
4551.336000,-0.156992,0.109292,0.294242,-2.110579,-2.142754,0.190342,-0.022290,-0.000429,0.019824,-0.001663,0.070780,0.000380
4551.344000,-0.157169,0.109291,0.294408,-2.110245,-2.142416,0.190962,-0.022611,-0.000438,0.021007,-0.001766,0.077361,0.000386
4551.352000,-0.157355,0.109282,0.294561,-2.109951,-2.142148,0.191517,-0.022871,-0.000445,0.020964,-0.001738,0.074418,0.000402
4551.360000,-0.157532,0.109282,0.294743,-2.109575,-2.141796,0.192208,-0.022554,-0.000431,0.019730,-0.001681,0.071533,0.000372
4551.368000,-0.157723,0.109271,0.294913,-2.109211,-2.141456,0.192901,-0.022338,-0.000431,0.020003,-0.001688,0.071993,0.000378
4551.376000,-0.157912,0.109275,0.295072,-2.108977,-2.141095,0.193470,-0.022874,-0.000432,0.019360,-0.001682,0.071072,0.000360
4551.384000,-0.158094,0.109271,0.295238,-2.108633,-2.140777,0.194128,-0.022841,-0.000441,0.020764,-0.001749,0.075348,0.000387
4551.392000,-0.158278,0.109269,0.295394,-2.108290,-2.140508,0.194708,-0.023216,-0.000448,0.021355,-0.001798,0.078065,0.000394
4551.400000,-0.158461,0.109268,0.295577,-2.108016,-2.140054,0.195396,-0.022885,-0.000429,0.018930,-0.001662,0.069769,0.000351
4551.408000,-0.158648,0.109262,0.295714,-2.107683,-2.139845,0.195893,-0.023367,-0.000451,0.021868,-0.001864,0.082317,0.000387
4551.416000,-0.158834,0.109262,0.295869,-2.107463,-2.139523,0.196416,-0.023002,-0.000433,0.019068,-0.001647,0.068187,0.000365
4551.424000,-0.159009,0.109266,0.296029,-2.107200,-2.139160,0.197033,-0.023012,-0.000439,0.020566,-0.001748,0.075223,0.000379
4551.432000,-0.159202,0.109247,0.296183,-2.106752,-2.139041,0.197584,-0.023228,-0.000448,0.020825,-0.001754,0.074475,0.000393
4551.440000,-0.159390,0.109243,0.296365,-2.106416,-2.138679,0.198256,-0.022922,-0.000437,0.020138,-0.001741,0.074471,0.000366
4551.448000,-0.159581,0.109244,0.296517,-2.106199,-2.138308,0.198804,-0.023470,-0.000456,0.022177,-0.001857,0.081114,0.000404
4551.456000,-0.159763,0.109241,0.296672,-2.105876,-2.138009,0.199399,-0.023033,-0.000442,0.020735,-0.001762,0.075544,0.000382
4551.464000,-0.159946,0.109236,0.296847,-2.105504,-2.137689,0.200079,-0.023300,-0.000447,0.021548,-0.001854,0.081483,0.000376
4551.472000,-0.160138,0.109233,0.297019,-2.105202,-2.137283,0.200767,-0.023308,-0.000448,0.021172,-0.001797,0.077294,0.000387
4551.480000,-0.160321,0.109233,0.297190,-2.104838,-2.136911,0.201419,-0.023002,-0.000429,0.019105,-0.001712,0.072707,0.000336
4551.488000,-0.160514,0.109220,0.297342,-2.104480,-2.136740,0.202018,-0.023374,-0.000447,0.020949,-0.001802,0.077442,0.000377
4551.496000,-0.160693,0.109221,0.297500,-2.104163,-2.136395,0.202620,-0.023429,-0.000441,0.020101,-0.001778,0.076091,0.000353
4551.504000,-0.160883,0.109214,0.297671,-2.103822,-2.136047,0.203246,-0.023986,-0.000461,0.021844,-0.001873,0.080869,0.000391
4551.512000,-0.161074,0.109215,0.297828,-2.103560,-2.135659,0.203889,-0.023942,-0.000454,0.021101,-0.001839,0.079000,0.000373
4551.520000,-0.161267,0.109209,0.297995,-2.103207,-2.135354,0.204499,-0.023831,-0.000454,0.021523,-0.001884,0.082254,0.000369
4551.528000,-0.161455,0.109210,0.298169,-2.102839,-2.135011,0.205184,-0.024088,-0.000455,0.021176,-0.001865,0.080653,0.000366
4551.536000,-0.161650,0.109201,0.298352,-2.102462,-2.134630,0.205896,-0.024200,-0.000459,0.020969,-0.001823,0.077034,0.000380
4551.544000,-0.161839,0.109199,0.298518,-2.102141,-2.134280,0.206515,-0.024342,-0.000464,0.021319,-0.001838,0.077576,0.000390
4551.552000,-0.162039,0.109193,0.298703,-2.101767,-2.133909,0.207271,-0.024486,-0.000455,0.020144,-0.001822,0.076795,0.000350
4551.560000,-0.162229,0.109193,0.298845,-2.101494,-2.133609,0.207812,-0.024583,-0.000462,0.020960,-0.001856,0.078784,0.000368
4551.568000,-0.162413,0.109192,0.299033,-2.101126,-2.133216,0.208551,-0.024564,-0.000464,0.021039,-0.001823,0.076301,0.000386
4551.576000,-0.162615,0.109185,0.299196,-2.100784,-2.132899,0.209185,-0.024661,-0.000466,0.021186,-0.001845,0.077451,0.000384
4551.584000,-0.162810,0.109183,0.299366,-2.100439,-2.132572,0.209776,-0.024538,-0.000471,0.022070,-0.001878,0.079598,0.000404
4551.592000,-0.163012,0.109178,0.299528,-2.100112,-2.132247,0.210419,-0.024580,-0.000461,0.020502,-0.001808,0.075141,0.000372
4551.600000,-0.163198,0.109179,0.299706,-2.099761,-2.131867,0.211106,-0.024765,-0.000471,0.022083,-0.001905,0.081271,0.000393
4551.608000,-0.163408,0.109174,0.299849,-2.099478,-2.131582,0.211629,-0.024527,-0.000455,0.019849,-0.001777,0.073238,0.000358
4551.616000,-0.163593,0.109162,0.300036,-2.099024,-2.131279,0.212372,-0.024524,-0.000466,0.020983,-0.001813,0.074887,0.000390
4551.624000,-0.163797,0.109161,0.300184,-2.098773,-2.130975,0.212879,-0.024836,-0.000468,0.021090,-0.001850,0.077087,0.000381
4551.632000,-0.164000,0.109157,0.300370,-2.098396,-2.130571,0.213620,-0.024410,-0.000455,0.019891,-0.001782,0.073487,0.000356
4551.640000,-0.164178,0.109156,0.300533,-2.098093,-2.130218,0.214259,-0.025165,-0.000476,0.021853,-0.001904,0.080029,0.000391
4551.648000,-0.164386,0.109149,0.300686,-2.097731,-2.129950,0.214817,-0.024936,-0.000470,0.021069,-0.001847,0.076382,0.000383
4551.656000,-0.164583,0.109144,0.300863,-2.097437,-2.129587,0.215511,-0.025266,-0.000484,0.022810,-0.001956,0.082934,0.000408
4551.664000,-0.164779,0.109150,0.301055,-2.097114,-2.129130,0.216195,-0.025398,-0.000474,0.020456,-0.001799,0.072413,0.000385
4551.672000,-0.164986,0.109142,0.301222,-2.096731,-2.128848,0.216824,-0.025366,-0.000479,0.021774,-0.001902,0.079334,0.000391
4551.680000,-0.165189,0.109141,0.301392,-2.096395,-2.128507,0.217437,-0.025035,-0.000467,0.020320,-0.001797,0.072926,0.000375
4551.688000,-0.165386,0.109138,0.301558,-2.096050,-2.128160,0.218090,-0.025394,-0.000481,0.021973,-0.001901,0.078975,0.000400
4551.696000,-0.165588,0.109130,0.301731,-2.095727,-2.127817,0.218772,-0.025639,-0.000486,0.022172,-0.001914,0.079238,0.000406
4551.704000,-0.165791,0.109130,0.301902,-2.095426,-2.127464,0.219386,-0.024941,-0.000456,0.018948,-0.001733,0.069001,0.000346
4551.712000,-0.165995,0.109121,0.302044,-2.095113,-2.127253,0.219905,-0.025444,-0.000476,0.020757,-0.001822,0.073372,0.000388
4551.720000,-0.166196,0.109122,0.302199,-2.094827,-2.126964,0.220417,-0.025370,-0.000467,0.019694,-0.001783,0.071320,0.000360
4551.728000,-0.166405,0.109121,0.302352,-2.094566,-2.126621,0.220950,-0.025774,-0.000483,0.021577,-0.001901,0.078212,0.000388
4551.736000,-0.166606,0.109113,0.302551,-2.094118,-2.126226,0.221786,-0.025477,-0.000474,0.020748,-0.001843,0.074838,0.000377
4551.744000,-0.166826,0.109099,0.302718,-2.093759,-2.125921,0.222473,-0.025648,-0.000483,0.021829,-0.001920,0.079320,0.000390
4551.752000,-0.167029,0.109095,0.302902,-2.093341,-2.125571,0.223145,-0.025512,-0.000477,0.021254,-0.001906,0.078773,0.000370
4551.760000,-0.167221,0.109099,0.303068,-2.093070,-2.125173,0.223768,-0.025915,-0.000487,0.022512,-0.001992,0.083907,0.000386
4551.768000,-0.167438,0.109101,0.303238,-2.092768,-2.124793,0.224403,-0.025959,-0.000485,0.022484,-0.002010,0.085378,0.000375
4551.776000,-0.167635,0.109094,0.303413,-2.092366,-2.124463,0.225091,-0.025754,-0.000469,0.020028,-0.001868,0.076315,0.000339
4551.784000,-0.167845,0.109093,0.303581,-2.092034,-2.124128,0.225691,-0.025793,-0.000486,0.022603,-0.001985,0.083538,0.000390
4551.792000,-0.168064,0.109081,0.303725,-2.091744,-2.123889,0.226204,-0.025834,-0.000475,0.020579,-0.001901,0.078030,0.000348
4551.800000,-0.168269,0.109072,0.303913,-2.091326,-2.123521,0.226968,-0.026233,-0.000497,0.023209,-0.002043,0.086034,0.000397
4551.808000,-0.168475,0.109077,0.304100,-2.090940,-2.123103,0.227679,-0.026438,-0.000487,0.021393,-0.001966,0.081150,0.000360
4551.816000,-0.168682,0.109075,0.304270,-2.090639,-2.122699,0.228345,-0.025972,-0.000491,0.023179,-0.002035,0.086260,0.000392
4551.824000,-0.168901,0.109062,0.304454,-2.090241,-2.122405,0.229026,-0.026296,-0.000478,0.019806,-0.001859,0.074018,0.000344
4551.832000,-0.169100,0.109068,0.304597,-2.089973,-2.122080,0.229545,-0.025844,-0.000480,0.021456,-0.001935,0.079880,0.000367
4551.840000,-0.169310,0.109067,0.304772,-2.089674,-2.121651,0.230211,-0.026443,-0.000485,0.020857,-0.001909,0.077052,0.000364
4551.848000,-0.169522,0.109061,0.304925,-2.089316,-2.121366,0.230811,-0.026279,-0.000475,0.019661,-0.001859,0.074248,0.000336
4551.856000,-0.169749,0.109049,0.305094,-2.088947,-2.121052,0.231505,-0.027032,-0.000500,0.021941,-0.001993,0.081150,0.000379
4551.864000,-0.169949,0.109051,0.305288,-2.088638,-2.120614,0.232200,-0.026754,-0.000488,0.020807,-0.001927,0.077565,0.000358
4551.872000,-0.170170,0.109038,0.305456,-2.088187,-2.120335,0.232864,-0.026893,-0.000498,0.021747,-0.001982,0.080455,0.000374
4551.880000,-0.170389,0.109037,0.305612,-2.087882,-2.120056,0.233422,-0.026638,-0.000488,0.020929,-0.001943,0.078624,0.000354
4551.888000,-0.170605,0.109035,0.305784,-2.087554,-2.119645,0.234074,-0.026803,-0.000493,0.021609,-0.001993,0.081562,0.000361
4551.896000,-0.170826,0.109028,0.305956,-2.087179,-2.119346,0.234723,-0.026429,-0.000488,0.020966,-0.001904,0.075906,0.000372
4551.904000,-0.171036,0.109031,0.306128,-2.086924,-2.118916,0.235382,-0.026920,-0.000496,0.021666,-0.001976,0.080067,0.000372
4551.912000,-0.171253,0.109027,0.306290,-2.086550,-2.118610,0.235967,-0.026894,-0.000495,0.021754,-0.001992,0.081121,0.000368
4551.920000,-0.171455,0.109024,0.306483,-2.086127,-2.118155,0.236760,-0.026399,-0.000475,0.018971,-0.001804,0.069685,0.000335
4551.928000,-0.171674,0.109011,0.306652,-2.085775,-2.117885,0.237416,-0.026551,-0.000493,0.021529,-0.001938,0.077545,0.000381
4551.936000,-0.171875,0.109016,0.306784,-2.085542,-2.117545,0.237901,-0.026546,-0.000482,0.020159,-0.001884,0.074545,0.000348
4551.944000,-0.172103,0.109014,0.306946,-2.085254,-2.117204,0.238488,-0.026997,-0.000496,0.021245,-0.001933,0.076663,0.000376
4551.952000,-0.172319,0.109006,0.307113,-2.084908,-2.116919,0.239161,-0.027141,-0.000487,0.019887,-0.001904,0.074933,0.000336
4551.960000,-0.172542,0.108998,0.307297,-2.084411,-2.116588,0.239877,-0.027323,-0.000506,0.022986,-0.002099,0.086997,0.000374
4551.968000,-0.172754,0.109003,0.307471,-2.084115,-2.116186,0.240493,-0.027012,-0.000491,0.020782,-0.001931,0.076611,0.000357
4551.976000,-0.172972,0.108989,0.307634,-2.083832,-2.115858,0.241133,-0.027408,-0.000501,0.021295,-0.001978,0.078657,0.000364
4551.984000,-0.173192,0.108990,0.307799,-2.083498,-2.115494,0.241750,-0.027704,-0.000506,0.021842,-0.002027,0.081461,0.000366
4551.992000,-0.173410,0.108992,0.307964,-2.083160,-2.115122,0.242354,-0.027550,-0.000490,0.019951,-0.001951,0.077382,0.000321
4552.000000,-0.173633,0.108985,0.308136,-2.082811,-2.114774,0.243029,-0.027895,-0.000507,0.021635,-0.002023,0.080881,0.000362
4552.008000,-0.173866,0.108972,0.308300,-2.082445,-2.114516,0.243681,-0.027745,-0.000501,0.020599,-0.001961,0.076888,0.000348
4552.016000,-0.174086,0.108965,0.308475,-2.082026,-2.114188,0.244326,-0.028099,-0.000522,0.023519,-0.002139,0.087423,0.000389
4552.024000,-0.174301,0.108976,0.308651,-2.081763,-2.113696,0.245011,-0.027896,-0.000504,0.021296,-0.002009,0.079961,0.000353
4552.032000,-0.174521,0.108970,0.308841,-2.081350,-2.113330,0.245729,-0.027894,-0.000508,0.022083,-0.002058,0.083038,0.000362
4552.040000,-0.174753,0.108956,0.309006,-2.080905,-2.113055,0.246378,-0.027797,-0.000506,0.021651,-0.002030,0.080977,0.000359
4552.048000,-0.174967,0.108958,0.309177,-2.080671,-2.112645,0.246977,-0.027812,-0.000506,0.021706,-0.002034,0.081389,0.000358
4552.056000,-0.175190,0.108956,0.309342,-2.080309,-2.112299,0.247583,-0.027622,-0.000495,0.020285,-0.001949,0.076208,0.000337
4552.064000,-0.175414,0.108951,0.309519,-2.079944,-2.111935,0.248277,-0.027923,-0.000508,0.021770,-0.002038,0.081279,0.000360
4552.072000,-0.175640,0.108947,0.309694,-2.079589,-2.111583,0.248969,-0.027834,-0.000501,0.020563,-0.001954,0.075939,0.000349
4552.080000,-0.175865,0.108939,0.309860,-2.079145,-2.111279,0.249612,-0.028093,-0.000512,0.021937,-0.002054,0.081729,0.000363
4552.088000,-0.176098,0.108929,0.310040,-2.078760,-2.110917,0.250312,-0.028594,-0.000515,0.021120,-0.002029,0.079088,0.000350
4552.096000,-0.176331,0.108928,0.310205,-2.078485,-2.110569,0.250908,-0.028273,-0.000515,0.022345,-0.002096,0.084030,0.000362
4552.104000,-0.176545,0.108925,0.310373,-2.078133,-2.110216,0.251573,-0.028394,-0.000508,0.020549,-0.001983,0.076514,0.000344
4552.112000,-0.176768,0.108925,0.310548,-2.077801,-2.109781,0.252278,-0.028784,-0.000517,0.021145,-0.002024,0.078450,0.000354
4552.120000,-0.176996,0.108916,0.310734,-2.077359,-2.109483,0.252934,-0.028746,-0.000523,0.021907,-0.002047,0.079447,0.000376
4552.128000,-0.177223,0.108912,0.310886,-2.077121,-2.109176,0.253485,-0.028585,-0.000507,0.019773,-0.001945,0.073561,0.000334
4552.136000,-0.177447,0.108916,0.311060,-2.076742,-2.108731,0.254144,-0.028972,-0.000519,0.020830,-0.001988,0.075383,0.000362
4552.144000,-0.177678,0.108901,0.311205,-2.076432,-2.108531,0.254711,-0.028911,-0.000517,0.020474,-0.001981,0.074918,0.000351
4552.152000,-0.177906,0.108905,0.311372,-2.076095,-2.108164,0.255322,-0.029209,-0.000525,0.021626,-0.002068,0.080176,0.000359
4552.160000,-0.178146,0.108894,0.311538,-2.075782,-2.107825,0.255939,-0.028897,-0.000513,0.020375,-0.002013,0.077247,0.000331
4552.168000,-0.178372,0.108893,0.311716,-2.075414,-2.107426,0.256616,-0.029000,-0.000522,0.021606,-0.002066,0.080195,0.000357
4552.176000,-0.178612,0.108894,0.311876,-2.075132,-2.107043,0.257245,-0.029208,-0.000522,0.021428,-0.002065,0.079950,0.000352
4552.184000,-0.178839,0.108889,0.312049,-2.074739,-2.106701,0.257933,-0.029306,-0.000526,0.022223,-0.002133,0.084317,0.000352
4552.192000,-0.179079,0.108881,0.312226,-2.074362,-2.106337,0.258557,-0.028986,-0.000507,0.019754,-0.002021,0.077894,0.000301
4552.200000,-0.179313,0.108870,0.312404,-2.073960,-2.105991,0.259313,-0.029439,-0.000530,0.022343,-0.002156,0.085122,0.000350
4552.208000,-0.179540,0.108883,0.312554,-2.073720,-2.105592,0.259833,-0.029326,-0.000513,0.020111,-0.002028,0.077679,0.000316
4552.216000,-0.179779,0.108870,0.312724,-2.073328,-2.105304,0.260504,-0.029957,-0.000536,0.022468,-0.002171,0.085299,0.000354
4552.224000,-0.180023,0.108862,0.312907,-2.072922,-2.104913,0.261200,-0.029290,-0.000523,0.021945,-0.002147,0.084940,0.000334
4552.232000,-0.180262,0.108853,0.313084,-2.072501,-2.104595,0.261912,-0.030082,-0.000539,0.022431,-0.002181,0.085347,0.000352
4552.240000,-0.180494,0.108860,0.313269,-2.072195,-2.104075,0.262598,-0.029630,-0.000526,0.021722,-0.002141,0.083962,0.000332
4552.248000,-0.180730,0.108859,0.313415,-2.071856,-2.103790,0.263196,-0.029898,-0.000529,0.021470,-0.002116,0.081776,0.000338
4552.256000,-0.180973,0.108849,0.313599,-2.071472,-2.103431,0.263903,-0.029329,-0.000513,0.019973,-0.002025,0.076926,0.000312
4552.264000,-0.181214,0.108844,0.313769,-2.071068,-2.103064,0.264543,-0.029855,-0.000528,0.021123,-0.002093,0.079969,0.000336
4552.272000,-0.181452,0.108835,0.313927,-2.070739,-2.102764,0.265164,-0.029839,-0.000528,0.020654,-0.002049,0.076921,0.000338
4552.280000,-0.181701,0.108837,0.314088,-2.070478,-2.102350,0.265780,-0.029991,-0.000536,0.022779,-0.002208,0.087202,0.000348
4552.288000,-0.181931,0.108835,0.314259,-2.070119,-2.101988,0.266430,-0.029757,-0.000527,0.021368,-0.002103,0.080789,0.000337
4552.296000,-0.182173,0.108830,0.314434,-2.069713,-2.101676,0.267054,-0.029854,-0.000533,0.022351,-0.002173,0.084997,0.000345
4552.304000,-0.182409,0.108820,0.314608,-2.069362,-2.101300,0.267751,-0.029836,-0.000524,0.020438,-0.002058,0.077549,0.000324
4552.312000,-0.182653,0.108818,0.314793,-2.068944,-2.100922,0.268421,-0.029936,-0.000533,0.021997,-0.002157,0.083569,0.000341
4552.320000,-0.182891,0.108813,0.314974,-2.068583,-2.100536,0.269123,-0.030128,-0.000538,0.022930,-0.002242,0.088788,0.000340
4552.328000,-0.183139,0.108805,0.315154,-2.068158,-2.100179,0.269812,-0.030079,-0.000533,0.021951,-0.002183,0.084925,0.000329
4552.336000,-0.183367,0.108811,0.315313,-2.067904,-2.099776,0.270420,-0.030029,-0.000519,0.019089,-0.001978,0.071993,0.000309
4552.344000,-0.183615,0.108799,0.315463,-2.067554,-2.099501,0.271018,-0.030283,-0.000530,0.020516,-0.002077,0.077635,0.000324
4552.352000,-0.183861,0.108801,0.315630,-2.067200,-2.099112,0.271638,-0.030031,-0.000527,0.021034,-0.002113,0.080558,0.000323
4552.360000,-0.184106,0.108786,0.315815,-2.066801,-2.098792,0.272347,-0.030527,-0.000538,0.021005,-0.002107,0.078679,0.000335
4552.368000,-0.184342,0.108791,0.315990,-2.066425,-2.098412,0.273008,-0.030375,-0.000528,0.019975,-0.002045,0.075276,0.000319
4552.376000,-0.184592,0.108775,0.316134,-2.066195,-2.098142,0.273560,-0.030499,-0.000538,0.020790,-0.002075,0.076383,0.000342
4552.384000,-0.184830,0.108782,0.316311,-2.065821,-2.097704,0.274208,-0.030669,-0.000536,0.020891,-0.002112,0.078948,0.000328
4552.392000,-0.185075,0.108784,0.316489,-2.065479,-2.097252,0.274880,-0.030747,-0.000527,0.019485,-0.002060,0.075938,0.000295
4552.400000,-0.185325,0.108776,0.316635,-2.065097,-2.096997,0.275492,-0.030638,-0.000530,0.019684,-0.002031,0.073690,0.000318
4552.408000,-0.185581,0.108767,0.316806,-2.064754,-2.096632,0.276184,-0.031199,-0.000544,0.021413,-0.002189,0.082964,0.000319
4552.416000,-0.185824,0.108765,0.316986,-2.064329,-2.096246,0.276864,-0.031188,-0.000549,0.022197,-0.002221,0.084771,0.000336
4552.424000,-0.186075,0.108766,0.317143,-2.064036,-2.095904,0.277448,-0.031165,-0.000547,0.022426,-0.002245,0.086626,0.000331
4552.432000,-0.186319,0.108758,0.317322,-2.063657,-2.095538,0.278068,-0.030960,-0.000531,0.019897,-0.002116,0.078871,0.000288
4552.440000,-0.186564,0.108756,0.317494,-2.063271,-2.095147,0.278760,-0.031056,-0.000538,0.021074,-0.002178,0.082475,0.000307
4552.448000,-0.186823,0.108738,0.317638,-2.062904,-2.094936,0.279360,-0.031016,-0.000543,0.021772,-0.002225,0.085178,0.000314
4552.456000,-0.187068,0.108740,0.317808,-2.062582,-2.094479,0.280020,-0.031009,-0.000535,0.020351,-0.002145,0.080270,0.000294
4552.464000,-0.187320,0.108733,0.317978,-2.062198,-2.094116,0.280694,-0.031588,-0.000543,0.020322,-0.002156,0.079767,0.000298
4552.472000,-0.187563,0.108741,0.318150,-2.061855,-2.093691,0.281340,-0.031481,-0.000544,0.021171,-0.002197,0.082724,0.000308
4552.480000,-0.187825,0.108728,0.318313,-2.061462,-2.093420,0.281947,-0.031592,-0.000549,0.020903,-0.002151,0.078909,0.000324
4552.488000,-0.188077,0.108720,0.318473,-2.061186,-2.093026,0.282631,-0.031478,-0.000541,0.020657,-0.002194,0.082456,0.000289
4552.496000,-0.188323,0.108718,0.318658,-2.060787,-2.092616,0.283311,-0.031578,-0.000545,0.020233,-0.002115,0.076565,0.000314
4552.504000,-0.188579,0.108719,0.318815,-2.060408,-2.092279,0.283913,-0.031910,-0.000553,0.022244,-0.002309,0.088945,0.000303
4552.512000,-0.188831,0.108714,0.319004,-2.060018,-2.091839,0.284683,-0.031857,-0.000551,0.021408,-0.002227,0.083500,0.000309
4552.520000,-0.189095,0.108700,0.319162,-2.059631,-2.091548,0.285303,-0.031761,-0.000539,0.019364,-0.002137,0.078017,0.000270
4552.528000,-0.189348,0.108697,0.319319,-2.059308,-2.091174,0.285950,-0.031851,-0.000547,0.020352,-0.002164,0.079191,0.000299
4552.536000,-0.189604,0.108695,0.319464,-2.058968,-2.090905,0.286482,-0.031871,-0.000547,0.020572,-0.002182,0.080313,0.000298
4552.544000,-0.189858,0.108689,0.319626,-2.058561,-2.090533,0.287117,-0.031771,-0.000551,0.020592,-0.002137,0.077030,0.000322
4552.552000,-0.190104,0.108685,0.319793,-2.058280,-2.090156,0.287757,-0.031995,-0.000548,0.020341,-0.002176,0.079603,0.000294
4552.560000,-0.190355,0.108691,0.319959,-2.057976,-2.089753,0.288394,-0.031789,-0.000542,0.019730,-0.002112,0.075951,0.000296
4552.568000,-0.190620,0.108677,0.320128,-2.057524,-2.089438,0.289045,-0.031875,-0.000553,0.021631,-0.002241,0.083625,0.000312
4552.576000,-0.190862,0.108681,0.320307,-2.057161,-2.089025,0.289740,-0.032051,-0.000553,0.021405,-0.002229,0.082714,0.000310
4552.584000,-0.191138,0.108671,0.320466,-2.056796,-2.088703,0.290346,-0.032147,-0.000545,0.019514,-0.002140,0.076934,0.000280
4552.592000,-0.191396,0.108663,0.320616,-2.056448,-2.088379,0.290971,-0.032229,-0.000551,0.020329,-0.002184,0.079311,0.000293
4552.600000,-0.191660,0.108661,0.320789,-2.056093,-2.087970,0.291652,-0.032565,-0.000556,0.021198,-0.002283,0.085360,0.000283
4552.608000,-0.191905,0.108661,0.320953,-2.055801,-2.087582,0.292296,-0.032781,-0.000561,0.020986,-0.002227,0.081007,0.000306
4552.616000,-0.192178,0.108652,0.321115,-2.055432,-2.087253,0.292887,-0.032938,-0.000568,0.022063,-0.002311,0.085853,0.000312
4552.624000,-0.192429,0.108653,0.321286,-2.055077,-2.086847,0.293574,-0.032612,-0.000551,0.020063,-0.002203,0.080083,0.000276
4552.632000,-0.192689,0.108647,0.321452,-2.054705,-2.086445,0.294271,-0.033016,-0.000559,0.020401,-0.002234,0.081113,0.000282
4552.640000,-0.192955,0.108649,0.321644,-2.054307,-2.086011,0.294956,-0.033063,-0.000559,0.020554,-0.002244,0.081745,0.000283
4552.648000,-0.193230,0.108629,0.321807,-2.053859,-2.085737,0.295634,-0.033241,-0.000567,0.021250,-0.002297,0.084262,0.000291
4552.656000,-0.193495,0.108626,0.321960,-2.053521,-2.085372,0.296279,-0.032823,-0.000551,0.019398,-0.002185,0.078179,0.000263
4552.664000,-0.193756,0.108630,0.322122,-2.053178,-2.085003,0.296911,-0.033111,-0.000563,0.020966,-0.002264,0.082536,0.000291
4552.672000,-0.194031,0.108627,0.322298,-2.052832,-2.084590,0.297510,-0.032941,-0.000556,0.019964,-0.002203,0.078932,0.000278
4552.680000,-0.194294,0.108624,0.322459,-2.052544,-2.084210,0.298170,-0.033111,-0.000568,0.021742,-0.002280,0.083135,0.000314
4552.688000,-0.194559,0.108608,0.322623,-2.052066,-2.083975,0.298802,-0.032763,-0.000554,0.020022,-0.002209,0.079397,0.000275
4552.696000,-0.194827,0.108610,0.322780,-2.051760,-2.083566,0.299430,-0.033430,-0.000567,0.020392,-0.002217,0.078404,0.000298
4552.704000,-0.195103,0.108608,0.322956,-2.051404,-2.083099,0.300126,-0.033645,-0.000557,0.018589,-0.002165,0.075303,0.000253
4552.712000,-0.195364,0.108604,0.323139,-2.050936,-2.082730,0.300889,-0.033261,-0.000568,0.022016,-0.002343,0.086879,0.000295
4552.720000,-0.195628,0.108601,0.323269,-2.050710,-2.082406,0.301408,-0.033307,-0.000554,0.019019,-0.002170,0.076075,0.000261
4552.728000,-0.195900,0.108589,0.323431,-2.050282,-2.082115,0.302005,-0.033573,-0.000567,0.020367,-0.002244,0.079674,0.000285
4552.736000,-0.196169,0.108589,0.323566,-2.050057,-2.081765,0.302521,-0.033497,-0.000556,0.018662,-0.002160,0.074905,0.000255
4552.744000,-0.196439,0.108586,0.323721,-2.049704,-2.081424,0.303088,-0.033463,-0.000559,0.019257,-0.002177,0.075778,0.000271
4552.752000,-0.196714,0.108573,0.323887,-2.049340,-2.081114,0.303741,-0.033689,-0.000568,0.020265,-0.002246,0.079353,0.000282
4552.760000,-0.196977,0.108579,0.324042,-2.049063,-2.080705,0.304317,-0.033453,-0.000564,0.020094,-0.002211,0.077623,0.000287
4552.768000,-0.197251,0.108564,0.324211,-2.048591,-2.080430,0.304996,-0.033295,-0.000552,0.018821,-0.002193,0.077144,0.000242
4552.776000,-0.197516,0.108570,0.324372,-2.048292,-2.079949,0.305658,-0.033682,-0.000560,0.019819,-0.002263,0.081026,0.000252
4552.784000,-0.197785,0.108557,0.324526,-2.047932,-2.079663,0.306260,-0.033515,-0.000563,0.020210,-0.002266,0.081002,0.000265
4552.792000,-0.198046,0.108558,0.324694,-2.047577,-2.079250,0.306908,-0.033999,-0.000575,0.021646,-0.002359,0.085939,0.000284
4552.800000,-0.198335,0.108543,0.324856,-2.047173,-2.078955,0.307618,-0.034008,-0.000575,0.021411,-0.002358,0.085651,0.000276
4552.808000,-0.198604,0.108554,0.325016,-2.046882,-2.078478,0.308235,-0.034301,-0.000566,0.019684,-0.002294,0.081855,0.000240
4552.816000,-0.198876,0.108546,0.325189,-2.046435,-2.078113,0.308887,-0.034375,-0.000575,0.020796,-0.002342,0.084203,0.000264
4552.824000,-0.199150,0.108528,0.325335,-2.046026,-2.077837,0.309585,-0.034217,-0.000568,0.019659,-0.002281,0.080489,0.000247
4552.832000,-0.199424,0.108535,0.325500,-2.045744,-2.077370,0.310198,-0.034201,-0.000570,0.020907,-0.002374,0.086696,0.000247
4552.840000,-0.199701,0.108523,0.325664,-2.045261,-2.077078,0.310870,-0.034596,-0.000571,0.019305,-0.002277,0.079520,0.000241
4552.848000,-0.199964,0.108533,0.325829,-2.044987,-2.076578,0.311540,-0.034660,-0.000581,0.021406,-0.002367,0.084937,0.000279
4552.856000,-0.200246,0.108516,0.325996,-2.044546,-2.076255,0.312225,-0.034831,-0.000570,0.018535,-0.002244,0.077090,0.000230
4552.864000,-0.200524,0.108521,0.326162,-2.044192,-2.075763,0.312919,-0.035479,-0.000597,0.022140,-0.002438,0.087587,0.000288
4552.872000,-0.200802,0.108514,0.326311,-2.043881,-2.075489,0.313512,-0.034769,-0.000575,0.019754,-0.002284,0.079448,0.000256
4552.880000,-0.201086,0.108508,0.326484,-2.043451,-2.075066,0.314201,-0.034724,-0.000580,0.020417,-0.002305,0.080426,0.000273
4552.888000,-0.201368,0.108497,0.326659,-2.043018,-2.074723,0.314865,-0.034747,-0.000566,0.018226,-0.002240,0.076779,0.000217
4552.896000,-0.201647,0.108493,0.326823,-2.042659,-2.074317,0.315577,-0.034967,-0.000579,0.020132,-0.002337,0.082099,0.000249
4552.904000,-0.201924,0.108485,0.326962,-2.042346,-2.074010,0.316185,-0.034700,-0.000574,0.019441,-0.002265,0.077828,0.000254
4552.912000,-0.202194,0.108495,0.327111,-2.042095,-2.073575,0.316734,-0.035051,-0.000577,0.019545,-0.002283,0.078600,0.000252
4552.920000,-0.202487,0.108478,0.327260,-2.041662,-2.073283,0.317380,-0.035257,-0.000581,0.019255,-0.002276,0.077416,0.000250
4552.928000,-0.202761,0.108477,0.327409,-2.041326,-2.072972,0.317952,-0.035108,-0.000572,0.018518,-0.002257,0.076879,0.000226
4552.936000,-0.203043,0.108475,0.327567,-2.040995,-2.072611,0.318554,-0.035277,-0.000581,0.019445,-0.002277,0.077382,0.000256
4552.944000,-0.203335,0.108457,0.327735,-2.040545,-2.072250,0.319265,-0.035094,-0.000573,0.018196,-0.002238,0.075292,0.000224
4552.952000,-0.203607,0.108466,0.327876,-2.040247,-2.071841,0.319819,-0.035522,-0.000589,0.020785,-0.002389,0.083867,0.000257
4552.960000,-0.203892,0.108451,0.328029,-2.039815,-2.071579,0.320449,-0.035018,-0.000571,0.017521,-0.002159,0.070135,0.000236
4552.968000,-0.204184,0.108451,0.328180,-2.039601,-2.071165,0.321014,-0.035676,-0.000595,0.021413,-0.002427,0.085578,0.000267
4552.976000,-0.204459,0.108458,0.328336,-2.039260,-2.070823,0.321597,-0.035411,-0.000581,0.019320,-0.002281,0.077234,0.000250
4552.984000,-0.204745,0.108448,0.328506,-2.038842,-2.070441,0.322263,-0.035411,-0.000579,0.018967,-0.002279,0.077018,0.000238
4552.992000,-0.205040,0.108442,0.328648,-2.038542,-2.070040,0.322909,-0.035362,-0.000580,0.019884,-0.002359,0.082276,0.000232
4553.000000,-0.205313,0.108440,0.328796,-2.038138,-2.069741,0.323558,-0.035591,-0.000582,0.019742,-0.002343,0.080790,0.000238
4553.008000,-0.205603,0.108429,0.328965,-2.037702,-2.069331,0.324225,-0.035659,-0.000579,0.019054,-0.002347,0.081006,0.000210
4553.016000,-0.205892,0.108423,0.329108,-2.037362,-2.069015,0.324815,-0.035428,-0.000578,0.019559,-0.002367,0.082539,0.000216
4553.024000,-0.206186,0.108415,0.329262,-2.036996,-2.068697,0.325430,-0.036114,-0.000588,0.019663,-0.002400,0.083234,0.000216
4553.032000,-0.206464,0.108421,0.329416,-2.036690,-2.068283,0.326022,-0.036067,-0.000583,0.018952,-0.002346,0.080090,0.000212
4553.040000,-0.206752,0.108415,0.329584,-2.036316,-2.067851,0.326712,-0.035735,-0.000584,0.020332,-0.002427,0.085626,0.000220
4553.048000,-0.207045,0.108404,0.329711,-2.036016,-2.067579,0.327264,-0.036186,-0.000581,0.018394,-0.002351,0.080267,0.000189
4553.056000,-0.207333,0.108397,0.329865,-2.035552,-2.067252,0.327912,-0.036188,-0.000590,0.019829,-0.002404,0.082965,0.000221
4553.064000,-0.207616,0.108403,0.330045,-2.035272,-2.066695,0.328648,-0.036059,-0.000577,0.018050,-0.002316,0.078269,0.000189
4553.072000,-0.207911,0.108387,0.330185,-2.034839,-2.066431,0.329275,-0.036330,-0.000593,0.019843,-0.002399,0.082151,0.000227
4553.080000,-0.208201,0.108391,0.330342,-2.034526,-2.066012,0.329882,-0.036637,-0.000585,0.017817,-0.002308,0.076341,0.000196
4553.088000,-0.208477,0.108393,0.330493,-2.034165,-2.065587,0.330510,-0.036496,-0.000593,0.019988,-0.002415,0.083056,0.000225
4553.096000,-0.208777,0.108380,0.330645,-2.033827,-2.065255,0.331169,-0.036917,-0.000593,0.019529,-0.002463,0.085683,0.000188
4553.104000,-0.209083,0.108375,0.330793,-2.033342,-2.064918,0.331781,-0.036744,-0.000588,0.018155,-0.002342,0.078019,0.000194
4553.112000,-0.209371,0.108376,0.330922,-2.033112,-2.064543,0.332349,-0.037030,-0.000595,0.018900,-0.002385,0.080156,0.000206
4553.120000,-0.209672,0.108361,0.331088,-2.032672,-2.064228,0.333047,-0.036403,-0.000581,0.017546,-0.002287,0.075009,0.000192
4553.128000,-0.209973,0.108360,0.331224,-2.032374,-2.063880,0.333621,-0.037024,-0.000600,0.020744,-0.002528,0.089028,0.000205
4553.136000,-0.210261,0.108354,0.331384,-2.031937,-2.063497,0.334265,-0.036780,-0.000584,0.016497,-0.002211,0.069324,0.000197
4553.144000,-0.210556,0.108345,0.331525,-2.031606,-2.063133,0.334861,-0.037046,-0.000603,0.019935,-0.002430,0.082021,0.000227
4553.152000,-0.210849,0.108346,0.331697,-2.031318,-2.062658,0.335605,-0.036969,-0.000593,0.018368,-0.002334,0.076490,0.000211
4553.160000,-0.211144,0.108344,0.331846,-2.030906,-2.062338,0.336214,-0.037434,-0.000595,0.018137,-0.002376,0.078685,0.000186
4553.168000,-0.211459,0.108333,0.331981,-2.030535,-2.062052,0.336746,-0.037078,-0.000599,0.019177,-0.002391,0.079538,0.000216
4553.176000,-0.211749,0.108322,0.332145,-2.030145,-2.061688,0.337446,-0.037327,-0.000595,0.017721,-0.002334,0.075684,0.000192
4553.184000,-0.212049,0.108334,0.332283,-2.029860,-2.061234,0.337984,-0.037827,-0.000598,0.018112,-0.002406,0.079758,0.000176
4553.192000,-0.212354,0.108324,0.332441,-2.029502,-2.060878,0.338649,-0.037406,-0.000588,0.017289,-0.002355,0.077405,0.000161
4553.200000,-0.212648,0.108306,0.332587,-2.029093,-2.060597,0.339315,-0.037431,-0.000598,0.018644,-0.002419,0.080707,0.000185
4553.208000,-0.212959,0.108306,0.332734,-2.028753,-2.060157,0.339890,-0.037459,-0.000594,0.018112,-0.002413,0.080444,0.000167
4553.216000,-0.213257,0.108308,0.332879,-2.028413,-2.059777,0.340573,-0.037735,-0.000607,0.020353,-0.002530,0.087039,0.000199
4553.224000,-0.213552,0.108297,0.333028,-2.027978,-2.059478,0.341180,-0.037441,-0.000595,0.018970,-0.002479,0.084628,0.000165
4553.232000,-0.213853,0.108298,0.333187,-2.027637,-2.058991,0.341814,-0.037598,-0.000601,0.019268,-0.002469,0.083358,0.000186
4553.240000,-0.214151,0.108298,0.333327,-2.027298,-2.058651,0.342403,-0.037820,-0.000589,0.016796,-0.002369,0.077381,0.000140
4553.248000,-0.214465,0.108277,0.333478,-2.026894,-2.058359,0.343121,-0.037125,-0.000589,0.017801,-0.002361,0.077271,0.000176
4553.256000,-0.214768,0.108281,0.333609,-2.026525,-2.057994,0.343669,-0.038084,-0.000603,0.018490,-0.002451,0.081258,0.000172
4553.264000,-0.215057,0.108277,0.333745,-2.026223,-2.057634,0.344222,-0.037401,-0.000588,0.016512,-0.002276,0.071481,0.000173
4553.272000,-0.215364,0.108277,0.333877,-2.025974,-2.057244,0.344835,-0.038124,-0.000605,0.019225,-0.002493,0.083803,0.000178
4553.280000,-0.215645,0.108267,0.334058,-2.025445,-2.056796,0.345628,-0.038260,-0.000598,0.016880,-0.002365,0.075559,0.000156
4553.288000,-0.215978,0.108256,0.334198,-2.025078,-2.056496,0.346205,-0.038026,-0.000601,0.018254,-0.002450,0.081004,0.000162
4553.296000,-0.216277,0.108263,0.334325,-2.024816,-2.056076,0.346761,-0.038548,-0.000594,0.015808,-0.002348,0.074394,0.000124
4553.304000,-0.216586,0.108260,0.334458,-2.024505,-2.055714,0.347358,-0.038075,-0.000603,0.019044,-0.002484,0.083022,0.000175
4553.312000,-0.216893,0.108252,0.334606,-2.024108,-2.055384,0.347976,-0.037966,-0.000594,0.016740,-0.002326,0.073369,0.000164
4553.320000,-0.217188,0.108257,0.334730,-2.023809,-2.055051,0.348478,-0.038365,-0.000600,0.017167,-0.002359,0.074701,0.000170
4553.328000,-0.217505,0.108237,0.334874,-2.023450,-2.054743,0.349119,-0.038590,-0.000612,0.019724,-0.002571,0.087244,0.000166
4553.336000,-0.217810,0.108231,0.335027,-2.023040,-2.054378,0.349792,-0.038451,-0.000602,0.016683,-0.002331,0.072323,0.000170
4553.344000,-0.218122,0.108233,0.335170,-2.022679,-2.054002,0.350364,-0.038665,-0.000609,0.018911,-0.002515,0.083573,0.000163
4553.352000,-0.218433,0.108222,0.335291,-2.022363,-2.053650,0.350938,-0.038775,-0.000596,0.015441,-0.002336,0.072587,0.000121
4553.360000,-0.218732,0.108226,0.335421,-2.022066,-2.053277,0.351513,-0.038529,-0.000604,0.018304,-0.002475,0.081363,0.000156
4553.368000,-0.219042,0.108222,0.335566,-2.021660,-2.052937,0.352136,-0.038977,-0.000611,0.018653,-0.002523,0.083510,0.000153
4553.376000,-0.219357,0.108213,0.335730,-2.021249,-2.052524,0.352863,-0.038917,-0.000606,0.017994,-0.002498,0.082135,0.000138
4553.384000,-0.219680,0.108211,0.335865,-2.020895,-2.052137,0.353490,-0.039540,-0.000621,0.020051,-0.002655,0.090594,0.000148
4553.392000,-0.219996,0.108194,0.336010,-2.020488,-2.051817,0.354107,-0.038985,-0.000612,0.018850,-0.002559,0.085351,0.000143
4553.400000,-0.220304,0.108193,0.336148,-2.020173,-2.051400,0.354750,-0.039131,-0.000614,0.018795,-0.002549,0.084358,0.000149
4553.408000,-0.220622,0.108186,0.336281,-2.019777,-2.051094,0.355340,-0.038987,-0.000598,0.016692,-0.002480,0.081051,0.000096
4553.416000,-0.220932,0.108190,0.336420,-2.019493,-2.050628,0.355958,-0.039216,-0.000611,0.018179,-0.002510,0.081813,0.000145
4553.424000,-0.221238,0.108187,0.336579,-2.019026,-2.050274,0.356627,-0.039217,-0.000608,0.017855,-0.002512,0.082149,0.000130
4553.432000,-0.221564,0.108173,0.336738,-2.018625,-2.049870,0.357351,-0.039015,-0.000605,0.017476,-0.002483,0.080505,0.000127
4553.440000,-0.221866,0.108166,0.336870,-2.018228,-2.049563,0.357939,-0.039487,-0.000619,0.019170,-0.002591,0.085873,0.000148
4553.448000,-0.222192,0.108163,0.336993,-2.017935,-2.049157,0.358505,-0.039441,-0.000608,0.016273,-0.002409,0.074911,0.000128
4553.456000,-0.222490,0.108156,0.337132,-2.017537,-2.048824,0.359118,-0.039615,-0.000611,0.016234,-0.002415,0.074829,0.000127
4553.464000,-0.222819,0.108153,0.337266,-2.017143,-2.048470,0.359737,-0.039596,-0.000605,0.016154,-0.002465,0.078415,0.000094
4553.472000,-0.223134,0.108153,0.337408,-2.016883,-2.048046,0.360383,-0.039846,-0.000613,0.016570,-0.002443,0.076195,0.000128
4553.480000,-0.223451,0.108143,0.337532,-2.016547,-2.047703,0.360973,-0.040148,-0.000614,0.016208,-0.002456,0.076478,0.000112
4553.488000,-0.223767,0.108138,0.337661,-2.016178,-2.047366,0.361528,-0.039927,-0.000610,0.015215,-0.002368,0.071206,0.000117
4553.496000,-0.224091,0.108143,0.337796,-2.015860,-2.046971,0.362134,-0.040063,-0.000618,0.017420,-0.002500,0.079057,0.000134
4553.504000,-0.224409,0.108124,0.337941,-2.015421,-2.046672,0.362770,-0.040020,-0.000614,0.016760,-0.002500,0.079148,0.000108
4553.512000,-0.224723,0.108129,0.338064,-2.015067,-2.046267,0.363315,-0.039969,-0.000612,0.015800,-0.002407,0.073329,0.000119
4553.520000,-0.225051,0.108126,0.338145,-2.014955,-2.046030,0.363746,-0.039756,-0.000598,0.013577,-0.002277,0.066164,0.000094
4553.528000,-0.225370,0.108113,0.338289,-2.014486,-2.045686,0.364372,-0.040094,-0.000614,0.016382,-0.002466,0.076679,0.000112
4553.536000,-0.225684,0.108112,0.338435,-2.014146,-2.045261,0.364999,-0.040507,-0.000616,0.014520,-0.002331,0.067443,0.000120
4553.544000,-0.226013,0.108106,0.338538,-2.013832,-2.044980,0.365462,-0.040180,-0.000607,0.014097,-0.002333,0.068407,0.000094
4553.552000,-0.226342,0.108106,0.338660,-2.013517,-2.044626,0.366096,-0.040444,-0.000619,0.016278,-0.002452,0.074963,0.000122
4553.560000,-0.226666,0.108094,0.338800,-2.013118,-2.044237,0.366755,-0.040558,-0.000611,0.014962,-0.002442,0.074551,0.000076
4553.568000,-0.226994,0.108083,0.338933,-2.012721,-2.043905,0.367371,-0.040465,-0.000616,0.015931,-0.002477,0.076396,0.000096
4553.576000,-0.227320,0.108084,0.339039,-2.012489,-2.043603,0.367856,-0.040427,-0.000604,0.014024,-0.002393,0.071944,0.000061
4553.584000,-0.227636,0.108087,0.339158,-2.012173,-2.043222,0.368393,-0.040462,-0.000610,0.014867,-0.002406,0.072260,0.000089
4553.592000,-0.227961,0.108075,0.339266,-2.011817,-2.042964,0.368953,-0.040540,-0.000611,0.015500,-0.002481,0.076804,0.000074
4553.600000,-0.228296,0.108072,0.339383,-2.011471,-2.042600,0.369508,-0.040260,-0.000605,0.014111,-0.002361,0.069748,0.000080
4553.608000,-0.228617,0.108057,0.339500,-2.011126,-2.042339,0.370106,-0.040786,-0.000619,0.016332,-0.002534,0.079162,0.000085
4553.616000,-0.228936,0.108056,0.339602,-2.010892,-2.041950,0.370533,-0.040384,-0.000608,0.013832,-0.002340,0.067845,0.000084
4553.624000,-0.229262,0.108063,0.339717,-2.010565,-2.041607,0.371138,-0.040481,-0.000610,0.015797,-0.002495,0.077575,0.000076
4553.632000,-0.229592,0.108049,0.339840,-2.010209,-2.041263,0.371732,-0.040378,-0.000597,0.012118,-0.002277,0.064538,0.000047
4553.640000,-0.229917,0.108043,0.339962,-2.009859,-2.040983,0.372271,-0.040942,-0.000623,0.016424,-0.002524,0.077786,0.000097
4553.648000,-0.230244,0.108047,0.340087,-2.009529,-2.040542,0.372888,-0.041089,-0.000615,0.014797,-0.002458,0.073995,0.000068
4553.656000,-0.230582,0.108036,0.340169,-2.009255,-2.040310,0.373324,-0.041093,-0.000617,0.015041,-0.002469,0.074407,0.000073
4553.664000,-0.230915,0.108032,0.340295,-2.008853,-2.039966,0.373916,-0.041364,-0.000620,0.015337,-0.002521,0.077230,0.000061
4553.672000,-0.231246,0.108028,0.340403,-2.008559,-2.039641,0.374440,-0.041184,-0.000614,0.013513,-0.002370,0.068099,0.000068
4553.680000,-0.231559,0.108031,0.340514,-2.008292,-2.039244,0.374992,-0.041032,-0.000615,0.014472,-0.002406,0.070472,0.000083
4553.688000,-0.231896,0.108020,0.340632,-2.007932,-2.038915,0.375544,-0.041029,-0.000606,0.012818,-0.002359,0.067955,0.000042
4553.696000,-0.232230,0.108010,0.340744,-2.007540,-2.038670,0.376104,-0.041086,-0.000615,0.014524,-0.002439,0.072187,0.000069
4553.704000,-0.232552,0.108020,0.340844,-2.007373,-2.038262,0.376623,-0.040990,-0.000608,0.012795,-0.002292,0.063464,0.000078
4553.712000,-0.232886,0.108007,0.340956,-2.007038,-2.037968,0.377164,-0.041044,-0.000601,0.011734,-0.002296,0.064121,0.000032
4553.720000,-0.233214,0.108004,0.341054,-2.006734,-2.037647,0.377647,-0.041480,-0.000620,0.014461,-0.002435,0.071080,0.000076
4553.728000,-0.233558,0.107986,0.341158,-2.006407,-2.037368,0.378220,-0.041811,-0.000616,0.012122,-0.002336,0.064609,0.000044
4553.736000,-0.233890,0.107993,0.341264,-2.006097,-2.037022,0.378721,-0.041247,-0.000612,0.013702,-0.002403,0.069695,0.000057
4553.744000,-0.234213,0.107981,0.341370,-2.005786,-2.036698,0.379255,-0.041559,-0.000601,0.010562,-0.002287,0.062649,0.000001
4553.752000,-0.234543,0.107983,0.341459,-2.005511,-2.036395,0.379741,-0.041732,-0.000612,0.012251,-0.002352,0.065817,0.000036
4553.760000,-0.234874,0.107967,0.341564,-2.005125,-2.036121,0.380302,-0.041897,-0.000617,0.012897,-0.002418,0.069412,0.000030
4553.768000,-0.235215,0.107963,0.341690,-2.004780,-2.035739,0.380892,-0.042184,-0.000617,0.011551,-0.002338,0.063914,0.000027
4553.776000,-0.235541,0.107978,0.341781,-2.004528,-2.035318,0.381369,-0.042265,-0.000624,0.014286,-0.002500,0.073644,0.000045
4553.784000,-0.235872,0.107970,0.341884,-2.004199,-2.035033,0.381902,-0.041778,-0.000611,0.012539,-0.002393,0.068175,0.000025
4553.792000,-0.236211,0.107966,0.341960,-2.003964,-2.034775,0.382355,-0.042174,-0.000613,0.011610,-0.002345,0.064533,0.000022
4553.800000,-0.236556,0.107954,0.342058,-2.003651,-2.034508,0.382870,-0.041868,-0.000602,0.009757,-0.002235,0.058518,0.000003
4553.808000,-0.236882,0.107953,0.342162,-2.003307,-2.034161,0.383357,-0.042194,-0.000620,0.012888,-0.002400,0.067264,0.000045
4553.816000,-0.237225,0.107936,0.342247,-2.003051,-2.033915,0.383885,-0.042146,-0.000613,0.010505,-0.002252,0.058287,0.000033
4553.824000,-0.237551,0.107940,0.342352,-2.002780,-2.033548,0.384443,-0.041870,-0.000608,0.011355,-0.002320,0.063258,0.000020
4553.832000,-0.237895,0.107935,0.342438,-2.002449,-2.033267,0.384887,-0.042683,-0.000626,0.012509,-0.002390,0.065534,0.000045
4553.840000,-0.238233,0.107926,0.342548,-2.002090,-2.032942,0.385444,-0.042345,-0.000613,0.010630,-0.002296,0.060693,0.000016
4553.848000,-0.238580,0.107914,0.342612,-2.001857,-2.032719,0.385918,-0.042536,-0.000619,0.011771,-0.002383,0.065539,0.000016
4553.856000,-0.238920,0.107913,0.342679,-2.001636,-2.032487,0.386272,-0.042493,-0.000607,0.008376,-0.002175,0.053230,-0.000004
4553.864000,-0.239252,0.107909,0.342766,-2.001361,-2.032174,0.386746,-0.042498,-0.000621,0.011024,-0.002279,0.058713,0.000046
4553.872000,-0.239584,0.107915,0.342840,-2.001146,-2.031894,0.387105,-0.042614,-0.000616,0.010537,-0.002292,0.059782,0.000019
4553.880000,-0.239932,0.107899,0.342928,-2.000818,-2.031663,0.387621,-0.042771,-0.000617,0.010267,-0.002295,0.059581,0.000011
4553.888000,-0.240271,0.107902,0.343004,-2.000636,-2.031358,0.388048,-0.042750,-0.000623,0.011657,-0.002343,0.062169,0.000039
4553.896000,-0.240624,0.107900,0.343094,-2.000303,-2.031050,0.388512,-0.043039,-0.000618,0.010016,-0.002291,0.058891,0.000007
4553.904000,-0.240960,0.107898,0.343190,-2.000000,-2.030714,0.389038,-0.043215,-0.000622,0.010832,-0.002361,0.062845,0.000003
4553.912000,-0.241318,0.107879,0.343253,-1.999755,-2.030544,0.389449,-0.042146,-0.000600,0.008552,-0.002203,0.055354,-0.000020
4553.920000,-0.241649,0.107882,0.343331,-1.999519,-2.030231,0.389916,-0.043252,-0.000621,0.010734,-0.002373,0.063473,-0.000007
4553.928000,-0.242013,0.107870,0.343409,-1.999222,-2.029964,0.390362,-0.043023,-0.000614,0.008831,-0.002242,0.055785,-0.000012
4553.936000,-0.242354,0.107865,0.343473,-1.998939,-2.029744,0.390771,-0.043171,-0.000617,0.009673,-0.002319,0.060280,-0.000020
4553.944000,-0.242705,0.107857,0.343564,-1.998637,-2.029425,0.391261,-0.043597,-0.000627,0.011370,-0.002459,0.067800,-0.000022
4553.952000,-0.243060,0.107864,0.343617,-1.998469,-2.029161,0.391644,-0.043013,-0.000611,0.009566,-0.002329,0.061393,-0.000035
4553.960000,-0.243406,0.107854,0.343706,-1.998128,-2.028868,0.392210,-0.043096,-0.000610,0.008645,-0.002268,0.057429,-0.000035
4553.968000,-0.243756,0.107841,0.343741,-1.997927,-2.028694,0.392490,-0.042738,-0.000598,0.006396,-0.002143,0.050671,-0.000061
4553.976000,-0.244108,0.107840,0.343832,-1.997640,-2.028358,0.393040,-0.043352,-0.000620,0.009770,-0.002321,0.059595,-0.000013
4553.984000,-0.244455,0.107835,0.343882,-1.997484,-2.028122,0.393384,-0.042950,-0.000608,0.008519,-0.002267,0.057472,-0.000042
4553.992000,-0.244804,0.107826,0.343950,-1.997178,-2.027870,0.393811,-0.043256,-0.000618,0.009425,-0.002308,0.058895,-0.000021
4554.000000,-0.245135,0.107835,0.344030,-1.996931,-2.027521,0.394302,-0.043992,-0.000622,0.008664,-0.002297,0.057107,-0.000031
4554.008000,-0.245484,0.107826,0.344096,-1.996657,-2.027291,0.394743,-0.042794,-0.000599,0.006217,-0.002096,0.047229,-0.000039
4554.016000,-0.245835,0.107820,0.344165,-1.996382,-2.027060,0.395178,-0.043935,-0.000615,0.007061,-0.002216,0.052468,-0.000050
4554.024000,-0.246189,0.107807,0.344203,-1.996195,-2.026837,0.395530,-0.043166,-0.000605,0.006358,-0.002137,0.048916,-0.000048
4554.032000,-0.246524,0.107808,0.344274,-1.995914,-2.026531,0.395947,-0.043698,-0.000616,0.007699,-0.002240,0.054025,-0.000042
4554.040000,-0.246871,0.107802,0.344332,-1.995687,-2.026306,0.396366,-0.043596,-0.000608,0.006069,-0.002151,0.049031,-0.000059
4554.048000,-0.247207,0.107807,0.344369,-1.995581,-2.026057,0.396700,-0.043597,-0.000610,0.005563,-0.002057,0.042848,-0.000023
4554.056000,-0.247564,0.107787,0.344429,-1.995229,-2.025912,0.397118,-0.043658,-0.000605,0.004875,-0.002083,0.044732,-0.000066
4554.064000,-0.247911,0.107795,0.344478,-1.995074,-2.025624,0.397457,-0.044376,-0.000621,0.006934,-0.002219,0.051394,-0.000047
4554.072000,-0.248268,0.107777,0.344526,-1.994815,-2.025458,0.397850,-0.044102,-0.000619,0.006236,-0.002139,0.046658,-0.000032
4554.080000,-0.248613,0.107787,0.344598,-1.994619,-2.025134,0.398264,-0.043718,-0.000610,0.006508,-0.002169,0.049549,-0.000049
4554.088000,-0.248951,0.107779,0.344657,-1.994331,-2.024869,0.398668,-0.043513,-0.000604,0.005362,-0.002103,0.046016,-0.000061
4554.096000,-0.249300,0.107776,0.344670,-1.994207,-2.024767,0.398875,-0.044067,-0.000610,0.004348,-0.002040,0.040955,-0.000052
4554.104000,-0.249655,0.107770,0.344714,-1.993995,-2.024518,0.399252,-0.044720,-0.000620,0.005792,-0.002187,0.048767,-0.000066
4554.112000,-0.250017,0.107758,0.344761,-1.993731,-2.024296,0.399684,-0.044144,-0.000609,0.004415,-0.002082,0.043504,-0.000072
4554.120000,-0.250370,0.107762,0.344820,-1.993447,-2.024026,0.400115,-0.044873,-0.000624,0.006848,-0.002274,0.053723,-0.000072
4554.128000,-0.250730,0.107753,0.344840,-1.993323,-2.023852,0.400408,-0.044248,-0.000611,0.005604,-0.002181,0.049304,-0.000081
4554.136000,-0.251079,0.107754,0.344882,-1.993150,-2.023622,0.400738,-0.044418,-0.000613,0.005610,-0.002182,0.048987,-0.000078
4554.144000,-0.251432,0.107753,0.344922,-1.992982,-2.023305,0.401081,-0.044208,-0.000602,0.002886,-0.002009,0.039114,-0.000090
4554.152000,-0.251795,0.107732,0.344945,-1.992740,-2.023242,0.401427,-0.044828,-0.000619,0.005266,-0.002191,0.048671,-0.000087
4554.160000,-0.252148,0.107724,0.344974,-1.992566,-2.023036,0.401759,-0.044314,-0.000606,0.003600,-0.002087,0.043514,-0.000104
4554.168000,-0.252506,0.107724,0.345025,-1.992290,-2.022813,0.402112,-0.044237,-0.000615,0.006197,-0.002208,0.050420,-0.000072
4554.176000,-0.252854,0.107723,0.345061,-1.992089,-2.022593,0.402513,-0.044249,-0.000614,0.006036,-0.002194,0.049529,-0.000070
4554.184000,-0.253222,0.107706,0.345085,-1.991895,-2.022458,0.402793,-0.044997,-0.000618,0.002996,-0.002033,0.038433,-0.000079
4554.192000,-0.253583,0.107713,0.345120,-1.991769,-2.022179,0.403125,-0.045005,-0.000614,0.003522,-0.002107,0.043264,-0.000104
4554.200000,-0.253934,0.107713,0.345148,-1.991569,-2.021965,0.403443,-0.044512,-0.000604,0.002246,-0.001998,0.037566,-0.000101
4554.208000,-0.254309,0.107695,0.345168,-1.991353,-2.021841,0.403768,-0.045305,-0.000622,0.004264,-0.002155,0.045186,-0.000094
4554.216000,-0.254665,0.107693,0.345204,-1.991127,-2.021605,0.404145,-0.044780,-0.000613,0.003402,-0.002073,0.041222,-0.000092
4554.224000,-0.255012,0.107692,0.345237,-1.990983,-2.021342,0.404530,-0.044947,-0.000615,0.004430,-0.002163,0.046475,-0.000101
4554.232000,-0.255373,0.107691,0.345263,-1.990779,-2.021108,0.404815,-0.044516,-0.000601,0.002147,-0.002023,0.039066,-0.000120
4554.240000,-0.255742,0.107676,0.345281,-1.990560,-2.021045,0.405130,-0.044643,-0.000610,0.003089,-0.002055,0.040273,-0.000096
4554.248000,-0.256104,0.107670,0.345296,-1.990482,-2.020804,0.405393,-0.044895,-0.000614,0.002070,-0.001970,0.034330,-0.000078
4554.256000,-0.256467,0.107683,0.345291,-1.990340,-2.020640,0.405553,-0.044556,-0.000605,0.002875,-0.002048,0.040096,-0.000103
4554.264000,-0.256816,0.107659,0.345348,-1.990048,-2.020478,0.406031,-0.044742,-0.000606,0.000696,-0.001897,0.030409,-0.000094
4554.272000,-0.257186,0.107656,0.345306,-1.990086,-2.020394,0.406119,-0.044756,-0.000605,0.000979,-0.001933,0.032662,-0.000104
4554.280000,-0.257544,0.107650,0.345324,-1.989872,-2.020238,0.406406,-0.044740,-0.000607,0.002091,-0.002020,0.037891,-0.000112
4554.288000,-0.257898,0.107658,0.345335,-1.989754,-2.020010,0.406663,-0.045227,-0.000606,0.000035,-0.001908,0.030414,-0.000117
4554.296000,-0.258270,0.107647,0.345337,-1.989561,-2.019890,0.406875,-0.045178,-0.000612,0.002098,-0.002046,0.038663,-0.000118
4554.304000,-0.258628,0.107639,0.345350,-1.989401,-2.019760,0.407180,-0.044921,-0.000602,-0.000046,-0.001905,0.030750,-0.000125
4554.312000,-0.258991,0.107630,0.345366,-1.989210,-2.019563,0.407534,-0.045045,-0.000607,0.001315,-0.002012,0.036947,-0.000132
4554.320000,-0.259353,0.107636,0.345343,-1.989154,-2.019394,0.407682,-0.044888,-0.000593,-0.001736,-0.001842,0.027438,-0.000156
4554.328000,-0.259713,0.107619,0.345354,-1.988987,-2.019281,0.407999,-0.045384,-0.000615,0.002378,-0.002090,0.040719,-0.000127
4554.336000,-0.260071,0.107626,0.345348,-1.988844,-2.019120,0.408192,-0.044498,-0.000592,-0.000481,-0.001889,0.030654,-0.000142
4554.344000,-0.260432,0.107616,0.345370,-1.988592,-2.018972,0.408501,-0.045329,-0.000610,0.001581,-0.002056,0.038969,-0.000141
4554.352000,-0.260800,0.107611,0.345390,-1.988432,-2.018740,0.408786,-0.045269,-0.000604,-0.000504,-0.001928,0.031420,-0.000148
4554.360000,-0.261170,0.107603,0.345381,-1.988314,-2.018589,0.409029,-0.045994,-0.000616,0.000643,-0.002039,0.036644,-0.000152
4554.368000,-0.261531,0.107614,0.345382,-1.988233,-2.018409,0.409341,-0.045595,-0.000610,0.000267,-0.001949,0.031669,-0.000121
4554.376000,-0.261882,0.107606,0.345373,-1.988126,-2.018304,0.409477,-0.045978,-0.000610,-0.001179,-0.001908,0.028746,-0.000146
4554.384000,-0.262248,0.107601,0.345361,-1.987968,-2.018184,0.409706,-0.045305,-0.000595,-0.003352,-0.001755,0.020991,-0.000155
4554.392000,-0.262612,0.107595,0.345338,-1.987859,-2.018070,0.409921,-0.045562,-0.000606,-0.001357,-0.001859,0.026292,-0.000131
4554.400000,-0.262976,0.107588,0.345326,-1.987720,-2.017942,0.410134,-0.045542,-0.000606,-0.001302,-0.001873,0.027159,-0.000137
4554.408000,-0.263347,0.107583,0.345316,-1.987651,-2.017759,0.410426,-0.045661,-0.000606,-0.000494,-0.001954,0.032019,-0.000153
4554.416000,-0.263720,0.107572,0.345328,-1.987443,-2.017598,0.410686,-0.045992,-0.000609,-0.001555,-0.001911,0.028769,-0.000160
4554.424000,-0.264078,0.107573,0.345271,-1.987415,-2.017592,0.410731,-0.046023,-0.000607,-0.002840,-0.001811,0.022558,-0.000149
4554.432000,-0.264444,0.107571,0.345253,-1.987308,-2.017452,0.410942,-0.046344,-0.000612,-0.002971,-0.001806,0.021546,-0.000143
4554.440000,-0.264816,0.107554,0.345240,-1.987158,-2.017409,0.411104,-0.046147,-0.000612,-0.003563,-0.001743,0.017808,-0.000130
4554.448000,-0.265183,0.107543,0.345236,-1.986956,-2.017293,0.411372,-0.045886,-0.000605,-0.003398,-0.001797,0.021963,-0.000165
4554.456000,-0.265546,0.107555,0.345183,-1.987039,-2.017163,0.411458,-0.046093,-0.000602,-0.004817,-0.001709,0.016322,-0.000163
4554.464000,-0.265920,0.107556,0.345150,-1.986977,-2.017059,0.411564,-0.045717,-0.000602,-0.003654,-0.001737,0.018316,-0.000140
4554.472000,-0.266293,0.107528,0.345121,-1.986802,-2.017043,0.411761,-0.045839,-0.000602,-0.004401,-0.001730,0.017932,-0.000164
4554.480000,-0.266652,0.107533,0.345101,-1.986724,-2.016884,0.411954,-0.045856,-0.000605,-0.003745,-0.001748,0.018651,-0.000146
4554.488000,-0.267024,0.107535,0.345063,-1.986724,-2.016781,0.412056,-0.045780,-0.000595,-0.005206,-0.001704,0.016672,-0.000181
4554.496000,-0.267390,0.107528,0.345027,-1.986612,-2.016718,0.412244,-0.045899,-0.000601,-0.004077,-0.001762,0.019672,-0.000168
4554.504000,-0.267763,0.107519,0.344967,-1.986558,-2.016694,0.412291,-0.045808,-0.000597,-0.004973,-0.001724,0.017746,-0.000183
4554.512000,-0.268136,0.107504,0.344927,-1.986443,-2.016641,0.412455,-0.046010,-0.000600,-0.004676,-0.001768,0.020032,-0.000193
4554.520000,-0.268512,0.107505,0.344864,-1.986434,-2.016580,0.412542,-0.046024,-0.000595,-0.007093,-0.001606,0.010235,-0.000188
4554.528000,-0.268876,0.107512,0.344829,-1.986384,-2.016392,0.412704,-0.046461,-0.000603,-0.005022,-0.001773,0.019495,-0.000199
4554.536000,-0.269241,0.107505,0.344802,-1.986299,-2.016333,0.412873,-0.046438,-0.000603,-0.006077,-0.001672,0.013091,-0.000177
4554.544000,-0.269629,0.107504,0.344756,-1.986213,-2.016232,0.413011,-0.046636,-0.000609,-0.003942,-0.001823,0.021762,-0.000181
4554.552000,-0.270004,0.107482,0.344695,-1.986197,-2.016252,0.413137,-0.046315,-0.000596,-0.007900,-0.001591,0.008821,-0.000203
4554.560000,-0.270360,0.107483,0.344653,-1.986063,-2.016130,0.413246,-0.046213,-0.000598,-0.006780,-0.001645,0.012032,-0.000193
4554.568000,-0.270742,0.107476,0.344586,-1.986037,-2.016116,0.413282,-0.046135,-0.000599,-0.006885,-0.001614,0.010043,-0.000178
4554.576000,-0.271104,0.107472,0.344530,-1.986069,-2.016069,0.413414,-0.046312,-0.000599,-0.006895,-0.001640,0.011390,-0.000190
4554.584000,-0.271475,0.107466,0.344486,-1.985938,-2.015991,0.413552,-0.045757,-0.000591,-0.006896,-0.001628,0.011721,-0.000196
4554.592000,-0.271847,0.107465,0.344420,-1.985903,-2.015971,0.413602,-0.046528,-0.000602,-0.007083,-0.001642,0.010982,-0.000192
4554.600000,-0.272213,0.107461,0.344334,-1.985950,-2.015983,0.413559,-0.046452,-0.000597,-0.008873,-0.001518,0.003668,-0.000187
4554.608000,-0.272592,0.107457,0.344284,-1.985854,-2.015919,0.413675,-0.046314,-0.000598,-0.008065,-0.001563,0.006477,-0.000185
4554.616000,-0.272950,0.107458,0.344230,-1.985830,-2.015845,0.413783,-0.046644,-0.000596,-0.009277,-0.001526,0.003908,-0.000203
4554.624000,-0.273332,0.107453,0.344160,-1.985856,-2.015766,0.413861,-0.046632,-0.000600,-0.007104,-0.001672,0.012660,-0.000209
4554.632000,-0.273706,0.107439,0.344092,-1.985765,-2.015810,0.413917,-0.046515,-0.000599,-0.008460,-0.001566,0.006309,-0.000197
4554.640000,-0.274083,0.107431,0.344022,-1.985764,-2.015773,0.413958,-0.046126,-0.000588,-0.010540,-0.001442,-0.000118,-0.000212
4554.648000,-0.274446,0.107429,0.343952,-1.985719,-2.015771,0.414017,-0.045978,-0.000593,-0.009255,-0.001460,0.000510,-0.000171
4554.656000,-0.274819,0.107433,0.343857,-1.985856,-2.015715,0.414003,-0.045874,-0.000587,-0.009581,-0.001469,0.001559,-0.000194
4554.664000,-0.275153,0.107411,0.343848,-1.985651,-2.015610,0.414251,-0.046337,-0.000599,-0.008565,-0.001546,0.005082,-0.000189
4554.672000,-0.275543,0.107415,0.343733,-1.985701,-2.015706,0.414144,-0.046496,-0.000592,-0.009934,-0.001516,0.003524,-0.000223
4554.680000,-0.275912,0.107412,0.343638,-1.985779,-2.015695,0.414082,-0.046826,-0.000601,-0.009982,-0.001478,-0.000008,-0.000189
4554.688000,-0.276290,0.107413,0.343558,-1.985823,-2.015679,0.414149,-0.047056,-0.000601,-0.009682,-0.001537,0.003366,-0.000210
4554.696000,-0.276665,0.107402,0.343485,-1.985803,-2.015699,0.414177,-0.046644,-0.000597,-0.010900,-0.001415,-0.003512,-0.000188
4554.704000,-0.277039,0.107394,0.343402,-1.985781,-2.015741,0.414176,-0.046228,-0.000585,-0.012296,-0.001358,-0.005601,-0.000220
4554.712000,-0.277415,0.107392,0.343287,-1.985852,-2.015741,0.414088,-0.046943,-0.000602,-0.009890,-0.001516,0.002100,-0.000205
4554.720000,-0.277790,0.107386,0.343210,-1.985800,-2.015708,0.414189,-0.046380,-0.000587,-0.012206,-0.001371,-0.005266,-0.000219
4554.728000,-0.278167,0.107386,0.343102,-1.985835,-2.015754,0.414112,-0.046585,-0.000592,-0.010473,-0.001508,0.002628,-0.000232
4554.736000,-0.278534,0.107377,0.343022,-1.985853,-2.015746,0.414156,-0.046702,-0.000593,-0.011278,-0.001457,-0.000756,-0.000228
4554.744000,-0.278910,0.107374,0.342933,-1.985839,-2.015780,0.414183,-0.046538,-0.000591,-0.010154,-0.001542,0.004732,-0.000241
4554.752000,-0.279291,0.107361,0.342838,-1.985864,-2.015813,0.414138,-0.046361,-0.000585,-0.012611,-0.001377,-0.004792,-0.000237
4554.760000,-0.279658,0.107356,0.342743,-1.985887,-2.015827,0.414127,-0.046772,-0.000594,-0.012312,-0.001388,-0.005262,-0.000220
4554.768000,-0.280026,0.107378,0.342648,-1.985986,-2.015749,0.414095,-0.046872,-0.000590,-0.012015,-0.001434,-0.002592,-0.000235
4554.776000,-0.280421,0.107350,0.342537,-1.985965,-2.015903,0.414091,-0.046935,-0.000590,-0.013478,-0.001355,-0.007318,-0.000241
4554.784000,-0.280791,0.107357,0.342414,-1.986138,-2.015867,0.413971,-0.046741,-0.000586,-0.013890,-0.001322,-0.008995,-0.000239
4554.792000,-0.281164,0.107353,0.342311,-1.986149,-2.015944,0.413909,-0.046502,-0.000586,-0.013325,-0.001325,-0.008679,-0.000223
4554.800000,-0.281536,0.107349,0.342212,-1.986170,-2.015951,0.413886,-0.046738,-0.000589,-0.012534,-0.001400,-0.004552,-0.000234
4554.808000,-0.281909,0.107336,0.342144,-1.986131,-2.015912,0.414023,-0.046038,-0.000579,-0.013628,-0.001302,-0.009115,-0.000230
4554.816000,-0.282273,0.107339,0.342017,-1.986257,-2.015954,0.413886,-0.046767,-0.000589,-0.012321,-0.001432,-0.002688,-0.000244
4554.824000,-0.282647,0.107327,0.341912,-1.986201,-2.016056,0.413856,-0.046615,-0.000584,-0.014039,-0.001323,-0.008861,-0.000245
4554.832000,-0.283023,0.107320,0.341796,-1.986278,-2.016098,0.413774,-0.046618,-0.000585,-0.013718,-0.001352,-0.007140,-0.000250
4554.840000,-0.283397,0.107316,0.341692,-1.986326,-2.016128,0.413788,-0.046712,-0.000580,-0.016629,-0.001185,-0.017234,-0.000254
4554.848000,-0.283762,0.107320,0.341584,-1.986394,-2.016106,0.413728,-0.046887,-0.000583,-0.015954,-0.001226,-0.015308,-0.000248
4554.856000,-0.284135,0.107316,0.341478,-1.986402,-2.016124,0.413702,-0.046894,-0.000581,-0.016567,-0.001200,-0.016841,-0.000254
4554.864000,-0.284510,0.107304,0.341329,-1.986498,-2.016289,0.413540,-0.047080,-0.000589,-0.015893,-0.001224,-0.016056,-0.000237
4554.872000,-0.284876,0.107304,0.341223,-1.986567,-2.016289,0.413541,-0.047026,-0.000588,-0.016089,-0.001199,-0.017714,-0.000227
4554.880000,-0.285252,0.107301,0.341088,-1.986686,-2.016396,0.413363,-0.046687,-0.000581,-0.016713,-0.001167,-0.018787,-0.000239
4554.888000,-0.285624,0.107301,0.340947,-1.986788,-2.016480,0.413187,-0.046905,-0.000582,-0.016599,-0.001195,-0.017508,-0.000247
4554.896000,-0.285999,0.107279,0.340830,-1.986792,-2.016557,0.413115,-0.046717,-0.000585,-0.016085,-0.001210,-0.016333,-0.000240
4554.904000,-0.286368,0.107275,0.340709,-1.986882,-2.016656,0.413037,-0.046664,-0.000586,-0.017006,-0.001117,-0.022248,-0.000214
4554.912000,-0.286750,0.107269,0.340570,-1.987032,-2.016731,0.412914,-0.046602,-0.000577,-0.018588,-0.001078,-0.023849,-0.000255
4554.920000,-0.287112,0.107270,0.340439,-1.987105,-2.016831,0.412816,-0.046934,-0.000582,-0.018122,-0.001110,-0.022771,-0.000247
4554.928000,-0.287500,0.107254,0.340273,-1.987228,-2.016994,0.412628,-0.046751,-0.000578,-0.019481,-0.001036,-0.026667,-0.000257
4554.936000,-0.287878,0.107260,0.340133,-1.987319,-2.017061,0.412445,-0.047021,-0.000585,-0.016831,-0.001217,-0.016506,-0.000262
4554.944000,-0.288248,0.107265,0.339979,-1.987494,-2.017134,0.412262,-0.046855,-0.000584,-0.016637,-0.001198,-0.017671,-0.000244
4554.952000,-0.288625,0.107252,0.339849,-1.987564,-2.017278,0.412158,-0.046484,-0.000574,-0.018579,-0.001095,-0.022789,-0.000263
4554.960000,-0.289012,0.107240,0.339703,-1.987663,-2.017355,0.412003,-0.046563,-0.000577,-0.017010,-0.001217,-0.015447,-0.000280
4554.968000,-0.289378,0.107252,0.339568,-1.987772,-2.017384,0.411885,-0.046341,-0.000573,-0.016823,-0.001212,-0.015538,-0.000273
4554.976000,-0.289750,0.107231,0.339436,-1.987834,-2.017525,0.411826,-0.046584,-0.000579,-0.016471,-0.001244,-0.014110,-0.000273
4554.984000,-0.290128,0.107230,0.339282,-1.988000,-2.017611,0.411651,-0.046718,-0.000577,-0.018912,-0.001098,-0.023187,-0.000268
4554.992000,-0.290504,0.107238,0.339131,-1.988127,-2.017644,0.411472,-0.046578,-0.000573,-0.018829,-0.001101,-0.022842,-0.000268
4555.000000,-0.290877,0.107224,0.338968,-1.988209,-2.017852,0.411319,-0.046703,-0.000577,-0.019180,-0.001076,-0.024745,-0.000261
4555.008000,-0.291256,0.107219,0.338798,-1.988372,-2.018009,0.411086,-0.046843,-0.000581,-0.018053,-0.001151,-0.020575,-0.000262
4555.016000,-0.291624,0.107211,0.338663,-1.988431,-2.018117,0.410917,-0.046734,-0.000581,-0.017193,-0.001214,-0.016482,-0.000273
4555.024000,-0.292001,0.107201,0.338498,-1.988632,-2.018226,0.410758,-0.046261,-0.000568,-0.020423,-0.001019,-0.027017,-0.000282
4555.032000,-0.292355,0.107207,0.338336,-1.988763,-2.018373,0.410528,-0.046619,-0.000579,-0.017536,-0.001185,-0.018208,-0.000267
4555.040000,-0.292725,0.107196,0.338202,-1.988785,-2.018478,0.410426,-0.045926,-0.000569,-0.019128,-0.001050,-0.025018,-0.000256
4555.048000,-0.293090,0.107198,0.338043,-1.988945,-2.018587,0.410246,-0.046511,-0.000575,-0.018318,-0.001146,-0.020317,-0.000273
4555.056000,-0.293464,0.107193,0.337914,-1.989023,-2.018608,0.410196,-0.046765,-0.000577,-0.019635,-0.001077,-0.025081,-0.000270
4555.064000,-0.293826,0.107190,0.337771,-1.989128,-2.018701,0.410038,-0.046473,-0.000568,-0.021283,-0.000986,-0.029725,-0.000282
4555.072000,-0.294200,0.107180,0.337601,-1.989231,-2.018853,0.409897,-0.046542,-0.000570,-0.021662,-0.000957,-0.031796,-0.000273
4555.080000,-0.294571,0.107179,0.337418,-1.989439,-2.018982,0.409655,-0.046857,-0.000574,-0.021332,-0.000995,-0.030152,-0.000276
4555.088000,-0.294938,0.107187,0.337252,-1.989644,-2.019075,0.409390,-0.046969,-0.000577,-0.019530,-0.001116,-0.023264,-0.000282
4555.096000,-0.295312,0.107160,0.337103,-1.989681,-2.019278,0.409261,-0.046673,-0.000572,-0.021891,-0.000968,-0.031326,-0.000284
4555.104000,-0.295688,0.107156,0.336914,-1.989839,-2.019496,0.408951,-0.046552,-0.000576,-0.020208,-0.001035,-0.027554,-0.000262
4555.112000,-0.296050,0.107158,0.336742,-1.990066,-2.019601,0.408733,-0.046189,-0.000566,-0.022209,-0.000917,-0.033785,-0.000270
4555.120000,-0.296411,0.107158,0.336590,-1.990170,-2.019717,0.408545,-0.046207,-0.000569,-0.020957,-0.000982,-0.030195,-0.000262
4555.128000,-0.296782,0.107145,0.336452,-1.990249,-2.019818,0.408455,-0.046364,-0.000568,-0.021257,-0.001013,-0.028163,-0.000293
4555.136000,-0.297151,0.107148,0.336264,-1.990424,-2.019984,0.408189,-0.045952,-0.000558,-0.023737,-0.000842,-0.037801,-0.000282
4555.144000,-0.297520,0.107140,0.336072,-1.990656,-2.020113,0.407948,-0.046427,-0.000572,-0.021354,-0.000973,-0.031312,-0.000262
4555.152000,-0.297891,0.107147,0.335869,-1.990849,-2.020344,0.407579,-0.046173,-0.000562,-0.023341,-0.000872,-0.036684,-0.000278
4555.160000,-0.298261,0.107133,0.335717,-1.990947,-2.020452,0.407436,-0.046502,-0.000568,-0.023000,-0.000917,-0.034523,-0.000286
4555.168000,-0.298641,0.107122,0.335515,-1.991160,-2.020694,0.407141,-0.046164,-0.000566,-0.023144,-0.000872,-0.036876,-0.000267
4555.176000,-0.299004,0.107125,0.335342,-1.991351,-2.020781,0.406940,-0.046267,-0.000566,-0.022009,-0.000971,-0.030952,-0.000287
4555.184000,-0.299375,0.107122,0.335170,-1.991460,-2.020949,0.406707,-0.046059,-0.000559,-0.023396,-0.000904,-0.034379,-0.000301
4555.192000,-0.299749,0.107117,0.334986,-1.991650,-2.021084,0.406479,-0.045802,-0.000558,-0.022128,-0.000968,-0.030099,-0.000301
4555.200000,-0.300112,0.107103,0.334789,-1.991836,-2.021297,0.406234,-0.045851,-0.000558,-0.022120,-0.000991,-0.028675,-0.000315
4555.208000,-0.300482,0.107119,0.334610,-1.992004,-2.021350,0.406014,-0.046122,-0.000559,-0.023263,-0.000925,-0.033488,-0.000304
4555.216000,-0.300844,0.107115,0.334439,-1.992147,-2.021485,0.405813,-0.045886,-0.000555,-0.023132,-0.000927,-0.032893,-0.000306
4555.224000,-0.301216,0.107090,0.334235,-1.992308,-2.021745,0.405564,-0.046296,-0.000565,-0.023298,-0.000919,-0.034379,-0.000294
4555.232000,-0.301576,0.107105,0.334051,-1.992492,-2.021825,0.405252,-0.046075,-0.000557,-0.024415,-0.000861,-0.037370,-0.000302
4555.240000,-0.301959,0.107083,0.333855,-1.992626,-2.022086,0.405031,-0.045838,-0.000560,-0.022971,-0.000925,-0.033157,-0.000296
4555.248000,-0.302335,0.107083,0.333655,-1.992846,-2.022222,0.404753,-0.045660,-0.000553,-0.024323,-0.000855,-0.036938,-0.000304
4555.256000,-0.302702,0.107067,0.333445,-1.993015,-2.022485,0.404458,-0.045531,-0.000557,-0.023137,-0.000897,-0.034379,-0.000289
4555.264000,-0.303045,0.107089,0.333284,-1.993212,-2.022501,0.404260,-0.045104,-0.000546,-0.023856,-0.000856,-0.036104,-0.000297
4555.272000,-0.303423,0.107066,0.333077,-1.993389,-2.022768,0.403952,-0.045444,-0.000554,-0.022941,-0.000926,-0.032452,-0.000301
4555.280000,-0.303776,0.107060,0.332906,-1.993510,-2.022939,0.403771,-0.044877,-0.000550,-0.023019,-0.000858,-0.035946,-0.000269
4555.288000,-0.304140,0.107065,0.332704,-1.993766,-2.023083,0.403432,-0.045099,-0.000546,-0.024986,-0.000795,-0.039824,-0.000296
4555.296000,-0.304498,0.107075,0.332512,-1.993943,-2.023227,0.403169,-0.045378,-0.000548,-0.025156,-0.000791,-0.040955,-0.000288
4555.304000,-0.304866,0.107048,0.332306,-1.994103,-2.023507,0.402886,-0.045449,-0.000550,-0.025281,-0.000812,-0.039426,-0.000308
4555.312000,-0.305223,0.107062,0.332117,-1.994353,-2.023571,0.402703,-0.045659,-0.000552,-0.025298,-0.000796,-0.041358,-0.000287
4555.320000,-0.305603,0.107046,0.331893,-1.994517,-2.023857,0.402311,-0.045444,-0.000554,-0.024194,-0.000843,-0.038142,-0.000282
4555.328000,-0.305955,0.107031,0.331720,-1.994666,-2.024024,0.402100,-0.045113,-0.000546,-0.026249,-0.000737,-0.043486,-0.000298
4555.336000,-0.306311,0.107030,0.331526,-1.994854,-2.024180,0.401841,-0.045361,-0.000554,-0.024524,-0.000824,-0.039172,-0.000281
4555.344000,-0.306667,0.107042,0.331348,-1.994991,-2.024268,0.401689,-0.045142,-0.000545,-0.025098,-0.000815,-0.039119,-0.000302
4555.352000,-0.307027,0.107024,0.331163,-1.995101,-2.024487,0.401438,-0.044809,-0.000546,-0.023296,-0.000900,-0.033406,-0.000300
4555.360000,-0.307381,0.107021,0.330948,-1.995365,-2.024693,0.401072,-0.045365,-0.000550,-0.024809,-0.000851,-0.037375,-0.000309
4555.368000,-0.307745,0.107015,0.330727,-1.995589,-2.024926,0.400690,-0.043881,-0.000527,-0.028013,-0.000591,-0.050166,-0.000291
4555.376000,-0.308092,0.107009,0.330548,-1.995761,-2.025071,0.400482,-0.045003,-0.000547,-0.025700,-0.000770,-0.041822,-0.000293
4555.384000,-0.308448,0.107010,0.330321,-1.995992,-2.025333,0.400149,-0.044894,-0.000543,-0.027272,-0.000669,-0.047881,-0.000284
4555.392000,-0.308805,0.107000,0.330140,-1.996139,-2.025439,0.399946,-0.044761,-0.000545,-0.025532,-0.000761,-0.042129,-0.000283
4555.400000,-0.309174,0.106994,0.329915,-1.996409,-2.025684,0.399580,-0.044939,-0.000547,-0.024237,-0.000869,-0.035788,-0.000304
4555.408000,-0.309512,0.107010,0.329722,-1.996628,-2.025819,0.399269,-0.044241,-0.000534,-0.025934,-0.000739,-0.042493,-0.000294
4555.416000,-0.309884,0.106990,0.329523,-1.996794,-2.026026,0.399015,-0.044287,-0.000539,-0.025423,-0.000754,-0.041817,-0.000283
4555.424000,-0.310236,0.106971,0.329315,-1.996948,-2.026293,0.398709,-0.043869,-0.000528,-0.026288,-0.000749,-0.040442,-0.000329
4555.432000,-0.310578,0.106988,0.329123,-1.997163,-2.026371,0.398434,-0.043757,-0.000529,-0.025968,-0.000724,-0.042431,-0.000296
4555.440000,-0.310931,0.106979,0.328906,-1.997432,-2.026629,0.398119,-0.044366,-0.000538,-0.025772,-0.000763,-0.041415,-0.000297
4555.448000,-0.311281,0.106972,0.328709,-1.997606,-2.026820,0.397851,-0.043748,-0.000525,-0.027378,-0.000673,-0.045282,-0.000313
4555.456000,-0.311644,0.106981,0.328490,-1.997804,-2.026972,0.397510,-0.044381,-0.000536,-0.026042,-0.000757,-0.041952,-0.000299
4555.464000,-0.312001,0.106964,0.328241,-1.998019,-2.027334,0.397109,-0.043924,-0.000528,-0.027616,-0.000667,-0.046188,-0.000310
4555.472000,-0.312368,0.106950,0.328044,-1.998204,-2.027497,0.396911,-0.043645,-0.000528,-0.026079,-0.000738,-0.041429,-0.000308
4555.480000,-0.312713,0.106957,0.327853,-1.998387,-2.027605,0.396608,-0.043860,-0.000529,-0.025838,-0.000779,-0.039306,-0.000320
4555.488000,-0.313060,0.106963,0.327628,-1.998683,-2.027798,0.396328,-0.043288,-0.000516,-0.027304,-0.000686,-0.043830,-0.000325
4555.496000,-0.313409,0.106943,0.327425,-1.998752,-2.028061,0.396022,-0.043707,-0.000527,-0.025588,-0.000802,-0.037561,-0.000330
4555.504000,-0.313760,0.106945,0.327233,-1.998940,-2.028198,0.395794,-0.043414,-0.000520,-0.026668,-0.000734,-0.041156,-0.000329
4555.512000,-0.314114,0.106923,0.327016,-1.999159,-2.028405,0.395492,-0.043344,-0.000526,-0.023738,-0.000899,-0.030990,-0.000336
4555.520000,-0.314461,0.106937,0.326801,-1.999430,-2.028579,0.395153,-0.043608,-0.000528,-0.025014,-0.000820,-0.036765,-0.000317
4555.528000,-0.314803,0.106924,0.326587,-1.999641,-2.028788,0.394871,-0.042839,-0.000512,-0.028475,-0.000605,-0.048005,-0.000319
4555.536000,-0.315143,0.106927,0.326381,-1.999817,-2.028966,0.394533,-0.043336,-0.000521,-0.027038,-0.000704,-0.043231,-0.000318
4555.544000,-0.315480,0.106936,0.326154,-2.000093,-2.029148,0.394211,-0.043315,-0.000516,-0.029039,-0.000600,-0.049596,-0.000318
4555.552000,-0.315836,0.106914,0.325943,-2.000212,-2.029400,0.393926,-0.043126,-0.000520,-0.026452,-0.000729,-0.041419,-0.000316
4555.560000,-0.316176,0.106917,0.325746,-2.000431,-2.029515,0.393678,-0.043290,-0.000521,-0.025464,-0.000811,-0.036698,-0.000332
4555.568000,-0.316524,0.106912,0.325522,-2.000634,-2.029788,0.393324,-0.042480,-0.000511,-0.027122,-0.000652,-0.045071,-0.000301
4555.576000,-0.316859,0.106918,0.325313,-2.000863,-2.029928,0.393002,-0.043034,-0.000519,-0.025023,-0.000820,-0.035917,-0.000325
4555.584000,-0.317192,0.106919,0.325111,-2.001074,-2.030093,0.392753,-0.042222,-0.000505,-0.026558,-0.000695,-0.042008,-0.000314
4555.592000,-0.317532,0.106899,0.324903,-2.001196,-2.030357,0.392490,-0.042462,-0.000514,-0.025043,-0.000776,-0.037695,-0.000307
4555.600000,-0.317876,0.106899,0.324686,-2.001456,-2.030471,0.392147,-0.042779,-0.000515,-0.025792,-0.000780,-0.037810,-0.000330
4555.608000,-0.318217,0.106891,0.324488,-2.001602,-2.030657,0.391898,-0.041909,-0.000499,-0.028136,-0.000631,-0.044831,-0.000338
4555.616000,-0.318557,0.106874,0.324261,-2.001770,-2.030944,0.391575,-0.042609,-0.000513,-0.026960,-0.000717,-0.041155,-0.000334
4555.624000,-0.318897,0.106883,0.324026,-2.002075,-2.031135,0.391246,-0.042531,-0.000507,-0.028354,-0.000649,-0.045249,-0.000338
4555.632000,-0.319240,0.106881,0.323814,-2.002262,-2.031304,0.390939,-0.042648,-0.000513,-0.025478,-0.000810,-0.035869,-0.000339
4555.640000,-0.319585,0.106869,0.323612,-2.002428,-2.031463,0.390711,-0.042782,-0.000519,-0.024865,-0.000827,-0.035433,-0.000321
4555.648000,-0.319924,0.106869,0.323411,-2.002608,-2.031631,0.390423,-0.042209,-0.000508,-0.026769,-0.000704,-0.041673,-0.000321
4555.656000,-0.320270,0.106858,0.323180,-2.002792,-2.031905,0.390073,-0.042404,-0.000512,-0.026381,-0.000742,-0.039727,-0.000327
4555.664000,-0.320597,0.106860,0.322989,-2.002992,-2.032004,0.389872,-0.041950,-0.000503,-0.027321,-0.000679,-0.042627,-0.000329
4555.672000,-0.320924,0.106871,0.322776,-2.003189,-2.032131,0.389552,-0.041989,-0.000506,-0.024174,-0.000858,-0.031929,-0.000336
4555.680000,-0.321269,0.106866,0.322568,-2.003363,-2.032351,0.389267,-0.042354,-0.000510,-0.025696,-0.000780,-0.037676,-0.000324
4555.688000,-0.321611,0.106845,0.322360,-2.003510,-2.032568,0.389032,-0.041718,-0.000500,-0.027227,-0.000687,-0.041721,-0.000335
4555.696000,-0.321942,0.106860,0.322140,-2.003793,-2.032678,0.388744,-0.041860,-0.000500,-0.026798,-0.000722,-0.040091,-0.000337
4555.704000,-0.322269,0.106854,0.321910,-2.004025,-2.032961,0.388382,-0.041845,-0.000503,-0.027446,-0.000648,-0.045119,-0.000303
4555.712000,-0.322605,0.106841,0.321681,-2.004196,-2.033208,0.388008,-0.041787,-0.000506,-0.025290,-0.000774,-0.037182,-0.000316
4555.720000,-0.322941,0.106852,0.321462,-2.004466,-2.033375,0.387661,-0.041944,-0.000506,-0.024232,-0.000854,-0.032628,-0.000328
4555.728000,-0.323286,0.106814,0.321255,-2.004549,-2.033667,0.387411,-0.040936,-0.000492,-0.027452,-0.000644,-0.042943,-0.000329
4555.736000,-0.323619,0.106820,0.321033,-2.004796,-2.033815,0.387125,-0.041212,-0.000498,-0.025946,-0.000717,-0.039540,-0.000313
4555.744000,-0.323934,0.106836,0.320806,-2.005098,-2.033990,0.386739,-0.040634,-0.000488,-0.025135,-0.000749,-0.036496,-0.000320
4555.752000,-0.324266,0.106834,0.320616,-2.005242,-2.034117,0.386498,-0.041203,-0.000495,-0.023575,-0.000898,-0.028190,-0.000355
4555.760000,-0.324568,0.106810,0.320486,-2.005250,-2.034194,0.386493,-0.041290,-0.000498,-0.023940,-0.000881,-0.029350,-0.000354
4555.768000,-0.324912,0.106812,0.320253,-2.005421,-2.034414,0.386115,-0.041003,-0.000487,-0.026970,-0.000732,-0.037522,-0.000370
4555.776000,-0.325246,0.106816,0.320022,-2.005715,-2.034575,0.385850,-0.041435,-0.000496,-0.026298,-0.000754,-0.037757,-0.000341
4555.784000,-0.325581,0.106799,0.319802,-2.005876,-2.034791,0.385542,-0.040959,-0.000490,-0.027391,-0.000679,-0.041155,-0.000343
4555.792000,-0.325919,0.106791,0.319583,-2.006075,-2.034983,0.385253,-0.040990,-0.000492,-0.026027,-0.000762,-0.036122,-0.000351
4555.800000,-0.326246,0.106791,0.319369,-2.006178,-2.035224,0.384961,-0.040992,-0.000492,-0.024894,-0.000838,-0.031483,-0.000363
4555.808000,-0.326562,0.106794,0.319183,-2.006410,-2.035257,0.384802,-0.040660,-0.000483,-0.027304,-0.000706,-0.038758,-0.000366
4555.816000,-0.326892,0.106786,0.318979,-2.006489,-2.035472,0.384566,-0.041032,-0.000490,-0.024401,-0.000899,-0.027567,-0.000388
4555.824000,-0.327201,0.106797,0.318770,-2.006753,-2.035588,0.384290,-0.040471,-0.000481,-0.026400,-0.000745,-0.036242,-0.000362
4555.832000,-0.327528,0.106788,0.318559,-2.006980,-2.035765,0.384019,-0.040552,-0.000485,-0.024987,-0.000815,-0.032312,-0.000357
4555.840000,-0.327857,0.106785,0.318355,-2.007146,-2.035894,0.383781,-0.040184,-0.000479,-0.024929,-0.000813,-0.031583,-0.000364
4555.848000,-0.328165,0.106791,0.318160,-2.007259,-2.036013,0.383550,-0.040236,-0.000476,-0.028166,-0.000639,-0.042511,-0.000353
4555.856000,-0.328504,0.106756,0.317931,-2.007434,-2.036320,0.383295,-0.040448,-0.000483,-0.026984,-0.000718,-0.037881,-0.000362
4555.864000,-0.328823,0.106765,0.317727,-2.007542,-2.036469,0.382975,-0.040362,-0.000480,-0.027667,-0.000682,-0.039995,-0.000362
4555.872000,-0.329152,0.106749,0.317505,-2.007798,-2.036639,0.382762,-0.040778,-0.000487,-0.026934,-0.000745,-0.037052,-0.000368
4555.880000,-0.329470,0.106759,0.317310,-2.007949,-2.036748,0.382508,-0.040758,-0.000488,-0.024980,-0.000853,-0.030471,-0.000374
4555.888000,-0.329779,0.106766,0.317078,-2.008211,-2.036960,0.382149,-0.040208,-0.000477,-0.026754,-0.000733,-0.036831,-0.000365
4555.896000,-0.330108,0.106750,0.316886,-2.008331,-2.037120,0.381955,-0.040267,-0.000482,-0.024530,-0.000856,-0.029426,-0.000371
4555.904000,-0.330427,0.106755,0.316681,-2.008521,-2.037249,0.381686,-0.039544,-0.000468,-0.027051,-0.000697,-0.037588,-0.000368
4555.912000,-0.330737,0.106768,0.316463,-2.008721,-2.037388,0.381386,-0.039871,-0.000473,-0.025302,-0.000800,-0.032287,-0.000366
4555.920000,-0.331065,0.106752,0.316242,-2.008892,-2.037579,0.381150,-0.039340,-0.000467,-0.025966,-0.000744,-0.034492,-0.000365
4555.928000,-0.331387,0.106729,0.316050,-2.009008,-2.037755,0.380937,-0.039504,-0.000471,-0.027229,-0.000677,-0.038988,-0.000357
4555.936000,-0.331702,0.106752,0.315843,-2.009231,-2.037803,0.380730,-0.040123,-0.000473,-0.026603,-0.000779,-0.033831,-0.000391
4555.944000,-0.332036,0.106722,0.315625,-2.009277,-2.038074,0.380464,-0.039599,-0.000472,-0.026919,-0.000706,-0.037478,-0.000362
4555.952000,-0.332345,0.106731,0.315392,-2.009543,-2.038254,0.380187,-0.039931,-0.000473,-0.025988,-0.000801,-0.032187,-0.000388
4555.960000,-0.332666,0.106729,0.315196,-2.009654,-2.038369,0.379976,-0.039780,-0.000474,-0.025504,-0.000799,-0.032311,-0.000370
4555.968000,-0.332993,0.106713,0.314999,-2.009801,-2.038533,0.379761,-0.039290,-0.000464,-0.026840,-0.000740,-0.034367,-0.000395
4555.976000,-0.333298,0.106708,0.314792,-2.009955,-2.038712,0.379546,-0.039370,-0.000468,-0.026343,-0.000743,-0.034847,-0.000371
4555.984000,-0.333611,0.106723,0.314553,-2.010231,-2.038870,0.379134,-0.039219,-0.000464,-0.027069,-0.000704,-0.037056,-0.000371
4555.992000,-0.333928,0.106707,0.314353,-2.010391,-2.038998,0.378945,-0.039359,-0.000469,-0.025847,-0.000767,-0.033543,-0.000368
4556.000000,-0.334241,0.106691,0.314152,-2.010479,-2.039224,0.378707,-0.039118,-0.000467,-0.025990,-0.000756,-0.033586,-0.000373
4556.008000,-0.334559,0.106705,0.313927,-2.010725,-2.039373,0.378423,-0.038514,-0.000455,-0.026223,-0.000732,-0.033739,-0.000381
4556.016000,-0.334873,0.106695,0.313706,-2.010902,-2.039537,0.378157,-0.038420,-0.000452,-0.026670,-0.000721,-0.034051,-0.000393
4556.024000,-0.335173,0.106686,0.313513,-2.010991,-2.039761,0.378004,-0.038718,-0.000458,-0.027325,-0.000684,-0.037296,-0.000377
4556.032000,-0.335484,0.106693,0.313315,-2.011186,-2.039814,0.377762,-0.038859,-0.000459,-0.026902,-0.000712,-0.035982,-0.000376
4556.040000,-0.335810,0.106677,0.313094,-2.011276,-2.040026,0.377478,-0.039251,-0.000469,-0.025875,-0.000766,-0.033706,-0.000365
4556.048000,-0.336118,0.106668,0.312900,-2.011481,-2.040156,0.377264,-0.038742,-0.000461,-0.027481,-0.000665,-0.038801,-0.000364
4556.056000,-0.336433,0.106669,0.312662,-2.011688,-2.040325,0.376952,-0.038711,-0.000458,-0.025521,-0.000807,-0.029550,-0.000402
4556.064000,-0.336734,0.106680,0.312451,-2.011888,-2.040478,0.376701,-0.038522,-0.000456,-0.026453,-0.000726,-0.034626,-0.000376
4556.072000,-0.337038,0.106675,0.312285,-2.011930,-2.040587,0.376604,-0.038616,-0.000458,-0.025809,-0.000763,-0.032632,-0.000376
4556.080000,-0.337344,0.106673,0.312059,-2.012199,-2.040695,0.376296,-0.038588,-0.000456,-0.025029,-0.000830,-0.028122,-0.000400
4556.088000,-0.337655,0.106654,0.311865,-2.012289,-2.040872,0.376110,-0.038028,-0.000451,-0.025108,-0.000788,-0.029655,-0.000387
4556.096000,-0.337957,0.106655,0.311663,-2.012386,-2.041028,0.375881,-0.037905,-0.000445,-0.027045,-0.000704,-0.034328,-0.000400
4556.104000,-0.338268,0.106644,0.311444,-2.012536,-2.041190,0.375634,-0.038432,-0.000456,-0.025127,-0.000819,-0.028582,-0.000398
4556.112000,-0.338567,0.106648,0.311257,-2.012668,-2.041268,0.375494,-0.038637,-0.000453,-0.025763,-0.000844,-0.026909,-0.000438
4556.120000,-0.338872,0.106647,0.311042,-2.012850,-2.041397,0.375278,-0.039133,-0.000463,-0.024930,-0.000887,-0.025740,-0.000421
4556.128000,-0.339187,0.106641,0.310835,-2.013024,-2.041534,0.375033,-0.038851,-0.000458,-0.026762,-0.000774,-0.032263,-0.000409
4556.136000,-0.339499,0.106629,0.310636,-2.013091,-2.041705,0.374932,-0.038635,-0.000457,-0.024188,-0.000911,-0.023128,-0.000427
4556.144000,-0.339809,0.106625,0.310425,-2.013233,-2.041862,0.374701,-0.038038,-0.000450,-0.025923,-0.000767,-0.031189,-0.000395
4556.152000,-0.340104,0.106640,0.310222,-2.013421,-2.041911,0.374472,-0.038060,-0.000448,-0.025988,-0.000773,-0.030983,-0.000399
4556.160000,-0.340403,0.106622,0.310024,-2.013571,-2.042037,0.374332,-0.038017,-0.000447,-0.025976,-0.000792,-0.029387,-0.000417
4556.168000,-0.340709,0.106626,0.309793,-2.013719,-2.042236,0.373985,-0.037892,-0.000445,-0.026279,-0.000766,-0.030868,-0.000410
4556.176000,-0.341013,0.106613,0.309607,-2.013806,-2.042366,0.373853,-0.037549,-0.000440,-0.026324,-0.000767,-0.029837,-0.000425
4556.184000,-0.341305,0.106629,0.309395,-2.014037,-2.042405,0.373583,-0.037434,-0.000441,-0.025295,-0.000784,-0.029123,-0.000398
4556.192000,-0.341615,0.106606,0.309168,-2.014130,-2.042697,0.373348,-0.038057,-0.000448,-0.025865,-0.000806,-0.028793,-0.000418
4556.200000,-0.341911,0.106630,0.308980,-2.014319,-2.042710,0.373195,-0.037965,-0.000448,-0.025090,-0.000818,-0.028409,-0.000396
4556.208000,-0.342230,0.106614,0.308782,-2.014386,-2.042890,0.373014,-0.037910,-0.000445,-0.026439,-0.000768,-0.031103,-0.000411
4556.216000,-0.342528,0.106612,0.308552,-2.014567,-2.043083,0.372701,-0.037944,-0.000444,-0.026156,-0.000799,-0.029104,-0.000424
4556.224000,-0.342825,0.106613,0.308346,-2.014776,-2.043156,0.372479,-0.037838,-0.000445,-0.026214,-0.000763,-0.031592,-0.000397
4556.232000,-0.343137,0.106590,0.308146,-2.014877,-2.043317,0.372287,-0.037220,-0.000439,-0.025427,-0.000787,-0.028557,-0.000408
4556.240000,-0.343436,0.106591,0.307929,-2.015053,-2.043502,0.372078,-0.037216,-0.000439,-0.026333,-0.000724,-0.032795,-0.000389
4556.248000,-0.343724,0.106603,0.307723,-2.015260,-2.043566,0.371808,-0.037451,-0.000437,-0.025643,-0.000816,-0.027105,-0.000430
4556.256000,-0.344035,0.106574,0.307521,-2.015292,-2.043758,0.371658,-0.036726,-0.000429,-0.026262,-0.000760,-0.028792,-0.000434
4556.264000,-0.344328,0.106583,0.307286,-2.015535,-2.043896,0.371357,-0.036977,-0.000434,-0.024474,-0.000850,-0.024062,-0.000427
4556.272000,-0.344629,0.106570,0.307073,-2.015657,-2.044086,0.371143,-0.036454,-0.000426,-0.025517,-0.000785,-0.026798,-0.000432
4556.280000,-0.344916,0.106566,0.306907,-2.015717,-2.044115,0.371110,-0.036896,-0.000435,-0.024572,-0.000833,-0.025111,-0.000418
4556.288000,-0.345211,0.106573,0.306690,-2.015884,-2.044265,0.370812,-0.036871,-0.000432,-0.025220,-0.000816,-0.026031,-0.000429
4556.296000,-0.345509,0.106556,0.306509,-2.015918,-2.044390,0.370725,-0.037046,-0.000434,-0.025895,-0.000795,-0.027661,-0.000432
4556.304000,-0.345798,0.106559,0.306302,-2.016126,-2.044476,0.370547,-0.037066,-0.000436,-0.025486,-0.000804,-0.027407,-0.000421
4556.312000,-0.346098,0.106571,0.306110,-2.016238,-2.044492,0.370386,-0.036965,-0.000431,-0.024970,-0.000853,-0.023908,-0.000444
4556.320000,-0.346399,0.106554,0.305904,-2.016302,-2.044696,0.370203,-0.037130,-0.000435,-0.024484,-0.000883,-0.022384,-0.000445
4556.328000,-0.346689,0.106563,0.305683,-2.016544,-2.044784,0.369951,-0.036908,-0.000430,-0.025822,-0.000804,-0.027004,-0.000437
4556.336000,-0.346983,0.106562,0.305451,-2.016747,-2.044921,0.369655,-0.035858,-0.000417,-0.027793,-0.000637,-0.035420,-0.000408
4556.344000,-0.347272,0.106541,0.305212,-2.016882,-2.045248,0.369313,-0.036633,-0.000431,-0.026514,-0.000729,-0.031486,-0.000408
4556.352000,-0.347553,0.106541,0.305024,-2.016987,-2.045342,0.369157,-0.036134,-0.000422,-0.027084,-0.000686,-0.033048,-0.000410
4556.360000,-0.347852,0.106536,0.304832,-2.017092,-2.045446,0.369046,-0.036685,-0.000429,-0.024898,-0.000848,-0.023865,-0.000442
4556.368000,-0.348134,0.106546,0.304638,-2.017256,-2.045500,0.368855,-0.036673,-0.000430,-0.024044,-0.000879,-0.022168,-0.000432
4556.376000,-0.348442,0.106526,0.304438,-2.017318,-2.045673,0.368690,-0.036870,-0.000431,-0.024296,-0.000903,-0.020750,-0.000457
4556.384000,-0.348727,0.106532,0.304246,-2.017436,-2.045703,0.368559,-0.036511,-0.000427,-0.025822,-0.000789,-0.027450,-0.000431
4556.392000,-0.349015,0.106536,0.304059,-2.017522,-2.045808,0.368422,-0.036498,-0.000426,-0.025605,-0.000803,-0.026611,-0.000433
4556.400000,-0.349298,0.106525,0.303849,-2.017737,-2.045938,0.368161,-0.036606,-0.000427,-0.025069,-0.000846,-0.024057,-0.000444
4556.408000,-0.349589,0.106521,0.303632,-2.017882,-2.046127,0.367917,-0.036611,-0.000425,-0.025677,-0.000834,-0.024622,-0.000458
4556.416000,-0.349876,0.106527,0.303447,-2.017980,-2.046137,0.367820,-0.035620,-0.000414,-0.026826,-0.000699,-0.031409,-0.000420
4556.424000,-0.350173,0.106508,0.303216,-2.018168,-2.046362,0.367500,-0.036120,-0.000422,-0.024622,-0.000850,-0.022753,-0.000445
4556.432000,-0.350453,0.106499,0.303036,-2.018191,-2.046476,0.367414,-0.035980,-0.000421,-0.025259,-0.000802,-0.025629,-0.000433
4556.440000,-0.350742,0.106498,0.302827,-2.018335,-2.046594,0.367254,-0.036354,-0.000424,-0.023159,-0.000960,-0.016191,-0.000472
4556.448000,-0.351026,0.106505,0.302663,-2.018390,-2.046580,0.367188,-0.035960,-0.000420,-0.023275,-0.000915,-0.018511,-0.000450
4556.456000,-0.351318,0.106498,0.302424,-2.018574,-2.046781,0.366892,-0.035453,-0.000410,-0.024539,-0.000854,-0.020869,-0.000466
4556.464000,-0.351599,0.106481,0.302252,-2.018569,-2.046915,0.366822,-0.035749,-0.000418,-0.024000,-0.000878,-0.020284,-0.000454
4556.472000,-0.351880,0.106493,0.302041,-2.018754,-2.046906,0.366634,-0.036062,-0.000417,-0.023692,-0.000943,-0.016527,-0.000487
4556.480000,-0.352175,0.106502,0.301870,-2.018813,-2.046954,0.366540,-0.036082,-0.000417,-0.023909,-0.000923,-0.018070,-0.000475
4556.488000,-0.352468,0.106484,0.301670,-2.018885,-2.047122,0.366409,-0.036001,-0.000417,-0.024940,-0.000864,-0.021670,-0.000468
4556.496000,-0.352754,0.106478,0.301467,-2.019022,-2.047172,0.366269,-0.035361,-0.000405,-0.025939,-0.000817,-0.022714,-0.000491
4556.504000,-0.353037,0.106477,0.301261,-2.019141,-2.047338,0.366078,-0.035752,-0.000414,-0.024739,-0.000866,-0.021027,-0.000469
4556.512000,-0.353325,0.106468,0.301032,-2.019320,-2.047513,0.365831,-0.035099,-0.000407,-0.025432,-0.000789,-0.024646,-0.000451
4556.520000,-0.353602,0.106481,0.300826,-2.019502,-2.047593,0.365639,-0.035419,-0.000408,-0.024961,-0.000844,-0.021827,-0.000468
4556.528000,-0.353880,0.106463,0.300634,-2.019603,-2.047701,0.365467,-0.035101,-0.000406,-0.025465,-0.000803,-0.023663,-0.000464
4556.536000,-0.354165,0.106468,0.300461,-2.019643,-2.047704,0.365436,-0.035057,-0.000404,-0.024993,-0.000828,-0.022067,-0.000467
4556.544000,-0.354440,0.106474,0.300251,-2.019790,-2.047788,0.365233,-0.034899,-0.000402,-0.024293,-0.000852,-0.020303,-0.000464
4556.552000,-0.354717,0.106460,0.300068,-2.019811,-2.047935,0.365068,-0.035072,-0.000404,-0.024431,-0.000870,-0.019349,-0.000480
4556.560000,-0.355003,0.106455,0.299888,-2.019914,-2.048014,0.364980,-0.035428,-0.000409,-0.024472,-0.000886,-0.019196,-0.000481
4556.568000,-0.355297,0.106446,0.299679,-2.020091,-2.048088,0.364834,-0.035000,-0.000404,-0.024867,-0.000837,-0.021511,-0.000468
4556.576000,-0.355564,0.106452,0.299522,-2.020065,-2.048147,0.364791,-0.034523,-0.000395,-0.026577,-0.000744,-0.026170,-0.000472
4556.584000,-0.355836,0.106448,0.299285,-2.020280,-2.048306,0.364507,-0.035229,-0.000407,-0.024721,-0.000851,-0.021372,-0.000464
4556.592000,-0.356112,0.106457,0.299099,-2.020367,-2.048345,0.364345,-0.034457,-0.000395,-0.025295,-0.000800,-0.022723,-0.000469
4556.600000,-0.356397,0.106441,0.298887,-2.020502,-2.048512,0.364207,-0.034646,-0.000400,-0.025171,-0.000800,-0.023375,-0.000457
4556.608000,-0.356681,0.106418,0.298689,-2.020533,-2.048670,0.364040,-0.034921,-0.000403,-0.024643,-0.000865,-0.019469,-0.000485
4556.616000,-0.356953,0.106454,0.298478,-2.020769,-2.048652,0.363848,-0.034676,-0.000398,-0.024457,-0.000850,-0.020255,-0.000469
4556.624000,-0.357233,0.106422,0.298293,-2.020801,-2.048833,0.363772,-0.034418,-0.000396,-0.024265,-0.000856,-0.019138,-0.000477
4556.632000,-0.357506,0.106423,0.298104,-2.020930,-2.048879,0.363647,-0.033978,-0.000389,-0.024816,-0.000822,-0.020144,-0.000485
4556.640000,-0.357787,0.106417,0.297893,-2.020994,-2.049022,0.363443,-0.034042,-0.000388,-0.023437,-0.000922,-0.013612,-0.000517
4556.648000,-0.358043,0.106434,0.297697,-2.021146,-2.049033,0.363270,-0.034104,-0.000390,-0.023863,-0.000872,-0.017475,-0.000484
4556.656000,-0.358330,0.106417,0.297542,-2.021130,-2.049032,0.363339,-0.034320,-0.000392,-0.024916,-0.000847,-0.019368,-0.000496
4556.664000,-0.358597,0.106424,0.297373,-2.021240,-2.049043,0.363289,-0.034437,-0.000394,-0.022272,-0.000982,-0.011167,-0.000505
4556.672000,-0.358871,0.106428,0.297167,-2.021317,-2.049146,0.363078,-0.033808,-0.000386,-0.023925,-0.000861,-0.017614,-0.000485
4556.680000,-0.359141,0.106428,0.297015,-2.021326,-2.049129,0.363037,-0.034515,-0.000393,-0.023547,-0.000928,-0.014801,-0.000504
4556.688000,-0.359443,0.106385,0.296784,-2.021412,-2.049427,0.362892,-0.034401,-0.000398,-0.025550,-0.000791,-0.023682,-0.000464
4556.696000,-0.359723,0.106375,0.296469,-2.021737,-2.049711,0.362383,-0.033584,-0.000387,-0.030464,-0.000498,-0.040510,-0.000428
4556.704000,-0.359987,0.106383,0.296135,-2.022112,-2.050089,0.361798,-0.033739,-0.000390,-0.030456,-0.000484,-0.042284,-0.000406
4556.712000,-0.360257,0.106384,0.295915,-2.022271,-2.050215,0.361575,-0.033073,-0.000380,-0.026823,-0.000658,-0.029409,-0.000441
4556.720000,-0.360509,0.106384,0.295806,-2.022203,-2.050146,0.361635,-0.033483,-0.000384,-0.018180,-0.001162,0.002536,-0.000536
4556.728000,-0.360748,0.106408,0.295807,-2.022037,-2.049783,0.362126,-0.033964,-0.000383,-0.015288,-0.001374,0.015679,-0.000597
4556.736000,-0.361023,0.106421,0.295720,-2.021934,-2.049580,0.362318,-0.033080,-0.000374,-0.018894,-0.001107,-0.000085,-0.000530
4556.744000,-0.361300,0.106389,0.295599,-2.021793,-2.049616,0.362420,-0.034157,-0.000393,-0.020514,-0.001055,-0.006346,-0.000505
4556.752000,-0.361589,0.106355,0.295327,-2.021988,-2.049947,0.362132,-0.033195,-0.000381,-0.027055,-0.000668,-0.029007,-0.000452
4556.760000,-0.361859,0.106360,0.294982,-2.022407,-2.050312,0.361496,-0.032907,-0.000376,-0.031460,-0.000432,-0.043659,-0.000423
4556.768000,-0.362131,0.106347,0.294675,-2.022611,-2.050666,0.360983,-0.033290,-0.000385,-0.030341,-0.000486,-0.041296,-0.000412
4556.776000,-0.362388,0.106353,0.294424,-2.022922,-2.050773,0.360669,-0.032831,-0.000379,-0.027759,-0.000595,-0.033397,-0.000423
4556.784000,-0.362647,0.106359,0.294304,-2.022890,-2.050701,0.360738,-0.033121,-0.000381,-0.020659,-0.000995,-0.008056,-0.000492
4556.792000,-0.362890,0.106389,0.294187,-2.022948,-2.050585,0.360809,-0.033522,-0.000378,-0.020011,-0.001097,-0.001768,-0.000545
4556.800000,-0.363155,0.106400,0.294061,-2.022920,-2.050491,0.360889,-0.033864,-0.000382,-0.019246,-0.001152,0.000878,-0.000551
4556.808000,-0.363431,0.106380,0.293900,-2.022910,-2.050518,0.360911,-0.033753,-0.000381,-0.019987,-0.001113,-0.001399,-0.000548
4556.816000,-0.363712,0.106359,0.293733,-2.022881,-2.050574,0.360918,-0.033041,-0.000372,-0.023378,-0.000918,-0.012154,-0.000533
4556.824000,-0.363979,0.106342,0.293511,-2.022950,-2.050758,0.360747,-0.032602,-0.000371,-0.024633,-0.000797,-0.019430,-0.000488
4556.832000,-0.364236,0.106334,0.293269,-2.023163,-2.050968,0.360441,-0.032328,-0.000369,-0.027452,-0.000620,-0.030607,-0.000446
4556.840000,-0.364503,0.106314,0.293033,-2.023299,-2.051168,0.360197,-0.032502,-0.000371,-0.024120,-0.000825,-0.017354,-0.000496
4556.848000,-0.364767,0.106333,0.292833,-2.023439,-2.051170,0.360056,-0.033108,-0.000380,-0.022123,-0.000930,-0.012557,-0.000486
4556.856000,-0.365019,0.106330,0.292694,-2.023421,-2.051165,0.360085,-0.032504,-0.000370,-0.023319,-0.000865,-0.014972,-0.000498
4556.864000,-0.365277,0.106335,0.292533,-2.023490,-2.051153,0.360070,-0.033299,-0.000377,-0.020653,-0.001062,-0.003848,-0.000542
4556.872000,-0.365540,0.106340,0.292381,-2.023482,-2.051121,0.360047,-0.032887,-0.000370,-0.021839,-0.000992,-0.007342,-0.000541
4556.880000,-0.365791,0.106335,0.292290,-2.023346,-2.051028,0.360284,-0.033400,-0.000378,-0.020980,-0.001053,-0.004720,-0.000542
4556.888000,-0.366060,0.106358,0.292049,-2.023636,-2.051090,0.360000,-0.032676,-0.000368,-0.022288,-0.000930,-0.011392,-0.000506
4556.896000,-0.366323,0.106346,0.291839,-2.023694,-2.051259,0.359822,-0.031969,-0.000360,-0.025226,-0.000749,-0.021577,-0.000482
4556.904000,-0.366590,0.106316,0.291613,-2.023788,-2.051445,0.359656,-0.032537,-0.000369,-0.025775,-0.000751,-0.022665,-0.000485
4556.912000,-0.366852,0.106327,0.291382,-2.023965,-2.051542,0.359332,-0.031796,-0.000361,-0.025642,-0.000699,-0.024745,-0.000457
4556.920000,-0.367112,0.106306,0.291148,-2.024099,-2.051786,0.359146,-0.032184,-0.000365,-0.023838,-0.000837,-0.016324,-0.000499
4556.928000,-0.367367,0.106283,0.290994,-2.024140,-2.051826,0.359164,-0.032282,-0.000369,-0.021089,-0.000965,-0.008415,-0.000504
4556.936000,-0.367632,0.106296,0.290879,-2.024087,-2.051697,0.359252,-0.032229,-0.000363,-0.019733,-0.001076,-0.000536,-0.000556
4556.944000,-0.367879,0.106301,0.290744,-2.024025,-2.051658,0.359270,-0.032287,-0.000365,-0.018750,-0.001112,0.001377,-0.000546
4556.952000,-0.368126,0.106301,0.290614,-2.024017,-2.051648,0.359334,-0.032016,-0.000362,-0.020719,-0.000991,-0.006009,-0.000522
4556.960000,-0.368377,0.106325,0.290446,-2.024153,-2.051548,0.359288,-0.032252,-0.000359,-0.021822,-0.000979,-0.007011,-0.000546
4556.968000,-0.368644,0.106311,0.290212,-2.024289,-2.051732,0.359087,-0.032190,-0.000361,-0.024465,-0.000826,-0.017119,-0.000509
4556.976000,-0.368915,0.106293,0.289998,-2.024348,-2.051934,0.358928,-0.031281,-0.000353,-0.026922,-0.000635,-0.027769,-0.000462
4556.984000,-0.369160,0.106288,0.289767,-2.024498,-2.052092,0.358649,-0.031566,-0.000354,-0.026765,-0.000682,-0.025056,-0.000490
4556.992000,-0.369407,0.106293,0.289550,-2.024648,-2.052170,0.358412,-0.031758,-0.000358,-0.024540,-0.000787,-0.018926,-0.000490
4557.000000,-0.369660,0.106285,0.289379,-2.024666,-2.052201,0.358388,-0.031652,-0.000356,-0.022051,-0.000926,-0.009354,-0.000526
4557.008000,-0.369925,0.106271,0.289262,-2.024585,-2.052168,0.358566,-0.031970,-0.000362,-0.020213,-0.001023,-0.003977,-0.000530
4557.016000,-0.370169,0.106286,0.289116,-2.024617,-2.052111,0.358562,-0.031580,-0.000354,-0.020932,-0.000981,-0.005702,-0.000534
4557.024000,-0.370415,0.106293,0.288980,-2.024627,-2.052011,0.358650,-0.031837,-0.000353,-0.019801,-0.001078,0.000375,-0.000571
4557.032000,-0.370673,0.106272,0.288807,-2.024638,-2.052084,0.358612,-0.031120,-0.000350,-0.021718,-0.000908,-0.009560,-0.000514
4557.040000,-0.370920,0.106287,0.288628,-2.024722,-2.052082,0.358541,-0.031394,-0.000351,-0.022351,-0.000898,-0.010869,-0.000518
4557.048000,-0.371176,0.106256,0.288416,-2.024775,-2.052301,0.358368,-0.031263,-0.000352,-0.022727,-0.000865,-0.012820,-0.000506
4557.056000,-0.371419,0.106265,0.288184,-2.025023,-2.052382,0.358055,-0.031156,-0.000349,-0.024395,-0.000790,-0.017315,-0.000506
4557.064000,-0.371662,0.106268,0.288033,-2.025026,-2.052364,0.358154,-0.031201,-0.000347,-0.023782,-0.000839,-0.014109,-0.000526
4557.072000,-0.371915,0.106267,0.287832,-2.025113,-2.052482,0.357949,-0.031646,-0.000355,-0.021891,-0.000937,-0.009091,-0.000524
4557.080000,-0.372157,0.106272,0.287665,-2.025182,-2.052496,0.357909,-0.031063,-0.000346,-0.023364,-0.000840,-0.014027,-0.000513
4557.088000,-0.372419,0.106273,0.287469,-2.025230,-2.052538,0.357761,-0.032022,-0.000356,-0.021760,-0.000992,-0.006024,-0.000556
4557.096000,-0.372673,0.106265,0.287318,-2.025285,-2.052530,0.357852,-0.031572,-0.000352,-0.020438,-0.001020,-0.003382,-0.000547
4557.104000,-0.372942,0.106234,0.287130,-2.025248,-2.052665,0.357743,-0.031462,-0.000353,-0.020957,-0.000989,-0.005185,-0.000542
4557.112000,-0.373182,0.106249,0.286968,-2.025356,-2.052660,0.357759,-0.031314,-0.000349,-0.023661,-0.000847,-0.014248,-0.000519
4557.120000,-0.373437,0.106240,0.286753,-2.025438,-2.052768,0.357561,-0.030780,-0.000345,-0.022457,-0.000865,-0.011985,-0.000509
4557.128000,-0.373692,0.106237,0.286560,-2.025536,-2.052830,0.357446,-0.030603,-0.000345,-0.023385,-0.000792,-0.016683,-0.000481
4557.136000,-0.373927,0.106243,0.286373,-2.025637,-2.052897,0.357310,-0.030637,-0.000343,-0.022130,-0.000866,-0.011818,-0.000500
4557.144000,-0.374178,0.106226,0.286174,-2.025684,-2.053036,0.357197,-0.029827,-0.000331,-0.023263,-0.000802,-0.013581,-0.000518
4557.152000,-0.374419,0.106234,0.286000,-2.025791,-2.053001,0.357114,-0.030469,-0.000340,-0.019659,-0.000996,-0.002639,-0.000533
4557.160000,-0.374660,0.106250,0.285863,-2.025805,-2.052904,0.357181,-0.030772,-0.000338,-0.019823,-0.001046,0.000424,-0.000576
4557.168000,-0.374908,0.106233,0.285711,-2.025747,-2.052981,0.357179,-0.030721,-0.000344,-0.019102,-0.001021,-0.001915,-0.000523
4557.176000,-0.375162,0.106230,0.285553,-2.025766,-2.052992,0.357188,-0.030892,-0.000342,-0.020232,-0.001013,-0.002352,-0.000555
4557.184000,-0.375411,0.106219,0.285376,-2.025783,-2.053018,0.357156,-0.030123,-0.000334,-0.021926,-0.000889,-0.008721,-0.000534
4557.192000,-0.375646,0.106217,0.285199,-2.025845,-2.053065,0.357059,-0.030870,-0.000345,-0.021338,-0.000942,-0.007293,-0.000530
4557.200000,-0.375899,0.106219,0.285001,-2.025908,-2.053140,0.356946,-0.030326,-0.000335,-0.020826,-0.000957,-0.004753,-0.000546
4557.208000,-0.376150,0.106223,0.284818,-2.025984,-2.053148,0.356849,-0.030389,-0.000337,-0.021589,-0.000910,-0.008271,-0.000527
4557.216000,-0.376378,0.106216,0.284641,-2.026027,-2.053270,0.356799,-0.030524,-0.000336,-0.022018,-0.000925,-0.007250,-0.000554
4557.224000,-0.376628,0.106215,0.284488,-2.026102,-2.053179,0.356806,-0.029471,-0.000321,-0.021580,-0.000909,-0.005562,-0.000564
4557.232000,-0.376868,0.106196,0.284337,-2.026005,-2.053252,0.356896,-0.030379,-0.000335,-0.019981,-0.001023,-0.000458,-0.000572
4557.240000,-0.377105,0.106223,0.284149,-2.026139,-2.053195,0.356787,-0.029936,-0.000327,-0.020573,-0.000974,-0.002562,-0.000567
4557.248000,-0.377338,0.106208,0.284020,-2.026110,-2.053200,0.356813,-0.030125,-0.000330,-0.019358,-0.001038,0.001047,-0.000571
4557.256000,-0.377589,0.106206,0.283840,-2.026157,-2.053181,0.356790,-0.030076,-0.000330,-0.018662,-0.001071,0.003386,-0.000578
4557.264000,-0.377832,0.106192,0.283703,-2.026081,-2.053198,0.356893,-0.029671,-0.000326,-0.020019,-0.000975,-0.002150,-0.000554
4557.272000,-0.378064,0.106190,0.283545,-2.026097,-2.053228,0.356864,-0.030145,-0.000333,-0.020452,-0.000970,-0.003804,-0.000546
4557.280000,-0.378300,0.106188,0.283378,-2.026117,-2.053257,0.356811,-0.029359,-0.000324,-0.022089,-0.000851,-0.009799,-0.000527
4557.288000,-0.378550,0.106183,0.283209,-2.026152,-2.053264,0.356836,-0.029935,-0.000329,-0.021281,-0.000937,-0.005332,-0.000555
4557.296000,-0.378781,0.106185,0.283048,-2.026213,-2.053239,0.356823,-0.030007,-0.000329,-0.021417,-0.000938,-0.005433,-0.000558
4557.304000,-0.379020,0.106184,0.282902,-2.026192,-2.053226,0.356839,-0.029799,-0.000325,-0.022703,-0.000874,-0.009009,-0.000556
4557.312000,-0.379257,0.106170,0.282731,-2.026172,-2.053325,0.356825,-0.029789,-0.000329,-0.020286,-0.000959,-0.003885,-0.000541
4557.320000,-0.379490,0.106191,0.282511,-2.026340,-2.053406,0.356586,-0.029235,-0.000320,-0.022697,-0.000822,-0.011611,-0.000525
4557.328000,-0.379733,0.106175,0.282337,-2.026376,-2.053454,0.356548,-0.029891,-0.000327,-0.021290,-0.000945,-0.004757,-0.000563
4557.336000,-0.379968,0.106160,0.282176,-2.026433,-2.053423,0.356551,-0.029589,-0.000328,-0.020019,-0.000956,-0.003779,-0.000534
4557.344000,-0.380203,0.106171,0.282028,-2.026449,-2.053378,0.356573,-0.029497,-0.000322,-0.020607,-0.000959,-0.002888,-0.000565
4557.352000,-0.380443,0.106167,0.281839,-2.026477,-2.053471,0.356497,-0.029316,-0.000322,-0.020013,-0.000951,-0.003424,-0.000539
4557.360000,-0.380668,0.106179,0.281691,-2.026498,-2.053452,0.356469,-0.029180,-0.000315,-0.020879,-0.000943,-0.003089,-0.000573
4557.368000,-0.380913,0.106139,0.281564,-2.026395,-2.053463,0.356617,-0.029094,-0.000319,-0.019916,-0.000963,-0.001871,-0.000557
4557.376000,-0.381127,0.106163,0.281423,-2.026454,-2.053394,0.356634,-0.029422,-0.000325,-0.019884,-0.000950,-0.004096,-0.000526
4557.384000,-0.381366,0.106157,0.281253,-2.026484,-2.053432,0.356574,-0.029072,-0.000316,-0.020647,-0.000938,-0.003429,-0.000561
4557.392000,-0.381611,0.106145,0.281070,-2.026459,-2.053516,0.356534,-0.029691,-0.000323,-0.019340,-0.001048,0.002567,-0.000593
4557.400000,-0.381833,0.106158,0.280914,-2.026575,-2.053418,0.356497,-0.029046,-0.000316,-0.022462,-0.000845,-0.009708,-0.000541
4557.408000,-0.382080,0.106154,0.280715,-2.026633,-2.053496,0.356437,-0.029298,-0.000320,-0.021357,-0.000908,-0.006224,-0.000548
4557.416000,-0.382298,0.106171,0.280532,-2.026753,-2.053504,0.356308,-0.029538,-0.000320,-0.020959,-0.000952,-0.003717,-0.000567
4557.424000,-0.382533,0.106159,0.280386,-2.026738,-2.053477,0.356370,-0.028882,-0.000313,-0.021282,-0.000897,-0.005931,-0.000551
4557.432000,-0.382767,0.106156,0.280224,-2.026741,-2.053492,0.356364,-0.029346,-0.000318,-0.019259,-0.001024,0.001484,-0.000577
4557.440000,-0.382995,0.106157,0.280049,-2.026769,-2.053565,0.356321,-0.028776,-0.000311,-0.020878,-0.000914,-0.004531,-0.000556
4557.448000,-0.383238,0.106126,0.279901,-2.026734,-2.053593,0.356371,-0.029168,-0.000316,-0.018183,-0.001071,0.005031,-0.000588
4557.456000,-0.383463,0.106133,0.279755,-2.026716,-2.053546,0.356346,-0.028860,-0.000315,-0.019450,-0.000976,-0.000826,-0.000556
4557.464000,-0.383694,0.106125,0.279591,-2.026727,-2.053569,0.356333,-0.028122,-0.000304,-0.021802,-0.000844,-0.007536,-0.000550
4557.472000,-0.383913,0.106134,0.279434,-2.026754,-2.053596,0.356343,-0.028387,-0.000306,-0.020353,-0.000929,-0.002537,-0.000565
4557.480000,-0.384149,0.106126,0.279263,-2.026819,-2.053556,0.356377,-0.028371,-0.000306,-0.019602,-0.000963,-0.000328,-0.000569
4557.488000,-0.384372,0.106138,0.279112,-2.026821,-2.053567,0.356334,-0.028311,-0.000306,-0.019123,-0.000969,-0.000016,-0.000557
4557.496000,-0.384611,0.106106,0.278944,-2.026794,-2.053658,0.356360,-0.028428,-0.000309,-0.018692,-0.000995,0.001350,-0.000560
4557.504000,-0.384832,0.106114,0.278798,-2.026829,-2.053605,0.356363,-0.028266,-0.000306,-0.020529,-0.000908,-0.003927,-0.000554
4557.512000,-0.385062,0.106108,0.278613,-2.026871,-2.053656,0.356280,-0.028556,-0.000310,-0.019788,-0.000955,-0.001560,-0.000559
4557.520000,-0.385287,0.106109,0.278459,-2.026902,-2.053680,0.356262,-0.028682,-0.000310,-0.019642,-0.000980,-0.000131,-0.000572
4557.528000,-0.385516,0.106125,0.278307,-2.026949,-2.053567,0.356322,-0.029139,-0.000312,-0.018907,-0.001054,0.003880,-0.000598
4557.536000,-0.385756,0.106114,0.278156,-2.026885,-2.053584,0.356352,-0.028659,-0.000312,-0.019354,-0.000962,-0.001775,-0.000541
4557.544000,-0.385982,0.106107,0.277989,-2.026904,-2.053640,0.356303,-0.028127,-0.000304,-0.020291,-0.000914,-0.003347,-0.000554
4557.552000,-0.386206,0.106090,0.277790,-2.026971,-2.053774,0.356181,-0.027857,-0.000299,-0.020313,-0.000919,-0.002091,-0.000571
4557.560000,-0.386429,0.106092,0.277599,-2.027061,-2.053784,0.356012,-0.028139,-0.000305,-0.019657,-0.000944,-0.001473,-0.000557
4557.568000,-0.386657,0.106101,0.277451,-2.027079,-2.053753,0.356084,-0.028171,-0.000301,-0.018399,-0.001030,0.004547,-0.000593
4557.576000,-0.386878,0.106098,0.277325,-2.027072,-2.053685,0.356166,-0.028323,-0.000303,-0.017616,-0.001067,0.006483,-0.000592
4557.584000,-0.387110,0.106097,0.277144,-2.027146,-2.053720,0.356072,-0.027793,-0.000298,-0.018585,-0.000985,0.002146,-0.000569
4557.592000,-0.387326,0.106097,0.277018,-2.027065,-2.053707,0.356185,-0.028223,-0.000302,-0.017633,-0.001058,0.006023,-0.000587
4557.600000,-0.387556,0.106076,0.276878,-2.027026,-2.053705,0.356252,-0.027487,-0.000295,-0.017782,-0.001005,0.004178,-0.000570
4557.608000,-0.387775,0.106093,0.276734,-2.027018,-2.053655,0.356266,-0.028069,-0.000299,-0.017508,-0.001065,0.007001,-0.000596
4557.616000,-0.387996,0.106105,0.276611,-2.026992,-2.053543,0.356381,-0.027954,-0.000296,-0.018582,-0.001020,0.004365,-0.000598
4557.624000,-0.388232,0.106079,0.276445,-2.026990,-2.053553,0.356420,-0.027440,-0.000292,-0.018623,-0.000979,0.002707,-0.000579
4557.632000,-0.388450,0.106068,0.276320,-2.026874,-2.053546,0.356528,-0.027528,-0.000296,-0.019259,-0.000941,-0.000323,-0.000561
4557.640000,-0.388665,0.106078,0.276171,-2.026925,-2.053467,0.356581,-0.027818,-0.000298,-0.018467,-0.000995,0.002615,-0.000572
4557.648000,-0.388893,0.106071,0.276019,-2.026929,-2.053459,0.356605,-0.027841,-0.000296,-0.019155,-0.000991,0.002644,-0.000595
4557.656000,-0.389112,0.106061,0.275889,-2.026791,-2.053474,0.356684,-0.027774,-0.000295,-0.017477,-0.001062,0.007485,-0.000603
4557.664000,-0.389337,0.106076,0.275754,-2.026847,-2.053325,0.356796,-0.027362,-0.000290,-0.019011,-0.000967,0.002055,-0.000584
4557.672000,-0.389556,0.106073,0.275589,-2.026876,-2.053343,0.356770,-0.027069,-0.000287,-0.019172,-0.000939,0.000833,-0.000574
4557.680000,-0.389764,0.106071,0.275440,-2.026908,-2.053298,0.356721,-0.027413,-0.000291,-0.018058,-0.001008,0.004509,-0.000585
4557.688000,-0.389987,0.106081,0.275306,-2.026866,-2.053248,0.356810,-0.027596,-0.000290,-0.017332,-0.001065,0.008113,-0.000607
4557.696000,-0.390211,0.106057,0.275194,-2.026775,-2.053255,0.356968,-0.027313,-0.000291,-0.017928,-0.001000,0.004054,-0.000575
4557.704000,-0.390416,0.106081,0.275062,-2.026785,-2.053142,0.356979,-0.027048,-0.000285,-0.017300,-0.001024,0.006450,-0.000586
4557.712000,-0.390633,0.106062,0.274916,-2.026793,-2.053177,0.357037,-0.026454,-0.000279,-0.020183,-0.000865,-0.002685,-0.000564
4557.720000,-0.390848,0.106061,0.274749,-2.026780,-2.053221,0.356991,-0.026967,-0.000283,-0.017197,-0.001036,0.007601,-0.000598
4557.728000,-0.391064,0.106055,0.274623,-2.026766,-2.053116,0.357099,-0.026780,-0.000282,-0.018872,-0.000947,0.001959,-0.000581
4557.736000,-0.391281,0.106056,0.274482,-2.026728,-2.053119,0.357145,-0.027099,-0.000286,-0.017615,-0.001018,0.005899,-0.000590
4557.744000,-0.391497,0.106046,0.274350,-2.026673,-2.053137,0.357247,-0.027278,-0.000288,-0.017731,-0.001023,0.005755,-0.000591
4557.752000,-0.391713,0.106050,0.274239,-2.026659,-2.052960,0.357410,-0.026976,-0.000284,-0.019217,-0.000941,0.001010,-0.000579
4557.760000,-0.391928,0.106058,0.274055,-2.026697,-2.053007,0.357313,-0.027166,-0.000286,-0.018445,-0.000982,0.003196,-0.000582
4557.768000,-0.392144,0.106042,0.273925,-2.026628,-2.053018,0.357358,-0.026946,-0.000284,-0.019642,-0.000922,-0.000255,-0.000577
4557.776000,-0.392366,0.106035,0.273762,-2.026632,-2.053010,0.357381,-0.027037,-0.000286,-0.018075,-0.000986,0.003565,-0.000575
4557.784000,-0.392577,0.106040,0.273611,-2.026668,-2.052995,0.357410,-0.026776,-0.000285,-0.019162,-0.000908,-0.001228,-0.000549
4557.792000,-0.392785,0.106038,0.273451,-2.026678,-2.053016,0.357392,-0.025984,-0.000269,-0.019804,-0.000891,0.000407,-0.000594
4557.800000,-0.393002,0.106026,0.273316,-2.026651,-2.052982,0.357489,-0.026755,-0.000282,-0.018136,-0.000976,0.003675,-0.000580
4557.808000,-0.393205,0.106020,0.273164,-2.026639,-2.053003,0.357472,-0.026079,-0.000275,-0.019021,-0.000893,-0.000351,-0.000558
4557.816000,-0.393425,0.106015,0.273008,-2.026643,-2.052962,0.357483,-0.026615,-0.000280,-0.016027,-0.001067,0.010064,-0.000594
4557.824000,-0.393638,0.106019,0.272878,-2.026563,-2.052954,0.357605,-0.026585,-0.000277,-0.017125,-0.001032,0.008090,-0.000605
4557.832000,-0.393848,0.106015,0.272742,-2.026582,-2.052921,0.357677,-0.026277,-0.000274,-0.018153,-0.000971,0.004696,-0.000595
4557.840000,-0.394061,0.106025,0.272619,-2.026537,-2.052801,0.357755,-0.026693,-0.000278,-0.015668,-0.001103,0.012499,-0.000615
4557.848000,-0.394266,0.106035,0.272487,-2.026591,-2.052685,0.357763,-0.026336,-0.000276,-0.016494,-0.001022,0.007563,-0.000578
4557.856000,-0.394481,0.106012,0.272360,-2.026465,-2.052726,0.357889,-0.026874,-0.000281,-0.015938,-0.001095,0.011392,-0.000609
4557.864000,-0.394699,0.106012,0.272250,-2.026397,-2.052562,0.358061,-0.027054,-0.000281,-0.016260,-0.001112,0.012394,-0.000633
4557.872000,-0.394916,0.106003,0.272103,-2.026314,-2.052620,0.358120,-0.025995,-0.000269,-0.017939,-0.000975,0.005703,-0.000603
4557.880000,-0.395125,0.106011,0.271962,-2.026335,-2.052527,0.358170,-0.026515,-0.000275,-0.016889,-0.001042,0.008737,-0.000607
4557.888000,-0.395333,0.106010,0.271776,-2.026435,-2.052538,0.358080,-0.026121,-0.000272,-0.018149,-0.000958,0.003939,-0.000586
4557.896000,-0.395541,0.106006,0.271637,-2.026422,-2.052546,0.358134,-0.026600,-0.000278,-0.017124,-0.001019,0.006704,-0.000588
4557.904000,-0.395755,0.105979,0.271503,-2.026315,-2.052603,0.358218,-0.026595,-0.000278,-0.015836,-0.001091,0.011636,-0.000611
4557.912000,-0.395970,0.105997,0.271376,-2.026291,-2.052463,0.358330,-0.025860,-0.000267,-0.017244,-0.000999,0.007563,-0.000605
4557.920000,-0.396163,0.105998,0.271229,-2.026285,-2.052457,0.358283,-0.025915,-0.000271,-0.016066,-0.001023,0.008459,-0.000578
4557.928000,-0.396372,0.105992,0.271089,-2.026260,-2.052432,0.358398,-0.025822,-0.000269,-0.016883,-0.000988,0.006393,-0.000578
4557.936000,-0.396582,0.105987,0.270958,-2.026265,-2.052348,0.358472,-0.026057,-0.000269,-0.015251,-0.001095,0.013343,-0.000616
4557.944000,-0.396795,0.105985,0.270850,-2.026117,-2.052328,0.358579,-0.025896,-0.000268,-0.014887,-0.001093,0.013415,-0.000605
4557.952000,-0.397002,0.105986,0.270733,-2.026072,-2.052230,0.358750,-0.025211,-0.000260,-0.016153,-0.001002,0.009044,-0.000591
4557.960000,-0.397189,0.105978,0.270652,-2.025987,-2.052087,0.358984,-0.025529,-0.000262,-0.015853,-0.001051,0.011790,-0.000617
4557.968000,-0.397399,0.105977,0.270465,-2.026036,-2.052170,0.358859,-0.025352,-0.000261,-0.015506,-0.001041,0.011311,-0.000600
4557.976000,-0.397596,0.105983,0.270358,-2.026017,-2.052004,0.358970,-0.025104,-0.000260,-0.014877,-0.001033,0.011033,-0.000576
4557.984000,-0.397796,0.105979,0.270239,-2.026001,-2.051961,0.359075,-0.025789,-0.000267,-0.015341,-0.001061,0.011316,-0.000593
4557.992000,-0.398000,0.105986,0.270102,-2.025939,-2.051934,0.359137,-0.024977,-0.000260,-0.017277,-0.000914,0.003221,-0.000552
4558.000000,-0.398197,0.105982,0.269978,-2.025919,-2.051936,0.359201,-0.025329,-0.000262,-0.016347,-0.000985,0.007256,-0.000574
4558.008000,-0.398414,0.105967,0.269834,-2.025863,-2.051937,0.359248,-0.025362,-0.000262,-0.017309,-0.000958,0.005521,-0.000583
4558.016000,-0.398610,0.105980,0.269704,-2.025914,-2.051800,0.359313,-0.025717,-0.000262,-0.016160,-0.001049,0.011076,-0.000618
4558.024000,-0.398809,0.105991,0.269558,-2.025893,-2.051796,0.359340,-0.025918,-0.000262,-0.016649,-0.001058,0.011488,-0.000639
4558.032000,-0.399023,0.105962,0.269401,-2.025892,-2.051845,0.359404,-0.024904,-0.000255,-0.016626,-0.000970,0.007487,-0.000588
4558.040000,-0.399223,0.105958,0.269287,-2.025824,-2.051751,0.359492,-0.024688,-0.000252,-0.018294,-0.000901,0.003595,-0.000592
4558.048000,-0.399426,0.105955,0.269131,-2.025836,-2.051755,0.359511,-0.025233,-0.000260,-0.015475,-0.001028,0.010329,-0.000587
4558.056000,-0.399631,0.105954,0.269026,-2.025666,-2.051740,0.359627,-0.025051,-0.000255,-0.016778,-0.000990,0.008675,-0.000609
4558.064000,-0.399831,0.105962,0.268905,-2.025701,-2.051566,0.359768,-0.025249,-0.000255,-0.014308,-0.001115,0.016708,-0.000634
4558.072000,-0.400032,0.105958,0.268794,-2.025575,-2.051511,0.359857,-0.025336,-0.000255,-0.014819,-0.001113,0.016593,-0.000650
4558.080000,-0.400234,0.105947,0.268668,-2.025495,-2.051508,0.360017,-0.025025,-0.000253,-0.014004,-0.001111,0.016881,-0.000627
4558.088000,-0.400434,0.105948,0.268556,-2.025424,-2.051362,0.360149,-0.024675,-0.000248,-0.014816,-0.001067,0.014969,-0.000630
4558.096000,-0.400631,0.105935,0.268439,-2.025397,-2.051302,0.360271,-0.024342,-0.000246,-0.016466,-0.000978,0.009711,-0.000615
4558.104000,-0.400819,0.105951,0.268308,-2.025407,-2.051211,0.360376,-0.024462,-0.000245,-0.015579,-0.001022,0.012448,-0.000622
4558.112000,-0.401015,0.105956,0.268175,-2.025380,-2.051139,0.360423,-0.024571,-0.000249,-0.014969,-0.001028,0.012117,-0.000597
4558.120000,-0.401219,0.105939,0.268072,-2.025258,-2.051102,0.360571,-0.024471,-0.000246,-0.015472,-0.001024,0.012361,-0.000618
4558.128000,-0.401416,0.105940,0.267950,-2.025202,-2.051041,0.360713,-0.024826,-0.000251,-0.015216,-0.001042,0.012515,-0.000611
4558.136000,-0.401613,0.105950,0.267820,-2.025192,-2.050936,0.360772,-0.024407,-0.000245,-0.016382,-0.000979,0.009486,-0.000609
4558.144000,-0.401802,0.105945,0.267707,-2.025140,-2.050910,0.360907,-0.024796,-0.000248,-0.014929,-0.001075,0.015122,-0.000636
4558.152000,-0.402010,0.105921,0.267599,-2.024982,-2.050826,0.361096,-0.025115,-0.000253,-0.014200,-0.001119,0.017154,-0.000639
4558.160000,-0.402211,0.105934,0.267471,-2.025019,-2.050701,0.361159,-0.024573,-0.000247,-0.016320,-0.000998,0.010324,-0.000619
4558.168000,-0.402403,0.105932,0.267346,-2.024939,-2.050656,0.361264,-0.024181,-0.000244,-0.015529,-0.000994,0.010775,-0.000600
4558.176000,-0.402588,0.105933,0.267205,-2.024913,-2.050655,0.361226,-0.024406,-0.000244,-0.015847,-0.001016,0.012083,-0.000627
4558.184000,-0.402784,0.105927,0.267099,-2.024810,-2.050604,0.361440,-0.024529,-0.000246,-0.014329,-0.001072,0.015295,-0.000620
4558.192000,-0.402975,0.105918,0.266981,-2.024835,-2.050529,0.361555,-0.024207,-0.000243,-0.015511,-0.001006,0.011633,-0.000611
4558.200000,-0.403167,0.105933,0.266859,-2.024777,-2.050399,0.361663,-0.023813,-0.000237,-0.015857,-0.000975,0.010651,-0.000610
4558.208000,-0.403358,0.105931,0.266734,-2.024731,-2.050391,0.361711,-0.023492,-0.000235,-0.016585,-0.000915,0.007185,-0.000589
4558.216000,-0.403548,0.105922,0.266644,-2.024602,-2.050281,0.361963,-0.024279,-0.000242,-0.014387,-0.001061,0.015132,-0.000621
4558.224000,-0.403733,0.105937,0.266497,-2.024652,-2.050239,0.361914,-0.023710,-0.000235,-0.014720,-0.001016,0.013574,-0.000613
4558.232000,-0.403936,0.105917,0.266422,-2.024459,-2.050100,0.362194,-0.024220,-0.000242,-0.014899,-0.001035,0.013440,-0.000616
4558.240000,-0.404122,0.105922,0.266294,-2.024482,-2.050071,0.362244,-0.023605,-0.000236,-0.013812,-0.001025,0.013987,-0.000589
4558.248000,-0.404317,0.105908,0.266184,-2.024348,-2.050038,0.362353,-0.023455,-0.000231,-0.015256,-0.001002,0.013570,-0.000632
4558.256000,-0.404503,0.105909,0.266092,-2.024276,-2.049912,0.362568,-0.024322,-0.000241,-0.013784,-0.001100,0.017725,-0.000637
4558.264000,-0.404691,0.105906,0.265950,-2.024325,-2.049857,0.362619,-0.023707,-0.000236,-0.015773,-0.000971,0.010411,-0.000606
4558.272000,-0.404883,0.105908,0.265846,-2.024200,-2.049801,0.362679,-0.024057,-0.000237,-0.013488,-0.001105,0.018827,-0.000644
4558.280000,-0.405076,0.105910,0.265714,-2.024149,-2.049764,0.362772,-0.024223,-0.000240,-0.013592,-0.001093,0.017370,-0.000627
4558.288000,-0.405273,0.105903,0.265611,-2.024094,-2.049623,0.362961,-0.023423,-0.000232,-0.015838,-0.000953,0.009836,-0.000601
4558.296000,-0.405462,0.105901,0.265488,-2.024020,-2.049561,0.363079,-0.023914,-0.000235,-0.015059,-0.001038,0.014710,-0.000640
4558.304000,-0.405653,0.105900,0.265347,-2.024027,-2.049532,0.363112,-0.023673,-0.000234,-0.015547,-0.000984,0.011346,-0.000612
4558.312000,-0.405833,0.105900,0.265231,-2.023882,-2.049486,0.363217,-0.023781,-0.000235,-0.014229,-0.001045,0.015190,-0.000620
4558.320000,-0.406032,0.105890,0.265145,-2.023822,-2.049353,0.363468,-0.023656,-0.000234,-0.013452,-0.001071,0.017222,-0.000623
4558.328000,-0.406220,0.105897,0.265033,-2.023773,-2.049220,0.363645,-0.023769,-0.000231,-0.012650,-0.001132,0.021416,-0.000653
4558.336000,-0.406407,0.105896,0.264913,-2.023670,-2.049172,0.363746,-0.023791,-0.000234,-0.013067,-0.001098,0.018780,-0.000631
4558.344000,-0.406592,0.105919,0.264790,-2.023680,-2.049048,0.363833,-0.023497,-0.000229,-0.013093,-0.001077,0.018128,-0.000624
4558.352000,-0.406790,0.105889,0.264681,-2.023537,-2.049006,0.363977,-0.023023,-0.000225,-0.013679,-0.001036,0.016551,-0.000623
4558.360000,-0.406970,0.105892,0.264540,-2.023546,-2.049007,0.363992,-0.022743,-0.000223,-0.013742,-0.001002,0.014720,-0.000601
4558.368000,-0.407159,0.105886,0.264434,-2.023489,-2.048885,0.364143,-0.023138,-0.000225,-0.012411,-0.001097,0.020419,-0.000634
4558.376000,-0.407335,0.105903,0.264361,-2.023408,-2.048748,0.364332,-0.022363,-0.000216,-0.014266,-0.000975,0.014069,-0.000611
4558.384000,-0.407525,0.105872,0.264255,-2.023252,-2.048749,0.364486,-0.023164,-0.000226,-0.012445,-0.001098,0.020342,-0.000635
4558.392000,-0.407703,0.105897,0.264167,-2.023282,-2.048531,0.364685,-0.022687,-0.000221,-0.012994,-0.001026,0.016365,-0.000600
4558.400000,-0.407897,0.105883,0.264060,-2.023096,-2.048517,0.364810,-0.023428,-0.000227,-0.012214,-0.001130,0.021953,-0.000649
4558.408000,-0.408078,0.105871,0.263935,-2.023032,-2.048491,0.364900,-0.023541,-0.000228,-0.012936,-0.001115,0.020774,-0.000656
4558.416000,-0.408270,0.105879,0.263811,-2.022988,-2.048409,0.365003,-0.022530,-0.000220,-0.015126,-0.000942,0.011178,-0.000600
4558.424000,-0.408446,0.105878,0.263698,-2.022990,-2.048298,0.365096,-0.022783,-0.000221,-0.014269,-0.000997,0.014356,-0.000615
4558.432000,-0.408629,0.105870,0.263583,-2.022864,-2.048288,0.365247,-0.022696,-0.000220,-0.014136,-0.001006,0.015229,-0.000623
4558.440000,-0.408814,0.105873,0.263481,-2.022820,-2.048159,0.365403,-0.023006,-0.000222,-0.013019,-0.001072,0.018996,-0.000637
4558.448000,-0.408995,0.105888,0.263383,-2.022790,-2.048007,0.365492,-0.022494,-0.000218,-0.013340,-0.001005,0.015363,-0.000599
4558.456000,-0.409189,0.105862,0.263282,-2.022669,-2.047992,0.365732,-0.022744,-0.000223,-0.013351,-0.001015,0.015281,-0.000598
4558.464000,-0.409366,0.105869,0.263174,-2.022648,-2.047818,0.365830,-0.021857,-0.000212,-0.014369,-0.000928,0.011735,-0.000585
4558.472000,-0.409545,0.105847,0.263047,-2.022519,-2.047902,0.365892,-0.022538,-0.000219,-0.012512,-0.001054,0.018660,-0.000617
4558.480000,-0.409717,0.105850,0.262952,-2.022467,-2.047764,0.366060,-0.022008,-0.000212,-0.013952,-0.000973,0.014644,-0.000611
4558.488000,-0.409896,0.105868,0.262837,-2.022485,-2.047623,0.366165,-0.022303,-0.000212,-0.012554,-0.001061,0.020108,-0.000639
4558.496000,-0.410074,0.105855,0.262721,-2.022359,-2.047660,0.366257,-0.022484,-0.000216,-0.012700,-0.001052,0.018771,-0.000626
4558.504000,-0.410253,0.105863,0.262631,-2.022307,-2.047477,0.366483,-0.021921,-0.000210,-0.013835,-0.000971,0.014654,-0.000608
4558.512000,-0.410422,0.105863,0.262552,-2.022185,-2.047358,0.366644,-0.022264,-0.000213,-0.011876,-0.001069,0.020415,-0.000622
4558.520000,-0.410608,0.105856,0.262461,-2.022090,-2.047226,0.366851,-0.022367,-0.000214,-0.012113,-0.001073,0.020544,-0.000632
4558.528000,-0.410785,0.105873,0.262360,-2.022005,-2.047156,0.366975,-0.022610,-0.000213,-0.010029,-0.001180,0.027470,-0.000658
4558.536000,-0.410965,0.105848,0.262280,-2.021899,-2.046984,0.367235,-0.022132,-0.000211,-0.011190,-0.001097,0.022687,-0.000632
4558.544000,-0.411143,0.105851,0.262168,-2.021777,-2.046971,0.367328,-0.021935,-0.000208,-0.012532,-0.001038,0.019365,-0.000631
4558.552000,-0.411317,0.105848,0.262084,-2.021686,-2.046851,0.367556,-0.021503,-0.000203,-0.012952,-0.001003,0.018134,-0.000629
4558.560000,-0.411482,0.105861,0.261968,-2.021666,-2.046745,0.367657,-0.022204,-0.000211,-0.011985,-0.001062,0.020079,-0.000622
4558.568000,-0.411664,0.105866,0.261868,-2.021616,-2.046601,0.367787,-0.021443,-0.000202,-0.014427,-0.000932,0.013336,-0.000612
4558.576000,-0.411848,0.105835,0.261738,-2.021487,-2.046630,0.367896,-0.022473,-0.000211,-0.012219,-0.001103,0.022596,-0.000664
4558.584000,-0.412022,0.105839,0.261651,-2.021420,-2.046497,0.368048,-0.022574,-0.000213,-0.011430,-0.001130,0.023990,-0.000658
4558.592000,-0.412194,0.105844,0.261552,-2.021342,-2.046394,0.368257,-0.021920,-0.000204,-0.012164,-0.001073,0.022049,-0.000657
4558.600000,-0.412377,0.105839,0.261456,-2.021239,-2.046298,0.368412,-0.022353,-0.000210,-0.012147,-0.001093,0.022183,-0.000657
4558.608000,-0.412557,0.105823,0.261360,-2.021105,-2.046196,0.368608,-0.021797,-0.000206,-0.013346,-0.001007,0.017573,-0.000635
4558.616000,-0.412731,0.105830,0.261266,-2.021002,-2.046083,0.368800,-0.022246,-0.000209,-0.010852,-0.001128,0.024594,-0.000649
4558.624000,-0.412900,0.105847,0.261185,-2.020973,-2.045925,0.368972,-0.022096,-0.000207,-0.011322,-0.001099,0.023061,-0.000643
4558.632000,-0.413081,0.105831,0.261100,-2.020822,-2.045808,0.369215,-0.021547,-0.000201,-0.011575,-0.001061,0.021829,-0.000636
4558.640000,-0.413263,0.105815,0.261001,-2.020692,-2.045738,0.369398,-0.021283,-0.000200,-0.011927,-0.001030,0.020267,-0.000627
4558.648000,-0.413412,0.105850,0.260926,-2.020611,-2.045562,0.369534,-0.021787,-0.000205,-0.010854,-0.001081,0.022246,-0.000618
4558.656000,-0.413596,0.105832,0.260817,-2.020510,-2.045552,0.369662,-0.021562,-0.000201,-0.010746,-0.001089,0.023536,-0.000633
4558.664000,-0.413776,0.105831,0.260734,-2.020427,-2.045381,0.369891,-0.021825,-0.000202,-0.009782,-0.001157,0.027729,-0.000659
4558.672000,-0.413950,0.105823,0.260630,-2.020382,-2.045280,0.370055,-0.021573,-0.000203,-0.010380,-0.001091,0.023368,-0.000619
4558.680000,-0.414114,0.105813,0.260547,-2.020251,-2.045201,0.370197,-0.021128,-0.000196,-0.012828,-0.000995,0.018426,-0.000632
4558.688000,-0.414274,0.105816,0.260440,-2.020209,-2.045103,0.370340,-0.021779,-0.000203,-0.009703,-0.001145,0.026747,-0.000644
4558.696000,-0.414452,0.105814,0.260350,-2.020093,-2.045023,0.370501,-0.021182,-0.000199,-0.010474,-0.001066,0.022625,-0.000613
4558.704000,-0.414626,0.105809,0.260290,-2.019941,-2.044852,0.370761,-0.021902,-0.000204,-0.009949,-0.001153,0.027092,-0.000657
4558.712000,-0.414794,0.105822,0.260183,-2.019907,-2.044732,0.370885,-0.021461,-0.000198,-0.010811,-0.001092,0.024096,-0.000645
4558.720000,-0.414970,0.105799,0.260119,-2.019761,-2.044606,0.371184,-0.020979,-0.000195,-0.011974,-0.001013,0.019807,-0.000625
4558.728000,-0.415128,0.105818,0.260041,-2.019674,-2.044454,0.371344,-0.020663,-0.000193,-0.011338,-0.000994,0.018901,-0.000592
4558.736000,-0.415300,0.105804,0.259954,-2.019526,-2.044400,0.371558,-0.021208,-0.000196,-0.010617,-0.001081,0.023823,-0.000636
4558.744000,-0.415468,0.105804,0.259855,-2.019429,-2.044309,0.371696,-0.021060,-0.000194,-0.011408,-0.001049,0.022179,-0.000639
4558.752000,-0.415634,0.105808,0.259746,-2.019396,-2.044211,0.371791,-0.021259,-0.000197,-0.011068,-0.001065,0.022625,-0.000634
4558.760000,-0.415800,0.105812,0.259655,-2.019325,-2.044103,0.371942,-0.021323,-0.000196,-0.010650,-0.001090,0.024216,-0.000643
4558.768000,-0.415970,0.105808,0.259572,-2.019239,-2.043990,0.372159,-0.020449,-0.000189,-0.012033,-0.000970,0.018005,-0.000604
4558.776000,-0.416141,0.105800,0.259465,-2.019159,-2.043884,0.372271,-0.021120,-0.000195,-0.010157,-0.001091,0.024605,-0.000633
4558.784000,-0.416305,0.105804,0.259388,-2.019043,-2.043797,0.372510,-0.020575,-0.000189,-0.011184,-0.001018,0.021063,-0.000618
4558.792000,-0.416468,0.105802,0.259307,-2.018905,-2.043676,0.372646,-0.021013,-0.000191,-0.009031,-0.001143,0.028746,-0.000654
4558.800000,-0.416646,0.105795,0.259206,-2.018817,-2.043576,0.372816,-0.020885,-0.000189,-0.009046,-0.001145,0.029316,-0.000663
4558.808000,-0.416802,0.105788,0.259157,-2.018676,-2.043427,0.373089,-0.020219,-0.000185,-0.010587,-0.001024,0.022362,-0.000618
4558.816000,-0.416966,0.105792,0.259051,-2.018603,-2.043337,0.373202,-0.020345,-0.000183,-0.010169,-0.001069,0.025458,-0.000647
4558.824000,-0.417111,0.105815,0.259010,-2.018508,-2.043088,0.373495,-0.020879,-0.000188,-0.009328,-0.001125,0.027941,-0.000654
4558.832000,-0.417285,0.105807,0.258907,-2.018417,-2.043013,0.373664,-0.019944,-0.000178,-0.010809,-0.001025,0.023666,-0.000645
4558.840000,-0.417455,0.105796,0.258860,-2.018248,-2.042829,0.373974,-0.020415,-0.000186,-0.009664,-0.001069,0.024926,-0.000624
4558.848000,-0.417619,0.105793,0.258781,-2.018077,-2.042724,0.374116,-0.020940,-0.000189,-0.007994,-0.001177,0.031071,-0.000654
4558.856000,-0.417777,0.105792,0.258698,-2.017981,-2.042641,0.374267,-0.019821,-0.000179,-0.010754,-0.000999,0.021715,-0.000616
4558.864000,-0.417948,0.105772,0.258624,-2.017876,-2.042537,0.374531,-0.020407,-0.000187,-0.008934,-0.001089,0.026000,-0.000616
4558.872000,-0.418107,0.105795,0.258534,-2.017807,-2.042340,0.374657,-0.020182,-0.000181,-0.010948,-0.001025,0.022726,-0.000637
4558.880000,-0.418268,0.105771,0.258474,-2.017608,-2.042329,0.374977,-0.020250,-0.000184,-0.010958,-0.001014,0.021542,-0.000621
4558.888000,-0.418428,0.105784,0.258371,-2.017564,-2.042182,0.375054,-0.020225,-0.000183,-0.009683,-0.001059,0.024600,-0.000622
4558.896000,-0.418589,0.105797,0.258316,-2.017433,-2.041989,0.375312,-0.020229,-0.000183,-0.010046,-0.001044,0.023632,-0.000620
4558.904000,-0.418757,0.105786,0.258229,-2.017327,-2.041894,0.375494,-0.019611,-0.000176,-0.010898,-0.000987,0.021480,-0.000619
4558.912000,-0.418919,0.105767,0.258156,-2.017193,-2.041806,0.375740,-0.020231,-0.000184,-0.009635,-0.001061,0.024624,-0.000621
4558.920000,-0.419074,0.105773,0.258025,-2.017205,-2.041750,0.375742,-0.019934,-0.000177,-0.009887,-0.001063,0.026101,-0.000651
4558.928000,-0.419235,0.105792,0.258000,-2.017010,-2.041491,0.376097,-0.020199,-0.000181,-0.009539,-0.001070,0.025588,-0.000632
4558.936000,-0.419398,0.105765,0.257905,-2.016937,-2.041431,0.376247,-0.020377,-0.000183,-0.009246,-0.001099,0.027117,-0.000643
4558.944000,-0.419558,0.105764,0.257821,-2.016794,-2.041348,0.376427,-0.019876,-0.000177,-0.009834,-0.001050,0.025065,-0.000635
4558.952000,-0.419719,0.105762,0.257756,-2.016695,-2.041188,0.376653,-0.019529,-0.000175,-0.009879,-0.001018,0.023561,-0.000616
4558.960000,-0.419869,0.105770,0.257676,-2.016616,-2.041052,0.376849,-0.020084,-0.000178,-0.008601,-0.001109,0.028579,-0.000644
4558.968000,-0.420042,0.105758,0.257570,-2.016525,-2.040997,0.376984,-0.019439,-0.000174,-0.010256,-0.000997,0.022343,-0.000612
4558.976000,-0.420201,0.105748,0.257517,-2.016341,-2.040868,0.377228,-0.019648,-0.000178,-0.009046,-0.001038,0.024227,-0.000599
4558.984000,-0.420346,0.105765,0.257428,-2.016291,-2.040747,0.377298,-0.019785,-0.000175,-0.008879,-0.001081,0.027414,-0.000638
4558.992000,-0.420503,0.105763,0.257363,-2.016170,-2.040609,0.377616,-0.018952,-0.000167,-0.010207,-0.000980,0.022621,-0.000616
4559.000000,-0.420664,0.105751,0.257260,-2.016107,-2.040564,0.377744,-0.019226,-0.000167,-0.009615,-0.001043,0.026566,-0.000652
4559.008000,-0.420810,0.105763,0.257176,-2.016000,-2.040430,0.377870,-0.019024,-0.000170,-0.008526,-0.001027,0.025219,-0.000598
4559.016000,-0.420967,0.105755,0.257124,-2.015891,-2.040265,0.378136,-0.019165,-0.000167,-0.008669,-0.001063,0.027870,-0.000640
4559.024000,-0.421117,0.105761,0.257059,-2.015799,-2.040104,0.378308,-0.019379,-0.000170,-0.007455,-0.001110,0.030396,-0.000635
4559.032000,-0.421281,0.105751,0.256986,-2.015613,-2.039993,0.378515,-0.019615,-0.000169,-0.006297,-0.001198,0.036210,-0.000679
4559.040000,-0.421413,0.105775,0.256933,-2.015575,-2.039820,0.378774,-0.018696,-0.000163,-0.009797,-0.000980,0.023254,-0.000613
4559.048000,-0.421577,0.105775,0.256884,-2.015361,-2.039659,0.379055,-0.019882,-0.000172,-0.008084,-0.001135,0.031167,-0.000666
4559.056000,-0.421736,0.105773,0.256822,-2.015184,-2.039522,0.379330,-0.019246,-0.000168,-0.008697,-0.001054,0.026906,-0.000628
4559.064000,-0.421907,0.105741,0.256746,-2.015025,-2.039447,0.379558,-0.019528,-0.000169,-0.007967,-0.001122,0.031052,-0.000662
4559.072000,-0.422055,0.105756,0.256707,-2.014876,-2.039206,0.379850,-0.019355,-0.000168,-0.008263,-0.001087,0.028919,-0.000642
4559.080000,-0.422215,0.105734,0.256662,-2.014723,-2.039016,0.380170,-0.019288,-0.000168,-0.008449,-0.001081,0.028704,-0.000646
4559.088000,-0.422369,0.105726,0.256566,-2.014581,-2.038992,0.380341,-0.018481,-0.000163,-0.010026,-0.000953,0.021620,-0.000599
4559.096000,-0.422518,0.105744,0.256494,-2.014519,-2.038779,0.380485,-0.019250,-0.000166,-0.008209,-0.001088,0.029284,-0.000646
4559.104000,-0.422653,0.105764,0.256391,-2.014447,-2.038716,0.380546,-0.018974,-0.000166,-0.009281,-0.001005,0.024002,-0.000608
4559.112000,-0.422810,0.105760,0.256334,-2.014379,-2.038497,0.380851,-0.019122,-0.000163,-0.007594,-0.001109,0.031292,-0.000655
4559.120000,-0.422955,0.105748,0.256330,-2.014116,-2.038323,0.381232,-0.019436,-0.000166,-0.007510,-0.001132,0.031953,-0.000661
4559.128000,-0.423112,0.105738,0.256238,-2.014008,-2.038246,0.381376,-0.018761,-0.000162,-0.007350,-0.001084,0.030108,-0.000632
4559.136000,-0.423259,0.105741,0.256175,-2.013900,-2.038077,0.381608,-0.019094,-0.000162,-0.007352,-0.001127,0.032596,-0.000666
4559.144000,-0.423418,0.105737,0.256138,-2.013721,-2.037923,0.381943,-0.018729,-0.000160,-0.006411,-0.001118,0.032534,-0.000636
4559.152000,-0.423566,0.105738,0.256066,-2.013625,-2.037806,0.382082,-0.018538,-0.000158,-0.007731,-0.001066,0.029596,-0.000638
4559.160000,-0.423718,0.105726,0.256004,-2.013457,-2.037698,0.382315,-0.018802,-0.000159,-0.005812,-0.001164,0.035716,-0.000661
4559.168000,-0.423864,0.105736,0.255958,-2.013357,-2.037484,0.382556,-0.018995,-0.000162,-0.006084,-0.001146,0.033765,-0.000642
4559.176000,-0.424014,0.105729,0.255895,-2.013184,-2.037399,0.382785,-0.018244,-0.000156,-0.007952,-0.001028,0.027468,-0.000616
4559.184000,-0.424157,0.105734,0.255846,-2.013078,-2.037180,0.383042,-0.018285,-0.000153,-0.007557,-0.001072,0.030871,-0.000652
4559.192000,-0.424304,0.105727,0.255767,-2.012957,-2.037120,0.383192,-0.018350,-0.000157,-0.007196,-0.001059,0.029231,-0.000617
4559.200000,-0.424448,0.105725,0.255708,-2.012866,-2.036949,0.383443,-0.018191,-0.000155,-0.008646,-0.001004,0.026082,-0.000620
4559.208000,-0.424582,0.105744,0.255670,-2.012745,-2.036768,0.383671,-0.018429,-0.000154,-0.006603,-0.001111,0.033181,-0.000653
4559.216000,-0.424743,0.105729,0.255613,-2.012549,-2.036600,0.383967,-0.018709,-0.000157,-0.005971,-0.001148,0.034844,-0.000656
4559.224000,-0.424894,0.105722,0.255577,-2.012350,-2.036437,0.384266,-0.018100,-0.000153,-0.006528,-0.001080,0.031513,-0.000628
4559.232000,-0.425038,0.105713,0.255525,-2.012247,-2.036312,0.384531,-0.018593,-0.000154,-0.006185,-0.001148,0.035328,-0.000671
4559.240000,-0.425188,0.105720,0.255462,-2.012104,-2.036118,0.384744,-0.018187,-0.000154,-0.006323,-0.001088,0.031729,-0.000625
4559.248000,-0.425330,0.105738,0.255420,-2.011960,-2.035940,0.385006,-0.018094,-0.000151,-0.007081,-0.001060,0.030248,-0.000629
4559.256000,-0.425484,0.105716,0.255375,-2.011780,-2.035797,0.385296,-0.017965,-0.000154,-0.007318,-0.001021,0.027425,-0.000597
4559.264000,-0.425629,0.105725,0.255301,-2.011672,-2.035676,0.385473,-0.018236,-0.000154,-0.007631,-0.001039,0.028196,-0.000618
4559.272000,-0.425770,0.105721,0.255232,-2.011559,-2.035591,0.385599,-0.017446,-0.000149,-0.009027,-0.000927,0.022301,-0.000582
4559.280000,-0.425908,0.105724,0.255178,-2.011425,-2.035400,0.385887,-0.017823,-0.000148,-0.008996,-0.000982,0.025699,-0.000629
4559.288000,-0.426045,0.105735,0.255082,-2.011427,-2.035286,0.385944,-0.017754,-0.000150,-0.007211,-0.001011,0.027291,-0.000593
4559.296000,-0.426198,0.105710,0.255053,-2.011208,-2.035165,0.386303,-0.017838,-0.000146,-0.006833,-0.001083,0.032807,-0.000659
4559.304000,-0.426343,0.105700,0.254989,-2.011057,-2.035045,0.386514,-0.018112,-0.000151,-0.005890,-0.001113,0.033699,-0.000641
4559.312000,-0.426486,0.105704,0.254950,-2.010914,-2.034841,0.386801,-0.018324,-0.000153,-0.006239,-0.001114,0.033310,-0.000646
4559.320000,-0.426630,0.105701,0.254883,-2.010800,-2.034724,0.387035,-0.017433,-0.000144,-0.007413,-0.001015,0.028786,-0.000622
4559.328000,-0.426777,0.105705,0.254844,-2.010624,-2.034534,0.387330,-0.017796,-0.000147,-0.006587,-0.001072,0.031868,-0.000639
4559.336000,-0.426917,0.105709,0.254771,-2.010538,-2.034437,0.387476,-0.017420,-0.000144,-0.006483,-0.001040,0.030378,-0.000615
4559.344000,-0.427064,0.105704,0.254710,-2.010395,-2.034272,0.387697,-0.017888,-0.000146,-0.006262,-0.001103,0.033948,-0.000658
4559.352000,-0.427201,0.105702,0.254682,-2.010196,-2.034089,0.388028,-0.017735,-0.000147,-0.005153,-0.001109,0.034274,-0.000627
4559.360000,-0.427336,0.105713,0.254627,-2.010108,-2.033907,0.388208,-0.017782,-0.000145,-0.004981,-0.001127,0.035621,-0.000641
4559.368000,-0.427491,0.105690,0.254591,-2.009886,-2.033752,0.388578,-0.017123,-0.000139,-0.006015,-0.001059,0.032654,-0.000633
4559.376000,-0.427619,0.105710,0.254538,-2.009809,-2.033563,0.388763,-0.017202,-0.000140,-0.006142,-0.001052,0.031969,-0.000628
4559.384000,-0.427753,0.105717,0.254470,-2.009698,-2.033449,0.388976,-0.017557,-0.000143,-0.005141,-0.001106,0.034773,-0.000635
4559.392000,-0.427895,0.105723,0.254429,-2.009505,-2.033281,0.389216,-0.017265,-0.000137,-0.004827,-0.001114,0.036383,-0.000648
4559.400000,-0.428046,0.105676,0.254374,-2.009289,-2.033223,0.389484,-0.017270,-0.000142,-0.005937,-0.001058,0.031907,-0.000621
4559.408000,-0.428176,0.105692,0.254316,-2.009212,-2.033029,0.389660,-0.017171,-0.000140,-0.004642,-0.001097,0.034907,-0.000622
4559.416000,-0.428313,0.105700,0.254273,-2.009123,-2.032836,0.389915,-0.017071,-0.000139,-0.005296,-0.001067,0.033148,-0.000618
4559.424000,-0.428455,0.105692,0.254240,-2.008923,-2.032704,0.390226,-0.017192,-0.000139,-0.003964,-0.001129,0.037160,-0.000632
4559.432000,-0.428587,0.105692,0.254211,-2.008693,-2.032580,0.390476,-0.017058,-0.000139,-0.005025,-0.001070,0.033244,-0.000611
4559.440000,-0.428728,0.105696,0.254164,-2.008637,-2.032341,0.390740,-0.017108,-0.000138,-0.004618,-0.001100,0.035348,-0.000628
4559.448000,-0.428863,0.105695,0.254151,-2.008420,-2.032135,0.391081,-0.017542,-0.000142,-0.004642,-0.001124,0.035832,-0.000635
4559.456000,-0.429002,0.105684,0.254116,-2.008234,-2.031981,0.391348,-0.017512,-0.000142,-0.004102,-0.001144,0.037270,-0.000639
4559.464000,-0.429141,0.105698,0.254082,-2.008089,-2.031779,0.391638,-0.016538,-0.000133,-0.005443,-0.001024,0.031480,-0.000601
4559.472000,-0.429282,0.105674,0.253994,-2.007986,-2.031746,0.391815,-0.016511,-0.000134,-0.006460,-0.000989,0.029103,-0.000601
4559.480000,-0.429408,0.105691,0.253950,-2.007865,-2.031526,0.392021,-0.017005,-0.000136,-0.005399,-0.001067,0.033402,-0.000627
4559.488000,-0.429546,0.105685,0.253891,-2.007681,-2.031427,0.392246,-0.017000,-0.000135,-0.004599,-0.001105,0.036110,-0.000640
4559.496000,-0.429681,0.105704,0.253868,-2.007578,-2.031190,0.392515,-0.017432,-0.000138,-0.003317,-0.001170,0.039422,-0.000645
4559.504000,-0.429828,0.105673,0.253855,-2.007332,-2.031004,0.392901,-0.017304,-0.000141,-0.003533,-0.001135,0.036829,-0.000615
4559.512000,-0.429955,0.105686,0.253807,-2.007235,-2.030827,0.393137,-0.016310,-0.000131,-0.005100,-0.001019,0.031567,-0.000593
4559.520000,-0.430085,0.105684,0.253782,-2.007044,-2.030701,0.393406,-0.016461,-0.000133,-0.005143,-0.001024,0.031471,-0.000593
4559.528000,-0.430216,0.105684,0.253722,-2.006949,-2.030567,0.393579,-0.016939,-0.000136,-0.002565,-0.001147,0.038612,-0.000610
4559.536000,-0.430344,0.105677,0.253695,-2.006799,-2.030435,0.393836,-0.016585,-0.000133,-0.002846,-0.001115,0.037338,-0.000602
4559.544000,-0.430483,0.105677,0.253686,-2.006570,-2.030183,0.394186,-0.016798,-0.000132,-0.003813,-0.001116,0.037270,-0.000633
4559.552000,-0.430607,0.105698,0.253656,-2.006471,-2.029947,0.394429,-0.016593,-0.000130,-0.003357,-0.001110,0.037328,-0.000619
4559.560000,-0.430739,0.105675,0.253614,-2.006288,-2.029853,0.394692,-0.015873,-0.000124,-0.005079,-0.001014,0.032598,-0.000609
4559.568000,-0.430866,0.105700,0.253597,-2.006194,-2.029553,0.395006,-0.015686,-0.000122,-0.004732,-0.001008,0.032756,-0.000600
4559.576000,-0.430996,0.105683,0.253559,-2.005982,-2.029480,0.395260,-0.016328,-0.000129,-0.004258,-0.001058,0.034304,-0.000606
4559.584000,-0.431126,0.105671,0.253526,-2.005818,-2.029328,0.395530,-0.016330,-0.000126,-0.004159,-0.001088,0.036748,-0.000639
4559.592000,-0.431257,0.105679,0.253526,-2.005582,-2.029112,0.395920,-0.016640,-0.000126,-0.003111,-0.001156,0.040803,-0.000662
4559.600000,-0.431397,0.105670,0.253463,-2.005465,-2.028945,0.396111,-0.016503,-0.000127,-0.002860,-0.001147,0.040305,-0.000647
4559.608000,-0.431521,0.105679,0.253444,-2.005289,-2.028785,0.396387,-0.016009,-0.000127,-0.004011,-0.001033,0.033043,-0.000581
4559.616000,-0.431645,0.105673,0.253407,-2.005149,-2.028610,0.396656,-0.016188,-0.000124,-0.003672,-0.001092,0.037247,-0.000631
4559.624000,-0.431774,0.105660,0.253395,-2.004907,-2.028481,0.396975,-0.016470,-0.000128,-0.003423,-0.001114,0.037851,-0.000631
4559.632000,-0.431905,0.105658,0.253374,-2.004752,-2.028270,0.397300,-0.015881,-0.000122,-0.004245,-0.001056,0.035545,-0.000626
4559.640000,-0.432026,0.105683,0.253330,-2.004700,-2.028013,0.397547,-0.016043,-0.000121,-0.002713,-0.001121,0.039797,-0.000637
4559.648000,-0.432161,0.105673,0.253320,-2.004466,-2.027859,0.397841,-0.015787,-0.000122,-0.003239,-0.001065,0.036106,-0.000602
4559.656000,-0.432292,0.105657,0.253314,-2.004180,-2.027700,0.398182,-0.016115,-0.000122,-0.003236,-0.001110,0.038713,-0.000639
4559.664000,-0.432421,0.105662,0.253279,-2.004049,-2.027484,0.398468,-0.015824,-0.000118,-0.003877,-0.001081,0.037688,-0.000646
4559.672000,-0.432537,0.105670,0.253241,-2.003971,-2.027279,0.398724,-0.015854,-0.000121,-0.004114,-0.001052,0.035301,-0.000619
4559.680000,-0.432667,0.105669,0.253205,-2.003751,-2.027142,0.398998,-0.015874,-0.000124,-0.004331,-0.001022,0.032756,-0.000590
4559.688000,-0.432801,0.105654,0.253163,-2.003630,-2.026951,0.399244,-0.016030,-0.000122,-0.003352,-0.001092,0.037467,-0.000626
4559.696000,-0.432914,0.105659,0.253129,-2.003501,-2.026838,0.399431,-0.015828,-0.000121,-0.004092,-0.001044,0.034635,-0.000610
4559.704000,-0.433044,0.105667,0.253092,-2.003370,-2.026601,0.399751,-0.015829,-0.000121,-0.003929,-0.001050,0.035037,-0.000610
4559.712000,-0.433175,0.105654,0.253090,-2.003116,-2.026465,0.400105,-0.015952,-0.000124,-0.003215,-0.001070,0.035785,-0.000598
4559.720000,-0.433298,0.105653,0.253079,-2.002932,-2.026269,0.400412,-0.016127,-0.000121,-0.002192,-0.001148,0.041239,-0.000643
4559.728000,-0.433429,0.105642,0.253059,-2.002740,-2.026089,0.400726,-0.015492,-0.000119,-0.003657,-0.001030,0.034199,-0.000590
4559.736000,-0.433551,0.105674,0.253032,-2.002633,-2.025790,0.400995,-0.015521,-0.000117,-0.004010,-0.001031,0.034678,-0.000609
4559.744000,-0.433676,0.105652,0.253012,-2.002386,-2.025701,0.401271,-0.015498,-0.000116,-0.003312,-0.001060,0.036619,-0.000614
4559.752000,-0.433802,0.105651,0.252969,-2.002219,-2.025570,0.401506,-0.015618,-0.000118,-0.003409,-0.001057,0.035986,-0.000608
4559.760000,-0.433917,0.105655,0.252941,-2.002135,-2.025379,0.401739,-0.015532,-0.000119,-0.003759,-0.001027,0.033997,-0.000591
4559.768000,-0.434046,0.105642,0.252915,-2.001901,-2.025238,0.402083,-0.015287,-0.000113,-0.004042,-0.001038,0.035967,-0.000630
4559.776000,-0.434168,0.105643,0.252868,-2.001834,-2.025030,0.402287,-0.015289,-0.000116,-0.004065,-0.001007,0.033269,-0.000592
4559.784000,-0.434286,0.105645,0.252863,-2.001607,-2.024873,0.402618,-0.015097,-0.000115,-0.003975,-0.000989,0.032411,-0.000577
4559.792000,-0.434409,0.105636,0.252815,-2.001460,-2.024753,0.402803,-0.015351,-0.000114,-0.003046,-0.001063,0.037118,-0.000614
4559.800000,-0.434534,0.105646,0.252808,-2.001318,-2.024528,0.403096,-0.015450,-0.000116,-0.002048,-0.001088,0.038369,-0.000600
4559.808000,-0.434652,0.105665,0.252806,-2.001198,-2.024227,0.403433,-0.015497,-0.000112,-0.001393,-0.001140,0.042414,-0.000637
4559.816000,-0.434777,0.105635,0.252784,-2.000938,-2.024138,0.403691,-0.015042,-0.000112,-0.003165,-0.001034,0.035838,-0.000601
4559.824000,-0.434902,0.105648,0.252756,-2.000794,-2.023943,0.403991,-0.015086,-0.000111,-0.001515,-0.001098,0.040224,-0.000611
4559.832000,-0.435011,0.105641,0.252738,-2.000590,-2.023804,0.404284,-0.015239,-0.000112,-0.001868,-0.001099,0.039970,-0.000618
4559.840000,-0.435135,0.105645,0.252727,-2.000430,-2.023610,0.404567,-0.014829,-0.000111,-0.002743,-0.001018,0.035095,-0.000577
4559.848000,-0.435256,0.105639,0.252700,-2.000322,-2.023419,0.404830,-0.015169,-0.000112,-0.001466,-0.001100,0.040013,-0.000606
4559.856000,-0.435378,0.105639,0.252686,-2.000110,-2.023213,0.405143,-0.014864,-0.000109,-0.001704,-0.001076,0.039246,-0.000604
4559.864000,-0.435490,0.105632,0.252670,-1.999886,-2.023103,0.405420,-0.014786,-0.000107,-0.001939,-0.001076,0.039582,-0.000617
4559.872000,-0.435610,0.105646,0.252646,-1.999851,-2.022845,0.405691,-0.014213,-0.000103,-0.002842,-0.000994,0.035316,-0.000585
4559.880000,-0.435726,0.105638,0.252594,-1.999655,-2.022744,0.405866,-0.014526,-0.000106,-0.001729,-0.001050,0.038192,-0.000590
4559.888000,-0.435836,0.105644,0.252573,-1.999523,-2.022591,0.406147,-0.014342,-0.000105,-0.001767,-0.001024,0.036788,-0.000572
4559.896000,-0.435960,0.105630,0.252591,-1.999291,-2.022337,0.406520,-0.014803,-0.000103,-0.000951,-0.001133,0.043809,-0.000647
4559.904000,-0.436067,0.105634,0.252591,-1.999072,-2.022155,0.406827,-0.014787,-0.000107,-0.001393,-0.001079,0.039563,-0.000599
4559.912000,-0.436190,0.105639,0.252570,-1.998906,-2.021953,0.407119,-0.015049,-0.000105,0.000277,-0.001185,0.046704,-0.000649
4559.920000,-0.436308,0.105653,0.252584,-1.998695,-2.021705,0.407469,-0.014345,-0.000104,-0.002254,-0.001010,0.035891,-0.000575
4559.928000,-0.436428,0.105630,0.252595,-1.998474,-2.021506,0.407874,-0.014545,-0.000101,-0.001438,-0.001092,0.041514,-0.000631
4559.936000,-0.436545,0.105636,0.252572,-1.998343,-2.021257,0.408148,-0.014571,-0.000107,-0.001103,-0.001057,0.038197,-0.000571
4559.944000,-0.436657,0.105629,0.252574,-1.998150,-2.021082,0.408469,-0.014452,-0.000103,-0.001261,-0.001073,0.040085,-0.000604
4559.952000,-0.436779,0.105624,0.252551,-1.997914,-2.020925,0.408756,-0.015031,-0.000107,-0.000153,-0.001155,0.044322,-0.000629
4559.960000,-0.436906,0.105608,0.252550,-1.997667,-2.020757,0.409077,-0.014727,-0.000106,-0.000132,-0.001120,0.042256,-0.000599
4559.968000,-0.437015,0.105618,0.252537,-1.997531,-2.020513,0.409382,-0.014530,-0.000101,-0.000521,-0.001118,0.043167,-0.000626
4559.976000,-0.437131,0.105632,0.252545,-1.997361,-2.020239,0.409751,-0.013560,-0.000097,-0.002690,-0.000952,0.033898,-0.000563
4559.984000,-0.437234,0.105631,0.252507,-1.997220,-2.020137,0.409939,-0.013688,-0.000097,-0.001754,-0.000996,0.036625,-0.000572
4559.992000,-0.437344,0.105619,0.252481,-1.997071,-2.020006,0.410198,-0.014302,-0.000100,-0.000811,-0.001085,0.041308,-0.000609
4560.000000,-0.437456,0.105624,0.252497,-1.996854,-2.019772,0.410530,-0.014629,-0.000102,0.001185,-0.001171,0.046340,-0.000617
4560.008000,-0.437580,0.105635,0.252483,-1.996723,-2.019503,0.410836,-0.014548,-0.000100,0.000762,-0.001162,0.046235,-0.000630
4560.016000,-0.437684,0.105613,0.252498,-1.996425,-2.019415,0.411258,-0.014273,-0.000100,0.000106,-0.001110,0.042966,-0.000604
4560.024000,-0.437802,0.105626,0.252507,-1.996277,-2.019093,0.411561,-0.013591,-0.000096,-0.001204,-0.000999,0.036817,-0.000558
4560.032000,-0.437910,0.105639,0.252495,-1.996100,-2.018937,0.411841,-0.014009,-0.000097,0.000148,-0.001086,0.042080,-0.000590
4560.040000,-0.438017,0.105621,0.252488,-1.995950,-2.018739,0.412096,-0.013391,-0.000096,-0.001314,-0.000974,0.035422,-0.000542
4560.048000,-0.438131,0.105613,0.252486,-1.995745,-2.018581,0.412427,-0.013495,-0.000092,-0.000323,-0.001050,0.040896,-0.000590
4560.056000,-0.438237,0.105626,0.252456,-1.995603,-2.018384,0.412605,-0.013803,-0.000096,0.000076,-0.001069,0.041241,-0.000581
4560.064000,-0.438346,0.105619,0.252483,-1.995374,-2.018173,0.412982,-0.013695,-0.000092,0.000170,-0.001088,0.043177,-0.000607
4560.072000,-0.438457,0.105618,0.252485,-1.995162,-2.017949,0.413330,-0.013796,-0.000094,0.000528,-0.001098,0.043426,-0.000599
4560.080000,-0.438569,0.105610,0.252488,-1.994964,-2.017798,0.413650,-0.013570,-0.000091,-0.000090,-0.001075,0.042621,-0.000608
4560.088000,-0.438672,0.105615,0.252486,-1.994797,-2.017571,0.413965,-0.013257,-0.000092,-0.001490,-0.000974,0.035959,-0.000557
4560.096000,-0.438775,0.105636,0.252472,-1.994630,-2.017388,0.414192,-0.013982,-0.000094,0.001116,-0.001130,0.045310,-0.000608
4560.104000,-0.438879,0.105634,0.252482,-1.994442,-2.017175,0.414557,-0.013526,-0.000092,-0.000178,-0.001042,0.040163,-0.000575
4560.112000,-0.438999,0.105607,0.252500,-1.994224,-2.016945,0.414955,-0.013703,-0.000093,0.000169,-0.001080,0.042372,-0.000596
4560.120000,-0.439109,0.105612,0.252470,-1.994070,-2.016776,0.415186,-0.013384,-0.000091,0.000531,-0.001064,0.041989,-0.000580
4560.128000,-0.439216,0.105617,0.252499,-1.993874,-2.016520,0.415546,-0.013270,-0.000091,0.000643,-0.001044,0.040604,-0.000556
4560.136000,-0.439313,0.105635,0.252493,-1.993713,-2.016334,0.415835,-0.012843,-0.000088,-0.000684,-0.000964,0.036257,-0.000536
4560.144000,-0.439417,0.105629,0.252524,-1.993481,-2.016116,0.416197,-0.013224,-0.000089,0.000221,-0.001035,0.040369,-0.000567
4560.152000,-0.439530,0.105618,0.252522,-1.993284,-2.015882,0.416463,-0.013365,-0.000092,0.000600,-0.001046,0.040460,-0.000555
4560.160000,-0.439621,0.105630,0.252550,-1.993078,-2.015681,0.416824,-0.012952,-0.000088,-0.000151,-0.000991,0.037867,-0.000543
4560.168000,-0.439739,0.105620,0.252539,-1.992894,-2.015500,0.417087,-0.013417,-0.000088,0.001658,-0.001119,0.045962,-0.000602
4560.176000,-0.439847,0.105613,0.252555,-1.992645,-2.015292,0.417470,-0.012997,-0.000085,0.000254,-0.001044,0.041884,-0.000589
4560.184000,-0.439955,0.105593,0.252535,-1.992448,-2.015175,0.417716,-0.013310,-0.000090,0.000305,-0.001055,0.041394,-0.000580
4560.192000,-0.440060,0.105599,0.252547,-1.992238,-2.014993,0.418069,-0.012671,-0.000083,-0.000856,-0.000985,0.038591,-0.000578
4560.200000,-0.440163,0.105594,0.252557,-1.992040,-2.014759,0.418424,-0.012483,-0.000084,-0.000064,-0.000979,0.038174,-0.000546
4560.208000,-0.440251,0.105632,0.252530,-1.992051,-2.014486,0.418582,-0.012772,-0.000085,0.000115,-0.000995,0.038692,-0.000548
4560.216000,-0.440361,0.105604,0.252537,-1.991752,-2.014373,0.418937,-0.012586,-0.000083,0.000292,-0.001007,0.040048,-0.000562
4560.224000,-0.440463,0.105605,0.252568,-1.991540,-2.014116,0.419273,-0.012844,-0.000082,0.001382,-0.001075,0.044314,-0.000589
4560.232000,-0.440571,0.105599,0.252547,-1.991393,-2.013984,0.419597,-0.012714,-0.000084,0.000929,-0.001032,0.041333,-0.000560
4560.240000,-0.440670,0.105596,0.252538,-1.991225,-2.013815,0.419809,-0.012887,-0.000084,0.001429,-0.001069,0.043513,-0.000576
4560.248000,-0.440772,0.105612,0.252587,-1.990994,-2.013475,0.420252,-0.012570,-0.000081,0.001324,-0.001042,0.042545,-0.000566
4560.256000,-0.440875,0.105607,0.252592,-1.990744,-2.013329,0.420534,-0.012741,-0.000080,0.002732,-0.001113,0.047099,-0.000587
4560.264000,-0.440971,0.105608,0.252607,-1.990601,-2.013094,0.420903,-0.012813,-0.000084,0.001119,-0.001041,0.041716,-0.000560
4560.272000,-0.441075,0.105600,0.252629,-1.990305,-2.012892,0.421232,-0.012282,-0.000079,0.001168,-0.001015,0.041318,-0.000554
4560.280000,-0.441178,0.105605,0.252648,-1.990103,-2.012654,0.421576,-0.012697,-0.000080,0.001815,-0.001079,0.044884,-0.000585
4560.288000,-0.441276,0.105609,0.252635,-1.990008,-2.012430,0.421843,-0.012486,-0.000079,0.001669,-0.001053,0.043533,-0.000570
4560.296000,-0.441391,0.105594,0.252649,-1.989714,-2.012287,0.422164,-0.012558,-0.000081,0.001277,-0.001039,0.042186,-0.000563
4560.304000,-0.441484,0.105608,0.252690,-1.989526,-2.011972,0.422577,-0.012095,-0.000078,-0.000139,-0.000951,0.037326,-0.000539
4560.312000,-0.441576,0.105621,0.252656,-1.989420,-2.011793,0.422736,-0.011447,-0.000073,0.000066,-0.000915,0.036569,-0.000522
4560.320000,-0.441670,0.105602,0.252662,-1.989221,-2.011671,0.423063,-0.012168,-0.000079,0.001084,-0.000996,0.040082,-0.000540
4560.328000,-0.441769,0.105588,0.252668,-1.989056,-2.011482,0.423404,-0.012626,-0.000079,0.002650,-0.001107,0.046921,-0.000589
4560.336000,-0.441872,0.105607,0.252712,-1.988820,-2.011146,0.423783,-0.012156,-0.000075,0.001943,-0.001045,0.043873,-0.000568
4560.344000,-0.441969,0.105591,0.252705,-1.988602,-2.011034,0.424125,-0.012135,-0.000073,0.002095,-0.001065,0.045498,-0.000587
4560.352000,-0.442064,0.105585,0.252714,-1.988427,-2.010879,0.424410,-0.012289,-0.000076,0.002038,-0.001060,0.044458,-0.000574
4560.360000,-0.442160,0.105604,0.252763,-1.988208,-2.010532,0.424766,-0.012199,-0.000075,0.002891,-0.001082,0.046313,-0.000573
4560.368000,-0.442263,0.105592,0.252801,-1.987914,-2.010351,0.425157,-0.011849,-0.000075,0.002206,-0.001012,0.041899,-0.000531
4560.376000,-0.442352,0.105610,0.252782,-1.987838,-2.010157,0.425400,-0.011952,-0.000072,0.002669,-0.001055,0.045096,-0.000563
4560.384000,-0.442449,0.105587,0.252798,-1.987621,-2.009957,0.425682,-0.011604,-0.000072,0.002957,-0.001028,0.043634,-0.000533
4560.392000,-0.442549,0.105580,0.252846,-1.987340,-2.009693,0.426133,-0.011839,-0.000071,0.003498,-0.001088,0.047535,-0.000573
4560.400000,-0.442639,0.105596,0.252846,-1.987203,-2.009498,0.426380,-0.012079,-0.000074,0.003826,-0.001096,0.047219,-0.000557
4560.408000,-0.442735,0.105584,0.252862,-1.986994,-2.009327,0.426688,-0.011668,-0.000074,0.002209,-0.000996,0.041113,-0.000520
4560.416000,-0.442822,0.105586,0.252907,-1.986736,-2.009122,0.427095,-0.011975,-0.000074,0.002490,-0.001042,0.043739,-0.000550
4560.424000,-0.442915,0.105597,0.252930,-1.986575,-2.008849,0.427417,-0.011005,-0.000068,0.001304,-0.000925,0.038127,-0.000507
4560.432000,-0.443019,0.105580,0.252931,-1.986313,-2.008748,0.427719,-0.011230,-0.000068,0.001607,-0.000972,0.040974,-0.000539
4560.440000,-0.443101,0.105586,0.252954,-1.986184,-2.008481,0.428003,-0.011497,-0.000072,0.002915,-0.001004,0.041990,-0.000511
4560.448000,-0.443192,0.105608,0.252957,-1.986061,-2.008223,0.428272,-0.011673,-0.000069,0.003211,-0.001058,0.045982,-0.000561
4560.456000,-0.443292,0.105591,0.253018,-1.985732,-2.008007,0.428722,-0.011821,-0.000069,0.004447,-0.001113,0.049242,-0.000568
4560.464000,-0.443386,0.105593,0.253044,-1.985491,-2.007763,0.429039,-0.011607,-0.000070,0.004143,-0.001074,0.046864,-0.000544
4560.472000,-0.443481,0.105587,0.253070,-1.985278,-2.007540,0.429390,-0.011903,-0.000070,0.004436,-0.001123,0.049692,-0.000576
4560.480000,-0.443576,0.105589,0.253095,-1.985160,-2.007283,0.429763,-0.011153,-0.000066,0.003248,-0.001012,0.043749,-0.000528
4560.488000,-0.443671,0.105573,0.253131,-1.984832,-2.007111,0.430150,-0.010948,-0.000065,0.002762,-0.000986,0.042441,-0.000525
4560.496000,-0.443753,0.105589,0.253144,-1.984683,-2.006901,0.430395,-0.011074,-0.000066,0.002867,-0.000989,0.042273,-0.000519
4560.504000,-0.443838,0.105602,0.253164,-1.984514,-2.006684,0.430722,-0.011223,-0.000065,0.004203,-0.001057,0.046884,-0.000543
4560.512000,-0.443930,0.105591,0.253212,-1.984273,-2.006407,0.431052,-0.011272,-0.000066,0.004456,-0.001061,0.046735,-0.000533
4560.520000,-0.444022,0.105583,0.253229,-1.984000,-2.006277,0.431391,-0.011243,-0.000064,0.004547,-0.001080,0.048350,-0.000554
4560.528000,-0.444111,0.105588,0.253264,-1.983862,-2.006010,0.431721,-0.010999,-0.000066,0.004102,-0.001015,0.043984,-0.000504
4560.536000,-0.444199,0.105592,0.253268,-1.983690,-2.005858,0.431984,-0.011407,-0.000065,0.004739,-0.001097,0.049175,-0.000560
4560.544000,-0.444288,0.105580,0.253319,-1.983444,-2.005601,0.432395,-0.010651,-0.000064,0.002460,-0.000941,0.039901,-0.000498
4560.552000,-0.444364,0.105579,0.253356,-1.983237,-2.005390,0.432741,-0.010431,-0.000060,0.002432,-0.000945,0.041075,-0.000517
4560.560000,-0.444446,0.105580,0.253349,-1.983096,-2.005254,0.432915,-0.011022,-0.000064,0.003636,-0.001020,0.044526,-0.000528
4560.568000,-0.444530,0.105589,0.253382,-1.982893,-2.005003,0.433302,-0.011009,-0.000065,0.003377,-0.001000,0.043097,-0.000516
4560.576000,-0.444637,0.105557,0.253415,-1.982595,-2.004832,0.433673,-0.010958,-0.000062,0.003781,-0.001036,0.045853,-0.000544
4560.584000,-0.444714,0.105579,0.253463,-1.982428,-2.004530,0.434007,-0.010878,-0.000064,0.002785,-0.000975,0.041731,-0.000515
4560.592000,-0.444801,0.105570,0.253465,-1.982251,-2.004408,0.434302,-0.011047,-0.000059,0.004327,-0.001082,0.049280,-0.000577
4560.600000,-0.444886,0.105566,0.253536,-1.981970,-2.004130,0.434701,-0.010710,-0.000061,0.004278,-0.001025,0.045600,-0.000525
4560.608000,-0.444971,0.105585,0.253535,-1.981846,-2.003910,0.434994,-0.010693,-0.000059,0.003806,-0.001016,0.045355,-0.000537
4560.616000,-0.445055,0.105594,0.253576,-1.981614,-2.003673,0.435363,-0.010870,-0.000062,0.004178,-0.001025,0.045298,-0.000523
4560.624000,-0.445142,0.105579,0.253601,-1.981405,-2.003496,0.435662,-0.010755,-0.000063,0.004493,-0.001015,0.044536,-0.000502
4560.632000,-0.445229,0.105570,0.253636,-1.981150,-2.003293,0.435983,-0.010624,-0.000057,0.004631,-0.001048,0.047656,-0.000544
4560.640000,-0.445310,0.105576,0.253675,-1.981015,-2.003001,0.436314,-0.010528,-0.000061,0.004408,-0.000998,0.043865,-0.000495
4560.648000,-0.445402,0.105557,0.253721,-1.980717,-2.002846,0.436706,-0.010336,-0.000055,0.004129,-0.001016,0.046175,-0.000540
4560.656000,-0.445477,0.105569,0.253737,-1.980562,-2.002624,0.436953,-0.010466,-0.000058,0.004320,-0.001009,0.045101,-0.000517
4560.664000,-0.445562,0.105570,0.253788,-1.980304,-2.002399,0.437395,-0.009959,-0.000054,0.003858,-0.000961,0.043170,-0.000504
4560.672000,-0.445640,0.105572,0.253833,-1.980076,-2.002151,0.437725,-0.010004,-0.000050,0.003978,-0.001001,0.046376,-0.000549
4560.680000,-0.445715,0.105566,0.253834,-1.979966,-2.001986,0.437958,-0.010146,-0.000057,0.004543,-0.000983,0.043836,-0.000492
4560.688000,-0.445802,0.105574,0.253909,-1.979677,-2.001646,0.438382,-0.010853,-0.000057,0.006099,-0.001120,0.052046,-0.000563
4560.696000,-0.445893,0.105561,0.253949,-1.979429,-2.001445,0.438779,-0.010292,-0.000053,0.005804,-0.001075,0.050388,-0.000549
4560.704000,-0.445967,0.105576,0.253985,-1.979248,-2.001187,0.439127,-0.010330,-0.000056,0.005048,-0.001024,0.046400,-0.000514
4560.712000,-0.446039,0.105577,0.254011,-1.979103,-2.000976,0.439373,-0.010529,-0.000057,0.005974,-0.001073,0.049290,-0.000526
4560.720000,-0.446123,0.105594,0.254057,-1.978877,-2.000712,0.439713,-0.010645,-0.000055,0.006380,-0.001105,0.051572,-0.000547
4560.728000,-0.446211,0.105563,0.254114,-1.978566,-2.000554,0.440174,-0.009986,-0.000055,0.004861,-0.000985,0.044383,-0.000491
4560.736000,-0.446291,0.105568,0.254159,-1.978391,-2.000268,0.440520,-0.010382,-0.000054,0.005862,-0.001067,0.049334,-0.000531
4560.744000,-0.446367,0.105575,0.254202,-1.978156,-2.000062,0.440805,-0.009340,-0.000050,0.005278,-0.000950,0.043535,-0.000465
4560.752000,-0.446448,0.105568,0.254244,-1.977945,-1.999852,0.441180,-0.009826,-0.000048,0.005075,-0.001022,0.048054,-0.000539
4560.760000,-0.446519,0.105580,0.254294,-1.977752,-1.999542,0.441530,-0.009547,-0.000051,0.004508,-0.000946,0.042993,-0.000483
4560.768000,-0.446606,0.105553,0.254319,-1.977483,-1.999431,0.441838,-0.009535,-0.000050,0.004752,-0.000963,0.044052,-0.000491
4560.776000,-0.446677,0.105572,0.254358,-1.977323,-1.999226,0.442136,-0.009442,-0.000050,0.004629,-0.000943,0.042998,-0.000479
4560.784000,-0.446760,0.105558,0.254393,-1.977091,-1.999047,0.442523,-0.009688,-0.000050,0.004935,-0.000988,0.045586,-0.000508
4560.792000,-0.446831,0.105575,0.254466,-1.976905,-1.998675,0.442919,-0.009513,-0.000051,0.005024,-0.000953,0.043309,-0.000471
4560.800000,-0.446907,0.105556,0.254489,-1.976644,-1.998579,0.443136,-0.009283,-0.000047,0.005312,-0.000970,0.045303,-0.000492
4560.808000,-0.446984,0.105564,0.254547,-1.976432,-1.998302,0.443569,-0.009337,-0.000048,0.005279,-0.000963,0.044608,-0.000483
4560.816000,-0.447058,0.105563,0.254565,-1.976291,-1.998105,0.443841,-0.009678,-0.000049,0.005682,-0.001007,0.046808,-0.000502
4560.824000,-0.447134,0.105563,0.254621,-1.976048,-1.997901,0.444178,-0.009421,-0.000044,0.006901,-0.001052,0.050892,-0.000524
4560.832000,-0.447208,0.105567,0.254672,-1.975762,-1.997630,0.444518,-0.009640,-0.000045,0.006377,-0.001057,0.050781,-0.000539
4560.840000,-0.447288,0.105563,0.254735,-1.975528,-1.997354,0.444982,-0.009335,-0.000048,0.005190,-0.000958,0.044124,-0.000479
4560.848000,-0.447363,0.105559,0.254786,-1.975298,-1.997133,0.445314,-0.009713,-0.000045,0.007040,-0.001083,0.052229,-0.000539
4560.856000,-0.447442,0.105567,0.254851,-1.975050,-1.996837,0.445765,-0.009529,-0.000046,0.006639,-0.001040,0.049574,-0.000513
4560.864000,-0.447518,0.105569,0.254919,-1.974801,-1.996568,0.446125,-0.009024,-0.000044,0.005089,-0.000946,0.044378,-0.000487
4560.872000,-0.447580,0.105563,0.254931,-1.974710,-1.996424,0.446325,-0.008971,-0.000045,0.005075,-0.000930,0.043137,-0.000469
4560.880000,-0.447655,0.105568,0.254999,-1.974436,-1.996163,0.446724,-0.009573,-0.000048,0.006661,-0.001028,0.048356,-0.000494
4560.888000,-0.447724,0.105561,0.255043,-1.974216,-1.995964,0.447071,-0.009174,-0.000044,0.006348,-0.000997,0.047292,-0.000489
4560.896000,-0.447797,0.105584,0.255098,-1.974006,-1.995686,0.447381,-0.009186,-0.000043,0.006627,-0.001009,0.048342,-0.000496
4560.904000,-0.447878,0.105559,0.255137,-1.973745,-1.995550,0.447759,-0.008960,-0.000043,0.006283,-0.000979,0.046578,-0.000481
4560.912000,-0.447941,0.105561,0.255192,-1.973577,-1.995292,0.448061,-0.008950,-0.000045,0.006353,-0.000964,0.045308,-0.000460
4560.920000,-0.448016,0.105566,0.255244,-1.973343,-1.995049,0.448420,-0.008980,-0.000041,0.006742,-0.001005,0.048491,-0.000495
4560.928000,-0.448078,0.105564,0.255305,-1.973142,-1.994826,0.448790,-0.008444,-0.000037,0.005396,-0.000929,0.044820,-0.000485
4560.936000,-0.448152,0.105554,0.255324,-1.972945,-1.994687,0.449034,-0.008276,-0.000041,0.004457,-0.000855,0.039576,-0.000438
4560.944000,-0.448213,0.105561,0.255350,-1.972791,-1.994492,0.449259,-0.008664,-0.000040,0.006339,-0.000966,0.046492,-0.000479
4560.952000,-0.448281,0.105566,0.255399,-1.972605,-1.994249,0.449590,-0.008910,-0.000042,0.006216,-0.000975,0.046449,-0.000482
4560.960000,-0.448360,0.105553,0.255485,-1.972285,-1.994001,0.450069,-0.008798,-0.000037,0.007187,-0.001028,0.050691,-0.000515
4560.968000,-0.448424,0.105557,0.255540,-1.972099,-1.993740,0.450437,-0.008540,-0.000037,0.006794,-0.000985,0.048266,-0.000492
4560.976000,-0.448492,0.105560,0.255565,-1.971899,-1.993539,0.450682,-0.008731,-0.000041,0.005994,-0.000952,0.045203,-0.000472
4560.984000,-0.448555,0.105578,0.255648,-1.971682,-1.993282,0.451079,-0.008520,-0.000038,0.008434,-0.001012,0.049766,-0.000460
4560.992000,-0.448632,0.105569,0.255702,-1.971444,-1.993023,0.451438,-0.008792,-0.000039,0.007488,-0.001017,0.049699,-0.000490
4561.000000,-0.448706,0.105563,0.255769,-1.971200,-1.992770,0.451828,-0.008399,-0.000036,0.006837,-0.000969,0.047384,-0.000478
4561.008000,-0.448770,0.105550,0.255832,-1.970931,-1.992598,0.452206,-0.008274,-0.000037,0.006601,-0.000942,0.045591,-0.000459
4561.016000,-0.448833,0.105568,0.255873,-1.970790,-1.992344,0.452461,-0.008636,-0.000035,0.008146,-0.001048,0.052474,-0.000511
4561.024000,-0.448904,0.105558,0.255963,-1.970464,-1.992074,0.452901,-0.008571,-0.000039,0.006258,-0.000956,0.045912,-0.000475
4561.032000,-0.448964,0.105578,0.255998,-1.970346,-1.991810,0.453206,-0.008319,-0.000032,0.006519,-0.000976,0.048635,-0.000508
4561.040000,-0.449038,0.105550,0.256063,-1.970014,-1.991640,0.453622,-0.008303,-0.000036,0.007819,-0.000991,0.048812,-0.000467
4561.048000,-0.449108,0.105555,0.256106,-1.969809,-1.991426,0.453935,-0.008519,-0.000035,0.007841,-0.001020,0.050581,-0.000493
4561.056000,-0.449172,0.105587,0.256191,-1.969676,-1.990999,0.454364,-0.008676,-0.000037,0.008509,-0.001039,0.051468,-0.000485
4561.064000,-0.449235,0.105560,0.256274,-1.969284,-1.990883,0.454742,-0.008152,-0.000034,0.007608,-0.000971,0.047902,-0.000461
4561.072000,-0.449302,0.105553,0.256322,-1.969050,-1.990669,0.455109,-0.007796,-0.000033,0.005904,-0.000889,0.043205,-0.000447
4561.080000,-0.449359,0.105560,0.256355,-1.968917,-1.990495,0.455301,-0.007750,-0.000035,0.006020,-0.000870,0.041714,-0.000421
4561.088000,-0.449428,0.105560,0.256394,-1.968725,-1.990246,0.455646,-0.008246,-0.000033,0.008129,-0.001012,0.050734,-0.000487
4561.096000,-0.449491,0.105554,0.256466,-1.968486,-1.989974,0.456050,-0.007816,-0.000033,0.007888,-0.000948,0.046939,-0.000438
4561.104000,-0.449558,0.105558,0.256551,-1.968246,-1.989688,0.456492,-0.008294,-0.000034,0.007461,-0.000989,0.048923,-0.000482
4561.112000,-0.449617,0.105553,0.256610,-1.967969,-1.989492,0.456823,-0.007330,-0.000028,0.007365,-0.000912,0.045923,-0.000441
4561.120000,-0.449686,0.105548,0.256655,-1.967766,-1.989299,0.457111,-0.007947,-0.000031,0.008290,-0.000991,0.049752,-0.000468
4561.128000,-0.449741,0.105563,0.256747,-1.967506,-1.989011,0.457526,-0.007932,-0.000031,0.009544,-0.001019,0.051502,-0.000453
4561.136000,-0.449813,0.105541,0.256808,-1.967281,-1.988779,0.457910,-0.007979,-0.000032,0.009795,-0.001035,0.052383,-0.000458
4561.144000,-0.449865,0.105558,0.256898,-1.967056,-1.988444,0.458307,-0.007883,-0.000027,0.009466,-0.001045,0.053946,-0.000493
4561.152000,-0.449923,0.105573,0.256936,-1.966896,-1.988259,0.458569,-0.007213,-0.000031,0.007020,-0.000856,0.041940,-0.000393
4561.160000,-0.449989,0.105551,0.257015,-1.966540,-1.988082,0.458974,-0.007820,-0.000028,0.008195,-0.000997,0.050821,-0.000488
4561.168000,-0.450054,0.105551,0.257088,-1.966299,-1.987833,0.459347,-0.007359,-0.000027,0.009672,-0.000985,0.050495,-0.000435
4561.176000,-0.450109,0.105553,0.257164,-1.966186,-1.987515,0.459766,-0.006885,-0.000025,0.006329,-0.000846,0.042597,-0.000427
4561.184000,-0.450167,0.105539,0.257203,-1.965856,-1.987427,0.460022,-0.006932,-0.000024,0.007798,-0.000904,0.046230,-0.000433
4561.192000,-0.450224,0.105551,0.257281,-1.965727,-1.987096,0.460371,-0.007226,-0.000029,0.008530,-0.000919,0.046043,-0.000406
4561.200000,-0.450283,0.105560,0.257334,-1.965474,-1.986885,0.460716,-0.007844,-0.000023,0.009306,-0.001065,0.055849,-0.000528
4561.208000,-0.450342,0.105549,0.257456,-1.965173,-1.986602,0.461172,-0.006890,-0.000024,0.009571,-0.000947,0.049043,-0.000418
4561.216000,-0.450397,0.105551,0.257518,-1.964965,-1.986375,0.461464,-0.007270,-0.000023,0.007747,-0.000947,0.048731,-0.000473
4561.224000,-0.450456,0.105556,0.257587,-1.964761,-1.986091,0.461839,-0.006607,-0.000024,0.008379,-0.000878,0.044950,-0.000396
4561.232000,-0.450505,0.105559,0.257624,-1.964602,-1.985960,0.462086,-0.006805,-0.000030,0.008053,-0.000838,0.041025,-0.000346
4561.240000,-0.450567,0.105556,0.257705,-1.964306,-1.985691,0.462475,-0.007514,-0.000024,0.010207,-0.001042,0.054421,-0.000478
4561.248000,-0.450625,0.105549,0.257793,-1.964036,-1.985466,0.462871,-0.007049,-0.000027,0.009627,-0.000944,0.048085,-0.000401
4561.256000,-0.450689,0.105533,0.257891,-1.963767,-1.985213,0.463289,-0.007123,-0.000022,0.008203,-0.000953,0.049273,-0.000467
4561.264000,-0.450738,0.105556,0.257940,-1.963622,-1.984930,0.463561,-0.006609,-0.000024,0.008878,-0.000884,0.045104,-0.000382
4561.272000,-0.450794,0.105541,0.257987,-1.963392,-1.984834,0.463882,-0.007132,-0.000023,0.009313,-0.000975,0.050476,-0.000448
4561.280000,-0.450842,0.105553,0.258101,-1.963132,-1.984465,0.464337,-0.006801,-0.000016,0.011407,-0.001049,0.056765,-0.000475
4561.288000,-0.450910,0.105560,0.258153,-1.962947,-1.984189,0.464654,-0.007232,-0.000024,0.008859,-0.000966,0.049772,-0.000453
4561.296000,-0.450958,0.105545,0.258257,-1.962604,-1.983974,0.465055,-0.006075,-0.000016,0.008210,-0.000865,0.045760,-0.000415
4561.304000,-0.451013,0.105555,0.258301,-1.962513,-1.983711,0.465337,-0.006365,-0.000025,0.007731,-0.000813,0.040637,-0.000353
4561.312000,-0.451063,0.105553,0.258386,-1.962171,-1.983536,0.465735,-0.007226,-0.000017,0.010541,-0.001069,0.057436,-0.000514
4561.320000,-0.451130,0.105547,0.258475,-1.961975,-1.983215,0.466159,-0.006159,-0.000023,0.009275,-0.000852,0.043642,-0.000348
4561.328000,-0.451172,0.105554,0.258536,-1.961761,-1.983036,0.466418,-0.006435,-0.000019,0.007218,-0.000858,0.044509,-0.000429
4561.336000,-0.451225,0.105532,0.258605,-1.961498,-1.982860,0.466767,-0.006479,-0.000015,0.010164,-0.000980,0.052571,-0.000454
4561.344000,-0.451271,0.105551,0.258665,-1.961387,-1.982611,0.467071,-0.006368,-0.000025,0.008135,-0.000826,0.041418,-0.000352
4561.352000,-0.451327,0.105548,0.258756,-1.961088,-1.982316,0.467484,-0.006578,-0.000007,0.011805,-0.001102,0.061668,-0.000539
4561.360000,-0.451377,0.105567,0.258858,-1.960814,-1.982044,0.467899,-0.006313,-0.000021,0.010460,-0.000915,0.047807,-0.000372
4561.368000,-0.451436,0.105543,0.258943,-1.960531,-1.981808,0.468262,-0.006462,-0.000010,0.010620,-0.001030,0.056616,-0.000501
4561.376000,-0.451476,0.105569,0.259035,-1.960324,-1.981481,0.468662,-0.005781,-0.000013,0.008595,-0.000861,0.046312,-0.000412
4561.384000,-0.451531,0.105548,0.259085,-1.960123,-1.981338,0.468926,-0.005526,-0.000019,0.007686,-0.000757,0.038849,-0.000329
4561.392000,-0.451570,0.105570,0.259149,-1.959944,-1.981033,0.469276,-0.006212,-0.000009,0.011465,-0.001024,0.056760,-0.000476
4561.400000,-0.451616,0.105571,0.259250,-1.959663,-1.980834,0.469600,-0.006000,-0.000024,0.009125,-0.000811,0.040910,-0.000312
4561.408000,-0.451669,0.105530,0.259346,-1.959369,-1.980668,0.470045,-0.005783,-0.000007,0.010908,-0.000977,0.054326,-0.000458
4561.416000,-0.451714,0.105558,0.259408,-1.959235,-1.980355,0.470350,-0.005764,-0.000020,0.007769,-0.000776,0.039535,-0.000337
4561.424000,-0.451756,0.105568,0.259467,-1.959079,-1.980146,0.470616,-0.005098,-0.000015,0.010321,-0.000805,0.042981,-0.000306
4561.432000,-0.451809,0.105558,0.259557,-1.958774,-1.979903,0.471032,-0.006914,-0.000013,0.009977,-0.001038,0.056089,-0.000515
4561.440000,-0.451857,0.105540,0.259671,-1.958467,-1.979689,0.471453,-0.005464,-0.000011,0.012724,-0.000956,0.052605,-0.000372
4561.448000,-0.451909,0.105536,0.259752,-1.958226,-1.979459,0.471791,-0.007142,-0.000019,0.008438,-0.000980,0.051109,-0.000489
4561.456000,-0.451955,0.105552,0.259839,-1.957982,-1.979135,0.472205,-0.005046,-0.000004,0.011207,-0.000918,0.051954,-0.000414
4561.464000,-0.451995,0.105546,0.259928,-1.957803,-1.978903,0.472532,-0.006023,-0.000025,0.006596,-0.000734,0.035657,-0.000316
4561.472000,-0.452042,0.105536,0.260035,-1.957456,-1.978660,0.472950,-0.005716,-0.000004,0.012413,-0.001036,0.058525,-0.000473
4561.480000,-0.452084,0.105533,0.260109,-1.957204,-1.978484,0.473223,-0.006373,-0.000026,0.008354,-0.000821,0.040440,-0.000330
4561.488000,-0.452139,0.105537,0.260199,-1.957013,-1.978198,0.473611,-0.006014,-0.000004,0.012633,-0.001076,0.060590,-0.000497
4561.496000,-0.452175,0.105553,0.260301,-1.956742,-1.977894,0.474018,-0.004789,0.000001,0.013195,-0.000979,0.056757,-0.000422
4561.504000,-0.452220,0.105545,0.260386,-1.956586,-1.977656,0.474400,-0.006199,-0.000026,0.007754,-0.000781,0.038159,-0.000316
4561.512000,-0.452249,0.105558,0.260510,-1.956292,-1.977319,0.474820,-0.005124,0.000007,0.014026,-0.001093,0.064631,-0.000515
4561.520000,-0.452307,0.105530,0.260595,-1.955972,-1.977161,0.475210,-0.006809,-0.000024,0.007788,-0.000873,0.043517,-0.000396
4561.528000,-0.452336,0.105556,0.260692,-1.955784,-1.976855,0.475577,-0.005099,0.000002,0.012768,-0.001008,0.058276,-0.000459
4561.536000,-0.452389,0.105543,0.260783,-1.955534,-1.976584,0.476030,-0.004974,0.000001,0.014270,-0.001035,0.059925,-0.000435
4561.544000,-0.452438,0.105540,0.260861,-1.955299,-1.976372,0.476306,-0.004559,-0.000007,0.009914,-0.000790,0.043499,-0.000329
4561.552000,-0.452459,0.105545,0.260955,-1.955061,-1.976110,0.476693,-0.004173,0.000003,0.010985,-0.000853,0.049625,-0.000388
4561.560000,-0.452501,0.105546,0.261025,-1.954816,-1.975947,0.476961,-0.005388,-0.000016,0.009705,-0.000810,0.042291,-0.000316
4561.568000,-0.452540,0.105537,0.261103,-1.954667,-1.975715,0.477332,-0.005156,0.000001,0.012721,-0.001011,0.058132,-0.000459
4561.576000,-0.452577,0.105542,0.261235,-1.954333,-1.975392,0.477716,-0.005750,-0.000022,0.008179,-0.000768,0.038322,-0.000306
4561.584000,-0.452624,0.105555,0.261311,-1.954176,-1.975152,0.478063,-0.005372,0.000001,0.013100,-0.001048,0.060356,-0.000480
4561.592000,-0.452652,0.105542,0.261393,-1.953892,-1.975014,0.478407,-0.004988,0.000001,0.014122,-0.001032,0.059589,-0.000435
4561.600000,-0.452704,0.105541,0.261466,-1.953688,-1.974781,0.478665,-0.005808,-0.000022,0.010242,-0.000829,0.041864,-0.000291
4561.608000,-0.452733,0.105556,0.261615,-1.953385,-1.974405,0.479176,-0.004838,0.000009,0.013546,-0.001058,0.062824,-0.000505
4561.616000,-0.452780,0.105540,0.261693,-1.953119,-1.974226,0.479517,-0.005535,-0.000015,0.012003,-0.000903,0.048004,-0.000327
4561.624000,-0.452825,0.105544,0.261778,-1.952907,-1.973942,0.479912,-0.005227,0.000007,0.012916,-0.001072,0.062752,-0.000524
4561.632000,-0.452853,0.105544,0.261920,-1.952632,-1.973613,0.480371,-0.004890,-0.000003,0.013415,-0.000962,0.054418,-0.000380
4561.640000,-0.452884,0.105538,0.262012,-1.952422,-1.973428,0.480689,-0.003876,-0.000004,0.012639,-0.000804,0.045311,-0.000268
4561.648000,-0.452927,0.105549,0.262087,-1.952167,-1.973139,0.481080,-0.005981,-0.000005,0.009475,-0.000970,0.053587,-0.000497
4561.656000,-0.452961,0.105551,0.262190,-1.951922,-1.972900,0.481397,-0.004312,-0.000007,0.011814,-0.000812,0.044913,-0.000289
4561.664000,-0.452996,0.105532,0.262278,-1.951700,-1.972755,0.481723,-0.004339,0.000001,0.012937,-0.000910,0.052242,-0.000364
4561.672000,-0.453033,0.105555,0.262389,-1.951468,-1.972392,0.482133,-0.004452,-0.000001,0.010681,-0.000847,0.048129,-0.000376
4561.680000,-0.453065,0.105556,0.262458,-1.951289,-1.972226,0.482366,-0.004566,-0.000012,0.010634,-0.000763,0.040609,-0.000262
4561.688000,-0.453103,0.105556,0.262568,-1.951041,-1.971900,0.482807,-0.004928,0.000010,0.014601,-0.001104,0.065432,-0.000510
4561.696000,-0.453141,0.105555,0.262678,-1.950746,-1.971675,0.483198,-0.003985,-0.000001,0.012159,-0.000827,0.047200,-0.000313
4561.704000,-0.453178,0.105544,0.262764,-1.950464,-1.971504,0.483530,-0.005097,-0.000009,0.011047,-0.000868,0.047098,-0.000347
4561.712000,-0.453210,0.105545,0.262892,-1.950180,-1.971159,0.483986,-0.004660,0.000003,0.013522,-0.000980,0.056546,-0.000410
4561.720000,-0.453243,0.105557,0.262983,-1.950019,-1.970918,0.484262,-0.003808,-0.000005,0.011428,-0.000749,0.041674,-0.000253
4561.728000,-0.453279,0.105548,0.263102,-1.949714,-1.970650,0.484769,-0.004138,0.000014,0.012499,-0.000980,0.059096,-0.000485
4561.736000,-0.453307,0.105546,0.263175,-1.949491,-1.970445,0.485008,-0.004051,-0.000003,0.011602,-0.000803,0.045110,-0.000300
4561.744000,-0.453330,0.105573,0.263236,-1.949447,-1.970210,0.485207,-0.004239,0.000001,0.012243,-0.000870,0.049879,-0.000351
4561.752000,-0.453374,0.105537,0.263399,-1.948956,-1.969943,0.485859,-0.004448,0.000006,0.013834,-0.000993,0.058056,-0.000424
4561.760000,-0.453411,0.105533,0.263493,-1.948742,-1.969736,0.486138,-0.004214,-0.000005,0.013492,-0.000858,0.047727,-0.000277
4561.768000,-0.453441,0.105544,0.263585,-1.948533,-1.969475,0.486477,-0.004537,0.000015,0.014705,-0.001100,0.066156,-0.000519
4561.776000,-0.453470,0.105574,0.263696,-1.948328,-1.969080,0.486849,-0.004142,0.000004,0.013405,-0.000921,0.053670,-0.000371
4561.784000,-0.453500,0.105550,0.263793,-1.948097,-1.968980,0.487166,-0.003865,-0.000005,0.012500,-0.000784,0.043581,-0.000247
4561.792000,-0.453548,0.105533,0.263883,-1.947814,-1.968760,0.487552,-0.004799,0.000017,0.015660,-0.001182,0.071188,-0.000565
4561.800000,-0.453566,0.105573,0.264028,-1.947578,-1.968348,0.487980,-0.004331,0.000001,0.014125,-0.000939,0.053958,-0.000352
4561.808000,-0.453598,0.105548,0.264131,-1.947366,-1.968220,0.488313,-0.003346,-0.000004,0.010914,-0.000682,0.037854,-0.000213
4561.816000,-0.453629,0.105550,0.264246,-1.947040,-1.967873,0.488771,-0.004056,0.000016,0.013434,-0.001010,0.061114,-0.000485
4561.824000,-0.453655,0.105556,0.264302,-1.946927,-1.967728,0.488939,-0.003313,-0.000002,0.011011,-0.000698,0.039306,-0.000232
4561.832000,-0.453681,0.105557,0.264383,-1.946725,-1.967514,0.489226,-0.003929,0.000012,0.013177,-0.000957,0.057284,-0.000435
4561.840000,-0.453712,0.105540,0.264526,-1.946371,-1.967228,0.489731,-0.004338,0.000006,0.014695,-0.000999,0.058156,-0.000397
4561.848000,-0.453741,0.105549,0.264628,-1.946200,-1.966994,0.490066,-0.003753,-0.000003,0.012737,-0.000793,0.044463,-0.000253
4561.856000,-0.453772,0.105556,0.264740,-1.945902,-1.966700,0.490450,-0.004273,0.000017,0.014536,-0.001073,0.064847,-0.000506
4561.864000,-0.453801,0.105566,0.264848,-1.945680,-1.966432,0.490821,-0.003554,0.000001,0.012126,-0.000786,0.045067,-0.000283
4561.872000,-0.453826,0.105566,0.264938,-1.945532,-1.966209,0.491110,-0.003812,0.000010,0.013094,-0.000917,0.054485,-0.000396
4561.880000,-0.453863,0.105546,0.265069,-1.945111,-1.965937,0.491605,-0.004051,0.000010,0.013953,-0.000976,0.057696,-0.000416
4561.888000,-0.453895,0.105535,0.265151,-1.944892,-1.965806,0.491863,-0.003547,-0.000000,0.012234,-0.000778,0.044061,-0.000264
4561.896000,-0.453924,0.105540,0.265259,-1.944655,-1.965492,0.492273,-0.003703,0.000016,0.014044,-0.000981,0.059235,-0.000437
4561.904000,-0.453946,0.105542,0.265367,-1.944409,-1.965253,0.492588,-0.003496,0.000008,0.013355,-0.000873,0.051447,-0.000341
4561.912000,-0.453968,0.105540,0.265454,-1.944258,-1.965088,0.492864,-0.002997,0.000001,0.012374,-0.000726,0.041645,-0.000223
4561.920000,-0.453990,0.105566,0.265562,-1.944053,-1.964722,0.493308,-0.003055,0.000019,0.012539,-0.000885,0.054754,-0.000420
4561.928000,-0.454013,0.105545,0.265658,-1.943823,-1.964600,0.493562,-0.002559,0.000005,0.012260,-0.000703,0.041377,-0.000224
4561.936000,-0.454039,0.105553,0.265722,-1.943624,-1.964383,0.493819,-0.003248,0.000021,0.015233,-0.001005,0.062178,-0.000444
4561.944000,-0.454075,0.105540,0.265861,-1.943335,-1.964075,0.494321,-0.003423,0.000012,0.014090,-0.000914,0.054605,-0.000365
4561.952000,-0.454087,0.105557,0.265958,-1.943186,-1.963871,0.494542,-0.002017,0.000015,0.017287,-0.000858,0.053120,-0.000238
4561.960000,-0.454113,0.105535,0.266092,-1.942810,-1.963633,0.495022,-0.003124,0.000028,0.016652,-0.001091,0.068577,-0.000496
4561.968000,-0.454135,0.105556,0.266199,-1.942586,-1.963309,0.495405,-0.002975,0.000005,0.011170,-0.000720,0.041976,-0.000269
4561.976000,-0.454156,0.105549,0.266290,-1.942425,-1.963157,0.495684,-0.001713,0.000017,0.016260,-0.000807,0.050556,-0.000233
4561.984000,-0.454179,0.105545,0.266426,-1.942117,-1.962800,0.496055,-0.003715,0.000023,0.017048,-0.001130,0.069478,-0.000496
4561.992000,-0.454198,0.105551,0.266563,-1.941773,-1.962572,0.496532,-0.001930,0.000023,0.017696,-0.000926,0.058666,-0.000310
4562.000000,-0.454222,0.105547,0.266685,-1.941591,-1.962264,0.496906,-0.002702,0.000008,0.014754,-0.000808,0.047843,-0.000240
4562.008000,-0.454245,0.105545,0.266808,-1.941276,-1.962048,0.497314,-0.002840,0.000032,0.018109,-0.001125,0.071496,-0.000493
4562.016000,-0.454260,0.105553,0.266972,-1.940933,-1.961709,0.497760,-0.001943,0.000019,0.016562,-0.000863,0.054093,-0.000278
4562.024000,-0.454287,0.105542,0.267060,-1.940776,-1.961501,0.498057,-0.002426,0.000007,0.011774,-0.000690,0.040883,-0.000233
4562.032000,-0.454298,0.105572,0.267122,-1.940651,-1.961238,0.498260,-0.001172,0.000043,0.020481,-0.001076,0.072245,-0.000428
4562.040000,-0.454325,0.105539,0.267258,-1.940320,-1.961076,0.498755,-0.003243,0.000013,0.015745,-0.000945,0.056503,-0.000340
4562.048000,-0.454335,0.105548,0.267401,-1.940080,-1.960791,0.499077,-0.000757,0.000026,0.019108,-0.000846,0.055201,-0.000212
4562.056000,-0.454351,0.105550,0.267516,-1.939842,-1.960542,0.499485,-0.002846,0.000024,0.015834,-0.000993,0.061896,-0.000421
4562.064000,-0.454373,0.105558,0.267640,-1.939582,-1.960241,0.499853,-0.001350,0.000028,0.018174,-0.000907,0.058753,-0.000297
4562.072000,-0.454383,0.105557,0.267773,-1.939325,-1.960009,0.500224,-0.001912,0.000014,0.013783,-0.000736,0.045336,-0.000236
4562.080000,-0.454408,0.105554,0.267870,-1.939093,-1.959759,0.500547,-0.002098,0.000026,0.019049,-0.001008,0.063746,-0.000343
4562.088000,-0.454428,0.105554,0.268013,-1.938797,-1.959457,0.500984,-0.002001,0.000021,0.014093,-0.000814,0.051169,-0.000315
4562.096000,-0.454449,0.105540,0.268149,-1.938520,-1.959187,0.501369,-0.001045,0.000024,0.016393,-0.000792,0.051137,-0.000239
4562.104000,-0.454449,0.105560,0.268284,-1.938312,-1.958892,0.501755,-0.002039,0.000030,0.018147,-0.001009,0.064633,-0.000388
4562.112000,-0.454470,0.105572,0.268388,-1.938033,-1.958624,0.502110,-0.002698,0.000015,0.013276,-0.000823,0.050009,-0.000324
4562.120000,-0.454485,0.105554,0.268524,-1.937765,-1.958434,0.502497,-0.000894,0.000026,0.017000,-0.000802,0.052239,-0.000236
4562.128000,-0.454501,0.105544,0.268636,-1.937502,-1.958183,0.502867,-0.002748,0.000019,0.014111,-0.000895,0.054888,-0.000371
4562.136000,-0.454506,0.105558,0.268776,-1.937272,-1.957843,0.503315,-0.000480,0.000034,0.016461,-0.000799,0.053864,-0.000280
4562.144000,-0.454525,0.105549,0.268857,-1.937085,-1.957717,0.503530,-0.002435,0.000007,0.013382,-0.000734,0.043237,-0.000216
4562.152000,-0.454533,0.105547,0.268987,-1.936821,-1.957424,0.503868,-0.000460,0.000040,0.017205,-0.000875,0.059534,-0.000343
4562.160000,-0.454547,0.105547,0.269123,-1.936509,-1.957182,0.504275,-0.002103,0.000019,0.015407,-0.000852,0.052799,-0.000296
4562.168000,-0.454548,0.105558,0.269282,-1.936312,-1.956842,0.504675,-0.001396,0.000024,0.020277,-0.000937,0.059376,-0.000236
4562.176000,-0.454572,0.105542,0.269385,-1.936007,-1.956676,0.505108,-0.002210,0.000027,0.014989,-0.000920,0.058258,-0.000395
4562.184000,-0.454577,0.105549,0.269543,-1.935733,-1.956369,0.505507,-0.000565,0.000035,0.017666,-0.000854,0.057075,-0.000290
4562.192000,-0.454586,0.105549,0.269675,-1.935506,-1.956115,0.505862,-0.001771,0.000013,0.014180,-0.000722,0.044009,-0.000202
4562.200000,-0.454591,0.105563,0.269809,-1.935236,-1.955822,0.506193,-0.000764,0.000042,0.018538,-0.000960,0.064595,-0.000376
4562.208000,-0.454605,0.105544,0.269952,-1.934906,-1.955597,0.506663,-0.001361,0.000029,0.018030,-0.000911,0.058518,-0.000298
4562.216000,-0.454614,0.105550,0.270108,-1.934650,-1.955261,0.507078,-0.001395,0.000024,0.018610,-0.000889,0.056246,-0.000244
4562.224000,-0.454624,0.105557,0.270226,-1.934367,-1.955012,0.507425,-0.001507,0.000030,0.014720,-0.000846,0.054812,-0.000352
4562.232000,-0.454635,0.105534,0.270385,-1.934068,-1.954744,0.507908,-0.001631,0.000030,0.019804,-0.001007,0.064101,-0.000325
4562.240000,-0.454646,0.105558,0.270522,-1.933848,-1.954438,0.508228,-0.001708,0.000023,0.020117,-0.000962,0.060152,-0.000253
4562.248000,-0.454649,0.105546,0.270663,-1.933570,-1.954161,0.508668,-0.000288,0.000032,0.012229,-0.000644,0.044000,-0.000270
4562.256000,-0.454652,0.105573,0.270763,-1.933393,-1.953886,0.508967,-0.000944,0.000036,0.020493,-0.000985,0.064677,-0.000312
4562.264000,-0.454653,0.105574,0.270905,-1.933166,-1.953633,0.509319,-0.000621,0.000026,0.015544,-0.000725,0.047561,-0.000214
4562.272000,-0.454669,0.105565,0.271032,-1.932897,-1.953417,0.509637,-0.000256,0.000026,0.016098,-0.000698,0.046195,-0.000174
4562.280000,-0.454671,0.105543,0.271191,-1.932553,-1.953096,0.510170,-0.002254,0.000040,0.024964,-0.001309,0.083206,-0.000446
4562.288000,-0.454680,0.105556,0.271342,-1.932226,-1.952845,0.510512,0.000677,0.000030,0.012937,-0.000532,0.037842,-0.000153
4562.296000,-0.454677,0.105565,0.271471,-1.932108,-1.952551,0.510868,-0.001014,0.000024,0.018040,-0.000825,0.052627,-0.000207
4562.304000,-0.454690,0.105544,0.271597,-1.931749,-1.952318,0.511285,-0.001408,0.000049,0.026645,-0.001331,0.086801,-0.000447
4562.312000,-0.454686,0.105560,0.271728,-1.931570,-1.952073,0.511595,-0.000756,0.000021,0.012655,-0.000618,0.039859,-0.000191
4562.320000,-0.454683,0.105565,0.271864,-1.931334,-1.951835,0.511928,-0.000527,0.000032,0.021451,-0.000933,0.060929,-0.000222
4562.328000,-0.454683,0.105577,0.272003,-1.931050,-1.951498,0.512366,-0.000547,0.000036,0.015381,-0.000794,0.053442,-0.000310
4562.336000,-0.454692,0.105550,0.272144,-1.930757,-1.951318,0.512732,0.000129,0.000029,0.015645,-0.000669,0.045151,-0.000174
4562.344000,-0.454695,0.105555,0.272260,-1.930597,-1.951085,0.513021,-0.001086,0.000037,0.024846,-0.001140,0.073496,-0.000302
4562.352000,-0.454698,0.105560,0.272399,-1.930294,-1.950776,0.513380,0.000067,0.000032,0.011600,-0.000583,0.040506,-0.000238
4562.360000,-0.454704,0.105549,0.272540,-1.930043,-1.950575,0.513807,-0.000564,0.000035,0.020608,-0.000937,0.061380,-0.000258
4562.368000,-0.454705,0.105566,0.272676,-1.929840,-1.950275,0.514160,-0.001098,0.000030,0.022740,-0.001023,0.065295,-0.000246
4562.376000,-0.454700,0.105578,0.272855,-1.929487,-1.949933,0.514617,-0.000139,0.000036,0.015024,-0.000742,0.050705,-0.000281
4562.384000,-0.454721,0.105550,0.272967,-1.929241,-1.949735,0.514995,-0.000963,0.000042,0.024423,-0.001153,0.075015,-0.000340
4562.392000,-0.454705,0.105566,0.273129,-1.929031,-1.949436,0.515370,0.001120,0.000033,0.013609,-0.000526,0.038288,-0.000138
4562.400000,-0.454702,0.105566,0.273281,-1.928731,-1.949226,0.515717,-0.000041,0.000023,0.013106,-0.000564,0.037582,-0.000142
4562.408000,-0.454709,0.105562,0.273413,-1.928396,-1.948947,0.516134,0.000194,0.000054,0.023701,-0.001093,0.074796,-0.000363
4562.416000,-0.454712,0.105558,0.273553,-1.928189,-1.948685,0.516473,-0.000295,0.000027,0.014380,-0.000666,0.044029,-0.000198
4562.424000,-0.454709,0.105558,0.273687,-1.927955,-1.948448,0.516811,-0.000836,0.000032,0.022274,-0.000989,0.063412,-0.000232
4562.432000,-0.454712,0.105560,0.273842,-1.927632,-1.948107,0.517250,0.000249,0.000051,0.019042,-0.000933,0.064711,-0.000363
4562.440000,-0.454705,0.105588,0.274016,-1.927418,-1.947727,0.517662,-0.000275,0.000039,0.018504,-0.000879,0.059065,-0.000293
4562.448000,-0.454708,0.105563,0.274152,-1.927140,-1.947556,0.518062,0.000034,0.000040,0.022930,-0.000969,0.064438,-0.000228
4562.456000,-0.454699,0.105581,0.274319,-1.926859,-1.947243,0.518444,0.000596,0.000039,0.014526,-0.000664,0.047015,-0.000242
4562.464000,-0.454693,0.105582,0.274441,-1.926597,-1.946993,0.518786,-0.000355,0.000050,0.024212,-0.001138,0.076137,-0.000365
4562.472000,-0.454704,0.105564,0.274603,-1.926271,-1.946767,0.519231,0.000362,0.000038,0.018924,-0.000803,0.054507,-0.000209
4562.480000,-0.454692,0.105553,0.274759,-1.926029,-1.946553,0.519591,0.000645,0.000035,0.017989,-0.000721,0.049364,-0.000161
4562.488000,-0.454686,0.105560,0.274922,-1.925715,-1.946181,0.520062,-0.000788,0.000055,0.025912,-0.001282,0.084769,-0.000441
4562.496000,-0.454691,0.105545,0.275092,-1.925351,-1.945921,0.520495,0.000958,0.000035,0.014444,-0.000588,0.041825,-0.000164
4562.504000,-0.454678,0.105583,0.275210,-1.925214,-1.945643,0.520754,0.000077,0.000038,0.021613,-0.000914,0.060925,-0.000218
4562.512000,-0.454682,0.105562,0.275355,-1.924908,-1.945420,0.521133,0.000750,0.000043,0.020846,-0.000858,0.058993,-0.000215
4562.520000,-0.454673,0.105573,0.275509,-1.924730,-1.945058,0.521559,0.000715,0.000039,0.015383,-0.000677,0.047667,-0.000223
4562.528000,-0.454663,0.105568,0.275644,-1.924454,-1.944872,0.521878,-0.000030,0.000045,0.024890,-0.001075,0.071191,-0.000266
4562.536000,-0.454659,0.105574,0.275790,-1.924226,-1.944565,0.522248,0.001766,0.000039,0.014929,-0.000531,0.039846,-0.000119
4562.544000,-0.454657,0.105552,0.275944,-1.923897,-1.944282,0.522733,0.000127,0.000049,0.018985,-0.000936,0.064025,-0.000354
4562.552000,-0.454645,0.105550,0.276110,-1.923597,-1.944062,0.523127,0.002491,0.000048,0.016972,-0.000580,0.044884,-0.000130
4562.560000,-0.454633,0.105570,0.276262,-1.923388,-1.943739,0.523440,0.000738,0.000031,0.013704,-0.000554,0.038700,-0.000140
4562.568000,-0.454630,0.105572,0.276401,-1.923102,-1.943519,0.523857,-0.000786,0.000051,0.026062,-0.001254,0.082123,-0.000395
4562.576000,-0.454632,0.105564,0.276580,-1.922750,-1.943214,0.524274,0.000963,0.000044,0.017436,-0.000742,0.052254,-0.000225
4562.584000,-0.454624,0.105556,0.276725,-1.922516,-1.943020,0.524641,0.000450,0.000036,0.018662,-0.000776,0.052360,-0.000185
4562.592000,-0.454617,0.105569,0.276880,-1.922244,-1.942708,0.525006,0.001091,0.000042,0.020183,-0.000784,0.054387,-0.000166
4562.600000,-0.454612,0.105586,0.277033,-1.921962,-1.942350,0.525447,0.000787,0.000044,0.015232,-0.000701,0.049824,-0.000262
4562.608000,-0.454601,0.105569,0.277183,-1.921745,-1.942091,0.525844,-0.000215,0.000041,0.024115,-0.001047,0.068406,-0.000248
4562.616000,-0.454602,0.105571,0.277323,-1.921444,-1.941866,0.526162,0.001783,0.000046,0.015458,-0.000606,0.045353,-0.000186
4562.624000,-0.454597,0.105579,0.277458,-1.921240,-1.941530,0.526524,0.000181,0.000041,0.018035,-0.000832,0.056313,-0.000266
4562.632000,-0.454592,0.105577,0.277585,-1.921005,-1.941375,0.526824,0.000604,0.000041,0.020853,-0.000857,0.058020,-0.000199
4562.640000,-0.454584,0.105593,0.277742,-1.920752,-1.941054,0.527236,0.000481,0.000038,0.017082,-0.000741,0.050725,-0.000212
4562.648000,-0.454580,0.105579,0.277895,-1.920435,-1.940813,0.527605,-0.000493,0.000051,0.026093,-0.001219,0.079924,-0.000360
4562.656000,-0.454569,0.105592,0.278050,-1.920205,-1.940512,0.528048,0.001112,0.000045,0.017955,-0.000749,0.052988,-0.000219
4562.664000,-0.454559,0.105601,0.278176,-1.920053,-1.940264,0.528263,-0.000362,0.000035,0.020694,-0.000911,0.059180,-0.000220
4562.672000,-0.454560,0.105564,0.278365,-1.919621,-1.939989,0.528800,0.001724,0.000056,0.018633,-0.000793,0.057934,-0.000274
4562.680000,-0.454560,0.105560,0.278494,-1.919362,-1.939750,0.529228,0.000240,0.000043,0.018394,-0.000848,0.057239,-0.000269
4562.688000,-0.454546,0.105590,0.278613,-1.919191,-1.939518,0.529438,0.000902,0.000044,0.020964,-0.000848,0.058236,-0.000199
4562.696000,-0.454535,0.105566,0.278767,-1.918938,-1.939275,0.529867,0.001540,0.000041,0.014977,-0.000580,0.042434,-0.000157
4562.704000,-0.454537,0.105578,0.278904,-1.918622,-1.938992,0.530243,-0.000121,0.000051,0.022807,-0.001082,0.072034,-0.000349
4562.712000,-0.454528,0.105564,0.279050,-1.918398,-1.938755,0.530563,0.001373,0.000044,0.017758,-0.000703,0.049935,-0.000179
4562.720000,-0.454521,0.105566,0.279197,-1.918142,-1.938513,0.530893,0.000476,0.000035,0.018051,-0.000747,0.050092,-0.000170
4562.728000,-0.454513,0.105576,0.279335,-1.917939,-1.938195,0.531286,0.000121,0.000054,0.024514,-0.001129,0.075466,-0.000345
4562.736000,-0.454520,0.105563,0.279506,-1.917574,-1.937954,0.531749,0.001003,0.000041,0.016513,-0.000694,0.048578,-0.000199
4562.744000,-0.454509,0.105561,0.279678,-1.917288,-1.937671,0.532101,0.000190,0.000040,0.021446,-0.000915,0.060239,-0.000212
4562.752000,-0.454498,0.105572,0.279833,-1.917002,-1.937339,0.532546,0.001460,0.000048,0.018760,-0.000759,0.053961,-0.000208
4562.760000,-0.454486,0.105577,0.280000,-1.916764,-1.936988,0.532998,0.000688,0.000048,0.019067,-0.000860,0.059209,-0.000277
4562.768000,-0.454485,0.105565,0.280127,-1.916526,-1.936823,0.533307,0.000533,0.000045,0.022481,-0.000952,0.063666,-0.000231
4562.776000,-0.454482,0.105567,0.280267,-1.916264,-1.936591,0.533610,0.001316,0.000041,0.018328,-0.000706,0.049379,-0.000151
4562.784000,-0.454467,0.105585,0.280424,-1.915907,-1.936269,0.534029,-0.000419,0.000051,0.022172,-0.001108,0.073151,-0.000387
4562.792000,-0.454465,0.105605,0.280590,-1.915731,-1.935917,0.534442,0.001580,0.000045,0.017952,-0.000695,0.049954,-0.000173
4562.800000,-0.454454,0.105593,0.280736,-1.915456,-1.935714,0.534803,0.000629,0.000037,0.018307,-0.000748,0.050538,-0.000168
4562.808000,-0.454456,0.105572,0.280891,-1.915146,-1.935446,0.535242,0.000608,0.000054,0.023088,-0.001034,0.069974,-0.000308
4562.816000,-0.454448,0.105569,0.281088,-1.914768,-1.935097,0.535717,0.001031,0.000043,0.016702,-0.000710,0.049575,-0.000208
4562.824000,-0.454435,0.105575,0.281207,-1.914614,-1.934896,0.535968,0.000367,0.000040,0.020930,-0.000885,0.058566,-0.000203
4562.832000,-0.454434,0.105577,0.281331,-1.914365,-1.934653,0.536274,0.002241,0.000055,0.017421,-0.000691,0.051819,-0.000221
4562.840000,-0.454425,0.105576,0.281472,-1.914121,-1.934389,0.536655,0.000340,0.000041,0.016691,-0.000779,0.052671,-0.000255
4562.848000,-0.454409,0.105582,0.281630,-1.913842,-1.934129,0.537021,0.001275,0.000050,0.022695,-0.000904,0.062128,-0.000201
4562.856000,-0.454412,0.105572,0.281736,-1.913674,-1.933912,0.537323,0.000710,0.000034,0.013212,-0.000578,0.040099,-0.000178
4562.864000,-0.454407,0.105575,0.281939,-1.913284,-1.933529,0.537895,-0.000484,0.000054,0.025279,-0.001230,0.080158,-0.000390
4562.872000,-0.454399,0.105570,0.282082,-1.913038,-1.933303,0.538233,0.001658,0.000049,0.018840,-0.000742,0.052835,-0.000188
4562.880000,-0.454389,0.105583,0.282253,-1.912765,-1.932997,0.538607,0.000666,0.000037,0.018016,-0.000742,0.049925,-0.000168
4562.888000,-0.454383,0.105575,0.282380,-1.912494,-1.932764,0.539023,0.000079,0.000065,0.026094,-0.001277,0.085239,-0.000443
4562.896000,-0.454376,0.105576,0.282533,-1.912215,-1.932498,0.539382,0.001318,0.000039,0.013965,-0.000565,0.040593,-0.000161
4562.904000,-0.454369,0.105585,0.282674,-1.911973,-1.932210,0.539695,-0.000325,0.000035,0.019113,-0.000872,0.056040,-0.000224
4562.912000,-0.454358,0.105584,0.282812,-1.911737,-1.931953,0.540065,0.001982,0.000054,0.016578,-0.000688,0.051023,-0.000236
4562.920000,-0.454359,0.105570,0.282950,-1.911442,-1.931743,0.540482,-0.000304,0.000043,0.019235,-0.000944,0.061633,-0.000307
4562.928000,-0.454348,0.105569,0.283082,-1.911232,-1.931481,0.540754,0.000598,0.000047,0.022971,-0.000969,0.064275,-0.000223
4562.936000,-0.454340,0.105585,0.283174,-1.911130,-1.931292,0.540968,0.000995,0.000027,0.010549,-0.000405,0.028927,-0.000095
4562.944000,-0.454338,0.105582,0.283318,-1.910791,-1.931003,0.541366,-0.000053,0.000054,0.023314,-0.001117,0.073640,-0.000356
4562.952000,-0.454326,0.105584,0.283480,-1.910547,-1.930760,0.541778,0.001611,0.000043,0.015732,-0.000614,0.044341,-0.000160
4562.960000,-0.454324,0.105570,0.283613,-1.910286,-1.930552,0.542086,-0.000057,0.000029,0.015641,-0.000694,0.044767,-0.000166
4562.968000,-0.454314,0.105592,0.283737,-1.910097,-1.930244,0.542419,0.001474,0.000062,0.021629,-0.000955,0.067117,-0.000315
4562.976000,-0.454309,0.105568,0.283865,-1.909824,-1.930096,0.542766,0.000690,0.000036,0.011872,-0.000561,0.039202,-0.000209
4562.984000,-0.454293,0.105581,0.284005,-1.909589,-1.929845,0.543050,0.000744,0.000045,0.021440,-0.000895,0.059827,-0.000206
4562.992000,-0.454282,0.105586,0.284123,-1.909401,-1.929638,0.543340,0.001836,0.000034,0.011605,-0.000394,0.030202,-0.000081
4563.000000,-0.454285,0.105586,0.284208,-1.909223,-1.929434,0.543614,0.000325,0.000045,0.016842,-0.000816,0.055048,-0.000286
4563.008000,-0.454274,0.105582,0.284316,-1.909035,-1.929260,0.543854,0.001378,0.000050,0.018941,-0.000790,0.055226,-0.000220
4563.016000,-0.454268,0.105609,0.284427,-1.908918,-1.929033,0.544089,0.000106,0.000025,0.011959,-0.000532,0.034999,-0.000139
4563.024000,-0.454251,0.105605,0.284532,-1.908695,-1.928846,0.544356,0.001148,0.000044,0.020408,-0.000807,0.055054,-0.000167
4563.032000,-0.454253,0.105595,0.284645,-1.908465,-1.928630,0.544666,-0.000371,0.000027,0.011226,-0.000591,0.038349,-0.000215
4563.040000,-0.454251,0.105579,0.284781,-1.908140,-1.928462,0.545005,-0.000511,0.000047,0.023735,-0.001125,0.071957,-0.000314
4563.048000,-0.454247,0.105582,0.284903,-1.907965,-1.928235,0.545348,0.000029,0.000019,0.008503,-0.000395,0.025911,-0.000115
4563.056000,-0.454240,0.105596,0.285032,-1.907765,-1.927920,0.545653,0.000384,0.000035,0.016991,-0.000724,0.047820,-0.000169
4563.064000,-0.454244,0.105595,0.285152,-1.907564,-1.927675,0.545995,0.000299,0.000036,0.012943,-0.000632,0.042754,-0.000227
4563.072000,-0.454236,0.105574,0.285278,-1.907271,-1.927540,0.546300,0.000878,0.000030,0.010903,-0.000461,0.032377,-0.000136
4563.080000,-0.454233,0.105588,0.285348,-1.907161,-1.927417,0.546474,0.001007,0.000048,0.022313,-0.000911,0.061212,-0.000198
4563.088000,-0.454232,0.105572,0.285461,-1.906976,-1.927231,0.546765,0.000447,0.000019,0.007268,-0.000312,0.021463,-0.000089
4563.096000,-0.454224,0.105591,0.285571,-1.906770,-1.926938,0.547061,0.000685,0.000056,0.022556,-0.001025,0.068914,-0.000309
4563.104000,-0.454215,0.105595,0.285685,-1.906576,-1.926749,0.547336,0.000533,0.000021,0.007184,-0.000320,0.022499,-0.000108
4563.112000,-0.454211,0.105597,0.285755,-1.906472,-1.926637,0.547469,0.000958,0.000032,0.013194,-0.000525,0.036337,-0.000120
4563.120000,-0.454207,0.105592,0.285883,-1.906226,-1.926428,0.547769,0.000073,0.000038,0.016870,-0.000792,0.051980,-0.000237
4563.128000,-0.454201,0.105586,0.285961,-1.906073,-1.926256,0.548030,0.000437,0.000033,0.010497,-0.000527,0.036365,-0.000211
4563.136000,-0.454194,0.105597,0.286068,-1.905890,-1.926046,0.548289,-0.000503,0.000037,0.020355,-0.000941,0.059582,-0.000236
4563.144000,-0.454200,0.105586,0.286149,-1.905742,-1.925927,0.548510,0.000731,0.000022,0.008556,-0.000343,0.024057,-0.000086
4563.152000,-0.454195,0.105563,0.286242,-1.905552,-1.925810,0.548768,-0.000797,0.000036,0.018181,-0.000920,0.057856,-0.000282
4563.160000,-0.454189,0.105615,0.286354,-1.905407,-1.925434,0.549030,-0.000151,0.000031,0.012565,-0.000636,0.041757,-0.000223
4563.168000,-0.454190,0.105566,0.286485,-1.905108,-1.925346,0.549365,0.000433,0.000025,0.009740,-0.000438,0.029611,-0.000131
4563.176000,-0.454182,0.105586,0.286559,-1.904998,-1.925178,0.549570,0.000679,0.000037,0.017337,-0.000722,0.048070,-0.000161
4563.184000,-0.454177,0.105582,0.286632,-1.904841,-1.925051,0.549731,0.000371,0.000026,0.009065,-0.000432,0.029434,-0.000151
4563.192000,-0.454169,0.105608,0.286738,-1.904708,-1.924791,0.550022,-0.000339,0.000049,0.022097,-0.001078,0.069772,-0.000336
4563.200000,-0.454168,0.105600,0.286836,-1.904475,-1.924627,0.550243,0.000210,0.000018,0.006313,-0.000303,0.020529,-0.000106
4563.208000,-0.454163,0.105583,0.286914,-1.904370,-1.924505,0.550456,0.000677,0.000033,0.015176,-0.000630,0.042174,-0.000143
4563.216000,-0.454156,0.105583,0.286981,-1.904239,-1.924395,0.550618,0.000344,0.000013,0.005147,-0.000219,0.015079,-0.000061
4563.224000,-0.454156,0.105611,0.287052,-1.904113,-1.924220,0.550787,0.000245,0.000030,0.012731,-0.000584,0.038733,-0.000171
4563.232000,-0.454160,0.105588,0.287121,-1.903938,-1.924118,0.551025,-0.001210,0.000022,0.013157,-0.000699,0.042336,-0.000210
4563.240000,-0.454150,0.105576,0.287204,-1.903819,-1.924029,0.551203,0.000920,0.000032,0.011171,-0.000476,0.033355,-0.000142
4563.248000,-0.454148,0.105603,0.287258,-1.903701,-1.923851,0.551281,-0.001118,0.000018,0.012393,-0.000632,0.037941,-0.000168
4563.256000,-0.454153,0.105582,0.287340,-1.903539,-1.923766,0.551566,0.001043,0.000028,0.010566,-0.000407,0.028816,-0.000092
4563.264000,-0.454142,0.105611,0.287445,-1.903430,-1.923481,0.551789,-0.000901,0.000019,0.010415,-0.000565,0.034730,-0.000185
4563.272000,-0.454145,0.105595,0.287508,-1.903290,-1.923338,0.552017,0.001212,0.000037,0.011074,-0.000482,0.034923,-0.000170
4563.280000,-0.454139,0.105587,0.287576,-1.903161,-1.923297,0.552186,-0.000989,0.000022,0.013966,-0.000699,0.042528,-0.000186
4563.288000,-0.454145,0.105601,0.287626,-1.903054,-1.923121,0.552317,-0.000144,0.000009,0.004391,-0.000221,0.014034,-0.000069
4563.296000,-0.454138,0.105583,0.287696,-1.902915,-1.923087,0.552484,-0.000225,0.000019,0.010508,-0.000487,0.030690,-0.000121
4563.304000,-0.454149,0.105595,0.287753,-1.902788,-1.922904,0.552672,-0.000401,0.000012,0.005137,-0.000298,0.018712,-0.000116
4563.312000,-0.454135,0.105589,0.287800,-1.902712,-1.922857,0.552780,-0.000533,0.000023,0.010880,-0.000566,0.035583,-0.000183
4563.320000,-0.454141,0.105608,0.287864,-1.902623,-1.922686,0.552978,-0.000522,0.000012,0.006088,-0.000336,0.020729,-0.000115
4563.328000,-0.454134,0.105599,0.287912,-1.902558,-1.922592,0.553096,-0.000146,0.000020,0.010174,-0.000469,0.029875,-0.000119
4563.336000,-0.454144,0.105585,0.287991,-1.902392,-1.922479,0.553269,-0.000372,0.000009,0.005058,-0.000259,0.015802,-0.000073
4563.344000,-0.454146,0.105601,0.288032,-1.902295,-1.922357,0.553396,0.000186,0.000026,0.013142,-0.000566,0.036696,-0.000125
4563.352000,-0.454147,0.105600,0.288113,-1.902114,-1.922202,0.553643,-0.000363,0.000016,0.005486,-0.000334,0.021496,-0.000148
4563.360000,-0.454148,0.105585,0.288166,-1.902015,-1.922165,0.553734,-0.000008,0.000030,0.014674,-0.000665,0.042711,-0.000167
4563.368000,-0.454134,0.105612,0.288246,-1.901888,-1.921990,0.553903,0.000442,0.000009,0.002064,-0.000084,0.006768,-0.000036
4563.376000,-0.454147,0.105612,0.288264,-1.901874,-1.921882,0.554010,0.000002,0.000030,0.013530,-0.000636,0.041364,-0.000185
4563.384000,-0.454148,0.105589,0.288349,-1.901697,-1.921762,0.554284,-0.000317,0.000015,0.005947,-0.000335,0.021319,-0.000129
4563.392000,-0.454152,0.105592,0.288355,-1.901669,-1.921760,0.554239,-0.000647,0.000016,0.009549,-0.000484,0.029606,-0.000135
4563.400000,-0.454139,0.105588,0.288445,-1.901503,-1.921608,0.554446,0.000992,0.000015,0.003829,-0.000121,0.010449,-0.000035
4563.408000,-0.454140,0.105614,0.288451,-1.901546,-1.921520,0.554476,-0.001139,0.000011,0.009252,-0.000486,0.028355,-0.000125
4563.416000,-0.454151,0.105575,0.288504,-1.901351,-1.921513,0.554665,0.000268,0.000006,0.001296,-0.000055,0.004376,-0.000025
4563.424000,-0.454151,0.105587,0.288538,-1.901285,-1.921415,0.554745,-0.000722,0.000021,0.010997,-0.000574,0.035396,-0.000176
4563.432000,-0.454151,0.105569,0.288615,-1.901069,-1.921323,0.555001,-0.000539,0.000006,0.002488,-0.000184,0.010904,-0.000084
4563.440000,-0.454150,0.105616,0.288627,-1.901133,-1.921177,0.554943,0.000201,0.000021,0.008419,-0.000388,0.025763,-0.000116
4563.448000,-0.454154,0.105600,0.288667,-1.901048,-1.921137,0.555051,0.000230,0.000009,0.002599,-0.000126,0.008982,-0.000052
4563.456000,-0.454156,0.105586,0.288693,-1.900998,-1.921130,0.555162,-0.000393,0.000014,0.008129,-0.000395,0.024329,-0.000102
4563.464000,-0.454157,0.105588,0.288773,-1.900811,-1.920995,0.555333,0.000470,0.000014,0.005525,-0.000222,0.015434,-0.000054
4563.472000,-0.454161,0.105599,0.288791,-1.900778,-1.920892,0.555422,-0.000502,0.000008,0.005271,-0.000274,0.016382,-0.000075
4563.480000,-0.454163,0.105584,0.288828,-1.900667,-1.920874,0.555590,-0.000280,0.000010,0.003089,-0.000207,0.013224,-0.000100
4563.488000,-0.454163,0.105591,0.288845,-1.900672,-1.920804,0.555622,0.000091,0.000016,0.006553,-0.000312,0.020514,-0.000097
4563.496000,-0.454166,0.105591,0.288912,-1.900552,-1.920659,0.555812,-0.000112,0.000009,0.004188,-0.000211,0.013416,-0.000066
4563.504000,-0.454171,0.105593,0.288899,-1.900605,-1.920654,0.555753,-0.000310,0.000007,0.003519,-0.000194,0.011886,-0.000065
4563.512000,-0.454170,0.105578,0.288933,-1.900497,-1.920662,0.555896,-0.000311,0.000006,0.003023,-0.000173,0.010540,-0.000061
4563.520000,-0.454168,0.105587,0.288969,-1.900456,-1.920531,0.555965,0.000251,0.000013,0.005177,-0.000229,0.015414,-0.000065
4563.528000,-0.454178,0.105593,0.289006,-1.900366,-1.920457,0.556045,-0.000025,0.000012,0.005624,-0.000261,0.016756,-0.000070
4563.536000,-0.454174,0.105602,0.289041,-1.900295,-1.920373,0.556173,-0.000510,0.000012,0.004935,-0.000301,0.018678,-0.000122
4563.544000,-0.454170,0.105593,0.289075,-1.900199,-1.920308,0.556259,-0.000254,0.000011,0.003063,-0.000211,0.013636,-0.000108
4563.552000,-0.454177,0.105588,0.289115,-1.900076,-1.920277,0.556355,-0.000236,0.000019,0.008116,-0.000423,0.027075,-0.000146
4563.560000,-0.454177,0.105580,0.289160,-1.900071,-1.920176,0.556521,-0.000475,0.000009,0.005070,-0.000280,0.017029,-0.000092
4563.568000,-0.454177,0.105596,0.289184,-1.900023,-1.920064,0.556507,0.000303,0.000014,0.005468,-0.000236,0.016014,-0.000064
4563.576000,-0.454175,0.105595,0.289240,-1.899954,-1.919961,0.556673,-0.000235,0.000010,0.005382,-0.000262,0.016272,-0.000070
4563.584000,-0.454189,0.105578,0.289262,-1.899846,-1.919966,0.556750,-0.000656,0.000007,0.005580,-0.000296,0.017274,-0.000078
4563.592000,-0.454187,0.105587,0.289304,-1.899800,-1.919863,0.556885,-0.000457,0.000010,0.006686,-0.000329,0.019852,-0.000081
4563.600000,-0.454185,0.105578,0.289337,-1.899677,-1.919800,0.556999,-0.000055,0.000015,0.004452,-0.000259,0.017111,-0.000115
4563.608000,-0.454187,0.105615,0.289348,-1.899708,-1.919700,0.557025,-0.000786,0.000015,0.007850,-0.000438,0.026625,-0.000146
4563.616000,-0.454201,0.105596,0.289428,-1.899505,-1.919588,0.557205,-0.000535,0.000009,0.004905,-0.000275,0.016488,-0.000089
4563.624000,-0.454198,0.105587,0.289437,-1.899478,-1.919633,0.557266,-0.000224,0.000006,0.002889,-0.000159,0.009787,-0.000054
4563.632000,-0.454195,0.105592,0.289504,-1.899420,-1.919460,0.557441,0.000049,0.000014,0.006613,-0.000301,0.019455,-0.000078
4563.640000,-0.454206,0.105583,0.289519,-1.899328,-1.919445,0.557479,-0.000664,0.000009,0.005975,-0.000321,0.018922,-0.000090
4563.648000,-0.454207,0.105589,0.289566,-1.899270,-1.919340,0.557592,-0.000937,0.000008,0.006413,-0.000357,0.020576,-0.000101
4563.656000,-0.454202,0.105604,0.289591,-1.899216,-1.919244,0.557694,0.000591,0.000010,0.002390,-0.000083,0.006950,-0.000028
4563.664000,-0.454201,0.105616,0.289634,-1.899149,-1.919147,0.557774,-0.000505,0.000015,0.008834,-0.000430,0.026323,-0.000109
4563.672000,-0.454210,0.105594,0.289679,-1.899047,-1.919113,0.557895,-0.000180,0.000007,0.003618,-0.000186,0.011589,-0.000057
4563.680000,-0.454202,0.105617,0.289681,-1.899057,-1.919024,0.557909,-0.000118,0.000006,0.002318,-0.000130,0.008321,-0.000051
4563.688000,-0.454204,0.105596,0.289729,-1.898933,-1.918967,0.558061,0.000361,0.000015,0.004459,-0.000215,0.015184,-0.000086
4563.696000,-0.454214,0.105575,0.289748,-1.898891,-1.919019,0.558144,-0.000341,0.000013,0.005685,-0.000315,0.019704,-0.000113
4563.704000,-0.454227,0.105574,0.289768,-1.898851,-1.918938,0.558256,-0.000704,0.000009,0.005509,-0.000315,0.018620,-0.000101
4563.712000,-0.454208,0.105616,0.289789,-1.898890,-1.918798,0.558235,-0.000246,0.000006,0.002815,-0.000158,0.009734,-0.000055
4563.720000,-0.454215,0.105587,0.289814,-1.898776,-1.918826,0.558333,0.000450,0.000011,0.003688,-0.000145,0.010521,-0.000040
4563.728000,-0.454221,0.105607,0.289836,-1.898742,-1.918749,0.558330,-0.000447,0.000008,0.005485,-0.000278,0.016675,-0.000072
4563.736000,-0.454225,0.105596,0.289883,-1.898651,-1.918656,0.558479,-0.000598,0.000006,0.004787,-0.000256,0.014863,-0.000068
4563.744000,-0.454231,0.105592,0.289889,-1.898537,-1.918641,0.558514,-0.000413,0.000013,0.003423,-0.000260,0.016679,-0.000143
4563.752000,-0.454232,0.105587,0.289908,-1.898518,-1.918638,0.558646,-0.000226,0.000009,0.002542,-0.000181,0.011671,-0.000095
4563.760000,-0.454222,0.105617,0.289958,-1.898473,-1.918480,0.558699,-0.000523,0.000011,0.005874,-0.000317,0.019234,-0.000099
4563.768000,-0.454229,0.105579,0.290029,-1.898262,-1.918450,0.558897,-0.000240,0.000008,0.003916,-0.000206,0.012692,-0.000064
4563.776000,-0.454223,0.105606,0.290019,-1.898379,-1.918362,0.558873,-0.000120,0.000006,0.002614,-0.000136,0.008546,-0.000044
4563.784000,-0.454226,0.105600,0.290064,-1.898275,-1.918310,0.558999,-0.000452,0.000006,0.004175,-0.000222,0.013123,-0.000062
4563.792000,-0.454235,0.105594,0.290103,-1.898177,-1.918232,0.559126,-0.000355,0.000006,0.003723,-0.000195,0.011637,-0.000054
4563.800000,-0.454238,0.105608,0.290090,-1.898230,-1.918197,0.559054,-0.000502,0.000006,0.004115,-0.000221,0.012950,-0.000061
4563.808000,-0.454239,0.105591,0.290127,-1.898126,-1.918168,0.559180,-0.000171,0.000007,0.002561,-0.000150,0.009428,-0.000060
4563.816000,-0.454238,0.105604,0.290156,-1.898068,-1.918104,0.559294,-0.000617,0.000009,0.005467,-0.000303,0.018088,-0.000095
4563.824000,-0.454252,0.105590,0.290214,-1.897935,-1.917979,0.559462,-0.000573,0.000009,0.005265,-0.000292,0.017465,-0.000092
4563.832000,-0.454243,0.105588,0.290227,-1.897902,-1.917982,0.559513,-0.000194,0.000007,0.002698,-0.000158,0.009950,-0.000063
4563.840000,-0.454240,0.105617,0.290242,-1.897937,-1.917889,0.559491,-0.000154,0.000007,0.002446,-0.000144,0.009198,-0.000060
4563.848000,-0.454252,0.105601,0.290292,-1.897796,-1.917814,0.559657,-0.000516,0.000011,0.006483,-0.000336,0.020317,-0.000095
4563.856000,-0.454257,0.105600,0.290330,-1.897735,-1.917736,0.559777,-0.000128,0.000008,0.003614,-0.000182,0.011470,-0.000056
4563.864000,-0.454261,0.105602,0.290321,-1.897740,-1.917703,0.559765,-0.000357,0.000006,0.003550,-0.000194,0.011680,-0.000061
4563.872000,-0.454261,0.105600,0.290376,-1.897612,-1.917633,0.559928,-0.000437,0.000009,0.003828,-0.000238,0.014652,-0.000097
4563.880000,-0.454260,0.105601,0.290398,-1.897593,-1.917560,0.559984,-0.000512,0.000012,0.005859,-0.000324,0.019785,-0.000108
4563.888000,-0.454265,0.105603,0.290445,-1.897465,-1.917492,0.560085,-0.000367,0.000010,0.005155,-0.000270,0.016531,-0.000082
4563.896000,-0.454266,0.105607,0.290484,-1.897420,-1.917384,0.560215,-0.000247,0.000006,0.003169,-0.000170,0.010429,-0.000054
4563.904000,-0.454270,0.105594,0.290463,-1.897414,-1.917483,0.560188,-0.000057,0.000005,0.002121,-0.000109,0.006964,-0.000036
4563.912000,-0.454271,0.105596,0.290499,-1.897372,-1.917405,0.560239,-0.000519,0.000008,0.005429,-0.000281,0.016655,-0.000074
4563.920000,-0.454276,0.105594,0.290573,-1.897224,-1.917244,0.560495,-0.000227,0.000007,0.004052,-0.000203,0.012414,-0.000055
4563.928000,-0.454275,0.105596,0.290554,-1.897238,-1.917244,0.560448,-0.000381,0.000014,0.004113,-0.000286,0.018342,-0.000145
4563.936000,-0.454273,0.105608,0.290583,-1.897159,-1.917156,0.560524,-0.000204,0.000011,0.002743,-0.000194,0.012711,-0.000105
4563.936000,-0.454273,0.105608,0.290583,-1.897159,-1.917156,0.560524,-0.000204,0.000011,0.002743,-0.000194,0.012711,-0.000105
4563.952000,-0.454282,0.105607,0.290680,-1.896994,-1.916973,0.560789,-0.000587,0.000009,0.005700,-0.000306,0.018203,-0.000089
4563.960000,-0.454276,0.105601,0.290683,-1.896967,-1.917021,0.560787,-0.000024,0.000007,0.003033,-0.000149,0.009576,-0.000046
4563.968000,-0.454273,0.105607,0.290676,-1.897030,-1.916993,0.560774,-0.000020,0.000005,0.001927,-0.000097,0.006298,-0.000033
4563.976000,-0.454280,0.105592,0.290731,-1.896888,-1.916929,0.560890,-0.000915,0.000006,0.005661,-0.000316,0.017820,-0.000083
4563.984000,-0.454289,0.105591,0.290776,-1.896784,-1.916805,0.561072,-0.000394,0.000004,0.002917,-0.000163,0.009471,-0.000048
4563.992000,-0.454288,0.105599,0.290752,-1.896825,-1.916833,0.560977,-0.000329,0.000004,0.002565,-0.000143,0.008402,-0.000043
4564.000000,-0.454288,0.105605,0.290773,-1.896773,-1.916812,0.561097,-0.000263,0.000006,0.002257,-0.000143,0.008809,-0.000060
4564.008000,-0.454294,0.105594,0.290794,-1.896733,-1.916772,0.561174,-0.000607,0.000009,0.005274,-0.000296,0.017604,-0.000094
4564.016000,-0.454305,0.105583,0.290831,-1.896660,-1.916720,0.561277,-0.000548,0.000008,0.004995,-0.000276,0.016406,-0.000085
4564.024000,-0.454297,0.105592,0.290852,-1.896614,-1.916625,0.561295,-0.000236,0.000006,0.002918,-0.000162,0.009902,-0.000055
4564.032000,-0.454296,0.105619,0.290864,-1.896597,-1.916543,0.561345,-0.000110,0.000005,0.001978,-0.000112,0.007127,-0.000044
4564.040000,-0.454304,0.105602,0.290898,-1.896540,-1.916509,0.561435,-0.001248,0.000008,0.007388,-0.000421,0.023782,-0.000117
4564.048000,-0.454311,0.105584,0.290953,-1.896400,-1.916449,0.561626,-0.000340,0.000007,0.003780,-0.000206,0.012409,-0.000064
4564.056000,-0.454311,0.105591,0.290947,-1.896374,-1.916484,0.561575,-0.000143,0.000006,0.002841,-0.000150,0.009365,-0.000049
4564.064000,-0.454311,0.105607,0.291004,-1.896319,-1.916314,0.561725,-0.000501,0.000007,0.004546,-0.000247,0.014614,-0.000072
4564.072000,-0.454314,0.105605,0.291045,-1.896205,-1.916233,0.561891,-0.000308,0.000007,0.003183,-0.000187,0.011455,-0.000070
4564.080000,-0.454318,0.105591,0.291089,-1.896118,-1.916178,0.561974,-0.000735,0.000008,0.005223,-0.000303,0.017734,-0.000097
4564.088000,-0.454324,0.105587,0.291097,-1.896084,-1.916136,0.562019,-0.000309,0.000007,0.003193,-0.000187,0.011407,-0.000069
4564.096000,-0.454328,0.105585,0.291102,-1.896077,-1.916136,0.562042,-0.000120,0.000005,0.002159,-0.000121,0.007626,-0.000045
4564.104000,-0.454332,0.105591,0.291152,-1.895984,-1.916018,0.562183,-0.000729,0.000006,0.005068,-0.000283,0.016253,-0.000079
4564.112000,-0.454340,0.105589,0.291172,-1.895935,-1.915970,0.562200,-0.000435,0.000006,0.003666,-0.000203,0.011939,-0.000060
4564.120000,-0.454333,0.105608,0.291162,-1.896016,-1.915904,0.562222,-0.000194,0.000007,0.002516,-0.000158,0.010046,-0.000071
4564.128000,-0.454333,0.105609,0.291188,-1.895923,-1.915849,0.562294,-0.000194,0.000007,0.002134,-0.000142,0.009006,-0.000067
4564.136000,-0.454347,0.105596,0.291232,-1.895747,-1.915875,0.562432,-0.001108,0.000008,0.006264,-0.000372,0.021184,-0.000115
4564.144000,-0.454348,0.105598,0.291262,-1.895772,-1.915772,0.562477,-0.000384,0.000005,0.002760,-0.000165,0.009739,-0.000057
4564.152000,-0.454344,0.105592,0.291279,-1.895685,-1.915751,0.562545,-0.000174,0.000004,0.001759,-0.000103,0.006288,-0.000038
4564.160000,-0.454346,0.105592,0.291299,-1.895663,-1.915729,0.562575,0.000043,0.000005,0.002008,-0.000097,0.006384,-0.000031
4564.168000,-0.454355,0.105597,0.291325,-1.895613,-1.915639,0.562691,-0.000494,0.000007,0.004578,-0.000243,0.014292,-0.000066
4564.176000,-0.454355,0.105597,0.291351,-1.895597,-1.915530,0.562799,-0.000444,0.000009,0.004110,-0.000243,0.014753,-0.000089
4564.184000,-0.454362,0.105592,0.291336,-1.895551,-1.915590,0.562755,-0.000211,0.000007,0.002435,-0.000155,0.009797,-0.000070
4564.192000,-0.454361,0.105597,0.291377,-1.895437,-1.915551,0.562852,-0.000181,0.000009,0.002209,-0.000158,0.010223,-0.000084
4564.200000,-0.454365,0.105592,0.291406,-1.895463,-1.915433,0.562940,-0.000816,0.000008,0.005245,-0.000316,0.018443,-0.000107
4564.208000,-0.454363,0.105605,0.291435,-1.895397,-1.915352,0.562983,-0.000248,0.000006,0.002523,-0.000149,0.009097,-0.000055
4564.216000,-0.454361,0.105593,0.291439,-1.895411,-1.915380,0.563013,-0.000220,0.000005,0.002475,-0.000139,0.008455,-0.000047
4564.224000,-0.454363,0.105604,0.291460,-1.895347,-1.915315,0.563080,-0.000146,0.000004,0.002121,-0.000115,0.007089,-0.000038
4564.232000,-0.454376,0.105582,0.291502,-1.895222,-1.915325,0.563171,-0.000727,0.000006,0.004907,-0.000272,0.015476,-0.000073
4564.240000,-0.454373,0.105584,0.291521,-1.895241,-1.915249,0.563281,-0.000217,0.000004,0.002462,-0.000131,0.007832,-0.000038
4564.248000,-0.454377,0.105591,0.291532,-1.895206,-1.915184,0.563327,-0.000185,0.000004,0.002222,-0.000117,0.007060,-0.000034
4564.256000,-0.454379,0.105598,0.291560,-1.895118,-1.915126,0.563369,-0.000334,0.000004,0.002938,-0.000158,0.009265,-0.000044
4564.264000,-0.454389,0.105587,0.291593,-1.895027,-1.915033,0.563518,-0.000701,0.000008,0.004712,-0.000287,0.016861,-0.000101
4564.272000,-0.454377,0.105596,0.291643,-1.894964,-1.914983,0.563610,-0.000455,0.000008,0.003528,-0.000219,0.013219,-0.000085
4564.280000,-0.454389,0.105603,0.291629,-1.895032,-1.914930,0.563599,-0.000215,0.000005,0.002115,-0.000130,0.008052,-0.000053
4564.288000,-0.454387,0.105619,0.291649,-1.894993,-1.914867,0.563643,-0.000613,0.000005,0.003834,-0.000224,0.012888,-0.000069
4564.296000,-0.454395,0.105601,0.291672,-1.894900,-1.914877,0.563747,-0.000656,0.000005,0.003957,-0.000229,0.013003,-0.000067
4564.304000,-0.454398,0.105596,0.291714,-1.894871,-1.914739,0.563790,-0.000303,0.000004,0.002258,-0.000131,0.007683,-0.000042
4564.312000,-0.454400,0.105592,0.291696,-1.894811,-1.914819,0.563822,-0.000264,0.000004,0.002071,-0.000120,0.007108,-0.000040
4564.320000,-0.454404,0.105605,0.291739,-1.894794,-1.914673,0.563904,-0.000365,0.000005,0.002559,-0.000162,0.009672,-0.000063
4564.328000,-0.454409,0.105599,0.291769,-1.894686,-1.914639,0.564015,-0.000706,0.000006,0.004203,-0.000255,0.014728,-0.000085
4564.336000,-0.454417,0.105592,0.291777,-1.894645,-1.914603,0.564097,-0.000403,0.000006,0.002746,-0.000172,0.010247,-0.000066
4564.344000,-0.454415,0.105604,0.291791,-1.894665,-1.914571,0.564077,-0.000357,0.000006,0.002480,-0.000161,0.009706,-0.000066
4564.352000,-0.454425,0.105592,0.291828,-1.894518,-1.914543,0.564210,-0.000312,0.000005,0.002156,-0.000144,0.008747,-0.000062
4564.360000,-0.454424,0.105609,0.291854,-1.894548,-1.914412,0.564286,-0.000756,0.000006,0.004297,-0.000258,0.014762,-0.000082
4564.368000,-0.454429,0.105604,0.291887,-1.894389,-1.914428,0.564334,-0.000452,0.000004,0.002835,-0.000169,0.009801,-0.000055
4564.376000,-0.454420,0.105597,0.291894,-1.894423,-1.914408,0.564387,-0.000236,0.000003,0.001790,-0.000107,0.006327,-0.000037
4564.384000,-0.454431,0.105598,0.291930,-1.894367,-1.914297,0.564495,-0.000651,0.000004,0.003793,-0.000218,0.012318,-0.000062
4564.392000,-0.454439,0.105589,0.291974,-1.894229,-1.914211,0.564618,-0.000649,0.000004,0.003785,-0.000218,0.012294,-0.000062
4564.400000,-0.454440,0.105596,0.291977,-1.894218,-1.914204,0.564688,-0.000384,0.000008,0.002732,-0.000190,0.011719,-0.000089
4564.408000,-0.454441,0.105599,0.291993,-1.894232,-1.914128,0.564692,-0.000368,0.000007,0.002654,-0.000180,0.011048,-0.000081
4564.416000,-0.454444,0.105604,0.292016,-1.894160,-1.914101,0.564740,-0.000297,0.000005,0.002309,-0.000145,0.008771,-0.000058
4564.424000,-0.454456,0.105590,0.292034,-1.894136,-1.914081,0.564870,-0.000671,0.000005,0.004113,-0.000241,0.013779,-0.000074
4564.432000,-0.454444,0.105610,0.292075,-1.894072,-1.913966,0.564894,-0.000203,0.000004,0.002177,-0.000122,0.007405,-0.000041
4564.440000,-0.454452,0.105598,0.292061,-1.894017,-1.914053,0.564879,-0.000196,0.000004,0.002141,-0.000118,0.007094,-0.000037
4564.448000,-0.454455,0.105604,0.292093,-1.894018,-1.913940,0.564972,-0.000074,0.000007,0.003308,-0.000158,0.009917,-0.000042
4564.456000,-0.454456,0.105596,0.292141,-1.893932,-1.913833,0.565072,0.000265,0.000009,0.003688,-0.000153,0.010382,-0.000037
4564.464000,-0.454456,0.105592,0.292156,-1.893828,-1.913867,0.565166,0.000032,0.000010,0.003501,-0.000184,0.012160,-0.000071
4564.472000,-0.454456,0.105603,0.292181,-1.893839,-1.913741,0.565256,-0.000111,0.000008,0.002650,-0.000157,0.010080,-0.000067
4564.480000,-0.454463,0.105587,0.292183,-1.893730,-1.913807,0.565256,-0.000541,0.000008,0.004107,-0.000247,0.014628,-0.000087
4564.488000,-0.454463,0.105598,0.292234,-1.893687,-1.913671,0.565380,-0.000379,0.000006,0.002971,-0.000176,0.010439,-0.000061
4564.496000,-0.454469,0.105593,0.292218,-1.893697,-1.913681,0.565377,-0.000185,0.000004,0.001836,-0.000111,0.006768,-0.000043
4564.504000,-0.454468,0.105591,0.292226,-1.893693,-1.913714,0.565389,-0.000180,0.000004,0.001658,-0.000103,0.006274,-0.000041
4564.512000,-0.454468,0.105603,0.292266,-1.893683,-1.913558,0.565496,-0.000378,0.000004,0.002511,-0.000152,0.008934,-0.000053
4564.520000,-0.454474,0.105597,0.292269,-1.893612,-1.913569,0.565440,-0.000448,0.000004,0.002764,-0.000168,0.009744,-0.000057
4564.528000,-0.454479,0.105609,0.292274,-1.893610,-1.913523,0.565531,-0.000411,0.000004,0.002521,-0.000151,0.008728,-0.000049
4564.536000,-0.454478,0.105601,0.292283,-1.893579,-1.913518,0.565511,-0.000216,0.000003,0.001530,-0.000093,0.005478,-0.000033
4564.544000,-0.454481,0.105600,0.292298,-1.893569,-1.913468,0.565582,-0.000160,0.000003,0.001256,-0.000076,0.004544,-0.000028
4564.552000,-0.454482,0.105619,0.292352,-1.893489,-1.913337,0.565756,-0.000760,0.000004,0.004170,-0.000241,0.013506,-0.000067
4564.560000,-0.454487,0.105612,0.292377,-1.893367,-1.913284,0.565821,-0.000441,0.000007,0.002633,-0.000187,0.011349,-0.000087
4564.568000,-0.454492,0.105599,0.292379,-1.893318,-1.913293,0.565895,-0.000508,0.000010,0.002962,-0.000230,0.014177,-0.000119
4564.576000,-0.454493,0.105593,0.292401,-1.893311,-1.913264,0.565936,-0.000300,0.000006,0.001947,-0.000140,0.008594,-0.000067
4564.584000,-0.454494,0.105600,0.292414,-1.893291,-1.913213,0.565961,-0.000718,0.000006,0.003977,-0.000243,0.013866,-0.000079
4564.592000,-0.454507,0.105593,0.292433,-1.893212,-1.913208,0.566033,-0.000684,0.000005,0.003808,-0.000228,0.012883,-0.000070
4564.600000,-0.454494,0.105621,0.292455,-1.893234,-1.913115,0.566055,-0.000311,0.000003,0.001997,-0.000121,0.007036,-0.000041
4564.608000,-0.454500,0.105604,0.292439,-1.893258,-1.913163,0.566032,-0.000191,0.000003,0.001410,-0.000085,0.005047,-0.000030
4564.616000,-0.454514,0.105594,0.292476,-1.893148,-1.913090,0.566151,-0.001100,0.000005,0.005837,-0.000336,0.018539,-0.000088
4564.624000,-0.454527,0.105579,0.292508,-1.893045,-1.913071,0.566228,-0.000506,0.000003,0.002926,-0.000169,0.009485,-0.000047
4564.632000,-0.454524,0.105586,0.292514,-1.893021,-1.913055,0.566202,-0.000319,0.000003,0.001970,-0.000114,0.006499,-0.000034
4564.640000,-0.454531,0.105601,0.292539,-1.892998,-1.912929,0.566337,-0.000478,0.000003,0.002703,-0.000156,0.008737,-0.000043
4564.648000,-0.454537,0.105599,0.292583,-1.892956,-1.912831,0.566486,-0.000799,0.000004,0.004245,-0.000244,0.013487,-0.000064
4564.656000,-0.454536,0.105605,0.292627,-1.892850,-1.912723,0.566622,-0.000558,0.000006,0.003057,-0.000201,0.011766,-0.000078
4564.664000,-0.454535,0.105600,0.292643,-1.892797,-1.912708,0.566651,-0.000401,0.000008,0.002277,-0.000179,0.011004,-0.000093
4564.672000,-0.454545,0.105601,0.292652,-1.892742,-1.912690,0.566672,-0.000682,0.000008,0.003624,-0.000255,0.015155,-0.000112
4564.680000,-0.454555,0.105594,0.292679,-1.892672,-1.912632,0.566808,-0.000861,0.000007,0.004476,-0.000283,0.016118,-0.000097
4564.688000,-0.454556,0.105585,0.292703,-1.892634,-1.912637,0.566890,-0.000373,0.000004,0.002089,-0.000137,0.007994,-0.000053
4564.696000,-0.454550,0.105605,0.292692,-1.892690,-1.912582,0.566825,-0.000246,0.000003,0.001444,-0.000095,0.005603,-0.000038
4564.704000,-0.454561,0.105600,0.292715,-1.892597,-1.912572,0.566868,-0.000469,0.000003,0.002537,-0.000154,0.008718,-0.000049
4564.712000,-0.454560,0.105611,0.292750,-1.892583,-1.912467,0.566949,-0.000662,0.000004,0.003459,-0.000205,0.011407,-0.000059
4564.720000,-0.454566,0.105585,0.292762,-1.892515,-1.912482,0.566999,-0.000452,0.000003,0.002432,-0.000145,0.008124,-0.000043
4564.728000,-0.454572,0.105596,0.292732,-1.892560,-1.912504,0.566938,-0.000244,0.000002,0.001393,-0.000085,0.004846,-0.000028
4564.736000,-0.454568,0.105601,0.292763,-1.892538,-1.912436,0.566999,-0.000175,0.000002,0.001054,-0.000065,0.003743,-0.000022
4564.744000,-0.454573,0.105599,0.292789,-1.892430,-1.912431,0.567092,-0.000723,0.000003,0.003711,-0.000216,0.011872,-0.000057
4564.752000,-0.454573,0.105604,0.292821,-1.892416,-1.912285,0.567242,-0.000356,0.000002,0.001918,-0.000113,0.006360,-0.000033
4564.760000,-0.454580,0.105600,0.292822,-1.892342,-1.912265,0.567265,-0.000320,0.000006,0.001755,-0.000143,0.008828,-0.000077
4564.768000,-0.454585,0.105593,0.292827,-1.892364,-1.912254,0.567315,-0.000300,0.000005,0.001632,-0.000128,0.007827,-0.000066
4564.776000,-0.454587,0.105594,0.292863,-1.892246,-1.912219,0.567380,-0.000513,0.000004,0.002671,-0.000174,0.010007,-0.000064
4564.784000,-0.454585,0.105600,0.292884,-1.892251,-1.912149,0.567412,-0.000606,0.000004,0.003128,-0.000193,0.010918,-0.000063
4564.792000,-0.454594,0.105586,0.292872,-1.892209,-1.912207,0.567371,-0.000310,0.000003,0.001673,-0.000108,0.006245,-0.000040
4564.800000,-0.454586,0.105604,0.292884,-1.892243,-1.912154,0.567441,-0.000212,0.000003,0.001198,-0.000081,0.004783,-0.000033
4564.808000,-0.454594,0.105598,0.292928,-1.892126,-1.912104,0.567550,-0.000802,0.000004,0.004065,-0.000244,0.013607,-0.000072
4564.816000,-0.454597,0.105603,0.292949,-1.892129,-1.911998,0.567656,-0.000415,0.000003,0.002171,-0.000137,0.007784,-0.000047
4564.824000,-0.454603,0.105590,0.292949,-1.892114,-1.911985,0.567647,-0.000391,0.000003,0.002051,-0.000132,0.007568,-0.000047
4564.832000,-0.454605,0.105609,0.292957,-1.892049,-1.911954,0.567701,-0.000427,0.000003,0.002230,-0.000142,0.008119,-0.000050
4564.840000,-0.454608,0.105599,0.293014,-1.891905,-1.911877,0.567859,-0.000491,0.000005,0.002548,-0.000172,0.009988,-0.000068
4564.848000,-0.454613,0.105612,0.293024,-1.891932,-1.911776,0.567879,-0.000725,0.000006,0.003677,-0.000236,0.013468,-0.000083
4564.856000,-0.454626,0.105585,0.293027,-1.891853,-1.911826,0.567901,-0.000439,0.000005,0.002274,-0.000157,0.009154,-0.000065
4564.864000,-0.454620,0.105601,0.293045,-1.891893,-1.911736,0.567955,-0.000349,0.000004,0.001832,-0.000128,0.007549,-0.000055
4564.872000,-0.454623,0.105598,0.293074,-1.891793,-1.911746,0.568050,-0.000667,0.000005,0.003391,-0.000217,0.012342,-0.000076
4564.880000,-0.454636,0.105590,0.293097,-1.891709,-1.911663,0.568126,-0.000649,0.000005,0.003305,-0.000212,0.012078,-0.000075
4564.888000,-0.454630,0.105600,0.293105,-1.891768,-1.911615,0.568142,-0.000337,0.000003,0.001772,-0.000119,0.006950,-0.000047
4564.896000,-0.454630,0.105612,0.293120,-1.891728,-1.911590,0.568142,-0.000316,0.000003,0.001669,-0.000109,0.006279,-0.000040
4564.904000,-0.454636,0.105609,0.293151,-1.891720,-1.911487,0.568301,-0.000517,0.000003,0.002657,-0.000162,0.009082,-0.000050
4564.912000,-0.454653,0.105588,0.293140,-1.891595,-1.911582,0.568292,-0.000550,0.000003,0.002794,-0.000169,0.009375,-0.000050
4564.920000,-0.454642,0.105623,0.293179,-1.891612,-1.911379,0.568368,-0.000303,0.000002,0.001583,-0.000099,0.005636,-0.000033
4564.928000,-0.454649,0.105605,0.293192,-1.891554,-1.911419,0.568409,-0.000260,0.000002,0.001373,-0.000087,0.004989,-0.000031
4564.936000,-0.454658,0.105600,0.293233,-1.891455,-1.911341,0.568536,-0.000737,0.000004,0.003719,-0.000221,0.012203,-0.000062
4564.944000,-0.454661,0.105598,0.293242,-1.891374,-1.911305,0.568556,-0.000554,0.000004,0.002821,-0.000181,0.010333,-0.000064
4564.952000,-0.454661,0.105591,0.293234,-1.891417,-1.911310,0.568562,-0.000383,0.000007,0.001989,-0.000161,0.009854,-0.000085
4564.960000,-0.454666,0.105597,0.293260,-1.891349,-1.911275,0.568704,-0.000340,0.000006,0.001777,-0.000145,0.008896,-0.000078
4564.968000,-0.454673,0.105606,0.293287,-1.891298,-1.911179,0.568744,-0.000944,0.000006,0.004746,-0.000295,0.016636,-0.000096
4564.976000,-0.454682,0.105583,0.293320,-1.891212,-1.911167,0.568857,-0.000469,0.000004,0.002408,-0.000155,0.008848,-0.000055
4564.984000,-0.454670,0.105607,0.293285,-1.891293,-1.911189,0.568718,-0.000268,0.000003,0.001413,-0.000094,0.005469,-0.000037
4564.992000,-0.454672,0.105610,0.293328,-1.891275,-1.911094,0.568843,-0.000214,0.000002,0.001148,-0.000076,0.004438,-0.000030
4565.000000,-0.454683,0.105600,0.293357,-1.891135,-1.911059,0.568939,-0.000706,0.000003,0.003552,-0.000211,0.011680,-0.000060
4565.008000,-0.454691,0.105595,0.293375,-1.891088,-1.911034,0.568995,-0.000634,0.000003,0.003200,-0.000190,0.010506,-0.000054
4565.016000,-0.454686,0.105608,0.293347,-1.891217,-1.911014,0.568895,-0.000307,0.000002,0.001585,-0.000097,0.005449,-0.000030
4565.024000,-0.454688,0.105599,0.293382,-1.891084,-1.911013,0.569024,-0.000202,0.000002,0.001068,-0.000067,0.003844,-0.000023
4565.032000,-0.454686,0.105628,0.293386,-1.891114,-1.910938,0.568987,-0.000788,0.000003,0.003961,-0.000231,0.012735,-0.000062
4565.040000,-0.454696,0.105596,0.293442,-1.890952,-1.910865,0.569191,-0.000515,0.000003,0.002612,-0.000155,0.008589,-0.000044
4565.048000,-0.454708,0.105598,0.293418,-1.890943,-1.910910,0.569114,-0.000304,0.000003,0.001573,-0.000108,0.006336,-0.000045
4565.056000,-0.454695,0.105623,0.293439,-1.890989,-1.910787,0.569193,-0.000223,0.000003,0.001176,-0.000085,0.005114,-0.000039
4565.064000,-0.454710,0.105594,0.293471,-1.890884,-1.910761,0.569357,-0.000606,0.000007,0.003073,-0.000216,0.012639,-0.000091
4565.072000,-0.454703,0.105622,0.293493,-1.890884,-1.910664,0.569374,-0.000601,0.000007,0.003048,-0.000212,0.012423,-0.000089
4565.080000,-0.454699,0.105613,0.293504,-1.890842,-1.910676,0.569362,-0.000326,0.000004,0.001685,-0.000120,0.007079,-0.000052
4565.088000,-0.454712,0.105590,0.293487,-1.890800,-1.910784,0.569364,-0.000276,0.000003,0.001434,-0.000099,0.005785,-0.000041
4565.096000,-0.454715,0.105606,0.293520,-1.890822,-1.910646,0.569450,-0.000426,0.000003,0.002176,-0.000137,0.007774,-0.000046
4565.104000,-0.454721,0.105605,0.293539,-1.890771,-1.910600,0.569535,-0.000570,0.000003,0.002889,-0.000175,0.009763,-0.000053
4565.112000,-0.454719,0.105600,0.293563,-1.890685,-1.910598,0.569566,-0.000390,0.000002,0.001998,-0.000123,0.006887,-0.000039
4565.120000,-0.454720,0.105627,0.293541,-1.890792,-1.910553,0.569527,-0.000233,0.000002,0.001222,-0.000077,0.004395,-0.000026
4565.128000,-0.454728,0.105605,0.293570,-1.890712,-1.910540,0.569617,-0.000219,0.000002,0.001154,-0.000072,0.004107,-0.000024
4565.136000,-0.454731,0.105607,0.293572,-1.890678,-1.910538,0.569595,-0.000536,0.000003,0.002723,-0.000161,0.008900,-0.000045
4565.144000,-0.454742,0.105583,0.293601,-1.890552,-1.910537,0.569734,-0.000497,0.000003,0.002528,-0.000150,0.008301,-0.000042
4565.152000,-0.454743,0.105584,0.293619,-1.890532,-1.910464,0.569790,-0.000371,0.000004,0.001911,-0.000135,0.007942,-0.000058
4565.160000,-0.454742,0.105589,0.293624,-1.890501,-1.910439,0.569836,-0.000280,0.000004,0.001442,-0.000109,0.006509,-0.000052
4565.168000,-0.454749,0.105602,0.293668,-1.890431,-1.910308,0.569927,-0.000790,0.000006,0.003969,-0.000252,0.014273,-0.000086
4565.176000,-0.454752,0.105605,0.293706,-1.890396,-1.910240,0.570035,-0.000709,0.000005,0.003566,-0.000224,0.012667,-0.000075
4565.184000,-0.454753,0.105601,0.293715,-1.890361,-1.910198,0.570080,-0.000333,0.000003,0.001702,-0.000113,0.006509,-0.000043
4565.192000,-0.454748,0.105613,0.293719,-1.890395,-1.910180,0.570041,-0.000247,0.000002,0.001273,-0.000085,0.004927,-0.000033
4565.200000,-0.454763,0.105608,0.293732,-1.890346,-1.910122,0.570107,-0.000694,0.000004,0.003492,-0.000210,0.011637,-0.000061
4565.208000,-0.454768,0.105593,0.293750,-1.890232,-1.910137,0.570156,-0.000593,0.000003,0.002992,-0.000182,0.010103,-0.000055
4565.216000,-0.454759,0.105626,0.293764,-1.890278,-1.910056,0.570234,-0.000301,0.000002,0.001542,-0.000099,0.005646,-0.000035
4565.224000,-0.454769,0.105595,0.293792,-1.890181,-1.910036,0.570320,-0.000244,0.000003,0.001263,-0.000091,0.005406,-0.000041
4565.232000,-0.454777,0.105602,0.293806,-1.890154,-1.909978,0.570356,-0.000743,0.000005,0.003744,-0.000232,0.013027,-0.000074
4565.240000,-0.454782,0.105595,0.293841,-1.890020,-1.909963,0.570460,-0.000700,0.000005,0.003533,-0.000220,0.012380,-0.000071
4565.248000,-0.454774,0.105602,0.293835,-1.890076,-1.909946,0.570420,-0.000341,0.000003,0.001747,-0.000119,0.006892,-0.000047
4565.256000,-0.454783,0.105603,0.293838,-1.890087,-1.909903,0.570436,-0.000242,0.000003,0.001255,-0.000087,0.005119,-0.000037
4565.264000,-0.454790,0.105588,0.293873,-1.889975,-1.909885,0.570603,-0.000777,0.000004,0.003914,-0.000235,0.013027,-0.000068
4565.272000,-0.454796,0.105580,0.293907,-1.889873,-1.909830,0.570661,-0.000452,0.000003,0.002296,-0.000143,0.007994,-0.000046
4565.280000,-0.454797,0.105611,0.293879,-1.889952,-1.909784,0.570644,-0.000452,0.000003,0.002296,-0.000142,0.007994,-0.000046
4565.288000,-0.454793,0.105597,0.293923,-1.889867,-1.909754,0.570702,-0.000326,0.000005,0.001678,-0.000130,0.007851,-0.000065
4565.296000,-0.454796,0.105601,0.293931,-1.889841,-1.909711,0.570761,-0.000279,0.000005,0.001444,-0.000117,0.007132,-0.000062
4565.304000,-0.454803,0.105612,0.293951,-1.889845,-1.909646,0.570799,-0.000667,0.000005,0.003376,-0.000215,0.012236,-0.000075
4565.312000,-0.454807,0.105615,0.293984,-1.889756,-1.909558,0.570860,-0.000394,0.000003,0.002016,-0.000132,0.007563,-0.000049
4565.320000,-0.454801,0.105619,0.293983,-1.889784,-1.909610,0.570917,-0.000384,0.000003,0.001963,-0.000125,0.007108,-0.000043
4565.328000,-0.454805,0.105607,0.293999,-1.889740,-1.909586,0.570912,-0.000281,0.000002,0.001451,-0.000093,0.005334,-0.000033
4565.336000,-0.454817,0.105601,0.293992,-1.889708,-1.909575,0.570947,-0.000228,0.000002,0.001187,-0.000077,0.004400,-0.000028
4565.344000,-0.454819,0.105602,0.294019,-1.889701,-1.909492,0.571007,-0.000603,0.000003,0.003055,-0.000182,0.010031,-0.000051
4565.352000,-0.454819,0.105595,0.294038,-1.889650,-1.909500,0.571073,-0.000340,0.000002,0.001741,-0.000106,0.005934,-0.000033
4565.360000,-0.454821,0.105613,0.294039,-1.889630,-1.909419,0.571084,-0.000249,0.000002,0.001288,-0.000080,0.004544,-0.000027
4565.368000,-0.454821,0.105611,0.294067,-1.889565,-1.909366,0.571201,-0.000365,0.000007,0.001880,-0.000156,0.009624,-0.000086
4565.376000,-0.454828,0.105596,0.294085,-1.889491,-1.909376,0.571237,-0.000399,0.000005,0.002049,-0.000152,0.009049,-0.000071
4565.384000,-0.454828,0.105626,0.294115,-1.889474,-1.909223,0.571273,-0.000518,0.000004,0.002637,-0.000172,0.009888,-0.000063
4565.392000,-0.454833,0.105598,0.294111,-1.889458,-1.909306,0.571277,-0.000501,0.000004,0.002554,-0.000162,0.009169,-0.000055
4565.400000,-0.454838,0.105587,0.294122,-1.889368,-1.909305,0.571339,-0.000287,0.000003,0.001481,-0.000098,0.005598,-0.000036
4565.408000,-0.454830,0.105624,0.294111,-1.889465,-1.909273,0.571271,-0.000079,0.000002,0.000442,-0.000036,0.002219,-0.000019
4565.416000,-0.454844,0.105603,0.294145,-1.889355,-1.909222,0.571390,-0.000669,0.000003,0.003392,-0.000202,0.011158,-0.000057
4565.424000,-0.454846,0.105601,0.294182,-1.889282,-1.909162,0.571517,-0.000579,0.000003,0.002943,-0.000175,0.009672,-0.000050
4565.432000,-0.454845,0.105622,0.294158,-1.889386,-1.909137,0.571472,-0.000288,0.000002,0.001486,-0.000092,0.005167,-0.000029
4565.440000,-0.454847,0.105612,0.294171,-1.889315,-1.909126,0.571514,-0.000196,0.000002,0.001026,-0.000066,0.003753,-0.000023
4565.448000,-0.454855,0.105597,0.294207,-1.889185,-1.909101,0.571607,-0.000971,0.000004,0.004903,-0.000286,0.015663,-0.000075
4565.456000,-0.454868,0.105597,0.294240,-1.889136,-1.909006,0.571718,-0.000901,0.000006,0.004562,-0.000283,0.015831,-0.000090
4565.464000,-0.454863,0.105603,0.294238,-1.889124,-1.908963,0.571732,-0.000482,0.000008,0.002452,-0.000198,0.012097,-0.000105
4565.472000,-0.454869,0.105592,0.294241,-1.889108,-1.908952,0.571790,-0.000319,0.000006,0.001635,-0.000138,0.008479,-0.000076
4565.480000,-0.454866,0.105611,0.294292,-1.889063,-1.908859,0.571912,-0.000241,0.000004,0.001236,-0.000097,0.005866,-0.000049
4565.488000,-0.454877,0.105613,0.294306,-1.889018,-1.908799,0.571948,-0.000925,0.000005,0.004661,-0.000283,0.015788,-0.000086
4565.496000,-0.454875,0.105596,0.294291,-1.889024,-1.908874,0.571908,-0.000438,0.000003,0.002223,-0.000141,0.007975,-0.000048
4565.504000,-0.454874,0.105603,0.294308,-1.889004,-1.908824,0.571933,-0.000258,0.000002,0.001318,-0.000087,0.004980,-0.000032
4565.512000,-0.454876,0.105608,0.294337,-1.888985,-1.908713,0.572033,-0.000201,0.000002,0.001033,-0.000069,0.003949,-0.000026
4565.520000,-0.454885,0.105602,0.294364,-1.888906,-1.908708,0.572103,-0.000795,0.000004,0.004012,-0.000237,0.013008,-0.000065
4565.528000,-0.454895,0.105586,0.294364,-1.888833,-1.908718,0.572139,-0.000341,0.000002,0.001733,-0.000106,0.005914,-0.000033
4565.536000,-0.454893,0.105609,0.294356,-1.888838,-1.908715,0.572077,-0.000297,0.000002,0.001514,-0.000093,0.005195,-0.000029
4565.544000,-0.454893,0.105605,0.294382,-1.888846,-1.908660,0.572203,-0.000297,0.000002,0.001514,-0.000093,0.005195,-0.000029
4565.552000,-0.454892,0.105603,0.294399,-1.888774,-1.908658,0.572189,-0.000264,0.000002,0.001350,-0.000084,0.004692,-0.000027
4565.560000,-0.454910,0.105613,0.294419,-1.888785,-1.908514,0.572315,-0.000676,0.000005,0.003425,-0.000218,0.012361,-0.000075
4565.568000,-0.454907,0.105598,0.294453,-1.888640,-1.908491,0.572393,-0.000614,0.000007,0.002605,-0.000205,0.012016,-0.000098
4565.576000,-0.454905,0.105602,0.294448,-1.888652,-1.908494,0.572414,-0.000545,0.000007,0.002262,-0.000185,0.010961,-0.000093
4565.584000,-0.454907,0.105620,0.294459,-1.888674,-1.908451,0.572480,-0.000358,0.000004,0.001317,-0.000114,0.006719,-0.000059
4565.592000,-0.454911,0.105602,0.294480,-1.888631,-1.908403,0.572507,-0.000289,0.000003,0.000966,-0.000083,0.004826,-0.000042
4565.600000,-0.454925,0.105597,0.294473,-1.888616,-1.908426,0.572484,-0.000778,0.000004,0.003419,-0.000217,0.011944,-0.000068
4565.608000,-0.454927,0.105608,0.294511,-1.888471,-1.908370,0.572578,-0.000550,0.000002,0.001759,-0.000126,0.006758,-0.000044
4565.616000,-0.454921,0.105615,0.294486,-1.888636,-1.908348,0.572496,-0.000544,0.000001,0.001728,-0.000122,0.006494,-0.000041
4565.624000,-0.454929,0.105623,0.294495,-1.888562,-1.908314,0.572596,-0.001356,-0.000011,-0.002245,-0.000000,-0.003121,-0.000025
4565.632000,-0.454945,0.105608,0.294490,-1.888570,-1.908332,0.572570,-0.001059,-0.000002,0.001555,-0.000146,0.006676,-0.000049
4565.640000,-0.454946,0.105613,0.294514,-1.888516,-1.908284,0.572647,-0.000780,-0.000000,0.001749,-0.000136,0.006719,-0.000044
4565.648000,-0.454955,0.105592,0.294493,-1.888478,-1.908352,0.572624,-0.000460,-0.000000,0.000792,-0.000073,0.003561,-0.000028
4565.656000,-0.454952,0.105607,0.294497,-1.888480,-1.908291,0.572667,-0.000484,0.000003,0.001054,-0.000115,0.006552,-0.000065
4565.664000,-0.454958,0.105614,0.294534,-1.888437,-1.908218,0.572723,-0.000692,0.000004,0.002101,-0.000173,0.009691,-0.000078
4565.672000,-0.454960,0.105602,0.294587,-1.888324,-1.908110,0.572914,-0.000957,0.000003,0.003431,-0.000237,0.012806,-0.000081
4565.680000,-0.454971,0.105601,0.294555,-1.888383,-1.908153,0.572869,-0.000538,0.000001,0.001318,-0.000110,0.005857,-0.000045
4565.688000,-0.454957,0.105624,0.294583,-1.888365,-1.908060,0.572899,-0.000370,0.000001,0.000765,-0.000071,0.003781,-0.000032
4565.696000,-0.454968,0.105624,0.294597,-1.888336,-1.908030,0.572940,-0.000325,0.000001,0.000741,-0.000066,0.003547,-0.000029
4565.704000,-0.454978,0.105597,0.294614,-1.888207,-1.908052,0.573011,-0.000685,0.000002,0.002689,-0.000175,0.009485,-0.000055
4565.712000,-0.454975,0.105596,0.294628,-1.888181,-1.908061,0.573053,-0.000386,0.000002,0.001273,-0.000094,0.005104,-0.000036
4565.720000,-0.454976,0.105613,0.294623,-1.888242,-1.907979,0.573050,-0.000294,0.000001,0.000877,-0.000070,0.003868,-0.000030
4565.728000,-0.454986,0.105592,0.294636,-1.888163,-1.907983,0.573104,-0.000301,0.000002,0.000914,-0.000075,0.004179,-0.000034
4565.736000,-0.454994,0.105587,0.294666,-1.888089,-1.907953,0.573176,-0.000499,0.000002,0.001912,-0.000132,0.007247,-0.000047
4565.744000,-0.454997,0.105601,0.294661,-1.888101,-1.907933,0.573197,-0.000608,-0.000000,0.001003,-0.000099,0.004946,-0.000042
4565.752000,-0.454995,0.105614,0.294648,-1.888140,-1.907890,0.573157,-0.000609,-0.000000,0.001003,-0.000099,0.004946,-0.000042
4565.760000,-0.454989,0.105624,0.294674,-1.888149,-1.907815,0.573221,-0.000498,0.000000,0.000718,-0.000079,0.003978,-0.000037
4565.768000,-0.454998,0.105607,0.294671,-1.888106,-1.907862,0.573229,-0.000367,0.000001,0.000529,-0.000063,0.003254,-0.000032
4565.776000,-0.455005,0.105601,0.294675,-1.888048,-1.907855,0.573292,-0.000323,0.000001,0.000578,-0.000062,0.003317,-0.000031
4565.784000,-0.455018,0.105609,0.294702,-1.887944,-1.907773,0.573343,-0.001457,-0.000006,0.000291,-0.000124,0.004452,-0.000056
4565.792000,-0.455022,0.105598,0.294695,-1.887952,-1.907811,0.573346,-0.001105,-0.000003,0.000967,-0.000136,0.006086,-0.000060
4565.800000,-0.455013,0.105611,0.294712,-1.887998,-1.907718,0.573438,-0.000620,-0.000000,0.000703,-0.000092,0.004543,-0.000046
4565.808000,-0.455029,0.105580,0.294700,-1.887913,-1.907823,0.573404,-0.000435,0.000001,0.000538,-0.000073,0.003781,-0.000040
4565.816000,-0.455032,0.105596,0.294720,-1.887873,-1.907742,0.573484,-0.000366,0.000001,0.000592,-0.000069,0.003719,-0.000037
4565.824000,-0.455036,0.105605,0.294771,-1.887834,-1.907562,0.573578,-0.000731,0.000002,0.002682,-0.000181,0.009729,-0.000059
4565.832000,-0.455039,0.105596,0.294754,-1.887836,-1.907637,0.573598,-0.000559,0.000002,0.001969,-0.000137,0.007395,-0.000047
4565.840000,-0.455034,0.105614,0.294746,-1.887882,-1.907624,0.573517,-0.000373,0.000001,0.001032,-0.000083,0.004520,-0.000035
4565.848000,-0.455039,0.105597,0.294768,-1.887808,-1.907625,0.573602,-0.000186,0.000001,0.000088,-0.000030,0.001620,-0.000022
4565.856000,-0.455056,0.105596,0.294767,-1.887807,-1.907606,0.573639,-0.001190,0.000001,0.003649,-0.000252,0.013060,-0.000077
4565.864000,-0.455055,0.105585,0.294795,-1.887702,-1.907591,0.573721,-0.000845,0.000000,0.001909,-0.000153,0.007716,-0.000054
4565.872000,-0.455049,0.105625,0.294794,-1.887797,-1.907468,0.573678,-0.000511,-0.000000,0.000782,-0.000080,0.003930,-0.000034
4565.880000,-0.455056,0.105610,0.294783,-1.887754,-1.907508,0.573672,-0.000364,0.000000,0.000514,-0.000057,0.002871,-0.000027
4565.888000,-0.455061,0.105580,0.294817,-1.887639,-1.907543,0.573784,-0.000849,0.000002,0.003233,-0.000209,0.011129,-0.000062
4565.896000,-0.455070,0.105609,0.294840,-1.887667,-1.907357,0.573870,-0.000913,0.000005,0.003677,-0.000248,0.013717,-0.000087
4565.904000,-0.455069,0.105604,0.294842,-1.887616,-1.907367,0.573874,-0.000605,0.000003,0.002124,-0.000160,0.008948,-0.000066
4565.912000,-0.455074,0.105603,0.294841,-1.887597,-1.907376,0.573893,-0.000420,0.000003,0.001188,-0.000107,0.006072,-0.000054
4565.920000,-0.455086,0.105598,0.294839,-1.887565,-1.907366,0.573928,-0.001207,0.000004,0.004599,-0.000304,0.016353,-0.000096
4565.928000,-0.455094,0.105604,0.294885,-1.887450,-1.907311,0.574000,-0.001164,0.000004,0.004384,-0.000289,0.015538,-0.000091
4565.936000,-0.455095,0.105595,0.294868,-1.887535,-1.907333,0.574031,-0.000571,0.000002,0.001387,-0.000119,0.006336,-0.000051
4565.944000,-0.455095,0.105599,0.294883,-1.887465,-1.907303,0.574011,-0.000558,-0.000000,0.000350,-0.000073,0.003475,-0.000041
4565.952000,-0.455098,0.105613,0.294916,-1.887436,-1.907195,0.574131,-0.001186,0.000002,0.003527,-0.000251,0.013060,-0.000081
4565.960000,-0.455105,0.105599,0.294931,-1.887407,-1.907175,0.574155,-0.001166,0.000003,0.004150,-0.000273,0.014441,-0.000082
4565.968000,-0.455102,0.105608,0.294945,-1.887374,-1.907155,0.574206,-0.000537,0.000001,0.001416,-0.000109,0.005694,-0.000040
4565.976000,-0.455109,0.105606,0.294936,-1.887375,-1.907169,0.574232,-0.000383,0.000000,0.000723,-0.000067,0.003398,-0.000028
4565.984000,-0.455124,0.105603,0.294923,-1.887385,-1.907182,0.574168,-0.000672,-0.000004,-0.000521,-0.000030,0.000378,-0.000022
4565.992000,-0.455132,0.105603,0.294977,-1.887252,-1.907046,0.574352,-0.001136,-0.000002,0.001830,-0.000163,0.007520,-0.000053
4566.000000,-0.455127,0.105590,0.294969,-1.887277,-1.907131,0.574323,-0.000609,-0.000001,0.000827,-0.000083,0.003834,-0.000030
4566.008000,-0.455126,0.105609,0.294981,-1.887282,-1.907030,0.574342,-0.000524,-0.000000,0.001097,-0.000090,0.004428,-0.000031
4566.016000,-0.455130,0.105609,0.294990,-1.887238,-1.906985,0.574404,-0.000398,0.000000,0.000847,-0.000070,0.003532,-0.000025
4566.024000,-0.455139,0.105614,0.294983,-1.887216,-1.906984,0.574403,-0.000382,0.000002,0.000774,-0.000088,0.004970,-0.000051
4566.032000,-0.455149,0.105594,0.295004,-1.887137,-1.906999,0.574536,-0.000812,0.000004,0.002952,-0.000212,0.011656,-0.000080
4566.040000,-0.455150,0.105590,0.295042,-1.887000,-1.906962,0.574602,-0.000669,0.000003,0.002230,-0.000167,0.009116,-0.000065
4566.048000,-0.455156,0.105587,0.295009,-1.887080,-1.906981,0.574520,-0.000504,0.000001,0.000870,-0.000092,0.004793,-0.000044
4566.056000,-0.455158,0.105601,0.295024,-1.887100,-1.906901,0.574592,-0.000437,0.000001,0.000527,-0.000072,0.003738,-0.000040
4566.064000,-0.455159,0.105591,0.295019,-1.887144,-1.906894,0.574581,-0.000694,0.000002,0.001830,-0.000146,0.007740,-0.000057
4566.072000,-0.455162,0.105621,0.295059,-1.887080,-1.906780,0.574709,-0.000648,0.000002,0.001961,-0.000148,0.007975,-0.000056
4566.080000,-0.455156,0.105627,0.295060,-1.887093,-1.906793,0.574681,-0.000428,0.000001,0.001114,-0.000092,0.004946,-0.000038
4566.088000,-0.455165,0.105608,0.295067,-1.886962,-1.906823,0.574694,-0.000388,0.000001,0.001090,-0.000086,0.004596,-0.000034
4566.096000,-0.455166,0.105588,0.295074,-1.887003,-1.906806,0.574696,-0.000366,0.000001,0.001115,-0.000084,0.004472,-0.000031
4566.104000,-0.455171,0.105605,0.295083,-1.887018,-1.906762,0.574786,-0.000351,0.000001,0.001106,-0.000081,0.004313,-0.000029
4566.112000,-0.455175,0.105609,0.295090,-1.886958,-1.906765,0.574731,-0.000657,0.000002,0.002661,-0.000168,0.009010,-0.000049
4566.120000,-0.455187,0.105597,0.295109,-1.886877,-1.906712,0.574857,-0.000604,-0.000002,0.000446,-0.000066,0.002784,-0.000027
4566.128000,-0.455182,0.105629,0.295102,-1.886937,-1.906601,0.574779,-0.000569,-0.000002,0.000266,-0.000056,0.002233,-0.000025
4566.136000,-0.455189,0.105597,0.295137,-1.886801,-1.906611,0.574983,-0.000771,0.000004,0.001741,-0.000173,0.009571,-0.000089
4566.144000,-0.455188,0.105631,0.295156,-1.886831,-1.906497,0.574990,-0.000859,0.000005,0.002846,-0.000226,0.012715,-0.000100
4566.152000,-0.455198,0.105593,0.295173,-1.886731,-1.906555,0.575056,-0.000586,0.000003,0.001724,-0.000142,0.007793,-0.000062
4566.160000,-0.455204,0.105602,0.295160,-1.886760,-1.906545,0.575051,-0.000839,-0.000004,-0.000483,-0.000053,0.001581,-0.000039
4566.168000,-0.455212,0.105603,0.295160,-1.886739,-1.906540,0.575046,-0.001290,-0.000002,0.001922,-0.000184,0.008603,-0.000066
4566.176000,-0.455212,0.105600,0.295189,-1.886707,-1.906482,0.575173,-0.000789,-0.000000,0.001572,-0.000133,0.006580,-0.000048
4566.184000,-0.455221,0.105591,0.295190,-1.886640,-1.906514,0.575155,-0.000478,-0.000000,0.000733,-0.000074,0.003618,-0.000031
4566.192000,-0.455219,0.105607,0.295172,-1.886759,-1.906482,0.575120,-0.000451,-0.000000,0.000601,-0.000066,0.003211,-0.000029
4566.200000,-0.455220,0.105613,0.295186,-1.886739,-1.906432,0.575144,-0.000797,-0.000005,-0.000496,-0.000041,0.000795,-0.000028
4566.208000,-0.455227,0.105611,0.295180,-1.886708,-1.906459,0.575172,-0.000621,-0.000002,0.000467,-0.000072,0.003134,-0.000032
4566.216000,-0.455229,0.105610,0.295222,-1.886666,-1.906343,0.575229,-0.000742,0.000001,0.002011,-0.000147,0.007563,-0.000048
4566.224000,-0.455241,0.105596,0.295243,-1.886551,-1.906361,0.575345,-0.000716,0.000001,0.002333,-0.000160,0.008402,-0.000050
4566.232000,-0.455241,0.105604,0.295267,-1.886532,-1.906252,0.575383,-0.000439,0.000001,0.001197,-0.000092,0.004821,-0.000034
4566.240000,-0.455245,0.105602,0.295268,-1.886494,-1.906272,0.575421,-0.000349,0.000001,0.000918,-0.000074,0.003920,-0.000029
4566.248000,-0.455249,0.105609,0.295269,-1.886471,-1.906264,0.575408,-0.000545,0.000002,0.002031,-0.000136,0.007299,-0.000044
4566.256000,-0.455255,0.105607,0.295315,-1.886394,-1.906154,0.575583,-0.000618,0.000005,0.002507,-0.000187,0.010731,-0.000081
4566.264000,-0.455259,0.105614,0.295296,-1.886398,-1.906143,0.575541,-0.000611,0.000005,0.002516,-0.000187,0.010698,-0.000080
4566.272000,-0.455266,0.105593,0.295308,-1.886335,-1.906171,0.575586,-0.000916,-0.000002,0.000318,-0.000098,0.004227,-0.000053
4566.280000,-0.455263,0.105626,0.295320,-1.886353,-1.906067,0.575589,-0.000902,-0.000002,0.000949,-0.000118,0.005468,-0.000051
4566.288000,-0.455279,0.105603,0.295304,-1.886329,-1.906140,0.575596,-0.000708,0.000000,0.001482,-0.000126,0.006322,-0.000047
4566.296000,-0.455277,0.105598,0.295300,-1.886386,-1.906154,0.575570,-0.000450,0.000000,0.000778,-0.000075,0.003772,-0.000031
4566.304000,-0.455279,0.105613,0.295336,-1.886328,-1.905997,0.575638,-0.000362,0.000000,0.000668,-0.000064,0.003245,-0.000027
4566.312000,-0.455285,0.105610,0.295366,-1.886252,-1.905987,0.575741,-0.000992,0.000003,0.003999,-0.000251,0.013429,-0.000072
4566.320000,-0.455296,0.105610,0.295381,-1.886241,-1.905929,0.575800,-0.000672,0.000002,0.002367,-0.000159,0.008421,-0.000050
4566.328000,-0.455292,0.105603,0.295356,-1.886231,-1.906017,0.575753,-0.000612,-0.000002,0.000421,-0.000069,0.002990,-0.000031
4566.336000,-0.455298,0.105596,0.295378,-1.886132,-1.906022,0.575843,-0.000526,-0.000002,-0.000017,-0.000044,0.001648,-0.000025
4566.344000,-0.455304,0.105604,0.295386,-1.886201,-1.905911,0.575845,-0.001085,0.000002,0.003589,-0.000239,0.012466,-0.000070
4566.352000,-0.455304,0.105612,0.295429,-1.886127,-1.905810,0.576008,-0.000684,0.000001,0.002088,-0.000147,0.007678,-0.000047
4566.360000,-0.455313,0.105586,0.295401,-1.886095,-1.905930,0.575945,-0.000410,0.000001,0.000983,-0.000080,0.004141,-0.000030
4566.368000,-0.455316,0.105602,0.295409,-1.886135,-1.905833,0.575986,-0.000304,0.000001,0.000647,-0.000058,0.003043,-0.000025
4566.376000,-0.455310,0.105627,0.295429,-1.886083,-1.905736,0.575994,-0.000355,0.000004,0.000944,-0.000101,0.005962,-0.000060
4566.384000,-0.455328,0.105604,0.295425,-1.886036,-1.905787,0.576032,-0.000707,0.000005,0.002740,-0.000203,0.011474,-0.000085
4566.392000,-0.455321,0.105605,0.295461,-1.885996,-1.905724,0.576107,-0.000677,0.000001,0.000944,-0.000111,0.005660,-0.000055
4566.400000,-0.455334,0.105595,0.295409,-1.886051,-1.905852,0.576055,-0.000544,-0.000001,0.000263,-0.000066,0.003048,-0.000038
4566.408000,-0.455331,0.105602,0.295426,-1.886076,-1.905772,0.576068,-0.000424,-0.000000,0.000307,-0.000056,0.002669,-0.000030
4566.416000,-0.455343,0.105600,0.295436,-1.885951,-1.905783,0.576063,-0.000645,0.000001,0.001889,-0.000137,0.007175,-0.000046
4566.424000,-0.455345,0.105598,0.295463,-1.885926,-1.905725,0.576168,-0.000590,0.000001,0.001612,-0.000120,0.006216,-0.000041
4566.432000,-0.455348,0.105598,0.295452,-1.885979,-1.905711,0.576158,-0.000770,-0.000004,-0.000361,-0.000045,0.001121,-0.000028
4566.440000,-0.455345,0.105629,0.295460,-1.885941,-1.905662,0.576194,-0.000607,-0.000002,0.000104,-0.000055,0.002118,-0.000028
4566.448000,-0.455359,0.105605,0.295468,-1.885891,-1.905652,0.576200,-0.000578,-0.000000,0.001045,-0.000094,0.004644,-0.000036
4566.456000,-0.455361,0.105590,0.295511,-1.885790,-1.905606,0.576407,-0.000770,0.000002,0.002560,-0.000182,0.009734,-0.000063
4566.464000,-0.455362,0.105609,0.295506,-1.885841,-1.905569,0.576328,-0.000560,0.000002,0.001734,-0.000131,0.007117,-0.000051
4566.472000,-0.455360,0.105626,0.295503,-1.885844,-1.905518,0.576321,-0.000403,0.000001,0.000930,-0.000086,0.004649,-0.000040
4566.480000,-0.455366,0.105612,0.295493,-1.885860,-1.905579,0.576339,-0.000338,0.000001,0.000599,-0.000067,0.003618,-0.000035
4566.488000,-0.455376,0.105614,0.295499,-1.885792,-1.905563,0.576344,-0.000387,-0.000000,0.000233,-0.000050,0.002406,-0.000029
4566.496000,-0.455379,0.105604,0.295529,-1.885782,-1.905478,0.576429,-0.000792,0.000001,0.002305,-0.000165,0.008565,-0.000054
4566.504000,-0.455390,0.105593,0.295504,-1.885779,-1.905543,0.576392,-0.000504,-0.000000,0.000828,-0.000080,0.003892,-0.000032
4566.512000,-0.455380,0.105626,0.295517,-1.885823,-1.905427,0.576414,-0.000399,-0.000000,0.000405,-0.000054,0.002526,-0.000025
4566.520000,-0.455390,0.105598,0.295525,-1.885725,-1.905495,0.576469,-0.000319,-0.000000,0.000381,-0.000047,0.002324,-0.000023
4566.528000,-0.455385,0.105615,0.295571,-1.885676,-1.905392,0.576533,-0.000895,0.000003,0.003585,-0.000226,0.012073,-0.000065
4566.536000,-0.455389,0.105611,0.295580,-1.885635,-1.905384,0.576657,-0.000469,0.000002,0.001476,-0.000115,0.006331,-0.000048
4566.544000,-0.455401,0.105603,0.295543,-1.885644,-1.905434,0.576550,-0.000355,0.000002,0.000890,-0.000082,0.004534,-0.000040
4566.552000,-0.455400,0.105604,0.295580,-1.885600,-1.905321,0.576673,-0.000621,0.000002,0.000325,-0.000100,0.005396,-0.000072
4566.560000,-0.455408,0.105605,0.295624,-1.885501,-1.905258,0.576755,-0.000937,0.000003,0.001944,-0.000187,0.009998,-0.000088
4566.568000,-0.455405,0.105600,0.295601,-1.885532,-1.905283,0.576709,-0.000782,0.000002,0.002101,-0.000169,0.009006,-0.000068
4566.576000,-0.455414,0.105594,0.295598,-1.885553,-1.905265,0.576747,-0.000472,0.000001,0.001035,-0.000095,0.005037,-0.000043
4566.584000,-0.455417,0.105624,0.295593,-1.885560,-1.905262,0.576722,-0.000253,-0.000000,-0.000088,-0.000027,0.001299,-0.000023
4566.592000,-0.455428,0.105606,0.295632,-1.885430,-1.905234,0.576877,-0.001235,-0.000001,0.002553,-0.000205,0.009997,-0.000067
4566.600000,-0.455431,0.105611,0.295635,-1.885432,-1.905179,0.576828,-0.000738,-0.000002,0.000412,-0.000077,0.003153,-0.000034
4566.608000,-0.455433,0.105598,0.295602,-1.885504,-1.905267,0.576776,-0.000499,-0.000001,0.000507,-0.000064,0.002899,-0.000027
4566.616000,-0.455437,0.105591,0.295631,-1.885417,-1.905237,0.576893,-0.000616,0.000000,0.001476,-0.000113,0.005675,-0.000037
4566.624000,-0.455453,0.105598,0.295645,-1.885414,-1.905151,0.576924,-0.000867,0.000001,0.002761,-0.000185,0.009557,-0.000053
4566.632000,-0.455448,0.105595,0.295679,-1.885361,-1.905095,0.577057,-0.000875,0.000001,0.002803,-0.000187,0.009653,-0.000054
4566.640000,-0.455444,0.105604,0.295678,-1.885355,-1.905045,0.577035,-0.000530,-0.000000,0.001192,-0.000094,0.004658,-0.000031
4566.648000,-0.455455,0.105607,0.295656,-1.885386,-1.905113,0.576989,-0.000401,-0.000001,0.000529,-0.000056,0.002622,-0.000022
4566.656000,-0.455457,0.105616,0.295716,-1.885218,-1.904990,0.577106,-0.001270,0.000005,0.005007,-0.000330,0.017887,-0.000106
4566.664000,-0.455470,0.105602,0.295754,-1.885174,-1.904896,0.577293,-0.000685,0.000003,0.002000,-0.000159,0.008660,-0.000066
4566.672000,-0.455466,0.105604,0.295748,-1.885187,-1.904896,0.577247,-0.000568,0.000002,0.001627,-0.000133,0.007271,-0.000057
4566.680000,-0.455463,0.105608,0.295743,-1.885200,-1.904916,0.577231,-0.000466,0.000002,0.001352,-0.000108,0.005852,-0.000044
4566.688000,-0.455478,0.105598,0.295719,-1.885216,-1.904971,0.577176,-0.000327,0.000001,0.000817,-0.000072,0.003873,-0.000032
4566.696000,-0.455478,0.105594,0.295756,-1.885162,-1.904863,0.577291,-0.000307,0.000001,0.000738,-0.000064,0.003436,-0.000028
4566.704000,-0.455484,0.105584,0.295760,-1.885128,-1.904891,0.577282,-0.000576,0.000002,0.002119,-0.000142,0.007582,-0.000045
4566.712000,-0.455493,0.105597,0.295767,-1.885065,-1.904845,0.577379,-0.000477,0.000001,0.001611,-0.000113,0.006024,-0.000038
4566.720000,-0.455494,0.105607,0.295769,-1.885058,-1.904821,0.577401,-0.000596,0.000004,0.001755,-0.000150,0.008426,-0.000071
4566.728000,-0.455492,0.105606,0.295797,-1.884999,-1.904733,0.577440,-0.000482,0.000003,0.001170,-0.000117,0.006628,-0.000063
4566.736000,-0.455500,0.105597,0.295803,-1.885019,-1.904706,0.577527,-0.000418,0.000002,0.000836,-0.000093,0.005190,-0.000052
4566.744000,-0.455509,0.105596,0.295814,-1.884959,-1.904686,0.577504,-0.000971,0.000001,0.002533,-0.000196,0.010127,-0.000070
4566.752000,-0.455511,0.105612,0.295791,-1.885014,-1.904713,0.577530,-0.000965,-0.000003,0.000119,-0.000089,0.003508,-0.000049
4566.760000,-0.455513,0.105615,0.295787,-1.885052,-1.904686,0.577479,-0.000676,-0.000002,-0.000039,-0.000063,0.002583,-0.000040
4566.768000,-0.455519,0.105630,0.295769,-1.885058,-1.904675,0.577474,-0.000626,-0.000002,-0.000297,-0.000048,0.001792,-0.000037
4566.776000,-0.455526,0.105604,0.295802,-1.884982,-1.904683,0.577535,-0.000989,0.000001,0.002764,-0.000203,0.010530,-0.000068
4566.784000,-0.455535,0.105598,0.295840,-1.884876,-1.904597,0.577671,-0.000605,0.000001,0.001470,-0.000118,0.006072,-0.000044
4566.792000,-0.455531,0.105615,0.295839,-1.884889,-1.904587,0.577642,-0.000484,0.000000,0.000846,-0.000080,0.003987,-0.000032
4566.800000,-0.455538,0.105615,0.295831,-1.884928,-1.904574,0.577617,-0.000479,-0.000000,0.000824,-0.000077,0.003796,-0.000030
4566.808000,-0.455548,0.105602,0.295840,-1.884860,-1.904594,0.577710,-0.000541,-0.000000,0.001143,-0.000094,0.004682,-0.000033
4566.816000,-0.455550,0.105602,0.295863,-1.884812,-1.904481,0.577727,-0.000619,0.000001,0.001887,-0.000131,0.006791,-0.000041
4566.824000,-0.455543,0.105616,0.295860,-1.884844,-1.904534,0.577692,-0.000449,0.000001,0.001262,-0.000092,0.004774,-0.000031
4566.832000,-0.455547,0.105604,0.295895,-1.884773,-1.904445,0.577845,-0.000324,0.000000,0.000800,-0.000064,0.003297,-0.000024
4566.840000,-0.455551,0.105604,0.295903,-1.884684,-1.904422,0.577905,-0.000379,0.000004,0.001167,-0.000108,0.006279,-0.000058
4566.848000,-0.455563,0.105603,0.295905,-1.884682,-1.904404,0.577942,-0.000561,0.000004,0.002105,-0.000161,0.009154,-0.000070
4566.856000,-0.455565,0.105603,0.295944,-1.884596,-1.904339,0.578041,-0.000633,0.000004,0.002473,-0.000175,0.009729,-0.000067
4566.864000,-0.455570,0.105586,0.295939,-1.884625,-1.904369,0.578033,-0.000446,0.000002,0.001509,-0.000114,0.006279,-0.000046
4566.872000,-0.455568,0.105609,0.295936,-1.884618,-1.904308,0.578029,-0.000358,0.000002,0.001049,-0.000084,0.004577,-0.000035
4566.880000,-0.455569,0.105604,0.295968,-1.884563,-1.904276,0.578093,-0.000673,0.000002,0.002471,-0.000167,0.009006,-0.000055
4566.888000,-0.455583,0.105605,0.295995,-1.884488,-1.904192,0.578184,-0.000774,0.000003,0.002994,-0.000197,0.010611,-0.000062
4566.896000,-0.455585,0.105592,0.295978,-1.884499,-1.904262,0.578176,-0.000472,0.000002,0.001432,-0.000109,0.005818,-0.000041
4566.904000,-0.455586,0.105604,0.295980,-1.884486,-1.904242,0.578158,-0.000504,-0.000001,0.000335,-0.000062,0.002871,-0.000032
4566.912000,-0.455588,0.105618,0.295977,-1.884528,-1.904149,0.578144,-0.000609,-0.000003,-0.000295,-0.000040,0.001246,-0.000028
4566.920000,-0.455607,0.105612,0.295991,-1.884476,-1.904159,0.578278,-0.001777,-0.000006,0.001560,-0.000198,0.008205,-0.000071
4566.928000,-0.455606,0.105593,0.296003,-1.884449,-1.904134,0.578296,-0.000852,-0.000001,0.001146,-0.000119,0.005497,-0.000045
4566.936000,-0.455607,0.105609,0.296012,-1.884412,-1.904096,0.578315,-0.000317,0.000001,-0.000370,-0.000033,0.001716,-0.000039
4566.944000,-0.455614,0.105609,0.296018,-1.884404,-1.904088,0.578326,-0.000590,0.000003,0.001613,-0.000138,0.007611,-0.000063
4566.952000,-0.455626,0.105593,0.296049,-1.884305,-1.904032,0.578453,-0.000758,0.000004,0.002667,-0.000196,0.010784,-0.000076
4566.960000,-0.455626,0.105615,0.296027,-1.884409,-1.904000,0.578394,-0.000210,0.000001,-0.000166,-0.000029,0.001629,-0.000031
4566.968000,-0.455627,0.105604,0.296038,-1.884366,-1.904003,0.578432,-0.000317,0.000001,0.000380,-0.000055,0.002876,-0.000031
4566.976000,-0.455628,0.105603,0.296087,-1.884265,-1.903929,0.578564,-0.000754,0.000002,0.002645,-0.000180,0.009562,-0.000058
4566.984000,-0.455634,0.105606,0.296086,-1.884250,-1.903917,0.578523,-0.000561,0.000001,0.001711,-0.000124,0.006504,-0.000042
4566.992000,-0.455637,0.105595,0.296086,-1.884268,-1.903912,0.578541,-0.000361,0.000001,0.000909,-0.000074,0.003844,-0.000028
4567.000000,-0.455638,0.105608,0.296071,-1.884258,-1.903944,0.578543,-0.000284,0.000000,0.000574,-0.000052,0.002703,-0.000022
4567.008000,-0.455650,0.105594,0.296086,-1.884182,-1.903921,0.578590,-0.000258,0.000000,0.000441,-0.000044,0.002248,-0.000020
4567.016000,-0.455650,0.105605,0.296097,-1.884158,-1.903850,0.578644,-0.000765,0.000007,0.003085,-0.000239,0.013822,-0.000110
4567.024000,-0.455648,0.105598,0.296141,-1.884081,-1.903802,0.578752,-0.000600,0.000007,0.002234,-0.000191,0.011210,-0.000098
4567.032000,-0.455649,0.105604,0.296137,-1.884104,-1.903780,0.578752,-0.000399,0.000004,0.001182,-0.000110,0.006370,-0.000059
4567.040000,-0.455647,0.105615,0.296138,-1.884052,-1.903771,0.578761,-0.000312,0.000002,0.000727,-0.000074,0.004189,-0.000040
4567.048000,-0.455656,0.105615,0.296131,-1.884112,-1.903764,0.578742,-0.000272,0.000001,0.000609,-0.000061,0.003379,-0.000032
4567.056000,-0.455663,0.105602,0.296154,-1.884011,-1.903789,0.578824,-0.000673,0.000003,0.002689,-0.000176,0.009514,-0.000056
4567.064000,-0.455670,0.105588,0.296170,-1.884000,-1.903741,0.578866,-0.000388,0.000001,0.001208,-0.000090,0.004817,-0.000033
4567.072000,-0.455665,0.105614,0.296159,-1.884046,-1.903704,0.578846,-0.000442,-0.000001,0.000523,-0.000062,0.002909,-0.000027
4567.080000,-0.455674,0.105595,0.296171,-1.884013,-1.903706,0.578931,-0.000582,-0.000000,0.001248,-0.000102,0.005042,-0.000035
4567.088000,-0.455680,0.105603,0.296196,-1.883995,-1.903606,0.578981,-0.001059,-0.000000,0.002615,-0.000192,0.009537,-0.000058
4567.096000,-0.455682,0.105614,0.296206,-1.883883,-1.903604,0.579009,-0.000770,-0.000002,0.001117,-0.000107,0.004912,-0.000037
4567.104000,-0.455690,0.105606,0.296196,-1.883912,-1.903601,0.579049,-0.000641,0.000003,0.000925,-0.000131,0.007309,-0.000082
4567.112000,-0.455695,0.105616,0.296185,-1.883888,-1.903571,0.578998,-0.000556,0.000003,0.000601,-0.000111,0.006278,-0.000077
4567.120000,-0.455699,0.105603,0.296208,-1.883851,-1.903571,0.579075,-0.001239,0.000001,0.002316,-0.000213,0.010707,-0.000086
4567.128000,-0.455707,0.105614,0.296208,-1.883877,-1.903528,0.579082,-0.000953,0.000000,0.001680,-0.000157,0.007798,-0.000063
4567.136000,-0.455696,0.105631,0.296214,-1.883939,-1.903471,0.579055,-0.000537,0.000000,0.000763,-0.000085,0.004208,-0.000039
4567.144000,-0.455705,0.105591,0.296214,-1.883844,-1.903594,0.579099,-0.000376,0.000000,0.000502,-0.000060,0.002986,-0.000029
4567.152000,-0.455714,0.105609,0.296221,-1.883842,-1.903485,0.579128,-0.000752,0.000002,0.002637,-0.000176,0.009322,-0.000054
4567.160000,-0.455720,0.105604,0.296244,-1.883789,-1.903478,0.579170,-0.000757,0.000002,0.002665,-0.000177,0.009298,-0.000053
4567.168000,-0.455719,0.105599,0.296279,-1.883685,-1.903417,0.579281,-0.000624,0.000001,0.001976,-0.000136,0.007093,-0.000042
4567.176000,-0.455724,0.105615,0.296253,-1.883783,-1.903379,0.579241,-0.000412,0.000000,0.000872,-0.000073,0.003690,-0.000027
4567.184000,-0.455724,0.105595,0.296263,-1.883721,-1.903434,0.579329,-0.000327,-0.000000,0.000499,-0.000051,0.002526,-0.000022
4567.192000,-0.455729,0.105599,0.296301,-1.883657,-1.903319,0.579384,-0.000279,0.000000,0.000461,-0.000047,0.002339,-0.000020
4567.200000,-0.455740,0.105604,0.296319,-1.883601,-1.903238,0.579473,-0.000862,0.000005,0.003662,-0.000242,0.013353,-0.000082
4567.208000,-0.455736,0.105599,0.296308,-1.883595,-1.903300,0.579428,-0.000534,0.000004,0.002073,-0.000151,0.008440,-0.000060
4567.216000,-0.455738,0.105594,0.296298,-1.883612,-1.903311,0.579402,-0.000362,0.000003,0.001201,-0.000100,0.005679,-0.000047
4567.224000,-0.455744,0.105609,0.296292,-1.883643,-1.903280,0.579404,-0.000166,0.000001,0.000179,-0.000036,0.002085,-0.000026
4567.232000,-0.455751,0.105600,0.296328,-1.883548,-1.903222,0.579501,-0.000833,0.000001,0.002420,-0.000175,0.009097,-0.000058
4567.240000,-0.455744,0.105637,0.296351,-1.883621,-1.903074,0.579549,-0.000685,0.000001,0.001652,-0.000129,0.006556,-0.000045
4567.248000,-0.455755,0.105586,0.296336,-1.883485,-1.903292,0.579545,-0.000488,-0.000000,0.000625,-0.000070,0.003345,-0.000030
4567.256000,-0.455757,0.105609,0.296331,-1.883594,-1.903184,0.579514,-0.000399,-0.000001,0.000302,-0.000050,0.002310,-0.000025
4567.264000,-0.455758,0.105599,0.296367,-1.883432,-1.903134,0.579653,-0.000342,-0.000000,0.000420,-0.000052,0.002535,-0.000025
4567.272000,-0.455769,0.105615,0.296370,-1.883411,-1.903110,0.579652,-0.000673,0.000003,0.002150,-0.000161,0.008718,-0.000062
4567.280000,-0.455771,0.105604,0.296368,-1.883426,-1.903080,0.579694,-0.000767,-0.000001,0.000487,-0.000094,0.004323,-0.000049
4567.288000,-0.455778,0.105598,0.296327,-1.883495,-1.903150,0.579610,-0.000677,0.000000,0.000258,-0.000091,0.004514,-0.000060
4567.296000,-0.455777,0.105604,0.296386,-1.883389,-1.903042,0.579746,-0.000759,0.000003,0.001932,-0.000170,0.009240,-0.000077
4567.304000,-0.455787,0.105598,0.296417,-1.883288,-1.903014,0.579847,-0.000726,0.000002,0.001873,-0.000158,0.008450,-0.000067
4567.312000,-0.455795,0.105604,0.296375,-1.883364,-1.903061,0.579739,-0.000617,0.000001,0.001303,-0.000118,0.006101,-0.000050
4567.320000,-0.455790,0.105601,0.296407,-1.883332,-1.903004,0.579865,-0.000695,-0.000000,0.000965,-0.000104,0.004984,-0.000044
4567.328000,-0.455797,0.105609,0.296392,-1.883350,-1.903001,0.579790,-0.000552,-0.000001,0.000223,-0.000059,0.002492,-0.000030
4567.336000,-0.455793,0.105614,0.296436,-1.883317,-1.902883,0.579922,-0.000433,-0.000001,0.000365,-0.000055,0.002526,-0.000026
4567.344000,-0.455809,0.105602,0.296422,-1.883260,-1.902945,0.579931,-0.000793,0.000002,0.002630,-0.000177,0.009250,-0.000053
4567.352000,-0.455810,0.105603,0.296471,-1.883183,-1.902837,0.580045,-0.000731,0.000001,0.002311,-0.000158,0.008196,-0.000048
4567.360000,-0.455811,0.105626,0.296459,-1.883171,-1.902793,0.580027,-0.000471,0.000000,0.000951,-0.000081,0.004026,-0.000030
4567.368000,-0.455820,0.105616,0.296447,-1.883175,-1.902791,0.580029,-0.000465,0.000004,0.000937,-0.000114,0.006614,-0.000071
4567.376000,-0.455830,0.105601,0.296466,-1.883087,-1.902785,0.580085,-0.001186,0.000008,0.004955,-0.000340,0.018855,-0.000124
4567.384000,-0.455831,0.105602,0.296523,-1.882971,-1.902717,0.580267,-0.001004,0.000005,0.004184,-0.000277,0.015198,-0.000093
4567.392000,-0.455826,0.105617,0.296497,-1.883116,-1.902655,0.580160,-0.000486,0.000002,0.001479,-0.000116,0.006331,-0.000048
4567.400000,-0.455830,0.105605,0.296503,-1.883026,-1.902730,0.580172,-0.000357,0.000001,0.000806,-0.000074,0.003959,-0.000034
4567.408000,-0.455839,0.105604,0.296505,-1.883070,-1.902690,0.580210,-0.000310,0.000001,0.000556,-0.000057,0.002976,-0.000027
4567.416000,-0.455851,0.105590,0.296556,-1.882915,-1.902644,0.580401,-0.001086,0.000003,0.004398,-0.000276,0.014690,-0.000078
4567.424000,-0.455850,0.105615,0.296546,-1.882949,-1.902588,0.580335,-0.000580,0.000001,0.001756,-0.000125,0.006494,-0.000041
4567.432000,-0.455849,0.105612,0.296523,-1.883002,-1.902629,0.580245,-0.000566,-0.000002,0.000295,-0.000059,0.002468,-0.000027
4567.440000,-0.455852,0.105627,0.296541,-1.882981,-1.902546,0.580318,-0.000506,-0.000002,-0.000017,-0.000042,0.001509,-0.000023
4567.448000,-0.455870,0.105597,0.296574,-1.882848,-1.902590,0.580449,-0.001379,-0.000000,0.003473,-0.000253,0.012562,-0.000075
4567.456000,-0.455881,0.105601,0.296588,-1.882785,-1.902474,0.580505,-0.000911,-0.000001,0.001476,-0.000142,0.006863,-0.000055
4567.464000,-0.455879,0.105600,0.296579,-1.882797,-1.902539,0.580459,-0.000538,0.000000,0.000709,-0.000083,0.004126,-0.000039
4567.472000,-0.455882,0.105613,0.296583,-1.882830,-1.902456,0.580547,-0.000459,-0.000000,0.000295,-0.000060,0.002856,-0.000034
4567.480000,-0.455888,0.105604,0.296605,-1.882757,-1.902413,0.580602,-0.000976,0.000002,0.002999,-0.000213,0.011148,-0.000070
4567.488000,-0.455893,0.105609,0.296634,-1.882761,-1.902333,0.580683,-0.000751,0.000002,0.002217,-0.000164,0.008622,-0.000058
4567.496000,-0.455899,0.105595,0.296632,-1.882689,-1.902353,0.580670,-0.000450,0.000001,0.001059,-0.000093,0.004965,-0.000041
4567.504000,-0.455899,0.105607,0.296601,-1.882755,-1.902391,0.580564,-0.000368,0.000001,0.000890,-0.000081,0.004361,-0.000037
4567.512000,-0.455906,0.105585,0.296620,-1.882710,-1.902408,0.580719,-0.000360,0.000002,0.000916,-0.000081,0.004419,-0.000037
4567.520000,-0.455910,0.105592,0.296659,-1.882612,-1.902317,0.580795,-0.000841,0.000004,0.003432,-0.000224,0.012135,-0.000071
4567.528000,-0.455902,0.105603,0.296706,-1.882506,-1.902257,0.580875,-0.000654,0.000003,0.002457,-0.000165,0.008900,-0.000054
4567.536000,-0.455911,0.105601,0.296696,-1.882589,-1.902194,0.580936,-0.000396,0.000001,0.001103,-0.000086,0.004563,-0.000033
4567.544000,-0.455915,0.105598,0.296680,-1.882568,-1.902226,0.580887,-0.000311,0.000001,0.000657,-0.000060,0.003149,-0.000026
4567.552000,-0.455913,0.105616,0.296676,-1.882599,-1.902199,0.580827,-0.000280,0.000001,0.000542,-0.000053,0.002780,-0.000024
4567.560000,-0.455919,0.105604,0.296724,-1.882476,-1.902125,0.580989,-0.000651,0.000003,0.002626,-0.000170,0.009125,-0.000052
4567.568000,-0.455931,0.105593,0.296729,-1.882446,-1.902117,0.581032,-0.000476,0.000003,0.001810,-0.000134,0.007501,-0.000055
4567.576000,-0.455920,0.105633,0.296702,-1.882556,-1.902085,0.580918,-0.000334,0.000003,0.001133,-0.000094,0.005401,-0.000045
4567.584000,-0.455925,0.105604,0.296722,-1.882479,-1.902082,0.581028,-0.000310,0.000003,0.001008,-0.000088,0.005018,-0.000044
4567.592000,-0.455926,0.105628,0.296730,-1.882453,-1.902041,0.580993,-0.000511,0.000003,0.002059,-0.000143,0.007966,-0.000053
4567.600000,-0.455933,0.105610,0.296772,-1.882388,-1.901989,0.581143,-0.000490,0.000003,0.001949,-0.000133,0.007319,-0.000047
4567.608000,-0.455934,0.105604,0.296771,-1.882345,-1.902013,0.581149,-0.000572,0.000001,0.001630,-0.000122,0.006370,-0.000043
4567.616000,-0.455934,0.105613,0.296755,-1.882421,-1.902013,0.581134,-0.000741,-0.000003,-0.000066,-0.000056,0.001869,-0.000030
4567.624000,-0.455948,0.105624,0.296756,-1.882373,-1.901962,0.581180,-0.001049,-0.000008,-0.001685,-0.000005,-0.002042,-0.000023
4567.632000,-0.455956,0.105614,0.296797,-1.882290,-1.901895,0.581281,-0.001331,-0.000001,0.002679,-0.000216,0.010400,-0.000069
4567.640000,-0.455968,0.105586,0.296786,-1.882208,-1.901976,0.581315,-0.000705,0.000001,0.001335,-0.000128,0.006576,-0.000056
4567.648000,-0.455962,0.105605,0.296803,-1.882265,-1.901854,0.581311,-0.000604,0.000002,0.001455,-0.000126,0.006729,-0.000055
4567.656000,-0.455968,0.105607,0.296790,-1.882271,-1.901847,0.581276,-0.000522,0.000001,0.001025,-0.000102,0.005411,-0.000049
4567.664000,-0.455969,0.105611,0.296801,-1.882275,-1.901841,0.581308,-0.000440,0.000001,0.000595,-0.000078,0.004093,-0.000043
4567.672000,-0.455985,0.105601,0.296827,-1.882175,-1.901801,0.581391,-0.000932,0.000003,0.003177,-0.000219,0.011594,-0.000071
4567.680000,-0.455980,0.105608,0.296844,-1.882163,-1.901793,0.581461,-0.000586,0.000001,0.001664,-0.000126,0.006595,-0.000045
4567.688000,-0.455980,0.105616,0.296851,-1.882162,-1.901725,0.581454,-0.000427,0.000000,0.000828,-0.000076,0.003863,-0.000031
4567.696000,-0.455981,0.105615,0.296856,-1.882122,-1.901737,0.581479,-0.000423,0.000000,0.000806,-0.000073,0.003671,-0.000029
4567.704000,-0.455992,0.105590,0.296860,-1.882109,-1.901791,0.581540,-0.000481,0.000000,0.001109,-0.000089,0.004510,-0.000032
4567.712000,-0.455999,0.105606,0.296851,-1.882104,-1.901705,0.581500,-0.000466,0.000000,0.001145,-0.000089,0.004534,-0.000031
4567.720000,-0.456002,0.105600,0.296863,-1.882060,-1.901712,0.581543,-0.000850,-0.000005,-0.000425,-0.000045,0.000886,-0.000026
4567.728000,-0.456002,0.105597,0.296863,-1.882062,-1.901734,0.581581,-0.000806,-0.000004,-0.000286,-0.000049,0.001193,-0.000027
4567.736000,-0.456001,0.105624,0.296861,-1.882143,-1.901634,0.581584,-0.000523,-0.000002,0.000303,-0.000056,0.002324,-0.000025
4567.744000,-0.456016,0.105641,0.296857,-1.882126,-1.901586,0.581584,-0.000468,-0.000002,0.000014,-0.000039,0.001438,-0.000021
4567.752000,-0.456025,0.105606,0.296860,-1.882026,-1.901646,0.581589,-0.000787,-0.000006,-0.000989,-0.000016,-0.000767,-0.000020
4567.760000,-0.456030,0.105614,0.296851,-1.882058,-1.901676,0.581585,-0.001153,-0.000004,0.001096,-0.000132,0.005574,-0.000047
4567.768000,-0.456030,0.105599,0.296877,-1.882045,-1.901610,0.581663,-0.000869,-0.000001,0.001703,-0.000143,0.006940,-0.000049
4567.776000,-0.456031,0.105624,0.296856,-1.882067,-1.901600,0.581648,-0.000564,0.000003,0.001116,-0.000122,0.006782,-0.000067
4567.784000,-0.456032,0.105598,0.296886,-1.881944,-1.901604,0.581732,-0.000425,0.000003,0.000853,-0.000102,0.005823,-0.000061
4567.792000,-0.456047,0.105617,0.296882,-1.881951,-1.901521,0.581714,-0.000391,0.000003,0.000673,-0.000089,0.005104,-0.000056
4567.800000,-0.456054,0.105595,0.296907,-1.881865,-1.901526,0.581790,-0.000890,0.000004,0.003291,-0.000227,0.012269,-0.000078
4567.808000,-0.456055,0.105592,0.296916,-1.881833,-1.901536,0.581855,-0.000617,0.000000,0.001015,-0.000103,0.005133,-0.000044
4567.816000,-0.456047,0.105607,0.296920,-1.881897,-1.901501,0.581866,-0.000491,-0.000001,0.000350,-0.000061,0.002832,-0.000031
4567.824000,-0.456058,0.105598,0.296906,-1.881878,-1.901536,0.581824,-0.000422,-0.000001,0.000171,-0.000047,0.002051,-0.000025
4567.832000,-0.456066,0.105603,0.296914,-1.881864,-1.901476,0.581875,-0.000713,0.000001,0.001890,-0.000140,0.007141,-0.000046
4567.840000,-0.456077,0.105596,0.296918,-1.881823,-1.901515,0.581908,-0.001027,-0.000004,0.000505,-0.000099,0.003786,-0.000040
4567.848000,-0.456063,0.105630,0.296903,-1.881932,-1.901460,0.581825,-0.000714,-0.000004,-0.000158,-0.000048,0.001356,-0.000025
4567.856000,-0.456078,0.105597,0.296898,-1.881870,-1.901510,0.581872,-0.000641,-0.000004,-0.000545,-0.000025,0.000110,-0.000019
4567.864000,-0.456084,0.105604,0.296905,-1.881819,-1.901490,0.581863,-0.000427,-0.000002,-0.000082,-0.000031,0.000982,-0.000017
4567.872000,-0.456080,0.105608,0.296949,-1.881798,-1.901369,0.582011,-0.000707,0.000000,0.001810,-0.000133,0.006647,-0.000041
4567.880000,-0.456095,0.105625,0.296933,-1.881796,-1.901336,0.581991,-0.001002,-0.000005,0.000047,-0.000075,0.002319,-0.000032
4567.888000,-0.456095,0.105614,0.296907,-1.881789,-1.901418,0.581939,-0.000718,-0.000001,0.000035,-0.000073,0.003144,-0.000047
4567.896000,-0.456106,0.105604,0.296906,-1.881785,-1.901408,0.581953,-0.000470,0.000001,0.000291,-0.000068,0.003422,-0.000043
4567.904000,-0.456102,0.105614,0.296924,-1.881766,-1.901396,0.581970,-0.000793,0.000003,0.002622,-0.000192,0.010362,-0.000071
4567.912000,-0.456103,0.105614,0.296976,-1.881702,-1.901285,0.582100,-0.000704,0.000003,0.002434,-0.000174,0.009418,-0.000063
4567.920000,-0.456112,0.105608,0.296957,-1.881696,-1.901330,0.582092,-0.000914,-0.000004,-0.000435,-0.000057,0.001557,-0.000037
4567.928000,-0.456110,0.105606,0.296960,-1.881739,-1.901297,0.582143,-0.000734,-0.000004,-0.000448,-0.000041,0.000982,-0.000029
4567.936000,-0.456125,0.105596,0.296955,-1.881654,-1.901339,0.582144,-0.000499,-0.000001,0.000251,-0.000055,0.002358,-0.000027
4567.944000,-0.456122,0.105615,0.296947,-1.881732,-1.901307,0.582048,-0.000480,-0.000000,0.000663,-0.000070,0.003331,-0.000029
4567.952000,-0.456132,0.105599,0.296948,-1.881665,-1.901307,0.582110,-0.000866,-0.000005,-0.000573,-0.000040,0.000527,-0.000026
4567.960000,-0.456139,0.105598,0.296954,-1.881671,-1.901297,0.582137,-0.000714,-0.000004,-0.000161,-0.000047,0.001332,-0.000025
4567.968000,-0.456136,0.105616,0.296959,-1.881698,-1.901219,0.582124,-0.000480,-0.000002,0.000267,-0.000050,0.002046,-0.000022
4567.976000,-0.456150,0.105594,0.296961,-1.881625,-1.901281,0.582142,-0.000543,-0.000000,0.001064,-0.000089,0.004323,-0.000030
4567.984000,-0.456149,0.105598,0.296965,-1.881589,-1.901281,0.582187,-0.000846,-0.000004,0.000113,-0.000067,0.002233,-0.000029
4567.992000,-0.456156,0.105580,0.296966,-1.881608,-1.901261,0.582249,-0.000775,-0.000004,-0.000262,-0.000046,0.001083,-0.000024
4568.000000,-0.456155,0.105610,0.296982,-1.881593,-1.901140,0.582273,-0.000580,0.000000,0.000544,-0.000083,0.004040,-0.000044
4568.008000,-0.456159,0.105603,0.296980,-1.881524,-1.901167,0.582308,-0.000571,0.000005,0.001310,-0.000150,0.008718,-0.000091
4568.016000,-0.456171,0.105597,0.296981,-1.881539,-1.901159,0.582321,-0.000490,0.000005,0.001141,-0.000137,0.008114,-0.000087
4568.024000,-0.456167,0.105611,0.296986,-1.881491,-1.901118,0.582317,-0.000836,-0.000002,-0.000577,-0.000061,0.002223,-0.000053
4568.032000,-0.456171,0.105598,0.297007,-1.881444,-1.901154,0.582366,-0.000665,-0.000002,-0.000249,-0.000054,0.002089,-0.000040
4568.040000,-0.456177,0.105608,0.296995,-1.881522,-1.901096,0.582364,-0.000570,0.000000,0.000818,-0.000090,0.004452,-0.000041
4568.048000,-0.456189,0.105614,0.296961,-1.881525,-1.901143,0.582309,-0.000536,-0.000000,0.000774,-0.000083,0.004040,-0.000036
4568.056000,-0.456185,0.105615,0.296998,-1.881502,-1.901045,0.582389,-0.000757,-0.000005,-0.000704,-0.000030,0.000196,-0.000025
4568.064000,-0.456186,0.105606,0.297008,-1.881478,-1.901030,0.582395,-0.000580,-0.000003,-0.000256,-0.000037,0.001016,-0.000023
4568.072000,-0.456205,0.105593,0.296976,-1.881460,-1.901138,0.582366,-0.000424,-0.000001,0.000207,-0.000046,0.001927,-0.000022
4568.080000,-0.456196,0.105603,0.296984,-1.881513,-1.901109,0.582368,-0.000434,-0.000001,0.000256,-0.000047,0.001998,-0.000022
4568.088000,-0.456202,0.105603,0.296986,-1.881485,-1.901103,0.582385,-0.000563,-0.000003,-0.000162,-0.000037,0.001025,-0.000020
4568.096000,-0.456209,0.105611,0.297002,-1.881475,-1.901002,0.582413,-0.001001,-0.000005,-0.000094,-0.000068,0.001917,-0.000031
4568.104000,-0.456224,0.105593,0.296988,-1.881474,-1.901060,0.582432,-0.000848,-0.000004,0.000149,-0.000068,0.002276,-0.000029
4568.112000,-0.456208,0.105606,0.296999,-1.881467,-1.901075,0.582448,-0.000490,-0.000002,0.000204,-0.000046,0.001783,-0.000020
4568.120000,-0.456218,0.105596,0.296991,-1.881477,-1.901055,0.582464,-0.000377,-0.000001,0.000328,-0.000044,0.001898,-0.000018
4568.128000,-0.456236,0.105596,0.296999,-1.881414,-1.901011,0.582532,-0.001129,-0.000007,-0.000543,-0.000055,0.000781,-0.000028
4568.136000,-0.456236,0.105606,0.297005,-1.881388,-1.900981,0.582481,-0.000998,-0.000006,-0.000136,-0.000064,0.001658,-0.000028
4568.144000,-0.456239,0.105608,0.296999,-1.881403,-1.901016,0.582491,-0.000566,-0.000002,0.000298,-0.000055,0.002109,-0.000022
4568.152000,-0.456234,0.105615,0.297011,-1.881391,-1.900905,0.582567,-0.000527,0.000004,0.001007,-0.000126,0.007271,-0.000079
4568.160000,-0.456242,0.105608,0.297018,-1.881341,-1.900930,0.582596,-0.000498,0.000003,0.000918,-0.000112,0.006346,-0.000067
4568.168000,-0.456258,0.105598,0.297013,-1.881332,-1.900912,0.582619,-0.000784,-0.000002,0.000106,-0.000081,0.003513,-0.000050
4568.176000,-0.456257,0.105613,0.297031,-1.881334,-1.900859,0.582674,-0.000820,-0.000001,0.000875,-0.000111,0.005190,-0.000050
4568.184000,-0.456263,0.105608,0.297026,-1.881311,-1.900874,0.582662,-0.000671,0.000000,0.001258,-0.000114,0.005694,-0.000045
4568.192000,-0.456267,0.105593,0.297028,-1.881267,-1.900914,0.582657,-0.000537,-0.000001,0.000550,-0.000072,0.003321,-0.000032
4568.200000,-0.456264,0.105614,0.297022,-1.881334,-1.900852,0.582661,-0.000572,-0.000003,-0.000180,-0.000040,0.001255,-0.000025
4568.208000,-0.456272,0.105615,0.297022,-1.881308,-1.900864,0.582642,-0.000877,-0.000001,0.001426,-0.000130,0.006072,-0.000045
4568.216000,-0.456280,0.105625,0.297048,-1.881281,-1.900768,0.582720,-0.000765,-0.000000,0.001728,-0.000134,0.006633,-0.000043
4568.224000,-0.456288,0.105602,0.297062,-1.881205,-1.900796,0.582811,-0.000623,-0.000001,0.000974,-0.000091,0.004261,-0.000032
4568.232000,-0.456290,0.105614,0.297011,-1.881346,-1.900833,0.582654,-0.000836,-0.000004,0.000204,-0.000071,0.002468,-0.000030
4568.240000,-0.456291,0.105607,0.297055,-1.881248,-1.900771,0.582804,-0.000539,-0.000002,0.000064,-0.000044,0.001529,-0.000021
4568.248000,-0.456300,0.105593,0.297038,-1.881221,-1.900843,0.582743,-0.000403,-0.000001,0.000142,-0.000039,0.001510,-0.000018
4568.256000,-0.456312,0.105601,0.297031,-1.881228,-1.900818,0.582782,-0.001260,-0.000005,0.000804,-0.000125,0.004792,-0.000045
4568.264000,-0.456309,0.105588,0.297080,-1.881096,-1.900777,0.582849,-0.000866,-0.000003,0.000457,-0.000083,0.003168,-0.000032
4568.272000,-0.456310,0.105615,0.297074,-1.881113,-1.900708,0.582870,-0.000675,0.000001,0.001234,-0.000117,0.005943,-0.000050
4568.280000,-0.456320,0.105593,0.297073,-1.881088,-1.900705,0.582927,-0.000546,0.000001,0.000855,-0.000092,0.004682,-0.000043
4568.288000,-0.456322,0.105603,0.297080,-1.881099,-1.900655,0.582967,-0.000830,-0.000001,-0.000253,-0.000086,0.003949,-0.000069
4568.296000,-0.456329,0.105604,0.297090,-1.881022,-1.900614,0.583018,-0.000685,0.000001,0.000036,-0.000087,0.004356,-0.000066
4568.304000,-0.456334,0.105604,0.297100,-1.880989,-1.900626,0.583021,-0.000863,0.000003,0.002423,-0.000189,0.010050,-0.000073
4568.312000,-0.456341,0.105604,0.297082,-1.881025,-1.900639,0.582994,-0.000505,0.000001,0.001132,-0.000102,0.005373,-0.000045
4568.320000,-0.456335,0.105609,0.297099,-1.881055,-1.900556,0.583046,-0.000446,0.000001,0.001008,-0.000089,0.004639,-0.000037
4568.328000,-0.456339,0.105615,0.297128,-1.880995,-1.900518,0.583097,-0.000968,-0.000006,-0.000686,-0.000046,0.000685,-0.000032
4568.336000,-0.456351,0.105601,0.297117,-1.880965,-1.900576,0.583138,-0.000670,-0.000003,-0.000389,-0.000037,0.000853,-0.000025
4568.344000,-0.456352,0.105604,0.297111,-1.880983,-1.900543,0.583081,-0.000603,-0.000003,-0.000273,-0.000037,0.000949,-0.000023
4568.352000,-0.456353,0.105596,0.297110,-1.880994,-1.900576,0.583116,-0.000264,0.000001,0.000770,-0.000059,0.003149,-0.000023
4568.360000,-0.456369,0.105602,0.297098,-1.880959,-1.900578,0.583100,-0.001372,-0.000012,-0.002326,0.000005,-0.003505,-0.000021
4568.368000,-0.456374,0.105600,0.297103,-1.880991,-1.900520,0.583091,-0.001073,-0.000004,0.000592,-0.000104,0.003939,-0.000039
4568.376000,-0.456373,0.105608,0.297127,-1.880948,-1.900474,0.583189,-0.000658,-0.000001,0.000860,-0.000087,0.003915,-0.000031
4568.384000,-0.456384,0.105597,0.297097,-1.880978,-1.900527,0.583149,-0.000422,-0.000001,0.000479,-0.000055,0.002468,-0.000021
4568.392000,-0.456386,0.105596,0.297075,-1.880986,-1.900610,0.583089,-0.000354,-0.000001,0.000209,-0.000038,0.001610,-0.000017
4568.400000,-0.456386,0.105607,0.297092,-1.881006,-1.900517,0.583144,-0.000809,-0.000007,-0.001483,0.000006,-0.002248,-0.000014
4568.408000,-0.456393,0.105609,0.297097,-1.880938,-1.900501,0.583149,-0.000449,-0.000003,-0.000413,-0.000017,0.000067,-0.000014
4568.416000,-0.456395,0.105599,0.297110,-1.880900,-1.900479,0.583188,-0.000693,0.000001,0.001846,-0.000143,0.007419,-0.000052
4568.424000,-0.456405,0.105607,0.297102,-1.880858,-1.900500,0.583224,-0.000536,0.000001,0.001342,-0.000110,0.005770,-0.000044
4568.432000,-0.456405,0.105613,0.297096,-1.880893,-1.900460,0.583215,-0.000841,-0.000002,-0.000292,-0.000076,0.003153,-0.000058
4568.440000,-0.456408,0.105615,0.297095,-1.880922,-1.900407,0.583211,-0.000761,-0.000002,-0.000503,-0.000061,0.002439,-0.000054
4568.448000,-0.456410,0.105598,0.297118,-1.880842,-1.900425,0.583282,-0.000471,0.000000,0.000048,-0.000061,0.003067,-0.000046
4568.456000,-0.456421,0.105608,0.297115,-1.880880,-1.900354,0.583329,-0.000391,0.000000,0.000111,-0.000051,0.002487,-0.000034
4568.464000,-0.456425,0.105593,0.297143,-1.880767,-1.900387,0.583342,-0.000954,-0.000001,0.001163,-0.000130,0.005995,-0.000052
4568.472000,-0.456431,0.105598,0.297099,-1.880818,-1.900445,0.583275,-0.000759,-0.000003,0.000131,-0.000069,0.002616,-0.000035
4568.480000,-0.456431,0.105615,0.297100,-1.880873,-1.900379,0.583259,-0.000644,-0.000003,-0.000337,-0.000038,0.000982,-0.000025
4568.488000,-0.456431,0.105614,0.297100,-1.880874,-1.900387,0.583272,-0.000546,-0.000003,-0.000434,-0.000026,0.000441,-0.000021
4568.496000,-0.456433,0.105603,0.297127,-1.880821,-1.900357,0.583344,-0.000380,-0.000001,-0.000047,-0.000031,0.001140,-0.000019
4568.504000,-0.456449,0.105600,0.297087,-1.880812,-1.900446,0.583237,-0.001246,-0.000006,0.000057,-0.000092,0.002846,-0.000040
4568.512000,-0.456450,0.105609,0.297122,-1.880762,-1.900386,0.583332,-0.000933,-0.000004,0.000137,-0.000074,0.002468,-0.000032
4568.520000,-0.456451,0.105595,0.297113,-1.880854,-1.900387,0.583373,-0.000519,-0.000002,0.000217,-0.000050,0.001931,-0.000022
4568.528000,-0.456454,0.105600,0.297101,-1.880808,-1.900396,0.583285,-0.000370,-0.000001,0.000178,-0.000038,0.001538,-0.000017
4568.536000,-0.456459,0.105599,0.297112,-1.880779,-1.900374,0.583338,-0.000776,-0.000006,-0.001143,-0.000006,-0.001419,-0.000015
4568.544000,-0.456474,0.105612,0.297080,-1.880829,-1.900398,0.583321,-0.000977,-0.000005,0.000088,-0.000073,0.002286,-0.000031
4568.552000,-0.456471,0.105609,0.297117,-1.880751,-1.900328,0.583391,-0.000656,-0.000001,0.000848,-0.000086,0.003820,-0.000030
4568.560000,-0.456472,0.105615,0.297126,-1.880774,-1.900230,0.583440,-0.000420,-0.000001,0.000468,-0.000053,0.002372,-0.000020
4568.568000,-0.456472,0.105627,0.297126,-1.880774,-1.900200,0.583426,-0.000450,0.000002,0.000776,-0.000089,0.004812,-0.000048
4568.576000,-0.456490,0.105580,0.297140,-1.880643,-1.900269,0.583566,-0.000528,0.000002,0.001191,-0.000113,0.006082,-0.000054
4568.584000,-0.456495,0.105592,0.297163,-1.880600,-1.900218,0.583590,-0.000997,0.000003,0.002762,-0.000213,0.011133,-0.000078
4568.592000,-0.456500,0.105607,0.297152,-1.880632,-1.900195,0.583604,-0.000985,-0.000003,0.000345,-0.000098,0.003992,-0.000049
4568.600000,-0.456503,0.105591,0.297134,-1.880676,-1.900233,0.583563,-0.000673,-0.000002,-0.000039,-0.000057,0.002128,-0.000033
4568.608000,-0.456506,0.105603,0.297136,-1.880656,-1.900205,0.583556,-0.000433,-0.000001,0.000141,-0.000047,0.002022,-0.000026
4568.616000,-0.456509,0.105605,0.297165,-1.880628,-1.900118,0.583609,-0.000370,-0.000000,0.000275,-0.000047,0.002142,-0.000023
4568.624000,-0.456519,0.105596,0.297137,-1.880608,-1.900238,0.583598,-0.001243,-0.000006,-0.000053,-0.000089,0.002650,-0.000041
4568.632000,-0.456519,0.105584,0.297152,-1.880578,-1.900238,0.583652,-0.000741,-0.000003,0.000155,-0.000064,0.002281,-0.000029
4568.640000,-0.456522,0.105602,0.297148,-1.880580,-1.900180,0.583632,-0.000458,-0.000001,0.000224,-0.000048,0.001984,-0.000022
4568.648000,-0.456510,0.105624,0.297140,-1.880675,-1.900140,0.583584,-0.000369,-0.000001,0.000104,-0.000037,0.001505,-0.000019
4568.656000,-0.456526,0.105601,0.297167,-1.880607,-1.900100,0.583714,-0.001274,-0.000002,0.002391,-0.000198,0.009326,-0.000062
4568.664000,-0.456544,0.105595,0.297153,-1.880554,-1.900159,0.583694,-0.001006,-0.000002,0.001204,-0.000128,0.005612,-0.000045
4568.672000,-0.456538,0.105596,0.297166,-1.880512,-1.900138,0.583731,-0.000553,-0.000001,0.000520,-0.000067,0.002962,-0.000027
4568.680000,-0.456536,0.105614,0.297158,-1.880581,-1.900081,0.583681,-0.000471,-0.000002,0.000082,-0.000043,0.001620,-0.000022
4568.688000,-0.456545,0.105608,0.297159,-1.880504,-1.900093,0.583714,-0.000564,-0.000003,-0.000220,-0.000038,0.001136,-0.000024
4568.696000,-0.456560,0.105602,0.297170,-1.880483,-1.900055,0.583789,-0.000864,-0.000004,-0.000040,-0.000066,0.002142,-0.000033
4568.704000,-0.456558,0.105615,0.297176,-1.880487,-1.899999,0.583778,-0.000830,-0.000003,0.000064,-0.000068,0.002372,-0.000033
4568.712000,-0.456565,0.105615,0.297170,-1.880495,-1.900007,0.583768,-0.000536,-0.000001,0.000453,-0.000066,0.002933,-0.000029
4568.720000,-0.456568,0.105586,0.297166,-1.880445,-1.900084,0.583812,-0.000393,-0.000001,0.000305,-0.000050,0.002281,-0.000025
4568.728000,-0.456578,0.105591,0.297165,-1.880494,-1.900042,0.583819,-0.000748,-0.000005,-0.001008,-0.000015,-0.000710,-0.000022
4568.736000,-0.456579,0.105606,0.297160,-1.880485,-1.900017,0.583833,-0.001125,-0.000003,0.001161,-0.000138,0.006038,-0.000053
4568.744000,-0.456577,0.105614,0.297190,-1.880454,-1.899926,0.583880,-0.000673,-0.000001,0.000949,-0.000099,0.004682,-0.000040
4568.752000,-0.456584,0.105601,0.297168,-1.880498,-1.899984,0.583869,-0.000452,-0.000000,0.000525,-0.000065,0.003139,-0.000030
4568.760000,-0.456581,0.105614,0.297194,-1.880402,-1.899940,0.583889,-0.000394,-0.000000,0.000220,-0.000048,0.002205,-0.000026
4568.768000,-0.456593,0.105597,0.297181,-1.880418,-1.899956,0.583901,-0.000634,-0.000003,-0.000556,-0.000030,0.000488,-0.000025
4568.776000,-0.456599,0.105604,0.297205,-1.880348,-1.899877,0.583973,-0.000887,-0.000000,0.001615,-0.000144,0.006983,-0.000053
4568.784000,-0.456609,0.105612,0.297184,-1.880353,-1.899902,0.583985,-0.000533,0.000000,0.000861,-0.000087,0.004309,-0.000037
4568.792000,-0.456610,0.105597,0.297208,-1.880284,-1.899886,0.584022,-0.000432,-0.000000,0.000395,-0.000060,0.002856,-0.000030
4568.800000,-0.456615,0.105604,0.297186,-1.880336,-1.899887,0.583969,-0.000851,-0.000004,-0.000876,-0.000039,0.000646,-0.000038
4568.808000,-0.456615,0.105602,0.297217,-1.880297,-1.899839,0.584069,-0.000725,0.000000,0.001063,-0.000116,0.005746,-0.000052
4568.816000,-0.456620,0.105616,0.297237,-1.880277,-1.899728,0.584099,-0.000663,0.000001,0.001255,-0.000120,0.006168,-0.000053
4568.824000,-0.456629,0.105596,0.297209,-1.880263,-1.899871,0.584066,-0.000650,0.000001,0.001180,-0.000114,0.005785,-0.000049
4568.832000,-0.456631,0.105608,0.297202,-1.880328,-1.899816,0.584047,-0.000689,-0.000001,0.000471,-0.000081,0.003599,-0.000039
4568.840000,-0.456637,0.105613,0.297197,-1.880337,-1.899786,0.584080,-0.000560,-0.000002,-0.000003,-0.000049,0.001878,-0.000028
4568.848000,-0.456638,0.105599,0.297212,-1.880270,-1.899788,0.584080,-0.000383,-0.000001,0.000114,-0.000041,0.001759,-0.000023
4568.856000,-0.456646,0.105596,0.297209,-1.880201,-1.899852,0.584110,-0.000369,-0.000001,0.000130,-0.000039,0.001668,-0.000021
4568.864000,-0.456658,0.105606,0.297214,-1.880220,-1.899810,0.584140,-0.001443,-0.000003,0.002024,-0.000193,0.008627,-0.000063
4568.872000,-0.456660,0.105615,0.297218,-1.880252,-1.899730,0.584130,-0.000845,-0.000001,0.001693,-0.000138,0.006633,-0.000044
4568.880000,-0.456658,0.105602,0.297236,-1.880177,-1.899759,0.584196,-0.000483,-0.000001,0.000710,-0.000070,0.003254,-0.000026
4568.888000,-0.456667,0.105601,0.297199,-1.880255,-1.899800,0.584145,-0.000399,-0.000001,0.000267,-0.000044,0.001864,-0.000019
4568.896000,-0.456662,0.105607,0.297224,-1.880240,-1.899732,0.584183,-0.000666,-0.000005,-0.000930,-0.000008,-0.001007,-0.000014
4568.904000,-0.456676,0.105588,0.297237,-1.880148,-1.899731,0.584208,-0.000483,-0.000003,-0.000419,-0.000019,0.000081,-0.000014
4568.912000,-0.456672,0.105591,0.297267,-1.880069,-1.899693,0.584325,-0.000621,-0.000000,0.001374,-0.000107,0.005234,-0.000034
4568.920000,-0.456684,0.105597,0.297250,-1.880066,-1.899682,0.584306,-0.000593,0.000002,0.001472,-0.000129,0.006935,-0.000057
4568.928000,-0.456688,0.105616,0.297249,-1.880091,-1.899579,0.584317,-0.001036,0.000000,-0.000243,-0.000119,0.005804,-0.000097
4568.936000,-0.456685,0.105602,0.297248,-1.880040,-1.899639,0.584365,-0.000676,0.000004,0.000404,-0.000124,0.006959,-0.000094
4568.944000,-0.456690,0.105625,0.297231,-1.880154,-1.899582,0.584286,-0.000445,0.000002,0.000360,-0.000079,0.004342,-0.000055
4568.952000,-0.456699,0.105599,0.297260,-1.880049,-1.899558,0.584388,-0.000639,0.000002,0.001693,-0.000140,0.007467,-0.000058
4568.960000,-0.456705,0.105623,0.297251,-1.880084,-1.899546,0.584389,-0.001054,-0.000004,0.000269,-0.000099,0.003843,-0.000049
4568.968000,-0.456710,0.105603,0.297263,-1.880016,-1.899583,0.584408,-0.000702,-0.000002,0.000117,-0.000065,0.002559,-0.000035
4568.976000,-0.456709,0.105608,0.297236,-1.880097,-1.899621,0.584327,-0.000446,-0.000001,0.000213,-0.000050,0.002214,-0.000027
4568.984000,-0.456718,0.105597,0.297257,-1.880023,-1.899568,0.584430,-0.000380,-0.000000,0.000310,-0.000049,0.002243,-0.000024
4568.992000,-0.456723,0.105613,0.297261,-1.880052,-1.899505,0.584443,-0.000870,-0.000007,-0.001253,-0.000011,-0.001295,-0.000021
4569.000000,-0.456717,0.105600,0.297245,-1.880041,-1.899646,0.584380,-0.000701,-0.000003,-0.000060,-0.000051,0.001610,-0.000026
4569.008000,-0.456732,0.105602,0.297251,-1.880021,-1.899565,0.584423,-0.000512,-0.000001,0.000514,-0.000063,0.002799,-0.000025
4569.016000,-0.456729,0.105611,0.297250,-1.880073,-1.899517,0.584462,-0.000413,-0.000001,0.000389,-0.000051,0.002238,-0.000021
4569.024000,-0.456736,0.105599,0.297227,-1.880085,-1.899605,0.584418,-0.000624,-0.000004,-0.000704,-0.000016,-0.000427,-0.000016
4569.032000,-0.456735,0.105602,0.297265,-1.879984,-1.899527,0.584474,-0.000608,-0.000004,-0.000791,-0.000010,-0.000739,-0.000014
4569.040000,-0.456742,0.105610,0.297252,-1.880028,-1.899512,0.584419,-0.000726,-0.000001,0.001321,-0.000111,0.005238,-0.000036
4569.048000,-0.456751,0.105604,0.297262,-1.879989,-1.899494,0.584463,-0.000655,-0.000001,0.001086,-0.000096,0.004443,-0.000031
4569.056000,-0.456747,0.105611,0.297241,-1.880076,-1.899543,0.584439,-0.000896,-0.000007,-0.000954,-0.000022,-0.000753,-0.000019
4569.064000,-0.456750,0.105606,0.297265,-1.879974,-1.899507,0.584526,-0.000488,-0.000003,-0.000205,-0.000027,0.000570,-0.000015
4569.072000,-0.456760,0.105601,0.297266,-1.879936,-1.899506,0.584535,-0.000364,-0.000001,0.000104,-0.000032,0.001188,-0.000014
4569.080000,-0.456763,0.105597,0.297263,-1.879945,-1.899509,0.584520,-0.000361,-0.000001,0.000110,-0.000032,0.001184,-0.000014
4569.088000,-0.456769,0.105608,0.297245,-1.879936,-1.899520,0.584490,-0.000866,-0.000006,-0.000618,-0.000034,0.000057,-0.000020
4569.096000,-0.456779,0.105600,0.297250,-1.879943,-1.899496,0.584561,-0.000590,-0.000002,0.000247,-0.000054,0.001955,-0.000021
4569.104000,-0.456779,0.105605,0.297242,-1.879909,-1.899512,0.584569,-0.000459,0.000001,0.000574,-0.000079,0.004122,-0.000044
4569.112000,-0.456777,0.105608,0.297278,-1.879896,-1.899364,0.584651,-0.000408,0.000001,0.000561,-0.000075,0.003997,-0.000043
4569.120000,-0.456792,0.105600,0.297290,-1.879817,-1.899366,0.584734,-0.001317,-0.000004,0.000332,-0.000125,0.004931,-0.000063
4569.128000,-0.456787,0.105624,0.297291,-1.879877,-1.899299,0.584688,-0.000724,0.000000,0.000876,-0.000108,0.005281,-0.000051
4569.136000,-0.456795,0.105609,0.297267,-1.879870,-1.899376,0.584632,-0.000475,0.000000,0.000488,-0.000069,0.003388,-0.000036
4569.144000,-0.456800,0.105623,0.297240,-1.879980,-1.899387,0.584583,-0.000806,-0.000005,-0.001027,-0.000021,-0.000427,-0.000027
4569.152000,-0.456814,0.105598,0.297267,-1.879867,-1.899349,0.584682,-0.000742,-0.000005,-0.000874,-0.000022,-0.000288,-0.000024
4569.160000,-0.456815,0.105615,0.297278,-1.879869,-1.899298,0.584675,-0.000749,-0.000000,0.001448,-0.000123,0.005981,-0.000043
4569.168000,-0.456823,0.105587,0.297271,-1.879774,-1.899390,0.584705,-0.000483,-0.000000,0.000834,-0.000078,0.003781,-0.000030
4569.176000,-0.456823,0.105591,0.297267,-1.879850,-1.899361,0.584709,-0.000388,-0.000000,0.000399,-0.000052,0.002425,-0.000024
4569.184000,-0.456826,0.105597,0.297273,-1.879780,-1.899357,0.584731,-0.000844,-0.000006,-0.001205,-0.000011,-0.001189,-0.000021
4569.192000,-0.456832,0.105625,0.297265,-1.879830,-1.899287,0.584700,-0.000931,0.000000,0.002161,-0.000166,0.008191,-0.000053
4569.200000,-0.456831,0.105622,0.297288,-1.879768,-1.899266,0.584805,-0.000522,-0.000000,0.000948,-0.000085,0.004160,-0.000032
4569.208000,-0.456833,0.105613,0.297303,-1.879767,-1.899206,0.584842,-0.000409,0.000000,0.000515,-0.000063,0.003120,-0.000031
4569.216000,-0.456836,0.105626,0.297288,-1.879790,-1.899217,0.584762,-0.000670,-0.000003,-0.000574,-0.000032,0.000580,-0.000027
4569.224000,-0.456849,0.105624,0.297299,-1.879753,-1.899168,0.584862,-0.000948,-0.000002,0.000911,-0.000116,0.005133,-0.000047
4569.232000,-0.456862,0.105597,0.297287,-1.879712,-1.899264,0.584847,-0.000808,0.000000,0.001650,-0.000140,0.006916,-0.000051
4569.240000,-0.456865,0.105605,0.297282,-1.879758,-1.899198,0.584818,-0.000949,-0.000002,0.001033,-0.000122,0.005468,-0.000049
4569.248000,-0.456861,0.105629,0.297308,-1.879721,-1.899135,0.584896,-0.000741,-0.000003,-0.000075,-0.000059,0.002041,-0.000033
4569.256000,-0.456861,0.105599,0.297317,-1.879650,-1.899197,0.584983,-0.000505,-0.000002,-0.000012,-0.000044,0.001653,-0.000025
4569.264000,-0.456866,0.105607,0.297338,-1.879595,-1.899126,0.585021,-0.000382,-0.000001,0.000086,-0.000039,0.001620,-0.000022
4569.272000,-0.456885,0.105601,0.297298,-1.879695,-1.899160,0.584960,-0.001355,-0.000005,0.000934,-0.000141,0.005617,-0.000053
4569.280000,-0.456892,0.105592,0.297337,-1.879581,-1.899122,0.585026,-0.001156,-0.000001,0.002018,-0.000176,0.008248,-0.000058
4569.288000,-0.456893,0.105597,0.297322,-1.879599,-1.899116,0.585012,-0.000595,-0.000001,0.000821,-0.000085,0.004002,-0.000034
4569.296000,-0.456891,0.105608,0.297322,-1.879607,-1.899108,0.585013,-0.000446,-0.000001,0.000357,-0.000055,0.002473,-0.000026
4569.304000,-0.456897,0.105609,0.297328,-1.879563,-1.899055,0.585062,-0.000642,-0.000004,-0.000678,-0.000022,-0.000029,-0.000021
4569.312000,-0.456899,0.105614,0.297346,-1.879555,-1.899002,0.585103,-0.000638,-0.000004,-0.000695,-0.000024,0.000163,-0.000025
4569.320000,-0.456902,0.105613,0.297348,-1.879574,-1.898982,0.585133,-0.000848,0.000001,0.002172,-0.000165,0.008387,-0.000056
4569.328000,-0.456919,0.105579,0.297366,-1.879392,-1.899054,0.585231,-0.000608,0.000001,0.001087,-0.000112,0.005833,-0.000053
4569.336000,-0.456916,0.105608,0.297327,-1.879547,-1.899014,0.585107,-0.000891,-0.000004,-0.000732,-0.000051,0.001332,-0.000044
4569.344000,-0.456926,0.105600,0.297328,-1.879536,-1.899024,0.585172,-0.000546,-0.000001,-0.000071,-0.000057,0.002549,-0.000041
4569.352000,-0.456921,0.105594,0.297339,-1.879531,-1.899027,0.585203,-0.000393,0.000001,0.000178,-0.000056,0.002861,-0.000038
4569.360000,-0.456931,0.105601,0.297339,-1.879493,-1.898996,0.585197,-0.000834,-0.000006,-0.001323,-0.000014,-0.000911,-0.000029
4569.368000,-0.456943,0.105596,0.297325,-1.879503,-1.898998,0.585182,-0.001028,-0.000004,0.000042,-0.000084,0.002904,-0.000042
4569.376000,-0.456935,0.105613,0.297360,-1.879490,-1.898941,0.585208,-0.000620,-0.000001,0.000603,-0.000079,0.003570,-0.000034
4569.384000,-0.456937,0.105606,0.297351,-1.879469,-1.898971,0.585221,-0.000414,-0.000000,0.000397,-0.000055,0.002526,-0.000025
4569.392000,-0.456940,0.105627,0.297349,-1.879546,-1.898873,0.585253,-0.000362,-0.000001,0.000212,-0.000042,0.001835,-0.000021
4569.400000,-0.456953,0.105614,0.297337,-1.879466,-1.898952,0.585189,-0.000783,-0.000006,-0.001128,-0.000010,-0.001175,-0.000018
4569.408000,-0.456960,0.105577,0.297352,-1.879428,-1.898988,0.585317,-0.000633,-0.000002,0.000382,-0.000066,0.002645,-0.000027
4569.416000,-0.456954,0.105603,0.297360,-1.879471,-1.898890,0.585266,-0.000506,-0.000001,0.000767,-0.000074,0.003436,-0.000027
4569.424000,-0.456957,0.105603,0.297360,-1.879403,-1.898958,0.585233,-0.000417,-0.000000,0.000626,-0.000061,0.002866,-0.000023
4569.432000,-0.456964,0.105623,0.297320,-1.879528,-1.898938,0.585194,-0.000769,-0.000005,-0.000639,-0.000028,-0.000044,-0.000019
4569.440000,-0.456968,0.105602,0.297362,-1.879412,-1.898904,0.585298,-0.000724,-0.000005,-0.000502,-0.000031,0.000239,-0.000019
4569.448000,-0.456977,0.105597,0.297344,-1.879397,-1.898927,0.585275,-0.000499,-0.000002,0.000021,-0.000039,0.001255,-0.000018
4569.456000,-0.456978,0.105595,0.297349,-1.879373,-1.898962,0.585293,-0.000473,-0.000002,-0.000115,-0.000031,0.000824,-0.000016
4569.464000,-0.456981,0.105606,0.297347,-1.879386,-1.898929,0.585296,-0.000562,-0.000004,-0.000400,-0.000023,0.000163,-0.000015
4569.472000,-0.456997,0.105579,0.297342,-1.879379,-1.898944,0.585340,-0.000810,-0.000004,0.000031,-0.000059,0.001759,-0.000025
4569.480000,-0.456997,0.105612,0.297354,-1.879402,-1.898830,0.585369,-0.000732,-0.000004,-0.000058,-0.000050,0.001380,-0.000022
4569.488000,-0.457001,0.105602,0.297360,-1.879300,-1.898832,0.585413,-0.000689,0.000002,0.000774,-0.000118,0.006226,-0.000070
4569.496000,-0.457005,0.105601,0.297351,-1.879328,-1.898845,0.585409,-0.000800,0.000001,0.000425,-0.000110,0.005459,-0.000070
4569.504000,-0.457017,0.105590,0.297342,-1.879308,-1.898870,0.585417,-0.000700,-0.000001,-0.000115,-0.000072,0.003206,-0.000053
4569.512000,-0.457009,0.105613,0.297371,-1.879288,-1.898751,0.585470,-0.000488,-0.000000,-0.000026,-0.000052,0.002358,-0.000037
4569.520000,-0.457016,0.105607,0.297360,-1.879276,-1.898806,0.585436,-0.000459,-0.000001,-0.000041,-0.000045,0.001898,-0.000030
4569.528000,-0.457027,0.105611,0.297349,-1.879302,-1.898816,0.585425,-0.000875,-0.000003,0.000338,-0.000086,0.003422,-0.000040
4569.536000,-0.457034,0.105596,0.297369,-1.879284,-1.898769,0.585490,-0.000824,-0.000001,0.001052,-0.000112,0.005138,-0.000043
4569.544000,-0.457033,0.105602,0.297369,-1.879279,-1.898741,0.585507,-0.000663,0.000000,0.001471,-0.000118,0.005885,-0.000041
4569.552000,-0.457036,0.105601,0.297354,-1.879301,-1.898746,0.585512,-0.000474,-0.000001,0.000551,-0.000064,0.002943,-0.000026
4569.560000,-0.457036,0.105590,0.297357,-1.879289,-1.898804,0.585486,-0.000557,-0.000003,-0.000306,-0.000031,0.000690,-0.000020
4569.568000,-0.457045,0.105583,0.297341,-1.879277,-1.898867,0.585464,-0.000521,-0.000003,-0.000494,-0.000020,0.000115,-0.000018
4569.576000,-0.457051,0.105573,0.297360,-1.879210,-1.898813,0.585545,-0.000415,-0.000002,-0.000186,-0.000027,0.000776,-0.000018
4569.584000,-0.457052,0.105591,0.297366,-1.879277,-1.898738,0.585532,-0.000608,-0.000000,0.001245,-0.000103,0.005032,-0.000035
4569.592000,-0.457060,0.105611,0.297378,-1.879222,-1.898665,0.585600,-0.000936,-0.000004,0.000018,-0.000070,0.002233,-0.000032
4569.600000,-0.457063,0.105596,0.297345,-1.879245,-1.898773,0.585503,-0.000665,-0.000003,-0.000248,-0.000041,0.001035,-0.000023
4569.608000,-0.457073,0.105596,0.297340,-1.879251,-1.898755,0.585518,-0.000424,-0.000001,0.000048,-0.000038,0.001433,-0.000020
4569.616000,-0.457074,0.105592,0.297388,-1.879121,-1.898741,0.585665,-0.000413,-0.000001,0.000083,-0.000039,0.001510,-0.000020
4569.624000,-0.457081,0.105605,0.297350,-1.879213,-1.898752,0.585555,-0.000986,-0.000004,0.000333,-0.000088,0.003182,-0.000036
4569.632000,-0.457085,0.105596,0.297374,-1.879177,-1.898679,0.585619,-0.001036,-0.000006,-0.000698,-0.000045,0.000426,-0.000028
4569.640000,-0.457085,0.105592,0.297370,-1.879123,-1.898724,0.585573,-0.000539,-0.000002,-0.000023,-0.000042,0.001404,-0.000022
4569.648000,-0.457087,0.105588,0.297378,-1.879121,-1.898703,0.585671,-0.000406,-0.000001,0.000282,-0.000047,0.002013,-0.000021
4569.664000,-0.457106,0.105593,0.297369,-1.879088,-1.898652,0.585742,-0.000850,-0.000002,-0.000354,-0.000074,0.003009,-0.000058
4569.664000,-0.457106,0.105593,0.297369,-1.879088,-1.898652,0.585742,-0.000850,-0.000002,-0.000354,-0.000074,0.003009,-0.000058
4569.672000,-0.457106,0.105602,0.297377,-1.879093,-1.898584,0.585712,-0.000724,-0.000001,-0.000082,-0.000072,0.003105,-0.000050
4569.680000,-0.457118,0.105604,0.297386,-1.879064,-1.898581,0.585796,-0.000624,0.000001,0.001055,-0.000107,0.005449,-0.000048
4569.688000,-0.457119,0.105596,0.297393,-1.879002,-1.898588,0.585778,-0.000592,0.000002,0.001570,-0.000124,0.006485,-0.000047
4569.696000,-0.457119,0.105593,0.297408,-1.879064,-1.898536,0.585859,-0.000552,0.000002,0.001636,-0.000121,0.006379,-0.000043
4569.704000,-0.457121,0.105595,0.297389,-1.879068,-1.898571,0.585786,-0.000407,0.000001,0.000857,-0.000075,0.003839,-0.000030
4569.712000,-0.457121,0.105599,0.297380,-1.879101,-1.898590,0.585763,-0.000512,-0.000002,-0.000094,-0.000039,0.001318,-0.000023
4569.720000,-0.457131,0.105608,0.297368,-1.879124,-1.898569,0.585703,-0.000741,-0.000006,-0.001163,-0.000006,-0.001309,-0.000017
4569.728000,-0.457143,0.105588,0.297385,-1.879017,-1.898570,0.585840,-0.000647,-0.000005,-0.000910,-0.000010,-0.000839,-0.000016
4569.736000,-0.457136,0.105620,0.297399,-1.879113,-1.898448,0.585865,-0.000765,-0.000000,0.001685,-0.000131,0.006432,-0.000042
4569.744000,-0.457145,0.105606,0.297384,-1.879046,-1.898525,0.585816,-0.000476,-0.000000,0.000871,-0.000076,0.003671,-0.000027
4569.752000,-0.457145,0.105621,0.297373,-1.879040,-1.898525,0.585806,-0.000824,-0.000006,-0.001004,-0.000017,-0.000868,-0.000019
4569.760000,-0.457143,0.105614,0.297393,-1.879040,-1.898475,0.585795,-0.000753,-0.000006,-0.001102,-0.000007,-0.001261,-0.000016
4569.768000,-0.457153,0.105611,0.297421,-1.878982,-1.898437,0.585914,-0.000460,-0.000002,-0.000184,-0.000029,0.000752,-0.000017
4569.776000,-0.457157,0.105624,0.297424,-1.879024,-1.898352,0.585914,-0.000611,0.000000,0.001501,-0.000113,0.005631,-0.000036
4569.784000,-0.457156,0.105600,0.297436,-1.878893,-1.898436,0.585975,-0.000470,0.000001,0.000986,-0.000089,0.004577,-0.000037
4569.792000,-0.457172,0.105596,0.297412,-1.878940,-1.898408,0.585972,-0.000715,-0.000004,-0.000517,-0.000039,0.000881,-0.000030
4569.800000,-0.457165,0.105623,0.297410,-1.878986,-1.898363,0.585939,-0.000705,-0.000004,-0.000571,-0.000036,0.000714,-0.000029
4569.808000,-0.457164,0.105635,0.297433,-1.878936,-1.898305,0.585972,-0.000476,-0.000001,0.000146,-0.000052,0.002286,-0.000030
4569.816000,-0.457180,0.105607,0.297423,-1.878879,-1.898367,0.586014,-0.000539,0.000000,0.000767,-0.000084,0.004098,-0.000037
4569.824000,-0.457186,0.105592,0.297434,-1.878865,-1.898363,0.586018,-0.001102,-0.000006,-0.000741,-0.000053,0.000795,-0.000035
4569.832000,-0.457196,0.105604,0.297423,-1.878899,-1.898362,0.586070,-0.000668,-0.000001,0.000581,-0.000080,0.003532,-0.000034
4569.840000,-0.457190,0.105612,0.297439,-1.878897,-1.898295,0.586062,-0.000540,-0.000001,0.000556,-0.000069,0.003134,-0.000029
4569.848000,-0.457202,0.105590,0.297436,-1.878824,-1.898357,0.586080,-0.000718,-0.000003,-0.000010,-0.000056,0.001859,-0.000028
4569.856000,-0.457204,0.105599,0.297445,-1.878801,-1.898301,0.586159,-0.000700,-0.000003,-0.000104,-0.000050,0.001572,-0.000027
4569.864000,-0.457215,0.105595,0.297439,-1.878791,-1.898306,0.586150,-0.000518,-0.000002,0.000058,-0.000046,0.001701,-0.000024
4569.872000,-0.457218,0.105590,0.297432,-1.878795,-1.898326,0.586121,-0.000437,-0.000001,0.000312,-0.000051,0.002257,-0.000024
4569.880000,-0.457223,0.105596,0.297449,-1.878749,-1.898278,0.586175,-0.000437,-0.000001,0.000312,-0.000051,0.002257,-0.000024
4569.888000,-0.457221,0.105606,0.297455,-1.878785,-1.898207,0.586222,-0.000598,-0.000002,-0.000077,-0.000050,0.001840,-0.000030
4569.896000,-0.457228,0.105596,0.297462,-1.878737,-1.898220,0.586233,-0.000880,-0.000000,0.001481,-0.000137,0.006599,-0.000051
4569.904000,-0.457233,0.105596,0.297476,-1.878694,-1.898199,0.586271,-0.000687,-0.000000,0.000921,-0.000100,0.004730,-0.000041
4569.912000,-0.457240,0.105585,0.297469,-1.878667,-1.898216,0.586289,-0.000556,-0.000001,0.000217,-0.000060,0.002573,-0.000032
4569.920000,-0.457235,0.105600,0.297459,-1.878760,-1.898205,0.586246,-0.000463,-0.000001,0.000026,-0.000045,0.001888,-0.000028
4569.928000,-0.457245,0.105601,0.297439,-1.878739,-1.898267,0.586179,-0.000741,-0.000005,-0.000972,-0.000018,-0.000461,-0.000024
4569.936000,-0.457246,0.105628,0.297451,-1.878784,-1.898129,0.586232,-0.000820,-0.000002,0.000588,-0.000091,0.003815,-0.000038
4569.944000,-0.457253,0.105595,0.297449,-1.878710,-1.898214,0.586251,-0.000632,-0.000000,0.001146,-0.000102,0.004912,-0.000037
4569.952000,-0.457260,0.105593,0.297429,-1.878721,-1.898261,0.586243,-0.000503,-0.000001,0.000451,-0.000061,0.002708,-0.000026
4569.960000,-0.457264,0.105588,0.297424,-1.878751,-1.898269,0.586233,-0.000711,-0.000005,-0.000802,-0.000019,-0.000432,-0.000019
4569.968000,-0.457265,0.105595,0.297426,-1.878720,-1.898246,0.586218,-0.000485,-0.000003,-0.000406,-0.000021,0.000201,-0.000016
4569.976000,-0.457272,0.105571,0.297464,-1.878639,-1.898223,0.586357,-0.000453,-0.000003,-0.000483,-0.000015,-0.000082,-0.000014
4569.984000,-0.457279,0.105596,0.297439,-1.878696,-1.898190,0.586260,-0.000441,-0.000003,-0.000449,-0.000016,-0.000005,-0.000014
4569.992000,-0.457287,0.105589,0.297447,-1.878668,-1.898152,0.586357,-0.000708,-0.000001,0.001146,-0.000104,0.004826,-0.000035
4570.008000,-0.457280,0.105628,0.297456,-1.878674,-1.898013,0.586385,-0.000566,0.000000,0.000255,-0.000076,0.003729,-0.000049
4570.016000,-0.457296,0.105583,0.297461,-1.878566,-1.898116,0.586445,-0.000537,0.000000,0.000011,-0.000065,0.003149,-0.000048
4570.016000,-0.457296,0.105583,0.297461,-1.878566,-1.898116,0.586445,-0.000537,0.000000,0.000011,-0.000065,0.003149,-0.000048
4570.024000,-0.457301,0.105605,0.297441,-1.878584,-1.898110,0.586398,-0.000788,-0.000003,-0.000801,-0.000046,0.001356,-0.000047
4570.032000,-0.457298,0.105623,0.297443,-1.878654,-1.898061,0.586362,-0.000786,-0.000003,-0.000812,-0.000044,0.001260,-0.000046
4570.040000,-0.457308,0.105601,0.297437,-1.878639,-1.898091,0.586384,-0.000613,-0.000000,0.000574,-0.000086,0.004146,-0.000044
4570.056000,-0.457318,0.105607,0.297426,-1.878642,-1.898062,0.586379,-0.000856,-0.000005,-0.000967,-0.000027,-0.000216,-0.000028
4570.064000,-0.457317,0.105600,0.297431,-1.878625,-1.898083,0.586418,-0.000549,-0.000003,-0.000416,-0.000029,0.000608,-0.000023
4570.072000,-0.457322,0.105622,0.297426,-1.878648,-1.898052,0.586373,-0.000389,-0.000001,0.000005,-0.000035,0.001380,-0.000021
4570.072000,-0.457322,0.105622,0.297426,-1.878648,-1.898052,0.586373,-0.000389,-0.000001,0.000005,-0.000035,0.001380,-0.000021
4570.080000,-0.457327,0.105612,0.297479,-1.878568,-1.897949,0.586524,-0.000778,0.000001,0.002144,-0.000154,0.007841,-0.000048
4570.088000,-0.457330,0.105604,0.297448,-1.878594,-1.898057,0.586464,-0.000862,-0.000005,-0.000323,-0.000050,0.001145,-0.000027
4570.096000,-0.457330,0.105605,0.297463,-1.878589,-1.898000,0.586499,-0.000540,-0.000003,-0.000106,-0.000038,0.001136,-0.000020
4570.104000,-0.457346,0.105587,0.297450,-1.878575,-1.898067,0.586516,-0.000392,-0.000001,0.000162,-0.000039,0.001567,-0.000018
4570.112000,-0.457344,0.105596,0.297479,-1.878498,-1.897984,0.586536,-0.000346,-0.000001,0.000296,-0.000042,0.001826,-0.000018
4570.120000,-0.457354,0.105611,0.297446,-1.878552,-1.897976,0.586507,-0.000880,-0.000005,-0.000372,-0.000047,0.000886,-0.000025
4570.128000,-0.457355,0.105593,0.297449,-1.878570,-1.898032,0.586521,-0.000770,-0.000004,-0.000036,-0.000054,0.001586,-0.000024
4570.136000,-0.457353,0.105603,0.297451,-1.878543,-1.898011,0.586548,-0.000512,-0.000002,-0.000002,-0.000038,0.001203,-0.000018
4570.144000,-0.457352,0.105621,0.297466,-1.878568,-1.897908,0.586560,-0.000464,-0.000003,-0.000255,-0.000024,0.000412,-0.000014
4570.152000,-0.457369,0.105594,0.297447,-1.878500,-1.897998,0.586561,-0.000457,-0.000003,-0.000272,-0.000022,0.000335,-0.000014
4570.160000,-0.457376,0.105586,0.297471,-1.878416,-1.897982,0.586575,-0.000701,-0.000001,0.001041,-0.000097,0.004361,-0.000031
4570.168000,-0.457377,0.105592,0.297477,-1.878480,-1.897923,0.586679,-0.000603,-0.000001,0.000868,-0.000082,0.003714,-0.000027
4570.176000,-0.457377,0.105608,0.297482,-1.878424,-1.897894,0.586716,-0.000507,0.000001,0.000626,-0.000085,0.004428,-0.000047
4570.184000,-0.457375,0.105627,0.297510,-1.878431,-1.897743,0.586760,-0.000699,-0.000001,0.000022,-0.000071,0.003105,-0.000047
4570.192000,-0.457387,0.105595,0.297487,-1.878414,-1.897856,0.586709,-0.000750,-0.000001,0.000296,-0.000087,0.003944,-0.000050
4570.200000,-0.457392,0.105595,0.297498,-1.878359,-1.897846,0.586742,-0.000587,0.000001,0.000750,-0.000094,0.004706,-0.000047
4570.208000,-0.457395,0.105609,0.297491,-1.878429,-1.897793,0.586768,-0.000599,0.000001,0.001046,-0.000102,0.005138,-0.000044
4570.216000,-0.457408,0.105598,0.297501,-1.878322,-1.897820,0.586811,-0.000801,-0.000002,0.000348,-0.000082,0.003340,-0.000039
4570.224000,-0.457413,0.105588,0.297493,-1.878333,-1.897789,0.586749,-0.000733,-0.000004,-0.000329,-0.000045,0.001198,-0.000028
4570.232000,-0.457415,0.105604,0.297489,-1.878360,-1.897812,0.586791,-0.000731,-0.000004,-0.000337,-0.000044,0.001126,-0.000028
4570.240000,-0.457420,0.105606,0.297484,-1.878358,-1.897797,0.586766,-0.000530,-0.000001,0.000293,-0.000059,0.002506,-0.000028
4570.248000,-0.457421,0.105595,0.297493,-1.878311,-1.897817,0.586791,-0.000490,-0.000001,0.000481,-0.000064,0.002952,-0.000029
4570.264000,-0.457431,0.105622,0.297479,-1.878367,-1.897736,0.586786,-0.000860,-0.000004,-0.000308,-0.000054,0.001428,-0.000031
4570.264000,-0.457431,0.105622,0.297479,-1.878367,-1.897736,0.586786,-0.000860,-0.000004,-0.000308,-0.000054,0.001428,-0.000031
4570.272000,-0.457448,0.105583,0.297518,-1.878236,-1.897746,0.586930,-0.001042,-0.000003,0.000669,-0.000109,0.004423,-0.000044
4570.288000,-0.457444,0.105620,0.297499,-1.878330,-1.897688,0.586886,-0.000414,-0.000000,0.000404,-0.000054,0.002502,-0.000025
4570.288000,-0.457444,0.105620,0.297499,-1.878330,-1.897688,0.586886,-0.000414,-0.000000,0.000404,-0.000054,0.002502,-0.000025
4570.296000,-0.457446,0.105599,0.297501,-1.878274,-1.897715,0.586909,-0.000333,-0.000000,0.000252,-0.000041,0.001869,-0.000020
4570.304000,-0.457460,0.105600,0.297518,-1.878256,-1.897668,0.586941,-0.000332,-0.000000,0.000249,-0.000041,0.001845,-0.000020
4570.320000,-0.457467,0.105594,0.297534,-1.878166,-1.897604,0.587069,-0.000655,0.000001,0.000714,-0.000104,0.005267,-0.000057
4570.320000,-0.457467,0.105594,0.297534,-1.878166,-1.897604,0.587069,-0.000655,0.000001,0.000714,-0.000104,0.005267,-0.000057
4570.328000,-0.457472,0.105596,0.297499,-1.878197,-1.897643,0.586979,-0.000455,0.000002,0.000612,-0.000086,0.004639,-0.000051
4570.336000,-0.457465,0.105629,0.297520,-1.878195,-1.897550,0.587000,-0.000360,0.000002,0.000509,-0.000074,0.004103,-0.000046
4570.344000,-0.457478,0.105611,0.297507,-1.878201,-1.897608,0.586997,-0.000705,-0.000004,-0.001068,-0.000015,-0.000552,-0.000026
4570.360000,-0.457485,0.105611,0.297519,-1.878176,-1.897560,0.587053,-0.000547,-0.000003,-0.000634,-0.000021,0.000148,-0.000023
4570.368000,-0.457495,0.105594,0.297504,-1.878152,-1.897655,0.587028,-0.000768,-0.000004,-0.000305,-0.000048,0.001279,-0.000029
4570.368000,-0.457495,0.105594,0.297504,-1.878152,-1.897655,0.587028,-0.000768,-0.000004,-0.000305,-0.000048,0.001279,-0.000029
4570.376000,-0.457500,0.105585,0.297503,-1.878148,-1.897638,0.587028,-0.000734,-0.000004,-0.000225,-0.000048,0.001346,-0.000027
4570.384000,-0.457500,0.105589,0.297539,-1.878132,-1.897560,0.587116,-0.000589,-0.000001,0.000798,-0.000083,0.003810,-0.000031
4570.400000,-0.457506,0.105587,0.297512,-1.878073,-1.897649,0.587098,-0.000426,-0.000001,0.000228,-0.000045,0.001855,-0.000020
4570.408000,-0.457501,0.105610,0.297529,-1.878123,-1.897557,0.587098,-0.000378,-0.000001,-0.000007,-0.000031,0.001083,-0.000016
4570.416000,-0.457504,0.105613,0.297532,-1.878139,-1.897507,0.587078,-0.000342,-0.000001,-0.000031,-0.000027,0.000954,-0.000015
4570.416000,-0.457504,0.105613,0.297532,-1.878139,-1.897507,0.587078,-0.000342,-0.000001,-0.000031,-0.000027,0.000954,-0.000015
4570.424000,-0.457516,0.105599,0.297519,-1.878101,-1.897557,0.587130,-0.000342,-0.000001,-0.000031,-0.000027,0.000954,-0.000015
4570.432000,-0.457517,0.105606,0.297532,-1.878121,-1.897502,0.587142,-0.000545,-0.000002,0.000372,-0.000059,0.002411,-0.000024
4570.448000,-0.457529,0.105602,0.297532,-1.878075,-1.897486,0.587148,-0.000665,-0.000003,-0.000078,-0.000047,0.001385,-0.000023
4570.456000,-0.457536,0.105585,0.297535,-1.877984,-1.897513,0.587214,-0.000511,-0.000001,0.000404,-0.000058,0.002439,-0.000023
4570.464000,-0.457539,0.105588,0.297511,-1.878047,-1.897568,0.587165,-0.000791,-0.000004,-0.000395,-0.000045,0.001011,-0.000028
4570.472000,-0.457546,0.105599,0.297506,-1.878047,-1.897545,0.587165,-0.000730,-0.000004,-0.000723,-0.000026,0.000004,-0.000023
4570.480000,-0.457547,0.105601,0.297512,-1.878031,-1.897515,0.587160,-0.000465,-0.000002,-0.000226,-0.000030,0.000910,-0.000021
4570.488000,-0.457546,0.105599,0.297534,-1.878008,-1.897482,0.587239,-0.000416,-0.000001,-0.000109,-0.000032,0.001145,-0.000021
4570.496000,-0.457558,0.105587,0.297543,-1.877994,-1.897429,0.587335,-0.001114,-0.000002,0.000830,-0.000131,0.005717,-0.000059
4570.504000,-0.457565,0.105605,0.297556,-1.877972,-1.897330,0.587383,-0.000715,-0.000001,0.000486,-0.000089,0.004083,-0.000046
4570.512000,-0.457560,0.105597,0.297537,-1.877965,-1.897451,0.587325,-0.000485,0.000001,0.000488,-0.000074,0.003690,-0.000040
4570.520000,-0.457573,0.105587,0.297532,-1.877967,-1.897423,0.587352,-0.000483,0.000000,0.000474,-0.000072,0.003570,-0.000039
4570.520000,-0.457573,0.105587,0.297532,-1.877967,-1.897423,0.587352,-0.000483,0.000000,0.000474,-0.000072,0.003570,-0.000039
4570.536000,-0.457575,0.105592,0.297537,-1.877990,-1.897401,0.587353,-0.000518,-0.000002,-0.000053,-0.000044,0.001677,-0.000027
4570.544000,-0.457578,0.105604,0.297515,-1.878014,-1.897383,0.587229,-0.000443,-0.000002,-0.000177,-0.000032,0.001069,-0.000022
4570.552000,-0.457583,0.105583,0.297538,-1.877912,-1.897450,0.587343,-0.000382,-0.000001,-0.000029,-0.000033,0.001260,-0.000020
4570.560000,-0.457586,0.105628,0.297534,-1.877997,-1.897317,0.587302,-0.000959,-0.000005,-0.000300,-0.000058,0.001437,-0.000031
4570.568000,-0.457599,0.105588,0.297522,-1.877963,-1.897433,0.587327,-0.000745,-0.000003,0.000354,-0.000072,0.002799,-0.000030
4570.576000,-0.457599,0.105611,0.297536,-1.877933,-1.897349,0.587353,-0.000543,-0.000002,0.000240,-0.000053,0.002075,-0.000023
4570.584000,-0.457602,0.105627,0.297517,-1.878006,-1.897332,0.587305,-0.000749,-0.000004,-0.000455,-0.000036,0.000498,-0.000022
4570.584000,-0.457602,0.105627,0.297517,-1.878006,-1.897332,0.587305,-0.000749,-0.000004,-0.000455,-0.000036,0.000498,-0.000022
4570.600000,-0.457613,0.105607,0.297519,-1.877937,-1.897362,0.587311,-0.000464,-0.000002,0.000077,-0.000039,0.001399,-0.000018
4570.608000,-0.457614,0.105604,0.297539,-1.877907,-1.897329,0.587414,-0.000361,-0.000001,0.000262,-0.000041,0.001730,-0.000017
4570.616000,-0.457622,0.105605,0.297565,-1.877892,-1.897239,0.587484,-0.000579,0.000000,0.001509,-0.000110,0.005526,-0.000034
4570.616000,-0.457622,0.105605,0.297565,-1.877892,-1.897239,0.587484,-0.000579,0.000000,0.001509,-0.000110,0.005526,-0.000034
4570.624000,-0.457634,0.105589,0.297553,-1.877842,-1.897278,0.587502,-0.000997,-0.000004,0.000358,-0.000087,0.003096,-0.000034
4570.632000,-0.457629,0.105612,0.297551,-1.877864,-1.897248,0.587457,-0.000808,0.000000,0.001229,-0.000126,0.006144,-0.000053
4570.648000,-0.457643,0.105592,0.297559,-1.877807,-1.897209,0.587608,-0.000478,0.000003,0.000632,-0.000098,0.005478,-0.000064
4570.656000,-0.457638,0.105603,0.297563,-1.877827,-1.897184,0.587600,-0.000812,-0.000002,-0.000663,-0.000063,0.002506,-0.000060
4570.656000,-0.457638,0.105603,0.297563,-1.877827,-1.897184,0.587600,-0.000812,-0.000002,-0.000663,-0.000063,0.002506,-0.000060
4570.672000,-0.457659,0.105592,0.297557,-1.877757,-1.897249,0.587594,-0.000681,0.000001,0.001398,-0.000126,0.006403,-0.000052
4570.680000,-0.457658,0.105612,0.297557,-1.877791,-1.897171,0.587559,-0.000949,-0.000005,-0.000515,-0.000055,0.001327,-0.000036
4570.688000,-0.457664,0.105599,0.297578,-1.877688,-1.897170,0.587665,-0.000641,-0.000003,-0.000200,-0.000046,0.001457,-0.000028
4570.696000,-0.457663,0.105591,0.297566,-1.877766,-1.897196,0.587658,-0.000464,-0.000001,0.000320,-0.000055,0.002454,-0.000027
4570.704000,-0.457668,0.105595,0.297578,-1.877684,-1.897175,0.587634,-0.000408,-0.000000,0.000467,-0.000057,0.002650,-0.000025
4570.712000,-0.457671,0.105600,0.297584,-1.877705,-1.897135,0.587670,-0.000796,-0.000006,-0.001058,-0.000014,-0.000935,-0.000020
4570.720000,-0.457678,0.105593,0.297557,-1.877753,-1.897191,0.587630,-0.000640,-0.000004,-0.000734,-0.000017,-0.000379,-0.000018
4570.720000,-0.457678,0.105593,0.297557,-1.877753,-1.897191,0.587630,-0.000640,-0.000004,-0.000734,-0.000017,-0.000379,-0.000018
4570.736000,-0.457686,0.105604,0.297583,-1.877727,-1.897095,0.587707,-0.000483,-0.000000,0.000968,-0.000081,0.003925,-0.000028
4570.744000,-0.457696,0.105608,0.297584,-1.877660,-1.897131,0.587731,-0.000674,0.000001,0.002093,-0.000143,0.007309,-0.000042
4570.752000,-0.457697,0.105593,0.297570,-1.877702,-1.897137,0.587701,-0.000848,-0.000005,-0.000255,-0.000050,0.001140,-0.000025
4570.760000,-0.457698,0.105594,0.297567,-1.877724,-1.897188,0.587713,-0.000751,-0.000005,-0.000777,-0.000020,-0.000489,-0.000017
4570.768000,-0.457705,0.105580,0.297571,-1.877688,-1.897159,0.587748,-0.000439,-0.000002,-0.000198,-0.000025,0.000541,-0.000014
4570.776000,-0.457707,0.105588,0.297571,-1.877664,-1.897144,0.587722,-0.000319,-0.000001,-0.000036,-0.000024,0.000762,-0.000013
4570.784000,-0.457707,0.105611,0.297557,-1.877699,-1.897096,0.587668,-0.000986,-0.000009,-0.002132,0.000025,-0.003845,-0.000010
4570.792000,-0.457713,0.105622,0.297556,-1.877699,-1.897073,0.587667,-0.000830,-0.000005,-0.000399,-0.000041,0.000623,-0.000022
4570.800000,-0.457728,0.105591,0.297575,-1.877600,-1.897113,0.587807,-0.000560,-0.000002,0.000450,-0.000061,0.002482,-0.000022
4570.808000,-0.457721,0.105610,0.297585,-1.877669,-1.896980,0.587808,-0.000516,-0.000002,0.000427,-0.000057,0.002343,-0.000021
4570.816000,-0.457729,0.105588,0.297587,-1.877589,-1.897042,0.587848,-0.000487,0.000000,0.000286,-0.000067,0.003326,-0.000042
4570.824000,-0.457741,0.105591,0.297566,-1.877557,-1.897049,0.587777,-0.000528,-0.000000,-0.000016,-0.000057,0.002569,-0.000040
4570.832000,-0.457737,0.105590,0.297610,-1.877527,-1.896976,0.587983,-0.000547,0.000000,0.000090,-0.000070,0.003479,-0.000051
4570.840000,-0.457738,0.105589,0.297608,-1.877509,-1.896976,0.587923,-0.000518,0.000002,0.000911,-0.000105,0.005679,-0.000057
4570.848000,-0.457744,0.105612,0.297590,-1.877554,-1.896961,0.587835,-0.000465,0.000002,0.001003,-0.000102,0.005579,-0.000053
4570.856000,-0.457751,0.105593,0.297594,-1.877533,-1.896961,0.587936,-0.001049,-0.000005,-0.000422,-0.000070,0.002113,-0.000045
4570.864000,-0.457757,0.105582,0.297599,-1.877483,-1.897024,0.587922,-0.000794,-0.000002,0.000293,-0.000081,0.003321,-0.000041
4570.872000,-0.457748,0.105621,0.297611,-1.877535,-1.896887,0.587928,-0.000481,-0.000001,0.000297,-0.000057,0.002574,-0.000029
4570.880000,-0.457755,0.105594,0.297619,-1.877481,-1.896900,0.587995,-0.000370,-0.000000,0.000197,-0.000044,0.001970,-0.000023
4570.888000,-0.457760,0.105620,0.297619,-1.877552,-1.896843,0.587982,-0.000917,-0.000007,-0.001548,-0.000002,-0.001975,-0.000020
4570.896000,-0.457767,0.105604,0.297608,-1.877484,-1.896910,0.587983,-0.000790,-0.000003,0.000436,-0.000080,0.003168,-0.000033
4570.904000,-0.457771,0.105623,0.297609,-1.877552,-1.896862,0.588013,-0.000643,-0.000001,0.000880,-0.000089,0.004069,-0.000033
4570.912000,-0.457773,0.105609,0.297617,-1.877497,-1.896855,0.588017,-0.000761,-0.000005,-0.000582,-0.000031,0.000201,-0.000021
4570.920000,-0.457784,0.105607,0.297599,-1.877527,-1.896875,0.588026,-0.000806,-0.000006,-0.000981,-0.000016,-0.000844,-0.000018
4570.928000,-0.457796,0.105588,0.297592,-1.877460,-1.896922,0.587996,-0.000751,-0.000005,-0.000823,-0.000019,-0.000552,-0.000018
4570.936000,-0.457797,0.105594,0.297592,-1.877432,-1.896939,0.587981,-0.000480,-0.000002,0.000021,-0.000038,0.001260,-0.000018
4570.944000,-0.457785,0.105606,0.297599,-1.877514,-1.896857,0.587979,-0.000401,-0.000001,0.000141,-0.000038,0.001438,-0.000017
4570.952000,-0.457810,0.105600,0.297578,-1.877505,-1.896869,0.587984,-0.000400,-0.000001,0.000136,-0.000037,0.001390,-0.000016
4570.960000,-0.457803,0.105597,0.297609,-1.877463,-1.896836,0.588003,-0.000589,-0.000004,-0.000462,-0.000023,0.000062,-0.000015
4570.968000,-0.457806,0.105594,0.297611,-1.877383,-1.896842,0.588090,-0.000501,-0.000003,-0.000126,-0.000032,0.000834,-0.000016
4570.976000,-0.457815,0.105598,0.297591,-1.877455,-1.896830,0.588080,-0.000532,0.000003,0.000616,-0.000106,0.005900,-0.000071
4570.984000,-0.457823,0.105610,0.297617,-1.877400,-1.896722,0.588161,-0.001106,-0.000002,0.000094,-0.000116,0.005046,-0.000074
4570.992000,-0.457829,0.105588,0.297611,-1.877335,-1.896791,0.588169,-0.000902,0.000001,0.001363,-0.000145,0.007155,-0.000064
4571.000000,-0.457836,0.105605,0.297591,-1.877441,-1.896762,0.588119,-0.000597,0.000001,0.001069,-0.000105,0.005325,-0.000046
4571.008000,-0.457834,0.105609,0.297602,-1.877376,-1.896749,0.588167,-0.000474,-0.000000,0.000400,-0.000063,0.003000,-0.000033
4571.016000,-0.457841,0.105593,0.297588,-1.877389,-1.896807,0.588141,-0.000718,-0.000004,-0.000853,-0.000022,-0.000197,-0.000024
4571.024000,-0.457835,0.105601,0.297624,-1.877319,-1.896738,0.588164,-0.000473,-0.000002,-0.000369,-0.000025,0.000565,-0.000020
4571.032000,-0.457845,0.105599,0.297589,-1.877393,-1.896804,0.588112,-0.000348,-0.000001,-0.000115,-0.000027,0.000954,-0.000018
4571.040000,-0.457851,0.105610,0.297604,-1.877406,-1.896703,0.588177,-0.001171,-0.000007,-0.000531,-0.000062,0.001164,-0.000034
4571.048000,-0.457861,0.105605,0.297591,-1.877381,-1.896761,0.588126,-0.000858,-0.000003,0.000445,-0.000084,0.003263,-0.000034
4571.056000,-0.457856,0.105621,0.297603,-1.877372,-1.896667,0.588202,-0.000540,-0.000001,0.000539,-0.000067,0.002971,-0.000027
4571.064000,-0.457858,0.105608,0.297601,-1.877388,-1.896721,0.588208,-0.000448,-0.000001,0.000136,-0.000043,0.001706,-0.000021
4571.072000,-0.457861,0.105608,0.297613,-1.877363,-1.896672,0.588263,-0.000725,-0.000005,-0.001081,-0.000008,-0.001151,-0.000017
4571.080000,-0.457873,0.105582,0.297615,-1.877248,-1.896752,0.588275,-0.000494,-0.000003,-0.000354,-0.000025,0.000441,-0.000018
4571.088000,-0.457879,0.105588,0.297613,-1.877320,-1.896682,0.588278,-0.000368,-0.000001,0.000040,-0.000034,0.001303,-0.000018
4571.096000,-0.457877,0.105609,0.297583,-1.877338,-1.896752,0.588182,-0.000309,-0.000000,0.000224,-0.000038,0.001706,-0.000019
4571.104000,-0.457882,0.105605,0.297618,-1.877283,-1.896636,0.588283,-0.000802,-0.000006,-0.001074,-0.000013,-0.000997,-0.000019
4571.112000,-0.457888,0.105600,0.297612,-1.877275,-1.896674,0.588263,-0.000936,-0.000005,-0.000346,-0.000054,0.001231,-0.000029
4571.120000,-0.457891,0.105603,0.297620,-1.877264,-1.896654,0.588315,-0.000623,-0.000001,0.000632,-0.000077,0.003355,-0.000030
4571.128000,-0.457890,0.105610,0.297611,-1.877236,-1.896662,0.588287,-0.000493,-0.000001,0.000620,-0.000067,0.003096,-0.000027
4571.136000,-0.457896,0.105599,0.297612,-1.877266,-1.896648,0.588310,-0.000712,-0.000005,-0.000723,-0.000023,-0.000207,-0.000020
4571.144000,-0.457907,0.105603,0.297604,-1.877235,-1.896622,0.588355,-0.000745,-0.000002,-0.000530,-0.000053,0.001878,-0.000046
4571.152000,-0.457911,0.105600,0.297618,-1.877192,-1.896564,0.588399,-0.000502,0.000001,0.000232,-0.000071,0.003546,-0.000047
4571.160000,-0.457916,0.105592,0.297626,-1.877206,-1.896546,0.588460,-0.000595,0.000003,0.000749,-0.000120,0.006638,-0.000078
4571.168000,-0.457911,0.105610,0.297605,-1.877235,-1.896569,0.588374,-0.000627,0.000002,0.000434,-0.000097,0.005056,-0.000064
4571.176000,-0.457926,0.105593,0.297591,-1.877226,-1.896604,0.588379,-0.000596,-0.000000,0.000258,-0.000075,0.003546,-0.000046
4571.184000,-0.457918,0.105601,0.297620,-1.877197,-1.896574,0.588456,-0.000503,-0.000000,0.000158,-0.000058,0.002650,-0.000035
4571.192000,-0.457925,0.105607,0.297615,-1.877194,-1.896529,0.588381,-0.000419,-0.000001,0.000010,-0.000042,0.001821,-0.000027
4571.200000,-0.457937,0.105598,0.297594,-1.877216,-1.896601,0.588395,-0.000791,-0.000006,-0.001296,-0.000007,-0.001299,-0.000022
4571.208000,-0.457947,0.105612,0.297617,-1.877168,-1.896485,0.588441,-0.000838,-0.000001,0.001390,-0.000127,0.006024,-0.000046
4571.216000,-0.457944,0.105605,0.297638,-1.877149,-1.896473,0.588492,-0.000665,-0.000001,0.000814,-0.000089,0.004035,-0.000034
4571.224000,-0.457945,0.105621,0.297606,-1.877224,-1.896488,0.588432,-0.000900,-0.000004,0.000058,-0.000070,0.002310,-0.000032
4571.232000,-0.457951,0.105593,0.297593,-1.877171,-1.896593,0.588413,-0.000649,-0.000003,0.000127,-0.000056,0.001998,-0.000026
4571.240000,-0.457951,0.105598,0.297630,-1.877120,-1.896502,0.588527,-0.000420,-0.000001,0.000177,-0.000042,0.001692,-0.000020
4571.248000,-0.457959,0.105610,0.297612,-1.877130,-1.896504,0.588479,-0.000326,-0.000001,0.000123,-0.000033,0.001337,-0.000016
4571.256000,-0.457968,0.105604,0.297594,-1.877195,-1.896525,0.588444,-0.000733,-0.000006,-0.001324,0.000004,-0.001956,-0.000013
4571.264000,-0.457968,0.105593,0.297622,-1.877092,-1.896534,0.588501,-0.000953,-0.000003,0.000747,-0.000102,0.004073,-0.000037
4571.272000,-0.457972,0.105606,0.297628,-1.877104,-1.896486,0.588479,-0.000729,-0.000001,0.001442,-0.000117,0.005559,-0.000037
4571.280000,-0.457984,0.105592,0.297618,-1.877117,-1.896497,0.588546,-0.000533,-0.000002,0.000383,-0.000057,0.002300,-0.000022
4571.288000,-0.457980,0.105611,0.297604,-1.877117,-1.896499,0.588451,-0.000473,-0.000002,-0.000063,-0.000033,0.000958,-0.000016
4571.296000,-0.457986,0.105593,0.297602,-1.877106,-1.896524,0.588505,-0.000434,-0.000003,-0.000272,-0.000021,0.000287,-0.000013
4571.304000,-0.457985,0.105608,0.297618,-1.877118,-1.896436,0.588587,-0.000515,-0.000004,-0.000529,-0.000014,-0.000293,-0.000012
4571.312000,-0.457999,0.105609,0.297618,-1.877076,-1.896408,0.588612,-0.000763,-0.000002,0.000817,-0.000090,0.003829,-0.000031
4571.320000,-0.458004,0.105592,0.297625,-1.877045,-1.896445,0.588624,-0.000576,-0.000001,0.000736,-0.000075,0.003283,-0.000025
4571.328000,-0.458006,0.105628,0.297601,-1.877062,-1.896394,0.588538,-0.000492,0.000001,0.000557,-0.000083,0.004356,-0.000049
4571.336000,-0.458007,0.105610,0.297618,-1.877016,-1.896406,0.588619,-0.000693,-0.000002,-0.000286,-0.000060,0.002396,-0.000046
4571.344000,-0.458016,0.105599,0.297635,-1.876983,-1.896367,0.588672,-0.000688,-0.000001,-0.000268,-0.000060,0.002434,-0.000046
4571.352000,-0.458014,0.105598,0.297658,-1.876932,-1.896328,0.588769,-0.000619,0.000001,0.001051,-0.000109,0.005593,-0.000051
4571.360000,-0.458024,0.105598,0.297649,-1.876960,-1.896334,0.588752,-0.000525,0.000001,0.000849,-0.000089,0.004476,-0.000040
4571.368000,-0.458030,0.105607,0.297623,-1.876986,-1.896365,0.588709,-0.001026,-0.000006,-0.000950,-0.000040,0.000181,-0.000033
4571.376000,-0.458034,0.105609,0.297629,-1.877035,-1.896311,0.588700,-0.000713,-0.000001,0.000716,-0.000090,0.004035,-0.000038
4571.384000,-0.458036,0.105621,0.297652,-1.876964,-1.896255,0.588739,-0.000567,0.000000,0.001143,-0.000098,0.004845,-0.000036
4571.392000,-0.458039,0.105608,0.297657,-1.876941,-1.896245,0.588820,-0.000458,-0.000000,0.000553,-0.000064,0.002976,-0.000027
4571.400000,-0.458053,0.105591,0.297650,-1.876907,-1.896307,0.588830,-0.000645,-0.000003,-0.000441,-0.000032,0.000575,-0.000023
4571.408000,-0.458048,0.105591,0.297669,-1.876869,-1.896269,0.588880,-0.000589,-0.000003,-0.000266,-0.000036,0.000958,-0.000023
4571.416000,-0.458055,0.105604,0.297674,-1.876861,-1.896224,0.588864,-0.000714,-0.000002,0.000415,-0.000075,0.003043,-0.000032
4571.424000,-0.458060,0.105604,0.297679,-1.876847,-1.896244,0.588940,-0.000861,0.000000,0.001929,-0.000151,0.007453,-0.000050
4571.432000,-0.458067,0.105606,0.297674,-1.876812,-1.896215,0.588942,-0.000566,-0.000000,0.000879,-0.000085,0.004059,-0.000033
4571.440000,-0.458071,0.105599,0.297649,-1.876886,-1.896242,0.588829,-0.000654,-0.000003,-0.000321,-0.000038,0.000920,-0.000024
4571.448000,-0.458079,0.105591,0.297646,-1.876846,-1.896289,0.588874,-0.000605,-0.000004,-0.000587,-0.000023,0.000105,-0.000020
4571.456000,-0.458074,0.105608,0.297667,-1.876858,-1.896204,0.588894,-0.000435,-0.000002,-0.000314,-0.000023,0.000513,-0.000018
4571.464000,-0.458090,0.105597,0.297665,-1.876784,-1.896217,0.588935,-0.000373,-0.000001,-0.000121,-0.000028,0.000934,-0.000018
4571.472000,-0.458096,0.105609,0.297654,-1.876843,-1.896180,0.588903,-0.001188,-0.000006,-0.000342,-0.000072,0.001744,-0.000037
4571.480000,-0.458092,0.105599,0.297663,-1.876820,-1.896173,0.588922,-0.000663,-0.000002,0.000564,-0.000077,0.003316,-0.000032
4571.488000,-0.458096,0.105608,0.297666,-1.876865,-1.896117,0.588971,-0.000457,-0.000001,0.000284,-0.000051,0.002190,-0.000024
4571.496000,-0.458102,0.105598,0.297655,-1.876809,-1.896190,0.588931,-0.000408,-0.000001,0.000018,-0.000036,0.001375,-0.000020
4571.504000,-0.458105,0.105598,0.297656,-1.876782,-1.896184,0.588947,-0.000523,-0.000002,-0.000475,-0.000027,0.000594,-0.000024
4571.512000,-0.458114,0.105598,0.297649,-1.876785,-1.896141,0.588985,-0.000516,-0.000002,-0.000515,-0.000025,0.000474,-0.000024
4571.520000,-0.458115,0.105596,0.297650,-1.876779,-1.896149,0.589020,-0.000488,-0.000002,-0.000427,-0.000027,0.000666,-0.000024
4571.528000,-0.458115,0.105606,0.297681,-1.876765,-1.896051,0.589114,-0.000651,0.000000,0.000611,-0.000094,0.004615,-0.000050
4571.536000,-0.458118,0.105605,0.297692,-1.876718,-1.896020,0.589094,-0.000785,0.000003,0.002365,-0.000181,0.009657,-0.000070
4571.544000,-0.458119,0.105598,0.297690,-1.876658,-1.896080,0.589096,-0.000552,0.000002,0.001149,-0.000111,0.005885,-0.000052
4571.552000,-0.458129,0.105586,0.297668,-1.876681,-1.896132,0.589079,-0.000603,-0.000001,-0.000017,-0.000057,0.002315,-0.000036
4571.560000,-0.458134,0.105593,0.297660,-1.876718,-1.896118,0.589046,-0.000548,-0.000002,-0.000315,-0.000036,0.001140,-0.000028
4571.568000,-0.458137,0.105608,0.297649,-1.876757,-1.896095,0.589038,-0.000532,-0.000003,-0.000550,-0.000023,0.000282,-0.000022
4571.576000,-0.458141,0.105626,0.297647,-1.876774,-1.896059,0.589011,-0.000607,-0.000004,-0.000858,-0.000012,-0.000556,-0.000019
4571.584000,-0.458152,0.105603,0.297636,-1.876780,-1.896095,0.589039,-0.000604,-0.000004,-0.000875,-0.000010,-0.000700,-0.000018
4571.592000,-0.458149,0.105598,0.297656,-1.876689,-1.896109,0.589056,-0.000539,-0.000002,0.000086,-0.000047,0.001744,-0.000023
4571.600000,-0.458165,0.105587,0.297626,-1.876746,-1.896168,0.589001,-0.000875,-0.000006,-0.000983,-0.000022,-0.000648,-0.000021
4571.608000,-0.458163,0.105601,0.297623,-1.876756,-1.896129,0.589058,-0.000673,-0.000004,-0.000363,-0.000035,0.000637,-0.000021
4571.616000,-0.458158,0.105625,0.297651,-1.876743,-1.896011,0.589088,-0.000432,-0.000002,0.000026,-0.000036,0.001255,-0.000018
4571.624000,-0.458159,0.105618,0.297653,-1.876754,-1.896029,0.589099,-0.000391,-0.000001,0.000021,-0.000032,0.001140,-0.000016
4571.632000,-0.458175,0.105597,0.297651,-1.876724,-1.896036,0.589129,-0.000742,-0.000002,0.000777,-0.000089,0.003791,-0.000032
4571.640000,-0.458176,0.105603,0.297678,-1.876694,-1.895961,0.589200,-0.000912,-0.000001,0.001702,-0.000141,0.006595,-0.000044
4571.648000,-0.458179,0.105604,0.297680,-1.876636,-1.895985,0.589183,-0.000694,-0.000001,0.001091,-0.000099,0.004539,-0.000033
4571.656000,-0.458173,0.105626,0.297689,-1.876652,-1.895887,0.589222,-0.000431,-0.000001,0.000547,-0.000057,0.002588,-0.000021
4571.664000,-0.458183,0.105603,0.297671,-1.876627,-1.895959,0.589229,-0.000396,0.000002,0.000541,-0.000075,0.004040,-0.000044
4571.672000,-0.458187,0.105619,0.297671,-1.876635,-1.895899,0.589249,-0.000585,-0.000001,-0.000348,-0.000048,0.001931,-0.000041
4571.680000,-0.458189,0.105620,0.297680,-1.876600,-1.895878,0.589263,-0.000759,-0.000000,-0.000627,-0.000069,0.003091,-0.000069
4571.688000,-0.458200,0.105595,0.297665,-1.876602,-1.895946,0.589303,-0.000736,-0.000001,-0.000758,-0.000058,0.002396,-0.000062
4571.696000,-0.458212,0.105581,0.297667,-1.876513,-1.896000,0.589285,-0.000460,-0.000000,-0.000235,-0.000046,0.002133,-0.000041
4571.704000,-0.458208,0.105618,0.297649,-1.876635,-1.895880,0.589286,-0.000373,-0.000000,-0.000114,-0.000039,0.001773,-0.000031
4571.712000,-0.458216,0.105597,0.297678,-1.876519,-1.895915,0.589328,-0.001083,-0.000007,-0.001193,-0.000034,-0.000260,-0.000034
4571.720000,-0.458231,0.105590,0.297656,-1.876515,-1.895950,0.589241,-0.000920,-0.000000,0.001607,-0.000145,0.006935,-0.000052
4571.728000,-0.458225,0.105608,0.297665,-1.876542,-1.895915,0.589296,-0.000514,-0.000001,0.000684,-0.000065,0.002770,-0.000019
4571.736000,-0.458221,0.105610,0.297673,-1.876551,-1.895865,0.589299,-0.000385,-0.000002,0.000273,-0.000038,0.001418,-0.000012
4571.744000,-0.458236,0.105606,0.297643,-1.876578,-1.895900,0.589228,-0.000747,-0.000007,-0.001257,0.000006,-0.002148,-0.000007
4571.752000,-0.458240,0.105590,0.297651,-1.876520,-1.895967,0.589311,-0.000520,-0.000004,-0.000718,-0.000003,-0.001064,-0.000007
4571.760000,-0.458237,0.105603,0.297679,-1.876538,-1.895834,0.589364,-0.000358,-0.000002,-0.000210,-0.000015,0.000048,-0.000007
4571.768000,-0.458240,0.105617,0.297673,-1.876577,-1.895827,0.589381,-0.000545,-0.000001,0.001117,-0.000086,0.004011,-0.000024
4571.776000,-0.458251,0.105609,0.297691,-1.876511,-1.895784,0.589412,-0.000885,-0.000006,-0.000482,-0.000038,0.000220,-0.000018
4571.784000,-0.458251,0.105596,0.297675,-1.876534,-1.895844,0.589407,-0.000611,-0.000004,-0.000225,-0.000031,0.000445,-0.000013
4571.792000,-0.458256,0.105602,0.297664,-1.876537,-1.895816,0.589401,-0.000463,-0.000002,0.000239,-0.000041,0.001462,-0.000014
4571.800000,-0.458266,0.105592,0.297659,-1.876504,-1.895843,0.589393,-0.000463,-0.000002,0.000239,-0.000042,0.001462,-0.000014
4571.808000,-0.458269,0.105588,0.297678,-1.876411,-1.895867,0.589489,-0.000669,-0.000004,-0.000693,-0.000021,-0.000211,-0.000019
4571.816000,-0.458269,0.105625,0.297658,-1.876512,-1.895782,0.589379,-0.000491,-0.000002,-0.000271,-0.000028,0.000637,-0.000018
4571.824000,-0.458284,0.105599,0.297681,-1.876440,-1.895782,0.589533,-0.000582,0.000000,0.001158,-0.000097,0.004716,-0.000033
4571.832000,-0.458289,0.105580,0.297696,-1.876330,-1.895809,0.589541,-0.000914,-0.000004,0.000115,-0.000073,0.002434,-0.000032
4571.840000,-0.458277,0.105626,0.297687,-1.876483,-1.895677,0.589469,-0.000805,-0.000005,-0.000479,-0.000039,0.000613,-0.000024
4571.848000,-0.458284,0.105599,0.297690,-1.876377,-1.895729,0.589521,-0.000518,-0.000002,0.000065,-0.000044,0.001605,-0.000022
4571.856000,-0.458292,0.105596,0.297687,-1.876409,-1.895782,0.589519,-0.000411,-0.000001,0.000398,-0.000052,0.002334,-0.000022
4571.864000,-0.458293,0.105609,0.297710,-1.876363,-1.895698,0.589554,-0.000431,-0.000000,0.000744,-0.000069,0.003316,-0.000026
4571.872000,-0.458301,0.105624,0.297683,-1.876455,-1.895661,0.589536,-0.001132,-0.000006,-0.000235,-0.000072,0.001854,-0.000035
4571.880000,-0.458315,0.105589,0.297690,-1.876348,-1.895748,0.589607,-0.000769,-0.000002,0.000908,-0.000099,0.004371,-0.000036
4571.888000,-0.458315,0.105603,0.297685,-1.876381,-1.895715,0.589542,-0.000492,-0.000001,0.000619,-0.000067,0.003096,-0.000027
4571.896000,-0.458303,0.105622,0.297686,-1.876440,-1.895618,0.589514,-0.000360,-0.000000,0.000380,-0.000048,0.002209,-0.000021
4571.904000,-0.458324,0.105592,0.297678,-1.876372,-1.895706,0.589577,-0.000682,-0.000005,-0.000954,-0.000010,-0.000887,-0.000017
4571.912000,-0.458324,0.105592,0.297694,-1.876312,-1.895712,0.589596,-0.000682,-0.000005,-0.000954,-0.000010,-0.000887,-0.000017
4571.920000,-0.458330,0.105595,0.297710,-1.876311,-1.895622,0.589621,-0.000658,-0.000001,0.000827,-0.000088,0.003954,-0.000033
4571.928000,-0.458333,0.105591,0.297712,-1.876306,-1.895645,0.589681,-0.000615,-0.000001,0.000885,-0.000087,0.004040,-0.000032
4571.936000,-0.458333,0.105611,0.297732,-1.876257,-1.895551,0.589695,-0.000729,-0.000004,-0.000362,-0.000043,0.001035,-0.000027
4571.944000,-0.458343,0.105596,0.297729,-1.876242,-1.895563,0.589792,-0.000751,0.000002,0.000435,-0.000120,0.006345,-0.000084
4571.952000,-0.458344,0.105598,0.297732,-1.876189,-1.895562,0.589776,-0.000563,0.000004,0.000892,-0.000121,0.006791,-0.000076
4571.960000,-0.458344,0.105604,0.297740,-1.876130,-1.895541,0.589789,-0.000479,0.000004,0.000821,-0.000112,0.006451,-0.000073
4571.968000,-0.458352,0.105605,0.297739,-1.876224,-1.895446,0.589816,-0.000826,-0.000002,-0.000485,-0.000068,0.002703,-0.000057
4571.976000,-0.458348,0.105602,0.297730,-1.876205,-1.895540,0.589798,-0.000685,-0.000002,-0.000283,-0.000056,0.002147,-0.000042
4571.984000,-0.458360,0.105619,0.297727,-1.876212,-1.895471,0.589806,-0.000467,-0.000000,0.000230,-0.000058,0.002741,-0.000034
4571.992000,-0.458368,0.105597,0.297716,-1.876190,-1.895562,0.589776,-0.000407,-0.000000,0.000235,-0.000051,0.002387,-0.000029
4572.000000,-0.458377,0.105596,0.297718,-1.876141,-1.895540,0.589836,-0.001181,-0.000006,-0.000369,-0.000074,0.001912,-0.000040
4572.008000,-0.458380,0.105602,0.297725,-1.876184,-1.895516,0.589830,-0.001048,0.000001,0.002667,-0.000198,0.009883,-0.000062
4572.016000,-0.458377,0.105607,0.297760,-1.876152,-1.895416,0.589925,-0.000547,0.000000,0.001018,-0.000090,0.004395,-0.000033
4572.024000,-0.458383,0.105594,0.297720,-1.876170,-1.895561,0.589845,-0.000392,-0.000000,0.000509,-0.000056,0.002650,-0.000024
4572.032000,-0.458384,0.105609,0.297740,-1.876150,-1.895468,0.589838,-0.000340,-0.000001,0.000224,-0.000039,0.001716,-0.000019
4572.040000,-0.458391,0.105597,0.297736,-1.876169,-1.895471,0.589869,-0.000533,-0.000003,-0.000594,-0.000015,-0.000235,-0.000015
4572.048000,-0.458407,0.105591,0.297724,-1.876140,-1.895492,0.589893,-0.000468,-0.000003,-0.000398,-0.000019,0.000158,-0.000015
4572.056000,-0.458405,0.105597,0.297750,-1.876092,-1.895437,0.589934,-0.000605,-0.000002,0.000443,-0.000065,0.002655,-0.000025
4572.064000,-0.458413,0.105592,0.297740,-1.876097,-1.895465,0.589917,-0.001148,-0.000003,0.001508,-0.000148,0.006508,-0.000049
4572.072000,-0.458416,0.105598,0.297734,-1.876094,-1.895454,0.589898,-0.000677,-0.000002,0.000524,-0.000073,0.002957,-0.000027
4572.080000,-0.458416,0.105593,0.297743,-1.876046,-1.895498,0.589890,-0.000473,-0.000002,0.000184,-0.000044,0.001653,-0.000019
4572.088000,-0.458415,0.105618,0.297711,-1.876178,-1.895440,0.589870,-0.000697,-0.000006,-0.001024,-0.000002,-0.001529,-0.000009
4572.096000,-0.458423,0.105596,0.297729,-1.876124,-1.895407,0.589968,-0.000598,-0.000005,-0.000961,0.000002,-0.001529,-0.000007
4572.104000,-0.458425,0.105606,0.297708,-1.876125,-1.895459,0.589917,-0.000367,-0.000003,-0.000396,-0.000008,-0.000384,-0.000007
4572.112000,-0.458425,0.105624,0.297715,-1.876137,-1.895373,0.589938,-0.000327,0.000001,0.000144,-0.000053,0.002895,-0.000040
4572.120000,-0.458442,0.105598,0.297713,-1.876066,-1.895423,0.589939,-0.000990,-0.000007,-0.002000,-0.000003,-0.001827,-0.000037
4572.128000,-0.458438,0.105619,0.297737,-1.876052,-1.895302,0.590030,-0.001053,-0.000001,0.000837,-0.000133,0.006062,-0.000065
4572.136000,-0.458434,0.105627,0.297754,-1.876052,-1.895277,0.590091,-0.000770,0.000002,0.001624,-0.000144,0.007371,-0.000059
4572.136000,-0.458434,0.105627,0.297754,-1.876052,-1.895277,0.590091,-0.000770,0.000002,0.001624,-0.000144,0.007371,-0.000059
4572.152000,-0.458452,0.105592,0.297748,-1.875965,-1.895326,0.590100,-0.000753,-0.000004,-0.000759,-0.000030,0.000206,-0.000028
4572.160000,-0.458451,0.105603,0.297724,-1.876058,-1.895352,0.590015,-0.000577,-0.000003,-0.000540,-0.000027,0.000498,-0.000025
4572.168000,-0.458454,0.105618,0.297746,-1.876019,-1.895296,0.590070,-0.000397,-0.000001,-0.000036,-0.000038,0.001567,-0.000025
4572.176000,-0.458464,0.105603,0.297736,-1.875998,-1.895290,0.590097,-0.000614,0.000002,0.001724,-0.000130,0.006772,-0.000047
4572.184000,-0.458470,0.105592,0.297725,-1.876023,-1.895362,0.590044,-0.001075,-0.000005,-0.000203,-0.000076,0.002290,-0.000041
4572.192000,-0.458470,0.105607,0.297729,-1.876024,-1.895301,0.590086,-0.000745,-0.000003,-0.000366,-0.000046,0.001270,-0.000031
4572.200000,-0.458477,0.105589,0.297731,-1.875963,-1.895366,0.590125,-0.000497,-0.000002,-0.000111,-0.000040,0.001428,-0.000025
4572.208000,-0.458480,0.105619,0.297709,-1.876072,-1.895273,0.590050,-0.000463,-0.000002,-0.000298,-0.000028,0.000733,-0.000021
4572.216000,-0.458489,0.105603,0.297723,-1.875962,-1.895320,0.590087,-0.000609,-0.000004,-0.000779,-0.000015,-0.000427,-0.000019
4572.224000,-0.458500,0.105579,0.297754,-1.875914,-1.895285,0.590223,-0.000829,-0.000001,0.001144,-0.000114,0.005157,-0.000040
4572.232000,-0.458495,0.105619,0.297731,-1.876053,-1.895208,0.590119,-0.000660,-0.000002,0.000217,-0.000060,0.002257,-0.000027
4572.240000,-0.458491,0.105601,0.297718,-1.876008,-1.895313,0.590113,-0.000460,-0.000002,0.000113,-0.000042,0.001605,-0.000020
4572.248000,-0.458503,0.105581,0.297743,-1.875855,-1.895301,0.590193,-0.000378,-0.000001,0.000001,-0.000032,0.001155,-0.000017
4572.256000,-0.458512,0.105586,0.297725,-1.875891,-1.895268,0.590197,-0.000722,-0.000006,-0.001290,0.000002,-0.001783,-0.000014
4572.264000,-0.458510,0.105603,0.297734,-1.875886,-1.895217,0.590213,-0.000563,-0.000002,-0.000466,-0.000039,0.001404,-0.000037
4572.272000,-0.458519,0.105580,0.297740,-1.875870,-1.895231,0.590272,-0.000556,0.000001,0.000888,-0.000099,0.005104,-0.000049
4572.280000,-0.458523,0.105590,0.297744,-1.875857,-1.895218,0.590267,-0.000536,0.000002,0.000950,-0.000100,0.005238,-0.000049
4572.288000,-0.458532,0.105596,0.297723,-1.875933,-1.895180,0.590258,-0.000974,-0.000004,-0.000580,-0.000059,0.001562,-0.000042
4572.296000,-0.458521,0.105609,0.297708,-1.875946,-1.895226,0.590150,-0.000529,-0.000001,0.000040,-0.000052,0.002176,-0.000032
4572.304000,-0.458542,0.105591,0.297701,-1.875884,-1.895283,0.590177,-0.000372,-0.000000,0.000165,-0.000044,0.002027,-0.000026
4572.312000,-0.458533,0.105609,0.297746,-1.875882,-1.895115,0.590279,-0.000724,0.000002,0.002178,-0.000155,0.008023,-0.000051
4572.320000,-0.458550,0.105603,0.297740,-1.875833,-1.895131,0.590296,-0.001110,-0.000005,0.000205,-0.000092,0.003182,-0.000041
4572.328000,-0.458549,0.105602,0.297733,-1.875868,-1.895152,0.590282,-0.000572,-0.000002,0.000271,-0.000058,0.002343,-0.000026
4572.336000,-0.458548,0.105585,0.297723,-1.875823,-1.895250,0.590264,-0.000387,-0.000001,0.000243,-0.000044,0.001883,-0.000021
4572.344000,-0.458551,0.105593,0.297753,-1.875803,-1.895159,0.590393,-0.000312,-0.000001,0.000197,-0.000036,0.001596,-0.000018
4572.352000,-0.458567,0.105591,0.297745,-1.875772,-1.895143,0.590353,-0.001497,-0.000004,0.001521,-0.000174,0.007294,-0.000060
4572.360000,-0.458563,0.105602,0.297764,-1.875772,-1.895053,0.590414,-0.000808,-0.000003,0.000380,-0.000078,0.002962,-0.000032
4572.368000,-0.458568,0.105590,0.297736,-1.875795,-1.895105,0.590397,-0.000518,0.000001,0.000517,-0.000080,0.004035,-0.000045
4572.376000,-0.458570,0.105591,0.297748,-1.875732,-1.895079,0.590428,-0.000440,0.000001,0.000282,-0.000064,0.003254,-0.000041
4572.384000,-0.458576,0.105603,0.297761,-1.875722,-1.895016,0.590449,-0.000430,0.000001,0.000227,-0.000061,0.003086,-0.000040
4572.392000,-0.458591,0.105580,0.297757,-1.875670,-1.895083,0.590473,-0.000725,0.000001,0.001283,-0.000126,0.006360,-0.000055
4572.400000,-0.458589,0.105591,0.297789,-1.875671,-1.894994,0.590534,-0.000702,0.000000,0.001153,-0.000114,0.005593,-0.000047
4572.408000,-0.458591,0.105604,0.297757,-1.875683,-1.895013,0.590449,-0.000533,-0.000001,0.000349,-0.000064,0.002861,-0.000032
4572.416000,-0.458590,0.105604,0.297762,-1.875700,-1.894986,0.590467,-0.000468,-0.000001,-0.000008,-0.000042,0.001615,-0.000025
4572.424000,-0.458595,0.105596,0.297770,-1.875684,-1.895013,0.590519,-0.000497,-0.000002,-0.000328,-0.000028,0.000680,-0.000021
4572.432000,-0.458607,0.105606,0.297762,-1.875698,-1.894988,0.590534,-0.000974,-0.000001,0.001576,-0.000143,0.006642,-0.000049
4572.440000,-0.458607,0.105608,0.297775,-1.875713,-1.894920,0.590551,-0.000790,-0.000002,0.000571,-0.000085,0.003503,-0.000034
4572.448000,-0.458612,0.105609,0.297741,-1.875729,-1.895021,0.590432,-0.000630,-0.000003,-0.000138,-0.000043,0.001217,-0.000023
4572.456000,-0.458614,0.105601,0.297733,-1.875750,-1.895010,0.590483,-0.000538,-0.000003,-0.000348,-0.000027,0.000465,-0.000018
4572.464000,-0.458611,0.105606,0.297779,-1.875661,-1.894950,0.590585,-0.000492,-0.000003,-0.000411,-0.000021,0.000211,-0.000016
4572.472000,-0.458634,0.105597,0.297757,-1.875680,-1.894947,0.590543,-0.000923,-0.000000,0.001871,-0.000151,0.007222,-0.000048
4572.480000,-0.458640,0.105609,0.297757,-1.875673,-1.894910,0.590539,-0.000827,-0.000001,0.001347,-0.000121,0.005617,-0.000041
4572.488000,-0.458635,0.105589,0.297770,-1.875624,-1.894980,0.590607,-0.000618,-0.000001,0.000856,-0.000086,0.003906,-0.000031
4572.496000,-0.458641,0.105584,0.297769,-1.875580,-1.894979,0.590638,-0.000443,-0.000001,0.000358,-0.000052,0.002233,-0.000022
4572.504000,-0.458637,0.105623,0.297748,-1.875665,-1.894898,0.590578,-0.000390,-0.000001,0.000068,-0.000035,0.001347,-0.000018
4572.512000,-0.458643,0.105597,0.297764,-1.875579,-1.894941,0.590611,-0.000411,-0.000003,-0.000898,0.000006,-0.001266,-0.000010
4572.520000,-0.458644,0.105626,0.297774,-1.875612,-1.894823,0.590611,-0.000411,-0.000003,-0.000898,0.000006,-0.001266,-0.000010
4572.528000,-0.458655,0.105608,0.297754,-1.875605,-1.894890,0.590605,-0.000500,-0.000001,0.000552,-0.000066,0.002976,-0.000027
4572.536000,-0.458661,0.105595,0.297757,-1.875585,-1.894931,0.590638,-0.000922,-0.000006,-0.000772,-0.000035,0.000081,-0.000026
4572.544000,-0.458664,0.105593,0.297740,-1.875567,-1.894947,0.590669,-0.000776,-0.000001,-0.000183,-0.000072,0.002971,-0.000052
4572.552000,-0.458659,0.105595,0.297790,-1.875475,-1.894824,0.590802,-0.000489,0.000001,0.000240,-0.000071,0.003628,-0.000048
4572.560000,-0.458669,0.105596,0.297771,-1.875524,-1.894844,0.590743,-0.000375,0.000002,0.000363,-0.000069,0.003767,-0.000046
4572.568000,-0.458678,0.105585,0.297791,-1.875465,-1.894806,0.590825,-0.001378,-0.000005,-0.000099,-0.000109,0.003728,-0.000059
4572.576000,-0.458676,0.105606,0.297792,-1.875493,-1.894773,0.590819,-0.001020,-0.000002,0.000922,-0.000125,0.005530,-0.000054
4572.584000,-0.458678,0.105624,0.297780,-1.875510,-1.894730,0.590779,-0.000558,-0.000000,0.000534,-0.000074,0.003427,-0.000035
4572.592000,-0.458686,0.105602,0.297763,-1.875527,-1.894816,0.590737,-0.000435,-0.000001,0.000222,-0.000050,0.002204,-0.000026
4572.600000,-0.458699,0.105590,0.297749,-1.875452,-1.894906,0.590729,-0.000820,-0.000006,-0.001305,-0.000006,-0.001434,-0.000020
4572.608000,-0.458699,0.105596,0.297766,-1.875507,-1.894796,0.590776,-0.000541,-0.000003,-0.000453,-0.000024,0.000321,-0.000019
4572.616000,-0.458698,0.105605,0.297764,-1.875536,-1.894793,0.590784,-0.000614,0.000000,0.001246,-0.000103,0.005047,-0.000036
4572.624000,-0.458703,0.105596,0.297777,-1.875473,-1.894783,0.590803,-0.000458,0.000000,0.000992,-0.000081,0.004016,-0.000028
4572.632000,-0.458700,0.105592,0.297769,-1.875497,-1.894801,0.590767,-0.000348,-0.000000,0.000514,-0.000052,0.002483,-0.000021
4572.632000,-0.458700,0.105592,0.297769,-1.875497,-1.894801,0.590767,-0.000348,-0.000000,0.000514,-0.000052,0.002483,-0.000021
4572.648000,-0.458712,0.105602,0.297770,-1.875484,-1.894770,0.590799,-0.000493,-0.000003,-0.000545,-0.000015,-0.000168,-0.000015
4572.656000,-0.458717,0.105607,0.297762,-1.875514,-1.894755,0.590789,-0.000437,-0.000002,-0.000369,-0.000019,0.000215,-0.000015
4572.664000,-0.458713,0.105596,0.297798,-1.875446,-1.894710,0.590881,-0.000590,0.000000,0.001381,-0.000107,0.005282,-0.000035
4572.672000,-0.458718,0.105607,0.297811,-1.875409,-1.894649,0.590931,-0.000499,-0.000000,0.000880,-0.000078,0.003748,-0.000028
4572.680000,-0.458726,0.105590,0.297792,-1.875392,-1.894752,0.590897,-0.000708,-0.000003,0.000222,-0.000063,0.002310,-0.000027
4572.688000,-0.458733,0.105607,0.297774,-1.875435,-1.894696,0.590877,-0.000637,-0.000003,-0.000170,-0.000041,0.001112,-0.000022
4572.696000,-0.458731,0.105608,0.297791,-1.875397,-1.894651,0.590915,-0.000415,-0.000001,0.000035,-0.000035,0.001284,-0.000018
4572.704000,-0.458736,0.105618,0.297789,-1.875468,-1.894593,0.590936,-0.000306,-0.000002,-0.000560,-0.000002,-0.000537,-0.000010
4572.712000,-0.458739,0.105629,0.297789,-1.875438,-1.894608,0.590913,-0.001252,-0.000008,-0.001184,-0.000038,-0.000533,-0.000029
4572.720000,-0.458752,0.105599,0.297808,-1.875347,-1.894672,0.591007,-0.001230,-0.000001,0.002283,-0.000190,0.008938,-0.000060
4572.728000,-0.458751,0.105601,0.297803,-1.875359,-1.894647,0.590985,-0.000638,-0.000000,0.001039,-0.000096,0.004491,-0.000034
4572.736000,-0.458760,0.105596,0.297790,-1.875371,-1.894606,0.591009,-0.000412,-0.000000,0.000552,-0.000059,0.002760,-0.000024
4572.744000,-0.458756,0.105616,0.297807,-1.875383,-1.894541,0.591059,-0.000934,-0.000008,-0.001577,0.000000,-0.002167,-0.000018
4572.752000,-0.458766,0.105600,0.297797,-1.875381,-1.894584,0.591054,-0.000714,-0.000004,-0.001014,-0.000017,-0.000480,-0.000025
4572.760000,-0.458772,0.105596,0.297779,-1.875309,-1.894656,0.590990,-0.000423,-0.000001,-0.000272,-0.000030,0.001045,-0.000025
4572.768000,-0.458768,0.105596,0.297804,-1.875309,-1.894588,0.591052,-0.000325,-0.000000,0.000011,-0.000036,0.001649,-0.000025
4572.776000,-0.458776,0.105606,0.297787,-1.875365,-1.894583,0.591031,-0.000507,0.000002,0.001388,-0.000109,0.005742,-0.000042
4572.784000,-0.458781,0.105594,0.297797,-1.875264,-1.894600,0.591100,-0.000945,-0.000004,0.000010,-0.000078,0.002731,-0.000041
4572.792000,-0.458786,0.105602,0.297802,-1.875270,-1.894547,0.591095,-0.000838,-0.000004,-0.000579,-0.000042,0.000790,-0.000030
4572.800000,-0.458786,0.105591,0.297801,-1.875277,-1.894578,0.591087,-0.000483,-0.000002,-0.000045,-0.000041,0.001495,-0.000024
4572.808000,-0.458793,0.105601,0.297809,-1.875282,-1.894520,0.591136,-0.000434,-0.000001,-0.000023,-0.000038,0.001438,-0.000023
4572.816000,-0.458805,0.105585,0.297795,-1.875216,-1.894604,0.591100,-0.001120,-0.000004,0.000483,-0.000106,0.004025,-0.000045
4572.824000,-0.458801,0.105617,0.297799,-1.875297,-1.894466,0.591145,-0.000687,-0.000001,0.000710,-0.000087,0.003891,-0.000036
4572.832000,-0.458802,0.105607,0.297794,-1.875279,-1.894509,0.591116,-0.000437,-0.000000,0.000449,-0.000059,0.002737,-0.000027
4572.840000,-0.458814,0.105594,0.297781,-1.875295,-1.894562,0.591122,-0.000817,-0.000006,-0.001201,-0.000011,-0.001122,-0.000022
4572.848000,-0.458821,0.105599,0.297815,-1.875197,-1.894468,0.591259,-0.000795,-0.000006,-0.001204,-0.000010,-0.001170,-0.000021
4572.856000,-0.458827,0.105585,0.297811,-1.875167,-1.894508,0.591209,-0.000703,-0.000000,0.001090,-0.000105,0.004960,-0.000040
4572.864000,-0.458828,0.105607,0.297783,-1.875240,-1.894513,0.591130,-0.000622,0.000000,0.001126,-0.000100,0.004841,-0.000037
4572.872000,-0.458836,0.105598,0.297782,-1.875262,-1.894476,0.591138,-0.000481,-0.000001,0.000353,-0.000056,0.002396,-0.000025
4572.880000,-0.458831,0.105589,0.297796,-1.875217,-1.894480,0.591242,-0.000436,-0.000002,-0.000015,-0.000035,0.001246,-0.000019
4572.888000,-0.458835,0.105607,0.297776,-1.875278,-1.894483,0.591141,-0.000407,-0.000002,-0.000175,-0.000026,0.000743,-0.000017
4572.896000,-0.458842,0.105605,0.297800,-1.875240,-1.894435,0.591241,-0.000807,-0.000000,0.001560,-0.000130,0.006202,-0.000043
4572.904000,-0.458847,0.105607,0.297814,-1.875196,-1.894399,0.591253,-0.001096,-0.000004,0.000615,-0.000107,0.004117,-0.000042
4572.912000,-0.458851,0.105595,0.297788,-1.875214,-1.894470,0.591222,-0.000766,-0.000004,-0.000256,-0.000047,0.001150,-0.000025
4572.920000,-0.458860,0.105595,0.297782,-1.875202,-1.894480,0.591219,-0.000458,-0.000002,0.000058,-0.000040,0.001471,-0.000020
4572.928000,-0.458851,0.105605,0.297791,-1.875215,-1.894455,0.591234,-0.000385,-0.000001,0.000091,-0.000036,0.001433,-0.000019
4572.936000,-0.458869,0.105588,0.297795,-1.875123,-1.894473,0.591289,-0.000664,-0.000004,-0.000787,-0.000016,-0.000485,-0.000018
4572.944000,-0.458870,0.105603,0.297824,-1.875101,-1.894355,0.591306,-0.000810,-0.000004,0.000011,-0.000061,0.001960,-0.000029
4572.952000,-0.458873,0.105599,0.297814,-1.875149,-1.894363,0.591357,-0.000567,-0.000001,0.000653,-0.000074,0.003292,-0.000028
4572.960000,-0.458872,0.105609,0.297786,-1.875132,-1.894408,0.591233,-0.000391,-0.000001,0.000391,-0.000050,0.002267,-0.000022
4572.968000,-0.458874,0.105621,0.297809,-1.875102,-1.894347,0.591261,-0.000687,-0.000005,-0.000930,-0.000012,-0.000839,-0.000017
4572.976000,-0.458884,0.105607,0.297805,-1.875114,-1.894357,0.591327,-0.000679,-0.000005,-0.000970,-0.000009,-0.000959,-0.000016
4572.984000,-0.458901,0.105595,0.297823,-1.874995,-1.894333,0.591442,-0.000945,0.000003,0.002102,-0.000192,0.010108,-0.000086
4572.992000,-0.458899,0.105588,0.297836,-1.874975,-1.894320,0.591492,-0.000850,0.000003,0.001578,-0.000162,0.008502,-0.000079
4573.000000,-0.458901,0.105581,0.297813,-1.875017,-1.894376,0.591474,-0.000687,0.000000,0.000368,-0.000092,0.004467,-0.000057
4573.008000,-0.458908,0.105585,0.297802,-1.874985,-1.894383,0.591402,-0.000597,-0.000001,-0.000131,-0.000055,0.002262,-0.000039
4573.016000,-0.458903,0.105600,0.297814,-1.875013,-1.894328,0.591428,-0.000537,-0.000002,-0.000367,-0.000036,0.001140,-0.000029
4573.024000,-0.458904,0.105590,0.297820,-1.875002,-1.894310,0.591451,-0.000467,-0.000002,-0.000394,-0.000027,0.000709,-0.000024
4573.032000,-0.458902,0.105634,0.297805,-1.875143,-1.894203,0.591402,-0.000291,-0.000001,-0.000514,-0.000008,-0.000082,-0.000016
4573.040000,-0.458917,0.105600,0.297813,-1.875011,-1.894302,0.591452,-0.001008,-0.000004,0.000208,-0.000086,0.003048,-0.000039
4573.048000,-0.458931,0.105583,0.297810,-1.874992,-1.894312,0.591504,-0.000905,-0.000003,0.000507,-0.000091,0.003594,-0.000037
4573.056000,-0.458926,0.105596,0.297783,-1.875090,-1.894331,0.591385,-0.000517,-0.000001,0.000379,-0.000059,0.002502,-0.000025
4573.064000,-0.458927,0.105596,0.297800,-1.875013,-1.894297,0.591448,-0.000417,-0.000001,0.000097,-0.000039,0.001490,-0.000019
4573.072000,-0.458933,0.105588,0.297797,-1.875004,-1.894325,0.591477,-0.000385,-0.000002,-0.000076,-0.000028,0.000915,-0.000016
4573.080000,-0.458938,0.105602,0.297822,-1.874959,-1.894234,0.591498,-0.000673,0.000000,0.001499,-0.000117,0.005708,-0.000037
4573.088000,-0.458948,0.105584,0.297799,-1.874955,-1.894334,0.591481,-0.000672,0.000000,0.001494,-0.000116,0.005660,-0.000037
4573.096000,-0.458951,0.105589,0.297792,-1.875022,-1.894290,0.591482,-0.000505,-0.000001,0.000580,-0.000064,0.002832,-0.000024
4573.104000,-0.458949,0.105589,0.297808,-1.874967,-1.894279,0.591515,-0.000447,-0.000002,0.000069,-0.000038,0.001313,-0.000017
4573.112000,-0.458958,0.105588,0.297783,-1.875018,-1.894315,0.591481,-0.000406,-0.000002,-0.000156,-0.000024,0.000594,-0.000014
4573.120000,-0.458947,0.105608,0.297803,-1.875029,-1.894214,0.591476,-0.000373,-0.000002,-0.000265,-0.000017,0.000220,-0.000012
4573.128000,-0.458962,0.105601,0.297792,-1.874990,-1.894271,0.591471,-0.000778,-0.000007,-0.001587,0.000014,-0.002694,-0.000010
4573.136000,-0.458962,0.105618,0.297808,-1.875027,-1.894166,0.591500,-0.000926,-0.000002,0.001199,-0.000119,0.005205,-0.000039
4573.144000,-0.458965,0.105599,0.297806,-1.874967,-1.894239,0.591551,-0.000567,-0.000001,0.000848,-0.000079,0.003614,-0.000027
4573.152000,-0.458970,0.105608,0.297797,-1.874962,-1.894205,0.591494,-0.000385,-0.000001,0.000449,-0.000049,0.002200,-0.000019
4573.160000,-0.458974,0.105584,0.297802,-1.874928,-1.894260,0.591561,-0.000335,-0.000001,0.000175,-0.000034,0.001361,-0.000015
4573.168000,-0.458979,0.105590,0.297824,-1.874906,-1.894185,0.591609,-0.000533,-0.000004,-0.000546,-0.000015,-0.000269,-0.000013
4573.176000,-0.458986,0.105589,0.297849,-1.874820,-1.894127,0.591718,-0.000979,0.000000,0.001911,-0.000162,0.007807,-0.000056
4573.184000,-0.458985,0.105585,0.297836,-1.874862,-1.894116,0.591701,-0.000625,0.000004,0.001248,-0.000144,0.008085,-0.000084
4573.192000,-0.458992,0.105599,0.297834,-1.874834,-1.894100,0.591734,-0.000459,0.000005,0.000992,-0.000122,0.007093,-0.000077
4573.200000,-0.458992,0.105577,0.297855,-1.874749,-1.894105,0.591809,-0.000382,0.000003,0.000556,-0.000083,0.004649,-0.000054
4573.208000,-0.459000,0.105592,0.297819,-1.874841,-1.894125,0.591652,-0.000643,-0.000002,-0.000532,-0.000041,0.001337,-0.000038
4573.216000,-0.459005,0.105589,0.297832,-1.874831,-1.894091,0.591747,-0.001104,-0.000005,-0.000225,-0.000080,0.002568,-0.000046
4573.224000,-0.459013,0.105594,0.297835,-1.874801,-1.894082,0.591756,-0.000749,-0.000001,0.000819,-0.000100,0.004562,-0.000042
4573.232000,-0.459008,0.105605,0.297840,-1.874814,-1.894050,0.591759,-0.000469,-0.000000,0.000510,-0.000065,0.003072,-0.000030
4573.240000,-0.459007,0.105617,0.297817,-1.874886,-1.894071,0.591668,-0.000375,-0.000000,0.000256,-0.000046,0.002085,-0.000023
4573.248000,-0.459011,0.105604,0.297825,-1.874863,-1.894060,0.591748,-0.000918,-0.000008,-0.001758,0.000008,-0.002579,-0.000017
4573.256000,-0.459023,0.105596,0.297815,-1.874823,-1.894090,0.591701,-0.000475,-0.000003,-0.000448,-0.000020,0.000177,-0.000017
4573.264000,-0.459028,0.105602,0.297849,-1.874774,-1.894017,0.591778,-0.000668,0.000001,0.001697,-0.000127,0.006336,-0.000041
4573.272000,-0.459036,0.105577,0.297854,-1.874701,-1.894076,0.591858,-0.000538,0.000000,0.001099,-0.000091,0.004419,-0.000031
4573.280000,-0.459034,0.105599,0.297824,-1.874833,-1.894075,0.591760,-0.000767,-0.000005,-0.000681,-0.000027,-0.000106,-0.000020
4573.288000,-0.459039,0.105598,0.297823,-1.874801,-1.894094,0.591775,-0.000543,-0.000003,-0.000319,-0.000027,0.000465,-0.000017
4573.296000,-0.459048,0.105594,0.297834,-1.874766,-1.894044,0.591808,-0.000400,-0.000001,0.000123,-0.000037,0.001395,-0.000017
4573.304000,-0.459048,0.105595,0.297865,-1.874688,-1.894003,0.591859,-0.000493,-0.000000,0.000971,-0.000080,0.003868,-0.000027
4573.312000,-0.459054,0.105595,0.297853,-1.874746,-1.893971,0.591864,-0.000998,-0.000006,-0.000624,-0.000043,0.000349,-0.000025
4573.320000,-0.459058,0.105595,0.297812,-1.874776,-1.894069,0.591762,-0.000605,-0.000003,-0.000245,-0.000034,0.000685,-0.000018
4573.328000,-0.459052,0.105617,0.297836,-1.874771,-1.893973,0.591807,-0.000393,-0.000002,-0.000012,-0.000029,0.000934,-0.000014
4573.336000,-0.459057,0.105606,0.297838,-1.874718,-1.894010,0.591817,-0.000305,-0.000001,0.000038,-0.000026,0.000901,-0.000012
4573.344000,-0.459070,0.105607,0.297833,-1.874741,-1.893957,0.591837,-0.000789,-0.000007,-0.001482,0.000009,-0.002416,-0.000011
4573.352000,-0.459078,0.105589,0.297825,-1.874724,-1.893999,0.591878,-0.000772,-0.000004,-0.000223,-0.000045,0.001006,-0.000022
4573.360000,-0.459081,0.105594,0.297848,-1.874630,-1.893948,0.591954,-0.000757,0.000004,0.001729,-0.000165,0.008972,-0.000081
4573.368000,-0.459090,0.105580,0.297866,-1.874601,-1.893928,0.591979,-0.000704,0.000004,0.001896,-0.000170,0.009336,-0.000081
4573.376000,-0.459093,0.105591,0.297864,-1.874612,-1.893870,0.592005,-0.000884,-0.000002,-0.000145,-0.000079,0.003177,-0.000053
4573.384000,-0.459093,0.105591,0.297848,-1.874635,-1.893892,0.591975,-0.000697,-0.000002,-0.000406,-0.000048,0.001562,-0.000037
4573.392000,-0.459094,0.105607,0.297846,-1.874660,-1.893873,0.591949,-0.000435,-0.000001,-0.000013,-0.000044,0.001869,-0.000029
4573.400000,-0.459093,0.105601,0.297846,-1.874672,-1.893916,0.591935,-0.000317,-0.000000,0.000087,-0.000037,0.001720,-0.000024
4573.408000,-0.459096,0.105598,0.297849,-1.874637,-1.893900,0.592024,-0.000911,-0.000008,-0.001940,0.000014,-0.002934,-0.000018
4573.416000,-0.459102,0.105593,0.297847,-1.874619,-1.893897,0.592025,-0.000748,-0.000006,-0.001459,0.000005,-0.002009,-0.000016
4573.424000,-0.459104,0.105627,0.297821,-1.874775,-1.893820,0.591944,-0.000421,-0.000002,-0.000454,-0.000016,0.000096,-0.000016
4573.432000,-0.459112,0.105601,0.297830,-1.874651,-1.893892,0.591966,-0.000431,-0.000000,0.000493,-0.000058,0.002650,-0.000024
4573.440000,-0.459124,0.105601,0.297855,-1.874590,-1.893806,0.592072,-0.001140,-0.000005,0.000378,-0.000099,0.003517,-0.000040
4573.448000,-0.459123,0.105587,0.297860,-1.874573,-1.893879,0.592093,-0.000895,-0.000004,-0.000026,-0.000065,0.001965,-0.000030
4573.456000,-0.459130,0.105596,0.297862,-1.874572,-1.893803,0.592073,-0.000503,-0.000002,0.000161,-0.000047,0.001787,-0.000022
4573.464000,-0.459121,0.105618,0.297856,-1.874614,-1.893778,0.592034,-0.000355,-0.000001,0.000170,-0.000037,0.001553,-0.000018
4573.472000,-0.459128,0.105572,0.297884,-1.874500,-1.893813,0.592178,-0.000276,-0.000000,0.000171,-0.000032,0.001419,-0.000016
4573.480000,-0.459137,0.105597,0.297855,-1.874532,-1.893800,0.592073,-0.000276,-0.000000,0.000171,-0.000032,0.001419,-0.000016
4573.488000,-0.459132,0.105622,0.297862,-1.874599,-1.893707,0.592134,-0.000698,-0.000005,-0.001155,-0.000002,-0.001477,-0.000015
4573.496000,-0.459139,0.105599,0.297867,-1.874533,-1.893742,0.592087,-0.000463,-0.000002,-0.000317,-0.000028,0.000762,-0.000022
4573.504000,-0.459145,0.105600,0.297876,-1.874509,-1.893729,0.592196,-0.000383,-0.000000,0.000231,-0.000047,0.002123,-0.000025
4573.512000,-0.459150,0.105602,0.297876,-1.874504,-1.893663,0.592219,-0.000431,0.000003,0.000613,-0.000092,0.005171,-0.000060
4573.520000,-0.459150,0.105598,0.297891,-1.874426,-1.893702,0.592295,-0.000879,-0.000001,0.000031,-0.000096,0.004361,-0.000066
4573.528000,-0.459169,0.105586,0.297858,-1.874469,-1.893745,0.592260,-0.000710,0.000001,0.000501,-0.000103,0.005138,-0.000063
4573.536000,-0.459160,0.105620,0.297851,-1.874539,-1.893703,0.592202,-0.000537,0.000000,0.000362,-0.000074,0.003633,-0.000044
4573.544000,-0.459171,0.105594,0.297878,-1.874428,-1.893690,0.592278,-0.000517,-0.000000,0.000247,-0.000062,0.002866,-0.000036
4573.552000,-0.459173,0.105603,0.297857,-1.874482,-1.893735,0.592231,-0.000595,-0.000002,-0.000073,-0.000050,0.001864,-0.000031
4573.560000,-0.459174,0.105616,0.297861,-1.874471,-1.893665,0.592238,-0.000721,-0.000004,-0.000590,-0.000033,0.000498,-0.000026
4573.568000,-0.459180,0.105590,0.297860,-1.874439,-1.893710,0.592227,-0.000543,-0.000003,-0.000435,-0.000027,0.000489,-0.000021
4573.576000,-0.459180,0.105601,0.297846,-1.874477,-1.893725,0.592175,-0.000385,-0.000001,-0.000001,-0.000034,0.001308,-0.000020
4573.584000,-0.459184,0.105594,0.297846,-1.874461,-1.893745,0.592214,-0.000341,-0.000001,0.000120,-0.000036,0.001500,-0.000019
4573.592000,-0.459193,0.105606,0.297863,-1.874467,-1.893629,0.592276,-0.000836,-0.000005,-0.000395,-0.000045,0.000896,-0.000026
4573.600000,-0.459205,0.105604,0.297870,-1.874451,-1.893604,0.592346,-0.000941,-0.000002,0.001121,-0.000119,0.005190,-0.000042
4573.608000,-0.459201,0.105605,0.297905,-1.874365,-1.893556,0.592406,-0.000541,-0.000001,0.000635,-0.000070,0.003125,-0.000026
4573.616000,-0.459204,0.105596,0.297865,-1.874361,-1.893673,0.592283,-0.000402,-0.000001,0.000283,-0.000045,0.001869,-0.000019
4573.624000,-0.459206,0.105605,0.297872,-1.874418,-1.893608,0.592336,-0.000792,-0.000006,-0.001316,0.000000,-0.001846,-0.000014
4573.632000,-0.459219,0.105579,0.297867,-1.874342,-1.893675,0.592322,-0.000539,-0.000004,-0.000751,-0.000007,-0.000772,-0.000012
4573.640000,-0.459218,0.105592,0.297859,-1.874408,-1.893639,0.592267,-0.000361,-0.000002,-0.000233,-0.000018,0.000321,-0.000012
4573.648000,-0.459218,0.105617,0.297846,-1.874460,-1.893598,0.592286,-0.000319,-0.000001,-0.000104,-0.000021,0.000585,-0.000012
4573.656000,-0.459234,0.105595,0.297847,-1.874398,-1.893625,0.592331,-0.000777,-0.000005,-0.000795,-0.000021,-0.000504,-0.000017
4573.664000,-0.459240,0.105583,0.297852,-1.874359,-1.893660,0.592358,-0.000844,-0.000006,-0.001005,-0.000016,-0.000964,-0.000017
4573.672000,-0.459242,0.105594,0.297865,-1.874329,-1.893607,0.592398,-0.000784,-0.000003,0.000426,-0.000076,0.002856,-0.000029
4573.680000,-0.459234,0.105590,0.297904,-1.874291,-1.893532,0.592455,-0.000567,-0.000001,0.000851,-0.000080,0.003638,-0.000027
4573.688000,-0.459245,0.105594,0.297876,-1.874345,-1.893555,0.592439,-0.000464,-0.000000,0.000939,-0.000077,0.003700,-0.000025
4573.696000,-0.459248,0.105606,0.297880,-1.874292,-1.893538,0.592434,-0.000467,0.000001,0.000983,-0.000086,0.004366,-0.000034
4573.704000,-0.459250,0.105617,0.297860,-1.874351,-1.893483,0.592438,-0.000751,0.000000,-0.000109,-0.000084,0.003939,-0.000064
4573.712000,-0.459258,0.105600,0.297850,-1.874368,-1.893523,0.592427,-0.000611,0.000001,-0.000037,-0.000078,0.003891,-0.000062
4573.720000,-0.459255,0.105604,0.297885,-1.874287,-1.893478,0.592531,-0.000430,0.000002,0.000220,-0.000073,0.003954,-0.000054
4573.728000,-0.459263,0.105589,0.297882,-1.874216,-1.893504,0.592530,-0.000351,0.000001,0.000140,-0.000053,0.002732,-0.000038
4573.736000,-0.459268,0.105606,0.297867,-1.874281,-1.893479,0.592493,-0.001194,-0.000005,-0.000108,-0.000092,0.003100,-0.000050
4573.744000,-0.459277,0.105616,0.297900,-1.874242,-1.893402,0.592579,-0.001311,-0.000001,0.002106,-0.000194,0.009115,-0.000069
4573.752000,-0.459274,0.105583,0.297905,-1.874162,-1.893479,0.592608,-0.000690,-0.000001,0.000838,-0.000095,0.004376,-0.000039
4573.760000,-0.459277,0.105595,0.297922,-1.874177,-1.893396,0.592636,-0.000438,-0.000000,0.000488,-0.000061,0.002852,-0.000027
4573.768000,-0.459273,0.105617,0.297895,-1.874239,-1.893437,0.592528,-0.000198,0.000001,0.000737,-0.000054,0.003019,-0.000022
4573.776000,-0.459293,0.105589,0.297894,-1.874204,-1.893446,0.592590,-0.000913,-0.000008,-0.001640,0.000004,-0.002320,-0.000017
4573.784000,-0.459298,0.105594,0.297898,-1.874186,-1.893411,0.592639,-0.000865,-0.000002,0.000706,-0.000096,0.003968,-0.000037
4573.792000,-0.459296,0.105591,0.297899,-1.874169,-1.893418,0.592592,-0.000634,-0.000000,0.001150,-0.000100,0.004730,-0.000034
4573.800000,-0.459298,0.105595,0.297898,-1.874173,-1.893413,0.592623,-0.000467,-0.000001,0.000399,-0.000055,0.002348,-0.000022
4573.808000,-0.459303,0.105598,0.297903,-1.874207,-1.893371,0.592676,-0.000557,-0.000003,-0.000412,-0.000024,0.000235,-0.000017
4573.816000,-0.459299,0.105620,0.297892,-1.874194,-1.893403,0.592607,-0.000524,-0.000003,-0.000595,-0.000014,-0.000341,-0.000014
4573.824000,-0.459310,0.105595,0.297876,-1.874192,-1.893471,0.592543,-0.000398,-0.000002,-0.000393,-0.000014,-0.000039,-0.000012
4573.832000,-0.459319,0.105595,0.297880,-1.874168,-1.893423,0.592597,-0.000393,-0.000003,-0.000419,-0.000012,-0.000134,-0.000011
4573.840000,-0.459313,0.105591,0.297890,-1.874160,-1.893427,0.592694,-0.000393,-0.000003,-0.000422,-0.000012,-0.000158,-0.000011
4573.848000,-0.459325,0.105614,0.297877,-1.874248,-1.893365,0.592631,-0.000514,-0.000001,0.000463,-0.000059,0.002482,-0.000022
4573.856000,-0.459325,0.105592,0.297912,-1.874083,-1.893379,0.592732,-0.000514,-0.000001,0.000463,-0.000059,0.002482,-0.000022
4573.864000,-0.459327,0.105599,0.297902,-1.874125,-1.893346,0.592713,-0.000565,-0.000003,-0.000078,-0.000039,0.001088,-0.000019
4573.872000,-0.459333,0.105588,0.297906,-1.874103,-1.893346,0.592745,-0.000577,-0.000004,-0.000570,-0.000018,-0.000240,-0.000014
4573.880000,-0.459336,0.105584,0.297884,-1.874091,-1.893411,0.592662,-0.000559,-0.000004,-0.000664,-0.000012,-0.000528,-0.000013
4573.888000,-0.459343,0.105599,0.297884,-1.874084,-1.893325,0.592750,-0.000514,-0.000002,-0.000353,-0.000031,0.000848,-0.000024
4573.896000,-0.459346,0.105602,0.297891,-1.874105,-1.893292,0.592800,-0.000748,0.000003,0.000494,-0.000127,0.006887,-0.000091
4573.904000,-0.459357,0.105605,0.297893,-1.874057,-1.893267,0.592785,-0.000735,0.000003,0.000416,-0.000117,0.006216,-0.000083
4573.912000,-0.459362,0.105602,0.297892,-1.874053,-1.893307,0.592809,-0.000717,0.000001,0.000854,-0.000115,0.005794,-0.000061
4573.920000,-0.459359,0.105590,0.297927,-1.873993,-1.893242,0.592849,-0.000697,0.000000,0.000736,-0.000100,0.004788,-0.000049
4573.928000,-0.459363,0.105587,0.297905,-1.873993,-1.893306,0.592848,-0.000554,-0.000000,0.000383,-0.000070,0.003216,-0.000037
4573.936000,-0.459370,0.105597,0.297852,-1.874091,-1.893389,0.592728,-0.000653,-0.000003,-0.000530,-0.000033,0.000651,-0.000027
4573.944000,-0.459374,0.105604,0.297877,-1.874085,-1.893279,0.592782,-0.000614,-0.000004,-0.000743,-0.000019,-0.000139,-0.000022
4573.952000,-0.459383,0.105578,0.297864,-1.874035,-1.893334,0.592788,-0.000432,-0.000002,-0.000391,-0.000021,0.000383,-0.000018
4573.960000,-0.459382,0.105585,0.297868,-1.874076,-1.893294,0.592757,-0.000317,-0.000001,-0.000110,-0.000025,0.000872,-0.000017
4573.968000,-0.459387,0.105582,0.297891,-1.874008,-1.893291,0.592848,-0.000301,-0.000001,-0.000078,-0.000024,0.000872,-0.000016
4573.976000,-0.459395,0.105590,0.297881,-1.874048,-1.893226,0.592840,-0.000710,-0.000003,0.000021,-0.000055,0.001802,-0.000026
4573.984000,-0.459399,0.105584,0.297901,-1.873977,-1.893245,0.592864,-0.000825,-0.000002,0.000655,-0.000090,0.003695,-0.000034
4573.992000,-0.459389,0.105603,0.297900,-1.874077,-1.893186,0.592891,-0.000645,-0.000000,0.001212,-0.000102,0.004874,-0.000034
4574.000000,-0.459397,0.105603,0.297869,-1.874045,-1.893265,0.592831,-0.000460,-0.000001,0.000506,-0.000058,0.002583,-0.000023
4574.008000,-0.459403,0.105599,0.297865,-1.874086,-1.893256,0.592815,-0.000753,-0.000006,-0.001001,-0.000011,-0.001065,-0.000016
4574.016000,-0.459406,0.105606,0.297874,-1.874016,-1.893237,0.592811,-0.000553,-0.000004,-0.000676,-0.000011,-0.000556,-0.000013
4574.024000,-0.459413,0.105602,0.297861,-1.874063,-1.893210,0.592808,-0.000478,-0.000003,-0.000629,-0.000008,-0.000575,-0.000011
4574.032000,-0.459421,0.105592,0.297868,-1.874003,-1.893267,0.592870,-0.000544,-0.000004,-0.000916,0.000000,-0.001261,-0.000010
4574.040000,-0.459420,0.105605,0.297846,-1.874054,-1.893283,0.592773,-0.000544,-0.000004,-0.000919,0.000000,-0.001285,-0.000010
4574.048000,-0.459423,0.105616,0.297862,-1.874097,-1.893144,0.592860,-0.000508,-0.000001,0.000455,-0.000058,0.002406,-0.000021
4574.056000,-0.459429,0.105587,0.297858,-1.874045,-1.893258,0.592853,-0.000493,-0.000001,0.000497,-0.000058,0.002478,-0.000021
4574.064000,-0.459434,0.105592,0.297892,-1.873943,-1.893206,0.592952,-0.000584,-0.000003,0.000101,-0.000047,0.001553,-0.000020
4574.072000,-0.459440,0.105595,0.297866,-1.873979,-1.893221,0.592864,-0.000584,-0.000003,0.000101,-0.000047,0.001553,-0.000020
4574.080000,-0.459446,0.105594,0.297883,-1.873921,-1.893168,0.592957,-0.000525,-0.000002,0.000286,-0.000051,0.001955,-0.000020
4574.088000,-0.459447,0.105594,0.297890,-1.873911,-1.893135,0.592991,-0.000414,0.000001,0.000413,-0.000066,0.003345,-0.000038
4574.096000,-0.459448,0.105602,0.297902,-1.873910,-1.893075,0.592997,-0.001069,-0.000003,-0.001208,-0.000064,0.002060,-0.000072
4574.104000,-0.459455,0.105588,0.297886,-1.873925,-1.893109,0.593040,-0.000713,0.000001,-0.000091,-0.000090,0.004495,-0.000073
4574.112000,-0.459476,0.105584,0.297855,-1.873899,-1.893159,0.592977,-0.000487,0.000002,0.000370,-0.000083,0.004467,-0.000057
4574.120000,-0.459464,0.105605,0.297863,-1.873970,-1.893079,0.592996,-0.000381,0.000001,0.000402,-0.000066,0.003503,-0.000041
4574.128000,-0.459470,0.105586,0.297859,-1.873903,-1.893162,0.593021,-0.000341,0.000000,0.000175,-0.000048,0.002377,-0.000031
4574.136000,-0.459474,0.105599,0.297864,-1.873910,-1.893131,0.592985,-0.000517,-0.000002,-0.000453,-0.000028,0.000704,-0.000025
4574.144000,-0.459468,0.105618,0.297897,-1.873904,-1.892999,0.593036,-0.000736,-0.000001,0.000753,-0.000094,0.004227,-0.000039
4574.152000,-0.459481,0.105596,0.297928,-1.873747,-1.893019,0.593128,-0.000833,0.000002,0.002330,-0.000169,0.008598,-0.000055
4574.160000,-0.459475,0.105600,0.297917,-1.873786,-1.893027,0.593132,-0.000507,-0.000000,0.000797,-0.000078,0.003729,-0.000031
4574.168000,-0.459484,0.105605,0.297882,-1.873901,-1.893053,0.593049,-0.000586,-0.000003,-0.000246,-0.000036,0.000929,-0.000022
4574.168000,-0.459484,0.105605,0.297882,-1.873901,-1.893053,0.593049,-0.000586,-0.000003,-0.000246,-0.000036,0.000929,-0.000022
4574.184000,-0.459494,0.105603,0.297876,-1.873839,-1.893118,0.593056,-0.000444,-0.000002,-0.000258,-0.000024,0.000537,-0.000016
4574.192000,-0.459494,0.105618,0.297878,-1.873861,-1.893020,0.593036,-0.000339,-0.000001,0.000061,-0.000031,0.001198,-0.000016
4574.200000,-0.459502,0.105582,0.297896,-1.873797,-1.893067,0.593145,-0.000321,-0.000001,0.000106,-0.000031,0.001241,-0.000015
4574.208000,-0.459502,0.105606,0.297909,-1.873801,-1.892989,0.593132,-0.000892,-0.000007,-0.001275,-0.000008,-0.001553,-0.000017
4574.216000,-0.459507,0.105597,0.297911,-1.873823,-1.892987,0.593194,-0.000519,-0.000002,-0.000111,-0.000034,0.000949,-0.000018
4574.224000,-0.459512,0.105594,0.297888,-1.873842,-1.893015,0.593133,-0.000398,-0.000001,0.000264,-0.000043,0.001749,-0.000018
4574.232000,-0.459516,0.105587,0.297902,-1.873783,-1.893007,0.593196,-0.000369,-0.000001,0.000248,-0.000040,0.001625,-0.000016
4574.240000,-0.459525,0.105586,0.297891,-1.873824,-1.893010,0.593195,-0.000643,-0.000004,-0.000616,-0.000020,-0.000278,-0.000015
4574.248000,-0.459520,0.105618,0.297889,-1.873832,-1.892956,0.593194,-0.000655,-0.000004,-0.000451,-0.000028,0.000182,-0.000017
4574.256000,-0.459519,0.105620,0.297900,-1.873811,-1.892943,0.593176,-0.000456,-0.000002,0.000171,-0.000041,0.001519,-0.000017
4574.264000,-0.459534,0.105588,0.297910,-1.873733,-1.892971,0.593230,-0.000461,-0.000000,0.000903,-0.000074,0.003537,-0.000024
4574.272000,-0.459536,0.105599,0.297920,-1.873704,-1.892917,0.593270,-0.000436,0.000000,0.000982,-0.000076,0.003710,-0.000024
4574.280000,-0.459541,0.105621,0.297915,-1.873742,-1.892841,0.593279,-0.001000,-0.000002,-0.000141,-0.000092,0.003786,-0.000063
4574.288000,-0.459542,0.105598,0.297926,-1.873645,-1.892863,0.593363,-0.000757,0.000001,0.000624,-0.000110,0.005454,-0.000063
4574.296000,-0.459541,0.105597,0.297934,-1.873676,-1.892833,0.593397,-0.000516,0.000002,0.000698,-0.000095,0.005080,-0.000055
4574.304000,-0.459550,0.105583,0.297918,-1.873655,-1.892888,0.593350,-0.000366,0.000001,0.000491,-0.000067,0.003566,-0.000039
4574.312000,-0.459548,0.105603,0.297906,-1.873726,-1.892884,0.593319,-0.000296,0.000001,0.000339,-0.000051,0.002655,-0.000030
4574.320000,-0.459557,0.105599,0.297931,-1.873603,-1.892834,0.593388,-0.000884,-0.000007,-0.001747,0.000005,-0.002258,-0.000022
4574.328000,-0.459564,0.105587,0.297912,-1.873658,-1.892875,0.593369,-0.000559,-0.000003,-0.000805,-0.000013,-0.000403,-0.000020
4574.336000,-0.459562,0.105600,0.297946,-1.873610,-1.892767,0.593428,-0.000550,-0.000000,0.000767,-0.000080,0.003781,-0.000032
4574.344000,-0.459577,0.105588,0.297920,-1.873636,-1.892845,0.593387,-0.000505,0.000000,0.000882,-0.000081,0.003925,-0.000031
4574.352000,-0.459580,0.105586,0.297926,-1.873586,-1.892900,0.593398,-0.000965,-0.000004,0.000007,-0.000073,0.002276,-0.000034
4574.360000,-0.459574,0.105589,0.297937,-1.873638,-1.892795,0.593413,-0.000752,-0.000002,0.000427,-0.000076,0.002990,-0.000031
4574.368000,-0.459575,0.105605,0.297947,-1.873614,-1.892754,0.593447,-0.000457,-0.000001,0.000298,-0.000050,0.002070,-0.000022
4574.376000,-0.459573,0.105605,0.297966,-1.873569,-1.892709,0.593507,-0.000331,-0.000001,0.000234,-0.000038,0.001658,-0.000018
4574.384000,-0.459580,0.105604,0.297961,-1.873585,-1.892732,0.593500,-0.000272,-0.000000,0.000272,-0.000036,0.001658,-0.000016
4574.392000,-0.459580,0.105619,0.297936,-1.873640,-1.892749,0.593447,-0.000862,-0.000007,-0.001583,0.000006,-0.002387,-0.000014
4574.400000,-0.459586,0.105618,0.297931,-1.873639,-1.892696,0.593428,-0.000703,-0.000005,-0.001082,-0.000005,-0.001295,-0.000015
4574.408000,-0.459589,0.105615,0.297948,-1.873616,-1.892671,0.593521,-0.000456,-0.000002,-0.000096,-0.000032,0.000973,-0.000018
4574.416000,-0.459599,0.105598,0.297935,-1.873538,-1.892773,0.593493,-0.000360,-0.000001,0.000203,-0.000039,0.001625,-0.000018
4574.424000,-0.459600,0.105596,0.297930,-1.873561,-1.892811,0.593488,-0.000335,-0.000001,0.000282,-0.000041,0.001797,-0.000018
4574.432000,-0.459615,0.105601,0.297932,-1.873567,-1.892713,0.593478,-0.000863,-0.000006,-0.000776,-0.000029,-0.000173,-0.000022
4574.440000,-0.459617,0.105606,0.297950,-1.873561,-1.892668,0.593530,-0.001264,-0.000005,0.000591,-0.000117,0.004284,-0.000045
4574.448000,-0.459620,0.105594,0.297953,-1.873476,-1.892725,0.593556,-0.000624,-0.000001,0.000476,-0.000070,0.002962,-0.000029
4574.456000,-0.459618,0.105606,0.297946,-1.873526,-1.892654,0.593557,-0.000411,-0.000001,0.000337,-0.000050,0.002205,-0.000022
4574.464000,-0.459623,0.105587,0.297936,-1.873526,-1.892737,0.593553,-0.000307,-0.000000,0.000271,-0.000040,0.001840,-0.000019
4574.472000,-0.459630,0.105603,0.297934,-1.873498,-1.892714,0.593573,-0.000270,-0.000000,0.000165,-0.000033,0.001486,-0.000017
4574.480000,-0.459631,0.105600,0.297947,-1.873487,-1.892636,0.593601,-0.000662,-0.000003,-0.000930,-0.000024,0.000191,-0.000033
4574.488000,-0.459634,0.105599,0.297937,-1.873500,-1.892633,0.593618,-0.000619,0.000001,-0.000270,-0.000078,0.003997,-0.000071
4574.496000,-0.459642,0.105589,0.297934,-1.873465,-1.892635,0.593633,-0.000445,0.000004,0.000273,-0.000090,0.005162,-0.000072
4574.504000,-0.459647,0.105588,0.297949,-1.873390,-1.892634,0.593685,-0.000830,-0.000004,-0.001353,-0.000024,-0.000116,-0.000043
4574.512000,-0.459651,0.105593,0.297932,-1.873438,-1.892660,0.593631,-0.000851,-0.000004,-0.000879,-0.000038,0.000603,-0.000038
4574.520000,-0.459657,0.105591,0.297951,-1.873402,-1.892637,0.593707,-0.000675,0.000000,0.000956,-0.000103,0.004984,-0.000045
4574.528000,-0.459664,0.105575,0.297965,-1.873400,-1.892612,0.593764,-0.000601,0.000001,0.001127,-0.000103,0.005109,-0.000041
4574.536000,-0.459659,0.105594,0.297944,-1.873428,-1.892620,0.593653,-0.000775,-0.000003,-0.000262,-0.000051,0.001452,-0.000030
4574.544000,-0.459668,0.105598,0.297925,-1.873427,-1.892632,0.593670,-0.000692,-0.000004,-0.000655,-0.000027,0.000119,-0.000023
4574.552000,-0.459672,0.105578,0.297943,-1.873446,-1.892627,0.593759,-0.000429,-0.000002,-0.000096,-0.000033,0.001112,-0.000020
4574.560000,-0.459675,0.105592,0.297941,-1.873407,-1.892612,0.593709,-0.000340,-0.000001,0.000163,-0.000037,0.001586,-0.000019
4574.568000,-0.459678,0.105605,0.297943,-1.873424,-1.892546,0.593700,-0.000330,-0.000001,0.000181,-0.000037,0.001572,-0.000018
4574.576000,-0.459682,0.105594,0.297920,-1.873456,-1.892625,0.593637,-0.000821,-0.000007,-0.001375,-0.000000,-0.001875,-0.000016
4574.584000,-0.459686,0.105591,0.297918,-1.873435,-1.892588,0.593650,-0.000456,-0.000003,-0.000360,-0.000020,0.000235,-0.000015
4574.592000,-0.459689,0.105593,0.297926,-1.873432,-1.892583,0.593704,-0.000322,-0.000001,-0.000131,-0.000021,0.000594,-0.000013
4574.600000,-0.459692,0.105605,0.297913,-1.873482,-1.892582,0.593644,-0.000780,-0.000007,-0.001579,0.000013,-0.002598,-0.000011
4574.608000,-0.459687,0.105617,0.297910,-1.873508,-1.892574,0.593705,-0.000869,-0.000005,-0.000456,-0.000042,0.000608,-0.000023
4574.616000,-0.459709,0.105589,0.297940,-1.873405,-1.892548,0.593741,-0.000954,0.000001,0.002563,-0.000182,0.009020,-0.000053
4574.624000,-0.459708,0.105604,0.297941,-1.873371,-1.892542,0.593747,-0.000565,0.000000,0.001312,-0.000100,0.004889,-0.000031
4574.632000,-0.459711,0.105604,0.297915,-1.873419,-1.892545,0.593723,-0.000383,-0.000000,0.000617,-0.000057,0.002645,-0.000020
4574.640000,-0.459711,0.105617,0.297909,-1.873447,-1.892538,0.593657,-0.000323,-0.000001,0.000285,-0.000038,0.001615,-0.000015
4574.648000,-0.459718,0.105589,0.297948,-1.873341,-1.892504,0.593808,-0.000441,-0.000003,-0.000372,-0.000016,0.000005,-0.000012
4574.656000,-0.459712,0.105605,0.297934,-1.873414,-1.892487,0.593759,-0.000429,-0.000003,-0.000438,-0.000013,-0.000211,-0.000011
4574.664000,-0.459718,0.105600,0.297931,-1.873366,-1.892529,0.593752,-0.000384,-0.000002,-0.000297,-0.000016,0.000096,-0.000011
4574.672000,-0.459717,0.105615,0.297933,-1.873394,-1.892474,0.593777,-0.000297,-0.000001,-0.000027,-0.000022,0.000666,-0.000011
4574.680000,-0.459727,0.105587,0.297923,-1.873337,-1.892536,0.593819,-0.000278,-0.000001,0.000034,-0.000023,0.000800,-0.000011
4574.688000,-0.459734,0.105605,0.297917,-1.873365,-1.892458,0.593807,-0.000840,-0.000003,-0.001099,-0.000041,0.000972,-0.000051
4574.696000,-0.459737,0.105599,0.297913,-1.873307,-1.892542,0.593784,-0.000861,-0.000004,-0.001250,-0.000035,0.000594,-0.000050
4574.704000,-0.459735,0.105601,0.297930,-1.873347,-1.892455,0.593808,-0.000538,-0.000000,-0.000321,-0.000051,0.002262,-0.000046
4574.712000,-0.459746,0.105588,0.297920,-1.873346,-1.892468,0.593859,-0.000530,0.000001,0.000863,-0.000094,0.004845,-0.000046
4574.720000,-0.459754,0.105616,0.297936,-1.873281,-1.892394,0.593879,-0.001444,-0.000004,0.000920,-0.000153,0.006264,-0.000064
4574.728000,-0.459750,0.105615,0.297963,-1.873281,-1.892334,0.593954,-0.001057,-0.000004,0.000256,-0.000095,0.003527,-0.000045
4574.736000,-0.459754,0.105582,0.297942,-1.873243,-1.892499,0.593885,-0.000559,-0.000001,0.000312,-0.000062,0.002660,-0.000030
4574.744000,-0.459759,0.105594,0.297952,-1.873269,-1.892382,0.593940,-0.000382,-0.000000,0.000255,-0.000046,0.002070,-0.000023
4574.752000,-0.459757,0.105596,0.297949,-1.873233,-1.892464,0.593947,-0.000296,-0.000000,0.000261,-0.000040,0.001855,-0.000020
4574.760000,-0.459765,0.105599,0.297936,-1.873269,-1.892411,0.593921,-0.000269,0.000000,0.000329,-0.000040,0.001931,-0.000019
4574.768000,-0.459776,0.105586,0.297932,-1.873205,-1.892466,0.593940,-0.000695,-0.000005,-0.001028,-0.000008,-0.001098,-0.000016
4574.776000,-0.459774,0.105598,0.297924,-1.873248,-1.892464,0.593902,-0.000730,-0.000005,-0.000833,-0.000018,-0.000547,-0.000018
4574.784000,-0.459781,0.105587,0.297918,-1.873252,-1.892461,0.593905,-0.000489,-0.000002,-0.000082,-0.000035,0.001054,-0.000018
4574.792000,-0.459774,0.105599,0.297955,-1.873180,-1.892388,0.593981,-0.000381,-0.000001,0.000246,-0.000042,0.001735,-0.000018
4574.800000,-0.459775,0.105621,0.297938,-1.873268,-1.892341,0.593942,-0.000348,-0.000001,0.000330,-0.000043,0.001874,-0.000018
4574.808000,-0.459790,0.105593,0.297913,-1.873280,-1.892421,0.593920,-0.000897,-0.000008,-0.001729,0.000011,-0.002800,-0.000013
4574.816000,-0.459791,0.105592,0.297932,-1.873267,-1.892346,0.594014,-0.000492,-0.000003,-0.000600,-0.000011,-0.000422,-0.000013
4574.824000,-0.459795,0.105585,0.297936,-1.873207,-1.892405,0.594015,-0.000349,-0.000002,-0.000152,-0.000021,0.000556,-0.000013
4574.832000,-0.459811,0.105589,0.297945,-1.873168,-1.892337,0.594016,-0.000974,0.000003,0.003700,-0.000234,0.012222,-0.000065
4574.840000,-0.459811,0.105590,0.297969,-1.873101,-1.892303,0.594162,-0.001044,-0.000003,0.000360,-0.000102,0.004021,-0.000049
4574.848000,-0.459816,0.105575,0.297959,-1.873065,-1.892343,0.594135,-0.000821,0.000003,0.000524,-0.000139,0.007443,-0.000098
4574.856000,-0.459819,0.105586,0.297960,-1.873076,-1.892285,0.594161,-0.000532,0.000004,0.000640,-0.000114,0.006480,-0.000080
4574.864000,-0.459822,0.105587,0.297964,-1.873056,-1.892280,0.594155,-0.000369,0.000002,0.000419,-0.000072,0.003992,-0.000048
4574.872000,-0.459827,0.105598,0.297945,-1.873141,-1.892230,0.594143,-0.000328,0.000001,0.000330,-0.000057,0.003029,-0.000036
4574.880000,-0.459825,0.105598,0.297949,-1.873104,-1.892260,0.594131,-0.000670,-0.000004,-0.000843,-0.000023,0.000062,-0.000028
4574.888000,-0.459826,0.105588,0.297983,-1.873035,-1.892207,0.594211,-0.000663,-0.000004,-0.000885,-0.000018,-0.000298,-0.000024
4574.896000,-0.459826,0.105591,0.297978,-1.873112,-1.892193,0.594240,-0.000506,-0.000001,0.000022,-0.000046,0.001773,-0.000026
4574.904000,-0.459835,0.105586,0.297958,-1.873112,-1.892230,0.594197,-0.000240,0.000002,0.000826,-0.000062,0.003384,-0.000025
4574.912000,-0.459835,0.105602,0.297934,-1.873190,-1.892271,0.594114,-0.000875,-0.000006,-0.001193,-0.000014,-0.001108,-0.000021
4574.920000,-0.459841,0.105598,0.297948,-1.873102,-1.892234,0.594156,-0.000627,-0.000004,-0.000602,-0.000023,0.000014,-0.000019
4574.928000,-0.459843,0.105600,0.297978,-1.873094,-1.892187,0.594270,-0.000680,-0.000001,0.001005,-0.000097,0.004452,-0.000035
4574.936000,-0.459853,0.105593,0.297973,-1.873047,-1.892202,0.594221,-0.000678,-0.000001,0.000997,-0.000096,0.004380,-0.000034
4574.936000,-0.459853,0.105593,0.297973,-1.873047,-1.892202,0.594221,-0.000678,-0.000001,0.000997,-0.000096,0.004380,-0.000034
4574.952000,-0.459850,0.105604,0.297987,-1.873042,-1.892128,0.594267,-0.000501,-0.000001,0.000667,-0.000068,0.003101,-0.000025
4574.960000,-0.459857,0.105598,0.297986,-1.873033,-1.892141,0.594271,-0.000417,-0.000001,0.000200,-0.000042,0.001639,-0.000018
4574.968000,-0.459864,0.105592,0.297973,-1.873053,-1.892192,0.594248,-0.000412,-0.000002,-0.000164,-0.000025,0.000604,-0.000014
4574.976000,-0.459869,0.105604,0.297970,-1.873040,-1.892171,0.594230,-0.000394,-0.000002,-0.000269,-0.000019,0.000268,-0.000013
4574.984000,-0.459878,0.105579,0.297971,-1.872962,-1.892205,0.594228,-0.000793,-0.000002,0.001047,-0.000104,0.004567,-0.000035
4574.992000,-0.459880,0.105595,0.298012,-1.872935,-1.892107,0.594404,-0.000882,-0.000003,0.000763,-0.000097,0.003930,-0.000034
4575.000000,-0.459886,0.105591,0.297978,-1.872977,-1.892165,0.594324,-0.000834,-0.000005,-0.000550,-0.000035,0.000230,-0.000021
4575.008000,-0.459890,0.105575,0.297975,-1.872972,-1.892175,0.594330,-0.000655,-0.000004,-0.000642,-0.000019,-0.000355,-0.000015
4575.016000,-0.459888,0.105590,0.297971,-1.872980,-1.892198,0.594312,-0.000404,-0.000002,-0.000188,-0.000022,0.000431,-0.000012
4575.024000,-0.459895,0.105595,0.297957,-1.872978,-1.892194,0.594305,-0.000297,-0.000001,-0.000025,-0.000022,0.000690,-0.000011
4575.032000,-0.459898,0.105587,0.297961,-1.872976,-1.892195,0.594269,-0.000863,-0.000008,-0.001802,0.000019,-0.003183,-0.000009
4575.040000,-0.459910,0.105591,0.297970,-1.872956,-1.892142,0.594355,-0.000875,-0.000006,-0.000761,-0.000028,-0.000307,-0.000019
4575.048000,-0.459907,0.105594,0.297986,-1.872890,-1.892075,0.594384,-0.000600,0.000001,0.000557,-0.000090,0.004457,-0.000050
4575.056000,-0.459908,0.105593,0.298007,-1.872875,-1.892000,0.594479,-0.000574,0.000003,0.001337,-0.000122,0.006552,-0.000057
4575.064000,-0.459914,0.105619,0.297984,-1.872924,-1.891987,0.594434,-0.000555,0.000003,0.001399,-0.000123,0.006686,-0.000057
4575.072000,-0.459922,0.105593,0.297980,-1.872896,-1.892065,0.594411,-0.000745,-0.000002,-0.000247,-0.000060,0.002233,-0.000042
4575.080000,-0.459922,0.105593,0.297965,-1.872941,-1.892042,0.594412,-0.000603,-0.000002,-0.000382,-0.000040,0.001241,-0.000031
4575.088000,-0.459914,0.105615,0.297965,-1.872951,-1.892030,0.594375,-0.000393,-0.000001,-0.000043,-0.000038,0.001567,-0.000025
4575.096000,-0.459924,0.105591,0.297974,-1.872909,-1.892070,0.594440,-0.000330,-0.000001,-0.000057,-0.000031,0.001260,-0.000021
4575.104000,-0.459930,0.105604,0.297945,-1.872921,-1.892089,0.594356,-0.000599,-0.000004,-0.001023,-0.000004,-0.001036,-0.000017
4575.112000,-0.459938,0.105585,0.297973,-1.872865,-1.892069,0.594471,-0.000596,-0.000004,-0.001040,-0.000002,-0.001179,-0.000016
4575.120000,-0.459944,0.105602,0.297948,-1.872932,-1.892062,0.594396,-0.000563,-0.000001,0.000652,-0.000074,0.003340,-0.000029
4575.128000,-0.459950,0.105581,0.297986,-1.872810,-1.892028,0.594523,-0.000521,-0.000000,0.000784,-0.000077,0.003628,-0.000030
4575.136000,-0.459950,0.105619,0.297988,-1.872873,-1.891933,0.594507,-0.000927,-0.000004,-0.000100,-0.000065,0.001921,-0.000032
4575.144000,-0.459957,0.105577,0.297971,-1.872789,-1.892060,0.594474,-0.000693,-0.000003,0.000108,-0.000059,0.002080,-0.000028
4575.152000,-0.459957,0.105588,0.297982,-1.872794,-1.892020,0.594487,-0.000437,-0.000001,0.000192,-0.000045,0.001855,-0.000022
4575.160000,-0.459961,0.105600,0.297974,-1.872825,-1.891952,0.594494,-0.000321,-0.000000,0.000186,-0.000037,0.001634,-0.000019
4575.168000,-0.459963,0.105586,0.297972,-1.872809,-1.892025,0.594516,-0.000256,-0.000000,0.000185,-0.000033,0.001514,-0.000017
4575.176000,-0.459961,0.105618,0.297958,-1.872852,-1.891984,0.594487,-0.000874,-0.000008,-0.001907,0.000018,-0.003126,-0.000014
4575.184000,-0.459971,0.105612,0.297948,-1.872912,-1.891955,0.594501,-0.000670,-0.000005,-0.001260,0.000002,-0.001606,-0.000016
4575.192000,-0.459978,0.105591,0.297957,-1.872849,-1.891975,0.594534,-0.000399,-0.000002,-0.000407,-0.000018,0.000254,-0.000017
4575.200000,-0.459981,0.105592,0.297943,-1.872854,-1.892017,0.594473,-0.000450,-0.000001,0.000291,-0.000052,0.002257,-0.000025
4575.208000,-0.459983,0.105592,0.297968,-1.872821,-1.891962,0.594538,-0.000850,-0.000006,-0.000967,-0.000023,-0.000485,-0.000024
4575.216000,-0.459996,0.105582,0.297953,-1.872789,-1.891989,0.594530,-0.000805,-0.000001,0.000877,-0.000102,0.004495,-0.000039
4575.224000,-0.459991,0.105593,0.297966,-1.872819,-1.891929,0.594550,-0.000554,0.000000,0.000895,-0.000086,0.004098,-0.000033
4575.232000,-0.459991,0.105598,0.297973,-1.872782,-1.891921,0.594581,-0.000375,0.000000,0.000536,-0.000058,0.002799,-0.000025
4575.240000,-0.459987,0.105616,0.297974,-1.872767,-1.891890,0.594543,-0.000294,0.000000,0.000376,-0.000045,0.002214,-0.000022
4575.248000,-0.459996,0.105613,0.298007,-1.872754,-1.891762,0.594725,-0.000266,0.000000,0.000222,-0.000037,0.001759,-0.000020
4575.256000,-0.460002,0.105598,0.297978,-1.872701,-1.891904,0.594630,-0.000630,-0.000004,-0.000922,-0.000011,-0.000734,-0.000019
4575.264000,-0.460003,0.105596,0.297982,-1.872717,-1.891867,0.594697,-0.000520,0.000001,-0.000075,-0.000064,0.003201,-0.000052
4575.272000,-0.460018,0.105570,0.297971,-1.872666,-1.891914,0.594692,-0.000405,0.000002,0.000286,-0.000073,0.003987,-0.000053
4575.280000,-0.460012,0.105602,0.297976,-1.872752,-1.891826,0.594689,-0.000884,-0.000004,-0.001030,-0.000040,0.000718,-0.000045
4575.288000,-0.460019,0.105599,0.297979,-1.872706,-1.891811,0.594695,-0.000755,-0.000004,-0.000776,-0.000035,0.000647,-0.000035
4575.296000,-0.460021,0.105602,0.297995,-1.872675,-1.891793,0.594753,-0.000584,-0.000000,0.000632,-0.000082,0.003896,-0.000039
4575.304000,-0.460034,0.105581,0.297993,-1.872672,-1.891805,0.594767,-0.000578,-0.000000,0.000596,-0.000078,0.003585,-0.000035
4575.312000,-0.460040,0.105603,0.297982,-1.872700,-1.891765,0.594748,-0.000630,-0.000003,-0.000192,-0.000044,0.001375,-0.000027
4575.320000,-0.460031,0.105602,0.297991,-1.872650,-1.891812,0.594745,-0.000605,-0.000003,-0.000329,-0.000035,0.000848,-0.000023
4575.328000,-0.460040,0.105593,0.297980,-1.872714,-1.891796,0.594717,-0.000435,-0.000001,0.000185,-0.000045,0.001879,-0.000022
4575.336000,-0.460046,0.105578,0.297965,-1.872669,-1.891878,0.594674,-0.000402,-0.000001,0.000270,-0.000046,0.001994,-0.000021
4575.344000,-0.460051,0.105587,0.297963,-1.872663,-1.891862,0.594708,-0.000579,-0.000004,-0.000573,-0.000020,-0.000067,-0.000017
4575.352000,-0.460052,0.105587,0.297979,-1.872650,-1.891805,0.594766,-0.000557,-0.000004,-0.000696,-0.000013,-0.000475,-0.000015
4575.360000,-0.460057,0.105593,0.297967,-1.872670,-1.891817,0.594716,-0.000617,-0.000005,-0.000898,-0.000007,-0.000969,-0.000014
4575.368000,-0.460065,0.105586,0.297975,-1.872659,-1.891820,0.594769,-0.000619,-0.000002,0.000547,-0.000071,0.002966,-0.000027
4575.376000,-0.460061,0.105603,0.297991,-1.872626,-1.891756,0.594788,-0.000653,0.000001,0.001735,-0.000125,0.006269,-0.000039
4575.384000,-0.460074,0.105589,0.297995,-1.872571,-1.891731,0.594829,-0.000559,0.000000,0.001212,-0.000096,0.004639,-0.000031
4575.392000,-0.460080,0.105586,0.297967,-1.872624,-1.891799,0.594784,-0.000573,-0.000003,-0.000025,-0.000042,0.001255,-0.000019
4575.400000,-0.460070,0.105614,0.297963,-1.872674,-1.891736,0.594764,-0.000516,-0.000003,-0.000341,-0.000024,0.000273,-0.000015
4575.408000,-0.460080,0.105586,0.297999,-1.872552,-1.891755,0.594873,-0.000410,-0.000002,-0.000276,-0.000019,0.000263,-0.000013
4575.416000,-0.460084,0.105587,0.297979,-1.872580,-1.891753,0.594844,-0.000354,-0.000002,-0.000124,-0.000022,0.000580,-0.000013
4575.424000,-0.460093,0.105581,0.297976,-1.872545,-1.891785,0.594840,-0.000759,-0.000007,-0.001400,0.000007,-0.002200,-0.000011
4575.432000,-0.460098,0.105591,0.297972,-1.872603,-1.891738,0.594857,-0.000658,-0.000003,0.000058,-0.000051,0.001620,-0.000022
4575.440000,-0.460105,0.105591,0.298009,-1.872514,-1.891646,0.594979,-0.000496,-0.000001,0.000569,-0.000062,0.002732,-0.000023
4575.448000,-0.460105,0.105604,0.297978,-1.872553,-1.891671,0.594878,-0.000401,0.000000,0.000465,-0.000060,0.002914,-0.000029
4575.456000,-0.460102,0.105602,0.297992,-1.872524,-1.891656,0.594943,-0.000688,-0.000003,-0.000473,-0.000038,0.000848,-0.000028
4575.464000,-0.460109,0.105588,0.297995,-1.872491,-1.891653,0.594954,-0.000717,-0.000002,-0.000302,-0.000060,0.002310,-0.000045
4575.472000,-0.460115,0.105585,0.297996,-1.872460,-1.891688,0.594994,-0.000521,0.000001,0.000289,-0.000073,0.003585,-0.000046
4575.480000,-0.460114,0.105614,0.297981,-1.872539,-1.891640,0.594909,-0.000383,0.000002,0.000354,-0.000066,0.003518,-0.000043
4575.488000,-0.460117,0.105603,0.297986,-1.872527,-1.891605,0.594969,-0.000346,0.000002,0.000387,-0.000063,0.003374,-0.000040
4575.496000,-0.460120,0.105584,0.297994,-1.872543,-1.891636,0.595007,-0.000647,-0.000003,-0.000674,-0.000031,0.000580,-0.000031
4575.504000,-0.460129,0.105596,0.297965,-1.872550,-1.891681,0.594921,-0.000713,-0.000003,-0.000307,-0.000048,0.001442,-0.000032
4575.512000,-0.460133,0.105583,0.297993,-1.872509,-1.891630,0.595046,-0.000794,0.000001,0.001600,-0.000136,0.006643,-0.000049
4575.520000,-0.460137,0.105583,0.298007,-1.872422,-1.891597,0.595026,-0.000708,-0.000000,0.001123,-0.000107,0.005061,-0.000040
4575.528000,-0.460148,0.105592,0.297973,-1.872438,-1.891672,0.594968,-0.000519,-0.000001,0.000334,-0.000058,0.002468,-0.000027
4575.536000,-0.460138,0.105588,0.297991,-1.872449,-1.891624,0.594979,-0.000362,-0.000000,0.000269,-0.000044,0.001951,-0.000021
4575.544000,-0.460134,0.105603,0.298003,-1.872490,-1.891567,0.595020,-0.000299,-0.000000,0.000158,-0.000034,0.001471,-0.000017
4575.552000,-0.460143,0.105584,0.298000,-1.872434,-1.891614,0.595073,-0.000289,-0.000001,0.000102,-0.000030,0.001256,-0.000016
4575.560000,-0.460153,0.105593,0.298000,-1.872438,-1.891597,0.595018,-0.000498,-0.000003,-0.000564,-0.000014,-0.000230,-0.000015
4575.568000,-0.460155,0.105599,0.297993,-1.872478,-1.891539,0.595023,-0.000477,-0.000003,-0.000510,-0.000015,-0.000168,-0.000014
4575.576000,-0.460161,0.105586,0.297966,-1.872498,-1.891642,0.594982,-0.000476,-0.000003,-0.000513,-0.000014,-0.000192,-0.000013
4575.584000,-0.460161,0.105595,0.297978,-1.872458,-1.891614,0.595042,-0.000622,-0.000005,-0.000846,-0.000009,-0.000878,-0.000014
4575.592000,-0.460166,0.105602,0.297968,-1.872457,-1.891628,0.594998,-0.000510,-0.000003,-0.000497,-0.000017,-0.000135,-0.000014
4575.600000,-0.460178,0.105585,0.297997,-1.872383,-1.891553,0.595132,-0.000497,-0.000001,0.000601,-0.000064,0.002823,-0.000023
4575.608000,-0.460179,0.105601,0.297996,-1.872426,-1.891513,0.595137,-0.000624,0.000000,0.001306,-0.000104,0.004980,-0.000033
4575.616000,-0.460182,0.105591,0.298042,-1.872281,-1.891426,0.595280,-0.000840,-0.000003,0.000587,-0.000086,0.003393,-0.000032
4575.624000,-0.460187,0.105587,0.298002,-1.872370,-1.891479,0.595166,-0.000644,0.000001,0.000393,-0.000091,0.004491,-0.000056
4575.632000,-0.460185,0.105597,0.298004,-1.872351,-1.891466,0.595183,-0.000447,0.000002,0.000471,-0.000081,0.004356,-0.000052
4575.640000,-0.460185,0.105598,0.298019,-1.872336,-1.891444,0.595190,-0.000344,0.000002,0.000452,-0.000071,0.003935,-0.000046
4575.648000,-0.460196,0.105588,0.298005,-1.872315,-1.891461,0.595186,-0.000289,0.000001,0.000311,-0.000053,0.002847,-0.000034
4575.656000,-0.460202,0.105597,0.297995,-1.872332,-1.891468,0.595189,-0.000786,-0.000005,-0.001342,-0.000009,-0.001127,-0.000026
4575.664000,-0.460207,0.105593,0.298000,-1.872311,-1.891440,0.595215,-0.000552,-0.000003,-0.000668,-0.000020,0.000091,-0.000023
4575.672000,-0.460201,0.105595,0.298006,-1.872343,-1.891448,0.595242,-0.000374,-0.000001,-0.000150,-0.000029,0.001040,-0.000021
4575.680000,-0.460212,0.105584,0.297990,-1.872315,-1.891533,0.595199,-0.000349,-0.000000,0.000295,-0.000046,0.002123,-0.000023
4575.688000,-0.460218,0.105575,0.297994,-1.872299,-1.891526,0.595195,-0.000498,0.000001,0.001124,-0.000091,0.004567,-0.000033
4575.696000,-0.460216,0.105586,0.298011,-1.872270,-1.891472,0.595235,-0.000838,-0.000003,0.000039,-0.000065,0.002132,-0.000031
4575.704000,-0.460209,0.105619,0.298016,-1.872340,-1.891362,0.595239,-0.000565,-0.000002,0.000248,-0.000055,0.002176,-0.000025
4575.712000,-0.460218,0.105611,0.297996,-1.872361,-1.891428,0.595241,-0.000405,-0.000001,0.000358,-0.000049,0.002147,-0.000021
4575.720000,-0.460223,0.105589,0.298015,-1.872284,-1.891440,0.595306,-0.000384,-0.000000,0.000414,-0.000050,0.002233,-0.000020
4575.728000,-0.460230,0.105586,0.298017,-1.872258,-1.891415,0.595293,-0.000753,-0.000005,-0.000754,-0.000022,-0.000346,-0.000019
4575.736000,-0.460230,0.105589,0.298004,-1.872279,-1.891457,0.595293,-0.000563,-0.000003,-0.000471,-0.000022,0.000062,-0.000016
4575.744000,-0.460233,0.105585,0.298000,-1.872294,-1.891435,0.595279,-0.000369,-0.000002,-0.000138,-0.000023,0.000599,-0.000013
4575.752000,-0.460243,0.105581,0.298003,-1.872267,-1.891399,0.595315,-0.000276,-0.000001,-0.000022,-0.000022,0.000738,-0.000012
4575.760000,-0.460241,0.105597,0.297996,-1.872312,-1.891377,0.595283,-0.000267,-0.000001,-0.000020,-0.000021,0.000728,-0.000012
4575.768000,-0.460244,0.105603,0.298005,-1.872304,-1.891323,0.595324,-0.000558,-0.000004,-0.000935,-0.000000,-0.001266,-0.000011
4575.776000,-0.460258,0.105584,0.298017,-1.872215,-1.891383,0.595380,-0.001133,0.000000,0.002561,-0.000194,0.009341,-0.000058
4575.784000,-0.460257,0.105592,0.298048,-1.872130,-1.891281,0.595458,-0.000800,0.000001,0.001406,-0.000137,0.006882,-0.000059
4575.792000,-0.460256,0.105599,0.298038,-1.872174,-1.891267,0.595402,-0.000618,-0.000000,0.000388,-0.000080,0.003767,-0.000045
4575.800000,-0.460264,0.105603,0.298013,-1.872193,-1.891276,0.595413,-0.000449,0.000001,0.000329,-0.000066,0.003307,-0.000040
4575.808000,-0.460264,0.105592,0.298016,-1.872180,-1.891309,0.595411,-0.000363,0.000001,0.000236,-0.000054,0.002727,-0.000034
4575.816000,-0.460265,0.105613,0.298033,-1.872151,-1.891241,0.595462,-0.000351,0.000000,0.000164,-0.000046,0.002200,-0.000029
4575.824000,-0.460271,0.105598,0.298027,-1.872143,-1.891286,0.595418,-0.000471,-0.000002,-0.000269,-0.000032,0.001025,-0.000024
4575.832000,-0.460276,0.105596,0.297998,-1.872232,-1.891299,0.595408,-0.000466,-0.000002,-0.000294,-0.000029,0.000810,-0.000022
4575.840000,-0.460286,0.105587,0.297994,-1.872186,-1.891329,0.595383,-0.000452,-0.000002,-0.000278,-0.000027,0.000719,-0.000020
4575.848000,-0.460284,0.105602,0.298019,-1.872157,-1.891246,0.595477,-0.000699,-0.000005,-0.001125,-0.000005,-0.001242,-0.000017
4575.856000,-0.460294,0.105585,0.297989,-1.872197,-1.891309,0.595436,-0.000592,-0.000004,-0.000793,-0.000013,-0.000537,-0.000017
4575.864000,-0.460291,0.105602,0.297982,-1.872217,-1.891298,0.595384,-0.000393,-0.000002,-0.000168,-0.000027,0.000824,-0.000018
4575.872000,-0.460294,0.105601,0.297981,-1.872217,-1.891306,0.595397,-0.000379,-0.000001,-0.000124,-0.000028,0.000920,-0.000018
4575.880000,-0.460300,0.105597,0.297980,-1.872219,-1.891301,0.595393,-0.000673,-0.000005,-0.001049,-0.000007,-0.001093,-0.000017
4575.888000,-0.460305,0.105597,0.297976,-1.872237,-1.891273,0.595410,-0.000488,-0.000003,-0.000492,-0.000019,0.000105,-0.000017
4575.896000,-0.460303,0.105600,0.297985,-1.872185,-1.891325,0.595413,-0.000553,0.000000,0.001043,-0.000091,0.004428,-0.000033
4575.904000,-0.460309,0.105591,0.298049,-1.872100,-1.891157,0.595586,-0.000851,0.000003,0.003168,-0.000205,0.010784,-0.000061
4575.912000,-0.460320,0.105584,0.298017,-1.872066,-1.891271,0.595545,-0.000530,0.000001,0.001374,-0.000104,0.005296,-0.000036
4575.920000,-0.460319,0.105590,0.298001,-1.872176,-1.891240,0.595498,-0.000611,-0.000002,-0.000075,-0.000045,0.001452,-0.000024
4575.928000,-0.460320,0.105602,0.298006,-1.872175,-1.891210,0.595484,-0.000551,-0.000003,-0.000388,-0.000027,0.000441,-0.000019
4575.936000,-0.460323,0.105612,0.298007,-1.872111,-1.891219,0.595500,-0.000367,-0.000001,-0.000096,-0.000027,0.000853,-0.000016
4575.944000,-0.460326,0.105611,0.298006,-1.872173,-1.891151,0.595556,-0.000276,-0.000001,0.000009,-0.000025,0.000949,-0.000014
4575.952000,-0.460331,0.105602,0.298005,-1.872119,-1.891173,0.595541,-0.000263,-0.000001,-0.000018,-0.000022,0.000819,-0.000013
4575.960000,-0.460340,0.105585,0.297992,-1.872074,-1.891271,0.595523,-0.000604,-0.000005,-0.001095,0.000003,-0.001544,-0.000012
4575.968000,-0.460339,0.105600,0.298002,-1.872100,-1.891190,0.595573,-0.000971,-0.000004,-0.001477,-0.000042,0.000857,-0.000062
4575.976000,-0.460342,0.105597,0.298003,-1.872040,-1.891159,0.595598,-0.000546,0.000002,-0.000138,-0.000073,0.003772,-0.000063
4575.984000,-0.460343,0.105621,0.297990,-1.872082,-1.891118,0.595534,-0.000389,0.000002,0.000153,-0.000065,0.003566,-0.000051
4575.992000,-0.460348,0.105587,0.298004,-1.872042,-1.891131,0.595625,-0.000343,0.000001,0.000251,-0.000056,0.002967,-0.000038
4576.000000,-0.460358,0.105587,0.298008,-1.872015,-1.891161,0.595696,-0.000658,-0.000003,-0.000855,-0.000023,0.000076,-0.000029
4576.008000,-0.460367,0.105575,0.298007,-1.871983,-1.891168,0.595658,-0.001166,-0.000000,0.001974,-0.000180,0.008488,-0.000064
4576.016000,-0.460365,0.105589,0.298027,-1.871999,-1.891131,0.595692,-0.000741,0.000001,0.001579,-0.000131,0.006494,-0.000047
4576.024000,-0.460363,0.105578,0.298034,-1.871969,-1.891124,0.595733,-0.000447,0.000000,0.000743,-0.000073,0.003556,-0.000030
4576.032000,-0.460369,0.105586,0.298032,-1.871964,-1.891080,0.595725,-0.000325,0.000000,0.000452,-0.000050,0.002449,-0.000023
4576.040000,-0.460372,0.105614,0.298005,-1.872026,-1.891068,0.595635,-0.000288,-0.000000,0.000245,-0.000038,0.001754,-0.000019
4576.048000,-0.460372,0.105614,0.298005,-1.872051,-1.891048,0.595643,-0.000643,-0.000005,-0.001073,-0.000003,-0.001290,-0.000015
4576.056000,-0.460380,0.105593,0.298001,-1.872024,-1.891123,0.595717,-0.000440,-0.000003,-0.000447,-0.000016,0.000019,-0.000015
4576.064000,-0.460370,0.105601,0.298013,-1.872030,-1.891063,0.595700,-0.000324,-0.000001,-0.000094,-0.000023,0.000733,-0.000014
4576.072000,-0.460380,0.105614,0.298018,-1.872029,-1.891025,0.595674,-0.000289,-0.000001,0.000006,-0.000025,0.000915,-0.000014
4576.080000,-0.460390,0.105595,0.298008,-1.871988,-1.891095,0.595719,-0.000761,-0.000006,-0.001097,-0.000007,-0.001299,-0.000015
4576.088000,-0.460398,0.105577,0.298017,-1.871956,-1.891115,0.595768,-0.000847,-0.000003,0.000430,-0.000081,0.003024,-0.000031
4576.096000,-0.460408,0.105603,0.298008,-1.871970,-1.891054,0.595695,-0.000633,-0.000000,0.001097,-0.000095,0.004457,-0.000032
4576.104000,-0.460408,0.105585,0.298002,-1.872003,-1.891050,0.595738,-0.000447,-0.000001,0.000520,-0.000057,0.002545,-0.000022
4576.112000,-0.460404,0.105595,0.298012,-1.871939,-1.891066,0.595766,-0.000625,-0.000004,-0.000614,-0.000019,-0.000250,-0.000016
4576.120000,-0.460415,0.105583,0.298012,-1.871937,-1.891064,0.595792,-0.000616,-0.000004,-0.000661,-0.000017,-0.000393,-0.000015
4576.128000,-0.460409,0.105598,0.298009,-1.871938,-1.891043,0.595729,-0.000448,-0.000002,-0.000133,-0.000029,0.000757,-0.000016
4576.136000,-0.460417,0.105585,0.298021,-1.871887,-1.891028,0.595826,-0.000353,-0.000001,0.000167,-0.000035,0.001409,-0.000016
4576.144000,-0.460419,0.105589,0.298009,-1.871907,-1.891056,0.595800,-0.000300,-0.000001,0.000212,-0.000034,0.001438,-0.000015
4576.152000,-0.460429,0.105591,0.298004,-1.871914,-1.891048,0.595766,-0.000637,-0.000005,-0.000911,-0.000007,-0.001040,-0.000013
4576.160000,-0.460432,0.105585,0.298002,-1.871889,-1.891045,0.595790,-0.000809,-0.000003,0.000054,-0.000066,0.002267,-0.000032
4576.168000,-0.460432,0.105593,0.298037,-1.871851,-1.890947,0.595846,-0.000864,0.000001,0.002024,-0.000157,0.007764,-0.000052
4576.176000,-0.460432,0.105611,0.298051,-1.871846,-1.890856,0.595965,-0.000718,0.000003,0.001960,-0.000161,0.008627,-0.000068
4576.184000,-0.460439,0.105589,0.298047,-1.871794,-1.890916,0.595977,-0.000817,-0.000001,-0.000078,-0.000078,0.003216,-0.000052
4576.192000,-0.460450,0.105604,0.298028,-1.871860,-1.890863,0.595896,-0.000746,-0.000002,-0.000478,-0.000055,0.001993,-0.000046
4576.200000,-0.460451,0.105586,0.298044,-1.871781,-1.890881,0.595967,-0.000468,0.000000,-0.000003,-0.000054,0.002554,-0.000040
4576.208000,-0.460456,0.105591,0.298035,-1.871771,-1.890877,0.595982,-0.000363,0.000000,0.000209,-0.000051,0.002516,-0.000032
4576.216000,-0.460456,0.105596,0.298040,-1.871835,-1.890858,0.595982,-0.000579,0.000002,0.001415,-0.000115,0.005943,-0.000045
4576.224000,-0.460461,0.105584,0.298057,-1.871739,-1.890875,0.596029,-0.000807,-0.000002,0.000342,-0.000081,0.003240,-0.000038
4576.232000,-0.460470,0.105596,0.298042,-1.871769,-1.890875,0.595975,-0.000608,-0.000002,0.000056,-0.000053,0.001974,-0.000028
4576.240000,-0.460468,0.105597,0.298064,-1.871725,-1.890829,0.596035,-0.000490,-0.000001,0.000400,-0.000059,0.002617,-0.000027
4576.248000,-0.460470,0.105590,0.298053,-1.871747,-1.890837,0.596050,-0.000488,-0.000001,0.000386,-0.000058,0.002497,-0.000025
4576.256000,-0.460477,0.105596,0.298041,-1.871715,-1.890863,0.596008,-0.000596,-0.000003,-0.000475,-0.000026,0.000268,-0.000019
4576.264000,-0.460480,0.105588,0.298039,-1.871738,-1.890844,0.595980,-0.000480,-0.000003,-0.000416,-0.000020,0.000177,-0.000016
4576.272000,-0.460493,0.105582,0.298023,-1.871762,-1.890886,0.596049,-0.000362,-0.000001,-0.000100,-0.000026,0.000800,-0.000015
4576.280000,-0.460493,0.105601,0.298026,-1.871809,-1.890806,0.596030,-0.000362,-0.000001,-0.000100,-0.000026,0.000800,-0.000015
4576.288000,-0.460493,0.105586,0.298065,-1.871672,-1.890790,0.596096,-0.000745,-0.000003,0.000088,-0.000060,0.001998,-0.000027
4576.296000,-0.460504,0.105579,0.298058,-1.871664,-1.890818,0.596125,-0.000839,-0.000001,0.001469,-0.000128,0.005952,-0.000042
4576.304000,-0.460503,0.105602,0.298037,-1.871716,-1.890818,0.596039,-0.000492,-0.000000,0.000701,-0.000070,0.003230,-0.000026
4576.312000,-0.460503,0.105590,0.298038,-1.871747,-1.890811,0.596075,-0.000342,-0.000000,0.000451,-0.000049,0.002276,-0.000020
4576.320000,-0.460501,0.105611,0.298069,-1.871725,-1.890682,0.596177,-0.000300,-0.000000,0.000216,-0.000035,0.001558,-0.000017
4576.328000,-0.460515,0.105588,0.298055,-1.871663,-1.890742,0.596106,-0.000544,-0.000004,-0.000649,-0.000014,-0.000379,-0.000015
4576.336000,-0.460523,0.105599,0.298029,-1.871728,-1.890805,0.596106,-0.000544,-0.000004,-0.000649,-0.000014,-0.000379,-0.000015
4576.344000,-0.460518,0.105599,0.298047,-1.871671,-1.890769,0.596162,-0.000524,-0.000003,-0.000587,-0.000015,-0.000245,-0.000015
4576.352000,-0.460526,0.105597,0.298021,-1.871737,-1.890785,0.596053,-0.000504,-0.000003,-0.000525,-0.000016,-0.000111,-0.000015
4576.360000,-0.460529,0.105594,0.298022,-1.871764,-1.890788,0.596098,-0.000500,-0.000003,-0.000549,-0.000015,-0.000182,-0.000015
4576.368000,-0.460535,0.105587,0.297999,-1.871734,-1.890843,0.596004,-0.000477,-0.000003,-0.000652,-0.000009,-0.000523,-0.000013
4576.376000,-0.460534,0.105589,0.298012,-1.871728,-1.890820,0.596095,-0.000472,-0.000003,-0.000682,-0.000007,-0.000643,-0.000012
4576.384000,-0.460539,0.105577,0.298028,-1.871672,-1.890815,0.596165,-0.000359,-0.000002,-0.000335,-0.000014,0.000076,-0.000012
4576.392000,-0.460546,0.105597,0.298026,-1.871656,-1.890769,0.596102,-0.000972,0.000002,0.003092,-0.000207,0.010549,-0.000059
4576.400000,-0.460552,0.105602,0.298053,-1.871604,-1.890677,0.596216,-0.000859,-0.000001,0.001283,-0.000119,0.005387,-0.000040
4576.408000,-0.460552,0.105580,0.298070,-1.871566,-1.890685,0.596269,-0.000706,0.000001,0.000460,-0.000101,0.005003,-0.000062
4576.416000,-0.460566,0.105579,0.298058,-1.871538,-1.890661,0.596322,-0.000605,0.000009,0.001221,-0.000180,0.010865,-0.000130
4576.424000,-0.460565,0.105582,0.298059,-1.871509,-1.890668,0.596356,-0.000415,0.000005,0.000756,-0.000111,0.006595,-0.000078
4576.432000,-0.460557,0.105616,0.298073,-1.871554,-1.890570,0.596340,-0.000342,0.000003,0.000522,-0.000075,0.004232,-0.000049
4576.440000,-0.460568,0.105593,0.298045,-1.871577,-1.890646,0.596325,-0.000636,-0.000002,-0.000583,-0.000037,0.001078,-0.000036
4576.448000,-0.460570,0.105591,0.298049,-1.871508,-1.890668,0.596286,-0.000625,-0.000003,-0.000647,-0.000029,0.000527,-0.000029
4576.456000,-0.460567,0.105611,0.298042,-1.871589,-1.890629,0.596284,-0.000442,-0.000001,-0.000134,-0.000036,0.001375,-0.000025
4576.464000,-0.460571,0.105602,0.298037,-1.871595,-1.890644,0.596250,-0.000419,-0.000002,-0.000261,-0.000027,0.000848,-0.000021
4576.472000,-0.460585,0.105593,0.298022,-1.871574,-1.890646,0.596221,-0.000623,-0.000005,-0.001083,-0.000003,-0.001165,-0.000017
4576.480000,-0.460584,0.105591,0.297989,-1.871688,-1.890708,0.596156,-0.000466,-0.000003,-0.000612,-0.000013,-0.000230,-0.000016
4576.488000,-0.460582,0.105590,0.298038,-1.871524,-1.890690,0.596280,-0.000330,-0.000001,-0.000201,-0.000021,0.000594,-0.000016
4576.496000,-0.460587,0.105585,0.298047,-1.871546,-1.890616,0.596331,-0.000391,-0.000000,0.000410,-0.000051,0.002315,-0.000022
4576.504000,-0.460597,0.105595,0.298070,-1.871528,-1.890535,0.596410,-0.000822,0.000003,0.002821,-0.000186,0.009648,-0.000055
4576.512000,-0.460604,0.105595,0.298061,-1.871498,-1.890572,0.596389,-0.000652,-0.000000,0.001060,-0.000096,0.004486,-0.000033
4576.520000,-0.460607,0.105579,0.298040,-1.871554,-1.890600,0.596353,-0.000507,-0.000002,0.000248,-0.000050,0.001970,-0.000022
4576.528000,-0.460604,0.105587,0.298034,-1.871541,-1.890618,0.596292,-0.000456,-0.000001,0.000254,-0.000047,0.001864,-0.000020
4576.536000,-0.460609,0.105585,0.298058,-1.871472,-1.890607,0.596370,-0.000379,-0.000000,0.000487,-0.000051,0.002334,-0.000020
4576.544000,-0.460604,0.105614,0.298070,-1.871522,-1.890469,0.596400,-0.000334,-0.000000,0.000502,-0.000049,0.002281,-0.000018
4576.552000,-0.460610,0.105600,0.298028,-1.871558,-1.890587,0.596339,-0.000608,-0.000004,-0.000755,-0.000011,-0.000695,-0.000013
4576.560000,-0.460615,0.105599,0.298037,-1.871531,-1.890590,0.596367,-0.000731,-0.000006,-0.001366,0.000007,-0.002167,-0.000011
4576.568000,-0.460621,0.105583,0.298034,-1.871509,-1.890635,0.596369,-0.000713,-0.000006,-0.001463,0.000013,-0.002478,-0.000009
4576.576000,-0.460627,0.105585,0.298024,-1.871508,-1.890620,0.596344,-0.000405,-0.000003,-0.000545,-0.000006,-0.000527,-0.000009
4576.584000,-0.460629,0.105590,0.298011,-1.871571,-1.890592,0.596331,-0.000343,-0.000002,-0.000354,-0.000011,-0.000130,-0.000009
4576.592000,-0.460634,0.105580,0.298009,-1.871513,-1.890639,0.596315,-0.000771,-0.000007,-0.001703,0.000020,-0.003063,-0.000008
4576.600000,-0.460651,0.105572,0.298004,-1.871485,-1.890676,0.596364,-0.000594,-0.000003,-0.000294,-0.000030,0.000469,-0.000016
4576.608000,-0.460648,0.105578,0.298029,-1.871480,-1.890573,0.596429,-0.000597,-0.000000,0.001139,-0.000093,0.004385,-0.000029
4576.616000,-0.460646,0.105584,0.298069,-1.871397,-1.890512,0.596509,-0.000626,0.000001,0.001939,-0.000131,0.006633,-0.000038
4576.624000,-0.460654,0.105585,0.298038,-1.871442,-1.890550,0.596436,-0.000525,0.000001,0.001400,-0.000100,0.004975,-0.000030
4576.632000,-0.460650,0.105601,0.298036,-1.871445,-1.890507,0.596441,-0.000555,-0.000002,0.000047,-0.000042,0.001318,-0.000018
4576.640000,-0.460662,0.105584,0.298039,-1.871398,-1.890511,0.596509,-0.000537,-0.000001,-0.000032,-0.000056,0.002444,-0.000039
4576.648000,-0.460660,0.105587,0.298062,-1.871384,-1.890466,0.596585,-0.000528,0.000003,0.000264,-0.000094,0.005233,-0.000073
4576.656000,-0.460665,0.105592,0.298060,-1.871362,-1.890430,0.596529,-0.000404,0.000004,0.000473,-0.000095,0.005583,-0.000072
4576.664000,-0.460662,0.105603,0.298043,-1.871412,-1.890435,0.596481,-0.000326,0.000002,0.000338,-0.000066,0.003700,-0.000047
4576.672000,-0.460670,0.105597,0.298052,-1.871373,-1.890425,0.596537,-0.000791,-0.000005,-0.001305,-0.000016,-0.000624,-0.000033
4576.680000,-0.460680,0.105582,0.298048,-1.871367,-1.890470,0.596599,-0.001140,-0.000008,-0.001633,-0.000020,-0.001257,-0.000033
4576.688000,-0.460678,0.105597,0.298036,-1.871415,-1.890445,0.596502,-0.000598,-0.000002,0.000008,-0.000053,0.002046,-0.000031
4576.696000,-0.460689,0.105586,0.298052,-1.871343,-1.890417,0.596580,-0.000528,0.000000,0.000863,-0.000085,0.004126,-0.000035
4576.704000,-0.460684,0.105588,0.298078,-1.871310,-1.890382,0.596674,-0.000468,0.000001,0.001017,-0.000086,0.004318,-0.000033
4576.712000,-0.460695,0.105581,0.298060,-1.871324,-1.890389,0.596605,-0.000378,0.000000,0.000510,-0.000056,0.002689,-0.000024
4576.720000,-0.460693,0.105598,0.298066,-1.871339,-1.890372,0.596669,-0.000457,-0.000002,-0.000173,-0.000031,0.000896,-0.000019
4576.728000,-0.460699,0.105582,0.298059,-1.871286,-1.890454,0.596649,-0.000439,-0.000002,-0.000279,-0.000024,0.000513,-0.000017
4576.736000,-0.460707,0.105583,0.298043,-1.871351,-1.890422,0.596632,-0.000426,-0.000002,-0.000252,-0.000024,0.000517,-0.000016
4576.744000,-0.460708,0.105590,0.298044,-1.871360,-1.890394,0.596603,-0.000347,-0.000001,-0.000011,-0.000028,0.001006,-0.000016
4576.752000,-0.460702,0.105596,0.298089,-1.871303,-1.890314,0.596690,-0.000424,-0.000001,0.000422,-0.000052,0.002300,-0.000021
4576.760000,-0.460719,0.105586,0.298065,-1.871285,-1.890356,0.596662,-0.000825,-0.000002,0.000608,-0.000087,0.003494,-0.000033
4576.768000,-0.460720,0.105585,0.298072,-1.871226,-1.890370,0.596693,-0.000643,-0.000002,0.000596,-0.000074,0.003105,-0.000027
4576.776000,-0.460717,0.105593,0.298055,-1.871329,-1.890383,0.596674,-0.000412,-0.000001,0.000354,-0.000048,0.002013,-0.000019
4576.784000,-0.460727,0.105589,0.298057,-1.871296,-1.890358,0.596683,-0.000304,-0.000001,0.000262,-0.000036,0.001553,-0.000015
4576.792000,-0.460736,0.105583,0.298041,-1.871269,-1.890397,0.596669,-0.000292,-0.000001,0.000221,-0.000033,0.001404,-0.000014
4576.800000,-0.460733,0.105596,0.298053,-1.871309,-1.890295,0.596705,-0.000687,-0.000005,-0.001022,-0.000005,-0.001299,-0.000013
4576.808000,-0.460725,0.105600,0.298075,-1.871252,-1.890289,0.596742,-0.000499,-0.000003,-0.000431,-0.000018,-0.000015,-0.000013
4576.816000,-0.460731,0.105610,0.298050,-1.871313,-1.890267,0.596734,-0.000362,-0.000001,0.000000,-0.000028,0.000925,-0.000014
4576.824000,-0.460743,0.105597,0.298045,-1.871259,-1.890326,0.596678,-0.000340,-0.000002,-0.000125,-0.000021,0.000541,-0.000012
4576.832000,-0.460749,0.105591,0.298030,-1.871262,-1.890329,0.596685,-0.000725,-0.000005,-0.001119,-0.000013,-0.000710,-0.000025
4576.840000,-0.460754,0.105589,0.298057,-1.871186,-1.890311,0.596773,-0.000475,-0.000002,-0.000334,-0.000031,0.000997,-0.000026
4576.848000,-0.460756,0.105612,0.298047,-1.871278,-1.890238,0.596737,-0.000917,0.000004,0.003193,-0.000217,0.011455,-0.000071
4576.856000,-0.460762,0.105602,0.298098,-1.871161,-1.890157,0.596863,-0.000658,0.000003,0.002111,-0.000152,0.008028,-0.000054
4576.864000,-0.460765,0.105602,0.298084,-1.871181,-1.890154,0.596857,-0.000442,0.000001,0.000897,-0.000084,0.004313,-0.000037
4576.872000,-0.460768,0.105588,0.298074,-1.871181,-1.890268,0.596835,-0.000580,-0.000002,-0.000216,-0.000042,0.001399,-0.000028
4576.880000,-0.460764,0.105600,0.298097,-1.871137,-1.890192,0.596881,-0.000525,-0.000002,-0.000279,-0.000034,0.000992,-0.000024
4576.888000,-0.460781,0.105590,0.298088,-1.871089,-1.890203,0.596893,-0.000410,-0.000001,0.000054,-0.000039,0.001591,-0.000023
4576.896000,-0.460781,0.105601,0.298066,-1.871164,-1.890188,0.596853,-0.000659,-0.000004,-0.000756,-0.000019,-0.000278,-0.000020
4576.904000,-0.460783,0.105590,0.298065,-1.871151,-1.890221,0.596850,-0.000658,-0.000004,-0.000767,-0.000018,-0.000374,-0.000019
4576.912000,-0.460783,0.105590,0.298064,-1.871134,-1.890249,0.596833,-0.000444,-0.000002,-0.000321,-0.000022,0.000407,-0.000016
4576.920000,-0.460788,0.105589,0.298063,-1.871120,-1.890241,0.596866,-0.000337,-0.000001,0.000006,-0.000029,0.001064,-0.000016
4576.928000,-0.460795,0.105594,0.298036,-1.871193,-1.890246,0.596819,-0.000317,-0.000001,0.000067,-0.000030,0.001198,-0.000016
4576.936000,-0.460787,0.105612,0.298084,-1.871140,-1.890118,0.596906,-0.000369,-0.000000,0.000357,-0.000047,0.002085,-0.000020
4576.944000,-0.460802,0.105595,0.298087,-1.871073,-1.890117,0.596968,-0.000870,-0.000000,0.001725,-0.000141,0.006729,-0.000046
4576.952000,-0.460803,0.105599,0.298102,-1.871011,-1.890136,0.597004,-0.000754,-0.000001,0.001221,-0.000111,0.005142,-0.000038
4576.960000,-0.460803,0.105614,0.298101,-1.871060,-1.890043,0.596968,-0.000484,0.000001,0.000699,-0.000080,0.004016,-0.000039
4576.968000,-0.460809,0.105614,0.298086,-1.871100,-1.890039,0.596956,-0.000417,0.000000,0.000323,-0.000059,0.002866,-0.000034
4576.976000,-0.460820,0.105595,0.298083,-1.871077,-1.890074,0.597006,-0.000503,-0.000001,-0.000203,-0.000041,0.001577,-0.000031
4576.984000,-0.460814,0.105588,0.298104,-1.871030,-1.890063,0.597085,-0.000503,-0.000001,-0.000203,-0.000041,0.001577,-0.000031
4576.992000,-0.460821,0.105618,0.298101,-1.871040,-1.889990,0.597054,-0.000432,-0.000001,-0.000014,-0.000043,0.001845,-0.000029
4577.000000,-0.460828,0.105590,0.298089,-1.871007,-1.890093,0.597029,-0.000458,-0.000001,0.000130,-0.000049,0.002085,-0.000028
4577.008000,-0.460829,0.105584,0.298101,-1.870944,-1.890120,0.597042,-0.000454,-0.000001,0.000105,-0.000046,0.001869,-0.000025
4577.016000,-0.460834,0.105614,0.298072,-1.871081,-1.890041,0.596963,-0.000453,-0.000001,0.000076,-0.000043,0.001682,-0.000023
4577.024000,-0.460840,0.105591,0.298082,-1.871025,-1.890058,0.597035,-0.000485,-0.000001,0.000250,-0.000052,0.002137,-0.000024
4577.032000,-0.460840,0.105588,0.298097,-1.871023,-1.890056,0.597096,-0.000483,-0.000001,0.000239,-0.000050,0.002042,-0.000023
4577.040000,-0.460849,0.105590,0.298056,-1.871057,-1.890121,0.596984,-0.000506,-0.000001,0.000371,-0.000057,0.002401,-0.000024
4577.048000,-0.460854,0.105588,0.298083,-1.870972,-1.890069,0.597106,-0.000690,-0.000003,-0.000219,-0.000043,0.001064,-0.000023
4577.056000,-0.460851,0.105585,0.298107,-1.870897,-1.890041,0.597115,-0.000544,-0.000002,0.000139,-0.000048,0.001768,-0.000022
4577.064000,-0.460852,0.105584,0.298094,-1.870946,-1.890051,0.597104,-0.000370,-0.000001,0.000171,-0.000038,0.001548,-0.000018
4577.072000,-0.460861,0.105592,0.298082,-1.871013,-1.890027,0.597136,-0.000288,-0.000001,0.000150,-0.000032,0.001342,-0.000016
4577.080000,-0.460862,0.105584,0.298106,-1.870959,-1.889974,0.597170,-0.000268,-0.000001,0.000040,-0.000025,0.001006,-0.000014
4577.088000,-0.460862,0.105611,0.298066,-1.871034,-1.890034,0.597048,-0.000574,-0.000004,-0.000921,-0.000004,-0.001084,-0.000013
4577.096000,-0.460867,0.105601,0.298090,-1.870986,-1.889978,0.597122,-0.000470,-0.000003,-0.000594,-0.000011,-0.000374,-0.000013
4577.104000,-0.460878,0.105584,0.298088,-1.870967,-1.889981,0.597161,-0.000426,-0.000001,0.000362,-0.000050,0.002171,-0.000021
4577.112000,-0.460879,0.105612,0.298098,-1.870961,-1.889883,0.597198,-0.001221,-0.000006,-0.000281,-0.000075,0.001825,-0.000036
4577.120000,-0.460883,0.105599,0.298105,-1.870934,-1.889915,0.597241,-0.000922,-0.000003,0.000423,-0.000090,0.003470,-0.000039
4577.128000,-0.460889,0.105582,0.298105,-1.870856,-1.889949,0.597275,-0.000517,-0.000001,0.000338,-0.000059,0.002516,-0.000027
4577.136000,-0.460885,0.105601,0.298101,-1.870919,-1.889884,0.597236,-0.000405,0.000002,0.000563,-0.000081,0.004414,-0.000050
4577.144000,-0.460893,0.105601,0.298090,-1.870866,-1.889898,0.597245,-0.000372,0.000002,0.000375,-0.000070,0.003839,-0.000047
4577.152000,-0.460898,0.105594,0.298105,-1.870892,-1.889864,0.597297,-0.000516,0.000000,-0.000140,-0.000057,0.002684,-0.000046
4577.160000,-0.460898,0.105590,0.298101,-1.870864,-1.889896,0.597270,-0.000502,-0.000001,-0.000227,-0.000046,0.001941,-0.000038
4577.168000,-0.460907,0.105577,0.298078,-1.870855,-1.889969,0.597269,-0.000442,-0.000001,-0.000153,-0.000040,0.001620,-0.000030
4577.176000,-0.460900,0.105584,0.298087,-1.870884,-1.889939,0.597234,-0.000339,-0.000000,0.000102,-0.000041,0.001888,-0.000026
4577.184000,-0.460907,0.105602,0.298072,-1.870884,-1.889931,0.597189,-0.000327,-0.000000,0.000083,-0.000037,0.001663,-0.000023
4577.192000,-0.460903,0.105618,0.298070,-1.870939,-1.889874,0.597185,-0.000698,-0.000005,-0.001275,-0.000000,-0.001525,-0.000018
4577.200000,-0.460912,0.105588,0.298069,-1.870897,-1.889959,0.597219,-0.000433,-0.000003,-0.000578,-0.000012,-0.000178,-0.000016
4577.208000,-0.460924,0.105584,0.298056,-1.870887,-1.889964,0.597211,-0.000301,-0.000001,-0.000265,-0.000016,0.000383,-0.000014
4577.216000,-0.460917,0.105591,0.298069,-1.870894,-1.889911,0.597205,-0.000242,-0.000001,-0.000107,-0.000018,0.000647,-0.000013
4577.224000,-0.460924,0.105601,0.298048,-1.870945,-1.889924,0.597170,-0.000240,-0.000001,-0.000116,-0.000017,0.000575,-0.000013
4577.232000,-0.460932,0.105616,0.298065,-1.870914,-1.889883,0.597227,-0.001304,0.000001,0.003159,-0.000233,0.011407,-0.000070
4577.240000,-0.460935,0.105597,0.298121,-1.870792,-1.889827,0.597421,-0.000791,-0.000001,0.001087,-0.000107,0.004778,-0.000037
4577.248000,-0.460935,0.105599,0.298075,-1.870867,-1.889888,0.597295,-0.000466,-0.000001,0.000512,-0.000059,0.002593,-0.000023
4577.256000,-0.460939,0.105592,0.298077,-1.870862,-1.889890,0.597326,-0.000348,-0.000001,0.000292,-0.000041,0.001764,-0.000017
4577.264000,-0.460941,0.105590,0.298098,-1.870800,-1.889844,0.597326,-0.000665,-0.000005,-0.000947,-0.000007,-0.001098,-0.000013
4577.272000,-0.460947,0.105587,0.298098,-1.870785,-1.889826,0.597408,-0.000665,-0.000005,-0.000949,-0.000007,-0.001122,-0.000013
4577.280000,-0.460952,0.105584,0.298088,-1.870824,-1.889852,0.597341,-0.000432,-0.000002,-0.000220,-0.000023,0.000445,-0.000014
4577.288000,-0.460955,0.105595,0.298074,-1.870839,-1.889844,0.597319,-0.000336,-0.000001,0.000077,-0.000030,0.001073,-0.000014
4577.296000,-0.460950,0.105595,0.298076,-1.870833,-1.889861,0.597305,-0.000284,-0.000001,0.000127,-0.000028,0.001102,-0.000013
4577.304000,-0.460969,0.105566,0.298075,-1.870802,-1.889904,0.597355,-0.000680,-0.000006,-0.001307,0.000009,-0.002138,-0.000009
4577.312000,-0.460959,0.105593,0.298067,-1.870835,-1.889876,0.597330,-0.000628,-0.000006,-0.001230,0.000009,-0.002018,-0.000009
4577.320000,-0.460965,0.105584,0.298070,-1.870806,-1.889879,0.597323,-0.000379,-0.000003,-0.000448,-0.000009,-0.000336,-0.000009
4577.328000,-0.460972,0.105587,0.298057,-1.870810,-1.889873,0.597355,-0.000289,-0.000002,-0.000166,-0.000015,0.000278,-0.000009
4577.336000,-0.460971,0.105615,0.298057,-1.870871,-1.889844,0.597301,-0.001379,-0.000005,0.000606,-0.000123,0.004342,-0.000045
4577.344000,-0.460982,0.105596,0.298120,-1.870685,-1.889701,0.597496,-0.000967,-0.000003,0.000899,-0.000108,0.004409,-0.000037
4577.352000,-0.460989,0.105600,0.298106,-1.870734,-1.889666,0.597516,-0.000557,0.000001,0.000649,-0.000086,0.004275,-0.000045
4577.360000,-0.460993,0.105584,0.298090,-1.870664,-1.889775,0.597478,-0.000502,0.000007,0.001143,-0.000147,0.008728,-0.000099
4577.368000,-0.460982,0.105611,0.298113,-1.870696,-1.889673,0.597502,-0.000411,0.000004,0.000927,-0.000106,0.006149,-0.000065
4577.376000,-0.460996,0.105583,0.298110,-1.870599,-1.889739,0.597557,-0.000381,0.000002,0.000742,-0.000083,0.004567,-0.000046
4577.384000,-0.461001,0.105589,0.298085,-1.870742,-1.889696,0.597507,-0.000563,-0.000001,-0.000105,-0.000051,0.002080,-0.000035
4577.392000,-0.460996,0.105602,0.298098,-1.870711,-1.889627,0.597521,-0.000519,-0.000002,-0.000359,-0.000033,0.001025,-0.000027
4577.400000,-0.461003,0.105578,0.298111,-1.870622,-1.889732,0.597546,-0.000386,-0.000001,-0.000028,-0.000037,0.001510,-0.000024
4577.408000,-0.461003,0.105612,0.298091,-1.870684,-1.889674,0.597487,-0.000343,-0.000000,0.000070,-0.000036,0.001562,-0.000022
4577.416000,-0.461007,0.105611,0.298085,-1.870725,-1.889678,0.597487,-0.000776,-0.000005,-0.000783,-0.000027,-0.000096,-0.000024
4577.424000,-0.461018,0.105589,0.298086,-1.870700,-1.889675,0.597545,-0.000637,-0.000003,-0.000365,-0.000035,0.000723,-0.000023
4577.432000,-0.461028,0.105570,0.298105,-1.870604,-1.889735,0.597622,-0.000692,0.000001,0.001593,-0.000125,0.006130,-0.000041
4577.440000,-0.461029,0.105588,0.298118,-1.870649,-1.889630,0.597628,-0.000588,0.000001,0.001641,-0.000119,0.006029,-0.000038
4577.448000,-0.461028,0.105588,0.298094,-1.870636,-1.889707,0.597562,-0.000482,0.000000,0.001045,-0.000085,0.004160,-0.000029
4577.456000,-0.461029,0.105590,0.298102,-1.870658,-1.889647,0.597568,-0.000376,-0.000000,0.000452,-0.000051,0.002315,-0.000020
4577.464000,-0.461032,0.105600,0.298118,-1.870591,-1.889630,0.597609,-0.000393,-0.000001,-0.000022,-0.000030,0.001011,-0.000016
4577.472000,-0.461032,0.105587,0.298142,-1.870597,-1.889548,0.597656,-0.000385,-0.000002,-0.000067,-0.000028,0.000843,-0.000015
4577.480000,-0.461038,0.105602,0.298121,-1.870580,-1.889582,0.597618,-0.000546,-0.000000,0.000863,-0.000079,0.003666,-0.000027
4577.488000,-0.461045,0.105596,0.298136,-1.870539,-1.889547,0.597699,-0.000545,-0.000000,0.000860,-0.000079,0.003642,-0.000027
4577.496000,-0.461049,0.105586,0.298108,-1.870598,-1.889658,0.597662,-0.000554,-0.000002,0.000273,-0.000053,0.002018,-0.000021
4577.504000,-0.461053,0.105591,0.298129,-1.870526,-1.889595,0.597653,-0.000483,-0.000002,-0.000129,-0.000030,0.000771,-0.000016
4577.512000,-0.461054,0.105582,0.298114,-1.870572,-1.889648,0.597674,-0.000538,-0.000004,-0.000632,-0.000012,-0.000508,-0.000012
4577.520000,-0.461050,0.105595,0.298123,-1.870569,-1.889585,0.597671,-0.000530,-0.000004,-0.000674,-0.000009,-0.000652,-0.000012
4577.528000,-0.461068,0.105594,0.298101,-1.870578,-1.889600,0.597674,-0.000376,-0.000002,-0.000192,-0.000020,0.000378,-0.000012
4577.536000,-0.461070,0.105596,0.298110,-1.870555,-1.889562,0.597679,-0.000356,-0.000002,-0.000133,-0.000021,0.000489,-0.000012
4577.544000,-0.461083,0.105577,0.298099,-1.870526,-1.889614,0.597717,-0.000601,-0.000004,-0.000623,-0.000016,-0.000417,-0.000013
4577.552000,-0.461079,0.105588,0.298106,-1.870556,-1.889553,0.597737,-0.000665,-0.000000,-0.000233,-0.000066,0.002914,-0.000053
4577.560000,-0.461080,0.105589,0.298115,-1.870493,-1.889528,0.597767,-0.000480,0.000002,0.000349,-0.000079,0.004179,-0.000053
4577.568000,-0.461086,0.105586,0.298112,-1.870445,-1.889554,0.597734,-0.000432,0.000002,0.000524,-0.000084,0.004572,-0.000054
4577.576000,-0.461087,0.105600,0.298136,-1.870494,-1.889437,0.597828,-0.000413,0.000001,0.000409,-0.000069,0.003590,-0.000042
4577.584000,-0.461095,0.105596,0.298142,-1.870399,-1.889468,0.597830,-0.000772,0.000002,0.001858,-0.000152,0.007774,-0.000058
4577.592000,-0.461096,0.105595,0.298137,-1.870464,-1.889452,0.597838,-0.000558,0.000000,0.000651,-0.000080,0.003820,-0.000037
4577.600000,-0.461089,0.105589,0.298147,-1.870448,-1.889482,0.597828,-0.000471,-0.000001,0.000158,-0.000050,0.002142,-0.000028
4577.608000,-0.461101,0.105583,0.298134,-1.870503,-1.889452,0.597864,-0.000364,-0.000001,0.000095,-0.000039,0.001653,-0.000022
4577.616000,-0.461104,0.105584,0.298136,-1.870424,-1.889479,0.597852,-0.000584,-0.000004,-0.000758,-0.000015,-0.000384,-0.000019
4577.624000,-0.461108,0.105590,0.298132,-1.870420,-1.889444,0.597855,-0.000582,-0.000004,-0.000772,-0.000013,-0.000504,-0.000017
4577.632000,-0.461109,0.105579,0.298110,-1.870459,-1.889529,0.597783,-0.000440,-0.000002,-0.000342,-0.000021,0.000359,-0.000016
4577.640000,-0.461109,0.105588,0.298126,-1.870423,-1.889484,0.597857,-0.000332,-0.000001,-0.000015,-0.000028,0.001016,-0.000016
4577.648000,-0.461114,0.105576,0.298136,-1.870426,-1.889471,0.597909,-0.000287,-0.000001,0.000120,-0.000030,0.001275,-0.000016
4577.656000,-0.461114,0.105608,0.298102,-1.870521,-1.889484,0.597811,-0.000269,-0.000001,0.000018,-0.000024,0.000915,-0.000013
4577.664000,-0.461120,0.105583,0.298119,-1.870425,-1.889478,0.597853,-0.000447,-0.000003,-0.000672,-0.000005,-0.000671,-0.000011
4577.672000,-0.461135,0.105587,0.298084,-1.870489,-1.889534,0.597804,-0.000445,-0.000003,-0.000685,-0.000004,-0.000743,-0.000011
4577.680000,-0.461124,0.105584,0.298127,-1.870365,-1.889477,0.597859,-0.000403,-0.000003,-0.000556,-0.000007,-0.000480,-0.000011
4577.688000,-0.461141,0.105584,0.298105,-1.870423,-1.889488,0.597932,-0.000774,-0.000005,-0.000581,-0.000031,0.000100,-0.000020
4577.696000,-0.461146,0.105588,0.298119,-1.870407,-1.889443,0.597902,-0.001104,-0.000001,0.001675,-0.000153,0.006877,-0.000049
4577.704000,-0.461145,0.105590,0.298117,-1.870431,-1.889443,0.597940,-0.000553,-0.000001,0.000613,-0.000069,0.002981,-0.000025
4577.712000,-0.461145,0.105598,0.298140,-1.870380,-1.889354,0.597992,-0.000406,-0.000001,0.000273,-0.000044,0.001783,-0.000018
4577.720000,-0.461159,0.105578,0.298113,-1.870370,-1.889419,0.597942,-0.000397,0.000001,0.000238,-0.000057,0.002861,-0.000037
4577.728000,-0.461155,0.105587,0.298116,-1.870346,-1.889388,0.597890,-0.000422,-0.000000,-0.000037,-0.000047,0.002152,-0.000035
4577.736000,-0.461156,0.105587,0.298131,-1.870358,-1.889353,0.598024,-0.000422,-0.000000,-0.000037,-0.000047,0.002152,-0.000035
4577.744000,-0.461159,0.105583,0.298124,-1.870323,-1.889370,0.597995,-0.000416,-0.000000,-0.000071,-0.000042,0.001864,-0.000031
4577.752000,-0.461157,0.105600,0.298119,-1.870400,-1.889336,0.597961,-0.000339,0.000000,0.000102,-0.000041,0.001936,-0.000027
4577.760000,-0.461161,0.105600,0.298128,-1.870356,-1.889290,0.598021,-0.000288,0.000000,0.000209,-0.000040,0.001955,-0.000023
4577.768000,-0.461169,0.105600,0.298108,-1.870373,-1.889330,0.597977,-0.000645,-0.000004,-0.001032,-0.000008,-0.000935,-0.000019
4577.776000,-0.461171,0.105577,0.298094,-1.870383,-1.889416,0.597959,-0.000628,-0.000005,-0.001127,-0.000001,-0.001318,-0.000016
4577.784000,-0.461173,0.105602,0.298100,-1.870388,-1.889330,0.597932,-0.000411,-0.000002,-0.000503,-0.000013,-0.000072,-0.000015
4577.792000,-0.461173,0.105592,0.298127,-1.870295,-1.889332,0.598059,-0.000301,-0.000001,-0.000168,-0.000020,0.000604,-0.000015
4577.800000,-0.461170,0.105615,0.298138,-1.870339,-1.889257,0.598045,-0.000450,-0.000000,0.000675,-0.000066,0.003120,-0.000025
4577.808000,-0.461191,0.105585,0.298134,-1.870283,-1.889291,0.598045,-0.000895,-0.000002,0.000795,-0.000102,0.004232,-0.000038
4577.816000,-0.461201,0.105589,0.298137,-1.870297,-1.889251,0.598105,-0.000738,-0.000002,0.000669,-0.000085,0.003604,-0.000033
4577.824000,-0.461193,0.105590,0.298119,-1.870289,-1.889304,0.598040,-0.000457,-0.000001,0.000368,-0.000053,0.002276,-0.000023
4577.832000,-0.461200,0.105586,0.298132,-1.870236,-1.889323,0.598123,-0.000402,-0.000001,0.000055,-0.000036,0.001318,-0.000018
4577.840000,-0.461202,0.105600,0.298128,-1.870273,-1.889248,0.598096,-0.000589,-0.000004,-0.000732,-0.000013,-0.000504,-0.000016
4577.848000,-0.461202,0.105593,0.298117,-1.870295,-1.889324,0.598048,-0.000511,-0.000003,-0.000485,-0.000019,0.000033,-0.000016
4577.856000,-0.461203,0.105587,0.298134,-1.870278,-1.889268,0.598136,-0.000368,-0.000001,-0.000035,-0.000029,0.001011,-0.000016
4577.864000,-0.461203,0.105595,0.298111,-1.870338,-1.889261,0.598048,-0.000312,-0.000001,0.000141,-0.000033,0.001395,-0.000017
4577.872000,-0.461211,0.105588,0.298119,-1.870251,-1.889323,0.598078,-0.000307,-0.000001,0.000110,-0.000032,0.001299,-0.000016
4577.880000,-0.461224,0.105582,0.298088,-1.870259,-1.889375,0.598038,-0.000504,-0.000003,-0.000696,-0.000009,-0.000556,-0.000014
4577.888000,-0.461215,0.105594,0.298129,-1.870276,-1.889251,0.598104,-0.000493,-0.000003,-0.000709,-0.000008,-0.000614,-0.000013
4577.896000,-0.461220,0.105602,0.298102,-1.870300,-1.889237,0.598055,-0.000415,-0.000002,-0.000462,-0.000013,-0.000077,-0.000014
4577.904000,-0.461229,0.105594,0.298086,-1.870304,-1.889323,0.598026,-0.000414,-0.000002,-0.000465,-0.000013,-0.000101,-0.000013
4577.912000,-0.461232,0.105600,0.298094,-1.870327,-1.889233,0.598088,-0.000818,0.000002,0.002427,-0.000168,0.008550,-0.000051
4577.920000,-0.461242,0.105591,0.298150,-1.870163,-1.889166,0.598201,-0.000972,0.000003,0.003296,-0.000218,0.011210,-0.000063
4577.928000,-0.461245,0.105612,0.298138,-1.870197,-1.889115,0.598208,-0.000908,-0.000003,0.000398,-0.000085,0.003148,-0.000034
4577.936000,-0.461243,0.105594,0.298138,-1.870108,-1.889166,0.598250,-0.000602,-0.000000,0.000287,-0.000073,0.003316,-0.000042
4577.944000,-0.461253,0.105581,0.298134,-1.870132,-1.889160,0.598308,-0.000509,0.000006,0.000920,-0.000137,0.008085,-0.000096
4577.952000,-0.461244,0.105594,0.298155,-1.870115,-1.889107,0.598302,-0.000361,0.000004,0.000604,-0.000089,0.005176,-0.000061
4577.960000,-0.461260,0.105588,0.298131,-1.870134,-1.889132,0.598303,-0.000277,0.000002,0.000407,-0.000061,0.003465,-0.000041
4577.968000,-0.461251,0.105612,0.298143,-1.870126,-1.889063,0.598284,-0.000243,0.000001,0.000256,-0.000046,0.002497,-0.000030
4577.976000,-0.461254,0.105611,0.298130,-1.870166,-1.889066,0.598285,-0.000614,-0.000004,-0.001051,-0.000009,-0.000700,-0.000024
4577.984000,-0.461266,0.105593,0.298130,-1.870124,-1.889121,0.598305,-0.000491,-0.000003,-0.000714,-0.000013,-0.000182,-0.000020
4577.992000,-0.461265,0.105576,0.298131,-1.870109,-1.889182,0.598309,-0.000336,-0.000001,-0.000263,-0.000021,0.000637,-0.000018
4578.000000,-0.461263,0.105617,0.298110,-1.870186,-1.889078,0.598235,-0.000291,-0.000001,-0.000147,-0.000022,0.000781,-0.000017
4578.008000,-0.461273,0.105600,0.298141,-1.870059,-1.889092,0.598328,-0.000719,-0.000005,-0.000981,-0.000013,-0.000815,-0.000019
4578.016000,-0.461275,0.105609,0.298154,-1.870110,-1.889046,0.598367,-0.000940,-0.000001,0.001175,-0.000122,0.005430,-0.000044
4578.024000,-0.461286,0.105587,0.298163,-1.870067,-1.889028,0.598340,-0.000573,-0.000000,0.000853,-0.000083,0.003844,-0.000031
4578.032000,-0.461280,0.105600,0.298181,-1.870035,-1.888976,0.598445,-0.000449,0.000000,0.000865,-0.000074,0.003609,-0.000027
4578.040000,-0.461289,0.105587,0.298156,-1.870035,-1.889074,0.598397,-0.000403,0.000001,0.001001,-0.000077,0.003868,-0.000026
4578.048000,-0.461288,0.105589,0.298185,-1.870000,-1.888986,0.598473,-0.000317,0.000000,0.000591,-0.000053,0.002559,-0.000020
4578.056000,-0.461285,0.105615,0.298155,-1.870105,-1.889010,0.598372,-0.000684,-0.000005,-0.000963,-0.000008,-0.001074,-0.000014
4578.064000,-0.461294,0.105582,0.298149,-1.870033,-1.889094,0.598391,-0.000559,-0.000004,-0.000806,-0.000006,-0.000882,-0.000012
4578.072000,-0.461296,0.105588,0.298133,-1.870080,-1.889113,0.598324,-0.000353,-0.000002,-0.000319,-0.000014,0.000067,-0.000011
4578.080000,-0.461300,0.105591,0.298133,-1.870114,-1.889078,0.598390,-0.000306,-0.000002,-0.000216,-0.000015,0.000235,-0.000010
4578.088000,-0.461308,0.105590,0.298104,-1.870120,-1.889135,0.598354,-0.000709,-0.000006,-0.001489,0.000014,-0.002550,-0.000009
4578.096000,-0.461299,0.105615,0.298126,-1.870136,-1.889040,0.598331,-0.000515,-0.000004,-0.000880,0.000001,-0.001227,-0.000009
4578.104000,-0.461313,0.105587,0.298126,-1.870086,-1.889103,0.598351,-0.000341,-0.000002,-0.000336,-0.000011,-0.000063,-0.000010
4578.112000,-0.461306,0.105600,0.298147,-1.870073,-1.889007,0.598383,-0.000329,-0.000001,0.000039,-0.000027,0.000930,-0.000013
4578.120000,-0.461327,0.105585,0.298133,-1.870045,-1.889062,0.598358,-0.000886,-0.000002,0.000917,-0.000104,0.004318,-0.000035
4578.120000,-0.461335,0.105571,0.298165,-1.869962,-1.888997,0.598533,-0.000919,-0.000002,0.001105,-0.000114,0.004893,-0.000038
4578.136000,-0.461327,0.105601,0.298157,-1.870053,-1.888933,0.598439,-0.000654,-0.000001,0.000863,-0.000085,0.003738,-0.000028
4578.144000,-0.461325,0.105585,0.298169,-1.869983,-1.888976,0.598463,-0.000413,-0.000001,0.000438,-0.000050,0.002142,-0.000018
4578.152000,-0.461327,0.105583,0.298194,-1.869867,-1.888961,0.598563,-0.000301,-0.000001,0.000298,-0.000036,0.001543,-0.000014
4578.160000,-0.461326,0.105599,0.298181,-1.869944,-1.888927,0.598529,-0.000240,-0.000000,0.000223,-0.000029,0.001227,-0.000011
4578.168000,-0.461337,0.105599,0.298165,-1.869985,-1.888922,0.598517,-0.000215,-0.000001,0.000131,-0.000023,0.000930,-0.000010
4578.176000,-0.461342,0.105589,0.298165,-1.869930,-1.888926,0.598539,-0.000716,-0.000007,-0.001571,0.000019,-0.002838,-0.000007
4578.184000,-0.461348,0.105596,0.298154,-1.869913,-1.888935,0.598593,-0.000480,-0.000001,-0.000391,-0.000039,0.001567,-0.000037
4578.192000,-0.461345,0.105593,0.298161,-1.869881,-1.888935,0.598578,-0.000357,0.000001,-0.000002,-0.000047,0.002411,-0.000038
4578.200000,-0.461347,0.105599,0.298165,-1.869926,-1.888860,0.598598,-0.000357,0.000001,-0.000002,-0.000047,0.002411,-0.000038
4578.208000,-0.461354,0.105597,0.298138,-1.869987,-1.888936,0.598542,-0.000670,-0.000004,-0.001102,-0.000014,-0.000461,-0.000029
4578.216000,-0.461364,0.105586,0.298146,-1.869893,-1.888917,0.598534,-0.000489,-0.000001,-0.000255,-0.000036,0.001260,-0.000028
4578.224000,-0.461367,0.105608,0.298150,-1.869943,-1.888867,0.598602,-0.000551,0.000001,0.001157,-0.000100,0.005056,-0.000040
4578.232000,-0.461374,0.105588,0.298192,-1.869814,-1.888836,0.598689,-0.000641,0.000003,0.002178,-0.000150,0.007879,-0.000049
4578.240000,-0.461374,0.105591,0.298188,-1.869839,-1.888836,0.598727,-0.000548,0.000002,0.001750,-0.000123,0.006446,-0.000041
4578.248000,-0.461375,0.105599,0.298197,-1.869837,-1.888768,0.598720,-0.000382,0.000001,0.000810,-0.000070,0.003571,-0.000028
4578.256000,-0.461383,0.105565,0.298198,-1.869783,-1.888833,0.598770,-0.000465,-0.000001,-0.000026,-0.000039,0.001428,-0.000023
4578.264000,-0.461390,0.105577,0.298145,-1.869855,-1.888921,0.598617,-0.000432,-0.000002,-0.000214,-0.000029,0.000853,-0.000020
4578.272000,-0.461386,0.105575,0.298155,-1.869846,-1.888904,0.598675,-0.000389,-0.000002,-0.000261,-0.000024,0.000647,-0.000018
4578.280000,-0.461386,0.105594,0.298163,-1.869853,-1.888828,0.598669,-0.000784,-0.000007,-0.001627,0.000010,-0.002392,-0.000016
4578.288000,-0.461391,0.105591,0.298145,-1.869937,-1.888867,0.598658,-0.000581,-0.000004,-0.001049,-0.000002,-0.001170,-0.000016
4578.296000,-0.461396,0.105601,0.298129,-1.869922,-1.888862,0.598560,-0.000368,-0.000002,-0.000378,-0.000017,0.000287,-0.000017
4578.304000,-0.461399,0.105582,0.298156,-1.869809,-1.888881,0.598682,-0.000303,-0.000001,-0.000178,-0.000021,0.000704,-0.000017
4578.312000,-0.461396,0.105598,0.298149,-1.869917,-1.888809,0.598670,-0.000301,-0.000001,-0.000192,-0.000019,0.000585,-0.000015
4578.320000,-0.461410,0.105581,0.298146,-1.869847,-1.888858,0.598707,-0.000406,-0.000002,-0.000188,-0.000026,0.000723,-0.000017
4578.328000,-0.461405,0.105611,0.298135,-1.869905,-1.888806,0.598616,-0.000405,-0.000002,-0.000196,-0.000025,0.000652,-0.000016
4578.336000,-0.461411,0.105589,0.298186,-1.869756,-1.888767,0.598759,-0.000849,0.000001,0.002313,-0.000166,0.008296,-0.000051
4578.344000,-0.461409,0.105610,0.298220,-1.869717,-1.888666,0.598843,-0.000643,0.000001,0.001741,-0.000125,0.006312,-0.000039
4578.352000,-0.461416,0.105597,0.298201,-1.869758,-1.888699,0.598857,-0.000422,0.000000,0.000713,-0.000065,0.003082,-0.000024
4578.360000,-0.461423,0.105585,0.298183,-1.869726,-1.888774,0.598756,-0.000563,-0.000003,-0.000363,-0.000027,0.000354,-0.000017
4578.368000,-0.461426,0.105610,0.298161,-1.869802,-1.888774,0.598709,-0.000525,-0.000003,-0.000578,-0.000014,-0.000317,-0.000014
4578.376000,-0.461425,0.105595,0.298188,-1.869757,-1.888756,0.598844,-0.000444,-0.000003,-0.000518,-0.000011,-0.000297,-0.000012
4578.384000,-0.461436,0.105601,0.298156,-1.869802,-1.888714,0.598746,-0.000433,-0.000003,-0.000580,-0.000008,-0.000489,-0.000011
4578.392000,-0.461435,0.105607,0.298151,-1.869782,-1.888773,0.598776,-0.000621,-0.000005,-0.001172,0.000005,-0.001774,-0.000010
4578.400000,-0.461436,0.105609,0.298140,-1.869778,-1.888801,0.598713,-0.000504,-0.000002,-0.000536,-0.000027,0.000733,-0.000029
4578.408000,-0.461444,0.105596,0.298164,-1.869698,-1.888719,0.598795,-0.000504,-0.000002,-0.000536,-0.000028,0.000733,-0.000029
4578.416000,-0.461450,0.105582,0.298156,-1.869702,-1.888722,0.598872,-0.000501,0.000005,0.000388,-0.000112,0.006599,-0.000091
4578.424000,-0.461460,0.105592,0.298146,-1.869733,-1.888737,0.598843,-0.000396,0.000002,0.000185,-0.000070,0.003906,-0.000055
4578.432000,-0.461463,0.105588,0.298129,-1.869730,-1.888742,0.598812,-0.000727,-0.000004,-0.001143,-0.000022,-0.000053,-0.000037
4578.440000,-0.461456,0.105609,0.298132,-1.869778,-1.888707,0.598799,-0.000544,-0.000002,-0.000706,-0.000023,0.000354,-0.000029
4578.448000,-0.461466,0.105593,0.298153,-1.869696,-1.888691,0.598881,-0.000581,0.000001,0.001032,-0.000099,0.004922,-0.000042
4578.456000,-0.461477,0.105582,0.298183,-1.869590,-1.888667,0.598950,-0.000789,0.000004,0.002849,-0.000191,0.010094,-0.000061
4578.464000,-0.461476,0.105588,0.298199,-1.869613,-1.888577,0.599012,-0.000476,0.000002,0.001447,-0.000106,0.005564,-0.000038
4578.472000,-0.461473,0.105597,0.298182,-1.869627,-1.888627,0.598977,-0.000341,0.000001,0.000752,-0.000065,0.003321,-0.000026
4578.480000,-0.461480,0.105593,0.298186,-1.869602,-1.888617,0.598989,-0.000528,-0.000003,-0.000336,-0.000028,0.000599,-0.000020
4578.488000,-0.461481,0.105599,0.298198,-1.869616,-1.888580,0.598987,-0.000518,-0.000003,-0.000391,-0.000025,0.000383,-0.000018
4578.496000,-0.461486,0.105593,0.298157,-1.869718,-1.888638,0.598902,-0.000460,-0.000002,-0.000226,-0.000027,0.000671,-0.000017
4578.504000,-0.461491,0.105577,0.298167,-1.869614,-1.888667,0.598952,-0.000353,-0.000001,0.000104,-0.000034,0.001351,-0.000017
4578.512000,-0.461496,0.105592,0.298153,-1.869679,-1.888650,0.598927,-0.000330,-0.000001,0.000169,-0.000035,0.001457,-0.000017
4578.520000,-0.461495,0.105595,0.298162,-1.869695,-1.888600,0.598907,-0.000499,-0.000003,-0.000603,-0.000012,-0.000389,-0.000013
4578.528000,-0.461498,0.105588,0.298153,-1.869696,-1.888661,0.598902,-0.000480,-0.000003,-0.000711,-0.000006,-0.000748,-0.000011
4578.536000,-0.461507,0.105562,0.298146,-1.869650,-1.888733,0.598978,-0.000404,-0.000003,-0.000549,-0.000007,-0.000456,-0.000011
4578.544000,-0.461504,0.105578,0.298146,-1.869693,-1.888650,0.598915,-0.000344,-0.000002,-0.000369,-0.000011,-0.000101,-0.000010
4578.552000,-0.461509,0.105577,0.298144,-1.869676,-1.888685,0.598910,-0.000344,-0.000002,-0.000372,-0.000010,-0.000125,-0.000010
4578.560000,-0.461504,0.105614,0.298136,-1.869672,-1.888664,0.598873,-0.000480,-0.000004,-0.000807,-0.000000,-0.001088,-0.000009
4578.568000,-0.461512,0.105613,0.298127,-1.869756,-1.888585,0.598843,-0.000463,-0.000003,-0.000414,-0.000016,-0.000058,-0.000012
4578.576000,-0.461518,0.105588,0.298145,-1.869637,-1.888667,0.598922,-0.000342,-0.000001,-0.000035,-0.000025,0.000767,-0.000013
4578.584000,-0.461527,0.105583,0.298175,-1.869565,-1.888586,0.599018,-0.000557,0.000001,0.001405,-0.000103,0.005085,-0.000032
4578.592000,-0.461532,0.105586,0.298166,-1.869584,-1.888603,0.599041,-0.001155,-0.000004,0.000468,-0.000102,0.003575,-0.000038
4578.600000,-0.461539,0.105571,0.298148,-1.869628,-1.888634,0.598989,-0.000607,-0.000002,0.000501,-0.000066,0.002679,-0.000024
4578.608000,-0.461532,0.105591,0.298187,-1.869544,-1.888563,0.599084,-0.000393,-0.000001,0.000304,-0.000043,0.001740,-0.000016
4578.616000,-0.461532,0.105593,0.298174,-1.869613,-1.888505,0.599068,-0.000293,-0.000001,0.000229,-0.000033,0.001356,-0.000013
4578.624000,-0.461533,0.105586,0.298169,-1.869542,-1.888582,0.599078,-0.000255,-0.000001,0.000116,-0.000025,0.000978,-0.000011
4578.632000,-0.461547,0.105589,0.298160,-1.869551,-1.888525,0.599068,-0.000288,0.000002,0.000328,-0.000060,0.003350,-0.000042
4578.640000,-0.461543,0.105575,0.298182,-1.869528,-1.888522,0.599161,-0.000459,-0.000000,-0.000308,-0.000043,0.001912,-0.000040
4578.648000,-0.461548,0.105588,0.298151,-1.869577,-1.888512,0.599089,-0.000448,-0.000000,-0.000371,-0.000039,0.001672,-0.000038
4578.656000,-0.461544,0.105591,0.298176,-1.869507,-1.888523,0.599135,-0.000340,-0.000000,-0.000178,-0.000033,0.001514,-0.000029
4578.664000,-0.461552,0.105594,0.298145,-1.869587,-1.888491,0.599073,-0.000273,0.000000,-0.000046,-0.000031,0.001462,-0.000024
4578.672000,-0.461561,0.105582,0.298138,-1.869552,-1.888577,0.599051,-0.000676,-0.000005,-0.001371,0.000003,-0.001649,-0.000019
4578.680000,-0.461565,0.105559,0.298160,-1.869480,-1.888578,0.599144,-0.000672,-0.000005,-0.001394,0.000006,-0.001841,-0.000017
4578.688000,-0.461569,0.105571,0.298139,-1.869537,-1.888584,0.599073,-0.000454,-0.000002,-0.000187,-0.000031,0.000968,-0.000021
4578.696000,-0.461563,0.105579,0.298169,-1.869501,-1.888511,0.599104,-0.000481,0.000000,0.000878,-0.000079,0.003858,-0.000030
4578.704000,-0.461570,0.105593,0.298188,-1.869472,-1.888427,0.599199,-0.000753,0.000003,0.002769,-0.000181,0.009470,-0.000054
4578.712000,-0.461580,0.105569,0.298185,-1.869474,-1.888488,0.599227,-0.000578,0.000002,0.001773,-0.000124,0.006379,-0.000040
4578.720000,-0.461572,0.105616,0.298182,-1.869558,-1.888347,0.599173,-0.000649,-0.000003,-0.000048,-0.000047,0.001466,-0.000024
4578.728000,-0.461579,0.105612,0.298168,-1.869442,-1.888449,0.599119,-0.000514,-0.000002,-0.000218,-0.000030,0.000728,-0.000018
4578.736000,-0.461584,0.105588,0.298183,-1.869463,-1.888440,0.599203,-0.000351,-0.000001,-0.000030,-0.000027,0.000920,-0.000015
4578.744000,-0.461591,0.105582,0.298167,-1.869481,-1.888457,0.599191,-0.000276,-0.000001,0.000088,-0.000027,0.001078,-0.000014
4578.752000,-0.461589,0.105571,0.298160,-1.869498,-1.888520,0.599148,-0.000273,-0.000001,0.000094,-0.000027,0.001073,-0.000013
4578.760000,-0.461595,0.105586,0.298150,-1.869509,-1.888492,0.599156,-0.000472,-0.000003,-0.000535,-0.000012,-0.000312,-0.000012
4578.768000,-0.461596,0.105588,0.298171,-1.869444,-1.888441,0.599210,-0.000472,-0.000003,-0.000535,-0.000012,-0.000312,-0.000012
4578.776000,-0.461606,0.105575,0.298138,-1.869502,-1.888507,0.599167,-0.000410,-0.000002,-0.000341,-0.000017,0.000110,-0.000013
4578.784000,-0.461598,0.105611,0.298149,-1.869539,-1.888394,0.599150,-0.000320,-0.000002,-0.000181,-0.000018,0.000388,-0.000012
4578.792000,-0.461601,0.105611,0.298151,-1.869531,-1.888387,0.599160,-0.000320,-0.000002,-0.000181,-0.000018,0.000388,-0.000012
4578.800000,-0.461621,0.105579,0.298155,-1.869449,-1.888466,0.599256,-0.000691,-0.000001,0.000784,-0.000086,0.003700,-0.000030
4578.808000,-0.461613,0.105589,0.298208,-1.869397,-1.888295,0.599345,-0.000704,-0.000001,0.000854,-0.000090,0.003915,-0.000031
4578.816000,-0.461611,0.105612,0.298196,-1.869421,-1.888290,0.599275,-0.000617,0.000001,0.001233,-0.000105,0.005186,-0.000039
4578.824000,-0.461618,0.105587,0.298204,-1.869338,-1.888316,0.599389,-0.000427,0.000000,0.000724,-0.000070,0.003446,-0.000029
4578.832000,-0.461622,0.105598,0.298198,-1.869311,-1.888287,0.599403,-0.000477,0.000007,0.001069,-0.000141,0.008454,-0.000097
4578.840000,-0.461628,0.105581,0.298195,-1.869314,-1.888313,0.599412,-0.000587,0.000001,-0.000114,-0.000070,0.003431,-0.000057
4578.848000,-0.461630,0.105597,0.298195,-1.869330,-1.888267,0.599434,-0.000561,-0.000001,-0.000280,-0.000049,0.002017,-0.000041
4578.856000,-0.461641,0.105606,0.298182,-1.869281,-1.888299,0.599442,-0.000574,0.000001,0.000952,-0.000098,0.004956,-0.000045
4578.864000,-0.461649,0.105601,0.298196,-1.869304,-1.888189,0.599438,-0.000566,0.000001,0.000904,-0.000092,0.004548,-0.000040
4578.872000,-0.461648,0.105593,0.298184,-1.869319,-1.888264,0.599413,-0.000485,-0.000000,0.000440,-0.000064,0.002943,-0.000031
4578.880000,-0.461647,0.105613,0.298184,-1.869303,-1.888226,0.599363,-0.000460,-0.000001,-0.000027,-0.000040,0.001495,-0.000024
4578.888000,-0.461656,0.105582,0.298199,-1.869275,-1.888241,0.599475,-0.000442,-0.000002,-0.000130,-0.000033,0.001088,-0.000021
4578.896000,-0.461654,0.105614,0.298186,-1.869341,-1.888224,0.599417,-0.000364,-0.000001,0.000095,-0.000036,0.001486,-0.000020
4578.904000,-0.461662,0.105584,0.298194,-1.869301,-1.888267,0.599489,-0.000428,-0.000000,0.000454,-0.000056,0.002540,-0.000024
4578.912000,-0.461664,0.105580,0.298198,-1.869246,-1.888294,0.599479,-0.000426,-0.000000,0.000443,-0.000055,0.002444,-0.000023
4578.920000,-0.461670,0.105598,0.298204,-1.869296,-1.888171,0.599498,-0.000498,-0.000001,0.000208,-0.000049,0.001898,-0.000022
4578.928000,-0.461667,0.105607,0.298188,-1.869339,-1.888191,0.599498,-0.000577,-0.000003,-0.000258,-0.000033,0.000733,-0.000019
4578.936000,-0.461678,0.105592,0.298199,-1.869289,-1.888216,0.599491,-0.000797,-0.000001,0.000990,-0.000103,0.004519,-0.000036
4578.944000,-0.461686,0.105585,0.298209,-1.869222,-1.888200,0.599564,-0.000681,0.000000,0.001347,-0.000110,0.005257,-0.000036
4578.952000,-0.461693,0.105571,0.298207,-1.869191,-1.888222,0.599551,-0.000484,-0.000001,0.000550,-0.000062,0.002703,-0.000023
4578.960000,-0.461690,0.105588,0.298180,-1.869318,-1.888209,0.599458,-0.000643,-0.000004,-0.000604,-0.000021,-0.000207,-0.000016
4578.968000,-0.461684,0.105615,0.298200,-1.869286,-1.888138,0.599500,-0.000618,-0.000004,-0.000642,-0.000017,-0.000369,-0.000015
4578.976000,-0.461686,0.105620,0.298204,-1.869282,-1.888117,0.599529,-0.000419,-0.000002,-0.000018,-0.000031,0.000968,-0.000015
4578.984000,-0.461698,0.105576,0.298197,-1.869204,-1.888234,0.599524,-0.000337,-0.000001,0.000236,-0.000037,0.001500,-0.000015
4578.992000,-0.461687,0.105610,0.298196,-1.869276,-1.888143,0.599491,-0.000277,-0.000000,0.000291,-0.000035,0.001543,-0.000014
4579.000000,-0.461702,0.105583,0.298191,-1.869258,-1.888228,0.599564,-0.000234,-0.000000,0.000192,-0.000027,0.001179,-0.000012
4579.008000,-0.461705,0.105584,0.298186,-1.869201,-1.888216,0.599491,-0.000216,-0.000001,0.000090,-0.000022,0.000867,-0.000010
4579.016000,-0.461710,0.105593,0.298180,-1.869255,-1.888195,0.599506,-0.000370,-0.000003,-0.000494,-0.000006,-0.000456,-0.000009
4579.024000,-0.461703,0.105587,0.298194,-1.869242,-1.888182,0.599534,-0.000370,-0.000003,-0.000493,-0.000006,-0.000456,-0.000009
4579.032000,-0.461712,0.105579,0.298190,-1.869151,-1.888269,0.599562,-0.000370,-0.000003,-0.000494,-0.000006,-0.000456,-0.000009
4579.040000,-0.461709,0.105608,0.298194,-1.869248,-1.888127,0.599557,-0.000286,-0.000002,-0.000229,-0.000012,0.000120,-0.000009
4579.048000,-0.461717,0.105587,0.298211,-1.869170,-1.888131,0.599610,-0.000351,-0.000001,0.000140,-0.000033,0.001246,-0.000014
4579.056000,-0.461728,0.105594,0.298202,-1.869226,-1.888089,0.599596,-0.000953,-0.000000,0.001923,-0.000153,0.007218,-0.000047
4579.064000,-0.461732,0.105575,0.298240,-1.869094,-1.888059,0.599750,-0.001145,-0.000004,0.000840,-0.000118,0.004596,-0.000042
4579.072000,-0.461734,0.105583,0.298223,-1.869093,-1.888067,0.599693,-0.000731,-0.000003,0.000003,-0.000059,0.002003,-0.000030
4579.080000,-0.461736,0.105594,0.298205,-1.869131,-1.888082,0.599641,-0.000451,-0.000001,0.000168,-0.000047,0.001950,-0.000024
4579.088000,-0.461740,0.105589,0.298204,-1.869108,-1.888097,0.599629,-0.000328,-0.000000,0.000189,-0.000040,0.001788,-0.000021
4579.096000,-0.461745,0.105576,0.298216,-1.869077,-1.888079,0.599720,-0.000287,0.000002,0.000368,-0.000057,0.003149,-0.000037
4579.096000,-0.461745,0.105576,0.298216,-1.869077,-1.888079,0.599720,-0.000287,0.000002,0.000368,-0.000057,0.003149,-0.000037
4579.112000,-0.461743,0.105593,0.298200,-1.869097,-1.888075,0.599680,-0.000240,0.000002,0.000273,-0.000050,0.002804,-0.000035
4579.120000,-0.461753,0.105574,0.298204,-1.869066,-1.888103,0.599741,-0.000472,-0.000002,-0.000590,-0.000024,0.000637,-0.000029
4579.128000,-0.461752,0.105592,0.298205,-1.869108,-1.888048,0.599721,-0.000456,-0.000002,-0.000683,-0.000015,0.000062,-0.000023
4579.136000,-0.461764,0.105577,0.298172,-1.869147,-1.888096,0.599655,-0.000320,-0.000001,-0.000345,-0.000018,0.000541,-0.000020
4579.144000,-0.461754,0.105586,0.298206,-1.869058,-1.888065,0.599737,-0.000243,-0.000000,-0.000165,-0.000019,0.000757,-0.000017
4579.152000,-0.461760,0.105582,0.298187,-1.869155,-1.888067,0.599688,-0.000240,-0.000001,-0.000185,-0.000017,0.000589,-0.000015
4579.160000,-0.461757,0.105599,0.298191,-1.869167,-1.888049,0.599646,-0.000476,-0.000004,-0.000950,0.000002,-0.001160,-0.000013
4579.168000,-0.461760,0.105595,0.298204,-1.869067,-1.888029,0.599696,-0.000585,-0.000003,-0.000334,-0.000032,0.000661,-0.000021
4579.176000,-0.461764,0.105599,0.298202,-1.869105,-1.888030,0.599689,-0.000871,0.000000,0.001687,-0.000140,0.006671,-0.000046
4579.184000,-0.461783,0.105569,0.298213,-1.869019,-1.888070,0.599784,-0.000681,-0.000001,0.000605,-0.000079,0.003316,-0.000031
4579.192000,-0.461779,0.105598,0.298193,-1.869091,-1.888022,0.599722,-0.000462,-0.000001,0.000251,-0.000048,0.001922,-0.000021
4579.200000,-0.461788,0.105578,0.298198,-1.869078,-1.887994,0.599758,-0.000410,-0.000002,-0.000044,-0.000031,0.000987,-0.000016
4579.208000,-0.461787,0.105589,0.298209,-1.869043,-1.887959,0.599783,-0.000582,-0.000004,-0.000627,-0.000016,-0.000317,-0.000015
4579.216000,-0.461794,0.105581,0.298193,-1.869039,-1.888037,0.599764,-0.000480,-0.000003,-0.000315,-0.000023,0.000326,-0.000015
4579.224000,-0.461799,0.105578,0.298188,-1.869054,-1.888014,0.599750,-0.000359,-0.000001,0.000062,-0.000031,0.001126,-0.000015
4579.232000,-0.461792,0.105593,0.298186,-1.869052,-1.888004,0.599766,-0.000314,-0.000001,0.000155,-0.000032,0.001299,-0.000015
4579.240000,-0.461796,0.105593,0.298193,-1.869043,-1.887971,0.599800,-0.000603,-0.000005,-0.000976,-0.000002,-0.001280,-0.000012
4579.248000,-0.461801,0.105591,0.298175,-1.869073,-1.888009,0.599772,-0.000586,-0.000005,-0.001070,0.000003,-0.001568,-0.000010
4579.256000,-0.461801,0.105576,0.298183,-1.869007,-1.888025,0.599798,-0.000390,-0.000003,-0.000549,-0.000006,-0.000494,-0.000010
4579.264000,-0.461807,0.105608,0.298169,-1.869114,-1.887936,0.599789,-0.000311,-0.000000,-0.000121,-0.000030,0.001327,-0.000025
4579.272000,-0.461817,0.105574,0.298168,-1.869017,-1.888048,0.599813,-0.000281,0.000000,-0.000023,-0.000033,0.001538,-0.000025
4579.280000,-0.461819,0.105596,0.298161,-1.869089,-1.887986,0.599796,-0.000903,-0.000004,-0.000670,-0.000046,0.000886,-0.000035
4579.288000,-0.461825,0.105582,0.298204,-1.868943,-1.887929,0.599883,-0.001086,0.000001,0.002372,-0.000193,0.009557,-0.000069
4579.296000,-0.461823,0.105585,0.298214,-1.868952,-1.887914,0.599941,-0.000588,0.000001,0.001079,-0.000102,0.005114,-0.000043
4579.304000,-0.461825,0.105599,0.298194,-1.869006,-1.887879,0.599869,-0.000392,0.000001,0.000609,-0.000066,0.003288,-0.000031
4579.312000,-0.461835,0.105587,0.298205,-1.868942,-1.887866,0.599950,-0.000302,0.000001,0.000465,-0.000051,0.002593,-0.000025
4579.320000,-0.461834,0.105593,0.298203,-1.868972,-1.887843,0.599928,-0.000288,0.000001,0.000481,-0.000050,0.002502,-0.000023
4579.328000,-0.461835,0.105582,0.298199,-1.868972,-1.887866,0.599929,-0.000285,0.000000,0.000467,-0.000048,0.002382,-0.000021
4579.336000,-0.461834,0.105597,0.298211,-1.868970,-1.887856,0.599945,-0.000523,-0.000002,-0.000289,-0.000030,0.000704,-0.000020
4579.344000,-0.461841,0.105577,0.298196,-1.868949,-1.887888,0.599929,-0.000460,-0.000002,-0.000323,-0.000024,0.000498,-0.000018
4579.352000,-0.461842,0.105579,0.298192,-1.868963,-1.887924,0.599939,-0.000324,-0.000001,-0.000079,-0.000026,0.000925,-0.000017
4579.360000,-0.461850,0.105579,0.298172,-1.868966,-1.887948,0.599915,-0.000299,-0.000001,-0.000122,-0.000022,0.000762,-0.000016
4579.368000,-0.461847,0.105615,0.298203,-1.868958,-1.887789,0.599958,-0.000994,-0.000002,0.000806,-0.000110,0.004558,-0.000043
4579.376000,-0.461855,0.105586,0.298211,-1.868868,-1.887864,0.600002,-0.000843,-0.000001,0.001283,-0.000121,0.005593,-0.000043
4579.384000,-0.461855,0.105595,0.298194,-1.868959,-1.887880,0.599967,-0.000488,-0.000000,0.000601,-0.000067,0.003082,-0.000027
4579.392000,-0.461853,0.105581,0.298207,-1.868925,-1.887870,0.599965,-0.000344,0.000000,0.000406,-0.000049,0.002291,-0.000022
4579.400000,-0.461870,0.105582,0.298195,-1.868887,-1.887892,0.599942,-0.000268,0.000000,0.000318,-0.000040,0.001912,-0.000019
4579.408000,-0.461865,0.105586,0.298223,-1.868856,-1.887806,0.600061,-0.000265,0.000000,0.000303,-0.000039,0.001864,-0.000019
4579.416000,-0.461877,0.105586,0.298214,-1.868851,-1.887823,0.600048,-0.000774,-0.000003,0.000096,-0.000063,0.002152,-0.000029
4579.424000,-0.461874,0.105569,0.298233,-1.868804,-1.887820,0.600103,-0.000683,-0.000002,0.000370,-0.000069,0.002693,-0.000029
4579.432000,-0.461875,0.105591,0.298192,-1.868886,-1.887858,0.599989,-0.000471,-0.000001,0.000505,-0.000060,0.002650,-0.000024
4579.440000,-0.461869,0.105608,0.298209,-1.868887,-1.887791,0.600018,-0.000359,-0.000001,0.000265,-0.000041,0.001759,-0.000018
4579.448000,-0.461886,0.105598,0.298183,-1.868902,-1.887820,0.599987,-0.000709,-0.000006,-0.001164,-0.000001,-0.001558,-0.000013
4579.456000,-0.461886,0.105591,0.298194,-1.868895,-1.887798,0.600041,-0.000593,-0.000005,-0.000984,-0.000001,-0.001290,-0.000012
4579.464000,-0.461889,0.105581,0.298211,-1.868857,-1.887775,0.600081,-0.000374,-0.000002,-0.000344,-0.000015,0.000072,-0.000012
4579.472000,-0.461891,0.105580,0.298225,-1.868802,-1.887772,0.600126,-0.000560,0.000001,0.001481,-0.000108,0.005411,-0.000034
4579.480000,-0.461905,0.105570,0.298213,-1.868737,-1.887810,0.600120,-0.000532,0.000001,0.001398,-0.000103,0.005133,-0.000033
4579.488000,-0.461904,0.105586,0.298213,-1.868834,-1.887689,0.600178,-0.000832,-0.000003,-0.000443,-0.000059,0.001941,-0.000044
4579.496000,-0.461908,0.105580,0.298229,-1.868781,-1.887680,0.600219,-0.000645,0.000005,0.000471,-0.000127,0.007151,-0.000097
4579.504000,-0.461906,0.105581,0.298231,-1.868753,-1.887667,0.600222,-0.000425,0.000003,0.000383,-0.000084,0.004692,-0.000061
4579.512000,-0.461908,0.105585,0.298237,-1.868714,-1.887710,0.600228,-0.000320,0.000002,0.000338,-0.000061,0.003360,-0.000041
4579.520000,-0.461915,0.105608,0.298212,-1.868816,-1.887671,0.600158,-0.000286,0.000001,0.000311,-0.000051,0.002727,-0.000032
4579.528000,-0.461929,0.105584,0.298216,-1.868760,-1.887695,0.600243,-0.000757,-0.000002,0.000260,-0.000077,0.003158,-0.000040
4579.536000,-0.461927,0.105578,0.298227,-1.868760,-1.887672,0.600274,-0.000742,-0.000002,0.000171,-0.000070,0.002703,-0.000036
4579.544000,-0.461930,0.105576,0.298223,-1.868699,-1.887701,0.600226,-0.000490,-0.000001,0.000123,-0.000049,0.001979,-0.000026
4579.552000,-0.461924,0.105588,0.298235,-1.868696,-1.887646,0.600235,-0.000362,-0.000000,0.000235,-0.000044,0.001960,-0.000022
4579.560000,-0.461940,0.105586,0.298213,-1.868738,-1.887657,0.600248,-0.000315,0.000000,0.000362,-0.000045,0.002147,-0.000021
4579.568000,-0.461938,0.105576,0.298219,-1.868682,-1.887729,0.600208,-0.000313,-0.000000,0.000351,-0.000044,0.002051,-0.000020
4579.576000,-0.461939,0.105585,0.298227,-1.868691,-1.887661,0.600283,-0.000311,-0.000000,0.000342,-0.000043,0.001979,-0.000019
4579.584000,-0.461934,0.105620,0.298225,-1.868777,-1.887576,0.600219,-0.000382,-0.000001,-0.000026,-0.000030,0.001049,-0.000017
4579.592000,-0.461947,0.105585,0.298222,-1.868718,-1.887667,0.600267,-0.000381,-0.000001,-0.000032,-0.000030,0.001001,-0.000016
4579.600000,-0.461955,0.105579,0.298234,-1.868651,-1.887643,0.600328,-0.000523,-0.000000,0.000777,-0.000075,0.003446,-0.000027
4579.608000,-0.461950,0.105573,0.298245,-1.868661,-1.887661,0.600338,-0.000452,0.000000,0.000993,-0.000079,0.003877,-0.000027
4579.616000,-0.461955,0.105581,0.298246,-1.868673,-1.887583,0.600335,-0.000343,-0.000000,0.000494,-0.000049,0.002296,-0.000019
4579.624000,-0.461960,0.105580,0.298230,-1.868696,-1.887614,0.600317,-0.000327,-0.000000,0.000404,-0.000044,0.002008,-0.000017
4579.632000,-0.461958,0.105588,0.298258,-1.868655,-1.887558,0.600335,-0.000517,-0.000003,-0.000202,-0.000030,0.000656,-0.000016
4579.640000,-0.461961,0.105600,0.298240,-1.868715,-1.887520,0.600302,-0.000505,-0.000002,-0.000169,-0.000030,0.000709,-0.000016
4579.648000,-0.461971,0.105588,0.298221,-1.868673,-1.887590,0.600278,-0.000388,-0.000001,0.000153,-0.000037,0.001380,-0.000016
4579.656000,-0.461978,0.105590,0.298207,-1.868670,-1.887660,0.600283,-0.000833,-0.000007,-0.001255,-0.000004,-0.001692,-0.000014
4579.664000,-0.461974,0.105594,0.298224,-1.868713,-1.887583,0.600364,-0.000808,-0.000005,-0.000477,-0.000037,0.000383,-0.000021
4579.672000,-0.461979,0.105586,0.298252,-1.868619,-1.887527,0.600398,-0.000536,-0.000001,0.000378,-0.000056,0.002219,-0.000021
4579.680000,-0.461981,0.105594,0.298239,-1.868638,-1.887532,0.600335,-0.000402,-0.000001,0.000385,-0.000047,0.001998,-0.000018
4579.688000,-0.461989,0.105574,0.298229,-1.868632,-1.887615,0.600354,-0.000351,-0.000001,0.000093,-0.000031,0.001088,-0.000013
4579.696000,-0.461991,0.105621,0.298222,-1.868680,-1.887512,0.600301,-0.000448,-0.000003,-0.000347,-0.000018,0.000057,-0.000012
4579.704000,-0.461997,0.105574,0.298230,-1.868616,-1.887574,0.600398,-0.000448,-0.000003,-0.000350,-0.000017,0.000033,-0.000012
4579.712000,-0.461996,0.105581,0.298234,-1.868605,-1.887556,0.600389,-0.000422,-0.000002,-0.000270,-0.000019,0.000206,-0.000012
4579.720000,-0.462002,0.105576,0.298227,-1.868615,-1.887559,0.600373,-0.000352,-0.000001,0.000171,-0.000034,0.001289,-0.000014
4579.728000,-0.461996,0.105608,0.298256,-1.868621,-1.887420,0.600470,-0.000615,0.000002,0.001945,-0.000130,0.006628,-0.000038
4579.736000,-0.462009,0.105614,0.298260,-1.868532,-1.887411,0.600485,-0.001136,-0.000003,0.000441,-0.000114,0.004620,-0.000056
4579.744000,-0.462010,0.105593,0.298264,-1.868539,-1.887389,0.600527,-0.000690,-0.000001,0.000132,-0.000071,0.002966,-0.000041
4579.752000,-0.462005,0.105609,0.298277,-1.868482,-1.887360,0.600562,-0.000475,0.000002,0.000463,-0.000084,0.004491,-0.000055
4579.760000,-0.462014,0.105599,0.298252,-1.868531,-1.887403,0.600505,-0.000365,0.000003,0.000481,-0.000077,0.004342,-0.000052
4579.768000,-0.462021,0.105569,0.298286,-1.868378,-1.887442,0.600629,-0.000316,0.000003,0.000574,-0.000078,0.004510,-0.000052
4579.776000,-0.462018,0.105595,0.298274,-1.868513,-1.887368,0.600624,-0.000288,0.000002,0.000474,-0.000062,0.003489,-0.000039
4579.784000,-0.462027,0.105599,0.298248,-1.868487,-1.887417,0.600492,-0.000732,-0.000004,-0.001042,-0.000020,-0.000283,-0.000030
4579.792000,-0.462025,0.105581,0.298244,-1.868472,-1.887486,0.600508,-0.000518,-0.000002,-0.000433,-0.000029,0.000752,-0.000026
4579.800000,-0.462021,0.105579,0.298268,-1.868498,-1.887414,0.600602,-0.000365,-0.000001,-0.000041,-0.000034,0.001395,-0.000023
4579.808000,-0.462031,0.105574,0.298242,-1.868495,-1.887494,0.600522,-0.000276,-0.000000,0.000046,-0.000030,0.001351,-0.000019
4579.816000,-0.462033,0.105596,0.298250,-1.868523,-1.887386,0.600565,-0.000254,-0.000000,0.000018,-0.000026,0.001141,-0.000017
4579.824000,-0.462040,0.105595,0.298244,-1.868517,-1.887385,0.600587,-0.000502,-0.000003,-0.000780,-0.000007,-0.000662,-0.000015
4579.832000,-0.462045,0.105587,0.298275,-1.868425,-1.887362,0.600611,-0.000668,-0.000002,0.000165,-0.000059,0.002166,-0.000027
4579.840000,-0.462046,0.105583,0.298315,-1.868360,-1.887289,0.600697,-0.000889,0.000002,0.002397,-0.000173,0.008641,-0.000054
4579.848000,-0.462049,0.105580,0.298270,-1.868467,-1.887350,0.600655,-0.000504,0.000000,0.001044,-0.000086,0.004189,-0.000030
4579.856000,-0.462046,0.105608,0.298263,-1.868513,-1.887323,0.600585,-0.000355,0.000000,0.000543,-0.000053,0.002516,-0.000021
4579.864000,-0.462062,0.105575,0.298261,-1.868426,-1.887392,0.600625,-0.000814,-0.000007,-0.001337,-0.000001,-0.001841,-0.000015
4579.872000,-0.462060,0.105596,0.298250,-1.868494,-1.887355,0.600606,-0.000581,-0.000004,-0.000851,-0.000006,-0.000945,-0.000013
4579.880000,-0.462058,0.105575,0.298257,-1.868428,-1.887417,0.600602,-0.000363,-0.000002,-0.000331,-0.000014,0.000057,-0.000011
4579.888000,-0.462060,0.105599,0.298249,-1.868511,-1.887304,0.600587,-0.000269,-0.000001,-0.000148,-0.000016,0.000374,-0.000010
4579.896000,-0.462067,0.105594,0.298236,-1.868516,-1.887332,0.600570,-0.000245,-0.000001,-0.000162,-0.000013,0.000278,-0.000009
4579.904000,-0.462066,0.105596,0.298235,-1.868522,-1.887360,0.600590,-0.000797,-0.000008,-0.001955,0.000029,-0.003658,-0.000007
4579.912000,-0.462072,0.105588,0.298239,-1.868449,-1.887376,0.600569,-0.000407,-0.000003,-0.000729,0.000001,-0.001016,-0.000008
4579.920000,-0.462078,0.105586,0.298229,-1.868500,-1.887352,0.600609,-0.000286,-0.000002,-0.000352,-0.000007,-0.000216,-0.000008
4579.928000,-0.462077,0.105609,0.298220,-1.868542,-1.887320,0.600557,-0.000261,-0.000002,-0.000272,-0.000009,-0.000043,-0.000008
4579.936000,-0.462086,0.105596,0.298225,-1.868481,-1.887338,0.600627,-0.000681,-0.000005,-0.001002,-0.000005,-0.001285,-0.000012
4579.944000,-0.462086,0.105592,0.298236,-1.868421,-1.887315,0.600664,-0.000561,-0.000004,-0.000622,-0.000014,-0.000460,-0.000013
4579.952000,-0.462096,0.105592,0.298247,-1.868339,-1.887298,0.600714,-0.000919,0.000006,0.002997,-0.000227,0.012303,-0.000091
4579.960000,-0.462097,0.105591,0.298283,-1.868309,-1.887208,0.600829,-0.000692,0.000005,0.002349,-0.000183,0.010117,-0.000079
4579.968000,-0.462110,0.105574,0.298256,-1.868305,-1.887293,0.600786,-0.000430,0.000003,0.001114,-0.000102,0.005607,-0.000050
4579.976000,-0.462100,0.105587,0.298263,-1.868336,-1.887243,0.600757,-0.000344,0.000002,0.000614,-0.000068,0.003618,-0.000036
4579.984000,-0.462104,0.105576,0.298271,-1.868301,-1.887253,0.600785,-0.000478,-0.000001,-0.000211,-0.000037,0.001337,-0.000027
4579.992000,-0.462103,0.105591,0.298255,-1.868374,-1.887251,0.600762,-0.000449,-0.000002,-0.000378,-0.000025,0.000642,-0.000022
4580.000000,-0.462106,0.105599,0.298266,-1.868314,-1.887190,0.600773,-0.000369,-0.000001,-0.000292,-0.000022,0.000608,-0.000019
4580.008000,-0.462114,0.105591,0.298254,-1.868358,-1.887210,0.600806,-0.000274,-0.000001,-0.000115,-0.000022,0.000829,-0.000017
4580.016000,-0.462115,0.105585,0.298256,-1.868298,-1.887262,0.600795,-0.000258,-0.000001,-0.000158,-0.000018,0.000604,-0.000014
4580.024000,-0.462125,0.105580,0.298226,-1.868352,-1.887311,0.600720,-0.000487,-0.000004,-0.000941,0.000002,-0.001175,-0.000012
4580.032000,-0.462118,0.105580,0.298236,-1.868375,-1.887273,0.600764,-0.000485,-0.000004,-0.000952,0.000003,-0.001270,-0.000011
4580.040000,-0.462116,0.105608,0.298227,-1.868430,-1.887254,0.600684,-0.000344,-0.000002,-0.000515,-0.000006,-0.000360,-0.000011
4580.048000,-0.462127,0.105608,0.298225,-1.868443,-1.887176,0.600750,-0.000335,-0.000002,-0.000492,-0.000006,-0.000326,-0.000011
4580.056000,-0.462137,0.105596,0.298227,-1.868366,-1.887240,0.600766,-0.000699,-0.000005,-0.000873,-0.000014,-0.000715,-0.000017
4580.064000,-0.462142,0.105586,0.298252,-1.868300,-1.887212,0.600821,-0.000774,-0.000001,0.001142,-0.000109,0.004946,-0.000038
4580.072000,-0.462143,0.105568,0.298255,-1.868264,-1.887257,0.600868,-0.000557,0.000000,0.001096,-0.000092,0.004428,-0.000032
4580.080000,-0.462147,0.105585,0.298238,-1.868307,-1.887202,0.600847,-0.000399,-0.000000,0.000497,-0.000055,0.002502,-0.000022
4580.088000,-0.462149,0.105592,0.298237,-1.868267,-1.887221,0.600816,-0.000350,-0.000001,0.000215,-0.000039,0.001639,-0.000018
4580.096000,-0.462155,0.105585,0.298236,-1.868297,-1.887237,0.600820,-0.000350,-0.000001,0.000215,-0.000039,0.001639,-0.000018
4580.104000,-0.462145,0.105587,0.298256,-1.868311,-1.887169,0.600837,-0.000370,-0.000001,0.000153,-0.000037,0.001505,-0.000018
4580.112000,-0.462162,0.105585,0.298229,-1.868320,-1.887192,0.600851,-0.000370,-0.000001,0.000153,-0.000037,0.001505,-0.000018
4580.120000,-0.462163,0.105562,0.298252,-1.868198,-1.887232,0.600929,-0.000323,-0.000001,-0.000113,-0.000022,0.000690,-0.000014
4580.128000,-0.462165,0.105580,0.298236,-1.868250,-1.887203,0.600862,-0.000284,-0.000001,0.000010,-0.000025,0.000958,-0.000014
4580.136000,-0.462163,0.105581,0.298242,-1.868301,-1.887181,0.600841,-0.000281,-0.000001,-0.000005,-0.000025,0.000958,-0.000015
4580.144000,-0.462166,0.105578,0.298259,-1.868240,-1.887185,0.600921,-0.000469,-0.000003,-0.000597,-0.000012,-0.000326,-0.000014
4580.152000,-0.462178,0.105570,0.298236,-1.868220,-1.887187,0.600892,-0.000563,-0.000002,-0.000056,-0.000042,0.001327,-0.000022
4580.160000,-0.462171,0.105588,0.298266,-1.868244,-1.887092,0.600916,-0.000465,-0.000001,0.000253,-0.000049,0.001998,-0.000022
4580.168000,-0.462172,0.105592,0.298261,-1.868250,-1.887112,0.600923,-0.000455,0.000001,0.000917,-0.000078,0.003801,-0.000028
4580.176000,-0.462177,0.105612,0.298271,-1.868239,-1.887024,0.601003,-0.000563,0.000002,0.001732,-0.000121,0.006231,-0.000039
4580.184000,-0.462184,0.105606,0.298278,-1.868204,-1.886987,0.601062,-0.000574,0.000002,0.001800,-0.000129,0.006806,-0.000046
4580.192000,-0.462192,0.105586,0.298263,-1.868134,-1.887060,0.601030,-0.000634,-0.000002,0.000103,-0.000059,0.002262,-0.000031
4580.200000,-0.462191,0.105593,0.298292,-1.868099,-1.886994,0.601074,-0.000563,0.000002,0.000304,-0.000090,0.004740,-0.000064
4580.208000,-0.462193,0.105582,0.298292,-1.868101,-1.886974,0.601114,-0.000414,0.000003,0.000470,-0.000087,0.004927,-0.000062
4580.216000,-0.462204,0.105596,0.298268,-1.868125,-1.887011,0.601076,-0.000354,0.000002,0.000411,-0.000068,0.003743,-0.000045
4580.224000,-0.462211,0.105587,0.298261,-1.868122,-1.886993,0.601076,-0.000991,-0.000007,-0.001748,-0.000009,-0.001563,-0.000033
4580.232000,-0.462203,0.105586,0.298262,-1.868144,-1.887024,0.601058,-0.000528,-0.000002,-0.000372,-0.000034,0.001064,-0.000029
4580.240000,-0.462214,0.105586,0.298264,-1.868123,-1.887001,0.601089,-0.000379,-0.000000,0.000043,-0.000040,0.001730,-0.000025
4580.248000,-0.462211,0.105580,0.298255,-1.868155,-1.887034,0.601056,-0.000324,-0.000000,0.000071,-0.000036,0.001567,-0.000022
4580.256000,-0.462218,0.105596,0.298285,-1.868091,-1.886930,0.601164,-0.000320,-0.000000,0.000051,-0.000033,0.001399,-0.000020
4580.264000,-0.462216,0.105596,0.298276,-1.868113,-1.886953,0.601134,-0.000624,-0.000000,0.000813,-0.000086,0.003959,-0.000034
4580.272000,-0.462224,0.105596,0.298275,-1.868093,-1.886955,0.601141,-0.000582,-0.000001,0.000574,-0.000072,0.003168,-0.000030
4580.280000,-0.462223,0.105611,0.298272,-1.868132,-1.886940,0.601144,-0.000442,-0.000001,0.000196,-0.000045,0.001816,-0.000021
4580.288000,-0.462227,0.105591,0.298269,-1.868068,-1.887012,0.601090,-0.000322,-0.000001,0.000179,-0.000036,0.001519,-0.000017
4580.296000,-0.462228,0.105591,0.298273,-1.868136,-1.886946,0.601124,-0.000256,-0.000000,0.000153,-0.000029,0.001284,-0.000015
4580.304000,-0.462228,0.105596,0.298264,-1.868109,-1.886970,0.601120,-0.000239,-0.000001,0.000053,-0.000023,0.000949,-0.000013
4580.312000,-0.462245,0.105579,0.298260,-1.868084,-1.886989,0.601147,-0.000543,-0.000004,-0.000921,-0.000001,-0.001189,-0.000011
4580.320000,-0.462243,0.105586,0.298288,-1.868043,-1.886942,0.601177,-0.000760,-0.000001,0.000817,-0.000092,0.003939,-0.000033
4580.328000,-0.462245,0.105579,0.298281,-1.868034,-1.886962,0.601194,-0.000552,-0.000000,0.000971,-0.000085,0.003968,-0.000029
4580.336000,-0.462249,0.105598,0.298244,-1.868124,-1.886970,0.601076,-0.000365,-0.000000,0.000523,-0.000052,0.002387,-0.000019
4580.344000,-0.462241,0.105592,0.298284,-1.868036,-1.886949,0.601143,-0.000288,-0.000000,0.000310,-0.000037,0.001649,-0.000015
4580.352000,-0.462260,0.105580,0.298269,-1.868074,-1.886950,0.601169,-0.000632,-0.000005,-0.000960,-0.000004,-0.001227,-0.000012
4580.360000,-0.462261,0.105596,0.298270,-1.868032,-1.886936,0.601185,-0.000854,-0.000003,0.000306,-0.000075,0.002631,-0.000030
4580.368000,-0.462261,0.105586,0.298297,-1.867999,-1.886896,0.601238,-0.000640,-0.000001,0.000976,-0.000090,0.004064,-0.000030
4580.376000,-0.462264,0.105580,0.298280,-1.868020,-1.886939,0.601201,-0.000510,-0.000001,0.000432,-0.000057,0.002324,-0.000021
4580.384000,-0.462269,0.105591,0.298259,-1.868075,-1.886926,0.601168,-0.000656,-0.000004,-0.000673,-0.000018,-0.000441,-0.000015
4580.392000,-0.462270,0.105582,0.298249,-1.868056,-1.886961,0.601126,-0.000551,-0.000004,-0.000675,-0.000010,-0.000652,-0.000011
4580.400000,-0.462281,0.105575,0.298243,-1.868072,-1.886969,0.601164,-0.000360,-0.000002,-0.000278,-0.000015,0.000091,-0.000010
4580.408000,-0.462277,0.105591,0.298256,-1.868055,-1.886928,0.601174,-0.000274,-0.000001,-0.000145,-0.000015,0.000283,-0.000009
4580.416000,-0.462283,0.105579,0.298260,-1.868036,-1.886961,0.601194,-0.000267,-0.000001,-0.000185,-0.000012,0.000163,-0.000008
4580.424000,-0.462284,0.105588,0.298260,-1.868010,-1.886912,0.601180,-0.000267,-0.000001,-0.000187,-0.000012,0.000139,-0.000008
4580.432000,-0.462283,0.105603,0.298268,-1.868050,-1.886891,0.601276,-0.000475,-0.000000,0.000702,-0.000066,0.002952,-0.000022
4580.440000,-0.462293,0.105579,0.298255,-1.868014,-1.886938,0.601225,-0.000475,-0.000001,0.000702,-0.000066,0.002952,-0.000022
4580.448000,-0.462288,0.105587,0.298269,-1.868018,-1.886860,0.601244,-0.000421,-0.000001,0.000396,-0.000048,0.002018,-0.000018
4580.456000,-0.462295,0.105578,0.298256,-1.868010,-1.886894,0.601286,-0.000350,-0.000001,0.000136,-0.000032,0.001174,-0.000013
4580.464000,-0.462296,0.105596,0.298268,-1.868050,-1.886815,0.601289,-0.000347,0.000000,0.000134,-0.000044,0.002109,-0.000028
4580.472000,-0.462308,0.105593,0.298249,-1.867967,-1.886820,0.601270,-0.000591,-0.000003,-0.000807,-0.000019,-0.000029,-0.000026
4580.480000,-0.462303,0.105580,0.298269,-1.867887,-1.886867,0.601321,-0.000531,0.000002,-0.000068,-0.000076,0.004035,-0.000066
4580.488000,-0.462315,0.105582,0.298277,-1.867849,-1.886814,0.601347,-0.000616,0.000004,0.001527,-0.000145,0.007989,-0.000074
4580.496000,-0.462310,0.105608,0.298283,-1.867950,-1.886727,0.601368,-0.000562,0.000003,0.001449,-0.000126,0.006767,-0.000057
4580.504000,-0.462318,0.105573,0.298285,-1.867917,-1.886798,0.601424,-0.000451,0.000002,0.000809,-0.000084,0.004347,-0.000041
4580.512000,-0.462322,0.105596,0.298262,-1.867959,-1.886764,0.601373,-0.000521,-0.000001,-0.000066,-0.000046,0.001811,-0.000030
4580.520000,-0.462313,0.105591,0.298292,-1.867918,-1.886740,0.601403,-0.000480,-0.000002,-0.000304,-0.000031,0.000901,-0.000024
4580.528000,-0.462322,0.105591,0.298267,-1.867943,-1.886787,0.601350,-0.000346,-0.000001,-0.000099,-0.000029,0.001097,-0.000020
4580.536000,-0.462328,0.105576,0.298281,-1.867850,-1.886799,0.601392,-0.000278,-0.000000,0.000031,-0.000029,0.001236,-0.000018
4580.544000,-0.462328,0.105588,0.298271,-1.867892,-1.886824,0.601396,-0.000275,-0.000000,0.000017,-0.000027,0.001117,-0.000017
4580.552000,-0.462334,0.105604,0.298252,-1.868023,-1.886783,0.601367,-0.000693,-0.000003,-0.000084,-0.000050,0.001548,-0.000026
4580.560000,-0.462335,0.105598,0.298271,-1.867918,-1.886754,0.601361,-0.000618,-0.000002,0.000134,-0.000054,0.001950,-0.000025
4580.568000,-0.462337,0.105589,0.298277,-1.867875,-1.886776,0.601428,-0.000433,-0.000001,0.000345,-0.000050,0.002161,-0.000022
4580.576000,-0.462339,0.105604,0.298265,-1.867921,-1.886769,0.601422,-0.000348,-0.000001,0.000155,-0.000036,0.001457,-0.000017
4580.584000,-0.462345,0.105595,0.298250,-1.867935,-1.886792,0.601378,-0.000509,-0.000003,-0.000592,-0.000013,-0.000331,-0.000014
4580.592000,-0.462356,0.105584,0.298270,-1.867858,-1.886773,0.601430,-0.000893,-0.000000,0.001604,-0.000136,0.006355,-0.000044
4580.600000,-0.462356,0.105581,0.298279,-1.867819,-1.886765,0.601425,-0.000743,-0.000000,0.001393,-0.000117,0.005488,-0.000038
4580.608000,-0.462359,0.105585,0.298288,-1.867824,-1.886710,0.601482,-0.000442,-0.000000,0.000618,-0.000061,0.002789,-0.000022
4580.616000,-0.462359,0.105586,0.298284,-1.867844,-1.886700,0.601463,-0.000335,-0.000000,0.000331,-0.000041,0.001792,-0.000016
4580.624000,-0.462358,0.105598,0.298294,-1.867829,-1.886662,0.601482,-0.000298,-0.000001,0.000116,-0.000029,0.001121,-0.000013
4580.632000,-0.462370,0.105585,0.298255,-1.867882,-1.886745,0.601426,-0.000472,-0.000003,-0.000631,-0.000007,-0.000628,-0.000011
4580.640000,-0.462362,0.105608,0.298288,-1.867832,-1.886672,0.601469,-0.000464,-0.000003,-0.000678,-0.000005,-0.000772,-0.000010
4580.648000,-0.462368,0.105589,0.298283,-1.867804,-1.886724,0.601506,-0.000329,-0.000002,-0.000256,-0.000014,0.000124,-0.000010
4580.656000,-0.462372,0.105597,0.298280,-1.867800,-1.886699,0.601461,-0.000264,-0.000001,-0.000053,-0.000019,0.000565,-0.000010
4580.664000,-0.462386,0.105568,0.298264,-1.867804,-1.886762,0.601497,-0.000828,-0.000008,-0.001831,0.000022,-0.003289,-0.000008
4580.672000,-0.462386,0.105587,0.298253,-1.867817,-1.886754,0.601406,-0.000714,-0.000005,-0.001011,-0.000007,-0.001247,-0.000013
4580.680000,-0.462381,0.105610,0.298276,-1.867873,-1.886619,0.601549,-0.000442,-0.000002,-0.000153,-0.000026,0.000613,-0.000014
4580.688000,-0.462395,0.105580,0.298234,-1.867834,-1.886761,0.601443,-0.000347,-0.000001,0.000148,-0.000033,0.001265,-0.000014
4580.696000,-0.462395,0.105578,0.298266,-1.867750,-1.886735,0.601541,-0.000280,-0.000001,0.000213,-0.000032,0.001323,-0.000013
4580.704000,-0.462391,0.105580,0.298291,-1.867761,-1.886642,0.601582,-0.000262,-0.000001,0.000160,-0.000028,0.001145,-0.000012
4580.712000,-0.462400,0.105591,0.298313,-1.867670,-1.886571,0.601662,-0.001029,-0.000000,0.001546,-0.000148,0.006829,-0.000054
4580.720000,-0.462407,0.105592,0.298305,-1.867735,-1.886539,0.601646,-0.000703,-0.000001,0.000498,-0.000079,0.003364,-0.000035
4580.728000,-0.462408,0.105593,0.298281,-1.867739,-1.886581,0.601585,-0.000443,-0.000000,0.000357,-0.000056,0.002506,-0.000027
4580.736000,-0.462411,0.105577,0.298299,-1.867666,-1.886633,0.601688,-0.000325,0.000000,0.000304,-0.000045,0.002147,-0.000023
4580.744000,-0.462416,0.105578,0.298298,-1.867689,-1.886581,0.601708,-0.000311,0.000001,0.000382,-0.000055,0.002861,-0.000032
4580.752000,-0.462422,0.105580,0.298282,-1.867696,-1.886573,0.601673,-0.000594,-0.000002,-0.000512,-0.000034,0.000925,-0.000031
4580.760000,-0.462423,0.105574,0.298284,-1.867688,-1.886611,0.601652,-0.000594,-0.000002,-0.000512,-0.000034,0.000925,-0.000031
4580.768000,-0.462419,0.105612,0.298292,-1.867724,-1.886517,0.601665,-0.000491,-0.000000,0.000142,-0.000056,0.002530,-0.000034
4580.776000,-0.462422,0.105580,0.298284,-1.867698,-1.886599,0.601648,-0.000391,0.000001,0.000412,-0.000059,0.002919,-0.000032
4580.784000,-0.462430,0.105585,0.298273,-1.867684,-1.886605,0.601637,-0.000371,0.000000,0.000422,-0.000056,0.002727,-0.000028
4580.792000,-0.462436,0.105586,0.298293,-1.867631,-1.886544,0.601695,-0.000595,-0.000003,-0.000540,-0.000027,0.000354,-0.000023
4580.800000,-0.462437,0.105585,0.298269,-1.867754,-1.886564,0.601647,-0.000565,-0.000003,-0.000714,-0.000016,-0.000269,-0.000019
4580.808000,-0.462439,0.105574,0.298267,-1.867719,-1.886573,0.601675,-0.000379,-0.000002,-0.000308,-0.000020,0.000431,-0.000017
4580.816000,-0.462441,0.105585,0.298278,-1.867701,-1.886578,0.601656,-0.000323,-0.000001,-0.000183,-0.000021,0.000608,-0.000015
4580.824000,-0.462448,0.105580,0.298290,-1.867667,-1.886542,0.601714,-0.001215,-0.000001,0.001887,-0.000173,0.007855,-0.000058
4580.832000,-0.462454,0.105592,0.298295,-1.867625,-1.886491,0.601736,-0.000945,-0.000001,0.001233,-0.000125,0.005526,-0.000044
4580.840000,-0.462457,0.105579,0.298300,-1.867616,-1.886496,0.601797,-0.000284,-0.000003,-0.000785,0.000010,-0.001237,-0.000007
4580.848000,-0.462461,0.105585,0.298315,-1.867583,-1.886455,0.601817,-0.000201,-0.000002,-0.000534,0.000005,-0.000729,-0.000006
4580.856000,-0.462464,0.105579,0.298309,-1.867595,-1.886498,0.601804,-0.000419,0.000001,0.000984,-0.000077,0.003796,-0.000026
4580.864000,-0.462464,0.105585,0.298298,-1.867600,-1.886495,0.601773,-0.000415,0.000001,0.000965,-0.000075,0.003724,-0.000025
4580.872000,-0.462465,0.105586,0.298320,-1.867547,-1.886434,0.601831,-0.000329,-0.000000,0.000469,-0.000047,0.002190,-0.000018
4580.880000,-0.462477,0.105573,0.298311,-1.867531,-1.886499,0.601841,-0.000365,-0.000001,-0.000020,-0.000028,0.000886,-0.000014
4580.888000,-0.462469,0.105580,0.298290,-1.867605,-1.886523,0.601757,-0.000341,-0.000002,-0.000161,-0.000020,0.000455,-0.000012
4580.896000,-0.462477,0.105592,0.298284,-1.867618,-1.886483,0.601747,-0.000324,-0.000002,-0.000255,-0.000014,0.000168,-0.000011
4580.904000,-0.462481,0.105572,0.298287,-1.867625,-1.886488,0.601832,-0.000263,-0.000001,-0.000158,-0.000015,0.000321,-0.000010
4580.912000,-0.462482,0.105588,0.298279,-1.867619,-1.886470,0.601730,-0.000255,-0.000001,-0.000205,-0.000012,0.000177,-0.000009
4580.920000,-0.462486,0.105585,0.298269,-1.867641,-1.886490,0.601762,-0.000496,-0.000004,-0.000966,0.000005,-0.001472,-0.000008
4580.928000,-0.462490,0.105585,0.298305,-1.867594,-1.886420,0.601846,-0.000606,-0.000002,0.000061,-0.000048,0.001543,-0.000021
4580.936000,-0.462495,0.105582,0.298288,-1.867578,-1.886469,0.601866,-0.000463,-0.000001,0.000512,-0.000058,0.002521,-0.000022
4580.944000,-0.462494,0.105585,0.298317,-1.867512,-1.886403,0.601895,-0.000606,0.000002,0.001931,-0.000131,0.006671,-0.000039
4580.952000,-0.462494,0.105590,0.298307,-1.867525,-1.886423,0.601880,-0.000428,0.000001,0.000945,-0.000080,0.004031,-0.000031
4580.960000,-0.462498,0.105596,0.298319,-1.867500,-1.886322,0.601951,-0.000645,0.000002,0.000212,-0.000094,0.004874,-0.000069
4580.968000,-0.462501,0.105586,0.298327,-1.867490,-1.886304,0.601975,-0.000604,0.000002,-0.000023,-0.000081,0.004155,-0.000066
4580.976000,-0.462509,0.105594,0.298326,-1.867469,-1.886281,0.602041,-0.000454,0.000002,0.000102,-0.000070,0.003700,-0.000055
4580.984000,-0.462505,0.105585,0.298335,-1.867403,-1.886313,0.602022,-0.000340,0.000001,0.000081,-0.000050,0.002569,-0.000038
4580.992000,-0.462521,0.105584,0.298302,-1.867454,-1.886348,0.601988,-0.000717,-0.000005,-0.001326,-0.000007,-0.001036,-0.000027
4581.000000,-0.462519,0.105577,0.298295,-1.867532,-1.886375,0.601983,-0.000665,-0.000005,-0.001281,-0.000002,-0.001271,-0.000022
4581.008000,-0.462515,0.105605,0.298297,-1.867522,-1.886312,0.601969,-0.000388,-0.000002,-0.000453,-0.000018,0.000326,-0.000020
4581.016000,-0.462525,0.105590,0.298268,-1.867546,-1.886412,0.601862,-0.000289,-0.000001,-0.000175,-0.000022,0.000786,-0.000018
4581.024000,-0.462520,0.105606,0.298291,-1.867524,-1.886329,0.601933,-0.000236,-0.000000,-0.000033,-0.000023,0.000987,-0.000016
4581.032000,-0.462529,0.105587,0.298284,-1.867476,-1.886348,0.601921,-0.000270,0.000000,0.000287,-0.000039,0.001850,-0.000019
4581.040000,-0.462533,0.105584,0.298292,-1.867482,-1.886354,0.601973,-0.000268,0.000000,0.000276,-0.000037,0.001754,-0.000018
4581.048000,-0.462538,0.105581,0.298302,-1.867473,-1.886344,0.602044,-0.000370,0.000001,0.000856,-0.000069,0.003479,-0.000025
4581.056000,-0.462540,0.105586,0.298315,-1.867456,-1.886291,0.602002,-0.000416,0.000000,0.000700,-0.000065,0.003106,-0.000025
4581.064000,-0.462540,0.105585,0.298347,-1.867434,-1.886208,0.602107,-0.000655,0.000002,0.002070,-0.000142,0.007251,-0.000043
4581.072000,-0.462540,0.105596,0.298332,-1.867425,-1.886220,0.602077,-0.000439,0.000000,0.000829,-0.000071,0.003441,-0.000026
4581.080000,-0.462548,0.105588,0.298317,-1.867393,-1.886257,0.602020,-0.000366,-0.000001,0.000335,-0.000044,0.001922,-0.000018
4581.088000,-0.462547,0.105596,0.298324,-1.867427,-1.886245,0.602054,-0.000325,-0.000001,0.000097,-0.000031,0.001179,-0.000015
4581.096000,-0.462553,0.105577,0.298305,-1.867420,-1.886320,0.602060,-0.000300,-0.000001,-0.000042,-0.000022,0.000724,-0.000012
4581.104000,-0.462558,0.105597,0.298276,-1.867477,-1.886333,0.601933,-0.000354,-0.000002,-0.000360,-0.000012,-0.000067,-0.000010
4581.112000,-0.462561,0.105582,0.298302,-1.867446,-1.886288,0.601982,-0.000547,-0.000005,-0.001071,0.000007,-0.001683,-0.000009
4581.120000,-0.462562,0.105580,0.298295,-1.867435,-1.886313,0.602003,-0.000547,-0.000005,-0.001074,0.000007,-0.001707,-0.000008
4581.128000,-0.462566,0.105572,0.298295,-1.867404,-1.886324,0.602074,-0.000409,-0.000003,-0.000641,-0.000003,-0.000767,-0.000009
4581.136000,-0.462571,0.105585,0.298293,-1.867450,-1.886290,0.602026,-0.000409,-0.000003,-0.000643,-0.000002,-0.000791,-0.000009
4581.144000,-0.462567,0.105583,0.298300,-1.867417,-1.886292,0.602077,-0.000352,-0.000002,-0.000469,-0.000006,-0.000432,-0.000008
4581.152000,-0.462577,0.105589,0.298301,-1.867450,-1.886227,0.602092,-0.000314,-0.000001,0.000087,-0.000028,0.001026,-0.000013
4581.160000,-0.462584,0.105575,0.298314,-1.867358,-1.886291,0.602153,-0.000919,0.000004,0.003731,-0.000231,0.012111,-0.000063
4581.168000,-0.462586,0.105578,0.298338,-1.867330,-1.886196,0.602193,-0.000590,0.000002,0.001842,-0.000125,0.006336,-0.000037
4581.176000,-0.462584,0.105576,0.298343,-1.867290,-1.886214,0.602231,-0.000397,0.000000,0.000737,-0.000063,0.002957,-0.000021
4581.184000,-0.462576,0.105581,0.298350,-1.867340,-1.886206,0.602227,-0.000328,-0.000001,0.000337,-0.000040,0.001735,-0.000015
4581.192000,-0.462582,0.105590,0.298344,-1.867290,-1.886176,0.602204,-0.000257,-0.000000,0.000232,-0.000031,0.001318,-0.000013
4581.200000,-0.462590,0.105585,0.298340,-1.867274,-1.886199,0.602182,-0.000227,-0.000000,0.000133,-0.000024,0.000992,-0.000011
4581.208000,-0.462595,0.105573,0.298339,-1.867265,-1.886196,0.602230,-0.000542,-0.000003,-0.000815,-0.000012,-0.000417,-0.000020
4581.216000,-0.462599,0.105574,0.298315,-1.867338,-1.886172,0.602203,-0.000590,0.000000,-0.000507,-0.000056,0.002554,-0.000057
4581.224000,-0.462608,0.105580,0.298309,-1.867308,-1.886156,0.602199,-0.000582,0.000000,-0.000555,-0.000053,0.002410,-0.000056
4581.232000,-0.462609,0.105578,0.298299,-1.867296,-1.886181,0.602220,-0.000494,0.000000,-0.000391,-0.000049,0.002281,-0.000049
4581.240000,-0.462618,0.105577,0.298291,-1.867292,-1.886206,0.602218,-0.000471,-0.000001,-0.000535,-0.000030,0.001059,-0.000034
4581.248000,-0.462615,0.105598,0.298297,-1.867306,-1.886123,0.602177,-0.000468,-0.000002,-0.000637,-0.000020,0.000354,-0.000026
4581.256000,-0.462620,0.105566,0.298304,-1.867257,-1.886215,0.602246,-0.000461,-0.000002,-0.000682,-0.000014,-0.000029,-0.000022
4581.264000,-0.462620,0.105590,0.298298,-1.867322,-1.886131,0.602214,-0.000406,-0.000001,-0.000151,-0.000032,0.001174,-0.000023
4581.272000,-0.462628,0.105571,0.298307,-1.867291,-1.886166,0.602287,-0.000590,0.000002,0.001652,-0.000123,0.006326,-0.000043
4581.280000,-0.462636,0.105585,0.298339,-1.867217,-1.886069,0.602325,-0.001033,0.000005,0.004198,-0.000265,0.014019,-0.000078
4581.288000,-0.462642,0.105577,0.298337,-1.867201,-1.886089,0.602364,-0.000883,-0.000001,0.001135,-0.000118,0.005286,-0.000043
4581.296000,-0.462636,0.105596,0.298324,-1.867235,-1.886086,0.602279,-0.000693,-0.000002,0.000296,-0.000067,0.002578,-0.000029
4581.304000,-0.462633,0.105585,0.298352,-1.867162,-1.886059,0.602357,-0.000432,-0.000001,0.000244,-0.000046,0.001917,-0.000021
4581.312000,-0.462646,0.105586,0.298316,-1.867242,-1.886109,0.602259,-0.000314,-0.000000,0.000215,-0.000036,0.001577,-0.000017
4581.320000,-0.462653,0.105579,0.298320,-1.867222,-1.886096,0.602310,-0.000254,-0.000000,0.000166,-0.000030,0.001304,-0.000015
4581.328000,-0.462652,0.105585,0.298322,-1.867180,-1.886098,0.602314,-0.000600,-0.000006,-0.001614,0.000026,-0.002982,-0.000006
4581.336000,-0.462651,0.105586,0.298303,-1.867259,-1.886081,0.602277,-0.000600,-0.000006,-0.001617,0.000026,-0.003006,-0.000006
4581.344000,-0.462658,0.105578,0.298319,-1.867208,-1.886089,0.602342,-0.000343,-0.000003,-0.000817,0.000009,-0.001309,-0.000006
4581.352000,-0.462649,0.105614,0.298309,-1.867294,-1.885996,0.602266,-0.000239,-0.000002,-0.000493,0.000002,-0.000623,-0.000006
4581.360000,-0.462660,0.105580,0.298283,-1.867282,-1.886150,0.602217,-0.000186,-0.000001,-0.000327,-0.000002,-0.000283,-0.000006
4581.368000,-0.462659,0.105590,0.298321,-1.867246,-1.886029,0.602339,-0.000266,-0.000001,0.000132,-0.000027,0.001107,-0.000013
4581.376000,-0.462664,0.105585,0.298327,-1.867176,-1.886047,0.602363,-0.000266,-0.000001,0.000132,-0.000027,0.001107,-0.000013
4581.384000,-0.462666,0.105594,0.298326,-1.867194,-1.886012,0.602404,-0.000481,-0.000001,0.000219,-0.000046,0.001735,-0.000019
4581.392000,-0.462683,0.105579,0.298322,-1.867144,-1.886037,0.602397,-0.000786,0.000001,0.001974,-0.000145,0.007103,-0.000044
4581.400000,-0.462684,0.105586,0.298334,-1.867144,-1.885984,0.602415,-0.000591,0.000000,0.001254,-0.000099,0.004773,-0.000032
4581.408000,-0.462682,0.105578,0.298329,-1.867195,-1.886005,0.602425,-0.000558,0.000001,0.001360,-0.000102,0.005004,-0.000032
4581.416000,-0.462675,0.105612,0.298337,-1.867175,-1.885931,0.602414,-0.000414,-0.000000,0.000537,-0.000055,0.002487,-0.000020
4581.424000,-0.462687,0.105598,0.298336,-1.867136,-1.885946,0.602411,-0.000478,-0.000002,-0.000197,-0.000027,0.000589,-0.000015
4581.432000,-0.462686,0.105572,0.298328,-1.867140,-1.886039,0.602427,-0.000445,-0.000003,-0.000385,-0.000017,0.000014,-0.000012
4581.440000,-0.462684,0.105589,0.298311,-1.867180,-1.886034,0.602382,-0.000408,-0.000003,-0.000450,-0.000011,-0.000230,-0.000011
4581.448000,-0.462696,0.105598,0.298306,-1.867212,-1.885954,0.602372,-0.000339,-0.000003,-0.000842,0.000011,-0.001429,-0.000005
4581.456000,-0.462701,0.105584,0.298309,-1.867128,-1.886018,0.602410,-0.000368,-0.000003,-0.000870,0.000007,-0.001222,-0.000009
4581.464000,-0.462707,0.105588,0.298288,-1.867191,-1.886006,0.602423,-0.000685,-0.000007,-0.001870,0.000030,-0.003389,-0.000008
4581.472000,-0.462705,0.105590,0.298292,-1.867190,-1.885991,0.602398,-0.000496,0.000000,-0.000649,-0.000042,0.001902,-0.000052
4581.480000,-0.462709,0.105579,0.298315,-1.867109,-1.885930,0.602510,-0.000500,0.000006,0.000755,-0.000131,0.007755,-0.000097
4581.488000,-0.462714,0.105579,0.298312,-1.867094,-1.885914,0.602530,-0.000419,0.000006,0.000906,-0.000127,0.007635,-0.000090
4581.496000,-0.462715,0.105596,0.298327,-1.867101,-1.885853,0.602549,-0.000324,0.000003,0.000656,-0.000082,0.004769,-0.000053
4581.504000,-0.462716,0.105596,0.298331,-1.867081,-1.885856,0.602555,-0.000281,0.000002,0.000592,-0.000067,0.003772,-0.000039
4581.512000,-0.462713,0.105608,0.298345,-1.867051,-1.885795,0.602581,-0.000284,0.000002,0.000605,-0.000062,0.003412,-0.000033
4581.520000,-0.462734,0.105584,0.298327,-1.867047,-1.885865,0.602583,-0.000776,0.000001,0.001553,-0.000135,0.006671,-0.000052
4581.528000,-0.462723,0.105589,0.298365,-1.866975,-1.885845,0.602640,-0.000625,-0.000000,0.000684,-0.000084,0.003844,-0.000037
4581.536000,-0.462728,0.105596,0.298335,-1.867015,-1.885854,0.602584,-0.000477,-0.000001,0.000209,-0.000051,0.002166,-0.000026
4581.544000,-0.462728,0.105583,0.298341,-1.867001,-1.885877,0.602631,-0.000341,-0.000000,0.000200,-0.000040,0.001802,-0.000021
4581.552000,-0.462737,0.105584,0.298342,-1.866992,-1.885854,0.602616,-0.000306,-0.000000,0.000145,-0.000035,0.001510,-0.000018
4581.560000,-0.462736,0.105578,0.298347,-1.867008,-1.885855,0.602640,-0.000290,-0.000001,0.000044,-0.000022,0.000647,-0.000008
4581.568000,-0.462751,0.105572,0.298298,-1.867053,-1.885945,0.602550,-0.000427,-0.000003,-0.000390,-0.000012,-0.000293,-0.000008
4581.576000,-0.462746,0.105584,0.298319,-1.867023,-1.885885,0.602576,-0.000427,-0.000003,-0.000390,-0.000012,-0.000293,-0.000008
4581.584000,-0.462753,0.105581,0.298297,-1.867029,-1.885957,0.602566,-0.000442,-0.000003,-0.000459,-0.000010,-0.000456,-0.000007
4581.592000,-0.462760,0.105561,0.298305,-1.867009,-1.885922,0.602612,-0.000421,-0.000003,-0.000576,-0.000003,-0.000815,-0.000006
4581.600000,-0.462761,0.105579,0.298285,-1.867063,-1.885925,0.602534,-0.000308,-0.000002,-0.000328,-0.000006,-0.000340,-0.000005
4581.608000,-0.462754,0.105578,0.298294,-1.867069,-1.885915,0.602560,-0.000274,-0.000002,-0.000271,-0.000007,-0.000245,-0.000005
4581.616000,-0.462760,0.105594,0.298290,-1.867112,-1.885868,0.602553,-0.000274,-0.000002,-0.000271,-0.000007,-0.000245,-0.000005
4581.624000,-0.462771,0.105588,0.298300,-1.867027,-1.885878,0.602608,-0.000551,-0.000001,0.000618,-0.000065,0.002693,-0.000021
4581.632000,-0.462770,0.105583,0.298344,-1.866949,-1.885816,0.602690,-0.000798,0.000001,0.002044,-0.000145,0.007055,-0.000041
4581.640000,-0.462772,0.105595,0.298328,-1.867017,-1.885786,0.602647,-0.000509,-0.000001,0.000579,-0.000060,0.002511,-0.000019
4581.648000,-0.462778,0.105573,0.298332,-1.866917,-1.885842,0.602681,-0.000364,-0.000001,0.000271,-0.000037,0.001404,-0.000012
4581.656000,-0.462778,0.105583,0.298330,-1.866939,-1.885850,0.602663,-0.000323,-0.000001,0.000036,-0.000024,0.000685,-0.000009
4581.664000,-0.462787,0.105586,0.298320,-1.866981,-1.885780,0.602651,-0.000315,-0.000002,-0.000011,-0.000021,0.000541,-0.000008
4581.672000,-0.462776,0.105606,0.298350,-1.866964,-1.885710,0.602716,-0.000310,-0.000001,0.000006,-0.000021,0.000580,-0.000008
4581.680000,-0.462788,0.105574,0.298325,-1.866942,-1.885815,0.602677,-0.000293,-0.000001,0.000059,-0.000023,0.000695,-0.000008
4581.688000,-0.462786,0.105605,0.298326,-1.866993,-1.885722,0.602713,-0.000302,-0.000001,0.000118,-0.000030,0.001198,-0.000014
4581.696000,-0.462788,0.105577,0.298319,-1.866978,-1.885805,0.602719,-0.000353,-0.000002,-0.000164,-0.000021,0.000517,-0.000013
4581.704000,-0.462792,0.105576,0.298329,-1.866904,-1.885804,0.602770,-0.000335,-0.000002,-0.000265,-0.000015,0.000206,-0.000012
4581.712000,-0.462796,0.105572,0.298343,-1.866848,-1.885755,0.602809,-0.000377,0.000001,0.000001,-0.000052,0.002650,-0.000042
4581.720000,-0.462799,0.105578,0.298349,-1.866843,-1.885727,0.602826,-0.000337,0.000002,0.000125,-0.000054,0.002919,-0.000042
4581.728000,-0.462809,0.105578,0.298345,-1.866856,-1.885718,0.602829,-0.000775,0.000006,0.003093,-0.000214,0.011699,-0.000079
4581.736000,-0.462809,0.105590,0.298379,-1.866821,-1.885606,0.602904,-0.001095,-0.000001,0.001000,-0.000137,0.006077,-0.000060
4581.744000,-0.462813,0.105580,0.298356,-1.866813,-1.885682,0.602841,-0.000857,-0.000003,-0.000375,-0.000056,0.001595,-0.000036
4581.744000,-0.462813,0.105580,0.298356,-1.866813,-1.885682,0.602841,-0.000857,-0.000003,-0.000375,-0.000056,0.001595,-0.000036
4581.760000,-0.462819,0.105587,0.298362,-1.866827,-1.885637,0.602826,-0.000368,-0.000000,0.000208,-0.000044,0.001998,-0.000024
4581.768000,-0.462823,0.105577,0.298366,-1.866793,-1.885681,0.602909,-0.000323,0.000000,0.000321,-0.000045,0.002118,-0.000022
4581.776000,-0.462829,0.105579,0.298334,-1.866869,-1.885700,0.602821,-0.000321,0.000000,0.000310,-0.000043,0.002022,-0.000021
4581.784000,-0.462824,0.105579,0.298357,-1.866842,-1.885626,0.602900,-0.000482,-0.000002,-0.000214,-0.000030,0.000814,-0.000019
4581.792000,-0.462826,0.105587,0.298352,-1.866871,-1.885632,0.602919,-0.000454,-0.000002,-0.000380,-0.000020,0.000263,-0.000016
4581.800000,-0.462833,0.105590,0.298358,-1.866797,-1.885625,0.602897,-0.000388,-0.000002,-0.000184,-0.000024,0.000632,-0.000016
4581.808000,-0.462844,0.105588,0.298358,-1.866803,-1.885623,0.602936,-0.000524,0.000001,0.001321,-0.000100,0.004975,-0.000033
4581.816000,-0.462841,0.105583,0.298366,-1.866831,-1.885599,0.602939,-0.000448,0.000001,0.001113,-0.000085,0.004237,-0.000029
4581.824000,-0.462843,0.105596,0.298374,-1.866812,-1.885520,0.602957,-0.000356,0.000000,0.000582,-0.000055,0.002583,-0.000021
4581.832000,-0.462843,0.105589,0.298370,-1.866798,-1.885565,0.602972,-0.000482,-0.000001,0.000181,-0.000045,0.001696,-0.000020
4581.840000,-0.462852,0.105578,0.298390,-1.866723,-1.885579,0.603013,-0.000482,-0.000001,0.000178,-0.000045,0.001672,-0.000020
4581.848000,-0.462856,0.105561,0.298359,-1.866758,-1.885661,0.602957,-0.000441,-0.000002,-0.000006,-0.000034,0.001064,-0.000016
4581.856000,-0.462853,0.105585,0.298358,-1.866778,-1.885598,0.602923,-0.000320,-0.000001,0.000048,-0.000028,0.000992,-0.000013
4581.864000,-0.462850,0.105614,0.298360,-1.866788,-1.885532,0.602903,-0.000298,-0.000001,-0.000077,-0.000021,0.000609,-0.000012
4581.872000,-0.462857,0.105614,0.298340,-1.866868,-1.885522,0.602879,-0.000649,-0.000006,-0.001307,0.000010,-0.002124,-0.000009
4581.880000,-0.462866,0.105605,0.298354,-1.866824,-1.885545,0.602947,-0.000598,-0.000005,-0.001180,0.000008,-0.001870,-0.000009
4581.888000,-0.462873,0.105571,0.298317,-1.866837,-1.885678,0.602906,-0.000463,-0.000004,-0.000755,-0.000002,-0.000949,-0.000010
4581.896000,-0.462874,0.105593,0.298351,-1.866776,-1.885547,0.603007,-0.000433,-0.000001,0.000347,-0.000049,0.002018,-0.000019
4581.904000,-0.462884,0.105583,0.298367,-1.866718,-1.885526,0.603053,-0.000959,0.000004,0.003781,-0.000237,0.012389,-0.000066
4581.912000,-0.462885,0.105583,0.298389,-1.866668,-1.885498,0.603100,-0.000501,0.000001,0.001139,-0.000088,0.004313,-0.000029
4581.920000,-0.462879,0.105613,0.298389,-1.866755,-1.885390,0.603067,-0.000511,0.000001,0.001207,-0.000097,0.004889,-0.000036
4581.928000,-0.462890,0.105596,0.298397,-1.866628,-1.885396,0.603147,-0.000536,0.000007,0.001488,-0.000161,0.009475,-0.000099
4581.936000,-0.462890,0.105594,0.298400,-1.866613,-1.885395,0.603192,-0.000443,0.000006,0.001072,-0.000133,0.007918,-0.000089
4581.944000,-0.462892,0.105588,0.298374,-1.866645,-1.885479,0.603134,-0.000353,0.000003,0.000523,-0.000078,0.004395,-0.000052
4581.952000,-0.462900,0.105580,0.298373,-1.866620,-1.885456,0.603129,-0.000309,0.000001,0.000258,-0.000054,0.002861,-0.000036
4581.960000,-0.462900,0.105592,0.298371,-1.866693,-1.885409,0.603100,-0.000320,0.000000,-0.000011,-0.000037,0.001773,-0.000028
4581.968000,-0.462900,0.105584,0.298364,-1.866646,-1.885466,0.603118,-0.000502,-0.000003,-0.000745,-0.000014,-0.000139,-0.000022
4581.976000,-0.462904,0.105583,0.298354,-1.866669,-1.885496,0.603100,-0.000489,-0.000003,-0.000820,-0.000008,-0.000523,-0.000019
4581.984000,-0.462907,0.105596,0.298359,-1.866632,-1.885420,0.603123,-0.000520,-0.000004,-0.000998,-0.000001,-0.001079,-0.000016
4581.992000,-0.462919,0.105591,0.298323,-1.866733,-1.885471,0.603027,-0.000753,-0.000007,-0.001807,0.000021,-0.002967,-0.000013
4582.000000,-0.462920,0.105578,0.298344,-1.866644,-1.885486,0.603112,-0.000441,-0.000003,-0.000877,0.000001,-0.001045,-0.000012
4582.008000,-0.462919,0.105585,0.298350,-1.866639,-1.885450,0.603116,-0.000296,-0.000002,-0.000437,-0.000007,-0.000163,-0.000012
4582.016000,-0.462930,0.105573,0.298333,-1.866625,-1.885533,0.603088,-0.000236,-0.000001,-0.000256,-0.000011,0.000192,-0.000011
4582.024000,-0.462926,0.105583,0.298341,-1.866637,-1.885508,0.603103,-0.000381,0.000000,0.000574,-0.000057,0.002684,-0.000022
4582.032000,-0.462935,0.105582,0.298380,-1.866566,-1.885397,0.603254,-0.000805,0.000004,0.003022,-0.000194,0.010137,-0.000057
4582.040000,-0.462940,0.105579,0.298367,-1.866604,-1.885414,0.603175,-0.000486,0.000000,0.000904,-0.000078,0.003719,-0.000027
4582.048000,-0.462934,0.105583,0.298372,-1.866543,-1.885434,0.603210,-0.000389,-0.000001,0.000345,-0.000046,0.001994,-0.000019
4582.056000,-0.462942,0.105584,0.298385,-1.866538,-1.885376,0.603246,-0.000378,-0.000001,0.000285,-0.000043,0.001778,-0.000018
4582.064000,-0.462935,0.105591,0.298385,-1.866550,-1.885381,0.603205,-0.000372,-0.000001,0.000299,-0.000043,0.001792,-0.000018
4582.072000,-0.462943,0.105583,0.298364,-1.866591,-1.885437,0.603188,-0.000344,-0.000000,0.000385,-0.000044,0.001960,-0.000017
4582.080000,-0.462944,0.105589,0.298329,-1.866678,-1.885450,0.603109,-0.000307,-0.000001,0.000171,-0.000032,0.001289,-0.000014
4582.088000,-0.462954,0.105594,0.298316,-1.866701,-1.885435,0.603122,-0.000501,-0.000004,-0.000664,-0.000008,-0.000662,-0.000011
4582.096000,-0.462956,0.105587,0.298332,-1.866644,-1.885452,0.603160,-0.000419,-0.000003,-0.000557,-0.000007,-0.000532,-0.000010
4582.104000,-0.462962,0.105589,0.298325,-1.866631,-1.885446,0.603132,-0.000379,-0.000003,-0.000539,-0.000005,-0.000556,-0.000009
4582.112000,-0.462961,0.105580,0.298340,-1.866600,-1.885466,0.603216,-0.000513,-0.000005,-0.001041,0.000008,-0.001702,-0.000007
4582.120000,-0.462963,0.105584,0.298324,-1.866651,-1.885422,0.603157,-0.000507,-0.000005,-0.001080,0.000010,-0.001822,-0.000007
4582.128000,-0.462963,0.105571,0.298338,-1.866625,-1.885454,0.603200,-0.000327,-0.000002,-0.000538,-0.000001,-0.000662,-0.000007
4582.136000,-0.462959,0.105593,0.298346,-1.866650,-1.885389,0.603205,-0.000246,-0.000001,-0.000281,-0.000007,-0.000106,-0.000007
4582.144000,-0.462971,0.105605,0.298335,-1.866663,-1.885349,0.603195,-0.000397,-0.000000,0.000614,-0.000057,0.002622,-0.000020
4582.152000,-0.462979,0.105577,0.298388,-1.866490,-1.885332,0.603337,-0.000952,-0.000000,0.001736,-0.000145,0.006710,-0.000046
4582.160000,-0.462987,0.105584,0.298353,-1.866558,-1.885347,0.603265,-0.000672,-0.000003,0.000122,-0.000054,0.001773,-0.000023
4582.168000,-0.462991,0.105595,0.298323,-1.866573,-1.885407,0.603181,-0.000437,-0.000002,0.000097,-0.000037,0.001279,-0.000016
4582.176000,-0.462994,0.105569,0.298350,-1.866522,-1.885387,0.603237,-0.000353,-0.000001,0.000012,-0.000028,0.000891,-0.000013
4582.184000,-0.462999,0.105567,0.298335,-1.866513,-1.885437,0.603235,-0.000353,-0.000001,0.000012,-0.000028,0.000891,-0.000013
4582.192000,-0.462996,0.105576,0.298329,-1.866611,-1.885393,0.603251,-0.000432,-0.000002,-0.000236,-0.000022,0.000354,-0.000013
4582.200000,-0.462995,0.105570,0.298377,-1.866454,-1.885311,0.603316,-0.000440,-0.000002,-0.000183,-0.000029,0.000810,-0.000018
4582.208000,-0.463001,0.105581,0.298340,-1.866564,-1.885352,0.603317,-0.000391,-0.000001,-0.000089,-0.000029,0.000978,-0.000018
4582.216000,-0.463002,0.105583,0.298357,-1.866494,-1.885311,0.603344,-0.000292,-0.000001,0.000017,-0.000027,0.001088,-0.000016
4582.224000,-0.463010,0.105580,0.298338,-1.866473,-1.885335,0.603283,-0.000309,0.000001,0.000186,-0.000052,0.002804,-0.000038
4582.232000,-0.463014,0.105576,0.298346,-1.866425,-1.885336,0.603379,-0.000309,0.000001,0.000186,-0.000052,0.002804,-0.000038
4582.240000,-0.463006,0.105604,0.298349,-1.866543,-1.885207,0.603393,-0.000455,-0.000000,-0.000275,-0.000042,0.001807,-0.000037
4582.248000,-0.463020,0.105578,0.298332,-1.866509,-1.885294,0.603344,-0.000535,0.000000,0.000182,-0.000064,0.002957,-0.000040
4582.256000,-0.463031,0.105571,0.298355,-1.866443,-1.885286,0.603430,-0.000650,0.000003,0.001816,-0.000140,0.007323,-0.000053
4582.264000,-0.463025,0.105584,0.298399,-1.866352,-1.885157,0.603523,-0.000623,0.000002,0.001733,-0.000132,0.006830,-0.000048
4582.272000,-0.463040,0.105571,0.298346,-1.866441,-1.885261,0.603454,-0.000709,-0.000003,-0.000155,-0.000052,0.001653,-0.000030
4582.280000,-0.463039,0.105574,0.298342,-1.866397,-1.885285,0.603391,-0.000596,-0.000003,-0.000407,-0.000032,0.000666,-0.000023
4582.288000,-0.463027,0.105605,0.298346,-1.866503,-1.885204,0.603394,-0.000384,-0.000001,-0.000078,-0.000031,0.001088,-0.000019
4582.296000,-0.463042,0.105578,0.298350,-1.866398,-1.885247,0.603433,-0.000301,-0.000000,0.000094,-0.000032,0.001347,-0.000018
4582.304000,-0.463042,0.105594,0.298341,-1.866484,-1.885229,0.603402,-0.000289,-0.000000,0.000121,-0.000032,0.001351,-0.000017
4582.312000,-0.463049,0.105587,0.298344,-1.866477,-1.885206,0.603456,-0.000470,-0.000003,-0.000458,-0.000018,0.000081,-0.000016
4582.320000,-0.463050,0.105596,0.298324,-1.866473,-1.885248,0.603350,-0.000470,-0.000003,-0.000458,-0.000018,0.000081,-0.000016
4582.328000,-0.463051,0.105580,0.298339,-1.866443,-1.885210,0.603410,-0.000434,-0.000002,-0.000367,-0.000020,0.000263,-0.000016
4582.336000,-0.463050,0.105582,0.298339,-1.866443,-1.885256,0.603416,-0.000310,-0.000001,-0.000132,-0.000022,0.000680,-0.000015
4582.344000,-0.463057,0.105583,0.298348,-1.866381,-1.885229,0.603446,-0.000254,-0.000000,0.000045,-0.000026,0.001064,-0.000015
4582.352000,-0.463049,0.105595,0.298351,-1.866441,-1.885200,0.603426,-0.000237,-0.000000,0.000098,-0.000027,0.001179,-0.000015
4582.360000,-0.463056,0.105588,0.298366,-1.866394,-1.885182,0.603493,-0.000321,0.000001,0.000584,-0.000054,0.002665,-0.000022
4582.368000,-0.463065,0.105590,0.298354,-1.866446,-1.885152,0.603460,-0.000949,0.000002,0.002481,-0.000181,0.009010,-0.000057
4582.376000,-0.463071,0.105577,0.298395,-1.866317,-1.885103,0.603620,-0.000656,-0.000001,0.000788,-0.000086,0.003834,-0.000033
4582.384000,-0.463071,0.105606,0.298363,-1.866369,-1.885125,0.603502,-0.000444,-0.000001,0.000366,-0.000053,0.002291,-0.000023
4582.392000,-0.463081,0.105572,0.298364,-1.866334,-1.885181,0.603533,-0.000326,-0.000000,0.000313,-0.000043,0.001931,-0.000019
4582.400000,-0.463075,0.105583,0.298393,-1.866295,-1.885103,0.603618,-0.000288,0.000000,0.000420,-0.000044,0.002109,-0.000019
4582.408000,-0.463072,0.105596,0.298389,-1.866322,-1.885070,0.603575,-0.000262,0.000000,0.000494,-0.000045,0.002233,-0.000018
4582.416000,-0.463082,0.105595,0.298370,-1.866350,-1.885082,0.603572,-0.000261,0.000000,0.000488,-0.000044,0.002185,-0.000018
4582.424000,-0.463083,0.105596,0.298358,-1.866354,-1.885125,0.603512,-0.000547,-0.000004,-0.000644,-0.000014,-0.000398,-0.000014
4582.432000,-0.463091,0.105576,0.298364,-1.866321,-1.885135,0.603608,-0.000514,-0.000004,-0.000734,-0.000007,-0.000705,-0.000013
4582.440000,-0.463091,0.105572,0.298359,-1.866325,-1.885148,0.603567,-0.000338,-0.000002,-0.000299,-0.000015,0.000168,-0.000012
4582.448000,-0.463092,0.105587,0.298359,-1.866341,-1.885110,0.603601,-0.000303,-0.000002,-0.000274,-0.000013,0.000172,-0.000011
4582.456000,-0.463104,0.105566,0.298347,-1.866311,-1.885185,0.603570,-0.000718,-0.000007,-0.001585,0.000016,-0.002665,-0.000010
4582.464000,-0.463096,0.105591,0.298362,-1.866340,-1.885079,0.603551,-0.000460,-0.000003,-0.000770,-0.000002,-0.000901,-0.000011
4582.472000,-0.463103,0.105580,0.298375,-1.866257,-1.885086,0.603602,-0.000331,-0.000001,-0.000231,-0.000024,0.000819,-0.000020
4582.480000,-0.463100,0.105570,0.298399,-1.866165,-1.885094,0.603740,-0.000327,0.000004,0.000386,-0.000080,0.004730,-0.000062
4582.488000,-0.463106,0.105582,0.298366,-1.866272,-1.885053,0.603673,-0.000315,0.000004,0.000642,-0.000091,0.005411,-0.000064
4582.496000,-0.463108,0.105590,0.298390,-1.866184,-1.884993,0.603713,-0.000663,0.000007,0.002695,-0.000197,0.011057,-0.000083
4582.504000,-0.463121,0.105569,0.298425,-1.866082,-1.884992,0.603888,-0.001184,0.000004,0.003261,-0.000248,0.012768,-0.000090
4582.512000,-0.463121,0.105585,0.298425,-1.866168,-1.884863,0.603851,-0.000720,-0.000000,0.000574,-0.000091,0.004141,-0.000045
4582.520000,-0.463124,0.105589,0.298387,-1.866215,-1.884964,0.603747,-0.000497,-0.000000,0.000256,-0.000059,0.002612,-0.000032
4582.528000,-0.463124,0.105582,0.298409,-1.866105,-1.885003,0.603807,-0.000352,0.000000,0.000246,-0.000046,0.002166,-0.000025
4582.536000,-0.463125,0.105584,0.298415,-1.866140,-1.884933,0.603818,-0.000274,0.000000,0.000217,-0.000038,0.001821,-0.000021
4582.544000,-0.463122,0.105593,0.298427,-1.866146,-1.884908,0.603855,-0.000223,0.000000,0.000196,-0.000032,0.001577,-0.000018
4582.552000,-0.463132,0.105569,0.298413,-1.866152,-1.884943,0.603885,-0.000191,0.000000,0.000184,-0.000029,0.001423,-0.000016
4582.560000,-0.463122,0.105611,0.298405,-1.866276,-1.884844,0.603788,-0.000669,-0.000005,-0.001342,0.000007,-0.001951,-0.000013
4582.568000,-0.463138,0.105571,0.298412,-1.866113,-1.884958,0.603849,-0.000667,-0.000006,-0.001351,0.000008,-0.002023,-0.000012
4582.576000,-0.463134,0.105595,0.298389,-1.866178,-1.884948,0.603766,-0.000405,-0.000003,-0.000535,-0.000009,-0.000312,-0.000012
4582.576000,-0.463134,0.105595,0.298389,-1.866178,-1.884948,0.603766,-0.000405,-0.000003,-0.000535,-0.000009,-0.000312,-0.000012
4582.592000,-0.463137,0.105587,0.298385,-1.866234,-1.884952,0.603790,-0.000271,-0.000001,-0.000130,-0.000017,0.000493,-0.000012
4582.600000,-0.463147,0.105605,0.298353,-1.866294,-1.884929,0.603714,-0.000278,-0.000001,-0.000094,-0.000019,0.000589,-0.000012
4582.608000,-0.463150,0.105580,0.298383,-1.866178,-1.884933,0.603775,-0.000277,-0.000001,-0.000099,-0.000019,0.000541,-0.000011
4582.616000,-0.463143,0.105593,0.298394,-1.866184,-1.884938,0.603793,-0.000319,-0.000002,-0.000235,-0.000015,0.000230,-0.000011
4582.624000,-0.463159,0.105576,0.298387,-1.866120,-1.884970,0.603844,-0.000393,-0.000001,0.000193,-0.000039,0.001524,-0.000017
4582.632000,-0.463162,0.105578,0.298400,-1.866142,-1.884910,0.603850,-0.000758,0.000002,0.002331,-0.000159,0.008037,-0.000047
4582.640000,-0.463167,0.105581,0.298437,-1.866090,-1.884827,0.603976,-0.000535,0.000001,0.001345,-0.000100,0.004912,-0.000031
4582.648000,-0.463160,0.105583,0.298430,-1.866117,-1.884817,0.603935,-0.000523,0.000001,0.001272,-0.000095,0.004673,-0.000030
4582.656000,-0.463162,0.105579,0.298435,-1.866069,-1.884851,0.603915,-0.000439,0.000000,0.000786,-0.000068,0.003187,-0.000023
4582.664000,-0.463173,0.105578,0.298421,-1.866109,-1.884854,0.603916,-0.000347,-0.000001,0.000356,-0.000042,0.001826,-0.000016
4582.672000,-0.463169,0.105580,0.298403,-1.866126,-1.884915,0.603901,-0.000267,-0.000000,0.000245,-0.000032,0.001375,-0.000013
4582.680000,-0.463175,0.105567,0.298413,-1.866042,-1.884943,0.603884,-0.000244,-0.000001,0.000109,-0.000024,0.000944,-0.000011
4582.688000,-0.463173,0.105588,0.298416,-1.866085,-1.884858,0.603919,-0.000508,-0.000004,-0.000874,0.000002,-0.001285,-0.000008
4582.696000,-0.463176,0.105614,0.298402,-1.866087,-1.884807,0.603841,-0.000486,-0.000004,-0.000901,0.000004,-0.001400,-0.000007
4582.704000,-0.463180,0.105573,0.298405,-1.866120,-1.884856,0.603901,-0.000315,-0.000002,-0.000434,-0.000005,-0.000432,-0.000007
4582.712000,-0.463186,0.105585,0.298389,-1.866112,-1.884886,0.603835,-0.000257,-0.000002,-0.000317,-0.000006,-0.000230,-0.000007
4582.720000,-0.463191,0.105589,0.298383,-1.866116,-1.884881,0.603866,-0.000578,-0.000006,-0.001368,0.000019,-0.002526,-0.000005
4582.728000,-0.463193,0.105590,0.298376,-1.866143,-1.884879,0.603837,-0.000577,-0.000006,-0.001376,0.000019,-0.002550,-0.000005
4582.736000,-0.463190,0.105582,0.298401,-1.866069,-1.884863,0.603932,-0.000353,-0.000003,-0.000667,0.000003,-0.001016,-0.000006
4582.744000,-0.463196,0.105590,0.298381,-1.866133,-1.884846,0.603872,-0.000260,-0.000002,-0.000375,-0.000003,-0.000384,-0.000006
4582.752000,-0.463199,0.105587,0.298396,-1.866035,-1.884879,0.603940,-0.000295,-0.000000,0.000303,-0.000036,0.001538,-0.000014
4582.760000,-0.463209,0.105589,0.298395,-1.866057,-1.884819,0.603947,-0.001239,-0.000003,0.000970,-0.000130,0.005089,-0.000045
4582.768000,-0.463213,0.105587,0.298445,-1.865967,-1.884743,0.604093,-0.001141,-0.000003,0.000806,-0.000116,0.004462,-0.000041
4582.776000,-0.463210,0.105590,0.298416,-1.866019,-1.884774,0.603985,-0.000563,-0.000002,0.000376,-0.000057,0.002228,-0.000021
4582.784000,-0.463219,0.105583,0.298409,-1.866034,-1.884774,0.604010,-0.000377,-0.000001,0.000250,-0.000039,0.001543,-0.000015
4582.792000,-0.463214,0.105589,0.298440,-1.865959,-1.884720,0.604078,-0.000290,0.000000,0.000260,-0.000038,0.001783,-0.000019
4582.800000,-0.463223,0.105579,0.298430,-1.865939,-1.884737,0.604073,-0.000344,0.000005,0.000726,-0.000104,0.006269,-0.000075
4582.808000,-0.463222,0.105591,0.298421,-1.865917,-1.884683,0.604089,-0.000644,0.000007,0.000325,-0.000140,0.008267,-0.000120
4582.816000,-0.463232,0.105583,0.298423,-1.865951,-1.884664,0.604144,-0.000576,0.000003,-0.000106,-0.000090,0.004936,-0.000081
4582.824000,-0.463227,0.105611,0.298433,-1.865921,-1.884610,0.604149,-0.000437,0.000001,-0.000242,-0.000050,0.002454,-0.000047
4582.832000,-0.463228,0.105607,0.298397,-1.866017,-1.884672,0.604025,-0.000370,-0.000000,-0.000289,-0.000033,0.001476,-0.000033
4582.840000,-0.463239,0.105578,0.298394,-1.865906,-1.884799,0.604050,-0.000356,-0.000001,-0.000380,-0.000024,0.000829,-0.000026
4582.848000,-0.463241,0.105578,0.298394,-1.865961,-1.884742,0.604080,-0.000360,-0.000001,-0.000482,-0.000016,0.000326,-0.000021
4582.856000,-0.463248,0.105589,0.298382,-1.865995,-1.884706,0.604076,-0.000356,-0.000002,-0.000510,-0.000013,0.000086,-0.000018
4582.864000,-0.463248,0.105578,0.298385,-1.865956,-1.884759,0.604066,-0.000386,-0.000002,-0.000639,-0.000007,-0.000336,-0.000016
4582.872000,-0.463249,0.105596,0.298383,-1.865966,-1.884708,0.604036,-0.000384,-0.000002,-0.000656,-0.000005,-0.000480,-0.000014
4582.880000,-0.463251,0.105581,0.298395,-1.865920,-1.884758,0.604110,-0.000391,-0.000001,-0.000064,-0.000031,0.001093,-0.000019
4582.888000,-0.463255,0.105602,0.298386,-1.865999,-1.884686,0.604118,-0.000672,0.000001,0.001563,-0.000121,0.006005,-0.000041
4582.896000,-0.463272,0.105564,0.298402,-1.865916,-1.884708,0.604191,-0.001125,-0.000000,0.002026,-0.000173,0.008071,-0.000057
4582.904000,-0.463262,0.105604,0.298408,-1.865953,-1.884625,0.604154,-0.000658,-0.000002,0.000375,-0.000067,0.002645,-0.000028
4582.912000,-0.463274,0.105582,0.298388,-1.865956,-1.884696,0.604134,-0.000448,-0.000001,0.000167,-0.000043,0.001663,-0.000020
4582.920000,-0.463266,0.105583,0.298417,-1.865897,-1.884653,0.604177,-0.000394,-0.000002,-0.000154,-0.000020,0.000297,-0.000009
4582.928000,-0.463273,0.105582,0.298383,-1.865945,-1.884731,0.604106,-0.000368,-0.000002,-0.000303,-0.000012,-0.000158,-0.000007
4582.936000,-0.463283,0.105578,0.298386,-1.865893,-1.884707,0.604121,-0.000325,-0.000002,-0.000325,-0.000008,-0.000297,-0.000006
4582.944000,-0.463276,0.105590,0.298371,-1.865988,-1.884691,0.604074,-0.000315,-0.000002,-0.000388,-0.000004,-0.000489,-0.000005
4582.952000,-0.463280,0.105581,0.298373,-1.865972,-1.884719,0.604126,-0.000300,-0.000002,-0.000425,-0.000002,-0.000618,-0.000004
4582.960000,-0.463281,0.105582,0.298393,-1.865966,-1.884661,0.604162,-0.000225,-0.000002,-0.000252,-0.000004,-0.000278,-0.000004
4582.968000,-0.463287,0.105576,0.298360,-1.865966,-1.884774,0.604070,-0.000214,-0.000002,-0.000265,-0.000003,-0.000336,-0.000003
4582.976000,-0.463287,0.105588,0.298372,-1.865911,-1.884732,0.604088,-0.000210,-0.000002,-0.000289,-0.000002,-0.000408,-0.000003
4582.984000,-0.463284,0.105595,0.298382,-1.865953,-1.884632,0.604132,-0.000334,-0.000003,-0.000703,0.000008,-0.001318,-0.000002
4582.992000,-0.463295,0.105585,0.298358,-1.865990,-1.884721,0.604125,-0.000334,-0.000003,-0.000703,0.000008,-0.001318,-0.000002
4583.000000,-0.463296,0.105584,0.298370,-1.865911,-1.884702,0.604108,-0.000281,-0.000003,-0.000535,0.000005,-0.000954,-0.000002
4583.008000,-0.463291,0.105583,0.298406,-1.865876,-1.884629,0.604208,-0.000213,-0.000002,-0.000322,-0.000000,-0.000494,-0.000003
4583.016000,-0.463303,0.105584,0.298397,-1.865901,-1.884601,0.604204,-0.000274,-0.000001,0.000308,-0.000032,0.001347,-0.000010
4583.024000,-0.463313,0.105582,0.298407,-1.865815,-1.884617,0.604264,-0.001203,-0.000004,0.000562,-0.000107,0.003738,-0.000038
4583.032000,-0.463318,0.105581,0.298376,-1.865906,-1.884649,0.604218,-0.001031,-0.000007,-0.001053,-0.000029,-0.000648,-0.000023
4583.040000,-0.463308,0.105616,0.298391,-1.865902,-1.884540,0.604212,-0.000618,-0.000003,-0.000461,-0.000026,0.000220,-0.000018
4583.048000,-0.463317,0.105591,0.298393,-1.865821,-1.884617,0.604172,-0.000408,-0.000001,0.000008,-0.000033,0.001121,-0.000017
4583.056000,-0.463324,0.105587,0.298399,-1.865824,-1.884580,0.604284,-0.000144,0.000002,0.000841,-0.000052,0.002924,-0.000018
4583.064000,-0.463323,0.105592,0.298374,-1.865859,-1.884622,0.604239,-0.000654,-0.000002,-0.000507,-0.000040,0.001135,-0.000034
4583.072000,-0.463323,0.105604,0.298373,-1.865901,-1.884545,0.604250,-0.000563,-0.000001,-0.000280,-0.000044,0.001591,-0.000034
4583.080000,-0.463331,0.105579,0.298383,-1.865808,-1.884564,0.604268,-0.000385,0.000000,0.000042,-0.000046,0.002147,-0.000032
4583.088000,-0.463327,0.105585,0.298397,-1.865802,-1.884536,0.604285,-0.000296,0.000001,0.000154,-0.000045,0.002291,-0.000031
4583.096000,-0.463335,0.105584,0.298395,-1.865763,-1.884548,0.604310,-0.000243,0.000001,0.000173,-0.000040,0.002109,-0.000027
4583.104000,-0.463333,0.105601,0.298383,-1.865848,-1.884556,0.604320,-0.000206,0.000001,0.000179,-0.000035,0.001826,-0.000023
4583.112000,-0.463330,0.105595,0.298412,-1.865736,-1.884520,0.604324,-0.000182,0.000001,0.000216,-0.000033,0.001745,-0.000020
4583.112000,-0.463330,0.105595,0.298412,-1.865736,-1.884520,0.604324,-0.000182,0.000001,0.000216,-0.000033,0.001745,-0.000020
4583.128000,-0.463343,0.105576,0.298404,-1.865727,-1.884570,0.604355,-0.000256,0.000001,0.000740,-0.000059,0.003115,-0.000024
4583.136000,-0.463344,0.105605,0.298414,-1.865772,-1.884450,0.604371,-0.000642,0.000005,0.002979,-0.000183,0.009897,-0.000055
4583.144000,-0.463354,0.105553,0.298456,-1.865595,-1.884511,0.604528,-0.000535,0.000000,0.000950,-0.000086,0.004078,-0.000031
4583.152000,-0.463348,0.105589,0.298433,-1.865679,-1.884468,0.604425,-0.000427,-0.000001,0.000323,-0.000049,0.002113,-0.000022
4583.160000,-0.463353,0.105589,0.298443,-1.865719,-1.884389,0.604462,-0.000379,-0.000001,0.000043,-0.000033,0.001227,-0.000017
4583.168000,-0.463358,0.105573,0.298434,-1.865654,-1.884481,0.604439,-0.000315,-0.000001,0.000101,-0.000031,0.001241,-0.000016
4583.176000,-0.463354,0.105606,0.298440,-1.865724,-1.884371,0.604443,-0.000281,-0.000000,0.000202,-0.000033,0.001423,-0.000015
4583.184000,-0.463358,0.105583,0.298422,-1.865720,-1.884441,0.604445,-0.000789,-0.000006,-0.001405,0.000004,-0.002071,-0.000013
4583.192000,-0.463359,0.105587,0.298433,-1.865710,-1.884439,0.604460,-0.000615,-0.000004,-0.000855,-0.000009,-0.000882,-0.000014
4583.200000,-0.463364,0.105586,0.298417,-1.865706,-1.884464,0.604458,-0.000404,-0.000002,-0.000166,-0.000025,0.000623,-0.000015
4583.208000,-0.463363,0.105614,0.298407,-1.865779,-1.884389,0.604354,-0.000317,-0.000001,0.000109,-0.000031,0.001217,-0.000015
4583.216000,-0.463377,0.105573,0.298398,-1.865717,-1.884534,0.604452,-0.000314,-0.000001,0.000118,-0.000031,0.001236,-0.000015
4583.224000,-0.463376,0.105583,0.298399,-1.865757,-1.884479,0.604396,-0.000665,-0.000005,-0.000990,-0.000006,-0.001160,-0.000014
4583.232000,-0.463373,0.105583,0.298428,-1.865685,-1.884428,0.604472,-0.000496,-0.000003,-0.000565,-0.000013,-0.000302,-0.000013
4583.240000,-0.463379,0.105610,0.298404,-1.865733,-1.884407,0.604415,-0.000339,-0.000002,-0.000191,-0.000019,0.000436,-0.000013
4583.248000,-0.463386,0.105565,0.298433,-1.865666,-1.884438,0.604525,-0.000272,-0.000001,0.000022,-0.000024,0.000896,-0.000013
4583.256000,-0.463392,0.105593,0.298429,-1.865646,-1.884417,0.604496,-0.000451,0.000002,0.001391,-0.000097,0.004980,-0.000031
4583.264000,-0.463393,0.105576,0.298443,-1.865597,-1.884389,0.604575,-0.000437,0.000002,0.001460,-0.000099,0.005143,-0.000031
4583.272000,-0.463398,0.105594,0.298430,-1.865624,-1.884386,0.604514,-0.000437,0.000002,0.001460,-0.000099,0.005143,-0.000031
4583.280000,-0.463404,0.105583,0.298434,-1.865601,-1.884386,0.604546,-0.000524,-0.000002,0.000156,-0.000047,0.001725,-0.000021
4583.288000,-0.463399,0.105576,0.298429,-1.865607,-1.884421,0.604542,-0.000468,-0.000002,-0.000174,-0.000029,0.000719,-0.000016
4583.296000,-0.463406,0.105566,0.298439,-1.865602,-1.884386,0.604579,-0.000386,-0.000002,-0.000194,-0.000022,0.000513,-0.000014
4583.304000,-0.463404,0.105571,0.298434,-1.865589,-1.884426,0.604556,-0.000281,-0.000001,-0.000049,-0.000021,0.000704,-0.000012
4583.312000,-0.463406,0.105596,0.298446,-1.865601,-1.884280,0.604581,-0.000271,-0.000001,-0.000107,-0.000018,0.000513,-0.000011
4583.320000,-0.463414,0.105577,0.298437,-1.865587,-1.884348,0.604598,-0.000445,-0.000003,-0.000659,-0.000005,-0.000700,-0.000010
4583.328000,-0.463418,0.105554,0.298433,-1.865530,-1.884432,0.604608,-0.000445,-0.000003,-0.000659,-0.000005,-0.000700,-0.000010
4583.336000,-0.463430,0.105577,0.298408,-1.865648,-1.884340,0.604580,-0.000558,-0.000003,-0.000254,-0.000031,0.000618,-0.000017
4583.344000,-0.463428,0.105577,0.298461,-1.865495,-1.884298,0.604681,-0.000779,-0.000001,0.001032,-0.000103,0.004548,-0.000036
4583.352000,-0.463436,0.105565,0.298474,-1.865451,-1.884283,0.604756,-0.000680,0.000003,0.001659,-0.000140,0.007247,-0.000058
4583.360000,-0.463444,0.105575,0.298444,-1.865460,-1.884274,0.604757,-0.000616,0.000009,0.001518,-0.000188,0.011196,-0.000126
4583.368000,-0.463445,0.105567,0.298449,-1.865446,-1.884284,0.604717,-0.000469,0.000004,0.000611,-0.000099,0.005516,-0.000066
4583.376000,-0.463442,0.105584,0.298454,-1.865478,-1.884204,0.604743,-0.000419,0.000001,0.000228,-0.000064,0.003278,-0.000044
4583.384000,-0.463444,0.105582,0.298452,-1.865466,-1.884229,0.604764,-0.000405,0.000000,0.000138,-0.000052,0.002511,-0.000035
4583.392000,-0.463450,0.105567,0.298462,-1.865421,-1.884236,0.604771,-0.000397,-0.000000,0.000085,-0.000045,0.002056,-0.000029
4583.400000,-0.463449,0.105572,0.298462,-1.865406,-1.884250,0.604772,-0.000341,0.000000,0.000208,-0.000044,0.002089,-0.000026
4583.408000,-0.463446,0.105583,0.298461,-1.865444,-1.884198,0.604782,-0.000276,0.000000,0.000282,-0.000042,0.002051,-0.000023
4583.416000,-0.463445,0.105586,0.298462,-1.865462,-1.884209,0.604793,-0.000253,0.000000,0.000145,-0.000032,0.001524,-0.000019
4583.424000,-0.463456,0.105585,0.298439,-1.865493,-1.884212,0.604711,-0.000488,-0.000003,-0.000680,-0.000011,-0.000384,-0.000016
4583.432000,-0.463455,0.105590,0.298444,-1.865491,-1.884209,0.604703,-0.000486,-0.000003,-0.000691,-0.000010,-0.000480,-0.000015
4583.440000,-0.463461,0.105566,0.298450,-1.865442,-1.884241,0.604778,-0.000373,-0.000002,-0.000345,-0.000017,0.000215,-0.000014
4583.448000,-0.463465,0.105568,0.298455,-1.865421,-1.884228,0.604759,-0.000290,-0.000001,-0.000096,-0.000021,0.000700,-0.000014
4583.456000,-0.463476,0.105576,0.298438,-1.865420,-1.884270,0.604758,-0.000811,-0.000006,-0.001350,-0.000001,-0.001817,-0.000015
4583.464000,-0.463478,0.105590,0.298452,-1.865420,-1.884157,0.604780,-0.000972,-0.000003,0.000492,-0.000093,0.003498,-0.000037
4583.472000,-0.463480,0.105583,0.298472,-1.865405,-1.884135,0.604857,-0.000592,-0.000001,0.000727,-0.000077,0.003417,-0.000028
4583.480000,-0.463482,0.105584,0.298464,-1.865425,-1.884125,0.604839,-0.000390,-0.000000,0.000406,-0.000049,0.002152,-0.000020
4583.488000,-0.463481,0.105583,0.298461,-1.865465,-1.884120,0.604827,-0.000294,-0.000000,0.000280,-0.000037,0.001615,-0.000016
4583.496000,-0.463485,0.105604,0.298434,-1.865476,-1.884191,0.604752,-0.000267,-0.000001,0.000120,-0.000027,0.001112,-0.000013
4583.504000,-0.463478,0.105586,0.298467,-1.865418,-1.884162,0.604855,-0.000249,-0.000001,0.000016,-0.000021,0.000776,-0.000011
4583.512000,-0.463482,0.105605,0.298446,-1.865483,-1.884123,0.604792,-0.000357,-0.000002,-0.000439,-0.000008,-0.000288,-0.000010
4583.520000,-0.463487,0.105593,0.298433,-1.865473,-1.884188,0.604778,-0.000357,-0.000002,-0.000442,-0.000008,-0.000312,-0.000009
4583.528000,-0.463490,0.105589,0.298428,-1.865483,-1.884183,0.604751,-0.000311,-0.000002,-0.000303,-0.000011,-0.000029,-0.000009
4583.536000,-0.463497,0.105542,0.298436,-1.865402,-1.884281,0.604843,-0.000271,-0.000001,-0.000181,-0.000013,0.000216,-0.000009
4583.544000,-0.463499,0.105565,0.298420,-1.865431,-1.884257,0.604788,-0.000709,-0.000007,-0.001565,0.000018,-0.002776,-0.000008
4583.552000,-0.463498,0.105588,0.298395,-1.865524,-1.884254,0.604689,-0.000507,-0.000004,-0.000929,0.000004,-0.001419,-0.000008
4583.560000,-0.463502,0.105580,0.298425,-1.865479,-1.884200,0.604807,-0.000333,-0.000002,-0.000379,-0.000009,-0.000230,-0.000009
4583.568000,-0.463508,0.105583,0.298426,-1.865419,-1.884184,0.604787,-0.000254,-0.000001,-0.000183,-0.000012,0.000148,-0.000008
4583.576000,-0.463501,0.105594,0.298420,-1.865479,-1.884162,0.604779,-0.000204,-0.000001,-0.000097,-0.000012,0.000292,-0.000008
4583.584000,-0.463506,0.105586,0.298423,-1.865443,-1.884185,0.604824,-0.000189,-0.000001,-0.000105,-0.000011,0.000230,-0.000007
4583.592000,-0.463516,0.105572,0.298397,-1.865449,-1.884237,0.604749,-0.000483,-0.000004,-0.001043,0.000011,-0.001807,-0.000006
4583.600000,-0.463513,0.105588,0.298402,-1.865492,-1.884198,0.604754,-0.000482,-0.000004,-0.001046,0.000011,-0.001831,-0.000005
4583.608000,-0.463517,0.105581,0.298432,-1.865455,-1.884145,0.604849,-0.000483,-0.000002,0.000163,-0.000042,0.001486,-0.000017
4583.616000,-0.463526,0.105571,0.298456,-1.865375,-1.884101,0.604924,-0.000814,0.000003,0.002918,-0.000187,0.009643,-0.000052
4583.624000,-0.463527,0.105592,0.298443,-1.865381,-1.884113,0.604886,-0.000433,0.000001,0.001009,-0.000076,0.003714,-0.000024
4583.632000,-0.463527,0.105581,0.298445,-1.865383,-1.884093,0.604925,-0.000337,-0.000000,0.000453,-0.000045,0.002013,-0.000016
4583.640000,-0.463523,0.105604,0.298465,-1.865343,-1.884052,0.604935,-0.000294,-0.000001,0.000202,-0.000031,0.001246,-0.000012
4583.648000,-0.463535,0.105576,0.298455,-1.865334,-1.884042,0.605003,-0.000318,0.000001,0.000356,-0.000053,0.002732,-0.000031
4583.656000,-0.463541,0.105577,0.298458,-1.865273,-1.884040,0.605010,-0.000409,0.000006,0.000809,-0.000116,0.006878,-0.000082
4583.664000,-0.463530,0.105593,0.298478,-1.865287,-1.883971,0.605054,-0.000409,0.000006,0.000809,-0.000115,0.006878,-0.000082
4583.672000,-0.463543,0.105577,0.298453,-1.865294,-1.884038,0.605004,-0.000441,0.000002,0.000291,-0.000075,0.003987,-0.000053
4583.680000,-0.463549,0.105566,0.298442,-1.865289,-1.884078,0.604991,-0.000399,0.000001,0.000031,-0.000050,0.002454,-0.000037
4583.688000,-0.463541,0.105587,0.298471,-1.865239,-1.884012,0.605047,-0.000371,-0.000000,-0.000136,-0.000036,0.001543,-0.000029
4583.696000,-0.463549,0.105576,0.298423,-1.865372,-1.884079,0.604953,-0.000288,0.000000,-0.000045,-0.000031,0.001409,-0.000023
4583.704000,-0.463543,0.105590,0.298428,-1.865363,-1.884069,0.604991,-0.000264,-0.000000,-0.000088,-0.000025,0.001078,-0.000020
4583.712000,-0.463556,0.105566,0.298435,-1.865297,-1.884086,0.604981,-0.000256,-0.000000,-0.000139,-0.000021,0.000815,-0.000017
4583.720000,-0.463556,0.105589,0.298433,-1.865291,-1.884050,0.604952,-0.000348,-0.000002,-0.000457,-0.000012,0.000019,-0.000015
4583.728000,-0.463564,0.105580,0.298439,-1.865285,-1.884042,0.605031,-0.000716,-0.000002,0.000092,-0.000060,0.002118,-0.000029
4583.736000,-0.463575,0.105575,0.298449,-1.865253,-1.884032,0.605066,-0.000957,-0.000000,0.001494,-0.000139,0.006360,-0.000048
4583.744000,-0.463573,0.105576,0.298470,-1.865171,-1.884008,0.605101,-0.000619,-0.000000,0.000785,-0.000083,0.003748,-0.000032
4583.752000,-0.463570,0.105587,0.298437,-1.865296,-1.884023,0.605015,-0.000416,-0.000000,0.000385,-0.000051,0.002233,-0.000022
4583.760000,-0.463577,0.105576,0.298445,-1.865266,-1.884015,0.605057,-0.000365,-0.000001,0.000089,-0.000034,0.001299,-0.000017
4583.768000,-0.463581,0.105581,0.298445,-1.865283,-1.884010,0.605044,-0.000337,-0.000001,-0.000074,-0.000025,0.000771,-0.000014
4583.776000,-0.463584,0.105588,0.298423,-1.865278,-1.884042,0.604985,-0.000336,-0.000002,-0.000207,-0.000018,0.000388,-0.000013
4583.784000,-0.463588,0.105581,0.298423,-1.865261,-1.884054,0.605012,-0.000335,-0.000002,-0.000213,-0.000018,0.000340,-0.000012
4583.792000,-0.463585,0.105593,0.298423,-1.865331,-1.883982,0.605007,-0.000335,-0.000002,-0.000215,-0.000017,0.000316,-0.000012
4583.800000,-0.463590,0.105580,0.298421,-1.865287,-1.884042,0.605032,-0.000317,-0.000001,-0.000165,-0.000018,0.000407,-0.000011
4583.808000,-0.463593,0.105582,0.298421,-1.865278,-1.884019,0.605017,-0.000317,-0.000001,-0.000168,-0.000018,0.000383,-0.000011
4583.816000,-0.463598,0.105575,0.298425,-1.865267,-1.884021,0.605070,-0.000412,-0.000003,-0.000472,-0.000011,-0.000293,-0.000011
4583.824000,-0.463596,0.105610,0.298410,-1.865367,-1.883927,0.605009,-0.000399,-0.000003,-0.000545,-0.000006,-0.000532,-0.000009
4583.832000,-0.463600,0.105577,0.298424,-1.865261,-1.884024,0.605031,-0.000310,-0.000002,-0.000360,-0.000008,-0.000187,-0.000009
4583.840000,-0.463601,0.105592,0.298401,-1.865334,-1.884015,0.604996,-0.000296,-0.000002,-0.000343,-0.000008,-0.000182,-0.000008
4583.848000,-0.463612,0.105571,0.298407,-1.865286,-1.884049,0.605010,-0.000472,-0.000004,-0.000904,0.000005,-0.001414,-0.000007
4583.856000,-0.463611,0.105587,0.298410,-1.865255,-1.884000,0.605053,-0.000620,-0.000003,-0.000042,-0.000043,0.001222,-0.000020
4583.864000,-0.463622,0.105604,0.298432,-1.865263,-1.883865,0.605120,-0.000807,0.000002,0.002176,-0.000154,0.007644,-0.000046
4583.872000,-0.463621,0.105579,0.298465,-1.865149,-1.883894,0.605158,-0.000442,0.000000,0.000836,-0.000070,0.003302,-0.000023
4583.880000,-0.463624,0.105578,0.298444,-1.865169,-1.883934,0.605218,-0.000350,0.000002,0.000728,-0.000077,0.004184,-0.000041
4583.888000,-0.463617,0.105607,0.298462,-1.865214,-1.883771,0.605167,-0.000310,0.000002,0.000624,-0.000069,0.003825,-0.000039
4583.896000,-0.463620,0.105589,0.298477,-1.865106,-1.883833,0.605228,-0.000310,0.000002,0.000624,-0.000069,0.003825,-0.000039
4583.904000,-0.463630,0.105577,0.298486,-1.865061,-1.883817,0.605303,-0.000310,0.000002,0.000624,-0.000069,0.003825,-0.000039
4583.912000,-0.463631,0.105587,0.298462,-1.865119,-1.883837,0.605257,-0.000400,0.000001,0.000260,-0.000055,0.002698,-0.000033
4583.920000,-0.463636,0.105590,0.298441,-1.865188,-1.883841,0.605168,-0.000364,-0.000000,0.000042,-0.000040,0.001788,-0.000026
4583.928000,-0.463644,0.105575,0.298429,-1.865157,-1.883898,0.605210,-0.000340,-0.000001,-0.000095,-0.000030,0.001212,-0.000022
4583.936000,-0.463636,0.105610,0.298439,-1.865184,-1.883828,0.605175,-0.000330,-0.000001,-0.000157,-0.000025,0.000901,-0.000019
4583.944000,-0.463642,0.105588,0.298450,-1.865127,-1.883837,0.605235,-0.000594,-0.000004,-0.001017,-0.000004,-0.001064,-0.000016
4583.952000,-0.463649,0.105580,0.298433,-1.865153,-1.883878,0.605238,-0.000508,-0.000003,-0.000762,-0.000009,-0.000585,-0.000016
4583.960000,-0.463647,0.105603,0.298437,-1.865152,-1.883824,0.605223,-0.000344,-0.000001,-0.000259,-0.000019,0.000431,-0.000015
4583.968000,-0.463651,0.105581,0.298445,-1.865142,-1.883838,0.605260,-0.000347,-0.000001,-0.000088,-0.000026,0.000858,-0.000016
4583.976000,-0.463654,0.105592,0.298444,-1.865098,-1.883836,0.605256,-0.000346,-0.000001,-0.000097,-0.000025,0.000786,-0.000015
4583.984000,-0.463664,0.105582,0.298441,-1.865109,-1.883842,0.605250,-0.000503,0.000000,0.000870,-0.000079,0.003724,-0.000029
4583.992000,-0.463671,0.105577,0.298462,-1.865035,-1.883803,0.605308,-0.000889,0.000004,0.003242,-0.000210,0.010937,-0.000062
4584.000000,-0.463673,0.105581,0.298462,-1.865083,-1.883776,0.605341,-0.000497,0.000000,0.000961,-0.000082,0.003963,-0.000029
4584.008000,-0.463679,0.105582,0.298448,-1.865078,-1.883786,0.605315,-0.000410,-0.000001,0.000329,-0.000048,0.002070,-0.000021
4584.016000,-0.463668,0.105605,0.298464,-1.865090,-1.883723,0.605302,-0.000365,-0.000001,0.000062,-0.000033,0.001256,-0.000017
4584.024000,-0.463678,0.105565,0.298451,-1.865050,-1.883848,0.605302,-0.000339,-0.000001,-0.000087,-0.000025,0.000800,-0.000015
4584.032000,-0.463675,0.105577,0.298450,-1.865025,-1.883838,0.605280,-0.000307,-0.000001,-0.000145,-0.000020,0.000585,-0.000014
4584.040000,-0.463672,0.105589,0.298466,-1.865035,-1.883780,0.605306,-0.000239,-0.000001,-0.000038,-0.000020,0.000752,-0.000013
4584.048000,-0.463680,0.105569,0.298471,-1.865034,-1.883778,0.605402,-0.000199,-0.000000,0.000005,-0.000019,0.000795,-0.000012
4584.056000,-0.463687,0.105557,0.298452,-1.864987,-1.883872,0.605377,-0.000193,-0.000000,-0.000002,-0.000019,0.000767,-0.000012
4584.064000,-0.463689,0.105573,0.298430,-1.865068,-1.883828,0.605263,-0.000614,-0.000005,-0.001332,0.000012,-0.002109,-0.000011
4584.072000,-0.463689,0.105575,0.298422,-1.865087,-1.883846,0.605287,-0.000452,-0.000003,-0.000818,-0.000000,-0.000997,-0.000011
4584.080000,-0.463697,0.105578,0.298436,-1.865036,-1.883794,0.605296,-0.000308,-0.000002,-0.000368,-0.000010,-0.000043,-0.000011
4584.088000,-0.463692,0.105582,0.298447,-1.865069,-1.883753,0.605349,-0.000279,-0.000001,-0.000285,-0.000011,0.000100,-0.000011
4584.096000,-0.463703,0.105579,0.298419,-1.865051,-1.883845,0.605331,-0.000486,-0.000004,-0.000944,0.000004,-0.001342,-0.000010
4584.104000,-0.463696,0.105583,0.298425,-1.865069,-1.883812,0.605275,-0.000506,-0.000004,-0.000832,-0.000002,-0.001031,-0.000011
4584.112000,-0.463706,0.105576,0.298429,-1.865041,-1.883791,0.605336,-0.000606,-0.000001,0.000807,-0.000081,0.003633,-0.000029
4584.120000,-0.463702,0.105605,0.298471,-1.865029,-1.883636,0.605408,-0.000999,0.000005,0.003955,-0.000247,0.012984,-0.000070
4584.128000,-0.463720,0.105577,0.298491,-1.864888,-1.883649,0.605510,-0.000719,0.000006,0.002720,-0.000201,0.011143,-0.000084
4584.136000,-0.463716,0.105602,0.298460,-1.864959,-1.883606,0.605522,-0.000594,0.000012,0.002071,-0.000222,0.013587,-0.000145
4584.144000,-0.463719,0.105571,0.298498,-1.864826,-1.883615,0.605597,-0.000429,0.000006,0.001058,-0.000127,0.007477,-0.000083
4584.152000,-0.463720,0.105582,0.298473,-1.864873,-1.883663,0.605510,-0.000344,0.000003,0.000533,-0.000076,0.004289,-0.000050
4584.160000,-0.463720,0.105591,0.298456,-1.864949,-1.883664,0.605495,-0.000281,0.000002,0.000353,-0.000055,0.003029,-0.000036
4584.168000,-0.463725,0.105590,0.298490,-1.864888,-1.883550,0.605558,-0.000235,0.000001,0.000256,-0.000043,0.002324,-0.000028
4584.176000,-0.463729,0.105576,0.298469,-1.864932,-1.883609,0.605548,-0.000191,-0.000001,-0.000023,-0.000012,0.000287,-0.000005
4584.184000,-0.463729,0.105578,0.298452,-1.864923,-1.883654,0.605471,-0.000427,-0.000004,-0.000842,0.000008,-0.001524,-0.000003
4584.192000,-0.463730,0.105581,0.298466,-1.864911,-1.883641,0.605535,-0.000383,-0.000004,-0.001100,0.000023,-0.002315,0.000000
4584.200000,-0.463724,0.105590,0.298476,-1.864925,-1.883624,0.605562,-0.000270,-0.000003,-0.000746,0.000015,-0.001548,-0.000000
4584.208000,-0.463735,0.105565,0.298473,-1.864822,-1.883677,0.605553,-0.000195,-0.000002,-0.000506,0.000009,-0.001031,-0.000000
4584.216000,-0.463736,0.105603,0.298455,-1.864982,-1.883553,0.605542,-0.000677,-0.000008,-0.002032,0.000044,-0.004328,0.000001
4584.224000,-0.463741,0.105591,0.298481,-1.864898,-1.883542,0.605628,-0.000762,-0.000007,-0.001391,0.000009,-0.002416,-0.000007
4584.232000,-0.463748,0.105584,0.298447,-1.864931,-1.883616,0.605492,-0.000436,-0.000003,-0.000362,-0.000014,-0.000192,-0.000008
4584.240000,-0.463748,0.105588,0.298482,-1.864842,-1.883561,0.605606,-0.000870,0.000003,0.003127,-0.000198,0.010170,-0.000054
4584.248000,-0.463757,0.105575,0.298505,-1.864798,-1.883546,0.605680,-0.000593,0.000002,0.001970,-0.000128,0.006489,-0.000035
4584.256000,-0.463751,0.105582,0.298492,-1.864817,-1.883559,0.605630,-0.000385,-0.000000,0.000755,-0.000060,0.002775,-0.000018
4584.264000,-0.463758,0.105586,0.298476,-1.864838,-1.883587,0.605604,-0.000314,-0.000001,0.000339,-0.000037,0.001505,-0.000012
4584.272000,-0.463763,0.105565,0.298464,-1.864840,-1.883649,0.605572,-0.000277,-0.000001,0.000127,-0.000025,0.000858,-0.000009
4584.280000,-0.463759,0.105585,0.298484,-1.864836,-1.883569,0.605641,-0.000268,-0.000001,-0.000050,-0.000016,0.000355,-0.000007
4584.288000,-0.463766,0.105564,0.298464,-1.864846,-1.883640,0.605598,-0.000254,-0.000002,-0.000137,-0.000011,0.000091,-0.000006
4584.296000,-0.463766,0.105572,0.298469,-1.864865,-1.883577,0.605597,-0.000243,-0.000002,-0.000199,-0.000008,-0.000101,-0.000005
4584.304000,-0.463764,0.105602,0.298441,-1.864914,-1.883602,0.605545,-0.000260,-0.000002,-0.000326,-0.000003,-0.000417,-0.000004
4584.312000,-0.463763,0.105593,0.298466,-1.864863,-1.883582,0.605568,-0.000255,-0.000002,-0.000357,-0.000002,-0.000513,-0.000003
4584.320000,-0.463764,0.105610,0.298467,-1.864898,-1.883526,0.605571,-0.000249,-0.000002,-0.000389,0.000000,-0.000609,-0.000003
4584.328000,-0.463777,0.105585,0.298446,-1.864932,-1.883575,0.605597,-0.000240,-0.000002,-0.000370,-0.000000,-0.000575,-0.000003
4584.336000,-0.463780,0.105579,0.298442,-1.864897,-1.883614,0.605607,-0.000240,-0.000002,-0.000370,0.000000,-0.000575,-0.000003
4584.344000,-0.463782,0.105569,0.298438,-1.864847,-1.883669,0.605580,-0.000464,-0.000005,-0.001080,0.000016,-0.002109,-0.000002
4584.352000,-0.463787,0.105596,0.298450,-1.864860,-1.883533,0.605556,-0.000549,-0.000004,-0.000586,-0.000012,-0.000599,-0.000009
4584.360000,-0.463786,0.105584,0.298471,-1.864865,-1.883513,0.605701,-0.000813,0.000002,0.002414,-0.000163,0.008109,-0.000045
4584.368000,-0.463806,0.105569,0.298470,-1.864790,-1.883565,0.605699,-0.000882,0.000003,0.003149,-0.000200,0.010252,-0.000054
4584.376000,-0.463800,0.105594,0.298481,-1.864791,-1.883454,0.605696,-0.001002,-0.000006,-0.000747,-0.000035,-0.000212,-0.000020
4584.384000,-0.463807,0.105582,0.298473,-1.864797,-1.883467,0.605724,-0.000558,-0.000003,-0.000199,-0.000032,0.000680,-0.000016
4584.392000,-0.463809,0.105572,0.298472,-1.864757,-1.883486,0.605726,-0.000369,-0.000001,-0.000013,-0.000027,0.000843,-0.000013
4584.400000,-0.463806,0.105588,0.298494,-1.864717,-1.883422,0.605766,-0.000327,0.000002,0.000377,-0.000065,0.003628,-0.000045
4584.408000,-0.463807,0.105582,0.298489,-1.864772,-1.883418,0.605778,-0.000273,0.000003,0.000390,-0.000062,0.003566,-0.000043
4584.416000,-0.463812,0.105568,0.298488,-1.864729,-1.883486,0.605816,-0.000235,0.000003,0.000400,-0.000060,0.003523,-0.000042
4584.424000,-0.463807,0.105609,0.298478,-1.864793,-1.883401,0.605749,-0.000214,0.000002,0.000345,-0.000050,0.002885,-0.000034
4584.432000,-0.463810,0.105582,0.298494,-1.864675,-1.883454,0.605785,-0.000204,0.000001,0.000280,-0.000042,0.002334,-0.000027
4584.440000,-0.463820,0.105575,0.298466,-1.864729,-1.883493,0.605759,-0.000380,-0.000001,-0.000339,-0.000024,0.000728,-0.000022
4584.448000,-0.463818,0.105581,0.298491,-1.864668,-1.883454,0.605807,-0.000377,-0.000001,-0.000364,-0.000020,0.000513,-0.000020
4584.456000,-0.463817,0.105582,0.298484,-1.864728,-1.883440,0.605777,-0.000373,-0.000002,-0.000386,-0.000018,0.000321,-0.000018
4584.464000,-0.463819,0.105606,0.298466,-1.864787,-1.883372,0.605730,-0.000284,-0.000001,-0.000126,-0.000022,0.000795,-0.000016
4584.472000,-0.463826,0.105605,0.298472,-1.864743,-1.883402,0.605741,-0.000276,-0.000001,-0.000070,-0.000023,0.000872,-0.000016
4584.480000,-0.463832,0.105564,0.298507,-1.864646,-1.883431,0.605872,-0.000485,-0.000003,-0.000747,-0.000007,-0.000662,-0.000014
4584.488000,-0.463849,0.105582,0.298483,-1.864684,-1.883394,0.605838,-0.001368,-0.000002,0.001698,-0.000175,0.007615,-0.000061
4584.496000,-0.463847,0.105595,0.298504,-1.864654,-1.883325,0.605851,-0.000913,-0.000002,0.000661,-0.000097,0.003906,-0.000038
4584.504000,-0.463842,0.105571,0.298504,-1.864649,-1.883404,0.605865,-0.000504,-0.000001,0.000373,-0.000056,0.002334,-0.000023
4584.512000,-0.463857,0.105581,0.298454,-1.864717,-1.883449,0.605774,-0.000352,-0.000001,0.000266,-0.000041,0.001730,-0.000018
4584.520000,-0.463842,0.105593,0.298491,-1.864727,-1.883324,0.605861,-0.000277,-0.000000,0.000181,-0.000031,0.001327,-0.000014
4584.528000,-0.463852,0.105582,0.298502,-1.864639,-1.883348,0.605898,-0.000256,-0.000001,0.000060,-0.000024,0.000944,-0.000012
4584.536000,-0.463857,0.105577,0.298461,-1.864742,-1.883399,0.605801,-0.000241,-0.000001,-0.000029,-0.000019,0.000656,-0.000011
4584.544000,-0.463857,0.105582,0.298515,-1.864615,-1.883300,0.605952,-0.000239,-0.000001,-0.000040,-0.000018,0.000609,-0.000011
4584.552000,-0.463870,0.105565,0.298472,-1.864703,-1.883366,0.605889,-0.000250,-0.000001,-0.000078,-0.000017,0.000508,-0.000010
4584.560000,-0.463864,0.105576,0.298483,-1.864620,-1.883395,0.605874,-0.000249,-0.000001,-0.000081,-0.000017,0.000484,-0.000010
4584.568000,-0.463861,0.105570,0.298478,-1.864670,-1.883401,0.605860,-0.000249,-0.000001,-0.000084,-0.000016,0.000460,-0.000010
4584.576000,-0.463861,0.105586,0.298484,-1.864673,-1.883365,0.605877,-0.000249,-0.000001,-0.000084,-0.000016,0.000460,-0.000010
4584.584000,-0.463874,0.105566,0.298455,-1.864675,-1.883456,0.605885,-0.000240,-0.000001,-0.000060,-0.000017,0.000494,-0.000009
4584.592000,-0.463876,0.105580,0.298466,-1.864656,-1.883370,0.605891,-0.000233,-0.000001,-0.000099,-0.000014,0.000374,-0.000009
4584.600000,-0.463871,0.105580,0.298473,-1.864673,-1.883342,0.605909,-0.000374,-0.000003,-0.000616,-0.000001,-0.000786,-0.000008
4584.608000,-0.463875,0.105604,0.298445,-1.864751,-1.883323,0.605831,-0.000367,-0.000003,-0.000655,0.000001,-0.000906,-0.000007
4584.616000,-0.463886,0.105565,0.298460,-1.864577,-1.883370,0.605937,-0.000472,-0.000002,-0.000705,-0.000019,0.000326,-0.000028
4584.624000,-0.463880,0.105587,0.298468,-1.864634,-1.883293,0.605939,-0.000524,0.000003,-0.000202,-0.000078,0.004275,-0.000074
4584.632000,-0.463894,0.105568,0.298466,-1.864623,-1.883318,0.605994,-0.000379,0.000004,0.000153,-0.000079,0.004596,-0.000068
4584.640000,-0.463894,0.105605,0.298478,-1.864614,-1.883220,0.605962,-0.001057,0.000008,0.004235,-0.000287,0.015639,-0.000103
4584.648000,-0.463904,0.105577,0.298482,-1.864574,-1.883247,0.606009,-0.001035,-0.000001,0.000562,-0.000116,0.004926,-0.000057
4584.656000,-0.463908,0.105592,0.298480,-1.864580,-1.883244,0.606015,-0.000610,-0.000001,0.000247,-0.000068,0.002957,-0.000038
4584.664000,-0.463906,0.105581,0.298485,-1.864550,-1.883229,0.606044,-0.000405,0.000000,0.000257,-0.000052,0.002391,-0.000029
4584.672000,-0.463912,0.105576,0.298482,-1.864498,-1.883288,0.606022,-0.000309,0.000000,0.000276,-0.000044,0.002113,-0.000024
4584.680000,-0.463906,0.105583,0.298503,-1.864539,-1.883181,0.606053,-0.000270,0.000001,0.000375,-0.000044,0.002219,-0.000022
4584.688000,-0.463905,0.105584,0.298487,-1.864561,-1.883239,0.606077,-0.000245,0.000001,0.000429,-0.000044,0.002229,-0.000020
4584.696000,-0.463903,0.105581,0.298487,-1.864557,-1.883237,0.606034,-0.000226,0.000001,0.000471,-0.000044,0.002248,-0.000019
4584.704000,-0.463917,0.105592,0.298453,-1.864648,-1.883237,0.605974,-0.000203,0.000001,0.000435,-0.000040,0.002061,-0.000018
4584.712000,-0.463913,0.105581,0.298481,-1.864533,-1.883256,0.606026,-0.000181,0.000001,0.000309,-0.000032,0.001629,-0.000015
4584.720000,-0.463917,0.105580,0.298470,-1.864586,-1.883250,0.606030,-0.000167,0.000000,0.000225,-0.000027,0.001342,-0.000013
4584.728000,-0.463918,0.105594,0.298461,-1.864633,-1.883207,0.605969,-0.000300,-0.000001,-0.000288,-0.000013,0.000148,-0.000012
4584.736000,-0.463923,0.105576,0.298469,-1.864538,-1.883284,0.606010,-0.000291,-0.000002,-0.000341,-0.000010,-0.000043,-0.000010
4584.744000,-0.463925,0.105588,0.298450,-1.864580,-1.883273,0.605960,-0.000285,-0.000002,-0.000378,-0.000007,-0.000187,-0.000009
4584.752000,-0.463925,0.105580,0.298455,-1.864576,-1.883284,0.606003,-0.000256,-0.000001,-0.000292,-0.000009,-0.000019,-0.000009
4584.760000,-0.463926,0.105579,0.298461,-1.864561,-1.883276,0.606035,-0.000256,-0.000001,-0.000294,-0.000008,-0.000043,-0.000009
4584.768000,-0.463929,0.105586,0.298456,-1.864592,-1.883254,0.606013,-0.000348,-0.000003,-0.000590,-0.000001,-0.000700,-0.000008
4584.776000,-0.463936,0.105581,0.298474,-1.864509,-1.883276,0.606019,-0.000432,-0.000002,-0.000099,-0.000029,0.000786,-0.000015
4584.784000,-0.463946,0.105580,0.298498,-1.864490,-1.883150,0.606162,-0.001035,-0.000002,0.001146,-0.000125,0.005291,-0.000043
4584.792000,-0.463946,0.105576,0.298505,-1.864469,-1.883190,0.606125,-0.000597,-0.000002,0.000279,-0.000056,0.002094,-0.000023
4584.800000,-0.463948,0.105581,0.298478,-1.864542,-1.883196,0.606079,-0.000391,-0.000001,0.000216,-0.000039,0.001543,-0.000016
4584.808000,-0.463946,0.105593,0.298496,-1.864474,-1.883164,0.606094,-0.000293,-0.000001,0.000197,-0.000032,0.001294,-0.000013
4584.816000,-0.463950,0.105578,0.298498,-1.864449,-1.883177,0.606107,-0.000273,-0.000000,0.000256,-0.000033,0.001404,-0.000013
4584.824000,-0.463952,0.105588,0.298464,-1.864534,-1.883203,0.606045,-0.000273,-0.000000,0.000256,-0.000033,0.001404,-0.000013
4584.832000,-0.463960,0.105577,0.298481,-1.864495,-1.883162,0.606121,-0.000390,-0.000002,-0.000119,-0.000024,0.000575,-0.000012
4584.840000,-0.463949,0.105604,0.298469,-1.864539,-1.883185,0.606026,-0.000381,-0.000002,-0.000174,-0.000021,0.000407,-0.000012
4584.848000,-0.463955,0.105592,0.298470,-1.864568,-1.883153,0.606085,-0.000359,-0.000002,-0.000303,-0.000013,-0.000000,-0.000010
4584.856000,-0.463964,0.105593,0.298460,-1.864575,-1.883153,0.606063,-0.000289,-0.000002,-0.000203,-0.000013,0.000144,-0.000009
4584.864000,-0.463962,0.105581,0.298454,-1.864545,-1.883220,0.606056,-0.000225,-0.000001,-0.000098,-0.000013,0.000316,-0.000008
4584.872000,-0.463974,0.105570,0.298461,-1.864473,-1.883191,0.606134,-0.000187,-0.000001,-0.000039,-0.000013,0.000407,-0.000007
4584.880000,-0.463971,0.105573,0.298495,-1.864434,-1.883105,0.606276,-0.000256,0.000004,0.000513,-0.000080,0.004893,-0.000060
4584.888000,-0.463979,0.105566,0.298499,-1.864353,-1.883106,0.606252,-0.000413,0.000006,0.001431,-0.000132,0.007697,-0.000073
4584.896000,-0.463985,0.105568,0.298523,-1.864305,-1.883055,0.606366,-0.000717,0.000007,0.003191,-0.000219,0.012155,-0.000084
4584.904000,-0.463981,0.105584,0.298507,-1.864398,-1.883044,0.606324,-0.000691,0.000003,0.001841,-0.000149,0.007803,-0.000060
4584.912000,-0.463987,0.105564,0.298527,-1.864287,-1.883053,0.606367,-0.000493,0.000001,0.000676,-0.000079,0.003920,-0.000039
4584.920000,-0.463993,0.105565,0.298486,-1.864369,-1.883129,0.606245,-0.000396,0.000000,0.000308,-0.000053,0.002516,-0.000029
4584.928000,-0.463994,0.105587,0.298506,-1.864339,-1.883052,0.606282,-0.000310,0.000000,0.000210,-0.000041,0.001936,-0.000023
4584.936000,-0.463993,0.105585,0.298498,-1.864380,-1.883064,0.606294,-0.000304,0.000000,0.000170,-0.000038,0.001720,-0.000021
4584.944000,-0.464003,0.105581,0.298489,-1.864345,-1.883080,0.606266,-0.000574,-0.000003,-0.000708,-0.000016,-0.000283,-0.000018
4584.952000,-0.464001,0.105580,0.298507,-1.864390,-1.882998,0.606342,-0.000476,-0.000002,-0.000417,-0.000021,0.000273,-0.000018
4584.960000,-0.464002,0.105587,0.298471,-1.864462,-1.883064,0.606221,-0.000467,-0.000002,-0.000399,-0.000021,0.000259,-0.000017
4584.968000,-0.464004,0.105579,0.298494,-1.864355,-1.883060,0.606319,-0.000439,-0.000002,-0.000434,-0.000017,0.000067,-0.000015
4584.976000,-0.464005,0.105587,0.298460,-1.864437,-1.883084,0.606214,-0.000367,-0.000002,-0.000348,-0.000015,0.000139,-0.000013
4584.984000,-0.464012,0.105581,0.298494,-1.864377,-1.883000,0.606326,-0.000355,-0.000002,-0.000424,-0.000011,-0.000125,-0.000012
4584.992000,-0.464022,0.105575,0.298481,-1.864351,-1.883047,0.606325,-0.000419,-0.000003,-0.000631,-0.000006,-0.000590,-0.000011
4585.000000,-0.464016,0.105577,0.298483,-1.864382,-1.883055,0.606352,-0.000419,-0.000003,-0.000631,-0.000006,-0.000590,-0.000011
4585.008000,-0.464021,0.105581,0.298494,-1.864315,-1.883049,0.606307,-0.000430,-0.000001,0.000396,-0.000052,0.002248,-0.000021
4585.016000,-0.464027,0.105579,0.298534,-1.864251,-1.882953,0.606460,-0.000711,0.000003,0.002623,-0.000170,0.008871,-0.000051
4585.024000,-0.464032,0.105582,0.298515,-1.864288,-1.882968,0.606373,-0.000454,0.000001,0.001167,-0.000088,0.004404,-0.000030
4585.032000,-0.464029,0.105609,0.298504,-1.864353,-1.882928,0.606346,-0.000348,0.000000,0.000547,-0.000053,0.002511,-0.000021
4585.040000,-0.464029,0.105592,0.298515,-1.864319,-1.882916,0.606405,-0.000301,-0.000000,0.000273,-0.000038,0.001673,-0.000017
4585.048000,-0.464040,0.105587,0.298504,-1.864317,-1.882936,0.606399,-0.000287,-0.000000,0.000195,-0.000033,0.001433,-0.000016
4585.056000,-0.464038,0.105583,0.298531,-1.864230,-1.882925,0.606417,-0.000287,-0.000000,0.000195,-0.000033,0.001433,-0.000016
4585.064000,-0.464033,0.105613,0.298520,-1.864332,-1.882868,0.606419,-0.000287,-0.000000,0.000195,-0.000033,0.001433,-0.000016
4585.072000,-0.464050,0.105571,0.298480,-1.864304,-1.883006,0.606355,-0.000377,-0.000001,-0.000090,-0.000027,0.000819,-0.000015
4585.080000,-0.464044,0.105604,0.298506,-1.864326,-1.882893,0.606382,-0.000362,-0.000002,-0.000176,-0.000022,0.000556,-0.000014
4585.088000,-0.464055,0.105575,0.298500,-1.864290,-1.882953,0.606417,-0.000378,-0.000002,-0.000237,-0.000020,0.000417,-0.000014
4585.096000,-0.464057,0.105594,0.298502,-1.864304,-1.882885,0.606401,-0.000539,-0.000000,0.000704,-0.000073,0.003292,-0.000027
4585.104000,-0.464055,0.105592,0.298536,-1.864232,-1.882849,0.606502,-0.000538,-0.000000,0.000701,-0.000073,0.003268,-0.000027
4585.112000,-0.464067,0.105579,0.298531,-1.864218,-1.882871,0.606549,-0.000518,0.000000,0.001014,-0.000085,0.004074,-0.000029
4585.120000,-0.464062,0.105590,0.298531,-1.864233,-1.882864,0.606527,-0.000518,0.000000,0.001014,-0.000085,0.004074,-0.000029
4585.120000,-0.464062,0.105590,0.298531,-1.864233,-1.882864,0.606527,-0.000518,0.000000,0.001014,-0.000085,0.004074,-0.000029
4585.136000,-0.464068,0.105589,0.298522,-1.864244,-1.882836,0.606568,-0.000338,-0.000001,0.000160,-0.000035,0.001399,-0.000016
4585.144000,-0.464075,0.105579,0.298515,-1.864179,-1.882875,0.606562,-0.000330,0.000001,0.000209,-0.000049,0.002463,-0.000032
4585.152000,-0.464075,0.105578,0.298537,-1.864133,-1.882776,0.606604,-0.000730,0.000005,-0.000075,-0.000120,0.006690,-0.000108
4585.160000,-0.464075,0.105587,0.298524,-1.864151,-1.882808,0.606583,-0.000594,0.000001,-0.000360,-0.000069,0.003446,-0.000066
4585.168000,-0.464082,0.105581,0.298509,-1.864156,-1.882836,0.606567,-0.000375,0.000001,-0.000096,-0.000048,0.002454,-0.000042
4585.176000,-0.464084,0.105579,0.298507,-1.864170,-1.882842,0.606596,-0.000278,0.000001,-0.000016,-0.000038,0.001922,-0.000031
4585.184000,-0.464088,0.105565,0.298506,-1.864121,-1.882883,0.606552,-0.000222,0.000001,0.000030,-0.000032,0.001634,-0.000025
4585.192000,-0.464082,0.105584,0.298526,-1.864088,-1.882812,0.606558,-0.000198,0.000000,0.000011,-0.000026,0.001323,-0.000020
4585.200000,-0.464081,0.105591,0.298505,-1.864189,-1.882809,0.606575,-0.000190,0.000000,-0.000038,-0.000022,0.001035,-0.000017
4585.208000,-0.464098,0.105558,0.298496,-1.864132,-1.882909,0.606576,-0.000184,-0.000000,-0.000073,-0.000018,0.000819,-0.000015
4585.216000,-0.464091,0.105563,0.298526,-1.864059,-1.882880,0.606620,-0.000182,-0.000000,-0.000087,-0.000017,0.000700,-0.000014
4585.224000,-0.464096,0.105585,0.298502,-1.864218,-1.882799,0.606604,-0.000225,-0.000001,-0.000240,-0.000012,0.000297,-0.000013
4585.232000,-0.464090,0.105585,0.298529,-1.864148,-1.882773,0.606656,-0.000329,0.000000,0.000368,-0.000045,0.002094,-0.000020
4585.240000,-0.464105,0.105580,0.298534,-1.864043,-1.882771,0.606693,-0.000860,0.000005,0.003475,-0.000219,0.011560,-0.000064
4585.248000,-0.464113,0.105563,0.298559,-1.864013,-1.882741,0.606767,-0.000733,0.000003,0.002452,-0.000165,0.008474,-0.000050
4585.256000,-0.464107,0.105605,0.298528,-1.864154,-1.882682,0.606625,-0.000456,0.000000,0.000831,-0.000073,0.003489,-0.000026
4585.264000,-0.464117,0.105581,0.298526,-1.864083,-1.882759,0.606669,-0.000481,-0.000002,-0.000037,-0.000036,0.001140,-0.000018
4585.272000,-0.464116,0.105573,0.298540,-1.864021,-1.882801,0.606706,-0.000443,-0.000002,-0.000262,-0.000023,0.000421,-0.000015
4585.280000,-0.464117,0.105580,0.298525,-1.864128,-1.882745,0.606683,-0.000348,-0.000002,-0.000184,-0.000020,0.000446,-0.000013
4585.288000,-0.464118,0.105581,0.298511,-1.864102,-1.882824,0.606601,-0.000294,-0.000001,-0.000173,-0.000016,0.000359,-0.000011
4585.296000,-0.464126,0.105568,0.298513,-1.864081,-1.882840,0.606658,-0.000284,-0.000001,-0.000231,-0.000013,0.000168,-0.000010
4585.304000,-0.464126,0.105592,0.298498,-1.864161,-1.882770,0.606605,-0.000387,-0.000003,-0.000644,-0.000001,-0.000791,-0.000009
4585.312000,-0.464133,0.105590,0.298489,-1.864132,-1.882822,0.606608,-0.000381,-0.000003,-0.000678,0.000001,-0.000911,-0.000008
4585.320000,-0.464132,0.105593,0.298499,-1.864166,-1.882745,0.606607,-0.000403,-0.000003,-0.000801,0.000005,-0.001222,-0.000007
4585.328000,-0.464133,0.105592,0.298490,-1.864136,-1.882789,0.606597,-0.000399,-0.000003,-0.000827,0.000006,-0.001318,-0.000006
4585.336000,-0.464136,0.105589,0.298491,-1.864175,-1.882783,0.606647,-0.000285,-0.000002,-0.000505,-0.000000,-0.000642,-0.000006
4585.344000,-0.464141,0.105577,0.298495,-1.864110,-1.882794,0.606598,-0.000217,-0.000001,-0.000294,-0.000004,-0.000206,-0.000006
4585.352000,-0.464137,0.105574,0.298523,-1.864021,-1.882793,0.606694,-0.000181,-0.000001,-0.000179,-0.000007,0.000043,-0.000006
4585.360000,-0.464142,0.105587,0.298486,-1.864126,-1.882794,0.606589,-0.000169,-0.000001,-0.000146,-0.000008,0.000096,-0.000006
4585.368000,-0.464146,0.105578,0.298485,-1.864123,-1.882820,0.606657,-0.000169,-0.000001,-0.000146,-0.000008,0.000096,-0.000006
4585.376000,-0.464153,0.105571,0.298499,-1.864071,-1.882783,0.606655,-0.000355,-0.000002,-0.000196,-0.000018,0.000287,-0.000011
4585.384000,-0.464161,0.105578,0.298499,-1.864098,-1.882771,0.606712,-0.000748,0.000002,0.002102,-0.000147,0.007309,-0.000043
4585.392000,-0.464159,0.105582,0.298532,-1.864029,-1.882672,0.606752,-0.000547,-0.000000,0.000926,-0.000081,0.003714,-0.000027
4585.400000,-0.464161,0.105576,0.298506,-1.864047,-1.882758,0.606678,-0.000450,-0.000000,0.000685,-0.000063,0.002861,-0.000021
4585.408000,-0.464159,0.105602,0.298529,-1.864042,-1.882632,0.606778,-0.000393,0.000000,0.000863,-0.000067,0.003245,-0.000022
4585.416000,-0.464157,0.105582,0.298539,-1.864002,-1.882667,0.606768,-0.000301,0.000000,0.000600,-0.000049,0.002353,-0.000016
4585.424000,-0.464161,0.105591,0.298530,-1.864030,-1.882665,0.606775,-0.000238,0.000000,0.000384,-0.000035,0.001629,-0.000012
4585.432000,-0.464162,0.105586,0.298510,-1.864065,-1.882715,0.606706,-0.000214,-0.000000,0.000243,-0.000027,0.001198,-0.000010
4585.440000,-0.464168,0.105584,0.298515,-1.864036,-1.882699,0.606772,-0.000459,-0.000004,-0.000702,-0.000002,-0.000940,-0.000008
4585.448000,-0.464167,0.105592,0.298517,-1.864060,-1.882619,0.606785,-0.000448,-0.000004,-0.000765,0.000001,-0.001131,-0.000007
4585.456000,-0.464177,0.105585,0.298490,-1.864058,-1.882714,0.606729,-0.000421,-0.000004,-0.000774,0.000004,-0.001208,-0.000006
4585.464000,-0.464183,0.105593,0.298482,-1.864098,-1.882649,0.606722,-0.000514,-0.000003,-0.000870,-0.000011,-0.000341,-0.000023
4585.472000,-0.464188,0.105594,0.298483,-1.864063,-1.882628,0.606737,-0.000508,-0.000003,-0.000901,-0.000009,-0.000437,-0.000023
4585.480000,-0.464187,0.105573,0.298502,-1.863987,-1.882693,0.606820,-0.000358,-0.000001,-0.000463,-0.000019,0.000489,-0.000023
4585.488000,-0.464197,0.105582,0.298486,-1.864009,-1.882647,0.606783,-0.000281,-0.000000,-0.000256,-0.000022,0.000915,-0.000023
4585.496000,-0.464186,0.105603,0.298504,-1.863984,-1.882629,0.606784,-0.000281,-0.000000,-0.000256,-0.000022,0.000915,-0.000023
4585.504000,-0.464187,0.105604,0.298491,-1.864043,-1.882615,0.606754,-0.000278,-0.000000,-0.000275,-0.000020,0.000747,-0.000021
4585.512000,-0.464194,0.105586,0.298478,-1.864036,-1.882683,0.606747,-0.000260,-0.000001,-0.000259,-0.000017,0.000604,-0.000018
4585.520000,-0.464202,0.105568,0.298487,-1.863955,-1.882742,0.606780,-0.000310,0.000001,0.000384,-0.000048,0.002334,-0.000024
4585.528000,-0.464212,0.105583,0.298500,-1.863946,-1.882621,0.606813,-0.001085,0.000007,0.004923,-0.000301,0.016113,-0.000087
4585.536000,-0.464207,0.105579,0.298549,-1.863888,-1.882523,0.607005,-0.000730,0.000001,0.001680,-0.000132,0.006508,-0.000045
4585.544000,-0.464211,0.105584,0.298530,-1.863910,-1.882568,0.606943,-0.000523,-0.000001,0.000465,-0.000064,0.002794,-0.000028
4585.552000,-0.464208,0.105590,0.298538,-1.863898,-1.882533,0.606969,-0.000452,-0.000001,0.000049,-0.000041,0.001524,-0.000022
4585.560000,-0.464216,0.105575,0.298529,-1.863895,-1.882560,0.606940,-0.000343,-0.000001,0.000068,-0.000034,0.001375,-0.000019
4585.568000,-0.464217,0.105565,0.298551,-1.863817,-1.882541,0.606992,-0.000264,-0.000000,0.000113,-0.000031,0.001351,-0.000017
4585.576000,-0.464223,0.105558,0.298516,-1.863895,-1.882628,0.606912,-0.000218,0.000000,0.000124,-0.000028,0.001299,-0.000016
4585.584000,-0.464218,0.105573,0.298528,-1.863868,-1.882569,0.606982,-0.000196,0.000000,0.000097,-0.000025,0.001184,-0.000015
4585.592000,-0.464223,0.105592,0.298515,-1.863896,-1.882560,0.606907,-0.000806,-0.000007,-0.001904,0.000022,-0.003178,-0.000013
4585.600000,-0.464220,0.105582,0.298515,-1.863900,-1.882557,0.606910,-0.000450,-0.000003,-0.000825,-0.000002,-0.000877,-0.000013
4585.608000,-0.464228,0.105593,0.298526,-1.863928,-1.882472,0.606955,-0.000304,-0.000001,-0.000388,-0.000011,0.000053,-0.000013
4585.616000,-0.464235,0.105579,0.298504,-1.863936,-1.882585,0.606910,-0.000302,-0.000002,-0.000396,-0.000010,-0.000019,-0.000013
4585.624000,-0.464239,0.105565,0.298506,-1.863868,-1.882569,0.606946,-0.000301,-0.000002,-0.000405,-0.000009,-0.000091,-0.000012
4585.632000,-0.464240,0.105586,0.298495,-1.863951,-1.882548,0.606907,-0.000363,-0.000001,0.000184,-0.000039,0.001591,-0.000018
4585.640000,-0.464247,0.105575,0.298537,-1.863854,-1.882471,0.607039,-0.000755,0.000003,0.002688,-0.000176,0.009149,-0.000053
4585.648000,-0.464251,0.105591,0.298549,-1.863832,-1.882455,0.607049,-0.000547,0.000001,0.001467,-0.000107,0.005387,-0.000035
4585.656000,-0.464251,0.105577,0.298545,-1.863763,-1.882499,0.607012,-0.000442,0.000000,0.000848,-0.000073,0.003494,-0.000026
4585.664000,-0.464255,0.105568,0.298547,-1.863800,-1.882452,0.607129,-0.000422,0.000001,0.000910,-0.000074,0.003628,-0.000026
4585.672000,-0.464248,0.105592,0.298550,-1.863797,-1.882434,0.607062,-0.000332,0.000001,0.000712,-0.000059,0.002919,-0.000022
4585.680000,-0.464259,0.105574,0.298548,-1.863802,-1.882424,0.607123,-0.000253,0.000000,0.000478,-0.000043,0.002133,-0.000017
4585.688000,-0.464258,0.105581,0.298547,-1.863742,-1.882445,0.607097,-0.000228,0.000002,0.000496,-0.000052,0.002895,-0.000029
4585.696000,-0.464259,0.105578,0.298559,-1.863739,-1.882376,0.607115,-0.000198,0.000002,0.000422,-0.000047,0.002636,-0.000027
4585.704000,-0.464254,0.105590,0.298554,-1.863773,-1.882401,0.607141,-0.000185,0.000002,0.000344,-0.000043,0.002396,-0.000026
4585.712000,-0.464264,0.105584,0.298542,-1.863789,-1.882394,0.607153,-0.000175,0.000002,0.000289,-0.000040,0.002229,-0.000025
4585.720000,-0.464260,0.105603,0.298543,-1.863775,-1.882388,0.607091,-0.000371,-0.000001,-0.000390,-0.000023,0.000728,-0.000024
4585.728000,-0.464259,0.105608,0.298541,-1.863796,-1.882348,0.607127,-0.000361,-0.000001,-0.000451,-0.000018,0.000417,-0.000021
4585.736000,-0.464278,0.105568,0.298538,-1.863706,-1.882444,0.607174,-0.000390,-0.000002,-0.000611,-0.000011,-0.000120,-0.000018
4585.744000,-0.464278,0.105575,0.298530,-1.863713,-1.882460,0.607107,-0.000991,-0.000009,-0.002543,0.000035,-0.004434,-0.000014
4585.752000,-0.464287,0.105581,0.298494,-1.863806,-1.882456,0.607042,-0.000710,-0.000006,-0.001680,0.000018,-0.002680,-0.000013
4585.760000,-0.464286,0.105586,0.298527,-1.863753,-1.882432,0.607094,-0.000383,-0.000002,-0.000661,-0.000004,-0.000551,-0.000013
4585.768000,-0.464285,0.105586,0.298522,-1.863801,-1.882368,0.607133,-0.000812,0.000004,0.002817,-0.000187,0.009715,-0.000057
4585.776000,-0.464305,0.105575,0.298532,-1.863710,-1.882410,0.607155,-0.001046,0.000006,0.004470,-0.000276,0.014647,-0.000079
4585.784000,-0.464299,0.105575,0.298558,-1.863684,-1.882362,0.607210,-0.000783,-0.000002,0.000471,-0.000080,0.003153,-0.000033
4585.792000,-0.464303,0.105592,0.298510,-1.863745,-1.882422,0.607096,-0.000653,-0.000003,-0.000295,-0.000037,0.000781,-0.000021
4585.800000,-0.464303,0.105588,0.298551,-1.863726,-1.882276,0.607209,-0.000455,-0.000002,-0.000162,-0.000029,0.000752,-0.000017
4585.808000,-0.464300,0.105574,0.298579,-1.863657,-1.882296,0.607300,-0.000322,-0.000001,-0.000008,-0.000026,0.000910,-0.000014
4585.816000,-0.464306,0.105592,0.298545,-1.863715,-1.882324,0.607198,-0.000249,-0.000001,0.000045,-0.000023,0.000891,-0.000012
4585.824000,-0.464309,0.105571,0.298545,-1.863694,-1.882357,0.607183,-0.000204,-0.000000,0.000062,-0.000021,0.000839,-0.000011
4585.832000,-0.464304,0.105592,0.298548,-1.863707,-1.882316,0.607208,-0.000175,-0.000000,0.000069,-0.000019,0.000805,-0.000010
4585.840000,-0.464317,0.105567,0.298532,-1.863688,-1.882378,0.607243,-0.000151,-0.000000,0.000083,-0.000018,0.000800,-0.000010
4585.848000,-0.464307,0.105591,0.298549,-1.863695,-1.882334,0.607217,-0.000142,-0.000000,0.000053,-0.000016,0.000700,-0.000009
4585.856000,-0.464310,0.105581,0.298566,-1.863632,-1.882323,0.607236,-0.000139,-0.000000,0.000037,-0.000015,0.000652,-0.000009
4585.864000,-0.464311,0.105578,0.298539,-1.863691,-1.882381,0.607217,-0.000139,-0.000000,0.000037,-0.000015,0.000652,-0.000009
4585.872000,-0.464317,0.105582,0.298527,-1.863702,-1.882341,0.607171,-0.000252,-0.000001,-0.000318,-0.000007,-0.000115,-0.000009
4585.880000,-0.464322,0.105586,0.298551,-1.863680,-1.882288,0.607257,-0.000252,-0.000001,-0.000318,-0.000007,-0.000115,-0.000009
4585.888000,-0.464326,0.105574,0.298514,-1.863689,-1.882393,0.607199,-0.000471,-0.000004,-0.001011,0.000009,-0.001611,-0.000008
4585.896000,-0.464330,0.105569,0.298528,-1.863643,-1.882385,0.607217,-0.000398,-0.000003,-0.000780,0.000003,-0.001112,-0.000008
4585.904000,-0.464332,0.105579,0.298506,-1.863701,-1.882406,0.607171,-0.000329,-0.000002,-0.000272,-0.000014,0.000153,-0.000011
4585.912000,-0.464336,0.105582,0.298514,-1.863728,-1.882321,0.607180,-0.000890,-0.000008,-0.002049,0.000026,-0.003682,-0.000009
4585.920000,-0.464345,0.105584,0.298529,-1.863672,-1.882337,0.607255,-0.001386,0.000003,0.003878,-0.000271,0.013482,-0.000080
4585.928000,-0.464352,0.105563,0.298572,-1.863567,-1.882268,0.607386,-0.000594,0.000000,0.001035,-0.000091,0.004227,-0.000031
4585.936000,-0.464351,0.105575,0.298547,-1.863611,-1.882284,0.607312,-0.000383,-0.000000,0.000532,-0.000054,0.002459,-0.000020
4585.944000,-0.464350,0.105602,0.298529,-1.863666,-1.882271,0.607244,-0.000328,0.000000,0.000611,-0.000053,0.002574,-0.000020
4585.952000,-0.464353,0.105569,0.298569,-1.863519,-1.882280,0.607364,-0.000302,0.000001,0.000691,-0.000055,0.002746,-0.000020
4585.960000,-0.464351,0.105581,0.298555,-1.863606,-1.882249,0.607315,-0.000269,0.000001,0.000675,-0.000052,0.002641,-0.000019
4585.968000,-0.464355,0.105578,0.298545,-1.863615,-1.882279,0.607343,-0.000216,0.000001,0.000459,-0.000039,0.001951,-0.000015
4585.976000,-0.464353,0.105576,0.298561,-1.863574,-1.882238,0.607349,-0.000191,0.000000,0.000315,-0.000031,0.001495,-0.000013
4585.984000,-0.464350,0.105574,0.298559,-1.863584,-1.882286,0.607340,-0.000175,0.000000,0.000218,-0.000025,0.001184,-0.000011
4585.992000,-0.464362,0.105567,0.298561,-1.863570,-1.882255,0.607405,-0.000272,-0.000001,-0.000199,-0.000013,0.000220,-0.000010
4586.000000,-0.464361,0.105587,0.298542,-1.863627,-1.882200,0.607340,-0.000264,-0.000001,-0.000246,-0.000011,0.000077,-0.000009
4586.008000,-0.464365,0.105585,0.298533,-1.863606,-1.882260,0.607332,-0.000257,-0.000001,-0.000285,-0.000009,-0.000043,-0.000009
4586.016000,-0.464369,0.105580,0.298537,-1.863578,-1.882225,0.607368,-0.000281,0.000000,-0.000125,-0.000031,0.001490,-0.000028
4586.024000,-0.464375,0.105570,0.298570,-1.863461,-1.882142,0.607493,-0.000389,0.000009,0.000858,-0.000147,0.009303,-0.000119
4586.032000,-0.464370,0.105580,0.298558,-1.863481,-1.882192,0.607437,-0.000296,0.000003,0.000248,-0.000069,0.004102,-0.000057
4586.040000,-0.464382,0.105574,0.298528,-1.863546,-1.882221,0.607415,-0.000411,-0.000000,-0.000391,-0.000035,0.001543,-0.000037
4586.048000,-0.464384,0.105568,0.298579,-1.863439,-1.882134,0.607549,-0.000479,-0.000000,-0.000003,-0.000051,0.002238,-0.000035
4586.056000,-0.464388,0.105603,0.298579,-1.863504,-1.882034,0.607527,-0.001006,0.000001,0.001767,-0.000161,0.007783,-0.000062
4586.064000,-0.464400,0.105562,0.298571,-1.863423,-1.882146,0.607576,-0.000807,-0.000001,0.000416,-0.000086,0.003527,-0.000040
4586.072000,-0.464390,0.105584,0.298589,-1.863432,-1.882066,0.607600,-0.000755,-0.000001,0.000542,-0.000086,0.003637,-0.000038
4586.080000,-0.464403,0.105568,0.298577,-1.863405,-1.882121,0.607576,-0.000466,-0.000000,0.000417,-0.000059,0.002669,-0.000027
4586.088000,-0.464394,0.105579,0.298571,-1.863460,-1.882109,0.607541,-0.000335,0.000000,0.000305,-0.000044,0.002042,-0.000022
4586.096000,-0.464395,0.105603,0.298578,-1.863495,-1.882001,0.607561,-0.000275,-0.000000,0.000202,-0.000035,0.001586,-0.000018
4586.104000,-0.464407,0.105579,0.298567,-1.863440,-1.882111,0.607548,-0.000253,-0.000000,0.000076,-0.000027,0.001155,-0.000015
4586.112000,-0.464407,0.105575,0.298559,-1.863432,-1.882141,0.607516,-0.000240,-0.000000,-0.000003,-0.000022,0.000867,-0.000013
4586.120000,-0.464410,0.105567,0.298542,-1.863466,-1.882189,0.607508,-0.000321,-0.000002,-0.000365,-0.000011,-0.000005,-0.000012
4586.128000,-0.464417,0.105565,0.298529,-1.863450,-1.882196,0.607461,-0.000314,-0.000002,-0.000409,-0.000008,-0.000173,-0.000011
4586.136000,-0.464413,0.105581,0.298527,-1.863514,-1.882172,0.607423,-0.000288,-0.000002,-0.000384,-0.000007,-0.000182,-0.000010
4586.144000,-0.464409,0.105588,0.298547,-1.863521,-1.882095,0.607547,-0.000220,-0.000001,-0.000223,-0.000010,0.000120,-0.000009
4586.152000,-0.464416,0.105579,0.298559,-1.863485,-1.882089,0.607550,-0.000185,-0.000001,-0.000127,-0.000011,0.000302,-0.000009
4586.160000,-0.464418,0.105576,0.298564,-1.863445,-1.882056,0.607569,-0.000181,-0.000001,-0.000124,-0.000011,0.000273,-0.000008
4586.168000,-0.464421,0.105588,0.298546,-1.863484,-1.882088,0.607481,-0.000181,-0.000001,-0.000127,-0.000010,0.000249,-0.000008
4586.176000,-0.464421,0.105577,0.298562,-1.863462,-1.882089,0.607513,-0.000378,-0.000001,0.000273,-0.000042,0.001711,-0.000017
4586.184000,-0.464427,0.105608,0.298579,-1.863453,-1.882003,0.607567,-0.001009,0.000005,0.003980,-0.000248,0.013022,-0.000070
4586.192000,-0.464429,0.105601,0.298570,-1.863444,-1.882023,0.607583,-0.000550,0.000001,0.001279,-0.000097,0.004754,-0.000031
4586.200000,-0.464434,0.105585,0.298563,-1.863416,-1.882085,0.607571,-0.000412,-0.000000,0.000469,-0.000052,0.002262,-0.000019
4586.208000,-0.464441,0.105574,0.298573,-1.863397,-1.882042,0.607641,-0.000211,-0.000002,-0.000609,0.000010,-0.001064,-0.000003
4586.216000,-0.464443,0.105578,0.298575,-1.863414,-1.882045,0.607640,-0.000211,-0.000002,-0.000612,0.000010,-0.001088,-0.000003
4586.224000,-0.464438,0.105580,0.298578,-1.863419,-1.882012,0.607629,-0.000267,-0.000003,-0.000790,0.000014,-0.001472,-0.000003
4586.232000,-0.464442,0.105588,0.298554,-1.863465,-1.882058,0.607605,-0.000477,-0.000005,-0.001459,0.000029,-0.002934,-0.000002
4586.240000,-0.464452,0.105584,0.298539,-1.863485,-1.882093,0.607556,-0.000477,-0.000005,-0.001459,0.000029,-0.002934,-0.000002
4586.248000,-0.464456,0.105602,0.298535,-1.863486,-1.882035,0.607536,-0.000328,-0.000004,-0.000991,0.000019,-0.001941,-0.000002
4586.256000,-0.464449,0.105602,0.298546,-1.863479,-1.882028,0.607546,-0.000289,-0.000002,-0.000253,-0.000011,0.000009,-0.000008
4586.264000,-0.464457,0.105580,0.298531,-1.863485,-1.882055,0.607563,-0.000277,-0.000002,-0.000220,-0.000011,0.000062,-0.000008
4586.272000,-0.464454,0.105584,0.298553,-1.863413,-1.882042,0.607632,-0.000277,-0.000002,-0.000220,-0.000011,0.000062,-0.000008
4586.280000,-0.464459,0.105581,0.298527,-1.863449,-1.882102,0.607515,-0.000277,-0.000002,-0.000220,-0.000011,0.000062,-0.000008
4586.288000,-0.464462,0.105573,0.298551,-1.863477,-1.882033,0.607618,-0.000283,-0.000002,-0.000241,-0.000011,-0.000000,-0.000008
4586.296000,-0.464467,0.105580,0.298541,-1.863422,-1.882037,0.607606,-0.000299,-0.000002,-0.000147,-0.000016,0.000287,-0.000009
4586.304000,-0.464469,0.105586,0.298547,-1.863418,-1.882009,0.607622,-0.000299,-0.000002,-0.000147,-0.000016,0.000287,-0.000009
4586.312000,-0.464470,0.105579,0.298589,-1.863345,-1.881943,0.607743,-0.000580,0.000002,0.001867,-0.000125,0.006331,-0.000036
4586.320000,-0.464468,0.105613,0.298577,-1.863390,-1.881913,0.607665,-0.000395,0.000001,0.000957,-0.000071,0.003494,-0.000022
4586.328000,-0.464481,0.105581,0.298559,-1.863357,-1.881985,0.607660,-0.000312,-0.000000,0.000463,-0.000044,0.001984,-0.000015
4586.336000,-0.464480,0.105603,0.298570,-1.863383,-1.881852,0.607726,-0.000321,0.000002,0.000545,-0.000065,0.003494,-0.000037
4586.344000,-0.464483,0.105580,0.298589,-1.863273,-1.881883,0.607807,-0.000352,0.000002,0.000447,-0.000063,0.003283,-0.000037
4586.352000,-0.464484,0.105586,0.298586,-1.863278,-1.881888,0.607789,-0.000367,0.000002,0.000548,-0.000075,0.004146,-0.000047
4586.360000,-0.464495,0.105592,0.298546,-1.863384,-1.881874,0.607728,-0.000511,0.000001,0.000095,-0.000065,0.003168,-0.000046
4586.368000,-0.464483,0.105600,0.298556,-1.863354,-1.881911,0.607742,-0.000481,0.000001,-0.000078,-0.000055,0.002641,-0.000044
4586.376000,-0.464490,0.105577,0.298566,-1.863260,-1.881958,0.607802,-0.000452,-0.000000,-0.000232,-0.000043,0.001869,-0.000037
4586.384000,-0.464497,0.105586,0.298568,-1.863262,-1.881915,0.607771,-0.000320,0.000000,-0.000049,-0.000036,0.001711,-0.000028
4586.392000,-0.464492,0.105599,0.298561,-1.863288,-1.881917,0.607783,-0.000282,0.000000,-0.000077,-0.000029,0.001313,-0.000023
4586.400000,-0.464508,0.105572,0.298539,-1.863320,-1.881989,0.607742,-0.000608,-0.000004,-0.001211,0.000001,-0.001347,-0.000019
4586.408000,-0.464502,0.105580,0.298540,-1.863317,-1.881971,0.607709,-0.000519,-0.000004,-0.001024,0.000000,-0.001122,-0.000016
4586.416000,-0.464503,0.105601,0.298529,-1.863340,-1.881956,0.607688,-0.000307,-0.000003,-0.000584,0.000005,-0.001035,-0.000003
4586.424000,-0.464506,0.105599,0.298531,-1.863396,-1.881914,0.607743,-0.000231,-0.000002,-0.000344,-0.000001,-0.000518,-0.000003
4586.432000,-0.464509,0.105586,0.298545,-1.863317,-1.881925,0.607739,-0.000189,-0.000001,-0.000211,-0.000004,-0.000230,-0.000003
4586.440000,-0.464510,0.105578,0.298540,-1.863333,-1.881933,0.607776,-0.000161,-0.000001,-0.000122,-0.000006,-0.000038,-0.000003
4586.448000,-0.464518,0.105579,0.298540,-1.863320,-1.881936,0.607760,-0.000244,-0.000000,0.000396,-0.000034,0.001538,-0.000011
4586.456000,-0.464529,0.105574,0.298568,-1.863198,-1.881893,0.607840,-0.001512,0.000004,0.004526,-0.000305,0.015202,-0.000085
4586.464000,-0.464527,0.105587,0.298576,-1.863280,-1.881847,0.607894,-0.000729,-0.000002,0.000528,-0.000073,0.002794,-0.000025
4586.472000,-0.464528,0.105574,0.298562,-1.863233,-1.881906,0.607814,-0.000437,-0.000001,0.000283,-0.000043,0.001581,-0.000015
4586.480000,-0.464521,0.105586,0.298598,-1.863225,-1.881809,0.607884,-0.000310,-0.000001,0.000200,-0.000030,0.001121,-0.000010
4586.488000,-0.464528,0.105575,0.298575,-1.863222,-1.881866,0.607835,-0.000242,-0.000001,0.000152,-0.000023,0.000863,-0.000008
4586.496000,-0.464533,0.105580,0.298596,-1.863193,-1.881798,0.607918,-0.000217,-0.000001,0.000060,-0.000018,0.000565,-0.000007
4586.504000,-0.464539,0.105575,0.298560,-1.863256,-1.881854,0.607834,-0.000204,-0.000001,-0.000019,-0.000013,0.000326,-0.000005
4586.512000,-0.464543,0.105572,0.298568,-1.863194,-1.881858,0.607913,-0.000383,-0.000003,-0.000669,0.000003,-0.001127,-0.000004
4586.520000,-0.464539,0.105591,0.298555,-1.863271,-1.881808,0.607855,-0.000376,-0.000003,-0.000708,0.000006,-0.001246,-0.000003
4586.528000,-0.464544,0.105585,0.298557,-1.863229,-1.881833,0.607861,-0.000305,-0.000003,-0.000494,0.000001,-0.000791,-0.000004
4586.536000,-0.464537,0.105588,0.298573,-1.863185,-1.881832,0.607926,-0.000315,-0.000002,-0.000429,-0.000007,-0.000240,-0.000010
4586.544000,-0.464554,0.105569,0.298548,-1.863172,-1.881864,0.607889,-0.000315,-0.000002,-0.000429,-0.000007,-0.000240,-0.000010
4586.552000,-0.464559,0.105580,0.298546,-1.863262,-1.881797,0.607891,-0.000270,-0.000001,-0.000287,-0.000010,0.000067,-0.000010
4586.560000,-0.464557,0.105589,0.298548,-1.863225,-1.881819,0.607902,-0.000325,0.000001,0.000185,-0.000048,0.002439,-0.000032
4586.568000,-0.464554,0.105592,0.298581,-1.863189,-1.881716,0.607953,-0.000654,0.000004,0.002123,-0.000157,0.008359,-0.000060
4586.576000,-0.464572,0.105571,0.298610,-1.863029,-1.881703,0.608055,-0.000901,0.000006,0.003581,-0.000239,0.012816,-0.000081
4586.584000,-0.464573,0.105585,0.298606,-1.863125,-1.881657,0.608064,-0.000576,0.000003,0.001488,-0.000123,0.006475,-0.000052
4586.592000,-0.464569,0.105590,0.298591,-1.863138,-1.881677,0.608049,-0.000438,0.000001,0.000672,-0.000077,0.003935,-0.000039
4586.600000,-0.464572,0.105573,0.298598,-1.863083,-1.881734,0.608053,-0.000375,0.000000,0.000294,-0.000052,0.002521,-0.000030
4586.608000,-0.464576,0.105585,0.298605,-1.863125,-1.881657,0.608064,-0.000297,0.000000,0.000216,-0.000041,0.001994,-0.000024
4586.616000,-0.464575,0.105581,0.298606,-1.863087,-1.881657,0.608072,-0.000246,0.000000,0.000165,-0.000034,0.001634,-0.000020
4586.624000,-0.464579,0.105573,0.298595,-1.863096,-1.881725,0.608057,-0.000687,-0.000005,-0.001362,0.000005,-0.001831,-0.000016
4586.632000,-0.464580,0.105578,0.298590,-1.863101,-1.881737,0.608052,-0.000623,-0.000005,-0.001251,0.000005,-0.001707,-0.000014
4586.640000,-0.464590,0.105572,0.298562,-1.863179,-1.881748,0.608021,-0.000372,-0.000002,-0.000472,-0.000011,-0.000096,-0.000014
4586.648000,-0.464593,0.105579,0.298554,-1.863124,-1.881752,0.608009,-0.000328,-0.000002,-0.000347,-0.000013,0.000120,-0.000013
4586.656000,-0.464596,0.105563,0.298552,-1.863091,-1.881824,0.607971,-0.000631,-0.000005,-0.001312,0.000009,-0.001999,-0.000012
4586.664000,-0.464593,0.105586,0.298566,-1.863098,-1.881711,0.608007,-0.000506,-0.000004,-0.000930,0.000001,-0.001227,-0.000011
4586.672000,-0.464597,0.105585,0.298557,-1.863129,-1.881749,0.607979,-0.000357,-0.000002,-0.000233,-0.000019,0.000393,-0.000013
4586.680000,-0.464605,0.105584,0.298587,-1.863079,-1.881660,0.608100,-0.000283,-0.000001,-0.000007,-0.000024,0.000843,-0.000013
4586.688000,-0.464602,0.105599,0.298608,-1.863062,-1.881635,0.608136,-0.000723,0.000004,0.002815,-0.000178,0.009379,-0.000052
4586.696000,-0.464607,0.105586,0.298614,-1.863009,-1.881619,0.608128,-0.000546,0.000002,0.001774,-0.000120,0.006168,-0.000037
4586.704000,-0.464610,0.105583,0.298598,-1.863025,-1.881657,0.608145,-0.000373,0.000000,0.000752,-0.000063,0.003029,-0.000022
4586.712000,-0.464610,0.105583,0.298618,-1.863030,-1.881572,0.608221,-0.000308,-0.000000,0.000373,-0.000041,0.001855,-0.000016
4586.720000,-0.464612,0.105589,0.298590,-1.863073,-1.881615,0.608153,-0.000259,-0.000000,0.000210,-0.000030,0.001304,-0.000013
4586.728000,-0.464611,0.105585,0.298609,-1.862982,-1.881621,0.608156,-0.000220,-0.000000,0.000155,-0.000025,0.001078,-0.000012
4586.736000,-0.464618,0.105582,0.298591,-1.863077,-1.881590,0.608119,-0.000205,-0.000000,0.000069,-0.000020,0.000815,-0.000010
4586.744000,-0.464628,0.105591,0.298573,-1.863101,-1.881605,0.608112,-0.000356,-0.000002,-0.000493,-0.000006,-0.000446,-0.000009
4586.752000,-0.464623,0.105584,0.298596,-1.863008,-1.881608,0.608177,-0.000348,-0.000002,-0.000540,-0.000003,-0.000590,-0.000008
4586.760000,-0.464624,0.105560,0.298604,-1.862969,-1.881674,0.608217,-0.000341,-0.000003,-0.000579,-0.000001,-0.000710,-0.000008
4586.768000,-0.464627,0.105589,0.298579,-1.863056,-1.881642,0.608135,-0.000273,-0.000002,-0.000374,-0.000005,-0.000273,-0.000008
4586.776000,-0.464638,0.105580,0.298582,-1.863031,-1.881601,0.608166,-0.000273,-0.000002,-0.000374,-0.000005,-0.000273,-0.000008
4586.784000,-0.464632,0.105584,0.298574,-1.863014,-1.881658,0.608129,-0.000620,-0.000005,-0.001341,0.000007,-0.001788,-0.000016
4586.792000,-0.464639,0.105579,0.298593,-1.862947,-1.881567,0.608251,-0.000401,-0.000002,-0.000648,-0.000009,-0.000293,-0.000017
4586.800000,-0.464643,0.105584,0.298604,-1.862942,-1.881539,0.608267,-0.000392,0.000003,0.000373,-0.000075,0.004160,-0.000053
4586.808000,-0.464653,0.105575,0.298586,-1.862919,-1.881591,0.608213,-0.000655,0.000006,0.002334,-0.000181,0.010026,-0.000079
4586.816000,-0.464648,0.105585,0.298650,-1.862854,-1.881397,0.608413,-0.000809,0.000007,0.003240,-0.000229,0.012639,-0.000090
4586.824000,-0.464655,0.105582,0.298609,-1.862876,-1.881517,0.608267,-0.000493,0.000003,0.001359,-0.000115,0.006216,-0.000052
4586.832000,-0.464657,0.105592,0.298602,-1.862927,-1.881463,0.608293,-0.000378,0.000002,0.000672,-0.000072,0.003748,-0.000036
4586.840000,-0.464661,0.105574,0.298599,-1.862924,-1.881513,0.608301,-0.000311,0.000001,0.000400,-0.000052,0.002645,-0.000028
4586.848000,-0.464665,0.105578,0.298586,-1.862938,-1.881541,0.608298,-0.000280,0.000000,0.000215,-0.000040,0.001927,-0.000023
4586.856000,-0.464660,0.105579,0.298601,-1.862948,-1.881499,0.608313,-0.000259,0.000000,0.000093,-0.000031,0.001447,-0.000019
4586.864000,-0.464660,0.105582,0.298605,-1.862939,-1.881469,0.608286,-0.000245,-0.000000,0.000006,-0.000025,0.001088,-0.000017
4586.872000,-0.464661,0.105591,0.298606,-1.862907,-1.881472,0.608312,-0.000231,-0.000000,-0.000051,-0.000021,0.000843,-0.000015
4586.880000,-0.464669,0.105571,0.298599,-1.862848,-1.881569,0.608339,-0.000223,-0.000001,-0.000102,-0.000017,0.000628,-0.000013
4586.888000,-0.464661,0.105608,0.298599,-1.862957,-1.881433,0.608294,-0.000216,-0.000001,-0.000142,-0.000014,0.000460,-0.000012
4586.896000,-0.464662,0.105605,0.298589,-1.862943,-1.881507,0.608290,-0.000210,-0.000001,-0.000179,-0.000012,0.000316,-0.000011
4586.904000,-0.464671,0.105584,0.298599,-1.862918,-1.881490,0.608322,-0.000207,-0.000001,-0.000200,-0.000010,0.000220,-0.000010
4586.912000,-0.464672,0.105590,0.298593,-1.862923,-1.881495,0.608304,-0.000192,-0.000001,-0.000186,-0.000010,0.000201,-0.000009
4586.920000,-0.464675,0.105573,0.298620,-1.862858,-1.881452,0.608404,-0.000191,-0.000001,-0.000189,-0.000009,0.000177,-0.000009
4586.928000,-0.464674,0.105585,0.298598,-1.862910,-1.881475,0.608319,-0.000306,-0.000002,-0.000559,-0.000000,-0.000657,-0.000008
4586.936000,-0.464691,0.105574,0.298591,-1.862889,-1.881474,0.608352,-0.000898,-0.000007,-0.001472,-0.000000,-0.002081,-0.000015
4586.944000,-0.464690,0.105592,0.298619,-1.862863,-1.881419,0.608360,-0.001155,0.000001,0.002337,-0.000187,0.008823,-0.000059
4586.952000,-0.464700,0.105580,0.298599,-1.862831,-1.881453,0.608364,-0.000554,-0.000000,0.000728,-0.000074,0.003283,-0.000026
4586.960000,-0.464699,0.105573,0.298603,-1.862861,-1.881477,0.608381,-0.000384,-0.000001,0.000359,-0.000046,0.001941,-0.000018
4586.968000,-0.464699,0.105601,0.298592,-1.862892,-1.881416,0.608367,-0.000338,-0.000001,0.000089,-0.000030,0.001102,-0.000014
4586.976000,-0.464707,0.105561,0.298588,-1.862820,-1.881553,0.608370,-0.000578,-0.000004,-0.000838,-0.000006,-0.000997,-0.000011
4586.984000,-0.464707,0.105587,0.298603,-1.862826,-1.881417,0.608368,-0.000454,-0.000003,-0.000450,-0.000014,-0.000178,-0.000012
4586.992000,-0.464712,0.105573,0.298587,-1.862869,-1.881484,0.608372,-0.000333,-0.000001,-0.000071,-0.000022,0.000623,-0.000012
4587.000000,-0.464709,0.105585,0.298582,-1.862892,-1.881476,0.608327,-0.000274,-0.000001,0.000116,-0.000027,0.001026,-0.000012
4587.008000,-0.464706,0.105581,0.298581,-1.862893,-1.881507,0.608377,-0.000240,-0.000000,0.000220,-0.000029,0.001232,-0.000012
4587.016000,-0.464708,0.105573,0.298592,-1.862849,-1.881486,0.608378,-0.000198,-0.000000,0.000181,-0.000024,0.001050,-0.000010
4587.024000,-0.464715,0.105571,0.298594,-1.862836,-1.881443,0.608356,-0.000168,-0.000000,0.000153,-0.000021,0.000901,-0.000009
4587.032000,-0.464709,0.105587,0.298601,-1.862853,-1.881423,0.608352,-0.000153,-0.000000,0.000116,-0.000018,0.000772,-0.000008
4587.040000,-0.464715,0.105574,0.298602,-1.862819,-1.881448,0.608405,-0.000145,-0.000000,0.000069,-0.000015,0.000628,-0.000007
4587.048000,-0.464726,0.105570,0.298570,-1.862859,-1.881516,0.608405,-0.000139,-0.000000,0.000035,-0.000013,0.000508,-0.000007
4587.056000,-0.464721,0.105580,0.298600,-1.862762,-1.881426,0.608417,-0.000260,-0.000002,-0.000347,-0.000005,-0.000317,-0.000006
4587.064000,-0.464719,0.105579,0.298602,-1.862860,-1.881399,0.608423,-0.000260,-0.000002,-0.000347,-0.000005,-0.000317,-0.000006
4587.072000,-0.464736,0.105568,0.298578,-1.862781,-1.881497,0.608388,-0.000444,-0.000002,-0.000050,-0.000030,0.000838,-0.000014
4587.080000,-0.464745,0.105572,0.298573,-1.862861,-1.881458,0.608419,-0.001356,-0.000002,0.001788,-0.000175,0.007567,-0.000057
4587.088000,-0.464744,0.105590,0.298607,-1.862759,-1.881368,0.608489,-0.001055,-0.000005,-0.000344,-0.000059,0.001164,-0.000028
4587.096000,-0.464744,0.105589,0.298589,-1.862784,-1.881416,0.608435,-0.000738,-0.000004,-0.000583,-0.000027,-0.000077,-0.000017
4587.104000,-0.464743,0.105607,0.298591,-1.862869,-1.881314,0.608440,-0.000432,-0.000002,-0.000121,-0.000026,0.000623,-0.000013
4587.112000,-0.464744,0.105593,0.298609,-1.862758,-1.881277,0.608513,-0.000343,-0.000000,0.000203,-0.000042,0.001903,-0.000023
4587.120000,-0.464756,0.105579,0.298617,-1.862674,-1.881273,0.608613,-0.000415,0.000008,0.001150,-0.000147,0.009010,-0.000105
4587.128000,-0.464746,0.105602,0.298617,-1.862742,-1.881229,0.608580,-0.000332,0.000005,0.000905,-0.000105,0.006298,-0.000069
4587.136000,-0.464765,0.105573,0.298596,-1.862715,-1.881321,0.608583,-0.000279,0.000003,0.000745,-0.000078,0.004539,-0.000047
4587.144000,-0.464757,0.105585,0.298612,-1.862675,-1.881295,0.608581,-0.000159,0.000003,0.000763,-0.000064,0.003825,-0.000035
4587.152000,-0.464773,0.105568,0.298572,-1.862703,-1.881368,0.608537,-0.000616,-0.000003,-0.000924,-0.000016,-0.000264,-0.000026
4587.160000,-0.464765,0.105585,0.298598,-1.862703,-1.881300,0.608565,-0.000546,-0.000003,-0.000863,-0.000012,-0.000427,-0.000022
4587.168000,-0.464765,0.105577,0.298591,-1.862705,-1.881318,0.608598,-0.000344,-0.000001,-0.000347,-0.000019,0.000474,-0.000019
4587.176000,-0.464764,0.105585,0.298592,-1.862710,-1.881308,0.608555,-0.000259,-0.000001,-0.000166,-0.000019,0.000704,-0.000016
4587.184000,-0.464764,0.105584,0.298575,-1.862735,-1.881363,0.608514,-0.000209,-0.000000,-0.000078,-0.000019,0.000776,-0.000015
4587.192000,-0.464762,0.105591,0.298585,-1.862730,-1.881328,0.608517,-0.000178,-0.000000,-0.000008,-0.000019,0.000848,-0.000014
4587.200000,-0.464769,0.105574,0.298622,-1.862680,-1.881233,0.608658,-0.000157,0.000000,0.000043,-0.000019,0.000887,-0.000012
4587.208000,-0.464778,0.105584,0.298624,-1.862668,-1.881227,0.608666,-0.000952,0.000008,0.004841,-0.000286,0.015486,-0.000080
4587.216000,-0.464781,0.105563,0.298664,-1.862566,-1.881184,0.608773,-0.000643,0.000005,0.003070,-0.000186,0.010012,-0.000054
4587.224000,-0.464774,0.105590,0.298658,-1.862593,-1.881174,0.608734,-0.000338,0.000002,0.001269,-0.000084,0.004476,-0.000028
4587.232000,-0.464781,0.105573,0.298643,-1.862600,-1.881249,0.608696,-0.000091,-0.000000,-0.000193,-0.000002,-0.000005,-0.000006
4587.240000,-0.464787,0.105585,0.298645,-1.862648,-1.881154,0.608722,-0.000234,-0.000002,-0.000652,0.000009,-0.001031,-0.000005
4587.248000,-0.464801,0.105568,0.298645,-1.862571,-1.881188,0.608756,-0.000951,-0.000005,-0.000493,-0.000048,0.000718,-0.000026
4587.256000,-0.464804,0.105563,0.298635,-1.862526,-1.881255,0.608724,-0.000612,-0.000001,0.000383,-0.000063,0.002478,-0.000025
4587.264000,-0.464797,0.105589,0.298615,-1.862647,-1.881227,0.608665,-0.000524,-0.000002,-0.000137,-0.000034,0.000872,-0.000018
4587.272000,-0.464805,0.105583,0.298626,-1.862613,-1.881199,0.608735,-0.000520,-0.000003,-0.000516,-0.000016,-0.000187,-0.000014
4587.280000,-0.464806,0.105573,0.298616,-1.862607,-1.881231,0.608711,-0.000662,-0.000005,-0.001184,0.000004,-0.001774,-0.000011
4587.288000,-0.464808,0.105586,0.298581,-1.862714,-1.881257,0.608582,-0.000603,-0.000005,-0.001148,0.000006,-0.001798,-0.000009
4587.296000,-0.464810,0.105575,0.298594,-1.862659,-1.881269,0.608616,-0.000358,-0.000002,-0.000483,-0.000006,-0.000446,-0.000009
4587.304000,-0.464805,0.105579,0.298589,-1.862689,-1.881262,0.608618,-0.000263,-0.000001,-0.000255,-0.000010,0.000005,-0.000008
4587.312000,-0.464811,0.105578,0.298607,-1.862602,-1.881271,0.608665,-0.000208,-0.000001,-0.000146,-0.000010,0.000187,-0.000008
4587.320000,-0.464814,0.105568,0.298638,-1.862552,-1.881190,0.608763,-0.000176,-0.000001,-0.000080,-0.000011,0.000307,-0.000007
4587.328000,-0.464815,0.105572,0.298606,-1.862655,-1.881242,0.608702,-0.000156,-0.000000,-0.000021,-0.000012,0.000417,-0.000007
4587.336000,-0.464825,0.105578,0.298623,-1.862602,-1.881203,0.608728,-0.000745,0.000005,0.003593,-0.000213,0.011416,-0.000058
4587.344000,-0.464834,0.105571,0.298639,-1.862541,-1.881177,0.608827,-0.000542,0.000003,0.002390,-0.000146,0.007726,-0.000041
4587.352000,-0.464829,0.105575,0.298626,-1.862617,-1.881181,0.608715,-0.000728,-0.000004,-0.000234,-0.000042,0.000877,-0.000020
4587.360000,-0.464833,0.105567,0.298624,-1.862573,-1.881195,0.608770,-0.000510,-0.000003,-0.000220,-0.000028,0.000513,-0.000015
4587.368000,-0.464836,0.105584,0.298632,-1.862543,-1.881164,0.608777,-0.000346,-0.000001,-0.000042,-0.000024,0.000680,-0.000012
4587.376000,-0.464841,0.105562,0.298601,-1.862568,-1.881250,0.608713,-0.000262,-0.000001,0.000020,-0.000021,0.000695,-0.000010
4587.384000,-0.464838,0.105584,0.298630,-1.862573,-1.881126,0.608799,-0.000213,-0.000001,0.000041,-0.000019,0.000661,-0.000009
4587.392000,-0.464833,0.105586,0.298631,-1.862555,-1.881139,0.608756,-0.000194,-0.000001,0.000004,-0.000016,0.000527,-0.000008
4587.400000,-0.464838,0.105579,0.298620,-1.862583,-1.881129,0.608783,-0.000448,-0.000004,-0.000870,0.000006,-0.001400,-0.000006
4587.408000,-0.464842,0.105573,0.298642,-1.862503,-1.881123,0.608852,-0.000441,-0.000004,-0.000909,0.000008,-0.001520,-0.000006
4587.416000,-0.464848,0.105575,0.298609,-1.862523,-1.881173,0.608759,-0.000381,-0.000002,-0.000588,-0.000011,-0.000087,-0.000018
4587.424000,-0.464854,0.105577,0.298592,-1.862564,-1.881214,0.608753,-0.000347,-0.000002,-0.000481,-0.000013,0.000144,-0.000018
4587.432000,-0.464857,0.105579,0.298594,-1.862569,-1.881181,0.608742,-0.000347,-0.000002,-0.000481,-0.000013,0.000144,-0.000018
4587.440000,-0.464863,0.105577,0.298578,-1.862590,-1.881194,0.608761,-0.000392,-0.000002,-0.000624,-0.000010,-0.000163,-0.000018
4587.448000,-0.464866,0.105579,0.298583,-1.862567,-1.881156,0.608766,-0.000549,-0.000004,-0.001122,0.000001,-0.001237,-0.000017
4587.456000,-0.464870,0.105578,0.298558,-1.862605,-1.881202,0.608728,-0.000538,-0.000004,-0.001086,0.000000,-0.001160,-0.000017
4587.464000,-0.464866,0.105585,0.298576,-1.862577,-1.881143,0.608762,-0.000339,-0.000001,-0.000455,-0.000014,0.000201,-0.000018
4587.472000,-0.464866,0.105576,0.298584,-1.862561,-1.881171,0.608813,-0.000255,-0.000001,-0.000214,-0.000018,0.000613,-0.000017
4587.480000,-0.464865,0.105588,0.298608,-1.862515,-1.881094,0.608860,-0.000235,-0.000000,-0.000002,-0.000025,0.001126,-0.000018
4587.488000,-0.464881,0.105555,0.298625,-1.862431,-1.881121,0.608938,-0.001297,0.000010,0.006281,-0.000378,0.020321,-0.000108
4587.496000,-0.464884,0.105579,0.298644,-1.862431,-1.880993,0.608971,-0.000595,0.000003,0.002132,-0.000145,0.007644,-0.000048
4587.504000,-0.464890,0.105572,0.298637,-1.862439,-1.880993,0.609018,-0.000410,0.000003,0.001054,-0.000094,0.005104,-0.000045
4587.512000,-0.464887,0.105586,0.298636,-1.862438,-1.880947,0.608978,-0.000340,0.000002,0.000638,-0.000071,0.003834,-0.000039
4587.520000,-0.464887,0.105578,0.298657,-1.862349,-1.880983,0.609032,-0.000276,0.000002,0.000540,-0.000062,0.003446,-0.000036
4587.528000,-0.464886,0.105586,0.298648,-1.862448,-1.880912,0.609006,-0.000259,0.000002,0.000593,-0.000063,0.003561,-0.000036
4587.536000,-0.464897,0.105561,0.298631,-1.862369,-1.881049,0.608997,-0.000255,0.000002,0.000565,-0.000060,0.003321,-0.000033
4587.544000,-0.464902,0.105576,0.298628,-1.862366,-1.880978,0.608983,-0.000450,-0.000001,-0.000123,-0.000039,0.001533,-0.000028
4587.552000,-0.464900,0.105573,0.298616,-1.862417,-1.881029,0.608974,-0.000440,-0.000001,-0.000185,-0.000034,0.001174,-0.000024
4587.560000,-0.464902,0.105572,0.298611,-1.862419,-1.881054,0.608950,-0.000531,-0.000003,-0.000698,-0.000015,-0.000187,-0.000020
4587.568000,-0.464902,0.105572,0.298614,-1.862429,-1.881020,0.608978,-0.000507,-0.000003,-0.000767,-0.000009,-0.000513,-0.000017
4587.576000,-0.464905,0.105578,0.298604,-1.862449,-1.881040,0.608940,-0.000331,-0.000001,-0.000328,-0.000016,0.000287,-0.000015
4587.584000,-0.464901,0.105579,0.298615,-1.862434,-1.881017,0.608947,-0.000304,-0.000001,-0.000333,-0.000013,0.000163,-0.000013
4587.592000,-0.464908,0.105586,0.298586,-1.862451,-1.881072,0.608860,-0.000299,-0.000002,-0.000365,-0.000011,0.000019,-0.000012
4587.600000,-0.464918,0.105570,0.298611,-1.862473,-1.880987,0.609029,-0.000293,-0.000002,-0.000352,-0.000010,0.000009,-0.000012
4587.608000,-0.464919,0.105572,0.298617,-1.862390,-1.881023,0.608991,-0.000399,0.000001,0.000839,-0.000070,0.003427,-0.000025
4587.616000,-0.464922,0.105570,0.298637,-1.862351,-1.880975,0.609090,-0.000388,0.000001,0.000872,-0.000070,0.003479,-0.000025
4587.624000,-0.464930,0.105578,0.298625,-1.862363,-1.880972,0.609038,-0.000485,0.000002,0.001446,-0.000102,0.005205,-0.000033
4587.632000,-0.464927,0.105585,0.298632,-1.862385,-1.880943,0.609025,-0.000585,-0.000001,0.000330,-0.000059,0.002315,-0.000025
4587.640000,-0.464924,0.105593,0.298636,-1.862391,-1.880883,0.609007,-0.000506,-0.000002,-0.000138,-0.000033,0.000853,-0.000017
4587.648000,-0.464925,0.105589,0.298643,-1.862385,-1.880906,0.609067,-0.000351,-0.000001,-0.000012,-0.000027,0.000896,-0.000014
4587.656000,-0.464928,0.105578,0.298631,-1.862368,-1.880956,0.609051,-0.000266,-0.000001,0.000048,-0.000024,0.000887,-0.000012
4587.664000,-0.464928,0.105579,0.298617,-1.862365,-1.880990,0.609001,-0.000216,-0.000000,0.000057,-0.000021,0.000805,-0.000010
4587.672000,-0.464934,0.105571,0.298613,-1.862325,-1.881055,0.609008,-0.000186,-0.000000,0.000057,-0.000019,0.000748,-0.000010
4587.680000,-0.464927,0.105589,0.298627,-1.862415,-1.880936,0.609028,-0.000177,-0.000000,0.000007,-0.000016,0.000580,-0.000009
4587.688000,-0.464942,0.105579,0.298617,-1.862363,-1.880965,0.609025,-0.000403,-0.000003,-0.000773,0.000004,-0.001155,-0.000007
4587.696000,-0.464938,0.105580,0.298613,-1.862402,-1.880953,0.609000,-0.000401,-0.000003,-0.000789,0.000005,-0.001203,-0.000007
4587.704000,-0.464941,0.105573,0.298619,-1.862363,-1.880942,0.609056,-0.000316,-0.000002,-0.000525,-0.000001,-0.000652,-0.000007
4587.712000,-0.464955,0.105556,0.298604,-1.862369,-1.881000,0.609056,-0.000248,-0.000002,-0.000314,-0.000006,-0.000216,-0.000007
4587.720000,-0.464948,0.105572,0.298602,-1.862419,-1.880961,0.609037,-0.000248,-0.000002,-0.000314,-0.000006,-0.000216,-0.000007
4587.728000,-0.464941,0.105583,0.298608,-1.862401,-1.880973,0.609030,-0.000442,-0.000004,-0.000928,0.000008,-0.001539,-0.000006
4587.736000,-0.464949,0.105600,0.298596,-1.862439,-1.880935,0.608996,-0.000442,-0.000004,-0.000931,0.000009,-0.001563,-0.000006
4587.744000,-0.464946,0.105585,0.298618,-1.862338,-1.880939,0.609047,-0.000315,-0.000002,-0.000531,-0.000000,-0.000700,-0.000006
4587.752000,-0.464964,0.105561,0.298629,-1.862287,-1.880938,0.609134,-0.000255,-0.000001,-0.000199,-0.000011,0.000081,-0.000008
4587.760000,-0.464966,0.105580,0.298602,-1.862368,-1.880939,0.609028,-0.000584,0.000003,0.002131,-0.000137,0.007079,-0.000039
4587.768000,-0.464970,0.105572,0.298651,-1.862264,-1.880893,0.609163,-0.000718,0.000005,0.003184,-0.000193,0.010218,-0.000053
4587.776000,-0.464978,0.105560,0.298665,-1.862178,-1.880856,0.609274,-0.000375,0.000001,0.001177,-0.000080,0.004079,-0.000024
4587.784000,-0.464973,0.105577,0.298629,-1.862258,-1.880846,0.609215,-0.000320,0.000003,0.000879,-0.000082,0.004582,-0.000043
4587.792000,-0.464977,0.105578,0.298683,-1.862176,-1.880687,0.609375,-0.000391,0.000010,0.001387,-0.000165,0.010285,-0.000117
4587.800000,-0.464971,0.105586,0.298673,-1.862217,-1.880715,0.609282,-0.000302,0.000005,0.000806,-0.000096,0.005756,-0.000064
4587.808000,-0.464976,0.105578,0.298680,-1.862128,-1.880752,0.609335,-0.000272,0.000003,0.000606,-0.000071,0.004055,-0.000044
4587.816000,-0.464979,0.105585,0.298675,-1.862183,-1.880709,0.609321,-0.000253,0.000002,0.000534,-0.000060,0.003326,-0.000035
4587.824000,-0.464981,0.105573,0.298654,-1.862213,-1.880763,0.609282,-0.000243,0.000002,0.000489,-0.000053,0.002890,-0.000029
4587.832000,-0.464978,0.105590,0.298658,-1.862237,-1.880743,0.609257,-0.000229,0.000001,0.000406,-0.000046,0.002435,-0.000025
4587.840000,-0.464981,0.105602,0.298641,-1.862280,-1.880733,0.609206,-0.000331,-0.000001,-0.000118,-0.000028,0.001064,-0.000020
4587.848000,-0.464992,0.105573,0.298638,-1.862228,-1.880778,0.609263,-0.000316,-0.000001,-0.000208,-0.000021,0.000680,-0.000017
4587.856000,-0.464991,0.105583,0.298635,-1.862204,-1.880789,0.609278,-0.000535,-0.000004,-0.001007,0.000000,-0.001179,-0.000014
4587.864000,-0.464993,0.105585,0.298630,-1.862248,-1.880745,0.609242,-0.000451,-0.000003,-0.000817,-0.000002,-0.000877,-0.000013
4587.872000,-0.464991,0.105587,0.298638,-1.862202,-1.880794,0.609283,-0.000318,-0.000002,-0.000457,-0.000008,-0.000182,-0.000012
4587.880000,-0.465001,0.105579,0.298616,-1.862269,-1.880796,0.609219,-0.000311,-0.000002,-0.000496,-0.000005,-0.000350,-0.000011
4587.888000,-0.465002,0.105573,0.298621,-1.862211,-1.880805,0.609245,-0.000434,-0.000004,-0.000918,0.000006,-0.001309,-0.000010
4587.896000,-0.465017,0.105569,0.298588,-1.862236,-1.880882,0.609137,-0.000433,-0.000004,-0.000924,0.000006,-0.001357,-0.000009
4587.904000,-0.465015,0.105560,0.298602,-1.862235,-1.880865,0.609242,-0.000306,-0.000002,-0.000529,-0.000002,-0.000542,-0.000009
4587.912000,-0.465011,0.105591,0.298629,-1.862219,-1.880737,0.609251,-0.000398,-0.000001,0.000165,-0.000039,0.001514,-0.000018
4587.920000,-0.465030,0.105569,0.298615,-1.862187,-1.880794,0.609257,-0.000910,0.000004,0.003198,-0.000209,0.010764,-0.000061
4587.928000,-0.465033,0.105567,0.298648,-1.862140,-1.880738,0.609367,-0.000594,0.000000,0.001148,-0.000096,0.004543,-0.000032
4587.936000,-0.465031,0.105575,0.298649,-1.862154,-1.880685,0.609339,-0.000457,-0.000001,0.000337,-0.000050,0.002051,-0.000020
4587.944000,-0.465023,0.105585,0.298645,-1.862186,-1.880726,0.609286,-0.000401,-0.000001,0.000005,-0.000031,0.001021,-0.000015
4587.952000,-0.465023,0.105600,0.298653,-1.862192,-1.880656,0.609353,-0.000317,-0.000001,0.000121,-0.000030,0.001169,-0.000014
4587.960000,-0.465025,0.105583,0.298655,-1.862087,-1.880752,0.609341,-0.000272,-0.000000,0.000261,-0.000033,0.001452,-0.000014
4587.968000,-0.465030,0.105575,0.298642,-1.862164,-1.880718,0.609305,-0.000243,0.000000,0.000347,-0.000035,0.001620,-0.000014
4587.976000,-0.465031,0.105573,0.298644,-1.862093,-1.880749,0.609344,-0.000224,0.000000,0.000409,-0.000036,0.001754,-0.000014
4587.984000,-0.465030,0.105586,0.298641,-1.862171,-1.880703,0.609294,-0.000205,0.000000,0.000297,-0.000030,0.001395,-0.000012
4587.992000,-0.465040,0.105567,0.298628,-1.862172,-1.880786,0.609291,-0.000186,-0.000000,0.000187,-0.000024,0.001059,-0.000010
4588.000000,-0.465034,0.105599,0.298621,-1.862233,-1.880727,0.609292,-0.000328,-0.000002,-0.000376,-0.000008,-0.000235,-0.000008
4588.008000,-0.465033,0.105585,0.298627,-1.862189,-1.880751,0.609262,-0.000319,-0.000002,-0.000431,-0.000005,-0.000403,-0.000008
4588.016000,-0.465042,0.105572,0.298599,-1.862226,-1.880802,0.609263,-0.000312,-0.000002,-0.000473,-0.000003,-0.000547,-0.000007
4588.024000,-0.465046,0.105575,0.298604,-1.862230,-1.880761,0.609240,-0.000239,-0.000002,-0.000291,-0.000006,-0.000182,-0.000007
4588.032000,-0.465049,0.105572,0.298608,-1.862191,-1.880789,0.609289,-0.000234,-0.000002,-0.000325,-0.000004,-0.000302,-0.000006
4588.040000,-0.465045,0.105586,0.298614,-1.862165,-1.880762,0.609242,-0.000630,-0.000006,-0.001579,0.000025,-0.003006,-0.000004
4588.048000,-0.465060,0.105574,0.298597,-1.862216,-1.880754,0.609272,-0.000380,-0.000003,-0.000787,0.000007,-0.001299,-0.000005
4588.056000,-0.465058,0.105579,0.298620,-1.862176,-1.880720,0.609327,-0.000264,-0.000002,-0.000423,-0.000002,-0.000513,-0.000006
4588.064000,-0.465068,0.105563,0.298628,-1.862129,-1.880709,0.609371,-0.000774,0.000004,0.003110,-0.000194,0.010103,-0.000054
4588.072000,-0.465071,0.105563,0.298659,-1.862061,-1.880641,0.609461,-0.000526,0.000002,0.001790,-0.000118,0.006024,-0.000034
4588.080000,-0.465070,0.105572,0.298641,-1.862062,-1.880700,0.609422,-0.000354,0.000000,0.000771,-0.000060,0.002909,-0.000019
4588.088000,-0.465068,0.105590,0.298650,-1.862094,-1.880613,0.609436,-0.000290,-0.000000,0.000394,-0.000039,0.001759,-0.000014
4588.096000,-0.465077,0.105589,0.298639,-1.862080,-1.880605,0.609468,-0.000317,0.000004,0.000601,-0.000080,0.004635,-0.000053
4588.104000,-0.465072,0.105572,0.298667,-1.861985,-1.880598,0.609546,-0.000312,0.000004,0.000594,-0.000080,0.004606,-0.000053
4588.112000,-0.465073,0.105576,0.298652,-1.862056,-1.880595,0.609549,-0.000304,0.000003,0.000598,-0.000078,0.004524,-0.000052
4588.120000,-0.465077,0.105579,0.298643,-1.862045,-1.880607,0.609484,-0.000284,0.000002,0.000466,-0.000061,0.003398,-0.000038
4588.128000,-0.465070,0.105601,0.298646,-1.862102,-1.880529,0.609486,-0.000274,0.000002,0.000398,-0.000053,0.002823,-0.000031
4588.136000,-0.465074,0.105607,0.298631,-1.862115,-1.880542,0.609457,-0.000322,0.000000,0.000064,-0.000038,0.001764,-0.000025
4588.144000,-0.465077,0.105590,0.298656,-1.862050,-1.880567,0.609496,-0.000302,-0.000000,-0.000058,-0.000029,0.001236,-0.000021
4588.152000,-0.465086,0.105580,0.298630,-1.862067,-1.880622,0.609441,-0.000288,-0.000001,-0.000144,-0.000023,0.000853,-0.000018
4588.160000,-0.465081,0.105588,0.298645,-1.862051,-1.880581,0.609521,-0.000249,-0.000000,-0.000119,-0.000020,0.000757,-0.000016
4588.168000,-0.465086,0.105584,0.298638,-1.862048,-1.880586,0.609490,-0.000241,-0.000001,-0.000169,-0.000016,0.000541,-0.000014
4588.176000,-0.465088,0.105578,0.298627,-1.862083,-1.880584,0.609508,-0.000432,-0.000003,-0.000827,0.000000,-0.000968,-0.000012
4588.184000,-0.465098,0.105567,0.298621,-1.862071,-1.880609,0.609494,-0.000426,-0.000003,-0.000864,0.000003,-0.001112,-0.000011
4588.192000,-0.465092,0.105591,0.298601,-1.862080,-1.880656,0.609382,-0.000329,-0.000002,-0.000594,-0.000002,-0.000599,-0.000010
4588.200000,-0.465101,0.105574,0.298603,-1.862048,-1.880669,0.609418,-0.000240,-0.000001,-0.000332,-0.000007,-0.000077,-0.000010
4588.208000,-0.465104,0.105567,0.298627,-1.862013,-1.880641,0.609488,-0.000206,-0.000001,-0.000231,-0.000009,0.000105,-0.000009
4588.216000,-0.465103,0.105571,0.298631,-1.862004,-1.880646,0.609516,-0.000344,0.000000,0.000590,-0.000054,0.002598,-0.000021
4588.224000,-0.465114,0.105565,0.298624,-1.861982,-1.880668,0.609516,-0.000774,0.000004,0.003140,-0.000197,0.010386,-0.000057
4588.232000,-0.465124,0.105565,0.298658,-1.861888,-1.880558,0.609568,-0.000775,0.000004,0.003147,-0.000198,0.010410,-0.000058
4588.240000,-0.465115,0.105584,0.298652,-1.861994,-1.880507,0.609585,-0.000478,0.000001,0.001284,-0.000094,0.004750,-0.000031
4588.248000,-0.465111,0.105587,0.298670,-1.861980,-1.880470,0.609672,-0.000181,-0.000001,-0.000481,0.000004,-0.000642,-0.000006
4588.256000,-0.465114,0.105587,0.298676,-1.861973,-1.880419,0.609615,-0.000181,-0.000001,-0.000481,0.000004,-0.000642,-0.000006
4588.264000,-0.465117,0.105589,0.298669,-1.862007,-1.880460,0.609632,-0.000181,-0.000001,-0.000481,0.000004,-0.000642,-0.000006
4588.272000,-0.465121,0.105590,0.298661,-1.861967,-1.880456,0.609632,-0.000178,-0.000001,-0.000472,0.000004,-0.000623,-0.000006
4588.280000,-0.465131,0.105573,0.298650,-1.861940,-1.880519,0.609619,-0.000654,-0.000005,-0.000945,-0.000008,-0.001036,-0.000014
4588.288000,-0.465135,0.105566,0.298638,-1.861965,-1.880552,0.609610,-0.000575,-0.000004,-0.000696,-0.000013,-0.000499,-0.000015
4588.296000,-0.465130,0.105583,0.298646,-1.861963,-1.880526,0.609600,-0.000387,-0.000001,-0.000100,-0.000027,0.000786,-0.000015
4588.304000,-0.465128,0.105578,0.298657,-1.861910,-1.880518,0.609640,-0.000311,-0.000001,0.000140,-0.000032,0.001303,-0.000015
4588.312000,-0.465140,0.105575,0.298633,-1.861959,-1.880536,0.609643,-0.000265,-0.000000,0.000250,-0.000034,0.001519,-0.000015
4588.320000,-0.465133,0.105590,0.298641,-1.861918,-1.880494,0.609616,-0.000225,0.000000,0.000196,-0.000030,0.001390,-0.000015
4588.328000,-0.465135,0.105606,0.298640,-1.861998,-1.880418,0.609620,-0.000211,-0.000000,0.000110,-0.000025,0.001126,-0.000014
4588.336000,-0.465129,0.105601,0.298663,-1.861937,-1.880403,0.609670,-0.000200,-0.000000,0.000047,-0.000022,0.000934,-0.000013
4588.344000,-0.465147,0.105571,0.298637,-1.861901,-1.880537,0.609657,-0.000192,-0.000000,-0.000000,-0.000019,0.000791,-0.000012
4588.352000,-0.465141,0.105586,0.298648,-1.861955,-1.880427,0.609635,-0.000187,-0.000000,-0.000031,-0.000017,0.000695,-0.000012
4588.360000,-0.465150,0.105583,0.298636,-1.861934,-1.880495,0.609641,-0.000204,-0.000000,-0.000085,-0.000016,0.000580,-0.000012
4588.368000,-0.465147,0.105577,0.298642,-1.861894,-1.880476,0.609685,-0.000214,0.000000,-0.000020,-0.000024,0.001131,-0.000018
4588.376000,-0.465151,0.105590,0.298667,-1.861866,-1.880373,0.609748,-0.000434,0.000007,0.001350,-0.000141,0.008392,-0.000088
4588.384000,-0.465158,0.105580,0.298695,-1.861803,-1.880302,0.609842,-0.000642,0.000009,0.002590,-0.000211,0.012178,-0.000106
4588.392000,-0.465156,0.105588,0.298711,-1.861815,-1.880267,0.609905,-0.000511,0.000006,0.001784,-0.000149,0.008440,-0.000073
4588.400000,-0.465157,0.105583,0.298695,-1.861814,-1.880304,0.609863,-0.000369,0.000003,0.000920,-0.000089,0.004941,-0.000047
4588.408000,-0.465164,0.105580,0.298697,-1.861751,-1.880316,0.609850,-0.000305,0.000002,0.000535,-0.000062,0.003336,-0.000035
4588.416000,-0.465171,0.105568,0.298723,-1.861697,-1.880267,0.609959,-0.000345,0.000000,0.000124,-0.000043,0.002018,-0.000027
4588.424000,-0.465173,0.105573,0.298697,-1.861752,-1.880300,0.609895,-0.000644,-0.000004,-0.000868,-0.000017,-0.000317,-0.000023
4588.432000,-0.465184,0.105573,0.298664,-1.861810,-1.880336,0.609839,-0.000750,-0.000005,-0.001237,-0.000007,-0.001256,-0.000021
4588.440000,-0.465180,0.105601,0.298661,-1.861867,-1.880282,0.609810,-0.000731,-0.000005,-0.001201,-0.000006,-0.001285,-0.000019
4588.448000,-0.465187,0.105567,0.298643,-1.861825,-1.880397,0.609789,-0.000433,-0.000002,-0.000281,-0.000025,0.000608,-0.000018
4588.456000,-0.465186,0.105578,0.298650,-1.861850,-1.880354,0.609795,-0.000316,-0.000001,-0.000082,-0.000025,0.000872,-0.000016
4588.464000,-0.465199,0.105558,0.298656,-1.861729,-1.880440,0.609878,-0.000300,-0.000001,-0.000177,-0.000019,0.000537,-0.000014
4588.472000,-0.465185,0.105603,0.298633,-1.861936,-1.880328,0.609787,-0.000300,-0.000001,-0.000183,-0.000018,0.000489,-0.000013
4588.480000,-0.465195,0.105585,0.298648,-1.861837,-1.880310,0.609810,-0.000293,-0.000001,-0.000173,-0.000018,0.000455,-0.000013
4588.488000,-0.465184,0.105600,0.298668,-1.861820,-1.880286,0.609845,-0.000239,-0.000001,-0.000007,-0.000021,0.000795,-0.000013
4588.496000,-0.465192,0.105585,0.298677,-1.861775,-1.880293,0.609851,-0.000293,-0.000000,0.000317,-0.000039,0.001754,-0.000017
4588.504000,-0.465198,0.105580,0.298675,-1.861745,-1.880299,0.609849,-0.000487,0.000002,0.001467,-0.000103,0.005253,-0.000033
4588.512000,-0.465206,0.105578,0.298692,-1.861696,-1.880286,0.609921,-0.000651,0.000003,0.002442,-0.000157,0.008200,-0.000047
4588.520000,-0.465208,0.105575,0.298733,-1.861677,-1.880184,0.610100,-0.000540,0.000002,0.001780,-0.000120,0.006163,-0.000037
4588.528000,-0.465208,0.105566,0.298701,-1.861698,-1.880274,0.609973,-0.000340,0.000001,0.000847,-0.000065,0.003216,-0.000022
4588.536000,-0.465206,0.105601,0.298703,-1.861733,-1.880211,0.609929,-0.000253,0.000001,0.000538,-0.000045,0.002195,-0.000016
4588.544000,-0.465204,0.105590,0.298712,-1.861710,-1.880211,0.609961,-0.000213,0.000000,0.000352,-0.000034,0.001610,-0.000013
4588.552000,-0.465216,0.105562,0.298692,-1.861674,-1.880331,0.609923,-0.000193,0.000000,0.000232,-0.000027,0.001227,-0.000011
4588.560000,-0.465215,0.105578,0.298709,-1.861704,-1.880227,0.609972,-0.000336,-0.000002,-0.000356,-0.000010,-0.000134,-0.000009
4588.568000,-0.465225,0.105568,0.298675,-1.861716,-1.880299,0.609904,-0.000327,-0.000002,-0.000411,-0.000007,-0.000302,-0.000008
4588.576000,-0.465220,0.105599,0.298657,-1.861789,-1.880297,0.609848,-0.000413,-0.000003,-0.000714,0.000000,-0.000988,-0.000008
4588.584000,-0.465235,0.105565,0.298638,-1.861755,-1.880359,0.609892,-0.001009,-0.000010,-0.002603,0.000044,-0.005076,-0.000005
4588.592000,-0.465232,0.105583,0.298658,-1.861767,-1.880274,0.609912,-0.000450,-0.000004,-0.000832,0.000003,-0.001261,-0.000007
4588.600000,-0.465243,0.105578,0.298636,-1.861775,-1.880319,0.609860,-0.000306,-0.000002,-0.000379,-0.000007,-0.000283,-0.000008
4588.608000,-0.465240,0.105574,0.298626,-1.861762,-1.880366,0.609813,-0.000306,-0.000002,-0.000381,-0.000006,-0.000307,-0.000007
4588.616000,-0.465235,0.105576,0.298639,-1.861775,-1.880334,0.609884,-0.000306,-0.000002,-0.000381,-0.000006,-0.000307,-0.000007
4588.624000,-0.465245,0.105578,0.298636,-1.861780,-1.880302,0.609874,-0.000280,-0.000002,-0.000304,-0.000008,-0.000158,-0.000007
4588.632000,-0.465243,0.105583,0.298629,-1.861775,-1.880349,0.609840,-0.000221,-0.000001,-0.000142,-0.000011,0.000177,-0.000007
4588.632000,-0.465243,0.105583,0.298629,-1.861775,-1.880349,0.609840,-0.000221,-0.000001,-0.000142,-0.000011,0.000177,-0.000007
4588.648000,-0.465236,0.105601,0.298642,-1.861794,-1.880264,0.609838,-0.000167,-0.000001,-0.000082,-0.000010,0.000225,-0.000006
4588.656000,-0.465246,0.105566,0.298643,-1.861758,-1.880309,0.609918,-0.000163,-0.000001,-0.000105,-0.000008,0.000153,-0.000006
4588.664000,-0.465242,0.105599,0.298662,-1.861755,-1.880216,0.609936,-0.000161,-0.000001,-0.000113,-0.000008,0.000129,-0.000006
4588.672000,-0.465241,0.105586,0.298657,-1.861726,-1.880290,0.609941,-0.000161,-0.000001,-0.000113,-0.000008,0.000129,-0.000006
4588.680000,-0.465250,0.105592,0.298645,-1.861737,-1.880235,0.609870,-0.000161,-0.000001,-0.000113,-0.000008,0.000129,-0.000006
4588.688000,-0.465259,0.105583,0.298663,-1.861709,-1.880212,0.609992,-0.000851,0.000006,0.004014,-0.000239,0.012730,-0.000065
4588.696000,-0.465257,0.105617,0.298698,-1.861686,-1.880046,0.610066,-0.000705,0.000005,0.003144,-0.000189,0.010070,-0.000052
4588.704000,-0.465266,0.105567,0.298713,-1.861574,-1.880135,0.610132,-0.000515,0.000003,0.002014,-0.000127,0.006619,-0.000036
4588.712000,-0.465267,0.105584,0.298710,-1.861539,-1.880121,0.610125,-0.000147,0.000001,-0.000154,-0.000019,0.001011,-0.000021
4588.720000,-0.465265,0.105603,0.298735,-1.861513,-1.879990,0.610182,-0.000279,0.000005,0.000676,-0.000090,0.005469,-0.000064
4588.728000,-0.465272,0.105577,0.298730,-1.861577,-1.880009,0.610243,-0.000279,0.000005,0.000676,-0.000090,0.005468,-0.000064
4588.736000,-0.465272,0.105583,0.298722,-1.861557,-1.880034,0.610217,-0.000257,0.000004,0.000579,-0.000076,0.004524,-0.000052
4588.744000,-0.465277,0.105576,0.298700,-1.861560,-1.880112,0.610175,-0.000235,0.000002,0.000435,-0.000058,0.003302,-0.000038
4588.752000,-0.465282,0.105573,0.298705,-1.861530,-1.880111,0.610161,-0.000505,-0.000002,-0.000531,-0.000028,0.000738,-0.000029
4588.760000,-0.465280,0.105589,0.298700,-1.861602,-1.880026,0.610175,-0.000799,-0.000006,-0.001528,-0.000001,-0.001697,-0.000023
4588.768000,-0.465289,0.105579,0.298673,-1.861585,-1.880137,0.610084,-0.000430,-0.000002,-0.000473,-0.000020,0.000354,-0.000021
4588.776000,-0.465291,0.105577,0.298670,-1.861643,-1.880120,0.610115,-0.000388,-0.000002,-0.000469,-0.000016,0.000163,-0.000018
4588.784000,-0.465288,0.105586,0.298665,-1.861626,-1.880140,0.610120,-0.000417,-0.000002,-0.000658,-0.000008,-0.000393,-0.000015
4588.792000,-0.465296,0.105583,0.298643,-1.861658,-1.880157,0.610064,-0.000410,-0.000003,-0.000700,-0.000005,-0.000585,-0.000014
4588.800000,-0.465293,0.105588,0.298651,-1.861611,-1.880176,0.610054,-0.000381,-0.000003,-0.000672,-0.000003,-0.000623,-0.000012
4588.808000,-0.465301,0.105567,0.298651,-1.861573,-1.880175,0.610095,-0.000269,-0.000001,-0.000366,-0.000008,-0.000039,-0.000011
4588.816000,-0.465297,0.105573,0.298665,-1.861580,-1.880139,0.610115,-0.000208,-0.000001,-0.000212,-0.000011,0.000225,-0.000010
4588.824000,-0.465296,0.105571,0.298658,-1.861591,-1.880187,0.610106,-0.000181,-0.000001,-0.000145,-0.000011,0.000326,-0.000010
4588.832000,-0.465302,0.105592,0.298655,-1.861624,-1.880094,0.610046,-0.000180,-0.000001,-0.000151,-0.000010,0.000278,-0.000009
4588.840000,-0.465292,0.105603,0.298684,-1.861566,-1.880077,0.610167,-0.000180,-0.000001,-0.000154,-0.000010,0.000254,-0.000009
4588.848000,-0.465307,0.105582,0.298645,-1.861626,-1.880176,0.610079,-0.000179,-0.000001,-0.000159,-0.000009,0.000206,-0.000008
4588.856000,-0.465304,0.105584,0.298674,-1.861593,-1.880106,0.610117,-0.000256,0.000000,0.000301,-0.000035,0.001596,-0.000015
4588.864000,-0.465307,0.105599,0.298697,-1.861596,-1.880003,0.610196,-0.000600,0.000003,0.002370,-0.000150,0.007894,-0.000044
4588.872000,-0.465318,0.105572,0.298713,-1.861468,-1.880031,0.610279,-0.000400,0.000001,0.001183,-0.000084,0.004251,-0.000027
4588.880000,-0.465317,0.105579,0.298694,-1.861553,-1.880012,0.610212,-0.000400,0.000001,0.001180,-0.000083,0.004227,-0.000027
4588.888000,-0.465316,0.105577,0.298706,-1.861526,-1.880023,0.610252,-0.000348,0.000001,0.000871,-0.000066,0.003269,-0.000022
4588.896000,-0.465320,0.105584,0.298692,-1.861531,-1.880019,0.610222,-0.000281,0.000000,0.000471,-0.000043,0.002046,-0.000016
4588.904000,-0.465324,0.105578,0.298673,-1.861528,-1.880107,0.610155,-0.000236,-0.000000,0.000283,-0.000032,0.001433,-0.000013
4588.912000,-0.465323,0.105586,0.298694,-1.861503,-1.879998,0.610214,-0.000215,-0.000000,0.000158,-0.000025,0.001050,-0.000011
4588.920000,-0.465322,0.105583,0.298700,-1.861453,-1.880060,0.610235,-0.000202,-0.000000,0.000076,-0.000020,0.000786,-0.000010
4588.928000,-0.465325,0.105582,0.298671,-1.861565,-1.880090,0.610183,-0.000281,-0.000002,-0.000274,-0.000010,-0.000043,-0.000008
4588.936000,-0.465335,0.105589,0.298660,-1.861566,-1.880054,0.610165,-0.000692,-0.000007,-0.001647,0.000023,-0.003044,-0.000006
4588.944000,-0.465338,0.105576,0.298647,-1.861565,-1.880135,0.610154,-0.000686,-0.000007,-0.001679,0.000025,-0.003140,-0.000006
4588.952000,-0.465328,0.105588,0.298664,-1.861567,-1.880062,0.610177,-0.000371,-0.000003,-0.000734,0.000005,-0.001151,-0.000006
4588.960000,-0.465344,0.105578,0.298652,-1.861525,-1.880124,0.610141,-0.000275,-0.000002,-0.000464,-0.000001,-0.000590,-0.000006
4588.968000,-0.465345,0.105571,0.298646,-1.861520,-1.880126,0.610171,-0.000270,-0.000002,-0.000490,0.000001,-0.000686,-0.000005
4588.976000,-0.465344,0.105589,0.298634,-1.861577,-1.880086,0.610131,-0.000563,-0.000006,-0.001440,0.000023,-0.002747,-0.000004
4588.984000,-0.465341,0.105571,0.298657,-1.861542,-1.880082,0.610203,-0.000369,-0.000003,-0.000851,0.000010,-0.001491,-0.000004
4588.992000,-0.465346,0.105572,0.298653,-1.861542,-1.880074,0.610191,-0.000254,-0.000002,-0.000486,0.000002,-0.000705,-0.000005
4589.000000,-0.465357,0.105573,0.298625,-1.861548,-1.880116,0.610131,-0.000198,-0.000001,-0.000308,-0.000002,-0.000321,-0.000005
4589.008000,-0.465351,0.105586,0.298654,-1.861519,-1.880012,0.610194,-0.000164,-0.000001,-0.000201,-0.000004,-0.000091,-0.000005
4589.016000,-0.465361,0.105578,0.298672,-1.861478,-1.879984,0.610288,-0.000824,0.000007,0.003954,-0.000247,0.013458,-0.000079
4589.024000,-0.465369,0.105573,0.298728,-1.861341,-1.879867,0.610462,-0.000593,0.000009,0.002654,-0.000205,0.011848,-0.000098
4589.032000,-0.465364,0.105576,0.298724,-1.861339,-1.879880,0.610478,-0.000510,0.000008,0.002160,-0.000177,0.010338,-0.000091
4589.040000,-0.465367,0.105574,0.298715,-1.861331,-1.879894,0.610421,-0.000438,0.000006,0.001712,-0.000141,0.008109,-0.000071
4589.048000,-0.465365,0.105591,0.298714,-1.861366,-1.879832,0.610410,-0.000315,0.000003,0.000966,-0.000087,0.004970,-0.000046
4589.056000,-0.465368,0.105587,0.298697,-1.861392,-1.879910,0.610407,-0.000259,0.000002,0.000621,-0.000063,0.003484,-0.000034
4589.064000,-0.465374,0.105572,0.298695,-1.861374,-1.879923,0.610397,-0.000258,0.000001,0.000326,-0.000046,0.002411,-0.000027
4589.072000,-0.465373,0.105579,0.298699,-1.861387,-1.879860,0.610418,-0.000441,-0.000002,-0.000457,-0.000022,0.000436,-0.000022
4589.080000,-0.465385,0.105570,0.298664,-1.861418,-1.879958,0.610386,-0.000426,-0.000002,-0.000550,-0.000015,0.000028,-0.000018
4589.088000,-0.465375,0.105599,0.298672,-1.861447,-1.879890,0.610361,-0.000412,-0.000002,-0.000613,-0.000010,-0.000264,-0.000016
4589.096000,-0.465389,0.105560,0.298691,-1.861320,-1.879941,0.610444,-0.000403,-0.000003,-0.000666,-0.000006,-0.000504,-0.000014
4589.104000,-0.465382,0.105578,0.298686,-1.861369,-1.879894,0.610414,-0.000373,-0.000002,-0.000637,-0.000004,-0.000542,-0.000012
4589.112000,-0.465383,0.105589,0.298672,-1.861422,-1.879925,0.610342,-0.000264,-0.000001,-0.000340,-0.000009,0.000024,-0.000011
4589.120000,-0.465386,0.105580,0.298680,-1.861384,-1.879894,0.610369,-0.000258,-0.000001,-0.000328,-0.000009,0.000014,-0.000011
4589.128000,-0.465396,0.105575,0.298675,-1.861393,-1.879940,0.610422,-0.000257,-0.000001,-0.000336,-0.000008,-0.000058,-0.000010
4589.136000,-0.465403,0.105560,0.298662,-1.861410,-1.879965,0.610387,-0.000371,-0.000003,-0.000704,0.000001,-0.000868,-0.000009
4589.144000,-0.465396,0.105588,0.298673,-1.861423,-1.879864,0.610417,-0.000476,-0.000002,-0.000082,-0.000034,0.001001,-0.000018
4589.152000,-0.465405,0.105568,0.298681,-1.861325,-1.879931,0.610402,-0.000528,0.000001,0.001153,-0.000092,0.004472,-0.000031
4589.160000,-0.465409,0.105591,0.298683,-1.861387,-1.879829,0.610406,-0.000508,0.000001,0.001210,-0.000093,0.004558,-0.000031
4589.168000,-0.465413,0.105575,0.298677,-1.861359,-1.879926,0.610448,-0.000411,0.000000,0.000635,-0.000060,0.002784,-0.000022
4589.176000,-0.465404,0.105588,0.298707,-1.861318,-1.879825,0.610495,-0.000484,-0.000001,0.000400,-0.000055,0.002262,-0.000022
4589.184000,-0.465407,0.105597,0.298686,-1.861384,-1.879861,0.610453,-0.000482,-0.000001,0.000390,-0.000054,0.002214,-0.000021
4589.192000,-0.465418,0.105570,0.298668,-1.861352,-1.879956,0.610416,-0.000419,-0.000001,0.000013,-0.000033,0.001064,-0.000016
4589.200000,-0.465415,0.105609,0.298657,-1.861414,-1.879861,0.610398,-0.000306,-0.000001,0.000055,-0.000027,0.000954,-0.000013
4589.208000,-0.465420,0.105572,0.298661,-1.861364,-1.879931,0.610395,-0.000271,-0.000001,-0.000020,-0.000021,0.000666,-0.000011
4589.216000,-0.465416,0.105598,0.298679,-1.861376,-1.879845,0.610451,-0.000257,-0.000001,-0.000107,-0.000016,0.000402,-0.000010
4589.224000,-0.465429,0.105581,0.298656,-1.861382,-1.879896,0.610436,-0.000416,-0.000003,-0.000699,-0.000000,-0.000940,-0.000008
4589.232000,-0.465434,0.105572,0.298633,-1.861437,-1.879914,0.610381,-0.000405,-0.000003,-0.000740,0.000002,-0.001088,-0.000007
4589.240000,-0.465428,0.105571,0.298666,-1.861329,-1.879925,0.610434,-0.000277,-0.000002,-0.000396,-0.000004,-0.000384,-0.000007
4589.248000,-0.465429,0.105589,0.298663,-1.861332,-1.879874,0.610425,-0.000216,-0.000001,-0.000225,-0.000007,-0.000029,-0.000007
4589.256000,-0.465438,0.105583,0.298659,-1.861342,-1.879885,0.610424,-0.000187,-0.000001,-0.000139,-0.000009,0.000139,-0.000007
4589.264000,-0.465431,0.105592,0.298657,-1.861390,-1.879845,0.610370,-0.000187,-0.000001,-0.000139,-0.000009,0.000139,-0.000007
4589.272000,-0.465445,0.105561,0.298685,-1.861287,-1.879852,0.610521,-0.000890,0.000006,0.004048,-0.000244,0.012912,-0.000067
4589.280000,-0.465452,0.105565,0.298705,-1.861258,-1.879790,0.610618,-0.000845,0.000005,0.003781,-0.000229,0.012097,-0.000063
4589.288000,-0.465451,0.105575,0.298693,-1.861266,-1.879851,0.610556,-0.000475,0.000001,0.001241,-0.000090,0.004443,-0.000028
4589.296000,-0.465451,0.105584,0.298673,-1.861310,-1.879821,0.610476,-0.000356,-0.000000,0.000535,-0.000050,0.002286,-0.000018
4589.304000,-0.465455,0.105583,0.298693,-1.861273,-1.879790,0.610539,-0.000179,-0.000002,-0.000524,0.000009,-0.000949,-0.000002
4589.312000,-0.465451,0.105578,0.298711,-1.861232,-1.879772,0.610583,-0.000179,-0.000002,-0.000524,0.000009,-0.000949,-0.000002
4589.320000,-0.465455,0.105584,0.298712,-1.861210,-1.879764,0.610568,-0.000148,-0.000001,-0.000426,0.000007,-0.000738,-0.000002
4589.328000,-0.465455,0.105570,0.298731,-1.861181,-1.879711,0.610709,-0.000122,-0.000001,-0.000346,0.000005,-0.000566,-0.000002
4589.336000,-0.465458,0.105587,0.298703,-1.861246,-1.879755,0.610610,-0.000114,-0.000001,-0.000319,0.000004,-0.000508,-0.000003
4589.344000,-0.465464,0.105572,0.298703,-1.861218,-1.879734,0.610634,-0.000213,0.000001,0.000285,-0.000038,0.001984,-0.000022
4589.352000,-0.465464,0.105584,0.298704,-1.861190,-1.879698,0.610636,-0.000277,0.000005,0.000721,-0.000093,0.005699,-0.000066
4589.360000,-0.465465,0.105573,0.298709,-1.861160,-1.879690,0.610678,-0.000393,0.000004,0.000356,-0.000085,0.004912,-0.000066
4589.368000,-0.465462,0.105611,0.298697,-1.861271,-1.879606,0.610651,-0.000376,0.000003,0.000247,-0.000071,0.003978,-0.000055
4589.376000,-0.465462,0.105606,0.298709,-1.861206,-1.879607,0.610687,-0.000353,0.000001,0.000089,-0.000051,0.002636,-0.000039
4589.384000,-0.465471,0.105582,0.298711,-1.861159,-1.879657,0.610725,-0.000285,0.000001,0.000188,-0.000045,0.002348,-0.000031
4589.392000,-0.465460,0.105606,0.298725,-1.861203,-1.879582,0.610711,-0.000235,0.000001,0.000193,-0.000038,0.002003,-0.000025
4589.400000,-0.465479,0.105569,0.298683,-1.861212,-1.879748,0.610682,-0.000212,0.000001,0.000126,-0.000032,0.001605,-0.000021
4589.408000,-0.465476,0.105607,0.298678,-1.861284,-1.879633,0.610613,-0.000639,-0.000005,-0.001333,0.000005,-0.001721,-0.000017
4589.416000,-0.465484,0.105577,0.298668,-1.861227,-1.879771,0.610606,-0.000465,-0.000003,-0.000856,-0.000003,-0.000830,-0.000015
4589.424000,-0.465486,0.105565,0.298683,-1.861187,-1.879738,0.610694,-0.000358,-0.000002,-0.000548,-0.000008,-0.000264,-0.000014
4589.432000,-0.465501,0.105564,0.298680,-1.861154,-1.879732,0.610733,-0.001005,-0.000002,0.000640,-0.000105,0.004141,-0.000042
4589.440000,-0.465502,0.105586,0.298711,-1.861171,-1.879591,0.610809,-0.000981,-0.000000,0.001342,-0.000133,0.005971,-0.000048
4589.448000,-0.465495,0.105588,0.298689,-1.861178,-1.879652,0.610712,-0.000522,-0.000000,0.000553,-0.000066,0.002923,-0.000027
4589.456000,-0.465503,0.105583,0.298695,-1.861160,-1.879649,0.610714,-0.000356,-0.000000,0.000358,-0.000046,0.002032,-0.000020
4589.464000,-0.465503,0.105577,0.298707,-1.861158,-1.879609,0.610782,-0.000271,-0.000000,0.000262,-0.000035,0.001596,-0.000016
4589.472000,-0.465510,0.105583,0.298688,-1.861193,-1.879637,0.610712,-0.000220,0.000000,0.000212,-0.000029,0.001332,-0.000014
4589.480000,-0.465502,0.105599,0.298709,-1.861168,-1.879596,0.610745,-0.000198,-0.000000,0.000133,-0.000024,0.001059,-0.000012
4589.488000,-0.465513,0.105572,0.298676,-1.861178,-1.879712,0.610672,-0.000186,-0.000000,0.000065,-0.000020,0.000819,-0.000011
4589.496000,-0.465501,0.105600,0.298723,-1.861132,-1.879575,0.610759,-0.000186,-0.000000,0.000062,-0.000019,0.000796,-0.000010
4589.504000,-0.465516,0.105571,0.298692,-1.861156,-1.879629,0.610776,-0.000185,-0.000000,0.000059,-0.000019,0.000772,-0.000010
4589.512000,-0.465508,0.105601,0.298698,-1.861163,-1.879599,0.610706,-0.000185,-0.000000,0.000056,-0.000019,0.000748,-0.000010
4589.520000,-0.465506,0.105577,0.298707,-1.861165,-1.879617,0.610772,-0.000182,-0.000000,0.000065,-0.000019,0.000767,-0.000010
4589.528000,-0.465519,0.105577,0.298671,-1.861176,-1.879709,0.610665,-0.000165,-0.000000,0.000116,-0.000020,0.000858,-0.000009
4589.536000,-0.465518,0.105568,0.298684,-1.861157,-1.879677,0.610685,-0.000151,0.000000,0.000158,-0.000020,0.000930,-0.000009
4589.544000,-0.465503,0.105602,0.298733,-1.861114,-1.879520,0.610777,-0.000154,0.000000,0.000181,-0.000022,0.001002,-0.000010
4589.552000,-0.465525,0.105587,0.298705,-1.861127,-1.879605,0.610796,-0.000154,0.000000,0.000178,-0.000021,0.000978,-0.000009
4589.560000,-0.465527,0.105579,0.298722,-1.861081,-1.879560,0.610820,-0.000598,0.000004,0.002827,-0.000169,0.009054,-0.000047
4589.568000,-0.465528,0.105566,0.298739,-1.861039,-1.879577,0.610883,-0.000529,0.000004,0.002419,-0.000147,0.007807,-0.000041
4589.576000,-0.465519,0.105600,0.298748,-1.861071,-1.879489,0.610863,-0.000366,0.000001,0.000907,-0.000068,0.003355,-0.000022
4589.584000,-0.465531,0.105581,0.298731,-1.861072,-1.879572,0.610860,-0.000292,0.000000,0.000464,-0.000043,0.001989,-0.000015
4589.592000,-0.465532,0.105560,0.298746,-1.860986,-1.879568,0.610924,-0.000256,-0.000000,0.000245,-0.000031,0.001318,-0.000012
4589.600000,-0.465536,0.105589,0.298705,-1.861129,-1.879548,0.610809,-0.000233,-0.000001,0.000109,-0.000023,0.000887,-0.000010
4589.608000,-0.465542,0.105566,0.298713,-1.861049,-1.879602,0.610837,-0.000235,-0.000001,-0.000031,-0.000017,0.000508,-0.000009
4589.616000,-0.465540,0.105606,0.298722,-1.861119,-1.879446,0.610871,-0.001108,-0.000012,-0.002890,0.000049,-0.005704,-0.000005
4589.624000,-0.465556,0.105561,0.298691,-1.861067,-1.879619,0.610825,-0.000709,-0.000007,-0.001699,0.000025,-0.003183,-0.000006
4589.632000,-0.465548,0.105583,0.298707,-1.861064,-1.879548,0.610846,-0.000376,-0.000003,-0.000706,0.000003,-0.001079,-0.000006
4589.640000,-0.465549,0.105576,0.298707,-1.861055,-1.879576,0.610875,-0.000274,-0.000002,-0.000418,-0.000002,-0.000479,-0.000006
4589.648000,-0.465563,0.105566,0.298695,-1.861055,-1.879583,0.610851,-0.000274,-0.000002,-0.000418,-0.000002,-0.000479,-0.000006
4589.656000,-0.465557,0.105574,0.298698,-1.861027,-1.879585,0.610811,-0.000530,-0.000005,-0.001228,0.000016,-0.002224,-0.000005
4589.664000,-0.465555,0.105603,0.298707,-1.861069,-1.879440,0.610850,-0.000420,-0.000004,-0.000881,0.000008,-0.001477,-0.000006
4589.672000,-0.465565,0.105584,0.298680,-1.861073,-1.879548,0.610823,-0.000302,-0.000001,-0.000338,-0.000016,0.000426,-0.000018
4589.680000,-0.465568,0.105579,0.298695,-1.861033,-1.879462,0.610929,-0.000308,0.000004,0.000345,-0.000082,0.004941,-0.000067
4589.688000,-0.465563,0.105583,0.298706,-1.861004,-1.879461,0.610949,-0.000300,0.000005,0.000633,-0.000094,0.005718,-0.000070
4589.696000,-0.465562,0.105590,0.298718,-1.861010,-1.879416,0.610957,-0.000247,0.000003,0.000494,-0.000069,0.004074,-0.000048
4589.704000,-0.465572,0.105567,0.298749,-1.860900,-1.879440,0.611026,-0.000393,0.000004,0.001506,-0.000115,0.006441,-0.000051
4589.712000,-0.465571,0.105577,0.298758,-1.860889,-1.879374,0.611106,-0.000369,0.000004,0.001483,-0.000107,0.005962,-0.000044
4589.720000,-0.465576,0.105583,0.298735,-1.860944,-1.879400,0.611030,-0.000329,0.000003,0.001319,-0.000094,0.005205,-0.000038
4589.728000,-0.465573,0.105580,0.298740,-1.860923,-1.879364,0.611043,-0.000319,0.000003,0.001308,-0.000091,0.005004,-0.000035
4589.736000,-0.465579,0.105562,0.298740,-1.860876,-1.879436,0.611049,-0.000268,0.000002,0.000998,-0.000072,0.003949,-0.000029
4589.744000,-0.465584,0.105566,0.298741,-1.860886,-1.879432,0.611058,-0.000213,0.000002,0.000668,-0.000053,0.002847,-0.000022
4589.752000,-0.465582,0.105579,0.298744,-1.860941,-1.879345,0.611073,-0.000182,0.000001,0.000484,-0.000041,0.002224,-0.000019
4589.760000,-0.465585,0.105577,0.298733,-1.860922,-1.879430,0.611043,-0.000298,-0.000001,-0.000008,-0.000027,0.001030,-0.000016
4589.768000,-0.465590,0.105572,0.298723,-1.860882,-1.879471,0.611012,-0.000297,-0.000001,-0.000016,-0.000026,0.000958,-0.000015
4589.776000,-0.465594,0.105587,0.298736,-1.860918,-1.879364,0.611101,-0.000364,-0.000002,-0.000236,-0.000020,0.000450,-0.000015
4589.784000,-0.465593,0.105578,0.298729,-1.860914,-1.879407,0.611028,-0.000363,-0.000002,-0.000241,-0.000019,0.000402,-0.000014
4589.792000,-0.465594,0.105589,0.298734,-1.860937,-1.879346,0.611071,-0.000460,-0.000003,-0.000559,-0.000012,-0.000317,-0.000013
4589.800000,-0.465601,0.105560,0.298721,-1.860885,-1.879459,0.611065,-0.000453,-0.000003,-0.000601,-0.000009,-0.000460,-0.000012
4589.808000,-0.465604,0.105566,0.298714,-1.860878,-1.879466,0.611030,-0.000335,-0.000002,-0.000355,-0.000011,-0.000039,-0.000011
4589.816000,-0.465597,0.105587,0.298723,-1.860928,-1.879397,0.611067,-0.000326,-0.000002,-0.000413,-0.000008,-0.000230,-0.000010
4589.824000,-0.465604,0.105577,0.298715,-1.860935,-1.879412,0.611035,-0.000355,-0.000003,-0.000571,-0.000003,-0.000623,-0.000009
4589.832000,-0.465614,0.105583,0.298705,-1.860966,-1.879397,0.611025,-0.000355,-0.000003,-0.000574,-0.000003,-0.000647,-0.000008
4589.840000,-0.465616,0.105588,0.298657,-1.861036,-1.879445,0.610941,-0.000354,-0.000003,-0.000576,-0.000002,-0.000671,-0.000008
4589.848000,-0.465622,0.105565,0.298696,-1.860929,-1.879434,0.611060,-0.000275,-0.000002,-0.000330,-0.000007,-0.000158,-0.000008
4589.856000,-0.465623,0.105575,0.298718,-1.860886,-1.879398,0.611106,-0.000306,-0.000000,0.000268,-0.000036,0.001538,-0.000015
4589.864000,-0.465628,0.105579,0.298744,-1.860863,-1.879277,0.611149,-0.000684,0.000003,0.002525,-0.000162,0.008416,-0.000047
4589.872000,-0.465629,0.105577,0.298690,-1.860931,-1.879428,0.611022,-0.000720,-0.000003,-0.000065,-0.000050,0.001366,-0.000023
4589.880000,-0.465621,0.105583,0.298731,-1.860873,-1.879348,0.611107,-0.000505,-0.000002,-0.000141,-0.000031,0.000757,-0.000016
4589.888000,-0.465628,0.105575,0.298729,-1.860871,-1.879383,0.611126,-0.000344,-0.000001,0.000004,-0.000026,0.000839,-0.000013
4589.896000,-0.465622,0.105600,0.298728,-1.860878,-1.879330,0.611088,-0.000262,-0.000001,0.000050,-0.000023,0.000810,-0.000011
4589.904000,-0.465629,0.105577,0.298718,-1.860893,-1.879391,0.611072,-0.000212,-0.000001,0.000060,-0.000020,0.000728,-0.000009
4589.912000,-0.465633,0.105589,0.298730,-1.860873,-1.879302,0.611138,-0.000181,-0.000000,0.000059,-0.000017,0.000671,-0.000008
4589.920000,-0.465640,0.105577,0.298690,-1.860912,-1.879431,0.611028,-0.000172,-0.000001,0.000004,-0.000014,0.000503,-0.000008
4589.928000,-0.465631,0.105571,0.298710,-1.860876,-1.879402,0.611098,-0.000167,-0.000001,-0.000030,-0.000012,0.000383,-0.000007
4589.936000,-0.465635,0.105600,0.298722,-1.860889,-1.879294,0.611116,-0.000281,-0.000002,-0.000403,-0.000004,-0.000427,-0.000006
4589.944000,-0.465639,0.105573,0.298724,-1.860864,-1.879329,0.611131,-0.000281,-0.000002,-0.000403,-0.000004,-0.000427,-0.000006
4589.952000,-0.465652,0.105560,0.298707,-1.860853,-1.879377,0.611154,-0.000281,-0.000002,-0.000403,-0.000004,-0.000427,-0.000006
4589.960000,-0.465644,0.105601,0.298682,-1.860966,-1.879313,0.611029,-0.000252,-0.000002,-0.000314,-0.000006,-0.000235,-0.000006
4589.968000,-0.465645,0.105577,0.298722,-1.860872,-1.879299,0.611164,-0.000205,-0.000001,-0.000163,-0.000009,0.000091,-0.000007
4589.976000,-0.465653,0.105577,0.298687,-1.860895,-1.879390,0.611072,-0.000176,-0.000001,-0.000074,-0.000011,0.000283,-0.000007
4589.984000,-0.465647,0.105577,0.298699,-1.860847,-1.879386,0.611094,-0.000157,-0.000000,-0.000011,-0.000012,0.000417,-0.000007
4589.992000,-0.465643,0.105584,0.298715,-1.860839,-1.879326,0.611122,-0.000157,-0.000000,-0.000011,-0.000012,0.000417,-0.000007
4590.000000,-0.465656,0.105572,0.298717,-1.860815,-1.879308,0.611190,-0.000173,0.000000,0.000097,-0.000024,0.001208,-0.000016
4590.008000,-0.465652,0.105605,0.298718,-1.860823,-1.879247,0.611175,-0.000283,-0.000001,-0.000251,-0.000017,0.000460,-0.000015
4590.016000,-0.465657,0.105577,0.298748,-1.860725,-1.879238,0.611278,-0.000472,0.000004,0.000923,-0.000108,0.006044,-0.000065
4590.024000,-0.465671,0.105570,0.298740,-1.860739,-1.879220,0.611340,-0.001019,0.000009,0.004195,-0.000292,0.016037,-0.000112
4590.032000,-0.465675,0.105589,0.298740,-1.860766,-1.879143,0.611327,-0.000580,0.000004,0.001297,-0.000124,0.006667,-0.000062
4590.040000,-0.465668,0.105583,0.298737,-1.860773,-1.879196,0.611287,-0.000675,-0.000001,-0.000178,-0.000058,0.002228,-0.000040
4590.048000,-0.465682,0.105577,0.298718,-1.860784,-1.879206,0.611285,-0.000618,-0.000002,-0.000524,-0.000035,0.000862,-0.000031
4590.056000,-0.465678,0.105576,0.298744,-1.860704,-1.879222,0.611322,-0.000445,-0.000001,-0.000275,-0.000031,0.001006,-0.000025
4590.064000,-0.465683,0.105577,0.298726,-1.860756,-1.879200,0.611301,-0.000390,-0.000001,-0.000303,-0.000024,0.000685,-0.000021
4590.072000,-0.465687,0.105579,0.298699,-1.860781,-1.879233,0.611222,-0.000385,-0.000001,-0.000331,-0.000021,0.000493,-0.000018
4590.080000,-0.465681,0.105575,0.298728,-1.860744,-1.879226,0.611322,-0.000330,-0.000001,-0.000176,-0.000023,0.000738,-0.000017
4590.088000,-0.465690,0.105583,0.298694,-1.860789,-1.879278,0.611205,-0.000286,-0.000001,-0.000053,-0.000025,0.000930,-0.000016
4590.096000,-0.465684,0.105587,0.298715,-1.860767,-1.879218,0.611278,-0.000284,-0.000001,-0.000065,-0.000023,0.000834,-0.000015
4590.104000,-0.465685,0.105599,0.298705,-1.860807,-1.879191,0.611264,-0.000283,-0.000001,-0.000070,-0.000022,0.000786,-0.000014
4590.112000,-0.465695,0.105573,0.298709,-1.860729,-1.879232,0.611275,-0.000275,-0.000001,-0.000093,-0.000020,0.000661,-0.000013
4590.120000,-0.465693,0.105580,0.298710,-1.860758,-1.879245,0.611307,-0.000236,-0.000001,-0.000073,-0.000018,0.000613,-0.000012
4590.128000,-0.465703,0.105581,0.298691,-1.860753,-1.879254,0.611281,-0.000228,-0.000001,-0.000122,-0.000015,0.000446,-0.000011
4590.136000,-0.465698,0.105576,0.298715,-1.860702,-1.879264,0.611284,-0.000223,-0.000001,-0.000152,-0.000013,0.000326,-0.000010
4590.144000,-0.465698,0.105588,0.298719,-1.860769,-1.879167,0.611304,-0.000223,-0.000001,-0.000154,-0.000013,0.000302,-0.000010
4590.152000,-0.465697,0.105589,0.298727,-1.860684,-1.879185,0.611302,-0.000205,-0.000001,-0.000104,-0.000013,0.000393,-0.000009
4590.160000,-0.465711,0.105573,0.298708,-1.860710,-1.879234,0.611282,-0.000308,0.000000,0.000587,-0.000051,0.002463,-0.000019
4590.168000,-0.465719,0.105567,0.298734,-1.860683,-1.879138,0.611392,-0.000487,0.000002,0.001659,-0.000111,0.005723,-0.000034
4590.176000,-0.465715,0.105581,0.298745,-1.860718,-1.879106,0.611431,-0.000481,0.000002,0.001625,-0.000109,0.005603,-0.000033
4590.184000,-0.465706,0.105605,0.298741,-1.860737,-1.879111,0.611335,-0.000414,0.000001,0.001222,-0.000086,0.004357,-0.000027
4590.192000,-0.465719,0.105570,0.298739,-1.860656,-1.879178,0.611413,-0.000434,0.000001,0.001083,-0.000081,0.003997,-0.000026
4590.200000,-0.465718,0.105575,0.298735,-1.860649,-1.879157,0.611337,-0.000336,0.000000,0.000495,-0.000048,0.002200,-0.000018
4590.208000,-0.465722,0.105588,0.298716,-1.860735,-1.879153,0.611331,-0.000420,-0.000002,-0.000185,-0.000023,0.000479,-0.000013
4590.216000,-0.465728,0.105576,0.298706,-1.860673,-1.879233,0.611326,-0.000488,-0.000003,-0.000628,-0.000009,-0.000609,-0.000011
4590.224000,-0.465734,0.105577,0.298706,-1.860691,-1.879198,0.611331,-0.000470,-0.000004,-0.000733,-0.000002,-0.000945,-0.000009
4590.232000,-0.465731,0.105589,0.298706,-1.860748,-1.879136,0.611322,-0.000681,-0.000006,-0.001507,0.000017,-0.002675,-0.000007
4590.240000,-0.465729,0.105584,0.298711,-1.860724,-1.879194,0.611377,-0.000396,-0.000003,-0.000692,0.000001,-0.000988,-0.000007
4590.248000,-0.465734,0.105575,0.298711,-1.860721,-1.879176,0.611378,-0.000274,-0.000002,-0.000366,-0.000005,-0.000321,-0.000007
4590.256000,-0.465742,0.105573,0.298695,-1.860730,-1.879198,0.611393,-0.000212,-0.000001,-0.000219,-0.000007,-0.000034,-0.000006
4590.264000,-0.465741,0.105581,0.298708,-1.860717,-1.879148,0.611394,-0.000175,-0.000001,-0.000136,-0.000008,0.000125,-0.000006
4590.272000,-0.465746,0.105560,0.298710,-1.860644,-1.879194,0.611387,-0.000155,-0.000001,-0.000098,-0.000009,0.000192,-0.000006
4590.280000,-0.465744,0.105570,0.298712,-1.860639,-1.879196,0.611384,-0.000155,-0.000001,-0.000098,-0.000009,0.000192,-0.000006
4590.288000,-0.465744,0.105578,0.298707,-1.860641,-1.879161,0.611365,-0.000155,-0.000001,-0.000098,-0.000009,0.000192,-0.000006
4590.296000,-0.465750,0.105571,0.298715,-1.860646,-1.879128,0.611424,-0.000278,0.000001,0.000640,-0.000050,0.002444,-0.000017
4590.304000,-0.465753,0.105581,0.298781,-1.860512,-1.879051,0.611565,-0.000632,0.000004,0.002758,-0.000168,0.008915,-0.000047
4590.312000,-0.465763,0.105566,0.298754,-1.860544,-1.879092,0.611510,-0.000388,0.000002,0.001299,-0.000087,0.004457,-0.000026
4590.320000,-0.465758,0.105559,0.298766,-1.860550,-1.879067,0.611581,-0.000292,0.000001,0.000810,-0.000064,0.003341,-0.000025
4590.328000,-0.465760,0.105572,0.298762,-1.860497,-1.879043,0.611562,-0.000278,0.000002,0.000855,-0.000065,0.003436,-0.000025
4590.336000,-0.465761,0.105579,0.298778,-1.860474,-1.878960,0.611597,-0.000329,0.000006,0.001315,-0.000120,0.007132,-0.000069
4590.344000,-0.465761,0.105577,0.298791,-1.860442,-1.878919,0.611686,-0.000292,0.000006,0.001169,-0.000111,0.006662,-0.000067
4590.352000,-0.465765,0.105572,0.298779,-1.860448,-1.878947,0.611670,-0.000236,0.000004,0.000817,-0.000081,0.004817,-0.000049
4590.360000,-0.465764,0.105584,0.298783,-1.860460,-1.878906,0.611659,-0.000197,0.000003,0.000571,-0.000059,0.003451,-0.000036
4590.368000,-0.465772,0.105572,0.298768,-1.860480,-1.878934,0.611668,-0.000174,0.000002,0.000423,-0.000046,0.002660,-0.000028
4590.376000,-0.465766,0.105588,0.298771,-1.860505,-1.878915,0.611642,-0.000267,0.000000,-0.000027,-0.000030,0.001385,-0.000023
4590.384000,-0.465771,0.105560,0.298783,-1.860451,-1.878934,0.611722,-0.000255,-0.000000,-0.000102,-0.000024,0.001002,-0.000019
4590.392000,-0.465781,0.105571,0.298758,-1.860471,-1.878977,0.611653,-0.000464,-0.000003,-0.000839,-0.000004,-0.000738,-0.000016
4590.400000,-0.465782,0.105560,0.298752,-1.860496,-1.878972,0.611650,-0.000631,-0.000005,-0.001437,0.000012,-0.002143,-0.000013
4590.408000,-0.465782,0.105587,0.298742,-1.860499,-1.878981,0.611603,-0.000474,-0.000004,-0.000961,0.000003,-0.001208,-0.000012
4590.416000,-0.465789,0.105577,0.298751,-1.860461,-1.878958,0.611643,-0.000425,-0.000003,-0.000818,0.000000,-0.000954,-0.000012
4590.424000,-0.465799,0.105568,0.298720,-1.860528,-1.879002,0.611646,-0.000412,-0.000003,-0.000791,0.000001,-0.000949,-0.000011
4590.432000,-0.465795,0.105577,0.298705,-1.860569,-1.879023,0.611541,-0.000291,-0.000002,-0.000414,-0.000007,-0.000173,-0.000011
4590.440000,-0.465792,0.105584,0.298745,-1.860473,-1.878963,0.611603,-0.000337,-0.000001,-0.000137,-0.000022,0.000642,-0.000014
4590.448000,-0.465795,0.105587,0.298740,-1.860464,-1.878968,0.611630,-0.000639,0.000002,0.001670,-0.000123,0.006130,-0.000040
4590.456000,-0.465807,0.105576,0.298748,-1.860492,-1.878929,0.611678,-0.000812,0.000004,0.002937,-0.000191,0.009897,-0.000057
4590.464000,-0.465810,0.105579,0.298763,-1.860413,-1.878872,0.611703,-0.000550,0.000002,0.001578,-0.000112,0.005665,-0.000036
4590.472000,-0.465800,0.105610,0.298747,-1.860507,-1.878875,0.611652,-0.000196,-0.000002,-0.000544,0.000007,-0.000829,-0.000005
4590.480000,-0.465813,0.105572,0.298788,-1.860347,-1.878863,0.611787,-0.000196,-0.000002,-0.000546,0.000007,-0.000853,-0.000005
4590.488000,-0.465817,0.105577,0.298773,-1.860412,-1.878862,0.611752,-0.000370,0.000000,0.000601,-0.000056,0.002602,-0.000020
4590.496000,-0.465812,0.105572,0.298787,-1.860344,-1.878906,0.611750,-0.000333,0.000001,0.000714,-0.000058,0.002828,-0.000020
4590.504000,-0.465813,0.105590,0.298763,-1.860441,-1.878855,0.611685,-0.000307,0.000001,0.000791,-0.000059,0.002976,-0.000020
4590.512000,-0.465816,0.105584,0.298775,-1.860409,-1.878852,0.611732,-0.000241,0.000001,0.000571,-0.000045,0.002248,-0.000016
4590.520000,-0.465814,0.105583,0.298766,-1.860457,-1.878863,0.611722,-0.000195,0.000000,0.000400,-0.000034,0.001677,-0.000013
4590.528000,-0.465831,0.105570,0.298739,-1.860468,-1.878925,0.611703,-0.000175,0.000000,0.000279,-0.000027,0.001294,-0.000011
4590.536000,-0.465819,0.105577,0.298767,-1.860447,-1.878875,0.611726,-0.000160,0.000000,0.000193,-0.000022,0.001030,-0.000010
4590.544000,-0.465821,0.105585,0.298770,-1.860417,-1.878852,0.611709,-0.000151,-0.000000,0.000135,-0.000019,0.000839,-0.000009
4590.552000,-0.465814,0.105588,0.298771,-1.860427,-1.878854,0.611730,-0.000143,-0.000000,0.000088,-0.000016,0.000695,-0.000008
4590.560000,-0.465829,0.105578,0.298753,-1.860415,-1.878879,0.611716,-0.000184,-0.000001,-0.000105,-0.000010,0.000225,-0.000007
4590.568000,-0.465834,0.105567,0.298735,-1.860483,-1.878903,0.611690,-0.000596,-0.000006,-0.001448,0.000021,-0.002684,-0.000005
4590.576000,-0.465830,0.105578,0.298723,-1.860489,-1.878956,0.611616,-0.000592,-0.000006,-0.001471,0.000022,-0.002756,-0.000005
4590.584000,-0.465836,0.105570,0.298733,-1.860483,-1.878941,0.611683,-0.000436,-0.000004,-0.001014,0.000013,-0.001793,-0.000005
4590.592000,-0.465839,0.105571,0.298706,-1.860495,-1.878991,0.611612,-0.000434,-0.000004,-0.001029,0.000013,-0.001841,-0.000005
4590.600000,-0.465841,0.105600,0.298706,-1.860555,-1.878886,0.611608,-0.000456,-0.000004,-0.001101,0.000015,-0.001994,-0.000005
4590.608000,-0.465838,0.105599,0.298736,-1.860490,-1.878850,0.611687,-0.000613,-0.000001,0.000610,-0.000072,0.002990,-0.000026
4590.616000,-0.465852,0.105569,0.298751,-1.860399,-1.878906,0.611768,-0.000498,0.000000,0.000976,-0.000080,0.003777,-0.000026
4590.624000,-0.465842,0.105597,0.298758,-1.860441,-1.878837,0.611758,-0.000354,0.000000,0.000628,-0.000054,0.002554,-0.000019
4590.632000,-0.465852,0.105587,0.298744,-1.860447,-1.878834,0.611762,-0.000268,0.000000,0.000397,-0.000038,0.001759,-0.000014
4590.640000,-0.465853,0.105582,0.298741,-1.860451,-1.878854,0.611733,-0.000238,-0.000000,0.000216,-0.000028,0.001208,-0.000011
4590.648000,-0.465859,0.105579,0.298730,-1.860448,-1.878894,0.611756,-0.000224,-0.000000,0.000138,-0.000024,0.000968,-0.000010
4590.656000,-0.465850,0.105582,0.298739,-1.860431,-1.878864,0.611751,-0.000224,-0.000000,0.000138,-0.000024,0.000968,-0.000010
4590.664000,-0.465859,0.105571,0.298745,-1.860376,-1.878868,0.611773,-0.000224,-0.000000,0.000138,-0.000024,0.000968,-0.000010
4590.672000,-0.465857,0.105599,0.298739,-1.860481,-1.878817,0.611721,-0.000219,-0.000000,0.000156,-0.000024,0.001006,-0.000010
4590.680000,-0.465855,0.105581,0.298755,-1.860369,-1.878852,0.611806,-0.000199,-0.000000,0.000218,-0.000026,0.001141,-0.000010
4590.688000,-0.465863,0.105577,0.298746,-1.860379,-1.878848,0.611779,-0.000176,0.000000,0.000232,-0.000025,0.001136,-0.000010
4590.696000,-0.465867,0.105569,0.298744,-1.860355,-1.878860,0.611828,-0.000157,0.000000,0.000225,-0.000025,0.001236,-0.000012
4590.704000,-0.465859,0.105571,0.298748,-1.860389,-1.878858,0.611777,-0.000141,0.000000,0.000180,-0.000022,0.001083,-0.000011
4590.712000,-0.465871,0.105568,0.298748,-1.860357,-1.878832,0.611786,-0.000135,0.000000,0.000149,-0.000020,0.000987,-0.000010
4590.720000,-0.465864,0.105585,0.298758,-1.860336,-1.878766,0.611820,-0.000162,0.000002,0.000329,-0.000043,0.002521,-0.000029
4590.728000,-0.465881,0.105588,0.298743,-1.860371,-1.878723,0.611873,-0.000327,0.000004,0.001318,-0.000098,0.005540,-0.000043
4590.736000,-0.465873,0.105577,0.298789,-1.860245,-1.878709,0.611959,-0.000719,0.000005,0.002591,-0.000182,0.009768,-0.000067
4590.744000,-0.465887,0.105570,0.298784,-1.860234,-1.878704,0.612000,-0.000579,0.000004,0.001752,-0.000135,0.007203,-0.000055
4590.752000,-0.465883,0.105584,0.298794,-1.860238,-1.878648,0.611987,-0.000948,-0.000004,-0.000859,-0.000045,0.000718,-0.000039
4590.760000,-0.465884,0.105586,0.298773,-1.860236,-1.878736,0.611955,-0.000812,-0.000005,-0.001062,-0.000023,-0.000355,-0.000029
4590.768000,-0.465889,0.105575,0.298775,-1.860234,-1.878734,0.611981,-0.000450,-0.000001,-0.000247,-0.000032,0.001030,-0.000024
4590.776000,-0.465898,0.105578,0.298749,-1.860276,-1.878732,0.611907,-0.000360,-0.000001,-0.000174,-0.000027,0.000939,-0.000020
4590.784000,-0.465901,0.105605,0.298741,-1.860334,-1.878684,0.611890,-0.000538,-0.000003,-0.000884,-0.000007,-0.000767,-0.000017
4590.792000,-0.465902,0.105570,0.298733,-1.860307,-1.878754,0.611924,-0.000527,-0.000004,-0.000952,-0.000002,-0.001007,-0.000015
4590.800000,-0.465908,0.105571,0.298720,-1.860312,-1.878797,0.611864,-0.000392,-0.000002,-0.000599,-0.000009,-0.000288,-0.000015
4590.808000,-0.465906,0.105571,0.298739,-1.860282,-1.878767,0.611904,-0.000281,-0.000001,-0.000283,-0.000015,0.000369,-0.000015
4590.816000,-0.465906,0.105582,0.298739,-1.860294,-1.878734,0.611906,-0.000225,-0.000000,-0.000105,-0.000019,0.000752,-0.000015
4590.824000,-0.465908,0.105581,0.298749,-1.860292,-1.878717,0.611943,-0.000194,0.000000,-0.000007,-0.000021,0.000963,-0.000015
4590.832000,-0.465911,0.105560,0.298752,-1.860269,-1.878731,0.611964,-0.000172,0.000000,0.000064,-0.000023,0.001117,-0.000015
4590.840000,-0.465904,0.105599,0.298752,-1.860306,-1.878656,0.611939,-0.000158,0.000000,0.000109,-0.000024,0.001213,-0.000015
4590.848000,-0.465904,0.105598,0.298765,-1.860259,-1.878660,0.611973,-0.000183,0.000001,0.000389,-0.000038,0.002027,-0.000019
4590.856000,-0.465921,0.105561,0.298733,-1.860262,-1.878784,0.611900,-0.000174,0.000001,0.000410,-0.000038,0.002037,-0.000018
4590.864000,-0.465915,0.105574,0.298774,-1.860206,-1.878668,0.611967,-0.000169,0.000001,0.000407,-0.000037,0.001960,-0.000017
4590.872000,-0.465914,0.105598,0.298764,-1.860232,-1.878654,0.611990,-0.000246,0.000002,0.000870,-0.000062,0.003326,-0.000023
4590.880000,-0.465925,0.105577,0.298763,-1.860242,-1.878658,0.612009,-0.000449,0.000004,0.002085,-0.000129,0.006993,-0.000040
4590.888000,-0.465921,0.105572,0.298814,-1.860149,-1.878579,0.612111,-0.000414,0.000003,0.001876,-0.000117,0.006322,-0.000036
4590.896000,-0.465921,0.105582,0.298813,-1.860157,-1.878579,0.612124,-0.000268,0.000002,0.000999,-0.000068,0.003614,-0.000023
4590.904000,-0.465925,0.105580,0.298771,-1.860203,-1.878700,0.612014,-0.000275,0.000000,0.000446,-0.000044,0.002094,-0.000018
4590.912000,-0.465919,0.105605,0.298813,-1.860175,-1.878498,0.612125,-0.000243,0.000000,0.000252,-0.000032,0.001471,-0.000014
4590.920000,-0.465928,0.105567,0.298802,-1.860142,-1.878616,0.612091,-0.000223,-0.000000,0.000132,-0.000025,0.001088,-0.000013
4590.928000,-0.465936,0.105554,0.298781,-1.860167,-1.878695,0.612051,-0.000213,-0.000000,0.000074,-0.000022,0.000896,-0.000011
4590.936000,-0.465939,0.105568,0.298775,-1.860179,-1.878682,0.612083,-0.000238,-0.000001,-0.000009,-0.000020,0.000700,-0.000011
4590.944000,-0.465937,0.105590,0.298785,-1.860192,-1.878591,0.612029,-0.000553,-0.000004,-0.001010,0.000003,-0.001472,-0.000010
4590.952000,-0.465945,0.105576,0.298755,-1.860191,-1.878679,0.612030,-0.000792,-0.000007,-0.001771,0.000021,-0.003126,-0.000009
4590.960000,-0.465946,0.105583,0.298754,-1.860225,-1.878631,0.612009,-0.000625,-0.000005,-0.001247,0.000009,-0.002018,-0.000009
4590.968000,-0.465950,0.105586,0.298753,-1.860222,-1.878626,0.612063,-0.000374,-0.000002,-0.000457,-0.000008,-0.000336,-0.000009
4590.976000,-0.465953,0.105565,0.298743,-1.860198,-1.878701,0.612010,-0.000317,-0.000002,-0.000311,-0.000011,-0.000043,-0.000009
4590.984000,-0.465960,0.105578,0.298733,-1.860218,-1.878669,0.611989,-0.000529,-0.000005,-0.001049,0.000007,-0.001683,-0.000008
4590.992000,-0.465957,0.105580,0.298755,-1.860184,-1.878633,0.612083,-0.000529,-0.000005,-0.001049,0.000007,-0.001683,-0.000008
4591.000000,-0.465963,0.105571,0.298757,-1.860181,-1.878616,0.612084,-0.000372,-0.000003,-0.000552,-0.000004,-0.000633,-0.000008
4591.008000,-0.465965,0.105565,0.298733,-1.860206,-1.878709,0.612000,-0.000276,-0.000002,-0.000249,-0.000010,0.000019,-0.000008
4591.016000,-0.465964,0.105565,0.298755,-1.860149,-1.878673,0.612056,-0.000225,-0.000001,-0.000092,-0.000014,0.000340,-0.000008
4591.024000,-0.465966,0.105588,0.298767,-1.860144,-1.878577,0.612100,-0.000225,-0.000000,0.000195,-0.000026,0.001126,-0.000011
4591.032000,-0.465970,0.105565,0.298793,-1.860078,-1.878562,0.612206,-0.000516,0.000003,0.002149,-0.000134,0.007031,-0.000038
4591.040000,-0.465975,0.105588,0.298820,-1.860050,-1.878435,0.612268,-0.000565,0.000004,0.002571,-0.000155,0.008277,-0.000044
4591.048000,-0.465971,0.105584,0.298823,-1.860015,-1.878391,0.612313,-0.000541,0.000017,0.002642,-0.000268,0.016804,-0.000179
4591.056000,-0.465970,0.105587,0.298828,-1.859985,-1.878399,0.612346,-0.000386,0.000011,0.001644,-0.000174,0.010836,-0.000117
4591.064000,-0.465983,0.105565,0.298828,-1.859968,-1.878403,0.612394,-0.000287,0.000006,0.000998,-0.000109,0.006619,-0.000072
4591.072000,-0.465985,0.105564,0.298792,-1.859991,-1.878501,0.612315,-0.000230,0.000003,0.000626,-0.000071,0.004174,-0.000045
4591.080000,-0.465982,0.105577,0.298804,-1.860045,-1.878407,0.612318,-0.000264,0.000002,0.000223,-0.000047,0.002559,-0.000033
4591.088000,-0.465979,0.105586,0.298797,-1.860063,-1.878440,0.612297,-0.000245,0.000001,0.000103,-0.000037,0.001888,-0.000026
4591.096000,-0.465983,0.105587,0.298810,-1.860013,-1.878403,0.612331,-0.000490,-0.000003,-0.000803,-0.000011,-0.000355,-0.000021
4591.104000,-0.465990,0.105588,0.298799,-1.859996,-1.878423,0.612300,-0.000441,-0.000003,-0.000743,-0.000008,-0.000422,-0.000018
4591.112000,-0.465986,0.105571,0.298789,-1.860034,-1.878462,0.612283,-0.000434,-0.000003,-0.000786,-0.000004,-0.000662,-0.000015
4591.120000,-0.466001,0.105573,0.298781,-1.860026,-1.878438,0.612269,-0.000360,-0.000002,-0.000610,-0.000006,-0.000393,-0.000014
4591.128000,-0.465999,0.105564,0.298777,-1.860019,-1.878506,0.612299,-0.000302,-0.000002,-0.000443,-0.000008,-0.000106,-0.000013
4591.136000,-0.466002,0.105580,0.298770,-1.860045,-1.878487,0.612273,-0.000301,-0.000002,-0.000454,-0.000007,-0.000202,-0.000012
4591.144000,-0.466004,0.105582,0.298796,-1.860022,-1.878380,0.612341,-0.000300,-0.000002,-0.000460,-0.000006,-0.000249,-0.000011
4591.152000,-0.466003,0.105576,0.298783,-1.860032,-1.878466,0.612289,-0.000323,-0.000000,0.000221,-0.000038,0.001615,-0.000018
4591.160000,-0.466010,0.105576,0.298794,-1.859982,-1.878438,0.612335,-0.000283,0.000000,0.000341,-0.000040,0.001836,-0.000017
4591.168000,-0.466010,0.105577,0.298762,-1.860004,-1.878521,0.612231,-0.000283,0.000000,0.000338,-0.000039,0.001812,-0.000017
4591.176000,-0.466017,0.105577,0.298770,-1.859994,-1.878488,0.612265,-0.000291,0.000000,0.000387,-0.000042,0.001931,-0.000017
4591.184000,-0.466024,0.105580,0.298799,-1.859963,-1.878367,0.612330,-0.000703,0.000004,0.002864,-0.000180,0.009480,-0.000053
4591.192000,-0.466026,0.105576,0.298808,-1.859920,-1.878419,0.612378,-0.000451,0.000002,0.001347,-0.000095,0.004831,-0.000031
4591.200000,-0.466026,0.105577,0.298793,-1.859935,-1.878426,0.612346,-0.000307,0.000001,0.000718,-0.000057,0.002823,-0.000020
4591.208000,-0.466021,0.105582,0.298816,-1.859952,-1.878354,0.612393,-0.000236,0.000001,0.000471,-0.000041,0.001999,-0.000015
4591.216000,-0.466021,0.105577,0.298827,-1.859907,-1.878354,0.612423,-0.000203,0.000000,0.000322,-0.000032,0.001510,-0.000013
4591.224000,-0.466012,0.105599,0.298838,-1.859931,-1.878289,0.612427,-0.000184,0.000000,0.000209,-0.000025,0.001150,-0.000011
4591.232000,-0.466027,0.105561,0.298824,-1.859872,-1.878401,0.612409,-0.000180,-0.000000,0.000183,-0.000023,0.001054,-0.000010
4591.240000,-0.466026,0.105567,0.298824,-1.859894,-1.878379,0.612409,-0.000180,-0.000000,0.000183,-0.000023,0.001054,-0.000010
4591.248000,-0.466031,0.105581,0.298784,-1.859953,-1.878429,0.612344,-0.000250,-0.000001,-0.000043,-0.000018,0.000551,-0.000010
4591.256000,-0.466032,0.105577,0.298795,-1.859972,-1.878397,0.612358,-0.000250,-0.000001,-0.000043,-0.000018,0.000551,-0.000010
4591.264000,-0.466034,0.105587,0.298779,-1.860026,-1.878367,0.612360,-0.000314,-0.000002,-0.000251,-0.000013,0.000086,-0.000009
4591.272000,-0.466030,0.105603,0.298788,-1.860018,-1.878367,0.612349,-0.000984,-0.000010,-0.002373,0.000035,-0.004477,-0.000007
4591.280000,-0.466041,0.105588,0.298752,-1.860093,-1.878429,0.612258,-0.001029,-0.000011,-0.002617,0.000043,-0.005076,-0.000006
4591.288000,-0.466047,0.105582,0.298751,-1.860030,-1.878455,0.612271,-0.000460,-0.000004,-0.000898,0.000006,-0.001429,-0.000007
4591.296000,-0.466046,0.105574,0.298781,-1.859969,-1.878429,0.612369,-0.000302,-0.000002,-0.000455,-0.000003,-0.000513,-0.000007
4591.304000,-0.466056,0.105568,0.298747,-1.859967,-1.878481,0.612247,-0.000226,-0.000001,-0.000267,-0.000006,-0.000154,-0.000006
4591.312000,-0.466052,0.105578,0.298750,-1.860012,-1.878487,0.612327,-0.000205,-0.000001,-0.000237,-0.000006,-0.000110,-0.000006
4591.320000,-0.466066,0.105569,0.298718,-1.860042,-1.878525,0.612264,-0.000202,-0.000001,-0.000252,-0.000005,-0.000158,-0.000006
4591.328000,-0.466059,0.105575,0.298749,-1.859999,-1.878452,0.612317,-0.000202,-0.000001,-0.000255,-0.000004,-0.000182,-0.000005
4591.336000,-0.466049,0.105602,0.298757,-1.860099,-1.878358,0.612326,-0.000202,-0.000001,-0.000255,-0.000004,-0.000182,-0.000005
4591.344000,-0.466065,0.105574,0.298767,-1.859977,-1.878437,0.612360,-0.000331,-0.000000,0.000497,-0.000047,0.002123,-0.000016
4591.352000,-0.466072,0.105576,0.298778,-1.859951,-1.878373,0.612390,-0.000723,0.000004,0.002848,-0.000178,0.009288,-0.000050
4591.360000,-0.466069,0.105570,0.298788,-1.859919,-1.878370,0.612435,-0.000428,0.000001,0.001075,-0.000079,0.003872,-0.000025
4591.368000,-0.466072,0.105584,0.298755,-1.859985,-1.878393,0.612307,-0.000330,-0.000000,0.000486,-0.000046,0.002075,-0.000016
4591.376000,-0.466083,0.105564,0.298780,-1.859882,-1.878377,0.612456,-0.000263,-0.000000,0.000291,-0.000033,0.001414,-0.000012
4591.384000,-0.466075,0.105569,0.298787,-1.859934,-1.878393,0.612429,-0.000213,-0.000000,0.000222,-0.000026,0.001131,-0.000010
4591.392000,-0.466074,0.105576,0.298773,-1.859946,-1.878390,0.612376,-0.000187,-0.000000,0.000250,-0.000026,0.001145,-0.000009
4591.400000,-0.466068,0.105584,0.298812,-1.859900,-1.878284,0.612441,-0.000176,0.000000,0.000286,-0.000026,0.001222,-0.000009
4591.408000,-0.466072,0.105567,0.298793,-1.859906,-1.878335,0.612426,-0.000165,0.000000,0.000321,-0.000027,0.001299,-0.000010
4591.416000,-0.466074,0.105582,0.298797,-1.859941,-1.878295,0.612454,-0.000159,0.000000,0.000339,-0.000028,0.001337,-0.000010
4591.424000,-0.466074,0.105587,0.298805,-1.859937,-1.878275,0.612482,-0.000159,0.000000,0.000339,-0.000027,0.001337,-0.000010
4591.432000,-0.466083,0.105572,0.298788,-1.859917,-1.878330,0.612435,-0.000144,-0.000000,0.000244,-0.000021,0.000954,-0.000007
4591.440000,-0.466086,0.105571,0.298775,-1.859899,-1.878364,0.612430,-0.000132,-0.000000,0.000173,-0.000017,0.000738,-0.000006
4591.448000,-0.466079,0.105581,0.298815,-1.859875,-1.878233,0.612556,-0.000211,-0.000001,-0.000150,-0.000008,-0.000000,-0.000005
4591.456000,-0.466081,0.105588,0.298799,-1.859822,-1.878262,0.612519,-0.000259,0.000002,0.000182,-0.000053,0.003043,-0.000042
4591.464000,-0.466088,0.105579,0.298789,-1.859826,-1.878286,0.612565,-0.000464,0.000004,-0.000017,-0.000083,0.004754,-0.000076
4591.472000,-0.466083,0.105598,0.298796,-1.859865,-1.878199,0.612556,-0.000449,0.000003,-0.000114,-0.000072,0.004011,-0.000068
4591.480000,-0.466101,0.105588,0.298777,-1.859826,-1.878286,0.612496,-0.000733,0.000002,0.000965,-0.000121,0.006111,-0.000064
4591.488000,-0.466109,0.105586,0.298793,-1.859826,-1.878234,0.612583,-0.001526,0.000000,0.001824,-0.000206,0.009350,-0.000085
4591.496000,-0.466110,0.105599,0.298815,-1.859831,-1.878111,0.612632,-0.000877,0.000001,0.001325,-0.000135,0.006441,-0.000056
