timestamp,actual_TCP_pose_0,actual_TCP_pose_1,actual_TCP_pose_2,actual_TCP_pose_3,actual_TCP_pose_4,actual_TCP_pose_5,actual_TCP_speed_0,actual_TCP_speed_1,actual_TCP_speed_2,actual_TCP_speed_3,actual_TCP_speed_4,actual_TCP_speed_5
6673.832000,-0.122449,0.110004,0.257352,-2.181579,-2.213657,0.044882,0.000004,0.000000,0.000000,0.000000,-0.000005,0.000000
6673.840000,-0.122447,0.110006,0.257360,-2.181523,-2.213626,0.044974,0.000004,0.000000,0.000000,0.000000,-0.000005,0.000000
6673.848000,-0.122441,0.110009,0.257366,-2.181570,-2.213567,0.045012,0.000004,0.000000,0.000000,0.000000,-0.000005,0.000000
6673.864000,-0.122451,0.110005,0.257367,-2.181507,-2.213608,0.044962,0.000004,0.000000,0.000000,0.000000,-0.000005,0.000000
6673.888000,-0.122449,0.110006,0.257370,-2.181519,-2.213595,0.044987,0.000004,0.000000,0.000000,0.000000,-0.000005,0.000000
6673.896000,-0.122441,0.110011,0.257363,-2.181571,-2.213567,0.044959,0.000004,0.000000,0.000000,0.000000,-0.000005,0.000000
6673.904000,-0.122444,0.110007,0.257365,-2.181521,-2.213595,0.044909,0.000004,0.000000,0.000000,0.000000,-0.000005,0.000000
6673.912000,-0.122447,0.110004,0.257358,-2.181588,-2.213612,0.044923,0.000004,0.000000,0.000000,0.000000,-0.000005,0.000000
6673.920000,-0.122445,0.110007,0.257362,-2.181596,-2.213567,0.044961,0.000004,0.000000,0.000000,0.000000,-0.000005,0.000000
6673.928000,-0.122445,0.110008,0.257362,-2.181591,-2.213561,0.044948,0.000004,0.000000,0.000000,0.000000,-0.000005,0.000000
6673.936000,-0.122450,0.110007,0.257365,-2.181574,-2.213625,0.044921,0.000004,0.000000,0.000000,0.000000,-0.000005,0.000000
6673.944000,-0.122446,0.110007,0.257364,-2.181537,-2.213613,0.044947,0.000004,0.000000,0.000000,0.000000,-0.000005,0.000000
6673.952000,-0.122449,0.110008,0.257366,-2.181550,-2.213600,0.044947,0.000004,0.000000,0.000000,0.000000,-0.000005,0.000000
6673.960000,-0.122441,0.110008,0.257361,-2.181665,-2.213559,0.044948,0.000004,0.000000,0.000000,0.000000,-0.000005,0.000000
6673.968000,-0.122450,0.110009,0.257364,-2.181633,-2.213579,0.044934,0.000002,0.000000,-0.000002,0.000000,-0.000024,0.000000
6673.976000,-0.122448,0.110009,0.257356,-2.181581,-2.213631,0.044855,0.000002,0.000000,-0.000002,0.000000,-0.000024,0.000000
6673.984000,-0.122449,0.110007,0.257345,-2.181592,-2.213668,0.044829,0.000002,0.000000,-0.000002,0.000000,-0.000024,0.000000
6673.992000,-0.122451,0.110012,0.257356,-2.181586,-2.213554,0.044882,-0.000144,-0.000002,-0.000170,0.000015,-0.001404,0.000001
6674.000000,-0.122453,0.110009,0.257358,-2.181614,-2.213585,0.044895,-0.000144,-0.000002,-0.000170,0.000015,-0.001404,0.000001
6674.008000,-0.122449,0.110010,0.257349,-2.181594,-2.213617,0.044855,-0.000144,-0.000002,-0.000170,0.000015,-0.001404,0.000001
6674.016000,-0.122457,0.110008,0.257355,-2.181586,-2.213637,0.044869,-0.000135,-0.000001,-0.000160,0.000014,-0.001328,0.000001
6674.024000,-0.122458,0.110011,0.257354,-2.181614,-2.213585,0.044895,-0.000539,-0.000006,-0.000626,0.000054,-0.005163,0.000003
6674.032000,-0.122464,0.110007,0.257352,-2.181573,-2.213650,0.044895,-0.000830,-0.000009,-0.000720,0.000053,-0.005584,0.000002
6674.064000,-0.122476,0.110005,0.257355,-2.181615,-2.213587,0.044923,-0.000846,-0.000010,-0.000458,0.000020,-0.003010,-0.000001
6674.072000,-0.122483,0.110008,0.257360,-2.181513,-2.213614,0.044922,-0.001805,-0.000020,-0.001702,0.000132,-0.013460,0.000005
6674.080000,-0.122486,0.110004,0.257354,-2.181525,-2.213626,0.044975,0.000004,-0.000000,0.000379,-0.000047,0.003676,-0.000003
6674.088000,-0.122486,0.110008,0.257360,-2.181547,-2.213569,0.044961,-0.002128,-0.000024,-0.001373,0.000077,-0.009707,-0.000000
6674.096000,-0.122497,0.110010,0.257367,-2.181523,-2.213544,0.045014,-0.000267,-0.000004,0.000621,-0.000088,0.006500,-0.000007
6674.104000,-0.122506,0.110011,0.257386,-2.181494,-2.213489,0.045079,-0.001836,-0.000021,-0.001238,0.000076,-0.009132,0.000001
6674.112000,-0.122516,0.110006,0.257407,-2.181396,-2.213523,0.045224,-0.000426,-0.000018,0.002239,-0.000167,0.011695,0.000029
6674.120000,-0.122523,0.110007,0.257412,-2.181452,-2.213421,0.045251,-0.003976,-0.000061,-0.001080,0.000138,-0.018738,0.000059
6674.128000,-0.122528,0.110009,0.257399,-2.181523,-2.213387,0.045264,0.001026,-0.000002,0.005093,-0.000458,0.037258,0.000010
6674.136000,-0.122536,0.110009,0.257408,-2.181455,-2.213396,0.045251,-0.003687,-0.000049,-0.001868,0.000145,-0.018220,0.000026
6674.144000,-0.122532,0.110008,0.257390,-2.181517,-2.213406,0.045199,0.001072,0.000006,0.002730,-0.000236,0.020132,0.000003
6674.152000,-0.122554,0.110004,0.257409,-2.181393,-2.213467,0.045291,-0.002201,-0.000029,-0.001361,0.000115,-0.013062,0.000017
6674.160000,-0.122556,0.110002,0.257397,-2.181368,-2.213468,0.045344,-0.000564,-0.000012,0.002496,-0.000298,0.022317,-0.000012
6674.168000,-0.122572,0.110002,0.257402,-2.181354,-2.213506,0.045266,-0.001762,-0.000023,-0.000289,-0.000012,-0.002268,0.000004
6674.176000,-0.122571,0.110004,0.257411,-2.181359,-2.213431,0.045318,-0.002460,-0.000030,-0.001762,0.000136,-0.015056,0.000012
6674.184000,-0.122578,0.110009,0.257413,-2.181320,-2.213443,0.045316,-0.000905,-0.000012,-0.000182,0.000006,-0.002114,0.000005
6674.192000,-0.122589,0.110004,0.257406,-2.181397,-2.213391,0.045397,-0.004278,-0.000051,-0.002510,0.000144,-0.018762,0.000005
6674.200000,-0.122600,0.110008,0.257407,-2.181387,-2.213379,0.045318,0.000746,0.000005,0.002313,-0.000235,0.019696,-0.000009
6674.208000,-0.122604,0.110004,0.257396,-2.181394,-2.213467,0.045266,-0.003770,-0.000044,-0.003079,0.000233,-0.024869,0.000012
6674.216000,-0.122610,0.110010,0.257400,-2.181394,-2.213385,0.045279,0.001397,0.000013,0.002456,-0.000227,0.020214,-0.000008
6674.224000,-0.122634,0.110005,0.257410,-2.181388,-2.213355,0.045397,-0.003308,-0.000039,-0.001817,0.000094,-0.013139,0.000002
6674.232000,-0.122636,0.110004,0.257403,-2.181272,-2.213420,0.045448,0.000151,-0.000002,0.002966,-0.000346,0.027461,-0.000021
6674.240000,-0.122650,0.110002,0.257404,-2.181393,-2.213387,0.045411,-0.002433,-0.000029,-0.001398,0.000079,-0.010426,0.000003
6674.248000,-0.122649,0.110002,0.257402,-2.181328,-2.213426,0.045385,0.001040,0.000010,0.001377,-0.000113,0.010622,-0.000002
6674.256000,-0.122674,0.110008,0.257401,-2.181383,-2.213348,0.045410,-0.002277,-0.000028,0.000244,-0.000118,0.005363,-0.000012
6674.264000,-0.122672,0.110005,0.257399,-2.181310,-2.213407,0.045423,-0.000757,-0.000010,0.000447,-0.000078,0.004774,-0.000004
6674.272000,-0.122688,0.110010,0.257398,-2.181407,-2.213373,0.045332,-0.001613,-0.000019,-0.000927,0.000054,-0.007061,0.000003
6674.280000,-0.122696,0.110002,0.257401,-2.181335,-2.213407,0.045425,-0.000807,-0.000011,0.000252,-0.000057,0.003058,-0.000003
6674.288000,-0.122713,0.110000,0.257392,-2.181309,-2.213458,0.045373,-0.001889,-0.000023,-0.000219,-0.000047,0.000402,-0.000006
6674.296000,-0.122720,0.110002,0.257421,-2.181280,-2.213352,0.045570,-0.002858,-0.000033,-0.001124,0.000016,-0.006146,-0.000006
6674.304000,-0.122735,0.110003,0.257404,-2.181347,-2.213420,0.045399,-0.001241,-0.000015,-0.000476,0.000006,-0.002632,-0.000002
6674.312000,-0.122734,0.110004,0.257403,-2.181296,-2.213446,0.045398,-0.002767,-0.000040,-0.001038,0.000103,-0.013398,0.000032
6674.320000,-0.122757,0.110009,0.257425,-2.181279,-2.213296,0.045529,-0.002459,-0.000039,0.002001,-0.000258,0.015611,0.000006
6674.328000,-0.122764,0.110005,0.257441,-2.181263,-2.213253,0.045596,-0.001120,-0.000014,0.001035,-0.000176,0.011988,-0.000016
6674.336000,-0.122785,0.110001,0.257437,-2.181302,-2.213322,0.045559,-0.001902,-0.000022,-0.001265,0.000073,-0.009012,0.000000
6674.344000,-0.122794,0.110000,0.257444,-2.181283,-2.213329,0.045571,-0.001056,-0.000028,0.001941,-0.000117,0.006466,0.000044
6674.352000,-0.122823,0.110005,0.257449,-2.181223,-2.213292,0.045623,-0.003798,-0.000058,0.002336,-0.000319,0.017921,0.000010
6674.360000,-0.122823,0.110004,0.257445,-2.181313,-2.213227,0.045677,-0.001193,-0.000014,0.000284,-0.000087,0.004822,-0.000010
6674.368000,-0.122833,0.110004,0.257439,-2.181259,-2.213330,0.045519,-0.002362,-0.000026,-0.002728,0.000233,-0.022414,0.000011
6674.376000,-0.122849,0.110005,0.257448,-2.181197,-2.213293,0.045675,-0.001999,-0.000025,0.001259,-0.000242,0.015688,-0.000024
6674.384000,-0.122865,0.110001,0.257447,-2.181242,-2.213287,0.045638,-0.002409,-0.000029,-0.001463,0.000089,-0.011212,0.000004
6674.392000,-0.122881,0.110000,0.257439,-2.181227,-2.213350,0.045585,-0.001194,-0.000015,-0.000297,-0.000002,-0.001985,0.000001
6674.400000,-0.122900,0.110001,0.257448,-2.181250,-2.213268,0.045626,-0.003854,-0.000046,-0.001764,0.000063,-0.011625,-0.000002
6674.408000,-0.122915,0.109995,0.257446,-2.181214,-2.213339,0.045666,-0.001293,-0.000017,0.000380,-0.000090,0.004764,-0.000006
6674.416000,-0.122931,0.109998,0.257464,-2.181174,-2.213271,0.045732,-0.003323,-0.000042,-0.001690,0.000113,-0.014884,0.000016
6674.424000,-0.122940,0.110005,0.257450,-2.181257,-2.213249,0.045665,-0.002013,-0.000029,0.001059,-0.000168,0.009538,-0.000002
6674.432000,-0.122968,0.110000,0.257484,-2.181120,-2.213216,0.045824,-0.002753,-0.000046,0.000695,-0.000059,-0.000936,0.000037
6674.440000,-0.122985,0.109999,0.257473,-2.181201,-2.213221,0.045785,-0.001710,-0.000020,-0.000199,-0.000050,0.001040,-0.000009
6674.448000,-0.122994,0.109998,0.257454,-2.181186,-2.213284,0.045733,-0.003032,-0.000035,-0.001718,0.000079,-0.011414,-0.000003
6674.456000,-0.123007,0.109996,0.257454,-2.181235,-2.213309,0.045707,-0.001359,-0.000016,-0.000598,0.000014,-0.003442,-0.000003
6674.464000,-0.123030,0.110001,0.257483,-2.181133,-2.213229,0.045798,-0.003274,-0.000046,0.000803,-0.000171,0.007448,0.000002
6674.472000,-0.123047,0.110001,0.257486,-2.181148,-2.213166,0.045878,-0.001787,-0.000028,0.000820,-0.000108,0.005037,0.000011
6674.480000,-0.123049,0.110000,0.257471,-2.181288,-2.213149,0.045801,-0.003099,-0.000042,-0.000969,0.000052,-0.009856,0.000018
6674.488000,-0.123076,0.109998,0.257450,-2.181252,-2.213271,0.045656,-0.001569,-0.000023,-0.000177,0.000004,-0.003265,0.000013
6674.496000,-0.123093,0.109999,0.257457,-2.181217,-2.213209,0.045761,-0.003293,-0.000043,0.000154,-0.000123,0.003824,-0.000005
6674.504000,-0.123117,0.109997,0.257468,-2.181224,-2.213216,0.045724,-0.001787,-0.000024,-0.000092,-0.000033,-0.000652,0.000004
6674.512000,-0.123115,0.110002,0.257469,-2.181256,-2.213195,0.045709,-0.001441,-0.000020,-0.000415,0.000022,-0.004391,0.000009
6674.520000,-0.123151,0.109996,0.257477,-2.181206,-2.213198,0.045789,-0.003862,-0.000056,0.001749,-0.000287,0.015428,0.000000
6674.528000,-0.123160,0.109998,0.257491,-2.181123,-2.213194,0.045880,-0.002632,-0.000040,0.000251,-0.000049,-0.001242,0.000021
6674.536000,-0.123177,0.109999,0.257479,-2.181263,-2.213178,0.045776,-0.001835,-0.000029,0.000087,-0.000003,-0.003442,0.000024
6674.544000,-0.123210,0.109992,0.257464,-2.181190,-2.213262,0.045790,-0.003593,-0.000048,0.000370,-0.000151,0.005439,-0.000004
6674.552000,-0.123226,0.109995,0.257472,-2.181186,-2.213231,0.045778,-0.002549,-0.000035,-0.000028,-0.000056,-0.000240,0.000006
6674.560000,-0.123233,0.109998,0.257472,-2.181201,-2.213193,0.045777,-0.002690,-0.000033,-0.001506,0.000099,-0.012583,0.000010
6674.568000,-0.123267,0.110003,0.257482,-2.181197,-2.213136,0.045816,-0.003236,-0.000042,0.000550,-0.000178,0.008315,-0.000012
6674.576000,-0.123279,0.109995,0.257489,-2.181133,-2.213177,0.045845,-0.002795,-0.000035,-0.001365,0.000077,-0.011025,0.000008
6674.584000,-0.123304,0.109995,0.257481,-2.181182,-2.213201,0.045793,-0.002196,-0.000032,0.000191,-0.000057,0.000397,0.000010
6674.592000,-0.123328,0.109991,0.257494,-2.181063,-2.213186,0.045963,-0.002944,-0.000041,0.000622,-0.000143,0.005885,0.000002
6674.600000,-0.123352,0.109988,0.257499,-2.181098,-2.213224,0.045912,-0.002316,-0.000035,0.000066,-0.000026,-0.002402,0.000019
6674.608000,-0.123365,0.109994,0.257496,-2.181122,-2.213166,0.045873,-0.002621,-0.000038,-0.000901,0.000080,-0.011232,0.000026
6674.616000,-0.123389,0.109995,0.257498,-2.181104,-2.213122,0.046016,-0.003478,-0.000049,0.001272,-0.000232,0.011862,-0.000002
6674.624000,-0.123405,0.109989,0.257494,-2.181080,-2.213231,0.045900,-0.002758,-0.000037,-0.001154,0.000078,-0.011155,0.000017
6674.632000,-0.123428,0.109993,0.257502,-2.181094,-2.213193,0.045925,-0.002637,-0.000037,0.001061,-0.000190,0.010094,-0.000003
6674.640000,-0.123460,0.109996,0.257513,-2.181075,-2.213093,0.046005,-0.003860,-0.000051,-0.000267,-0.000080,-0.000620,0.000002
6674.648000,-0.123474,0.110000,0.257507,-2.181124,-2.213116,0.045925,-0.002217,-0.000034,0.000712,-0.000098,0.003455,0.000015
6674.656000,-0.123481,0.110003,0.257498,-2.181214,-2.213101,0.045847,-0.002750,-0.000039,-0.000869,0.000072,-0.010920,0.000027
6674.664000,-0.123514,0.109995,0.257497,-2.181188,-2.213103,0.045979,-0.003546,-0.000049,0.001709,-0.000298,0.017111,-0.000010
6674.672000,-0.123544,0.109989,0.257496,-2.181132,-2.213207,0.045928,-0.003510,-0.000045,-0.000980,0.000015,-0.007488,0.000007
6674.680000,-0.123555,0.109995,0.257484,-2.181193,-2.213160,0.045862,-0.002462,-0.000034,0.000875,-0.000166,0.008637,-0.000003
6674.688000,-0.123593,0.109991,0.257526,-2.181030,-2.213103,0.046126,-0.004447,-0.000068,0.001251,-0.000187,0.006158,0.000027
6674.696000,-0.123612,0.109991,0.257518,-2.181075,-2.213095,0.046113,-0.002015,-0.000034,0.001118,-0.000119,0.005349,0.000021
6674.704000,-0.123648,0.109990,0.257513,-2.181021,-2.213091,0.046075,-0.004419,-0.000059,0.000096,-0.000138,0.002894,-0.000000
6674.712000,-0.123662,0.109984,0.257513,-2.181024,-2.213123,0.046168,-0.002378,-0.000033,0.000934,-0.000169,0.008967,-0.000003
6674.720000,-0.123680,0.109992,0.257519,-2.181087,-2.213026,0.046128,-0.002975,-0.000038,-0.001532,0.000102,-0.013413,0.000014
6674.728000,-0.123710,0.109991,0.257542,-2.180962,-2.213005,0.046259,-0.003585,-0.000063,0.003132,-0.000332,0.018831,0.000035
6674.736000,-0.123734,0.109988,0.257540,-2.180991,-2.213037,0.046273,-0.003418,-0.000057,0.000795,-0.000066,-0.001693,0.000046
6674.744000,-0.123761,0.109986,0.257523,-2.181016,-2.213061,0.046222,-0.003771,-0.000044,-0.000882,-0.000058,-0.001866,-0.000015
6674.752000,-0.123783,0.109990,0.257529,-2.181023,-2.213068,0.046129,-0.002900,-0.000060,0.002605,-0.000166,0.006470,0.000073
6674.760000,-0.123817,0.109985,0.257564,-2.180924,-2.212996,0.046393,-0.004815,-0.000079,0.002109,-0.000239,0.009230,0.000046
6674.768000,-0.123852,0.109987,0.257560,-2.180940,-2.212958,0.046368,-0.003070,-0.000050,0.001820,-0.000219,0.011158,0.000021
6674.776000,-0.123857,0.109988,0.257539,-2.180989,-2.213007,0.046263,-0.003033,-0.000042,-0.000891,0.000057,-0.010124,0.000023
6674.784000,-0.123882,0.109987,0.257526,-2.181056,-2.213049,0.046197,-0.003368,-0.000046,0.001128,-0.000230,0.012030,-0.000008
6674.792000,-0.123908,0.109992,0.257550,-2.180949,-2.212939,0.046328,-0.003605,-0.000043,-0.000846,-0.000044,-0.002752,-0.000010
6674.800000,-0.123940,0.109985,0.257565,-2.180918,-2.213017,0.046382,-0.003029,-0.000064,0.002644,-0.000149,0.004768,0.000083
6674.808000,-0.123974,0.109986,0.257573,-2.180860,-2.212956,0.046435,-0.004845,-0.000069,0.002114,-0.000356,0.019013,-0.000002
6674.816000,-0.123994,0.109990,0.257562,-2.180959,-2.212871,0.046423,-0.002960,-0.000041,-0.000362,-0.000014,-0.004440,0.000015
6674.824000,-0.124014,0.109987,0.257546,-2.180987,-2.212952,0.046332,-0.002988,-0.000041,-0.000193,-0.000039,-0.002417,0.000011
6674.832000,-0.124051,0.109985,0.257563,-2.180920,-2.212911,0.046450,-0.004249,-0.000063,0.001497,-0.000238,0.010736,0.000014
6674.832000,-0.124051,0.109985,0.257563,-2.180920,-2.212911,0.046450,-0.004249,-0.000063,0.001497,-0.000238,0.010736,0.000014
6674.848000,-0.124113,0.109982,0.257585,-2.180865,-2.212882,0.046519,-0.004370,-0.000066,0.001880,-0.000277,0.013453,0.000016
6674.856000,-0.124138,0.109982,0.257576,-2.180925,-2.212919,0.046492,-0.003295,-0.000047,0.000034,-0.000057,-0.001693,0.000017
6674.864000,-0.124153,0.109990,0.257572,-2.180963,-2.212930,0.046385,-0.003513,-0.000048,0.000431,-0.000143,0.004917,0.000001
6674.872000,-0.124193,0.109981,0.257588,-2.180876,-2.212896,0.046571,-0.003523,-0.000048,0.000386,-0.000138,0.004495,0.000001
6674.880000,-0.124220,0.109982,0.257612,-2.180839,-2.212885,0.046598,-0.003448,-0.000069,0.002611,-0.000160,0.004892,0.000083
6674.888000,-0.124256,0.109980,0.257623,-2.180823,-2.212817,0.046718,-0.005032,-0.000074,0.002633,-0.000399,0.021976,0.000004
6674.896000,-0.124276,0.109979,0.257598,-2.180813,-2.212912,0.046626,-0.003346,-0.000047,-0.000006,-0.000064,-0.001142,0.000013
6674.904000,-0.124303,0.109979,0.257590,-2.180846,-2.212918,0.046535,-0.003592,-0.000048,0.000032,-0.000105,0.001801,0.000001
6674.912000,-0.124337,0.109980,0.257622,-2.180762,-2.212807,0.046771,-0.004033,-0.000053,0.000562,-0.000194,0.008099,-0.000009
6674.920000,-0.124369,0.109973,0.257650,-2.180692,-2.212817,0.046891,-0.003680,-0.000068,0.002030,-0.000144,0.003488,0.000068
6674.928000,-0.124396,0.109983,0.257633,-2.180720,-2.212789,0.046810,-0.004889,-0.000076,0.002703,-0.000356,0.018548,0.000023
6674.936000,-0.124423,0.109985,0.257635,-2.180768,-2.212732,0.046798,-0.002988,-0.000035,-0.001152,0.000008,-0.005753,-0.000008
6674.944000,-0.124452,0.109982,0.257638,-2.180816,-2.212757,0.046799,-0.003739,-0.000064,0.001752,-0.000160,0.004945,0.000051
6674.952000,-0.124485,0.109981,0.257643,-2.180732,-2.212722,0.046827,-0.004763,-0.000067,0.001505,-0.000294,0.014369,-0.000002
6674.960000,-0.124516,0.109978,0.257637,-2.180735,-2.212779,0.046788,-0.003067,-0.000042,-0.000600,0.000003,-0.005878,0.000013
6674.968000,-0.124543,0.109978,0.257632,-2.180753,-2.212798,0.046775,-0.004443,-0.000059,0.000778,-0.000227,0.009892,-0.000008
6674.976000,-0.124573,0.109978,0.257648,-2.180660,-2.212756,0.046919,-0.004122,-0.000060,0.000904,-0.000178,0.006273,0.000013
6674.984000,-0.124610,0.109973,0.257676,-2.180667,-2.212714,0.047040,-0.003875,-0.000066,0.001464,-0.000128,0.002146,0.000054
6674.992000,-0.124645,0.109974,0.257684,-2.180646,-2.212639,0.047145,-0.004035,-0.000060,0.001335,-0.000209,0.008780,0.000017
6675.000000,-0.124683,0.109967,0.257675,-2.180605,-2.212730,0.047095,-0.003734,-0.000053,-0.000107,-0.000055,-0.002604,0.000018
6675.008000,-0.124709,0.109976,0.257686,-2.180630,-2.212621,0.047132,-0.004380,-0.000066,0.001363,-0.000210,0.008138,0.000022
6675.016000,-0.124742,0.109981,0.257699,-2.180622,-2.212533,0.047185,-0.004118,-0.000063,0.001218,-0.000180,0.006278,0.000025
6675.024000,-0.124782,0.109976,0.257704,-2.180537,-2.212606,0.047199,-0.004148,-0.000060,0.000805,-0.000162,0.004964,0.000016
6675.032000,-0.124810,0.109972,0.257685,-2.180579,-2.212650,0.047161,-0.004198,-0.000060,0.000523,-0.000134,0.002640,0.000017
6675.040000,-0.124843,0.109970,0.257702,-2.180544,-2.212588,0.047294,-0.004236,-0.000059,0.000501,-0.000150,0.003991,0.000009
6675.048000,-0.124884,0.109967,0.257715,-2.180495,-2.212565,0.047374,-0.004091,-0.000060,0.000844,-0.000156,0.004533,0.000019
6675.056000,-0.124918,0.109973,0.257738,-2.180504,-2.212495,0.047414,-0.004666,-0.000080,0.002204,-0.000208,0.006795,0.000061
6675.064000,-0.124953,0.109970,0.257744,-2.180450,-2.212467,0.047531,-0.004643,-0.000067,0.001445,-0.000256,0.011469,0.000009
6675.072000,-0.124982,0.109971,0.257739,-2.180452,-2.212441,0.047532,-0.004079,-0.000055,-0.000413,-0.000048,-0.003711,0.000012
6675.080000,-0.125014,0.109972,0.257739,-2.180486,-2.212396,0.047547,-0.004321,-0.000059,0.000382,-0.000156,0.004385,0.000003
6675.088000,-0.125055,0.109970,0.257748,-2.180390,-2.212431,0.047612,-0.004236,-0.000059,0.000310,-0.000129,0.002343,0.000010
6675.096000,-0.125083,0.109971,0.257767,-2.180358,-2.212426,0.047677,-0.004576,-0.000072,0.001335,-0.000175,0.004816,0.000038
6675.104000,-0.125131,0.109967,0.257772,-2.180317,-2.212410,0.047666,-0.004462,-0.000067,0.001268,-0.000209,0.007927,0.000020
6675.112000,-0.125162,0.109970,0.257783,-2.180281,-2.212348,0.047771,-0.004577,-0.000065,0.000648,-0.000172,0.005027,0.000011
6675.120000,-0.125201,0.109965,0.257760,-2.180307,-2.212399,0.047669,-0.004273,-0.000061,0.000319,-0.000118,0.001317,0.000016
6675.128000,-0.125223,0.109967,0.257780,-2.180282,-2.212349,0.047799,-0.004354,-0.000058,0.000035,-0.000127,0.002117,0.000001
6675.136000,-0.125263,0.109965,0.257759,-2.180331,-2.212399,0.047721,-0.004395,-0.000058,-0.000070,-0.000126,0.002007,-0.000002
6675.144000,-0.125295,0.109973,0.257773,-2.180354,-2.212316,0.047734,-0.004350,-0.000070,0.001329,-0.000146,0.002841,0.000047
6675.152000,-0.125340,0.109966,0.257792,-2.180209,-2.212327,0.047879,-0.005056,-0.000071,0.001087,-0.000246,0.010055,0.000004
6675.160000,-0.125372,0.109969,0.257788,-2.180225,-2.212289,0.047854,-0.004132,-0.000058,-0.000000,-0.000082,-0.001204,0.000016
6675.168000,-0.125405,0.109963,0.257790,-2.180266,-2.212333,0.047843,-0.004805,-0.000071,0.001530,-0.000257,0.011076,0.000015
6675.176000,-0.125442,0.109967,0.257809,-2.180246,-2.212233,0.047974,-0.004375,-0.000063,0.000485,-0.000128,0.001844,0.000020
6675.184000,-0.125473,0.109964,0.257812,-2.180250,-2.212265,0.047988,-0.005020,-0.000083,0.002022,-0.000214,0.006757,0.000055
6675.192000,-0.125515,0.109965,0.257809,-2.180246,-2.212234,0.048002,-0.004996,-0.000077,0.001400,-0.000204,0.006388,0.000033
6675.200000,-0.125549,0.109967,0.257815,-2.180271,-2.212152,0.047990,-0.004714,-0.000064,0.000213,-0.000143,0.002620,0.000007
6675.208000,-0.125592,0.109962,0.257810,-2.180233,-2.212275,0.047977,-0.004567,-0.000062,0.000036,-0.000118,0.000900,0.000008
6675.216000,-0.125633,0.109958,0.257814,-2.180134,-2.212278,0.048005,-0.004855,-0.000069,0.000586,-0.000162,0.003689,0.000016
6675.224000,-0.125664,0.109961,0.257828,-2.180146,-2.212240,0.048109,-0.004936,-0.000073,0.001197,-0.000207,0.006915,0.000023
6675.232000,-0.125712,0.109960,0.257837,-2.180169,-2.212184,0.048125,-0.005360,-0.000083,0.001459,-0.000204,0.005597,0.000040
6675.240000,-0.125746,0.109960,0.257854,-2.180124,-2.212084,0.048257,-0.004965,-0.000075,0.001502,-0.000236,0.009038,0.000024
6675.248000,-0.125793,0.109958,0.257854,-2.180115,-2.212130,0.048271,-0.005101,-0.000074,0.000729,-0.000166,0.003425,0.000023
6675.256000,-0.125828,0.109957,0.257857,-2.180113,-2.212155,0.048297,-0.005119,-0.000071,0.000624,-0.000190,0.005496,0.000009
6675.264000,-0.125867,0.109961,0.257873,-2.180089,-2.212049,0.048337,-0.005264,-0.000082,0.001810,-0.000249,0.009350,0.000035
6675.272000,-0.125915,0.109959,0.257897,-2.179945,-2.212035,0.048482,-0.005428,-0.000080,0.001425,-0.000255,0.009815,0.000019
6675.280000,-0.125955,0.109959,0.257896,-2.180004,-2.211990,0.048497,-0.005247,-0.000081,0.001595,-0.000223,0.007313,0.000037
6675.288000,-0.125987,0.109958,0.257896,-2.179996,-2.212009,0.048536,-0.005129,-0.000082,0.002096,-0.000259,0.010217,0.000041
6675.296000,-0.126032,0.109957,0.257907,-2.179971,-2.212011,0.048563,-0.005120,-0.000070,0.000411,-0.000173,0.004169,0.000008
6675.304000,-0.126062,0.109956,0.257898,-2.179983,-2.212023,0.048564,-0.004681,-0.000063,-0.000531,-0.000062,-0.003692,0.000010
6675.312000,-0.126108,0.109953,0.257922,-2.179967,-2.211956,0.048709,-0.005408,-0.000084,0.001807,-0.000246,0.008818,0.000038
6675.320000,-0.126157,0.109956,0.257941,-2.179882,-2.211921,0.048736,-0.005297,-0.000075,0.000509,-0.000167,0.003301,0.000016
6675.328000,-0.126191,0.109955,0.257926,-2.179926,-2.211939,0.048697,-0.005187,-0.000080,0.001400,-0.000207,0.006210,0.000035
6675.336000,-0.126238,0.109948,0.257921,-2.179872,-2.212018,0.048673,-0.004984,-0.000073,0.000685,-0.000157,0.002889,0.000024
6675.344000,-0.126269,0.109953,0.257914,-2.179908,-2.211947,0.048686,-0.005342,-0.000071,0.000192,-0.000181,0.004614,-0.000002
6675.352000,-0.126315,0.109949,0.257953,-2.179785,-2.211876,0.048897,-0.005845,-0.000103,0.003179,-0.000292,0.010792,0.000081
6675.360000,-0.126367,0.109955,0.257960,-2.179841,-2.211799,0.048872,-0.005375,-0.000080,0.001162,-0.000206,0.005904,0.000028
6675.368000,-0.126404,0.109951,0.257960,-2.179783,-2.211820,0.048939,-0.005493,-0.000076,0.000415,-0.000185,0.004413,0.000007
6675.376000,-0.126446,0.109948,0.257958,-2.179823,-2.211864,0.048953,-0.005201,-0.000079,0.001205,-0.000188,0.004705,0.000035
6675.384000,-0.126485,0.109948,0.257962,-2.179829,-2.211789,0.049006,-0.005457,-0.000077,0.000626,-0.000192,0.004945,0.000013
6675.392000,-0.126526,0.109949,0.257949,-2.179794,-2.211859,0.048940,-0.005057,-0.000067,-0.000232,-0.000124,0.000660,0.000001
6675.400000,-0.126567,0.109952,0.257961,-2.179804,-2.211790,0.049006,-0.006003,-0.000097,0.002600,-0.000310,0.012475,0.000051
6675.408000,-0.126621,0.109945,0.257995,-2.179671,-2.211789,0.049204,-0.005711,-0.000085,0.001297,-0.000228,0.006972,0.000029
6675.416000,-0.126668,0.109944,0.257991,-2.179707,-2.211719,0.049220,-0.005820,-0.000080,0.000814,-0.000251,0.009101,0.000000
6675.424000,-0.126701,0.109952,0.257979,-2.179748,-2.211679,0.049166,-0.005146,-0.000081,0.001199,-0.000153,0.001824,0.000049
6675.432000,-0.126749,0.109942,0.257998,-2.179625,-2.211716,0.049339,-0.006019,-0.000083,0.000775,-0.000242,0.007969,0.000005
6675.440000,-0.126790,0.109944,0.258001,-2.179668,-2.211653,0.049339,-0.005317,-0.000070,-0.000428,-0.000105,-0.001334,0.000004
6675.448000,-0.126836,0.109941,0.258008,-2.179581,-2.211669,0.049315,-0.006198,-0.000100,0.002575,-0.000319,0.012753,0.000049
6675.456000,-0.126883,0.109942,0.258029,-2.179558,-2.211594,0.049499,-0.005793,-0.000081,0.000862,-0.000237,0.007869,0.000008
6675.464000,-0.126930,0.109944,0.258022,-2.179617,-2.211574,0.049435,-0.005665,-0.000090,0.001581,-0.000203,0.004772,0.000050
6675.472000,-0.126977,0.109941,0.258046,-2.179517,-2.211552,0.049567,-0.005654,-0.000079,0.000525,-0.000196,0.004940,0.000009
6675.480000,-0.127026,0.109939,0.258052,-2.179474,-2.211535,0.049633,-0.005554,-0.000075,-0.000083,-0.000138,0.000684,0.000007
6675.488000,-0.127067,0.109942,0.258051,-2.179540,-2.211496,0.049608,-0.005970,-0.000089,0.001215,-0.000219,0.005779,0.000032
6675.496000,-0.127123,0.109939,0.258073,-2.179427,-2.211488,0.049740,-0.006364,-0.000093,0.001321,-0.000262,0.008549,0.000023
6675.504000,-0.127173,0.109937,0.258079,-2.179433,-2.211469,0.049807,-0.005955,-0.000093,0.001742,-0.000240,0.007202,0.000045
6675.512000,-0.127217,0.109939,0.258088,-2.179372,-2.211459,0.049833,-0.006193,-0.000089,0.001386,-0.000283,0.010639,0.000015
6675.520000,-0.127259,0.109937,0.258090,-2.179323,-2.211435,0.049912,-0.005988,-0.000081,0.000325,-0.000208,0.005462,0.000000
6675.528000,-0.127301,0.109938,0.258089,-2.179419,-2.211402,0.049901,-0.006046,-0.000102,0.002607,-0.000261,0.008185,0.000073
6675.536000,-0.127356,0.109940,0.258120,-2.179305,-2.211285,0.050098,-0.006431,-0.000092,0.001554,-0.000315,0.012729,0.000012
6675.544000,-0.127407,0.109936,0.258109,-2.179289,-2.211375,0.050046,-0.005509,-0.000075,-0.000169,-0.000118,-0.000841,0.000012
6675.552000,-0.127450,0.109934,0.258137,-2.179244,-2.211277,0.050179,-0.005899,-0.000088,0.001216,-0.000216,0.005644,0.000033
6675.560000,-0.127502,0.109932,0.258134,-2.179244,-2.211278,0.050233,-0.006139,-0.000084,0.000695,-0.000246,0.008041,0.000002
6675.568000,-0.127548,0.109935,0.258148,-2.179240,-2.211247,0.050220,-0.006019,-0.000100,0.002224,-0.000228,0.005687,0.000070
6675.576000,-0.127602,0.109931,0.258183,-2.179065,-2.211202,0.050457,-0.006498,-0.000093,0.001295,-0.000288,0.010447,0.000013
6675.584000,-0.127634,0.109941,0.258154,-2.179235,-2.211134,0.050274,-0.005577,-0.000074,-0.000554,-0.000096,-0.002638,0.000007
6675.592000,-0.127691,0.109932,0.258167,-2.179125,-2.211183,0.050393,-0.006417,-0.000102,0.002280,-0.000289,0.010025,0.000052
6675.600000,-0.127740,0.109935,0.258201,-2.179094,-2.211045,0.050551,-0.006320,-0.000092,0.001449,-0.000279,0.009982,0.000021
6675.608000,-0.127801,0.109926,0.258186,-2.179120,-2.211128,0.050567,-0.006300,-0.000095,0.001240,-0.000213,0.004527,0.000040
6675.616000,-0.127847,0.109928,0.258204,-2.179043,-2.211074,0.050607,-0.006228,-0.000092,0.001236,-0.000235,0.006565,0.000030
6675.624000,-0.127896,0.109927,0.258204,-2.179043,-2.211075,0.050661,-0.005936,-0.000079,-0.000054,-0.000171,0.002634,0.000000
6675.632000,-0.127948,0.109923,0.258200,-2.179023,-2.211108,0.050649,-0.006481,-0.000101,0.001750,-0.000252,0.007135,0.000047
6675.640000,-0.128001,0.109926,0.258237,-2.178917,-2.210972,0.050859,-0.006404,-0.000091,0.001058,-0.000256,0.008118,0.000016
6675.648000,-0.128051,0.109927,0.258245,-2.178919,-2.210922,0.050938,-0.006484,-0.000103,0.002055,-0.000266,0.008108,0.000053
6675.656000,-0.128092,0.109926,0.258228,-2.179007,-2.210933,0.050887,-0.006203,-0.000089,0.000619,-0.000184,0.002721,0.000026
6675.664000,-0.128151,0.109923,0.258243,-2.178868,-2.210950,0.050992,-0.006295,-0.000084,-0.000202,-0.000165,0.001561,0.000001
6675.672000,-0.128192,0.109927,0.258230,-2.178997,-2.210922,0.050863,-0.006119,-0.000096,0.001549,-0.000211,0.004542,0.000051
6675.680000,-0.128256,0.109916,0.258252,-2.178774,-2.210987,0.051009,-0.006503,-0.000090,0.000487,-0.000228,0.005956,0.000005
6675.688000,-0.128303,0.109924,0.258245,-2.178946,-2.210844,0.050958,-0.006751,-0.000104,0.001729,-0.000260,0.007269,0.000046
6675.696000,-0.128355,0.109922,0.258269,-2.178885,-2.210865,0.051128,-0.006785,-0.000106,0.002224,-0.000310,0.011089,0.000046
6675.704000,-0.128409,0.109923,0.258273,-2.178757,-2.210837,0.051167,-0.006464,-0.000087,0.000328,-0.000225,0.005851,-0.000000
6675.712000,-0.128456,0.109918,0.258278,-2.178770,-2.210826,0.051248,-0.006875,-0.000113,0.002613,-0.000289,0.008827,0.000072
6675.720000,-0.128504,0.109929,0.258284,-2.178782,-2.210730,0.051259,-0.006939,-0.000096,0.000867,-0.000268,0.008242,0.000009
6675.728000,-0.128576,0.109917,0.258294,-2.178705,-2.210785,0.051290,-0.006760,-0.000105,0.001726,-0.000247,0.006138,0.000052
6675.736000,-0.128627,0.109920,0.258319,-2.178698,-2.210673,0.051447,-0.007014,-0.000102,0.001604,-0.000319,0.011789,0.000020
6675.744000,-0.128676,0.109919,0.258317,-2.178665,-2.210693,0.051461,-0.006686,-0.000104,0.001626,-0.000229,0.004834,0.000054
6675.752000,-0.128725,0.109916,0.258330,-2.178682,-2.210713,0.051502,-0.006676,-0.000111,0.002476,-0.000264,0.007168,0.000074
6675.760000,-0.128786,0.109914,0.258334,-2.178607,-2.210715,0.051555,-0.007133,-0.000097,0.000503,-0.000263,0.007590,-0.000000
6675.768000,-0.128840,0.109915,0.258340,-2.178623,-2.210678,0.051531,-0.006753,-0.000107,0.001577,-0.000203,0.002504,0.000064
6675.776000,-0.128891,0.109915,0.258352,-2.178594,-2.210622,0.051650,-0.007302,-0.000100,0.001161,-0.000335,0.012901,-0.000002
6675.784000,-0.128951,0.109914,0.258370,-2.178595,-2.210573,0.051781,-0.006682,-0.000111,0.002534,-0.000269,0.007542,0.000075
6675.792000,-0.129004,0.109912,0.258360,-2.178579,-2.210581,0.051718,-0.007272,-0.000101,0.001368,-0.000347,0.013783,0.000002
6675.800000,-0.129053,0.109915,0.258371,-2.178531,-2.210532,0.051796,-0.005968,-0.000079,-0.001180,-0.000037,-0.007930,0.000011
6675.808000,-0.129109,0.109912,0.258376,-2.178548,-2.210552,0.051837,-0.007138,-0.000106,0.001277,-0.000256,0.006454,0.000034
6675.816000,-0.129172,0.109908,0.258398,-2.178394,-2.210525,0.051931,-0.006993,-0.000094,0.000395,-0.000252,0.007020,-0.000002
6675.824000,-0.129227,0.109910,0.258408,-2.178484,-2.210460,0.052011,-0.007016,-0.000106,0.001367,-0.000242,0.005428,0.000042
6675.832000,-0.129273,0.109906,0.258399,-2.178448,-2.210450,0.052064,-0.007321,-0.000099,0.000481,-0.000269,0.007710,-0.000001
6675.840000,-0.129334,0.109908,0.258409,-2.178393,-2.210420,0.052130,-0.007031,-0.000103,0.001035,-0.000234,0.004968,0.000032
6675.848000,-0.129389,0.109909,0.258412,-2.178420,-2.210395,0.052132,-0.007183,-0.000099,0.000533,-0.000246,0.006061,0.000009
6675.856000,-0.129449,0.109906,0.258436,-2.178267,-2.210343,0.052277,-0.007434,-0.000112,0.001622,-0.000288,0.008261,0.000039
6675.864000,-0.129506,0.109907,0.258435,-2.178313,-2.210311,0.052265,-0.007490,-0.000110,0.001534,-0.000305,0.009699,0.000029
6675.872000,-0.129561,0.109910,0.258441,-2.178341,-2.210260,0.052318,-0.007256,-0.000098,0.000271,-0.000240,0.005592,0.000001
6675.880000,-0.129624,0.109903,0.258446,-2.178318,-2.210320,0.052359,-0.007243,-0.000117,0.002241,-0.000273,0.006933,0.000068
6675.888000,-0.129683,0.109903,0.258459,-2.178202,-2.210279,0.052451,-0.007661,-0.000105,0.000755,-0.000302,0.009632,0.000000
6675.896000,-0.129738,0.109906,0.258472,-2.178199,-2.210223,0.052491,-0.007774,-0.000137,0.004030,-0.000365,0.012325,0.000110
6675.904000,-0.129802,0.109899,0.258484,-2.178180,-2.210206,0.052612,-0.007117,-0.000084,-0.001073,-0.000208,0.004154,-0.000042
6675.912000,-0.129863,0.109905,0.258500,-2.178222,-2.210117,0.052665,-0.007732,-0.000138,0.004169,-0.000362,0.012066,0.000116
6675.920000,-0.129919,0.109902,0.258508,-2.178060,-2.210134,0.052744,-0.008012,-0.000115,0.002043,-0.000409,0.017042,0.000012
6675.928000,-0.129978,0.109903,0.258495,-2.178194,-2.210087,0.052733,-0.007542,-0.000119,0.002019,-0.000269,0.006118,0.000065
6675.936000,-0.130039,0.109896,0.258500,-2.178066,-2.210168,0.052709,-0.007778,-0.000120,0.002332,-0.000347,0.012024,0.000048
6675.944000,-0.130101,0.109897,0.258521,-2.178051,-2.210075,0.052854,-0.007275,-0.000097,-0.000123,-0.000212,0.003411,-0.000002
6675.952000,-0.130158,0.109892,0.258533,-2.178017,-2.210096,0.052972,-0.008075,-0.000142,0.004402,-0.000408,0.015081,0.000111
6675.960000,-0.130220,0.109898,0.258551,-2.177996,-2.209939,0.053065,-0.007706,-0.000105,0.001035,-0.000340,0.012522,-0.000003
6675.968000,-0.130286,0.109891,0.258562,-2.177963,-2.209961,0.053159,-0.007859,-0.000135,0.003552,-0.000349,0.011137,0.000098
6675.976000,-0.130343,0.109897,0.258564,-2.177993,-2.209884,0.053160,-0.007552,-0.000103,0.000641,-0.000285,0.008496,0.000002
6675.984000,-0.130404,0.109894,0.258588,-2.177839,-2.209914,0.053316,-0.007894,-0.000132,0.003539,-0.000382,0.013864,0.000084
6675.992000,-0.130461,0.109891,0.258580,-2.177841,-2.209916,0.053292,-0.007634,-0.000108,0.001081,-0.000305,0.009704,0.000012
6676.000000,-0.130518,0.109892,0.258581,-2.177829,-2.209903,0.053345,-0.008188,-0.000137,0.003896,-0.000422,0.016380,0.000085
6676.008000,-0.130580,0.109887,0.258596,-2.177843,-2.209893,0.053348,-0.007690,-0.000121,0.002310,-0.000321,0.009948,0.000057
6676.016000,-0.130644,0.109892,0.258596,-2.177900,-2.209765,0.053428,-0.008197,-0.000127,0.002596,-0.000379,0.013692,0.000050
6676.024000,-0.130709,0.109884,0.258620,-2.177716,-2.209816,0.053522,-0.007746,-0.000115,0.001576,-0.000306,0.009124,0.000034
6676.032000,-0.130770,0.109884,0.258621,-2.177685,-2.209811,0.053562,-0.007335,-0.000090,-0.001345,-0.000150,-0.001061,-0.000025
6676.040000,-0.130821,0.109890,0.258620,-2.177781,-2.209752,0.053599,-0.007768,-0.000128,0.002748,-0.000301,0.007815,0.000084
6676.064000,-0.131005,0.109887,0.258643,-2.177636,-2.209708,0.053734,-0.007527,-0.000108,0.000736,-0.000234,0.004101,0.000027
6676.072000,-0.131074,0.109887,0.258650,-2.177648,-2.209614,0.053803,-0.008350,-0.000132,0.003030,-0.000400,0.014851,0.000061
6676.080000,-0.131132,0.109888,0.258651,-2.177628,-2.209621,0.053816,-0.007987,-0.000126,0.002338,-0.000318,0.009147,0.000063
6676.088000,-0.131203,0.109884,0.258671,-2.177589,-2.209529,0.053988,-0.007891,-0.000105,0.000305,-0.000285,0.008002,-0.000007
6676.096000,-0.131262,0.109879,0.258675,-2.177548,-2.209569,0.054069,-0.008204,-0.000139,0.003714,-0.000382,0.013082,0.000095
6676.104000,-0.131332,0.109878,0.258696,-2.177474,-2.209465,0.054189,-0.008089,-0.000116,0.001272,-0.000327,0.010380,0.000017
6676.112000,-0.131397,0.109881,0.258715,-2.177445,-2.209409,0.054280,-0.009089,-0.000165,0.005860,-0.000526,0.021873,0.000133
6676.120000,-0.131467,0.109872,0.258720,-2.177339,-2.209515,0.054335,-0.008291,-0.000117,0.001425,-0.000370,0.013500,0.000008
6676.128000,-0.131538,0.109874,0.258734,-2.177399,-2.209338,0.054443,-0.009280,-0.000164,0.005431,-0.000513,0.020655,0.000124
6676.136000,-0.131603,0.109876,0.258758,-2.177362,-2.209301,0.054548,-0.008454,-0.000118,0.001315,-0.000365,0.012853,0.000007
6676.144000,-0.131667,0.109875,0.258775,-2.177256,-2.209273,0.054692,-0.009722,-0.000170,0.005900,-0.000588,0.025813,0.000116
6676.152000,-0.131745,0.109869,0.258799,-2.177162,-2.209259,0.054838,-0.008241,-0.000115,0.000928,-0.000322,0.009915,0.000007
6676.160000,-0.131802,0.109871,0.258780,-2.177190,-2.209258,0.054735,-0.009142,-0.000153,0.003914,-0.000431,0.015081,0.000095
6676.168000,-0.131874,0.109871,0.258793,-2.177253,-2.209220,0.054814,-0.008437,-0.000127,0.001977,-0.000344,0.010614,0.000043
6676.176000,-0.131936,0.109868,0.258791,-2.177164,-2.209261,0.054842,-0.007917,-0.000105,-0.000053,-0.000253,0.005467,-0.000008
6676.184000,-0.131998,0.109870,0.258805,-2.177207,-2.209173,0.054896,-0.008187,-0.000119,0.000921,-0.000257,0.004508,0.000034
6676.192000,-0.132068,0.109868,0.258819,-2.177096,-2.209139,0.055027,-0.008126,-0.000112,0.000381,-0.000267,0.005903,0.000007
6676.200000,-0.132136,0.109869,0.258825,-2.177100,-2.209115,0.054977,-0.008452,-0.000134,0.002419,-0.000325,0.008634,0.000070
6676.208000,-0.132204,0.109869,0.258822,-2.177146,-2.209057,0.055070,-0.008356,-0.000110,0.000249,-0.000308,0.009062,-0.000013
6676.216000,-0.132271,0.109866,0.258844,-2.177046,-2.209036,0.055176,-0.008995,-0.000151,0.003979,-0.000428,0.015067,0.000097
6676.224000,-0.132339,0.109865,0.258841,-2.177022,-2.209037,0.055203,-0.008644,-0.000117,0.000726,-0.000341,0.010825,-0.000004
6676.232000,-0.132414,0.109862,0.258865,-2.176969,-2.208958,0.055376,-0.009548,-0.000170,0.005770,-0.000543,0.022299,0.000129
6676.240000,-0.132477,0.109862,0.258877,-2.176947,-2.208909,0.055430,-0.008988,-0.000134,0.002438,-0.000432,0.016548,0.000032
6676.248000,-0.132542,0.109859,0.258873,-2.176922,-2.208936,0.055431,-0.009049,-0.000147,0.003273,-0.000400,0.013058,0.000081
6676.256000,-0.132614,0.109862,0.258902,-2.176893,-2.208856,0.055575,-0.008908,-0.000125,0.001223,-0.000366,0.012062,0.000009
6676.264000,-0.132688,0.109862,0.258926,-2.176725,-2.208815,0.055771,-0.009778,-0.000174,0.006039,-0.000571,0.024101,0.000130
6676.272000,-0.132760,0.109853,0.258927,-2.176751,-2.208818,0.055776,-0.008526,-0.000118,0.000589,-0.000300,0.007695,0.000007
6676.280000,-0.132823,0.109862,0.258929,-2.176768,-2.208754,0.055775,-0.009688,-0.000170,0.005583,-0.000539,0.021868,0.000124
6676.288000,-0.132897,0.109854,0.258946,-2.176705,-2.208745,0.055909,-0.008610,-0.000118,0.000679,-0.000326,0.009656,0.000001
6676.296000,-0.132973,0.109855,0.258974,-2.176661,-2.208646,0.056016,-0.009676,-0.000172,0.005762,-0.000543,0.022055,0.000130
6676.304000,-0.133039,0.109854,0.258984,-2.176573,-2.208636,0.056121,-0.008956,-0.000122,0.000637,-0.000344,0.010466,-0.000004
6676.312000,-0.133117,0.109851,0.258992,-2.176594,-2.208606,0.056163,-0.008922,-0.000140,0.002399,-0.000349,0.009626,0.000066
6676.320000,-0.133192,0.109851,0.259008,-2.176534,-2.208545,0.056295,-0.009271,-0.000124,0.000698,-0.000380,0.012838,-0.000013
6676.328000,-0.133265,0.109847,0.259016,-2.176516,-2.208529,0.056362,-0.008823,-0.000135,0.001905,-0.000328,0.008395,0.000053
6676.336000,-0.133335,0.109850,0.259025,-2.176483,-2.208441,0.056494,-0.008808,-0.000116,-0.000100,-0.000285,0.006315,-0.000011
6676.344000,-0.133397,0.109855,0.259031,-2.176519,-2.208371,0.056481,-0.008362,-0.000119,0.000307,-0.000218,0.001287,0.000029
6676.352000,-0.133478,0.109844,0.259052,-2.176366,-2.208403,0.056666,-0.009129,-0.000132,0.001699,-0.000391,0.013260,0.000022
6676.360000,-0.133539,0.109849,0.259052,-2.176362,-2.208371,0.056678,-0.008837,-0.000132,0.001494,-0.000314,0.007522,0.000043
6676.368000,-0.133609,0.109849,0.259070,-2.176353,-2.208284,0.056811,-0.008959,-0.000120,0.000481,-0.000344,0.010586,-0.000010
6676.376000,-0.133692,0.109844,0.259070,-2.176284,-2.208319,0.056827,-0.009007,-0.000137,0.002085,-0.000360,0.010609,0.000049
6676.384000,-0.133768,0.109843,0.259086,-2.176263,-2.208219,0.056986,-0.009110,-0.000120,0.000258,-0.000339,0.009982,-0.000015
6676.392000,-0.133839,0.109841,0.259103,-2.176260,-2.208164,0.057080,-0.009088,-0.000142,0.002417,-0.000362,0.010403,0.000063
6676.400000,-0.133913,0.109843,0.259109,-2.176109,-2.208193,0.057131,-0.009248,-0.000123,0.000189,-0.000332,0.009219,-0.000013
6676.408000,-0.133979,0.109845,0.259136,-2.176142,-2.208042,0.057238,-0.008671,-0.000129,0.000972,-0.000246,0.002475,0.000049
6676.416000,-0.134060,0.109836,0.259130,-2.176077,-2.208108,0.057268,-0.010148,-0.000170,0.005092,-0.000577,0.024360,0.000094
6676.424000,-0.134132,0.109841,0.259158,-2.176069,-2.207996,0.057424,-0.008862,-0.000125,0.000571,-0.000278,0.005078,0.000021
6676.432000,-0.134208,0.109837,0.259170,-2.175969,-2.208000,0.057504,-0.010345,-0.000182,0.006033,-0.000592,0.024523,0.000129
6676.440000,-0.134275,0.109839,0.259195,-2.175950,-2.207875,0.057663,-0.008980,-0.000123,0.000527,-0.000322,0.008625,0.000002
6676.448000,-0.134354,0.109840,0.259200,-2.175857,-2.207859,0.057728,-0.010179,-0.000174,0.005559,-0.000585,0.024677,0.000110
6676.456000,-0.134429,0.109837,0.259211,-2.175853,-2.207829,0.057796,-0.009484,-0.000136,0.001522,-0.000393,0.012814,0.000019
6676.464000,-0.134504,0.109837,0.259225,-2.175849,-2.207748,0.057966,-0.010368,-0.000180,0.005695,-0.000572,0.023123,0.000123
6676.472000,-0.134584,0.109831,0.259245,-2.175700,-2.207753,0.058048,-0.009418,-0.000136,0.001404,-0.000363,0.010504,0.000026
6676.480000,-0.134660,0.109826,0.259238,-2.175702,-2.207811,0.058088,-0.010195,-0.000173,0.004296,-0.000454,0.014357,0.000116
6676.488000,-0.134728,0.109834,0.259244,-2.175696,-2.207723,0.058088,-0.009484,-0.000137,0.001197,-0.000334,0.008093,0.000031
6676.496000,-0.134806,0.109828,0.259262,-2.175692,-2.207669,0.058235,-0.010321,-0.000181,0.005594,-0.000543,0.020746,0.000132
6676.504000,-0.134884,0.109820,0.259259,-2.175695,-2.207753,0.058175,-0.009244,-0.000126,-0.000202,-0.000253,0.002696,0.000006
6676.512000,-0.134962,0.109823,0.259294,-2.175614,-2.207591,0.058436,-0.010788,-0.000185,0.005463,-0.000576,0.022668,0.000118
6676.520000,-0.135048,0.109818,0.259290,-2.175549,-2.207657,0.058412,-0.009488,-0.000127,0.000378,-0.000362,0.011026,-0.000015
6676.528000,-0.135115,0.109827,0.259302,-2.175558,-2.207505,0.058491,-0.010140,-0.000171,0.004389,-0.000477,0.016375,0.000109
6676.536000,-0.135196,0.109823,0.259326,-2.175457,-2.207484,0.058674,-0.009406,-0.000125,0.000206,-0.000339,0.009363,-0.000013
6676.544000,-0.135267,0.109822,0.259335,-2.175421,-2.207448,0.058754,-0.010055,-0.000165,0.003532,-0.000425,0.012770,0.000095
6676.552000,-0.135344,0.109819,0.259345,-2.175432,-2.207380,0.058849,-0.009689,-0.000128,0.000350,-0.000376,0.011832,-0.000019
6676.560000,-0.135418,0.109825,0.259356,-2.175416,-2.207311,0.058914,-0.009420,-0.000140,0.001051,-0.000278,0.003510,0.000049
6676.568000,-0.135500,0.109821,0.259368,-2.175330,-2.207302,0.059020,-0.009654,-0.000118,-0.001220,-0.000291,0.005883,-0.000047
6676.576000,-0.135581,0.109818,0.259385,-2.175306,-2.207253,0.059127,-0.009504,-0.000142,0.001047,-0.000272,0.002791,0.000053
6676.584000,-0.135659,0.109819,0.259401,-2.175203,-2.207200,0.059245,-0.011036,-0.000182,0.005063,-0.000595,0.024015,0.000097
6676.592000,-0.135743,0.109812,0.259406,-2.175201,-2.207227,0.059326,-0.009430,-0.000132,0.000085,-0.000257,0.002456,0.000019
6676.600000,-0.135828,0.109814,0.259422,-2.175106,-2.207154,0.059406,-0.011263,-0.000189,0.005690,-0.000641,0.026953,0.000106
6676.608000,-0.135894,0.109819,0.259434,-2.175105,-2.207047,0.059524,-0.009773,-0.000131,-0.000096,-0.000297,0.005241,-0.000001
6676.616000,-0.135980,0.109816,0.259448,-2.175057,-2.207024,0.059579,-0.011057,-0.000191,0.005692,-0.000582,0.022380,0.000129
6676.624000,-0.136066,0.109810,0.259459,-2.175049,-2.207020,0.059698,-0.010353,-0.000145,0.001497,-0.000452,0.016001,0.000004
6676.632000,-0.136150,0.109806,0.259446,-2.174975,-2.207074,0.059648,-0.010638,-0.000168,0.003140,-0.000452,0.014055,0.000076
6676.640000,-0.136228,0.109808,0.259462,-2.174954,-2.206974,0.059781,-0.010105,-0.000139,0.000569,-0.000367,0.009952,-0.000000
6676.648000,-0.136307,0.109802,0.259470,-2.174885,-2.206984,0.059849,-0.010928,-0.000184,0.004753,-0.000535,0.019212,0.000110
6676.656000,-0.136382,0.109807,0.259466,-2.174920,-2.206939,0.059836,-0.010114,-0.000140,0.000894,-0.000391,0.011683,0.000003
6676.664000,-0.136465,0.109807,0.259478,-2.174898,-2.206864,0.059994,-0.010779,-0.000181,0.004535,-0.000499,0.016705,0.000114
6676.672000,-0.136547,0.109803,0.259493,-2.174864,-2.206804,0.060076,-0.010043,-0.000141,0.000969,-0.000377,0.010647,0.000011
6676.680000,-0.136628,0.109802,0.259492,-2.174857,-2.206799,0.060194,-0.011199,-0.000189,0.005191,-0.000574,0.021738,0.000114
6676.688000,-0.136720,0.109796,0.259539,-2.174675,-2.206774,0.060391,-0.009912,-0.000142,0.001149,-0.000372,0.010297,0.000019
6676.696000,-0.136800,0.109800,0.259545,-2.174677,-2.206641,0.060485,-0.011494,-0.000200,0.006471,-0.000660,0.027379,0.000133
6676.704000,-0.136885,0.109800,0.259591,-2.174595,-2.206506,0.060721,-0.010463,-0.000151,0.001589,-0.000423,0.013173,0.000022
6676.712000,-0.136975,0.109798,0.259593,-2.174583,-2.206521,0.060697,-0.010990,-0.000186,0.004932,-0.000536,0.019063,0.000117
6676.720000,-0.137052,0.109796,0.259612,-2.174477,-2.206467,0.060895,-0.010346,-0.000141,0.000666,-0.000399,0.012037,-0.000006
6676.728000,-0.137133,0.109801,0.259617,-2.174530,-2.206416,0.060922,-0.009905,-0.000141,0.000395,-0.000277,0.002844,0.000030
6676.736000,-0.137218,0.109800,0.259628,-2.174450,-2.206412,0.060962,-0.010462,-0.000143,0.000734,-0.000407,0.012483,-0.000006
6676.744000,-0.137303,0.109797,0.259647,-2.174371,-2.206359,0.061107,-0.010572,-0.000170,0.003429,-0.000449,0.013748,0.000088
6676.752000,-0.137386,0.109790,0.259644,-2.174364,-2.206380,0.061150,-0.010139,-0.000133,-0.000175,-0.000352,0.009109,-0.000023
6676.760000,-0.137476,0.109785,0.259665,-2.174275,-2.206315,0.061272,-0.010131,-0.000154,0.001366,-0.000311,0.004411,0.000059
6676.768000,-0.137550,0.109790,0.259666,-2.174325,-2.206207,0.061337,-0.011336,-0.000177,0.003727,-0.000560,0.021326,0.000062
6676.776000,-0.137637,0.109791,0.259700,-2.174179,-2.206191,0.061532,-0.010472,-0.000164,0.002646,-0.000402,0.010517,0.000075
6676.784000,-0.137725,0.109786,0.259702,-2.174127,-2.206137,0.061627,-0.010593,-0.000137,-0.000696,-0.000321,0.005950,-0.000024
6676.792000,-0.137809,0.109786,0.259723,-2.174110,-2.206069,0.061772,-0.010150,-0.000153,0.000963,-0.000266,0.000912,0.000062
6676.800000,-0.137895,0.109781,0.259736,-2.174004,-2.206041,0.061918,-0.011997,-0.000197,0.005557,-0.000685,0.029033,0.000091
6676.808000,-0.137981,0.109782,0.259757,-2.173996,-2.205955,0.062024,-0.011172,-0.000175,0.002745,-0.000425,0.010857,0.000079
6676.816000,-0.138076,0.109776,0.259761,-2.173948,-2.205932,0.062131,-0.012268,-0.000210,0.006536,-0.000711,0.029920,0.000124
6676.824000,-0.138157,0.109779,0.259779,-2.173899,-2.205909,0.062183,-0.009706,-0.000134,-0.000498,-0.000217,-0.001230,0.000018
6676.832000,-0.138249,0.109787,0.259795,-2.173864,-2.205765,0.062275,-0.012432,-0.000211,0.006756,-0.000741,0.032048,0.000121
6676.840000,-0.138344,0.109776,0.259827,-2.173751,-2.205732,0.062515,-0.011047,-0.000157,0.001709,-0.000478,0.016428,0.000012
6676.848000,-0.138427,0.109776,0.259829,-2.173732,-2.205740,0.062527,-0.011489,-0.000196,0.005118,-0.000549,0.018891,0.000126
6676.856000,-0.138506,0.109781,0.259847,-2.173764,-2.205588,0.062660,-0.010719,-0.000143,0.000413,-0.000419,0.013121,-0.000020
6676.864000,-0.138589,0.109774,0.259841,-2.173667,-2.205674,0.062675,-0.010790,-0.000166,0.001788,-0.000347,0.005758,0.000070
6676.872000,-0.138680,0.109773,0.259857,-2.173659,-2.205587,0.062808,-0.010840,-0.000141,-0.000127,-0.000399,0.011563,-0.000031
6676.880000,-0.138768,0.109767,0.259864,-2.173600,-2.205635,0.062875,-0.010225,-0.000140,-0.000831,-0.000212,-0.002558,0.000015
6676.888000,-0.138854,0.109770,0.259865,-2.173576,-2.205528,0.062943,-0.010409,-0.000128,-0.001846,-0.000254,0.001416,-0.000043
6676.896000,-0.138944,0.109771,0.259877,-2.173572,-2.205498,0.062957,-0.011026,-0.000154,0.000625,-0.000379,0.008854,0.000011
6676.904000,-0.139030,0.109771,0.259891,-2.173455,-2.205431,0.063179,-0.012413,-0.000214,0.006695,-0.000711,0.029493,0.000132
6676.912000,-0.139120,0.109771,0.259915,-2.173494,-2.205313,0.063223,-0.011027,-0.000160,0.001205,-0.000388,0.009175,0.000031
6676.920000,-0.139214,0.109763,0.259918,-2.173384,-2.205361,0.063342,-0.012633,-0.000226,0.007844,-0.000756,0.031894,0.000162
6676.928000,-0.139311,0.109759,0.259929,-2.173319,-2.205346,0.063384,-0.010391,-0.000142,-0.000479,-0.000267,0.001459,0.000007
6676.936000,-0.139398,0.109755,0.259962,-2.173230,-2.205286,0.063647,-0.012281,-0.000202,0.004951,-0.000612,0.022557,0.000103
6676.944000,-0.139482,0.109758,0.259976,-2.173179,-2.205180,0.063790,-0.010997,-0.000145,-0.000060,-0.000395,0.010757,-0.000024
6676.952000,-0.139574,0.109755,0.259967,-2.173258,-2.205155,0.063743,-0.010922,-0.000167,0.001553,-0.000333,0.004358,0.000069
6676.960000,-0.139656,0.109757,0.259971,-2.173237,-2.205080,0.063848,-0.010699,-0.000132,-0.001413,-0.000320,0.006065,-0.000050
6676.968000,-0.139753,0.109756,0.259999,-2.173120,-2.205040,0.063967,-0.010820,-0.000152,0.000185,-0.000322,0.004727,0.000016
6676.976000,-0.139849,0.109756,0.260004,-2.173039,-2.205037,0.064033,-0.012611,-0.000210,0.006074,-0.000721,0.030255,0.000105
6676.984000,-0.139935,0.109752,0.260028,-2.173015,-2.204963,0.064243,-0.011144,-0.000158,0.000821,-0.000387,0.009080,0.000018
6676.992000,-0.140027,0.109749,0.260026,-2.172974,-2.204920,0.064338,-0.013049,-0.000234,0.008220,-0.000796,0.034012,0.000166
6677.000000,-0.140119,0.109754,0.260042,-2.172903,-2.204873,0.064364,-0.011095,-0.000148,-0.000292,-0.000356,0.007426,-0.000015
6677.008000,-0.140218,0.109748,0.260078,-2.172805,-2.204801,0.064601,-0.012340,-0.000204,0.004939,-0.000597,0.021138,0.000110
6677.016000,-0.140308,0.109746,0.260087,-2.172758,-2.204727,0.064760,-0.011439,-0.000150,-0.000060,-0.000430,0.012766,-0.000033
6677.024000,-0.140408,0.109745,0.260094,-2.172723,-2.204717,0.064763,-0.011221,-0.000166,0.001283,-0.000375,0.007450,0.000044
6677.032000,-0.140498,0.109744,0.260102,-2.172636,-2.204681,0.064919,-0.012614,-0.000199,0.004787,-0.000685,0.028151,0.000069
6677.040000,-0.140593,0.109744,0.260137,-2.172593,-2.204533,0.065105,-0.011102,-0.000158,0.000775,-0.000384,0.008845,0.000018
6677.048000,-0.140672,0.109748,0.260139,-2.172659,-2.204443,0.065210,-0.013304,-0.000241,0.008731,-0.000813,0.034664,0.000182
6677.056000,-0.140773,0.109740,0.260153,-2.172528,-2.204467,0.065279,-0.010827,-0.000126,-0.002754,-0.000254,0.001181,-0.000073
6677.064000,-0.140869,0.109739,0.260168,-2.172492,-2.204406,0.065437,-0.013339,-0.000239,0.007923,-0.000761,0.030652,0.000173
6677.072000,-0.140966,0.109739,0.260193,-2.172339,-2.204354,0.065554,-0.011298,-0.000139,-0.001100,-0.000398,0.011131,-0.000063
6677.080000,-0.141065,0.109739,0.260197,-2.172322,-2.204311,0.065647,-0.012200,-0.000200,0.004173,-0.000522,0.015578,0.000111
6677.088000,-0.141162,0.109735,0.260206,-2.172320,-2.204231,0.065794,-0.012961,-0.000199,0.004054,-0.000660,0.025860,0.000055
6677.096000,-0.141248,0.109739,0.260223,-2.172234,-2.204194,0.065872,-0.011289,-0.000171,0.001700,-0.000379,0.007291,0.000061
6677.104000,-0.141345,0.109730,0.260215,-2.172152,-2.204242,0.065915,-0.013032,-0.000208,0.004643,-0.000653,0.024551,0.000083
6677.112000,-0.141434,0.109726,0.260221,-2.172132,-2.204225,0.066059,-0.010876,-0.000145,-0.000676,-0.000306,0.003846,-0.000010
6677.120000,-0.141537,0.109728,0.260238,-2.172075,-2.204139,0.066140,-0.012917,-0.000215,0.005291,-0.000640,0.023142,0.000114
6677.128000,-0.141626,0.109733,0.260242,-2.172088,-2.204045,0.066180,-0.011724,-0.000157,-0.000108,-0.000401,0.009683,-0.000017
6677.136000,-0.141715,0.109725,0.260262,-2.172043,-2.204004,0.066405,-0.013013,-0.000222,0.005956,-0.000652,0.023487,0.000137
6677.144000,-0.141818,0.109727,0.260265,-2.172030,-2.203935,0.066421,-0.012854,-0.000194,0.003241,-0.000606,0.022102,0.000044
6677.152000,-0.141917,0.109725,0.260300,-2.171932,-2.203863,0.066605,-0.012477,-0.000197,0.003320,-0.000514,0.014946,0.000084
6677.160000,-0.142021,0.109719,0.260325,-2.171772,-2.203831,0.066764,-0.013433,-0.000224,0.006081,-0.000734,0.029368,0.000112
6677.168000,-0.142120,0.109719,0.260345,-2.171805,-2.203737,0.066936,-0.011741,-0.000165,0.000152,-0.000355,0.005480,0.000015
6677.176000,-0.142221,0.109716,0.260359,-2.171662,-2.203722,0.067080,-0.013729,-0.000240,0.007553,-0.000784,0.031879,0.000154
6677.184000,-0.142314,0.109714,0.260374,-2.171645,-2.203680,0.067173,-0.011891,-0.000162,-0.000127,-0.000381,0.007541,-0.000006
6677.192000,-0.142404,0.109717,0.260369,-2.171681,-2.203610,0.067189,-0.013894,-0.000246,0.007740,-0.000772,0.030345,0.000169
6677.200000,-0.142510,0.109714,0.260388,-2.171589,-2.203569,0.067335,-0.012307,-0.000167,0.000381,-0.000462,0.013130,-0.000015
6677.208000,-0.142619,0.109713,0.260386,-2.171521,-2.203604,0.067322,-0.012872,-0.000206,0.003895,-0.000559,0.017376,0.000093
6677.216000,-0.142721,0.109715,0.260419,-2.171485,-2.203435,0.067520,-0.012717,-0.000188,0.002535,-0.000569,0.019672,0.000030
6677.224000,-0.142806,0.109717,0.260428,-2.171520,-2.203366,0.067587,-0.012115,-0.000176,0.001304,-0.000439,0.010891,0.000030
6677.232000,-0.142903,0.109714,0.260444,-2.171358,-2.203332,0.067769,-0.013200,-0.000214,0.005064,-0.000673,0.025486,0.000094
6677.240000,-0.143005,0.109708,0.260463,-2.171308,-2.203311,0.067904,-0.011735,-0.000164,0.000078,-0.000352,0.005221,0.000014
6677.248000,-0.143104,0.109709,0.260468,-2.171294,-2.203243,0.067971,-0.013982,-0.000248,0.008402,-0.000842,0.035556,0.000166
6677.256000,-0.143214,0.109705,0.260485,-2.171267,-2.203163,0.068118,-0.012270,-0.000164,-0.000010,-0.000439,0.011553,-0.000021
6677.264000,-0.143308,0.109705,0.260498,-2.171235,-2.203133,0.068236,-0.013152,-0.000215,0.004808,-0.000618,0.021076,0.000108
6677.272000,-0.143408,0.109702,0.260502,-2.171100,-2.203099,0.068368,-0.012333,-0.000161,-0.000228,-0.000461,0.013403,-0.000039
6677.280000,-0.143502,0.109704,0.260533,-2.171066,-2.202987,0.068551,-0.012020,-0.000179,0.001370,-0.000394,0.007143,0.000052
6677.288000,-0.143608,0.109700,0.260533,-2.171055,-2.202976,0.068607,-0.012593,-0.000182,0.002015,-0.000548,0.018522,0.000017
6677.296000,-0.143710,0.109702,0.260539,-2.170956,-2.202978,0.068633,-0.012036,-0.000171,0.000322,-0.000369,0.005757,0.000021
6677.304000,-0.143801,0.109704,0.260541,-2.171015,-2.202827,0.068740,-0.013822,-0.000224,0.005592,-0.000741,0.029507,0.000094
6677.312000,-0.143906,0.109689,0.260563,-2.170881,-2.202852,0.068941,-0.012489,-0.000177,0.000870,-0.000457,0.011869,0.000010
6677.320000,-0.144006,0.109691,0.260565,-2.170860,-2.202803,0.068969,-0.014287,-0.000249,0.007623,-0.000800,0.031745,0.000158
6677.328000,-0.144105,0.109693,0.260580,-2.170798,-2.202768,0.069071,-0.012223,-0.000159,-0.000861,-0.000389,0.008006,-0.000033
6677.336000,-0.144209,0.109689,0.260591,-2.170799,-2.202718,0.069207,-0.013201,-0.000209,0.003443,-0.000535,0.014893,0.000091
6677.344000,-0.144322,0.109691,0.260617,-2.170661,-2.202627,0.069351,-0.013855,-0.000215,0.004283,-0.000691,0.026113,0.000064
6677.352000,-0.144429,0.109691,0.260653,-2.170573,-2.202485,0.069599,-0.012524,-0.000183,0.001185,-0.000428,0.009065,0.000037
6677.360000,-0.144533,0.109691,0.260681,-2.170519,-2.202380,0.069823,-0.014263,-0.000238,0.006652,-0.000792,0.032014,0.000120
6677.368000,-0.144633,0.109689,0.260683,-2.170476,-2.202306,0.069879,-0.012505,-0.000168,-0.000380,-0.000400,0.007938,-0.000014
6677.376000,-0.144739,0.109687,0.260712,-2.170402,-2.202233,0.070088,-0.014000,-0.000233,0.005793,-0.000705,0.025797,0.000121
6677.384000,-0.144846,0.109680,0.260716,-2.170307,-2.202243,0.070209,-0.012620,-0.000167,-0.000447,-0.000434,0.010637,-0.000031
6677.392000,-0.144940,0.109686,0.260707,-2.170312,-2.202192,0.070183,-0.014273,-0.000236,0.005711,-0.000712,0.025864,0.000119
6677.400000,-0.145056,0.109676,0.260718,-2.170252,-2.202216,0.070356,-0.012858,-0.000170,-0.000061,-0.000488,0.014424,-0.000036
6677.408000,-0.145159,0.109678,0.260741,-2.170182,-2.202060,0.070476,-0.012935,-0.000190,0.001113,-0.000426,0.007971,0.000042
6677.416000,-0.145260,0.109677,0.260741,-2.170157,-2.202062,0.070528,-0.014848,-0.000252,0.007488,-0.000862,0.035862,0.000132
6677.424000,-0.145367,0.109674,0.260764,-2.170079,-2.202039,0.070739,-0.012600,-0.000169,-0.000545,-0.000392,0.007090,-0.000015
6677.432000,-0.145466,0.109667,0.260769,-2.170012,-2.202024,0.070833,-0.014212,-0.000237,0.005669,-0.000695,0.024450,0.000125
6677.440000,-0.145572,0.109673,0.260780,-2.170027,-2.201879,0.070926,-0.012789,-0.000165,-0.000715,-0.000448,0.011596,-0.000045
6677.448000,-0.145685,0.109669,0.260798,-2.169896,-2.201877,0.071019,-0.014203,-0.000235,0.005579,-0.000701,0.024996,0.000118
6677.456000,-0.145792,0.109664,0.260803,-2.169815,-2.201848,0.071190,-0.014713,-0.000239,0.006203,-0.000831,0.034458,0.000092
6677.464000,-0.145895,0.109667,0.260827,-2.169790,-2.201717,0.071335,-0.012705,-0.000182,0.000404,-0.000389,0.005848,0.000027
6677.472000,-0.146006,0.109663,0.260840,-2.169743,-2.201644,0.071496,-0.015034,-0.000261,0.008109,-0.000872,0.035742,0.000155
6677.480000,-0.146111,0.109659,0.260869,-2.169633,-2.201585,0.071679,-0.012879,-0.000173,-0.000296,-0.000441,0.010378,-0.000023
6677.488000,-0.146214,0.109657,0.260865,-2.169576,-2.201581,0.071771,-0.014669,-0.000252,0.006946,-0.000764,0.028183,0.000152
6677.496000,-0.146322,0.109656,0.260882,-2.169479,-2.201533,0.071903,-0.013059,-0.000169,-0.000801,-0.000457,0.011768,-0.000048
6677.504000,-0.146423,0.109659,0.260885,-2.169514,-2.201438,0.071996,-0.014183,-0.000227,0.004457,-0.000650,0.021603,0.000095
6677.512000,-0.146529,0.109659,0.260903,-2.169440,-2.201308,0.072193,-0.013226,-0.000169,-0.001101,-0.000449,0.011016,-0.000054
6677.520000,-0.146637,0.109658,0.260897,-2.169424,-2.201291,0.072209,-0.013337,-0.000201,0.001983,-0.000488,0.011609,0.000056
6677.528000,-0.146739,0.109657,0.260892,-2.169331,-2.201299,0.072249,-0.014935,-0.000246,0.006691,-0.000855,0.035575,0.000104
6677.536000,-0.146853,0.109654,0.260932,-2.169323,-2.201163,0.072487,-0.012892,-0.000180,-0.000046,-0.000396,0.006280,0.000009
6677.544000,-0.146975,0.109652,0.260964,-2.169165,-2.201054,0.072723,-0.015307,-0.000263,0.008079,-0.000895,0.037022,0.000148
6677.552000,-0.147078,0.109653,0.261000,-2.169139,-2.200898,0.072947,-0.013769,-0.000190,0.000477,-0.000511,0.013824,-0.000010
6677.560000,-0.147202,0.109644,0.261015,-2.168970,-2.200935,0.073067,-0.014501,-0.000228,0.004015,-0.000657,0.021689,0.000080
6677.568000,-0.147311,0.109642,0.261029,-2.168897,-2.200836,0.073303,-0.013141,-0.000171,-0.001255,-0.000405,0.007493,-0.000041
6677.576000,-0.147415,0.109644,0.261027,-2.168920,-2.200806,0.073266,-0.013316,-0.000194,0.000257,-0.000366,0.002550,0.000042
6677.584000,-0.147520,0.109647,0.261045,-2.168861,-2.200693,0.073475,-0.015830,-0.000273,0.008892,-0.000976,0.042227,0.000151
6677.592000,-0.147642,0.109639,0.261054,-2.168828,-2.200690,0.073597,-0.013262,-0.000175,-0.001332,-0.000374,0.004616,-0.000027
6677.600000,-0.147757,0.109642,0.261081,-2.168690,-2.200625,0.073687,-0.015441,-0.000266,0.007699,-0.000849,0.033029,0.000156
6677.608000,-0.147862,0.109638,0.261112,-2.168562,-2.200495,0.074014,-0.013468,-0.000179,-0.000416,-0.000469,0.011557,-0.000031
6677.616000,-0.147984,0.109629,0.261131,-2.168514,-2.200474,0.074098,-0.013978,-0.000218,0.002531,-0.000501,0.010665,0.000084
6677.624000,-0.148081,0.109639,0.261138,-2.168545,-2.200347,0.074201,-0.015741,-0.000273,0.008541,-0.000922,0.037990,0.000160
6677.632000,-0.148201,0.109633,0.261159,-2.168496,-2.200299,0.074362,-0.013419,-0.000186,-0.000423,-0.000391,0.004990,0.000005
6677.640000,-0.148308,0.109628,0.261170,-2.168401,-2.200284,0.074533,-0.015754,-0.000271,0.007513,-0.000833,0.031088,0.000160
6677.648000,-0.148425,0.109634,0.261172,-2.168351,-2.200203,0.074571,-0.013142,-0.000161,-0.002709,-0.000339,0.003011,-0.000069
6677.656000,-0.148540,0.109624,0.261204,-2.168181,-2.200189,0.074796,-0.014381,-0.000223,0.002825,-0.000560,0.014600,0.000074
6677.664000,-0.148650,0.109631,0.261221,-2.168192,-2.199988,0.074953,-0.015794,-0.000257,0.006319,-0.000849,0.033417,0.000104
6677.672000,-0.148764,0.109624,0.261219,-2.168133,-2.200061,0.074944,-0.013716,-0.000190,-0.000271,-0.000429,0.007411,-0.000002
6677.680000,-0.148882,0.109614,0.261229,-2.168091,-2.200020,0.075118,-0.016262,-0.000286,0.009187,-0.000974,0.040420,0.000172
6677.688000,-0.148985,0.109621,0.261233,-2.168070,-2.199945,0.075195,-0.013666,-0.000179,-0.001296,-0.000410,0.006725,-0.000035
6677.696000,-0.149106,0.109621,0.261255,-2.167955,-2.199853,0.075366,-0.015858,-0.000274,0.007730,-0.000849,0.031989,0.000163
6677.704000,-0.149226,0.109621,0.261269,-2.167919,-2.199792,0.075523,-0.014473,-0.000209,0.002160,-0.000639,0.021665,0.000012
6677.712000,-0.149345,0.109618,0.261299,-2.167830,-2.199700,0.075696,-0.014148,-0.000203,0.000777,-0.000485,0.010334,0.000022
6677.720000,-0.149464,0.109611,0.261318,-2.167772,-2.199615,0.075857,-0.016181,-0.000273,0.007941,-0.000950,0.039572,0.000130
6677.728000,-0.149581,0.109612,0.261334,-2.167668,-2.199561,0.076000,-0.013750,-0.000184,-0.000487,-0.000470,0.010924,-0.000028
6677.736000,-0.149697,0.109606,0.261348,-2.167615,-2.199482,0.076174,-0.015413,-0.000258,0.005970,-0.000742,0.025111,0.000135
6677.744000,-0.149811,0.109608,0.261354,-2.167566,-2.199459,0.076252,-0.014683,-0.000217,0.002681,-0.000666,0.022993,0.000024
6677.752000,-0.149931,0.109605,0.261386,-2.167455,-2.199373,0.076489,-0.014502,-0.000222,0.002540,-0.000563,0.014629,0.000064
6677.760000,-0.150049,0.109609,0.261405,-2.167355,-2.199269,0.076606,-0.016290,-0.000276,0.007880,-0.000930,0.037683,0.000138
6677.768000,-0.150170,0.109599,0.261434,-2.167298,-2.199190,0.076909,-0.014359,-0.000206,0.001107,-0.000540,0.014207,0.000014
6677.776000,-0.150285,0.109597,0.261443,-2.167194,-2.199162,0.077028,-0.016370,-0.000279,0.007879,-0.000921,0.036662,0.000144
6677.784000,-0.150410,0.109603,0.261454,-2.167196,-2.199055,0.077043,-0.014267,-0.000197,0.000175,-0.000506,0.012276,-0.000010
6677.792000,-0.150524,0.109601,0.261500,-2.167092,-2.198926,0.077344,-0.015372,-0.000247,0.004446,-0.000670,0.020351,0.000105
6677.800000,-0.150652,0.109594,0.261503,-2.167025,-2.198936,0.077387,-0.016495,-0.000275,0.007576,-0.000950,0.039049,0.000120
6677.808000,-0.150760,0.109601,0.261517,-2.167068,-2.198797,0.077518,-0.014124,-0.000197,-0.000177,-0.000438,0.007046,0.000006
6677.816000,-0.150882,0.109589,0.261519,-2.166954,-2.198813,0.077654,-0.015860,-0.000267,0.007132,-0.000868,0.033786,0.000131
6677.824000,-0.150998,0.109591,0.261525,-2.166850,-2.198784,0.077744,-0.013875,-0.000179,-0.001818,-0.000408,0.006289,-0.000050
6677.832000,-0.151119,0.109587,0.261539,-2.166801,-2.198736,0.077903,-0.015390,-0.000251,0.004802,-0.000676,0.020413,0.000118
6677.840000,-0.151230,0.109589,0.261548,-2.166751,-2.198605,0.078074,-0.014027,-0.000179,-0.001605,-0.000456,0.009889,-0.000062
6677.848000,-0.151359,0.109587,0.261550,-2.166685,-2.198615,0.078087,-0.014485,-0.000207,0.000237,-0.000459,0.007645,0.000019
6677.856000,-0.151490,0.109579,0.261575,-2.166536,-2.198544,0.078351,-0.016914,-0.000290,0.008700,-0.001002,0.041450,0.000149
6677.864000,-0.151600,0.109587,0.261596,-2.166579,-2.198404,0.078482,-0.014804,-0.000215,0.001644,-0.000585,0.016522,0.000022
6677.872000,-0.151726,0.109580,0.261639,-2.166459,-2.198283,0.078721,-0.015958,-0.000254,0.005000,-0.000775,0.027383,0.000088
6677.880000,-0.151846,0.109585,0.261661,-2.166387,-2.198208,0.078850,-0.015337,-0.000222,0.001727,-0.000627,0.018842,0.000015
6677.888000,-0.151967,0.109583,0.261662,-2.166326,-2.198172,0.078957,-0.014559,-0.000210,0.000915,-0.000512,0.011369,0.000024
6677.896000,-0.152085,0.109575,0.261674,-2.166239,-2.198164,0.079090,-0.015499,-0.000238,0.003640,-0.000713,0.024138,0.000055
6677.904000,-0.152215,0.109569,0.261683,-2.166222,-2.198122,0.079212,-0.014657,-0.000210,0.000643,-0.000510,0.011163,0.000015
6677.912000,-0.152332,0.109574,0.261708,-2.166138,-2.198010,0.079392,-0.016315,-0.000270,0.006712,-0.000865,0.032818,0.000121
6677.920000,-0.152453,0.109569,0.261727,-2.166113,-2.197880,0.079593,-0.014587,-0.000199,0.000041,-0.000546,0.014859,-0.000027
6677.928000,-0.152578,0.109566,0.261734,-2.166026,-2.197871,0.079700,-0.015368,-0.000237,0.003171,-0.000650,0.019397,0.000064
6677.936000,-0.152699,0.109562,0.261770,-2.165934,-2.197780,0.079948,-0.015480,-0.000236,0.003381,-0.000704,0.023582,0.000049
6677.944000,-0.152821,0.109569,0.261793,-2.165860,-2.197648,0.080065,-0.014720,-0.000204,0.000210,-0.000531,0.013157,-0.000011
6677.952000,-0.152949,0.109560,0.261816,-2.165748,-2.197590,0.080303,-0.016383,-0.000271,0.006553,-0.000866,0.032732,0.000116
6677.960000,-0.153065,0.109565,0.261845,-2.165655,-2.197439,0.080486,-0.015122,-0.000221,0.001851,-0.000621,0.018573,0.000020
6677.968000,-0.153195,0.109567,0.261867,-2.165601,-2.197359,0.080655,-0.015451,-0.000233,0.002827,-0.000655,0.019949,0.000049
6677.976000,-0.153315,0.109561,0.261887,-2.165510,-2.197268,0.080880,-0.016986,-0.000286,0.008276,-0.001000,0.041546,0.000131
6677.984000,-0.153436,0.109559,0.261891,-2.165485,-2.197244,0.080986,-0.014938,-0.000199,-0.001033,-0.000483,0.009562,-0.000035
6677.992000,-0.153571,0.109551,0.261916,-2.165369,-2.197205,0.081134,-0.016510,-0.000271,0.006156,-0.000846,0.031044,0.000111
6678.000000,-0.153695,0.109548,0.261931,-2.165305,-2.197088,0.081357,-0.016869,-0.000267,0.005612,-0.000889,0.034395,0.000074
6678.008000,-0.153832,0.109548,0.261972,-2.165111,-2.197047,0.081551,-0.015579,-0.000229,0.001753,-0.000609,0.016498,0.000029
6678.016000,-0.153948,0.109544,0.261977,-2.165057,-2.196968,0.081749,-0.017278,-0.000284,0.007330,-0.000975,0.039332,0.000110
6678.024000,-0.154072,0.109549,0.261978,-2.165090,-2.196841,0.081829,-0.015344,-0.000207,-0.000700,-0.000519,0.011369,-0.000032
6678.032000,-0.154197,0.109543,0.261995,-2.164972,-2.196801,0.082026,-0.015624,-0.000238,0.002674,-0.000629,0.017303,0.000059
6678.040000,-0.154331,0.109531,0.262027,-2.164788,-2.196744,0.082239,-0.016013,-0.000236,0.002141,-0.000676,0.020759,0.000021
6678.048000,-0.154452,0.109541,0.262036,-2.164799,-2.196624,0.082355,-0.015413,-0.000217,0.000272,-0.000541,0.012246,-0.000001
6678.080000,-0.154963,0.109533,0.262136,-2.164352,-2.196301,0.083178,-0.017855,-0.000302,0.008112,-0.000990,0.038598,0.000144
6678.088000,-0.155096,0.109529,0.262167,-2.164289,-2.196159,0.083404,-0.015186,-0.000209,-0.000600,-0.000486,0.008709,-0.000013
6678.096000,-0.155232,0.109524,0.262166,-2.164250,-2.196118,0.083474,-0.017329,-0.000287,0.006680,-0.000889,0.032209,0.000126
6678.104000,-0.155357,0.109526,0.262202,-2.164189,-2.195954,0.083812,-0.015356,-0.000202,-0.001183,-0.000521,0.011815,-0.000051
6678.112000,-0.155482,0.109525,0.262198,-2.164143,-2.195906,0.083891,-0.015165,-0.000209,-0.000669,-0.000481,0.008330,-0.000014
6678.120000,-0.155608,0.109527,0.262218,-2.164073,-2.195807,0.084023,-0.017301,-0.000287,0.007144,-0.000925,0.035094,0.000126
6678.128000,-0.155738,0.109520,0.262224,-2.163991,-2.195804,0.084169,-0.015162,-0.000199,-0.001782,-0.000455,0.007075,-0.000047
6678.136000,-0.155863,0.109523,0.262249,-2.163935,-2.195667,0.084326,-0.016573,-0.000261,0.004017,-0.000722,0.021904,0.000085
6678.144000,-0.155988,0.109517,0.262258,-2.163777,-2.195664,0.084522,-0.016559,-0.000249,0.003174,-0.000746,0.024603,0.000039
6678.152000,-0.156126,0.109513,0.262279,-2.163715,-2.195573,0.084643,-0.016358,-0.000246,0.002299,-0.000656,0.018093,0.000043
6678.160000,-0.156259,0.109514,0.262305,-2.163668,-2.195422,0.084931,-0.017760,-0.000296,0.007630,-0.000982,0.038430,0.000126
6678.168000,-0.156395,0.109509,0.262350,-2.163513,-2.195345,0.085155,-0.016097,-0.000231,0.001218,-0.000640,0.018204,0.000003
6678.176000,-0.156514,0.109513,0.262374,-2.163456,-2.195207,0.085362,-0.016200,-0.000244,0.002426,-0.000655,0.018256,0.000046
6678.184000,-0.156649,0.109509,0.262384,-2.163389,-2.195166,0.085483,-0.017557,-0.000285,0.005574,-0.000832,0.027669,0.000112
6678.192000,-0.156781,0.109506,0.262411,-2.163298,-2.195074,0.085705,-0.016073,-0.000235,0.001709,-0.000646,0.018300,0.000020
6678.200000,-0.156928,0.109505,0.262453,-2.163219,-2.194887,0.085943,-0.017022,-0.000260,0.003108,-0.000719,0.021271,0.000057
6678.208000,-0.157063,0.109500,0.262473,-2.163027,-2.194904,0.086176,-0.016988,-0.000262,0.003583,-0.000740,0.022695,0.000066
6678.216000,-0.157192,0.109497,0.262497,-2.162976,-2.194800,0.086323,-0.016176,-0.000237,0.001277,-0.000603,0.014714,0.000025
6678.224000,-0.157331,0.109492,0.262519,-2.162835,-2.194734,0.086520,-0.016664,-0.000255,0.003150,-0.000719,0.021851,0.000054
6678.232000,-0.157451,0.109499,0.262539,-2.162831,-2.194570,0.086650,-0.016228,-0.000230,0.000728,-0.000622,0.016675,-0.000006
6678.240000,-0.157582,0.109492,0.262552,-2.162751,-2.194599,0.086809,-0.016007,-0.000230,0.000310,-0.000538,0.010362,0.000014
6678.248000,-0.157714,0.109486,0.262547,-2.162698,-2.194570,0.086903,-0.016863,-0.000254,0.002674,-0.000706,0.020725,0.000044
6678.256000,-0.157854,0.109489,0.262578,-2.162545,-2.194490,0.087072,-0.016263,-0.000233,0.000439,-0.000568,0.012193,0.000009
6678.264000,-0.157978,0.109488,0.262577,-2.162602,-2.194366,0.087180,-0.017704,-0.000283,0.005197,-0.000844,0.028561,0.000093
6678.272000,-0.158127,0.109479,0.262631,-2.162343,-2.194263,0.087635,-0.017355,-0.000264,0.003237,-0.000757,0.023452,0.000050
6678.280000,-0.158268,0.109486,0.262646,-2.162407,-2.194061,0.087692,-0.017037,-0.000257,0.002551,-0.000698,0.019766,0.000045
6678.288000,-0.158402,0.109485,0.262672,-2.162206,-2.194014,0.087924,-0.017564,-0.000270,0.004158,-0.000830,0.028513,0.000055
6678.296000,-0.158545,0.109476,0.262708,-2.162064,-2.193950,0.088174,-0.016904,-0.000244,0.000935,-0.000636,0.016061,0.000008
6678.304000,-0.158677,0.109478,0.262714,-2.162073,-2.193855,0.088318,-0.017664,-0.000269,0.003521,-0.000794,0.025724,0.000049
6678.312000,-0.158817,0.109473,0.262735,-2.161984,-2.193764,0.088492,-0.017341,-0.000263,0.003780,-0.000827,0.028950,0.000038
6678.320000,-0.158960,0.109473,0.262760,-2.161924,-2.193678,0.088649,-0.016952,-0.000255,0.002495,-0.000699,0.019953,0.000042
6678.328000,-0.159089,0.109467,0.262770,-2.161783,-2.193694,0.088832,-0.017989,-0.000285,0.005427,-0.000903,0.032559,0.000079
6678.336000,-0.159228,0.109467,0.262811,-2.161713,-2.193463,0.089108,-0.016590,-0.000232,-0.000228,-0.000575,0.012481,-0.000015
6678.344000,-0.159366,0.109467,0.262819,-2.161613,-2.193440,0.089237,-0.017367,-0.000270,0.003891,-0.000780,0.024755,0.000066
6678.352000,-0.159501,0.109466,0.262854,-2.161557,-2.193252,0.089527,-0.017962,-0.000280,0.005387,-0.000949,0.036633,0.000054
6678.360000,-0.159640,0.109468,0.262873,-2.161486,-2.193127,0.089736,-0.016102,-0.000219,-0.000617,-0.000567,0.013214,-0.000035
6678.368000,-0.159777,0.109459,0.262865,-2.161393,-2.193163,0.089778,-0.017286,-0.000267,0.003541,-0.000755,0.023020,0.000063
6678.376000,-0.159890,0.109466,0.262887,-2.161285,-2.192999,0.090035,-0.016005,-0.000207,-0.002098,-0.000507,0.009557,-0.000067
6678.384000,-0.160040,0.109454,0.262891,-2.161254,-2.193022,0.090107,-0.017050,-0.000258,0.002103,-0.000650,0.015725,0.000052
6678.392000,-0.160180,0.109460,0.262901,-2.161192,-2.192877,0.090276,-0.018958,-0.000313,0.007540,-0.001029,0.039283,0.000120
6678.400000,-0.160333,0.109447,0.262941,-2.161021,-2.192839,0.090578,-0.017056,-0.000253,0.002707,-0.000774,0.025729,0.000016
6678.408000,-0.160473,0.109449,0.262981,-2.160881,-2.192696,0.090850,-0.017733,-0.000269,0.003208,-0.000783,0.024655,0.000043
6678.416000,-0.160606,0.109451,0.262984,-2.160844,-2.192602,0.090943,-0.018084,-0.000282,0.004961,-0.000901,0.032410,0.000063
6678.424000,-0.160750,0.109450,0.263025,-2.160706,-2.192435,0.091242,-0.017057,-0.000248,0.001532,-0.000692,0.019800,0.000008
6678.432000,-0.160881,0.109447,0.263054,-2.160634,-2.192311,0.091480,-0.017769,-0.000272,0.003549,-0.000793,0.025105,0.000053
6678.440000,-0.161026,0.109440,0.263071,-2.160552,-2.192257,0.091704,-0.017766,-0.000266,0.002931,-0.000792,0.025527,0.000028
6678.448000,-0.161178,0.109431,0.263087,-2.160358,-2.192269,0.091875,-0.017735,-0.000264,0.002261,-0.000745,0.021995,0.000025
6678.456000,-0.161314,0.109436,0.263113,-2.160358,-2.192086,0.092097,-0.018022,-0.000283,0.004197,-0.000803,0.024726,0.000079
6678.464000,-0.161454,0.109431,0.263150,-2.160214,-2.192020,0.092345,-0.017808,-0.000270,0.002956,-0.000761,0.022670,0.000046
6678.472000,-0.161605,0.109436,0.263183,-2.160117,-2.191839,0.092539,-0.017694,-0.000262,0.002120,-0.000732,0.021194,0.000024
6678.480000,-0.161753,0.109435,0.263201,-2.160055,-2.191695,0.092738,-0.017961,-0.000274,0.003483,-0.000812,0.026193,0.000045
6678.488000,-0.161889,0.109422,0.263211,-2.159867,-2.191769,0.092934,-0.017403,-0.000256,0.001208,-0.000654,0.015845,0.000021
6678.496000,-0.162037,0.109427,0.263219,-2.159881,-2.191625,0.093052,-0.017665,-0.000268,0.002479,-0.000709,0.018845,0.000050
6678.504000,-0.162168,0.109425,0.263246,-2.159777,-2.191546,0.093248,-0.017959,-0.000278,0.003743,-0.000795,0.024429,0.000064
6678.512000,-0.162319,0.109419,0.263270,-2.159729,-2.191474,0.093435,-0.017660,-0.000266,0.002371,-0.000723,0.020087,0.000039
6678.520000,-0.162469,0.109417,0.263301,-2.159575,-2.191369,0.093682,-0.017851,-0.000269,0.002819,-0.000779,0.024060,0.000033
6678.528000,-0.162606,0.109417,0.263324,-2.159506,-2.191219,0.093917,-0.017862,-0.000267,0.002735,-0.000781,0.024338,0.000028
6678.536000,-0.162748,0.109413,0.263333,-2.159444,-2.191159,0.094101,-0.017777,-0.000263,0.002304,-0.000766,0.023600,0.000017
6678.544000,-0.162892,0.109416,0.263362,-2.159269,-2.191054,0.094269,-0.017751,-0.000270,0.003269,-0.000798,0.025479,0.000040
6678.552000,-0.163033,0.109410,0.263384,-2.159153,-2.190988,0.094466,-0.017934,-0.000272,0.003320,-0.000819,0.026768,0.000035
6678.560000,-0.163175,0.109413,0.263405,-2.159114,-2.190818,0.094714,-0.018369,-0.000279,0.003162,-0.000804,0.024688,0.000043
6678.568000,-0.163333,0.109403,0.263436,-2.158964,-2.190772,0.094951,-0.018280,-0.000278,0.003249,-0.000819,0.025997,0.000038
6678.576000,-0.163480,0.109400,0.263452,-2.158868,-2.190699,0.095109,-0.018477,-0.000278,0.002685,-0.000790,0.023566,0.000033
6678.584000,-0.163628,0.109408,0.263471,-2.158822,-2.190516,0.095252,-0.018265,-0.000275,0.003396,-0.000850,0.028551,0.000029
6678.592000,-0.163765,0.109401,0.263493,-2.158698,-2.190474,0.095552,-0.017799,-0.000264,0.002316,-0.000761,0.022963,0.000021
6678.600000,-0.163906,0.109400,0.263521,-2.158667,-2.190287,0.095815,-0.018099,-0.000268,0.001995,-0.000745,0.021146,0.000021
6678.608000,-0.164059,0.109395,0.263536,-2.158526,-2.190246,0.095986,-0.018717,-0.000287,0.003612,-0.000838,0.026303,0.000051
6678.616000,-0.164201,0.109394,0.263553,-2.158422,-2.190140,0.096206,-0.018333,-0.000272,0.002324,-0.000782,0.023485,0.000020
6678.624000,-0.164354,0.109387,0.263564,-2.158296,-2.190144,0.096364,-0.018860,-0.000293,0.004174,-0.000876,0.028604,0.000058
6678.632000,-0.164508,0.109386,0.263589,-2.158275,-2.190020,0.096549,-0.018868,-0.000292,0.003698,-0.000827,0.024817,0.000064
6678.640000,-0.164652,0.109384,0.263625,-2.158111,-2.189903,0.096797,-0.018426,-0.000271,0.001860,-0.000771,0.022584,0.000009
6678.648000,-0.164796,0.109386,0.263646,-2.158032,-2.189771,0.097042,-0.018165,-0.000268,0.001481,-0.000698,0.017369,0.000025
6678.656000,-0.164943,0.109387,0.263656,-2.158032,-2.189665,0.097137,-0.019041,-0.000298,0.004331,-0.000868,0.027405,0.000072
6678.664000,-0.165090,0.109382,0.263690,-2.157844,-2.189580,0.097448,-0.018724,-0.000283,0.003317,-0.000849,0.027377,0.000034
6678.672000,-0.165242,0.109377,0.263714,-2.157681,-2.189489,0.097646,-0.018414,-0.000276,0.002042,-0.000735,0.019353,0.000034
6678.680000,-0.165402,0.109373,0.263727,-2.157652,-2.189384,0.097869,-0.019737,-0.000315,0.006195,-0.001025,0.037504,0.000081
6678.688000,-0.165552,0.109371,0.263773,-2.157459,-2.189267,0.098192,-0.018488,-0.000275,0.002311,-0.000784,0.023106,0.000022
6678.696000,-0.165693,0.109375,0.263790,-2.157453,-2.189103,0.098376,-0.018581,-0.000273,0.001901,-0.000774,0.022430,0.000012
6678.704000,-0.165849,0.109368,0.263811,-2.157295,-2.189075,0.098598,-0.019258,-0.000302,0.004900,-0.000933,0.031839,0.000066
6678.712000,-0.165993,0.109367,0.263837,-2.157232,-2.188932,0.098820,-0.019136,-0.000293,0.004051,-0.000907,0.030650,0.000042
6678.720000,-0.166142,0.109372,0.263869,-2.157093,-2.188813,0.099012,-0.018511,-0.000274,0.002318,-0.000792,0.023753,0.000019
6678.728000,-0.166307,0.109357,0.263886,-2.157012,-2.188761,0.099243,-0.018530,-0.000276,0.001916,-0.000748,0.020173,0.000025
6678.736000,-0.166446,0.109355,0.263913,-2.156866,-2.188663,0.099450,-0.018894,-0.000283,0.002331,-0.000790,0.022512,0.000028
6678.744000,-0.166594,0.109359,0.263917,-2.156787,-2.188607,0.099564,-0.018152,-0.000260,0.000105,-0.000639,0.013314,-0.000000
6678.752000,-0.166742,0.109357,0.263931,-2.156763,-2.188451,0.099764,-0.019345,-0.000298,0.003497,-0.000846,0.025311,0.000055
6678.760000,-0.166894,0.109354,0.263957,-2.156671,-2.188359,0.099986,-0.018820,-0.000283,0.002802,-0.000827,0.025431,0.000027
6678.768000,-0.167045,0.109352,0.263991,-2.156547,-2.188260,0.100245,-0.018908,-0.000278,0.001659,-0.000765,0.020978,0.000013
6678.776000,-0.167199,0.109345,0.263994,-2.156477,-2.188188,0.100380,-0.019555,-0.000306,0.004417,-0.000911,0.029481,0.000064
6678.784000,-0.167349,0.109348,0.264022,-2.156369,-2.188050,0.100613,-0.019190,-0.000290,0.002582,-0.000803,0.022689,0.000037
6678.792000,-0.167506,0.109341,0.264057,-2.156220,-2.187952,0.100902,-0.019083,-0.000281,0.001573,-0.000770,0.020896,0.000011
6678.800000,-0.167660,0.109337,0.264070,-2.156183,-2.187865,0.101112,-0.019542,-0.000296,0.003126,-0.000867,0.026844,0.000033
6678.808000,-0.167813,0.109338,0.264103,-2.156057,-2.187710,0.101384,-0.019568,-0.000293,0.002590,-0.000845,0.025373,0.000023
6678.816000,-0.167973,0.109332,0.264112,-2.155917,-2.187669,0.101528,-0.019137,-0.000279,0.001209,-0.000762,0.020316,0.000002
6678.824000,-0.168118,0.109334,0.264137,-2.155835,-2.187536,0.101825,-0.019964,-0.000310,0.004259,-0.000923,0.029667,0.000058
6678.832000,-0.168283,0.109332,0.264165,-2.155751,-2.187395,0.101973,-0.020250,-0.000314,0.004606,-0.000976,0.033147,0.000051
6678.840000,-0.168451,0.109326,0.264206,-2.155554,-2.187272,0.102286,-0.019912,-0.000301,0.003302,-0.000909,0.029231,0.000026
6678.848000,-0.168601,0.109320,0.264234,-2.155419,-2.187218,0.102583,-0.019333,-0.000294,0.002608,-0.000798,0.021672,0.000044
6678.856000,-0.168756,0.109323,0.264232,-2.155432,-2.187099,0.102677,-0.019614,-0.000297,0.003297,-0.000894,0.028666,0.000028
6678.864000,-0.168917,0.109317,0.264268,-2.155208,-2.187026,0.102962,-0.019609,-0.000297,0.003170,-0.000885,0.027961,0.000028
6678.872000,-0.169067,0.109322,0.264307,-2.155127,-2.186812,0.103247,-0.019449,-0.000290,0.002530,-0.000847,0.025637,0.000018
6678.880000,-0.169232,0.109326,0.264314,-2.155115,-2.186693,0.103364,-0.019645,-0.000298,0.003128,-0.000866,0.026389,0.000036
6678.888000,-0.169387,0.109314,0.264345,-2.154974,-2.186634,0.103679,-0.019815,-0.000305,0.003971,-0.000919,0.029711,0.000046
6678.896000,-0.169547,0.109312,0.264384,-2.154814,-2.186497,0.103990,-0.019231,-0.000287,0.002245,-0.000811,0.023269,0.000021
6678.904000,-0.169704,0.109302,0.264401,-2.154661,-2.186444,0.104189,-0.019625,-0.000294,0.002640,-0.000866,0.026590,0.000017
6678.912000,-0.169867,0.109307,0.264430,-2.154544,-2.186268,0.104421,-0.019713,-0.000299,0.003184,-0.000891,0.028076,0.000028
6678.920000,-0.170023,0.109304,0.264452,-2.154465,-2.186194,0.104681,-0.019949,-0.000299,0.002273,-0.000832,0.023297,0.000025
6678.928000,-0.170182,0.109305,0.264477,-2.154396,-2.186043,0.104891,-0.019758,-0.000303,0.003826,-0.000921,0.030003,0.000039
6678.936000,-0.170348,0.109297,0.264505,-2.154333,-2.185902,0.105143,-0.020182,-0.000306,0.003226,-0.000903,0.027913,0.000032
6678.944000,-0.170493,0.109297,0.264514,-2.154185,-2.185853,0.105297,-0.019789,-0.000297,0.002347,-0.000836,0.023877,0.000023
6678.952000,-0.170658,0.109297,0.264516,-2.154128,-2.185767,0.105403,-0.020102,-0.000302,0.002764,-0.000883,0.026835,0.000021
6678.960000,-0.170811,0.109298,0.264553,-2.154025,-2.185610,0.105700,-0.020033,-0.000302,0.002576,-0.000851,0.024404,0.000029
6678.968000,-0.170973,0.109294,0.264558,-2.153901,-2.185587,0.105831,-0.020042,-0.000305,0.003327,-0.000901,0.027980,0.000034
6678.976000,-0.171136,0.109285,0.264609,-2.153741,-2.185458,0.106261,-0.020343,-0.000312,0.003539,-0.000912,0.027942,0.000043
6678.984000,-0.171302,0.109285,0.264622,-2.153648,-2.185359,0.106391,-0.020257,-0.000307,0.003135,-0.000906,0.027980,0.000028
6678.992000,-0.171463,0.109287,0.264649,-2.153548,-2.185233,0.106674,-0.019817,-0.000295,0.001803,-0.000797,0.020929,0.000022
6679.000000,-0.171623,0.109280,0.264667,-2.153446,-2.185129,0.106899,-0.019659,-0.000295,0.002106,-0.000811,0.022142,0.000024
6679.008000,-0.171781,0.109275,0.264670,-2.153369,-2.185075,0.107019,-0.019746,-0.000289,0.001304,-0.000801,0.021677,-0.000001
6679.016000,-0.171938,0.109280,0.264661,-2.153380,-2.185006,0.107058,-0.019745,-0.000293,0.001362,-0.000764,0.018509,0.000020
6679.024000,-0.172088,0.109277,0.264693,-2.153228,-2.184875,0.107307,-0.020449,-0.000316,0.003934,-0.000936,0.029322,0.000049
6679.032000,-0.172257,0.109268,0.264715,-2.153120,-2.184848,0.107530,-0.020221,-0.000308,0.003078,-0.000892,0.026763,0.000033
6679.040000,-0.172423,0.109261,0.264745,-2.152972,-2.184750,0.107791,-0.020091,-0.000301,0.002342,-0.000861,0.024994,0.000017
6679.048000,-0.172583,0.109267,0.264768,-2.152923,-2.184516,0.108089,-0.020378,-0.000309,0.003278,-0.000926,0.029106,0.000026
6679.056000,-0.172749,0.109266,0.264801,-2.152692,-2.184434,0.108358,-0.019949,-0.000299,0.002687,-0.000892,0.027741,0.000012
6679.064000,-0.172917,0.109262,0.264830,-2.152642,-2.184229,0.108686,-0.020159,-0.000305,0.003178,-0.000921,0.029241,0.000021
6679.072000,-0.173082,0.109259,0.264849,-2.152558,-2.184143,0.108869,-0.020836,-0.000319,0.003575,-0.000945,0.029365,0.000037
6679.080000,-0.173248,0.109254,0.264871,-2.152436,-2.184070,0.109053,-0.020820,-0.000320,0.004117,-0.000991,0.032754,0.000036
6679.088000,-0.173413,0.109254,0.264902,-2.152282,-2.183964,0.109297,-0.020801,-0.000314,0.002768,-0.000911,0.027160,0.000022
6679.096000,-0.173576,0.109251,0.264915,-2.152236,-2.183840,0.109509,-0.020391,-0.000307,0.002943,-0.000917,0.028459,0.000018
6679.104000,-0.173730,0.109254,0.264937,-2.152176,-2.183701,0.109741,-0.020587,-0.000310,0.002904,-0.000919,0.028272,0.000019
6679.112000,-0.173896,0.109252,0.264942,-2.152100,-2.183595,0.109912,-0.020590,-0.000311,0.002773,-0.000891,0.025986,0.000028
6679.120000,-0.174074,0.109243,0.264987,-2.151895,-2.183492,0.110237,-0.021092,-0.000324,0.004068,-0.000996,0.032480,0.000036
6679.128000,-0.174236,0.109240,0.265009,-2.151768,-2.183361,0.110485,-0.020953,-0.000320,0.003520,-0.000956,0.029868,0.000032
6679.136000,-0.174405,0.109238,0.265038,-2.151642,-2.183287,0.110717,-0.020746,-0.000310,0.002348,-0.000902,0.026729,0.000009
6679.144000,-0.174569,0.109232,0.265062,-2.151484,-2.183233,0.110989,-0.020671,-0.000312,0.002201,-0.000855,0.023024,0.000026
6679.152000,-0.174734,0.109233,0.265078,-2.151429,-2.183070,0.111174,-0.021233,-0.000324,0.003465,-0.000970,0.030367,0.000028
6679.160000,-0.174903,0.109232,0.265114,-2.151285,-2.182895,0.111485,-0.020926,-0.000317,0.002986,-0.000933,0.028320,0.000022
6679.168000,-0.175068,0.109232,0.265159,-2.151163,-2.182693,0.111847,-0.021249,-0.000323,0.003396,-0.000970,0.030448,0.000025
6679.176000,-0.175241,0.109230,0.265188,-2.150991,-2.182595,0.112079,-0.020992,-0.000314,0.002760,-0.000947,0.029605,0.000006
6679.184000,-0.175407,0.109219,0.265192,-2.150957,-2.182541,0.112331,-0.020524,-0.000304,0.001787,-0.000867,0.024677,0.000000
6679.192000,-0.175577,0.109216,0.265193,-2.150884,-2.182436,0.112452,-0.020685,-0.000306,0.001640,-0.000860,0.023752,0.000001
6679.200000,-0.175739,0.109226,0.265223,-2.150800,-2.182245,0.112732,-0.020742,-0.000308,0.002224,-0.000899,0.026561,0.000005
6679.208000,-0.175909,0.109222,0.265247,-2.150630,-2.182146,0.112939,-0.021371,-0.000327,0.003748,-0.000989,0.031344,0.000032
6679.216000,-0.176081,0.109214,0.265270,-2.150475,-2.182123,0.113199,-0.021074,-0.000327,0.003992,-0.000966,0.029830,0.000049
6679.224000,-0.176242,0.109212,0.265284,-2.150484,-2.181949,0.113387,-0.021268,-0.000323,0.003492,-0.000991,0.031857,0.000019
6679.232000,-0.176416,0.109208,0.265313,-2.150280,-2.181900,0.113668,-0.020861,-0.000309,0.001484,-0.000842,0.021892,0.000008
6679.240000,-0.176589,0.109204,0.265339,-2.150107,-2.181800,0.113928,-0.020668,-0.000309,0.001567,-0.000819,0.020253,0.000020
6679.248000,-0.176753,0.109202,0.265362,-2.150027,-2.181664,0.114113,-0.021572,-0.000334,0.003915,-0.000987,0.030362,0.000044
6679.256000,-0.176926,0.109203,0.265389,-2.149930,-2.181513,0.114371,-0.021821,-0.000344,0.004775,-0.001020,0.031862,0.000066
6679.264000,-0.177105,0.109198,0.265423,-2.149808,-2.181415,0.114606,-0.021489,-0.000328,0.003239,-0.000959,0.028708,0.000030
6679.272000,-0.177267,0.109201,0.265455,-2.149735,-2.181187,0.114992,-0.021388,-0.000319,0.002342,-0.000929,0.027265,0.000007
6679.280000,-0.177444,0.109187,0.265480,-2.149560,-2.181141,0.115256,-0.021260,-0.000317,0.002173,-0.000923,0.027016,0.000002
6679.288000,-0.177608,0.109192,0.265487,-2.149494,-2.181046,0.115396,-0.021369,-0.000323,0.002562,-0.000919,0.026144,0.000022
6679.296000,-0.177785,0.109198,0.265513,-2.149400,-2.180895,0.115601,-0.021788,-0.000329,0.003188,-0.000989,0.030640,0.000017
6679.304000,-0.177958,0.109188,0.265536,-2.149265,-2.180784,0.115891,-0.021541,-0.000325,0.002650,-0.000941,0.027500,0.000017
6679.312000,-0.178127,0.109187,0.265566,-2.149112,-2.180679,0.116109,-0.021464,-0.000319,0.002074,-0.000926,0.026892,-0.000000
6679.320000,-0.178305,0.109179,0.265568,-2.149008,-2.180599,0.116333,-0.021884,-0.000333,0.003047,-0.000972,0.028847,0.000024
6679.328000,-0.178481,0.109180,0.265590,-2.148844,-2.180505,0.116525,-0.021745,-0.000330,0.003007,-0.000967,0.028746,0.000022
6679.336000,-0.178656,0.109173,0.265625,-2.148773,-2.180332,0.116841,-0.022071,-0.000340,0.004243,-0.001058,0.034656,0.000030
6679.344000,-0.178834,0.109173,0.265675,-2.148571,-2.180180,0.117224,-0.021839,-0.000333,0.003358,-0.000994,0.030510,0.000024
6679.352000,-0.179006,0.109169,0.265672,-2.148538,-2.180094,0.117359,-0.021581,-0.000324,0.002399,-0.000944,0.027673,0.000007
6679.360000,-0.179179,0.109164,0.265701,-2.148355,-2.179987,0.117707,-0.021538,-0.000321,0.002132,-0.000934,0.027160,0.000000
6679.368000,-0.179347,0.109168,0.265704,-2.148328,-2.179850,0.117788,-0.021451,-0.000321,0.002411,-0.000945,0.028037,0.000004
6679.376000,-0.179521,0.109159,0.265732,-2.148145,-2.179770,0.118111,-0.021290,-0.000319,0.001696,-0.000869,0.022472,0.000013
6679.384000,-0.179689,0.109162,0.265749,-2.148122,-2.179613,0.118255,-0.021599,-0.000327,0.002548,-0.000927,0.025923,0.000023
6679.392000,-0.179857,0.109166,0.265766,-2.148044,-2.179455,0.118500,-0.021872,-0.000331,0.002689,-0.000949,0.027155,0.000021
6679.400000,-0.180050,0.109152,0.265796,-2.147791,-2.179433,0.118812,-0.022019,-0.000333,0.002575,-0.000959,0.027581,0.000015
6679.408000,-0.180234,0.109145,0.265820,-2.147680,-2.179322,0.119099,-0.021827,-0.000330,0.002871,-0.000989,0.030261,0.000008
6679.416000,-0.180410,0.109144,0.265840,-2.147564,-2.179177,0.119371,-0.022102,-0.000336,0.003308,-0.001018,0.031703,0.000015
6679.424000,-0.180583,0.109149,0.265872,-2.147488,-2.178994,0.119615,-0.022204,-0.000336,0.003044,-0.001004,0.030563,0.000013
6679.432000,-0.180760,0.109145,0.265900,-2.147353,-2.178882,0.119850,-0.021917,-0.000329,0.002471,-0.000963,0.028157,0.000007
6679.440000,-0.180934,0.109134,0.265926,-2.147227,-2.178780,0.120101,-0.021937,-0.000330,0.002068,-0.000935,0.026004,0.000006
6679.448000,-0.181104,0.109138,0.265935,-2.147157,-2.178658,0.120344,-0.022061,-0.000330,0.002036,-0.000940,0.026239,0.000004
6679.456000,-0.181289,0.109132,0.265948,-2.147085,-2.178560,0.120555,-0.022364,-0.000340,0.002759,-0.000973,0.027610,0.000022
6679.464000,-0.181465,0.109127,0.265964,-2.146887,-2.178511,0.120761,-0.022259,-0.000342,0.003069,-0.000973,0.027485,0.000033
6679.472000,-0.181637,0.109136,0.266004,-2.146804,-2.178295,0.121041,-0.022354,-0.000342,0.003186,-0.000986,0.028396,0.000032
6679.480000,-0.181817,0.109126,0.266033,-2.146698,-2.178191,0.121343,-0.022274,-0.000335,0.002708,-0.001001,0.030198,0.000003
6679.488000,-0.182006,0.109124,0.266045,-2.146518,-2.178078,0.121525,-0.022200,-0.000336,0.002496,-0.000967,0.027600,0.000012
6679.496000,-0.182177,0.109121,0.266040,-2.146525,-2.178037,0.121644,-0.022237,-0.000338,0.002845,-0.000987,0.028880,0.000016
6679.504000,-0.182355,0.109120,0.266062,-2.146353,-2.177911,0.121901,-0.022283,-0.000334,0.002177,-0.000962,0.027193,0.000004
6679.512000,-0.182537,0.109114,0.266093,-2.146243,-2.177774,0.122189,-0.022411,-0.000341,0.002870,-0.000994,0.028981,0.000017
6679.520000,-0.182714,0.109114,0.266119,-2.146124,-2.177629,0.122510,-0.022340,-0.000333,0.002412,-0.001007,0.030683,-0.000010
6679.528000,-0.182893,0.109109,0.266122,-2.146024,-2.177549,0.122656,-0.022056,-0.000323,0.001108,-0.000930,0.025889,-0.000027
6679.536000,-0.183069,0.109103,0.266164,-2.145807,-2.177436,0.123065,-0.022121,-0.000328,0.001692,-0.000952,0.027040,-0.000013
6679.544000,-0.183248,0.109105,0.266156,-2.145790,-2.177310,0.123173,-0.022728,-0.000345,0.002960,-0.001017,0.030073,0.000014
6679.552000,-0.183429,0.109103,0.266177,-2.145746,-2.177110,0.123461,-0.022826,-0.000346,0.002724,-0.001008,0.029259,0.000012
6679.560000,-0.183619,0.109104,0.266196,-2.145556,-2.177041,0.123625,-0.022562,-0.000338,0.002395,-0.001001,0.029561,-0.000003
6679.568000,-0.183797,0.109094,0.266209,-2.145456,-2.176942,0.123913,-0.022664,-0.000343,0.002676,-0.001005,0.029283,0.000009
6679.576000,-0.183968,0.109090,0.266251,-2.145308,-2.176798,0.124312,-0.022790,-0.000343,0.002601,-0.001017,0.030102,0.000002
6679.584000,-0.184146,0.109093,0.266239,-2.145235,-2.176716,0.124377,-0.022709,-0.000342,0.002620,-0.001011,0.029752,0.000004
6679.592000,-0.184336,0.109087,0.266290,-2.145025,-2.176553,0.124740,-0.023019,-0.000354,0.003572,-0.001059,0.032206,0.000023
6679.600000,-0.184524,0.109092,0.266320,-2.144983,-2.176331,0.125087,-0.022788,-0.000344,0.002793,-0.001017,0.029963,0.000009
6679.608000,-0.184713,0.109079,0.266333,-2.144872,-2.176272,0.125300,-0.022302,-0.000334,0.001396,-0.000905,0.022678,0.000004
6679.616000,-0.184886,0.109078,0.266339,-2.144649,-2.176247,0.125476,-0.022513,-0.000335,0.001798,-0.000973,0.027538,-0.000012
6679.624000,-0.185072,0.109073,0.266363,-2.144589,-2.176085,0.125765,-0.022912,-0.000349,0.002829,-0.001015,0.029239,0.000015
6679.632000,-0.185250,0.109080,0.266397,-2.144447,-2.175856,0.126070,-0.022863,-0.000349,0.003470,-0.001067,0.033314,0.000011
6679.640000,-0.185438,0.109073,0.266419,-2.144339,-2.175776,0.126318,-0.022583,-0.000339,0.002138,-0.000979,0.027552,-0.000000
6679.648000,-0.185617,0.109069,0.266432,-2.144244,-2.175677,0.126502,-0.022700,-0.000342,0.002074,-0.000970,0.026536,0.000005
6679.656000,-0.185802,0.109070,0.266448,-2.144098,-2.175550,0.126732,-0.022911,-0.000350,0.003085,-0.001032,0.030375,0.000016
6679.664000,-0.185988,0.109064,0.266487,-2.144005,-2.175356,0.127110,-0.022970,-0.000348,0.003006,-0.001056,0.032341,0.000001
6679.672000,-0.186178,0.109057,0.266510,-2.143797,-2.175352,0.127328,-0.022618,-0.000346,0.002844,-0.000999,0.028357,0.000019
6679.680000,-0.186354,0.109064,0.266529,-2.143738,-2.175186,0.127532,-0.022667,-0.000339,0.002041,-0.000981,0.027519,-0.000003
6679.688000,-0.186540,0.109061,0.266545,-2.143677,-2.175024,0.127844,-0.022386,-0.000328,0.000668,-0.000905,0.022879,-0.000023
6679.696000,-0.186707,0.109061,0.266554,-2.143566,-2.174852,0.128065,-0.022741,-0.000336,0.000830,-0.000906,0.021978,-0.000010
6679.704000,-0.186906,0.109049,0.266555,-2.143361,-2.174900,0.128183,-0.023157,-0.000357,0.003127,-0.001022,0.028635,0.000029
6679.712000,-0.187090,0.109051,0.266590,-2.143299,-2.174736,0.128467,-0.023334,-0.000354,0.002614,-0.001027,0.029153,0.000009
6679.720000,-0.187277,0.109046,0.266588,-2.143231,-2.174663,0.128576,-0.023141,-0.000352,0.002433,-0.000997,0.027207,0.000014
6679.728000,-0.187449,0.109042,0.266632,-2.143099,-2.174455,0.129001,-0.023159,-0.000351,0.002192,-0.000987,0.026521,0.000010
6679.736000,-0.187633,0.109047,0.266617,-2.143019,-2.174397,0.129114,-0.022841,-0.000339,0.001096,-0.000922,0.022735,-0.000005
6679.744000,-0.187827,0.109034,0.266656,-2.142825,-2.174248,0.129455,-0.023761,-0.000365,0.003314,-0.001076,0.031487,0.000020
6679.752000,-0.188023,0.109032,0.266682,-2.142673,-2.174148,0.129736,-0.023742,-0.000360,0.002578,-0.001045,0.029536,0.000007
6679.760000,-0.188208,0.109030,0.266716,-2.142534,-2.173953,0.130085,-0.023785,-0.000355,0.001872,-0.001029,0.028702,-0.000013
6679.768000,-0.188395,0.109028,0.266718,-2.142423,-2.173890,0.130241,-0.023858,-0.000364,0.003113,-0.001083,0.031985,0.000010
6679.776000,-0.188571,0.109028,0.266727,-2.142390,-2.173783,0.130485,-0.023826,-0.000363,0.003186,-0.001085,0.032220,0.000010
6679.784000,-0.188767,0.109022,0.266748,-2.142284,-2.173646,0.130697,-0.023568,-0.000357,0.002735,-0.001058,0.030883,0.000002
6679.792000,-0.188961,0.109016,0.266771,-2.142134,-2.173547,0.130981,-0.023925,-0.000361,0.002684,-0.001084,0.032239,-0.000007
6679.800000,-0.189148,0.109022,0.266777,-2.142046,-2.173400,0.131171,-0.023443,-0.000349,0.001418,-0.000985,0.026080,-0.000013
6679.808000,-0.189335,0.109016,0.266795,-2.141987,-2.173263,0.131410,-0.023680,-0.000354,0.001958,-0.001030,0.028812,-0.000011
6679.816000,-0.189523,0.109014,0.266809,-2.141765,-2.173188,0.131637,-0.023896,-0.000367,0.003550,-0.001112,0.033859,0.000012
6679.824000,-0.189711,0.109009,0.266835,-2.141639,-2.173062,0.131948,-0.023876,-0.000363,0.003103,-0.001101,0.033294,0.000000
6679.832000,-0.189906,0.109013,0.266853,-2.141558,-2.172898,0.132154,-0.023859,-0.000359,0.002040,-0.001025,0.027806,-0.000001
6679.840000,-0.190093,0.109013,0.266871,-2.141458,-2.172771,0.132411,-0.023707,-0.000353,0.001723,-0.001015,0.027691,-0.000012
6679.848000,-0.190294,0.108993,0.266876,-2.141291,-2.172732,0.132690,-0.023397,-0.000345,0.000907,-0.000984,0.026263,-0.000033
6679.856000,-0.190469,0.109001,0.266883,-2.141185,-2.172591,0.132840,-0.023954,-0.000364,0.002123,-0.001015,0.026521,0.000010
6679.864000,-0.190670,0.108987,0.266901,-2.141072,-2.172537,0.133167,-0.024636,-0.000374,0.003287,-0.001160,0.036083,-0.000009
6679.872000,-0.190864,0.108998,0.266928,-2.140957,-2.172281,0.133422,-0.024091,-0.000361,0.001947,-0.001044,0.028836,-0.000011
6679.880000,-0.191058,0.108987,0.266942,-2.140858,-2.172235,0.133633,-0.024373,-0.000373,0.003065,-0.001104,0.032110,0.000008
6679.888000,-0.191255,0.108985,0.266974,-2.140728,-2.172052,0.133981,-0.024283,-0.000372,0.003100,-0.001091,0.031209,0.000014
6679.896000,-0.191451,0.108980,0.267001,-2.140555,-2.171926,0.134290,-0.024625,-0.000378,0.003157,-0.001109,0.031793,0.000014
6679.904000,-0.191647,0.108973,0.267021,-2.140447,-2.171815,0.134500,-0.024067,-0.000364,0.002051,-0.001040,0.028179,-0.000003
6679.912000,-0.191838,0.108976,0.267023,-2.140411,-2.171701,0.134681,-0.023943,-0.000356,0.001416,-0.001021,0.027456,-0.000021
6679.920000,-0.192021,0.108981,0.267031,-2.140295,-2.171553,0.134922,-0.023446,-0.000347,0.000625,-0.000933,0.021901,-0.000015
6679.928000,-0.192215,0.108976,0.267039,-2.140205,-2.171460,0.135118,-0.023984,-0.000364,0.001938,-0.001003,0.025351,0.000011
6679.936000,-0.192407,0.108968,0.267062,-2.140035,-2.171367,0.135417,-0.024144,-0.000366,0.002176,-0.001042,0.028040,0.000002
6679.944000,-0.192607,0.108963,0.267105,-2.139822,-2.171197,0.135738,-0.024140,-0.000367,0.002080,-0.001030,0.027015,0.000005
6679.952000,-0.192799,0.108959,0.267092,-2.139800,-2.171149,0.135845,-0.024197,-0.000370,0.002598,-0.001064,0.029291,0.000008
6679.960000,-0.192995,0.108954,0.267113,-2.139612,-2.171060,0.136127,-0.024107,-0.000361,0.001649,-0.001041,0.028304,-0.000019
6679.968000,-0.193190,0.108950,0.267113,-2.139620,-2.170943,0.136326,-0.024274,-0.000369,0.002385,-0.001068,0.029579,-0.000001
6679.976000,-0.193385,0.108951,0.267149,-2.139407,-2.170802,0.136656,-0.024581,-0.000370,0.002173,-0.001087,0.030590,-0.000014
6679.984000,-0.193586,0.108945,0.267163,-2.139289,-2.170677,0.136866,-0.024030,-0.000356,0.000944,-0.001017,0.026986,-0.000035
6679.992000,-0.193767,0.108946,0.267154,-2.139274,-2.170558,0.137035,-0.023746,-0.000348,0.000002,-0.000938,0.021795,-0.000035
6680.000000,-0.193956,0.108942,0.267145,-2.139183,-2.170514,0.137154,-0.024371,-0.000366,0.001892,-0.001069,0.029742,-0.000019
6680.008000,-0.194159,0.108942,0.267165,-2.139044,-2.170400,0.137434,-0.024296,-0.000364,0.001307,-0.001016,0.025874,-0.000014
6680.016000,-0.194351,0.108937,0.267211,-2.138824,-2.170198,0.137819,-0.024707,-0.000372,0.002447,-0.001131,0.033605,-0.000024
6680.024000,-0.194548,0.108942,0.267218,-2.138749,-2.170095,0.138022,-0.024622,-0.000370,0.002042,-0.001085,0.030322,-0.000017
6680.032000,-0.194749,0.108929,0.267235,-2.138640,-2.169929,0.138276,-0.024491,-0.000368,0.001597,-0.001054,0.028222,-0.000019
6680.040000,-0.194938,0.108939,0.267264,-2.138513,-2.169722,0.138629,-0.024902,-0.000375,0.001969,-0.001079,0.029190,-0.000011
6680.048000,-0.195137,0.108928,0.267261,-2.138428,-2.169719,0.138826,-0.024919,-0.000378,0.002427,-0.001105,0.030849,-0.000006
6680.056000,-0.195343,0.108914,0.267287,-2.138231,-2.169620,0.139115,-0.024496,-0.000367,0.001208,-0.001030,0.026434,-0.000021
6680.080000,-0.195933,0.108909,0.267308,-2.137946,-2.169279,0.139836,-0.025023,-0.000377,0.001828,-0.001087,0.029382,-0.000017
6680.088000,-0.196128,0.108917,0.267317,-2.137870,-2.169063,0.140040,-0.025051,-0.000376,0.002204,-0.001126,0.032387,-0.000024
6680.096000,-0.196336,0.108902,0.267357,-2.137605,-2.168977,0.140427,-0.025118,-0.000379,0.001995,-0.001108,0.030724,-0.000020
6680.104000,-0.196533,0.108907,0.267342,-2.137611,-2.168850,0.140532,-0.024677,-0.000369,0.001474,-0.001060,0.028232,-0.000023
6680.112000,-0.196720,0.108905,0.267347,-2.137471,-2.168811,0.140735,-0.024691,-0.000372,0.002036,-0.001090,0.030183,-0.000017
6680.120000,-0.196916,0.108904,0.267371,-2.137392,-2.168597,0.140995,-0.025037,-0.000374,0.001261,-0.001058,0.027307,-0.000023
6680.128000,-0.197122,0.108906,0.267383,-2.137254,-2.168507,0.141223,-0.024779,-0.000366,0.000424,-0.001007,0.024321,-0.000033
6680.136000,-0.197326,0.108894,0.267384,-2.137193,-2.168422,0.141439,-0.024685,-0.000366,0.000652,-0.001020,0.025351,-0.000033
6680.144000,-0.197516,0.108888,0.267392,-2.137056,-2.168303,0.141660,-0.024942,-0.000377,0.001340,-0.001035,0.025298,-0.000008
6680.152000,-0.197717,0.108887,0.267407,-2.136923,-2.168221,0.141901,-0.024763,-0.000372,0.000777,-0.000999,0.023208,-0.000014
6680.160000,-0.197923,0.108888,0.267420,-2.136852,-2.168074,0.142197,-0.025581,-0.000388,0.002436,-0.001142,0.031970,-0.000012
6680.168000,-0.198126,0.108878,0.267421,-2.136682,-2.168026,0.142355,-0.025014,-0.000373,0.001049,-0.001061,0.027470,-0.000032
6680.176000,-0.198326,0.108873,0.267420,-2.136573,-2.167939,0.142562,-0.025204,-0.000379,0.001271,-0.001065,0.027105,-0.000021
6680.184000,-0.198522,0.108873,0.267433,-2.136550,-2.167788,0.142797,-0.025388,-0.000387,0.002478,-0.001129,0.031040,-0.000006
6680.192000,-0.198731,0.108874,0.267463,-2.136351,-2.167629,0.143038,-0.025266,-0.000382,0.001993,-0.001111,0.030259,-0.000018
6680.200000,-0.198930,0.108873,0.267472,-2.136308,-2.167489,0.143372,-0.025594,-0.000386,0.002323,-0.001157,0.033106,-0.000024
6680.208000,-0.199132,0.108868,0.267494,-2.136100,-2.167375,0.143628,-0.025587,-0.000384,0.001869,-0.001138,0.031802,-0.000031
6680.216000,-0.199339,0.108864,0.267487,-2.136086,-2.167257,0.143802,-0.025497,-0.000383,0.001976,-0.001141,0.032186,-0.000031
6680.224000,-0.199539,0.108861,0.267509,-2.135871,-2.167142,0.144132,-0.024922,-0.000369,0.000842,-0.001066,0.028217,-0.000046
6680.232000,-0.199738,0.108859,0.267497,-2.135778,-2.167071,0.144325,-0.025151,-0.000372,0.000804,-0.001068,0.027810,-0.000043
6680.240000,-0.199943,0.108850,0.267502,-2.135677,-2.166992,0.144497,-0.025348,-0.000379,0.000565,-0.001030,0.024148,-0.000026
6680.248000,-0.200142,0.108846,0.267504,-2.135592,-2.166853,0.144757,-0.025516,-0.000381,0.001081,-0.001088,0.028212,-0.000035
6680.256000,-0.200350,0.108843,0.267509,-2.135478,-2.166759,0.144927,-0.025518,-0.000383,0.001445,-0.001111,0.029732,-0.000033
6680.264000,-0.200552,0.108844,0.267525,-2.135347,-2.166625,0.145194,-0.025377,-0.000377,0.000557,-0.001058,0.026424,-0.000042
6680.272000,-0.200754,0.108846,0.267523,-2.135246,-2.166517,0.145360,-0.025245,-0.000374,0.000737,-0.001069,0.027532,-0.000044
6680.280000,-0.200963,0.108836,0.267525,-2.135149,-2.166449,0.145633,-0.025599,-0.000383,0.001072,-0.001093,0.028298,-0.000036
6680.288000,-0.201167,0.108837,0.267548,-2.135091,-2.166208,0.145970,-0.025583,-0.000385,0.001344,-0.001091,0.027996,-0.000025
6680.296000,-0.201386,0.108826,0.267568,-2.134829,-2.166171,0.146226,-0.025724,-0.000385,0.000996,-0.001094,0.028035,-0.000036
6680.304000,-0.201583,0.108829,0.267596,-2.134750,-2.165936,0.146572,-0.026160,-0.000392,0.001467,-0.001142,0.030666,-0.000036
6680.312000,-0.201787,0.108829,0.267594,-2.134686,-2.165815,0.146742,-0.025940,-0.000388,0.001423,-0.001133,0.030479,-0.000038
6680.320000,-0.201994,0.108826,0.267596,-2.134553,-2.165753,0.146896,-0.025800,-0.000386,0.000730,-0.001070,0.026036,-0.000032
6680.328000,-0.202197,0.108819,0.267594,-2.134445,-2.165697,0.147116,-0.025696,-0.000384,0.000677,-0.001071,0.026300,-0.000036
6680.336000,-0.202410,0.108815,0.267623,-2.134295,-2.165488,0.147440,-0.025737,-0.000383,0.000658,-0.001082,0.027172,-0.000042
6680.344000,-0.202611,0.108816,0.267620,-2.134261,-2.165349,0.147647,-0.025638,-0.000382,0.000523,-0.001060,0.025638,-0.000037
6680.352000,-0.202813,0.108814,0.267618,-2.134166,-2.165279,0.147840,-0.026139,-0.000392,0.001333,-0.001129,0.029559,-0.000034
6680.360000,-0.203030,0.108806,0.267637,-2.133973,-2.165185,0.148135,-0.026056,-0.000393,0.001628,-0.001143,0.030565,-0.000031
6680.368000,-0.203246,0.108791,0.267639,-2.133833,-2.165093,0.148388,-0.025703,-0.000385,0.000353,-0.001053,0.024775,-0.000037
6680.376000,-0.203439,0.108802,0.267640,-2.133862,-2.164914,0.148540,-0.025847,-0.000383,-0.000118,-0.001031,0.023045,-0.000041
6680.384000,-0.203645,0.108802,0.267637,-2.133744,-2.164813,0.148693,-0.025757,-0.000386,0.000572,-0.001053,0.024531,-0.000028
6680.392000,-0.203859,0.108789,0.267649,-2.133559,-2.164814,0.149002,-0.026081,-0.000391,0.000847,-0.001099,0.027315,-0.000036
6680.400000,-0.204068,0.108787,0.267658,-2.133458,-2.164655,0.149248,-0.025777,-0.000379,-0.000349,-0.001042,0.024219,-0.000057
6680.408000,-0.204277,0.108787,0.267661,-2.133309,-2.164502,0.149554,-0.025586,-0.000374,-0.001013,-0.000992,0.021018,-0.000059
6680.416000,-0.204480,0.108786,0.267640,-2.133254,-2.164414,0.149660,-0.026252,-0.000393,0.000849,-0.001114,0.028049,-0.000041
6680.424000,-0.204681,0.108791,0.267659,-2.133134,-2.164240,0.149975,-0.026255,-0.000390,0.000501,-0.001097,0.026966,-0.000045
6680.432000,-0.204898,0.108785,0.267672,-2.132989,-2.164139,0.150183,-0.026265,-0.000390,0.000790,-0.001132,0.029655,-0.000054
6680.440000,-0.205114,0.108771,0.267668,-2.132852,-2.164104,0.150394,-0.026223,-0.000390,0.000346,-0.001096,0.026918,-0.000051
6680.448000,-0.205327,0.108772,0.267657,-2.132829,-2.164004,0.150550,-0.026251,-0.000392,0.000229,-0.001070,0.024737,-0.000039
6680.456000,-0.205531,0.108771,0.267675,-2.132713,-2.163832,0.150846,-0.026522,-0.000395,0.001126,-0.001170,0.031792,-0.000056
6680.464000,-0.205741,0.108766,0.267693,-2.132585,-2.163674,0.151144,-0.026031,-0.000385,0.000081,-0.001082,0.026386,-0.000057
6680.472000,-0.205953,0.108764,0.267685,-2.132429,-2.163641,0.151308,-0.026359,-0.000391,0.000513,-0.001125,0.028806,-0.000058
6680.480000,-0.206164,0.108770,0.267684,-2.132368,-2.163444,0.151524,-0.026327,-0.000396,0.000705,-0.001084,0.025211,-0.000027
6680.488000,-0.206384,0.108753,0.267693,-2.132192,-2.163421,0.151761,-0.026449,-0.000395,0.001030,-0.001158,0.030747,-0.000053
6680.496000,-0.206589,0.108751,0.267694,-2.132097,-2.163269,0.151994,-0.026324,-0.000392,0.000894,-0.001159,0.031275,-0.000062
6680.504000,-0.206787,0.108761,0.267709,-2.132033,-2.163049,0.152324,-0.026793,-0.000401,0.001039,-0.001152,0.029525,-0.000043
6680.512000,-0.207012,0.108753,0.267705,-2.131864,-2.163031,0.152515,-0.026501,-0.000393,0.000197,-0.001099,0.026400,-0.000052
6680.520000,-0.207232,0.108747,0.267714,-2.131769,-2.162855,0.152802,-0.026650,-0.000398,0.000881,-0.001147,0.029395,-0.000049
6680.528000,-0.207447,0.108743,0.267715,-2.131630,-2.162766,0.153059,-0.026728,-0.000395,0.000417,-0.001148,0.029683,-0.000066
6680.536000,-0.207664,0.108739,0.267734,-2.131467,-2.162594,0.153354,-0.026034,-0.000378,-0.001359,-0.001030,0.022911,-0.000083
6680.544000,-0.207873,0.108734,0.267725,-2.131439,-2.162463,0.153578,-0.026164,-0.000382,-0.001179,-0.001027,0.022158,-0.000071
6680.552000,-0.208077,0.108735,0.267710,-2.131349,-2.162398,0.153756,-0.026874,-0.000404,0.000586,-0.001114,0.026141,-0.000036
6680.560000,-0.208301,0.108720,0.267721,-2.131119,-2.162368,0.154001,-0.026543,-0.000391,-0.000825,-0.001061,0.023562,-0.000067
6680.568000,-0.208506,0.108726,0.267742,-2.131085,-2.162126,0.154309,-0.027380,-0.000411,0.001173,-0.001193,0.031020,-0.000048
6680.576000,-0.208727,0.108716,0.267740,-2.130860,-2.162100,0.154538,-0.026681,-0.000400,-0.000095,-0.001068,0.023078,-0.000039
6680.584000,-0.208928,0.108724,0.267728,-2.130891,-2.161891,0.154659,-0.026785,-0.000402,0.000301,-0.001092,0.024549,-0.000035
6680.592000,-0.209151,0.108713,0.267739,-2.130751,-2.161861,0.154954,-0.027103,-0.000406,0.000853,-0.001173,0.030109,-0.000054
6680.600000,-0.209373,0.108707,0.267760,-2.130565,-2.161695,0.155313,-0.026964,-0.000402,0.000439,-0.001145,0.028403,-0.000057
6680.608000,-0.209586,0.108708,0.267732,-2.130507,-2.161657,0.155365,-0.026801,-0.000402,-0.000028,-0.001079,0.023615,-0.000040
6680.616000,-0.209804,0.108706,0.267740,-2.130413,-2.161511,0.155661,-0.026648,-0.000391,-0.000714,-0.001084,0.025062,-0.000074
6680.624000,-0.210018,0.108702,0.267750,-2.130302,-2.161315,0.155934,-0.026527,-0.000388,-0.001341,-0.001039,0.021980,-0.000075
6680.632000,-0.210235,0.108704,0.267743,-2.130198,-2.161236,0.156161,-0.027210,-0.000405,0.000815,-0.001186,0.030915,-0.000061
6680.640000,-0.210443,0.108697,0.267735,-2.130055,-2.161161,0.156318,-0.027005,-0.000399,0.000045,-0.001146,0.028624,-0.000072
6680.648000,-0.210660,0.108696,0.267732,-2.129998,-2.160997,0.156551,-0.027136,-0.000401,-0.000381,-0.001116,0.026102,-0.000068
6680.656000,-0.210885,0.108686,0.267729,-2.129832,-2.160959,0.156809,-0.027035,-0.000400,-0.000429,-0.001106,0.025446,-0.000066
6680.664000,-0.211106,0.108685,0.267740,-2.129782,-2.160782,0.157094,-0.026993,-0.000393,-0.001474,-0.001070,0.023399,-0.000087
6680.672000,-0.211322,0.108680,0.267726,-2.129626,-2.160718,0.157248,-0.027176,-0.000402,-0.000407,-0.001119,0.026102,-0.000069
6680.680000,-0.211541,0.108685,0.267710,-2.129573,-2.160552,0.157403,-0.027586,-0.000413,0.000205,-0.001147,0.026859,-0.000052
6680.688000,-0.211763,0.108674,0.267726,-2.129414,-2.160502,0.157736,-0.027751,-0.000414,0.000288,-0.001177,0.028848,-0.000063
6680.696000,-0.211981,0.108682,0.267732,-2.129338,-2.160259,0.157965,-0.027500,-0.000409,0.000219,-0.001164,0.028499,-0.000064
6680.704000,-0.212201,0.108673,0.267729,-2.129186,-2.160208,0.158198,-0.027125,-0.000403,-0.000364,-0.001106,0.024913,-0.000060
6680.712000,-0.212424,0.108668,0.267714,-2.129130,-2.160121,0.158332,-0.027178,-0.000405,0.000126,-0.001141,0.027320,-0.000061
6680.720000,-0.212638,0.108663,0.267727,-2.128962,-2.159974,0.158653,-0.027242,-0.000403,-0.000310,-0.001137,0.027094,-0.000074
6680.728000,-0.212861,0.108662,0.267735,-2.128813,-2.159820,0.158957,-0.027258,-0.000402,-0.000625,-0.001119,0.025771,-0.000075
6680.736000,-0.213081,0.108657,0.267734,-2.128686,-2.159719,0.159239,-0.027483,-0.000409,0.000299,-0.001184,0.029951,-0.000072
6680.744000,-0.213295,0.108660,0.267727,-2.128622,-2.159566,0.159368,-0.027494,-0.000407,0.000085,-0.001180,0.029731,-0.000078
6680.752000,-0.213524,0.108650,0.267750,-2.128473,-2.159421,0.159768,-0.027657,-0.000412,0.000616,-0.001219,0.032093,-0.000076
6680.760000,-0.213746,0.108644,0.267747,-2.128330,-2.159350,0.159986,-0.027708,-0.000413,-0.000192,-0.001144,0.026241,-0.000062
6680.768000,-0.213963,0.108637,0.267712,-2.128262,-2.159332,0.160105,-0.027535,-0.000410,-0.000609,-0.001116,0.024568,-0.000065
6680.776000,-0.214177,0.108649,0.267694,-2.128295,-2.159179,0.160183,-0.027438,-0.000408,-0.000365,-0.001123,0.025297,-0.000063
6680.784000,-0.214404,0.108640,0.267677,-2.128124,-2.159154,0.160338,-0.027339,-0.000397,-0.001736,-0.001093,0.024147,-0.000101
6680.792000,-0.214622,0.108629,0.267685,-2.128003,-2.159035,0.160663,-0.026974,-0.000395,-0.001907,-0.001033,0.019962,-0.000079
6680.800000,-0.214838,0.108629,0.267658,-2.127959,-2.158939,0.160856,-0.027543,-0.000409,-0.000732,-0.001107,0.023820,-0.000064
6680.808000,-0.215057,0.108629,0.267643,-2.127849,-2.158843,0.160972,-0.027619,-0.000406,-0.001188,-0.001113,0.024520,-0.000084
6680.816000,-0.215279,0.108621,0.267661,-2.127723,-2.158666,0.161359,-0.027989,-0.000414,-0.000010,-0.001210,0.030727,-0.000088
6680.824000,-0.215506,0.108616,0.267647,-2.127606,-2.158621,0.161502,-0.027977,-0.000415,-0.000361,-0.001178,0.028249,-0.000082
6680.832000,-0.215727,0.108618,0.267623,-2.127573,-2.158507,0.161657,-0.027798,-0.000411,-0.000595,-0.001152,0.026687,-0.000079
6680.840000,-0.215947,0.108612,0.267641,-2.127353,-2.158384,0.161999,-0.027902,-0.000413,-0.000102,-0.001202,0.030190,-0.000088
6680.848000,-0.216180,0.108615,0.267625,-2.127311,-2.158206,0.162181,-0.028090,-0.000413,-0.000296,-0.001211,0.030665,-0.000097
6680.856000,-0.216399,0.108594,0.267644,-2.127075,-2.158151,0.162556,-0.028035,-0.000416,-0.000259,-0.001200,0.029634,-0.000089
6680.864000,-0.216616,0.108613,0.267617,-2.127154,-2.157913,0.162670,-0.027822,-0.000409,-0.000653,-0.001168,0.027957,-0.000091
6680.872000,-0.216846,0.108608,0.267633,-2.126882,-2.157814,0.163009,-0.027844,-0.000409,-0.001238,-0.001125,0.024688,-0.000087
6680.880000,-0.217073,0.108599,0.267613,-2.126803,-2.157785,0.163155,-0.028217,-0.000418,0.000047,-0.001229,0.031393,-0.000091
6680.888000,-0.217296,0.108595,0.267603,-2.126692,-2.157613,0.163402,-0.028089,-0.000415,-0.000395,-0.001197,0.029304,-0.000091
6680.896000,-0.217515,0.108594,0.267612,-2.126574,-2.157497,0.163707,-0.027922,-0.000410,-0.001347,-0.001128,0.024750,-0.000091
6680.904000,-0.217738,0.108585,0.267599,-2.126403,-2.157446,0.163888,-0.027569,-0.000401,-0.002052,-0.001094,0.023260,-0.000106
6680.912000,-0.217965,0.108587,0.267597,-2.126368,-2.157198,0.164160,-0.027473,-0.000396,-0.002307,-0.001097,0.024017,-0.000121
6680.920000,-0.218172,0.108591,0.267586,-2.126192,-2.157092,0.164408,-0.027862,-0.000408,-0.001308,-0.001134,0.025258,-0.000094
6680.928000,-0.218392,0.108582,0.267561,-2.126127,-2.157055,0.164592,-0.028126,-0.000415,-0.001093,-0.001148,0.025498,-0.000088
6680.936000,-0.218624,0.108578,0.267563,-2.126009,-2.156928,0.164800,-0.028458,-0.000424,0.000069,-0.001234,0.030847,-0.000086
6680.944000,-0.218847,0.108577,0.267567,-2.125899,-2.156768,0.165143,-0.028074,-0.000409,-0.001336,-0.001171,0.027765,-0.000113
6680.952000,-0.219072,0.108577,0.267547,-2.125794,-2.156653,0.165298,-0.028173,-0.000415,-0.000651,-0.001189,0.028431,-0.000094
6680.960000,-0.219296,0.108570,0.267562,-2.125667,-2.156475,0.165683,-0.027996,-0.000414,-0.000436,-0.001192,0.028896,-0.000092
6680.968000,-0.219516,0.108564,0.267540,-2.125580,-2.156380,0.165830,-0.028148,-0.000415,-0.000558,-0.001208,0.029927,-0.000103
6680.976000,-0.219743,0.108571,0.267542,-2.125489,-2.156237,0.166104,-0.027976,-0.000413,-0.000568,-0.001176,0.027683,-0.000088
6680.984000,-0.219961,0.108560,0.267536,-2.125326,-2.156143,0.166326,-0.027867,-0.000409,-0.001471,-0.001130,0.024683,-0.000097
6680.992000,-0.220185,0.108547,0.267515,-2.125179,-2.156150,0.166521,-0.027631,-0.000401,-0.001993,-0.001123,0.025076,-0.000118
6681.000000,-0.220416,0.108541,0.267492,-2.125122,-2.156037,0.166707,-0.027780,-0.000410,-0.000987,-0.001161,0.026945,-0.000098
6681.008000,-0.220630,0.108550,0.267486,-2.125078,-2.155888,0.166920,-0.027982,-0.000416,-0.000454,-0.001179,0.027602,-0.000084
6681.016000,-0.220855,0.108542,0.267458,-2.124990,-2.155819,0.167066,-0.028252,-0.000416,-0.001034,-0.001183,0.027674,-0.000103
6681.024000,-0.221076,0.108540,0.267462,-2.124902,-2.155679,0.167324,-0.027551,-0.000400,-0.002885,-0.001042,0.019085,-0.000105
6681.032000,-0.221298,0.108539,0.267442,-2.124763,-2.155581,0.167513,-0.027432,-0.000396,-0.002353,-0.001101,0.023964,-0.000124
6681.040000,-0.221525,0.108532,0.267431,-2.124645,-2.155461,0.167784,-0.027950,-0.000409,-0.001778,-0.001131,0.024558,-0.000107
6681.048000,-0.221726,0.108531,0.267443,-2.124422,-2.155309,0.168172,-0.028246,-0.000416,-0.001103,-0.001180,0.027353,-0.000103
6681.056000,-0.221969,0.108523,0.267416,-2.124325,-2.155254,0.168269,-0.028552,-0.000422,-0.000559,-0.001239,0.031005,-0.000110
6681.064000,-0.222202,0.108511,0.267429,-2.124153,-2.155102,0.168605,-0.028740,-0.000427,-0.000209,-0.001263,0.032074,-0.000106
6681.072000,-0.222410,0.108528,0.267409,-2.124186,-2.154876,0.168818,-0.028659,-0.000423,0.000031,-0.001279,0.033708,-0.000110
6681.080000,-0.222636,0.108524,0.267396,-2.124026,-2.154842,0.169032,-0.027979,-0.000413,-0.000880,-0.001175,0.027367,-0.000098
6681.088000,-0.222871,0.108519,0.267403,-2.123867,-2.154701,0.169313,-0.027879,-0.000404,-0.001620,-0.001180,0.028676,-0.000133
6681.096000,-0.223092,0.108520,0.267389,-2.123766,-2.154592,0.169478,-0.028102,-0.000409,-0.001396,-0.001190,0.028680,-0.000124
6681.104000,-0.223319,0.108509,0.267369,-2.123690,-2.154492,0.169741,-0.028330,-0.000415,-0.001403,-0.001187,0.027702,-0.000116
6681.112000,-0.223545,0.108502,0.267353,-2.123573,-2.154371,0.170012,-0.027985,-0.000410,-0.001410,-0.001168,0.026921,-0.000113
6681.120000,-0.223781,0.108485,0.267330,-2.123418,-2.154366,0.170185,-0.028299,-0.000419,-0.000362,-0.001252,0.032184,-0.000115
6681.128000,-0.224000,0.108495,0.267324,-2.123351,-2.154160,0.170386,-0.027601,-0.000405,-0.000972,-0.001189,0.029270,-0.000118
6681.136000,-0.224222,0.108495,0.267312,-2.123254,-2.154006,0.170642,-0.028435,-0.000415,-0.001183,-0.001226,0.030411,-0.000129
6681.144000,-0.224450,0.108485,0.267320,-2.123059,-2.153883,0.170986,-0.027942,-0.000405,-0.002311,-0.001138,0.025153,-0.000131
6681.152000,-0.224679,0.108482,0.267285,-2.122981,-2.153856,0.171140,-0.027821,-0.000401,-0.002170,-0.001169,0.027995,-0.000148
6681.160000,-0.224892,0.108486,0.267267,-2.122828,-2.153662,0.171390,-0.028089,-0.000410,-0.001732,-0.001172,0.027065,-0.000125
6681.168000,-0.225116,0.108488,0.267241,-2.122846,-2.153498,0.171551,-0.027903,-0.000404,-0.002145,-0.001151,0.026178,-0.000133
6681.176000,-0.225353,0.108470,0.267229,-2.122632,-2.153485,0.171809,-0.028004,-0.000406,-0.001938,-0.001186,0.028527,-0.000143
6681.184000,-0.225577,0.108474,0.267210,-2.122556,-2.153356,0.172036,-0.027950,-0.000407,-0.002273,-0.001129,0.024108,-0.000122
6681.192000,-0.225800,0.108473,0.267193,-2.122483,-2.153202,0.172294,-0.027840,-0.000406,-0.001970,-0.001145,0.025536,-0.000123
6681.200000,-0.226022,0.108473,0.267177,-2.122413,-2.153074,0.172473,-0.027985,-0.000409,-0.001288,-0.001198,0.029064,-0.000126
6681.208000,-0.226253,0.108469,0.267178,-2.122269,-2.152926,0.172793,-0.027433,-0.000397,-0.002046,-0.001141,0.026332,-0.000134
6681.216000,-0.226474,0.108454,0.267162,-2.122033,-2.152963,0.172945,-0.027611,-0.000406,-0.002015,-0.001111,0.023034,-0.000108
6681.224000,-0.226684,0.108461,0.267139,-2.122036,-2.152759,0.173177,-0.028033,-0.000407,-0.001754,-0.001189,0.028460,-0.000138
6681.232000,-0.226917,0.108451,0.267111,-2.121925,-2.152690,0.173323,-0.027832,-0.000406,-0.002109,-0.001148,0.025632,-0.000129
6681.240000,-0.227141,0.108448,0.267117,-2.121781,-2.152547,0.173679,-0.027623,-0.000404,-0.001028,-0.001217,0.031163,-0.000136
6681.248000,-0.227364,0.108447,0.267093,-2.121729,-2.152414,0.173873,-0.027509,-0.000401,-0.001600,-0.001175,0.028331,-0.000134
6681.256000,-0.227580,0.108444,0.267066,-2.121632,-2.152311,0.174078,-0.028038,-0.000410,-0.001354,-0.001202,0.028987,-0.000129
6681.264000,-0.227805,0.108443,0.267051,-2.121521,-2.152169,0.174332,-0.027857,-0.000400,-0.002384,-0.001177,0.028268,-0.000159
6681.272000,-0.228036,0.108432,0.267030,-2.121353,-2.152149,0.174525,-0.027775,-0.000397,-0.003444,-0.001109,0.023480,-0.000159
6681.280000,-0.228253,0.108439,0.267021,-2.121245,-2.151955,0.174775,-0.027962,-0.000401,-0.002779,-0.001157,0.026514,-0.000159
6681.288000,-0.228466,0.108442,0.266971,-2.121205,-2.151907,0.174840,-0.028165,-0.000410,-0.002297,-0.001147,0.024716,-0.000128
6681.296000,-0.228697,0.108430,0.266984,-2.121084,-2.151738,0.175215,-0.028287,-0.000409,-0.002434,-0.001174,0.026701,-0.000147
6681.304000,-0.228923,0.108426,0.266960,-2.120952,-2.151653,0.175457,-0.027919,-0.000402,-0.002601,-0.001159,0.026576,-0.000154
6681.312000,-0.229148,0.108429,0.266938,-2.120874,-2.151460,0.175663,-0.028339,-0.000411,-0.002029,-0.001196,0.028047,-0.000144
6681.320000,-0.229358,0.108423,0.266934,-2.120711,-2.151369,0.175916,-0.028061,-0.000410,-0.001946,-0.001171,0.026499,-0.000131
6681.328000,-0.229586,0.108408,0.266911,-2.120616,-2.151326,0.176140,-0.027890,-0.000405,-0.002231,-0.001171,0.027127,-0.000146
6681.336000,-0.229815,0.108412,0.266904,-2.120515,-2.151139,0.176382,-0.028115,-0.000409,-0.002271,-0.001165,0.026034,-0.000138
6681.344000,-0.230043,0.108410,0.266892,-2.120361,-2.151028,0.176621,-0.027983,-0.000406,-0.002398,-0.001155,0.025661,-0.000141
6681.352000,-0.230264,0.108400,0.266858,-2.120267,-2.150985,0.176817,-0.027348,-0.000391,-0.003996,-0.001054,0.020082,-0.000155
6681.360000,-0.230474,0.108406,0.266855,-2.120138,-2.150744,0.177157,-0.027448,-0.000393,-0.003669,-0.001074,0.021194,-0.000152
6681.368000,-0.230703,0.108402,0.266827,-2.120119,-2.150624,0.177379,-0.027646,-0.000398,-0.002974,-0.001119,0.023887,-0.000148
6681.376000,-0.230924,0.108390,0.266784,-2.119908,-2.150659,0.177506,-0.027748,-0.000400,-0.002631,-0.001163,0.027003,-0.000160
6681.384000,-0.231140,0.108393,0.266759,-2.119877,-2.150519,0.177660,-0.027755,-0.000399,-0.002852,-0.001144,0.025555,-0.000157
6681.392000,-0.231370,0.108388,0.266734,-2.119748,-2.150466,0.177889,-0.027592,-0.000393,-0.004067,-0.001074,0.021040,-0.000164
6681.400000,-0.231581,0.108392,0.266718,-2.119724,-2.150256,0.178109,-0.027437,-0.000390,-0.004592,-0.001025,0.017671,-0.000156
6681.408000,-0.231809,0.108380,0.266693,-2.119628,-2.150181,0.178296,-0.027873,-0.000404,-0.003548,-0.001072,0.019530,-0.000134
6681.416000,-0.232031,0.108378,0.266659,-2.119492,-2.150140,0.178445,-0.028350,-0.000409,-0.003251,-0.001139,0.023690,-0.000153
6681.424000,-0.232259,0.108375,0.266632,-2.119416,-2.150037,0.178676,-0.027396,-0.000396,-0.003686,-0.001050,0.018998,-0.000137
6681.432000,-0.232488,0.108367,0.266605,-2.119332,-2.149949,0.178861,-0.027828,-0.000403,-0.003597,-0.001077,0.019923,-0.000139
6681.440000,-0.232707,0.108367,0.266591,-2.119197,-2.149826,0.179025,-0.027466,-0.000398,-0.003381,-0.001078,0.020800,-0.000140
6681.448000,-0.232925,0.108375,0.266569,-2.119097,-2.149719,0.179220,-0.027433,-0.000396,-0.003323,-0.001078,0.020853,-0.000139
6681.456000,-0.233141,0.108368,0.266527,-2.119102,-2.149595,0.179385,-0.027773,-0.000398,-0.003374,-0.001123,0.023839,-0.000162
6681.464000,-0.233363,0.108356,0.266531,-2.118906,-2.149498,0.179705,-0.027458,-0.000395,-0.003424,-0.001098,0.022444,-0.000155
6681.472000,-0.233595,0.108354,0.266487,-2.118864,-2.149427,0.179847,-0.027808,-0.000401,-0.003436,-0.001109,0.022416,-0.000153
6681.480000,-0.233816,0.108349,0.266464,-2.118710,-2.149342,0.180063,-0.027454,-0.000395,-0.003231,-0.001121,0.024242,-0.000162
6681.488000,-0.234034,0.108354,0.266439,-2.118670,-2.149168,0.180279,-0.027968,-0.000404,-0.002583,-0.001175,0.026864,-0.000159
6681.496000,-0.234256,0.108347,0.266410,-2.118549,-2.149127,0.180535,-0.028015,-0.000400,-0.004214,-0.001088,0.020757,-0.000166
6681.504000,-0.234488,0.108337,0.266367,-2.118455,-2.149103,0.180643,-0.027656,-0.000400,-0.003417,-0.001100,0.021912,-0.000150
6681.512000,-0.234711,0.108336,0.266355,-2.118324,-2.148966,0.180908,-0.027528,-0.000394,-0.004246,-0.001062,0.019708,-0.000161
6681.520000,-0.234927,0.108336,0.266321,-2.118271,-2.148857,0.181075,-0.027026,-0.000381,-0.004724,-0.001039,0.019574,-0.000179
6681.528000,-0.235148,0.108333,0.266271,-2.118160,-2.148810,0.181166,-0.027657,-0.000394,-0.004703,-0.001048,0.018500,-0.000167
6681.536000,-0.235365,0.108332,0.266216,-2.118203,-2.148724,0.181250,-0.027419,-0.000394,-0.004565,-0.001012,0.015882,-0.000143
6681.544000,-0.235582,0.108326,0.266172,-2.118131,-2.148672,0.181382,-0.027570,-0.000395,-0.004185,-0.001065,0.019683,-0.000159
6681.552000,-0.235813,0.108320,0.266160,-2.117976,-2.148562,0.181649,-0.027763,-0.000400,-0.003607,-0.001109,0.022353,-0.000160
6681.560000,-0.236025,0.108326,0.266126,-2.117877,-2.148455,0.181822,-0.027797,-0.000403,-0.002846,-0.001143,0.024500,-0.000151
6681.568000,-0.236248,0.108322,0.266096,-2.117855,-2.148355,0.181982,-0.027628,-0.000399,-0.003641,-0.001085,0.020666,-0.000149
6681.576000,-0.236475,0.108320,0.266085,-2.117675,-2.148211,0.182209,-0.027395,-0.000393,-0.004366,-0.001046,0.018524,-0.000158
6681.584000,-0.236687,0.108319,0.266054,-2.117590,-2.148120,0.182386,-0.027423,-0.000392,-0.003945,-0.001088,0.021721,-0.000168
6681.592000,-0.236913,0.108305,0.265993,-2.117571,-2.148130,0.182487,-0.027486,-0.000397,-0.003458,-0.001108,0.022650,-0.000159
6681.600000,-0.237132,0.108304,0.265969,-2.117505,-2.148014,0.182742,-0.027379,-0.000393,-0.003681,-0.001095,0.022061,-0.000163
6681.608000,-0.237355,0.108295,0.265954,-2.117329,-2.147960,0.182971,-0.027600,-0.000395,-0.004265,-0.001077,0.020335,-0.000168
6681.616000,-0.237569,0.108298,0.265901,-2.117335,-2.147853,0.183013,-0.027208,-0.000391,-0.005056,-0.000976,0.013419,-0.000142
6681.624000,-0.237787,0.108302,0.265861,-2.117335,-2.147750,0.183168,-0.027464,-0.000398,-0.003663,-0.001067,0.019333,-0.000141
6681.632000,-0.238008,0.108299,0.265846,-2.117192,-2.147595,0.183398,-0.027836,-0.000399,-0.003874,-0.001112,0.022358,-0.000170
6681.640000,-0.238228,0.108296,0.265800,-2.117127,-2.147555,0.183552,-0.026998,-0.000384,-0.004641,-0.001033,0.018466,-0.000169
6681.648000,-0.238451,0.108284,0.265770,-2.116963,-2.147566,0.183731,-0.027105,-0.000385,-0.005530,-0.000977,0.014095,-0.000164
6681.656000,-0.238659,0.108282,0.265703,-2.117036,-2.147507,0.183717,-0.027468,-0.000395,-0.005043,-0.001001,0.014622,-0.000150
6681.664000,-0.238883,0.108287,0.265664,-2.117021,-2.147410,0.183832,-0.026708,-0.000378,-0.005532,-0.000970,0.014536,-0.000169
6681.672000,-0.239100,0.108282,0.265627,-2.116918,-2.147326,0.184001,-0.027216,-0.000389,-0.004988,-0.001006,0.015662,-0.000158
6681.680000,-0.239313,0.108282,0.265597,-2.116813,-2.147260,0.184101,-0.027051,-0.000388,-0.004778,-0.001009,0.016189,-0.000156
6681.688000,-0.239544,0.108266,0.265542,-2.116748,-2.147249,0.184288,-0.027543,-0.000399,-0.003971,-0.001075,0.019717,-0.000155
6681.696000,-0.239758,0.108265,0.265526,-2.116608,-2.147099,0.184529,-0.027544,-0.000401,-0.003535,-0.001093,0.020819,-0.000149
6681.704000,-0.239983,0.108263,0.265508,-2.116506,-2.146970,0.184808,-0.027772,-0.000401,-0.002987,-0.001174,0.026672,-0.000176
6681.712000,-0.240203,0.108268,0.265492,-2.116440,-2.146795,0.185048,-0.027490,-0.000395,-0.003582,-0.001121,0.023412,-0.000171
6681.720000,-0.240418,0.108257,0.265445,-2.116337,-2.146814,0.185117,-0.027324,-0.000390,-0.004478,-0.001076,0.020781,-0.000181
6681.728000,-0.240644,0.108253,0.265398,-2.116348,-2.146727,0.185303,-0.026913,-0.000381,-0.005174,-0.001017,0.017388,-0.000180
6681.736000,-0.240849,0.108249,0.265350,-2.116214,-2.146705,0.185341,-0.027209,-0.000389,-0.005318,-0.000997,0.014862,-0.000163
6681.744000,-0.241074,0.108251,0.265320,-2.116199,-2.146559,0.185535,-0.027394,-0.000392,-0.004734,-0.001050,0.018389,-0.000171
6681.752000,-0.241284,0.108253,0.265285,-2.116123,-2.146454,0.185737,-0.027521,-0.000394,-0.004726,-0.001047,0.017785,-0.000165
6681.760000,-0.241513,0.108250,0.265258,-2.116060,-2.146333,0.185906,-0.027055,-0.000381,-0.005762,-0.000998,0.015739,-0.000186
6681.768000,-0.241732,0.108249,0.265189,-2.115998,-2.146312,0.185946,-0.026631,-0.000371,-0.007162,-0.000900,0.009724,-0.000186
6681.776000,-0.241942,0.108243,0.265132,-2.115970,-2.146338,0.186026,-0.027439,-0.000392,-0.005195,-0.001014,0.015518,-0.000164
6681.784000,-0.242161,0.108235,0.265090,-2.115921,-2.146256,0.186149,-0.027138,-0.000389,-0.005317,-0.000987,0.014071,-0.000158
6681.792000,-0.242376,0.108239,0.265058,-2.115850,-2.146126,0.186326,-0.027619,-0.000393,-0.005098,-0.001055,0.018399,-0.000182
6681.800000,-0.242603,0.108215,0.265013,-2.115668,-2.146197,0.186474,-0.027759,-0.000400,-0.004328,-0.001102,0.021203,-0.000179
6681.808000,-0.242805,0.108239,0.264991,-2.115711,-2.145925,0.186671,-0.027594,-0.000398,-0.004125,-0.001080,0.019669,-0.000161
6681.816000,-0.243027,0.108228,0.264948,-2.115624,-2.145862,0.186880,-0.027474,-0.000392,-0.004645,-0.001073,0.019846,-0.000180
6681.824000,-0.243252,0.108226,0.264921,-2.115470,-2.145826,0.187016,-0.027037,-0.000383,-0.005339,-0.001021,0.017114,-0.000183
6681.832000,-0.243476,0.108205,0.264868,-2.115372,-2.145834,0.187219,-0.027453,-0.000392,-0.005400,-0.001032,0.016846,-0.000181
6681.840000,-0.243688,0.108213,0.264841,-2.115325,-2.145647,0.187382,-0.027188,-0.000387,-0.005288,-0.001028,0.017157,-0.000182
6681.848000,-0.243903,0.108212,0.264793,-2.115296,-2.145564,0.187525,-0.026964,-0.000384,-0.005070,-0.001026,0.017436,-0.000178
6681.856000,-0.244126,0.108200,0.264741,-2.115210,-2.145552,0.187659,-0.027120,-0.000390,-0.004605,-0.001051,0.018581,-0.000171
6681.864000,-0.244338,0.108208,0.264699,-2.115163,-2.145435,0.187683,-0.026915,-0.000382,-0.006455,-0.000931,0.010466,-0.000168
6681.872000,-0.244550,0.108209,0.264658,-2.115103,-2.145375,0.187848,-0.027353,-0.000389,-0.006154,-0.000964,0.011832,-0.000167
6681.880000,-0.244769,0.108206,0.264615,-2.115037,-2.145304,0.187991,-0.026900,-0.000383,-0.006354,-0.000926,0.009968,-0.000161
6681.888000,-0.244985,0.108207,0.264564,-2.115043,-2.145259,0.188084,-0.026709,-0.000376,-0.007230,-0.000880,0.007241,-0.000169
6681.896000,-0.245200,0.108186,0.264487,-2.114967,-2.145358,0.188083,-0.027077,-0.000386,-0.006277,-0.000954,0.011660,-0.000171
6681.904000,-0.245402,0.108203,0.264440,-2.115000,-2.145177,0.188181,-0.026915,-0.000382,-0.006522,-0.000925,0.009853,-0.000166
6681.912000,-0.245627,0.108187,0.264393,-2.114939,-2.145198,0.188332,-0.026885,-0.000381,-0.006140,-0.000967,0.013184,-0.000180
6681.920000,-0.245842,0.108176,0.264321,-2.114865,-2.145217,0.188376,-0.027187,-0.000386,-0.005891,-0.001003,0.015130,-0.000186
6681.928000,-0.246068,0.108174,0.264290,-2.114821,-2.145090,0.188535,-0.026905,-0.000386,-0.005733,-0.000966,0.012537,-0.000162
6681.936000,-0.246275,0.108171,0.264242,-2.114715,-2.145081,0.188646,-0.027188,-0.000390,-0.005224,-0.001026,0.016424,-0.000175
6681.944000,-0.246484,0.108183,0.264182,-2.114770,-2.144952,0.188724,-0.026951,-0.000379,-0.006027,-0.001007,0.016247,-0.000201
6681.952000,-0.246707,0.108167,0.264161,-2.114549,-2.144899,0.188955,-0.027112,-0.000383,-0.006560,-0.000975,0.013409,-0.000195
6681.960000,-0.246917,0.108175,0.264105,-2.114624,-2.144772,0.189085,-0.027430,-0.000392,-0.005234,-0.001036,0.016644,-0.000176
6681.968000,-0.247135,0.108167,0.264061,-2.114528,-2.144746,0.189191,-0.026607,-0.000378,-0.005747,-0.000983,0.014751,-0.000182
6681.976000,-0.247354,0.108164,0.264015,-2.114476,-2.144688,0.189308,-0.026951,-0.000385,-0.005431,-0.001007,0.015571,-0.000176
6681.984000,-0.247583,0.108162,0.263967,-2.114406,-2.144610,0.189439,-0.027515,-0.000395,-0.005469,-0.001024,0.015360,-0.000174
6681.992000,-0.247796,0.108150,0.263921,-2.114341,-2.144572,0.189625,-0.027258,-0.000390,-0.005687,-0.001009,0.014957,-0.000179
6682.000000,-0.248023,0.108144,0.263863,-2.114281,-2.144585,0.189679,-0.027347,-0.000390,-0.006083,-0.000999,0.014181,-0.000185
6682.008000,-0.248232,0.108155,0.263798,-2.114374,-2.144465,0.189672,-0.026564,-0.000370,-0.007542,-0.000909,0.009920,-0.000202
6682.016000,-0.248441,0.108149,0.263738,-2.114281,-2.144495,0.189737,-0.026402,-0.000367,-0.008100,-0.000868,0.007269,-0.000200
6682.024000,-0.248647,0.108141,0.263657,-2.114290,-2.144497,0.189722,-0.026469,-0.000375,-0.007357,-0.000870,0.006550,-0.000170
6682.032000,-0.248865,0.108131,0.263600,-2.114255,-2.144492,0.189868,-0.026286,-0.000368,-0.008023,-0.000859,0.006670,-0.000193
6682.040000,-0.249084,0.108133,0.263550,-2.114213,-2.144389,0.189973,-0.027172,-0.000388,-0.006242,-0.000979,0.012901,-0.000181
6682.048000,-0.249302,0.108133,0.263519,-2.114082,-2.144296,0.190123,-0.026978,-0.000385,-0.006070,-0.000984,0.013663,-0.000183
6682.056000,-0.249514,0.108127,0.263454,-2.114015,-2.144307,0.190251,-0.027436,-0.000397,-0.004478,-0.001082,0.019419,-0.000175
6682.064000,-0.249736,0.108130,0.263426,-2.113956,-2.144159,0.190393,-0.027276,-0.000393,-0.004677,-0.001072,0.019185,-0.000181
6682.072000,-0.249967,0.108117,0.263388,-2.113825,-2.144157,0.190599,-0.026961,-0.000383,-0.005631,-0.001040,0.018058,-0.000204
6682.080000,-0.250163,0.108128,0.263333,-2.113899,-2.143993,0.190654,-0.027400,-0.000392,-0.005826,-0.001014,0.014746,-0.000182
6682.088000,-0.250376,0.108121,0.263261,-2.113860,-2.144031,0.190711,-0.026380,-0.000376,-0.006469,-0.000927,0.010620,-0.000174
6682.096000,-0.250588,0.108121,0.263227,-2.113816,-2.143902,0.190866,-0.026364,-0.000371,-0.007441,-0.000887,0.008075,-0.000185
6682.104000,-0.250804,0.108109,0.263159,-2.113739,-2.143948,0.190910,-0.026823,-0.000385,-0.006485,-0.000934,0.009915,-0.000167
6682.112000,-0.251013,0.108111,0.263101,-2.113701,-2.143927,0.190924,-0.026890,-0.000381,-0.006711,-0.000956,0.011755,-0.000189
6682.120000,-0.251231,0.108110,0.263054,-2.113665,-2.143837,0.191080,-0.027058,-0.000385,-0.007025,-0.000931,0.009383,-0.000179
6682.128000,-0.251445,0.108104,0.262997,-2.113672,-2.143763,0.191167,-0.026239,-0.000369,-0.008272,-0.000833,0.004312,-0.000183
6682.136000,-0.251650,0.108103,0.262929,-2.113661,-2.143775,0.191195,-0.026352,-0.000365,-0.009082,-0.000823,0.003837,-0.000205
6682.144000,-0.251856,0.108099,0.262833,-2.113700,-2.143841,0.191151,-0.026467,-0.000374,-0.008096,-0.000843,0.004259,-0.000176
6682.152000,-0.252080,0.108097,0.262810,-2.113600,-2.143705,0.191344,-0.026607,-0.000378,-0.007069,-0.000909,0.008649,-0.000177
6682.160000,-0.252296,0.108084,0.262739,-2.113520,-2.143749,0.191414,-0.027122,-0.000387,-0.006539,-0.000971,0.012067,-0.000185
6682.168000,-0.252511,0.108090,0.262691,-2.113491,-2.143664,0.191527,-0.027194,-0.000389,-0.005552,-0.001035,0.016467,-0.000189
6682.176000,-0.252730,0.108080,0.262634,-2.113445,-2.143609,0.191601,-0.026962,-0.000384,-0.006236,-0.000995,0.014267,-0.000194
6682.184000,-0.252938,0.108086,0.262589,-2.113410,-2.143517,0.191726,-0.026926,-0.000383,-0.006113,-0.001000,0.014641,-0.000194
6682.192000,-0.253161,0.108083,0.262553,-2.113345,-2.143395,0.191920,-0.026429,-0.000373,-0.006474,-0.000972,0.013984,-0.000202
6682.200000,-0.253379,0.108060,0.262494,-2.113193,-2.143472,0.192055,-0.026599,-0.000376,-0.006918,-0.000960,0.012671,-0.000205
6682.208000,-0.253578,0.108072,0.262445,-2.113208,-2.143329,0.192180,-0.026733,-0.000382,-0.006391,-0.000965,0.012335,-0.000185
6682.216000,-0.253789,0.108070,0.262386,-2.113166,-2.143246,0.192224,-0.026717,-0.000378,-0.007115,-0.000943,0.011051,-0.000198
6682.224000,-0.254016,0.108066,0.262335,-2.113122,-2.143232,0.192379,-0.026602,-0.000376,-0.007887,-0.000877,0.006310,-0.000185
6682.232000,-0.254221,0.108067,0.262269,-2.113122,-2.143180,0.192483,-0.026664,-0.000376,-0.007589,-0.000907,0.008439,-0.000193
6682.240000,-0.254439,0.108061,0.262212,-2.113051,-2.143148,0.192527,-0.026727,-0.000380,-0.007244,-0.000915,0.008616,-0.000183
6682.248000,-0.254660,0.108053,0.262134,-2.113066,-2.143183,0.192475,-0.026541,-0.000373,-0.008275,-0.000878,0.006790,-0.000202
6682.256000,-0.254866,0.108067,0.262091,-2.113061,-2.142989,0.192624,-0.026167,-0.000364,-0.009017,-0.000821,0.003583,-0.000201
6682.264000,-0.255077,0.108056,0.262019,-2.113010,-2.143040,0.192681,-0.026053,-0.000365,-0.009294,-0.000774,-0.000050,-0.000181
6682.272000,-0.255288,0.108054,0.261937,-2.112983,-2.143114,0.192683,-0.026396,-0.000372,-0.007941,-0.000880,0.006986,-0.000194
6682.280000,-0.255498,0.108039,0.261869,-2.113010,-2.143094,0.192775,-0.026594,-0.000376,-0.007922,-0.000887,0.006909,-0.000192
6682.288000,-0.255715,0.108049,0.261825,-2.112997,-2.142945,0.192913,-0.026382,-0.000370,-0.008275,-0.000868,0.006239,-0.000198
6682.296000,-0.255926,0.108040,0.261748,-2.112931,-2.142977,0.192956,-0.026255,-0.000370,-0.007982,-0.000874,0.006828,-0.000194
6682.304000,-0.256131,0.108036,0.261693,-2.112889,-2.142977,0.192961,-0.026356,-0.000375,-0.007798,-0.000868,0.005783,-0.000180
6682.312000,-0.256347,0.108038,0.261618,-2.112899,-2.142900,0.192992,-0.026113,-0.000370,-0.007279,-0.000900,0.008779,-0.000189
6682.320000,-0.256562,0.108031,0.261574,-2.112830,-2.142861,0.193198,-0.026287,-0.000370,-0.007378,-0.000925,0.010514,-0.000205
6682.328000,-0.256770,0.108030,0.261522,-2.112762,-2.142783,0.193301,-0.026384,-0.000374,-0.007006,-0.000939,0.011108,-0.000198
6682.336000,-0.256987,0.108026,0.261451,-2.112774,-2.142734,0.193311,-0.026073,-0.000365,-0.008491,-0.000855,0.005985,-0.000205
6682.344000,-0.257198,0.108018,0.261388,-2.112742,-2.142753,0.193381,-0.026200,-0.000370,-0.008593,-0.000833,0.003679,-0.000189
6682.352000,-0.257401,0.108008,0.261307,-2.112699,-2.142836,0.193375,-0.026197,-0.000373,-0.008033,-0.000854,0.005026,-0.000182
6682.360000,-0.257621,0.108014,0.261248,-2.112691,-2.142746,0.193476,-0.026069,-0.000369,-0.008823,-0.000800,0.001364,-0.000178
6682.368000,-0.257830,0.108008,0.261190,-2.112679,-2.142697,0.193487,-0.026571,-0.000378,-0.008057,-0.000877,0.005812,-0.000187
6682.376000,-0.258036,0.108012,0.261121,-2.112664,-2.142656,0.193588,-0.026268,-0.000368,-0.008665,-0.000850,0.004949,-0.000201
6682.384000,-0.258244,0.108006,0.261045,-2.112689,-2.142677,0.193559,-0.025941,-0.000364,-0.009458,-0.000780,0.000453,-0.000191
6682.392000,-0.258449,0.108008,0.260969,-2.112750,-2.142634,0.193579,-0.026333,-0.000371,-0.008370,-0.000863,0.005481,-0.000196
6682.400000,-0.258663,0.107995,0.260900,-2.112631,-2.142684,0.193610,-0.026188,-0.000371,-0.008606,-0.000831,0.003276,-0.000186
6682.408000,-0.258872,0.107990,0.260827,-2.112625,-2.142729,0.193627,-0.025764,-0.000362,-0.009486,-0.000766,-0.000347,-0.000186
6682.416000,-0.259081,0.107989,0.260755,-2.112667,-2.142667,0.193686,-0.025817,-0.000363,-0.008726,-0.000828,0.004154,-0.000199
6682.424000,-0.259287,0.107998,0.260696,-2.112635,-2.142626,0.193709,-0.025903,-0.000368,-0.008292,-0.000821,0.002888,-0.000174
6682.432000,-0.259490,0.107982,0.260631,-2.112605,-2.142591,0.193799,-0.026423,-0.000377,-0.006865,-0.000952,0.011516,-0.000198
6682.440000,-0.259709,0.107994,0.260600,-2.112502,-2.142450,0.193981,-0.026240,-0.000371,-0.007964,-0.000879,0.006632,-0.000193
6682.448000,-0.259923,0.107987,0.260524,-2.112479,-2.142451,0.194040,-0.026976,-0.000385,-0.006343,-0.001013,0.014636,-0.000204
6682.456000,-0.260135,0.107985,0.260478,-2.112403,-2.142367,0.194180,-0.026149,-0.000367,-0.008139,-0.000890,0.007921,-0.000210
6682.464000,-0.260342,0.107978,0.260420,-2.112372,-2.142324,0.194201,-0.025697,-0.000358,-0.009070,-0.000829,0.004681,-0.000215
6682.472000,-0.260539,0.107980,0.260307,-2.112460,-2.142419,0.194142,-0.026201,-0.000365,-0.009492,-0.000818,0.002586,-0.000209
6682.480000,-0.260744,0.107975,0.260244,-2.112449,-2.142351,0.194215,-0.026298,-0.000369,-0.009187,-0.000826,0.002715,-0.000200
6682.488000,-0.260955,0.107969,0.260163,-2.112422,-2.142395,0.194207,-0.025874,-0.000363,-0.009835,-0.000765,-0.000822,-0.000193
6682.496000,-0.261162,0.107959,0.260098,-2.112374,-2.142421,0.194265,-0.026461,-0.000374,-0.009207,-0.000828,0.002351,-0.000197
6682.504000,-0.261370,0.107969,0.260024,-2.112452,-2.142313,0.194282,-0.026092,-0.000365,-0.009452,-0.000814,0.002361,-0.000206
6682.512000,-0.261575,0.107965,0.259930,-2.112455,-2.142359,0.194200,-0.025816,-0.000360,-0.009660,-0.000792,0.001441,-0.000207
6682.520000,-0.261788,0.107954,0.259862,-2.112405,-2.142385,0.194283,-0.026228,-0.000370,-0.008432,-0.000878,0.006598,-0.000208
6682.528000,-0.261998,0.107959,0.259800,-2.112394,-2.142313,0.194323,-0.026072,-0.000368,-0.009481,-0.000783,-0.000352,-0.000185
6682.536000,-0.262199,0.107955,0.259761,-2.112323,-2.142242,0.194515,-0.026178,-0.000369,-0.008584,-0.000865,0.005682,-0.000206
6682.544000,-0.262410,0.107950,0.259676,-2.112330,-2.142274,0.194536,-0.026020,-0.000368,-0.008691,-0.000834,0.003463,-0.000192
6682.552000,-0.262620,0.107946,0.259636,-2.112299,-2.142155,0.194632,-0.026178,-0.000371,-0.008588,-0.000848,0.004096,-0.000193
6682.560000,-0.262835,0.107935,0.259549,-2.112320,-2.142202,0.194632,-0.026149,-0.000370,-0.008757,-0.000847,0.004187,-0.000199
6682.568000,-0.263046,0.107947,0.259487,-2.112235,-2.142156,0.194700,-0.026275,-0.000366,-0.008935,-0.000878,0.006713,-0.000226
6682.576000,-0.263251,0.107942,0.259405,-2.112269,-2.142140,0.194746,-0.026121,-0.000369,-0.008088,-0.000895,0.007863,-0.000209
6682.584000,-0.263455,0.107939,0.259341,-2.112302,-2.142066,0.194807,-0.025990,-0.000362,-0.009979,-0.000790,0.000683,-0.000210
6682.592000,-0.263667,0.107929,0.259255,-2.112261,-2.142117,0.194765,-0.026022,-0.000366,-0.009630,-0.000803,0.001373,-0.000204
6682.600000,-0.263893,0.107920,0.259196,-2.112159,-2.142110,0.194857,-0.026415,-0.000375,-0.008679,-0.000864,0.004637,-0.000200
6682.608000,-0.264088,0.107907,0.259106,-2.112162,-2.142195,0.194880,-0.026466,-0.000374,-0.009651,-0.000821,0.001560,-0.000205
6682.616000,-0.264303,0.107920,0.259050,-2.112171,-2.142070,0.194992,-0.026213,-0.000368,-0.009652,-0.000812,0.001493,-0.000205
6682.624000,-0.264508,0.107920,0.258965,-2.112242,-2.142035,0.194976,-0.026002,-0.000363,-0.010377,-0.000769,-0.001023,-0.000208
6682.632000,-0.264710,0.107921,0.258870,-2.112247,-2.142110,0.194877,-0.025450,-0.000352,-0.011064,-0.000712,-0.003774,-0.000209
6682.640000,-0.264927,0.107898,0.258791,-2.112151,-2.142183,0.194878,-0.025716,-0.000362,-0.009861,-0.000784,0.000607,-0.000207
6682.648000,-0.265114,0.107929,0.258702,-2.112342,-2.142041,0.194850,-0.025645,-0.000359,-0.010208,-0.000739,-0.002868,-0.000189
6682.656000,-0.265315,0.107906,0.258661,-2.112231,-2.142031,0.195039,-0.025288,-0.000355,-0.010191,-0.000728,-0.002772,-0.000191
6682.664000,-0.265528,0.107908,0.258545,-2.112296,-2.142145,0.194892,-0.025704,-0.000362,-0.009816,-0.000766,-0.001061,-0.000191
6682.672000,-0.265732,0.107903,0.258480,-2.112246,-2.142108,0.194899,-0.025870,-0.000367,-0.009375,-0.000794,0.000453,-0.000189
6682.680000,-0.265940,0.107900,0.258391,-2.112309,-2.142148,0.194882,-0.025748,-0.000368,-0.008433,-0.000826,0.002687,-0.000179
6682.688000,-0.266144,0.107901,0.258331,-2.112316,-2.142097,0.194912,-0.025644,-0.000362,-0.008720,-0.000838,0.004364,-0.000203
6682.696000,-0.266356,0.107889,0.258259,-2.112276,-2.142068,0.194911,-0.025628,-0.000363,-0.008462,-0.000856,0.005730,-0.000206
6682.704000,-0.266554,0.107891,0.258187,-2.112259,-2.142084,0.195025,-0.025988,-0.000365,-0.009413,-0.000829,0.003089,-0.000212
6682.712000,-0.266761,0.107889,0.258099,-2.112320,-2.142061,0.194985,-0.025992,-0.000365,-0.009444,-0.000833,0.003353,-0.000216
6682.720000,-0.266976,0.107893,0.258032,-2.112305,-2.142015,0.195049,-0.026027,-0.000368,-0.009115,-0.000827,0.002452,-0.000198
6682.728000,-0.267182,0.107878,0.257946,-2.112300,-2.142114,0.195023,-0.025963,-0.000367,-0.009476,-0.000814,0.001790,-0.000204
6682.736000,-0.267396,0.107873,0.257855,-2.112245,-2.142113,0.194929,-0.025965,-0.000368,-0.009313,-0.000822,0.002260,-0.000203
6682.744000,-0.267610,0.107872,0.257799,-2.112203,-2.142068,0.195044,-0.026072,-0.000365,-0.010296,-0.000794,0.000314,-0.000217
6682.752000,-0.267819,0.107862,0.257692,-2.112258,-2.142154,0.195018,-0.025508,-0.000354,-0.010378,-0.000789,0.001599,-0.000233
6682.760000,-0.268019,0.107872,0.257633,-2.112313,-2.142000,0.195124,-0.025613,-0.000358,-0.009935,-0.000796,0.001517,-0.000218
6682.768000,-0.268205,0.107875,0.257516,-2.112402,-2.142078,0.194902,-0.025973,-0.000370,-0.009447,-0.000792,-0.000467,-0.000184
6682.776000,-0.268414,0.107871,0.257437,-2.112371,-2.142122,0.194920,-0.025443,-0.000353,-0.010471,-0.000769,0.000041,-0.000223
6682.784000,-0.268639,0.107845,0.257393,-2.112198,-2.142123,0.195132,-0.025821,-0.000367,-0.009899,-0.000783,-0.000429,-0.000199
6682.792000,-0.268821,0.107858,0.257298,-2.112337,-2.142053,0.195074,-0.025851,-0.000365,-0.009279,-0.000835,0.003449,-0.000212
6682.800000,-0.269032,0.107858,0.257223,-2.112282,-2.142070,0.195111,-0.026083,-0.000372,-0.008649,-0.000859,0.004287,-0.000199
6682.808000,-0.269243,0.107854,0.257184,-2.112253,-2.141988,0.195257,-0.026198,-0.000371,-0.008518,-0.000893,0.006833,-0.000216
6682.816000,-0.269457,0.107844,0.257117,-2.112199,-2.142032,0.195302,-0.025620,-0.000361,-0.009400,-0.000819,0.002787,-0.000212
6682.824000,-0.269656,0.107837,0.257032,-2.112243,-2.141992,0.195279,-0.025486,-0.000357,-0.010882,-0.000740,-0.002538,-0.000214
6682.832000,-0.269848,0.107847,0.256940,-2.112349,-2.141967,0.195207,-0.025109,-0.000350,-0.011078,-0.000707,-0.004119,-0.000208
6682.840000,-0.270049,0.107843,0.256872,-2.112266,-2.142008,0.195270,-0.025666,-0.000360,-0.010653,-0.000755,-0.002006,-0.000210
6682.848000,-0.270269,0.107826,0.256795,-2.112188,-2.142054,0.195342,-0.025632,-0.000362,-0.010753,-0.000733,-0.003775,-0.000199
6682.856000,-0.270481,0.107819,0.256708,-2.112234,-2.142014,0.195319,-0.026163,-0.000373,-0.010042,-0.000795,-0.000659,-0.000200
6682.864000,-0.270679,0.107825,0.256642,-2.112229,-2.141979,0.195357,-0.025902,-0.000365,-0.010544,-0.000771,-0.001541,-0.000210
6682.872000,-0.270888,0.107833,0.256537,-2.112301,-2.141941,0.195310,-0.025634,-0.000357,-0.010767,-0.000767,-0.000932,-0.000223
6682.880000,-0.271073,0.107837,0.256467,-2.112252,-2.141937,0.195358,-0.025463,-0.000355,-0.011218,-0.000722,-0.004057,-0.000212
6682.888000,-0.271285,0.107818,0.256398,-2.112260,-2.141923,0.195465,-0.025541,-0.000360,-0.010503,-0.000754,-0.002068,-0.000206
6682.896000,-0.271499,0.107824,0.256308,-2.112235,-2.141964,0.195400,-0.025869,-0.000363,-0.010375,-0.000794,0.000285,-0.000220
6682.904000,-0.271695,0.107825,0.256217,-2.112300,-2.141973,0.195319,-0.025731,-0.000363,-0.010160,-0.000782,-0.000573,-0.000207
6682.912000,-0.271912,0.107809,0.256128,-2.112309,-2.142002,0.195310,-0.025506,-0.000360,-0.010281,-0.000768,-0.001047,-0.000208
6682.920000,-0.272114,0.107816,0.256058,-2.112298,-2.141987,0.195334,-0.025693,-0.000364,-0.009906,-0.000784,-0.000582,-0.000199
6682.928000,-0.272318,0.107800,0.255988,-2.112273,-2.142015,0.195422,-0.025057,-0.000354,-0.011052,-0.000686,-0.006300,-0.000189
6682.936000,-0.272514,0.107801,0.255907,-2.112266,-2.141996,0.195388,-0.025485,-0.000358,-0.010433,-0.000773,-0.000544,-0.000217
6682.944000,-0.272707,0.107814,0.255803,-2.112371,-2.141995,0.195288,-0.025712,-0.000366,-0.009502,-0.000804,0.000635,-0.000197
6682.952000,-0.272918,0.107802,0.255744,-2.112379,-2.141954,0.195415,-0.025160,-0.000354,-0.011412,-0.000678,-0.007144,-0.000192
6682.960000,-0.273120,0.107792,0.255668,-2.112345,-2.142018,0.195398,-0.025380,-0.000358,-0.010988,-0.000717,-0.004829,-0.000198
6682.968000,-0.273331,0.107789,0.255559,-2.112356,-2.142101,0.195314,-0.025293,-0.000356,-0.010975,-0.000726,-0.003770,-0.000207
6682.976000,-0.273532,0.107792,0.255469,-2.112391,-2.142102,0.195244,-0.025554,-0.000357,-0.011574,-0.000716,-0.004925,-0.000215
6682.984000,-0.273737,0.107775,0.255380,-2.112353,-2.142156,0.195206,-0.025326,-0.000360,-0.011047,-0.000701,-0.006066,-0.000189
6682.992000,-0.273945,0.107785,0.255295,-2.112460,-2.142080,0.195188,-0.024892,-0.000344,-0.012714,-0.000641,-0.008630,-0.000222
6683.000000,-0.274145,0.107782,0.255174,-2.112574,-2.142173,0.195073,-0.024551,-0.000343,-0.012075,-0.000631,-0.009071,-0.000199
6683.008000,-0.274343,0.107779,0.255079,-2.112639,-2.142182,0.195019,-0.025174,-0.000354,-0.011225,-0.000710,-0.004757,-0.000207
6683.016000,-0.274541,0.107785,0.255013,-2.112561,-2.142171,0.195052,-0.025332,-0.000354,-0.011172,-0.000734,-0.003271,-0.000217
6683.024000,-0.274750,0.107781,0.254927,-2.112611,-2.142141,0.195076,-0.025670,-0.000360,-0.010173,-0.000809,0.001431,-0.000225
6683.032000,-0.274952,0.107776,0.254852,-2.112605,-2.142135,0.195145,-0.025722,-0.000362,-0.010331,-0.000798,0.000400,-0.000221
6683.040000,-0.275146,0.107775,0.254748,-2.112645,-2.142168,0.195064,-0.025449,-0.000359,-0.010369,-0.000774,-0.000851,-0.000213
6683.048000,-0.275349,0.107764,0.254675,-2.112571,-2.142218,0.195120,-0.025052,-0.000350,-0.010800,-0.000750,-0.001383,-0.000223
6683.056000,-0.275559,0.107763,0.254599,-2.112555,-2.142193,0.195124,-0.024955,-0.000350,-0.010634,-0.000751,-0.001205,-0.000220
6683.064000,-0.275756,0.107763,0.254474,-2.112694,-2.142229,0.194999,-0.025161,-0.000355,-0.010567,-0.000748,-0.002207,-0.000208
6683.072000,-0.275962,0.107758,0.254411,-2.112617,-2.142246,0.195039,-0.024949,-0.000348,-0.011760,-0.000691,-0.005577,-0.000218
6683.080000,-0.276167,0.107753,0.254343,-2.112562,-2.142206,0.195095,-0.024929,-0.000349,-0.011644,-0.000695,-0.005347,-0.000216
6683.088000,-0.276370,0.107756,0.254232,-2.112597,-2.142282,0.194948,-0.025233,-0.000357,-0.011023,-0.000723,-0.004417,-0.000203
6683.096000,-0.276579,0.107741,0.254138,-2.112704,-2.142322,0.194953,-0.025290,-0.000356,-0.011796,-0.000690,-0.006833,-0.000206
6683.104000,-0.276787,0.107747,0.254064,-2.112698,-2.142288,0.195017,-0.025365,-0.000358,-0.011470,-0.000700,-0.006492,-0.000199
6683.112000,-0.276986,0.107740,0.253966,-2.112715,-2.142347,0.194914,-0.025057,-0.000348,-0.012672,-0.000656,-0.008419,-0.000221
6683.120000,-0.277188,0.107738,0.253856,-2.112833,-2.142363,0.194850,-0.024628,-0.000343,-0.012344,-0.000645,-0.008438,-0.000212
6683.128000,-0.277383,0.107747,0.253762,-2.112837,-2.142411,0.194772,-0.025330,-0.000357,-0.011258,-0.000718,-0.005165,-0.000204
6683.136000,-0.277580,0.107737,0.253672,-2.112929,-2.142399,0.194725,-0.024621,-0.000345,-0.012024,-0.000649,-0.008419,-0.000202
6683.144000,-0.277787,0.107734,0.253585,-2.112894,-2.142486,0.194677,-0.024366,-0.000341,-0.012648,-0.000599,-0.011539,-0.000196
6683.152000,-0.277985,0.107729,0.253490,-2.112915,-2.142501,0.194636,-0.024992,-0.000350,-0.011798,-0.000697,-0.005577,-0.000219
6683.160000,-0.278186,0.107724,0.253406,-2.112958,-2.142433,0.194661,-0.025482,-0.000363,-0.009804,-0.000807,0.000889,-0.000211
6683.168000,-0.278391,0.107724,0.253322,-2.112909,-2.142507,0.194635,-0.025036,-0.000355,-0.010202,-0.000764,-0.001191,-0.000207
6683.176000,-0.278591,0.107727,0.253241,-2.113002,-2.142446,0.194644,-0.025475,-0.000360,-0.010054,-0.000811,0.001455,-0.000224
6683.184000,-0.278797,0.107721,0.253171,-2.112983,-2.142421,0.194703,-0.025008,-0.000355,-0.010700,-0.000728,-0.003947,-0.000198
6683.192000,-0.278995,0.107712,0.253061,-2.112968,-2.142555,0.194596,-0.024715,-0.000346,-0.011555,-0.000700,-0.004848,-0.000219
6683.200000,-0.279191,0.107705,0.252964,-2.113004,-2.142615,0.194542,-0.024960,-0.000353,-0.011277,-0.000711,-0.004920,-0.000208
6683.208000,-0.279394,0.107708,0.252877,-2.113047,-2.142602,0.194522,-0.025349,-0.000359,-0.010035,-0.000807,0.001292,-0.000222
6683.216000,-0.279597,0.107701,0.252789,-2.113047,-2.142592,0.194506,-0.025352,-0.000360,-0.010745,-0.000759,-0.002366,-0.000212
6683.224000,-0.279795,0.107704,0.252686,-2.113112,-2.142630,0.194436,-0.025085,-0.000353,-0.011964,-0.000688,-0.006866,-0.000212
6683.232000,-0.279996,0.107701,0.252590,-2.113163,-2.142651,0.194382,-0.024432,-0.000340,-0.012981,-0.000615,-0.010446,-0.000215
6683.240000,-0.280190,0.107690,0.252485,-2.113204,-2.142743,0.194319,-0.024457,-0.000344,-0.012875,-0.000598,-0.012167,-0.000196
6683.248000,-0.280379,0.107698,0.252378,-2.113312,-2.142770,0.194173,-0.024720,-0.000348,-0.011523,-0.000692,-0.005850,-0.000209
6683.256000,-0.280578,0.107692,0.252270,-2.113390,-2.142819,0.194071,-0.024848,-0.000349,-0.011731,-0.000696,-0.005735,-0.000216
6683.264000,-0.280784,0.107688,0.252207,-2.113299,-2.142791,0.194123,-0.025576,-0.000366,-0.010598,-0.000765,-0.002883,-0.000202
6683.272000,-0.280988,0.107686,0.252115,-2.113362,-2.142831,0.194107,-0.025290,-0.000361,-0.010764,-0.000741,-0.004096,-0.000198
6683.280000,-0.281181,0.107683,0.252035,-2.113307,-2.142873,0.194122,-0.025412,-0.000362,-0.010539,-0.000774,-0.001738,-0.000212
6683.288000,-0.281390,0.107682,0.251969,-2.113356,-2.142792,0.194195,-0.024385,-0.000343,-0.012315,-0.000630,-0.009823,-0.000200
6683.296000,-0.281578,0.107692,0.251882,-2.113396,-2.142772,0.194133,-0.024720,-0.000346,-0.011507,-0.000712,-0.004311,-0.000222
6683.304000,-0.281773,0.107673,0.251767,-2.113458,-2.142906,0.193949,-0.025503,-0.000365,-0.009768,-0.000820,0.001335,-0.000214
6683.312000,-0.281975,0.107672,0.251686,-2.113511,-2.142882,0.193983,-0.024763,-0.000352,-0.011675,-0.000671,-0.008055,-0.000194
6683.320000,-0.282173,0.107674,0.251597,-2.113466,-2.142955,0.193906,-0.025287,-0.000357,-0.011303,-0.000744,-0.003549,-0.000220
6683.328000,-0.282368,0.107659,0.251506,-2.113513,-2.142979,0.193935,-0.024770,-0.000348,-0.012393,-0.000662,-0.008237,-0.000215
6683.336000,-0.282572,0.107662,0.251398,-2.113551,-2.142980,0.193839,-0.024970,-0.000353,-0.011751,-0.000698,-0.006339,-0.000211
6683.344000,-0.282769,0.107657,0.251305,-2.113546,-2.143018,0.193795,-0.025030,-0.000354,-0.012169,-0.000677,-0.008002,-0.000209
6683.352000,-0.282973,0.107664,0.251233,-2.113568,-2.142985,0.193810,-0.024757,-0.000345,-0.012716,-0.000665,-0.007858,-0.000228
6683.360000,-0.283169,0.107657,0.251122,-2.113596,-2.143068,0.193804,-0.024970,-0.000350,-0.012841,-0.000656,-0.009272,-0.000219
6683.368000,-0.283367,0.107651,0.251019,-2.113688,-2.143054,0.193756,-0.024662,-0.000345,-0.012987,-0.000632,-0.010327,-0.000215
6683.376000,-0.283564,0.107654,0.250949,-2.113631,-2.143064,0.193754,-0.024886,-0.000349,-0.012659,-0.000659,-0.008932,-0.000216
6683.384000,-0.283768,0.107650,0.250856,-2.113661,-2.143085,0.193676,-0.025339,-0.000357,-0.011765,-0.000736,-0.004269,-0.000228
6683.392000,-0.283968,0.107637,0.250737,-2.113699,-2.143227,0.193587,-0.025294,-0.000357,-0.011412,-0.000752,-0.003017,-0.000228
6683.400000,-0.284156,0.107642,0.250641,-2.113777,-2.143197,0.193530,-0.024972,-0.000353,-0.011529,-0.000720,-0.004844,-0.000217
6683.408000,-0.284357,0.107634,0.250544,-2.113821,-2.143258,0.193402,-0.024658,-0.000347,-0.012089,-0.000688,-0.006272,-0.000223
6683.416000,-0.284556,0.107632,0.250448,-2.113871,-2.143285,0.193410,-0.024806,-0.000351,-0.011182,-0.000736,-0.003209,-0.000222
6683.424000,-0.284750,0.107627,0.250348,-2.113955,-2.143345,0.193333,-0.024691,-0.000348,-0.012375,-0.000669,-0.007882,-0.000218
6683.432000,-0.284947,0.107635,0.250268,-2.113916,-2.143316,0.193306,-0.024365,-0.000342,-0.012346,-0.000660,-0.007743,-0.000219
6683.440000,-0.285154,0.107626,0.250159,-2.113960,-2.143388,0.193280,-0.024988,-0.000354,-0.011448,-0.000729,-0.004379,-0.000219
6683.448000,-0.285363,0.107615,0.250074,-2.113947,-2.143391,0.193266,-0.024797,-0.000350,-0.012101,-0.000692,-0.006459,-0.000221
6683.456000,-0.285550,0.107618,0.249983,-2.113969,-2.143404,0.193193,-0.024671,-0.000350,-0.011937,-0.000680,-0.007384,-0.000208
6683.464000,-0.285744,0.107628,0.249869,-2.114121,-2.143399,0.193062,-0.024673,-0.000345,-0.013029,-0.000645,-0.009598,-0.000223
6683.472000,-0.285948,0.107607,0.249767,-2.114098,-2.143530,0.193026,-0.024663,-0.000346,-0.013091,-0.000645,-0.009541,-0.000225
6683.480000,-0.286140,0.107598,0.249645,-2.114171,-2.143649,0.192836,-0.024816,-0.000353,-0.012524,-0.000654,-0.009694,-0.000205
6683.488000,-0.286336,0.107602,0.249537,-2.114302,-2.143683,0.192782,-0.024799,-0.000352,-0.012542,-0.000652,-0.009944,-0.000204
6683.496000,-0.286543,0.107603,0.249437,-2.114264,-2.143732,0.192682,-0.024787,-0.000350,-0.011351,-0.000742,-0.002893,-0.000230
6683.504000,-0.286739,0.107597,0.249344,-2.114388,-2.143680,0.192711,-0.024205,-0.000340,-0.013010,-0.000619,-0.010600,-0.000215
6683.512000,-0.286935,0.107595,0.249239,-2.114407,-2.143769,0.192590,-0.024806,-0.000354,-0.012178,-0.000668,-0.008961,-0.000201
6683.520000,-0.287130,0.107596,0.249135,-2.114443,-2.143827,0.192506,-0.024622,-0.000348,-0.011976,-0.000697,-0.005994,-0.000222
6683.528000,-0.287332,0.107586,0.249066,-2.114384,-2.143840,0.192564,-0.025050,-0.000357,-0.010915,-0.000766,-0.002131,-0.000223
6683.536000,-0.287535,0.107589,0.248982,-2.114401,-2.143795,0.192556,-0.024850,-0.000351,-0.011064,-0.000771,-0.000856,-0.000240
6683.544000,-0.287733,0.107580,0.248890,-2.114455,-2.143824,0.192543,-0.024057,-0.000338,-0.012425,-0.000655,-0.007638,-0.000224
6683.552000,-0.287922,0.107584,0.248782,-2.114521,-2.143862,0.192472,-0.024319,-0.000341,-0.011888,-0.000708,-0.004191,-0.000237
6683.560000,-0.288112,0.107584,0.248690,-2.114507,-2.143835,0.192452,-0.024227,-0.000343,-0.011818,-0.000683,-0.006257,-0.000217
6683.568000,-0.288301,0.107598,0.248581,-2.114665,-2.143837,0.192306,-0.024599,-0.000348,-0.012511,-0.000656,-0.009426,-0.000208
6683.576000,-0.288501,0.107576,0.248477,-2.114598,-2.143967,0.192241,-0.024617,-0.000349,-0.012148,-0.000684,-0.007207,-0.000217
6683.584000,-0.288694,0.107576,0.248396,-2.114670,-2.143968,0.192275,-0.024303,-0.000342,-0.013548,-0.000597,-0.012901,-0.000210
6683.592000,-0.288890,0.107572,0.248270,-2.114753,-2.144042,0.192096,-0.024392,-0.000345,-0.013211,-0.000614,-0.011976,-0.000208
6683.600000,-0.289093,0.107567,0.248163,-2.114753,-2.144112,0.192015,-0.024353,-0.000344,-0.012955,-0.000630,-0.010610,-0.000212
6683.608000,-0.289282,0.107572,0.248085,-2.114804,-2.144086,0.192045,-0.024584,-0.000346,-0.013238,-0.000633,-0.010940,-0.000217
6683.616000,-0.289486,0.107568,0.247974,-2.114885,-2.144140,0.191954,-0.024419,-0.000345,-0.012740,-0.000647,-0.009641,-0.000214
6683.624000,-0.289670,0.107579,0.247870,-2.114953,-2.144145,0.191818,-0.024593,-0.000348,-0.012802,-0.000644,-0.010519,-0.000207
6683.632000,-0.289874,0.107564,0.247779,-2.114935,-2.144256,0.191791,-0.024232,-0.000346,-0.012967,-0.000593,-0.013788,-0.000184
6683.640000,-0.290075,0.107551,0.247685,-2.115003,-2.144242,0.191770,-0.023896,-0.000340,-0.013224,-0.000576,-0.013955,-0.000192
6683.648000,-0.290271,0.107537,0.247572,-2.115002,-2.144391,0.191641,-0.024280,-0.000348,-0.012208,-0.000646,-0.009819,-0.000197
6683.656000,-0.290454,0.107534,0.247463,-2.115096,-2.144458,0.191525,-0.024093,-0.000342,-0.012768,-0.000628,-0.010384,-0.000209
6683.664000,-0.290644,0.107551,0.247372,-2.115129,-2.144454,0.191421,-0.024031,-0.000338,-0.012723,-0.000648,-0.008486,-0.000226
6683.672000,-0.290853,0.107536,0.247295,-2.115132,-2.144458,0.191486,-0.024142,-0.000347,-0.012319,-0.000627,-0.011099,-0.000189
6683.680000,-0.291029,0.107546,0.247171,-2.115315,-2.144486,0.191316,-0.024116,-0.000343,-0.011961,-0.000665,-0.007940,-0.000207
6683.688000,-0.291228,0.107539,0.247088,-2.115279,-2.144544,0.191261,-0.024208,-0.000343,-0.012214,-0.000670,-0.007652,-0.000217
6683.696000,-0.291423,0.107544,0.247008,-2.115252,-2.144540,0.191334,-0.023885,-0.000333,-0.014019,-0.000585,-0.012805,-0.000227
6683.704000,-0.291615,0.107527,0.246880,-2.115320,-2.144623,0.191150,-0.024351,-0.000341,-0.014230,-0.000599,-0.012810,-0.000232
6683.712000,-0.291812,0.107523,0.246758,-2.115348,-2.144750,0.191029,-0.024317,-0.000346,-0.012659,-0.000651,-0.009450,-0.000214
6683.720000,-0.292009,0.107521,0.246663,-2.115432,-2.144729,0.190991,-0.024162,-0.000343,-0.013019,-0.000626,-0.010931,-0.000212
6683.728000,-0.292204,0.107533,0.246560,-2.115514,-2.144728,0.190892,-0.024661,-0.000349,-0.012558,-0.000678,-0.008247,-0.000220
6683.736000,-0.292388,0.107537,0.246443,-2.115685,-2.144751,0.190815,-0.024775,-0.000351,-0.012666,-0.000677,-0.008769,-0.000218
6683.744000,-0.292589,0.107517,0.246330,-2.115644,-2.144874,0.190664,-0.024356,-0.000348,-0.013174,-0.000610,-0.012978,-0.000197
6683.752000,-0.292784,0.107522,0.246245,-2.115705,-2.144862,0.190694,-0.023719,-0.000334,-0.013320,-0.000601,-0.011645,-0.000216
6683.760000,-0.292984,0.107515,0.246129,-2.115730,-2.144959,0.190588,-0.024396,-0.000346,-0.012351,-0.000681,-0.007456,-0.000222
6683.768000,-0.293179,0.107519,0.246025,-2.115832,-2.144948,0.190448,-0.024625,-0.000349,-0.012076,-0.000709,-0.005970,-0.000227
6683.776000,-0.293365,0.107511,0.245940,-2.115781,-2.145024,0.190476,-0.023977,-0.000339,-0.013212,-0.000613,-0.011635,-0.000212
6683.784000,-0.293565,0.107500,0.245838,-2.115786,-2.145096,0.190373,-0.024670,-0.000354,-0.012277,-0.000680,-0.008587,-0.000209
6683.792000,-0.293756,0.107513,0.245738,-2.115850,-2.145106,0.190322,-0.024388,-0.000349,-0.011599,-0.000696,-0.006876,-0.000204
6683.800000,-0.293949,0.107496,0.245622,-2.115953,-2.145210,0.190177,-0.024509,-0.000350,-0.012624,-0.000661,-0.009594,-0.000211
6683.808000,-0.294146,0.107508,0.245543,-2.116050,-2.145095,0.190184,-0.023583,-0.000332,-0.013283,-0.000602,-0.011439,-0.000218
6683.816000,-0.294336,0.107500,0.245421,-2.116096,-2.145244,0.190053,-0.023627,-0.000333,-0.013244,-0.000608,-0.011089,-0.000219
6683.824000,-0.294526,0.107506,0.245311,-2.116182,-2.145245,0.189933,-0.024083,-0.000345,-0.012625,-0.000619,-0.012168,-0.000189
6683.832000,-0.294726,0.107490,0.245196,-2.116178,-2.145387,0.189794,-0.024186,-0.000341,-0.013299,-0.000642,-0.009790,-0.000231
6683.840000,-0.294926,0.107478,0.245124,-2.116195,-2.145353,0.189883,-0.023940,-0.000339,-0.013666,-0.000595,-0.012973,-0.000214
6683.848000,-0.295112,0.107492,0.244993,-2.116291,-2.145415,0.189681,-0.024579,-0.000351,-0.012515,-0.000675,-0.008952,-0.000213
6683.856000,-0.295297,0.107493,0.244885,-2.116347,-2.145518,0.189535,-0.024162,-0.000345,-0.013285,-0.000598,-0.013931,-0.000193
6683.864000,-0.295489,0.107488,0.244792,-2.116379,-2.145576,0.189505,-0.024461,-0.000346,-0.013148,-0.000652,-0.010188,-0.000222
6683.872000,-0.295692,0.107480,0.244687,-2.116423,-2.145612,0.189403,-0.024595,-0.000352,-0.012068,-0.000698,-0.007346,-0.000214
6683.880000,-0.295886,0.107480,0.244578,-2.116515,-2.145678,0.189286,-0.023670,-0.000337,-0.013363,-0.000583,-0.013730,-0.000199
6683.888000,-0.296072,0.107476,0.244461,-2.116636,-2.145720,0.189173,-0.024067,-0.000338,-0.013209,-0.000648,-0.009239,-0.000234
6683.896000,-0.296277,0.107470,0.244361,-2.116628,-2.145790,0.189191,-0.023631,-0.000334,-0.013116,-0.000616,-0.010844,-0.000218
6683.904000,-0.296475,0.107474,0.244286,-2.116653,-2.145701,0.189198,-0.023943,-0.000341,-0.012702,-0.000640,-0.010111,-0.000211
6683.912000,-0.296668,0.107466,0.244161,-2.116709,-2.145825,0.188993,-0.023774,-0.000339,-0.013352,-0.000589,-0.013629,-0.000199
6683.920000,-0.296861,0.107453,0.244053,-2.116734,-2.145929,0.188954,-0.023251,-0.000329,-0.013046,-0.000608,-0.010475,-0.000220
6683.928000,-0.297050,0.107464,0.243947,-2.116836,-2.145866,0.188859,-0.023836,-0.000337,-0.012880,-0.000647,-0.009057,-0.000226
6683.936000,-0.297237,0.107464,0.243845,-2.116877,-2.145905,0.188814,-0.023899,-0.000340,-0.012232,-0.000671,-0.007667,-0.000219
6683.944000,-0.297426,0.107456,0.243745,-2.116894,-2.145964,0.188710,-0.023581,-0.000335,-0.013139,-0.000606,-0.011760,-0.000210
6683.952000,-0.297629,0.107457,0.243660,-2.116917,-2.145989,0.188739,-0.023932,-0.000341,-0.012717,-0.000639,-0.010384,-0.000209
6683.960000,-0.297823,0.107453,0.243556,-2.116953,-2.146042,0.188622,-0.023972,-0.000340,-0.012942,-0.000644,-0.009876,-0.000220
6683.968000,-0.298018,0.107443,0.243435,-2.117004,-2.146166,0.188469,-0.023803,-0.000339,-0.013476,-0.000601,-0.012791,-0.000210
6683.976000,-0.298204,0.107448,0.243340,-2.117098,-2.146160,0.188463,-0.023551,-0.000332,-0.013941,-0.000581,-0.013428,-0.000219
6683.984000,-0.298404,0.107434,0.243228,-2.117139,-2.146216,0.188327,-0.023870,-0.000341,-0.013240,-0.000613,-0.012206,-0.000208
6683.992000,-0.298588,0.107427,0.243095,-2.117265,-2.146367,0.188100,-0.024068,-0.000344,-0.013153,-0.000630,-0.011444,-0.000212
6684.000000,-0.298790,0.107432,0.243005,-2.117284,-2.146353,0.188079,-0.023834,-0.000339,-0.013442,-0.000613,-0.012024,-0.000216
6684.008000,-0.298974,0.107434,0.242895,-2.117359,-2.146430,0.188008,-0.023961,-0.000342,-0.012467,-0.000666,-0.008491,-0.000219
6684.016000,-0.299163,0.107417,0.242801,-2.117353,-2.146523,0.187944,-0.023811,-0.000340,-0.013323,-0.000615,-0.011923,-0.000213
6684.024000,-0.299349,0.107425,0.242686,-2.117453,-2.146542,0.187837,-0.023650,-0.000335,-0.013114,-0.000627,-0.010471,-0.000221
6684.032000,-0.299541,0.107417,0.242591,-2.117458,-2.146588,0.187757,-0.023220,-0.000326,-0.014522,-0.000549,-0.014942,-0.000224
6684.040000,-0.299721,0.107432,0.242464,-2.117576,-2.146620,0.187544,-0.023370,-0.000334,-0.013869,-0.000547,-0.016376,-0.000190
6684.048000,-0.299909,0.107410,0.242379,-2.117620,-2.146670,0.187601,-0.023148,-0.000331,-0.013975,-0.000537,-0.016414,-0.000194
6684.056000,-0.300085,0.107421,0.242257,-2.117673,-2.146764,0.187385,-0.023072,-0.000327,-0.014492,-0.000516,-0.017694,-0.000198
6684.064000,-0.300290,0.107409,0.242169,-2.117675,-2.146817,0.187396,-0.023693,-0.000337,-0.012722,-0.000651,-0.008966,-0.000223
6684.072000,-0.300469,0.107407,0.242033,-2.117825,-2.146911,0.187156,-0.023890,-0.000340,-0.013196,-0.000633,-0.010931,-0.000219
6684.096000,-0.301043,0.107396,0.241711,-2.117975,-2.147106,0.186929,-0.024231,-0.000347,-0.013320,-0.000637,-0.011727,-0.000214
6684.104000,-0.301219,0.107395,0.241603,-2.118087,-2.147135,0.186788,-0.023568,-0.000334,-0.014402,-0.000560,-0.015633,-0.000213
6684.112000,-0.301415,0.107407,0.241503,-2.118132,-2.147089,0.186702,-0.023743,-0.000337,-0.014120,-0.000582,-0.014559,-0.000214
6684.120000,-0.301612,0.107391,0.241387,-2.118139,-2.147276,0.186573,-0.023933,-0.000342,-0.013967,-0.000593,-0.014281,-0.000211
6684.128000,-0.301800,0.107395,0.241282,-2.118279,-2.147236,0.186521,-0.024071,-0.000344,-0.013444,-0.000624,-0.012369,-0.000212
6684.136000,-0.301994,0.107387,0.241173,-2.118315,-2.147289,0.186407,-0.023243,-0.000331,-0.013869,-0.000569,-0.014339,-0.000210
6684.144000,-0.302188,0.107385,0.241083,-2.118387,-2.147284,0.186404,-0.023108,-0.000323,-0.015164,-0.000536,-0.015868,-0.000235
6684.152000,-0.302368,0.107380,0.240965,-2.118387,-2.147405,0.186270,-0.023751,-0.000338,-0.013130,-0.000642,-0.010006,-0.000226
6684.160000,-0.302557,0.107387,0.240842,-2.118525,-2.147438,0.186139,-0.023709,-0.000336,-0.013336,-0.000634,-0.010499,-0.000228
6684.168000,-0.302750,0.107379,0.240737,-2.118535,-2.147517,0.186021,-0.024317,-0.000349,-0.012588,-0.000681,-0.008952,-0.000217
6684.176000,-0.302948,0.107371,0.240653,-2.118504,-2.147562,0.186064,-0.024071,-0.000344,-0.011782,-0.000728,-0.004451,-0.000236
6684.184000,-0.303128,0.107370,0.240517,-2.118643,-2.147642,0.185824,-0.023941,-0.000345,-0.012529,-0.000656,-0.010040,-0.000207
6684.192000,-0.303316,0.107359,0.240429,-2.118672,-2.147670,0.185836,-0.023183,-0.000329,-0.013990,-0.000578,-0.013442,-0.000222
6684.200000,-0.303506,0.107366,0.240314,-2.118687,-2.147725,0.185698,-0.023928,-0.000344,-0.013073,-0.000632,-0.011813,-0.000207
6684.208000,-0.303699,0.107358,0.240216,-2.118766,-2.147812,0.185671,-0.023445,-0.000337,-0.013259,-0.000601,-0.012891,-0.000204
6684.216000,-0.303889,0.107368,0.240109,-2.118858,-2.147792,0.185563,-0.023093,-0.000328,-0.014372,-0.000543,-0.016213,-0.000208
6684.224000,-0.304066,0.107376,0.240000,-2.118959,-2.147781,0.185418,-0.024281,-0.000349,-0.012736,-0.000664,-0.010509,-0.000207
6684.232000,-0.304269,0.107356,0.239874,-2.119039,-2.147914,0.185310,-0.023993,-0.000344,-0.013476,-0.000624,-0.012599,-0.000211
6684.240000,-0.304457,0.107345,0.239769,-2.119068,-2.147993,0.185246,-0.023850,-0.000343,-0.013787,-0.000598,-0.014224,-0.000206
6684.248000,-0.304649,0.107356,0.239651,-2.119155,-2.148044,0.185046,-0.023314,-0.000330,-0.014658,-0.000553,-0.015887,-0.000219
6684.256000,-0.304832,0.107355,0.239529,-2.119223,-2.148103,0.184889,-0.023290,-0.000332,-0.014116,-0.000564,-0.015293,-0.000208
6684.264000,-0.305019,0.107343,0.239396,-2.119315,-2.148247,0.184726,-0.023417,-0.000337,-0.013493,-0.000586,-0.014305,-0.000198
6684.272000,-0.305206,0.107332,0.239280,-2.119376,-2.148384,0.184573,-0.023454,-0.000336,-0.014093,-0.000573,-0.015058,-0.000209
6684.280000,-0.305393,0.107337,0.239160,-2.119497,-2.148425,0.184430,-0.023882,-0.000346,-0.012356,-0.000660,-0.010083,-0.000201
6684.288000,-0.305589,0.107333,0.239068,-2.119499,-2.148476,0.184411,-0.024288,-0.000351,-0.011881,-0.000715,-0.006833,-0.000216
6684.296000,-0.305774,0.107343,0.238975,-2.119590,-2.148431,0.184354,-0.023493,-0.000337,-0.013233,-0.000614,-0.012331,-0.000208
6684.304000,-0.305959,0.107329,0.238870,-2.119595,-2.148561,0.184238,-0.023059,-0.000329,-0.013583,-0.000593,-0.012556,-0.000218
6684.312000,-0.306147,0.107334,0.238772,-2.119672,-2.148530,0.184207,-0.024190,-0.000349,-0.012076,-0.000707,-0.007164,-0.000220
6684.320000,-0.306335,0.107314,0.238674,-2.119687,-2.148649,0.184144,-0.023281,-0.000336,-0.013244,-0.000595,-0.013419,-0.000199
6684.328000,-0.306523,0.107322,0.238557,-2.119802,-2.148650,0.183976,-0.023488,-0.000340,-0.013290,-0.000594,-0.014234,-0.000192
6684.336000,-0.306716,0.107313,0.238463,-2.119769,-2.148771,0.183942,-0.023526,-0.000337,-0.013267,-0.000627,-0.011420,-0.000218
6684.344000,-0.306895,0.107320,0.238334,-2.119914,-2.148806,0.183736,-0.023658,-0.000338,-0.014072,-0.000600,-0.013745,-0.000220
6684.352000,-0.307093,0.107309,0.238213,-2.120003,-2.148893,0.183611,-0.022881,-0.000324,-0.015381,-0.000510,-0.018255,-0.000220
6684.360000,-0.307265,0.107325,0.238115,-2.120050,-2.148883,0.183571,-0.023261,-0.000329,-0.014719,-0.000561,-0.015561,-0.000224
6684.368000,-0.307457,0.107301,0.237982,-2.120118,-2.149049,0.183351,-0.023595,-0.000338,-0.014164,-0.000591,-0.014320,-0.000218
6684.376000,-0.307632,0.107308,0.237857,-2.120227,-2.149107,0.183242,-0.023313,-0.000331,-0.014844,-0.000552,-0.016424,-0.000219
6684.384000,-0.307832,0.107309,0.237772,-2.120254,-2.149075,0.183236,-0.023551,-0.000335,-0.014057,-0.000605,-0.013131,-0.000226
6684.392000,-0.308014,0.107313,0.237641,-2.120314,-2.149177,0.183038,-0.023758,-0.000339,-0.013276,-0.000649,-0.010452,-0.000227
6684.400000,-0.308211,0.107299,0.237551,-2.120299,-2.149267,0.183048,-0.023749,-0.000338,-0.014221,-0.000608,-0.013390,-0.000228
6684.408000,-0.308398,0.107311,0.237448,-2.120375,-2.149229,0.182950,-0.023038,-0.000325,-0.014362,-0.000581,-0.013438,-0.000234
6684.416000,-0.308582,0.107289,0.237333,-2.120413,-2.149342,0.182854,-0.023419,-0.000336,-0.014042,-0.000587,-0.014392,-0.000214
6684.424000,-0.308770,0.107301,0.237212,-2.120519,-2.149393,0.182705,-0.023199,-0.000330,-0.014032,-0.000588,-0.013653,-0.000221
6684.432000,-0.308955,0.107288,0.237095,-2.120636,-2.149462,0.182621,-0.023141,-0.000329,-0.013924,-0.000595,-0.012920,-0.000225
6684.440000,-0.309146,0.107285,0.237009,-2.120609,-2.149480,0.182637,-0.023576,-0.000336,-0.013814,-0.000623,-0.011942,-0.000230
6684.448000,-0.309319,0.107293,0.236884,-2.120716,-2.149500,0.182455,-0.023529,-0.000333,-0.013439,-0.000655,-0.009205,-0.000245
6684.456000,-0.309513,0.107273,0.236771,-2.120756,-2.149619,0.182395,-0.022759,-0.000323,-0.015189,-0.000519,-0.017656,-0.000220
6684.464000,-0.309700,0.107273,0.236658,-2.120804,-2.149690,0.182311,-0.022671,-0.000320,-0.015147,-0.000526,-0.016802,-0.000227
6684.472000,-0.309875,0.107275,0.236530,-2.120960,-2.149738,0.182108,-0.023729,-0.000340,-0.013972,-0.000611,-0.013596,-0.000218
6684.480000,-0.310056,0.107281,0.236458,-2.120939,-2.149735,0.182109,-0.023345,-0.000332,-0.015076,-0.000547,-0.017387,-0.000217
6684.488000,-0.310244,0.107270,0.236323,-2.121049,-2.149842,0.181921,-0.023124,-0.000326,-0.015391,-0.000544,-0.016592,-0.000235
6684.496000,-0.310438,0.107259,0.236208,-2.121073,-2.149908,0.181806,-0.023421,-0.000333,-0.014754,-0.000583,-0.014559,-0.000234
6684.504000,-0.310626,0.107266,0.236088,-2.121139,-2.149971,0.181708,-0.023515,-0.000334,-0.015349,-0.000557,-0.016899,-0.000229
6684.512000,-0.310808,0.107263,0.235958,-2.121232,-2.150062,0.181566,-0.023119,-0.000329,-0.015018,-0.000547,-0.016783,-0.000221
6684.520000,-0.311003,0.107263,0.235857,-2.121256,-2.150101,0.181445,-0.024288,-0.000348,-0.013390,-0.000687,-0.009244,-0.000241
6684.528000,-0.311189,0.107248,0.235723,-2.121355,-2.150233,0.181360,-0.022888,-0.000324,-0.015111,-0.000544,-0.016246,-0.000230
6684.536000,-0.311371,0.107249,0.235587,-2.121486,-2.150300,0.181092,-0.022627,-0.000319,-0.015730,-0.000509,-0.018049,-0.000232
6684.544000,-0.311553,0.107252,0.235488,-2.121524,-2.150312,0.181096,-0.022685,-0.000319,-0.015321,-0.000535,-0.016237,-0.000237
6684.552000,-0.311724,0.107258,0.235364,-2.121620,-2.150376,0.180925,-0.023140,-0.000327,-0.014640,-0.000586,-0.013720,-0.000239
6684.560000,-0.311928,0.107226,0.235253,-2.121574,-2.150528,0.180828,-0.023474,-0.000335,-0.013776,-0.000645,-0.010092,-0.000247
6684.568000,-0.312100,0.107245,0.235142,-2.121761,-2.150483,0.180721,-0.023004,-0.000325,-0.014810,-0.000576,-0.014066,-0.000242
6684.576000,-0.312292,0.107234,0.235022,-2.121733,-2.150604,0.180663,-0.023199,-0.000329,-0.014451,-0.000605,-0.012426,-0.000246
6684.584000,-0.312461,0.107247,0.234899,-2.121884,-2.150625,0.180504,-0.023109,-0.000329,-0.014714,-0.000567,-0.015475,-0.000225
6684.592000,-0.312643,0.107242,0.234777,-2.121985,-2.150666,0.180340,-0.022998,-0.000325,-0.014945,-0.000570,-0.014679,-0.000240
6684.600000,-0.312839,0.107236,0.234675,-2.121977,-2.150736,0.180358,-0.023439,-0.000329,-0.014951,-0.000608,-0.012681,-0.000258
6684.608000,-0.313034,0.107225,0.234552,-2.121987,-2.150870,0.180253,-0.023306,-0.000328,-0.015273,-0.000586,-0.014003,-0.000256
6684.616000,-0.313221,0.107219,0.234423,-2.122087,-2.150881,0.180078,-0.023046,-0.000326,-0.016152,-0.000517,-0.018806,-0.000236
6684.624000,-0.313410,0.107225,0.234320,-2.122196,-2.150863,0.180073,-0.022944,-0.000325,-0.015645,-0.000530,-0.017761,-0.000231
6684.632000,-0.313601,0.107213,0.234182,-2.122246,-2.150980,0.179883,-0.023725,-0.000338,-0.014914,-0.000602,-0.014416,-0.000239
6684.640000,-0.313789,0.107219,0.234071,-2.122276,-2.151035,0.179846,-0.022971,-0.000320,-0.015599,-0.000575,-0.013792,-0.000269
6684.648000,-0.313976,0.107223,0.233959,-2.122363,-2.151043,0.179790,-0.023315,-0.000326,-0.015028,-0.000611,-0.012182,-0.000266
6684.656000,-0.314159,0.107214,0.233839,-2.122411,-2.151109,0.179675,-0.023017,-0.000324,-0.014936,-0.000592,-0.013011,-0.000256
6684.664000,-0.314352,0.107223,0.233708,-2.122435,-2.151170,0.179498,-0.023022,-0.000325,-0.014638,-0.000598,-0.012728,-0.000250
6684.672000,-0.314536,0.107202,0.233605,-2.122475,-2.151264,0.179464,-0.022768,-0.000321,-0.015351,-0.000556,-0.015158,-0.000248
6684.680000,-0.314713,0.107203,0.233489,-2.122566,-2.151241,0.179347,-0.022485,-0.000313,-0.015580,-0.000557,-0.013869,-0.000269
6684.688000,-0.314891,0.107209,0.233340,-2.122698,-2.151375,0.179163,-0.022783,-0.000320,-0.015003,-0.000576,-0.013764,-0.000251
6684.696000,-0.315073,0.107200,0.233214,-2.122727,-2.151472,0.179007,-0.022716,-0.000320,-0.015574,-0.000544,-0.016103,-0.000246
6684.704000,-0.315255,0.107201,0.233080,-2.122859,-2.151557,0.178903,-0.022871,-0.000322,-0.014758,-0.000592,-0.012886,-0.000252
6684.712000,-0.315435,0.107196,0.232960,-2.122910,-2.151679,0.178722,-0.022827,-0.000323,-0.014914,-0.000572,-0.014507,-0.000241
6684.720000,-0.315624,0.107195,0.232841,-2.123015,-2.151681,0.178682,-0.023373,-0.000331,-0.014899,-0.000605,-0.013380,-0.000250
6684.728000,-0.315808,0.107191,0.232718,-2.123058,-2.151740,0.178551,-0.022801,-0.000319,-0.015680,-0.000565,-0.014483,-0.000265
6684.736000,-0.316003,0.107184,0.232616,-2.123078,-2.151748,0.178473,-0.023211,-0.000328,-0.015435,-0.000580,-0.014727,-0.000254
6684.744000,-0.316176,0.107191,0.232489,-2.123169,-2.151811,0.178350,-0.023294,-0.000329,-0.015168,-0.000595,-0.013932,-0.000253
6684.752000,-0.316365,0.107188,0.232352,-2.123282,-2.151897,0.178197,-0.022702,-0.000318,-0.016092,-0.000536,-0.016654,-0.000256
6684.760000,-0.316553,0.107175,0.232211,-2.123277,-2.152063,0.178027,-0.023547,-0.000331,-0.015653,-0.000603,-0.013726,-0.000269
6684.768000,-0.316729,0.107188,0.232089,-2.123489,-2.151995,0.177975,-0.023040,-0.000324,-0.015190,-0.000588,-0.013778,-0.000256
6684.776000,-0.316924,0.107179,0.231960,-2.123466,-2.152111,0.177779,-0.023347,-0.000330,-0.015123,-0.000605,-0.013309,-0.000258
6684.784000,-0.317114,0.107176,0.231847,-2.123504,-2.152169,0.177698,-0.022143,-0.000310,-0.016684,-0.000476,-0.019913,-0.000244
6684.792000,-0.317293,0.107159,0.231706,-2.123566,-2.152337,0.177585,-0.022418,-0.000315,-0.015804,-0.000533,-0.016261,-0.000252
6684.800000,-0.317471,0.107149,0.231570,-2.123652,-2.152411,0.177359,-0.022946,-0.000325,-0.015188,-0.000585,-0.013816,-0.000256
6684.808000,-0.317643,0.107164,0.231446,-2.123795,-2.152424,0.177236,-0.022715,-0.000318,-0.015196,-0.000588,-0.012791,-0.000267
6684.816000,-0.317838,0.107154,0.231357,-2.123757,-2.152431,0.177281,-0.023607,-0.000336,-0.013674,-0.000684,-0.008175,-0.000264
6684.824000,-0.318019,0.107153,0.231251,-2.123824,-2.152444,0.177264,-0.023800,-0.000339,-0.014160,-0.000673,-0.009551,-0.000265
6684.832000,-0.318205,0.107156,0.231121,-2.123903,-2.152489,0.177107,-0.022788,-0.000320,-0.015038,-0.000600,-0.012105,-0.000269
6684.840000,-0.318392,0.107158,0.231024,-2.123897,-2.152501,0.177084,-0.023194,-0.000325,-0.014771,-0.000642,-0.009896,-0.000282
6684.848000,-0.318576,0.107151,0.230901,-2.123966,-2.152566,0.176994,-0.023307,-0.000329,-0.014528,-0.000641,-0.010615,-0.000267
6684.856000,-0.318758,0.107149,0.230776,-2.124028,-2.152656,0.176926,-0.022972,-0.000323,-0.015172,-0.000602,-0.012609,-0.000268
6684.864000,-0.318941,0.107148,0.230653,-2.124121,-2.152665,0.176822,-0.023197,-0.000328,-0.014943,-0.000614,-0.012508,-0.000261
6684.872000,-0.319125,0.107147,0.230512,-2.124187,-2.152773,0.176614,-0.022712,-0.000318,-0.016602,-0.000526,-0.017804,-0.000260
6684.880000,-0.319313,0.107148,0.230396,-2.124275,-2.152786,0.176622,-0.023622,-0.000329,-0.015472,-0.000651,-0.010255,-0.000298
6684.888000,-0.319491,0.107146,0.230274,-2.124301,-2.152825,0.176478,-0.022684,-0.000313,-0.017249,-0.000527,-0.017128,-0.000287
6684.896000,-0.319676,0.107132,0.230156,-2.124325,-2.152928,0.176463,-0.022681,-0.000316,-0.016191,-0.000560,-0.014890,-0.000277
6684.904000,-0.319858,0.107139,0.230020,-2.124411,-2.153005,0.176265,-0.023260,-0.000327,-0.015707,-0.000593,-0.014363,-0.000266
6684.912000,-0.320043,0.107134,0.229893,-2.124480,-2.153013,0.176162,-0.023044,-0.000323,-0.015350,-0.000610,-0.012249,-0.000277
6684.920000,-0.320225,0.107141,0.229775,-2.124563,-2.153070,0.176078,-0.023557,-0.000331,-0.015136,-0.000641,-0.011444,-0.000277
6684.928000,-0.320422,0.107123,0.229669,-2.124512,-2.153166,0.176050,-0.023606,-0.000333,-0.014472,-0.000673,-0.009110,-0.000280
6684.936000,-0.320594,0.107137,0.229553,-2.124654,-2.153122,0.175942,-0.022900,-0.000322,-0.015445,-0.000590,-0.013745,-0.000265
6684.944000,-0.320785,0.107122,0.229404,-2.124724,-2.153240,0.175804,-0.022743,-0.000319,-0.015495,-0.000585,-0.013615,-0.000268
6684.952000,-0.320972,0.107126,0.229285,-2.124801,-2.153229,0.175685,-0.023416,-0.000333,-0.014738,-0.000630,-0.012427,-0.000255
6684.960000,-0.321158,0.107110,0.229170,-2.124776,-2.153356,0.175643,-0.022792,-0.000320,-0.015628,-0.000585,-0.013725,-0.000271
6684.968000,-0.321343,0.107103,0.229034,-2.124884,-2.153462,0.175478,-0.023037,-0.000325,-0.015128,-0.000619,-0.011760,-0.000275
6684.976000,-0.321524,0.107111,0.228917,-2.124919,-2.153486,0.175354,-0.023227,-0.000325,-0.015554,-0.000622,-0.011943,-0.000285
6684.984000,-0.321709,0.107107,0.228813,-2.124963,-2.153474,0.175363,-0.023439,-0.000328,-0.015415,-0.000644,-0.010706,-0.000293
6684.992000,-0.321895,0.107103,0.228674,-2.125041,-2.153577,0.175246,-0.022603,-0.000315,-0.016418,-0.000557,-0.015211,-0.000281
6685.000000,-0.322070,0.107110,0.228548,-2.125146,-2.153597,0.175088,-0.023024,-0.000322,-0.015972,-0.000589,-0.014066,-0.000278
6685.008000,-0.322244,0.107111,0.228416,-2.125222,-2.153667,0.174955,-0.023190,-0.000328,-0.016290,-0.000556,-0.017599,-0.000252
6685.016000,-0.322441,0.107095,0.228287,-2.125244,-2.153765,0.174904,-0.022833,-0.000321,-0.016876,-0.000525,-0.018787,-0.000258
6685.024000,-0.322624,0.107089,0.228141,-2.125327,-2.153920,0.174685,-0.023119,-0.000328,-0.015878,-0.000573,-0.016108,-0.000254
6685.032000,-0.322812,0.107087,0.228005,-2.125411,-2.153997,0.174518,-0.022876,-0.000327,-0.016049,-0.000539,-0.018404,-0.000237
6685.040000,-0.322988,0.107091,0.227870,-2.125568,-2.154051,0.174351,-0.022547,-0.000316,-0.016746,-0.000530,-0.017555,-0.000268
6685.048000,-0.323181,0.107083,0.227749,-2.125605,-2.154104,0.174235,-0.023040,-0.000321,-0.015320,-0.000642,-0.009824,-0.000300
6685.056000,-0.323364,0.107075,0.227615,-2.125582,-2.154230,0.174162,-0.023577,-0.000332,-0.014460,-0.000694,-0.007571,-0.000296
6685.064000,-0.323550,0.107083,0.227508,-2.125675,-2.154191,0.174144,-0.022990,-0.000323,-0.014821,-0.000641,-0.010289,-0.000281
6685.072000,-0.323729,0.107080,0.227395,-2.125777,-2.154213,0.174067,-0.023513,-0.000333,-0.014409,-0.000680,-0.008822,-0.000282
6685.080000,-0.323913,0.107086,0.227299,-2.125830,-2.154156,0.174060,-0.023323,-0.000329,-0.015175,-0.000635,-0.011885,-0.000275
6685.088000,-0.324102,0.107066,0.227171,-2.125832,-2.154310,0.173972,-0.023154,-0.000327,-0.014445,-0.000668,-0.008659,-0.000286
6685.096000,-0.324281,0.107077,0.227068,-2.125859,-2.154302,0.173909,-0.022320,-0.000308,-0.016134,-0.000581,-0.012608,-0.000299
6685.104000,-0.324470,0.107071,0.226941,-2.125866,-2.154378,0.173814,-0.023423,-0.000326,-0.015492,-0.000667,-0.008985,-0.000313
6685.112000,-0.324650,0.107065,0.226803,-2.125997,-2.154401,0.173689,-0.023528,-0.000332,-0.015450,-0.000644,-0.011646,-0.000285
6685.120000,-0.324842,0.107063,0.226662,-2.126016,-2.154515,0.173542,-0.023379,-0.000327,-0.015533,-0.000652,-0.010289,-0.000302
6685.128000,-0.325033,0.107064,0.226564,-2.126041,-2.154508,0.173535,-0.023526,-0.000331,-0.015397,-0.000655,-0.010764,-0.000292
6685.136000,-0.325232,0.107046,0.226438,-2.126106,-2.154576,0.173526,-0.024203,-0.000343,-0.014407,-0.000726,-0.007198,-0.000297
6685.144000,-0.325414,0.107056,0.226319,-2.126190,-2.154575,0.173429,-0.023538,-0.000331,-0.015912,-0.000633,-0.012537,-0.000290
6685.152000,-0.325599,0.107060,0.226195,-2.126212,-2.154637,0.173281,-0.024119,-0.000341,-0.013738,-0.000751,-0.005189,-0.000297
6685.160000,-0.325795,0.107044,0.226074,-2.126196,-2.154746,0.173253,-0.023608,-0.000333,-0.015185,-0.000670,-0.009891,-0.000295
6685.168000,-0.325981,0.107050,0.225943,-2.126326,-2.154741,0.173123,-0.023299,-0.000328,-0.015416,-0.000636,-0.011842,-0.000283
6685.176000,-0.326167,0.107037,0.225813,-2.126431,-2.154822,0.173037,-0.023157,-0.000326,-0.015735,-0.000619,-0.012767,-0.000284
6685.184000,-0.326349,0.107052,0.225693,-2.126443,-2.154824,0.172973,-0.023653,-0.000332,-0.014460,-0.000710,-0.006944,-0.000303
6685.192000,-0.326542,0.107035,0.225599,-2.126391,-2.154864,0.172956,-0.022670,-0.000317,-0.015914,-0.000603,-0.012369,-0.000295
6685.200000,-0.326733,0.107030,0.225465,-2.126442,-2.154940,0.172915,-0.023336,-0.000326,-0.014772,-0.000696,-0.006910,-0.000314
6685.208000,-0.326907,0.107038,0.225338,-2.126531,-2.154915,0.172794,-0.023458,-0.000332,-0.014810,-0.000672,-0.009752,-0.000286
6685.216000,-0.327104,0.107014,0.225184,-2.126606,-2.155118,0.172595,-0.022968,-0.000325,-0.014932,-0.000643,-0.010605,-0.000282
6685.224000,-0.327283,0.107034,0.225090,-2.126667,-2.155013,0.172571,-0.023997,-0.000338,-0.013232,-0.000790,-0.001757,-0.000318
6685.232000,-0.327483,0.107022,0.224982,-2.126632,-2.155076,0.172580,-0.024370,-0.000346,-0.013231,-0.000792,-0.002970,-0.000305
6685.240000,-0.327661,0.107028,0.224849,-2.126728,-2.155139,0.172408,-0.022992,-0.000324,-0.015997,-0.000597,-0.014387,-0.000276
6685.248000,-0.327847,0.107032,0.224749,-2.126802,-2.155108,0.172428,-0.023862,-0.000334,-0.014243,-0.000742,-0.005103,-0.000315
6685.256000,-0.328052,0.107010,0.224617,-2.126773,-2.155225,0.172339,-0.023964,-0.000340,-0.014882,-0.000698,-0.009225,-0.000292
6685.264000,-0.328242,0.107007,0.224493,-2.126843,-2.155265,0.172247,-0.024048,-0.000341,-0.014759,-0.000714,-0.008104,-0.000300
6685.272000,-0.328439,0.107017,0.224385,-2.126903,-2.155213,0.172226,-0.024356,-0.000342,-0.014796,-0.000745,-0.006316,-0.000318
6685.280000,-0.328630,0.107006,0.224248,-2.126992,-2.155299,0.172101,-0.023722,-0.000336,-0.014658,-0.000698,-0.008660,-0.000292
6685.288000,-0.328818,0.107008,0.224129,-2.127028,-2.155387,0.172054,-0.022757,-0.000316,-0.016944,-0.000575,-0.015063,-0.000298
6685.296000,-0.328998,0.106987,0.223992,-2.127111,-2.155437,0.171934,-0.023308,-0.000328,-0.015721,-0.000647,-0.011195,-0.000300
6685.304000,-0.329181,0.106984,0.223851,-2.127173,-2.155545,0.171776,-0.023307,-0.000331,-0.015620,-0.000633,-0.012619,-0.000282
6685.312000,-0.329366,0.107001,0.223722,-2.127253,-2.155568,0.171675,-0.023565,-0.000327,-0.014692,-0.000735,-0.004585,-0.000335
6685.320000,-0.329559,0.107002,0.223596,-2.127337,-2.155563,0.171546,-0.023470,-0.000329,-0.014962,-0.000696,-0.007802,-0.000311
6685.328000,-0.329747,0.107000,0.223492,-2.127322,-2.155625,0.171575,-0.023726,-0.000335,-0.014542,-0.000712,-0.007682,-0.000299
6685.336000,-0.329936,0.106984,0.223379,-2.127339,-2.155691,0.171562,-0.023211,-0.000324,-0.015609,-0.000665,-0.009359,-0.000315
6685.344000,-0.330121,0.106995,0.223284,-2.127367,-2.155631,0.171553,-0.023904,-0.000337,-0.013504,-0.000777,-0.002970,-0.000316
6685.352000,-0.330315,0.106986,0.223166,-2.127384,-2.155665,0.171474,-0.023165,-0.000325,-0.014398,-0.000706,-0.006359,-0.000310
6685.360000,-0.330503,0.106983,0.223041,-2.127397,-2.155696,0.171442,-0.024096,-0.000337,-0.014645,-0.000755,-0.004945,-0.000329
6685.368000,-0.330703,0.106981,0.222931,-2.127450,-2.155665,0.171440,-0.023562,-0.000331,-0.015716,-0.000669,-0.010414,-0.000307
6685.376000,-0.330887,0.106980,0.222814,-2.127476,-2.155715,0.171420,-0.023514,-0.000329,-0.015372,-0.000690,-0.008535,-0.000316
6685.384000,-0.331074,0.106976,0.222677,-2.127564,-2.155774,0.171316,-0.022780,-0.000316,-0.017212,-0.000581,-0.014842,-0.000309
6685.392000,-0.331266,0.106973,0.222557,-2.127517,-2.155841,0.171231,-0.023399,-0.000327,-0.016313,-0.000646,-0.011675,-0.000313
6685.400000,-0.331447,0.106976,0.222392,-2.127673,-2.155894,0.171089,-0.023952,-0.000335,-0.015571,-0.000706,-0.008535,-0.000321
6685.408000,-0.331649,0.106958,0.222287,-2.127705,-2.155891,0.171067,-0.023693,-0.000332,-0.015796,-0.000682,-0.009685,-0.000317
6685.416000,-0.331836,0.106969,0.222175,-2.127728,-2.155913,0.171093,-0.023728,-0.000330,-0.016010,-0.000688,-0.009173,-0.000329
6685.424000,-0.332009,0.106966,0.222034,-2.127753,-2.156002,0.170896,-0.024094,-0.000338,-0.014537,-0.000761,-0.004758,-0.000329
6685.432000,-0.332207,0.106962,0.221932,-2.127822,-2.155966,0.170933,-0.023467,-0.000330,-0.015519,-0.000670,-0.010380,-0.000302
6685.440000,-0.332408,0.106962,0.221829,-2.127755,-2.156014,0.170883,-0.024326,-0.000341,-0.014103,-0.000794,-0.002836,-0.000335
6685.448000,-0.332591,0.106951,0.221694,-2.127844,-2.156106,0.170819,-0.023270,-0.000324,-0.015791,-0.000675,-0.009067,-0.000325
6685.456000,-0.332774,0.106959,0.221565,-2.127932,-2.156055,0.170751,-0.023500,-0.000328,-0.015597,-0.000685,-0.009168,-0.000317
6685.464000,-0.332959,0.106947,0.221441,-2.127955,-2.156151,0.170673,-0.022821,-0.000319,-0.015714,-0.000640,-0.010903,-0.000305
6685.472000,-0.333147,0.106946,0.221311,-2.127984,-2.156195,0.170565,-0.023490,-0.000328,-0.015302,-0.000703,-0.007682,-0.000324
6685.480000,-0.333334,0.106936,0.221185,-2.127997,-2.156280,0.170485,-0.023132,-0.000321,-0.015681,-0.000686,-0.007662,-0.000336
6685.488000,-0.333521,0.106950,0.221074,-2.128119,-2.156195,0.170529,-0.023609,-0.000328,-0.015698,-0.000704,-0.007830,-0.000334
6685.496000,-0.333698,0.106940,0.220914,-2.128125,-2.156393,0.170244,-0.023502,-0.000329,-0.016021,-0.000669,-0.010510,-0.000317
6685.504000,-0.333890,0.106953,0.220797,-2.128260,-2.156291,0.170227,-0.023658,-0.000328,-0.015509,-0.000720,-0.006637,-0.000341
6685.512000,-0.334092,0.106927,0.220664,-2.128222,-2.156458,0.170189,-0.023800,-0.000332,-0.015940,-0.000698,-0.008962,-0.000330
6685.520000,-0.334276,0.106943,0.220533,-2.128296,-2.156417,0.170116,-0.023614,-0.000332,-0.016361,-0.000646,-0.013060,-0.000300
6685.528000,-0.334464,0.106934,0.220407,-2.128395,-2.156491,0.170014,-0.023248,-0.000323,-0.017037,-0.000624,-0.013275,-0.000319
6685.536000,-0.334658,0.106916,0.220283,-2.128346,-2.156587,0.169960,-0.023763,-0.000337,-0.015471,-0.000686,-0.010453,-0.000300
6685.544000,-0.334837,0.106942,0.220151,-2.128478,-2.156559,0.169859,-0.023348,-0.000324,-0.016507,-0.000651,-0.011593,-0.000321
6685.552000,-0.335032,0.106919,0.220006,-2.128525,-2.156677,0.169723,-0.023437,-0.000326,-0.015222,-0.000719,-0.006330,-0.000336
6685.560000,-0.335230,0.106908,0.219887,-2.128524,-2.156753,0.169757,-0.023443,-0.000327,-0.016401,-0.000663,-0.010860,-0.000325
6685.568000,-0.335416,0.106913,0.219764,-2.128562,-2.156702,0.169712,-0.023380,-0.000323,-0.015037,-0.000743,-0.004005,-0.000355
6685.576000,-0.335604,0.106920,0.219632,-2.128643,-2.156695,0.169605,-0.022911,-0.000316,-0.016268,-0.000658,-0.009632,-0.000335
6685.584000,-0.335783,0.106903,0.219490,-2.128708,-2.156838,0.169491,-0.023775,-0.000333,-0.014859,-0.000744,-0.005607,-0.000333
6685.592000,-0.335970,0.106910,0.219367,-2.128756,-2.156824,0.169420,-0.023110,-0.000319,-0.016064,-0.000680,-0.008473,-0.000341
6685.600000,-0.336153,0.106914,0.219252,-2.128782,-2.156847,0.169425,-0.023477,-0.000325,-0.014881,-0.000744,-0.004533,-0.000345
6685.608000,-0.336349,0.106891,0.219145,-2.128666,-2.156955,0.169446,-0.023879,-0.000335,-0.014265,-0.000780,-0.003085,-0.000341
6685.616000,-0.336536,0.106902,0.219028,-2.128794,-2.156841,0.169404,-0.023829,-0.000331,-0.015580,-0.000736,-0.006225,-0.000348
6685.624000,-0.336720,0.106890,0.218883,-2.128831,-2.156945,0.169237,-0.023710,-0.000331,-0.015498,-0.000728,-0.006570,-0.000342
6685.632000,-0.336903,0.106893,0.218759,-2.128901,-2.156969,0.169294,-0.023957,-0.000334,-0.014951,-0.000766,-0.004380,-0.000348
6685.640000,-0.337094,0.106898,0.218639,-2.128967,-2.156944,0.169174,-0.023625,-0.000327,-0.016316,-0.000697,-0.008794,-0.000344
6685.648000,-0.337283,0.106885,0.218511,-2.128994,-2.157022,0.169160,-0.023548,-0.000328,-0.016482,-0.000678,-0.010227,-0.000335
6685.656000,-0.337475,0.106878,0.218397,-2.128942,-2.157064,0.169178,-0.024219,-0.000334,-0.015710,-0.000774,-0.004049,-0.000374
6685.664000,-0.337680,0.106875,0.218276,-2.129015,-2.157027,0.169164,-0.023207,-0.000319,-0.016911,-0.000672,-0.009244,-0.000359
6685.672000,-0.337857,0.106885,0.218145,-2.129008,-2.157030,0.169075,-0.023234,-0.000318,-0.017004,-0.000671,-0.009412,-0.000360
6685.680000,-0.338039,0.106884,0.217998,-2.129111,-2.157081,0.169009,-0.024361,-0.000337,-0.015269,-0.000792,-0.003306,-0.000369
6685.688000,-0.338225,0.106874,0.217865,-2.129106,-2.157171,0.168915,-0.023929,-0.000329,-0.016222,-0.000742,-0.005822,-0.000372
6685.696000,-0.338422,0.106869,0.217748,-2.129111,-2.157164,0.168885,-0.023674,-0.000329,-0.015654,-0.000728,-0.006661,-0.000347
6685.704000,-0.338618,0.106870,0.217647,-2.129098,-2.157143,0.168929,-0.024456,-0.000339,-0.014912,-0.000813,-0.002022,-0.000372
6685.712000,-0.338805,0.106866,0.217512,-2.129172,-2.157163,0.168901,-0.023593,-0.000326,-0.016343,-0.000705,-0.008118,-0.000353
6685.720000,-0.339007,0.106847,0.217411,-2.129083,-2.157246,0.168921,-0.023816,-0.000332,-0.015129,-0.000763,-0.004284,-0.000356
6685.728000,-0.339188,0.106870,0.217268,-2.129224,-2.157199,0.168810,-0.022954,-0.000316,-0.016391,-0.000673,-0.008856,-0.000348
6685.736000,-0.339375,0.106865,0.217147,-2.129261,-2.157200,0.168744,-0.023770,-0.000330,-0.014991,-0.000768,-0.003886,-0.000357
6685.744000,-0.339561,0.106853,0.216997,-2.129315,-2.157334,0.168691,-0.023523,-0.000328,-0.016479,-0.000682,-0.010165,-0.000336
6685.752000,-0.339751,0.106865,0.216889,-2.129351,-2.157230,0.168721,-0.024029,-0.000331,-0.015908,-0.000760,-0.004984,-0.000372
6685.760000,-0.339960,0.106836,0.216785,-2.129250,-2.157270,0.168760,-0.023238,-0.000320,-0.016755,-0.000690,-0.008118,-0.000367
6685.768000,-0.340135,0.106852,0.216609,-2.129416,-2.157358,0.168561,-0.024028,-0.000333,-0.015487,-0.000765,-0.004950,-0.000360
6685.776000,-0.340326,0.106851,0.216476,-2.129489,-2.157377,0.168532,-0.023287,-0.000320,-0.017366,-0.000660,-0.010937,-0.000355
6685.784000,-0.340512,0.106833,0.216338,-2.129525,-2.157456,0.168419,-0.023562,-0.000328,-0.017405,-0.000655,-0.012466,-0.000340
6685.792000,-0.340706,0.106849,0.216211,-2.129572,-2.157441,0.168343,-0.024207,-0.000334,-0.015091,-0.000804,-0.002141,-0.000378
6685.800000,-0.340903,0.106840,0.216085,-2.129594,-2.157510,0.168315,-0.023488,-0.000323,-0.016704,-0.000704,-0.007960,-0.000367
6685.808000,-0.341081,0.106838,0.215945,-2.129648,-2.157530,0.168235,-0.023272,-0.000322,-0.016499,-0.000683,-0.009475,-0.000345
6685.816000,-0.341277,0.106828,0.215804,-2.129694,-2.157594,0.168145,-0.023934,-0.000332,-0.016048,-0.000740,-0.006738,-0.000359
6685.824000,-0.341463,0.106832,0.215671,-2.129769,-2.157613,0.168087,-0.023491,-0.000323,-0.015854,-0.000741,-0.005214,-0.000370
6685.832000,-0.341654,0.106840,0.215557,-2.129771,-2.157604,0.168052,-0.023265,-0.000320,-0.016421,-0.000697,-0.008209,-0.000356
6685.840000,-0.341849,0.106822,0.215415,-2.129782,-2.157683,0.167963,-0.023923,-0.000330,-0.015151,-0.000798,-0.001878,-0.000384
6685.848000,-0.342032,0.106827,0.215287,-2.129832,-2.157675,0.167931,-0.022313,-0.000304,-0.017707,-0.000611,-0.012067,-0.000356
6685.856000,-0.342215,0.106827,0.215174,-2.129813,-2.157729,0.167946,-0.023214,-0.000318,-0.015670,-0.000738,-0.004681,-0.000371
6685.864000,-0.342408,0.106802,0.215023,-2.129840,-2.157822,0.167811,-0.023242,-0.000321,-0.015972,-0.000720,-0.006325,-0.000363
6685.872000,-0.342590,0.106819,0.214910,-2.129941,-2.157712,0.167854,-0.023715,-0.000326,-0.016306,-0.000741,-0.005937,-0.000376
6685.880000,-0.342785,0.106796,0.214772,-2.129890,-2.157860,0.167775,-0.023769,-0.000329,-0.015076,-0.000787,-0.002577,-0.000375
6685.888000,-0.342963,0.106816,0.214625,-2.129981,-2.157862,0.167636,-0.023848,-0.000327,-0.015760,-0.000779,-0.003172,-0.000389
6685.896000,-0.343158,0.106804,0.214500,-2.130024,-2.157882,0.167713,-0.023172,-0.000316,-0.017023,-0.000695,-0.007850,-0.000379
6685.904000,-0.343344,0.106797,0.214349,-2.130063,-2.157965,0.167606,-0.024211,-0.000332,-0.015285,-0.000821,-0.000895,-0.000399
6685.912000,-0.343542,0.106800,0.214237,-2.130125,-2.157889,0.167616,-0.023346,-0.000319,-0.017374,-0.000689,-0.008890,-0.000378
6685.920000,-0.343725,0.106804,0.214080,-2.130175,-2.157926,0.167469,-0.024005,-0.000328,-0.015353,-0.000813,-0.000914,-0.000401
6685.928000,-0.343912,0.106802,0.213975,-2.130109,-2.157955,0.167509,-0.023869,-0.000327,-0.015857,-0.000776,-0.003646,-0.000388
6685.936000,-0.344114,0.106790,0.213837,-2.130174,-2.157988,0.167460,-0.023392,-0.000322,-0.016656,-0.000711,-0.007601,-0.000371
6685.944000,-0.344295,0.106791,0.213713,-2.130166,-2.158024,0.167437,-0.023247,-0.000316,-0.016817,-0.000724,-0.005664,-0.000397
6685.952000,-0.344490,0.106785,0.213581,-2.130240,-2.157988,0.167425,-0.023820,-0.000328,-0.015418,-0.000789,-0.002606,-0.000386
6685.960000,-0.344669,0.106793,0.213460,-2.130261,-2.158004,0.167415,-0.022221,-0.000303,-0.018049,-0.000597,-0.013400,-0.000353
6685.968000,-0.344854,0.106779,0.213323,-2.130302,-2.158064,0.167338,-0.023411,-0.000320,-0.016484,-0.000736,-0.005487,-0.000388
6685.976000,-0.345048,0.106779,0.213184,-2.130292,-2.158124,0.167316,-0.024037,-0.000331,-0.015604,-0.000794,-0.002894,-0.000389
6685.984000,-0.345237,0.106785,0.213059,-2.130375,-2.158098,0.167273,-0.023128,-0.000316,-0.016267,-0.000723,-0.005961,-0.000378
6685.992000,-0.345431,0.106780,0.212942,-2.130335,-2.158097,0.167279,-0.024145,-0.000333,-0.014479,-0.000844,0.000610,-0.000392
6686.000000,-0.345630,0.106776,0.212843,-2.130302,-2.158031,0.167413,-0.023709,-0.000323,-0.016283,-0.000769,-0.003752,-0.000401
6686.008000,-0.345814,0.106766,0.212682,-2.130389,-2.158135,0.167222,-0.024026,-0.000329,-0.015812,-0.000798,-0.002482,-0.000400
6686.016000,-0.346002,0.106765,0.212553,-2.130427,-2.158172,0.167229,-0.023874,-0.000327,-0.015855,-0.000786,-0.003052,-0.000395
6686.024000,-0.346199,0.106761,0.212462,-2.130337,-2.158118,0.167310,-0.023571,-0.000321,-0.016508,-0.000757,-0.004317,-0.000402
6686.032000,-0.346388,0.106760,0.212316,-2.130394,-2.158138,0.167203,-0.023087,-0.000312,-0.017989,-0.000681,-0.008842,-0.000399
6686.040000,-0.346555,0.106754,0.212210,-2.130457,-2.158125,0.167266,-0.023832,-0.000329,-0.017180,-0.000715,-0.008996,-0.000372
6686.048000,-0.346752,0.106755,0.212040,-2.130501,-2.158207,0.167082,-0.023656,-0.000323,-0.017128,-0.000729,-0.007030,-0.000392
6686.056000,-0.346939,0.106757,0.211917,-2.130533,-2.158212,0.167125,-0.024276,-0.000333,-0.016378,-0.000788,-0.004212,-0.000398
6686.064000,-0.347130,0.106755,0.211770,-2.130584,-2.158282,0.167018,-0.024374,-0.000337,-0.015344,-0.000819,-0.002396,-0.000387
6686.072000,-0.347328,0.106763,0.211648,-2.130643,-2.158198,0.166987,-0.023071,-0.000312,-0.017813,-0.000685,-0.008684,-0.000396
6686.096000,-0.347892,0.106742,0.211263,-2.130669,-2.158280,0.166948,-0.024282,-0.000330,-0.015290,-0.000857,0.001621,-0.000429
6686.104000,-0.348087,0.106718,0.211161,-2.130612,-2.158319,0.167013,-0.023961,-0.000330,-0.015741,-0.000801,-0.002372,-0.000401
6686.112000,-0.348283,0.106728,0.211027,-2.130645,-2.158291,0.166991,-0.023860,-0.000324,-0.015889,-0.000815,-0.000588,-0.000425
6686.120000,-0.348458,0.106742,0.210904,-2.130706,-2.158269,0.166980,-0.022760,-0.000305,-0.017527,-0.000702,-0.006225,-0.000415
6686.128000,-0.348646,0.106722,0.210752,-2.130680,-2.158416,0.166875,-0.023746,-0.000323,-0.017457,-0.000742,-0.006201,-0.000411
6686.136000,-0.348838,0.106738,0.210641,-2.130734,-2.158279,0.166944,-0.023596,-0.000318,-0.017387,-0.000744,-0.005501,-0.000417
6686.144000,-0.349043,0.106726,0.210511,-2.130717,-2.158305,0.166952,-0.023875,-0.000325,-0.016654,-0.000778,-0.003886,-0.000412
6686.152000,-0.349225,0.106722,0.210356,-2.130774,-2.158349,0.166822,-0.024115,-0.000327,-0.016611,-0.000802,-0.002511,-0.000426
6686.160000,-0.349415,0.106714,0.210227,-2.130803,-2.158380,0.166895,-0.023000,-0.000311,-0.018271,-0.000676,-0.009355,-0.000404
6686.168000,-0.349605,0.106711,0.210084,-2.130711,-2.158453,0.166845,-0.023920,-0.000325,-0.017520,-0.000750,-0.006221,-0.000413
6686.176000,-0.349789,0.106713,0.209954,-2.130772,-2.158426,0.166803,-0.023134,-0.000316,-0.017792,-0.000680,-0.009921,-0.000383
6686.184000,-0.349981,0.106719,0.209812,-2.130900,-2.158401,0.166813,-0.023993,-0.000323,-0.016960,-0.000797,-0.002405,-0.000438
6686.192000,-0.350166,0.106708,0.209662,-2.130913,-2.158483,0.166733,-0.023302,-0.000315,-0.017437,-0.000730,-0.005957,-0.000415
6686.200000,-0.350357,0.106710,0.209525,-2.130959,-2.158469,0.166715,-0.023720,-0.000321,-0.016934,-0.000771,-0.003953,-0.000421
6686.208000,-0.350545,0.106715,0.209405,-2.130960,-2.158429,0.166668,-0.022944,-0.000306,-0.017480,-0.000729,-0.004701,-0.000431
6686.216000,-0.350733,0.106709,0.209274,-2.130922,-2.158459,0.166687,-0.024150,-0.000326,-0.016082,-0.000836,0.000078,-0.000439
6686.224000,-0.350919,0.106706,0.209124,-2.130986,-2.158516,0.166581,-0.023053,-0.000309,-0.017991,-0.000706,-0.007160,-0.000420
6686.232000,-0.351106,0.106691,0.208973,-2.131020,-2.158594,0.166492,-0.023725,-0.000321,-0.016826,-0.000781,-0.003191,-0.000427
6686.240000,-0.351289,0.106689,0.208832,-2.131020,-2.158636,0.166459,-0.024291,-0.000330,-0.015825,-0.000848,0.000389,-0.000435
6686.248000,-0.351484,0.106687,0.208703,-2.131093,-2.158630,0.166481,-0.023566,-0.000318,-0.015921,-0.000809,-0.000550,-0.000429
6686.256000,-0.351682,0.106682,0.208567,-2.131111,-2.158637,0.166426,-0.024078,-0.000327,-0.016172,-0.000821,-0.001264,-0.000428
6686.264000,-0.351865,0.106693,0.208449,-2.131152,-2.158564,0.166444,-0.023287,-0.000312,-0.017666,-0.000738,-0.005266,-0.000431
6686.272000,-0.352050,0.106689,0.208321,-2.131140,-2.158600,0.166476,-0.023643,-0.000317,-0.016743,-0.000793,-0.001907,-0.000439
6686.280000,-0.352230,0.106683,0.208158,-2.131161,-2.158713,0.166329,-0.023170,-0.000311,-0.017556,-0.000736,-0.005223,-0.000428
6686.288000,-0.352420,0.106684,0.208009,-2.131317,-2.158658,0.166281,-0.023520,-0.000318,-0.017534,-0.000741,-0.006158,-0.000417
6686.296000,-0.352611,0.106681,0.207875,-2.131302,-2.158688,0.166299,-0.023329,-0.000311,-0.018594,-0.000721,-0.006647,-0.000444
6686.304000,-0.352798,0.106678,0.207708,-2.131347,-2.158750,0.166205,-0.024003,-0.000323,-0.016537,-0.000821,-0.000876,-0.000444
6686.312000,-0.352980,0.106666,0.207562,-2.131392,-2.158815,0.166140,-0.022930,-0.000309,-0.018237,-0.000686,-0.008885,-0.000410
6686.320000,-0.353177,0.106645,0.207426,-2.131323,-2.158860,0.166112,-0.023530,-0.000317,-0.017191,-0.000776,-0.003071,-0.000441
6686.328000,-0.353360,0.106661,0.207269,-2.131464,-2.158870,0.166041,-0.023746,-0.000321,-0.016568,-0.000800,-0.002098,-0.000433
6686.336000,-0.353548,0.106656,0.207113,-2.131434,-2.158983,0.165918,-0.022892,-0.000308,-0.017457,-0.000724,-0.005621,-0.000422
6686.344000,-0.353741,0.106655,0.206993,-2.131457,-2.158918,0.165952,-0.023167,-0.000312,-0.016612,-0.000775,-0.002247,-0.000434
6686.352000,-0.353925,0.106652,0.206853,-2.131497,-2.158924,0.165922,-0.023537,-0.000316,-0.016733,-0.000798,-0.001355,-0.000446
6686.360000,-0.354110,0.106651,0.206716,-2.131529,-2.158980,0.165916,-0.023249,-0.000312,-0.017167,-0.000764,-0.003402,-0.000438
6686.368000,-0.354301,0.106650,0.206602,-2.131529,-2.158889,0.165974,-0.023347,-0.000314,-0.015932,-0.000814,0.000294,-0.000441
6686.376000,-0.354485,0.106661,0.206473,-2.131541,-2.158867,0.165988,-0.023055,-0.000307,-0.016519,-0.000789,-0.000679,-0.000449
6686.384000,-0.354666,0.106654,0.206311,-2.131612,-2.158930,0.165873,-0.022238,-0.000294,-0.018820,-0.000665,-0.008156,-0.000437
6686.392000,-0.354849,0.106655,0.206181,-2.131590,-2.158952,0.165901,-0.023358,-0.000311,-0.017651,-0.000766,-0.003368,-0.000453
6686.400000,-0.355029,0.106649,0.206028,-2.131638,-2.159016,0.165783,-0.023056,-0.000309,-0.017914,-0.000720,-0.006704,-0.000425
6686.408000,-0.355226,0.106642,0.205900,-2.131647,-2.158964,0.165845,-0.023698,-0.000315,-0.016695,-0.000830,0.000950,-0.000471
6686.416000,-0.355412,0.106643,0.205753,-2.131634,-2.158987,0.165772,-0.023701,-0.000318,-0.016733,-0.000807,-0.001475,-0.000446
6686.424000,-0.355602,0.106651,0.205617,-2.131714,-2.158960,0.165778,-0.022820,-0.000305,-0.019251,-0.000663,-0.010577,-0.000423
6686.432000,-0.355779,0.106637,0.205486,-2.131685,-2.158998,0.165762,-0.023227,-0.000308,-0.017474,-0.000778,-0.001983,-0.000464
6686.440000,-0.355971,0.106628,0.205335,-2.131740,-2.159049,0.165723,-0.023797,-0.000318,-0.017068,-0.000813,-0.001101,-0.000460
6686.448000,-0.356166,0.106614,0.205204,-2.131674,-2.159074,0.165755,-0.023324,-0.000310,-0.017235,-0.000798,-0.000584,-0.000472
6686.456000,-0.356343,0.106621,0.205067,-2.131681,-2.159070,0.165732,-0.023772,-0.000317,-0.016811,-0.000828,0.000226,-0.000468
6686.464000,-0.356530,0.106635,0.204953,-2.131728,-2.158927,0.165838,-0.023527,-0.000312,-0.016876,-0.000815,-0.000008,-0.000468
6686.472000,-0.356707,0.106641,0.204801,-2.131775,-2.158994,0.165754,-0.022081,-0.000290,-0.019242,-0.000652,-0.009005,-0.000442
6686.480000,-0.356896,0.106628,0.204664,-2.131807,-2.158995,0.165791,-0.023213,-0.000309,-0.017491,-0.000765,-0.003431,-0.000449
6686.488000,-0.357077,0.106622,0.204521,-2.131842,-2.159020,0.165725,-0.022863,-0.000304,-0.018684,-0.000700,-0.007783,-0.000437
6686.496000,-0.357256,0.106621,0.204368,-2.131862,-2.159082,0.165629,-0.023712,-0.000316,-0.016375,-0.000839,0.001084,-0.000465
6686.504000,-0.357450,0.106613,0.204251,-2.131856,-2.159043,0.165715,-0.023907,-0.000319,-0.016101,-0.000857,0.001937,-0.000466
6686.512000,-0.357632,0.106615,0.204114,-2.131883,-2.159035,0.165708,-0.023389,-0.000313,-0.018014,-0.000746,-0.005832,-0.000438
6686.520000,-0.357813,0.106619,0.203960,-2.131873,-2.159114,0.165570,-0.023336,-0.000310,-0.017968,-0.000762,-0.004078,-0.000457
6686.528000,-0.358007,0.106620,0.203831,-2.131986,-2.158988,0.165634,-0.022769,-0.000302,-0.018990,-0.000690,-0.008382,-0.000441
6686.536000,-0.358190,0.106602,0.203681,-2.131935,-2.159114,0.165640,-0.022987,-0.000301,-0.018724,-0.000743,-0.004082,-0.000480
6686.544000,-0.358374,0.106612,0.203536,-2.131953,-2.159123,0.165617,-0.022684,-0.000300,-0.019391,-0.000676,-0.009221,-0.000444
6686.552000,-0.358566,0.106598,0.203395,-2.131964,-2.159124,0.165604,-0.023859,-0.000316,-0.018252,-0.000795,-0.002760,-0.000479
6686.560000,-0.358755,0.106601,0.203261,-2.131996,-2.159153,0.165623,-0.022528,-0.000299,-0.019335,-0.000666,-0.009729,-0.000437
6686.568000,-0.358943,0.106584,0.203116,-2.131966,-2.159185,0.165570,-0.023417,-0.000314,-0.017607,-0.000769,-0.004198,-0.000445
6686.576000,-0.359116,0.106581,0.202949,-2.132021,-2.159286,0.165450,-0.022470,-0.000301,-0.019413,-0.000647,-0.011358,-0.000421
6686.584000,-0.359299,0.106585,0.202754,-2.132174,-2.159324,0.165232,-0.022939,-0.000304,-0.018073,-0.000744,-0.004495,-0.000457
6686.592000,-0.359491,0.106591,0.202651,-2.132102,-2.159294,0.165334,-0.023340,-0.000310,-0.017768,-0.000776,-0.003191,-0.000462
6686.600000,-0.359679,0.106587,0.202505,-2.132120,-2.159330,0.165316,-0.022513,-0.000297,-0.018473,-0.000712,-0.005851,-0.000455
6686.608000,-0.359863,0.106573,0.202357,-2.132197,-2.159320,0.165256,-0.022638,-0.000298,-0.018117,-0.000741,-0.003632,-0.000469
6686.616000,-0.360045,0.106571,0.202218,-2.132184,-2.159350,0.165247,-0.023273,-0.000310,-0.017845,-0.000770,-0.003575,-0.000460
6686.624000,-0.360225,0.106582,0.202075,-2.132243,-2.159322,0.165201,-0.022821,-0.000301,-0.018163,-0.000745,-0.003996,-0.000466
6686.632000,-0.360409,0.106574,0.201941,-2.132223,-2.159345,0.165233,-0.023280,-0.000305,-0.017329,-0.000818,0.000921,-0.000495
6686.640000,-0.360601,0.106585,0.201817,-2.132257,-2.159240,0.165314,-0.023334,-0.000306,-0.017334,-0.000815,0.000351,-0.000489
6686.648000,-0.360784,0.106574,0.201659,-2.132284,-2.159310,0.165235,-0.021668,-0.000284,-0.020601,-0.000598,-0.012638,-0.000444
6686.656000,-0.360961,0.106562,0.201508,-2.132289,-2.159412,0.165167,-0.022623,-0.000297,-0.019727,-0.000686,-0.008253,-0.000466
6686.664000,-0.361150,0.106562,0.201342,-2.132348,-2.159405,0.165061,-0.022609,-0.000296,-0.019829,-0.000688,-0.007975,-0.000472
6686.672000,-0.361323,0.106553,0.201160,-2.132473,-2.159476,0.164961,-0.022533,-0.000295,-0.019447,-0.000704,-0.006350,-0.000479
6686.680000,-0.361518,0.106555,0.201036,-2.132408,-2.159452,0.165053,-0.023090,-0.000305,-0.018980,-0.000732,-0.006115,-0.000467
6686.688000,-0.361687,0.106553,0.200877,-2.132429,-2.159539,0.164930,-0.022856,-0.000299,-0.019299,-0.000724,-0.005746,-0.000481
6686.696000,-0.361877,0.106547,0.200730,-2.132406,-2.159531,0.164950,-0.022825,-0.000297,-0.018688,-0.000759,-0.002544,-0.000499
6686.704000,-0.362053,0.106568,0.200546,-2.132554,-2.159546,0.164864,-0.023595,-0.000308,-0.017427,-0.000836,0.001180,-0.000502
6686.712000,-0.362244,0.106548,0.200421,-2.132538,-2.159521,0.164929,-0.022683,-0.000297,-0.018622,-0.000738,-0.004303,-0.000478
6686.720000,-0.362426,0.106546,0.200261,-2.132584,-2.159559,0.164861,-0.023224,-0.000304,-0.018173,-0.000789,-0.001624,-0.000494
6686.728000,-0.362610,0.106544,0.200123,-2.132571,-2.159588,0.164853,-0.022883,-0.000299,-0.018487,-0.000762,-0.002827,-0.000490
6686.736000,-0.362790,0.106561,0.199998,-2.132617,-2.159463,0.164868,-0.021385,-0.000278,-0.020350,-0.000602,-0.011741,-0.000448
6686.744000,-0.362975,0.106523,0.199841,-2.132560,-2.159606,0.164833,-0.022194,-0.000290,-0.018739,-0.000720,-0.004087,-0.000485
6686.752000,-0.363152,0.106530,0.199670,-2.132617,-2.159654,0.164736,-0.022492,-0.000295,-0.018384,-0.000736,-0.004044,-0.000474
6686.760000,-0.363331,0.106538,0.199536,-2.132691,-2.159594,0.164781,-0.022875,-0.000298,-0.018129,-0.000778,-0.001542,-0.000495
6686.768000,-0.363517,0.106537,0.199397,-2.132695,-2.159586,0.164774,-0.022701,-0.000299,-0.018654,-0.000729,-0.005501,-0.000466
6686.776000,-0.363709,0.106521,0.199234,-2.132691,-2.159650,0.164734,-0.022990,-0.000299,-0.018150,-0.000793,-0.000555,-0.000506
6686.784000,-0.363887,0.106525,0.199077,-2.132725,-2.159647,0.164689,-0.022497,-0.000291,-0.019656,-0.000719,-0.005065,-0.000501
6686.792000,-0.364073,0.106527,0.198940,-2.132768,-2.159601,0.164683,-0.022522,-0.000295,-0.019349,-0.000708,-0.006522,-0.000476
6686.800000,-0.364243,0.106520,0.198774,-2.132758,-2.159713,0.164613,-0.022138,-0.000288,-0.020014,-0.000671,-0.008281,-0.000477
6686.808000,-0.364428,0.106518,0.198632,-2.132773,-2.159743,0.164556,-0.023259,-0.000304,-0.018489,-0.000790,-0.001902,-0.000502
6686.808000,-0.364428,0.106518,0.198632,-2.132773,-2.159743,0.164556,-0.023259,-0.000304,-0.018489,-0.000790,-0.001902,-0.000502
6686.824000,-0.364793,0.106527,0.198310,-2.132905,-2.159701,0.164494,-0.022434,-0.000291,-0.018751,-0.000740,-0.003512,-0.000493
6686.832000,-0.364972,0.106507,0.198142,-2.132926,-2.159817,0.164380,-0.022053,-0.000285,-0.020248,-0.000676,-0.007356,-0.000495
6686.840000,-0.365146,0.106508,0.197985,-2.132956,-2.159839,0.164360,-0.022835,-0.000299,-0.018163,-0.000774,-0.002084,-0.000491
6686.848000,-0.365311,0.106520,0.197803,-2.133072,-2.159895,0.164174,-0.022464,-0.000294,-0.019390,-0.000701,-0.007256,-0.000470
6686.856000,-0.365503,0.106508,0.197679,-2.133055,-2.159869,0.164260,-0.023336,-0.000304,-0.017464,-0.000836,0.001631,-0.000512
6686.864000,-0.365688,0.106501,0.197541,-2.133016,-2.159898,0.164279,-0.023529,-0.000307,-0.017272,-0.000856,0.002714,-0.000518
6686.872000,-0.365861,0.106507,0.197394,-2.133109,-2.159827,0.164274,-0.022057,-0.000284,-0.018935,-0.000730,-0.003042,-0.000505
6686.880000,-0.366037,0.106506,0.197235,-2.133178,-2.159895,0.164245,-0.023558,-0.000309,-0.016599,-0.000864,0.002862,-0.000500
6686.888000,-0.366230,0.106496,0.197118,-2.133134,-2.159837,0.164317,-0.023017,-0.000297,-0.018591,-0.000799,-0.000229,-0.000526
6686.896000,-0.366410,0.106489,0.196987,-2.133053,-2.159903,0.164358,-0.023716,-0.000306,-0.017436,-0.000884,0.004741,-0.000547
6686.904000,-0.366609,0.106497,0.196823,-2.133130,-2.159837,0.164315,-0.024063,-0.000311,-0.016966,-0.000913,0.005973,-0.000546
6686.912000,-0.366794,0.106491,0.196679,-2.133069,-2.159866,0.164332,-0.022225,-0.000289,-0.020220,-0.000680,-0.008123,-0.000486
6686.920000,-0.366969,0.106483,0.196529,-2.133101,-2.159865,0.164342,-0.022943,-0.000295,-0.019408,-0.000772,-0.002209,-0.000528
6686.928000,-0.367150,0.106492,0.196358,-2.133144,-2.159868,0.164256,-0.022351,-0.000290,-0.020448,-0.000677,-0.008890,-0.000484
6686.936000,-0.367334,0.106469,0.196211,-2.133086,-2.159925,0.164229,-0.023058,-0.000297,-0.018790,-0.000804,0.000044,-0.000536
6686.944000,-0.367515,0.106478,0.196063,-2.133154,-2.159885,0.164259,-0.023151,-0.000301,-0.019463,-0.000764,-0.004073,-0.000509
6686.952000,-0.367703,0.106480,0.195916,-2.133142,-2.159887,0.164276,-0.023076,-0.000298,-0.019006,-0.000786,-0.001753,-0.000522
6686.960000,-0.367885,0.106490,0.195769,-2.133225,-2.159808,0.164310,-0.023174,-0.000299,-0.018863,-0.000799,-0.001034,-0.000526
6686.968000,-0.368067,0.106479,0.195618,-2.133213,-2.159864,0.164280,-0.023392,-0.000302,-0.018100,-0.000838,0.001563,-0.000533
6686.976000,-0.368259,0.106474,0.195477,-2.133223,-2.159843,0.164377,-0.023235,-0.000298,-0.017924,-0.000847,0.002968,-0.000544
6686.984000,-0.368446,0.106460,0.195351,-2.133179,-2.159811,0.164425,-0.022739,-0.000295,-0.019487,-0.000743,-0.004672,-0.000504
6686.992000,-0.368628,0.106466,0.195198,-2.133190,-2.159838,0.164391,-0.022844,-0.000295,-0.018522,-0.000791,-0.000857,-0.000519
6687.000000,-0.368815,0.106456,0.195053,-2.133169,-2.159831,0.164412,-0.022135,-0.000286,-0.019604,-0.000715,-0.004950,-0.000505
6687.008000,-0.368981,0.106470,0.194886,-2.133287,-2.159841,0.164341,-0.023082,-0.000298,-0.017771,-0.000829,0.001501,-0.000523
6687.016000,-0.369166,0.106455,0.194732,-2.133219,-2.159941,0.164295,-0.022677,-0.000292,-0.019205,-0.000763,-0.002702,-0.000519
6687.024000,-0.369353,0.106457,0.194574,-2.133292,-2.159901,0.164280,-0.023210,-0.000296,-0.018876,-0.000829,0.001650,-0.000558
6687.032000,-0.369536,0.106463,0.194442,-2.133286,-2.159859,0.164333,-0.023464,-0.000304,-0.018018,-0.000838,0.000916,-0.000524
6687.040000,-0.369712,0.106450,0.194274,-2.133271,-2.159960,0.164215,-0.023342,-0.000300,-0.018697,-0.000833,0.001281,-0.000549
6687.048000,-0.369902,0.106464,0.194125,-2.133329,-2.159854,0.164296,-0.023513,-0.000301,-0.018421,-0.000851,0.002297,-0.000552
6687.056000,-0.370099,0.106446,0.193989,-2.133285,-2.159847,0.164320,-0.022480,-0.000287,-0.020505,-0.000728,-0.004758,-0.000535
6687.064000,-0.370285,0.106439,0.193834,-2.133268,-2.159845,0.164353,-0.023074,-0.000297,-0.018570,-0.000819,0.000753,-0.000540
6687.072000,-0.370461,0.106438,0.193663,-2.133373,-2.159895,0.164286,-0.023002,-0.000298,-0.019413,-0.000766,-0.003891,-0.000512
6687.080000,-0.370650,0.106448,0.193532,-2.133378,-2.159815,0.164391,-0.022923,-0.000295,-0.018770,-0.000794,-0.001082,-0.000525
6687.088000,-0.370826,0.106432,0.193363,-2.133361,-2.159936,0.164209,-0.022626,-0.000294,-0.020048,-0.000722,-0.006513,-0.000501
6687.096000,-0.371012,0.106442,0.193191,-2.133437,-2.159900,0.164203,-0.023420,-0.000302,-0.017716,-0.000857,0.002522,-0.000535
6687.104000,-0.371185,0.106424,0.193028,-2.133426,-2.160014,0.164187,-0.022953,-0.000295,-0.018708,-0.000811,0.000404,-0.000541
6687.112000,-0.371376,0.106434,0.192894,-2.133403,-2.159921,0.164214,-0.023521,-0.000301,-0.017352,-0.000892,0.005499,-0.000559
6687.120000,-0.371562,0.106437,0.192760,-2.133438,-2.159874,0.164310,-0.023176,-0.000295,-0.018263,-0.000850,0.003155,-0.000559
6687.128000,-0.371740,0.106443,0.192606,-2.133488,-2.159838,0.164329,-0.022785,-0.000291,-0.018304,-0.000810,0.000667,-0.000533
6687.136000,-0.371935,0.106428,0.192470,-2.133382,-2.159874,0.164385,-0.023503,-0.000300,-0.016468,-0.000923,0.008053,-0.000562
6687.144000,-0.372130,0.106417,0.192349,-2.133341,-2.159821,0.164497,-0.023483,-0.000298,-0.018204,-0.000884,0.005264,-0.000582
6687.152000,-0.372323,0.106421,0.192209,-2.133295,-2.159759,0.164564,-0.023718,-0.000302,-0.017897,-0.000897,0.005388,-0.000574
6687.160000,-0.372511,0.106425,0.192073,-2.133325,-2.159706,0.164646,-0.023456,-0.000300,-0.017991,-0.000867,0.003399,-0.000555
6687.168000,-0.372704,0.106411,0.191909,-2.133298,-2.159743,0.164630,-0.022313,-0.000282,-0.019828,-0.000761,-0.001643,-0.000553
6687.176000,-0.372874,0.106428,0.191772,-2.133321,-2.159648,0.164657,-0.023306,-0.000296,-0.018536,-0.000848,0.002306,-0.000559
6687.184000,-0.373065,0.106408,0.191601,-2.133335,-2.159738,0.164668,-0.022588,-0.000287,-0.020298,-0.000750,-0.003647,-0.000544
6687.192000,-0.373244,0.106412,0.191434,-2.133385,-2.159697,0.164650,-0.023286,-0.000296,-0.018381,-0.000859,0.003414,-0.000568
6687.200000,-0.373433,0.106403,0.191285,-2.133336,-2.159770,0.164681,-0.023402,-0.000300,-0.018430,-0.000851,0.002038,-0.000553
6687.208000,-0.373621,0.106400,0.191127,-2.133353,-2.159718,0.164640,-0.022667,-0.000287,-0.018920,-0.000812,0.001386,-0.000561
6687.216000,-0.373813,0.106394,0.190993,-2.133302,-2.159714,0.164797,-0.023788,-0.000302,-0.017451,-0.000924,0.007277,-0.000585
6687.224000,-0.374001,0.106403,0.190868,-2.133257,-2.159626,0.164863,-0.023293,-0.000292,-0.018012,-0.000894,0.006683,-0.000595
6687.232000,-0.374195,0.106407,0.190726,-2.133306,-2.159540,0.164986,-0.023954,-0.000301,-0.016340,-0.000988,0.012535,-0.000613
6687.240000,-0.374378,0.106388,0.190598,-2.133224,-2.159520,0.165058,-0.023871,-0.000303,-0.016771,-0.000951,0.009175,-0.000587
6687.248000,-0.374563,0.106393,0.190449,-2.133211,-2.159491,0.165035,-0.022616,-0.000285,-0.019113,-0.000811,0.001463,-0.000569
6687.256000,-0.374757,0.106398,0.190312,-2.133215,-2.159410,0.165170,-0.023774,-0.000300,-0.016518,-0.000960,0.010373,-0.000594
6687.264000,-0.374942,0.106379,0.190152,-2.133186,-2.159505,0.165191,-0.022825,-0.000290,-0.017634,-0.000859,0.004574,-0.000561
6687.272000,-0.375126,0.106386,0.190011,-2.133200,-2.159431,0.165261,-0.023349,-0.000296,-0.017803,-0.000887,0.005360,-0.000575
6687.280000,-0.375322,0.106392,0.189874,-2.133171,-2.159357,0.165276,-0.024384,-0.000311,-0.016955,-0.000963,0.008254,-0.000583
6687.288000,-0.375520,0.106377,0.189754,-2.133081,-2.159304,0.165412,-0.023460,-0.000297,-0.018008,-0.000892,0.005470,-0.000583
6687.296000,-0.375697,0.106394,0.189601,-2.133153,-2.159242,0.165478,-0.023627,-0.000299,-0.017535,-0.000910,0.006299,-0.000578
6687.304000,-0.375883,0.106387,0.189447,-2.133109,-2.159264,0.165509,-0.022915,-0.000287,-0.018964,-0.000837,0.002623,-0.000579
6687.312000,-0.376070,0.106388,0.189301,-2.133131,-2.159192,0.165505,-0.023395,-0.000294,-0.019179,-0.000856,0.002680,-0.000586
6687.320000,-0.376263,0.106371,0.189147,-2.133014,-2.159297,0.165546,-0.023801,-0.000301,-0.017695,-0.000927,0.007296,-0.000595
6687.328000,-0.376463,0.106358,0.189016,-2.132983,-2.159257,0.165659,-0.022741,-0.000286,-0.018773,-0.000837,0.003049,-0.000579
6687.336000,-0.376641,0.106379,0.188859,-2.133041,-2.159176,0.165685,-0.024115,-0.000304,-0.016644,-0.000979,0.010689,-0.000604
6687.344000,-0.376839,0.106360,0.188727,-2.132959,-2.159155,0.165759,-0.023156,-0.000292,-0.018242,-0.000871,0.004487,-0.000580
6687.352000,-0.377033,0.106362,0.188589,-2.132951,-2.159119,0.165930,-0.023683,-0.000298,-0.017124,-0.000943,0.009031,-0.000599
6687.360000,-0.377214,0.106350,0.188424,-2.132975,-2.159126,0.165827,-0.024021,-0.000305,-0.016857,-0.000961,0.009194,-0.000593
6687.368000,-0.377414,0.106346,0.188310,-2.132872,-2.159063,0.166021,-0.023005,-0.000287,-0.017571,-0.000905,0.008121,-0.000603
6687.376000,-0.377597,0.106351,0.188166,-2.132896,-2.159002,0.166115,-0.023811,-0.000301,-0.017871,-0.000919,0.006265,-0.000590
6687.384000,-0.377784,0.106349,0.188036,-2.132846,-2.158966,0.166210,-0.023178,-0.000289,-0.017454,-0.000919,0.008772,-0.000608
6687.392000,-0.377984,0.106343,0.187901,-2.132800,-2.158906,0.166306,-0.023768,-0.000294,-0.016585,-0.001000,0.014107,-0.000644
6687.400000,-0.378166,0.106351,0.187760,-2.132769,-2.158863,0.166358,-0.024382,-0.000305,-0.016759,-0.001006,0.012180,-0.000626
6687.408000,-0.378358,0.106345,0.187631,-2.132728,-2.158815,0.166530,-0.022730,-0.000283,-0.018809,-0.000845,0.003730,-0.000590
6687.416000,-0.378541,0.106340,0.187471,-2.132655,-2.158855,0.166520,-0.024088,-0.000303,-0.017089,-0.000973,0.010152,-0.000613
6687.424000,-0.378725,0.106346,0.187310,-2.132703,-2.158783,0.166488,-0.022895,-0.000286,-0.018926,-0.000852,0.003672,-0.000593
6687.432000,-0.378913,0.106331,0.187176,-2.132708,-2.158731,0.166628,-0.023657,-0.000295,-0.018180,-0.000926,0.007698,-0.000618
6687.440000,-0.379109,0.106326,0.187046,-2.132597,-2.158708,0.166720,-0.023809,-0.000297,-0.018442,-0.000931,0.007737,-0.000626
6687.448000,-0.379305,0.106326,0.186898,-2.132598,-2.158621,0.166867,-0.023482,-0.000290,-0.018224,-0.000935,0.009429,-0.000640
6687.456000,-0.379496,0.106329,0.186739,-2.132579,-2.158617,0.166896,-0.023997,-0.000300,-0.017541,-0.000964,0.009745,-0.000623
6687.464000,-0.379676,0.106320,0.186604,-2.132525,-2.158607,0.167017,-0.023996,-0.000298,-0.017045,-0.000994,0.012539,-0.000642
6687.472000,-0.379862,0.106308,0.186440,-2.132491,-2.158605,0.166976,-0.024167,-0.000302,-0.016616,-0.001008,0.012846,-0.000633
6687.480000,-0.380055,0.106328,0.186321,-2.132467,-2.158465,0.167139,-0.023544,-0.000293,-0.017511,-0.000939,0.008973,-0.000614
6687.488000,-0.380239,0.106325,0.186205,-2.132415,-2.158404,0.167284,-0.022988,-0.000283,-0.018167,-0.000905,0.008125,-0.000625
6687.496000,-0.380422,0.106322,0.186026,-2.132454,-2.158408,0.167281,-0.023890,-0.000296,-0.016935,-0.000989,0.012281,-0.000636
6687.504000,-0.380613,0.106338,0.185897,-2.132431,-2.158293,0.167394,-0.024106,-0.000298,-0.017121,-0.000994,0.012046,-0.000639
6687.512000,-0.380818,0.106314,0.185777,-2.132310,-2.158260,0.167545,-0.024256,-0.000303,-0.016424,-0.001011,0.012563,-0.000625
6687.520000,-0.381006,0.106309,0.185642,-2.132300,-2.158219,0.167680,-0.024516,-0.000305,-0.015500,-0.001063,0.016364,-0.000642
6687.528000,-0.381195,0.106312,0.185510,-2.132252,-2.158157,0.167772,-0.024325,-0.000301,-0.016437,-0.001035,0.014797,-0.000652
6687.536000,-0.381395,0.106302,0.185360,-2.132189,-2.158103,0.167856,-0.023781,-0.000291,-0.017107,-0.001002,0.014088,-0.000664
6687.544000,-0.381587,0.106308,0.185245,-2.132131,-2.157982,0.168062,-0.024693,-0.000303,-0.016109,-0.001079,0.017668,-0.000677
6687.552000,-0.381778,0.106322,0.185095,-2.132135,-2.157926,0.168164,-0.024637,-0.000302,-0.016574,-0.001059,0.016163,-0.000673
6687.560000,-0.381976,0.106307,0.184948,-2.132076,-2.157930,0.168211,-0.023166,-0.000285,-0.018554,-0.000903,0.007119,-0.000626
6687.568000,-0.382162,0.106297,0.184800,-2.132058,-2.157871,0.168259,-0.024561,-0.000303,-0.016862,-0.001040,0.014466,-0.000662
6687.576000,-0.382352,0.106292,0.184660,-2.131979,-2.157828,0.168365,-0.023642,-0.000292,-0.018080,-0.000944,0.009069,-0.000635
6687.584000,-0.382536,0.106287,0.184508,-2.131957,-2.157850,0.168422,-0.024605,-0.000306,-0.016508,-0.001043,0.014250,-0.000650
6687.592000,-0.382735,0.106300,0.184383,-2.131931,-2.157705,0.168551,-0.024813,-0.000307,-0.015729,-0.001080,0.016776,-0.000657
6687.600000,-0.382932,0.106293,0.184248,-2.131848,-2.157662,0.168709,-0.023837,-0.000292,-0.017073,-0.000999,0.013335,-0.000657
6687.608000,-0.383116,0.106278,0.184113,-2.131839,-2.157648,0.168822,-0.024821,-0.000304,-0.015420,-0.001114,0.020040,-0.000687
6687.616000,-0.383310,0.106288,0.183994,-2.131737,-2.157527,0.168973,-0.024751,-0.000305,-0.015586,-0.001093,0.018281,-0.000671
6687.624000,-0.383511,0.106286,0.183843,-2.131718,-2.157503,0.169120,-0.024959,-0.000305,-0.014433,-0.001149,0.022600,-0.000688
6687.632000,-0.383705,0.106268,0.183713,-2.131592,-2.157513,0.169176,-0.023738,-0.000289,-0.017478,-0.000993,0.013258,-0.000669
6687.640000,-0.383885,0.106285,0.183635,-2.131565,-2.157240,0.169459,-0.024746,-0.000301,-0.015072,-0.001126,0.021464,-0.000695
6687.648000,-0.384090,0.106276,0.183490,-2.131507,-2.157198,0.169618,-0.023843,-0.000289,-0.015656,-0.001062,0.018943,-0.000683
6687.656000,-0.384274,0.106260,0.183358,-2.131433,-2.157163,0.169742,-0.024533,-0.000301,-0.016918,-0.001051,0.015477,-0.000679
6687.664000,-0.384482,0.106259,0.183240,-2.131316,-2.157056,0.169947,-0.025324,-0.000309,-0.015234,-0.001163,0.022763,-0.000716
6687.672000,-0.384689,0.106273,0.183113,-2.131263,-2.156915,0.170188,-0.024181,-0.000294,-0.017043,-0.001031,0.014979,-0.000678
6687.680000,-0.384885,0.106254,0.182991,-2.131150,-2.156836,0.170349,-0.024609,-0.000300,-0.016544,-0.001077,0.017495,-0.000693
6687.688000,-0.385077,0.106252,0.182845,-2.131081,-2.156805,0.170455,-0.024646,-0.000298,-0.016482,-0.001093,0.019067,-0.000710
6687.696000,-0.385276,0.106255,0.182723,-2.131039,-2.156679,0.170700,-0.024579,-0.000300,-0.017001,-0.001052,0.015266,-0.000681
6687.704000,-0.385474,0.106246,0.182577,-2.130976,-2.156625,0.170784,-0.024067,-0.000293,-0.017213,-0.001019,0.014111,-0.000674
6687.712000,-0.385658,0.106256,0.182428,-2.130979,-2.156505,0.170839,-0.024418,-0.000293,-0.016263,-0.001096,0.020199,-0.000718
6687.720000,-0.385846,0.106264,0.182291,-2.130954,-2.156448,0.170993,-0.023767,-0.000287,-0.017277,-0.001008,0.014270,-0.000678
6687.728000,-0.386054,0.106243,0.182181,-2.130760,-2.156387,0.171165,-0.024253,-0.000291,-0.016577,-0.001077,0.019015,-0.000714
6687.736000,-0.386240,0.106257,0.182048,-2.130724,-2.156317,0.171315,-0.025184,-0.000306,-0.015138,-0.001150,0.021780,-0.000704
6687.744000,-0.386450,0.106218,0.181926,-2.130621,-2.156284,0.171575,-0.025006,-0.000305,-0.014992,-0.001147,0.021924,-0.000702
6687.752000,-0.386638,0.106253,0.181807,-2.130604,-2.156092,0.171657,-0.025024,-0.000301,-0.014342,-0.001180,0.025174,-0.000722
6687.760000,-0.386839,0.106221,0.181714,-2.130420,-2.156025,0.171973,-0.024330,-0.000294,-0.015822,-0.001095,0.019906,-0.000704
6687.768000,-0.387041,0.106232,0.181602,-2.130351,-2.155865,0.172202,-0.024074,-0.000290,-0.016185,-0.001069,0.018531,-0.000698
6687.776000,-0.387221,0.106253,0.181449,-2.130437,-2.155734,0.172256,-0.024399,-0.000292,-0.015253,-0.001120,0.022049,-0.000713
6687.784000,-0.387428,0.106238,0.181344,-2.130189,-2.155700,0.172510,-0.024213,-0.000290,-0.016129,-0.001081,0.019140,-0.000705
6687.792000,-0.387626,0.106210,0.181198,-2.130114,-2.155693,0.172663,-0.024466,-0.000295,-0.016313,-0.001093,0.019365,-0.000713
6687.800000,-0.387811,0.106224,0.181057,-2.130107,-2.155566,0.172754,-0.024492,-0.000294,-0.016452,-0.001091,0.019082,-0.000714
6687.808000,-0.388011,0.106236,0.180950,-2.130029,-2.155431,0.173057,-0.024927,-0.000297,-0.015836,-0.001140,0.022111,-0.000732
6687.816000,-0.388202,0.106223,0.180775,-2.129975,-2.155434,0.173052,-0.023378,-0.000282,-0.017858,-0.000969,0.011787,-0.000669
6687.824000,-0.388397,0.106223,0.180648,-2.129865,-2.155358,0.173193,-0.024762,-0.000299,-0.016257,-0.001100,0.018645,-0.000704
6687.832000,-0.388596,0.106208,0.180508,-2.129791,-2.155355,0.173354,-0.023423,-0.000281,-0.017590,-0.000991,0.013699,-0.000685
6687.840000,-0.388792,0.106211,0.180395,-2.129720,-2.155190,0.173573,-0.024563,-0.000294,-0.015877,-0.001114,0.020788,-0.000719
6687.848000,-0.388996,0.106208,0.180245,-2.129676,-2.155109,0.173733,-0.024358,-0.000291,-0.016402,-0.001088,0.019168,-0.000716
6687.856000,-0.389187,0.106207,0.180123,-2.129578,-2.155020,0.173900,-0.023521,-0.000281,-0.016894,-0.001020,0.015914,-0.000692
6687.864000,-0.389379,0.106206,0.179996,-2.129534,-2.154908,0.174020,-0.024113,-0.000286,-0.016212,-0.001094,0.020760,-0.000730
6687.872000,-0.389573,0.106202,0.179859,-2.129429,-2.154870,0.174213,-0.024141,-0.000285,-0.015814,-0.001116,0.022754,-0.000743
6687.880000,-0.389766,0.106204,0.179731,-2.129421,-2.154694,0.174411,-0.025018,-0.000296,-0.014566,-0.001198,0.026823,-0.000755
6687.888000,-0.389961,0.106198,0.179596,-2.129329,-2.154638,0.174543,-0.023777,-0.000282,-0.016478,-0.001062,0.018948,-0.000717
6687.896000,-0.390166,0.106204,0.179488,-2.129227,-2.154472,0.174835,-0.024799,-0.000296,-0.014392,-0.001173,0.025049,-0.000729
6687.904000,-0.390354,0.106191,0.179342,-2.129175,-2.154462,0.174957,-0.023883,-0.000281,-0.015344,-0.001111,0.022974,-0.000733
6687.912000,-0.390545,0.106195,0.179231,-2.128979,-2.154376,0.175180,-0.024551,-0.000290,-0.015381,-0.001146,0.023803,-0.000744
6687.920000,-0.390750,0.106185,0.179109,-2.128886,-2.154238,0.175378,-0.024820,-0.000294,-0.015732,-0.001152,0.023372,-0.000750
6687.928000,-0.390938,0.106185,0.178964,-2.128890,-2.154132,0.175564,-0.023555,-0.000278,-0.016255,-0.001058,0.019149,-0.000715
6687.936000,-0.391141,0.106167,0.178848,-2.128757,-2.154064,0.175799,-0.024713,-0.000293,-0.015762,-0.001147,0.023199,-0.000749
6687.944000,-0.391322,0.106192,0.178710,-2.128718,-2.153928,0.175897,-0.023816,-0.000280,-0.016186,-0.001081,0.020429,-0.000729
6687.952000,-0.391529,0.106167,0.178591,-2.128552,-2.153848,0.176134,-0.025410,-0.000301,-0.014782,-0.001218,0.027076,-0.000768
6687.960000,-0.391721,0.106179,0.178459,-2.128503,-2.153707,0.176324,-0.024458,-0.000289,-0.015283,-0.001139,0.023156,-0.000735
6687.968000,-0.391929,0.106188,0.178341,-2.128409,-2.153604,0.176564,-0.024942,-0.000294,-0.014926,-0.001181,0.025418,-0.000753
6687.976000,-0.392126,0.106156,0.178227,-2.128296,-2.153532,0.176820,-0.024177,-0.000287,-0.015443,-0.001117,0.022073,-0.000728
6687.984000,-0.392313,0.106171,0.178109,-2.128167,-2.153433,0.176966,-0.024301,-0.000286,-0.015447,-0.001133,0.023233,-0.000742
6687.992000,-0.392515,0.106162,0.177995,-2.128073,-2.153302,0.177226,-0.024104,-0.000284,-0.015251,-0.001123,0.022854,-0.000732
6688.000000,-0.392712,0.106165,0.177888,-2.127987,-2.153097,0.177522,-0.024660,-0.000289,-0.014649,-0.001185,0.026713,-0.000762
6688.008000,-0.392899,0.106159,0.177758,-2.127888,-2.153035,0.177665,-0.023997,-0.000284,-0.016093,-0.001086,0.019825,-0.000721
6688.016000,-0.393095,0.106171,0.177648,-2.127820,-2.152849,0.177919,-0.024540,-0.000286,-0.014566,-0.001184,0.027134,-0.000765
6688.024000,-0.393297,0.106167,0.177515,-2.127744,-2.152761,0.178114,-0.024986,-0.000295,-0.015131,-0.001168,0.023697,-0.000740
6688.032000,-0.393490,0.106169,0.177418,-2.127555,-2.152688,0.178388,-0.024281,-0.000283,-0.015194,-0.001146,0.024546,-0.000753
6688.040000,-0.393682,0.106139,0.177291,-2.127487,-2.152605,0.178544,-0.024389,-0.000291,-0.014967,-0.001127,0.021656,-0.000711
6688.048000,-0.393887,0.106156,0.177180,-2.127445,-2.152394,0.178799,-0.024398,-0.000287,-0.016022,-0.001116,0.021172,-0.000737
6688.056000,-0.394083,0.106144,0.177076,-2.127293,-2.152306,0.179044,-0.024696,-0.000290,-0.014808,-0.001177,0.025557,-0.000755
6688.064000,-0.394281,0.106145,0.176960,-2.127175,-2.152202,0.179310,-0.023306,-0.000273,-0.017546,-0.001012,0.015713,-0.000717
6688.072000,-0.394463,0.106144,0.176808,-2.127130,-2.152140,0.179379,-0.024875,-0.000289,-0.015443,-0.001184,0.025979,-0.000780
6688.080000,-0.394657,0.106151,0.176673,-2.127092,-2.152013,0.179572,-0.023367,-0.000276,-0.017425,-0.000998,0.013800,-0.000690
6688.104000,-0.395237,0.106130,0.176277,-2.126806,-2.151761,0.180131,-0.024730,-0.000284,-0.014931,-0.001210,0.029004,-0.000803
6688.112000,-0.395425,0.106140,0.176176,-2.126727,-2.151594,0.180422,-0.024171,-0.000279,-0.015590,-0.001138,0.024144,-0.000764
6688.120000,-0.395637,0.106129,0.176057,-2.126557,-2.151473,0.180578,-0.025189,-0.000290,-0.013515,-0.001271,0.032618,-0.000806
6688.128000,-0.395824,0.106124,0.175923,-2.126462,-2.151422,0.180796,-0.024705,-0.000288,-0.014879,-0.001177,0.025452,-0.000759
6688.136000,-0.396020,0.106131,0.175806,-2.126367,-2.151313,0.180998,-0.023482,-0.000269,-0.016295,-0.001084,0.021786,-0.000757
6688.144000,-0.396206,0.106103,0.175671,-2.126260,-2.151246,0.181239,-0.025232,-0.000290,-0.013523,-0.001281,0.033303,-0.000816
6688.152000,-0.396395,0.106116,0.175550,-2.126206,-2.151074,0.181441,-0.023785,-0.000273,-0.016103,-0.001110,0.022984,-0.000766
6688.160000,-0.396598,0.106124,0.175433,-2.126088,-2.150912,0.181693,-0.025306,-0.000289,-0.013501,-0.001289,0.034022,-0.000825
6688.168000,-0.396801,0.106116,0.175342,-2.125949,-2.150734,0.182040,-0.024140,-0.000277,-0.014509,-0.001172,0.027173,-0.000771
6688.176000,-0.396986,0.106110,0.175228,-2.125791,-2.150663,0.182243,-0.025320,-0.000290,-0.013771,-0.001279,0.032919,-0.000820
6688.184000,-0.397189,0.106113,0.175099,-2.125691,-2.150547,0.182459,-0.024124,-0.000277,-0.015762,-0.001136,0.024005,-0.000770
6688.192000,-0.397385,0.106108,0.174983,-2.125612,-2.150407,0.182757,-0.025156,-0.000287,-0.013764,-0.001270,0.032656,-0.000818
6688.200000,-0.397583,0.106112,0.174893,-2.125418,-2.150193,0.183109,-0.024846,-0.000284,-0.014835,-0.001216,0.028941,-0.000804
6688.208000,-0.397785,0.106111,0.174775,-2.125294,-2.150077,0.183325,-0.023699,-0.000272,-0.015783,-0.001105,0.022480,-0.000753
6688.216000,-0.397974,0.106117,0.174611,-2.125282,-2.150002,0.183442,-0.024508,-0.000281,-0.015825,-0.001153,0.024172,-0.000776
6688.224000,-0.398160,0.106095,0.174464,-2.125187,-2.149998,0.183579,-0.024680,-0.000284,-0.014339,-0.001209,0.028390,-0.000784
6688.232000,-0.398356,0.106106,0.174369,-2.125110,-2.149780,0.183897,-0.025609,-0.000291,-0.013514,-0.001306,0.034376,-0.000834
6688.240000,-0.398563,0.106095,0.174249,-2.124936,-2.149664,0.184165,-0.023937,-0.000271,-0.015582,-0.001150,0.026133,-0.000794
6688.248000,-0.398748,0.106094,0.174118,-2.124851,-2.149588,0.184306,-0.025307,-0.000289,-0.013511,-0.001276,0.032392,-0.000810
6688.256000,-0.398947,0.106085,0.173994,-2.124774,-2.149450,0.184580,-0.024909,-0.000283,-0.013532,-0.001262,0.032594,-0.000813
6688.264000,-0.399151,0.106107,0.173932,-2.124578,-2.149176,0.184912,-0.025440,-0.000287,-0.013054,-0.001311,0.035402,-0.000835
6688.272000,-0.399345,0.106098,0.173822,-2.124448,-2.149086,0.185182,-0.024029,-0.000271,-0.014932,-0.001172,0.027724,-0.000796
6688.280000,-0.399546,0.106084,0.173694,-2.124346,-2.148999,0.185429,-0.025453,-0.000288,-0.012262,-0.001336,0.037468,-0.000837
6688.288000,-0.399731,0.106096,0.173577,-2.124260,-2.148786,0.185632,-0.023491,-0.000267,-0.015266,-0.001110,0.023506,-0.000754
6688.296000,-0.399938,0.106076,0.173460,-2.124070,-2.148767,0.185913,-0.024351,-0.000274,-0.013773,-0.001229,0.031635,-0.000811
6688.304000,-0.400139,0.106097,0.173375,-2.123977,-2.148471,0.186202,-0.024245,-0.000272,-0.015329,-0.001178,0.027609,-0.000808
6688.312000,-0.400329,0.106076,0.173234,-2.123857,-2.148447,0.186450,-0.024657,-0.000279,-0.013798,-0.001237,0.031093,-0.000806
6688.320000,-0.400519,0.106088,0.173105,-2.123807,-2.148305,0.186640,-0.023651,-0.000266,-0.015430,-0.001133,0.025342,-0.000783
6688.328000,-0.400715,0.106073,0.172967,-2.123725,-2.148206,0.186814,-0.024952,-0.000279,-0.013623,-0.001278,0.034094,-0.000839
6688.336000,-0.400922,0.106070,0.172888,-2.123512,-2.148030,0.187216,-0.024570,-0.000276,-0.014009,-0.001234,0.031237,-0.000815
6688.344000,-0.401113,0.106077,0.172753,-2.123429,-2.147933,0.187394,-0.023909,-0.000265,-0.014757,-0.001192,0.030202,-0.000825
6688.352000,-0.401307,0.106070,0.172638,-2.123345,-2.147730,0.187692,-0.024729,-0.000277,-0.014346,-0.001235,0.030777,-0.000820
6688.360000,-0.401501,0.106049,0.172526,-2.123109,-2.147709,0.187945,-0.023520,-0.000265,-0.015302,-0.001131,0.025371,-0.000782
6688.368000,-0.401689,0.106074,0.172389,-2.123094,-2.147528,0.188158,-0.025122,-0.000279,-0.012841,-0.001314,0.036850,-0.000852
6688.376000,-0.401899,0.106066,0.172302,-2.122922,-2.147341,0.188540,-0.024231,-0.000268,-0.013793,-0.001237,0.032934,-0.000832
6688.384000,-0.402100,0.106060,0.172192,-2.122747,-2.147199,0.188831,-0.024314,-0.000271,-0.013558,-0.001236,0.032316,-0.000818
6688.392000,-0.402298,0.106049,0.172100,-2.122593,-2.147001,0.189165,-0.023782,-0.000263,-0.014258,-0.001200,0.031123,-0.000824
6688.400000,-0.402492,0.106047,0.171992,-2.122468,-2.146834,0.189458,-0.024147,-0.000267,-0.013585,-0.001242,0.033581,-0.000835
6688.408000,-0.402669,0.106062,0.171843,-2.122388,-2.146761,0.189555,-0.023862,-0.000264,-0.014275,-0.001194,0.030097,-0.000812
6688.416000,-0.402878,0.106049,0.171743,-2.122255,-2.146589,0.189891,-0.024426,-0.000268,-0.012779,-0.001291,0.037282,-0.000858
6688.424000,-0.403063,0.106047,0.171631,-2.122103,-2.146472,0.190155,-0.023976,-0.000265,-0.013819,-0.001220,0.032062,-0.000824
6688.432000,-0.403252,0.106038,0.171498,-2.121998,-2.146408,0.190374,-0.023646,-0.000264,-0.013429,-0.001193,0.030356,-0.000791
6688.440000,-0.403446,0.106025,0.171406,-2.121838,-2.146287,0.190682,-0.024524,-0.000272,-0.013176,-0.001272,0.034717,-0.000839
6688.448000,-0.403648,0.106018,0.171318,-2.121681,-2.146088,0.191039,-0.024277,-0.000266,-0.013318,-0.001272,0.035959,-0.000860
6688.456000,-0.403834,0.106037,0.171194,-2.121629,-2.145888,0.191239,-0.024311,-0.000269,-0.014024,-0.001228,0.031482,-0.000825
6688.464000,-0.404016,0.106048,0.171108,-2.121475,-2.145686,0.191512,-0.024236,-0.000264,-0.013336,-0.001264,0.035456,-0.000855
6688.472000,-0.404222,0.106035,0.171003,-2.121270,-2.145569,0.191853,-0.024220,-0.000263,-0.013828,-0.001256,0.034818,-0.000862
6688.480000,-0.404407,0.106038,0.170899,-2.121130,-2.145413,0.192143,-0.022987,-0.000252,-0.015576,-0.001113,0.025774,-0.000800
6688.488000,-0.404606,0.106037,0.170784,-2.121061,-2.145209,0.192516,-0.024646,-0.000270,-0.013936,-0.001259,0.033346,-0.000847
6688.496000,-0.404783,0.106032,0.170649,-2.120918,-2.145175,0.192641,-0.022843,-0.000251,-0.015879,-0.001086,0.023646,-0.000783
6688.504000,-0.404974,0.106035,0.170516,-2.120846,-2.145034,0.192832,-0.024108,-0.000265,-0.013825,-0.001222,0.031554,-0.000822
6688.512000,-0.405176,0.106020,0.170444,-2.120646,-2.144842,0.193204,-0.023650,-0.000261,-0.014469,-0.001175,0.028784,-0.000807
6688.520000,-0.405358,0.106040,0.170344,-2.120571,-2.144628,0.193527,-0.024785,-0.000268,-0.012803,-0.001315,0.038178,-0.000876
6688.528000,-0.405547,0.106030,0.170224,-2.120450,-2.144513,0.193722,-0.023904,-0.000258,-0.013205,-0.001248,0.035053,-0.000849
6688.536000,-0.405748,0.106021,0.170125,-2.120268,-2.144370,0.194089,-0.024399,-0.000268,-0.012745,-0.001267,0.034482,-0.000828
6688.544000,-0.405935,0.106026,0.170023,-2.120106,-2.144187,0.194377,-0.024765,-0.000268,-0.012556,-0.001321,0.038739,-0.000877
6688.552000,-0.406137,0.106024,0.169951,-2.119909,-2.143973,0.194779,-0.023615,-0.000251,-0.013213,-0.001250,0.036568,-0.000870
6688.560000,-0.406322,0.106009,0.169821,-2.119809,-2.143917,0.195013,-0.024214,-0.000262,-0.013311,-0.001268,0.035642,-0.000861
6688.568000,-0.406514,0.106011,0.169736,-2.119634,-2.143691,0.195314,-0.024180,-0.000260,-0.012622,-0.001288,0.037636,-0.000866
6688.576000,-0.406717,0.106001,0.169638,-2.119436,-2.143560,0.195705,-0.025732,-0.000280,-0.011430,-0.001408,0.042860,-0.000898
6688.584000,-0.406923,0.105989,0.169543,-2.119254,-2.143386,0.196062,-0.024645,-0.000265,-0.012002,-0.001344,0.041102,-0.000893
6688.592000,-0.407109,0.106000,0.169433,-2.119153,-2.143160,0.196313,-0.024376,-0.000263,-0.013317,-0.001277,0.035834,-0.000866
6688.600000,-0.407308,0.106000,0.169343,-2.119007,-2.142952,0.196731,-0.024825,-0.000266,-0.012407,-0.001341,0.040316,-0.000896
6688.608000,-0.407499,0.106004,0.169222,-2.118877,-2.142828,0.196931,-0.024493,-0.000264,-0.012871,-0.001295,0.037090,-0.000869
6688.616000,-0.407696,0.105994,0.169158,-2.118667,-2.142634,0.197398,-0.023423,-0.000251,-0.014045,-0.001202,0.032311,-0.000844
6688.624000,-0.407903,0.105978,0.169042,-2.118412,-2.142564,0.197712,-0.025201,-0.000271,-0.012291,-0.001366,0.041097,-0.000904
6688.632000,-0.408080,0.105989,0.168906,-2.118392,-2.142342,0.197866,-0.024116,-0.000256,-0.013098,-0.001284,0.037627,-0.000884
6688.640000,-0.408280,0.105994,0.168802,-2.118251,-2.142165,0.198243,-0.024764,-0.000263,-0.012736,-0.001333,0.039932,-0.000903
6688.648000,-0.408477,0.105988,0.168726,-2.118070,-2.141940,0.198622,-0.023640,-0.000250,-0.013660,-0.001240,0.035250,-0.000872
6688.656000,-0.408662,0.106007,0.168612,-2.118008,-2.141732,0.198860,-0.025092,-0.000268,-0.011902,-0.001360,0.040996,-0.000893
6688.664000,-0.408866,0.105989,0.168512,-2.117744,-2.141632,0.199236,-0.023856,-0.000254,-0.012575,-0.001271,0.037105,-0.000863
6688.672000,-0.409056,0.105986,0.168414,-2.117609,-2.141458,0.199566,-0.024411,-0.000259,-0.012387,-0.001315,0.039290,-0.000886
6688.680000,-0.409255,0.105979,0.168321,-2.117419,-2.141276,0.199932,-0.023513,-0.000248,-0.013367,-0.001242,0.035839,-0.000872
6688.688000,-0.409443,0.105976,0.168214,-2.117330,-2.141071,0.200252,-0.023994,-0.000256,-0.012156,-0.001286,0.037723,-0.000860
6688.696000,-0.409637,0.105996,0.168103,-2.117188,-2.140880,0.200495,-0.022829,-0.000241,-0.014315,-0.001160,0.030605,-0.000834
6688.704000,-0.409817,0.105977,0.168011,-2.117064,-2.140722,0.200857,-0.023830,-0.000251,-0.012031,-0.001291,0.039075,-0.000875
6688.712000,-0.410023,0.105971,0.167918,-2.116789,-2.140606,0.201203,-0.023895,-0.000252,-0.011603,-0.001307,0.040177,-0.000876
6688.720000,-0.410210,0.105952,0.167830,-2.116661,-2.140441,0.201552,-0.024378,-0.000257,-0.011328,-0.001351,0.042492,-0.000898
6688.728000,-0.410399,0.105976,0.167713,-2.116555,-2.140212,0.201822,-0.023719,-0.000250,-0.012729,-0.001261,0.036630,-0.000866
6688.736000,-0.410594,0.105978,0.167632,-2.116326,-2.140008,0.202143,-0.024271,-0.000255,-0.011063,-0.001342,0.042056,-0.000886
6688.744000,-0.410798,0.105957,0.167548,-2.116167,-2.139842,0.202568,-0.024258,-0.000254,-0.011904,-0.001329,0.041001,-0.000898
6688.752000,-0.410974,0.105972,0.167424,-2.116075,-2.139678,0.202765,-0.023314,-0.000244,-0.013156,-0.001233,0.035557,-0.000866
6688.760000,-0.411172,0.105957,0.167337,-2.115842,-2.139528,0.203117,-0.023950,-0.000253,-0.012147,-0.001286,0.037785,-0.000865
6688.768000,-0.411349,0.105966,0.167215,-2.115769,-2.139372,0.203432,-0.023754,-0.000246,-0.012617,-0.001285,0.038955,-0.000894
6688.776000,-0.411540,0.105964,0.167110,-2.115536,-2.139238,0.203665,-0.024559,-0.000257,-0.011455,-0.001358,0.042607,-0.000907
6688.784000,-0.411735,0.105964,0.167001,-2.115463,-2.139052,0.203972,-0.023766,-0.000246,-0.012082,-0.001300,0.040335,-0.000897
6688.792000,-0.411933,0.105950,0.166895,-2.115253,-2.138933,0.204363,-0.024165,-0.000251,-0.011164,-0.001346,0.042923,-0.000903
6688.800000,-0.412123,0.105950,0.166803,-2.115159,-2.138665,0.204682,-0.024107,-0.000252,-0.011136,-0.001335,0.041826,-0.000889
6688.808000,-0.412308,0.105970,0.166741,-2.114978,-2.138395,0.205150,-0.024088,-0.000249,-0.010488,-0.001350,0.043547,-0.000892
6688.816000,-0.412509,0.105956,0.166670,-2.114736,-2.138270,0.205551,-0.023468,-0.000239,-0.011281,-0.001316,0.043082,-0.000910
6688.824000,-0.412690,0.105956,0.166574,-2.114578,-2.138056,0.205778,-0.024770,-0.000254,-0.009549,-0.001441,0.049778,-0.000945
6688.832000,-0.412888,0.105945,0.166478,-2.114344,-2.137904,0.206129,-0.023845,-0.000243,-0.010448,-0.001363,0.045824,-0.000921
6688.840000,-0.413079,0.105944,0.166394,-2.114195,-2.137670,0.206595,-0.024458,-0.000250,-0.010102,-0.001406,0.047606,-0.000935
6688.848000,-0.413283,0.105924,0.166318,-2.113893,-2.137524,0.206982,-0.023602,-0.000243,-0.011229,-0.001319,0.042305,-0.000900
6688.856000,-0.413468,0.105936,0.166245,-2.113769,-2.137232,0.207407,-0.024943,-0.000256,-0.008439,-0.001473,0.051709,-0.000939
6688.864000,-0.413662,0.105931,0.166145,-2.113616,-2.137032,0.207711,-0.023435,-0.000242,-0.011758,-0.001285,0.039592,-0.000882
6688.872000,-0.413861,0.105941,0.166076,-2.113420,-2.136826,0.208156,-0.024310,-0.000249,-0.010262,-0.001384,0.045900,-0.000919
6688.880000,-0.414051,0.105930,0.165985,-2.113246,-2.136607,0.208524,-0.023938,-0.000247,-0.010730,-0.001340,0.042904,-0.000895
6688.888000,-0.414231,0.105927,0.165882,-2.113069,-2.136519,0.208797,-0.024055,-0.000247,-0.010760,-0.001352,0.043623,-0.000906
6688.896000,-0.414412,0.105939,0.165787,-2.112950,-2.136310,0.209133,-0.023089,-0.000237,-0.011929,-0.001250,0.037627,-0.000863
6688.904000,-0.414615,0.105924,0.165712,-2.112728,-2.136064,0.209550,-0.024111,-0.000245,-0.010534,-0.001377,0.046044,-0.000931
6688.912000,-0.414809,0.105919,0.165620,-2.112528,-2.135906,0.209962,-0.023943,-0.000242,-0.011316,-0.001350,0.044198,-0.000931
6688.920000,-0.415000,0.105929,0.165539,-2.112352,-2.135656,0.210321,-0.024312,-0.000244,-0.009890,-0.001417,0.049303,-0.000955
6688.928000,-0.415198,0.105918,0.165470,-2.112053,-2.135463,0.210767,-0.023515,-0.000239,-0.010977,-0.001319,0.042535,-0.000900
6688.936000,-0.415381,0.105925,0.165376,-2.111948,-2.135243,0.211106,-0.023980,-0.000243,-0.010771,-0.001352,0.044084,-0.000915
6688.944000,-0.415572,0.105923,0.165314,-2.111762,-2.134989,0.211533,-0.023924,-0.000242,-0.010259,-0.001363,0.045205,-0.000914
6688.952000,-0.415764,0.105922,0.165241,-2.111559,-2.134793,0.211893,-0.022894,-0.000229,-0.011576,-0.001276,0.041117,-0.000901
6688.960000,-0.415945,0.105906,0.165123,-2.111437,-2.134679,0.212113,-0.024390,-0.000246,-0.009443,-0.001422,0.048924,-0.000940
6688.968000,-0.416132,0.105906,0.165047,-2.111220,-2.134467,0.212498,-0.023625,-0.000237,-0.010466,-0.001351,0.045248,-0.000923
6688.976000,-0.416325,0.105909,0.164961,-2.111059,-2.134264,0.212847,-0.024182,-0.000246,-0.009416,-0.001391,0.046451,-0.000907
6688.984000,-0.416515,0.105910,0.164897,-2.110848,-2.134040,0.213307,-0.023860,-0.000240,-0.010167,-0.001366,0.045661,-0.000920
6688.992000,-0.416711,0.105906,0.164802,-2.110670,-2.133850,0.213708,-0.023344,-0.000231,-0.009739,-0.001362,0.047454,-0.000931
6689.000000,-0.416890,0.105908,0.164720,-2.110507,-2.133610,0.214007,-0.023587,-0.000234,-0.009753,-0.001373,0.047549,-0.000933
6689.008000,-0.417077,0.105906,0.164655,-2.110315,-2.133413,0.214493,-0.023572,-0.000235,-0.009851,-0.001363,0.046634,-0.000924
6689.016000,-0.417282,0.105902,0.164604,-2.110019,-2.133141,0.214964,-0.023290,-0.000229,-0.010363,-0.001352,0.046917,-0.000944
6689.024000,-0.417468,0.105896,0.164525,-2.109790,-2.132918,0.215375,-0.024706,-0.000244,-0.008047,-0.001498,0.055204,-0.000984
6689.032000,-0.417658,0.105893,0.164449,-2.109587,-2.132701,0.215823,-0.023267,-0.000231,-0.010742,-0.001327,0.044333,-0.000923
6689.040000,-0.417846,0.105876,0.164348,-2.109410,-2.132558,0.216142,-0.023998,-0.000239,-0.009634,-0.001400,0.048273,-0.000942
6689.048000,-0.418035,0.105884,0.164289,-2.109189,-2.132294,0.216598,-0.023070,-0.000228,-0.011165,-0.001308,0.043264,-0.000922
6689.056000,-0.418222,0.105886,0.164195,-2.109052,-2.132067,0.216973,-0.024616,-0.000241,-0.008617,-0.001482,0.054149,-0.000989
6689.064000,-0.418405,0.105893,0.164088,-2.108855,-2.131867,0.217253,-0.023345,-0.000230,-0.010562,-0.001336,0.044832,-0.000926
6689.072000,-0.418594,0.105879,0.164011,-2.108633,-2.131709,0.217666,-0.023658,-0.000232,-0.010642,-0.001366,0.046638,-0.000952
6689.080000,-0.418779,0.105895,0.163946,-2.108490,-2.131428,0.218112,-0.022769,-0.000222,-0.011008,-0.001297,0.043576,-0.000923
6689.088000,-0.418971,0.105867,0.163866,-2.108232,-2.131271,0.218455,-0.023653,-0.000231,-0.009498,-0.001404,0.050181,-0.000965
6689.096000,-0.419152,0.105893,0.163798,-2.108140,-2.130939,0.218900,-0.023022,-0.000224,-0.010474,-0.001326,0.045311,-0.000931
6689.104000,-0.419338,0.105882,0.163718,-2.107898,-2.130779,0.219260,-0.023600,-0.000231,-0.009109,-0.001391,0.048973,-0.000939
6689.112000,-0.419525,0.105891,0.163634,-2.107739,-2.130549,0.219606,-0.023388,-0.000228,-0.009637,-0.001362,0.047156,-0.000931
6689.120000,-0.419723,0.105886,0.163549,-2.107492,-2.130393,0.220051,-0.023974,-0.000232,-0.008818,-0.001431,0.051676,-0.000967
6689.128000,-0.419907,0.105880,0.163489,-2.107283,-2.130139,0.220476,-0.023064,-0.000223,-0.010306,-0.001338,0.046246,-0.000940
6689.136000,-0.420092,0.105868,0.163427,-2.107056,-2.129948,0.220901,-0.023648,-0.000228,-0.009328,-0.001405,0.050310,-0.000965
6689.144000,-0.420278,0.105868,0.163345,-2.106854,-2.129725,0.221260,-0.024019,-0.000232,-0.008538,-0.001448,0.052956,-0.000977
6689.152000,-0.420467,0.105873,0.163253,-2.106673,-2.129469,0.221630,-0.022651,-0.000216,-0.010328,-0.001324,0.046567,-0.000946
6689.160000,-0.420650,0.105862,0.163192,-2.106463,-2.129278,0.222106,-0.023865,-0.000232,-0.009245,-0.001409,0.049682,-0.000956
6689.168000,-0.420835,0.105873,0.163112,-2.106243,-2.129032,0.222470,-0.023278,-0.000224,-0.010346,-0.001353,0.046945,-0.000953
6689.176000,-0.421028,0.105856,0.163024,-2.106060,-2.128806,0.222876,-0.024450,-0.000238,-0.008081,-0.001475,0.053497,-0.000972
6689.184000,-0.421212,0.105863,0.162938,-2.105853,-2.128662,0.223242,-0.023704,-0.000230,-0.009691,-0.001384,0.047889,-0.000947
6689.192000,-0.421405,0.105868,0.162873,-2.105624,-2.128410,0.223647,-0.023560,-0.000225,-0.009265,-0.001400,0.050267,-0.000966
6689.200000,-0.421594,0.105850,0.162779,-2.105392,-2.128264,0.224035,-0.023675,-0.000230,-0.009343,-0.001389,0.048220,-0.000942
6689.208000,-0.421778,0.105862,0.162706,-2.105298,-2.127954,0.224449,-0.023919,-0.000231,-0.009330,-0.001407,0.049217,-0.000955
6689.216000,-0.421969,0.105851,0.162634,-2.105050,-2.127761,0.224846,-0.022501,-0.000213,-0.010798,-0.001304,0.045100,-0.000945
6689.224000,-0.422165,0.105836,0.162571,-2.104820,-2.127482,0.225298,-0.024087,-0.000230,-0.008852,-0.001454,0.053205,-0.000995
6689.232000,-0.422350,0.105842,0.162486,-2.104596,-2.127325,0.225713,-0.023480,-0.000222,-0.009405,-0.001406,0.051067,-0.000983
6689.240000,-0.422539,0.105830,0.162384,-2.104398,-2.127159,0.226064,-0.023957,-0.000230,-0.008998,-0.001431,0.051235,-0.000974
6689.248000,-0.422727,0.105849,0.162303,-2.104257,-2.126845,0.226469,-0.022638,-0.000214,-0.010836,-0.001308,0.044985,-0.000946
6689.256000,-0.422919,0.105853,0.162243,-2.103979,-2.126622,0.226907,-0.023696,-0.000224,-0.009083,-0.001417,0.051240,-0.000978
6689.264000,-0.423112,0.105841,0.162180,-2.103759,-2.126362,0.227395,-0.023292,-0.000218,-0.009481,-0.001396,0.050967,-0.000986
6689.272000,-0.423303,0.105838,0.162100,-2.103577,-2.126113,0.227832,-0.023148,-0.000218,-0.009965,-0.001363,0.048120,-0.000964
6689.280000,-0.423490,0.105836,0.162026,-2.103350,-2.125893,0.228252,-0.022140,-0.000209,-0.010654,-0.001276,0.043552,-0.000923
6689.288000,-0.423674,0.105819,0.161915,-2.103159,-2.125761,0.228567,-0.023667,-0.000223,-0.008913,-0.001429,0.052237,-0.000988
6689.296000,-0.423852,0.105838,0.161851,-2.102995,-2.125452,0.229007,-0.021965,-0.000205,-0.010491,-0.001280,0.044736,-0.000935
6689.304000,-0.424035,0.105843,0.161783,-2.102752,-2.125211,0.229410,-0.023178,-0.000216,-0.008618,-0.001403,0.051897,-0.000975
6689.312000,-0.424215,0.105836,0.161679,-2.102585,-2.125053,0.229721,-0.022342,-0.000208,-0.010916,-0.001291,0.044444,-0.000945
6689.320000,-0.424406,0.105827,0.161614,-2.102352,-2.124834,0.230219,-0.023511,-0.000220,-0.008893,-0.001414,0.051504,-0.000979
6689.328000,-0.424586,0.105832,0.161537,-2.102202,-2.124586,0.230553,-0.022629,-0.000210,-0.010245,-0.001329,0.046950,-0.000959
6689.336000,-0.424777,0.105824,0.161462,-2.101974,-2.124368,0.230999,-0.023463,-0.000220,-0.009307,-0.001399,0.050267,-0.000976
6689.344000,-0.424958,0.105824,0.161367,-2.101752,-2.124173,0.231341,-0.022901,-0.000213,-0.010225,-0.001344,0.047176,-0.000963
6689.352000,-0.425135,0.105842,0.161292,-2.101616,-2.123896,0.231747,-0.022365,-0.000207,-0.011002,-0.001287,0.043974,-0.000944
6689.360000,-0.425316,0.105814,0.161204,-2.101419,-2.123709,0.232155,-0.022281,-0.000209,-0.011586,-0.001262,0.041525,-0.000929
6689.368000,-0.425502,0.105803,0.161115,-2.101130,-2.123602,0.232495,-0.022838,-0.000213,-0.010162,-0.001343,0.047118,-0.000962
6689.376000,-0.425692,0.105803,0.161039,-2.100934,-2.123359,0.232866,-0.023269,-0.000221,-0.010125,-0.001350,0.045704,-0.000942
6689.384000,-0.425867,0.105820,0.160955,-2.100810,-2.123096,0.233271,-0.022902,-0.000213,-0.009678,-0.001351,0.047641,-0.000955
6689.392000,-0.426056,0.105818,0.160889,-2.100577,-2.122870,0.233701,-0.022394,-0.000209,-0.010104,-0.001297,0.044233,-0.000922
6689.400000,-0.426227,0.105822,0.160793,-2.100427,-2.122678,0.234022,-0.023094,-0.000213,-0.009696,-0.001368,0.048738,-0.000971
6689.408000,-0.426408,0.105827,0.160718,-2.100244,-2.122422,0.234390,-0.023138,-0.000212,-0.008791,-0.001395,0.051211,-0.000978
6689.416000,-0.426599,0.105812,0.160636,-2.100018,-2.122236,0.234852,-0.022336,-0.000202,-0.010289,-0.001324,0.047631,-0.000975
6689.424000,-0.426791,0.105790,0.160594,-2.099749,-2.121974,0.235365,-0.023730,-0.000220,-0.008433,-0.001445,0.053296,-0.000996
6689.432000,-0.426968,0.105800,0.160514,-2.099515,-2.121796,0.235713,-0.022904,-0.000214,-0.009435,-0.001348,0.047013,-0.000942
6689.440000,-0.427152,0.105806,0.160426,-2.099334,-2.121563,0.236031,-0.023774,-0.000219,-0.008810,-0.001434,0.052309,-0.000996
6689.448000,-0.427323,0.105817,0.160356,-2.099180,-2.121300,0.236486,-0.022230,-0.000200,-0.010336,-0.001313,0.047003,-0.000970
6689.456000,-0.427508,0.105794,0.160260,-2.098948,-2.121179,0.236850,-0.024071,-0.000219,-0.008107,-0.001489,0.056618,-0.001034
6689.464000,-0.427701,0.105783,0.160194,-2.098700,-2.120909,0.237321,-0.023524,-0.000212,-0.009480,-0.001434,0.053612,-0.001035
6689.472000,-0.427886,0.105816,0.160110,-2.098575,-2.120565,0.237769,-0.023609,-0.000214,-0.009373,-0.001417,0.051623,-0.001006
6689.480000,-0.428081,0.105789,0.160060,-2.098243,-2.120389,0.238228,-0.022183,-0.000202,-0.010779,-0.001288,0.044367,-0.000950
6689.488000,-0.428256,0.105802,0.159964,-2.098102,-2.120158,0.238594,-0.023499,-0.000212,-0.009410,-0.001415,0.051825,-0.001010
6689.496000,-0.428425,0.105802,0.159868,-2.097897,-2.120034,0.238871,-0.022582,-0.000202,-0.010556,-0.001333,0.047573,-0.000987
6689.504000,-0.428619,0.105784,0.159784,-2.097723,-2.119794,0.239302,-0.023745,-0.000213,-0.008785,-0.001457,0.054883,-0.001034
6689.512000,-0.428804,0.105788,0.159699,-2.097524,-2.119523,0.239720,-0.022217,-0.000199,-0.011597,-0.001288,0.044578,-0.000979
6689.520000,-0.428982,0.105801,0.159620,-2.097297,-2.119279,0.240166,-0.023577,-0.000209,-0.009477,-0.001434,0.053732,-0.001040
6689.528000,-0.429165,0.105798,0.159588,-2.097039,-2.119007,0.240682,-0.022836,-0.000203,-0.010716,-0.001346,0.047947,-0.001000
6689.536000,-0.429358,0.105784,0.159498,-2.096838,-2.118726,0.241085,-0.023379,-0.000207,-0.008832,-0.001437,0.054423,-0.001031
6689.544000,-0.429541,0.105793,0.159416,-2.096627,-2.118549,0.241434,-0.022124,-0.000198,-0.011012,-0.001285,0.044506,-0.000962
6689.552000,-0.429728,0.105772,0.159328,-2.096366,-2.118406,0.241905,-0.023027,-0.000207,-0.009730,-0.001377,0.049615,-0.000994
6689.560000,-0.429899,0.105761,0.159238,-2.096208,-2.118204,0.242232,-0.021995,-0.000198,-0.011135,-0.001272,0.043341,-0.000951
6689.568000,-0.430086,0.105784,0.159154,-2.096092,-2.117869,0.242673,-0.022828,-0.000201,-0.010190,-0.001366,0.049869,-0.001012
6689.576000,-0.430260,0.105779,0.159081,-2.095810,-2.117691,0.243047,-0.022910,-0.000203,-0.010409,-0.001357,0.048455,-0.001000
6689.584000,-0.430454,0.105768,0.159000,-2.095568,-2.117452,0.243480,-0.023361,-0.000207,-0.008923,-0.001426,0.053205,-0.001020
6689.592000,-0.430640,0.105766,0.158920,-2.095351,-2.117244,0.243897,-0.022010,-0.000193,-0.011355,-0.001289,0.045479,-0.000989
6689.600000,-0.430818,0.105774,0.158849,-2.095147,-2.116945,0.244361,-0.022271,-0.000195,-0.010322,-0.001329,0.048331,-0.000997
6689.608000,-0.430987,0.105781,0.158735,-2.094992,-2.116765,0.244603,-0.022540,-0.000197,-0.009452,-0.001363,0.050464,-0.001000
6689.616000,-0.431172,0.105765,0.158677,-2.094788,-2.116555,0.245090,-0.022143,-0.000193,-0.011069,-0.001304,0.046375,-0.000994
6689.624000,-0.431360,0.105749,0.158585,-2.094559,-2.116407,0.245425,-0.022580,-0.000202,-0.010384,-0.001327,0.046274,-0.000972
6689.632000,-0.431528,0.105774,0.158503,-2.094434,-2.116084,0.245812,-0.022825,-0.000198,-0.010111,-0.001371,0.050238,-0.001019
6689.640000,-0.431709,0.105773,0.158411,-2.094206,-2.115939,0.246151,-0.022721,-0.000198,-0.010314,-0.001353,0.048824,-0.001006
6689.648000,-0.431886,0.105754,0.158324,-2.094015,-2.115761,0.246552,-0.022201,-0.000194,-0.011249,-0.001300,0.045604,-0.000990
6689.656000,-0.432064,0.105773,0.158225,-2.093841,-2.115519,0.246925,-0.022698,-0.000197,-0.010592,-0.001348,0.048566,-0.001012
6689.664000,-0.432249,0.105754,0.158149,-2.093637,-2.115328,0.247351,-0.022774,-0.000197,-0.010469,-0.001363,0.049601,-0.001023
6689.672000,-0.432432,0.105755,0.158083,-2.093338,-2.115076,0.247785,-0.022828,-0.000196,-0.009768,-0.001391,0.052184,-0.001037
6689.680000,-0.432607,0.105771,0.158008,-2.093165,-2.114778,0.248171,-0.021043,-0.000180,-0.013527,-0.001178,0.038707,-0.000966
6689.688000,-0.432802,0.105737,0.157923,-2.092882,-2.114630,0.248610,-0.022755,-0.000197,-0.009833,-0.001380,0.051106,-0.001026
6689.696000,-0.432962,0.105758,0.157791,-2.092790,-2.114442,0.248837,-0.022093,-0.000188,-0.011059,-0.001313,0.047646,-0.001015
6689.704000,-0.433146,0.105749,0.157740,-2.092571,-2.114134,0.249383,-0.022483,-0.000193,-0.010538,-0.001343,0.048762,-0.001016
6689.712000,-0.433323,0.105752,0.157640,-2.092378,-2.113951,0.249748,-0.021676,-0.000183,-0.011767,-0.001273,0.045446,-0.001007
6689.720000,-0.433505,0.105752,0.157540,-2.092189,-2.113686,0.250128,-0.023217,-0.000197,-0.009237,-0.001431,0.054619,-0.001058
6689.728000,-0.433687,0.105755,0.157484,-2.091949,-2.113431,0.250603,-0.022420,-0.000189,-0.010329,-0.001356,0.050555,-0.001035
6689.736000,-0.433875,0.105741,0.157407,-2.091687,-2.113191,0.251009,-0.022688,-0.000193,-0.009595,-0.001386,0.052093,-0.001035
6689.744000,-0.434050,0.105748,0.157339,-2.091477,-2.112943,0.251470,-0.021590,-0.000182,-0.011921,-0.001260,0.044319,-0.000998
6689.752000,-0.434233,0.105725,0.157259,-2.091207,-2.112754,0.251904,-0.022650,-0.000192,-0.009501,-0.001389,0.052328,-0.001036
6689.760000,-0.434389,0.105739,0.157136,-2.091166,-2.112546,0.252139,-0.021884,-0.000186,-0.010654,-0.001301,0.046874,-0.000996
6689.768000,-0.434569,0.105736,0.157060,-2.090898,-2.112367,0.252587,-0.022480,-0.000190,-0.010671,-0.001346,0.049040,-0.001027
6689.776000,-0.434756,0.105741,0.156979,-2.090700,-2.112120,0.252951,-0.022235,-0.000187,-0.010945,-0.001328,0.048393,-0.001027
6689.784000,-0.434947,0.105737,0.156892,-2.090480,-2.111847,0.253369,-0.023177,-0.000195,-0.009460,-0.001421,0.053641,-0.001056
6689.792000,-0.435120,0.105749,0.156806,-2.090294,-2.111650,0.253754,-0.021946,-0.000184,-0.011269,-0.001297,0.046510,-0.001012
6689.800000,-0.435294,0.105736,0.156728,-2.090071,-2.111437,0.254187,-0.022421,-0.000184,-0.010353,-0.001371,0.052084,-0.001062
6689.808000,-0.435477,0.105734,0.156614,-2.089889,-2.111236,0.254542,-0.022468,-0.000186,-0.010405,-0.001366,0.051336,-0.001053
6689.816000,-0.435653,0.105747,0.156531,-2.089770,-2.110953,0.254959,-0.022000,-0.000183,-0.010982,-0.001305,0.047027,-0.001012
6689.824000,-0.435842,0.105733,0.156459,-2.089443,-2.110747,0.255358,-0.021649,-0.000183,-0.011980,-0.001249,0.042680,-0.000982
6689.832000,-0.436013,0.105718,0.156370,-2.089278,-2.110576,0.255771,-0.022243,-0.000187,-0.011398,-0.001309,0.046183,-0.001014
6689.840000,-0.436198,0.105730,0.156286,-2.089039,-2.110305,0.256140,-0.022218,-0.000186,-0.010464,-0.001329,0.048225,-0.001014
6689.848000,-0.436370,0.105743,0.156208,-2.088899,-2.110027,0.256567,-0.022428,-0.000185,-0.010024,-0.001360,0.050785,-0.001037
6689.856000,-0.436548,0.105717,0.156088,-2.088715,-2.109896,0.256834,-0.021702,-0.000181,-0.011713,-0.001268,0.044276,-0.000998
6689.864000,-0.436728,0.105721,0.156014,-2.088452,-2.109689,0.257253,-0.022267,-0.000183,-0.010086,-0.001356,0.050838,-0.001040
6689.872000,-0.436904,0.105725,0.155936,-2.088222,-2.109440,0.257688,-0.022472,-0.000186,-0.010455,-0.001352,0.049615,-0.001035
6689.880000,-0.437089,0.105701,0.155854,-2.087995,-2.109247,0.258113,-0.020763,-0.000168,-0.012420,-0.001219,0.043543,-0.001010
6689.888000,-0.437257,0.105735,0.155763,-2.087846,-2.108957,0.258515,-0.022012,-0.000179,-0.010584,-0.001328,0.049357,-0.001036
6689.896000,-0.437427,0.105723,0.155653,-2.087706,-2.108774,0.258829,-0.021901,-0.000178,-0.010802,-0.001315,0.048403,-0.001030
6689.904000,-0.437594,0.105728,0.155592,-2.087491,-2.108487,0.259265,-0.022571,-0.000182,-0.010161,-0.001386,0.053028,-0.001076
6689.912000,-0.437780,0.105714,0.155485,-2.087252,-2.108361,0.259645,-0.021291,-0.000171,-0.010989,-0.001280,0.047397,-0.001022
6689.920000,-0.437956,0.105731,0.155426,-2.086992,-2.108049,0.260109,-0.022338,-0.000180,-0.010659,-0.001353,0.050617,-0.001058
6689.928000,-0.438135,0.105707,0.155343,-2.086784,-2.107826,0.260548,-0.022195,-0.000178,-0.010148,-0.001364,0.052084,-0.001063
6689.936000,-0.438316,0.105708,0.155258,-2.086515,-2.107606,0.260943,-0.022391,-0.000183,-0.010615,-0.001345,0.049098,-0.001037
6689.944000,-0.438479,0.105718,0.155161,-2.086405,-2.107351,0.261261,-0.021244,-0.000169,-0.012120,-0.001255,0.045407,-0.001031
6689.952000,-0.438661,0.105703,0.155070,-2.086143,-2.107204,0.261700,-0.022787,-0.000183,-0.009980,-0.001403,0.053546,-0.001081
6689.960000,-0.438835,0.105682,0.154995,-2.085855,-2.106994,0.262143,-0.020953,-0.000170,-0.013028,-0.001205,0.041132,-0.001000
6689.968000,-0.439003,0.105696,0.154891,-2.085727,-2.106749,0.262481,-0.022588,-0.000180,-0.010505,-0.001383,0.052438,-0.001082
6689.976000,-0.439182,0.105698,0.154797,-2.085557,-2.106515,0.262897,-0.021427,-0.000172,-0.012183,-0.001257,0.044506,-0.001022
6689.984000,-0.439357,0.105699,0.154714,-2.085373,-2.106230,0.263289,-0.022584,-0.000179,-0.010877,-0.001377,0.051940,-0.001088
6689.992000,-0.439531,0.105700,0.154624,-2.085123,-2.106043,0.263720,-0.021659,-0.000171,-0.010998,-0.001311,0.049021,-0.001050
6690.000000,-0.439700,0.105698,0.154516,-2.085010,-2.105814,0.264070,-0.021924,-0.000176,-0.011045,-0.001311,0.047780,-0.001035
6690.008000,-0.439886,0.105680,0.154422,-2.084672,-2.105695,0.264392,-0.021608,-0.000172,-0.011214,-0.001301,0.047952,-0.001043
6690.016000,-0.440054,0.105707,0.154363,-2.084564,-2.105301,0.264914,-0.021665,-0.000170,-0.010425,-0.001318,0.049668,-0.001043
6690.024000,-0.440227,0.105705,0.154268,-2.084314,-2.105133,0.265285,-0.021719,-0.000172,-0.011433,-0.001295,0.047147,-0.001039
6690.032000,-0.440405,0.105717,0.154204,-2.084115,-2.104808,0.265719,-0.022424,-0.000177,-0.010394,-0.001360,0.050770,-0.001059
6690.040000,-0.440594,0.105673,0.154118,-2.083782,-2.104707,0.266130,-0.022462,-0.000179,-0.009608,-0.001389,0.052956,-0.001066
6690.048000,-0.440771,0.105678,0.154044,-2.083624,-2.104417,0.266633,-0.022127,-0.000175,-0.010261,-0.001350,0.050665,-0.001054
6690.056000,-0.440924,0.105694,0.153923,-2.083519,-2.104216,0.266884,-0.021579,-0.000169,-0.011594,-0.001286,0.046778,-0.001041
6690.064000,-0.441110,0.105688,0.153863,-2.083200,-2.103974,0.267364,-0.022316,-0.000174,-0.009607,-0.001383,0.053330,-0.001073
6690.072000,-0.441283,0.105690,0.153779,-2.082999,-2.103721,0.267714,-0.022195,-0.000174,-0.010910,-0.001343,0.049865,-0.001065
6690.080000,-0.441459,0.105675,0.153700,-2.082776,-2.103538,0.268158,-0.021674,-0.000167,-0.011404,-0.001313,0.049232,-0.001071
6690.088000,-0.441627,0.105686,0.153586,-2.082589,-2.103326,0.268466,-0.021483,-0.000170,-0.012217,-0.001255,0.043840,-0.001020
6690.112000,-0.442147,0.105681,0.153297,-2.082062,-2.102646,0.269602,-0.021707,-0.000166,-0.011062,-0.001324,0.050167,-0.001075
6690.120000,-0.442326,0.105676,0.153210,-2.081806,-2.102414,0.270000,-0.021202,-0.000164,-0.012390,-0.001249,0.044544,-0.001037
6690.128000,-0.442491,0.105688,0.153110,-2.081688,-2.102188,0.270377,-0.022167,-0.000169,-0.010723,-0.001356,0.051509,-0.001085
6690.136000,-0.442672,0.105655,0.152995,-2.081394,-2.102074,0.270759,-0.021883,-0.000169,-0.011951,-0.001309,0.047760,-0.001071
6690.144000,-0.442854,0.105671,0.152942,-2.081212,-2.101716,0.271205,-0.020930,-0.000159,-0.012077,-0.001245,0.045278,-0.001039
6690.152000,-0.443011,0.105679,0.152821,-2.081059,-2.101577,0.271503,-0.021968,-0.000169,-0.011083,-0.001324,0.048901,-0.001061
6690.160000,-0.443194,0.105653,0.152733,-2.080796,-2.101362,0.271911,-0.021437,-0.000163,-0.012001,-0.001289,0.047689,-0.001072
6690.168000,-0.443364,0.105672,0.152632,-2.080624,-2.101124,0.272291,-0.022677,-0.000171,-0.009342,-0.001429,0.056676,-0.001119
6690.176000,-0.443543,0.105669,0.152551,-2.080387,-2.100855,0.272666,-0.021819,-0.000163,-0.011132,-0.001337,0.051097,-0.001095
6690.184000,-0.443721,0.105659,0.152458,-2.080129,-2.100661,0.273139,-0.021312,-0.000160,-0.011392,-0.001296,0.048834,-0.001071
6690.192000,-0.443898,0.105673,0.152387,-2.079931,-2.100346,0.273620,-0.021592,-0.000160,-0.010516,-0.001339,0.052242,-0.001093
6690.200000,-0.444062,0.105666,0.152268,-2.079775,-2.100146,0.273952,-0.021651,-0.000162,-0.010735,-0.001329,0.050756,-0.001079
6690.208000,-0.444233,0.105677,0.152179,-2.079558,-2.099933,0.274306,-0.020417,-0.000154,-0.012257,-0.001195,0.042220,-0.001004
6690.216000,-0.444407,0.105635,0.152105,-2.079268,-2.099834,0.274743,-0.022041,-0.000166,-0.009052,-0.001391,0.054754,-0.001085
6690.224000,-0.444581,0.105658,0.152005,-2.079154,-2.099491,0.275091,-0.020927,-0.000156,-0.011551,-0.001259,0.046587,-0.001046
6690.232000,-0.444754,0.105649,0.151921,-2.078932,-2.099282,0.275529,-0.021703,-0.000162,-0.009931,-0.001351,0.052525,-0.001081
6690.240000,-0.444920,0.105656,0.151824,-2.078746,-2.099045,0.275864,-0.021000,-0.000156,-0.011545,-0.001268,0.047262,-0.001056
6690.248000,-0.445094,0.105659,0.151762,-2.078464,-2.098771,0.276378,-0.022217,-0.000163,-0.009699,-0.001402,0.055846,-0.001123
6690.256000,-0.445265,0.105670,0.151643,-2.078297,-2.098528,0.276700,-0.020973,-0.000152,-0.012203,-0.001261,0.047109,-0.001075
6690.264000,-0.445440,0.105652,0.151590,-2.078013,-2.098278,0.277214,-0.021563,-0.000158,-0.011647,-0.001310,0.049304,-0.001090
6690.272000,-0.445605,0.105645,0.151467,-2.077811,-2.098132,0.277527,-0.020865,-0.000152,-0.012526,-0.001248,0.045959,-0.001069
6690.280000,-0.445768,0.105659,0.151365,-2.077646,-2.097926,0.277870,-0.020852,-0.000154,-0.012601,-0.001229,0.043984,-0.001044
6690.288000,-0.445930,0.105658,0.151249,-2.077547,-2.097710,0.278169,-0.020621,-0.000151,-0.013282,-0.001203,0.042474,-0.001044
6690.296000,-0.446104,0.105660,0.151157,-2.077339,-2.097448,0.278530,-0.021233,-0.000154,-0.011571,-0.001291,0.048801,-0.001082
6690.304000,-0.446278,0.105652,0.151064,-2.077100,-2.097293,0.278902,-0.021120,-0.000155,-0.012000,-0.001265,0.046491,-0.001063
6690.312000,-0.446445,0.105639,0.150979,-2.076921,-2.097049,0.279324,-0.020913,-0.000153,-0.012349,-0.001244,0.045120,-0.001054
6690.320000,-0.446608,0.105644,0.150868,-2.076739,-2.096870,0.279621,-0.020605,-0.000153,-0.012231,-0.001212,0.042896,-0.001019
6690.328000,-0.446773,0.105640,0.150790,-2.076538,-2.096660,0.280058,-0.021632,-0.000156,-0.011029,-0.001331,0.051025,-0.001100
6690.336000,-0.446949,0.105644,0.150716,-2.076279,-2.096406,0.280510,-0.021774,-0.000155,-0.010393,-0.001361,0.053661,-0.001118
6690.344000,-0.447117,0.105649,0.150634,-2.076023,-2.096152,0.280938,-0.020363,-0.000141,-0.012086,-0.001246,0.048293,-0.001093
6690.352000,-0.447282,0.105643,0.150543,-2.075839,-2.095899,0.281342,-0.021824,-0.000156,-0.010562,-0.001360,0.053234,-0.001118
6690.360000,-0.447451,0.105639,0.150438,-2.075666,-2.095647,0.281670,-0.021012,-0.000151,-0.011517,-0.001276,0.048015,-0.001073
6690.368000,-0.447622,0.105640,0.150367,-2.075410,-2.095406,0.282174,-0.022217,-0.000158,-0.009521,-0.001407,0.056311,-0.001132
6690.376000,-0.447793,0.105635,0.150276,-2.075183,-2.095181,0.282560,-0.021051,-0.000149,-0.011667,-0.001285,0.048925,-0.001091
6690.384000,-0.447968,0.105633,0.150209,-2.074962,-2.094867,0.283071,-0.021520,-0.000151,-0.011314,-0.001329,0.051480,-0.001118
6690.392000,-0.448147,0.105616,0.150116,-2.074711,-2.094644,0.283486,-0.021384,-0.000151,-0.012005,-0.001309,0.049937,-0.001118
6690.400000,-0.448314,0.105614,0.149994,-2.074471,-2.094537,0.283803,-0.021339,-0.000152,-0.012042,-0.001295,0.048494,-0.001099
6690.408000,-0.448487,0.105637,0.149945,-2.074242,-2.094198,0.284360,-0.020609,-0.000143,-0.012826,-0.001238,0.046227,-0.001090
6690.416000,-0.448649,0.105629,0.149821,-2.074119,-2.093969,0.284610,-0.022136,-0.000155,-0.011069,-0.001376,0.053685,-0.001145
6690.424000,-0.448818,0.105628,0.149729,-2.073895,-2.093750,0.285005,-0.020953,-0.000145,-0.012440,-0.001272,0.048149,-0.001107
6690.432000,-0.448992,0.105628,0.149649,-2.073643,-2.093496,0.285410,-0.021583,-0.000152,-0.011809,-0.001316,0.049802,-0.001113
6690.440000,-0.449155,0.105641,0.149533,-2.073494,-2.093285,0.285767,-0.020114,-0.000141,-0.014296,-0.001157,0.039953,-0.001047
6690.448000,-0.449329,0.105624,0.149443,-2.073247,-2.093094,0.286169,-0.022068,-0.000155,-0.010890,-0.001365,0.052621,-0.001126
6690.456000,-0.449496,0.105632,0.149336,-2.073086,-2.092870,0.286553,-0.020782,-0.000142,-0.012423,-0.001260,0.047698,-0.001102
6690.464000,-0.449670,0.105630,0.149259,-2.072828,-2.092617,0.287007,-0.021341,-0.000147,-0.012134,-0.001297,0.049083,-0.001114
6690.472000,-0.449848,0.105601,0.149161,-2.072574,-2.092420,0.287453,-0.020119,-0.000138,-0.013359,-0.001197,0.043763,-0.001074
6690.480000,-0.450002,0.105619,0.149056,-2.072388,-2.092205,0.287729,-0.021004,-0.000143,-0.011947,-0.001287,0.049419,-0.001113
6690.488000,-0.450168,0.105629,0.148954,-2.072259,-2.091908,0.288116,-0.019929,-0.000135,-0.013562,-0.001177,0.042882,-0.001068
6690.496000,-0.450339,0.105623,0.148869,-2.072012,-2.091688,0.288511,-0.021086,-0.000143,-0.011229,-0.001305,0.050723,-0.001111
6690.504000,-0.450516,0.105596,0.148766,-2.071739,-2.091515,0.288903,-0.020503,-0.000140,-0.012906,-0.001231,0.045474,-0.001087
6690.512000,-0.450666,0.105612,0.148647,-2.071624,-2.091350,0.289248,-0.021057,-0.000145,-0.010974,-0.001294,0.049366,-0.001084
6690.520000,-0.450833,0.105616,0.148557,-2.071402,-2.091066,0.289592,-0.020397,-0.000138,-0.011889,-0.001244,0.047358,-0.001083
6690.528000,-0.451001,0.105609,0.148463,-2.071158,-2.090852,0.290000,-0.021176,-0.000144,-0.010982,-0.001316,0.051284,-0.001113
6690.536000,-0.451171,0.105623,0.148380,-2.070978,-2.090556,0.290442,-0.020857,-0.000141,-0.011230,-0.001284,0.049462,-0.001095
6690.544000,-0.451332,0.105621,0.148267,-2.070810,-2.090372,0.290779,-0.020145,-0.000133,-0.012245,-0.001229,0.047200,-0.001093
6690.552000,-0.451498,0.105606,0.148148,-2.070616,-2.090202,0.291073,-0.021129,-0.000143,-0.010816,-0.001315,0.051356,-0.001111
6690.560000,-0.451658,0.105593,0.148062,-2.070337,-2.090006,0.291517,-0.021336,-0.000141,-0.010921,-0.001346,0.053790,-0.001150
6690.568000,-0.451828,0.105591,0.147979,-2.070141,-2.089744,0.291953,-0.021527,-0.000145,-0.010958,-0.001345,0.052649,-0.001135
6690.576000,-0.451988,0.105618,0.147884,-2.069964,-2.089470,0.292312,-0.020844,-0.000137,-0.011361,-0.001295,0.050896,-0.001122
6690.584000,-0.452161,0.105600,0.147783,-2.069750,-2.089262,0.292704,-0.020365,-0.000134,-0.013149,-0.001225,0.045729,-0.001102
6690.592000,-0.452322,0.105612,0.147684,-2.069516,-2.089024,0.293064,-0.021261,-0.000140,-0.011002,-0.001328,0.052391,-0.001134
6690.600000,-0.452488,0.105611,0.147560,-2.069402,-2.088812,0.293495,-0.021405,-0.000140,-0.010207,-0.001359,0.054984,-0.001148
6690.608000,-0.452657,0.105573,0.147473,-2.069120,-2.088654,0.293867,-0.019683,-0.000129,-0.013152,-0.001185,0.044281,-0.001082
6690.616000,-0.452814,0.105595,0.147388,-2.068984,-2.088321,0.294258,-0.021265,-0.000138,-0.010111,-0.001359,0.055401,-0.001152
6690.624000,-0.452983,0.105606,0.147302,-2.068680,-2.088091,0.294685,-0.021270,-0.000137,-0.009351,-0.001372,0.056705,-0.001147
6690.632000,-0.453154,0.105610,0.147235,-2.068472,-2.087763,0.295166,-0.021513,-0.000144,-0.009872,-0.001350,0.053105,-0.001112
6690.640000,-0.453316,0.105605,0.147131,-2.068231,-2.087625,0.295472,-0.019941,-0.000126,-0.011300,-0.001247,0.049784,-0.001106
6690.648000,-0.453491,0.105595,0.147081,-2.067983,-2.087317,0.296043,-0.021840,-0.000140,-0.008246,-0.001435,0.060640,-0.001173
6690.656000,-0.453648,0.105596,0.146968,-2.067770,-2.087128,0.296349,-0.020819,-0.000132,-0.009995,-0.001332,0.054539,-0.001137
6690.664000,-0.453822,0.105601,0.146907,-2.067489,-2.086800,0.296884,-0.021397,-0.000136,-0.009132,-0.001391,0.058200,-0.001165
6690.672000,-0.453995,0.105571,0.146818,-2.067261,-2.086606,0.297306,-0.019621,-0.000126,-0.011865,-0.001204,0.046103,-0.001072
6690.680000,-0.454144,0.105591,0.146748,-2.067097,-2.086302,0.297732,-0.021174,-0.000135,-0.008432,-0.001381,0.057769,-0.001138
6690.688000,-0.454306,0.105607,0.146654,-2.066897,-2.086055,0.298092,-0.020269,-0.000128,-0.011312,-0.001261,0.049798,-0.001110
6690.696000,-0.454478,0.105599,0.146585,-2.066599,-2.085817,0.298605,-0.020953,-0.000132,-0.010295,-0.001333,0.054141,-0.001144
6690.704000,-0.454656,0.105588,0.146512,-2.066358,-2.085528,0.299067,-0.020283,-0.000127,-0.010724,-0.001279,0.051342,-0.001115
6690.712000,-0.454819,0.105587,0.146403,-2.066173,-2.085323,0.299413,-0.020897,-0.000138,-0.010756,-0.001286,0.048815,-0.001081
6690.720000,-0.454967,0.105587,0.146317,-2.065942,-2.085146,0.299742,-0.020096,-0.000127,-0.011343,-0.001244,0.048427,-0.001093
6690.728000,-0.455138,0.105596,0.146252,-2.065729,-2.084817,0.300243,-0.020378,-0.000130,-0.011032,-0.001261,0.048931,-0.001091
6690.736000,-0.455305,0.105583,0.146151,-2.065503,-2.084624,0.300642,-0.019926,-0.000123,-0.011524,-0.001243,0.049276,-0.001111
6690.744000,-0.455467,0.105584,0.146062,-2.065277,-2.084371,0.301021,-0.020753,-0.000125,-0.009120,-0.001364,0.058162,-0.001168
6690.752000,-0.455627,0.105576,0.145969,-2.065048,-2.084202,0.301392,-0.019676,-0.000123,-0.012226,-0.001201,0.045748,-0.001082
6690.760000,-0.455784,0.105591,0.145884,-2.064900,-2.083888,0.301821,-0.020631,-0.000127,-0.009617,-0.001324,0.054428,-0.001130
6690.768000,-0.455960,0.105591,0.145808,-2.064631,-2.083619,0.302271,-0.020931,-0.000129,-0.008970,-0.001359,0.056667,-0.001144
6690.776000,-0.456118,0.105585,0.145732,-2.064368,-2.083383,0.302687,-0.021028,-0.000127,-0.009013,-0.001379,0.058560,-0.001173
6690.784000,-0.456279,0.105594,0.145663,-2.064148,-2.083097,0.303149,-0.019481,-0.000117,-0.011069,-0.001225,0.049310,-0.001100
6690.792000,-0.456440,0.105588,0.145581,-2.063936,-2.082866,0.303546,-0.020195,-0.000119,-0.010285,-0.001302,0.054381,-0.001151
6690.800000,-0.456597,0.105591,0.145494,-2.063678,-2.082641,0.303979,-0.020653,-0.000123,-0.009147,-0.001351,0.057410,-0.001162
6690.808000,-0.456766,0.105576,0.145437,-2.063435,-2.082346,0.304430,-0.020389,-0.000119,-0.009003,-0.001347,0.057999,-0.001166
6690.816000,-0.456927,0.105581,0.145313,-2.063198,-2.082160,0.304765,-0.020394,-0.000120,-0.009192,-0.001336,0.056811,-0.001155
6690.824000,-0.457092,0.105581,0.145258,-2.062980,-2.081818,0.305247,-0.020351,-0.000121,-0.009116,-0.001326,0.055689,-0.001136
6690.832000,-0.457258,0.105567,0.145172,-2.062755,-2.081607,0.305684,-0.020679,-0.000123,-0.008714,-0.001360,0.057784,-0.001156
6690.840000,-0.457425,0.105566,0.145136,-2.062401,-2.081306,0.306247,-0.019980,-0.000118,-0.009388,-0.001299,0.054448,-0.001127
6690.848000,-0.457576,0.105570,0.145022,-2.062236,-2.081126,0.306566,-0.020743,-0.000120,-0.008714,-0.001377,0.059557,-0.001183
6690.856000,-0.457741,0.105569,0.144979,-2.061961,-2.080780,0.307115,-0.020812,-0.000121,-0.008613,-0.001382,0.059686,-0.001182
6690.864000,-0.457904,0.105573,0.144885,-2.061743,-2.080520,0.307554,-0.020636,-0.000118,-0.008206,-0.001382,0.060511,-0.001182
6690.872000,-0.458064,0.105577,0.144824,-2.061479,-2.080236,0.308026,-0.019011,-0.000107,-0.011157,-0.001210,0.049876,-0.001115
6690.880000,-0.458228,0.105567,0.144736,-2.061243,-2.079972,0.308433,-0.020300,-0.000120,-0.009185,-0.001315,0.054615,-0.001126
6690.888000,-0.458385,0.105564,0.144660,-2.061000,-2.079751,0.308775,-0.019725,-0.000114,-0.010042,-0.001271,0.052689,-0.001124
6690.896000,-0.458546,0.105548,0.144594,-2.060742,-2.079562,0.309257,-0.020726,-0.000122,-0.008524,-0.001366,0.057841,-0.001155
6690.904000,-0.458707,0.105560,0.144522,-2.060445,-2.079260,0.309719,-0.019642,-0.000112,-0.010263,-0.001266,0.052593,-0.001130
6690.912000,-0.458871,0.105568,0.144454,-2.060240,-2.078943,0.310219,-0.020581,-0.000119,-0.009174,-0.001347,0.057002,-0.001163
6690.920000,-0.459040,0.105562,0.144393,-2.059993,-2.078625,0.310725,-0.020271,-0.000115,-0.008447,-0.001346,0.058076,-0.001156
6690.928000,-0.459198,0.105545,0.144301,-2.059701,-2.078459,0.311103,-0.020316,-0.000116,-0.008980,-0.001344,0.057592,-0.001167
6690.936000,-0.459357,0.105567,0.144250,-2.059483,-2.078068,0.311606,-0.019137,-0.000105,-0.010057,-0.001245,0.052809,-0.001128
6690.944000,-0.459510,0.105576,0.144181,-2.059287,-2.077783,0.312044,-0.020615,-0.000114,-0.007297,-0.001402,0.062721,-0.001191
6690.952000,-0.459674,0.105567,0.144126,-2.059009,-2.077502,0.312497,-0.019782,-0.000110,-0.009175,-0.001301,0.055632,-0.001144
6690.960000,-0.459825,0.105569,0.144035,-2.058826,-2.077308,0.312864,-0.020512,-0.000116,-0.007784,-0.001372,0.059701,-0.001163
6690.968000,-0.459992,0.105565,0.143981,-2.058572,-2.076977,0.313343,-0.020453,-0.000116,-0.008056,-0.001360,0.058556,-0.001155
6690.976000,-0.460157,0.105557,0.143900,-2.058276,-2.076763,0.313802,-0.020738,-0.000115,-0.006784,-0.001420,0.063622,-0.001191
6690.984000,-0.460320,0.105554,0.143863,-2.058020,-2.076445,0.314352,-0.019901,-0.000112,-0.008808,-0.001306,0.055349,-0.001131
6690.992000,-0.460477,0.105560,0.143778,-2.057761,-2.076211,0.314746,-0.020348,-0.000113,-0.007864,-0.001364,0.059538,-0.001165
6691.000000,-0.460649,0.105538,0.143717,-2.057442,-2.075942,0.315250,-0.019990,-0.000109,-0.007639,-0.001356,0.060070,-0.001165
6691.008000,-0.460804,0.105545,0.143685,-2.057119,-2.075685,0.315796,-0.020473,-0.000112,-0.007850,-0.001381,0.060679,-0.001182
6691.016000,-0.460963,0.105561,0.143600,-2.056972,-2.075345,0.316223,-0.019875,-0.000105,-0.008658,-0.001334,0.058944,-0.001181
6691.024000,-0.461131,0.105545,0.143537,-2.056649,-2.075067,0.316711,-0.020257,-0.000111,-0.008544,-0.001350,0.058464,-0.001172
6691.032000,-0.461290,0.105556,0.143478,-2.056423,-2.074746,0.317181,-0.020016,-0.000108,-0.008596,-0.001332,0.057779,-0.001163
6691.040000,-0.461448,0.105561,0.143434,-2.056153,-2.074475,0.317746,-0.020455,-0.000107,-0.008191,-0.001387,0.061997,-0.001215
6691.048000,-0.461614,0.105554,0.143364,-2.055832,-2.074163,0.318192,-0.019591,-0.000103,-0.009032,-0.001306,0.057051,-0.001166
6691.056000,-0.461779,0.105552,0.143305,-2.055573,-2.073887,0.318677,-0.019859,-0.000106,-0.008354,-0.001326,0.057664,-0.001155
6691.064000,-0.461941,0.105539,0.143233,-2.055290,-2.073663,0.319141,-0.020179,-0.000105,-0.007952,-0.001375,0.061561,-0.001202
6691.072000,-0.462104,0.105549,0.143178,-2.055070,-2.073273,0.319675,-0.019542,-0.000101,-0.008210,-0.001322,0.058824,-0.001168
6691.080000,-0.462251,0.105556,0.143082,-2.054862,-2.073063,0.319986,-0.019220,-0.000100,-0.009652,-0.001261,0.053887,-0.001140
6691.088000,-0.462399,0.105566,0.143017,-2.054615,-2.072772,0.320440,-0.019632,-0.000099,-0.008237,-0.001329,0.059519,-0.001181
6691.096000,-0.462575,0.105547,0.142955,-2.054318,-2.072510,0.320981,-0.019904,-0.000105,-0.008199,-0.001331,0.057990,-0.001158
6691.104000,-0.462728,0.105554,0.142892,-2.054060,-2.072200,0.321424,-0.019364,-0.000101,-0.007974,-0.001299,0.056946,-0.001135
6691.112000,-0.462897,0.105520,0.142818,-2.053761,-2.072004,0.321874,-0.019704,-0.000103,-0.007941,-0.001335,0.058891,-0.001164
6691.120000,-0.463052,0.105518,0.142761,-2.053515,-2.071717,0.322360,-0.020050,-0.000104,-0.007202,-0.001375,0.061561,-0.001182
6691.128000,-0.463220,0.105534,0.142715,-2.053230,-2.071358,0.322881,-0.020301,-0.000103,-0.006333,-0.001417,0.065118,-0.001209
6691.136000,-0.463372,0.105539,0.142673,-2.052886,-2.071092,0.323386,-0.018838,-0.000092,-0.008778,-0.001274,0.056974,-0.001161
6691.144000,-0.463514,0.105541,0.142572,-2.052717,-2.070873,0.323681,-0.019963,-0.000101,-0.006360,-0.001387,0.063411,-0.001184
6691.152000,-0.463674,0.105531,0.142528,-2.052477,-2.070551,0.324247,-0.019307,-0.000098,-0.007817,-0.001310,0.058187,-0.001151
6691.160000,-0.463828,0.105538,0.142462,-2.052181,-2.070275,0.324683,-0.020124,-0.000103,-0.005714,-0.001400,0.063838,-0.001172
6691.168000,-0.463988,0.105536,0.142407,-2.051927,-2.070005,0.325156,-0.019408,-0.000098,-0.006830,-0.001331,0.059865,-0.001146
6691.176000,-0.464146,0.105536,0.142340,-2.051675,-2.069729,0.325590,-0.019844,-0.000100,-0.006683,-0.001369,0.061949,-0.001174
6691.184000,-0.464299,0.105549,0.142299,-2.051440,-2.069362,0.326167,-0.019382,-0.000093,-0.007458,-0.001338,0.061384,-0.001190
6691.192000,-0.464458,0.105533,0.142227,-2.051133,-2.069129,0.326616,-0.019641,-0.000098,-0.007288,-0.001342,0.060104,-0.001166
6691.200000,-0.464625,0.105527,0.142235,-2.050734,-2.068829,0.327184,-0.019091,-0.000095,-0.007205,-0.001307,0.058599,-0.001141
6691.208000,-0.464775,0.105541,0.142146,-2.050578,-2.068488,0.327659,-0.020084,-0.000098,-0.005715,-0.001413,0.065731,-0.001203
6691.216000,-0.464935,0.105533,0.142082,-2.050335,-2.068208,0.328160,-0.019321,-0.000094,-0.007151,-0.001329,0.060176,-0.001164
6691.224000,-0.465096,0.105535,0.142052,-2.050015,-2.067855,0.328672,-0.020476,-0.000100,-0.005515,-0.001445,0.067318,-0.001223
6691.232000,-0.465256,0.105528,0.141987,-2.049730,-2.067577,0.329180,-0.019310,-0.000092,-0.007745,-0.001324,0.059836,-0.001178
6691.240000,-0.465414,0.105513,0.141920,-2.049475,-2.067317,0.329574,-0.020436,-0.000100,-0.005653,-0.001443,0.066920,-0.001222
6691.248000,-0.465560,0.105541,0.141864,-2.049237,-2.066984,0.330040,-0.019487,-0.000092,-0.007144,-0.001347,0.061499,-0.001186
6691.256000,-0.465731,0.105504,0.141793,-2.048857,-2.066813,0.330565,-0.020109,-0.000095,-0.005797,-0.001429,0.066977,-0.001228
6691.264000,-0.465889,0.105521,0.141754,-2.048643,-2.066401,0.331082,-0.019758,-0.000091,-0.005710,-0.001411,0.066963,-0.001225
6691.272000,-0.466039,0.105542,0.141738,-2.048295,-2.066061,0.331661,-0.019782,-0.000090,-0.005111,-0.001418,0.067778,-0.001219
6691.280000,-0.466196,0.105527,0.141643,-2.048050,-2.065813,0.332056,-0.019247,-0.000090,-0.006331,-0.001349,0.062511,-0.001177
6691.288000,-0.466346,0.105518,0.141595,-2.047754,-2.065579,0.332548,-0.019885,-0.000093,-0.005255,-0.001417,0.066728,-0.001209
6691.296000,-0.466503,0.105528,0.141570,-2.047468,-2.065201,0.333133,-0.019727,-0.000091,-0.005456,-0.001403,0.066110,-0.001206
6691.304000,-0.466665,0.105519,0.141544,-2.047130,-2.064882,0.333635,-0.020130,-0.000095,-0.004442,-0.001445,0.068377,-0.001210
6691.312000,-0.466829,0.105508,0.141476,-2.046807,-2.064606,0.334127,-0.019270,-0.000089,-0.006540,-0.001352,0.062472,-0.001185
6691.320000,-0.466981,0.105531,0.141444,-2.046585,-2.064232,0.334709,-0.019902,-0.000090,-0.004487,-0.001437,0.068976,-0.001221
6691.328000,-0.467140,0.105515,0.141390,-2.046282,-2.063954,0.335195,-0.019719,-0.000089,-0.005197,-0.001415,0.067251,-0.001217
6691.336000,-0.467300,0.105490,0.141358,-2.045956,-2.063689,0.335758,-0.019222,-0.000085,-0.004917,-0.001394,0.066940,-0.001203
6691.344000,-0.467446,0.105535,0.141307,-2.045722,-2.063307,0.336224,-0.019529,-0.000088,-0.005384,-0.001385,0.065113,-0.001191
6691.352000,-0.467602,0.105525,0.141273,-2.045413,-2.062970,0.336744,-0.019342,-0.000085,-0.004845,-0.001396,0.067021,-0.001203
6691.360000,-0.467769,0.105500,0.141231,-2.045074,-2.062717,0.337304,-0.019857,-0.000090,-0.005902,-0.001405,0.065324,-0.001213
6691.368000,-0.467931,0.105501,0.141217,-2.044755,-2.062319,0.337876,-0.020339,-0.000093,-0.003911,-0.001477,0.070539,-0.001230
6691.376000,-0.468074,0.105528,0.141154,-2.044535,-2.062006,0.338307,-0.018502,-0.000081,-0.006989,-0.001286,0.059175,-0.001152
6691.384000,-0.468223,0.105528,0.141103,-2.044256,-2.061707,0.338797,-0.019158,-0.000084,-0.005889,-0.001355,0.063570,-0.001186
6691.392000,-0.468381,0.105517,0.141060,-2.043945,-2.061446,0.339264,-0.019067,-0.000086,-0.006301,-0.001330,0.060915,-0.001159
6691.400000,-0.468536,0.105508,0.141029,-2.043653,-2.061117,0.339845,-0.018763,-0.000081,-0.006385,-0.001324,0.061801,-0.001175
6691.408000,-0.468699,0.105508,0.140984,-2.043340,-2.060782,0.340393,-0.019864,-0.000086,-0.004438,-0.001444,0.069504,-0.001233
6691.416000,-0.468852,0.105509,0.140940,-2.043016,-2.060479,0.340875,-0.019209,-0.000083,-0.005726,-0.001368,0.064457,-0.001196
6691.424000,-0.469007,0.105541,0.140921,-2.042795,-2.060069,0.341415,-0.019657,-0.000085,-0.004844,-0.001403,0.066336,-0.001198
6691.432000,-0.469153,0.105512,0.140838,-2.042553,-2.059857,0.341828,-0.018698,-0.000078,-0.006810,-0.001319,0.061816,-0.001190
6691.440000,-0.469304,0.105536,0.140799,-2.042268,-2.059494,0.342313,-0.019812,-0.000084,-0.004306,-0.001435,0.069120,-0.001225
6691.448000,-0.469466,0.105523,0.140776,-2.041940,-2.059149,0.342917,-0.019144,-0.000080,-0.005666,-0.001364,0.064471,-0.001196
6691.456000,-0.469620,0.105495,0.140728,-2.041611,-2.058948,0.343379,-0.019696,-0.000084,-0.003704,-0.001447,0.070160,-0.001223
6691.464000,-0.469778,0.105494,0.140699,-2.041205,-2.058667,0.343937,-0.018300,-0.000075,-0.006038,-0.001306,0.061735,-0.001166
6691.472000,-0.469922,0.105506,0.140646,-2.041071,-2.058310,0.344449,-0.019740,-0.000080,-0.003320,-0.001468,0.072624,-0.001249
6691.480000,-0.470069,0.105504,0.140613,-2.040728,-2.057979,0.344931,-0.018515,-0.000072,-0.006116,-0.001336,0.064385,-0.001210
6691.488000,-0.470228,0.105480,0.140570,-2.040398,-2.057732,0.345453,-0.019386,-0.000081,-0.004841,-0.001406,0.067189,-0.001215
6691.496000,-0.470382,0.105491,0.140521,-2.040068,-2.057449,0.345925,-0.018708,-0.000078,-0.006006,-0.001329,0.062262,-0.001176
6691.504000,-0.470532,0.105500,0.140483,-2.039822,-2.057093,0.346476,-0.019746,-0.000079,-0.003401,-0.001465,0.072106,-0.001246
6691.512000,-0.470686,0.105515,0.140458,-2.039565,-2.056723,0.347018,-0.018770,-0.000073,-0.005520,-0.001357,0.065559,-0.001212
6691.520000,-0.470837,0.105521,0.140424,-2.039273,-2.056312,0.347492,-0.019581,-0.000076,-0.003259,-0.001457,0.072332,-0.001246
6691.528000,-0.471000,0.105511,0.140412,-2.038876,-2.056003,0.348142,-0.018849,-0.000072,-0.003880,-0.001398,0.069274,-0.001218
6691.536000,-0.471156,0.105487,0.140378,-2.038546,-2.055705,0.348712,-0.019342,-0.000076,-0.003256,-0.001446,0.071623,-0.001236
6691.544000,-0.471295,0.105507,0.140317,-2.038312,-2.055410,0.349180,-0.018665,-0.000074,-0.005654,-0.001331,0.062870,-0.001177
6691.552000,-0.471454,0.105497,0.140305,-2.038027,-2.055024,0.349725,-0.019485,-0.000079,-0.003170,-0.001434,0.069542,-0.001202
6691.560000,-0.471616,0.105475,0.140282,-2.037611,-2.054755,0.350282,-0.019355,-0.000077,-0.004046,-0.001422,0.068818,-0.001219
6691.568000,-0.471771,0.105479,0.140239,-2.037372,-2.054401,0.350810,-0.019400,-0.000076,-0.002851,-0.001450,0.071493,-0.001223
6691.576000,-0.471928,0.105478,0.140214,-2.037001,-2.054111,0.351370,-0.018977,-0.000072,-0.004196,-0.001406,0.069101,-0.001229
6691.584000,-0.472073,0.105502,0.140191,-2.036739,-2.053673,0.351908,-0.019361,-0.000072,-0.003559,-0.001445,0.071809,-0.001251
6691.592000,-0.472228,0.105483,0.140178,-2.036353,-2.053393,0.352490,-0.019347,-0.000072,-0.002905,-0.001461,0.073171,-0.001252
6691.600000,-0.472385,0.105513,0.140144,-2.036063,-2.052949,0.353044,-0.019049,-0.000071,-0.003445,-0.001417,0.070233,-0.001224
6691.608000,-0.472540,0.105506,0.140120,-2.035727,-2.052646,0.353600,-0.019121,-0.000070,-0.003836,-0.001418,0.070031,-0.001234
6691.616000,-0.472691,0.105499,0.140090,-2.035434,-2.052334,0.354114,-0.019008,-0.000069,-0.004113,-0.001408,0.069423,-0.001234
6691.624000,-0.472856,0.105508,0.140062,-2.035161,-2.051949,0.354708,-0.019205,-0.000069,-0.003741,-0.001428,0.070755,-0.001243
6691.632000,-0.472995,0.105495,0.140015,-2.034867,-2.051714,0.355175,-0.019158,-0.000069,-0.003342,-0.001435,0.071556,-0.001243
6691.640000,-0.473146,0.105496,0.139972,-2.034571,-2.051392,0.355671,-0.018680,-0.000070,-0.004318,-0.001362,0.065684,-0.001184
6691.648000,-0.473302,0.105506,0.139966,-2.034257,-2.051010,0.356245,-0.019100,-0.000069,-0.003084,-0.001429,0.071220,-0.001231
6691.656000,-0.473461,0.105488,0.139940,-2.033884,-2.050743,0.356803,-0.018936,-0.000070,-0.002857,-0.001417,0.070137,-0.001208
6691.664000,-0.473615,0.105473,0.139929,-2.033558,-2.050359,0.357357,-0.017531,-0.000062,-0.005237,-0.001278,0.061658,-0.001150
6691.672000,-0.473758,0.105502,0.139887,-2.033305,-2.049983,0.357839,-0.018904,-0.000066,-0.002895,-0.001424,0.071350,-0.001228
6691.680000,-0.473914,0.105486,0.139875,-2.032872,-2.049741,0.358471,-0.018735,-0.000061,-0.003346,-0.001428,0.072826,-0.001265
6691.688000,-0.474064,0.105498,0.139841,-2.032609,-2.049331,0.359014,-0.019096,-0.000065,-0.002370,-0.001454,0.073770,-0.001250
6691.696000,-0.474213,0.105499,0.139801,-2.032318,-2.048990,0.359523,-0.018261,-0.000059,-0.003599,-0.001380,0.069878,-0.001228
6691.704000,-0.474372,0.105491,0.139801,-2.031978,-2.048609,0.360154,-0.018949,-0.000063,-0.002706,-0.001444,0.073348,-0.001255
6691.712000,-0.474523,0.105485,0.139797,-2.031590,-2.048248,0.360776,-0.018826,-0.000059,-0.001973,-0.001468,0.076498,-0.001281
6691.720000,-0.474673,0.105485,0.139753,-2.031288,-2.047926,0.361295,-0.019091,-0.000065,-0.002493,-0.001450,0.073051,-0.001245
6691.728000,-0.474830,0.105483,0.139760,-2.030920,-2.047515,0.361965,-0.017979,-0.000056,-0.003695,-0.001366,0.069452,-0.001226
6691.736000,-0.474956,0.105497,0.139707,-2.030655,-2.047243,0.362330,-0.019380,-0.000062,-0.001489,-0.001504,0.077839,-0.001289
6691.744000,-0.475100,0.105491,0.139672,-2.030387,-2.046907,0.362846,-0.018174,-0.000056,-0.003719,-0.001380,0.070152,-0.001239
6691.752000,-0.475261,0.105470,0.139657,-2.030018,-2.046602,0.363479,-0.019108,-0.000062,-0.002255,-0.001469,0.074872,-0.001268
6691.760000,-0.475402,0.105499,0.139619,-2.029764,-2.046251,0.363935,-0.018490,-0.000058,-0.002591,-0.001412,0.072002,-0.001234
6691.768000,-0.475554,0.105492,0.139586,-2.029441,-2.045890,0.364433,-0.019514,-0.000063,-0.000901,-0.001519,0.078530,-0.001284
6691.776000,-0.475703,0.105492,0.139571,-2.029129,-2.045554,0.365071,-0.018205,-0.000057,-0.003083,-0.001379,0.069687,-0.001214
6691.784000,-0.475845,0.105503,0.139546,-2.028796,-2.045251,0.365575,-0.018789,-0.000057,-0.001821,-0.001452,0.075045,-0.001259
6691.792000,-0.475998,0.105497,0.139534,-2.028486,-2.044846,0.366184,-0.018696,-0.000057,-0.001855,-0.001443,0.074331,-0.001249
6691.800000,-0.476152,0.105503,0.139528,-2.028124,-2.044483,0.366751,-0.019339,-0.000058,-0.000702,-0.001519,0.079666,-0.001297
6691.808000,-0.476305,0.105500,0.139482,-2.027790,-2.044164,0.367228,-0.018624,-0.000055,-0.001722,-0.001449,0.075357,-0.001262
6691.816000,-0.476456,0.105459,0.139468,-2.027453,-2.043880,0.367904,-0.019451,-0.000060,-0.000808,-0.001526,0.079071,-0.001293
6691.824000,-0.476609,0.105497,0.139483,-2.027078,-2.043393,0.368497,-0.019153,-0.000057,-0.001146,-0.001494,0.077571,-0.001280
6691.832000,-0.476759,0.105495,0.139466,-2.026771,-2.043070,0.369039,-0.019181,-0.000059,-0.000888,-0.001489,0.076766,-0.001260
6691.840000,-0.476895,0.105519,0.139432,-2.026537,-2.042666,0.369538,-0.018553,-0.000056,-0.001987,-0.001414,0.071872,-0.001218
6691.848000,-0.477056,0.105486,0.139433,-2.026112,-2.042357,0.370122,-0.019455,-0.000057,-0.000072,-0.001540,0.080878,-0.001300
6691.856000,-0.477211,0.105476,0.139416,-2.025760,-2.042026,0.370772,-0.019055,-0.000056,-0.000231,-0.001508,0.079028,-0.001276
6691.864000,-0.477362,0.105475,0.139409,-2.025402,-2.041671,0.371355,-0.019115,-0.000057,-0.000100,-0.001510,0.078942,-0.001271
6691.872000,-0.477514,0.105462,0.139387,-2.025034,-2.041338,0.371859,-0.018309,-0.000054,-0.002287,-0.001412,0.071973,-0.001231
6691.880000,-0.477662,0.105486,0.139410,-2.024694,-2.040871,0.372586,-0.019234,-0.000053,-0.000045,-0.001535,0.081468,-0.001310
6691.888000,-0.477814,0.105466,0.139368,-2.024338,-2.040604,0.373048,-0.019134,-0.000054,-0.000435,-0.001519,0.079762,-0.001296
6691.896000,-0.477960,0.105478,0.139393,-2.024008,-2.040173,0.373748,-0.019003,-0.000055,0.000097,-0.001505,0.078865,-0.001266
6691.904000,-0.478111,0.105474,0.139362,-2.023694,-2.039830,0.374253,-0.018416,-0.000052,-0.001248,-0.001441,0.074743,-0.001243
6691.912000,-0.478258,0.105483,0.139361,-2.023343,-2.039442,0.374890,-0.018956,-0.000050,-0.000013,-0.001515,0.080529,-0.001296
6691.920000,-0.478420,0.105462,0.139376,-2.022926,-2.039068,0.375516,-0.018505,-0.000049,-0.000501,-0.001479,0.078266,-0.001276
6691.928000,-0.478554,0.105486,0.139355,-2.022700,-2.038619,0.376027,-0.018475,-0.000047,-0.000034,-0.001485,0.079388,-0.001279
6691.936000,-0.478706,0.105477,0.139350,-2.022286,-2.038342,0.376641,-0.018599,-0.000050,-0.001066,-0.001462,0.076220,-0.001263
6691.944000,-0.478853,0.105496,0.139325,-2.021943,-2.037919,0.377211,-0.018437,-0.000046,-0.000811,-0.001463,0.077495,-0.001275
6691.952000,-0.479010,0.105473,0.139327,-2.021590,-2.037546,0.377835,-0.018863,-0.000051,-0.000514,-0.001491,0.077964,-0.001274
6691.960000,-0.479159,0.105460,0.139325,-2.021218,-2.037230,0.378422,-0.018895,-0.000051,0.000106,-0.001507,0.079124,-0.001274
6691.968000,-0.479308,0.105473,0.139328,-2.020849,-2.036807,0.379016,-0.017958,-0.000048,-0.001460,-0.001401,0.072237,-0.001214
6691.976000,-0.479455,0.105487,0.139350,-2.020490,-2.036416,0.379671,-0.018482,-0.000047,-0.000424,-0.001467,0.077375,-0.001263
6691.984000,-0.479603,0.105456,0.139334,-2.020114,-2.036150,0.380257,-0.018494,-0.000048,-0.000372,-0.001473,0.077365,-0.001262
6691.992000,-0.479750,0.105487,0.139340,-2.019768,-2.035672,0.380843,-0.017902,-0.000042,-0.001237,-0.001421,0.075271,-0.001256
6692.000000,-0.479898,0.105475,0.139317,-2.019440,-2.035323,0.381410,-0.018818,-0.000046,-0.000109,-0.001508,0.080102,-0.001298
6692.008000,-0.480046,0.105475,0.139320,-2.019113,-2.034926,0.382008,-0.018168,-0.000043,-0.000809,-0.001450,0.076800,-0.001268
6692.016000,-0.480195,0.105499,0.139338,-2.018701,-2.034488,0.382648,-0.018620,-0.000045,-0.000088,-0.001482,0.078338,-0.001271
6692.024000,-0.480343,0.105482,0.139328,-2.018411,-2.034100,0.383215,-0.018058,-0.000045,-0.001339,-0.001412,0.073071,-0.001227
6692.032000,-0.480493,0.105481,0.139341,-2.017974,-2.033767,0.383842,-0.018876,-0.000048,0.001084,-0.001516,0.080169,-0.001264
6692.040000,-0.480635,0.105476,0.139307,-2.017674,-2.033463,0.384297,-0.017905,-0.000046,-0.001211,-0.001395,0.071647,-0.001202
6692.048000,-0.480779,0.105484,0.139313,-2.017332,-2.033095,0.384945,-0.018128,-0.000046,-0.000340,-0.001427,0.074183,-0.001215
6692.056000,-0.480923,0.105466,0.139307,-2.016979,-2.032795,0.385488,-0.017095,-0.000039,-0.002060,-0.001337,0.069299,-0.001191
6692.064000,-0.481066,0.105457,0.139319,-2.016581,-2.032411,0.386067,-0.018649,-0.000043,0.001276,-0.001524,0.081876,-0.001286
6692.072000,-0.481206,0.105479,0.139319,-2.016267,-2.031984,0.386673,-0.017678,-0.000037,-0.000777,-0.001419,0.075707,-0.001253
6692.080000,-0.481356,0.105472,0.139323,-2.015931,-2.031607,0.387285,-0.018274,-0.000041,0.000402,-0.001474,0.078525,-0.001262
6692.088000,-0.481499,0.105473,0.139317,-2.015608,-2.031235,0.387831,-0.017511,-0.000039,-0.001592,-0.001378,0.071825,-0.001219
6692.096000,-0.481653,0.105455,0.139336,-2.015140,-2.030916,0.388465,-0.018788,-0.000043,0.001182,-0.001533,0.082039,-0.001294
6692.104000,-0.481794,0.105472,0.139331,-2.014865,-2.030450,0.389069,-0.017639,-0.000037,-0.000672,-0.001416,0.075285,-0.001245
6692.112000,-0.481949,0.105490,0.139366,-2.014394,-2.030025,0.389738,-0.018427,-0.000038,0.000525,-0.001496,0.080558,-0.001292
6692.120000,-0.482098,0.105471,0.139361,-2.014041,-2.029680,0.390342,-0.018140,-0.000037,0.000831,-0.001484,0.080093,-0.001275
6692.128000,-0.482243,0.105471,0.139365,-2.013713,-2.029283,0.390936,-0.017982,-0.000036,0.001061,-0.001479,0.080285,-0.001271
6692.136000,-0.482382,0.105468,0.139383,-2.013357,-2.028896,0.391602,-0.017848,-0.000035,0.000339,-0.001455,0.078401,-0.001265
6692.144000,-0.482521,0.105478,0.139370,-2.013002,-2.028497,0.392099,-0.018361,-0.000033,0.000936,-0.001521,0.083486,-0.001328
6692.152000,-0.482667,0.105474,0.139381,-2.012656,-2.028124,0.392765,-0.019241,-0.000039,0.003014,-0.001607,0.088092,-0.001337
6692.160000,-0.482817,0.105477,0.139390,-2.012332,-2.027669,0.393348,-0.018802,-0.000039,0.001666,-0.001538,0.082671,-0.001294
6692.168000,-0.482971,0.105468,0.139423,-2.011839,-2.027337,0.394054,-0.017801,-0.000033,0.000131,-0.001450,0.078042,-0.001268
6692.176000,-0.483114,0.105468,0.139425,-2.011521,-2.026922,0.394637,-0.018127,-0.000032,0.000871,-0.001496,0.081469,-0.001300
6692.184000,-0.483264,0.105454,0.139433,-2.011079,-2.026590,0.395198,-0.018683,-0.000034,0.001865,-0.001561,0.085499,-0.001333
6692.192000,-0.483411,0.105472,0.139465,-2.010704,-2.026118,0.395965,-0.017885,-0.000029,0.001110,-0.001490,0.082106,-0.001303
6692.200000,-0.483553,0.105469,0.139466,-2.010353,-2.025705,0.396509,-0.018169,-0.000034,0.001400,-0.001499,0.081301,-0.001282
6692.208000,-0.483687,0.105493,0.139468,-2.010014,-2.025292,0.397069,-0.018175,-0.000033,0.001373,-0.001492,0.080893,-0.001277
6692.216000,-0.483843,0.105461,0.139495,-2.009548,-2.024963,0.397785,-0.018362,-0.000033,0.001401,-0.001516,0.082120,-0.001296
6692.224000,-0.483991,0.105461,0.139484,-2.009239,-2.024586,0.398344,-0.017801,-0.000031,0.001271,-0.001474,0.080213,-0.001270
6692.232000,-0.484131,0.105491,0.139502,-2.008889,-2.024087,0.398985,-0.018309,-0.000034,0.001355,-0.001496,0.080553,-0.001274
6692.240000,-0.484282,0.105460,0.139510,-2.008472,-2.023775,0.399609,-0.018340,-0.000031,0.002344,-0.001539,0.084613,-0.001307
6692.248000,-0.484418,0.105468,0.139514,-2.008149,-2.023349,0.400172,-0.018394,-0.000033,0.002691,-0.001537,0.083999,-0.001287
6692.256000,-0.484566,0.105470,0.139550,-2.007739,-2.022909,0.400812,-0.016830,-0.000021,-0.000493,-0.001395,0.076685,-0.001270
6692.264000,-0.484706,0.105486,0.139551,-2.007412,-2.022493,0.401415,-0.018097,-0.000028,0.002440,-0.001522,0.084268,-0.001300
6692.272000,-0.484851,0.105480,0.139569,-2.007035,-2.022071,0.402066,-0.017407,-0.000024,0.001069,-0.001454,0.080213,-0.001278
6692.280000,-0.484996,0.105479,0.139583,-2.006635,-2.021728,0.402669,-0.018152,-0.000029,0.002872,-0.001527,0.084110,-0.001285
6692.288000,-0.485138,0.105466,0.139598,-2.006239,-2.021388,0.403282,-0.017522,-0.000024,0.001596,-0.001475,0.081574,-0.001285
6692.296000,-0.485286,0.105464,0.139618,-2.005872,-2.020985,0.403941,-0.018309,-0.000029,0.002716,-0.001541,0.084747,-0.001302
6692.304000,-0.485419,0.105472,0.139614,-2.005527,-2.020607,0.404450,-0.017699,-0.000028,0.001549,-0.001468,0.079830,-0.001260
6692.312000,-0.485560,0.105466,0.139630,-2.005172,-2.020206,0.405065,-0.018080,-0.000028,0.002183,-0.001513,0.082816,-0.001288
6692.320000,-0.485714,0.105464,0.139661,-2.004706,-2.019848,0.405742,-0.017158,-0.000021,0.001018,-0.001441,0.079667,-0.001274
6692.328000,-0.485854,0.105471,0.139666,-2.004369,-2.019414,0.406340,-0.018168,-0.000029,0.002335,-0.001510,0.081900,-0.001270
6692.336000,-0.485984,0.105477,0.139656,-2.004037,-2.019057,0.406861,-0.017338,-0.000021,0.001855,-0.001465,0.081344,-0.001276
6692.344000,-0.486131,0.105477,0.139699,-2.003628,-2.018578,0.407574,-0.018323,-0.000023,0.003384,-0.001568,0.087853,-0.001333
6692.352000,-0.486271,0.105466,0.139702,-2.003266,-2.018190,0.408167,-0.017761,-0.000021,0.002415,-0.001515,0.084627,-0.001312
6692.360000,-0.486415,0.105445,0.139723,-2.002803,-2.017870,0.408870,-0.018397,-0.000023,0.004216,-0.001600,0.090274,-0.001347
6692.368000,-0.486554,0.105475,0.139746,-2.002472,-2.017392,0.409473,-0.017480,-0.000020,0.001826,-0.001477,0.081967,-0.001289
6692.376000,-0.486703,0.105466,0.139766,-2.002088,-2.016924,0.410112,-0.018235,-0.000021,0.003961,-0.001580,0.089123,-0.001337
6692.384000,-0.486846,0.105469,0.139787,-2.001699,-2.016548,0.410748,-0.017525,-0.000020,0.002277,-0.001489,0.082821,-0.001289
6692.392000,-0.486989,0.105462,0.139827,-2.001238,-2.016166,0.411429,-0.017999,-0.000019,0.004696,-0.001578,0.089886,-0.001327
6692.400000,-0.487130,0.105443,0.139820,-2.000871,-2.015837,0.412037,-0.017503,-0.000021,0.002825,-0.001498,0.083209,-0.001279
6692.408000,-0.487265,0.105462,0.139846,-2.000548,-2.015388,0.412601,-0.018489,-0.000023,0.004587,-0.001595,0.089190,-0.001321
6692.416000,-0.487424,0.105463,0.139929,-2.000074,-2.014863,0.413374,-0.017836,-0.000020,0.003988,-0.001542,0.086564,-0.001297
6692.424000,-0.487557,0.105456,0.139946,-1.999700,-2.014498,0.413984,-0.018234,-0.000019,0.004607,-0.001594,0.090197,-0.001337
6692.432000,-0.487707,0.105446,0.139987,-1.999212,-2.014074,0.414663,-0.017708,-0.000019,0.003461,-0.001531,0.085658,-0.001301
6692.440000,-0.487846,0.105458,0.139997,-1.998901,-2.013667,0.415208,-0.018211,-0.000020,0.004633,-0.001587,0.089401,-0.001325
6692.448000,-0.487990,0.105485,0.140058,-1.998552,-2.013118,0.415970,-0.018154,-0.000017,0.004090,-0.001574,0.089028,-0.001337
6692.456000,-0.488126,0.105475,0.140058,-1.998141,-2.012747,0.416550,-0.017849,-0.000015,0.004332,-0.001562,0.088874,-0.001326
6692.464000,-0.488268,0.105444,0.140072,-1.997730,-2.012422,0.417196,-0.017527,-0.000017,0.003200,-0.001516,0.084862,-0.001298
6692.472000,-0.488403,0.105479,0.140108,-1.997394,-2.011942,0.417791,-0.017743,-0.000017,0.003581,-0.001523,0.085049,-0.001290
6692.480000,-0.488567,0.105441,0.140155,-1.996872,-2.011579,0.418570,-0.017675,-0.000018,0.003865,-0.001529,0.085222,-0.001284
6692.488000,-0.488698,0.105455,0.140191,-1.996503,-2.011157,0.419139,-0.017874,-0.000017,0.004140,-0.001550,0.086761,-0.001301
6692.496000,-0.488828,0.105472,0.140168,-1.996226,-2.010763,0.419660,-0.017236,-0.000013,0.003480,-0.001497,0.084618,-0.001287
6692.504000,-0.488968,0.105468,0.140224,-1.995767,-2.010297,0.420350,-0.018013,-0.000013,0.004759,-0.001586,0.090336,-0.001340
6692.512000,-0.489121,0.105469,0.140274,-1.995323,-2.009850,0.421026,-0.017519,-0.000014,0.004263,-0.001529,0.086291,-0.001290
6692.520000,-0.489265,0.105467,0.140327,-1.994871,-2.009435,0.421739,-0.017229,-0.000012,0.004153,-0.001512,0.085874,-0.001287
6692.528000,-0.489405,0.105472,0.140364,-1.994469,-2.008992,0.422419,-0.017590,-0.000012,0.004203,-0.001538,0.087139,-0.001307
6692.536000,-0.489550,0.105477,0.140406,-1.994011,-2.008561,0.423099,-0.017723,-0.000010,0.005584,-0.001583,0.091372,-0.001332
6692.544000,-0.489690,0.105463,0.140427,-1.993670,-2.008137,0.423672,-0.018140,-0.000014,0.005440,-0.001601,0.090839,-0.001330
6692.552000,-0.489832,0.105476,0.140473,-1.993307,-2.007628,0.424436,-0.017453,-0.000009,0.004646,-0.001546,0.088755,-0.001321
6692.560000,-0.489977,0.105472,0.140522,-1.992848,-2.007185,0.425102,-0.016827,-0.000007,0.003642,-0.001483,0.084786,-0.001288
6692.568000,-0.490114,0.105467,0.140550,-1.992401,-2.006808,0.425718,-0.017406,-0.000007,0.004474,-0.001548,0.088918,-0.001330
6692.576000,-0.490253,0.105457,0.140578,-1.992009,-2.006415,0.426325,-0.017336,-0.000007,0.004948,-0.001552,0.089292,-0.001321
6692.584000,-0.490398,0.105454,0.140659,-1.991548,-2.005924,0.427134,-0.016795,-0.000005,0.004194,-0.001499,0.086239,-0.001295
6692.592000,-0.490539,0.105452,0.140697,-1.991102,-2.005489,0.427857,-0.018063,-0.000008,0.006541,-0.001639,0.095096,-0.001366
6692.600000,-0.490672,0.105465,0.140736,-1.990744,-2.005029,0.428452,-0.016933,-0.000005,0.004195,-0.001506,0.086449,-0.001300
6692.608000,-0.490807,0.105463,0.140769,-1.990365,-2.004591,0.429138,-0.017436,-0.000005,0.004572,-0.001553,0.089109,-0.001333
6692.616000,-0.490952,0.105466,0.140812,-1.989908,-2.004121,0.429796,-0.016822,-0.000004,0.004545,-0.001506,0.086924,-0.001297
6692.624000,-0.491088,0.105465,0.140853,-1.989448,-2.003740,0.430454,-0.017987,-0.000006,0.006083,-0.001620,0.093490,-0.001357
6692.632000,-0.491238,0.105462,0.140923,-1.988964,-2.003243,0.431161,-0.017295,-0.000006,0.004837,-0.001542,0.088295,-0.001312
6692.640000,-0.491365,0.105458,0.140924,-1.988665,-2.002873,0.431775,-0.017416,-0.000005,0.005347,-0.001561,0.089694,-0.001319
6692.648000,-0.491517,0.105435,0.140987,-1.988148,-2.002453,0.432516,-0.016549,-0.000004,0.003266,-0.001465,0.083228,-0.001280
6692.656000,-0.491638,0.105473,0.141010,-1.987859,-2.001938,0.433065,-0.017472,-0.000003,0.005780,-0.001577,0.091242,-0.001332
6692.664000,-0.491769,0.105477,0.141054,-1.987478,-2.001523,0.433720,-0.016753,0.000001,0.003774,-0.001496,0.086349,-0.001316
6692.672000,-0.491910,0.105462,0.141119,-1.987016,-2.001103,0.434473,-0.017280,-0.000003,0.005461,-0.001556,0.089752,-0.001319
6692.680000,-0.492044,0.105470,0.141140,-1.986606,-2.000662,0.435084,-0.016744,-0.000001,0.004336,-0.001497,0.086080,-0.001295
6692.688000,-0.492183,0.105459,0.141176,-1.986193,-2.000271,0.435697,-0.017595,-0.000002,0.005978,-0.001596,0.092388,-0.001347
6692.696000,-0.492322,0.105441,0.141185,-1.985784,-1.999888,0.436327,-0.016868,-0.000002,0.004610,-0.001515,0.086828,-0.001299
6692.704000,-0.492457,0.105452,0.141265,-1.985328,-1.999417,0.437049,-0.017362,-0.000002,0.005887,-0.001574,0.090869,-0.001326
6692.712000,-0.492597,0.105454,0.141326,-1.984846,-1.998974,0.437711,-0.017277,-0.000003,0.005423,-0.001553,0.088913,-0.001309
6692.720000,-0.492722,0.105467,0.141324,-1.984571,-1.998556,0.438232,-0.016968,0.000001,0.006127,-0.001551,0.090370,-0.001310
6692.728000,-0.492867,0.105454,0.141398,-1.984096,-1.998089,0.438994,-0.017220,-0.000001,0.006186,-0.001570,0.090893,-0.001318
6692.736000,-0.493001,0.105464,0.141437,-1.983717,-1.997626,0.439680,-0.017414,0.000002,0.006758,-0.001605,0.094080,-0.001352
6692.744000,-0.493138,0.105461,0.141468,-1.983324,-1.997222,0.440241,-0.017787,-0.000001,0.007848,-0.001638,0.095307,-0.001339
6692.752000,-0.493274,0.105469,0.141522,-1.982902,-1.996800,0.440955,-0.018053,0.000002,0.007931,-0.001674,0.098418,-0.001388
6692.760000,-0.493420,0.105459,0.141595,-1.982394,-1.996307,0.441696,-0.017039,0.000002,0.006042,-0.001557,0.090399,-0.001316
6692.768000,-0.493554,0.105454,0.141643,-1.982001,-1.995866,0.442331,-0.017300,0.000002,0.007180,-0.001602,0.093682,-0.001334
6692.776000,-0.493693,0.105460,0.141687,-1.981580,-1.995398,0.443012,-0.017555,0.000003,0.007150,-0.001620,0.094607,-0.001351
6692.784000,-0.493836,0.105453,0.141766,-1.981044,-1.994989,0.443742,-0.016906,0.000004,0.006613,-0.001564,0.091478,-0.001317
6692.792000,-0.493969,0.105461,0.141797,-1.980704,-1.994474,0.444377,-0.017340,0.000004,0.006747,-0.001598,0.093193,-0.001342
6692.800000,-0.494110,0.105458,0.141869,-1.980261,-1.994027,0.445122,-0.017506,0.000006,0.007608,-0.001636,0.096505,-0.001369
6692.808000,-0.494244,0.105467,0.141920,-1.979821,-1.993549,0.445759,-0.017721,0.000007,0.008586,-0.001673,0.099400,-0.001386
6692.816000,-0.494393,0.105438,0.141992,-1.979263,-1.993136,0.446516,-0.017071,0.000006,0.006687,-0.001591,0.093165,-0.001345
6692.824000,-0.494523,0.105478,0.142062,-1.978906,-1.992573,0.447217,-0.016999,0.000007,0.006636,-0.001568,0.091736,-0.001323
6692.832000,-0.494651,0.105470,0.142089,-1.978491,-1.992244,0.447819,-0.017205,0.000007,0.006849,-0.001592,0.093256,-0.001342
6692.840000,-0.494792,0.105466,0.142161,-1.978066,-1.991740,0.448509,-0.017555,0.000009,0.008469,-0.001660,0.098614,-0.001379
6692.848000,-0.494936,0.105439,0.142218,-1.977579,-1.991317,0.449193,-0.016220,0.000013,0.006081,-0.001536,0.091401,-0.001336
6692.856000,-0.495069,0.105453,0.142279,-1.977170,-1.990811,0.449963,-0.016899,0.000008,0.007010,-0.001577,0.092465,-0.001325
6692.864000,-0.495198,0.105458,0.142316,-1.976771,-1.990397,0.450597,-0.016710,0.000011,0.006148,-0.001555,0.091406,-0.001336
6692.872000,-0.495333,0.105477,0.142375,-1.976332,-1.989903,0.451249,-0.017174,0.000011,0.007738,-0.001614,0.095614,-0.001355
6692.880000,-0.495474,0.105457,0.142438,-1.975856,-1.989493,0.451998,-0.016226,0.000011,0.005944,-0.001508,0.088444,-0.001294
6692.888000,-0.495603,0.105461,0.142500,-1.975441,-1.989012,0.452608,-0.017192,0.000011,0.008197,-0.001627,0.096352,-0.001354
6692.896000,-0.495737,0.105459,0.142543,-1.974983,-1.988566,0.453332,-0.017196,0.000013,0.009129,-0.001653,0.098998,-0.001368
6692.904000,-0.495881,0.105458,0.142625,-1.974527,-1.988071,0.454082,-0.017173,0.000010,0.008285,-0.001623,0.095873,-0.001344
6692.912000,-0.496014,0.105467,0.142711,-1.974080,-1.987516,0.454791,-0.015682,0.000015,0.005458,-0.001469,0.086929,-0.001286
6692.920000,-0.496144,0.105469,0.142751,-1.973642,-1.987069,0.455420,-0.017370,0.000013,0.009529,-0.001671,0.100096,-0.001375
6692.928000,-0.496279,0.105459,0.142825,-1.973178,-1.986659,0.456185,-0.015503,0.000016,0.005190,-0.001451,0.085611,-0.001273
6692.936000,-0.496405,0.105469,0.142873,-1.972812,-1.986176,0.456737,-0.017297,0.000015,0.009041,-0.001661,0.099338,-0.001379
6692.944000,-0.496534,0.105485,0.142911,-1.972435,-1.985717,0.457399,-0.016690,0.000018,0.007958,-0.001600,0.096242,-0.001363
6692.952000,-0.496676,0.105466,0.142984,-1.971948,-1.985291,0.458145,-0.017287,0.000011,0.008423,-0.001626,0.095389,-0.001336
6692.960000,-0.496816,0.105443,0.143066,-1.971420,-1.984879,0.458848,-0.016708,0.000015,0.007607,-0.001590,0.094037,-0.001339
6692.968000,-0.496940,0.105476,0.143111,-1.971041,-1.984369,0.459438,-0.016598,0.000015,0.007125,-0.001562,0.092158,-0.001324
6692.976000,-0.497080,0.105462,0.143185,-1.970566,-1.983930,0.460179,-0.016244,0.000018,0.007019,-0.001548,0.092134,-0.001327
6692.984000,-0.497213,0.105453,0.143250,-1.970122,-1.983482,0.460923,-0.016727,0.000016,0.008567,-0.001608,0.095854,-0.001340
6692.992000,-0.497349,0.105457,0.143306,-1.969677,-1.982945,0.461597,-0.016292,0.000014,0.007106,-0.001532,0.089695,-0.001285
6693.000000,-0.497482,0.105457,0.143369,-1.969201,-1.982520,0.462266,-0.017162,0.000018,0.009075,-0.001659,0.099204,-0.001381
6693.008000,-0.497617,0.105461,0.143452,-1.968744,-1.982010,0.463056,-0.016431,0.000021,0.009253,-0.001616,0.098092,-0.001355
6693.016000,-0.497749,0.105466,0.143534,-1.968278,-1.981528,0.463783,-0.017232,0.000020,0.009929,-0.001681,0.101222,-0.001388
6693.024000,-0.497889,0.105456,0.143598,-1.967833,-1.981003,0.464504,-0.016596,0.000019,0.008872,-0.001611,0.096520,-0.001343
6693.032000,-0.498015,0.105470,0.143664,-1.967356,-1.980565,0.465123,-0.017037,0.000024,0.010504,-0.001692,0.103389,-0.001406
6693.040000,-0.498160,0.105462,0.143783,-1.966810,-1.980008,0.466004,-0.016844,0.000024,0.009673,-0.001665,0.101318,-0.001398
6693.048000,-0.498290,0.105455,0.143862,-1.966377,-1.979542,0.466735,-0.016754,0.000025,0.010241,-0.001670,0.101994,-0.001392
6693.056000,-0.498418,0.105463,0.143911,-1.965921,-1.979077,0.467375,-0.016517,0.000024,0.009107,-0.001624,0.098375,-0.001369
6693.064000,-0.498543,0.105479,0.143990,-1.965543,-1.978549,0.468097,-0.016681,0.000024,0.009074,-0.001626,0.098083,-0.001366
6693.072000,-0.498690,0.105445,0.144083,-1.964974,-1.978087,0.468860,-0.016628,0.000023,0.009370,-0.001638,0.098787,-0.001368
6693.080000,-0.498821,0.105427,0.144142,-1.964486,-1.977722,0.469502,-0.016796,0.000023,0.010427,-0.001675,0.101356,-0.001378
6693.088000,-0.498947,0.105477,0.144231,-1.964134,-1.977078,0.470190,-0.015955,0.000022,0.007926,-0.001539,0.091842,-0.001300
6693.096000,-0.499078,0.105465,0.144290,-1.963663,-1.976662,0.470879,-0.016728,0.000025,0.009621,-0.001650,0.099755,-0.001378
6693.104000,-0.499206,0.105477,0.144358,-1.963207,-1.976185,0.471562,-0.016728,0.000026,0.010228,-0.001656,0.100475,-0.001371
6693.112000,-0.499335,0.105482,0.144431,-1.962759,-1.975699,0.472277,-0.015702,0.000028,0.008086,-0.001546,0.093966,-0.001331
6693.120000,-0.499473,0.105471,0.144523,-1.962268,-1.975204,0.473011,-0.016767,0.000025,0.010412,-0.001661,0.100542,-0.001368
6693.128000,-0.499612,0.105445,0.144601,-1.961761,-1.974763,0.473802,-0.016273,0.000028,0.010080,-0.001634,0.099545,-0.001361
6693.136000,-0.499736,0.105488,0.144692,-1.961353,-1.974163,0.474505,-0.016948,0.000027,0.010548,-0.001677,0.101721,-0.001384
6693.144000,-0.499879,0.105449,0.144771,-1.960797,-1.973710,0.475238,-0.016887,0.000029,0.010475,-0.001692,0.102761,-0.001404
6693.152000,-0.500010,0.105450,0.144848,-1.960316,-1.973225,0.475936,-0.016002,0.000026,0.009119,-0.001581,0.095054,-0.001319
6693.160000,-0.500141,0.105445,0.144923,-1.959883,-1.972776,0.476697,-0.016221,0.000028,0.009711,-0.001619,0.097982,-0.001350
6693.168000,-0.500258,0.105468,0.144992,-1.959464,-1.972268,0.477294,-0.016134,0.000028,0.009427,-0.001597,0.096324,-0.001332
6693.176000,-0.500399,0.105447,0.145087,-1.958947,-1.971817,0.478088,-0.015639,0.000028,0.008720,-0.001552,0.093544,-0.001308
6693.184000,-0.500518,0.105484,0.145168,-1.958549,-1.971252,0.478759,-0.016706,0.000029,0.011243,-0.001675,0.101970,-0.001369
6693.192000,-0.500655,0.105464,0.145225,-1.958053,-1.970807,0.479401,-0.016136,0.000033,0.009576,-0.001622,0.098965,-0.001372
6693.200000,-0.500781,0.105480,0.145325,-1.957599,-1.970272,0.480163,-0.016763,0.000031,0.011126,-0.001686,0.102828,-0.001388
6693.208000,-0.500913,0.105485,0.145421,-1.957121,-1.969737,0.480956,-0.015687,0.000035,0.009259,-0.001580,0.096981,-0.001350
6693.216000,-0.501039,0.105474,0.145479,-1.956633,-1.969316,0.481612,-0.016835,0.000033,0.011858,-0.001710,0.104683,-0.001397
6693.224000,-0.501178,0.105464,0.145576,-1.956124,-1.968798,0.482351,-0.016121,0.000032,0.010428,-0.001628,0.099113,-0.001350
6693.232000,-0.501311,0.105462,0.145674,-1.955598,-1.968314,0.483149,-0.016560,0.000035,0.011362,-0.001692,0.103849,-0.001400
6693.240000,-0.501441,0.105449,0.145758,-1.955102,-1.967850,0.483890,-0.015575,0.000034,0.009221,-0.001576,0.096147,-0.001339
6693.248000,-0.501567,0.105470,0.145847,-1.954635,-1.967321,0.484548,-0.016628,0.000036,0.011772,-0.001704,0.104755,-0.001403
6693.256000,-0.501682,0.105481,0.145921,-1.954227,-1.966781,0.485274,-0.015572,0.000036,0.009653,-0.001578,0.096813,-0.001337
6693.264000,-0.501810,0.105471,0.145990,-1.953756,-1.966330,0.485947,-0.016112,0.000034,0.010338,-0.001627,0.098979,-0.001353
6693.272000,-0.501937,0.105446,0.146053,-1.953301,-1.965907,0.486645,-0.015572,0.000033,0.009305,-0.001567,0.094728,-0.001315
6693.280000,-0.502075,0.105478,0.146186,-1.952782,-1.965261,0.487440,-0.016294,0.000037,0.011829,-0.001679,0.103494,-0.001382
6693.288000,-0.502194,0.105479,0.146251,-1.952388,-1.964835,0.488163,-0.015896,0.000036,0.010538,-0.001614,0.098649,-0.001342
6693.296000,-0.502325,0.105475,0.146330,-1.951911,-1.964324,0.488864,-0.016257,0.000035,0.011878,-0.001663,0.101659,-0.001351
6693.304000,-0.502455,0.105486,0.146422,-1.951449,-1.963801,0.489601,-0.015969,0.000039,0.011750,-0.001653,0.102426,-0.001367
6693.312000,-0.502583,0.105488,0.146533,-1.950949,-1.963274,0.490340,-0.015614,0.000039,0.011366,-0.001614,0.099909,-0.001338
6693.320000,-0.502705,0.105490,0.146617,-1.950428,-1.962767,0.491049,-0.015780,0.000039,0.010955,-0.001617,0.099425,-0.001344
6693.328000,-0.502844,0.105472,0.146715,-1.949917,-1.962282,0.491802,-0.016462,0.000043,0.013124,-0.001739,0.108642,-0.001430
6693.336000,-0.502966,0.105478,0.146819,-1.949417,-1.961766,0.492560,-0.016560,0.000039,0.013117,-0.001720,0.105896,-0.001385
6693.344000,-0.503094,0.105484,0.146913,-1.948910,-1.961262,0.493290,-0.016593,0.000040,0.013375,-0.001727,0.106615,-0.001389
6693.352000,-0.503229,0.105473,0.147045,-1.948424,-1.960702,0.494069,-0.015640,0.000037,0.011410,-0.001608,0.098227,-0.001311
6693.360000,-0.503348,0.105484,0.147097,-1.948057,-1.960205,0.494728,-0.016022,0.000038,0.011601,-0.001638,0.099861,-0.001334
6693.368000,-0.503478,0.105471,0.147186,-1.947556,-1.959765,0.495463,-0.016088,0.000038,0.011562,-0.001645,0.099948,-0.001337
6693.376000,-0.503602,0.105489,0.147288,-1.946977,-1.959223,0.496132,-0.015720,0.000040,0.011953,-0.001632,0.100547,-0.001334
6693.384000,-0.503731,0.105467,0.147370,-1.946547,-1.958796,0.496867,-0.016101,0.000039,0.012071,-0.001661,0.101261,-0.001344
6693.392000,-0.503862,0.105454,0.147457,-1.946044,-1.958330,0.497625,-0.015959,0.000043,0.012628,-0.001685,0.104324,-0.001377
6693.400000,-0.503990,0.105476,0.147599,-1.945544,-1.957669,0.498395,-0.016441,0.000043,0.013160,-0.001721,0.105992,-0.001390
6693.408000,-0.504119,0.105475,0.147676,-1.945041,-1.957197,0.499117,-0.015777,0.000046,0.013090,-0.001682,0.105096,-0.001376
6693.416000,-0.504239,0.105481,0.147767,-1.944561,-1.956702,0.499840,-0.016047,0.000046,0.013405,-0.001705,0.106275,-0.001387
6693.424000,-0.504374,0.105474,0.147890,-1.943997,-1.956192,0.500640,-0.016076,0.000047,0.013777,-0.001720,0.107521,-0.001396
6693.432000,-0.504506,0.105481,0.148017,-1.943534,-1.955568,0.501453,-0.016155,0.000049,0.014191,-0.001744,0.109711,-0.001421
6693.440000,-0.504630,0.105489,0.148113,-1.942951,-1.955092,0.502150,-0.014897,0.000049,0.011350,-0.001588,0.099670,-0.001342
6693.448000,-0.504752,0.105477,0.148207,-1.942488,-1.954585,0.502881,-0.015779,0.000046,0.012657,-0.001668,0.103279,-0.001363
6693.456000,-0.504882,0.105478,0.148346,-1.941964,-1.954016,0.503683,-0.015509,0.000047,0.012507,-0.001651,0.102713,-0.001358
6693.464000,-0.505011,0.105460,0.148411,-1.941462,-1.953587,0.504371,-0.015980,0.000049,0.013033,-0.001711,0.106481,-0.001406
6693.472000,-0.505130,0.105457,0.148505,-1.940987,-1.953133,0.505100,-0.015067,0.000052,0.011307,-0.001621,0.101635,-0.001379
6693.480000,-0.505256,0.105481,0.148618,-1.940493,-1.952470,0.505841,-0.015649,0.000050,0.012850,-0.001679,0.104899,-0.001386
6693.488000,-0.505384,0.105463,0.148726,-1.939899,-1.951994,0.506618,-0.015426,0.000050,0.013546,-0.001678,0.105172,-0.001368
6693.496000,-0.505509,0.105479,0.148827,-1.939493,-1.951446,0.507370,-0.015766,0.000049,0.013298,-0.001683,0.104453,-0.001365
6693.504000,-0.505638,0.105475,0.148946,-1.938950,-1.950917,0.508111,-0.014774,0.000053,0.011760,-0.001605,0.101122,-0.001357
6693.512000,-0.505763,0.105450,0.149046,-1.938407,-1.950452,0.508880,-0.016085,0.000055,0.015302,-0.001784,0.112654,-0.001440
6693.520000,-0.505883,0.105481,0.149144,-1.937978,-1.949862,0.509600,-0.014611,0.000053,0.011782,-0.001585,0.099689,-0.001333
6693.528000,-0.506009,0.105474,0.149265,-1.937431,-1.949347,0.510388,-0.015841,0.000050,0.014396,-0.001715,0.106826,-0.001372
6693.536000,-0.506127,0.105481,0.149358,-1.936953,-1.948825,0.511107,-0.015461,0.000056,0.013899,-0.001702,0.107660,-0.001402
6693.544000,-0.506252,0.105475,0.149490,-1.936383,-1.948280,0.511913,-0.016199,0.000054,0.015916,-0.001786,0.112405,-0.001419
6693.552000,-0.506377,0.105482,0.149590,-1.935918,-1.947748,0.512635,-0.015169,0.000054,0.013003,-0.001649,0.103385,-0.001359
6693.560000,-0.506499,0.105464,0.149697,-1.935409,-1.947241,0.513393,-0.015604,0.000053,0.013226,-0.001689,0.104995,-0.001381
6693.568000,-0.506625,0.105491,0.149828,-1.934882,-1.946610,0.514167,-0.015151,0.000054,0.013195,-0.001650,0.103495,-0.001356
6693.576000,-0.506744,0.105468,0.149920,-1.934379,-1.946174,0.514845,-0.015191,0.000058,0.013559,-0.001686,0.106668,-0.001398
6693.584000,-0.506867,0.105465,0.150047,-1.933822,-1.945638,0.515685,-0.015179,0.000055,0.012693,-0.001654,0.103265,-0.001370
6693.592000,-0.506994,0.105469,0.150145,-1.933316,-1.945116,0.516364,-0.015938,0.000057,0.014793,-0.001755,0.109951,-0.001417
6693.600000,-0.507114,0.105485,0.150259,-1.932885,-1.944537,0.517130,-0.015577,0.000059,0.015185,-0.001735,0.109836,-0.001402
6693.608000,-0.507242,0.105465,0.150376,-1.932324,-1.944043,0.517961,-0.015440,0.000058,0.014735,-0.001720,0.108489,-0.001394
6693.616000,-0.507361,0.105485,0.150478,-1.931793,-1.943524,0.518639,-0.015509,0.000057,0.014739,-0.001712,0.107564,-0.001379
6693.624000,-0.507476,0.105509,0.150594,-1.931362,-1.942917,0.519399,-0.015689,0.000059,0.015617,-0.001738,0.109745,-0.001388
6693.632000,-0.507606,0.105484,0.150704,-1.930864,-1.942452,0.520140,-0.015636,0.000060,0.015700,-0.001751,0.110780,-0.001404
6693.640000,-0.507728,0.105468,0.150832,-1.930266,-1.941960,0.520884,-0.015006,0.000062,0.014516,-0.001697,0.108000,-0.001394
6693.648000,-0.507845,0.105487,0.150908,-1.929810,-1.941435,0.521568,-0.015057,0.000059,0.014503,-0.001677,0.105724,-0.001357
6693.656000,-0.507963,0.105497,0.151057,-1.929318,-1.940790,0.522341,-0.015336,0.000059,0.015472,-0.001715,0.108307,-0.001370
6693.664000,-0.508089,0.105488,0.151184,-1.928764,-1.940279,0.523160,-0.015525,0.000062,0.015640,-0.001745,0.110469,-0.001403
6693.672000,-0.508210,0.105471,0.151303,-1.928192,-1.939773,0.523923,-0.015406,0.000068,0.016303,-0.001783,0.114672,-0.001453
6693.680000,-0.508337,0.105485,0.151461,-1.927611,-1.939117,0.524779,-0.015314,0.000065,0.014938,-0.001730,0.109860,-0.001416
6693.688000,-0.508457,0.105494,0.151551,-1.927151,-1.938566,0.525576,-0.015490,0.000066,0.015911,-0.001760,0.112209,-0.001425
6693.696000,-0.508586,0.105473,0.151702,-1.926535,-1.938027,0.526359,-0.015508,0.000067,0.016260,-0.001781,0.113565,-0.001437
6693.704000,-0.508701,0.105503,0.151814,-1.926110,-1.937449,0.527075,-0.014893,0.000069,0.014816,-0.001708,0.109827,-0.001420
6693.712000,-0.508824,0.105488,0.151939,-1.925513,-1.936905,0.527842,-0.015292,0.000066,0.016245,-0.001755,0.111926,-0.001411
6693.720000,-0.508936,0.105488,0.152042,-1.925072,-1.936429,0.528520,-0.015335,0.000066,0.016393,-0.001758,0.111907,-0.001406
6693.728000,-0.509060,0.105493,0.152189,-1.924497,-1.935814,0.529380,-0.015531,0.000067,0.016496,-0.001777,0.113100,-0.001424
6693.736000,-0.509183,0.105493,0.152327,-1.923956,-1.935258,0.530181,-0.015256,0.000066,0.015476,-0.001731,0.109625,-0.001398
6693.744000,-0.509307,0.105508,0.152454,-1.923413,-1.934682,0.530919,-0.014804,0.000068,0.014703,-0.001686,0.107430,-0.001386
6693.752000,-0.509431,0.105478,0.152564,-1.922842,-1.934228,0.531667,-0.015056,0.000069,0.015707,-0.001739,0.110915,-0.001414
6693.760000,-0.509552,0.105488,0.152682,-1.922342,-1.933650,0.532466,-0.015033,0.000069,0.015903,-0.001737,0.110924,-0.001408
6693.768000,-0.509667,0.105475,0.152822,-1.921838,-1.933093,0.533286,-0.014300,0.000068,0.014571,-0.001655,0.105743,-0.001362
6693.776000,-0.509785,0.105497,0.152960,-1.921232,-1.932514,0.534025,-0.015359,0.000072,0.017522,-0.001798,0.115502,-0.001435
6693.784000,-0.509913,0.105477,0.153067,-1.920714,-1.932011,0.534811,-0.014450,0.000066,0.015366,-0.001668,0.105911,-0.001340
6693.792000,-0.510023,0.105502,0.153221,-1.920242,-1.931358,0.535603,-0.015208,0.000069,0.016321,-0.001746,0.110867,-0.001396
6693.800000,-0.510148,0.105494,0.153343,-1.919700,-1.930793,0.536327,-0.014586,0.000069,0.014543,-0.001672,0.106083,-0.001371
6693.808000,-0.510261,0.105506,0.153472,-1.919189,-1.930269,0.537058,-0.015215,0.000072,0.017023,-0.001768,0.112827,-0.001408
6693.816000,-0.510384,0.105482,0.153583,-1.918614,-1.929811,0.537798,-0.014517,0.000071,0.015177,-0.001691,0.107900,-0.001383
6693.824000,-0.510499,0.105504,0.153726,-1.918100,-1.929203,0.538626,-0.014999,0.000075,0.016439,-0.001754,0.112511,-0.001422
6693.832000,-0.510611,0.105519,0.153838,-1.917605,-1.928652,0.539312,-0.014246,0.000070,0.014679,-0.001642,0.104660,-0.001344
6693.840000,-0.510729,0.105499,0.153973,-1.917102,-1.928096,0.540137,-0.014863,0.000073,0.017174,-0.001751,0.112310,-0.001396
6693.848000,-0.510843,0.105500,0.154085,-1.916576,-1.927595,0.540850,-0.014346,0.000074,0.015537,-0.001684,0.107972,-0.001374
6693.856000,-0.510963,0.105480,0.154226,-1.915969,-1.927095,0.541672,-0.014786,0.000074,0.016592,-0.001740,0.111044,-0.001394
6693.864000,-0.511066,0.105520,0.154350,-1.915510,-1.926435,0.542378,-0.014378,0.000076,0.014958,-0.001681,0.108039,-0.001395
6693.872000,-0.511190,0.105496,0.154467,-1.914927,-1.925970,0.543125,-0.014717,0.000077,0.016804,-0.001747,0.112262,-0.001409
6693.880000,-0.511306,0.105500,0.154608,-1.914379,-1.925382,0.543868,-0.014198,0.000076,0.015377,-0.001679,0.107847,-0.001379
6693.888000,-0.511429,0.105488,0.154756,-1.913790,-1.924818,0.544688,-0.015020,0.000077,0.017669,-0.001786,0.114232,-0.001416
6693.896000,-0.511542,0.105512,0.154894,-1.913291,-1.924165,0.545505,-0.014801,0.000082,0.018099,-0.001796,0.116906,-0.001448
6693.904000,-0.511668,0.105512,0.155050,-1.912714,-1.923550,0.546365,-0.014188,0.000081,0.016662,-0.001717,0.111749,-0.001406
6693.912000,-0.511779,0.105507,0.155160,-1.912177,-1.923061,0.547078,-0.014724,0.000082,0.017375,-0.001775,0.114903,-0.001438
6693.920000,-0.511895,0.105513,0.155328,-1.911589,-1.922429,0.547927,-0.014730,0.000084,0.018070,-0.001795,0.116901,-0.001451
6693.928000,-0.512014,0.105505,0.155449,-1.911067,-1.921867,0.548652,-0.015286,0.000083,0.018713,-0.001842,0.118603,-0.001461
6693.936000,-0.512129,0.105506,0.155602,-1.910527,-1.921298,0.549538,-0.014831,0.000082,0.018505,-0.001802,0.116662,-0.001434
6693.944000,-0.512255,0.105502,0.155751,-1.909900,-1.920730,0.550326,-0.014412,0.000078,0.017367,-0.001728,0.110766,-0.001369
6693.952000,-0.512366,0.105512,0.155867,-1.909418,-1.920162,0.551003,-0.014587,0.000082,0.017901,-0.001768,0.114232,-0.001412
6693.960000,-0.512475,0.105523,0.155996,-1.908928,-1.919595,0.551773,-0.014525,0.000081,0.018162,-0.001758,0.113566,-0.001393
6693.968000,-0.512595,0.105522,0.156161,-1.908331,-1.918984,0.552634,-0.013798,0.000080,0.016216,-0.001666,0.107694,-0.001354
6693.976000,-0.512708,0.105511,0.156331,-1.907700,-1.918424,0.553463,-0.014577,0.000085,0.017863,-0.001780,0.115344,-0.001435
6693.984000,-0.512825,0.105531,0.156452,-1.907179,-1.917853,0.554179,-0.014369,0.000087,0.018547,-0.001777,0.116192,-0.001427
6693.992000,-0.512940,0.105510,0.156587,-1.906640,-1.917288,0.555039,-0.014822,0.000086,0.019185,-0.001824,0.118215,-0.001443
6694.000000,-0.513064,0.105512,0.156756,-1.906007,-1.916673,0.555878,-0.013861,0.000084,0.016973,-0.001702,0.110417,-0.001379
6694.008000,-0.513169,0.105531,0.156872,-1.905518,-1.916164,0.556540,-0.014533,0.000087,0.019093,-0.001792,0.116585,-0.001418
6694.016000,-0.513287,0.105527,0.157045,-1.904918,-1.915513,0.557405,-0.014105,0.000087,0.017830,-0.001741,0.113307,-0.001403
6694.024000,-0.513404,0.105524,0.157188,-1.904417,-1.914944,0.558219,-0.014348,0.000086,0.018494,-0.001768,0.114663,-0.001405
6694.032000,-0.513517,0.105530,0.157334,-1.903843,-1.914315,0.558961,-0.013287,0.000084,0.016200,-0.001637,0.106491,-0.001338
6694.040000,-0.513630,0.105499,0.157475,-1.903225,-1.913844,0.559749,-0.014131,0.000083,0.019103,-0.001753,0.112957,-0.001357
6694.048000,-0.513737,0.105532,0.157615,-1.902774,-1.913200,0.560456,-0.013263,0.000084,0.016527,-0.001642,0.106923,-0.001335
6694.056000,-0.513853,0.105513,0.157774,-1.902171,-1.912635,0.561320,-0.014042,0.000084,0.017892,-0.001727,0.111112,-0.001365
6694.064000,-0.513970,0.105511,0.157927,-1.901615,-1.912048,0.562153,-0.013588,0.000089,0.017541,-0.001709,0.111586,-0.001385
6694.072000,-0.514081,0.105522,0.158087,-1.900965,-1.911441,0.562916,-0.014173,0.000092,0.018532,-0.001779,0.115929,-0.001429
6694.080000,-0.514181,0.105540,0.158193,-1.900528,-1.910925,0.563576,-0.013420,0.000087,0.017343,-0.001673,0.108969,-0.001347
6694.088000,-0.514296,0.105520,0.158348,-1.899956,-1.910397,0.564411,-0.014013,0.000090,0.018665,-0.001757,0.114179,-0.001395
6694.096000,-0.514417,0.105505,0.158518,-1.899329,-1.909798,0.565218,-0.013802,0.000090,0.018285,-0.001743,0.113269,-0.001392
6694.104000,-0.514516,0.105515,0.158639,-1.898869,-1.909224,0.565990,-0.013237,0.000090,0.017273,-0.001681,0.110053,-0.001369
6694.136000,-0.514959,0.105520,0.159233,-1.896637,-1.906897,0.569088,-0.013987,0.000096,0.019661,-0.001799,0.117879,-0.001430
6694.144000,-0.515065,0.105539,0.159385,-1.896130,-1.906278,0.569851,-0.013685,0.000095,0.018708,-0.001747,0.114448,-0.001402
6694.152000,-0.515173,0.105539,0.159556,-1.895518,-1.905698,0.570676,-0.014035,0.000094,0.019942,-0.001791,0.116806,-0.001403
6694.160000,-0.515285,0.105503,0.159672,-1.894950,-1.905247,0.571406,-0.013909,0.000093,0.019882,-0.001786,0.116001,-0.001392
6694.168000,-0.515397,0.105520,0.159849,-1.894374,-1.904618,0.572247,-0.013114,0.000095,0.018262,-0.001705,0.112248,-0.001379
6694.176000,-0.515501,0.105524,0.160015,-1.893759,-1.904024,0.572985,-0.013789,0.000097,0.020588,-0.001801,0.118292,-0.001409
6694.184000,-0.515613,0.105529,0.160148,-1.893209,-1.903473,0.573782,-0.013724,0.000097,0.020590,-0.001795,0.117995,-0.001404
6694.192000,-0.515720,0.105538,0.160334,-1.892689,-1.902754,0.574601,-0.014364,0.000099,0.022261,-0.001872,0.122582,-0.001431
6694.200000,-0.515831,0.105525,0.160480,-1.892075,-1.902270,0.575377,-0.013209,0.000097,0.019167,-0.001734,0.114165,-0.001385
6694.208000,-0.515942,0.105532,0.160641,-1.891464,-1.901659,0.576194,-0.014376,0.000103,0.021771,-0.001886,0.123904,-0.001472
6694.216000,-0.516054,0.105546,0.160800,-1.890983,-1.900947,0.577017,-0.013825,0.000101,0.020933,-0.001818,0.119850,-0.001428
6694.224000,-0.516162,0.105537,0.160946,-1.890341,-1.900445,0.577720,-0.013987,0.000099,0.021122,-0.001825,0.119203,-0.001411
6694.232000,-0.516276,0.105513,0.161118,-1.889735,-1.899847,0.578596,-0.013038,0.000095,0.018762,-0.001707,0.111491,-0.001353
6694.240000,-0.516373,0.105535,0.161268,-1.889279,-1.899257,0.579351,-0.013773,0.000102,0.021083,-0.001820,0.119615,-0.001421
6694.248000,-0.516480,0.105536,0.161450,-1.888647,-1.898627,0.580203,-0.013183,0.000097,0.018780,-0.001716,0.112070,-0.001364
6694.256000,-0.516584,0.105551,0.161600,-1.888090,-1.898060,0.580904,-0.013639,0.000102,0.020250,-0.001791,0.117520,-0.001412
6694.264000,-0.516696,0.105535,0.161754,-1.887523,-1.897506,0.581778,-0.013217,0.000102,0.019599,-0.001753,0.115493,-0.001398
6694.272000,-0.516801,0.105540,0.161914,-1.886967,-1.896896,0.582478,-0.013629,0.000106,0.021901,-0.001840,0.121800,-0.001434
6694.280000,-0.516902,0.105570,0.162057,-1.886466,-1.896275,0.583248,-0.013227,0.000101,0.019625,-0.001735,0.113945,-0.001371
6694.288000,-0.517014,0.105536,0.162226,-1.885841,-1.895730,0.584044,-0.013292,0.000101,0.021165,-0.001781,0.117022,-0.001375
6694.296000,-0.517124,0.105535,0.162407,-1.885226,-1.895147,0.584862,-0.013310,0.000102,0.020574,-0.001776,0.116581,-0.001387
6694.304000,-0.517219,0.105556,0.162553,-1.884731,-1.894559,0.585560,-0.013104,0.000106,0.021068,-0.001780,0.118268,-0.001401
6694.312000,-0.517333,0.105544,0.162749,-1.884043,-1.893939,0.586445,-0.013120,0.000103,0.020462,-0.001759,0.115637,-0.001375
6694.320000,-0.517444,0.105518,0.162903,-1.883406,-1.893384,0.587307,-0.013109,0.000107,0.021196,-0.001800,0.119260,-0.001415
6694.328000,-0.517545,0.105548,0.163062,-1.882908,-1.892703,0.588020,-0.013521,0.000102,0.022078,-0.001806,0.117861,-0.001363
6694.336000,-0.517649,0.105526,0.163221,-1.882344,-1.892194,0.588838,-0.013397,0.000107,0.022237,-0.001832,0.120756,-0.001409
6694.344000,-0.517751,0.105559,0.163407,-1.881741,-1.891494,0.589659,-0.012984,0.000111,0.021376,-0.001800,0.120401,-0.001431
6694.352000,-0.517859,0.105540,0.163598,-1.881097,-1.890904,0.590525,-0.012849,0.000110,0.021331,-0.001791,0.119629,-0.001419
6694.360000,-0.517963,0.105540,0.163724,-1.880573,-1.890367,0.591257,-0.013066,0.000108,0.021321,-0.001794,0.118733,-0.001404
6694.368000,-0.518064,0.105560,0.163911,-1.880008,-1.889692,0.592080,-0.012509,0.000108,0.020338,-0.001732,0.115555,-0.001381
6694.376000,-0.518174,0.105541,0.164099,-1.879375,-1.889067,0.592971,-0.013261,0.000116,0.022406,-0.001863,0.124580,-0.001473
6694.384000,-0.518280,0.105527,0.164253,-1.878787,-1.888499,0.593691,-0.012611,0.000111,0.020312,-0.001761,0.117142,-0.001410
6694.392000,-0.518378,0.105551,0.164458,-1.878198,-1.887813,0.594561,-0.012978,0.000109,0.020980,-0.001777,0.117118,-0.001389
6694.400000,-0.518483,0.105533,0.164600,-1.877587,-1.887364,0.595261,-0.012428,0.000109,0.020427,-0.001739,0.115598,-0.001380
6694.408000,-0.518592,0.105528,0.164788,-1.877030,-1.886673,0.596136,-0.013235,0.000112,0.022425,-0.001844,0.121685,-0.001424
6694.416000,-0.518687,0.105569,0.164937,-1.876502,-1.886037,0.596812,-0.012446,0.000106,0.019554,-0.001694,0.111414,-0.001337
6694.424000,-0.518785,0.105561,0.165115,-1.875928,-1.885465,0.597644,-0.012745,0.000115,0.021521,-0.001795,0.119812,-0.001421
6694.432000,-0.518890,0.105564,0.165316,-1.875319,-1.884753,0.598508,-0.012447,0.000109,0.020339,-0.001724,0.113983,-0.001357
6694.440000,-0.518993,0.105531,0.165432,-1.874736,-1.884345,0.599216,-0.012276,0.000112,0.021597,-0.001758,0.117310,-0.001374
6694.448000,-0.519080,0.105575,0.165622,-1.874211,-1.883627,0.600031,-0.012496,0.000113,0.021113,-0.001756,0.117036,-0.001386
6694.456000,-0.519181,0.105554,0.165770,-1.873597,-1.883131,0.600723,-0.012510,0.000112,0.021491,-0.001762,0.116768,-0.001370
6694.464000,-0.519285,0.105554,0.165942,-1.873067,-1.882474,0.601561,-0.012812,0.000117,0.022637,-0.001827,0.121710,-0.001420
6694.472000,-0.519384,0.105561,0.166127,-1.872435,-1.881844,0.602384,-0.012098,0.000112,0.020136,-0.001708,0.113528,-0.001358
6694.480000,-0.519482,0.105554,0.166274,-1.871918,-1.881317,0.603109,-0.012396,0.000111,0.021726,-0.001753,0.116040,-0.001350
6694.488000,-0.519590,0.105555,0.166482,-1.871226,-1.880670,0.603983,-0.012524,0.000116,0.022153,-0.001794,0.119510,-0.001398
6694.496000,-0.519691,0.105539,0.166643,-1.870651,-1.880113,0.604739,-0.012663,0.000117,0.022091,-0.001810,0.119883,-0.001408
6694.504000,-0.519783,0.105565,0.166802,-1.870121,-1.879497,0.605473,-0.011933,0.000111,0.021090,-0.001703,0.113116,-0.001321
6694.512000,-0.519881,0.105559,0.166977,-1.869544,-1.878900,0.606264,-0.012573,0.000119,0.023884,-0.001837,0.122870,-0.001402
6694.520000,-0.519982,0.105580,0.167195,-1.868938,-1.878177,0.607117,-0.012120,0.000117,0.022252,-0.001761,0.118053,-0.001371
6694.528000,-0.520077,0.105576,0.167380,-1.868297,-1.877553,0.607936,-0.012702,0.000123,0.023523,-0.001854,0.124236,-0.001439
6694.536000,-0.520180,0.105575,0.167586,-1.867679,-1.876930,0.608794,-0.012271,0.000117,0.022681,-0.001778,0.118527,-0.001366
6694.544000,-0.520278,0.105568,0.167743,-1.867072,-1.876377,0.609574,-0.012522,0.000122,0.024494,-0.001852,0.124202,-0.001408
6694.552000,-0.520383,0.105565,0.167938,-1.866488,-1.875714,0.610386,-0.012185,0.000117,0.021099,-0.001745,0.115531,-0.001366
6694.560000,-0.520475,0.105578,0.168122,-1.865860,-1.875095,0.611199,-0.012315,0.000121,0.023154,-0.001805,0.120684,-0.001390
6694.568000,-0.520576,0.105554,0.168276,-1.865276,-1.874574,0.611933,-0.012416,0.000125,0.022971,-0.001836,0.122759,-0.001434
6694.576000,-0.520676,0.105554,0.168473,-1.864643,-1.873935,0.612807,-0.011485,0.000116,0.021003,-0.001697,0.113451,-0.001333
6694.584000,-0.520776,0.105544,0.168656,-1.864064,-1.873299,0.613602,-0.012077,0.000122,0.021803,-0.001780,0.118513,-0.001398
6694.592000,-0.520867,0.105557,0.168826,-1.863472,-1.872710,0.614352,-0.012166,0.000121,0.022745,-0.001793,0.119227,-0.001380
6694.600000,-0.520961,0.105594,0.169018,-1.862913,-1.871967,0.615115,-0.012624,0.000125,0.023346,-0.001841,0.122443,-0.001418
6694.608000,-0.521055,0.105575,0.169157,-1.862404,-1.871468,0.615931,-0.011620,0.000120,0.021712,-0.001725,0.115508,-0.001348
6694.616000,-0.521153,0.105578,0.169361,-1.861749,-1.870868,0.616698,-0.012312,0.000122,0.023801,-0.001818,0.120885,-0.001376
6694.624000,-0.521248,0.105596,0.169560,-1.861212,-1.870124,0.617593,-0.011954,0.000124,0.023055,-0.001784,0.119730,-0.001380
6694.632000,-0.521352,0.105576,0.169744,-1.860501,-1.869611,0.618308,-0.012155,0.000125,0.024157,-0.001828,0.122247,-0.001389
6694.640000,-0.521448,0.105565,0.169913,-1.859936,-1.868996,0.619093,-0.011525,0.000122,0.022775,-0.001753,0.117636,-0.001353
6694.648000,-0.521529,0.105584,0.170113,-1.859360,-1.868342,0.619899,-0.011919,0.000123,0.023430,-0.001788,0.119347,-0.001363
6694.656000,-0.521628,0.105589,0.170300,-1.858765,-1.867719,0.620727,-0.011385,0.000121,0.021574,-0.001705,0.114079,-0.001330
6694.664000,-0.521723,0.105578,0.170482,-1.858110,-1.867155,0.621518,-0.011733,0.000126,0.022969,-0.001779,0.119241,-0.001377
6694.672000,-0.521820,0.105579,0.170681,-1.857514,-1.866495,0.622351,-0.011413,0.000128,0.022854,-0.001766,0.119409,-0.001383
6694.680000,-0.521913,0.105579,0.170853,-1.856956,-1.865880,0.623147,-0.011462,0.000122,0.022544,-0.001734,0.115781,-0.001330
6694.688000,-0.522005,0.105588,0.171026,-1.856405,-1.865273,0.623863,-0.011490,0.000122,0.022698,-0.001734,0.115632,-0.001323
6694.696000,-0.522099,0.105589,0.171239,-1.855733,-1.864671,0.624671,-0.011725,0.000123,0.023740,-0.001772,0.117904,-0.001329
6694.704000,-0.522188,0.105591,0.171391,-1.855260,-1.864083,0.625369,-0.011743,0.000126,0.023850,-0.001789,0.119472,-0.001354
6694.712000,-0.522281,0.105588,0.171575,-1.854639,-1.863540,0.626181,-0.010946,0.000122,0.021524,-0.001676,0.112407,-0.001305
6694.720000,-0.522366,0.105597,0.171776,-1.854034,-1.862879,0.626964,-0.011403,0.000128,0.024441,-0.001782,0.120186,-0.001348
6694.728000,-0.522456,0.105603,0.171967,-1.853437,-1.862255,0.627788,-0.011387,0.000129,0.023672,-0.001772,0.119539,-0.001362
6694.736000,-0.522555,0.105599,0.172190,-1.852797,-1.861603,0.628600,-0.011618,0.000125,0.024295,-0.001774,0.118053,-0.001316
6694.744000,-0.522644,0.105605,0.172360,-1.852270,-1.861005,0.629371,-0.011351,0.000132,0.024343,-0.001793,0.121475,-0.001375
6694.752000,-0.522738,0.105587,0.172568,-1.851548,-1.860373,0.630255,-0.011886,0.000133,0.024627,-0.001843,0.123220,-0.001398
6694.760000,-0.522826,0.105595,0.172736,-1.851073,-1.859739,0.630981,-0.010889,0.000131,0.022625,-0.001732,0.117531,-0.001362
6694.768000,-0.522912,0.105597,0.172912,-1.850425,-1.859176,0.631719,-0.011518,0.000130,0.023037,-0.001771,0.118110,-0.001360
6694.776000,-0.523007,0.105614,0.173112,-1.849812,-1.858520,0.632466,-0.011531,0.000134,0.024813,-0.001821,0.122813,-0.001386
6694.784000,-0.523097,0.105601,0.173320,-1.849219,-1.857871,0.633323,-0.010969,0.000129,0.022413,-0.001721,0.115748,-0.001339
6694.792000,-0.523179,0.105608,0.173467,-1.848703,-1.857323,0.634022,-0.011188,0.000128,0.022256,-0.001722,0.114741,-0.001327
6694.800000,-0.523266,0.105610,0.173655,-1.848116,-1.856754,0.634845,-0.011327,0.000136,0.025551,-0.001827,0.123915,-0.001382
6694.808000,-0.523362,0.105605,0.173877,-1.847499,-1.856028,0.635643,-0.011710,0.000135,0.024754,-0.001835,0.122606,-0.001386
6694.816000,-0.523451,0.105602,0.174057,-1.846819,-1.855514,0.636443,-0.010766,0.000131,0.022578,-0.001717,0.115882,-0.001337
6694.824000,-0.523538,0.105604,0.174239,-1.846283,-1.854862,0.637215,-0.011706,0.000142,0.026335,-0.001892,0.127783,-0.001427
6694.832000,-0.523632,0.105611,0.174482,-1.845595,-1.854155,0.638102,-0.011152,0.000138,0.024452,-0.001806,0.122324,-0.001392
6694.840000,-0.523718,0.105621,0.174666,-1.845030,-1.853504,0.638833,-0.011185,0.000138,0.025880,-0.001829,0.124083,-0.001376
6694.848000,-0.523808,0.105613,0.174865,-1.844372,-1.852915,0.639682,-0.010839,0.000136,0.023971,-0.001764,0.119457,-0.001357
6694.856000,-0.523897,0.105626,0.175058,-1.843772,-1.852236,0.640412,-0.010908,0.000136,0.025111,-0.001787,0.121092,-0.001349
6694.864000,-0.523980,0.105615,0.175244,-1.843206,-1.851712,0.641205,-0.010701,0.000134,0.023556,-0.001737,0.117315,-0.001333
6694.872000,-0.524065,0.105622,0.175426,-1.842628,-1.851100,0.641980,-0.010937,0.000138,0.024632,-0.001784,0.120665,-0.001358
6694.880000,-0.524152,0.105612,0.175621,-1.842044,-1.850460,0.642761,-0.011002,0.000138,0.025085,-0.001799,0.121260,-0.001354
6694.888000,-0.524238,0.105621,0.175829,-1.841441,-1.849786,0.643563,-0.010574,0.000139,0.024161,-0.001762,0.119966,-0.001362
6694.896000,-0.524317,0.105634,0.175999,-1.840841,-1.849234,0.644260,-0.010683,0.000138,0.023613,-0.001747,0.118259,-0.001350
6694.904000,-0.524410,0.105611,0.176199,-1.840206,-1.848594,0.645100,-0.010561,0.000139,0.025093,-0.001780,0.121092,-0.001352
6694.912000,-0.524501,0.105609,0.176404,-1.839606,-1.847952,0.645958,-0.010712,0.000138,0.025159,-0.001785,0.120594,-0.001341
6694.920000,-0.524584,0.105623,0.176609,-1.839009,-1.847315,0.646730,-0.010281,0.000140,0.024264,-0.001746,0.119376,-0.001349
6694.928000,-0.524656,0.105641,0.176792,-1.838460,-1.846719,0.647472,-0.010624,0.000141,0.025010,-0.001776,0.120728,-0.001349
6694.936000,-0.524749,0.105628,0.177004,-1.837765,-1.846077,0.648245,-0.010490,0.000139,0.024630,-0.001756,0.118892,-0.001329
6694.944000,-0.524831,0.105628,0.177231,-1.837166,-1.845445,0.649054,-0.010396,0.000139,0.025320,-0.001762,0.119573,-0.001319
6694.952000,-0.524916,0.105634,0.177421,-1.836584,-1.844815,0.649861,-0.010512,0.000141,0.025435,-0.001781,0.121015,-0.001342
6694.960000,-0.525001,0.105628,0.177630,-1.835975,-1.844196,0.650672,-0.010866,0.000148,0.026783,-0.001859,0.126489,-0.001396
6694.968000,-0.525090,0.105617,0.177818,-1.835300,-1.843603,0.651456,-0.010154,0.000140,0.024011,-0.001730,0.117430,-0.001325
6694.976000,-0.525169,0.105606,0.178009,-1.834709,-1.843061,0.652183,-0.010026,0.000139,0.025286,-0.001745,0.118710,-0.001306
6694.984000,-0.525255,0.105619,0.178219,-1.834121,-1.842396,0.652991,-0.010233,0.000139,0.023891,-0.001727,0.116495,-0.001313
6694.992000,-0.525336,0.105611,0.178415,-1.833570,-1.841752,0.653717,-0.009768,0.000140,0.024122,-0.001713,0.116989,-0.001314
6695.000000,-0.525416,0.105628,0.178623,-1.832926,-1.841112,0.654548,-0.010085,0.000141,0.025001,-0.001743,0.118375,-0.001311
6695.008000,-0.525501,0.105610,0.178821,-1.832317,-1.840506,0.655348,-0.009974,0.000136,0.022862,-0.001680,0.112743,-0.001281
6695.016000,-0.525573,0.105645,0.179036,-1.831743,-1.839833,0.656062,-0.010001,0.000143,0.026236,-0.001767,0.120872,-0.001315
6695.024000,-0.525656,0.105632,0.179227,-1.831159,-1.839245,0.656863,-0.010128,0.000141,0.024294,-0.001730,0.116807,-0.001307
6695.032000,-0.525737,0.105616,0.179407,-1.830542,-1.838683,0.657586,-0.009656,0.000138,0.023439,-0.001681,0.113917,-0.001284
6695.040000,-0.525815,0.105632,0.179613,-1.829938,-1.838047,0.658415,-0.010161,0.000150,0.026647,-0.001820,0.124716,-0.001372
6695.048000,-0.525891,0.105643,0.179812,-1.829310,-1.837391,0.659140,-0.009782,0.000148,0.024848,-0.001750,0.120153,-0.001350
6695.056000,-0.525977,0.105616,0.180030,-1.828611,-1.836827,0.660001,-0.009889,0.000144,0.025463,-0.001757,0.119338,-0.001315
6695.064000,-0.526055,0.105637,0.180236,-1.828115,-1.836108,0.660769,-0.009782,0.000145,0.024991,-0.001738,0.118480,-0.001316
6695.072000,-0.526130,0.105618,0.180418,-1.827469,-1.835613,0.661515,-0.009367,0.000139,0.023111,-0.001656,0.112398,-0.001269
6695.080000,-0.526202,0.105646,0.180625,-1.826965,-1.834902,0.662247,-0.009743,0.000148,0.025138,-0.001749,0.119697,-0.001334
6695.088000,-0.526284,0.105613,0.180783,-1.826313,-1.834496,0.662959,-0.009592,0.000147,0.025264,-0.001748,0.119496,-0.001326
6695.096000,-0.526355,0.105643,0.180983,-1.825823,-1.833760,0.663668,-0.009862,0.000146,0.025475,-0.001753,0.118969,-0.001310
6695.104000,-0.526430,0.105639,0.181189,-1.825253,-1.833143,0.664415,-0.009164,0.000142,0.025213,-0.001688,0.115681,-0.001259
6695.112000,-0.526507,0.105638,0.181393,-1.824619,-1.832596,0.665168,-0.009973,0.000149,0.025232,-0.001768,0.119673,-0.001332
6695.120000,-0.526582,0.105646,0.181592,-1.824042,-1.831948,0.665920,-0.009206,0.000146,0.025405,-0.001712,0.117757,-0.001291
6695.128000,-0.526652,0.105660,0.181790,-1.823461,-1.831305,0.666675,-0.009612,0.000150,0.026312,-0.001766,0.121112,-0.001322
6695.136000,-0.526732,0.105649,0.181989,-1.822858,-1.830728,0.667428,-0.009616,0.000151,0.026334,-0.001775,0.121538,-0.001330
6695.144000,-0.526811,0.105631,0.182230,-1.822187,-1.830083,0.668276,-0.008819,0.000149,0.025125,-0.001705,0.118346,-0.001312
6695.152000,-0.526877,0.105652,0.182421,-1.821625,-1.829428,0.669003,-0.009716,0.000150,0.026495,-0.001774,0.120661,-0.001310
6695.160000,-0.526953,0.105663,0.182610,-1.821048,-1.828858,0.669747,-0.008881,0.000144,0.025207,-0.001673,0.115240,-0.001254
6695.168000,-0.527032,0.105658,0.182841,-1.820422,-1.828169,0.670594,-0.009776,0.000144,0.023787,-0.001697,0.113505,-0.001272
6695.176000,-0.527112,0.105647,0.183036,-1.819801,-1.827610,0.671314,-0.009219,0.000146,0.027392,-0.001743,0.119065,-0.001251
6695.184000,-0.527182,0.105657,0.183234,-1.819236,-1.827013,0.671994,-0.009662,0.000147,0.024803,-0.001723,0.115964,-0.001283
6695.192000,-0.527252,0.105656,0.183447,-1.818640,-1.826393,0.672793,-0.008910,0.000149,0.026231,-0.001717,0.118389,-0.001278
6695.200000,-0.527328,0.105653,0.183631,-1.818041,-1.825803,0.673500,-0.009492,0.000154,0.025594,-0.001764,0.120210,-0.001334
6695.208000,-0.527396,0.105670,0.183849,-1.817521,-1.825115,0.674315,-0.009211,0.000154,0.027302,-0.001770,0.121898,-0.001307
6695.216000,-0.527474,0.105665,0.184080,-1.816835,-1.824498,0.675115,-0.008817,0.000144,0.023708,-0.001638,0.111693,-0.001242
6695.224000,-0.527542,0.105662,0.184241,-1.816304,-1.823979,0.675734,-0.009196,0.000155,0.027150,-0.001772,0.121668,-0.001309
6695.232000,-0.527612,0.105687,0.184462,-1.815658,-1.823299,0.676532,-0.008969,0.000151,0.025129,-0.001696,0.116443,-0.001282
6695.240000,-0.527689,0.105658,0.184637,-1.815139,-1.822756,0.677237,-0.009088,0.000151,0.024814,-0.001707,0.116280,-0.001290
6695.248000,-0.527765,0.105665,0.184868,-1.814461,-1.822081,0.678058,-0.008995,0.000153,0.027632,-0.001756,0.120532,-0.001273
6695.256000,-0.527827,0.105693,0.185075,-1.813925,-1.821411,0.678771,-0.008917,0.000151,0.024151,-0.001672,0.114353,-0.001278
6695.264000,-0.527902,0.105659,0.185276,-1.813280,-1.820858,0.679601,-0.008901,0.000157,0.028975,-0.001795,0.123940,-0.001291
6695.272000,-0.527976,0.105666,0.185472,-1.812710,-1.820257,0.680338,-0.009146,0.000151,0.023920,-0.001688,0.114090,-0.001282
6695.280000,-0.528044,0.105672,0.185713,-1.812049,-1.819604,0.681048,-0.008564,0.000151,0.026480,-0.001700,0.117081,-0.001250
6695.288000,-0.528120,0.105663,0.185921,-1.811432,-1.819001,0.681882,-0.008566,0.000154,0.025577,-0.001703,0.117431,-0.001287
6695.296000,-0.528194,0.105648,0.186109,-1.810839,-1.818373,0.682640,-0.008257,0.000149,0.024443,-0.001646,0.113242,-0.001249
6695.304000,-0.528255,0.105673,0.186299,-1.810256,-1.817780,0.683334,-0.008812,0.000152,0.025015,-0.001691,0.115139,-0.001265
6695.312000,-0.528327,0.105668,0.186494,-1.809721,-1.817209,0.684035,-0.008163,0.000152,0.025507,-0.001663,0.115202,-0.001249
6695.320000,-0.528388,0.105690,0.186729,-1.809148,-1.816493,0.684791,-0.008760,0.000158,0.025473,-0.001720,0.118202,-0.001306
6695.328000,-0.528468,0.105647,0.186938,-1.808432,-1.815954,0.685595,-0.008119,0.000150,0.024331,-0.001639,0.112686,-0.001244
6695.336000,-0.528521,0.105698,0.187133,-1.807931,-1.815248,0.686311,-0.008356,0.000151,0.025050,-0.001653,0.113553,-0.001236
6695.344000,-0.528595,0.105678,0.187297,-1.807366,-1.814792,0.686980,-0.008247,0.000147,0.023851,-0.001611,0.109944,-0.001211
6695.352000,-0.528660,0.105683,0.187530,-1.806764,-1.814141,0.687684,-0.008607,0.000156,0.026038,-0.001713,0.117282,-0.001272
6695.360000,-0.528731,0.105684,0.187733,-1.806169,-1.813492,0.688478,-0.008406,0.000154,0.025726,-0.001683,0.115351,-0.001247
6695.368000,-0.528796,0.105696,0.187901,-1.805617,-1.812953,0.689134,-0.008041,0.000148,0.023863,-0.001595,0.109307,-0.001199
6695.376000,-0.528862,0.105678,0.188132,-1.804992,-1.812341,0.689941,-0.007982,0.000150,0.024410,-0.001619,0.111253,-0.001217
6695.384000,-0.528924,0.105677,0.188329,-1.804445,-1.811773,0.690664,-0.008256,0.000153,0.024865,-0.001653,0.113012,-0.001234
6695.392000,-0.528991,0.105686,0.188539,-1.803818,-1.811177,0.691350,-0.008135,0.000151,0.024717,-0.001632,0.111550,-0.001213
6695.400000,-0.529057,0.105696,0.188710,-1.803278,-1.810581,0.692006,-0.008441,0.000158,0.024851,-0.001685,0.115307,-0.001277
6695.408000,-0.529127,0.105692,0.188911,-1.802680,-1.809978,0.692731,-0.007960,0.000156,0.025309,-0.001658,0.114613,-0.001249
6695.416000,-0.529196,0.105671,0.189158,-1.802040,-1.809325,0.693616,-0.008368,0.000159,0.025554,-0.001703,0.116357,-0.001274
6695.424000,-0.529251,0.105690,0.189318,-1.801555,-1.808767,0.694251,-0.007906,0.000152,0.024839,-0.001625,0.111559,-0.001210
6695.432000,-0.529314,0.105701,0.189537,-1.800972,-1.808143,0.694926,-0.008369,0.000160,0.025964,-0.001709,0.117090,-0.001274
6695.440000,-0.529382,0.105696,0.189742,-1.800349,-1.807567,0.695652,-0.008272,0.000157,0.026710,-0.001699,0.116036,-0.001230
6695.448000,-0.529450,0.105696,0.189926,-1.799819,-1.806963,0.696380,-0.007755,0.000148,0.022661,-0.001557,0.106143,-0.001185
6695.456000,-0.529513,0.105666,0.190116,-1.799215,-1.806466,0.697059,-0.007636,0.000154,0.025287,-0.001633,0.112360,-0.001210
6695.464000,-0.529572,0.105691,0.190342,-1.798646,-1.805810,0.697814,-0.007974,0.000150,0.024183,-0.001606,0.108890,-0.001185
6695.472000,-0.529639,0.105675,0.190552,-1.798041,-1.805214,0.698537,-0.008031,0.000155,0.025555,-0.001661,0.113021,-0.001215
6695.480000,-0.529703,0.105696,0.190739,-1.797514,-1.804584,0.699228,-0.008332,0.000155,0.024137,-0.001644,0.110720,-0.001221
6695.488000,-0.529762,0.105714,0.190959,-1.796914,-1.803984,0.699954,-0.007365,0.000152,0.024259,-0.001575,0.108909,-0.001183
6695.496000,-0.529825,0.105704,0.191121,-1.796344,-1.803431,0.700631,-0.008137,0.000165,0.025368,-0.001706,0.117229,-0.001299
6695.504000,-0.529888,0.105695,0.191331,-1.795770,-1.802866,0.701386,-0.007645,0.000151,0.024073,-0.001586,0.108080,-0.001175
6695.512000,-0.529946,0.105718,0.191555,-1.795155,-1.802218,0.702081,-0.008058,0.000165,0.025843,-0.001704,0.117277,-0.001284
6695.520000,-0.530015,0.105689,0.191759,-1.794523,-1.801638,0.702820,-0.007824,0.000151,0.023298,-0.001585,0.106991,-0.001182
6695.528000,-0.530081,0.105684,0.191941,-1.794009,-1.801087,0.703486,-0.007222,0.000155,0.024251,-0.001592,0.109978,-0.001204
6695.536000,-0.530136,0.105689,0.192149,-1.793456,-1.800521,0.704207,-0.007668,0.000152,0.023387,-0.001578,0.106848,-0.001177
6695.544000,-0.530191,0.105724,0.192312,-1.792959,-1.799883,0.704828,-0.007408,0.000162,0.025078,-0.001635,0.113596,-0.001243
6695.552000,-0.530247,0.105731,0.192543,-1.792352,-1.799281,0.705541,-0.007676,0.000154,0.023431,-0.001576,0.107193,-0.001182
6695.560000,-0.530313,0.105708,0.192719,-1.791743,-1.798754,0.706230,-0.007439,0.000165,0.027340,-0.001695,0.117767,-0.001244
6695.568000,-0.530366,0.105735,0.192907,-1.791258,-1.798125,0.706889,-0.007492,0.000150,0.021267,-0.001509,0.102174,-0.001163
6695.576000,-0.530432,0.105725,0.193123,-1.790688,-1.797514,0.707717,-0.007475,0.000170,0.028086,-0.001730,0.120839,-0.001276
6695.584000,-0.530486,0.105729,0.193322,-1.790124,-1.796931,0.708353,-0.007686,0.000151,0.020163,-0.001508,0.101263,-0.001185
6695.592000,-0.530547,0.105731,0.193539,-1.789475,-1.796343,0.709056,-0.007268,0.000168,0.027029,-0.001688,0.117973,-0.001260
6695.600000,-0.530607,0.105720,0.193713,-1.789010,-1.795799,0.709709,-0.007883,0.000148,0.019976,-0.001500,0.099236,-0.001155
6695.608000,-0.530664,0.105730,0.193936,-1.788368,-1.795166,0.710418,-0.006697,0.000158,0.025755,-0.001590,0.111368,-0.001181
6695.616000,-0.530722,0.105716,0.194133,-1.787781,-1.794688,0.711086,-0.007456,0.000140,0.018430,-0.001412,0.093024,-0.001093
6695.624000,-0.530783,0.105707,0.194290,-1.787253,-1.794148,0.711714,-0.006977,0.000164,0.027529,-0.001667,0.116013,-0.001208
6695.632000,-0.530834,0.105726,0.194514,-1.786698,-1.793544,0.712401,-0.007667,0.000156,0.020062,-0.001527,0.102452,-0.001211
6695.640000,-0.530896,0.105704,0.194727,-1.786104,-1.792966,0.713209,-0.006840,0.000162,0.027500,-0.001649,0.114771,-0.001187
6695.648000,-0.530949,0.105726,0.194902,-1.785538,-1.792396,0.713829,-0.007775,0.000156,0.019636,-0.001524,0.101642,-0.001212
6695.656000,-0.531014,0.105721,0.195130,-1.784933,-1.791723,0.714605,-0.007040,0.000170,0.027268,-0.001689,0.117791,-0.001251
6695.664000,-0.531065,0.105728,0.195315,-1.784412,-1.791129,0.715296,-0.007450,0.000151,0.019467,-0.001478,0.098641,-0.001162
6695.672000,-0.531119,0.105746,0.195512,-1.783842,-1.790531,0.715897,-0.006531,0.000166,0.026086,-0.001619,0.114220,-0.001225
6695.680000,-0.531175,0.105733,0.195687,-1.783342,-1.790012,0.716572,-0.007382,0.000143,0.017614,-0.001398,0.091874,-0.001101
6695.688000,-0.531228,0.105746,0.195902,-1.782713,-1.789439,0.717262,-0.006884,0.000166,0.026388,-0.001635,0.113731,-0.001207
6695.696000,-0.531287,0.105736,0.196106,-1.782126,-1.788818,0.717976,-0.007083,0.000150,0.018760,-0.001440,0.096681,-0.001151
6695.704000,-0.531339,0.105736,0.196264,-1.781619,-1.788370,0.718544,-0.006675,0.000161,0.026766,-0.001611,0.111752,-0.001158
6695.712000,-0.531405,0.105709,0.196436,-1.781088,-1.787891,0.719235,-0.007246,0.000148,0.018420,-0.001438,0.095234,-0.001136
6695.720000,-0.531448,0.105736,0.196641,-1.780602,-1.787219,0.719926,-0.006432,0.000166,0.026559,-0.001618,0.113487,-0.001197
6695.728000,-0.531512,0.105753,0.196827,-1.780021,-1.786594,0.720570,-0.007433,0.000155,0.019892,-0.001494,0.099591,-0.001168
6695.736000,-0.531568,0.105722,0.197033,-1.779413,-1.786100,0.721252,-0.006225,0.000158,0.025484,-0.001552,0.108075,-0.001134
6695.744000,-0.531620,0.105742,0.197194,-1.778961,-1.785512,0.721888,-0.007283,0.000162,0.022352,-0.001566,0.105826,-0.001200
6695.752000,-0.531672,0.105742,0.197387,-1.778399,-1.784965,0.722558,-0.006278,0.000160,0.025343,-0.001555,0.108291,-0.001144
6695.760000,-0.531728,0.105753,0.197559,-1.777886,-1.784389,0.723150,-0.007106,0.000160,0.021761,-0.001535,0.103957,-0.001186
6695.768000,-0.531783,0.105728,0.197753,-1.777276,-1.783891,0.723821,-0.006519,0.000157,0.023410,-0.001525,0.104595,-0.001142
6695.776000,-0.531838,0.105741,0.197964,-1.776714,-1.783279,0.724522,-0.006760,0.000159,0.021243,-0.001508,0.102764,-0.001181
6695.784000,-0.531885,0.105750,0.198137,-1.776171,-1.782754,0.725113,-0.006008,0.000155,0.023923,-0.001488,0.103412,-0.001103
6695.792000,-0.531939,0.105742,0.198311,-1.775707,-1.782194,0.725815,-0.006922,0.000159,0.021747,-0.001519,0.102654,-0.001163
6695.800000,-0.531986,0.105752,0.198516,-1.775113,-1.781588,0.726473,-0.006424,0.000153,0.022082,-0.001469,0.100229,-0.001107
6695.808000,-0.532047,0.105731,0.198686,-1.774594,-1.781122,0.727133,-0.006779,0.000157,0.022124,-0.001509,0.101896,-0.001137
6695.816000,-0.532093,0.105749,0.198856,-1.774077,-1.780535,0.727702,-0.006618,0.000155,0.021654,-0.001481,0.100262,-0.001123
6695.824000,-0.532146,0.105747,0.199044,-1.773550,-1.779974,0.728407,-0.006362,0.000157,0.021691,-0.001475,0.100914,-0.001133
6695.832000,-0.532196,0.105738,0.199207,-1.773007,-1.779484,0.728985,-0.006694,0.000160,0.021543,-0.001507,0.102035,-0.001160
6695.840000,-0.532241,0.105757,0.199383,-1.772528,-1.778913,0.729609,-0.006195,0.000165,0.023278,-0.001534,0.106579,-0.001184
6695.848000,-0.532296,0.105737,0.199560,-1.771940,-1.778433,0.730278,-0.006718,0.000158,0.021383,-0.001497,0.100875,-0.001144
6695.856000,-0.532346,0.105771,0.199755,-1.771438,-1.777757,0.730937,-0.006408,0.000165,0.024260,-0.001555,0.107174,-0.001163
6695.864000,-0.532402,0.105741,0.199959,-1.770827,-1.777237,0.731637,-0.006326,0.000154,0.019284,-0.001422,0.096399,-0.001132
6695.872000,-0.532451,0.105741,0.200136,-1.770291,-1.776738,0.732251,-0.005998,0.000166,0.024744,-0.001554,0.108113,-0.001164
6695.880000,-0.532494,0.105765,0.200324,-1.769823,-1.776101,0.732853,-0.006747,0.000163,0.021173,-0.001514,0.102433,-0.001181
6695.888000,-0.532553,0.105756,0.200499,-1.769249,-1.775622,0.733509,-0.006204,0.000166,0.024122,-0.001549,0.106944,-0.001164
6695.896000,-0.532593,0.105766,0.200674,-1.768756,-1.775077,0.734080,-0.006265,0.000155,0.022155,-0.001463,0.099352,-0.001091
6695.904000,-0.532648,0.105776,0.200871,-1.768238,-1.774439,0.734741,-0.006244,0.000168,0.024976,-0.001570,0.108411,-0.001163
6695.912000,-0.532698,0.105774,0.201062,-1.767685,-1.773897,0.735433,-0.006506,0.000159,0.021322,-0.001475,0.099648,-0.001125
6695.920000,-0.532746,0.105783,0.201228,-1.767179,-1.773368,0.736011,-0.006089,0.000168,0.023526,-0.001539,0.106771,-0.001182
6695.928000,-0.532797,0.105771,0.201394,-1.766610,-1.772909,0.736602,-0.006206,0.000152,0.019022,-0.001388,0.093523,-0.001090
6695.936000,-0.532844,0.105781,0.201585,-1.766082,-1.772306,0.737233,-0.005942,0.000163,0.023477,-0.001506,0.104082,-0.001135
6695.944000,-0.532890,0.105769,0.201774,-1.765555,-1.771787,0.737865,-0.006567,0.000153,0.019339,-0.001417,0.094131,-0.001091
6695.952000,-0.532942,0.105775,0.201924,-1.765099,-1.771270,0.738475,-0.005621,0.000159,0.022553,-0.001453,0.100790,-0.001105
6695.960000,-0.532986,0.105779,0.202127,-1.764519,-1.770691,0.739091,-0.006206,0.000155,0.019887,-0.001415,0.095402,-0.001096
6695.968000,-0.533040,0.105758,0.202294,-1.763989,-1.770214,0.739756,-0.006074,0.000170,0.025075,-0.001576,0.108540,-0.001164
6695.976000,-0.533079,0.105792,0.202486,-1.763451,-1.769639,0.740347,-0.006065,0.000162,0.022440,-0.001482,0.101417,-0.001122
6695.984000,-0.533134,0.105771,0.202667,-1.762933,-1.769111,0.741053,-0.006109,0.000163,0.022459,-0.001495,0.101949,-0.001131
6695.992000,-0.533175,0.105796,0.202859,-1.762437,-1.768493,0.741604,-0.006377,0.000157,0.020197,-0.001434,0.096111,-0.001100
6696.000000,-0.533232,0.105764,0.203025,-1.761930,-1.767988,0.742292,-0.005734,0.000159,0.022362,-0.001454,0.099553,-0.001090
6696.008000,-0.533277,0.105784,0.203220,-1.761354,-1.767439,0.742896,-0.006496,0.000157,0.018996,-0.001420,0.094381,-0.001109
6696.016000,-0.533326,0.105784,0.203383,-1.760888,-1.766925,0.743497,-0.005715,0.000166,0.022716,-0.001488,0.102884,-0.001140
6696.024000,-0.533371,0.105771,0.203588,-1.760312,-1.766363,0.744116,-0.005879,0.000157,0.021897,-0.001442,0.097708,-0.001073
6696.032000,-0.533424,0.105781,0.203745,-1.759790,-1.765860,0.744750,-0.005850,0.000165,0.023061,-0.001498,0.102673,-0.001125
6696.040000,-0.533460,0.105801,0.203932,-1.759329,-1.765279,0.745350,-0.005727,0.000146,0.017123,-0.001293,0.086818,-0.001033
6696.048000,-0.533509,0.105799,0.204100,-1.758829,-1.764738,0.745921,-0.005387,0.000160,0.020713,-0.001407,0.097439,-0.001108
6696.056000,-0.533550,0.105805,0.204267,-1.758343,-1.764213,0.746541,-0.005902,0.000153,0.018171,-0.001352,0.090915,-0.001074
6696.064000,-0.533596,0.105795,0.204429,-1.757794,-1.763736,0.747098,-0.005406,0.000166,0.022776,-0.001473,0.102395,-0.001130
6696.072000,-0.533643,0.105790,0.204588,-1.757291,-1.763262,0.747665,-0.005593,0.000156,0.020621,-0.001396,0.095033,-0.001067
6696.080000,-0.533690,0.105798,0.204760,-1.756739,-1.762714,0.748283,-0.005578,0.000166,0.023555,-0.001493,0.102942,-0.001115
6696.088000,-0.533731,0.105791,0.204953,-1.756272,-1.762180,0.748914,-0.005383,0.000148,0.019491,-0.001322,0.089430,-0.001002
6696.096000,-0.533783,0.105765,0.205120,-1.755711,-1.761749,0.749533,-0.005494,0.000165,0.022515,-0.001471,0.101029,-0.001115
6696.104000,-0.533828,0.105783,0.205275,-1.755248,-1.761171,0.750066,-0.005694,0.000151,0.018444,-0.001339,0.089708,-0.001043
6696.112000,-0.533868,0.105806,0.205458,-1.754751,-1.760610,0.750716,-0.005347,0.000168,0.023155,-0.001481,0.102908,-0.001128
6696.136000,-0.534004,0.105780,0.205947,-1.753181,-1.759168,0.752432,-0.005277,0.000138,0.015274,-0.001197,0.079499,-0.000961
6696.144000,-0.534044,0.105792,0.206079,-1.752826,-1.758639,0.752906,-0.005278,0.000161,0.021209,-0.001413,0.096979,-0.001085
6696.152000,-0.534081,0.105821,0.206260,-1.752286,-1.758119,0.753515,-0.005679,0.000152,0.018167,-0.001326,0.088768,-0.001036
6696.160000,-0.534128,0.105808,0.206436,-1.751785,-1.757570,0.754176,-0.005194,0.000166,0.022425,-0.001448,0.100277,-0.001105
6696.168000,-0.534175,0.105783,0.206574,-1.751316,-1.757159,0.754733,-0.005538,0.000153,0.018635,-0.001341,0.089866,-0.001041
6696.176000,-0.534216,0.105806,0.206746,-1.750811,-1.756614,0.755250,-0.005331,0.000163,0.022322,-0.001435,0.098269,-0.001072
6696.184000,-0.534258,0.105814,0.206943,-1.750291,-1.756014,0.755902,-0.005390,0.000152,0.018347,-0.001314,0.088466,-0.001025
6696.192000,-0.534298,0.105822,0.207075,-1.749863,-1.755595,0.756370,-0.005113,0.000158,0.021022,-0.001375,0.094348,-0.001044
6696.200000,-0.534337,0.105828,0.207257,-1.749404,-1.755026,0.756998,-0.005463,0.000156,0.018738,-0.001344,0.090839,-0.001056
6696.208000,-0.534383,0.105809,0.207401,-1.748892,-1.754614,0.757551,-0.005109,0.000161,0.021765,-0.001406,0.096529,-0.001059
6696.216000,-0.534422,0.105816,0.207564,-1.748409,-1.754105,0.758131,-0.005544,0.000159,0.018431,-0.001356,0.091337,-0.001076
6696.224000,-0.534466,0.105823,0.207740,-1.747875,-1.753563,0.758751,-0.004961,0.000161,0.022683,-0.001406,0.096956,-0.001037
6696.232000,-0.534512,0.105801,0.207900,-1.747368,-1.753131,0.759279,-0.005327,0.000146,0.014434,-0.001221,0.081214,-0.001024
6696.240000,-0.534544,0.105816,0.208035,-1.746960,-1.752607,0.759781,-0.004791,0.000164,0.022863,-0.001421,0.098710,-0.001063
6696.248000,-0.534578,0.105853,0.208195,-1.746535,-1.752069,0.760341,-0.005703,0.000158,0.017996,-0.001341,0.089626,-0.001060
6696.256000,-0.534626,0.105826,0.208362,-1.746011,-1.751600,0.760881,-0.004747,0.000163,0.023520,-0.001420,0.098461,-0.001037
6696.264000,-0.534670,0.105826,0.208541,-1.745474,-1.751087,0.761507,-0.005611,0.000157,0.018135,-0.001340,0.089271,-0.001049
6696.272000,-0.534711,0.105828,0.208697,-1.744987,-1.750555,0.762081,-0.004756,0.000161,0.022223,-0.001390,0.096069,-0.001037
6696.280000,-0.534747,0.105841,0.208852,-1.744595,-1.750097,0.762577,-0.005181,0.000144,0.016521,-0.001224,0.081387,-0.000957
6696.288000,-0.534791,0.105831,0.208996,-1.744117,-1.749639,0.763110,-0.005045,0.000166,0.022333,-0.001429,0.098091,-0.001071
6696.296000,-0.534831,0.105830,0.209174,-1.743571,-1.749159,0.763708,-0.005316,0.000160,0.019854,-0.001368,0.092263,-0.001047
6696.304000,-0.534874,0.105834,0.209341,-1.743090,-1.748637,0.764233,-0.004701,0.000161,0.022266,-0.001386,0.095700,-0.001029
6696.312000,-0.534918,0.105808,0.209494,-1.742576,-1.748168,0.764866,-0.005134,0.000159,0.018270,-0.001333,0.090058,-0.001060
6696.320000,-0.534955,0.105810,0.209633,-1.742132,-1.747744,0.765333,-0.004717,0.000160,0.021360,-0.001368,0.093787,-0.001024
6696.328000,-0.534995,0.105829,0.209822,-1.741629,-1.747160,0.765971,-0.004823,0.000148,0.017381,-0.001246,0.084009,-0.000978
6696.336000,-0.535028,0.105836,0.209933,-1.741248,-1.746746,0.766417,-0.004720,0.000159,0.021145,-0.001355,0.092963,-0.001017
6696.344000,-0.535067,0.105839,0.210126,-1.740722,-1.746208,0.766985,-0.005235,0.000152,0.018178,-0.001294,0.086166,-0.000991
6696.352000,-0.535108,0.105818,0.210275,-1.740214,-1.745776,0.767587,-0.004607,0.000160,0.020147,-0.001343,0.092364,-0.001040
6696.360000,-0.535140,0.105852,0.210431,-1.739782,-1.745268,0.768075,-0.004961,0.000149,0.017004,-0.001242,0.083199,-0.000976
6696.368000,-0.535186,0.105834,0.210541,-1.739405,-1.744857,0.768571,-0.004759,0.000168,0.021622,-0.001408,0.097056,-0.001077
6696.376000,-0.535222,0.105849,0.210709,-1.738935,-1.744302,0.769132,-0.004798,0.000156,0.018419,-0.001293,0.087906,-0.001016
6696.384000,-0.535257,0.105847,0.210897,-1.738397,-1.743743,0.769714,-0.004657,0.000168,0.021542,-0.001404,0.097171,-0.001083
6696.392000,-0.535299,0.105838,0.211062,-1.737898,-1.743287,0.770326,-0.004938,0.000156,0.018584,-0.001303,0.087762,-0.001008
6696.400000,-0.535332,0.105846,0.211221,-1.737395,-1.742803,0.770843,-0.004435,0.000162,0.021559,-0.001361,0.094113,-0.001025
6696.408000,-0.535378,0.105827,0.211347,-1.736929,-1.742395,0.771375,-0.004774,0.000151,0.017780,-0.001258,0.084469,-0.000974
6696.416000,-0.535408,0.105842,0.211516,-1.736530,-1.741870,0.771891,-0.004398,0.000163,0.021647,-0.001362,0.094161,-0.001024
6696.424000,-0.535446,0.105845,0.211684,-1.736030,-1.741346,0.772455,-0.004677,0.000148,0.016195,-0.001215,0.081680,-0.000976
6696.432000,-0.535480,0.105853,0.211805,-1.735598,-1.740934,0.772890,-0.004259,0.000157,0.019678,-0.001297,0.089704,-0.001007
6696.440000,-0.535516,0.105859,0.211982,-1.735134,-1.740412,0.773486,-0.004935,0.000153,0.018182,-0.001277,0.085351,-0.000978
6696.448000,-0.535557,0.105849,0.212108,-1.734696,-1.739985,0.773958,-0.004353,0.000158,0.019449,-0.001298,0.089215,-0.001006
6696.456000,-0.535595,0.105834,0.212259,-1.734239,-1.739572,0.774534,-0.004627,0.000151,0.017544,-0.001247,0.083913,-0.000973
6696.464000,-0.535627,0.105867,0.212385,-1.733844,-1.739025,0.774944,-0.004688,0.000169,0.020793,-0.001386,0.095105,-0.001071
6696.472000,-0.535664,0.105852,0.212576,-1.733305,-1.738541,0.775583,-0.004657,0.000152,0.017166,-0.001246,0.083884,-0.000985
6696.480000,-0.535704,0.105851,0.212713,-1.732911,-1.738070,0.776131,-0.004551,0.000168,0.020854,-0.001380,0.094822,-0.001064
6696.488000,-0.535739,0.105844,0.212887,-1.732380,-1.737571,0.776649,-0.004511,0.000155,0.017676,-0.001261,0.085342,-0.000995
6696.496000,-0.535772,0.105866,0.213014,-1.731908,-1.737172,0.777150,-0.004125,0.000150,0.018098,-0.001220,0.083645,-0.000949
6696.504000,-0.535803,0.105881,0.213150,-1.731507,-1.736688,0.777626,-0.004685,0.000151,0.016486,-0.001222,0.081982,-0.000973
6696.512000,-0.535842,0.105878,0.213307,-1.731042,-1.736191,0.778150,-0.004280,0.000155,0.019956,-0.001279,0.087369,-0.000956
6696.520000,-0.535881,0.105846,0.213480,-1.730549,-1.735800,0.778699,-0.004772,0.000148,0.015770,-0.001203,0.079532,-0.000952
6696.528000,-0.535910,0.105898,0.213579,-1.730213,-1.735283,0.779123,-0.004045,0.000157,0.018308,-0.001250,0.086770,-0.001001
6696.536000,-0.535952,0.105847,0.213734,-1.729697,-1.734951,0.779665,-0.004544,0.000151,0.016631,-0.001222,0.081857,-0.000967
6696.544000,-0.535981,0.105880,0.213842,-1.729354,-1.734471,0.780100,-0.004311,0.000156,0.018178,-0.001257,0.085787,-0.000987
6696.552000,-0.536020,0.105862,0.214012,-1.728813,-1.733999,0.780683,-0.004331,0.000155,0.017257,-0.001241,0.084364,-0.000992
6696.560000,-0.536050,0.105885,0.214155,-1.728431,-1.733460,0.781169,-0.004129,0.000156,0.018693,-0.001254,0.086094,-0.000976
6696.568000,-0.536084,0.105885,0.214300,-1.727927,-1.733034,0.781678,-0.004471,0.000157,0.017764,-0.001258,0.085135,-0.000990
6696.576000,-0.536122,0.105866,0.214460,-1.727460,-1.732542,0.782281,-0.004107,0.000155,0.017562,-0.001237,0.084747,-0.000989
6696.584000,-0.536154,0.105877,0.214588,-1.727045,-1.732087,0.782708,-0.004195,0.000149,0.016709,-0.001193,0.080755,-0.000944
6696.592000,-0.536188,0.105882,0.214769,-1.726547,-1.731624,0.783273,-0.004312,0.000161,0.019373,-0.001299,0.088601,-0.001000
6696.600000,-0.536228,0.105872,0.214889,-1.726127,-1.731194,0.783739,-0.004374,0.000150,0.016001,-0.001194,0.080141,-0.000957
6696.608000,-0.536255,0.105879,0.215041,-1.725671,-1.730755,0.784235,-0.003979,0.000160,0.019663,-0.001287,0.088740,-0.000993
6696.616000,-0.536292,0.105887,0.215141,-1.725317,-1.730295,0.784689,-0.004653,0.000142,0.014141,-0.001132,0.074106,-0.000908
6696.624000,-0.536318,0.105903,0.215303,-1.724909,-1.729796,0.785158,-0.003696,0.000151,0.019636,-0.001223,0.084547,-0.000916
6696.632000,-0.536357,0.105880,0.215426,-1.724436,-1.729501,0.785659,-0.004325,0.000144,0.014146,-0.001130,0.075295,-0.000930
6696.640000,-0.536385,0.105877,0.215578,-1.723954,-1.729029,0.786161,-0.003396,0.000154,0.019309,-0.001226,0.085850,-0.000951
6696.648000,-0.536417,0.105900,0.215705,-1.723643,-1.728513,0.786590,-0.004604,0.000152,0.015428,-0.001195,0.079393,-0.000963
6696.656000,-0.536453,0.105867,0.215857,-1.723156,-1.728136,0.787139,-0.003528,0.000151,0.019348,-0.001214,0.083885,-0.000914
6696.664000,-0.536478,0.105901,0.215991,-1.722764,-1.727648,0.787588,-0.004295,0.000150,0.016074,-0.001183,0.079326,-0.000940
6696.672000,-0.536519,0.105868,0.216131,-1.722246,-1.727279,0.788134,-0.003837,0.000162,0.020237,-0.001297,0.089335,-0.000986
6696.680000,-0.536552,0.105886,0.216274,-1.721848,-1.726770,0.788571,-0.004389,0.000159,0.015996,-0.001234,0.083108,-0.001014
6696.688000,-0.536578,0.105872,0.216432,-1.721359,-1.726349,0.789116,-0.003515,0.000153,0.019180,-0.001222,0.084470,-0.000931
6696.696000,-0.536611,0.105886,0.216539,-1.721000,-1.725895,0.789569,-0.004457,0.000155,0.016016,-0.001218,0.081286,-0.000980
6696.704000,-0.536642,0.105892,0.216687,-1.720511,-1.725472,0.790073,-0.003753,0.000148,0.017262,-0.001167,0.079518,-0.000904
6696.712000,-0.536672,0.105902,0.216846,-1.720093,-1.724941,0.790584,-0.004144,0.000153,0.016911,-0.001205,0.081258,-0.000949
6696.720000,-0.536701,0.105903,0.216955,-1.719704,-1.724560,0.791005,-0.003697,0.000150,0.017301,-0.001176,0.080472,-0.000921
6696.728000,-0.536739,0.105893,0.217076,-1.719316,-1.724120,0.791469,-0.004209,0.000154,0.016736,-0.001212,0.081382,-0.000957
6696.736000,-0.536766,0.105902,0.217215,-1.718889,-1.723672,0.791926,-0.003752,0.000141,0.014549,-0.001092,0.073805,-0.000889
6696.744000,-0.536804,0.105882,0.217314,-1.718459,-1.723351,0.792381,-0.003700,0.000146,0.014178,-0.001114,0.075875,-0.000941
6696.752000,-0.536825,0.105909,0.217448,-1.718093,-1.722848,0.792849,-0.003882,0.000145,0.015674,-0.001130,0.076053,-0.000894
6696.760000,-0.536865,0.105881,0.217591,-1.717656,-1.722447,0.793410,-0.004002,0.000158,0.017285,-0.001233,0.083635,-0.000981
6696.768000,-0.536885,0.105916,0.217725,-1.717248,-1.722019,0.793788,-0.003896,0.000155,0.017255,-0.001203,0.081795,-0.000948
6696.776000,-0.536922,0.105912,0.217851,-1.716825,-1.721543,0.794276,-0.003953,0.000160,0.017296,-0.001236,0.084306,-0.000994
6696.784000,-0.536946,0.105912,0.218026,-1.716353,-1.721057,0.794845,-0.003926,0.000160,0.017916,-0.001241,0.084599,-0.000978
6696.792000,-0.536984,0.105899,0.218163,-1.715890,-1.720651,0.795349,-0.003935,0.000153,0.016342,-0.001184,0.079954,-0.000945
6696.800000,-0.537011,0.105891,0.218310,-1.715444,-1.720239,0.795763,-0.003528,0.000156,0.019211,-0.001228,0.084192,-0.000926
6696.808000,-0.537046,0.105911,0.218419,-1.715060,-1.719789,0.796219,-0.004100,0.000149,0.014444,-0.001137,0.075846,-0.000933
6696.816000,-0.537069,0.105902,0.218563,-1.714662,-1.719419,0.796719,-0.003244,0.000149,0.017972,-0.001163,0.080362,-0.000897
6696.824000,-0.537102,0.105911,0.218696,-1.714253,-1.718936,0.797182,-0.003802,0.000157,0.017845,-0.001218,0.082763,-0.000947
6696.832000,-0.537132,0.105894,0.218820,-1.713857,-1.718540,0.797638,-0.003030,0.000150,0.019290,-0.001178,0.081901,-0.000881
6696.840000,-0.537166,0.105909,0.218943,-1.713455,-1.718095,0.798070,-0.003758,0.000152,0.016982,-0.001179,0.079758,-0.000920
6696.848000,-0.537183,0.105922,0.219092,-1.713077,-1.717675,0.798513,-0.002961,0.000147,0.018740,-0.001149,0.080104,-0.000866
6696.856000,-0.537216,0.105929,0.219184,-1.712702,-1.717297,0.798929,-0.003580,0.000151,0.015392,-0.001137,0.077716,-0.000936
6696.864000,-0.537234,0.105956,0.219316,-1.712327,-1.716827,0.799366,-0.003950,0.000149,0.014777,-0.001129,0.075832,-0.000922
6696.864000,-0.537234,0.105956,0.219316,-1.712327,-1.716827,0.799366,-0.003950,0.000149,0.014777,-0.001129,0.075832,-0.000922
6696.880000,-0.537308,0.105900,0.219561,-1.711420,-1.716123,0.800304,-0.003719,0.000145,0.014885,-0.001110,0.074370,-0.000891
6696.888000,-0.537336,0.105917,0.219678,-1.711076,-1.715592,0.800760,-0.003339,0.000158,0.017685,-0.001203,0.083195,-0.000961
6696.896000,-0.537359,0.105934,0.219836,-1.710591,-1.715195,0.801245,-0.004278,0.000146,0.012396,-0.001090,0.071350,-0.000919
6696.904000,-0.537392,0.105931,0.219941,-1.710195,-1.714767,0.801681,-0.003444,0.000149,0.016333,-0.001132,0.077136,-0.000894
6696.912000,-0.537423,0.105905,0.220067,-1.709795,-1.714449,0.802119,-0.003970,0.000137,0.012258,-0.001035,0.067550,-0.000853
6696.920000,-0.537450,0.105932,0.220170,-1.709464,-1.714002,0.802526,-0.003692,0.000154,0.017189,-0.001180,0.079768,-0.000914
6696.928000,-0.537486,0.105907,0.220314,-1.709006,-1.713636,0.803000,-0.004202,0.000137,0.011663,-0.001032,0.066437,-0.000852
6696.936000,-0.537508,0.105924,0.220454,-1.708606,-1.713133,0.803443,-0.003115,0.000149,0.016751,-0.001132,0.078085,-0.000897
6696.944000,-0.537538,0.105929,0.220537,-1.708327,-1.712768,0.803864,-0.003988,0.000137,0.012025,-0.001028,0.067061,-0.000852
6696.952000,-0.537561,0.105931,0.220685,-1.707937,-1.712338,0.804306,-0.003237,0.000153,0.017124,-0.001158,0.079667,-0.000915
6696.960000,-0.537589,0.105938,0.220800,-1.707529,-1.711927,0.804756,-0.004039,0.000139,0.011314,-0.001025,0.066807,-0.000872
6696.968000,-0.537614,0.105934,0.220950,-1.707056,-1.711494,0.805230,-0.002696,0.000136,0.015001,-0.001020,0.070877,-0.000822
6696.976000,-0.537639,0.105945,0.221058,-1.706670,-1.711146,0.805643,-0.003637,0.000144,0.013259,-0.001063,0.071202,-0.000888
6696.984000,-0.537667,0.105934,0.221144,-1.706366,-1.710801,0.806019,-0.003214,0.000148,0.015860,-0.001109,0.075857,-0.000887
6696.992000,-0.537698,0.105937,0.221272,-1.705900,-1.710364,0.806461,-0.003379,0.000140,0.013795,-0.001043,0.070148,-0.000850
6697.000000,-0.537723,0.105938,0.221383,-1.705541,-1.710014,0.806842,-0.003456,0.000136,0.012544,-0.001008,0.067229,-0.000838
6697.008000,-0.537755,0.105937,0.221481,-1.705194,-1.709613,0.807303,-0.003488,0.000143,0.014650,-0.001077,0.072166,-0.000859
6697.016000,-0.537779,0.105932,0.221622,-1.704770,-1.709219,0.807751,-0.003789,0.000142,0.012391,-0.001049,0.069227,-0.000881
6697.024000,-0.537806,0.105940,0.221714,-1.704420,-1.708857,0.808126,-0.002951,0.000143,0.014562,-0.001057,0.072837,-0.000874
6697.032000,-0.537831,0.105950,0.221836,-1.704003,-1.708440,0.808507,-0.003684,0.000140,0.011661,-0.001023,0.067794,-0.000879
6697.040000,-0.537859,0.105945,0.221944,-1.703690,-1.708034,0.808943,-0.003161,0.000150,0.017077,-0.001130,0.077136,-0.000870
6697.048000,-0.537891,0.105918,0.222100,-1.703201,-1.707634,0.809487,-0.003363,0.000141,0.013038,-0.001037,0.069486,-0.000864
6697.056000,-0.537918,0.105917,0.222202,-1.702842,-1.707283,0.809905,-0.003111,0.000148,0.015843,-0.001108,0.075574,-0.000883
6697.064000,-0.537936,0.105947,0.222350,-1.702456,-1.706764,0.810347,-0.003773,0.000140,0.012115,-0.001031,0.067703,-0.000862
6697.072000,-0.537970,0.105928,0.222453,-1.702055,-1.706433,0.810760,-0.003189,0.000149,0.015997,-0.001112,0.075497,-0.000876
6697.080000,-0.537990,0.105944,0.222571,-1.701724,-1.706011,0.811133,-0.003597,0.000130,0.009723,-0.000938,0.061314,-0.000824
6697.088000,-0.538018,0.105950,0.222657,-1.701330,-1.705665,0.811538,-0.002536,0.000140,0.014629,-0.001024,0.071543,-0.000848
6697.096000,-0.538042,0.105925,0.222762,-1.700940,-1.705386,0.811916,-0.003663,0.000127,0.009760,-0.000926,0.059699,-0.000792
6697.104000,-0.538064,0.105944,0.222846,-1.700691,-1.705015,0.812269,-0.002863,0.000147,0.016049,-0.001090,0.075032,-0.000866
6697.112000,-0.538088,0.105951,0.222970,-1.700310,-1.704570,0.812741,-0.003652,0.000133,0.010548,-0.000965,0.062953,-0.000827
6697.120000,-0.538111,0.105961,0.223066,-1.699952,-1.704235,0.813036,-0.002773,0.000137,0.014580,-0.001012,0.069372,-0.000810
6697.128000,-0.538132,0.105981,0.223201,-1.699538,-1.703776,0.813497,-0.004065,0.000150,0.012763,-0.001091,0.071317,-0.000909
6697.136000,-0.538166,0.105953,0.223303,-1.699135,-1.703394,0.813928,-0.002904,0.000155,0.017529,-0.001153,0.079514,-0.000900
6697.144000,-0.538193,0.105961,0.223443,-1.698728,-1.702975,0.814363,-0.003617,0.000136,0.011581,-0.000990,0.064684,-0.000824
6697.152000,-0.538216,0.105959,0.223540,-1.698445,-1.702630,0.814778,-0.002760,0.000151,0.016319,-0.001106,0.076662,-0.000888
6697.160000,-0.538242,0.105961,0.223650,-1.698067,-1.702231,0.815184,-0.003552,0.000142,0.012794,-0.001037,0.068552,-0.000856
6697.168000,-0.538261,0.105978,0.223817,-1.697602,-1.701745,0.815619,-0.002653,0.000141,0.015673,-0.001042,0.071879,-0.000820
6697.176000,-0.538290,0.105968,0.223892,-1.697246,-1.701487,0.816021,-0.003444,0.000136,0.011035,-0.000974,0.064290,-0.000836
6697.184000,-0.538313,0.105958,0.224014,-1.696891,-1.701061,0.816457,-0.002657,0.000143,0.016718,-0.001066,0.073230,-0.000810
6697.192000,-0.538340,0.105958,0.224129,-1.696493,-1.700702,0.816868,-0.003586,0.000139,0.011463,-0.001003,0.065781,-0.000850
6697.200000,-0.538361,0.105966,0.224222,-1.696220,-1.700338,0.817227,-0.002835,0.000134,0.013542,-0.000980,0.066333,-0.000789
6697.208000,-0.538386,0.105972,0.224312,-1.695902,-1.699957,0.817627,-0.003129,0.000130,0.010908,-0.000928,0.061650,-0.000791
6697.216000,-0.538404,0.105976,0.224398,-1.695547,-1.699624,0.817932,-0.002513,0.000132,0.013699,-0.000958,0.065849,-0.000774
6697.224000,-0.538437,0.105962,0.224482,-1.695218,-1.699387,0.818270,-0.003574,0.000134,0.011465,-0.000973,0.063131,-0.000800
6697.232000,-0.538457,0.105963,0.224596,-1.694837,-1.698995,0.818687,-0.002848,0.000147,0.014734,-0.001064,0.072818,-0.000871
6697.240000,-0.538491,0.105951,0.224661,-1.694516,-1.698682,0.819052,-0.003355,0.000136,0.012258,-0.000989,0.064971,-0.000808
6697.248000,-0.538506,0.105971,0.224806,-1.694124,-1.698248,0.819484,-0.003134,0.000137,0.012473,-0.000987,0.065868,-0.000817
6697.256000,-0.538535,0.105975,0.224924,-1.693760,-1.697823,0.819872,-0.003286,0.000139,0.013403,-0.001011,0.066793,-0.000803
6697.264000,-0.538557,0.105971,0.225019,-1.693436,-1.697458,0.820251,-0.003211,0.000136,0.011861,-0.000976,0.064674,-0.000816
6697.272000,-0.538583,0.105982,0.225117,-1.693049,-1.697108,0.820658,-0.002923,0.000129,0.011023,-0.000914,0.061084,-0.000777
6697.280000,-0.538604,0.105975,0.225195,-1.692757,-1.696817,0.821002,-0.002867,0.000124,0.010619,-0.000886,0.058995,-0.000751
6697.288000,-0.538625,0.106004,0.225288,-1.692486,-1.696394,0.821332,-0.003117,0.000145,0.013706,-0.001038,0.069994,-0.000853
6697.296000,-0.538656,0.105982,0.225381,-1.692094,-1.696073,0.821707,-0.003193,0.000133,0.011446,-0.000949,0.062551,-0.000790
6697.304000,-0.538681,0.105987,0.225477,-1.691774,-1.695742,0.822081,-0.002958,0.000142,0.012946,-0.001009,0.068221,-0.000846
6697.312000,-0.538706,0.105975,0.225582,-1.691381,-1.695357,0.822522,-0.003013,0.000130,0.011400,-0.000929,0.061597,-0.000774
6697.320000,-0.538731,0.105977,0.225668,-1.691015,-1.695072,0.822821,-0.002946,0.000140,0.012387,-0.000992,0.066893,-0.000840
6697.328000,-0.538756,0.105976,0.225749,-1.690725,-1.694752,0.823194,-0.003068,0.000135,0.012306,-0.000965,0.064013,-0.000789
6697.336000,-0.538780,0.105978,0.225879,-1.690297,-1.694351,0.823626,-0.002860,0.000122,0.009690,-0.000856,0.056641,-0.000739
6697.344000,-0.538803,0.105980,0.225927,-1.690102,-1.694089,0.823856,-0.002774,0.000125,0.009833,-0.000871,0.058204,-0.000764
6697.352000,-0.538820,0.105998,0.226032,-1.689786,-1.693668,0.824297,-0.002922,0.000133,0.012645,-0.000954,0.063625,-0.000770
6697.360000,-0.538849,0.105983,0.226127,-1.689455,-1.693319,0.824654,-0.003209,0.000140,0.011563,-0.000987,0.065407,-0.000841
6697.368000,-0.538867,0.106008,0.226222,-1.689080,-1.692963,0.824996,-0.002861,0.000125,0.010540,-0.000882,0.058630,-0.000748
6697.376000,-0.538891,0.106003,0.226311,-1.688785,-1.692637,0.825351,-0.002905,0.000130,0.011491,-0.000919,0.061108,-0.000762
6697.384000,-0.538921,0.105992,0.226372,-1.688485,-1.692358,0.825662,-0.003081,0.000127,0.010031,-0.000890,0.058299,-0.000759
6697.392000,-0.538938,0.106016,0.226449,-1.688252,-1.692023,0.825997,-0.003125,0.000125,0.010195,-0.000878,0.057226,-0.000733
6697.400000,-0.538976,0.105960,0.226547,-1.687805,-1.691778,0.826405,-0.002921,0.000127,0.010246,-0.000895,0.059061,-0.000766
6697.408000,-0.538986,0.106020,0.226641,-1.687569,-1.691320,0.826703,-0.002860,0.000129,0.010589,-0.000900,0.060092,-0.000774
6697.416000,-0.539016,0.105975,0.226707,-1.687214,-1.691106,0.827074,-0.002887,0.000132,0.011622,-0.000935,0.062124,-0.000777
6697.424000,-0.539039,0.105990,0.226829,-1.686790,-1.690741,0.827425,-0.002909,0.000131,0.011368,-0.000922,0.061118,-0.000767
6697.432000,-0.539059,0.105996,0.226904,-1.686522,-1.690392,0.827784,-0.002960,0.000126,0.009415,-0.000870,0.057269,-0.000761
6697.440000,-0.539081,0.105998,0.227005,-1.686196,-1.690015,0.828175,-0.002700,0.000138,0.012543,-0.000971,0.065724,-0.000814
6697.448000,-0.539104,0.105991,0.227075,-1.685908,-1.689748,0.828494,-0.003149,0.000127,0.009677,-0.000885,0.057518,-0.000757
6697.456000,-0.539132,0.105966,0.227156,-1.685541,-1.689492,0.828842,-0.002836,0.000128,0.009539,-0.000884,0.058644,-0.000783
6697.464000,-0.539151,0.106006,0.227236,-1.685283,-1.689060,0.829182,-0.002793,0.000125,0.010563,-0.000876,0.058002,-0.000736
6697.472000,-0.539171,0.106015,0.227301,-1.685021,-1.688770,0.829433,-0.002788,0.000122,0.007946,-0.000823,0.054676,-0.000763
6697.480000,-0.539192,0.106000,0.227374,-1.684744,-1.688514,0.829792,-0.002697,0.000112,0.007500,-0.000764,0.050070,-0.000691
6697.488000,-0.539217,0.106012,0.227423,-1.684494,-1.688215,0.830010,-0.002846,0.000128,0.010495,-0.000891,0.059062,-0.000759
6697.496000,-0.539248,0.105999,0.227480,-1.684195,-1.687935,0.830357,-0.003030,0.000133,0.011061,-0.000927,0.060945,-0.000775
6697.504000,-0.539268,0.105989,0.227567,-1.683848,-1.687639,0.830670,-0.002762,0.000120,0.008226,-0.000818,0.053928,-0.000739
6697.512000,-0.539286,0.106009,0.227648,-1.683575,-1.687275,0.830995,-0.002807,0.000129,0.009744,-0.000884,0.058827,-0.000780
6697.520000,-0.539310,0.106008,0.227724,-1.683246,-1.686955,0.831372,-0.003051,0.000124,0.009207,-0.000856,0.055524,-0.000736
6697.528000,-0.539338,0.105989,0.227812,-1.682897,-1.686687,0.831730,-0.002857,0.000130,0.010565,-0.000904,0.059761,-0.000770
6697.536000,-0.539357,0.106005,0.227894,-1.682604,-1.686345,0.832018,-0.002945,0.000126,0.009537,-0.000870,0.056938,-0.000752
6697.544000,-0.539381,0.106001,0.227978,-1.682293,-1.686031,0.832440,-0.002622,0.000118,0.008620,-0.000805,0.053224,-0.000713
6697.552000,-0.539407,0.105994,0.228046,-1.681968,-1.685727,0.832700,-0.003027,0.000127,0.009181,-0.000874,0.056948,-0.000764
6697.560000,-0.539424,0.106011,0.228121,-1.681757,-1.685395,0.833042,-0.002872,0.000124,0.009048,-0.000846,0.055457,-0.000740
6697.568000,-0.539449,0.106027,0.228165,-1.681462,-1.685110,0.833277,-0.002723,0.000120,0.007321,-0.000800,0.053017,-0.000753
6697.576000,-0.539476,0.105995,0.228229,-1.681136,-1.684906,0.833604,-0.002602,0.000115,0.007245,-0.000773,0.051038,-0.000719
6697.584000,-0.539500,0.105997,0.228283,-1.680879,-1.684609,0.833890,-0.002756,0.000114,0.007014,-0.000766,0.049835,-0.000704
6697.592000,-0.539519,0.106009,0.228347,-1.680658,-1.684298,0.834210,-0.002930,0.000117,0.007140,-0.000790,0.051091,-0.000723
6697.600000,-0.539542,0.106011,0.228426,-1.680357,-1.683978,0.834526,-0.002866,0.000115,0.008125,-0.000788,0.050794,-0.000684
6697.608000,-0.539563,0.106025,0.228472,-1.680103,-1.683725,0.834744,-0.002947,0.000117,0.007830,-0.000792,0.050971,-0.000698
6697.616000,-0.539588,0.106019,0.228524,-1.679831,-1.683473,0.835045,-0.002706,0.000106,0.006507,-0.000713,0.045795,-0.000645
6697.624000,-0.539603,0.106045,0.228609,-1.679588,-1.683130,0.835349,-0.002613,0.000111,0.007261,-0.000744,0.048742,-0.000675
6697.632000,-0.539642,0.105999,0.228630,-1.679321,-1.682963,0.835661,-0.002928,0.000118,0.007723,-0.000800,0.051522,-0.000712
6697.640000,-0.539661,0.105997,0.228712,-1.679020,-1.682664,0.835934,-0.002894,0.000125,0.008867,-0.000849,0.055328,-0.000745
6697.648000,-0.539686,0.105997,0.228777,-1.678678,-1.682402,0.836241,-0.002786,0.000121,0.007434,-0.000809,0.053032,-0.000750
6697.656000,-0.539706,0.105996,0.228843,-1.678454,-1.682088,0.836593,-0.002728,0.000114,0.006770,-0.000761,0.049461,-0.000706
6697.664000,-0.539723,0.106038,0.228892,-1.678241,-1.681714,0.836816,-0.002713,0.000121,0.008181,-0.000811,0.053420,-0.000732
6697.672000,-0.539752,0.106006,0.228934,-1.677935,-1.681508,0.837138,-0.002882,0.000123,0.007506,-0.000820,0.053506,-0.000757
6697.680000,-0.539769,0.106022,0.229044,-1.677621,-1.681125,0.837464,-0.002782,0.000119,0.008233,-0.000804,0.052308,-0.000710
6697.688000,-0.539799,0.105997,0.229078,-1.677322,-1.680957,0.837718,-0.002879,0.000120,0.006683,-0.000793,0.051435,-0.000746
6697.696000,-0.539811,0.106031,0.229173,-1.677034,-1.680537,0.838064,-0.002568,0.000107,0.005787,-0.000703,0.045785,-0.000670
6697.704000,-0.539837,0.106012,0.229197,-1.676829,-1.680324,0.838329,-0.002797,0.000109,0.005728,-0.000722,0.046250,-0.000681
6697.712000,-0.539864,0.106012,0.229242,-1.676566,-1.680102,0.838586,-0.003076,0.000118,0.006306,-0.000780,0.049676,-0.000726
6697.720000,-0.539886,0.106013,0.229306,-1.676229,-1.679814,0.838895,-0.002823,0.000111,0.005767,-0.000729,0.046647,-0.000687
6697.728000,-0.539904,0.106040,0.229333,-1.676101,-1.679528,0.839092,-0.002739,0.000105,0.004883,-0.000682,0.043637,-0.000660
6697.736000,-0.539926,0.106040,0.229397,-1.675802,-1.679248,0.839406,-0.002888,0.000109,0.005519,-0.000714,0.045368,-0.000672
6697.744000,-0.539951,0.106035,0.229430,-1.675594,-1.679012,0.839663,-0.002648,0.000112,0.006939,-0.000741,0.048095,-0.000675
6697.752000,-0.539977,0.106030,0.229475,-1.675319,-1.678819,0.839874,-0.002860,0.000110,0.006350,-0.000732,0.046537,-0.000665
6697.760000,-0.540001,0.106032,0.229552,-1.675065,-1.678465,0.840210,-0.002832,0.000115,0.006209,-0.000753,0.048493,-0.000707
6697.768000,-0.540022,0.106015,0.229602,-1.674753,-1.678272,0.840550,-0.002612,0.000100,0.004434,-0.000647,0.041150,-0.000629
6697.776000,-0.540042,0.106033,0.229624,-1.674604,-1.678036,0.840680,-0.002636,0.000102,0.004205,-0.000654,0.041878,-0.000651
6697.784000,-0.540063,0.106045,0.229644,-1.674395,-1.677797,0.840932,-0.002574,0.000107,0.005622,-0.000699,0.045377,-0.000668
6697.792000,-0.540083,0.106048,0.229677,-1.674194,-1.677558,0.841119,-0.003015,0.000110,0.005959,-0.000724,0.045396,-0.000658
6697.800000,-0.540107,0.106034,0.229753,-1.673898,-1.677293,0.841467,-0.002619,0.000113,0.006466,-0.000741,0.048311,-0.000695
6697.808000,-0.540128,0.106040,0.229786,-1.673720,-1.677065,0.841718,-0.002688,0.000100,0.005089,-0.000653,0.041150,-0.000607
6697.816000,-0.540150,0.106033,0.229833,-1.673506,-1.676855,0.841972,-0.002662,0.000109,0.004817,-0.000700,0.045329,-0.000695
6697.824000,-0.540171,0.106036,0.229875,-1.673197,-1.676575,0.842230,-0.002805,0.000112,0.005746,-0.000728,0.046595,-0.000688
6697.832000,-0.540195,0.106037,0.229914,-1.672979,-1.676327,0.842484,-0.002937,0.000110,0.005730,-0.000723,0.045603,-0.000670
6697.840000,-0.540218,0.106040,0.229971,-1.672719,-1.675997,0.842779,-0.002923,0.000115,0.005105,-0.000740,0.047342,-0.000724
6697.848000,-0.540243,0.106035,0.229986,-1.672470,-1.675890,0.843005,-0.002790,0.000099,0.003455,-0.000632,0.039482,-0.000631
6697.856000,-0.540260,0.106061,0.230010,-1.672325,-1.675566,0.843177,-0.002632,0.000107,0.004879,-0.000686,0.044352,-0.000675
6697.864000,-0.540285,0.106049,0.230054,-1.672070,-1.675341,0.843445,-0.002905,0.000103,0.003333,-0.000655,0.041039,-0.000665
6697.872000,-0.540311,0.106044,0.230070,-1.671814,-1.675147,0.843651,-0.002809,0.000112,0.005905,-0.000727,0.046413,-0.000679
6697.880000,-0.540333,0.106042,0.230104,-1.671594,-1.674948,0.843917,-0.002990,0.000105,0.004263,-0.000674,0.041806,-0.000648
6697.888000,-0.540356,0.106051,0.230149,-1.671384,-1.674689,0.844127,-0.002762,0.000099,0.003071,-0.000622,0.038974,-0.000635
6697.896000,-0.540381,0.106032,0.230172,-1.671157,-1.674483,0.844406,-0.002797,0.000108,0.005495,-0.000702,0.044409,-0.000655
6697.904000,-0.540397,0.106049,0.230216,-1.670955,-1.674214,0.844572,-0.002998,0.000099,0.003400,-0.000631,0.038470,-0.000615
6697.912000,-0.540423,0.106046,0.230264,-1.670740,-1.673948,0.844914,-0.002777,0.000108,0.003945,-0.000681,0.043426,-0.000690
6697.920000,-0.540442,0.106067,0.230275,-1.670523,-1.673732,0.845075,-0.002642,0.000110,0.005756,-0.000708,0.045646,-0.000670
6697.928000,-0.540468,0.106048,0.230324,-1.670229,-1.673519,0.845371,-0.002915,0.000097,0.002861,-0.000612,0.037440,-0.000614
6697.936000,-0.540484,0.106061,0.230337,-1.670097,-1.673288,0.845584,-0.002572,0.000093,0.001611,-0.000568,0.035839,-0.000626
6697.944000,-0.540513,0.106046,0.230310,-1.669927,-1.673211,0.845743,-0.002558,0.000094,0.003063,-0.000592,0.037287,-0.000604
6697.952000,-0.540532,0.106039,0.230377,-1.669700,-1.672946,0.845950,-0.002829,0.000096,0.002909,-0.000609,0.037450,-0.000612
6697.960000,-0.540555,0.106038,0.230399,-1.669467,-1.672764,0.846182,-0.002849,0.000103,0.003502,-0.000651,0.040598,-0.000652
6697.968000,-0.540577,0.106037,0.230430,-1.669287,-1.672515,0.846467,-0.002859,0.000103,0.003313,-0.000648,0.040388,-0.000654
6697.976000,-0.540599,0.106059,0.230446,-1.669106,-1.672265,0.846634,-0.002827,0.000106,0.004510,-0.000676,0.042482,-0.000653
6697.984000,-0.540616,0.106076,0.230471,-1.668903,-1.672023,0.846889,-0.002792,0.000114,0.005079,-0.000723,0.046537,-0.000711
6697.992000,-0.540643,0.106063,0.230511,-1.668592,-1.671812,0.847075,-0.002727,0.000099,0.003220,-0.000623,0.039041,-0.000632
6698.000000,-0.540661,0.106083,0.230536,-1.668438,-1.671570,0.847268,-0.002902,0.000113,0.004291,-0.000707,0.045032,-0.000709
6698.008000,-0.540690,0.106055,0.230559,-1.668198,-1.671392,0.847575,-0.002967,0.000120,0.006219,-0.000771,0.049101,-0.000720
6698.016000,-0.540714,0.106058,0.230612,-1.667920,-1.671103,0.847836,-0.002771,0.000097,0.003433,-0.000616,0.038106,-0.000607
6698.024000,-0.540736,0.106062,0.230628,-1.667752,-1.670917,0.848066,-0.002559,0.000095,0.002412,-0.000585,0.036927,-0.000620
6698.032000,-0.540755,0.106069,0.230638,-1.667582,-1.670740,0.848232,-0.002736,0.000092,0.002012,-0.000566,0.034689,-0.000591
6698.040000,-0.540777,0.106071,0.230689,-1.667380,-1.670459,0.848493,-0.002804,0.000096,0.002199,-0.000593,0.036587,-0.000621
6698.048000,-0.540801,0.106057,0.230696,-1.667139,-1.670349,0.848692,-0.002790,0.000097,0.003116,-0.000611,0.037689,-0.000610
6698.056000,-0.540824,0.106062,0.230715,-1.666981,-1.670093,0.848849,-0.002754,0.000089,0.001145,-0.000543,0.032992,-0.000588
6698.064000,-0.540844,0.106070,0.230706,-1.666847,-1.669932,0.848996,-0.002832,0.000093,0.000883,-0.000564,0.034521,-0.000627
6698.072000,-0.540870,0.106069,0.230705,-1.666698,-1.669764,0.849184,-0.002925,0.000088,0.001643,-0.000548,0.032422,-0.000561
6698.080000,-0.540888,0.106063,0.230743,-1.666481,-1.669570,0.849421,-0.002732,0.000102,0.002622,-0.000628,0.039573,-0.000663
6698.088000,-0.540913,0.106064,0.230747,-1.666336,-1.669387,0.849585,-0.003031,0.000090,0.001801,-0.000560,0.032843,-0.000563
6698.096000,-0.540936,0.106077,0.230752,-1.666127,-1.669239,0.849735,-0.002665,0.000101,0.002882,-0.000621,0.039237,-0.000648
6698.104000,-0.540962,0.106078,0.230761,-1.665987,-1.669031,0.849939,-0.002783,0.000085,0.000077,-0.000505,0.030164,-0.000572
6698.112000,-0.540984,0.106065,0.230779,-1.665783,-1.668839,0.850168,-0.002816,0.000088,-0.000068,-0.000521,0.031314,-0.000598
6698.120000,-0.541004,0.106071,0.230764,-1.665626,-1.668693,0.850340,-0.002577,0.000095,0.001890,-0.000577,0.036309,-0.000626
6698.144000,-0.541072,0.106047,0.230819,-1.665051,-1.668134,0.850977,-0.002877,0.000099,0.001892,-0.000605,0.037138,-0.000642
6698.152000,-0.541097,0.106054,0.230821,-1.664858,-1.667931,0.851169,-0.002783,0.000087,0.000599,-0.000522,0.031185,-0.000573
6698.160000,-0.541106,0.106098,0.230847,-1.664757,-1.667623,0.851294,-0.002819,0.000091,0.000381,-0.000540,0.032810,-0.000612
6698.168000,-0.541132,0.106071,0.230878,-1.664469,-1.667487,0.851552,-0.002862,0.000087,0.000830,-0.000525,0.031017,-0.000562
6698.176000,-0.541162,0.106057,0.230855,-1.664329,-1.667368,0.851725,-0.002977,0.000088,0.000490,-0.000529,0.030931,-0.000572
6698.184000,-0.541178,0.106100,0.230866,-1.664237,-1.667099,0.851831,-0.002750,0.000096,0.001836,-0.000583,0.036146,-0.000625
6698.192000,-0.541207,0.106074,0.230864,-1.664051,-1.666995,0.852027,-0.002950,0.000080,-0.000854,-0.000472,0.026919,-0.000542
6698.200000,-0.541231,0.106077,0.230848,-1.663856,-1.666891,0.852205,-0.002710,0.000081,0.000226,-0.000485,0.028602,-0.000537
6698.208000,-0.541250,0.106088,0.230868,-1.663739,-1.666606,0.852385,-0.002825,0.000090,-0.000478,-0.000526,0.031875,-0.000624
6698.216000,-0.541271,0.106074,0.230860,-1.663572,-1.666512,0.852558,-0.002798,0.000078,-0.000332,-0.000465,0.026728,-0.000521
6698.224000,-0.541299,0.106076,0.230844,-1.663408,-1.666380,0.852661,-0.002993,0.000101,0.002242,-0.000619,0.037708,-0.000642
6698.232000,-0.541318,0.106061,0.230898,-1.663118,-1.666170,0.852973,-0.002800,0.000088,0.000199,-0.000523,0.031281,-0.000589
6698.240000,-0.541343,0.106075,0.230869,-1.663039,-1.666005,0.853099,-0.002809,0.000076,-0.000287,-0.000452,0.025520,-0.000496
6698.248000,-0.541368,0.106066,0.230866,-1.662877,-1.665895,0.853175,-0.002690,0.000086,0.000340,-0.000512,0.030792,-0.000575
6698.256000,-0.541388,0.106079,0.230849,-1.662788,-1.665688,0.853358,-0.002814,0.000079,-0.000499,-0.000466,0.026838,-0.000529
6698.264000,-0.541411,0.106058,0.230868,-1.662584,-1.665557,0.853584,-0.002810,0.000082,-0.000871,-0.000477,0.027815,-0.000560
6698.272000,-0.541431,0.106093,0.230867,-1.662470,-1.665324,0.853713,-0.002885,0.000085,-0.000874,-0.000490,0.028769,-0.000579
6698.280000,-0.541452,0.106104,0.230856,-1.662332,-1.665159,0.853885,-0.002935,0.000078,-0.000754,-0.000458,0.025750,-0.000517
6698.288000,-0.541475,0.106092,0.230840,-1.662177,-1.665056,0.854026,-0.002760,0.000085,-0.000593,-0.000495,0.029546,-0.000584
6698.296000,-0.541498,0.106089,0.230850,-1.662047,-1.664869,0.854170,-0.002834,0.000066,-0.003761,-0.000357,0.018934,-0.000490
6698.304000,-0.541520,0.106100,0.230806,-1.661899,-1.664802,0.854273,-0.002638,0.000080,-0.000361,-0.000463,0.027394,-0.000535
6698.312000,-0.541544,0.106085,0.230784,-1.661843,-1.664671,0.854349,-0.002695,0.000067,-0.003643,-0.000362,0.019960,-0.000506
6698.320000,-0.541568,0.106083,0.230756,-1.661708,-1.664578,0.854504,-0.002900,0.000069,-0.003266,-0.000382,0.020501,-0.000503
6698.328000,-0.541593,0.106070,0.230766,-1.661518,-1.664409,0.854728,-0.002898,0.000092,0.000474,-0.000546,0.032632,-0.000606
6698.336000,-0.541614,0.106085,0.230769,-1.661370,-1.664203,0.854882,-0.002929,0.000084,-0.001379,-0.000481,0.027882,-0.000579
6698.344000,-0.541632,0.106097,0.230758,-1.661207,-1.664063,0.855017,-0.002690,0.000076,-0.002243,-0.000421,0.024384,-0.000542
6698.352000,-0.541658,0.106091,0.230703,-1.661164,-1.663973,0.855115,-0.002792,0.000079,-0.001082,-0.000453,0.026066,-0.000535
6698.360000,-0.541681,0.106072,0.230731,-1.660956,-1.663817,0.855327,-0.002749,0.000077,-0.001833,-0.000433,0.024858,-0.000537
6698.368000,-0.541699,0.106089,0.230732,-1.660820,-1.663603,0.855449,-0.003045,0.000078,-0.002326,-0.000440,0.024302,-0.000544
6698.376000,-0.541721,0.106104,0.230710,-1.660736,-1.663483,0.855614,-0.002871,0.000084,-0.000524,-0.000486,0.028304,-0.000558
6698.384000,-0.541751,0.106072,0.230693,-1.660556,-1.663415,0.855773,-0.002994,0.000081,-0.001478,-0.000463,0.026051,-0.000548
6698.392000,-0.541776,0.106069,0.230694,-1.660392,-1.663202,0.855961,-0.002771,0.000077,-0.002233,-0.000430,0.024580,-0.000546
6698.400000,-0.541793,0.106106,0.230649,-1.660341,-1.663064,0.856036,-0.002879,0.000074,-0.003163,-0.000403,0.022370,-0.000536
6698.408000,-0.541819,0.106076,0.230631,-1.660116,-1.663030,0.856133,-0.002870,0.000065,-0.003604,-0.000353,0.018316,-0.000474
6698.416000,-0.541839,0.106070,0.230631,-1.660002,-1.662850,0.856322,-0.002815,0.000075,-0.003005,-0.000409,0.023008,-0.000542
6698.424000,-0.541863,0.106076,0.230596,-1.659903,-1.662753,0.856424,-0.002881,0.000072,-0.002155,-0.000408,0.022198,-0.000498
6698.432000,-0.541880,0.106117,0.230569,-1.659880,-1.662575,0.856477,-0.002883,0.000071,-0.003027,-0.000391,0.021268,-0.000510
6698.440000,-0.541910,0.106093,0.230545,-1.659709,-1.662455,0.856628,-0.002886,0.000077,-0.002293,-0.000430,0.024134,-0.000540
6698.448000,-0.541931,0.106091,0.230520,-1.659627,-1.662337,0.856797,-0.002899,0.000060,-0.004337,-0.000320,0.015699,-0.000449
6698.456000,-0.541950,0.106101,0.230521,-1.659457,-1.662209,0.856863,-0.002739,0.000069,-0.004078,-0.000362,0.019868,-0.000520
6698.464000,-0.541975,0.106096,0.230470,-1.659391,-1.662086,0.856976,-0.003001,0.000072,-0.003399,-0.000392,0.020952,-0.000517
6698.472000,-0.542001,0.106092,0.230438,-1.659298,-1.662016,0.857141,-0.003175,0.000066,-0.003743,-0.000361,0.017673,-0.000466
6698.480000,-0.542030,0.106061,0.230437,-1.659097,-1.661916,0.857312,-0.002881,0.000079,-0.002791,-0.000437,0.024839,-0.000570
6698.488000,-0.542054,0.106076,0.230392,-1.659024,-1.661776,0.857378,-0.003015,0.000065,-0.003921,-0.000352,0.017673,-0.000473
6698.496000,-0.542073,0.106096,0.230368,-1.658974,-1.661640,0.857460,-0.003069,0.000063,-0.004876,-0.000328,0.015852,-0.000471
6698.504000,-0.542093,0.106103,0.230346,-1.658792,-1.661519,0.857593,-0.002923,0.000073,-0.003765,-0.000391,0.021378,-0.000538
6698.512000,-0.542124,0.106077,0.230301,-1.658751,-1.661472,0.857699,-0.002959,0.000047,-0.006170,-0.000230,0.008643,-0.000378
6698.520000,-0.542141,0.106112,0.230233,-1.658713,-1.661388,0.857665,-0.002598,0.000067,-0.005288,-0.000333,0.018632,-0.000538
6698.528000,-0.542160,0.106096,0.230211,-1.658657,-1.661317,0.857819,-0.002842,0.000046,-0.006400,-0.000218,0.008241,-0.000378
6698.536000,-0.542184,0.106105,0.230172,-1.658606,-1.661179,0.857894,-0.002971,0.000047,-0.005869,-0.000232,0.008648,-0.000367
6698.544000,-0.542208,0.106106,0.230115,-1.658486,-1.661111,0.857969,-0.002983,0.000079,-0.004198,-0.000416,0.023434,-0.000592
6698.552000,-0.542238,0.106073,0.230088,-1.658360,-1.661109,0.858079,-0.003279,0.000058,-0.004832,-0.000307,0.013058,-0.000416
6698.560000,-0.542257,0.106099,0.230061,-1.658283,-1.660945,0.858174,-0.002818,0.000076,-0.003630,-0.000405,0.022907,-0.000563
6698.568000,-0.542277,0.106114,0.230018,-1.658213,-1.660838,0.858229,-0.002824,0.000059,-0.005975,-0.000285,0.013882,-0.000471
6698.576000,-0.542300,0.106115,0.229978,-1.658184,-1.660753,0.858288,-0.003115,0.000059,-0.004503,-0.000312,0.014165,-0.000426
6698.584000,-0.542321,0.106101,0.229963,-1.657989,-1.660650,0.858471,-0.002516,0.000080,-0.003352,-0.000423,0.025754,-0.000607
6698.592000,-0.542346,0.106107,0.229924,-1.657913,-1.660537,0.858583,-0.003084,0.000052,-0.005680,-0.000257,0.010172,-0.000390
6698.600000,-0.542369,0.106104,0.229876,-1.657842,-1.660489,0.858593,-0.003141,0.000063,-0.003918,-0.000340,0.016072,-0.000442
6698.608000,-0.542397,0.106088,0.229810,-1.657815,-1.660426,0.858735,-0.002796,0.000085,-0.002773,-0.000460,0.027278,-0.000617
6698.616000,-0.542421,0.106105,0.229777,-1.657755,-1.660269,0.858796,-0.003188,0.000052,-0.005422,-0.000263,0.010062,-0.000379
6698.624000,-0.542443,0.106102,0.229755,-1.657655,-1.660234,0.858895,-0.002925,0.000078,-0.003515,-0.000416,0.023367,-0.000568
6698.632000,-0.542469,0.106085,0.229733,-1.657451,-1.660110,0.859057,-0.002830,0.000056,-0.007093,-0.000259,0.012017,-0.000474
6698.640000,-0.542492,0.106090,0.229669,-1.657439,-1.660063,0.859102,-0.003102,0.000053,-0.006288,-0.000255,0.010134,-0.000410
6698.648000,-0.542510,0.106125,0.229619,-1.657403,-1.659920,0.859119,-0.002771,0.000065,-0.005515,-0.000322,0.017055,-0.000516
6698.656000,-0.542534,0.106121,0.229616,-1.657235,-1.659774,0.859268,-0.003221,0.000077,-0.002772,-0.000425,0.022466,-0.000525
6698.664000,-0.542557,0.106113,0.229556,-1.657230,-1.659774,0.859299,-0.002865,0.000036,-0.008090,-0.000142,0.002432,-0.000325
6698.672000,-0.542578,0.106127,0.229502,-1.657192,-1.659649,0.859383,-0.002858,0.000080,-0.004597,-0.000408,0.023468,-0.000607
6698.680000,-0.542603,0.106123,0.229446,-1.657153,-1.659584,0.859422,-0.002839,0.000052,-0.005678,-0.000255,0.011069,-0.000407
6698.688000,-0.542633,0.106086,0.229383,-1.657010,-1.659704,0.859499,-0.002734,0.000053,-0.006923,-0.000245,0.011159,-0.000452
6698.696000,-0.542652,0.106108,0.229346,-1.656932,-1.659478,0.859626,-0.002844,0.000062,-0.005640,-0.000303,0.015037,-0.000482
6698.704000,-0.542674,0.106123,0.229263,-1.656999,-1.659461,0.859564,-0.003179,0.000047,-0.006265,-0.000225,0.007210,-0.000354
6698.712000,-0.542700,0.106108,0.229221,-1.656903,-1.659398,0.859697,-0.002673,0.000076,-0.005844,-0.000372,0.021804,-0.000618
6698.720000,-0.542716,0.106141,0.229196,-1.656794,-1.659232,0.859801,-0.003253,0.000066,-0.005411,-0.000335,0.015909,-0.000491
6698.728000,-0.542750,0.106111,0.229104,-1.656839,-1.659303,0.859749,-0.002795,0.000027,-0.008341,-0.000090,-0.001503,-0.000259
6698.736000,-0.542770,0.106112,0.229078,-1.656682,-1.659177,0.859880,-0.002911,0.000075,-0.006347,-0.000363,0.020131,-0.000603
6698.744000,-0.542796,0.106109,0.229012,-1.656635,-1.659174,0.859942,-0.003112,0.000052,-0.005717,-0.000258,0.010076,-0.000390
6698.752000,-0.542817,0.106128,0.228948,-1.656718,-1.659145,0.859928,-0.002845,0.000020,-0.009990,-0.000034,-0.005836,-0.000233
6698.760000,-0.542844,0.106098,0.228882,-1.656580,-1.659117,0.860006,-0.002974,0.000082,-0.004747,-0.000422,0.024090,-0.000624
6698.768000,-0.542864,0.106099,0.228837,-1.656574,-1.659016,0.860076,-0.002721,0.000027,-0.009205,-0.000080,-0.001666,-0.000285
6698.776000,-0.542883,0.106132,0.228745,-1.656631,-1.658989,0.860016,-0.003004,0.000030,-0.009765,-0.000094,-0.001609,-0.000306
6698.784000,-0.542902,0.106114,0.228744,-1.656414,-1.658873,0.860172,-0.002587,0.000063,-0.006693,-0.000294,0.015890,-0.000534
6698.792000,-0.542925,0.106132,0.228661,-1.656441,-1.658835,0.860192,-0.003085,0.000036,-0.009345,-0.000127,0.000639,-0.000334
6698.800000,-0.542954,0.106125,0.228592,-1.656426,-1.658844,0.860217,-0.003370,0.000059,-0.006073,-0.000288,0.011605,-0.000432
6698.808000,-0.542983,0.106083,0.228548,-1.656259,-1.658799,0.860326,-0.002757,0.000057,-0.008159,-0.000249,0.011888,-0.000508
6698.816000,-0.543004,0.106129,0.228464,-1.656308,-1.658682,0.860316,-0.003182,0.000046,-0.007933,-0.000198,0.005643,-0.000381
6698.824000,-0.543023,0.106142,0.228394,-1.656277,-1.658665,0.860303,-0.003001,0.000067,-0.005859,-0.000325,0.016317,-0.000514
6698.832000,-0.543051,0.106116,0.228320,-1.656244,-1.658625,0.860400,-0.002794,0.000049,-0.008556,-0.000200,0.007790,-0.000444
6698.840000,-0.543079,0.106115,0.228263,-1.656233,-1.658589,0.860468,-0.003445,0.000065,-0.005415,-0.000330,0.014481,-0.000464
6698.848000,-0.543097,0.106121,0.228227,-1.656095,-1.658534,0.860537,-0.002671,0.000058,-0.007356,-0.000256,0.012592,-0.000494
6698.856000,-0.543122,0.106122,0.228163,-1.656051,-1.658473,0.860576,-0.003156,0.000056,-0.006520,-0.000262,0.010551,-0.000427
6698.864000,-0.543149,0.106115,0.228099,-1.656088,-1.658416,0.860653,-0.003347,0.000057,-0.005756,-0.000282,0.011016,-0.000410
6698.872000,-0.543172,0.106124,0.228029,-1.655978,-1.658377,0.860647,-0.002814,0.000050,-0.009181,-0.000195,0.007608,-0.000462
6698.872000,-0.543172,0.106124,0.228029,-1.655978,-1.658377,0.860647,-0.002814,0.000050,-0.009181,-0.000195,0.007608,-0.000462
6698.888000,-0.543223,0.106107,0.227902,-1.655928,-1.658316,0.860712,-0.002851,0.000018,-0.011505,-0.000007,-0.007528,-0.000252
6698.896000,-0.543239,0.106134,0.227810,-1.655950,-1.658292,0.860667,-0.002914,0.000060,-0.007470,-0.000269,0.012698,-0.000500
6698.904000,-0.543265,0.106118,0.227736,-1.655885,-1.658311,0.860741,-0.002652,0.000028,-0.010712,-0.000065,-0.002055,-0.000329
6698.912000,-0.543289,0.106125,0.227627,-1.656007,-1.658330,0.860690,-0.002994,0.000034,-0.010362,-0.000101,-0.000723,-0.000343
6698.920000,-0.543310,0.106119,0.227575,-1.655935,-1.658281,0.860738,-0.002693,0.000053,-0.008321,-0.000220,0.009817,-0.000474
6698.928000,-0.543336,0.106125,0.227473,-1.655999,-1.658291,0.860721,-0.002871,0.000029,-0.011048,-0.000066,-0.002889,-0.000325
6698.936000,-0.543357,0.106119,0.227420,-1.655949,-1.658275,0.860754,-0.003278,0.000061,-0.005924,-0.000300,0.012894,-0.000451
6698.944000,-0.543384,0.106106,0.227335,-1.655903,-1.658262,0.860799,-0.002687,0.000047,-0.009869,-0.000169,0.006213,-0.000459
6698.952000,-0.543411,0.106108,0.227295,-1.655823,-1.658185,0.860857,-0.003629,0.000048,-0.008564,-0.000208,0.004574,-0.000383
6698.960000,-0.543435,0.106122,0.227167,-1.655891,-1.658217,0.860768,-0.002801,0.000032,-0.009368,-0.000100,-0.000353,-0.000316
6698.968000,-0.543457,0.106128,0.227126,-1.655860,-1.658070,0.860903,-0.002847,0.000043,-0.010104,-0.000149,0.003912,-0.000423
6698.976000,-0.543479,0.106109,0.227058,-1.655776,-1.658160,0.860877,-0.003127,0.000031,-0.010107,-0.000093,-0.002170,-0.000307
6698.984000,-0.543501,0.106137,0.226986,-1.655756,-1.658053,0.860876,-0.002865,0.000048,-0.009443,-0.000182,0.006318,-0.000446
6698.992000,-0.543530,0.106108,0.226883,-1.655786,-1.658129,0.860916,-0.003223,0.000068,-0.006896,-0.000319,0.015137,-0.000528
6699.000000,-0.543549,0.106129,0.226823,-1.655811,-1.658059,0.860909,-0.002857,0.000018,-0.011419,-0.000007,-0.007715,-0.000246
6699.008000,-0.543578,0.106103,0.226730,-1.655739,-1.658110,0.860949,-0.002920,0.000057,-0.009309,-0.000229,0.009951,-0.000511
6699.016000,-0.543602,0.106104,0.226644,-1.655759,-1.658074,0.860957,-0.002862,0.000037,-0.010677,-0.000111,0.000797,-0.000383
6699.024000,-0.543623,0.106129,0.226565,-1.655817,-1.658058,0.860919,-0.003228,0.000024,-0.011599,-0.000037,-0.006776,-0.000270
6699.032000,-0.543646,0.106123,0.226471,-1.655771,-1.658024,0.860967,-0.002729,0.000063,-0.008485,-0.000264,0.013479,-0.000550
6699.040000,-0.543673,0.106122,0.226394,-1.655736,-1.658054,0.860961,-0.002785,0.000012,-0.013770,0.000058,-0.011881,-0.000247
6699.048000,-0.543696,0.106125,0.226274,-1.655849,-1.658093,0.860853,-0.003337,0.000045,-0.008718,-0.000182,0.003754,-0.000373
6699.056000,-0.543714,0.106145,0.226200,-1.655771,-1.658047,0.860856,-0.002241,0.000029,-0.012100,-0.000042,-0.001662,-0.000384
6699.064000,-0.543748,0.106114,0.226110,-1.655793,-1.658094,0.860865,-0.003455,0.000039,-0.010407,-0.000135,-0.000076,-0.000358
6699.072000,-0.543765,0.106113,0.226000,-1.655904,-1.658173,0.860795,-0.002424,0.000001,-0.013921,0.000122,-0.015624,-0.000180
6699.080000,-0.543787,0.106125,0.225901,-1.655879,-1.658171,0.860785,-0.003060,0.000044,-0.011060,-0.000140,0.002493,-0.000429
6699.088000,-0.543807,0.106113,0.225824,-1.655956,-1.658175,0.860780,-0.002588,0.000001,-0.014196,0.000120,-0.016108,-0.000180
6699.096000,-0.543837,0.106127,0.225705,-1.655998,-1.658232,0.860692,-0.003415,0.000037,-0.011142,-0.000113,-0.001423,-0.000357
6699.104000,-0.543855,0.106133,0.225663,-1.655905,-1.658101,0.860820,-0.002817,0.000054,-0.008456,-0.000217,0.009093,-0.000466
6699.112000,-0.543881,0.106135,0.225526,-1.656044,-1.658196,0.860677,-0.003223,0.000021,-0.012677,-0.000009,-0.008799,-0.000268
6699.120000,-0.543903,0.106151,0.225460,-1.656055,-1.658184,0.860714,-0.003335,0.000073,-0.005829,-0.000352,0.017102,-0.000529
6699.128000,-0.543931,0.106123,0.225370,-1.655988,-1.658209,0.860793,-0.002495,0.000036,-0.012772,-0.000071,-0.000052,-0.000439
6699.136000,-0.543951,0.106146,0.225251,-1.656080,-1.658247,0.860644,-0.003493,0.000047,-0.009295,-0.000185,0.003548,-0.000389
6699.144000,-0.543984,0.106106,0.225153,-1.656086,-1.658378,0.860632,-0.002731,-0.000002,-0.014345,0.000134,-0.017987,-0.000149
6699.152000,-0.544008,0.106107,0.225060,-1.656099,-1.658334,0.860648,-0.003313,0.000064,-0.009067,-0.000271,0.011585,-0.000535
6699.160000,-0.544028,0.106108,0.224981,-1.656104,-1.658365,0.860598,-0.002703,0.000014,-0.012473,0.000035,-0.010198,-0.000234
6699.168000,-0.544057,0.106107,0.224867,-1.656135,-1.658410,0.860588,-0.003048,0.000041,-0.012277,-0.000111,0.000523,-0.000433
6699.176000,-0.544071,0.106140,0.224758,-1.656240,-1.658340,0.860538,-0.002701,0.000016,-0.014707,0.000050,-0.010654,-0.000302
6699.184000,-0.544104,0.106133,0.224643,-1.656251,-1.658456,0.860465,-0.003372,0.000027,-0.011747,-0.000053,-0.006182,-0.000287
6699.192000,-0.544124,0.106127,0.224541,-1.656315,-1.658506,0.860405,-0.003106,0.000042,-0.010776,-0.000135,0.001621,-0.000403
6699.200000,-0.544153,0.106128,0.224409,-1.656366,-1.658551,0.860354,-0.002952,0.000028,-0.013593,-0.000026,-0.005784,-0.000357
6699.208000,-0.544175,0.106117,0.224344,-1.656328,-1.658548,0.860353,-0.003420,0.000051,-0.008277,-0.000214,0.005906,-0.000399
6699.216000,-0.544193,0.106142,0.224239,-1.656453,-1.658539,0.860299,-0.002660,0.000022,-0.013255,0.000003,-0.007088,-0.000320
6699.224000,-0.544213,0.106148,0.224118,-1.656544,-1.658556,0.860271,-0.003375,0.000072,-0.007685,-0.000323,0.015209,-0.000557
6699.232000,-0.544244,0.106131,0.224036,-1.656488,-1.658613,0.860234,-0.002675,0.000001,-0.014268,0.000125,-0.017124,-0.000163
6699.240000,-0.544264,0.106134,0.223922,-1.656585,-1.658697,0.860184,-0.003358,0.000072,-0.008167,-0.000319,0.015113,-0.000572
6699.248000,-0.544285,0.106136,0.223835,-1.656577,-1.658703,0.860139,-0.002530,0.000011,-0.013955,0.000071,-0.012029,-0.000250
6699.256000,-0.544316,0.106116,0.223699,-1.656676,-1.658807,0.860093,-0.003641,0.000042,-0.010221,-0.000148,-0.000009,-0.000353
6699.264000,-0.544333,0.106129,0.223607,-1.656691,-1.658798,0.860066,-0.002252,0.000035,-0.012353,-0.000061,-0.000066,-0.000424
6699.272000,-0.544354,0.106149,0.223507,-1.656743,-1.658785,0.860023,-0.003539,0.000038,-0.011666,-0.000105,-0.002635,-0.000352
6699.280000,-0.544375,0.106150,0.223404,-1.656785,-1.658873,0.859917,-0.002628,0.000005,-0.015119,0.000113,-0.015605,-0.000221
6699.288000,-0.544407,0.106134,0.223256,-1.656810,-1.658920,0.859857,-0.003094,0.000059,-0.011043,-0.000213,0.008460,-0.000543
6699.296000,-0.544432,0.106128,0.223147,-1.656888,-1.659014,0.859870,-0.002895,0.000024,-0.012258,-0.000018,-0.006848,-0.000291
6699.304000,-0.544454,0.106136,0.223060,-1.656925,-1.659016,0.859827,-0.003331,0.000018,-0.013233,0.000016,-0.011387,-0.000238
6699.312000,-0.544474,0.106151,0.222944,-1.656981,-1.659006,0.859758,-0.002634,0.000041,-0.012597,-0.000093,0.000969,-0.000452
6699.320000,-0.544501,0.106138,0.222852,-1.657037,-1.659059,0.859731,-0.003076,0.000011,-0.014543,0.000073,-0.014560,-0.000222
6699.328000,-0.544527,0.106137,0.222703,-1.657106,-1.659254,0.859563,-0.002798,0.000023,-0.014193,0.000013,-0.008301,-0.000330
6699.336000,-0.544551,0.106147,0.222581,-1.657198,-1.659189,0.859534,-0.002991,0.000048,-0.011377,-0.000151,0.003778,-0.000465
6699.344000,-0.544571,0.106138,0.222496,-1.657237,-1.659306,0.859475,-0.002712,-0.000008,-0.016657,0.000199,-0.022890,-0.000134
6699.352000,-0.544595,0.106147,0.222384,-1.657315,-1.659299,0.859415,-0.002920,0.000025,-0.013973,-0.000004,-0.007553,-0.000336
6699.360000,-0.544617,0.106118,0.222270,-1.657338,-1.659407,0.859427,-0.002506,0.000017,-0.015500,0.000064,-0.010716,-0.000328
6699.368000,-0.544640,0.106166,0.222116,-1.657537,-1.659463,0.859205,-0.003632,0.000033,-0.011509,-0.000084,-0.005017,-0.000301
6699.376000,-0.544666,0.106131,0.222010,-1.657491,-1.659592,0.859205,-0.002614,0.000021,-0.014145,0.000025,-0.008492,-0.000324
6699.384000,-0.544690,0.106137,0.221878,-1.657592,-1.659658,0.859132,-0.003475,0.000054,-0.011328,-0.000187,0.004492,-0.000477
6699.392000,-0.544715,0.106139,0.221762,-1.657722,-1.659704,0.859034,-0.002814,0.000002,-0.015094,0.000131,-0.018246,-0.000170
6699.400000,-0.544736,0.106150,0.221627,-1.657799,-1.659818,0.858926,-0.003035,0.000038,-0.013461,-0.000072,-0.002449,-0.000417
6699.408000,-0.544760,0.106139,0.221547,-1.657716,-1.659796,0.858964,-0.002768,0.000026,-0.014942,0.000011,-0.007754,-0.000366
6699.416000,-0.544787,0.106139,0.221360,-1.657989,-1.659998,0.858725,-0.003233,0.000008,-0.015615,0.000101,-0.017422,-0.000204
6699.424000,-0.544807,0.106152,0.221272,-1.657999,-1.660014,0.858696,-0.002690,0.000048,-0.012745,-0.000123,0.003260,-0.000501
6699.432000,-0.544832,0.106138,0.221141,-1.658063,-1.660082,0.858670,-0.002865,0.000009,-0.015977,0.000107,-0.016070,-0.000242
6699.440000,-0.544856,0.106138,0.221055,-1.658109,-1.660104,0.858642,-0.003203,0.000014,-0.014717,0.000062,-0.014316,-0.000232
6699.448000,-0.544872,0.106140,0.220951,-1.658128,-1.660117,0.858587,-0.002550,0.000024,-0.016285,0.000041,-0.008819,-0.000391
6699.456000,-0.544900,0.106158,0.220784,-1.658304,-1.660210,0.858469,-0.003300,0.000019,-0.014148,0.000026,-0.011972,-0.000258
6699.464000,-0.544922,0.106132,0.220684,-1.658283,-1.660344,0.858409,-0.002651,0.000002,-0.017385,0.000163,-0.019396,-0.000226
6699.472000,-0.544953,0.106115,0.220532,-1.658316,-1.660399,0.858340,-0.002907,0.000034,-0.014403,-0.000040,-0.004275,-0.000414
6699.480000,-0.544969,0.106134,0.220391,-1.658529,-1.660542,0.858154,-0.002795,-0.000011,-0.018232,0.000233,-0.025766,-0.000133
6699.488000,-0.544987,0.106158,0.220240,-1.658718,-1.660649,0.858007,-0.002979,0.000016,-0.015849,0.000068,-0.013468,-0.000287
6699.496000,-0.545017,0.106135,0.220120,-1.658701,-1.660674,0.857987,-0.002595,0.000019,-0.016064,0.000065,-0.011248,-0.000337
6699.504000,-0.545033,0.106151,0.219953,-1.658912,-1.660833,0.857823,-0.002833,-0.000010,-0.019783,0.000250,-0.026960,-0.000163
6699.512000,-0.545060,0.106147,0.219872,-1.658919,-1.660876,0.857760,-0.003108,0.000002,-0.016543,0.000143,-0.020240,-0.000181
6699.520000,-0.545085,0.106122,0.219708,-1.659018,-1.661000,0.857673,-0.002423,0.000022,-0.017166,0.000064,-0.009873,-0.000401
6699.528000,-0.545114,0.106120,0.219566,-1.659106,-1.661103,0.857602,-0.003316,0.000021,-0.014761,0.000028,-0.012030,-0.000278
6699.536000,-0.545131,0.106152,0.219444,-1.659269,-1.661174,0.857458,-0.002905,-0.000010,-0.018230,0.000227,-0.026025,-0.000128
6699.544000,-0.545151,0.106169,0.219279,-1.659394,-1.661212,0.857297,-0.003020,0.000034,-0.014895,-0.000032,-0.005392,-0.000410
6699.552000,-0.545178,0.106139,0.219154,-1.659416,-1.661411,0.857247,-0.002960,0.000003,-0.016940,0.000147,-0.019804,-0.000203
6699.560000,-0.545201,0.106140,0.219041,-1.659536,-1.661457,0.857168,-0.003235,0.000004,-0.016468,0.000134,-0.020202,-0.000180
6699.568000,-0.545225,0.106155,0.218873,-1.659673,-1.661529,0.857015,-0.002672,0.000039,-0.014676,-0.000052,-0.002147,-0.000464
6699.576000,-0.545254,0.106122,0.218773,-1.659660,-1.661641,0.857006,-0.002834,0.000000,-0.017688,0.000175,-0.021323,-0.000199
6699.584000,-0.545279,0.106122,0.218627,-1.659829,-1.661778,0.856840,-0.003134,-0.000000,-0.017037,0.000164,-0.022071,-0.000163
6699.592000,-0.545294,0.106140,0.218505,-1.659882,-1.661805,0.856796,-0.002313,0.000027,-0.015733,0.000025,-0.006734,-0.000412
6699.600000,-0.545319,0.106147,0.218360,-1.660037,-1.661897,0.856675,-0.003092,0.000010,-0.015554,0.000094,-0.016497,-0.000219
6699.608000,-0.545345,0.106137,0.218220,-1.660092,-1.662057,0.856496,-0.002570,0.000001,-0.017257,0.000172,-0.020134,-0.000207
6699.616000,-0.545358,0.106153,0.218086,-1.660239,-1.662092,0.856451,-0.002748,0.000014,-0.018135,0.000115,-0.015701,-0.000322
6699.624000,-0.545385,0.106155,0.217946,-1.660348,-1.662237,0.856267,-0.002882,-0.000002,-0.017626,0.000186,-0.022737,-0.000170
6699.632000,-0.545412,0.106136,0.217789,-1.660479,-1.662425,0.856123,-0.002894,-0.000016,-0.019930,0.000284,-0.030334,-0.000103
6699.640000,-0.545431,0.106137,0.217635,-1.660584,-1.662494,0.856023,-0.002636,0.000014,-0.018208,0.000120,-0.015596,-0.000327
6699.648000,-0.545456,0.106135,0.217508,-1.660714,-1.662622,0.855925,-0.002946,-0.000000,-0.018108,0.000181,-0.022464,-0.000192
6699.656000,-0.545472,0.106162,0.217351,-1.660941,-1.662737,0.855709,-0.002909,-0.000009,-0.018294,0.000228,-0.026394,-0.000123
6699.664000,-0.545501,0.106123,0.217151,-1.661073,-1.662975,0.855545,-0.002465,0.000015,-0.018794,0.000123,-0.014805,-0.000362
6699.672000,-0.545524,0.106133,0.216986,-1.661189,-1.663137,0.855406,-0.003215,0.000031,-0.014625,-0.000017,-0.007946,-0.000352
6699.680000,-0.545546,0.106149,0.216875,-1.661337,-1.663152,0.855284,-0.003019,-0.000000,-0.017305,0.000170,-0.022310,-0.000167
6699.688000,-0.545563,0.106155,0.216709,-1.661456,-1.663317,0.855120,-0.002549,0.000012,-0.018595,0.000137,-0.016607,-0.000321
6699.696000,-0.545580,0.106157,0.216543,-1.661638,-1.663457,0.855024,-0.002519,-0.000004,-0.019775,0.000230,-0.024185,-0.000216
6699.704000,-0.545613,0.106141,0.216378,-1.661738,-1.663662,0.854814,-0.003470,0.000021,-0.015324,0.000036,-0.013501,-0.000269
6699.712000,-0.545636,0.106121,0.216249,-1.661866,-1.663766,0.854743,-0.002756,-0.000013,-0.018765,0.000260,-0.028249,-0.000103
6699.720000,-0.545652,0.106144,0.216078,-1.662005,-1.663852,0.854543,-0.002477,0.000006,-0.019410,0.000176,-0.019416,-0.000294
6699.728000,-0.545674,0.106147,0.215970,-1.662082,-1.663935,0.854496,-0.003116,-0.000001,-0.018514,0.000189,-0.024070,-0.000175
6699.736000,-0.545698,0.106147,0.215807,-1.662226,-1.664096,0.854329,-0.002791,0.000001,-0.018004,0.000178,-0.021740,-0.000202
6699.744000,-0.545718,0.106134,0.215621,-1.662397,-1.664304,0.854145,-0.002424,0.000006,-0.018847,0.000174,-0.019219,-0.000279
6699.752000,-0.545743,0.106149,0.215460,-1.662535,-1.664417,0.853954,-0.003242,0.000015,-0.015792,0.000074,-0.015735,-0.000242
6699.760000,-0.545766,0.106135,0.215337,-1.662669,-1.664519,0.853890,-0.002823,-0.000012,-0.019367,0.000261,-0.028613,-0.000117
6699.768000,-0.545783,0.106136,0.215181,-1.662747,-1.664622,0.853764,-0.002585,0.000004,-0.020725,0.000203,-0.021880,-0.000292
6699.776000,-0.545813,0.106121,0.215006,-1.662906,-1.664838,0.853611,-0.003034,0.000008,-0.017368,0.000133,-0.019186,-0.000230
6699.784000,-0.545831,0.106141,0.214896,-1.663072,-1.664841,0.853537,-0.003000,-0.000011,-0.019816,0.000257,-0.029045,-0.000124
6699.792000,-0.545850,0.106146,0.214700,-1.663221,-1.665055,0.853324,-0.002509,0.000008,-0.020002,0.000177,-0.019656,-0.000310
6699.800000,-0.545882,0.106122,0.214529,-1.663331,-1.665221,0.853179,-0.003081,0.000008,-0.017610,0.000138,-0.019881,-0.000224
6699.808000,-0.545896,0.106147,0.214375,-1.663546,-1.665385,0.852959,-0.002715,-0.000015,-0.019988,0.000288,-0.030430,-0.000103
6699.816000,-0.545921,0.106147,0.214190,-1.663733,-1.665528,0.852800,-0.002498,0.000008,-0.019672,0.000173,-0.019459,-0.000303
6699.824000,-0.545943,0.106122,0.214057,-1.663772,-1.665612,0.852757,-0.002654,-0.000003,-0.020524,0.000236,-0.025307,-0.000220
6699.832000,-0.545964,0.106148,0.213895,-1.663978,-1.665776,0.852519,-0.003079,-0.000007,-0.020106,0.000245,-0.028455,-0.000145
6699.840000,-0.545986,0.106139,0.213728,-1.664125,-1.665939,0.852399,-0.002401,0.000008,-0.018438,0.000163,-0.018611,-0.000276
6699.848000,-0.546003,0.106147,0.213562,-1.664255,-1.666055,0.852240,-0.002514,-0.000000,-0.020514,0.000225,-0.023873,-0.000247
6699.856000,-0.546027,0.106138,0.213386,-1.664435,-1.666293,0.852050,-0.002711,-0.000011,-0.020068,0.000271,-0.029035,-0.000132
6699.864000,-0.546053,0.106120,0.213236,-1.664603,-1.666439,0.851900,-0.002745,-0.000017,-0.020387,0.000302,-0.031738,-0.000091
6699.872000,-0.546066,0.106145,0.213067,-1.664735,-1.666495,0.851785,-0.002343,0.000012,-0.019786,0.000162,-0.017825,-0.000338
6699.880000,-0.546088,0.106139,0.212916,-1.664866,-1.666684,0.851609,-0.002652,-0.000021,-0.022017,0.000343,-0.034365,-0.000097
6699.888000,-0.546112,0.106138,0.212737,-1.665075,-1.666860,0.851437,-0.002851,-0.000012,-0.020887,0.000282,-0.030459,-0.000133
6699.896000,-0.546132,0.106133,0.212583,-1.665179,-1.667001,0.851271,-0.002717,0.000010,-0.019141,0.000160,-0.019689,-0.000280
6699.904000,-0.546156,0.106114,0.212379,-1.665383,-1.667211,0.851076,-0.002441,-0.000018,-0.022681,0.000344,-0.033143,-0.000143
6699.912000,-0.546176,0.106139,0.212203,-1.665579,-1.667374,0.850857,-0.002958,-0.000015,-0.021775,0.000308,-0.032980,-0.000115
6699.920000,-0.546199,0.106133,0.212063,-1.665705,-1.667498,0.850740,-0.002717,-0.000005,-0.020396,0.000246,-0.026912,-0.000184
6699.928000,-0.546218,0.106133,0.211865,-1.665916,-1.667665,0.850555,-0.002504,-0.000003,-0.021085,0.000249,-0.025887,-0.000227
6699.936000,-0.546238,0.106133,0.211688,-1.666087,-1.667884,0.850314,-0.002591,-0.000019,-0.022147,0.000342,-0.034116,-0.000106
6699.944000,-0.546258,0.106141,0.211515,-1.666308,-1.668032,0.850112,-0.002762,-0.000027,-0.023600,0.000396,-0.039225,-0.000057
6699.952000,-0.546277,0.106137,0.211350,-1.666385,-1.668184,0.850035,-0.002497,-0.000001,-0.021296,0.000244,-0.025450,-0.000243
6699.960000,-0.546299,0.106132,0.211213,-1.666503,-1.668299,0.849890,-0.002648,-0.000004,-0.019931,0.000239,-0.026284,-0.000180
6699.968000,-0.546315,0.106159,0.211009,-1.666798,-1.668504,0.849583,-0.002855,-0.000016,-0.021608,0.000312,-0.033234,-0.000104
6699.976000,-0.546342,0.106138,0.210834,-1.666962,-1.668714,0.849430,-0.002651,-0.000023,-0.022118,0.000359,-0.036162,-0.000065
6699.984000,-0.546365,0.106117,0.210655,-1.667081,-1.668909,0.849316,-0.002372,-0.000003,-0.021139,0.000254,-0.025795,-0.000231
6699.992000,-0.546384,0.106132,0.210486,-1.667284,-1.669080,0.849045,-0.002786,-0.000012,-0.021181,0.000291,-0.031173,-0.000129
6700.000000,-0.546405,0.106131,0.210372,-1.667359,-1.669192,0.848969,-0.002829,-0.000015,-0.021522,0.000313,-0.033172,-0.000103
6700.008000,-0.546422,0.106144,0.210133,-1.667631,-1.669401,0.848707,-0.002547,0.000001,-0.022149,0.000246,-0.025738,-0.000266
6700.016000,-0.546440,0.106152,0.209942,-1.667871,-1.669558,0.848476,-0.002436,-0.000010,-0.021781,0.000296,-0.029845,-0.000175
6700.024000,-0.546465,0.106143,0.209754,-1.668055,-1.669820,0.848263,-0.002622,-0.000024,-0.023729,0.000386,-0.038075,-0.000084
6700.032000,-0.546487,0.106136,0.209576,-1.668234,-1.670016,0.848073,-0.002638,-0.000029,-0.023800,0.000410,-0.040217,-0.000045
6700.040000,-0.546505,0.106144,0.209393,-1.668447,-1.670156,0.847879,-0.002377,-0.000001,-0.022279,0.000262,-0.026380,-0.000258
6700.048000,-0.546528,0.106118,0.209211,-1.668558,-1.670404,0.847697,-0.002478,-0.000017,-0.022761,0.000346,-0.034130,-0.000126
6700.056000,-0.546545,0.106138,0.209010,-1.668840,-1.670595,0.847418,-0.002627,-0.000027,-0.023984,0.000406,-0.039872,-0.000058
6700.064000,-0.546565,0.106137,0.208831,-1.669033,-1.670755,0.847261,-0.002464,-0.000016,-0.023174,0.000344,-0.033848,-0.000146
6700.072000,-0.546581,0.106139,0.208653,-1.669232,-1.670890,0.847069,-0.002342,-0.000006,-0.022350,0.000291,-0.028911,-0.000212
6700.080000,-0.546605,0.106129,0.208464,-1.669402,-1.671169,0.846862,-0.002509,-0.000024,-0.023452,0.000390,-0.038099,-0.000073
6700.088000,-0.546626,0.106138,0.208305,-1.669560,-1.671294,0.846654,-0.002552,-0.000024,-0.022951,0.000381,-0.037816,-0.000062
6700.096000,-0.546643,0.106136,0.208133,-1.669684,-1.671453,0.846526,-0.002378,0.000001,-0.022192,0.000255,-0.025997,-0.000263
6700.104000,-0.546665,0.106138,0.207922,-1.669974,-1.671662,0.846255,-0.002523,0.000000,-0.020949,0.000239,-0.025748,-0.000225
6700.112000,-0.546689,0.106116,0.207739,-1.670094,-1.671939,0.846067,-0.002649,-0.000020,-0.023153,0.000363,-0.036604,-0.000092
6700.120000,-0.546708,0.106116,0.207546,-1.670379,-1.672123,0.845856,-0.002657,-0.000028,-0.024279,0.000415,-0.040903,-0.000048
6700.144000,-0.546765,0.106130,0.206957,-1.670989,-1.672694,0.845194,-0.002604,-0.000029,-0.025135,0.000436,-0.042379,-0.000049
6700.152000,-0.546785,0.106116,0.206758,-1.671208,-1.672951,0.844958,-0.002463,-0.000020,-0.024245,0.000386,-0.037457,-0.000113
6700.160000,-0.546802,0.106128,0.206553,-1.671442,-1.673153,0.844727,-0.002437,-0.000016,-0.024369,0.000368,-0.035832,-0.000148
6700.168000,-0.546818,0.106135,0.206378,-1.671652,-1.673351,0.844481,-0.002498,-0.000026,-0.024801,0.000417,-0.040462,-0.000074
6700.176000,-0.546839,0.106136,0.206187,-1.671889,-1.673536,0.844258,-0.002496,-0.000032,-0.025384,0.000457,-0.043841,-0.000029
6700.184000,-0.546857,0.106141,0.205971,-1.672149,-1.673773,0.844025,-0.002208,-0.000013,-0.023190,0.000339,-0.032688,-0.000168
6700.192000,-0.546876,0.106140,0.205773,-1.672269,-1.673999,0.843819,-0.002351,-0.000019,-0.024556,0.000386,-0.037184,-0.000128
6700.200000,-0.546897,0.106134,0.205592,-1.672520,-1.674178,0.843613,-0.002411,-0.000029,-0.024876,0.000438,-0.042077,-0.000045
6700.208000,-0.546918,0.106114,0.205425,-1.672673,-1.674390,0.843442,-0.002399,-0.000031,-0.024760,0.000446,-0.042691,-0.000029
6700.216000,-0.546931,0.106129,0.205210,-1.672876,-1.674629,0.843222,-0.002307,-0.000015,-0.024527,0.000367,-0.035300,-0.000163
6700.224000,-0.546948,0.106145,0.204990,-1.673201,-1.674822,0.842911,-0.002412,-0.000023,-0.025428,0.000418,-0.040242,-0.000099
6700.232000,-0.546973,0.106127,0.204802,-1.673414,-1.675075,0.842657,-0.002476,-0.000032,-0.025886,0.000463,-0.044354,-0.000036
6700.240000,-0.546992,0.106127,0.204580,-1.673635,-1.675333,0.842388,-0.002485,-0.000034,-0.026007,0.000475,-0.045514,-0.000018
6700.248000,-0.547005,0.106140,0.204391,-1.673855,-1.675469,0.842199,-0.002261,-0.000014,-0.024424,0.000366,-0.035238,-0.000161
6700.256000,-0.547034,0.106104,0.204171,-1.674043,-1.675826,0.841977,-0.002348,-0.000021,-0.025241,0.000408,-0.038972,-0.000117
6700.264000,-0.547048,0.106138,0.203968,-1.674334,-1.675985,0.841694,-0.002447,-0.000030,-0.026045,0.000460,-0.044206,-0.000044
6700.272000,-0.547065,0.106136,0.203783,-1.674570,-1.676209,0.841472,-0.002371,-0.000033,-0.025388,0.000463,-0.044387,-0.000018
6700.280000,-0.547087,0.106114,0.203572,-1.674721,-1.676458,0.841207,-0.002276,-0.000015,-0.025191,0.000379,-0.036254,-0.000168
6700.288000,-0.547105,0.106106,0.203346,-1.674974,-1.676718,0.840964,-0.002233,-0.000017,-0.024705,0.000387,-0.036867,-0.000139
6700.296000,-0.547123,0.106109,0.203147,-1.675255,-1.676947,0.840753,-0.002186,-0.000033,-0.025591,0.000474,-0.044363,-0.000025
6700.304000,-0.547140,0.106109,0.202918,-1.675460,-1.677271,0.840427,-0.002253,-0.000036,-0.026347,0.000498,-0.046592,-0.000008
6700.312000,-0.547153,0.106142,0.202723,-1.675764,-1.677372,0.840213,-0.002077,-0.000014,-0.025391,0.000383,-0.035847,-0.000182
6700.320000,-0.547173,0.106111,0.202492,-1.675978,-1.677705,0.839914,-0.002126,-0.000031,-0.026140,0.000473,-0.043875,-0.000053
6700.328000,-0.547183,0.106149,0.202314,-1.676249,-1.677844,0.839674,-0.002222,-0.000037,-0.027040,0.000513,-0.047968,-0.000005
6700.336000,-0.547206,0.106129,0.202115,-1.676478,-1.678112,0.839440,-0.002266,-0.000038,-0.027368,0.000522,-0.048807,-0.000001
6700.344000,-0.547222,0.106143,0.201900,-1.676666,-1.678306,0.839184,-0.002115,-0.000018,-0.025912,0.000411,-0.038588,-0.000147
6700.352000,-0.547240,0.106124,0.201656,-1.676965,-1.678614,0.838883,-0.001923,-0.000038,-0.028083,0.000537,-0.048275,-0.000035
6700.360000,-0.547258,0.106124,0.201398,-1.677279,-1.678937,0.838522,-0.001989,-0.000041,-0.028727,0.000562,-0.050710,-0.000010
6700.368000,-0.547269,0.106146,0.201208,-1.677501,-1.679156,0.838303,-0.002139,-0.000037,-0.027300,0.000517,-0.048093,-0.000012
6700.376000,-0.547293,0.106107,0.201020,-1.677657,-1.679410,0.838135,-0.002191,-0.000037,-0.027198,0.000517,-0.048198,-0.000006
6700.384000,-0.547307,0.106127,0.200774,-1.678003,-1.679624,0.837822,-0.001964,-0.000016,-0.025583,0.000400,-0.037093,-0.000164
6700.392000,-0.547322,0.106142,0.200566,-1.678231,-1.679810,0.837550,-0.002083,-0.000034,-0.027735,0.000514,-0.047570,-0.000037
6700.400000,-0.547341,0.106121,0.200343,-1.678496,-1.680185,0.837232,-0.002036,-0.000041,-0.027772,0.000547,-0.050221,0.000013
6700.408000,-0.547356,0.106119,0.200124,-1.678786,-1.680433,0.836997,-0.002016,-0.000041,-0.027638,0.000548,-0.050331,0.000020
6700.416000,-0.547372,0.106128,0.199932,-1.678971,-1.680564,0.836775,-0.001911,-0.000020,-0.025959,0.000428,-0.039456,-0.000131
6700.424000,-0.547394,0.106106,0.199707,-1.679198,-1.680931,0.836489,-0.002077,-0.000029,-0.026606,0.000477,-0.044464,-0.000058
6700.432000,-0.547410,0.106100,0.199473,-1.679498,-1.681199,0.836193,-0.001656,-0.000050,-0.028620,0.000612,-0.053973,0.000057
6700.440000,-0.547419,0.106126,0.199241,-1.679815,-1.681476,0.835832,-0.002073,-0.000045,-0.029221,0.000587,-0.053911,0.000035
6700.448000,-0.547439,0.106141,0.199020,-1.680083,-1.681661,0.835554,-0.001922,-0.000032,-0.027706,0.000507,-0.046473,-0.000056
6700.456000,-0.547451,0.106125,0.198803,-1.680330,-1.681915,0.835366,-0.002016,-0.000031,-0.027903,0.000505,-0.046641,-0.000060
6700.464000,-0.547467,0.106130,0.198579,-1.680601,-1.682236,0.835037,-0.002024,-0.000030,-0.027718,0.000497,-0.046104,-0.000064
6700.472000,-0.547489,0.106102,0.198331,-1.680907,-1.682571,0.834761,-0.001825,-0.000046,-0.029158,0.000597,-0.053653,0.000032
6700.480000,-0.547508,0.106107,0.198096,-1.681191,-1.682803,0.834410,-0.001930,-0.000044,-0.028514,0.000577,-0.052617,0.000034
6700.488000,-0.547523,0.106101,0.197871,-1.681415,-1.683176,0.834130,-0.001950,-0.000042,-0.028190,0.000567,-0.051951,0.000032
6700.496000,-0.547532,0.106122,0.197681,-1.681672,-1.683300,0.833910,-0.001954,-0.000027,-0.027234,0.000481,-0.044623,-0.000076
6700.504000,-0.547547,0.106123,0.197403,-1.681998,-1.683655,0.833517,-0.001166,-0.000059,-0.031540,0.000703,-0.059687,0.000068
6700.512000,-0.547559,0.106132,0.197151,-1.682359,-1.683967,0.833105,-0.001879,-0.000043,-0.030161,0.000599,-0.054343,0.000011
6700.520000,-0.547581,0.106122,0.196959,-1.682591,-1.684185,0.832938,-0.001828,-0.000041,-0.028034,0.000562,-0.051376,0.000027
6700.528000,-0.547592,0.106131,0.196740,-1.682852,-1.684416,0.832616,-0.002087,-0.000033,-0.026793,0.000500,-0.047479,-0.000006
6700.536000,-0.547602,0.106122,0.196502,-1.683154,-1.684758,0.832308,-0.001158,-0.000056,-0.031742,0.000697,-0.059246,0.000053
6700.544000,-0.547621,0.106121,0.196265,-1.683415,-1.685005,0.832057,-0.001826,-0.000031,-0.028461,0.000520,-0.047441,-0.000063
6700.552000,-0.547636,0.106115,0.196031,-1.683711,-1.685332,0.831709,-0.001855,-0.000035,-0.027781,0.000529,-0.048697,-0.000016
6700.560000,-0.547643,0.106132,0.195759,-1.684084,-1.685684,0.831321,-0.001309,-0.000061,-0.031539,0.000712,-0.061901,0.000111
6700.568000,-0.547658,0.106139,0.195553,-1.684369,-1.685897,0.831048,-0.001839,-0.000044,-0.029109,0.000588,-0.054036,0.000041
6700.576000,-0.547676,0.106119,0.195324,-1.684600,-1.686196,0.830799,-0.001605,-0.000031,-0.028775,0.000530,-0.047432,-0.000074
6700.584000,-0.547686,0.106132,0.195081,-1.684906,-1.686429,0.830488,-0.001290,-0.000038,-0.029866,0.000584,-0.050672,-0.000048
6700.592000,-0.547702,0.106111,0.194841,-1.685143,-1.686838,0.830142,-0.001529,-0.000047,-0.030146,0.000628,-0.055714,0.000039
6700.600000,-0.547721,0.106101,0.194595,-1.685461,-1.687125,0.829802,-0.001696,-0.000046,-0.029731,0.000613,-0.055321,0.000045
6700.608000,-0.547727,0.106118,0.194334,-1.685868,-1.687411,0.829467,-0.001366,-0.000059,-0.031553,0.000706,-0.061897,0.000110
6700.616000,-0.547745,0.106111,0.194102,-1.686076,-1.687738,0.829150,-0.001345,-0.000041,-0.030594,0.000613,-0.053495,-0.000019
6700.624000,-0.547764,0.106086,0.193886,-1.686325,-1.687974,0.828932,-0.001728,-0.000031,-0.028008,0.000522,-0.047642,-0.000044
6700.632000,-0.547766,0.106138,0.193667,-1.686644,-1.688172,0.828582,-0.001079,-0.000065,-0.033094,0.000761,-0.065453,0.000126
6700.640000,-0.547780,0.106116,0.193386,-1.687010,-1.688618,0.828198,-0.001450,-0.000052,-0.030983,0.000664,-0.058944,0.000073
6700.648000,-0.547795,0.106116,0.193189,-1.687202,-1.688818,0.827964,-0.001767,-0.000038,-0.028485,0.000558,-0.051491,0.000014
6700.656000,-0.547812,0.106094,0.192946,-1.687521,-1.689138,0.827605,-0.001356,-0.000052,-0.031494,0.000679,-0.059567,0.000067
6700.664000,-0.547826,0.106084,0.192688,-1.687809,-1.689454,0.827338,-0.001307,-0.000047,-0.030893,0.000647,-0.056476,0.000029
6700.672000,-0.547835,0.106116,0.192482,-1.688091,-1.689653,0.827036,-0.001788,-0.000036,-0.029572,0.000568,-0.052378,-0.000006
6700.680000,-0.547847,0.106109,0.192214,-1.688402,-1.690044,0.826644,-0.001093,-0.000063,-0.033036,0.000757,-0.065420,0.000128
6700.688000,-0.547859,0.106111,0.191931,-1.688810,-1.690373,0.826239,-0.001476,-0.000051,-0.031408,0.000671,-0.059970,0.000078
6700.696000,-0.547872,0.106109,0.191728,-1.689023,-1.690664,0.825976,-0.001734,-0.000038,-0.028791,0.000569,-0.052613,0.000025
6700.704000,-0.547879,0.106126,0.191482,-1.689378,-1.690916,0.825678,-0.000986,-0.000061,-0.033351,0.000751,-0.064595,0.000101
6700.712000,-0.547895,0.106114,0.191204,-1.689699,-1.691277,0.825287,-0.001505,-0.000034,-0.030184,0.000576,-0.051774,-0.000038
6700.720000,-0.547907,0.106116,0.190983,-1.689977,-1.691492,0.825006,-0.001586,-0.000036,-0.028417,0.000556,-0.050988,0.000007
6700.728000,-0.547919,0.106107,0.190723,-1.690280,-1.691917,0.824622,-0.001090,-0.000060,-0.032478,0.000734,-0.063881,0.000117
6700.736000,-0.547924,0.106131,0.190470,-1.690617,-1.692191,0.824293,-0.001305,-0.000052,-0.031184,0.000674,-0.060133,0.000089
6700.744000,-0.547934,0.106127,0.190264,-1.690883,-1.692428,0.823991,-0.001159,-0.000046,-0.031038,0.000651,-0.057224,0.000038
6700.752000,-0.547943,0.106113,0.190005,-1.691225,-1.692738,0.823697,-0.001225,-0.000036,-0.030811,0.000599,-0.052699,-0.000041
6700.760000,-0.547961,0.106078,0.189751,-1.691499,-1.693184,0.823338,-0.000818,-0.000058,-0.033065,0.000747,-0.063574,0.000092
6700.768000,-0.547963,0.106114,0.189484,-1.691882,-1.693456,0.822895,-0.001153,-0.000055,-0.032745,0.000718,-0.063090,0.000093
6700.776000,-0.547975,0.106109,0.189238,-1.692193,-1.693785,0.822617,-0.000901,-0.000062,-0.032915,0.000759,-0.065659,0.000137
6700.784000,-0.547990,0.106076,0.188964,-1.692516,-1.694188,0.822268,-0.001216,-0.000052,-0.031124,0.000681,-0.060248,0.000093
6700.792000,-0.547996,0.106117,0.188719,-1.692877,-1.694407,0.821881,-0.001461,-0.000042,-0.029419,0.000602,-0.055043,0.000051
6700.800000,-0.547999,0.106110,0.188473,-1.693190,-1.694782,0.821501,-0.000938,-0.000056,-0.032497,0.000724,-0.062932,0.000099
6700.808000,-0.548012,0.106117,0.188213,-1.693471,-1.695050,0.821174,-0.001387,-0.000032,-0.029214,0.000560,-0.050849,-0.000022
6700.816000,-0.548019,0.106118,0.187999,-1.693809,-1.695297,0.820871,-0.000993,-0.000040,-0.029321,0.000606,-0.053221,0.000020
6700.824000,-0.548035,0.106083,0.187719,-1.694086,-1.695776,0.820499,-0.001317,-0.000042,-0.030406,0.000625,-0.056107,0.000038
6700.832000,-0.548041,0.106123,0.187558,-1.694348,-1.695865,0.820266,-0.001396,-0.000035,-0.027546,0.000546,-0.050393,0.000026
6700.840000,-0.548045,0.106128,0.187294,-1.694677,-1.696224,0.819886,-0.000740,-0.000061,-0.032137,0.000743,-0.064490,0.000141
6700.848000,-0.548059,0.106120,0.187076,-1.694948,-1.696482,0.819636,-0.001313,-0.000026,-0.028591,0.000525,-0.047719,-0.000061
6700.856000,-0.548072,0.106097,0.186900,-1.695087,-1.696709,0.819504,-0.001392,-0.000028,-0.027761,0.000520,-0.047800,-0.000031
6700.864000,-0.548078,0.106108,0.186626,-1.695519,-1.697000,0.819072,-0.000981,-0.000050,-0.031378,0.000680,-0.059960,0.000080
6700.872000,-0.548087,0.106119,0.186371,-1.695829,-1.697340,0.818699,-0.001279,-0.000035,-0.028062,0.000557,-0.050983,0.000020
6700.880000,-0.548105,0.106089,0.186198,-1.695997,-1.697558,0.818487,-0.000764,-0.000055,-0.031883,0.000718,-0.062136,0.000105
6700.888000,-0.548107,0.106100,0.185862,-1.696468,-1.698050,0.817966,-0.001014,-0.000048,-0.030812,0.000667,-0.059184,0.000084
6700.896000,-0.548114,0.106118,0.185662,-1.696699,-1.698248,0.817720,-0.001199,-0.000039,-0.028167,0.000579,-0.052876,0.000053
6700.904000,-0.548124,0.106086,0.185398,-1.697026,-1.698668,0.817334,-0.000811,-0.000054,-0.031030,0.000701,-0.061336,0.000118
6700.912000,-0.548128,0.106112,0.185213,-1.697262,-1.698779,0.817130,-0.001097,-0.000022,-0.028223,0.000507,-0.045433,-0.000092
6700.920000,-0.548135,0.106097,0.184964,-1.697576,-1.699165,0.816772,-0.000463,-0.000045,-0.029828,0.000651,-0.055340,0.000045
6700.928000,-0.548141,0.106118,0.184690,-1.697970,-1.699466,0.816365,-0.001084,-0.000037,-0.028666,0.000582,-0.052598,0.000030
6700.936000,-0.548146,0.106124,0.184482,-1.698220,-1.699736,0.816061,-0.000840,-0.000043,-0.028277,0.000609,-0.054165,0.000074
6700.944000,-0.548159,0.106097,0.184261,-1.698455,-1.700072,0.815771,-0.000956,-0.000044,-0.029008,0.000621,-0.055579,0.000076
6700.952000,-0.548160,0.106109,0.184078,-1.698649,-1.700274,0.815542,-0.000705,-0.000030,-0.027383,0.000542,-0.047263,-0.000027
6700.960000,-0.548168,0.106096,0.183846,-1.698928,-1.700552,0.815266,-0.000641,-0.000032,-0.028851,0.000574,-0.049468,-0.000035
6700.968000,-0.548182,0.106098,0.183609,-1.699280,-1.700823,0.814919,-0.001139,-0.000028,-0.027375,0.000524,-0.047872,-0.000017
6700.976000,-0.548181,0.106108,0.183351,-1.699632,-1.701153,0.814563,-0.000212,-0.000060,-0.031347,0.000747,-0.063435,0.000149
6700.984000,-0.548191,0.106121,0.183146,-1.699890,-1.701370,0.814290,-0.001137,-0.000037,-0.028739,0.000582,-0.053379,0.000043
6700.992000,-0.548200,0.106106,0.182921,-1.700175,-1.701672,0.814029,-0.000552,-0.000051,-0.029507,0.000671,-0.058608,0.000118
6701.000000,-0.548205,0.106080,0.182679,-1.700412,-1.702041,0.813690,-0.000731,-0.000026,-0.027486,0.000530,-0.046367,-0.000048
6701.008000,-0.548209,0.106107,0.182455,-1.700752,-1.702249,0.813361,-0.000517,-0.000033,-0.028478,0.000579,-0.049919,-0.000013
6701.016000,-0.548220,0.106067,0.182228,-1.700970,-1.702651,0.813044,-0.000484,-0.000043,-0.028782,0.000632,-0.054529,0.000065
6701.024000,-0.548222,0.106102,0.182027,-1.701274,-1.702833,0.812713,-0.001074,-0.000031,-0.027074,0.000536,-0.049195,0.000019
6701.032000,-0.548228,0.106100,0.181787,-1.701560,-1.703137,0.812421,-0.000189,-0.000057,-0.030100,0.000717,-0.061268,0.000150
6701.040000,-0.548238,0.106093,0.181592,-1.701784,-1.703380,0.812173,-0.000942,-0.000038,-0.028177,0.000586,-0.053130,0.000057
6701.048000,-0.548248,0.106073,0.181382,-1.702000,-1.703613,0.811962,-0.000877,-0.000015,-0.024332,0.000431,-0.038770,-0.000087
6701.056000,-0.548241,0.106106,0.181151,-1.702325,-1.703868,0.811580,-0.000179,-0.000051,-0.029838,0.000686,-0.058479,0.000105
6701.064000,-0.548253,0.106106,0.180915,-1.702607,-1.704190,0.811236,-0.000713,-0.000034,-0.026267,0.000545,-0.048802,0.000040
6701.072000,-0.548261,0.106091,0.180749,-1.702826,-1.704428,0.811045,-0.000399,-0.000044,-0.028258,0.000630,-0.054735,0.000087
6701.080000,-0.548259,0.106104,0.180493,-1.703186,-1.704717,0.810668,-0.000744,-0.000036,-0.028047,0.000582,-0.052104,0.000043
6701.088000,-0.548268,0.106104,0.180294,-1.703392,-1.704899,0.810462,-0.000762,-0.000018,-0.024469,0.000446,-0.040078,-0.000066
6701.096000,-0.548275,0.106081,0.180082,-1.703642,-1.705244,0.810104,-0.000232,-0.000044,-0.028930,0.000646,-0.055243,0.000074
6701.104000,-0.548279,0.106100,0.179834,-1.704009,-1.705487,0.809771,-0.000817,-0.000033,-0.027159,0.000553,-0.050067,0.000034
6701.112000,-0.548280,0.106099,0.179651,-1.704232,-1.705761,0.809500,-0.000163,-0.000052,-0.029178,0.000683,-0.058723,0.000132
6701.120000,-0.548284,0.106099,0.179399,-1.704535,-1.706074,0.809139,-0.000827,-0.000032,-0.026475,0.000541,-0.049314,0.000042
6701.128000,-0.548292,0.106089,0.179211,-1.704752,-1.706307,0.808974,0.000309,-0.000052,-0.029738,0.000703,-0.058062,0.000102
6701.136000,-0.548296,0.106096,0.178990,-1.705016,-1.706560,0.808661,-0.000745,-0.000022,-0.026571,0.000499,-0.044742,-0.000049
6701.144000,-0.548305,0.106076,0.178741,-1.705334,-1.706940,0.808300,0.000001,-0.000047,-0.028067,0.000653,-0.055301,0.000105
6701.152000,-0.548302,0.106103,0.178512,-1.705683,-1.707198,0.807924,-0.000632,-0.000036,-0.027698,0.000582,-0.052219,0.000057
6701.160000,-0.548307,0.106108,0.178331,-1.705875,-1.707377,0.807728,-0.000758,-0.000027,-0.023849,0.000479,-0.043980,0.000030
6701.168000,-0.548311,0.106089,0.178136,-1.706091,-1.707644,0.807468,0.000173,-0.000037,-0.027934,0.000610,-0.050494,0.000018
6701.176000,-0.548314,0.106102,0.177904,-1.706354,-1.707884,0.807170,-0.000693,-0.000022,-0.024785,0.000474,-0.042911,-0.000023
6701.184000,-0.548321,0.106107,0.177715,-1.706612,-1.708120,0.806930,-0.000106,-0.000041,-0.026490,0.000593,-0.051131,0.000078
6701.192000,-0.548327,0.106078,0.177496,-1.706920,-1.708443,0.806558,-0.000355,-0.000037,-0.027540,0.000593,-0.051869,0.000056
6701.200000,-0.548333,0.106086,0.177310,-1.707126,-1.708674,0.806372,-0.000707,-0.000026,-0.024473,0.000487,-0.044435,0.000017
6701.208000,-0.548334,0.106100,0.177125,-1.707315,-1.708851,0.806126,0.000134,-0.000053,-0.029137,0.000694,-0.059111,0.000142
6701.216000,-0.548331,0.106099,0.176895,-1.707622,-1.709147,0.805817,-0.000253,-0.000027,-0.026197,0.000529,-0.045753,-0.000015
6701.224000,-0.548341,0.106118,0.176699,-1.707852,-1.709343,0.805570,-0.000684,-0.000022,-0.023761,0.000457,-0.041923,-0.000007
6701.232000,-0.548351,0.106063,0.176506,-1.708088,-1.709614,0.805314,-0.000125,-0.000042,-0.027485,0.000619,-0.053316,0.000086
6701.240000,-0.548350,0.106071,0.176259,-1.708415,-1.709967,0.804995,-0.000355,-0.000035,-0.026749,0.000573,-0.050431,0.000055
6701.248000,-0.548351,0.106100,0.176080,-1.708572,-1.710155,0.804680,-0.000567,-0.000025,-0.024188,0.000480,-0.043409,0.000007
6701.256000,-0.548357,0.106086,0.175876,-1.708880,-1.710391,0.804453,0.000176,-0.000046,-0.027957,0.000649,-0.054936,0.000102
6701.264000,-0.548351,0.106113,0.175637,-1.709201,-1.710682,0.804051,-0.000220,-0.000034,-0.026202,0.000559,-0.049017,0.000047
6701.272000,-0.548363,0.106072,0.175442,-1.709361,-1.710951,0.803879,-0.000596,-0.000018,-0.023560,0.000445,-0.040217,-0.000033
6701.280000,-0.548360,0.106092,0.175261,-1.709608,-1.711156,0.803601,0.000421,-0.000045,-0.027634,0.000647,-0.053829,0.000092
6701.288000,-0.548362,0.106090,0.175062,-1.709870,-1.711428,0.803322,-0.000480,-0.000024,-0.024279,0.000482,-0.043318,0.000003
6701.296000,-0.548366,0.106098,0.174877,-1.710089,-1.711658,0.803039,0.000048,-0.000038,-0.024280,0.000555,-0.047790,0.000090
6701.304000,-0.548369,0.106084,0.174666,-1.710375,-1.711902,0.802789,-0.000077,-0.000039,-0.025579,0.000578,-0.050325,0.000094
6701.312000,-0.548371,0.106089,0.174459,-1.710578,-1.712163,0.802534,-0.000443,-0.000005,-0.021764,0.000364,-0.032198,-0.000125
6701.320000,-0.548374,0.106085,0.174316,-1.710719,-1.712294,0.802345,0.000186,-0.000031,-0.025372,0.000548,-0.046098,0.000020
6701.328000,-0.548370,0.106104,0.174089,-1.711064,-1.712579,0.801976,-0.000345,-0.000027,-0.024486,0.000502,-0.044909,0.000026
6701.336000,-0.548377,0.106102,0.173929,-1.711270,-1.712802,0.801771,-0.000220,-0.000030,-0.023140,0.000495,-0.043970,0.000055
6701.344000,-0.548379,0.106084,0.173700,-1.711519,-1.713093,0.801462,-0.000259,-0.000034,-0.025666,0.000555,-0.049329,0.000071
6701.352000,-0.548376,0.106104,0.173506,-1.711774,-1.713264,0.801212,-0.000215,-0.000016,-0.023823,0.000449,-0.039211,-0.000060
6701.360000,-0.548382,0.106096,0.173331,-1.711984,-1.713482,0.801005,-0.000082,-0.000022,-0.023957,0.000479,-0.041449,-0.000021
6701.368000,-0.548385,0.106067,0.173086,-1.712293,-1.713873,0.800685,-0.000133,-0.000031,-0.024857,0.000532,-0.046601,0.000047
6701.376000,-0.548386,0.106096,0.172950,-1.712452,-1.713970,0.800470,-0.000410,-0.000024,-0.022677,0.000460,-0.041731,0.000027
6701.384000,-0.548389,0.106082,0.172759,-1.712690,-1.714250,0.800198,-0.000031,-0.000036,-0.024508,0.000549,-0.047996,0.000086
6701.392000,-0.548392,0.106058,0.172543,-1.712940,-1.714511,0.799911,0.000186,-0.000027,-0.025410,0.000534,-0.044948,-0.000003
6701.400000,-0.548397,0.106069,0.172396,-1.713039,-1.714655,0.799787,-0.000340,-0.000008,-0.021379,0.000376,-0.033243,-0.000092
6701.408000,-0.548397,0.106069,0.172200,-1.713336,-1.714902,0.799485,0.000093,-0.000031,-0.023643,0.000518,-0.044526,0.000049
6701.416000,-0.548391,0.106102,0.172000,-1.713655,-1.715098,0.799172,0.000241,-0.000039,-0.024961,0.000577,-0.049544,0.000101
6701.424000,-0.548399,0.106095,0.171818,-1.713819,-1.715301,0.798968,-0.000367,-0.000022,-0.021828,0.000439,-0.039886,0.000020
6701.432000,-0.548403,0.106081,0.171678,-1.713933,-1.715484,0.798825,-0.000399,-0.000006,-0.020733,0.000356,-0.031978,-0.000094
6701.440000,-0.548402,0.106052,0.171439,-1.714225,-1.715866,0.798533,0.000534,-0.000036,-0.025424,0.000584,-0.048235,0.000060
6701.448000,-0.548398,0.106100,0.171289,-1.714467,-1.715935,0.798265,-0.000296,-0.000022,-0.022899,0.000460,-0.041487,0.000015
6701.456000,-0.548410,0.106060,0.171130,-1.714550,-1.716189,0.798121,-0.000403,-0.000020,-0.021739,0.000431,-0.039210,0.000010
6701.464000,-0.548404,0.106066,0.170913,-1.714890,-1.716447,0.797804,0.000572,-0.000022,-0.024128,0.000504,-0.040610,-0.000042
6701.472000,-0.548402,0.106102,0.170745,-1.715068,-1.716532,0.797562,-0.000198,-0.000015,-0.022168,0.000421,-0.037379,-0.000039
6701.480000,-0.548409,0.106068,0.170562,-1.715285,-1.716821,0.797346,-0.000093,-0.000026,-0.023065,0.000485,-0.042786,0.000034
6701.488000,-0.548398,0.106099,0.170349,-1.715603,-1.717066,0.797007,0.000361,-0.000025,-0.024174,0.000509,-0.042652,-0.000005
6701.496000,-0.548400,0.106100,0.170193,-1.715774,-1.717183,0.796845,-0.000153,-0.000012,-0.021773,0.000404,-0.035644,-0.000059
6701.504000,-0.548404,0.106086,0.170014,-1.715923,-1.717465,0.796607,0.000381,-0.000028,-0.023224,0.000507,-0.042584,0.000027
6701.512000,-0.548400,0.106093,0.169816,-1.716225,-1.717758,0.796248,0.000386,-0.000037,-0.024845,0.000572,-0.048873,0.000092
6701.520000,-0.548408,0.106082,0.169643,-1.716398,-1.717932,0.796045,-0.000267,-0.000022,-0.021970,0.000445,-0.040341,0.000024
6701.528000,-0.548401,0.106110,0.169473,-1.716655,-1.718068,0.795889,-0.000303,-0.000003,-0.020129,0.000336,-0.030223,-0.000107
6701.536000,-0.548411,0.106055,0.169298,-1.716766,-1.718326,0.795685,0.000580,-0.000024,-0.022852,0.000493,-0.040106,-0.000008
6701.544000,-0.548408,0.106086,0.169130,-1.717009,-1.718516,0.795411,-0.000114,-0.000020,-0.021952,0.000441,-0.039234,0.000004
6701.552000,-0.548411,0.106077,0.168952,-1.717232,-1.718758,0.795198,-0.000314,-0.000016,-0.020063,0.000392,-0.035850,0.000003
6701.560000,-0.548415,0.106066,0.168802,-1.717375,-1.718941,0.794992,-0.000289,-0.000001,-0.019252,0.000316,-0.028157,-0.000117
6701.568000,-0.548404,0.106100,0.168629,-1.717608,-1.719040,0.794763,0.000127,-0.000004,-0.020207,0.000353,-0.029567,-0.000121
6701.576000,-0.548410,0.106097,0.168469,-1.717772,-1.719272,0.794575,-0.000242,-0.000012,-0.019716,0.000368,-0.033358,-0.000033
6701.584000,-0.548412,0.106099,0.168346,-1.717903,-1.719383,0.794409,-0.000330,-0.000016,-0.020487,0.000394,-0.036286,-0.000003
6701.592000,-0.548408,0.106119,0.168140,-1.718210,-1.719577,0.794108,-0.000071,-0.000023,-0.021473,0.000446,-0.040054,0.000036
6701.600000,-0.548415,0.106085,0.167995,-1.718276,-1.719803,0.793997,-0.000070,-0.000008,-0.020750,0.000374,-0.032740,-0.000079
6701.608000,-0.548421,0.106066,0.167833,-1.718495,-1.720012,0.793786,-0.000104,-0.000018,-0.020853,0.000417,-0.037230,0.000003
6701.616000,-0.548421,0.106085,0.167669,-1.718666,-1.720202,0.793536,-0.000248,-0.000013,-0.019303,0.000369,-0.033660,-0.000013
6701.624000,-0.548425,0.106061,0.167504,-1.718853,-1.720432,0.793307,0.000201,-0.000025,-0.021783,0.000471,-0.040758,0.000040
6701.632000,-0.548417,0.106083,0.167322,-1.719111,-1.720581,0.793135,0.000253,-0.000017,-0.022386,0.000445,-0.037849,-0.000036
6701.640000,-0.548419,0.106099,0.167181,-1.719276,-1.720675,0.792929,-0.000097,-0.000011,-0.019745,0.000370,-0.033003,-0.000040
6701.648000,-0.548427,0.106067,0.167015,-1.719402,-1.720977,0.792683,-0.000227,-0.000011,-0.019323,0.000359,-0.032548,-0.000035
6701.656000,-0.548415,0.106077,0.166800,-1.719754,-1.721255,0.792386,0.000561,-0.000031,-0.021775,0.000503,-0.042287,0.000070
6701.664000,-0.548422,0.106078,0.166663,-1.719872,-1.721382,0.792226,-0.000001,-0.000019,-0.020098,0.000411,-0.036535,0.000016
6701.672000,-0.548421,0.106077,0.166529,-1.719984,-1.721500,0.792112,-0.000130,0.000004,-0.018667,0.000292,-0.025435,-0.000149
6701.680000,-0.548421,0.106079,0.166375,-1.720186,-1.721684,0.791866,0.000603,-0.000027,-0.021859,0.000491,-0.040945,0.000042
6701.688000,-0.548421,0.106063,0.166212,-1.720381,-1.721896,0.791697,0.000278,-0.000026,-0.021414,0.000471,-0.040763,0.000053
6701.696000,-0.548423,0.106076,0.166038,-1.720563,-1.722098,0.791449,-0.000126,-0.000016,-0.019296,0.000383,-0.034680,0.000007
6701.704000,-0.548423,0.106055,0.165906,-1.720663,-1.722276,0.791345,0.000664,-0.000014,-0.021239,0.000430,-0.034479,-0.000061
6701.712000,-0.548409,0.106084,0.165735,-1.720913,-1.722436,0.791034,0.000575,-0.000027,-0.021695,0.000486,-0.040854,0.000046
6701.720000,-0.548416,0.106082,0.165568,-1.721157,-1.722615,0.790856,-0.000061,-0.000016,-0.019118,0.000380,-0.034268,0.000005
6701.728000,-0.548420,0.106066,0.165399,-1.721301,-1.722803,0.790623,-0.000091,-0.000001,-0.017825,0.000299,-0.026321,-0.000103
6701.736000,-0.548410,0.106075,0.165271,-1.721437,-1.722954,0.790502,0.000491,-0.000010,-0.018386,0.000359,-0.029173,-0.000066
6701.744000,-0.548412,0.106096,0.165114,-1.721682,-1.723076,0.790260,0.000115,-0.000016,-0.019082,0.000387,-0.034129,0.000004
6701.752000,-0.548418,0.106078,0.164984,-1.721782,-1.723247,0.790107,0.000313,-0.000014,-0.020329,0.000404,-0.034369,-0.000033
6701.760000,-0.548404,0.106101,0.164788,-1.722024,-1.723455,0.789866,0.000704,-0.000013,-0.019891,0.000399,-0.031944,-0.000063
6701.768000,-0.548412,0.106076,0.164665,-1.722130,-1.723612,0.789738,0.000005,-0.000011,-0.018326,0.000350,-0.031057,-0.000029
6701.776000,-0.548408,0.106094,0.164521,-1.722375,-1.723783,0.789508,-0.000134,-0.000011,-0.017740,0.000336,-0.030721,-0.000016
6701.784000,-0.548405,0.106093,0.164387,-1.722506,-1.723901,0.789391,0.000440,-0.000016,-0.019830,0.000408,-0.034378,-0.000015
6701.792000,-0.548403,0.106103,0.164230,-1.722620,-1.724025,0.789181,0.000114,-0.000004,-0.018885,0.000331,-0.028641,-0.000094
6701.800000,-0.548410,0.106095,0.164109,-1.722753,-1.724188,0.789039,-0.000031,-0.000003,-0.017128,0.000298,-0.026446,-0.000077
6701.808000,-0.548408,0.106088,0.163940,-1.722992,-1.724405,0.788805,0.000272,-0.000019,-0.018854,0.000398,-0.034613,0.000022
6701.816000,-0.548401,0.106094,0.163758,-1.723202,-1.724666,0.788528,0.000460,-0.000027,-0.020618,0.000466,-0.040274,0.000071
6701.824000,-0.548402,0.106094,0.163648,-1.723311,-1.724710,0.788463,0.000114,0.000011,-0.016925,0.000241,-0.019865,-0.000195
6701.832000,-0.548406,0.106073,0.163497,-1.723404,-1.724913,0.788319,-0.000041,-0.000004,-0.017231,0.000303,-0.027011,-0.000070
6701.840000,-0.548399,0.106088,0.163355,-1.723675,-1.725063,0.788060,0.000427,-0.000023,-0.019694,0.000435,-0.037460,0.000048
6701.848000,-0.548403,0.106084,0.163207,-1.723826,-1.725226,0.787837,0.000104,0.000001,-0.017057,0.000283,-0.024208,-0.000117
6701.856000,-0.548400,0.106083,0.163097,-1.723885,-1.725313,0.787763,0.000133,0.000005,-0.016395,0.000258,-0.021610,-0.000144
6701.864000,-0.548402,0.106076,0.162943,-1.724031,-1.725550,0.787550,0.000142,-0.000011,-0.017422,0.000341,-0.029949,-0.000019
6701.872000,-0.548399,0.106083,0.162789,-1.724280,-1.725686,0.787339,0.000326,-0.000020,-0.019144,0.000413,-0.035965,0.000038
6701.880000,-0.548399,0.106081,0.162645,-1.724411,-1.725811,0.787233,0.000120,0.000012,-0.016315,0.000228,-0.018720,-0.000197
6701.888000,-0.548404,0.106075,0.162525,-1.724488,-1.725960,0.787077,-0.000044,-0.000001,-0.015776,0.000269,-0.024011,-0.000077
6701.896000,-0.548399,0.106075,0.162427,-1.724615,-1.726087,0.786934,0.000559,-0.000024,-0.018704,0.000425,-0.036099,0.000056
6701.904000,-0.548394,0.106094,0.162219,-1.724868,-1.726307,0.786657,0.000206,-0.000004,-0.017236,0.000310,-0.026685,-0.000075
6701.912000,-0.548395,0.106101,0.162144,-1.724918,-1.726333,0.786606,0.000087,0.000012,-0.015153,0.000207,-0.017157,-0.000187
6701.920000,-0.548398,0.106073,0.161969,-1.725066,-1.726571,0.786433,0.000036,0.000001,-0.015975,0.000267,-0.023412,-0.000096
6701.928000,-0.548397,0.106080,0.161867,-1.725238,-1.726659,0.786301,0.000200,-0.000014,-0.017317,0.000351,-0.030965,0.000004
6701.936000,-0.548392,0.106101,0.161706,-1.725466,-1.726807,0.786038,0.000071,-0.000012,-0.016854,0.000335,-0.030208,0.000005
6701.944000,-0.548397,0.106076,0.161604,-1.725517,-1.726908,0.785971,0.000068,0.000013,-0.015101,0.000201,-0.016587,-0.000196
6701.952000,-0.548397,0.106059,0.161479,-1.725598,-1.727107,0.785875,0.000348,-0.000012,-0.017282,0.000350,-0.029925,-0.000014
6701.960000,-0.548388,0.106095,0.161303,-1.725889,-1.727246,0.785560,0.000316,-0.000012,-0.017562,0.000352,-0.030472,-0.000014
6701.968000,-0.548391,0.106075,0.161201,-1.725915,-1.727394,0.785461,0.000267,-0.000003,-0.016127,0.000289,-0.024485,-0.000079
6701.976000,-0.548398,0.106063,0.161083,-1.726007,-1.727495,0.785358,0.000192,0.000009,-0.015315,0.000228,-0.018662,-0.000164
6701.984000,-0.548387,0.106108,0.160944,-1.726208,-1.727579,0.785157,0.000040,0.000003,-0.015217,0.000242,-0.021240,-0.000111
6701.992000,-0.548385,0.106098,0.160809,-1.726429,-1.727710,0.784962,0.000473,-0.000017,-0.016453,0.000358,-0.030539,0.000026
6702.000000,-0.548378,0.106101,0.160641,-1.726589,-1.727981,0.784724,0.000499,-0.000021,-0.017640,0.000394,-0.033995,0.000052
6702.008000,-0.548386,0.106093,0.160548,-1.726604,-1.728030,0.784725,0.000372,0.000009,-0.016183,0.000246,-0.019496,-0.000177
6702.016000,-0.548382,0.106095,0.160443,-1.726714,-1.728142,0.784562,0.000091,-0.000004,-0.014847,0.000269,-0.023857,-0.000049
6702.024000,-0.548384,0.106086,0.160307,-1.726910,-1.728293,0.784433,-0.000015,-0.000007,-0.015261,0.000285,-0.026081,-0.000020
6702.032000,-0.548383,0.106074,0.160201,-1.726942,-1.728439,0.784303,0.000082,0.000018,-0.013067,0.000149,-0.011731,-0.000220
6702.040000,-0.548375,0.106089,0.160050,-1.727166,-1.728539,0.784096,0.000560,-0.000011,-0.016463,0.000337,-0.027946,-0.000024
6702.048000,-0.548376,0.106095,0.159939,-1.727282,-1.728696,0.783915,0.000136,-0.000009,-0.015814,0.000306,-0.027337,-0.000015
6702.056000,-0.548385,0.106054,0.159827,-1.727320,-1.728853,0.783884,0.000113,0.000004,-0.013950,0.000225,-0.019294,-0.000105
6702.064000,-0.548379,0.106061,0.159707,-1.727456,-1.728925,0.783773,0.000150,0.000011,-0.013624,0.000188,-0.015355,-0.000169
6702.072000,-0.548371,0.106079,0.159569,-1.727672,-1.729089,0.783554,0.000183,-0.000004,-0.015082,0.000276,-0.024154,-0.000051
6702.080000,-0.548368,0.106102,0.159476,-1.727776,-1.729100,0.783421,0.000301,-0.000013,-0.015833,0.000327,-0.028741,0.000012
6702.088000,-0.548369,0.106086,0.159339,-1.727870,-1.729282,0.783319,0.000355,0.000003,-0.014134,0.000235,-0.019126,-0.000114
6702.096000,-0.548373,0.106057,0.159244,-1.727928,-1.729362,0.783227,0.000197,0.000002,-0.013821,0.000233,-0.019773,-0.000092
6702.104000,-0.548365,0.106093,0.159090,-1.728148,-1.729548,0.782983,0.000185,-0.000001,-0.014475,0.000251,-0.021758,-0.000076
6702.112000,-0.548372,0.106081,0.159004,-1.728216,-1.729626,0.782906,0.000093,-0.000007,-0.015057,0.000284,-0.025568,-0.000023
6702.120000,-0.548372,0.106073,0.158917,-1.728274,-1.729657,0.782914,0.000160,0.000024,-0.012540,0.000119,-0.008410,-0.000266
6702.144000,-0.548369,0.106047,0.158547,-1.728647,-1.730100,0.782465,0.000434,-0.000001,-0.014617,0.000262,-0.021336,-0.000088
6702.152000,-0.548361,0.106089,0.158420,-1.728823,-1.730131,0.782275,0.000258,-0.000000,-0.014039,0.000246,-0.020924,-0.000077
6702.160000,-0.548366,0.106063,0.158339,-1.728859,-1.730291,0.782178,0.000210,-0.000009,-0.015668,0.000309,-0.027394,-0.000009
6702.168000,-0.548366,0.106081,0.158248,-1.728937,-1.730334,0.782097,0.000228,0.000009,-0.012946,0.000187,-0.015177,-0.000150
6702.176000,-0.548358,0.106099,0.158128,-1.729061,-1.730391,0.782011,0.000120,0.000006,-0.012926,0.000197,-0.016917,-0.000116
6702.184000,-0.548361,0.106085,0.158024,-1.729162,-1.730542,0.781899,0.000035,-0.000001,-0.013794,0.000237,-0.021441,-0.000059
6702.192000,-0.548362,0.106080,0.157921,-1.729272,-1.730631,0.781769,0.000041,0.000004,-0.011774,0.000186,-0.016480,-0.000085
6702.200000,-0.548362,0.106073,0.157841,-1.729298,-1.730707,0.781726,0.000084,0.000020,-0.011922,0.000126,-0.009795,-0.000218
6702.208000,-0.548362,0.106083,0.157716,-1.729424,-1.730781,0.781560,0.000000,0.000002,-0.012827,0.000209,-0.018863,-0.000076
6702.216000,-0.548364,0.106074,0.157651,-1.729461,-1.730855,0.781535,-0.000004,0.000002,-0.013204,0.000218,-0.019759,-0.000072
6702.224000,-0.548363,0.106075,0.157525,-1.729575,-1.730916,0.781433,0.000080,0.000019,-0.011583,0.000122,-0.009603,-0.000210
6702.232000,-0.548363,0.106061,0.157440,-1.729608,-1.731018,0.781378,0.000140,0.000007,-0.011846,0.000177,-0.014904,-0.000118
6702.240000,-0.548355,0.106074,0.157309,-1.729829,-1.731177,0.781158,0.000479,-0.000013,-0.015581,0.000331,-0.028406,0.000014
6702.248000,-0.548345,0.106102,0.157195,-1.729935,-1.731243,0.780980,0.000551,-0.000000,-0.013318,0.000240,-0.019011,-0.000088
6702.256000,-0.548355,0.106062,0.157107,-1.729961,-1.731358,0.780971,0.000259,0.000007,-0.013557,0.000209,-0.017214,-0.000131
6702.264000,-0.548357,0.106048,0.156996,-1.730038,-1.731526,0.780848,0.000147,0.000003,-0.011866,0.000196,-0.016845,-0.000081
6702.272000,-0.548350,0.106093,0.156918,-1.730167,-1.731538,0.780728,0.000063,-0.000004,-0.012965,0.000236,-0.021480,-0.000030
6702.280000,-0.548353,0.106074,0.156827,-1.730202,-1.731603,0.780683,0.000141,0.000020,-0.010566,0.000102,-0.007383,-0.000218
6702.288000,-0.548349,0.106087,0.156740,-1.730252,-1.731659,0.780610,0.000070,0.000007,-0.010693,0.000154,-0.013346,-0.000109
6702.296000,-0.548359,0.106054,0.156680,-1.730319,-1.731746,0.780586,0.000033,0.000002,-0.011158,0.000182,-0.016274,-0.000068
6702.304000,-0.548360,0.106048,0.156609,-1.730313,-1.731790,0.780541,0.000114,0.000023,-0.009662,0.000075,-0.004915,-0.000235
6702.312000,-0.548350,0.106095,0.156498,-1.730476,-1.731776,0.780398,0.000084,0.000018,-0.011004,0.000117,-0.009243,-0.000198
6702.320000,-0.548352,0.106087,0.156403,-1.730605,-1.731922,0.780289,0.000025,0.000002,-0.010519,0.000172,-0.015570,-0.000060
6702.328000,-0.548353,0.106091,0.156335,-1.730634,-1.731912,0.780214,0.000092,0.000018,-0.010201,0.000104,-0.008021,-0.000194
6702.336000,-0.548350,0.106083,0.156229,-1.730721,-1.732026,0.780123,0.000088,0.000018,-0.011245,0.000122,-0.009684,-0.000197
6702.344000,-0.548358,0.106058,0.156133,-1.730763,-1.732162,0.780027,0.000055,0.000008,-0.010436,0.000147,-0.012713,-0.000112
6702.352000,-0.548354,0.106075,0.156027,-1.730882,-1.732286,0.779903,0.000016,-0.000001,-0.011708,0.000202,-0.018532,-0.000044
6702.360000,-0.548351,0.106074,0.155961,-1.730898,-1.732308,0.779895,0.000169,0.000034,-0.009137,0.000023,0.000760,-0.000325
6702.368000,-0.548347,0.106085,0.155846,-1.731035,-1.732366,0.779722,0.000058,0.000007,-0.010301,0.000148,-0.012900,-0.000104
6702.376000,-0.548350,0.106090,0.155786,-1.731091,-1.732409,0.779674,0.000032,0.000002,-0.011010,0.000179,-0.016183,-0.000065
6702.384000,-0.548348,0.106088,0.155691,-1.731134,-1.732488,0.779629,0.000126,0.000025,-0.008800,0.000054,-0.002883,-0.000244
6702.392000,-0.548346,0.106098,0.155638,-1.731148,-1.732492,0.779551,0.000055,0.000011,-0.010851,0.000143,-0.012349,-0.000133
6702.400000,-0.548344,0.106109,0.155564,-1.731271,-1.732529,0.779498,0.000017,0.000001,-0.010188,0.000168,-0.015406,-0.000052
6702.408000,-0.548354,0.106057,0.155483,-1.731236,-1.732679,0.779480,0.000154,0.000035,-0.008498,0.000010,0.001843,-0.000324
6702.416000,-0.548347,0.106082,0.155403,-1.731339,-1.732643,0.779450,0.000090,0.000020,-0.009479,0.000084,-0.006108,-0.000206
6702.424000,-0.548345,0.106094,0.155310,-1.731451,-1.732764,0.779307,0.000017,0.000003,-0.010501,0.000167,-0.015196,-0.000067
6702.432000,-0.548346,0.106082,0.155229,-1.731503,-1.732825,0.779247,0.000127,0.000029,-0.008217,0.000030,-0.000457,-0.000271
6702.440000,-0.548344,0.106110,0.155181,-1.731530,-1.732734,0.779245,0.000076,0.000017,-0.009862,0.000102,-0.008102,-0.000181
6702.448000,-0.548346,0.106096,0.155086,-1.731622,-1.732877,0.779142,0.000016,0.000002,-0.010660,0.000173,-0.015814,-0.000060
6702.456000,-0.548344,0.106097,0.155017,-1.731648,-1.732933,0.779066,0.000075,0.000016,-0.009911,0.000107,-0.008586,-0.000173
6702.464000,-0.548346,0.106078,0.154930,-1.731667,-1.733024,0.779001,0.000069,0.000014,-0.008979,0.000101,-0.008217,-0.000148
6702.472000,-0.548348,0.106090,0.154863,-1.731725,-1.733047,0.778957,0.000040,0.000007,-0.009966,0.000144,-0.012799,-0.000094
6702.480000,-0.548349,0.106085,0.154793,-1.731802,-1.733071,0.778911,0.000016,0.000001,-0.010825,0.000180,-0.016586,-0.000051
6702.488000,-0.548340,0.106097,0.154711,-1.731851,-1.733085,0.778875,0.000126,0.000026,-0.007611,0.000031,-0.000759,-0.000244
6702.496000,-0.548341,0.106103,0.154626,-1.731973,-1.733174,0.778772,0.000051,0.000008,-0.009254,0.000127,-0.011160,-0.000102
6702.504000,-0.548347,0.106079,0.154562,-1.731954,-1.733238,0.778735,0.000026,0.000002,-0.009643,0.000159,-0.014520,-0.000051
6702.512000,-0.548348,0.106066,0.154492,-1.731954,-1.733275,0.778727,0.000161,0.000034,-0.007705,0.000001,0.002620,-0.000312
6702.520000,-0.548337,0.106126,0.154430,-1.732075,-1.733241,0.778585,0.000045,0.000005,-0.008516,0.000125,-0.011184,-0.000076
6702.528000,-0.548344,0.106086,0.154353,-1.732093,-1.733392,0.778547,0.000083,0.000015,-0.009220,0.000101,-0.008169,-0.000157
6702.536000,-0.548345,0.106085,0.154295,-1.732081,-1.733364,0.778590,0.000123,0.000023,-0.006891,0.000029,-0.000721,-0.000220
6702.544000,-0.548345,0.106076,0.154223,-1.732185,-1.733487,0.778508,0.000048,0.000006,-0.010158,0.000151,-0.013451,-0.000089
6702.552000,-0.548345,0.106086,0.154171,-1.732199,-1.733449,0.778466,0.000040,0.000003,-0.007737,0.000121,-0.010896,-0.000055
6702.560000,-0.548343,0.106086,0.154131,-1.732141,-1.733407,0.778514,0.000146,0.000030,-0.008634,0.000033,-0.000654,-0.000281
6702.568000,-0.548344,0.106078,0.154058,-1.732197,-1.733523,0.778447,0.000055,0.000007,-0.007722,0.000104,-0.008969,-0.000091
6702.576000,-0.548340,0.106091,0.153968,-1.732303,-1.733586,0.778338,0.000028,0.000002,-0.010485,0.000173,-0.015886,-0.000053
6702.584000,-0.548338,0.106105,0.153908,-1.732324,-1.733510,0.778352,0.000131,0.000026,-0.007498,0.000027,-0.000352,-0.000248
6702.592000,-0.548343,0.106087,0.153872,-1.732323,-1.733561,0.778328,0.000055,0.000008,-0.008956,0.000121,-0.010556,-0.000103
6702.608000,-0.548341,0.106086,0.153689,-1.732443,-1.733685,0.778204,0.000176,0.000038,-0.006230,-0.000038,0.006560,-0.000337
6702.608000,-0.548341,0.106086,0.153689,-1.732443,-1.733685,0.778204,0.000176,0.000038,-0.006230,-0.000038,0.006560,-0.000337
6702.616000,-0.548342,0.106091,0.153641,-1.732455,-1.733747,0.778150,0.000075,0.000014,-0.010015,0.000119,-0.009991,-0.000150
6702.624000,-0.548347,0.106059,0.153572,-1.732534,-1.733867,0.778093,0.000036,0.000004,-0.007536,0.000115,-0.010278,-0.000060
6702.632000,-0.548338,0.106090,0.153510,-1.732613,-1.733794,0.778105,0.000170,0.000036,-0.006648,-0.000025,0.005280,-0.000327
6702.640000,-0.548339,0.106084,0.153438,-1.732567,-1.733881,0.778031,0.000099,0.000019,-0.007764,0.000059,-0.003980,-0.000188
6702.656000,-0.548344,0.106079,0.153376,-1.732545,-1.733867,0.778041,0.000166,0.000036,-0.005757,-0.000038,0.006402,-0.000318
6702.656000,-0.548344,0.106079,0.153376,-1.732545,-1.733867,0.778041,0.000166,0.000036,-0.005757,-0.000038,0.006402,-0.000318
6702.664000,-0.548341,0.106081,0.153262,-1.732625,-1.733947,0.777912,0.000098,0.000019,-0.007617,0.000058,-0.003889,-0.000185
6702.680000,-0.548343,0.106065,0.153157,-1.732641,-1.733963,0.777972,0.000185,0.000040,-0.004436,-0.000077,0.010366,-0.000349
6702.680000,-0.548343,0.106065,0.153157,-1.732641,-1.733963,0.777972,0.000185,0.000040,-0.004436,-0.000077,0.010366,-0.000349
6702.688000,-0.548339,0.106080,0.153111,-1.732681,-1.733964,0.777896,0.000077,0.000014,-0.007712,0.000081,-0.006400,-0.000140
6702.704000,-0.548338,0.106094,0.153014,-1.732658,-1.733955,0.777878,0.000153,0.000037,-0.006292,-0.000035,0.006157,-0.000332
6702.712000,-0.548333,0.106102,0.152942,-1.732768,-1.733971,0.777804,0.000047,0.000012,-0.005587,0.000050,-0.003860,-0.000116
6702.720000,-0.548338,0.106095,0.152908,-1.732791,-1.733973,0.777810,0.000024,0.000006,-0.007721,0.000110,-0.009937,-0.000073
6702.728000,-0.548340,0.106088,0.152897,-1.732691,-1.733919,0.777911,0.000151,0.000037,-0.003506,-0.000081,0.010385,-0.000317
6702.736000,-0.548344,0.106070,0.152836,-1.732684,-1.734037,0.777810,-0.000090,0.000011,-0.006140,0.000059,-0.005417,-0.000106
6702.736000,-0.548344,0.106070,0.152836,-1.732684,-1.734037,0.777810,-0.000090,0.000011,-0.006140,0.000059,-0.005417,-0.000106
6702.744000,-0.548345,0.106086,0.152807,-1.732726,-1.733989,0.777876,-0.000469,0.000037,-0.005030,-0.000073,0.006316,-0.000294
6702.752000,-0.548348,0.106101,0.152764,-1.732676,-1.733883,0.777932,-0.000372,0.000043,-0.002075,-0.000142,0.013592,-0.000332
6702.760000,-0.548344,0.106101,0.152725,-1.732720,-1.733948,0.777864,-0.000241,0.000013,-0.006280,0.000051,-0.005499,-0.000110
6702.768000,-0.548348,0.106089,0.152671,-1.732756,-1.733909,0.777896,-0.000011,0.000045,-0.003651,-0.000116,0.013251,-0.000378
6702.776000,-0.548352,0.106084,0.152651,-1.732676,-1.733848,0.777944,-0.000098,0.000024,-0.006436,0.000014,-0.000553,-0.000209
6702.784000,-0.548358,0.106070,0.152608,-1.732669,-1.733954,0.777897,-0.000377,0.000016,-0.003537,-0.000014,0.000090,-0.000123
6702.792000,-0.548355,0.106082,0.152547,-1.732683,-1.733919,0.777932,-0.000220,0.000046,-0.005093,-0.000100,0.010672,-0.000378
6702.800000,-0.548358,0.106072,0.152487,-1.732697,-1.733924,0.777893,-0.000162,0.000021,-0.003646,-0.000024,0.002463,-0.000172
6702.808000,-0.548351,0.106097,0.152476,-1.732728,-1.733902,0.777870,-0.000121,0.000012,-0.008003,0.000085,-0.008073,-0.000119
6702.816000,-0.548353,0.106083,0.152437,-1.732655,-1.733875,0.777953,0.000041,0.000043,-0.003175,-0.000113,0.013093,-0.000358
6702.824000,-0.548357,0.106085,0.152426,-1.732674,-1.733791,0.777986,-0.000018,0.000024,-0.007015,0.000024,-0.001075,-0.000218
6702.832000,-0.548359,0.106116,0.152392,-1.732669,-1.733747,0.778011,-0.001316,0.000038,0.002067,-0.000220,0.015543,-0.000231
6702.840000,-0.548371,0.106064,0.152373,-1.732540,-1.733835,0.778052,-0.000390,0.000044,-0.003677,-0.000122,0.011655,-0.000349
6702.848000,-0.548359,0.106097,0.152316,-1.732578,-1.733766,0.778034,0.000108,0.000024,-0.003523,-0.000031,0.004830,-0.000212
6702.856000,-0.548368,0.106092,0.152296,-1.732535,-1.733795,0.778012,-0.000552,0.000025,-0.005410,-0.000018,-0.000006,-0.000186
6702.864000,-0.548365,0.106104,0.152289,-1.732513,-1.733654,0.778132,-0.000165,0.000060,0.000677,-0.000252,0.026083,-0.000476
6702.872000,-0.548373,0.106085,0.152274,-1.732409,-1.733651,0.778199,-0.000167,0.000018,-0.007894,0.000062,-0.005844,-0.000158
6702.888000,-0.548381,0.106069,0.152207,-1.732406,-1.733627,0.778300,-0.000371,0.000046,-0.005980,-0.000089,0.008741,-0.000372
6702.896000,-0.548374,0.106090,0.152163,-1.732399,-1.733609,0.778256,-0.000427,0.000036,0.000639,-0.000163,0.014920,-0.000265
6702.904000,-0.548374,0.106094,0.152137,-1.732408,-1.733601,0.778185,-0.000257,0.000012,-0.008934,0.000098,-0.010053,-0.000113
6702.912000,-0.548374,0.106106,0.152143,-1.732298,-1.733464,0.778340,-0.000685,0.000062,0.002982,-0.000313,0.029122,-0.000458
6702.920000,-0.548381,0.106094,0.152113,-1.732264,-1.733479,0.778342,-0.000426,0.000020,-0.005878,0.000010,-0.002269,-0.000158
6702.928000,-0.548380,0.106090,0.152068,-1.732267,-1.733517,0.778381,-0.000235,0.000041,0.000890,-0.000181,0.017978,-0.000314
6702.936000,-0.548389,0.106093,0.152086,-1.732169,-1.733346,0.778498,-0.000453,0.000043,-0.005350,-0.000089,0.008118,-0.000339
6702.944000,-0.548388,0.106106,0.152061,-1.732246,-1.733319,0.778477,-0.000461,0.000020,-0.000428,-0.000084,0.006508,-0.000141
6702.952000,-0.548397,0.106074,0.152046,-1.732077,-1.733332,0.778570,-0.000300,0.000052,-0.005776,-0.000111,0.011530,-0.000418
6702.960000,-0.548395,0.106097,0.152042,-1.732034,-1.733174,0.778622,-0.000399,0.000031,-0.000056,-0.000132,0.011915,-0.000231
6702.968000,-0.548399,0.106088,0.152040,-1.732014,-1.733160,0.778708,-0.000271,0.000017,-0.008954,0.000080,-0.008131,-0.000150
6702.976000,-0.548401,0.106092,0.151987,-1.732037,-1.733178,0.778708,-0.000556,0.000020,-0.001103,-0.000076,0.005200,-0.000139
6702.984000,-0.548399,0.106115,0.151976,-1.731986,-1.733054,0.778731,-0.000622,0.000058,-0.001322,-0.000219,0.020302,-0.000435
6702.992000,-0.548405,0.106096,0.151955,-1.731956,-1.733063,0.778770,0.000049,0.000010,-0.003154,0.000018,-0.000935,-0.000089
6703.000000,-0.548414,0.106076,0.151969,-1.731819,-1.733027,0.778873,-0.000526,0.000038,-0.004207,-0.000090,0.007504,-0.000289
6703.008000,-0.548411,0.106087,0.151946,-1.731763,-1.732953,0.778978,-0.000183,0.000035,-0.001279,-0.000119,0.012073,-0.000275
6703.016000,-0.548413,0.106089,0.151923,-1.731750,-1.732920,0.778972,-0.000153,0.000015,-0.003903,0.000003,-0.000298,-0.000128
6703.024000,-0.548413,0.106102,0.151913,-1.731730,-1.732812,0.779043,-0.000472,0.000060,-0.000998,-0.000232,0.022492,-0.000466
6703.032000,-0.548417,0.106109,0.151913,-1.731613,-1.732754,0.779106,-0.000404,0.000034,0.000056,-0.000144,0.013132,-0.000251
6703.040000,-0.548422,0.106091,0.151889,-1.731585,-1.732756,0.779132,-0.000248,0.000020,-0.004088,-0.000015,0.001101,-0.000161
6703.048000,-0.548417,0.106104,0.151865,-1.731544,-1.732691,0.779169,-0.000303,0.000056,0.001852,-0.000260,0.025848,-0.000432
6703.056000,-0.548418,0.106114,0.151849,-1.731558,-1.732615,0.779280,-0.000389,0.000034,-0.003003,-0.000092,0.008319,-0.000263
6703.064000,-0.548422,0.106095,0.151850,-1.731486,-1.732594,0.779337,-0.000272,0.000019,-0.001635,-0.000053,0.004529,-0.000143
6703.072000,-0.548428,0.106089,0.151855,-1.731379,-1.732567,0.779398,-0.000326,0.000055,-0.000738,-0.000213,0.021174,-0.000431
6703.080000,-0.548433,0.106093,0.151819,-1.731342,-1.732426,0.779455,-0.000853,0.000038,0.000304,-0.000175,0.013789,-0.000256
6703.088000,-0.548435,0.106079,0.151823,-1.731312,-1.732424,0.779509,-0.000354,0.000024,0.000894,-0.000118,0.010353,-0.000169
6703.096000,-0.548439,0.106104,0.151839,-1.731215,-1.732280,0.779640,-0.000160,0.000050,-0.002071,-0.000166,0.017407,-0.000404
6703.104000,-0.548448,0.106081,0.151842,-1.731054,-1.732232,0.779716,-0.000733,0.000037,0.001519,-0.000191,0.015903,-0.000255
6703.112000,-0.548447,0.106079,0.151817,-1.731088,-1.732220,0.779755,-0.000419,0.000029,-0.001533,-0.000098,0.008464,-0.000216
6703.120000,-0.548446,0.106100,0.151828,-1.731006,-1.732063,0.779852,-0.000093,0.000050,0.001304,-0.000221,0.022953,-0.000395
6703.128000,-0.548452,0.106099,0.151822,-1.730946,-1.732031,0.779912,-0.001246,0.000045,0.002627,-0.000255,0.019593,-0.000290
6703.128000,-0.548452,0.106099,0.151822,-1.730946,-1.732031,0.779912,-0.001246,0.000045,0.002627,-0.000255,0.019593,-0.000290
6703.144000,-0.548454,0.106105,0.151823,-1.730774,-1.731881,0.780086,-0.000150,0.000040,0.001706,-0.000191,0.019325,-0.000312
6703.152000,-0.548462,0.106100,0.151846,-1.730653,-1.731831,0.780153,-0.001015,0.000033,0.001343,-0.000181,0.013228,-0.000211
6703.160000,-0.548463,0.106109,0.151851,-1.730614,-1.731687,0.780237,-0.000561,0.000057,0.003739,-0.000301,0.028331,-0.000417
6703.168000,-0.548466,0.106094,0.151816,-1.730547,-1.731719,0.780286,0.000124,0.000025,-0.004182,-0.000024,0.004212,-0.000223
6703.176000,-0.548467,0.106108,0.151847,-1.730558,-1.731554,0.780385,-0.000893,0.000032,0.001994,-0.000183,0.014038,-0.000204
6703.184000,-0.548473,0.106108,0.151868,-1.730408,-1.731449,0.780528,0.000191,0.000041,-0.002750,-0.000107,0.013328,-0.000348
6703.192000,-0.548479,0.106082,0.151837,-1.730318,-1.731481,0.780574,-0.001400,0.000058,0.004148,-0.000335,0.026888,-0.000378
6703.200000,-0.548483,0.106107,0.151885,-1.730282,-1.731285,0.780720,-0.000666,0.000032,0.002244,-0.000182,0.015213,-0.000217
6703.208000,-0.548485,0.106098,0.151873,-1.730127,-1.731223,0.780780,-0.000251,0.000050,-0.000083,-0.000200,0.020053,-0.000387
6703.216000,-0.548483,0.106101,0.151860,-1.730105,-1.731184,0.780859,-0.000890,0.000048,0.001503,-0.000235,0.019780,-0.000330
6703.224000,-0.548497,0.106081,0.151887,-1.729999,-1.731147,0.780976,-0.001004,0.000038,0.003817,-0.000240,0.019047,-0.000238
6703.232000,-0.548494,0.106098,0.151917,-1.729864,-1.730930,0.781096,-0.000172,0.000056,0.003543,-0.000286,0.028973,-0.000434
6703.240000,-0.548499,0.106096,0.151890,-1.729846,-1.730894,0.781187,-0.000857,0.000035,0.000657,-0.000171,0.013281,-0.000235
6703.248000,-0.548506,0.106097,0.151935,-1.729694,-1.730792,0.781292,-0.001092,0.000050,0.004612,-0.000305,0.025412,-0.000333
6703.256000,-0.548508,0.106082,0.151950,-1.729572,-1.730683,0.781479,-0.000481,0.000047,0.002639,-0.000242,0.022613,-0.000344
6703.264000,-0.548504,0.106116,0.151946,-1.729594,-1.730591,0.781468,-0.000040,0.000015,-0.002195,-0.000021,0.002497,-0.000123
6703.272000,-0.548512,0.106117,0.151974,-1.729508,-1.730461,0.781602,-0.001420,0.000076,0.007739,-0.000466,0.040184,-0.000510
6703.280000,-0.548518,0.106086,0.151965,-1.729301,-1.730458,0.781680,-0.000471,0.000045,0.001748,-0.000218,0.020235,-0.000329
6703.288000,-0.548516,0.106113,0.151945,-1.729380,-1.730392,0.781666,-0.000085,0.000015,-0.001806,-0.000029,0.002990,-0.000119
6703.296000,-0.548527,0.106103,0.151994,-1.729194,-1.730258,0.781914,-0.000729,0.000062,0.005080,-0.000349,0.032194,-0.000445
6703.304000,-0.548528,0.106097,0.152040,-1.729044,-1.730116,0.782068,-0.000366,0.000035,0.002416,-0.000190,0.017715,-0.000258
6703.312000,-0.548527,0.106111,0.152006,-1.729142,-1.730080,0.782031,-0.000205,0.000019,-0.000557,-0.000069,0.006379,-0.000142
6703.320000,-0.548534,0.106119,0.152059,-1.728907,-1.729902,0.782227,-0.000993,0.000072,0.006215,-0.000411,0.037150,-0.000503
6703.328000,-0.548542,0.106097,0.152076,-1.728816,-1.729847,0.782374,-0.000328,0.000034,0.001308,-0.000163,0.015280,-0.000249
6703.336000,-0.548539,0.106114,0.152061,-1.728784,-1.729775,0.782341,-0.000542,0.000031,0.001978,-0.000168,0.014441,-0.000211
6703.344000,-0.548546,0.106103,0.152107,-1.728591,-1.729631,0.782521,-0.000505,0.000057,0.004089,-0.000308,0.029179,-0.000421
6703.352000,-0.548551,0.106120,0.152120,-1.728531,-1.729512,0.782653,-0.000765,0.000043,0.003636,-0.000251,0.021808,-0.000296
6703.360000,-0.548550,0.106119,0.152168,-1.728368,-1.729418,0.782791,-0.000279,0.000051,0.002442,-0.000248,0.024578,-0.000388
6703.368000,-0.548559,0.106109,0.152214,-1.728188,-1.729171,0.783039,-0.001103,0.000068,0.006043,-0.000398,0.034989,-0.000468
6703.376000,-0.548567,0.106088,0.152216,-1.728094,-1.729167,0.783123,-0.000395,0.000030,0.002100,-0.000165,0.014887,-0.000215
6703.384000,-0.548567,0.106112,0.152240,-1.728008,-1.728978,0.783193,-0.000824,0.000065,0.005813,-0.000375,0.034226,-0.000460
6703.392000,-0.548576,0.106131,0.152318,-1.727806,-1.728674,0.783484,-0.000592,0.000055,0.004382,-0.000303,0.028187,-0.000392
6703.392000,-0.548576,0.106131,0.152318,-1.727806,-1.728674,0.783484,-0.000592,0.000055,0.004382,-0.000303,0.028187,-0.000392
6703.408000,-0.548589,0.106119,0.152386,-1.727567,-1.728471,0.783744,-0.000582,0.000055,0.004616,-0.000308,0.028647,-0.000393
6703.416000,-0.548591,0.106105,0.152411,-1.727399,-1.728391,0.783898,-0.000594,0.000044,0.004051,-0.000256,0.023073,-0.000306
6703.424000,-0.548608,0.106075,0.152477,-1.727177,-1.728285,0.784171,-0.000948,0.000048,0.005299,-0.000306,0.025925,-0.000319
6703.432000,-0.548606,0.106120,0.152474,-1.727159,-1.728092,0.784169,-0.000676,0.000053,0.004959,-0.000309,0.028154,-0.000372
6703.440000,-0.548613,0.106091,0.152529,-1.726969,-1.728010,0.784394,-0.000445,0.000043,0.003684,-0.000245,0.022795,-0.000312
6703.448000,-0.548616,0.106124,0.152575,-1.726922,-1.727803,0.784538,-0.000936,0.000046,0.005320,-0.000296,0.025110,-0.000303
6703.456000,-0.548623,0.106114,0.152622,-1.726699,-1.727651,0.784692,-0.000622,0.000048,0.004636,-0.000282,0.025590,-0.000334
6703.464000,-0.548625,0.106105,0.152651,-1.726633,-1.727538,0.784858,-0.000336,0.000042,0.003459,-0.000231,0.022067,-0.000306
6703.472000,-0.548634,0.106096,0.152668,-1.726505,-1.727484,0.784906,-0.000648,0.000039,0.003765,-0.000235,0.020452,-0.000265
6703.480000,-0.548635,0.106119,0.152704,-1.726423,-1.727322,0.785068,-0.000676,0.000042,0.004067,-0.000251,0.022129,-0.000287
6703.488000,-0.548637,0.106133,0.152727,-1.726307,-1.727160,0.785208,-0.000437,0.000048,0.003912,-0.000265,0.025125,-0.000349
6703.496000,-0.548644,0.106094,0.152741,-1.726171,-1.727209,0.785277,-0.000348,0.000027,0.002177,-0.000152,0.013775,-0.000191
6703.504000,-0.548656,0.106087,0.152786,-1.726024,-1.727058,0.785457,-0.001085,0.000069,0.007386,-0.000425,0.037366,-0.000467
6703.512000,-0.548649,0.106122,0.152809,-1.725929,-1.726887,0.785540,-0.000255,0.000046,0.003604,-0.000250,0.024516,-0.000347
6703.520000,-0.548654,0.106122,0.152845,-1.725858,-1.726730,0.785695,-0.000939,0.000045,0.005257,-0.000291,0.024564,-0.000294
6703.528000,-0.548664,0.106121,0.152907,-1.725659,-1.726578,0.785892,-0.000528,0.000058,0.005186,-0.000330,0.031106,-0.000421
6703.536000,-0.548667,0.106120,0.152950,-1.725543,-1.726414,0.786099,-0.000887,0.000055,0.005888,-0.000340,0.029932,-0.000376
6703.544000,-0.548680,0.106097,0.152993,-1.725330,-1.726335,0.786215,-0.000816,0.000048,0.005273,-0.000301,0.026222,-0.000325
6703.552000,-0.548680,0.106116,0.153049,-1.725182,-1.726130,0.786406,-0.000765,0.000062,0.006253,-0.000369,0.033637,-0.000434
6703.560000,-0.548687,0.106126,0.153102,-1.725084,-1.725939,0.786527,-0.000930,0.000049,0.005718,-0.000312,0.026687,-0.000319
6703.568000,-0.548689,0.106123,0.153115,-1.725013,-1.725873,0.786656,-0.000296,0.000037,0.003231,-0.000206,0.019598,-0.000266
6703.576000,-0.548701,0.106093,0.153139,-1.724834,-1.725795,0.786796,-0.001165,0.000069,0.007929,-0.000437,0.037960,-0.000461
6703.584000,-0.548704,0.106091,0.153192,-1.724698,-1.725632,0.787007,-0.000344,0.000035,0.003294,-0.000203,0.018875,-0.000250
6703.592000,-0.548709,0.106130,0.153266,-1.724560,-1.725375,0.787201,-0.001403,0.000069,0.008596,-0.000452,0.038325,-0.000446
6703.600000,-0.548711,0.106120,0.153288,-1.724413,-1.725279,0.787289,-0.000240,0.000048,0.004061,-0.000263,0.025877,-0.000358
6703.608000,-0.548716,0.106113,0.153328,-1.724261,-1.725153,0.787465,-0.001440,0.000066,0.008527,-0.000442,0.036940,-0.000422
6703.616000,-0.548725,0.106103,0.153398,-1.724011,-1.724952,0.787669,-0.000306,0.000050,0.004583,-0.000281,0.027133,-0.000365
6703.624000,-0.548724,0.106133,0.153420,-1.723986,-1.724818,0.787798,-0.001205,0.000058,0.007539,-0.000387,0.032717,-0.000374
6703.632000,-0.548736,0.106098,0.153494,-1.723727,-1.724675,0.788088,-0.000530,0.000055,0.006534,-0.000343,0.031988,-0.000392
6703.640000,-0.548739,0.106093,0.153526,-1.723574,-1.724550,0.788226,-0.000245,0.000052,0.005519,-0.000304,0.029640,-0.000380
6703.648000,-0.548746,0.106115,0.153609,-1.723342,-1.724273,0.788442,-0.001096,0.000054,0.007908,-0.000376,0.031989,-0.000347
6703.656000,-0.548744,0.106126,0.153634,-1.723285,-1.724200,0.788547,-0.000487,0.000058,0.006402,-0.000347,0.032798,-0.000412
6703.664000,-0.548757,0.106103,0.153677,-1.723120,-1.724003,0.788757,-0.000838,0.000056,0.007150,-0.000364,0.032290,-0.000378
6703.672000,-0.548756,0.106130,0.153754,-1.722965,-1.723761,0.788949,-0.000773,0.000050,0.008034,-0.000352,0.031313,-0.000329
6703.680000,-0.548771,0.106106,0.153813,-1.722708,-1.723625,0.789143,-0.000990,0.000064,0.008718,-0.000427,0.037711,-0.000429
6703.688000,-0.548773,0.106115,0.153897,-1.722549,-1.723405,0.789438,-0.000757,0.000058,0.007300,-0.000373,0.033695,-0.000399
6703.696000,-0.548784,0.106106,0.153939,-1.722399,-1.723276,0.789538,-0.001010,0.000054,0.009603,-0.000402,0.034721,-0.000341
6703.704000,-0.548785,0.106143,0.154015,-1.722246,-1.723086,0.789712,-0.000869,0.000052,0.009426,-0.000387,0.034170,-0.000336
6703.712000,-0.548793,0.106125,0.154074,-1.722073,-1.722868,0.789947,-0.000994,0.000065,0.008920,-0.000433,0.038406,-0.000435
6703.720000,-0.548806,0.106105,0.154166,-1.721816,-1.722720,0.790195,-0.000908,0.000048,0.011090,-0.000401,0.034784,-0.000292
6703.728000,-0.548809,0.106100,0.154212,-1.721662,-1.722595,0.790333,-0.000485,0.000053,0.009026,-0.000374,0.034822,-0.000361
6703.736000,-0.548816,0.106106,0.154279,-1.721516,-1.722329,0.790605,-0.001216,0.000065,0.008114,-0.000427,0.036451,-0.000426
6703.744000,-0.548813,0.106133,0.154323,-1.721420,-1.722211,0.790674,-0.000372,0.000038,0.010075,-0.000331,0.030801,-0.000248
6703.752000,-0.548818,0.106141,0.154401,-1.721209,-1.722007,0.790868,-0.001159,0.000076,0.011479,-0.000523,0.046401,-0.000502
6703.760000,-0.548828,0.106127,0.154459,-1.721049,-1.721851,0.791086,-0.000432,0.000050,0.006181,-0.000312,0.029319,-0.000353
6703.768000,-0.548832,0.106128,0.154512,-1.720852,-1.721682,0.791259,-0.000998,0.000061,0.011717,-0.000463,0.040823,-0.000386
6703.776000,-0.548838,0.106123,0.154593,-1.720631,-1.721468,0.791491,-0.000494,0.000058,0.007884,-0.000373,0.034980,-0.000403
6703.784000,-0.548838,0.106141,0.154654,-1.720552,-1.721260,0.791688,-0.001258,0.000068,0.013847,-0.000535,0.046551,-0.000424
6703.792000,-0.548849,0.106142,0.154715,-1.720336,-1.721142,0.791839,-0.000637,0.000043,0.007411,-0.000309,0.027555,-0.000278
6703.800000,-0.548854,0.106121,0.154768,-1.720150,-1.720982,0.792080,-0.001497,0.000086,0.011931,-0.000581,0.050260,-0.000562
6703.808000,-0.548860,0.106135,0.154875,-1.719946,-1.720733,0.792317,-0.000376,0.000041,0.008819,-0.000320,0.029852,-0.000273
6703.816000,-0.548869,0.106122,0.154971,-1.719750,-1.720555,0.792546,-0.001711,0.000081,0.013063,-0.000584,0.048999,-0.000500
6703.824000,-0.548870,0.106144,0.155036,-1.719552,-1.720301,0.792751,-0.000512,0.000064,0.011972,-0.000467,0.044039,-0.000438
6703.832000,-0.548881,0.106132,0.155103,-1.719402,-1.720138,0.792938,-0.001357,0.000062,0.010633,-0.000460,0.038531,-0.000381
6703.840000,-0.548887,0.106133,0.155214,-1.719154,-1.719939,0.793149,-0.000260,0.000067,0.015255,-0.000529,0.051119,-0.000461
6703.848000,-0.548895,0.106107,0.155294,-1.718892,-1.719743,0.793452,-0.001568,0.000078,0.013162,-0.000572,0.048276,-0.000482
6703.856000,-0.548904,0.106139,0.155386,-1.718753,-1.719465,0.793678,-0.000669,0.000047,0.011818,-0.000401,0.035939,-0.000288
6703.864000,-0.548900,0.106146,0.155468,-1.718512,-1.719261,0.793895,-0.000660,0.000070,0.010623,-0.000469,0.043593,-0.000476
6703.872000,-0.548920,0.106100,0.155554,-1.718229,-1.719117,0.794180,-0.001279,0.000063,0.010360,-0.000458,0.038503,-0.000389
6703.880000,-0.548925,0.106113,0.155636,-1.718098,-1.718889,0.794401,-0.000463,0.000070,0.014855,-0.000542,0.051080,-0.000474
6703.888000,-0.548928,0.106116,0.155723,-1.717879,-1.718647,0.794624,-0.000544,0.000048,0.007461,-0.000330,0.029976,-0.000322
6703.896000,-0.548935,0.106148,0.155851,-1.717613,-1.718365,0.794880,-0.000684,0.000059,0.013001,-0.000468,0.042654,-0.000377
6703.904000,-0.548934,0.106131,0.155888,-1.717456,-1.718247,0.795021,-0.000151,0.000054,0.009492,-0.000377,0.036739,-0.000381
6703.912000,-0.548950,0.106115,0.155955,-1.717272,-1.718108,0.795268,-0.001184,0.000053,0.007149,-0.000361,0.029573,-0.000327
6703.912000,-0.548950,0.106115,0.155955,-1.717272,-1.718108,0.795268,-0.001184,0.000053,0.007149,-0.000361,0.029573,-0.000327
6703.928000,-0.548952,0.106137,0.156135,-1.716942,-1.717618,0.795711,-0.001269,0.000063,0.010217,-0.000452,0.038081,-0.000386
6703.936000,-0.548959,0.106146,0.156210,-1.716732,-1.717405,0.795893,-0.000844,0.000071,0.018501,-0.000614,0.055831,-0.000443
6703.944000,-0.548962,0.106131,0.156290,-1.716518,-1.717226,0.796161,-0.000139,0.000056,0.007225,-0.000348,0.034217,-0.000410
6703.952000,-0.548973,0.106141,0.156390,-1.716294,-1.716948,0.796385,-0.001103,0.000063,0.012832,-0.000493,0.042711,-0.000385
6703.960000,-0.548976,0.106151,0.156514,-1.716012,-1.716699,0.796711,-0.000205,0.000065,0.012047,-0.000464,0.045113,-0.000455
6703.968000,-0.548986,0.106145,0.156555,-1.715833,-1.716556,0.796888,-0.001625,0.000069,0.011424,-0.000505,0.041268,-0.000407
6703.976000,-0.548994,0.106143,0.156691,-1.715612,-1.716253,0.797144,-0.001057,0.000086,0.020716,-0.000716,0.064592,-0.000536
6703.984000,-0.549006,0.106146,0.156780,-1.715354,-1.716005,0.797477,-0.001237,0.000068,0.010940,-0.000484,0.041388,-0.000425
6703.984000,-0.549006,0.106146,0.156780,-1.715354,-1.716005,0.797477,-0.001237,0.000068,0.010940,-0.000484,0.041388,-0.000425
6704.000000,-0.549026,0.106122,0.157003,-1.714766,-1.715563,0.798029,-0.000634,0.000057,0.008582,-0.000386,0.034913,-0.000379
6704.008000,-0.549022,0.106154,0.157095,-1.714613,-1.715293,0.798249,-0.000924,0.000084,0.018999,-0.000674,0.061366,-0.000532
6704.016000,-0.549032,0.106143,0.157204,-1.714349,-1.715025,0.798532,-0.000353,0.000055,0.007538,-0.000352,0.033259,-0.000382
6704.024000,-0.549034,0.106163,0.157311,-1.714125,-1.714765,0.798786,-0.001765,0.000092,0.021995,-0.000776,0.066605,-0.000534
6704.032000,-0.549038,0.106157,0.157411,-1.713878,-1.714534,0.799055,-0.000214,0.000053,0.007067,-0.000333,0.032248,-0.000378
6704.040000,-0.549043,0.106165,0.157484,-1.713714,-1.714336,0.799232,-0.001234,0.000073,0.016288,-0.000593,0.051579,-0.000438
6704.048000,-0.549057,0.106126,0.157573,-1.713464,-1.714163,0.799521,-0.001050,0.000072,0.010399,-0.000487,0.042529,-0.000465
6704.056000,-0.549057,0.106145,0.157689,-1.713210,-1.713894,0.799788,-0.001019,0.000067,0.015453,-0.000549,0.048219,-0.000402
6704.064000,-0.549064,0.106158,0.157784,-1.713025,-1.713652,0.800032,-0.001843,0.000076,0.012788,-0.000561,0.045409,-0.000441
6704.072000,-0.549070,0.106157,0.157882,-1.712789,-1.713401,0.800322,-0.000809,0.000073,0.012585,-0.000521,0.047226,-0.000480
6704.080000,-0.549084,0.106128,0.157983,-1.712520,-1.713243,0.800531,-0.002878,0.000112,0.027828,-0.000987,0.080165,-0.000599
6704.088000,-0.549099,0.106109,0.158135,-1.712176,-1.712956,0.800900,-0.000337,0.000059,0.008282,-0.000383,0.035953,-0.000409
6704.096000,-0.549100,0.106148,0.158225,-1.712005,-1.712624,0.801163,-0.001465,0.000083,0.020886,-0.000717,0.061774,-0.000478
6704.104000,-0.549104,0.106151,0.158319,-1.711823,-1.712431,0.801316,-0.000294,0.000038,0.007222,-0.000278,0.025710,-0.000248
6704.112000,-0.549111,0.106151,0.158449,-1.711524,-1.712116,0.801675,-0.001373,0.000100,0.019335,-0.000754,0.066547,-0.000622
6704.120000,-0.549114,0.106150,0.158529,-1.711340,-1.711937,0.801889,-0.000195,0.000048,0.011110,-0.000383,0.036375,-0.000320
6704.128000,-0.549122,0.106156,0.158640,-1.711089,-1.711692,0.802163,-0.000617,0.000058,0.011946,-0.000446,0.040382,-0.000370
6704.136000,-0.549126,0.106155,0.158744,-1.710812,-1.711449,0.802471,-0.001247,0.000097,0.019652,-0.000744,0.066078,-0.000602
6704.160000,-0.549151,0.106147,0.159069,-1.710098,-1.710662,0.803268,0.000033,0.000040,0.007836,-0.000290,0.028605,-0.000282
6704.168000,-0.549157,0.106160,0.159175,-1.709856,-1.710405,0.803536,-0.001449,0.000082,0.018968,-0.000677,0.057930,-0.000470
6704.176000,-0.549166,0.106123,0.159311,-1.709505,-1.710195,0.803841,-0.000079,0.000060,0.011760,-0.000442,0.042572,-0.000416
6704.184000,-0.549174,0.106136,0.159419,-1.709330,-1.709901,0.804127,-0.000605,0.000057,0.011559,-0.000437,0.039260,-0.000362
6704.192000,-0.549172,0.106164,0.159524,-1.709085,-1.709622,0.804349,-0.001897,0.000119,0.027869,-0.000987,0.085481,-0.000697
6704.200000,-0.549178,0.106173,0.159674,-1.708808,-1.709306,0.804750,-0.000403,0.000054,0.008927,-0.000373,0.034563,-0.000360
6704.208000,-0.549183,0.106164,0.159753,-1.708598,-1.709137,0.804896,-0.001967,0.000114,0.025676,-0.000930,0.079561,-0.000658
6704.216000,-0.549200,0.106131,0.159890,-1.708197,-1.708839,0.805329,0.000054,0.000051,0.008702,-0.000349,0.034338,-0.000362
6704.224000,-0.549202,0.106152,0.160013,-1.708020,-1.708527,0.805581,-0.000756,0.000067,0.015152,-0.000539,0.048123,-0.000410
6704.232000,-0.549204,0.106165,0.160118,-1.707759,-1.708269,0.805851,-0.001332,0.000100,0.021420,-0.000786,0.069112,-0.000601
6704.240000,-0.549214,0.106127,0.160233,-1.707438,-1.708099,0.806133,-0.000754,0.000072,0.012419,-0.000513,0.045788,-0.000458
6704.248000,-0.549212,0.106160,0.160366,-1.707270,-1.707722,0.806430,-0.001902,0.000109,0.027422,-0.000939,0.080113,-0.000609
6704.256000,-0.549221,0.106161,0.160482,-1.706973,-1.707481,0.806703,-0.000784,0.000069,0.010747,-0.000471,0.041891,-0.000441
6704.264000,-0.549229,0.106157,0.160570,-1.706721,-1.707309,0.806883,-0.002197,0.000112,0.023645,-0.000895,0.074614,-0.000634
6704.272000,-0.549238,0.106160,0.160717,-1.706445,-1.706962,0.807305,-0.000549,0.000071,0.009981,-0.000463,0.042514,-0.000478
6704.280000,-0.549242,0.106168,0.160834,-1.706188,-1.706650,0.807600,-0.001284,0.000091,0.017818,-0.000691,0.060105,-0.000551
6704.288000,-0.549254,0.106162,0.160965,-1.705894,-1.706412,0.807884,-0.001639,0.000092,0.027141,-0.000862,0.073431,-0.000490
6704.296000,-0.549261,0.106161,0.161142,-1.705525,-1.706015,0.808346,-0.000370,0.000073,0.012244,-0.000503,0.047025,-0.000487
6704.304000,-0.549268,0.106177,0.161296,-1.705199,-1.705644,0.808674,-0.002338,0.000119,0.031312,-0.001051,0.088180,-0.000634
6704.312000,-0.549281,0.106156,0.161415,-1.704896,-1.705437,0.808997,-0.000274,0.000059,0.009555,-0.000402,0.037688,-0.000399
6704.320000,-0.549280,0.106173,0.161560,-1.704607,-1.705031,0.809329,-0.001078,0.000089,0.022444,-0.000753,0.066414,-0.000514
6704.328000,-0.549287,0.106166,0.161682,-1.704390,-1.704800,0.809610,-0.000123,0.000056,0.014599,-0.000470,0.044380,-0.000355
6704.336000,-0.549287,0.106189,0.161831,-1.704066,-1.704443,0.809892,-0.000827,0.000074,0.016592,-0.000588,0.052197,-0.000440
6704.344000,-0.549298,0.106166,0.161924,-1.703870,-1.704281,0.810191,-0.001344,0.000084,0.024646,-0.000780,0.066898,-0.000449
6704.352000,-0.549307,0.106160,0.162062,-1.703489,-1.704037,0.810496,-0.000514,0.000079,0.012478,-0.000536,0.049287,-0.000523
6704.360000,-0.549312,0.106147,0.162193,-1.703228,-1.703751,0.810829,-0.002295,0.000116,0.030098,-0.001022,0.084791,-0.000610
6704.368000,-0.549321,0.106162,0.162341,-1.702968,-1.703395,0.811149,-0.000254,0.000062,0.012109,-0.000457,0.042639,-0.000407
6704.376000,-0.549325,0.106163,0.162494,-1.702587,-1.703090,0.811494,-0.001773,0.000109,0.023074,-0.000863,0.073095,-0.000623
6704.384000,-0.549333,0.106178,0.162649,-1.702340,-1.702717,0.811808,-0.001235,0.000080,0.020583,-0.000691,0.059205,-0.000440
6704.392000,-0.549342,0.106169,0.162801,-1.701974,-1.702404,0.812244,-0.000744,0.000085,0.015263,-0.000613,0.055111,-0.000541
6704.400000,-0.549349,0.106171,0.162958,-1.701687,-1.702072,0.812558,-0.002103,0.000116,0.029443,-0.001003,0.084009,-0.000617
6704.408000,-0.549354,0.106177,0.163105,-1.701326,-1.701786,0.812903,-0.000212,0.000058,0.011694,-0.000430,0.040214,-0.000375
6704.416000,-0.549366,0.106151,0.163225,-1.701033,-1.701549,0.813227,-0.001771,0.000119,0.025054,-0.000937,0.079748,-0.000684
6704.424000,-0.549369,0.106166,0.163387,-1.700720,-1.701202,0.813548,-0.000008,0.000056,0.018859,-0.000538,0.050425,-0.000326
6704.432000,-0.549375,0.106174,0.163530,-1.700413,-1.700900,0.813843,-0.000749,0.000083,0.014320,-0.000588,0.052561,-0.000524
6704.440000,-0.549381,0.106155,0.163678,-1.700123,-1.700585,0.814220,-0.002119,0.000129,0.031030,-0.001085,0.091304,-0.000703
6704.448000,-0.549389,0.106170,0.163815,-1.699877,-1.700254,0.814496,-0.000370,0.000051,0.010927,-0.000396,0.035737,-0.000315
6704.456000,-0.549390,0.106182,0.163961,-1.699556,-1.699947,0.814837,-0.001335,0.000114,0.024704,-0.000896,0.078190,-0.000665
6704.464000,-0.549398,0.106186,0.164129,-1.699210,-1.699525,0.815223,-0.001130,0.000090,0.024090,-0.000787,0.068312,-0.000495
6704.472000,-0.549408,0.106183,0.164284,-1.698881,-1.699250,0.815604,-0.000569,0.000075,0.015364,-0.000568,0.051186,-0.000462
6704.480000,-0.549416,0.106176,0.164437,-1.698520,-1.698954,0.815967,-0.001678,0.000123,0.028008,-0.000996,0.085418,-0.000692
6704.488000,-0.549424,0.106183,0.164609,-1.698229,-1.698577,0.816344,-0.000411,0.000058,0.013053,-0.000457,0.041159,-0.000347
6704.496000,-0.549428,0.106195,0.164773,-1.697850,-1.698193,0.816666,-0.001457,0.000115,0.023821,-0.000887,0.076613,-0.000665
6704.504000,-0.549441,0.106154,0.164911,-1.697535,-1.697954,0.817061,-0.000707,0.000082,0.023594,-0.000738,0.065101,-0.000449
6704.512000,-0.549439,0.106178,0.165029,-1.697251,-1.697714,0.817325,-0.000547,0.000078,0.014308,-0.000563,0.050764,-0.000490
6704.520000,-0.549448,0.106176,0.165195,-1.696964,-1.697303,0.817685,-0.001622,0.000119,0.027802,-0.000976,0.083300,-0.000659
6704.528000,-0.549450,0.106181,0.165348,-1.696635,-1.697008,0.818030,-0.000216,0.000065,0.014493,-0.000507,0.046795,-0.000406
6704.536000,-0.549457,0.106176,0.165459,-1.696365,-1.696702,0.818348,-0.001439,0.000110,0.024242,-0.000877,0.075060,-0.000621
6704.544000,-0.549467,0.106177,0.165645,-1.696005,-1.696337,0.818739,-0.000978,0.000092,0.022947,-0.000772,0.067238,-0.000513
6704.552000,-0.549474,0.106185,0.165842,-1.695641,-1.695937,0.819130,-0.000443,0.000072,0.014691,-0.000541,0.048784,-0.000439
6704.560000,-0.549480,0.106176,0.165985,-1.695303,-1.695665,0.819504,-0.001583,0.000114,0.027247,-0.000945,0.080170,-0.000618
6704.568000,-0.549485,0.106180,0.166125,-1.695034,-1.695382,0.819750,-0.000197,0.000062,0.017404,-0.000541,0.049370,-0.000357
6704.576000,-0.549491,0.106188,0.166310,-1.694673,-1.694965,0.820155,-0.001255,0.000103,0.023191,-0.000824,0.070708,-0.000573
6704.584000,-0.549498,0.106159,0.166480,-1.694315,-1.694702,0.820585,0.000067,0.000066,0.021267,-0.000619,0.057499,-0.000380
6704.592000,-0.549501,0.106199,0.166647,-1.693980,-1.694301,0.820917,-0.000627,0.000078,0.016974,-0.000607,0.053817,-0.000458
6704.600000,-0.549511,0.106154,0.166819,-1.693629,-1.694017,0.821316,-0.001138,0.000109,0.026262,-0.000901,0.077769,-0.000604
6704.608000,-0.549515,0.106182,0.166991,-1.693291,-1.693622,0.821653,-0.000316,0.000067,0.016182,-0.000544,0.049134,-0.000394
6704.616000,-0.549516,0.106203,0.167135,-1.692986,-1.693271,0.821977,-0.001061,0.000108,0.023476,-0.000845,0.073752,-0.000621
6704.624000,-0.549527,0.106171,0.167287,-1.692674,-1.692995,0.822351,-0.000420,0.000086,0.021373,-0.000710,0.063706,-0.000498
6704.632000,-0.549527,0.106202,0.167462,-1.692334,-1.692588,0.822740,-0.000771,0.000092,0.018335,-0.000687,0.060570,-0.000542
6704.640000,-0.549527,0.106211,0.167636,-1.692000,-1.692178,0.823131,-0.001276,0.000119,0.027807,-0.000963,0.083290,-0.000658
6704.648000,-0.549540,0.106207,0.167795,-1.691648,-1.691882,0.823435,-0.000244,0.000070,0.015768,-0.000545,0.049748,-0.000420
6704.656000,-0.549543,0.106186,0.167968,-1.691283,-1.691551,0.823875,-0.001227,0.000114,0.024701,-0.000892,0.076699,-0.000637
6704.664000,-0.549545,0.106193,0.168162,-1.690923,-1.691166,0.824268,-0.000194,0.000073,0.021432,-0.000653,0.059167,-0.000408
6704.672000,-0.549560,0.106174,0.168311,-1.690539,-1.690876,0.824637,-0.000593,0.000091,0.019289,-0.000698,0.061836,-0.000534
6704.680000,-0.549559,0.106170,0.168475,-1.690249,-1.690564,0.824945,0.000212,0.000068,0.020862,-0.000614,0.057317,-0.000391
6704.688000,-0.549555,0.106217,0.168653,-1.689907,-1.690135,0.825286,-0.000728,0.000085,0.018445,-0.000659,0.057637,-0.000482
6704.696000,-0.549563,0.106195,0.168797,-1.689572,-1.689885,0.825666,-0.001388,0.000120,0.026114,-0.000943,0.080342,-0.000660
6704.704000,-0.549569,0.106190,0.168983,-1.689212,-1.689531,0.826041,-0.000408,0.000080,0.021359,-0.000685,0.060897,-0.000445
6704.712000,-0.549585,0.106167,0.169170,-1.688805,-1.689097,0.826520,-0.000980,0.000111,0.021948,-0.000833,0.072045,-0.000641
6704.720000,-0.549583,0.106200,0.169338,-1.688547,-1.688713,0.826835,-0.000925,0.000101,0.026317,-0.000859,0.074193,-0.000533
6704.728000,-0.549590,0.106192,0.169509,-1.688144,-1.688384,0.827250,-0.000434,0.000086,0.018523,-0.000662,0.059080,-0.000507
6704.736000,-0.549593,0.106182,0.169705,-1.687758,-1.687994,0.827657,-0.000973,0.000110,0.024311,-0.000866,0.074730,-0.000612
6704.744000,-0.549595,0.106201,0.169880,-1.687432,-1.687642,0.828020,-0.000289,0.000086,0.021162,-0.000702,0.063107,-0.000494
6704.752000,-0.549606,0.106175,0.170046,-1.687030,-1.687314,0.828439,-0.000564,0.000100,0.021368,-0.000769,0.067909,-0.000580
6704.760000,-0.549608,0.106176,0.170228,-1.686686,-1.686965,0.828810,-0.001033,0.000106,0.027337,-0.000902,0.076983,-0.000553
6704.768000,-0.549610,0.106195,0.170421,-1.686337,-1.686540,0.829225,-0.000403,0.000096,0.021478,-0.000751,0.067070,-0.000560
6704.776000,-0.549615,0.106197,0.170611,-1.685911,-1.686159,0.829619,-0.000910,0.000106,0.024571,-0.000849,0.073143,-0.000573
6704.784000,-0.549621,0.106185,0.170800,-1.685577,-1.685799,0.830026,-0.000486,0.000086,0.022668,-0.000731,0.064065,-0.000462
6704.792000,-0.549624,0.106214,0.170974,-1.685262,-1.685379,0.830359,-0.000704,0.000108,0.022858,-0.000825,0.072453,-0.000617
6704.800000,-0.549625,0.106214,0.171123,-1.684916,-1.685036,0.830741,-0.000656,0.000102,0.024675,-0.000829,0.072592,-0.000558
6704.808000,-0.549631,0.106215,0.171335,-1.684506,-1.684631,0.831154,-0.000207,0.000086,0.021988,-0.000712,0.063960,-0.000482
6704.816000,-0.549634,0.106209,0.171517,-1.684147,-1.684277,0.831564,-0.000656,0.000114,0.025541,-0.000893,0.078497,-0.000642
6704.824000,-0.549636,0.106208,0.171706,-1.683753,-1.683927,0.831960,0.000102,0.000081,0.022368,-0.000693,0.063495,-0.000459
6704.832000,-0.549641,0.106209,0.171887,-1.683415,-1.683502,0.832396,-0.000787,0.000102,0.023331,-0.000811,0.070080,-0.000556
6704.840000,-0.549644,0.106213,0.172087,-1.683009,-1.683122,0.832748,-0.000144,0.000092,0.023543,-0.000760,0.068432,-0.000515
6704.848000,-0.549649,0.106210,0.172255,-1.682668,-1.682796,0.833170,-0.000372,0.000092,0.021596,-0.000732,0.064794,-0.000512
6704.856000,-0.549656,0.106194,0.172464,-1.682204,-1.682417,0.833573,-0.000771,0.000112,0.028170,-0.000930,0.080175,-0.000585
6704.864000,-0.549656,0.106205,0.172634,-1.681891,-1.682068,0.833964,-0.000314,0.000095,0.022912,-0.000765,0.067837,-0.000526
6704.872000,-0.549658,0.106207,0.172845,-1.681474,-1.681646,0.834372,-0.000559,0.000108,0.024729,-0.000853,0.074634,-0.000596
6704.880000,-0.549660,0.106215,0.173033,-1.681114,-1.681260,0.834762,-0.000223,0.000093,0.024210,-0.000775,0.068916,-0.000502
6704.888000,-0.549662,0.106221,0.173208,-1.680783,-1.680873,0.835165,-0.000099,0.000090,0.021371,-0.000714,0.064415,-0.000512
6704.896000,-0.549663,0.106215,0.173398,-1.680417,-1.680544,0.835534,-0.000518,0.000107,0.025292,-0.000854,0.074687,-0.000577
6704.904000,-0.549672,0.106208,0.173600,-1.680026,-1.680156,0.835978,-0.000245,0.000095,0.024872,-0.000794,0.070253,-0.000506
6704.912000,-0.549675,0.106197,0.173819,-1.679624,-1.679740,0.836426,-0.000736,0.000114,0.025709,-0.000897,0.077265,-0.000614
6704.920000,-0.549675,0.106209,0.174018,-1.679197,-1.679326,0.836873,0.000185,0.000091,0.023787,-0.000753,0.068676,-0.000511
6704.928000,-0.549678,0.106221,0.174230,-1.678812,-1.678875,0.837249,-0.000751,0.000112,0.024856,-0.000871,0.074979,-0.000599
6704.936000,-0.549677,0.106233,0.174399,-1.678503,-1.678501,0.837641,-0.000281,0.000103,0.025064,-0.000826,0.073172,-0.000556
6704.944000,-0.549683,0.106223,0.174597,-1.678041,-1.678143,0.838008,-0.000447,0.000102,0.023780,-0.000807,0.070488,-0.000548
6704.952000,-0.549682,0.106229,0.174799,-1.677671,-1.677749,0.838443,-0.000607,0.000116,0.026578,-0.000911,0.079058,-0.000618
6704.960000,-0.549687,0.106226,0.174977,-1.677366,-1.677369,0.838790,-0.000042,0.000091,0.023002,-0.000742,0.066404,-0.000495
6704.968000,-0.549689,0.106203,0.175161,-1.676992,-1.677070,0.839235,-0.000519,0.000108,0.024521,-0.000848,0.073450,-0.000580
6704.976000,-0.549692,0.106199,0.175363,-1.676562,-1.676674,0.839635,0.000244,0.000090,0.023829,-0.000749,0.067977,-0.000496
6704.984000,-0.549686,0.106225,0.175528,-1.676217,-1.676294,0.839988,-0.000335,0.000103,0.023982,-0.000813,0.071336,-0.000558
6704.992000,-0.549687,0.106227,0.175761,-1.675801,-1.675863,0.840421,0.000155,0.000088,0.024539,-0.000751,0.067617,-0.000465
6705.000000,-0.549688,0.106233,0.175928,-1.675458,-1.675483,0.840817,-0.000305,0.000099,0.024252,-0.000800,0.070018,-0.000523
6705.008000,-0.549692,0.106225,0.176146,-1.675058,-1.675088,0.841305,-0.000397,0.000115,0.027145,-0.000915,0.079830,-0.000614
6705.016000,-0.549693,0.106242,0.176361,-1.674650,-1.674624,0.841698,-0.000308,0.000114,0.027580,-0.000913,0.080146,-0.000605
6705.024000,-0.549699,0.106220,0.176584,-1.674178,-1.674277,0.842183,-0.000218,0.000108,0.026005,-0.000862,0.075722,-0.000573
6705.032000,-0.549694,0.106241,0.176788,-1.673810,-1.673793,0.842609,-0.000128,0.000108,0.026495,-0.000865,0.076556,-0.000572
6705.040000,-0.549700,0.106224,0.176994,-1.673349,-1.673446,0.842998,-0.000022,0.000101,0.025243,-0.000820,0.072722,-0.000541
6705.048000,-0.549698,0.106239,0.177193,-1.673001,-1.672982,0.843418,-0.000092,0.000106,0.025398,-0.000842,0.074562,-0.000571
6705.056000,-0.549695,0.106232,0.177406,-1.672609,-1.672585,0.843885,-0.000215,0.000115,0.027268,-0.000913,0.080069,-0.000614
6705.064000,-0.549703,0.106213,0.177651,-1.672070,-1.672139,0.844411,-0.000126,0.000110,0.026683,-0.000883,0.077524,-0.000584
6705.072000,-0.549700,0.106234,0.177824,-1.671783,-1.671737,0.844751,0.000019,0.000096,0.024990,-0.000792,0.070105,-0.000499
6705.080000,-0.549700,0.106242,0.178029,-1.671386,-1.671334,0.845157,-0.000417,0.000118,0.027356,-0.000926,0.080079,-0.000612
6705.088000,-0.549699,0.106242,0.178260,-1.670949,-1.670902,0.845629,0.000194,0.000095,0.024887,-0.000783,0.070172,-0.000503
6705.096000,-0.549705,0.106237,0.178484,-1.670501,-1.670498,0.846055,-0.000589,0.000121,0.027780,-0.000949,0.081033,-0.000616
6705.104000,-0.549706,0.106230,0.178712,-1.670060,-1.670103,0.846509,-0.000283,0.000111,0.028556,-0.000917,0.079188,-0.000553
6705.112000,-0.549704,0.106234,0.178896,-1.669739,-1.669728,0.846837,0.000098,0.000100,0.025284,-0.000810,0.071763,-0.000521
6705.120000,-0.549701,0.106259,0.179100,-1.669335,-1.669256,0.847297,-0.000032,0.000119,0.027797,-0.000930,0.082222,-0.000637
6705.128000,-0.549705,0.106235,0.179335,-1.668923,-1.668829,0.847782,0.000099,0.000107,0.026854,-0.000866,0.076508,-0.000559
6705.136000,-0.549698,0.106253,0.179533,-1.668554,-1.668435,0.848182,0.000144,0.000108,0.025752,-0.000847,0.075425,-0.000575
6705.144000,-0.549702,0.106256,0.179729,-1.668109,-1.668044,0.848560,-0.000194,0.000105,0.025952,-0.000845,0.073283,-0.000528
6705.152000,-0.549706,0.106222,0.179947,-1.667688,-1.667719,0.849026,0.000041,0.000101,0.026016,-0.000831,0.072703,-0.000514
6705.160000,-0.549701,0.106256,0.180142,-1.667335,-1.667260,0.849414,0.000059,0.000110,0.026639,-0.000870,0.076758,-0.000571
6705.168000,-0.549699,0.106252,0.180357,-1.666952,-1.666831,0.849831,0.000139,0.000106,0.026472,-0.000850,0.075128,-0.000545
6705.176000,-0.549699,0.106249,0.180574,-1.666552,-1.666447,0.850308,0.000271,0.000109,0.026704,-0.000867,0.077294,-0.000579
6705.184000,-0.549704,0.106225,0.180804,-1.666053,-1.665969,0.850848,0.000271,0.000113,0.027571,-0.000899,0.079758,-0.000597
6705.192000,-0.549695,0.106248,0.180996,-1.665706,-1.665568,0.851158,0.000159,0.000107,0.026864,-0.000863,0.076082,-0.000550
6705.200000,-0.549694,0.106254,0.181227,-1.665248,-1.665166,0.851607,0.000199,0.000117,0.027242,-0.000906,0.080333,-0.000619
6705.208000,-0.549695,0.106242,0.181453,-1.664790,-1.664690,0.852110,0.000014,0.000117,0.028037,-0.000925,0.080645,-0.000599
6705.216000,-0.549692,0.106251,0.181662,-1.664428,-1.664253,0.852520,0.000226,0.000112,0.028409,-0.000906,0.079892,-0.000571
6705.224000,-0.549693,0.106228,0.181887,-1.663936,-1.663895,0.853029,0.000203,0.000116,0.028162,-0.000919,0.080712,-0.000595
6705.232000,-0.549691,0.106231,0.182136,-1.663449,-1.663422,0.853485,0.000505,0.000102,0.026033,-0.000825,0.073843,-0.000535
6705.240000,-0.549685,0.106259,0.182320,-1.663153,-1.662991,0.853835,0.000087,0.000112,0.028108,-0.000902,0.078632,-0.000557
6705.248000,-0.549679,0.106268,0.182595,-1.662675,-1.662457,0.854348,0.000277,0.000116,0.028551,-0.000922,0.081455,-0.000596
6705.256000,-0.549682,0.106237,0.182782,-1.662264,-1.662131,0.854754,0.000496,0.000100,0.026159,-0.000819,0.072942,-0.000513
6705.264000,-0.549674,0.106260,0.183041,-1.661778,-1.661618,0.855295,0.000132,0.000121,0.029240,-0.000956,0.083430,-0.000611
6705.272000,-0.549676,0.106248,0.183262,-1.661361,-1.661217,0.855744,0.000945,0.000090,0.025288,-0.000752,0.069209,-0.000470
6705.280000,-0.549665,0.106258,0.183455,-1.661009,-1.660830,0.856069,0.000135,0.000118,0.027028,-0.000909,0.079331,-0.000608
6705.288000,-0.549668,0.106232,0.183679,-1.660527,-1.660492,0.856517,0.000851,0.000096,0.027167,-0.000812,0.073480,-0.000488
6705.296000,-0.549659,0.106256,0.183876,-1.660201,-1.660053,0.856951,0.000236,0.000110,0.027215,-0.000877,0.076623,-0.000549
6705.304000,-0.549654,0.106261,0.184109,-1.659750,-1.659596,0.857349,0.000648,0.000107,0.027536,-0.000862,0.077199,-0.000548
6705.312000,-0.549653,0.106255,0.184336,-1.659333,-1.659133,0.857836,0.000233,0.000117,0.028267,-0.000921,0.080233,-0.000583
6705.320000,-0.549649,0.106263,0.184555,-1.658924,-1.658729,0.858221,-0.000125,0.000134,0.031139,-0.001042,0.089052,-0.000656
6705.328000,-0.549645,0.106271,0.184793,-1.658499,-1.658217,0.858722,0.000600,0.000112,0.028913,-0.000902,0.080242,-0.000560
6705.336000,-0.549644,0.106261,0.185000,-1.658056,-1.657868,0.859183,0.000325,0.000121,0.029250,-0.000950,0.083003,-0.000603
6705.344000,-0.549638,0.106267,0.185256,-1.657594,-1.657371,0.859600,0.000781,0.000108,0.028436,-0.000877,0.078694,-0.000546
6705.352000,-0.549637,0.106256,0.185485,-1.657174,-1.656997,0.860099,0.000034,0.000121,0.028425,-0.000943,0.080812,-0.000589
6705.360000,-0.549629,0.106273,0.185723,-1.656716,-1.656533,0.860511,0.000902,0.000117,0.029893,-0.000933,0.084082,-0.000600
6705.368000,-0.549625,0.106273,0.185940,-1.656312,-1.656073,0.860994,0.000534,0.000117,0.030091,-0.000942,0.082879,-0.000571
6705.376000,-0.549624,0.106247,0.186150,-1.655895,-1.655752,0.861399,0.000865,0.000109,0.028919,-0.000888,0.079385,-0.000543
6705.384000,-0.549614,0.106282,0.186390,-1.655502,-1.655203,0.861849,0.000425,0.000117,0.029738,-0.000937,0.081839,-0.000563
6705.392000,-0.549614,0.106252,0.186638,-1.654985,-1.654820,0.862299,0.000636,0.000110,0.028702,-0.000893,0.078608,-0.000536
6705.400000,-0.549608,0.106262,0.186856,-1.654604,-1.654395,0.862775,0.000510,0.000115,0.029477,-0.000927,0.080966,-0.000555
6705.408000,-0.549606,0.106251,0.187100,-1.654192,-1.653968,0.863224,0.000761,0.000121,0.030450,-0.000963,0.085045,-0.000600
6705.416000,-0.549597,0.106252,0.187335,-1.653737,-1.653518,0.863668,0.000929,0.000114,0.029669,-0.000918,0.081843,-0.000565
6705.424000,-0.549585,0.106273,0.187568,-1.653334,-1.653050,0.864095,0.000639,0.000126,0.030281,-0.000979,0.086095,-0.000627
6705.432000,-0.549582,0.106264,0.187815,-1.652834,-1.652635,0.864603,0.001285,0.000096,0.027345,-0.000800,0.073432,-0.000481
6705.440000,-0.549573,0.106253,0.188037,-1.652434,-1.652199,0.865057,0.000562,0.000127,0.030308,-0.000990,0.086210,-0.000628
6705.448000,-0.549562,0.106291,0.188248,-1.652057,-1.651758,0.865353,0.001209,0.000101,0.027896,-0.000828,0.075536,-0.000503
6705.456000,-0.549561,0.106258,0.188495,-1.651592,-1.651357,0.865866,0.000485,0.000119,0.028591,-0.000927,0.080314,-0.000573
6705.464000,-0.549551,0.106284,0.188735,-1.651150,-1.650860,0.866326,0.001042,0.000118,0.030100,-0.000937,0.083952,-0.000591
6705.472000,-0.549540,0.106299,0.188972,-1.650720,-1.650395,0.866749,0.000831,0.000109,0.028216,-0.000870,0.077247,-0.000526
6705.480000,-0.549537,0.106278,0.189182,-1.650355,-1.649986,0.867244,0.000922,0.000120,0.030117,-0.000947,0.083986,-0.000591
6705.488000,-0.549530,0.106278,0.189415,-1.649835,-1.649609,0.867666,0.001250,0.000094,0.026571,-0.000776,0.070776,-0.000456
6705.496000,-0.549519,0.106289,0.189687,-1.649390,-1.649048,0.868155,0.000604,0.000129,0.031395,-0.001006,0.087355,-0.000613
6705.504000,-0.549515,0.106284,0.189891,-1.649011,-1.648675,0.868534,0.001223,0.000095,0.028113,-0.000803,0.072521,-0.000437
6705.512000,-0.549505,0.106282,0.190113,-1.648558,-1.648306,0.868977,0.000575,0.000125,0.029910,-0.000970,0.084014,-0.000600
6705.520000,-0.549493,0.106290,0.190356,-1.648157,-1.647811,0.869437,0.001327,0.000107,0.029261,-0.000869,0.078776,-0.000519
6705.528000,-0.549489,0.106277,0.190604,-1.647697,-1.647417,0.869898,0.000754,0.000117,0.030120,-0.000934,0.081297,-0.000539
6705.536000,-0.549478,0.106286,0.190811,-1.647321,-1.646986,0.870295,0.001412,0.000103,0.027473,-0.000828,0.075617,-0.000519
6705.544000,-0.549471,0.106277,0.191043,-1.646843,-1.646612,0.870761,0.000891,0.000111,0.028838,-0.000889,0.078047,-0.000520
6705.552000,-0.549460,0.106285,0.191266,-1.646482,-1.646158,0.871179,0.001549,0.000105,0.028588,-0.000849,0.077803,-0.000522
6705.560000,-0.549452,0.106297,0.191505,-1.646022,-1.645671,0.871583,0.000809,0.000125,0.030432,-0.000970,0.084618,-0.000593
6705.568000,-0.549438,0.106289,0.191777,-1.645531,-1.645215,0.872104,0.001561,0.000107,0.028705,-0.000857,0.078349,-0.000529
6705.576000,-0.549437,0.106256,0.191979,-1.645149,-1.644879,0.872547,0.000791,0.000113,0.029772,-0.000913,0.078790,-0.000503
6705.584000,-0.549420,0.106297,0.192194,-1.644745,-1.644400,0.872915,0.001342,0.000106,0.028972,-0.000858,0.077242,-0.000499
6705.592000,-0.549415,0.106291,0.192466,-1.644259,-1.643919,0.873439,0.001354,0.000099,0.026990,-0.000799,0.072224,-0.000470
6705.600000,-0.549400,0.106292,0.192690,-1.643885,-1.643542,0.873822,0.001162,0.000107,0.027829,-0.000849,0.075579,-0.000506
6705.608000,-0.549395,0.106267,0.192925,-1.643443,-1.643103,0.874310,0.001388,0.000108,0.028236,-0.000860,0.077175,-0.000523
6705.616000,-0.549377,0.106295,0.193089,-1.643151,-1.642779,0.874556,0.000992,0.000118,0.030338,-0.000937,0.081839,-0.000542
6705.624000,-0.549369,0.106293,0.193314,-1.642711,-1.642385,0.875018,0.001550,0.000098,0.026261,-0.000781,0.071601,-0.000482
6705.632000,-0.549361,0.106269,0.193517,-1.642333,-1.642020,0.875413,0.001184,0.000115,0.028250,-0.000893,0.078963,-0.000557
6705.640000,-0.549347,0.106294,0.193732,-1.641930,-1.641604,0.875828,0.001433,0.000092,0.026245,-0.000759,0.068854,-0.000430
6705.648000,-0.549332,0.106305,0.193976,-1.641528,-1.641118,0.876223,0.000818,0.000138,0.032006,-0.001047,0.090317,-0.000649
6705.656000,-0.549322,0.106310,0.194217,-1.641104,-1.640670,0.876695,0.001587,0.000093,0.026582,-0.000762,0.069789,-0.000436
6705.664000,-0.549314,0.106306,0.194428,-1.640678,-1.640288,0.877085,0.000929,0.000131,0.030173,-0.000986,0.085687,-0.000622
6705.672000,-0.549306,0.106295,0.194676,-1.640265,-1.639810,0.877555,0.001764,0.000098,0.028204,-0.000805,0.073700,-0.000456
6705.680000,-0.549291,0.106314,0.194899,-1.639824,-1.639364,0.877996,0.000982,0.000127,0.029988,-0.000963,0.083837,-0.000593
6705.688000,-0.549282,0.106295,0.195145,-1.639380,-1.638955,0.878460,0.001679,0.000103,0.028264,-0.000831,0.075454,-0.000488
6705.696000,-0.549275,0.106281,0.195365,-1.638947,-1.638617,0.878881,0.001252,0.000115,0.029389,-0.000906,0.079500,-0.000529
6705.704000,-0.549258,0.106297,0.195578,-1.638566,-1.638192,0.879238,0.001960,0.000093,0.026433,-0.000755,0.070374,-0.000452
6705.712000,-0.549251,0.106284,0.195792,-1.638184,-1.637795,0.879686,0.001318,0.000107,0.026830,-0.000831,0.073719,-0.000504
6705.720000,-0.549232,0.106297,0.196017,-1.637765,-1.637403,0.880074,0.001997,0.000095,0.026361,-0.000765,0.071371,-0.000474
6705.728000,-0.549218,0.106310,0.196177,-1.637426,-1.637059,0.880389,0.000690,0.000118,0.027283,-0.000891,0.075991,-0.000534
6705.736000,-0.549208,0.106309,0.196423,-1.637026,-1.636594,0.880792,0.001943,0.000103,0.027978,-0.000821,0.075670,-0.000501
6705.744000,-0.549204,0.106279,0.196637,-1.636604,-1.636228,0.881303,0.001031,0.000109,0.028079,-0.000864,0.074457,-0.000476
6705.752000,-0.549191,0.106281,0.196868,-1.636178,-1.635826,0.881693,0.001445,0.000102,0.025834,-0.000794,0.070910,-0.000484
6705.760000,-0.549175,0.106304,0.197098,-1.635771,-1.635314,0.882114,0.001283,0.000122,0.028267,-0.000913,0.080247,-0.000582
6705.768000,-0.549160,0.106309,0.197334,-1.635279,-1.634916,0.882547,0.001512,0.000102,0.028598,-0.000829,0.073676,-0.000443
6705.776000,-0.549147,0.106322,0.197545,-1.634983,-1.634490,0.882949,0.001621,0.000106,0.028343,-0.000842,0.075560,-0.000488
6705.784000,-0.549131,0.106323,0.197768,-1.634556,-1.634079,0.883365,0.001399,0.000119,0.029250,-0.000912,0.080410,-0.000551
6705.792000,-0.549124,0.106306,0.198007,-1.634122,-1.633678,0.883782,0.001399,0.000100,0.026958,-0.000800,0.070709,-0.000442
6705.800000,-0.549108,0.106319,0.198206,-1.633754,-1.633277,0.884169,0.001425,0.000125,0.029628,-0.000942,0.082936,-0.000587
6705.808000,-0.549099,0.106307,0.198430,-1.633350,-1.632889,0.884592,0.001692,0.000087,0.026068,-0.000727,0.065701,-0.000375
6705.816000,-0.549085,0.106297,0.198630,-1.633021,-1.632525,0.884929,0.001524,0.000113,0.028424,-0.000874,0.077199,-0.000517
6705.824000,-0.549072,0.106298,0.198857,-1.632579,-1.632097,0.885360,0.001745,0.000101,0.026284,-0.000789,0.071236,-0.000474
6705.832000,-0.549052,0.106323,0.199014,-1.632327,-1.631805,0.885625,0.001957,0.000078,0.024138,-0.000655,0.061138,-0.000352
6705.840000,-0.549037,0.106318,0.199251,-1.631856,-1.631388,0.886065,0.001517,0.000111,0.027781,-0.000854,0.075607,-0.000508
6705.848000,-0.549021,0.106340,0.199443,-1.631561,-1.630951,0.886405,0.002024,0.000086,0.024679,-0.000692,0.064636,-0.000401
6705.856000,-0.549013,0.106310,0.199659,-1.631130,-1.630675,0.886834,0.001388,0.000095,0.025079,-0.000749,0.066175,-0.000418
6705.864000,-0.548995,0.106312,0.199865,-1.630719,-1.630288,0.887205,0.001761,0.000110,0.027257,-0.000842,0.075574,-0.000525
6705.872000,-0.548985,0.106322,0.200096,-1.630328,-1.629833,0.887603,0.001369,0.000095,0.025799,-0.000758,0.066515,-0.000400
6705.880000,-0.548966,0.106335,0.200304,-1.630001,-1.629415,0.887999,0.001684,0.000126,0.028583,-0.000924,0.082255,-0.000609
6705.888000,-0.548960,0.106317,0.200530,-1.629579,-1.629038,0.888410,0.001515,0.000091,0.025285,-0.000732,0.064900,-0.000386
6705.896000,-0.548944,0.106322,0.200725,-1.629225,-1.628680,0.888789,0.002089,0.000108,0.025710,-0.000802,0.073978,-0.000546
6705.904000,-0.548931,0.106322,0.200934,-1.628769,-1.628267,0.889224,0.001463,0.000102,0.026187,-0.000793,0.069798,-0.000450
6705.912000,-0.548917,0.106316,0.201135,-1.628420,-1.627975,0.889539,0.001978,0.000092,0.024536,-0.000718,0.066026,-0.000433
6705.920000,-0.548898,0.106334,0.201339,-1.628073,-1.627524,0.889873,0.001624,0.000104,0.026328,-0.000801,0.071227,-0.000473
6705.928000,-0.548885,0.106331,0.201520,-1.627772,-1.627203,0.890266,0.001930,0.000084,0.024568,-0.000684,0.062829,-0.000370
6705.936000,-0.548872,0.106319,0.201728,-1.627344,-1.626838,0.890649,0.001581,0.000103,0.024199,-0.000765,0.068216,-0.000487
6705.944000,-0.548859,0.106318,0.201915,-1.626978,-1.626508,0.891019,0.002046,0.000085,0.023962,-0.000681,0.063011,-0.000394
6705.952000,-0.548846,0.106309,0.202114,-1.626607,-1.626161,0.891344,0.001660,0.000096,0.024672,-0.000745,0.066414,-0.000436
6705.960000,-0.548830,0.106330,0.202338,-1.626252,-1.625673,0.891752,0.002105,0.000092,0.025298,-0.000728,0.067057,-0.000426
6705.968000,-0.548810,0.106347,0.202500,-1.625999,-1.625392,0.892039,0.001725,0.000092,0.023232,-0.000702,0.063629,-0.000432
6705.976000,-0.548800,0.106331,0.202707,-1.625553,-1.624997,0.892447,0.001726,0.000102,0.025574,-0.000779,0.069448,-0.000464
6705.984000,-0.548779,0.106346,0.202914,-1.625235,-1.624588,0.892796,0.002086,0.000086,0.023564,-0.000676,0.062892,-0.000405
6705.992000,-0.548770,0.106325,0.203103,-1.624875,-1.624284,0.893188,0.001602,0.000088,0.023906,-0.000695,0.061751,-0.000372
6706.000000,-0.548762,0.106307,0.203279,-1.624498,-1.624029,0.893482,0.002049,0.000102,0.025028,-0.000767,0.069750,-0.000488
6706.008000,-0.548743,0.106315,0.203476,-1.624183,-1.623623,0.893843,0.001736,0.000080,0.022452,-0.000640,0.057777,-0.000345
6706.016000,-0.548728,0.106327,0.203661,-1.623810,-1.623286,0.894188,0.001917,0.000098,0.023721,-0.000731,0.066414,-0.000468
6706.024000,-0.548710,0.106333,0.203891,-1.623400,-1.622862,0.894611,0.001805,0.000097,0.024483,-0.000740,0.066381,-0.000442
6706.032000,-0.548703,0.106309,0.204042,-1.623091,-1.622577,0.894939,0.001921,0.000073,0.021773,-0.000596,0.054849,-0.000311
6706.040000,-0.548681,0.106332,0.204236,-1.622787,-1.622181,0.895222,0.001852,0.000107,0.023542,-0.000768,0.069280,-0.000530
6706.048000,-0.548664,0.106342,0.204448,-1.622375,-1.621787,0.895658,0.001807,0.000085,0.022552,-0.000661,0.059958,-0.000384
6706.056000,-0.548655,0.106330,0.204579,-1.622097,-1.621553,0.895907,0.002067,0.000093,0.022421,-0.000691,0.063778,-0.000461
6706.064000,-0.548640,0.106319,0.204764,-1.621760,-1.621222,0.896249,0.001687,0.000096,0.024053,-0.000732,0.064847,-0.000427
6706.072000,-0.548620,0.106357,0.204961,-1.621483,-1.620807,0.896591,0.001591,0.000087,0.023797,-0.000684,0.060543,-0.000353
6706.080000,-0.548607,0.106317,0.205137,-1.621122,-1.620571,0.896950,0.002198,0.000091,0.021825,-0.000671,0.062627,-0.000459
6706.088000,-0.548589,0.106346,0.205304,-1.620813,-1.620178,0.897231,0.001584,0.000081,0.022133,-0.000640,0.056895,-0.000339
6706.096000,-0.548578,0.106342,0.205502,-1.620497,-1.619819,0.897563,0.001726,0.000100,0.024294,-0.000751,0.066572,-0.000452
6706.104000,-0.548557,0.106343,0.205637,-1.620173,-1.619529,0.897852,0.002226,0.000091,0.022036,-0.000675,0.063088,-0.000461
6706.112000,-0.548540,0.106343,0.205836,-1.619848,-1.619232,0.898168,0.001962,0.000064,0.020178,-0.000532,0.049715,-0.000266
6706.120000,-0.548529,0.106338,0.206031,-1.619459,-1.618847,0.898546,0.001993,0.000093,0.023200,-0.000701,0.063687,-0.000433
6706.128000,-0.548508,0.106359,0.206182,-1.619180,-1.618515,0.898804,0.002043,0.000085,0.021007,-0.000634,0.058894,-0.000415
6706.136000,-0.548493,0.106344,0.206357,-1.618866,-1.618249,0.899158,0.001986,0.000071,0.021003,-0.000571,0.052941,-0.000300
6706.144000,-0.548483,0.106324,0.206525,-1.618506,-1.617993,0.899486,0.001940,0.000090,0.021921,-0.000670,0.060854,-0.000422
6706.168000,-0.548430,0.106343,0.207027,-1.617636,-1.617014,0.900340,0.001828,0.000080,0.020981,-0.000615,0.055812,-0.000357
6706.176000,-0.548421,0.106326,0.207168,-1.617371,-1.616789,0.900670,0.001899,0.000076,0.019552,-0.000578,0.053257,-0.000356
6706.184000,-0.548398,0.106361,0.207329,-1.617081,-1.616426,0.900925,0.001962,0.000078,0.019556,-0.000584,0.054297,-0.000376
6706.192000,-0.548388,0.106343,0.207497,-1.616762,-1.616122,0.901237,0.001673,0.000085,0.020914,-0.000635,0.056665,-0.000376
6706.200000,-0.548373,0.106349,0.207670,-1.616462,-1.615781,0.901591,0.001808,0.000080,0.019527,-0.000594,0.054187,-0.000375
6706.208000,-0.548353,0.106361,0.207783,-1.616281,-1.615551,0.901800,0.001989,0.000075,0.019203,-0.000564,0.052682,-0.000357
6706.216000,-0.548338,0.106350,0.207976,-1.615883,-1.615235,0.902132,0.001874,0.000087,0.020296,-0.000633,0.057676,-0.000416
6706.224000,-0.548331,0.106330,0.208146,-1.615513,-1.614929,0.902503,0.001838,0.000093,0.021496,-0.000679,0.060849,-0.000437
6706.232000,-0.548309,0.106351,0.208311,-1.615237,-1.614582,0.902775,0.001930,0.000090,0.021440,-0.000661,0.059847,-0.000419
6706.240000,-0.548294,0.106354,0.208453,-1.614969,-1.614309,0.903006,0.002020,0.000077,0.019399,-0.000574,0.053391,-0.000364
6706.248000,-0.548278,0.106349,0.208634,-1.614637,-1.613982,0.903326,0.001716,0.000090,0.021475,-0.000664,0.058932,-0.000400
6706.256000,-0.548258,0.106374,0.208830,-1.614279,-1.613564,0.903707,0.001874,0.000099,0.022625,-0.000717,0.064185,-0.000462
6706.264000,-0.548246,0.106359,0.208968,-1.614002,-1.613354,0.904005,0.001782,0.000076,0.019312,-0.000572,0.051982,-0.000340
6706.272000,-0.548230,0.106357,0.209130,-1.613718,-1.613044,0.904250,0.002114,0.000074,0.020732,-0.000577,0.053502,-0.000320
6706.280000,-0.548223,0.106334,0.209293,-1.613388,-1.612772,0.904642,0.001817,0.000082,0.019301,-0.000601,0.054450,-0.000388
6706.288000,-0.548199,0.106356,0.209504,-1.613023,-1.612382,0.904941,0.001787,0.000090,0.022312,-0.000673,0.059656,-0.000386
6706.296000,-0.548185,0.106359,0.209646,-1.612777,-1.612093,0.905184,0.002110,0.000080,0.020284,-0.000601,0.055591,-0.000376
6706.296000,-0.548185,0.106359,0.209646,-1.612777,-1.612093,0.905184,0.002110,0.000080,0.020284,-0.000601,0.055591,-0.000376
6706.312000,-0.548148,0.106379,0.209951,-1.612217,-1.611488,0.905728,0.001977,0.000071,0.018541,-0.000538,0.050180,-0.000331
6706.320000,-0.548130,0.106386,0.210070,-1.612055,-1.611238,0.905968,0.002039,0.000072,0.018297,-0.000538,0.050549,-0.000347
6706.320000,-0.548130,0.106386,0.210070,-1.612055,-1.611238,0.905968,0.002039,0.000072,0.018297,-0.000538,0.050549,-0.000347
6706.336000,-0.548103,0.106354,0.210373,-1.611419,-1.610732,0.906554,0.001984,0.000073,0.019233,-0.000555,0.051139,-0.000326
6706.344000,-0.548092,0.106340,0.210518,-1.611131,-1.610490,0.906844,0.002086,0.000072,0.019046,-0.000547,0.050822,-0.000326
6706.352000,-0.548070,0.106374,0.210670,-1.610884,-1.610144,0.907098,0.001906,0.000066,0.017391,-0.000502,0.046820,-0.000306
6706.360000,-0.548058,0.106353,0.210817,-1.610610,-1.609888,0.907433,0.001956,0.000071,0.018182,-0.000532,0.049260,-0.000326
6706.368000,-0.548042,0.106362,0.210950,-1.610352,-1.609645,0.907620,0.002032,0.000074,0.018597,-0.000553,0.051287,-0.000351
6706.376000,-0.548026,0.106358,0.211114,-1.610024,-1.609350,0.907891,0.001892,0.000070,0.017502,-0.000520,0.048066,-0.000326
6706.376000,-0.548026,0.106358,0.211114,-1.610024,-1.609350,0.907891,0.001892,0.000070,0.017502,-0.000520,0.048066,-0.000326
6706.392000,-0.547999,0.106359,0.211365,-1.609552,-1.608854,0.908375,0.001842,0.000071,0.016397,-0.000513,0.047543,-0.000354
6706.400000,-0.547978,0.106371,0.211497,-1.609359,-1.608591,0.908613,0.002020,0.000072,0.018142,-0.000537,0.049978,-0.000341
6706.408000,-0.547970,0.106338,0.211611,-1.609098,-1.608416,0.908887,0.001876,0.000067,0.016380,-0.000492,0.045746,-0.000320
6706.416000,-0.547950,0.106357,0.211771,-1.608819,-1.608126,0.909143,0.002046,0.000069,0.017123,-0.000507,0.047730,-0.000332
6706.424000,-0.547928,0.106393,0.211901,-1.608638,-1.607805,0.909330,0.001993,0.000064,0.016508,-0.000477,0.045272,-0.000306
6706.432000,-0.547911,0.106379,0.212049,-1.608335,-1.607529,0.909651,0.002033,0.000063,0.016994,-0.000478,0.045224,-0.000288
6706.440000,-0.547900,0.106380,0.212194,-1.608038,-1.607247,0.909927,0.001771,0.000078,0.018182,-0.000563,0.050903,-0.000358
6706.448000,-0.547889,0.106367,0.212289,-1.607833,-1.607079,0.910126,0.001831,0.000065,0.016592,-0.000485,0.044850,-0.000295
6706.456000,-0.547872,0.106367,0.212410,-1.607629,-1.606864,0.910353,0.002030,0.000069,0.017032,-0.000507,0.047577,-0.000332
6706.464000,-0.547860,0.106362,0.212545,-1.607372,-1.606603,0.910587,0.001828,0.000061,0.015666,-0.000454,0.042468,-0.000281
6706.472000,-0.547839,0.106373,0.212709,-1.607055,-1.606314,0.910895,0.002018,0.000075,0.018037,-0.000545,0.050405,-0.000353
6706.480000,-0.547822,0.106383,0.212818,-1.606880,-1.606047,0.911077,0.001970,0.000074,0.017598,-0.000535,0.049470,-0.000350
6706.488000,-0.547807,0.106373,0.212982,-1.606561,-1.605722,0.911388,0.001885,0.000067,0.016178,-0.000488,0.045430,-0.000320
6706.496000,-0.547789,0.106380,0.213119,-1.606318,-1.605437,0.911647,0.002176,0.000074,0.017640,-0.000534,0.050242,-0.000363
6706.504000,-0.547772,0.106376,0.213230,-1.606066,-1.605304,0.911860,0.001997,0.000063,0.016283,-0.000470,0.044361,-0.000296
6706.512000,-0.547756,0.106371,0.213356,-1.605784,-1.605065,0.912093,0.001942,0.000063,0.015377,-0.000460,0.043464,-0.000310
6706.520000,-0.547742,0.106365,0.213493,-1.605535,-1.604795,0.912370,0.001991,0.000065,0.015505,-0.000471,0.044519,-0.000326
6706.528000,-0.547726,0.106380,0.213612,-1.605328,-1.604517,0.912586,0.001928,0.000059,0.015367,-0.000442,0.041883,-0.000279
6706.536000,-0.547717,0.106366,0.213745,-1.604993,-1.604256,0.912913,0.001864,0.000071,0.016404,-0.000510,0.046915,-0.000341
6706.544000,-0.547694,0.106393,0.213883,-1.604823,-1.603939,0.913129,0.001681,0.000076,0.017002,-0.000540,0.048574,-0.000353
6706.552000,-0.547687,0.106354,0.214010,-1.604503,-1.603847,0.913331,0.001742,0.000065,0.015685,-0.000474,0.043330,-0.000297
6706.560000,-0.547667,0.106368,0.214147,-1.604252,-1.603535,0.913598,0.001895,0.000065,0.015742,-0.000472,0.043939,-0.000306
6706.568000,-0.547648,0.106389,0.214273,-1.604105,-1.603221,0.913825,0.001886,0.000060,0.015368,-0.000445,0.041859,-0.000279
6706.576000,-0.547638,0.106375,0.214348,-1.603916,-1.603119,0.913981,0.001806,0.000055,0.014607,-0.000416,0.039141,-0.000253
6706.584000,-0.547623,0.106384,0.214465,-1.603730,-1.602851,0.914182,0.001789,0.000058,0.013868,-0.000420,0.039687,-0.000289
6706.592000,-0.547607,0.106390,0.214572,-1.603535,-1.602666,0.914366,0.001864,0.000056,0.014630,-0.000418,0.039649,-0.000262
6706.600000,-0.547591,0.106391,0.214688,-1.603288,-1.602474,0.914557,0.001861,0.000055,0.014576,-0.000412,0.039074,-0.000252
6706.608000,-0.547578,0.106379,0.214827,-1.603030,-1.602182,0.914851,0.001778,0.000058,0.013451,-0.000411,0.038949,-0.000289
6706.616000,-0.547570,0.106358,0.214901,-1.602892,-1.602084,0.915033,0.001681,0.000051,0.013029,-0.000380,0.035848,-0.000243
6706.624000,-0.547559,0.106357,0.214993,-1.602680,-1.601959,0.915180,0.001608,0.000053,0.012169,-0.000375,0.035354,-0.000263
6706.632000,-0.547547,0.106362,0.215076,-1.602559,-1.601695,0.915351,0.001786,0.000057,0.013504,-0.000412,0.038839,-0.000285
6706.640000,-0.547529,0.106374,0.215159,-1.602387,-1.601572,0.915461,0.001540,0.000046,0.012015,-0.000345,0.032575,-0.000215
6706.648000,-0.547513,0.106377,0.215283,-1.602095,-1.601318,0.915767,0.002120,0.000066,0.015968,-0.000478,0.045319,-0.000325
6706.656000,-0.547495,0.106383,0.215425,-1.601905,-1.601055,0.915927,0.001872,0.000057,0.014334,-0.000417,0.039453,-0.000268
6706.656000,-0.547495,0.106383,0.215425,-1.601905,-1.601055,0.915927,0.001872,0.000057,0.014334,-0.000417,0.039453,-0.000268
6706.672000,-0.547462,0.106382,0.215686,-1.601392,-1.600557,0.916447,0.001922,0.000064,0.013982,-0.000443,0.042007,-0.000329
6706.680000,-0.547449,0.106360,0.215801,-1.601136,-1.600358,0.916727,0.001798,0.000052,0.013693,-0.000391,0.036941,-0.000241
6706.688000,-0.547435,0.106376,0.215883,-1.600975,-1.600194,0.916819,0.001797,0.000061,0.012846,-0.000417,0.039510,-0.000320
6706.696000,-0.547417,0.106381,0.215992,-1.600774,-1.599934,0.917086,0.001636,0.000055,0.011661,-0.000379,0.035949,-0.000292
6706.704000,-0.547416,0.106366,0.216040,-1.600646,-1.599818,0.917172,0.001729,0.000049,0.013073,-0.000370,0.034990,-0.000225
6706.712000,-0.547402,0.106344,0.216154,-1.600362,-1.599669,0.917411,0.001652,0.000060,0.011289,-0.000398,0.037501,-0.000335
6706.720000,-0.547381,0.106376,0.216246,-1.600175,-1.599404,0.917618,0.001723,0.000055,0.012378,-0.000387,0.036720,-0.000282
6706.728000,-0.547366,0.106391,0.216342,-1.600019,-1.599166,0.917774,0.001954,0.000057,0.014373,-0.000419,0.039918,-0.000275
6706.736000,-0.547344,0.106413,0.216458,-1.599786,-1.598850,0.917989,0.001589,0.000054,0.011059,-0.000365,0.034808,-0.000291
6706.744000,-0.547333,0.106388,0.216566,-1.599596,-1.598697,0.918204,0.001882,0.000055,0.013741,-0.000404,0.038403,-0.000268
6706.752000,-0.547316,0.106397,0.216689,-1.599313,-1.598474,0.918466,0.001996,0.000062,0.014238,-0.000437,0.041633,-0.000313
6706.760000,-0.547303,0.106387,0.216820,-1.599079,-1.598215,0.918709,0.001617,0.000050,0.011548,-0.000355,0.033725,-0.000253
6706.768000,-0.547289,0.106382,0.216909,-1.598937,-1.598011,0.918880,0.001568,0.000046,0.011401,-0.000335,0.031836,-0.000222
6706.776000,-0.547278,0.106381,0.216976,-1.598759,-1.597910,0.919020,0.001798,0.000052,0.013079,-0.000381,0.036236,-0.000249
6706.784000,-0.547266,0.106369,0.217074,-1.598576,-1.597734,0.919204,0.001612,0.000051,0.011363,-0.000356,0.033729,-0.000259
6706.792000,-0.547257,0.106366,0.217155,-1.598377,-1.597584,0.919407,0.001576,0.000042,0.011720,-0.000323,0.030605,-0.000187
6706.800000,-0.547244,0.106357,0.217249,-1.598169,-1.597399,0.919564,0.001541,0.000051,0.010631,-0.000348,0.032871,-0.000268
6706.808000,-0.547220,0.106410,0.217330,-1.598090,-1.597135,0.919661,0.001894,0.000056,0.013537,-0.000401,0.038278,-0.000272
6706.816000,-0.547209,0.106409,0.217440,-1.597883,-1.596928,0.919898,0.001317,0.000043,0.009088,-0.000293,0.027973,-0.000227
6706.824000,-0.547191,0.106402,0.217535,-1.597669,-1.596780,0.920079,0.001806,0.000057,0.012543,-0.000394,0.037530,-0.000292
6706.832000,-0.547186,0.106391,0.217622,-1.597489,-1.596595,0.920252,0.001868,0.000051,0.013624,-0.000382,0.036347,-0.000232
6706.840000,-0.547173,0.106368,0.217708,-1.597275,-1.596520,0.920455,0.001474,0.000048,0.010063,-0.000330,0.031266,-0.000257
6706.848000,-0.547150,0.106397,0.217833,-1.597072,-1.596185,0.920651,0.001809,0.000058,0.012386,-0.000397,0.037803,-0.000303
6706.856000,-0.547147,0.106363,0.217886,-1.596901,-1.596149,0.920810,0.001549,0.000044,0.011090,-0.000324,0.030676,-0.000210
6706.864000,-0.547138,0.106360,0.217970,-1.596809,-1.595946,0.920959,0.001675,0.000052,0.011380,-0.000362,0.034309,-0.000270
6706.872000,-0.547120,0.106371,0.218085,-1.596542,-1.595698,0.921204,0.001949,0.000060,0.013295,-0.000417,0.039615,-0.000306
6706.880000,-0.547099,0.106400,0.218166,-1.596401,-1.595495,0.921296,0.001457,0.000031,0.008468,-0.000230,0.023352,-0.000158
6706.888000,-0.547082,0.106406,0.218231,-1.596311,-1.595377,0.921410,0.001900,0.000026,0.009459,-0.000217,0.023981,-0.000136
6706.888000,-0.547082,0.106406,0.218231,-1.596311,-1.595377,0.921410,0.001900,0.000026,0.009459,-0.000217,0.023981,-0.000136
6706.904000,-0.547065,0.106387,0.218354,-1.595996,-1.595144,0.921669,0.001616,0.000032,0.009804,-0.000250,0.025260,-0.000149
6706.912000,-0.547052,0.106395,0.218453,-1.595826,-1.594933,0.921853,0.001538,0.000048,0.008442,-0.000309,0.030355,-0.000294
6706.920000,-0.547037,0.106389,0.218508,-1.595709,-1.594804,0.921974,0.001700,0.000049,0.010176,-0.000331,0.032296,-0.000272
6706.928000,-0.547025,0.106404,0.218566,-1.595598,-1.594727,0.922094,0.001946,0.000036,0.013585,-0.000313,0.030850,-0.000127
6706.936000,-0.547010,0.106390,0.218660,-1.595372,-1.594520,0.922250,0.001776,0.000055,0.008574,-0.000338,0.033868,-0.000357
6706.944000,-0.547001,0.106394,0.218696,-1.595298,-1.594458,0.922349,0.002088,0.000031,0.012535,-0.000277,0.028745,-0.000122
6706.952000,-0.546984,0.106408,0.218813,-1.595139,-1.594172,0.922567,0.001523,0.000044,0.006873,-0.000269,0.027488,-0.000293
6706.960000,-0.546969,0.106404,0.218898,-1.594923,-1.593950,0.922758,0.002142,0.000057,0.015163,-0.000425,0.040565,-0.000260
6706.968000,-0.546955,0.106401,0.218967,-1.594771,-1.593907,0.922862,0.001284,-0.000001,0.002594,-0.000014,0.006318,-0.000031
6706.976000,-0.546951,0.106363,0.218997,-1.594672,-1.593834,0.923009,0.002058,0.000050,0.009583,-0.000325,0.033509,-0.000315
6706.984000,-0.546938,0.106376,0.219073,-1.594472,-1.593660,0.923164,0.001559,0.000038,0.008420,-0.000263,0.026449,-0.000220
6706.992000,-0.546923,0.106388,0.219143,-1.594406,-1.593490,0.923308,0.001516,0.000029,0.009726,-0.000238,0.023664,-0.000121
6707.000000,-0.546912,0.106393,0.219226,-1.594225,-1.593328,0.923485,0.001668,0.000056,0.008857,-0.000345,0.033782,-0.000346
6707.008000,-0.546897,0.106391,0.219276,-1.594101,-1.593207,0.923526,0.001398,0.000030,0.006634,-0.000204,0.021411,-0.000184
6707.016000,-0.546885,0.106410,0.219347,-1.594023,-1.593082,0.923615,0.001679,0.000020,0.010122,-0.000199,0.021096,-0.000058
6707.024000,-0.546875,0.106396,0.219420,-1.593831,-1.592888,0.923868,0.001591,0.000056,0.006644,-0.000321,0.032195,-0.000391
6707.032000,-0.546860,0.106396,0.219496,-1.593621,-1.592811,0.923951,0.001848,0.000031,0.011246,-0.000261,0.026646,-0.000126
6707.040000,-0.546849,0.106410,0.219557,-1.593602,-1.592609,0.924083,0.001297,0.000036,0.006198,-0.000229,0.023179,-0.000233
6707.048000,-0.546839,0.106366,0.219615,-1.593393,-1.592520,0.924268,0.002275,0.000043,0.009079,-0.000285,0.031304,-0.000290
6707.056000,-0.546824,0.106404,0.219646,-1.593297,-1.592433,0.924274,0.001146,0.000021,0.004964,-0.000146,0.015947,-0.000136
6707.064000,-0.546813,0.106399,0.219708,-1.593224,-1.592272,0.924420,0.002390,0.000063,0.012912,-0.000420,0.041993,-0.000364
6707.072000,-0.546799,0.106394,0.219793,-1.593056,-1.592052,0.924626,0.001252,0.000012,0.001719,-0.000065,0.010741,-0.000147
6707.080000,-0.546788,0.106397,0.219810,-1.592978,-1.592064,0.924659,0.001753,0.000020,0.008535,-0.000177,0.020108,-0.000093
6707.088000,-0.546776,0.106400,0.219881,-1.592826,-1.591848,0.924824,0.001233,0.000047,0.004332,-0.000255,0.025695,-0.000346
6707.096000,-0.546767,0.106381,0.219913,-1.592686,-1.591830,0.924878,0.001503,0.000032,0.008690,-0.000238,0.023851,-0.000160
6707.104000,-0.546759,0.106380,0.219956,-1.592625,-1.591780,0.924945,0.002225,-0.000001,0.008670,-0.000081,0.014089,0.000029
6707.112000,-0.546744,0.106372,0.220033,-1.592448,-1.591584,0.925184,0.001484,0.000045,0.005788,-0.000263,0.026927,-0.000319
6707.120000,-0.546727,0.106405,0.220083,-1.592386,-1.591444,0.925233,0.002213,0.000039,0.013639,-0.000324,0.032757,-0.000161
6707.128000,-0.546712,0.106414,0.220098,-1.592381,-1.591409,0.925195,0.001445,-0.000001,-0.000029,0.000016,0.005464,-0.000105
6707.136000,-0.546702,0.106414,0.220135,-1.592285,-1.591243,0.925366,0.002189,0.000035,0.010803,-0.000269,0.029023,-0.000186
6707.144000,-0.546696,0.106394,0.220189,-1.592137,-1.591209,0.925454,0.001037,-0.000011,-0.000540,0.000064,-0.000302,-0.000011
6707.152000,-0.546680,0.106412,0.220209,-1.592066,-1.591141,0.925508,0.002499,0.000053,0.011076,-0.000352,0.037410,-0.000339
6707.160000,-0.546665,0.106423,0.220311,-1.591845,-1.590872,0.925673,0.001035,0.000028,0.003793,-0.000163,0.017274,-0.000202
6707.168000,-0.546658,0.106382,0.220356,-1.591767,-1.590874,0.925808,0.001739,0.000007,0.006905,-0.000101,0.014117,-0.000033
6707.176000,-0.546644,0.106415,0.220365,-1.591703,-1.590750,0.925842,0.001777,0.000028,0.004349,-0.000163,0.020490,-0.000244
6707.184000,-0.546631,0.106392,0.220458,-1.591486,-1.590633,0.926082,0.001643,0.000037,0.008261,-0.000252,0.025883,-0.000214
6707.192000,-0.546632,0.106382,0.220467,-1.591485,-1.590606,0.926064,0.001251,0.000015,0.007010,-0.000144,0.015377,-0.000055
6707.200000,-0.546610,0.106399,0.220506,-1.591382,-1.590497,0.926174,0.001891,0.000027,0.002548,-0.000135,0.019306,-0.000283
6707.208000,-0.546614,0.106377,0.220488,-1.591360,-1.590467,0.926191,0.001460,0.000024,0.006357,-0.000175,0.019168,-0.000150
6707.216000,-0.546600,0.106372,0.220592,-1.591206,-1.590322,0.926330,0.000807,0.000015,0.004326,-0.000112,0.011552,-0.000073
6707.224000,-0.546583,0.106399,0.220593,-1.591171,-1.590255,0.926421,0.002235,0.000056,0.008158,-0.000334,0.035579,-0.000404
6707.232000,-0.546572,0.106413,0.220653,-1.591081,-1.590076,0.926537,0.001113,0.000018,0.005001,-0.000131,0.014432,-0.000105
6707.240000,-0.546567,0.106405,0.220701,-1.590974,-1.589990,0.926560,0.001273,0.000019,0.007697,-0.000166,0.017141,-0.000065
6707.248000,-0.546553,0.106394,0.220728,-1.590823,-1.589949,0.926713,0.001730,0.000020,0.001703,-0.000095,0.015477,-0.000238
6707.256000,-0.546550,0.106399,0.220737,-1.590797,-1.589867,0.926696,0.001266,0.000012,0.004611,-0.000098,0.012506,-0.000081
6707.264000,-0.546547,0.106364,0.220771,-1.590721,-1.589890,0.926796,0.000757,0.000010,0.002909,-0.000076,0.008791,-0.000069
6707.272000,-0.546523,0.106406,0.220822,-1.590626,-1.589656,0.926878,0.002455,0.000057,0.010388,-0.000360,0.037990,-0.000373
6707.280000,-0.546512,0.106410,0.220846,-1.590590,-1.589603,0.926948,0.001035,0.000003,0.000548,-0.000009,0.005445,-0.000085
6707.288000,-0.546505,0.106410,0.220885,-1.590521,-1.589553,0.926997,0.001398,0.000013,0.007515,-0.000139,0.015487,-0.000039
6707.296000,-0.546489,0.106410,0.220918,-1.590387,-1.589427,0.927135,0.001991,0.000036,0.002661,-0.000178,0.023298,-0.000356
6707.304000,-0.546484,0.106409,0.220915,-1.590361,-1.589353,0.927220,0.000800,0.000005,0.000919,-0.000027,0.005661,-0.000077
6707.312000,-0.546478,0.106397,0.220973,-1.590287,-1.589326,0.927264,0.001140,0.000012,0.005783,-0.000115,0.012856,-0.000048
6707.320000,-0.546465,0.106384,0.221014,-1.590107,-1.589180,0.927434,0.001410,0.000028,0.001294,-0.000133,0.017197,-0.000286
6707.328000,-0.546451,0.106410,0.221033,-1.590099,-1.589135,0.927412,0.001486,0.000021,0.006425,-0.000161,0.018114,-0.000127
6707.336000,-0.546448,0.106397,0.221054,-1.590063,-1.589059,0.927514,0.000782,-0.000014,-0.001423,0.000090,-0.003331,0.000016
6707.344000,-0.546435,0.106378,0.221039,-1.589984,-1.589074,0.927550,0.002160,0.000029,0.005617,-0.000180,0.023064,-0.000249
6707.352000,-0.546427,0.106405,0.221073,-1.589935,-1.588995,0.927542,0.000797,-0.000005,-0.000206,0.000035,0.000906,-0.000024
6707.360000,-0.546413,0.106408,0.221126,-1.589839,-1.588846,0.927626,0.002069,0.000053,0.010210,-0.000344,0.034808,-0.000318
6707.368000,-0.546409,0.106379,0.221116,-1.589793,-1.588850,0.927743,0.001428,0.000008,0.000449,-0.000027,0.008766,-0.000152
6707.376000,-0.546399,0.106404,0.221148,-1.589733,-1.588762,0.927780,0.001275,0.000006,0.004789,-0.000071,0.010220,-0.000031
6707.384000,-0.546390,0.106384,0.221165,-1.589646,-1.588762,0.927851,0.001747,0.000024,0.002724,-0.000126,0.017677,-0.000245
6707.392000,-0.546372,0.106407,0.221198,-1.589568,-1.588611,0.927886,0.001003,0.000014,0.000577,-0.000063,0.009739,-0.000167
6707.400000,-0.546372,0.106372,0.221225,-1.589479,-1.588601,0.928017,0.001154,-0.000015,-0.000631,0.000088,-0.001773,0.000014
6707.408000,-0.546356,0.106399,0.221213,-1.589498,-1.588531,0.927995,0.001796,0.000023,0.002663,-0.000122,0.017648,-0.000247
6707.416000,-0.546347,0.106386,0.221273,-1.589347,-1.588436,0.928120,0.000928,0.000020,0.002682,-0.000114,0.012874,-0.000155
6707.424000,-0.546338,0.106415,0.221231,-1.589483,-1.588426,0.928002,0.001280,-0.000013,0.001521,0.000051,0.001161,0.000031
6707.432000,-0.546329,0.106385,0.221279,-1.589265,-1.588344,0.928224,0.001370,0.000041,0.003266,-0.000216,0.023251,-0.000335
6707.440000,-0.546324,0.106384,0.221310,-1.589219,-1.588261,0.928337,0.001232,0.000007,0.002362,-0.000049,0.009011,-0.000091
6707.448000,-0.546311,0.106386,0.221318,-1.589207,-1.588294,0.928254,0.001082,-0.000011,0.001261,0.000044,0.000926,0.000027
6707.456000,-0.546302,0.106402,0.221314,-1.589135,-1.588179,0.928291,0.001226,0.000030,0.001184,-0.000142,0.017163,-0.000289
6707.464000,-0.546293,0.106397,0.221351,-1.589101,-1.588122,0.928436,0.001330,0.000017,0.006565,-0.000143,0.015770,-0.000077
6707.472000,-0.546293,0.106373,0.221308,-1.589116,-1.588200,0.928372,0.000975,0.000007,0.000333,-0.000027,0.006653,-0.000116
6707.480000,-0.546273,0.106418,0.221378,-1.588954,-1.587962,0.928520,0.001150,0.000032,0.001692,-0.000157,0.017959,-0.000287
6707.488000,-0.546269,0.106407,0.221380,-1.588980,-1.587985,0.928492,0.001564,-0.000028,-0.002051,0.000164,-0.005713,0.000042
6707.496000,-0.546260,0.106420,0.221331,-1.589061,-1.588037,0.928390,0.000718,-0.000014,-0.001176,0.000086,-0.003388,0.000026
6707.504000,-0.546255,0.106403,0.221372,-1.588886,-1.587895,0.928538,0.001294,0.000044,0.003296,-0.000230,0.024099,-0.000350
6707.512000,-0.546243,0.106389,0.221405,-1.588807,-1.587883,0.928602,0.001454,-0.000026,-0.000760,0.000142,-0.004840,0.000069
6707.520000,-0.546233,0.106401,0.221362,-1.588864,-1.587952,0.928524,0.000910,-0.000002,-0.001052,0.000032,0.001951,-0.000073
6707.528000,-0.546222,0.106407,0.221410,-1.588749,-1.587749,0.928712,0.001500,0.000005,0.000872,-0.000021,0.008436,-0.000131
6707.536000,-0.546210,0.106412,0.221387,-1.588850,-1.587807,0.928657,0.001014,-0.000013,-0.000717,0.000078,-0.001500,0.000006
6707.544000,-0.546210,0.106406,0.221374,-1.588831,-1.587825,0.928657,0.001068,0.000030,0.001364,-0.000141,0.016320,-0.000266
6707.552000,-0.546196,0.106400,0.221401,-1.588703,-1.587703,0.928770,0.002023,0.000007,0.001901,-0.000034,0.011638,-0.000157
6707.560000,-0.546190,0.106405,0.221392,-1.588722,-1.587724,0.928770,0.000791,-0.000003,0.000778,0.000013,0.002306,-0.000017
6707.568000,-0.546185,0.106398,0.221378,-1.588683,-1.587743,0.928771,0.001424,0.000026,0.000123,-0.000105,0.015356,-0.000290
6707.576000,-0.546179,0.106405,0.221349,-1.588651,-1.587746,0.928752,0.000627,0.000005,-0.001140,-0.000003,0.003628,-0.000108
6707.584000,-0.546168,0.106417,0.221321,-1.588762,-1.587783,0.928680,0.001118,-0.000019,-0.000146,0.000097,-0.002823,0.000051
6707.592000,-0.546164,0.106398,0.221340,-1.588673,-1.587692,0.928813,0.001255,0.000028,0.001382,-0.000134,0.016564,-0.000270
6707.600000,-0.546159,0.106388,0.221322,-1.588630,-1.587729,0.928758,0.000762,-0.000013,-0.002509,0.000098,-0.003715,-0.000014
6707.608000,-0.546153,0.106373,0.221332,-1.588628,-1.587712,0.928842,0.001210,-0.000010,0.000715,0.000047,0.001477,-0.000002
6707.616000,-0.546136,0.106407,0.221355,-1.588560,-1.587554,0.928888,0.001219,0.000028,0.001405,-0.000135,0.016512,-0.000269
6707.624000,-0.546130,0.106420,0.221323,-1.588595,-1.587590,0.928822,0.000941,-0.000011,-0.002686,0.000094,-0.002478,-0.000043
6707.632000,-0.546124,0.106407,0.221303,-1.588670,-1.587655,0.928772,0.000825,-0.000018,-0.001277,0.000103,-0.004328,0.000041
6707.640000,-0.546113,0.106413,0.221297,-1.588609,-1.587585,0.928839,0.001442,0.000020,-0.000608,-0.000068,0.012643,-0.000263
6707.648000,-0.546105,0.106409,0.221292,-1.588549,-1.587577,0.928827,0.000900,-0.000012,-0.002145,0.000088,-0.002430,-0.000026
6707.656000,-0.546107,0.106391,0.221243,-1.588651,-1.587679,0.928741,0.000772,-0.000033,-0.004451,0.000211,-0.012390,0.000087
6707.664000,-0.546095,0.106419,0.221226,-1.588665,-1.587581,0.928819,0.001119,0.000031,0.000577,-0.000135,0.016382,-0.000295
6707.672000,-0.546090,0.106399,0.221195,-1.588640,-1.587721,0.928762,0.000910,-0.000029,-0.005035,0.000201,-0.010770,0.000036
6707.680000,-0.546086,0.106398,0.221174,-1.588752,-1.587740,0.928738,0.000596,-0.000011,-0.001159,0.000072,-0.002823,0.000015
6707.688000,-0.546079,0.106371,0.221186,-1.588576,-1.587723,0.928843,0.001469,0.000013,-0.001377,-0.000031,0.009878,-0.000236
6707.696000,-0.546072,0.106376,0.221150,-1.588642,-1.587754,0.928831,0.000758,-0.000007,-0.001464,0.000059,-0.000906,-0.000032
6707.704000,-0.546060,0.106418,0.221139,-1.588716,-1.587663,0.928758,0.000731,-0.000023,-0.002963,0.000146,-0.007784,0.000049
6707.712000,-0.546052,0.106413,0.221145,-1.588657,-1.587591,0.928821,0.000975,0.000012,-0.000628,-0.000038,0.007966,-0.000174
6707.720000,-0.546043,0.106417,0.221137,-1.588634,-1.587628,0.928810,0.000794,-0.000020,-0.003388,0.000139,-0.006725,0.000014
6707.720000,-0.546043,0.106417,0.221137,-1.588634,-1.587628,0.928810,0.000794,-0.000020,-0.003388,0.000139,-0.006725,0.000014
6707.736000,-0.546036,0.106402,0.221115,-1.588609,-1.587537,0.928864,0.001192,0.000008,-0.001321,-0.000010,0.006878,-0.000176
6707.744000,-0.546029,0.106402,0.221072,-1.588649,-1.587644,0.928747,0.000827,-0.000012,-0.002702,0.000094,-0.003005,-0.000034
6707.752000,-0.546021,0.106405,0.221074,-1.588599,-1.587656,0.928797,0.000522,-0.000010,-0.001859,0.000072,-0.002929,-0.000007
6707.760000,-0.546014,0.106400,0.221057,-1.588591,-1.587626,0.928802,0.001326,-0.000000,-0.003648,0.000058,0.002607,-0.000174
6707.768000,-0.546010,0.106399,0.220990,-1.588701,-1.587709,0.928737,0.000849,-0.000008,-0.002996,0.000079,-0.001616,-0.000071
6707.776000,-0.546006,0.106398,0.220966,-1.588800,-1.587744,0.928718,0.000815,-0.000047,-0.007090,0.000308,-0.019460,0.000133
6707.784000,-0.546002,0.106386,0.220916,-1.588776,-1.587822,0.928661,0.001095,0.000017,-0.001360,-0.000049,0.009667,-0.000231
6707.792000,-0.545986,0.106418,0.220904,-1.588760,-1.587748,0.928647,0.000970,-0.000026,-0.005461,0.000196,-0.009960,0.000006
6707.800000,-0.545984,0.106405,0.220858,-1.588904,-1.587856,0.928573,0.000449,-0.000013,-0.002437,0.000096,-0.005047,0.000014
6707.808000,-0.545985,0.106386,0.220816,-1.588847,-1.587920,0.928547,0.001320,0.000006,-0.003182,0.000024,0.005305,-0.000210
6707.816000,-0.545971,0.106413,0.220805,-1.588909,-1.587818,0.928551,0.000751,-0.000005,-0.002557,0.000063,-0.000877,-0.000070
6707.824000,-0.545970,0.106412,0.220782,-1.588890,-1.587867,0.928527,0.000612,-0.000023,-0.003916,0.000157,-0.008906,0.000038
6707.832000,-0.545962,0.106404,0.220740,-1.588959,-1.587920,0.928526,0.001036,0.000021,-0.000754,-0.000074,0.011344,-0.000243
6707.840000,-0.545953,0.106398,0.220769,-1.588822,-1.587846,0.928597,0.000951,-0.000014,-0.004187,0.000127,-0.004674,-0.000052
6707.848000,-0.545948,0.106420,0.220712,-1.588964,-1.587872,0.928480,0.000581,-0.000019,-0.003545,0.000137,-0.007482,0.000023
6707.856000,-0.545944,0.106399,0.220700,-1.588904,-1.587937,0.928491,0.001044,-0.000010,-0.004112,0.000107,-0.002632,-0.000089
6707.864000,-0.545932,0.106409,0.220665,-1.588923,-1.587931,0.928516,0.001106,-0.000006,-0.003875,0.000084,-0.000509,-0.000122
6707.872000,-0.545933,0.106384,0.220621,-1.588973,-1.588067,0.928436,0.000656,-0.000030,-0.004980,0.000204,-0.012218,0.000065
6707.880000,-0.545926,0.106398,0.220557,-1.589115,-1.588112,0.928318,0.000877,-0.000008,-0.003388,0.000085,-0.001860,-0.000079
6707.888000,-0.545916,0.106404,0.220552,-1.589041,-1.588065,0.928364,0.001107,-0.000029,-0.006349,0.000220,-0.011005,-0.000004
6707.896000,-0.545913,0.106423,0.220468,-1.589254,-1.588166,0.928213,0.000550,-0.000016,-0.003241,0.000118,-0.006183,0.000009
6707.904000,-0.545909,0.106408,0.220482,-1.589189,-1.588180,0.928273,0.000947,-0.000065,-0.009698,0.000426,-0.027915,0.000206
6707.912000,-0.545904,0.106384,0.220445,-1.589163,-1.588207,0.928275,0.000910,0.000019,-0.000774,-0.000068,0.010194,-0.000222
6707.920000,-0.545897,0.106400,0.220420,-1.589203,-1.588233,0.928161,0.000882,-0.000048,-0.007832,0.000322,-0.020093,0.000119
6707.928000,-0.545894,0.106401,0.220348,-1.589357,-1.588349,0.928123,0.000333,-0.000010,-0.002134,0.000075,-0.003940,0.000003
6707.936000,-0.545888,0.106384,0.220329,-1.589279,-1.588322,0.928160,0.001201,-0.000017,-0.005679,0.000161,-0.005834,-0.000081
6707.944000,-0.545883,0.106394,0.220284,-1.589401,-1.588392,0.928095,0.000466,0.000000,-0.001482,0.000021,0.000949,-0.000068
6707.952000,-0.545875,0.106402,0.220266,-1.589403,-1.588421,0.928034,0.000669,-0.000041,-0.006455,0.000273,-0.017480,0.000116
6707.960000,-0.545872,0.106385,0.220212,-1.589429,-1.588471,0.927978,0.000888,0.000027,-0.000695,-0.000104,0.013137,-0.000276
6707.968000,-0.545861,0.106409,0.220201,-1.589447,-1.588434,0.927982,0.000723,-0.000024,-0.007500,0.000208,-0.011442,-0.000036
6707.976000,-0.545860,0.106396,0.220123,-1.589582,-1.588590,0.927866,0.000263,-0.000017,-0.004340,0.000133,-0.008403,0.000013
6707.984000,-0.545857,0.106394,0.220080,-1.589625,-1.588656,0.927840,0.001013,-0.000014,-0.005747,0.000144,-0.005268,-0.000094
6707.992000,-0.545848,0.106408,0.220027,-1.589683,-1.588682,0.927760,0.001127,-0.000053,-0.010050,0.000378,-0.022930,0.000098
6708.000000,-0.545850,0.106378,0.219952,-1.589777,-1.588830,0.927627,0.000177,-0.000017,-0.005727,0.000152,-0.009903,-0.000005
6708.008000,-0.545838,0.106403,0.219904,-1.589855,-1.588843,0.927564,0.000932,-0.000063,-0.011062,0.000432,-0.028001,0.000161
6708.016000,-0.545836,0.106402,0.219835,-1.589957,-1.588917,0.927508,0.000341,0.000007,-0.004079,0.000023,0.001087,-0.000160
6708.024000,-0.545834,0.106379,0.219784,-1.590024,-1.589076,0.927464,0.000319,-0.000050,-0.011396,0.000371,-0.025615,0.000103
6708.032000,-0.545824,0.106399,0.219781,-1.590056,-1.588993,0.927487,0.000249,-0.000004,-0.003116,0.000061,-0.002838,-0.000052
6708.040000,-0.545819,0.106406,0.219732,-1.590064,-1.588989,0.927454,0.000438,-0.000009,-0.007480,0.000140,-0.007104,-0.000119
6708.048000,-0.545825,0.106375,0.219666,-1.590080,-1.589126,0.927389,0.000222,0.000003,-0.004888,0.000047,-0.001204,-0.000144
6708.056000,-0.545812,0.106412,0.219621,-1.590211,-1.589175,0.927260,0.000506,-0.000040,-0.007762,0.000285,-0.018890,0.000098
6708.064000,-0.545816,0.106381,0.219516,-1.590321,-1.589339,0.927147,0.000270,-0.000051,-0.013587,0.000405,-0.027940,0.000072
6708.072000,-0.545798,0.106414,0.219500,-1.590344,-1.589266,0.927130,0.000385,0.000005,-0.005892,0.000053,-0.000586,-0.000190
6708.080000,-0.545798,0.106408,0.219425,-1.590448,-1.589418,0.926984,0.000868,-0.000066,-0.011556,0.000452,-0.029938,0.000181
6708.088000,-0.545800,0.106400,0.219341,-1.590566,-1.589587,0.926859,-0.000602,-0.000032,-0.011468,0.000280,-0.022342,0.000036
6708.096000,-0.545796,0.106380,0.219298,-1.590547,-1.589635,0.926881,0.000810,-0.000027,-0.009583,0.000250,-0.013800,-0.000062
6708.096000,-0.545796,0.106380,0.219298,-1.590547,-1.589635,0.926881,0.000810,-0.000027,-0.009583,0.000250,-0.013800,-0.000062
6708.096000,-0.545796,0.106380,0.219298,-1.590547,-1.589635,0.926881,0.000810,-0.000027,-0.009583,0.000250,-0.013800,-0.000062
6708.120000,-0.545783,0.106406,0.219071,-1.590964,-1.589891,0.926540,0.001099,-0.000027,-0.007126,0.000223,-0.011106,-0.000029
6708.128000,-0.545777,0.106410,0.219023,-1.590954,-1.589960,0.926498,-0.000182,-0.000025,-0.011923,0.000261,-0.018675,-0.000050
6708.136000,-0.545778,0.106416,0.218917,-1.591110,-1.590155,0.926297,0.000735,-0.000064,-0.012559,0.000455,-0.030585,0.000159
6708.144000,-0.545776,0.106404,0.218866,-1.591230,-1.590188,0.926271,0.000321,-0.000026,-0.005443,0.000189,-0.012544,0.000055
6708.152000,-0.545772,0.106397,0.218782,-1.591244,-1.590296,0.926187,0.000954,-0.000034,-0.012365,0.000320,-0.018133,-0.000074
6708.168000,-0.545765,0.106401,0.218618,-1.591561,-1.590543,0.925963,0.000010,-0.000056,-0.013583,0.000424,-0.030954,0.000130
6708.176000,-0.545759,0.106400,0.218541,-1.591614,-1.590625,0.925903,0.000869,-0.000013,-0.007229,0.000161,-0.006994,-0.000112
6708.184000,-0.545747,0.106424,0.218488,-1.591699,-1.590657,0.925729,-0.000164,-0.000042,-0.016097,0.000389,-0.028032,-0.000013
6708.192000,-0.545759,0.106388,0.218396,-1.591853,-1.590864,0.925667,0.000455,-0.000057,-0.011542,0.000408,-0.028275,0.000149
6708.200000,-0.545750,0.106407,0.218295,-1.591990,-1.591003,0.925485,0.000195,-0.000018,-0.010347,0.000212,-0.013350,-0.000097
6708.208000,-0.545756,0.106389,0.218230,-1.592032,-1.591012,0.925500,-0.000009,-0.000004,-0.007029,0.000107,-0.006572,-0.000114
6708.216000,-0.545741,0.106413,0.218176,-1.592136,-1.591140,0.925352,0.000572,-0.000037,-0.008005,0.000277,-0.017950,0.000072
6708.224000,-0.545749,0.106388,0.218070,-1.592258,-1.591318,0.925210,-0.000208,-0.000057,-0.014503,0.000439,-0.032929,0.000136
6708.232000,-0.545737,0.106400,0.217987,-1.592376,-1.591369,0.925140,0.001087,-0.000011,-0.007802,0.000160,-0.005681,-0.000156
6708.240000,-0.545742,0.106387,0.217904,-1.592464,-1.591516,0.925034,-0.000282,-0.000057,-0.016297,0.000463,-0.034737,0.000109
6708.248000,-0.545742,0.106358,0.217810,-1.592586,-1.591718,0.924943,0.000389,-0.000038,-0.008023,0.000279,-0.018832,0.000088
6708.256000,-0.545735,0.106394,0.217712,-1.592746,-1.591777,0.924725,-0.000052,-0.000039,-0.015155,0.000369,-0.026148,-0.000016
6708.264000,-0.545737,0.106393,0.217592,-1.592972,-1.591920,0.924599,0.000311,-0.000040,-0.009639,0.000307,-0.021124,0.000077
6708.272000,-0.545737,0.106387,0.217496,-1.593094,-1.592129,0.924400,-0.000201,-0.000054,-0.014084,0.000420,-0.031520,0.000123
6708.280000,-0.545730,0.106404,0.217422,-1.593195,-1.592194,0.924323,0.000370,-0.000046,-0.012025,0.000364,-0.024973,0.000069
6708.288000,-0.545728,0.106383,0.217305,-1.593306,-1.592393,0.924201,0.000233,-0.000035,-0.011770,0.000312,-0.021196,0.000005
6708.296000,-0.545728,0.106406,0.217220,-1.593511,-1.592452,0.924031,-0.000084,-0.000043,-0.012467,0.000352,-0.025912,0.000071
6708.304000,-0.545728,0.106397,0.217134,-1.593629,-1.592611,0.923932,0.000154,-0.000039,-0.009155,0.000296,-0.021210,0.000095
6708.312000,-0.545723,0.106404,0.217038,-1.593752,-1.592724,0.923787,0.000283,-0.000042,-0.016305,0.000401,-0.027073,-0.000037
6708.320000,-0.545727,0.106384,0.216922,-1.593888,-1.592898,0.923667,0.000444,-0.000016,-0.006677,0.000165,-0.009572,-0.000044
6708.328000,-0.545727,0.106370,0.216854,-1.593987,-1.593029,0.923592,-0.000263,-0.000059,-0.016464,0.000476,-0.035820,0.000125
6708.336000,-0.545719,0.106397,0.216787,-1.594100,-1.593074,0.923461,0.000542,-0.000062,-0.011945,0.000441,-0.030733,0.000183
6708.344000,-0.545715,0.106395,0.216661,-1.594251,-1.593255,0.923305,0.000102,-0.000018,-0.012227,0.000238,-0.015493,-0.000121
6708.352000,-0.545723,0.106366,0.216570,-1.594380,-1.593379,0.923189,0.000392,-0.000054,-0.011864,0.000401,-0.027963,0.000132
6708.360000,-0.545715,0.106382,0.216497,-1.594523,-1.593519,0.923061,-0.000142,-0.000049,-0.013720,0.000394,-0.029378,0.000095
6708.368000,-0.545715,0.106404,0.216385,-1.594682,-1.593618,0.922876,0.000737,-0.000045,-0.012676,0.000375,-0.024005,0.000029
6708.376000,-0.545711,0.106378,0.216258,-1.594822,-1.593891,0.922759,0.000642,-0.000037,-0.010060,0.000304,-0.019326,0.000028
6708.384000,-0.545713,0.106369,0.216158,-1.594993,-1.594038,0.922573,0.000264,-0.000058,-0.013234,0.000439,-0.031419,0.000151
6708.392000,-0.545710,0.106381,0.216055,-1.595120,-1.594197,0.922407,0.000816,-0.000052,-0.011540,0.000393,-0.025591,0.000098
6708.400000,-0.545709,0.106367,0.215933,-1.595302,-1.594360,0.922278,0.000342,-0.000031,-0.011793,0.000297,-0.019495,-0.000028
6708.408000,-0.545702,0.106382,0.215829,-1.595457,-1.594495,0.922077,0.000800,-0.000056,-0.011966,0.000419,-0.027762,0.000125
6708.416000,-0.545706,0.106363,0.215742,-1.595629,-1.594685,0.922018,-0.000319,-0.000042,-0.013013,0.000353,-0.026962,0.000072
6708.424000,-0.545695,0.106406,0.215653,-1.595773,-1.594749,0.921781,0.000748,-0.000049,-0.013097,0.000399,-0.025984,0.000052
6708.432000,-0.545698,0.106383,0.215533,-1.595854,-1.594929,0.921731,-0.000218,-0.000022,-0.012388,0.000258,-0.018747,-0.000064
6708.440000,-0.545699,0.106377,0.215446,-1.595973,-1.595057,0.921605,0.000597,-0.000050,-0.011689,0.000385,-0.025955,0.000100
6708.448000,-0.545700,0.106382,0.215318,-1.596233,-1.595254,0.921412,-0.000421,-0.000053,-0.015814,0.000441,-0.034152,0.000114
6708.456000,-0.545693,0.106392,0.215205,-1.596402,-1.595399,0.921179,0.000853,-0.000042,-0.012085,0.000359,-0.022476,0.000020
6708.464000,-0.545690,0.106388,0.215102,-1.596507,-1.595498,0.921135,0.000040,-0.000054,-0.017185,0.000466,-0.033649,0.000059
6708.472000,-0.545692,0.106378,0.214958,-1.596728,-1.595785,0.920839,0.000485,-0.000053,-0.011486,0.000396,-0.027575,0.000138
6708.480000,-0.545687,0.106396,0.214854,-1.596916,-1.595909,0.920684,-0.000412,-0.000058,-0.017594,0.000487,-0.037570,0.000119
6708.488000,-0.545692,0.106355,0.214737,-1.597039,-1.596158,0.920563,0.000710,-0.000039,-0.010811,0.000328,-0.020860,0.000032
6708.496000,-0.545687,0.106375,0.214641,-1.597131,-1.596231,0.920442,-0.000160,-0.000040,-0.016246,0.000393,-0.028683,-0.000005
6708.504000,-0.545687,0.106385,0.214513,-1.597397,-1.596425,0.920254,0.000639,-0.000066,-0.013464,0.000481,-0.033523,0.000184
6708.512000,-0.545690,0.106375,0.214389,-1.597616,-1.596622,0.920019,-0.000451,-0.000050,-0.014905,0.000413,-0.032302,0.000110
6708.520000,-0.545683,0.106386,0.214312,-1.597706,-1.596714,0.919933,0.000793,-0.000061,-0.015116,0.000484,-0.032493,0.000108
6708.528000,-0.545684,0.106388,0.214179,-1.597855,-1.596919,0.919700,-0.000201,-0.000033,-0.013089,0.000319,-0.023770,0.000009
6708.536000,-0.545683,0.106372,0.214092,-1.597988,-1.597076,0.919618,0.000544,-0.000073,-0.015174,0.000537,-0.038182,0.000215
6708.544000,-0.545683,0.106387,0.213940,-1.598278,-1.597269,0.919354,-0.000203,-0.000064,-0.016923,0.000506,-0.038518,0.000161
6708.552000,-0.545680,0.106371,0.213842,-1.598368,-1.597390,0.919322,0.000542,-0.000045,-0.014259,0.000397,-0.026574,0.000024
6708.560000,-0.545681,0.106381,0.213718,-1.598582,-1.597603,0.919027,0.000114,-0.000079,-0.019883,0.000619,-0.045732,0.000199
6708.568000,-0.545680,0.106371,0.213578,-1.598776,-1.597870,0.918843,0.000122,-0.000049,-0.011991,0.000380,-0.027868,0.000125
6708.576000,-0.545683,0.106360,0.213471,-1.598931,-1.597992,0.918697,0.000070,-0.000061,-0.017843,0.000511,-0.037335,0.000107
6708.584000,-0.545680,0.106371,0.213346,-1.599083,-1.598167,0.918533,0.000560,-0.000050,-0.014086,0.000421,-0.028644,0.000069
6708.592000,-0.545680,0.106377,0.213201,-1.599299,-1.598403,0.918288,-0.000181,-0.000053,-0.015359,0.000441,-0.033510,0.000118
6708.600000,-0.545679,0.106355,0.213086,-1.599488,-1.598636,0.918148,0.000337,-0.000083,-0.018782,0.000630,-0.045981,0.000241
6708.608000,-0.545669,0.106382,0.212962,-1.599679,-1.598740,0.917958,0.000308,-0.000036,-0.014276,0.000355,-0.024240,-0.000022
6708.616000,-0.545669,0.106388,0.212803,-1.599950,-1.598944,0.917718,0.000249,-0.000065,-0.016206,0.000511,-0.037286,0.000162
6708.624000,-0.545670,0.106390,0.212684,-1.600149,-1.599143,0.917488,0.000006,-0.000074,-0.019154,0.000585,-0.043872,0.000188
6708.632000,-0.545672,0.106370,0.212553,-1.600284,-1.599374,0.917316,0.000120,-0.000048,-0.013328,0.000395,-0.028874,0.000099
6708.640000,-0.545679,0.106322,0.212430,-1.600398,-1.599626,0.917227,0.000220,-0.000063,-0.019487,0.000550,-0.039353,0.000090
6708.648000,-0.545667,0.106379,0.212307,-1.600666,-1.599773,0.916952,0.000503,-0.000068,-0.015941,0.000523,-0.037248,0.000171
6708.656000,-0.545669,0.106364,0.212165,-1.600864,-1.600002,0.916779,-0.000041,-0.000074,-0.018897,0.000585,-0.044102,0.000201
6708.664000,-0.545662,0.106394,0.212015,-1.601101,-1.600139,0.916501,0.000479,-0.000067,-0.020375,0.000579,-0.040877,0.000089
6708.672000,-0.545664,0.106373,0.211894,-1.601255,-1.600363,0.916352,0.000074,-0.000039,-0.013086,0.000353,-0.025658,0.000045
6708.680000,-0.545662,0.106380,0.211736,-1.601553,-1.600576,0.916103,0.000053,-0.000080,-0.020042,0.000627,-0.047098,0.000219
6708.688000,-0.545668,0.106346,0.211594,-1.601729,-1.600879,0.915914,0.000062,-0.000059,-0.017584,0.000505,-0.037196,0.000113
6708.696000,-0.545663,0.106379,0.211457,-1.601955,-1.600980,0.915707,0.000242,-0.000043,-0.014635,0.000394,-0.027935,0.000036
6708.704000,-0.545664,0.106383,0.211314,-1.602224,-1.601177,0.915530,0.000182,-0.000086,-0.021934,0.000681,-0.050688,0.000224
6708.712000,-0.545668,0.106351,0.211181,-1.602363,-1.601480,0.915307,-0.000140,-0.000062,-0.017015,0.000508,-0.038696,0.000161
6708.720000,-0.545660,0.106377,0.211030,-1.602650,-1.601643,0.915056,0.000343,-0.000063,-0.018257,0.000535,-0.038542,0.000116
6708.728000,-0.545656,0.106373,0.210905,-1.602781,-1.601856,0.914926,0.000511,-0.000068,-0.019771,0.000578,-0.040953,0.000111
6708.736000,-0.545656,0.106379,0.210755,-1.602979,-1.602133,0.914646,0.000010,-0.000054,-0.016059,0.000457,-0.034181,0.000107
6708.744000,-0.545658,0.106374,0.210615,-1.603231,-1.602327,0.914430,0.000072,-0.000069,-0.018407,0.000558,-0.041859,0.000175
6708.752000,-0.545661,0.106359,0.210470,-1.603476,-1.602566,0.914246,-0.000337,-0.000069,-0.018660,0.000558,-0.043676,0.000200
6708.760000,-0.545659,0.106368,0.210301,-1.603684,-1.602760,0.913982,0.000454,-0.000037,-0.015307,0.000382,-0.025798,-0.000027
6708.768000,-0.545657,0.106372,0.210175,-1.603872,-1.602971,0.913797,0.000026,-0.000079,-0.021702,0.000648,-0.048819,0.000195
6708.776000,-0.545662,0.106344,0.210028,-1.604087,-1.603248,0.913630,0.000063,-0.000070,-0.017910,0.000557,-0.041936,0.000193
6708.784000,-0.545655,0.106370,0.209879,-1.604378,-1.603436,0.913358,0.000266,-0.000063,-0.017799,0.000527,-0.038547,0.000132
6708.792000,-0.545654,0.106365,0.209741,-1.604552,-1.603685,0.913098,0.000309,-0.000075,-0.021118,0.000629,-0.046063,0.000163
6708.800000,-0.545655,0.106354,0.209581,-1.604805,-1.603945,0.912933,0.000160,-0.000058,-0.016860,0.000494,-0.036500,0.000125
6708.808000,-0.545654,0.106363,0.209417,-1.605080,-1.604190,0.912619,0.000040,-0.000078,-0.020502,0.000631,-0.047827,0.000217
6708.816000,-0.545655,0.106371,0.209258,-1.605370,-1.604403,0.912351,-0.000044,-0.000080,-0.020900,0.000642,-0.049135,0.000229
6708.824000,-0.545662,0.106323,0.209100,-1.605482,-1.604671,0.912246,0.000487,-0.000041,-0.015489,0.000405,-0.027581,0.000001
6708.832000,-0.545653,0.106354,0.208947,-1.605778,-1.604904,0.911952,0.000134,-0.000080,-0.022360,0.000666,-0.049859,0.000193
6708.840000,-0.545651,0.106365,0.208756,-1.606117,-1.605179,0.911664,0.000265,-0.000080,-0.019901,0.000636,-0.047553,0.000233
6708.848000,-0.545651,0.106351,0.208638,-1.606233,-1.605423,0.911484,0.000026,-0.000073,-0.019166,0.000590,-0.044888,0.000207
6708.856000,-0.545648,0.106353,0.208473,-1.606525,-1.605647,0.911203,0.000171,-0.000071,-0.020657,0.000603,-0.044826,0.000155
6708.864000,-0.545649,0.106361,0.208275,-1.606817,-1.605957,0.910847,0.000240,-0.000062,-0.018837,0.000541,-0.039861,0.000122
6708.872000,-0.545648,0.106365,0.208128,-1.607065,-1.606211,0.910620,-0.000070,-0.000069,-0.020050,0.000583,-0.044663,0.000172
6708.880000,-0.545643,0.106370,0.208004,-1.607281,-1.606381,0.910451,0.000159,-0.000082,-0.020820,0.000655,-0.049643,0.000241
6708.888000,-0.545646,0.106358,0.207836,-1.607516,-1.606635,0.910197,0.000018,-0.000077,-0.020182,0.000621,-0.047520,0.000222
6708.896000,-0.545647,0.106333,0.207675,-1.607751,-1.606879,0.910001,0.000441,-0.000054,-0.018941,0.000511,-0.036132,0.000047
6708.904000,-0.545640,0.106364,0.207514,-1.607996,-1.607119,0.909705,0.000249,-0.000081,-0.021705,0.000666,-0.049945,0.000217
6708.912000,-0.545640,0.106357,0.207345,-1.608305,-1.607420,0.909406,-0.000053,-0.000074,-0.020564,0.000615,-0.047314,0.000205
6708.920000,-0.545639,0.106351,0.207170,-1.608552,-1.607733,0.909213,0.000124,-0.000075,-0.019409,0.000604,-0.045885,0.000217
6708.928000,-0.545644,0.106337,0.206999,-1.608803,-1.607941,0.908940,0.000225,-0.000060,-0.019380,0.000540,-0.039770,0.000101
6708.936000,-0.545642,0.106357,0.206832,-1.609089,-1.608179,0.908636,0.000146,-0.000069,-0.020989,0.000602,-0.045171,0.000150
6708.944000,-0.545637,0.106360,0.206660,-1.609334,-1.608498,0.908368,0.000148,-0.000083,-0.022195,0.000680,-0.051728,0.000234
6708.952000,-0.545636,0.106351,0.206515,-1.609569,-1.608757,0.908167,0.000095,-0.000084,-0.022013,0.000681,-0.052126,0.000248
6708.960000,-0.545635,0.106342,0.206353,-1.609766,-1.609023,0.907944,0.000390,-0.000063,-0.021720,0.000593,-0.043044,0.000085
6708.968000,-0.545633,0.106351,0.206156,-1.610141,-1.609253,0.907634,0.000390,-0.000056,-0.019252,0.000523,-0.037795,0.000068
6708.976000,-0.545629,0.106368,0.205971,-1.610404,-1.609540,0.907343,-0.000092,-0.000082,-0.021396,0.000661,-0.051728,0.000261
6708.984000,-0.545630,0.106345,0.205826,-1.610658,-1.609793,0.907082,-0.000014,-0.000094,-0.024116,0.000758,-0.058808,0.000304
6708.992000,-0.545627,0.106361,0.205632,-1.610882,-1.610078,0.906831,0.000566,-0.000064,-0.020700,0.000582,-0.041874,0.000097
6709.000000,-0.545624,0.106368,0.205464,-1.611212,-1.610333,0.906522,0.000135,-0.000078,-0.022843,0.000669,-0.050986,0.000198
6709.008000,-0.545632,0.106313,0.205287,-1.611459,-1.610720,0.906313,0.000186,-0.000086,-0.022945,0.000710,-0.053880,0.000250
6709.016000,-0.545625,0.106353,0.205074,-1.611873,-1.610992,0.905921,0.000198,-0.000084,-0.021829,0.000682,-0.052126,0.000255
6709.024000,-0.545620,0.106337,0.204944,-1.612043,-1.611204,0.905782,0.000105,-0.000085,-0.022665,0.000701,-0.053895,0.000260
6709.032000,-0.545623,0.106341,0.204737,-1.612319,-1.611517,0.905402,0.000193,-0.000064,-0.021923,0.000596,-0.044520,0.000106
6709.040000,-0.545622,0.106326,0.204553,-1.612626,-1.611837,0.905137,0.000073,-0.000069,-0.020411,0.000597,-0.045670,0.000179
6709.048000,-0.545618,0.106356,0.204380,-1.612894,-1.612109,0.904827,0.000122,-0.000079,-0.021678,0.000657,-0.050611,0.000231
6709.056000,-0.545621,0.106342,0.204187,-1.613218,-1.612396,0.904570,-0.000142,-0.000082,-0.024153,0.000705,-0.055280,0.000235
6709.064000,-0.545625,0.106310,0.204040,-1.613362,-1.612667,0.904373,0.000308,-0.000071,-0.021484,0.000627,-0.046849,0.000165
6709.072000,-0.545619,0.106333,0.203830,-1.613759,-1.612952,0.904055,0.000375,-0.000076,-0.023368,0.000677,-0.050511,0.000171
6709.080000,-0.545615,0.106341,0.203648,-1.614052,-1.613246,0.903712,0.000091,-0.000095,-0.024718,0.000775,-0.060246,0.000311
6709.088000,-0.545613,0.106341,0.203482,-1.614305,-1.613502,0.903458,0.000369,-0.000077,-0.022012,0.000660,-0.049653,0.000201
6709.096000,-0.545613,0.106335,0.203277,-1.614556,-1.613800,0.903162,0.000675,-0.000069,-0.023029,0.000646,-0.046605,0.000109
6709.104000,-0.545607,0.106346,0.203085,-1.614927,-1.614109,0.902839,0.000618,-0.000087,-0.025225,0.000755,-0.056033,0.000214
6709.112000,-0.545602,0.106348,0.202868,-1.615352,-1.614448,0.902440,0.000338,-0.000085,-0.023425,0.000715,-0.054412,0.000244
6709.120000,-0.545604,0.106336,0.202661,-1.615670,-1.614822,0.902182,0.000293,-0.000087,-0.023479,0.000726,-0.055620,0.000265
6709.128000,-0.545599,0.106344,0.202479,-1.615943,-1.615115,0.901841,0.000176,-0.000087,-0.023830,0.000728,-0.056382,0.000268
6709.136000,-0.545594,0.106366,0.202332,-1.616192,-1.615296,0.901553,0.000143,-0.000086,-0.022867,0.000709,-0.055309,0.000280
6709.144000,-0.545599,0.106317,0.202133,-1.616372,-1.615711,0.901308,0.000658,-0.000079,-0.023284,0.000696,-0.051158,0.000187
6709.152000,-0.545590,0.106335,0.201955,-1.616741,-1.615959,0.901022,0.000719,-0.000084,-0.023814,0.000727,-0.053665,0.000217
6709.160000,-0.545589,0.106317,0.201756,-1.617018,-1.616314,0.900687,0.000436,-0.000089,-0.024254,0.000751,-0.056919,0.000264
6709.168000,-0.545581,0.106328,0.201593,-1.617328,-1.616581,0.900406,0.000339,-0.000083,-0.022501,0.000697,-0.053358,0.000255
6709.176000,-0.545577,0.106352,0.201365,-1.617751,-1.616883,0.900050,0.000192,-0.000083,-0.023230,0.000705,-0.054786,0.000257
6709.184000,-0.545577,0.106333,0.201184,-1.618004,-1.617204,0.899765,0.000605,-0.000071,-0.021948,0.000640,-0.047290,0.000158
6709.192000,-0.545568,0.106341,0.201020,-1.618231,-1.617431,0.899486,0.000642,-0.000072,-0.022396,0.000654,-0.048258,0.000162
6709.200000,-0.545572,0.106307,0.200837,-1.618549,-1.617802,0.899219,0.000470,-0.000081,-0.023498,0.000707,-0.053272,0.000220
6709.208000,-0.545561,0.106339,0.200614,-1.618913,-1.618091,0.898846,0.000539,-0.000089,-0.023699,0.000743,-0.056478,0.000275
6709.216000,-0.545557,0.106343,0.200456,-1.619174,-1.618377,0.898586,0.000454,-0.000085,-0.022629,0.000710,-0.054316,0.000269
6709.224000,-0.545555,0.106336,0.200264,-1.619516,-1.618652,0.898302,0.000617,-0.000066,-0.021433,0.000611,-0.045076,0.000134
6709.232000,-0.545553,0.106322,0.200110,-1.619606,-1.618928,0.898094,0.000715,-0.000062,-0.021528,0.000600,-0.043523,0.000101
6709.240000,-0.545548,0.106321,0.199942,-1.619948,-1.619176,0.897837,0.000674,-0.000079,-0.021707,0.000676,-0.050477,0.000228
6709.248000,-0.545546,0.106307,0.199731,-1.620268,-1.619577,0.897476,0.000619,-0.000090,-0.024028,0.000762,-0.057652,0.000286
6709.256000,-0.545542,0.106310,0.199575,-1.620563,-1.619785,0.897206,0.000801,-0.000095,-0.023734,0.000782,-0.058697,0.000316
6709.264000,-0.545533,0.106326,0.199358,-1.620864,-1.620119,0.896883,0.000755,-0.000072,-0.022176,0.000657,-0.048436,0.000173
6709.272000,-0.545527,0.106307,0.199214,-1.621079,-1.620384,0.896652,0.000676,-0.000075,-0.022952,0.000682,-0.050645,0.000188
6709.280000,-0.545527,0.106308,0.199015,-1.621433,-1.620682,0.896313,0.000601,-0.000078,-0.022477,0.000686,-0.051599,0.000223
6709.288000,-0.545514,0.106315,0.198834,-1.621751,-1.621038,0.896023,0.000671,-0.000087,-0.023288,0.000739,-0.055951,0.000279
6709.296000,-0.545514,0.106317,0.198638,-1.622019,-1.621334,0.895675,0.000644,-0.000089,-0.023301,0.000744,-0.056574,0.000290
6709.304000,-0.545507,0.106304,0.198438,-1.622303,-1.621620,0.895419,0.001003,-0.000065,-0.021400,0.000622,-0.044371,0.000122
6709.312000,-0.545499,0.106325,0.198306,-1.622552,-1.621792,0.895156,0.000800,-0.000071,-0.021773,0.000648,-0.047721,0.000173
6709.320000,-0.545497,0.106303,0.198138,-1.622820,-1.622123,0.894915,0.000595,-0.000084,-0.020808,0.000687,-0.052418,0.000295
6709.328000,-0.545481,0.106327,0.197950,-1.623163,-1.622382,0.894604,0.001092,-0.000063,-0.021789,0.000618,-0.043724,0.000097
6709.336000,-0.545480,0.106314,0.197771,-1.623446,-1.622677,0.894323,0.001045,-0.000077,-0.021768,0.000679,-0.049447,0.000207
6709.344000,-0.545472,0.106325,0.197582,-1.623743,-1.622958,0.894045,0.000836,-0.000080,-0.022520,0.000700,-0.052246,0.000234
6709.352000,-0.545464,0.106325,0.197413,-1.624059,-1.623288,0.893699,0.000878,-0.000082,-0.020916,0.000683,-0.051066,0.000266
6709.360000,-0.545459,0.106324,0.197249,-1.624302,-1.623543,0.893463,0.000511,-0.000078,-0.020521,0.000655,-0.050458,0.000267
6709.368000,-0.545450,0.106332,0.197093,-1.624531,-1.623754,0.893197,0.000908,-0.000058,-0.018456,0.000544,-0.039170,0.000123
6709.376000,-0.545445,0.106330,0.196924,-1.624756,-1.624049,0.892927,0.000907,-0.000061,-0.019608,0.000574,-0.041581,0.000129
6709.384000,-0.545439,0.106327,0.196754,-1.625067,-1.624346,0.892665,0.000777,-0.000089,-0.021869,0.000729,-0.055620,0.000321
6709.392000,-0.545435,0.106319,0.196596,-1.625327,-1.624575,0.892371,0.000961,-0.000075,-0.020942,0.000657,-0.048382,0.000214
6709.400000,-0.545423,0.106336,0.196401,-1.625659,-1.624853,0.892077,0.001094,-0.000069,-0.020116,0.000622,-0.044994,0.000178
6709.408000,-0.545419,0.106313,0.196239,-1.625908,-1.625184,0.891837,0.001051,-0.000077,-0.021305,0.000677,-0.049758,0.000228
6709.416000,-0.545417,0.106294,0.196083,-1.626159,-1.625507,0.891550,0.000695,-0.000081,-0.020348,0.000674,-0.051411,0.000292
6709.424000,-0.545404,0.106321,0.195933,-1.626399,-1.625699,0.891271,0.000749,-0.000084,-0.021048,0.000697,-0.053319,0.000304
6709.432000,-0.545397,0.106313,0.195772,-1.626606,-1.625957,0.891051,0.001206,-0.000066,-0.020813,0.000625,-0.044539,0.000145
6709.440000,-0.545389,0.106326,0.195601,-1.626944,-1.626190,0.890757,0.001198,-0.000077,-0.020369,0.000663,-0.048258,0.000232
6709.448000,-0.545381,0.106310,0.195420,-1.627244,-1.626574,0.890448,0.001032,-0.000076,-0.020659,0.000661,-0.048756,0.000231
6709.456000,-0.545376,0.106292,0.195263,-1.627550,-1.626824,0.890201,0.000805,-0.000074,-0.020231,0.000646,-0.048564,0.000241
6709.464000,-0.545371,0.106307,0.195099,-1.627769,-1.627072,0.889869,0.000848,-0.000071,-0.018284,0.000603,-0.045180,0.000243
6709.472000,-0.545365,0.106291,0.194915,-1.628044,-1.627440,0.889595,0.000937,-0.000062,-0.019993,0.000594,-0.043307,0.000149
6709.480000,-0.545354,0.106305,0.194791,-1.628220,-1.627556,0.889403,0.001308,-0.000058,-0.019158,0.000568,-0.039501,0.000106
6709.488000,-0.545341,0.106315,0.194646,-1.628528,-1.627822,0.889157,0.001032,-0.000072,-0.019371,0.000624,-0.046015,0.000222
6709.496000,-0.545335,0.106327,0.194492,-1.628800,-1.628038,0.888903,0.000901,-0.000076,-0.020294,0.000653,-0.049240,0.000252
6709.504000,-0.545327,0.106314,0.194345,-1.628992,-1.628290,0.888685,0.001087,-0.000077,-0.019017,0.000644,-0.047754,0.000268
6709.512000,-0.545323,0.106281,0.194188,-1.629176,-1.628594,0.888469,0.001022,-0.000064,-0.019570,0.000597,-0.043426,0.000166
6709.520000,-0.545308,0.106314,0.194043,-1.629471,-1.628784,0.888171,0.001200,-0.000070,-0.017629,0.000596,-0.043249,0.000229
6709.528000,-0.545301,0.106308,0.193895,-1.629717,-1.629051,0.887884,0.001068,-0.000076,-0.020716,0.000667,-0.049514,0.000243
6709.536000,-0.545291,0.106328,0.193746,-1.629964,-1.629221,0.887657,0.001465,-0.000085,-0.019684,0.000696,-0.050707,0.000302
6709.544000,-0.545284,0.106314,0.193583,-1.630245,-1.629525,0.887385,0.001316,-0.000059,-0.018336,0.000563,-0.039587,0.000135
6709.552000,-0.545273,0.106311,0.193419,-1.630487,-1.629770,0.887174,0.001161,-0.000061,-0.019378,0.000581,-0.041715,0.000140
6709.560000,-0.545267,0.106309,0.193283,-1.630733,-1.630001,0.886976,0.000910,-0.000063,-0.017539,0.000558,-0.041442,0.000197
6709.568000,-0.545258,0.106319,0.193124,-1.631004,-1.630253,0.886632,0.001007,-0.000076,-0.020132,0.000656,-0.049298,0.000259
6709.576000,-0.545251,0.106301,0.192973,-1.631183,-1.630513,0.886481,0.001279,-0.000066,-0.019116,0.000602,-0.043201,0.000178
6709.584000,-0.545241,0.106295,0.192799,-1.631435,-1.630837,0.886160,0.001242,-0.000071,-0.019286,0.000628,-0.045660,0.000219
6709.592000,-0.545232,0.106316,0.192677,-1.631691,-1.630976,0.885924,0.001101,-0.000069,-0.018233,0.000599,-0.044179,0.000226
6709.600000,-0.545225,0.106296,0.192522,-1.631911,-1.631298,0.885657,0.001275,-0.000076,-0.019252,0.000649,-0.047495,0.000255
6709.608000,-0.545213,0.106300,0.192372,-1.632160,-1.631491,0.885476,0.001308,-0.000058,-0.018098,0.000554,-0.039017,0.000132
6709.616000,-0.545203,0.106279,0.192247,-1.632303,-1.631763,0.885280,0.001403,-0.000056,-0.016603,0.000530,-0.036721,0.000140
6709.624000,-0.545197,0.106291,0.192114,-1.632600,-1.631947,0.885052,0.001059,-0.000067,-0.018774,0.000599,-0.044203,0.000208
6709.632000,-0.545187,0.106292,0.191963,-1.632819,-1.632176,0.884802,0.001298,-0.000070,-0.016430,0.000582,-0.042165,0.000249
6709.640000,-0.545170,0.106314,0.191829,-1.633051,-1.632340,0.884527,0.001458,-0.000054,-0.018756,0.000552,-0.038116,0.000093
6709.648000,-0.545161,0.106306,0.191658,-1.633300,-1.632621,0.884279,0.001580,-0.000061,-0.017791,0.000568,-0.039299,0.000149
6709.656000,-0.545146,0.106316,0.191533,-1.633523,-1.632829,0.884074,0.001089,-0.000065,-0.017879,0.000578,-0.042746,0.000210
6709.664000,-0.545144,0.106298,0.191411,-1.633727,-1.633044,0.883885,0.001156,-0.000069,-0.017598,0.000594,-0.043809,0.000240
6709.672000,-0.545132,0.106310,0.191264,-1.633984,-1.633284,0.883610,0.001319,-0.000063,-0.019018,0.000593,-0.042612,0.000170
6709.680000,-0.545120,0.106298,0.191106,-1.634173,-1.633553,0.883340,0.001727,-0.000063,-0.017025,0.000572,-0.039184,0.000173
6709.688000,-0.545111,0.106300,0.190952,-1.634410,-1.633853,0.883102,0.001183,-0.000061,-0.018022,0.000568,-0.041284,0.000178
6709.696000,-0.545104,0.106275,0.190808,-1.634670,-1.634147,0.882853,0.001528,-0.000070,-0.015998,0.000584,-0.041470,0.000251
6709.704000,-0.545096,0.106274,0.190703,-1.634882,-1.634303,0.882688,0.001156,-0.000074,-0.017801,0.000622,-0.046378,0.000282
6709.712000,-0.545081,0.106295,0.190575,-1.635067,-1.634408,0.882488,0.001606,-0.000031,-0.013266,0.000372,-0.022471,-0.000018
6709.720000,-0.545073,0.106274,0.190468,-1.635212,-1.634664,0.882306,0.000994,-0.000058,-0.018111,0.000553,-0.040809,0.000165
6709.728000,-0.545060,0.106294,0.190300,-1.635573,-1.634901,0.881988,0.001922,-0.000070,-0.015068,0.000577,-0.039390,0.000244
6709.736000,-0.545051,0.106294,0.190156,-1.635774,-1.635164,0.881729,0.001039,-0.000070,-0.019732,0.000629,-0.047285,0.000234
6709.744000,-0.545034,0.106304,0.190046,-1.636011,-1.635346,0.881545,0.001626,-0.000075,-0.014815,0.000589,-0.042232,0.000306
6709.752000,-0.545025,0.106296,0.189905,-1.636177,-1.635562,0.881363,0.001074,-0.000037,-0.017323,0.000453,-0.031588,0.000016
6709.760000,-0.545021,0.106271,0.189782,-1.636341,-1.635797,0.881176,0.001575,-0.000061,-0.014098,0.000516,-0.035757,0.000207
6709.768000,-0.545015,0.106257,0.189621,-1.636605,-1.636124,0.880883,0.000601,-0.000060,-0.019855,0.000583,-0.045104,0.000187
6709.776000,-0.544997,0.106297,0.189494,-1.636899,-1.636253,0.880623,0.001677,-0.000073,-0.015458,0.000591,-0.042002,0.000280
6709.784000,-0.544985,0.106287,0.189391,-1.637030,-1.636436,0.880513,0.001124,-0.000043,-0.017124,0.000475,-0.033510,0.000060
6709.792000,-0.544974,0.106300,0.189271,-1.637221,-1.636618,0.880278,0.001662,-0.000062,-0.014438,0.000526,-0.036409,0.000208
6709.800000,-0.544965,0.106290,0.189122,-1.637486,-1.636855,0.880009,0.001060,-0.000070,-0.020370,0.000644,-0.048665,0.000238
6709.808000,-0.544955,0.106268,0.189005,-1.637617,-1.637127,0.879832,0.001764,-0.000046,-0.013906,0.000457,-0.029540,0.000095
6709.816000,-0.544943,0.106262,0.188902,-1.637768,-1.637270,0.879682,0.001117,-0.000040,-0.017716,0.000477,-0.033481,0.000039
6709.824000,-0.544927,0.106293,0.188775,-1.638027,-1.637443,0.879439,0.001377,-0.000056,-0.013999,0.000491,-0.034798,0.000191
6709.832000,-0.544920,0.106286,0.188653,-1.638256,-1.637676,0.879218,0.000936,-0.000059,-0.017162,0.000544,-0.041054,0.000202
6709.840000,-0.544908,0.106280,0.188548,-1.638393,-1.637843,0.879048,0.001929,-0.000055,-0.014104,0.000501,-0.032876,0.000152
6709.848000,-0.544897,0.106262,0.188420,-1.638565,-1.638075,0.878828,0.001369,-0.000051,-0.018919,0.000548,-0.038552,0.000095
6709.856000,-0.544888,0.106279,0.188283,-1.638843,-1.638279,0.878604,0.001559,-0.000059,-0.013851,0.000507,-0.035445,0.000209
6709.864000,-0.544873,0.106280,0.188184,-1.639037,-1.638435,0.878403,0.001106,-0.000059,-0.015805,0.000526,-0.038925,0.000207
6709.872000,-0.544865,0.106280,0.188036,-1.639225,-1.638664,0.878175,0.001622,-0.000038,-0.012054,0.000389,-0.024685,0.000065
6709.880000,-0.544851,0.106265,0.187945,-1.639331,-1.638850,0.878061,0.001665,-0.000042,-0.013162,0.000427,-0.027614,0.000083
6709.888000,-0.544836,0.106295,0.187810,-1.639669,-1.639057,0.877797,0.001424,-0.000054,-0.012965,0.000467,-0.032785,0.000188
6709.896000,-0.544821,0.106295,0.187705,-1.639846,-1.639246,0.877588,0.001467,-0.000066,-0.016023,0.000569,-0.041231,0.000245
6709.904000,-0.544815,0.106277,0.187598,-1.639998,-1.639378,0.877459,0.001680,-0.000050,-0.014271,0.000476,-0.031865,0.000126
6709.912000,-0.544792,0.106302,0.187487,-1.640184,-1.639538,0.877250,0.001572,-0.000041,-0.010007,0.000369,-0.023793,0.000117
6709.920000,-0.544795,0.106255,0.187395,-1.640275,-1.639798,0.877130,0.001196,-0.000059,-0.016896,0.000547,-0.040167,0.000194
6709.928000,-0.544771,0.106303,0.187293,-1.640503,-1.639899,0.876851,0.001650,-0.000044,-0.010444,0.000388,-0.025106,0.000128
6709.936000,-0.544763,0.106291,0.187167,-1.640694,-1.640061,0.876693,0.001179,-0.000035,-0.013922,0.000398,-0.027365,0.000051
6709.944000,-0.544753,0.106260,0.187075,-1.640783,-1.640312,0.876592,0.002088,-0.000069,-0.014397,0.000572,-0.038814,0.000256
6709.952000,-0.544737,0.106292,0.186975,-1.641005,-1.640419,0.876392,0.001246,-0.000054,-0.015814,0.000510,-0.037023,0.000171
6709.960000,-0.544727,0.106280,0.186880,-1.641122,-1.640605,0.876222,0.001405,-0.000040,-0.012956,0.000409,-0.027527,0.000088
6709.968000,-0.544709,0.106285,0.186770,-1.641314,-1.640791,0.876035,0.001485,-0.000039,-0.012351,0.000398,-0.026343,0.000086
6709.976000,-0.544705,0.106276,0.186663,-1.641464,-1.640982,0.875897,0.001345,-0.000045,-0.011859,0.000411,-0.028351,0.000140
6709.984000,-0.544693,0.106281,0.186551,-1.641748,-1.641139,0.875630,0.001470,-0.000047,-0.009201,0.000381,-0.025724,0.000181
6709.992000,-0.544686,0.106271,0.186436,-1.641884,-1.641347,0.875497,0.001469,-0.000049,-0.017435,0.000519,-0.036280,0.000102
6710.000000,-0.544664,0.106286,0.186374,-1.641994,-1.641398,0.875369,0.001841,-0.000038,-0.010463,0.000369,-0.022408,0.000076
6710.008000,-0.544657,0.106278,0.186238,-1.642203,-1.641680,0.875124,0.001259,-0.000061,-0.018026,0.000577,-0.042717,0.000204
6710.016000,-0.544644,0.106286,0.186152,-1.642389,-1.641808,0.874935,0.001748,-0.000062,-0.012786,0.000509,-0.035339,0.000243
6710.024000,-0.544636,0.106251,0.186052,-1.642446,-1.642004,0.874863,0.001407,-0.000029,-0.014468,0.000390,-0.025289,-0.000006
6710.032000,-0.544616,0.106290,0.185949,-1.642677,-1.642100,0.874657,0.001676,-0.000053,-0.013423,0.000477,-0.032593,0.000169
6710.040000,-0.544607,0.106256,0.185852,-1.642819,-1.642404,0.874444,0.001525,-0.000049,-0.010222,0.000407,-0.027603,0.000182
6710.048000,-0.544597,0.106277,0.185728,-1.643046,-1.642484,0.874279,0.001340,-0.000046,-0.013839,0.000446,-0.031285,0.000129
6710.056000,-0.544582,0.106257,0.185651,-1.643151,-1.642649,0.874163,0.002384,-0.000052,-0.011159,0.000457,-0.027704,0.000155
6710.064000,-0.544572,0.106246,0.185547,-1.643284,-1.642865,0.874041,0.001251,-0.000052,-0.017540,0.000533,-0.038700,0.000144
6710.072000,-0.544556,0.106269,0.185423,-1.643596,-1.643062,0.873708,0.001755,-0.000064,-0.014415,0.000545,-0.038297,0.000244
6710.080000,-0.544540,0.106271,0.185341,-1.643677,-1.643164,0.873663,0.001734,-0.000021,-0.007083,0.000246,-0.012381,-0.000000
6710.088000,-0.544529,0.106275,0.185235,-1.643820,-1.643287,0.873460,0.001494,-0.000027,-0.011048,0.000328,-0.020247,0.000014
6710.096000,-0.544510,0.106288,0.185143,-1.644025,-1.643445,0.873244,0.001736,-0.000054,-0.011721,0.000459,-0.031213,0.000200
6710.104000,-0.544503,0.106267,0.185062,-1.644120,-1.643652,0.873111,0.001079,-0.000048,-0.013542,0.000448,-0.032924,0.000169
6710.112000,-0.544492,0.106251,0.184954,-1.644261,-1.643804,0.873040,0.001975,-0.000032,-0.012316,0.000382,-0.022480,0.000015
6710.120000,-0.544478,0.106254,0.184863,-1.644405,-1.644019,0.872775,0.001623,-0.000043,-0.009865,0.000383,-0.025010,0.000145
6710.128000,-0.544466,0.106263,0.184752,-1.644624,-1.644192,0.872617,0.001136,-0.000053,-0.015402,0.000499,-0.037037,0.000185
6710.136000,-0.544447,0.106283,0.184672,-1.644815,-1.644257,0.872471,0.002051,-0.000042,-0.009268,0.000374,-0.022384,0.000117
6710.144000,-0.544437,0.106271,0.184613,-1.644877,-1.644328,0.872409,0.001209,-0.000030,-0.013548,0.000372,-0.025241,0.000023
6710.176000,-0.544393,0.106243,0.184267,-1.645362,-1.644989,0.871833,0.001913,-0.000048,-0.012384,0.000451,-0.029339,0.000143
6710.184000,-0.544372,0.106260,0.184187,-1.645570,-1.645143,0.871661,0.001652,-0.000049,-0.010246,0.000415,-0.027977,0.000189
6710.192000,-0.544365,0.106250,0.184134,-1.645661,-1.645224,0.871551,0.001735,-0.000055,-0.010625,0.000447,-0.030369,0.000221
6710.200000,-0.544353,0.106227,0.184042,-1.645715,-1.645347,0.871532,0.001676,-0.000008,-0.008326,0.000209,-0.008849,-0.000110
6710.208000,-0.544336,0.106250,0.183926,-1.645959,-1.645494,0.871251,0.001755,-0.000041,-0.010980,0.000395,-0.025313,0.000113
6710.216000,-0.544324,0.106250,0.183864,-1.646039,-1.645675,0.871079,0.001841,-0.000056,-0.011343,0.000465,-0.031409,0.000217
6710.224000,-0.544306,0.106273,0.183807,-1.646233,-1.645695,0.871012,0.001552,-0.000048,-0.009539,0.000397,-0.027066,0.000195
6710.232000,-0.544293,0.106269,0.183727,-1.646288,-1.645787,0.870898,0.002028,-0.000021,-0.010735,0.000313,-0.016379,-0.000048
6710.240000,-0.544280,0.106258,0.183619,-1.646460,-1.646003,0.870772,0.001642,-0.000044,-0.009790,0.000385,-0.025346,0.000154
6710.248000,-0.544266,0.106268,0.183550,-1.646641,-1.646107,0.870567,0.001630,-0.000049,-0.010064,0.000410,-0.027757,0.000190
6710.256000,-0.544252,0.106260,0.183482,-1.646721,-1.646258,0.870454,0.001760,-0.000042,-0.010419,0.000390,-0.025058,0.000127
6710.264000,-0.544236,0.106259,0.183383,-1.646782,-1.646388,0.870346,0.001737,-0.000031,-0.009717,0.000332,-0.019954,0.000054
6710.272000,-0.544225,0.106263,0.183300,-1.646953,-1.646623,0.870137,0.001731,-0.000047,-0.010670,0.000413,-0.027450,0.000164
6710.280000,-0.544213,0.106265,0.183228,-1.647166,-1.646690,0.869994,0.001418,-0.000042,-0.008589,0.000350,-0.023644,0.000162
6710.288000,-0.544205,0.106234,0.183191,-1.647174,-1.646746,0.869998,0.001901,-0.000021,-0.007865,0.000263,-0.013037,-0.000014
6710.296000,-0.544183,0.106260,0.183088,-1.647293,-1.646856,0.869804,0.001567,-0.000033,-0.009722,0.000338,-0.021368,0.000080
6710.304000,-0.544170,0.106275,0.183009,-1.647535,-1.647035,0.869661,0.001541,-0.000044,-0.009598,0.000381,-0.025753,0.000168
6710.312000,-0.544159,0.106259,0.182933,-1.647635,-1.647135,0.869529,0.001666,-0.000049,-0.010101,0.000414,-0.027972,0.000193
6710.320000,-0.544141,0.106282,0.182861,-1.647781,-1.647245,0.869388,0.001546,-0.000018,-0.007206,0.000231,-0.012103,-0.000010
6710.328000,-0.544132,0.106241,0.182814,-1.647758,-1.647420,0.869360,0.001768,-0.000035,-0.009346,0.000345,-0.021162,0.000090
6710.336000,-0.544122,0.106244,0.182697,-1.648002,-1.647617,0.869097,0.001761,-0.000048,-0.010270,0.000416,-0.027608,0.000181
6710.344000,-0.544107,0.106236,0.182630,-1.648065,-1.647751,0.869002,0.001596,-0.000047,-0.009699,0.000398,-0.026927,0.000187
6710.352000,-0.544082,0.106276,0.182573,-1.648231,-1.647690,0.868924,0.002021,-0.000027,-0.009042,0.000312,-0.016958,0.000021
6710.360000,-0.544079,0.106241,0.182475,-1.648360,-1.647960,0.868778,0.001614,-0.000042,-0.008887,0.000362,-0.023735,0.000154
6710.368000,-0.544061,0.106268,0.182461,-1.648436,-1.647989,0.868664,0.001473,-0.000039,-0.008069,0.000334,-0.022082,0.000150
6710.376000,-0.544044,0.106260,0.182391,-1.648498,-1.648082,0.868604,0.001978,-0.000024,-0.007863,0.000277,-0.014135,0.000007
6710.384000,-0.544035,0.106253,0.182362,-1.648562,-1.648127,0.868571,0.001456,-0.000033,-0.007254,0.000295,-0.018655,0.000112
6710.392000,-0.544028,0.106240,0.182287,-1.648678,-1.648264,0.868462,0.001520,-0.000033,-0.007385,0.000300,-0.018750,0.000110
6710.400000,-0.544015,0.106243,0.182211,-1.648748,-1.648404,0.868272,0.002079,-0.000036,-0.009117,0.000356,-0.020701,0.000089
6710.408000,-0.543995,0.106254,0.182144,-1.648921,-1.648471,0.868177,0.001971,-0.000034,-0.008656,0.000337,-0.019647,0.000085
6710.416000,-0.543975,0.106265,0.182065,-1.649049,-1.648661,0.867997,0.001697,-0.000044,-0.008789,0.000373,-0.024464,0.000171
6710.424000,-0.543963,0.106259,0.182006,-1.649166,-1.648729,0.867916,0.001963,-0.000026,-0.007848,0.000287,-0.015165,0.000027
6710.432000,-0.543951,0.106239,0.181930,-1.649285,-1.648870,0.867819,0.001511,-0.000019,-0.006044,0.000218,-0.011355,0.000015
6710.440000,-0.543939,0.106264,0.181871,-1.649414,-1.648972,0.867669,0.001633,-0.000042,-0.008403,0.000355,-0.023242,0.000161
6710.448000,-0.543931,0.106239,0.181807,-1.649477,-1.649125,0.867565,0.001317,-0.000033,-0.006794,0.000285,-0.018568,0.000126
6710.456000,-0.543913,0.106261,0.181765,-1.649544,-1.649082,0.867493,0.001915,-0.000020,-0.007202,0.000252,-0.012270,-0.000006
6710.464000,-0.543897,0.106280,0.181687,-1.649725,-1.649187,0.867330,0.001905,-0.000036,-0.008574,0.000342,-0.020581,0.000105
6710.472000,-0.543887,0.106260,0.181646,-1.649791,-1.649345,0.867243,0.001404,-0.000034,-0.006983,0.000293,-0.018846,0.000125
6710.480000,-0.543875,0.106252,0.181593,-1.649899,-1.649405,0.867208,0.002046,-0.000018,-0.007289,0.000250,-0.011379,-0.000026
6710.488000,-0.543863,0.106236,0.181547,-1.649906,-1.649542,0.867169,0.001694,-0.000031,-0.007455,0.000297,-0.017595,0.000086
6710.496000,-0.543844,0.106257,0.181469,-1.650046,-1.649664,0.866959,0.001624,-0.000037,-0.007821,0.000327,-0.020811,0.000134
6710.504000,-0.543830,0.106256,0.181423,-1.650155,-1.649705,0.866926,0.002189,-0.000026,-0.008270,0.000301,-0.015309,0.000016
6710.512000,-0.543809,0.106275,0.181364,-1.650209,-1.649760,0.866822,0.001558,-0.000016,-0.005479,0.000196,-0.009318,-0.000005
6710.520000,-0.543807,0.106254,0.181304,-1.650381,-1.649925,0.866716,0.001831,-0.000046,-0.008898,0.000387,-0.025207,0.000182
6710.528000,-0.543791,0.106258,0.181246,-1.650421,-1.650025,0.866547,0.001669,-0.000022,-0.006315,0.000239,-0.012577,0.000029
6710.536000,-0.543781,0.106238,0.181220,-1.650388,-1.650050,0.866572,0.002120,-0.000021,-0.007463,0.000268,-0.012697,-0.000006
6710.544000,-0.543762,0.106262,0.181160,-1.650578,-1.650186,0.866404,0.001984,-0.000047,-0.008715,0.000391,-0.024861,0.000182
6710.552000,-0.543751,0.106249,0.181093,-1.650655,-1.650323,0.866300,0.001571,-0.000035,-0.005706,0.000283,-0.017494,0.000143
6710.560000,-0.543733,0.106237,0.181061,-1.650744,-1.650313,0.866289,0.002257,-0.000024,-0.006550,0.000270,-0.012438,0.000020
6710.568000,-0.543722,0.106255,0.181004,-1.650807,-1.650418,0.866178,0.001278,-0.000015,-0.003015,0.000147,-0.006667,0.000028
6710.576000,-0.543706,0.106264,0.180995,-1.650839,-1.650440,0.866084,0.001549,-0.000034,-0.005382,0.000274,-0.016809,0.000141
6710.584000,-0.543693,0.106254,0.180914,-1.650925,-1.650557,0.866036,0.002478,-0.000021,-0.006371,0.000257,-0.010180,-0.000016
6710.592000,-0.543679,0.106262,0.180873,-1.651050,-1.650594,0.865952,0.001399,-0.000013,-0.002813,0.000137,-0.005148,0.000006
6710.600000,-0.543670,0.106234,0.180856,-1.651024,-1.650739,0.865905,0.002208,-0.000048,-0.008133,0.000396,-0.024310,0.000191
6710.608000,-0.543653,0.106248,0.180796,-1.651167,-1.650815,0.865769,0.001735,-0.000039,-0.005498,0.000301,-0.018424,0.000168
6710.616000,-0.543632,0.106266,0.180747,-1.651254,-1.650854,0.865694,0.002363,-0.000002,-0.003738,0.000133,0.000355,-0.000127
6710.624000,-0.543624,0.106246,0.180703,-1.651320,-1.650971,0.865645,0.002183,-0.000039,-0.007817,0.000352,-0.020428,0.000128
6710.632000,-0.543608,0.106244,0.180624,-1.651532,-1.651118,0.865503,0.001485,-0.000023,-0.000966,0.000151,-0.006590,0.000096
6710.640000,-0.543596,0.106245,0.180627,-1.651518,-1.651094,0.865508,0.002244,-0.000018,-0.005252,0.000221,-0.008220,-0.000016
6710.648000,-0.543579,0.106234,0.180583,-1.651511,-1.651166,0.865435,0.001535,0.000005,-0.002305,0.000057,0.003034,-0.000131
6710.656000,-0.543565,0.106233,0.180581,-1.651503,-1.651248,0.865382,0.001983,-0.000030,-0.001706,0.000210,-0.009499,0.000128
6710.664000,-0.543555,0.106246,0.180534,-1.651633,-1.651292,0.865277,0.001706,-0.000039,-0.006030,0.000309,-0.019177,0.000164
6710.672000,-0.543534,0.106252,0.180494,-1.651733,-1.651303,0.865255,0.002315,-0.000000,0.000072,0.000062,0.005934,-0.000103
6710.680000,-0.543518,0.106260,0.180472,-1.651752,-1.651342,0.865165,0.002118,-0.000033,-0.004855,0.000276,-0.014288,0.000112
6710.688000,-0.543509,0.106245,0.180410,-1.651832,-1.651505,0.865076,0.001345,-0.000027,-0.004462,0.000224,-0.013382,0.000106
6710.696000,-0.543494,0.106225,0.180398,-1.651857,-1.651530,0.865094,0.002551,0.000000,0.000149,0.000064,0.006850,-0.000117
6710.704000,-0.543479,0.106246,0.180373,-1.651869,-1.651512,0.865044,0.001286,-0.000004,-0.001477,0.000074,-0.000144,-0.000044
6710.712000,-0.543468,0.106243,0.180340,-1.651981,-1.651627,0.864963,0.001873,-0.000043,-0.007354,0.000352,-0.022124,0.000175
6710.720000,-0.543448,0.106253,0.180306,-1.652040,-1.651657,0.864857,0.001841,0.000002,-0.000147,0.000042,0.005460,-0.000103
6710.728000,-0.543435,0.106265,0.180274,-1.652032,-1.651658,0.864844,0.001757,0.000000,-0.002960,0.000094,0.000800,-0.000110
6710.736000,-0.543420,0.106264,0.180295,-1.652063,-1.651642,0.864873,0.002378,-0.000038,-0.001570,0.000250,-0.011406,0.000170
6710.744000,-0.543409,0.106251,0.180240,-1.652177,-1.651789,0.864738,0.001033,-0.000017,-0.002240,0.000136,-0.007122,0.000062
6710.752000,-0.543391,0.106246,0.180254,-1.652101,-1.651701,0.864821,0.002927,-0.000011,-0.000402,0.000133,0.002373,-0.000050
6710.760000,-0.543385,0.106232,0.180181,-1.652242,-1.651864,0.864687,0.001367,-0.000018,-0.002277,0.000149,-0.006633,0.000052
6710.768000,-0.543363,0.106260,0.180184,-1.652294,-1.651818,0.864624,0.002171,-0.000038,-0.002089,0.000254,-0.012691,0.000176
6710.776000,-0.543349,0.106242,0.180177,-1.652227,-1.651882,0.864697,0.002002,-0.000013,-0.001968,0.000143,-0.002928,-0.000005
6710.784000,-0.543340,0.106229,0.180141,-1.652295,-1.651970,0.864638,0.001307,-0.000012,-0.002824,0.000133,-0.005320,0.000009
6710.792000,-0.543321,0.106245,0.180108,-1.652402,-1.652031,0.864485,0.002210,-0.000042,-0.003297,0.000291,-0.015730,0.000192
6710.800000,-0.543306,0.106269,0.180094,-1.652443,-1.651993,0.864489,0.001423,0.000033,0.001482,-0.000127,0.019124,-0.000308
6710.808000,-0.543292,0.106248,0.180091,-1.652424,-1.652044,0.864509,0.002858,-0.000036,0.000054,0.000229,-0.007294,0.000148
6710.816000,-0.543280,0.106248,0.180060,-1.652466,-1.652167,0.864393,0.001469,-0.000026,-0.002771,0.000193,-0.010295,0.000105
6710.824000,-0.543257,0.106264,0.180040,-1.652496,-1.652128,0.864337,0.002764,0.000012,0.005462,-0.000064,0.018905,-0.000165
6710.832000,-0.543249,0.106223,0.180054,-1.652429,-1.652181,0.864425,0.001996,-0.000029,-0.004479,0.000252,-0.012716,0.000095
6710.840000,-0.543233,0.106256,0.180007,-1.652604,-1.652189,0.864301,0.001306,-0.000007,0.004119,-0.000000,0.005609,0.000037
6710.848000,-0.543213,0.106249,0.180022,-1.652532,-1.652176,0.864335,0.002621,-0.000009,-0.003192,0.000162,-0.001251,-0.000077
6710.856000,-0.543205,0.106248,0.179998,-1.652550,-1.652225,0.864307,0.001126,0.000008,0.004414,-0.000075,0.011777,-0.000070
6710.864000,-0.543188,0.106255,0.180002,-1.652623,-1.652231,0.864259,0.002263,-0.000045,-0.004420,0.000323,-0.018227,0.000202
6710.872000,-0.543178,0.106248,0.180000,-1.652595,-1.652192,0.864329,0.001538,0.000017,0.000025,-0.000032,0.010899,-0.000201
6710.880000,-0.543157,0.106255,0.180001,-1.652574,-1.652223,0.864271,0.002046,-0.000006,0.004762,0.000003,0.008945,-0.000002
6710.888000,-0.543148,0.106246,0.179958,-1.652671,-1.652332,0.864231,0.001792,-0.000036,-0.005087,0.000286,-0.016866,0.000152
6710.896000,-0.543127,0.106275,0.179970,-1.652679,-1.652270,0.864169,0.001843,0.000003,0.006817,-0.000073,0.014706,-0.000042
6710.904000,-0.543117,0.106246,0.179955,-1.652651,-1.652332,0.864231,0.002428,-0.000026,-0.005534,0.000265,-0.011570,0.000038
6710.912000,-0.543103,0.106240,0.179962,-1.652715,-1.652370,0.864187,0.001440,0.000002,0.008880,-0.000115,0.015996,0.000002
6710.920000,-0.543090,0.106260,0.179934,-1.652759,-1.652385,0.864103,0.001488,-0.000029,-0.003755,0.000223,-0.012826,0.000120
6710.928000,-0.543076,0.106240,0.179952,-1.652659,-1.652353,0.864207,0.001875,0.000018,0.006748,-0.000135,0.020750,-0.000159
6710.936000,-0.543060,0.106246,0.179966,-1.652713,-1.652351,0.864187,0.001231,-0.000013,-0.001823,0.000118,-0.004520,0.000027
6710.944000,-0.543047,0.106262,0.179943,-1.652781,-1.652370,0.864076,0.002098,-0.000027,0.002269,0.000137,-0.003013,0.000140
6710.952000,-0.543029,0.106280,0.179958,-1.652715,-1.652252,0.864161,0.001236,0.000013,0.002049,-0.000056,0.011211,-0.000139
6710.960000,-0.543020,0.106248,0.179988,-1.652683,-1.652302,0.864196,0.002752,-0.000041,-0.001825,0.000280,-0.012269,0.000178
6710.968000,-0.543001,0.106266,0.179986,-1.652750,-1.652301,0.864161,0.001082,-0.000006,0.002373,0.000017,0.003289,0.000021
6710.976000,-0.542994,0.106243,0.179990,-1.652643,-1.652282,0.864196,0.003000,-0.000023,-0.002182,0.000218,-0.004998,0.000029
6710.984000,-0.542977,0.106248,0.179996,-1.652655,-1.652295,0.864204,0.001817,-0.000019,-0.001379,0.000151,-0.004874,0.000051
6710.992000,-0.542961,0.106246,0.179996,-1.652680,-1.652312,0.864204,0.001804,-0.000003,0.008474,-0.000076,0.014261,0.000022
6711.000000,-0.542953,0.106217,0.180003,-1.652609,-1.652329,0.864217,0.002636,-0.000030,-0.003834,0.000265,-0.010851,0.000083
6711.008000,-0.542936,0.106226,0.180002,-1.652608,-1.652330,0.864259,0.001542,0.000020,0.007828,-0.000171,0.022179,-0.000150
6711.016000,-0.542914,0.106260,0.180016,-1.652665,-1.652290,0.864176,0.002310,-0.000038,-0.005362,0.000311,-0.016655,0.000140
6711.024000,-0.542908,0.106241,0.179975,-1.652690,-1.652324,0.864167,0.001341,0.000027,0.009340,-0.000230,0.026444,-0.000180
6711.032000,-0.542889,0.106244,0.180063,-1.652540,-1.652214,0.864344,0.002451,-0.000025,-0.004266,0.000242,-0.009576,0.000044
6711.040000,-0.542875,0.106248,0.180021,-1.652612,-1.652248,0.864230,0.001153,0.000009,0.007589,-0.000129,0.016298,-0.000048
6711.048000,-0.542857,0.106264,0.180063,-1.652616,-1.652164,0.864315,0.002264,-0.000021,0.001597,0.000124,-0.000794,0.000076
6711.056000,-0.542842,0.106254,0.180082,-1.652488,-1.652113,0.864368,0.002734,-0.000010,-0.000725,0.000129,0.001745,-0.000050
6711.064000,-0.542830,0.106260,0.180125,-1.652408,-1.652053,0.864417,0.001691,0.000004,0.009141,-0.000118,0.017602,-0.000018
6711.072000,-0.542824,0.106226,0.180144,-1.652367,-1.652103,0.864472,0.002753,-0.000044,-0.007771,0.000392,-0.021415,0.000150
6711.080000,-0.542804,0.106227,0.180120,-1.652405,-1.652111,0.864440,0.002241,0.000024,0.010842,-0.000217,0.029297,-0.000180
6711.088000,-0.542792,0.106221,0.180141,-1.652407,-1.652115,0.864451,0.002004,-0.000038,-0.005649,0.000310,-0.017882,0.000153
6711.096000,-0.542765,0.106278,0.180115,-1.652534,-1.652036,0.864387,0.001460,0.000014,0.007568,-0.000140,0.018972,-0.000098
6711.104000,-0.542756,0.106252,0.180188,-1.652321,-1.651959,0.864544,0.001567,-0.000002,-0.001106,0.000069,0.001711,-0.000065
6711.112000,-0.542744,0.106254,0.180163,-1.652410,-1.652051,0.864413,0.001217,0.000003,0.005842,-0.000072,0.011624,-0.000018
6711.120000,-0.542739,0.106212,0.180171,-1.652376,-1.652128,0.864495,0.001830,-0.000024,0.001428,0.000130,-0.003517,0.000120
6711.128000,-0.542715,0.106253,0.180178,-1.652366,-1.652018,0.864466,0.002168,-0.000010,-0.000784,0.000115,0.000245,-0.000025
6711.136000,-0.542709,0.106247,0.180216,-1.652326,-1.651948,0.864530,0.002092,-0.000005,0.009049,-0.000067,0.014717,0.000034
6711.144000,-0.542695,0.106248,0.180263,-1.652244,-1.651916,0.864551,0.002084,-0.000037,-0.003014,0.000266,-0.014086,0.000170
6711.152000,-0.542674,0.106244,0.180282,-1.652181,-1.651874,0.864669,0.001976,0.000032,0.012980,-0.000292,0.034627,-0.000209
6711.160000,-0.542663,0.106256,0.180338,-1.652128,-1.651791,0.864644,0.002575,-0.000046,-0.006372,0.000373,-0.020926,0.000187
6711.168000,-0.542645,0.106258,0.180336,-1.652178,-1.651804,0.864685,0.001414,0.000006,0.011191,-0.000169,0.020435,-0.000003
6711.176000,-0.542631,0.106257,0.180376,-1.652059,-1.651714,0.864798,0.002458,-0.000014,-0.004737,0.000207,-0.006044,-0.000039
6711.184000,-0.542614,0.106275,0.180385,-1.652089,-1.651634,0.864743,0.001120,0.000014,0.005990,-0.000126,0.016273,-0.000101
6711.192000,-0.542607,0.106247,0.180396,-1.652035,-1.651721,0.864769,0.001754,-0.000011,0.005071,0.000015,0.006199,0.000060
6711.200000,-0.542588,0.106254,0.180451,-1.651962,-1.651629,0.864846,0.003246,-0.000021,-0.003616,0.000239,-0.005353,-0.000012
6711.208000,-0.542579,0.106240,0.180436,-1.651947,-1.651643,0.864883,0.001660,0.000017,0.012884,-0.000237,0.027725,-0.000083
6711.216000,-0.542564,0.106238,0.180509,-1.651910,-1.651579,0.864964,0.002473,-0.000049,-0.005841,0.000376,-0.021841,0.000222
6711.224000,-0.542548,0.106246,0.180487,-1.651938,-1.651517,0.864980,0.001731,0.000036,0.011196,-0.000289,0.033557,-0.000250
6711.232000,-0.542535,0.106225,0.180544,-1.651839,-1.651528,0.865047,0.001960,-0.000021,-0.002168,0.000182,-0.006863,0.000062
6711.240000,-0.542522,0.106228,0.180547,-1.651818,-1.651537,0.864987,0.001132,0.000004,0.005651,-0.000079,0.011778,-0.000028
6711.248000,-0.542499,0.106241,0.180590,-1.651760,-1.651400,0.865086,0.002378,0.000024,0.009110,-0.000184,0.027250,-0.000200
6711.256000,-0.542486,0.106241,0.180633,-1.651683,-1.651343,0.865147,0.002186,-0.000019,-0.001789,0.000170,-0.004687,0.000034
6711.264000,-0.542472,0.106239,0.180679,-1.651668,-1.651311,0.865215,0.001712,-0.000007,0.007728,-0.000050,0.011448,0.000050
6711.272000,-0.542458,0.106244,0.180737,-1.651516,-1.651217,0.865339,0.002878,-0.000012,-0.003077,0.000184,-0.002152,-0.000055
6711.280000,-0.542434,0.106250,0.180753,-1.651511,-1.651174,0.865363,0.001499,0.000017,0.007096,-0.000146,0.019729,-0.000128
6711.288000,-0.542434,0.106240,0.180796,-1.651467,-1.651099,0.865411,0.002277,-0.000024,0.003323,0.000113,-0.000152,0.000122
6711.296000,-0.542413,0.106259,0.180832,-1.651426,-1.651090,0.865398,0.001374,0.000031,0.007930,-0.000224,0.026401,-0.000226
6711.304000,-0.542405,0.106238,0.180873,-1.651291,-1.650993,0.865583,0.002699,-0.000004,0.005019,0.000010,0.011457,-0.000039
6711.312000,-0.542387,0.106253,0.180891,-1.651311,-1.651004,0.865486,0.001188,0.000001,0.005311,-0.000056,0.009975,-0.000005
6711.320000,-0.542372,0.106252,0.180942,-1.651241,-1.650906,0.865601,0.002876,0.000011,0.008567,-0.000104,0.022333,-0.000124
6711.328000,-0.542355,0.106248,0.180996,-1.651138,-1.650761,0.865720,0.001796,0.000009,0.003360,-0.000041,0.012127,-0.000110
6711.336000,-0.542343,0.106219,0.181002,-1.651104,-1.650899,0.865718,0.002196,-0.000010,0.008461,-0.000032,0.011903,0.000068
6711.344000,-0.542324,0.106247,0.181078,-1.651019,-1.650714,0.865797,0.002590,-0.000001,0.000974,0.000061,0.007027,-0.000092
6711.352000,-0.542302,0.106261,0.181116,-1.650983,-1.650569,0.865882,0.001991,0.000017,0.009149,-0.000167,0.023670,-0.000132
6711.360000,-0.542292,0.106247,0.181154,-1.650912,-1.650609,0.865904,0.002380,-0.000027,0.002196,0.000147,-0.002539,0.000129
6711.368000,-0.542273,0.106246,0.181168,-1.650895,-1.650543,0.865983,0.001462,0.000024,0.008420,-0.000201,0.024350,-0.000171
6711.376000,-0.542265,0.106218,0.181239,-1.650709,-1.650474,0.866165,0.002683,-0.000002,0.009242,-0.000068,0.017521,-0.000010
6711.384000,-0.542248,0.106249,0.181286,-1.650743,-1.650381,0.866093,0.001218,0.000009,0.005339,-0.000090,0.013393,-0.000069
6711.392000,-0.542230,0.106273,0.181328,-1.650691,-1.650311,0.866139,0.002291,-0.000020,0.006865,0.000037,0.006243,0.000121
6711.400000,-0.542219,0.106244,0.181380,-1.650511,-1.650258,0.866324,0.001523,0.000036,0.005413,-0.000201,0.025480,-0.000293
6711.408000,-0.542203,0.106252,0.181441,-1.650448,-1.650166,0.866382,0.002284,-0.000011,0.007791,-0.000013,0.010767,0.000067
6711.416000,-0.542188,0.106267,0.181478,-1.650445,-1.650045,0.866423,0.001361,0.000003,0.004857,-0.000052,0.010642,-0.000033
6711.424000,-0.542176,0.106228,0.181550,-1.650234,-1.649991,0.866588,0.002348,0.000015,0.008384,-0.000137,0.022634,-0.000137
6711.432000,-0.542157,0.106253,0.181591,-1.650235,-1.649863,0.866660,0.001453,0.000002,0.006468,-0.000072,0.012521,-0.000013
6711.440000,-0.542140,0.106274,0.181651,-1.650172,-1.649781,0.866660,0.002240,-0.000002,0.006309,-0.000033,0.012828,-0.000022
6711.448000,-0.542128,0.106246,0.181730,-1.650035,-1.649655,0.866905,0.001712,0.000020,0.008650,-0.000177,0.023257,-0.000141
6711.456000,-0.542119,0.106213,0.181755,-1.649946,-1.649746,0.866911,0.002293,-0.000013,0.005511,0.000030,0.007254,0.000056
6711.464000,-0.542098,0.106250,0.181807,-1.649922,-1.649604,0.866988,0.001692,0.000016,0.007084,-0.000136,0.019653,-0.000126
6711.472000,-0.542084,0.106240,0.181886,-1.649737,-1.649406,0.867162,0.002493,0.000018,0.009243,-0.000156,0.024964,-0.000151
6711.480000,-0.542070,0.106251,0.181940,-1.649712,-1.649384,0.867193,0.001272,0.000014,0.007211,-0.000140,0.017908,-0.000090
6711.488000,-0.542059,0.106228,0.182010,-1.649599,-1.649299,0.867288,0.002424,-0.000023,0.005712,0.000075,0.003539,0.000133
6711.496000,-0.542039,0.106226,0.182068,-1.649437,-1.649176,0.867455,0.001824,0.000038,0.009734,-0.000271,0.032311,-0.000275
6711.504000,-0.542028,0.106245,0.182149,-1.649339,-1.649069,0.867537,0.002040,-0.000012,0.006037,0.000010,0.007690,0.000065
6711.512000,-0.542014,0.106247,0.182191,-1.649320,-1.648971,0.867590,0.001622,0.000012,0.008071,-0.000137,0.019073,-0.000082
6711.520000,-0.542001,0.106230,0.182286,-1.649122,-1.648850,0.867732,0.002361,0.000007,0.008468,-0.000103,0.019346,-0.000072
6711.528000,-0.541981,0.106251,0.182345,-1.649067,-1.648789,0.867826,0.001427,0.000010,0.008170,-0.000135,0.017827,-0.000056
6711.536000,-0.541972,0.106228,0.182396,-1.649009,-1.648721,0.867900,0.002424,-0.000025,0.004867,0.000098,0.001608,0.000141
6711.544000,-0.541948,0.106253,0.182454,-1.648865,-1.648585,0.867996,0.001981,0.000034,0.008716,-0.000231,0.029694,-0.000260
6711.552000,-0.541933,0.106253,0.182530,-1.648836,-1.648480,0.868096,0.002208,-0.000013,0.007443,-0.000002,0.009377,0.000081
6711.560000,-0.541917,0.106253,0.182564,-1.648767,-1.648431,0.868147,0.001828,0.000029,0.007804,-0.000198,0.025989,-0.000221
6711.568000,-0.541902,0.106247,0.182667,-1.648529,-1.648279,0.868310,0.002248,0.000003,0.007760,-0.000075,0.016336,-0.000039
6711.576000,-0.541890,0.106239,0.182727,-1.648449,-1.648201,0.868442,0.001549,0.000008,0.009254,-0.000139,0.018512,-0.000032
6711.584000,-0.541877,0.106242,0.182770,-1.648429,-1.648112,0.868469,0.002265,0.000018,0.008164,-0.000145,0.022984,-0.000151
6711.592000,-0.541860,0.106242,0.182851,-1.648266,-1.647948,0.868636,0.001529,0.000023,0.009762,-0.000213,0.025232,-0.000141
6711.600000,-0.541848,0.106243,0.182946,-1.648178,-1.647851,0.868717,0.002085,-0.000003,0.008566,-0.000068,0.014578,0.000021
6711.608000,-0.541830,0.106248,0.182989,-1.648050,-1.647741,0.868852,0.001795,0.000027,0.008619,-0.000204,0.026099,-0.000196
6711.616000,-0.541816,0.106249,0.183090,-1.647884,-1.647544,0.869030,0.002141,0.000015,0.009752,-0.000161,0.023440,-0.000106
6711.624000,-0.541799,0.106258,0.183151,-1.647842,-1.647506,0.869114,0.001666,-0.000000,0.008609,-0.000090,0.014664,0.000019
6711.632000,-0.541790,0.106242,0.183216,-1.647702,-1.647393,0.869222,0.002360,0.000028,0.010569,-0.000228,0.030586,-0.000213
6711.640000,-0.541768,0.106257,0.183296,-1.647601,-1.647232,0.869312,0.002107,0.000013,0.008676,-0.000137,0.021302,-0.000102
6711.648000,-0.541759,0.106249,0.183363,-1.647512,-1.647154,0.869427,0.001326,0.000008,0.010085,-0.000163,0.019361,-0.000020
6711.656000,-0.541742,0.106240,0.183422,-1.647409,-1.647042,0.869610,0.002651,0.000034,0.010318,-0.000238,0.033093,-0.000268
6711.664000,-0.541726,0.106260,0.183516,-1.647241,-1.646893,0.869718,0.001422,0.000030,0.012009,-0.000283,0.030782,-0.000170
6711.672000,-0.541715,0.106248,0.183643,-1.647044,-1.646746,0.869888,0.002440,-0.000021,0.006526,0.000055,0.005270,0.000128
6711.680000,-0.541698,0.106252,0.183673,-1.647003,-1.646623,0.869928,0.001727,0.000046,0.011444,-0.000335,0.037305,-0.000311
6711.688000,-0.541678,0.106262,0.183796,-1.646791,-1.646462,0.870125,0.002221,0.000013,0.010882,-0.000170,0.024336,-0.000085
6711.696000,-0.541672,0.106241,0.183872,-1.646652,-1.646423,0.870260,0.001330,0.000013,0.010972,-0.000195,0.022160,-0.000043
6711.704000,-0.541657,0.106229,0.183963,-1.646477,-1.646216,0.870478,0.002928,0.000022,0.009171,-0.000161,0.027351,-0.000197
6711.712000,-0.541641,0.106248,0.184036,-1.646362,-1.646100,0.870551,0.001469,0.000027,0.011117,-0.000257,0.028654,-0.000160
6711.720000,-0.541626,0.106243,0.184146,-1.646247,-1.645957,0.870690,0.002445,-0.000017,0.007368,0.000025,0.007853,0.000108
6711.728000,-0.541610,0.106245,0.184199,-1.646156,-1.645785,0.870818,0.001642,0.000043,0.011855,-0.000330,0.036189,-0.000277
6711.736000,-0.541596,0.106255,0.184327,-1.645959,-1.645598,0.871035,0.002200,-0.000005,0.009512,-0.000069,0.014913,0.000047
6711.744000,-0.541578,0.106256,0.184393,-1.645860,-1.645509,0.871108,0.001716,0.000045,0.011906,-0.000337,0.037219,-0.000294
6711.752000,-0.541565,0.106243,0.184482,-1.645682,-1.645360,0.871312,0.002770,0.000008,0.009495,-0.000110,0.021676,-0.000080
6711.760000,-0.541548,0.106255,0.184568,-1.645587,-1.645256,0.871406,0.001546,0.000008,0.010289,-0.000155,0.019596,-0.000017
6711.768000,-0.541537,0.106250,0.184659,-1.645451,-1.645080,0.871559,0.002808,0.000039,0.011755,-0.000281,0.037335,-0.000298
6711.776000,-0.541513,0.106257,0.184738,-1.645356,-1.644946,0.871675,0.002108,0.000020,0.009645,-0.000183,0.025247,-0.000144
6711.784000,-0.541509,0.106233,0.184821,-1.645218,-1.644886,0.871770,0.002416,-0.000012,0.008937,-0.000025,0.011903,0.000084
6711.792000,-0.541484,0.106252,0.184889,-1.645099,-1.644738,0.871890,0.002424,0.000046,0.011375,-0.000314,0.038585,-0.000336
6711.800000,-0.541472,0.106244,0.184981,-1.644894,-1.644601,0.872071,0.002436,0.000001,0.009621,-0.000090,0.018034,-0.000008
6711.808000,-0.541454,0.106241,0.185079,-1.644761,-1.644520,0.872216,0.001545,0.000008,0.009949,-0.000153,0.019423,-0.000025
6711.816000,-0.541444,0.106245,0.185141,-1.644641,-1.644348,0.872329,0.002654,0.000038,0.012635,-0.000294,0.037440,-0.000271
6711.824000,-0.541423,0.106242,0.185260,-1.644455,-1.644193,0.872546,0.001917,0.000027,0.012166,-0.000261,0.030787,-0.000164
6711.832000,-0.541419,0.106224,0.185346,-1.644325,-1.644121,0.872636,0.001325,0.000016,0.012538,-0.000234,0.025094,-0.000045
6711.840000,-0.541389,0.106272,0.185461,-1.644149,-1.643804,0.872797,0.002415,0.000052,0.013560,-0.000377,0.043982,-0.000364
6711.848000,-0.541380,0.106264,0.185576,-1.643975,-1.643611,0.873044,0.001391,0.000021,0.012588,-0.000255,0.027490,-0.000089
6711.856000,-0.541372,0.106231,0.185679,-1.643786,-1.643571,0.873198,0.002385,0.000015,0.010811,-0.000171,0.024878,-0.000097
6711.864000,-0.541350,0.106253,0.185756,-1.643662,-1.643356,0.873303,0.001792,0.000039,0.012936,-0.000328,0.036223,-0.000240
6711.872000,-0.541344,0.106233,0.185889,-1.643486,-1.643170,0.873556,0.002114,0.000004,0.011425,-0.000141,0.020540,0.000005
6711.880000,-0.541321,0.106258,0.185979,-1.643359,-1.642994,0.873687,0.002129,0.000050,0.013736,-0.000379,0.042444,-0.000329
6711.888000,-0.541305,0.106245,0.186082,-1.643173,-1.642786,0.873924,0.002186,0.000028,0.013011,-0.000272,0.032753,-0.000171
6711.896000,-0.541291,0.106244,0.186134,-1.643106,-1.642771,0.873965,0.001881,0.000017,0.012705,-0.000227,0.027092,-0.000076
6711.904000,-0.541271,0.106249,0.186261,-1.642864,-1.642525,0.874140,0.002178,0.000056,0.015830,-0.000439,0.047621,-0.000356
6711.912000,-0.541261,0.106216,0.186361,-1.642626,-1.642444,0.874319,0.002504,0.000015,0.010607,-0.000166,0.024897,-0.000104
6711.920000,-0.541244,0.106233,0.186497,-1.642426,-1.642254,0.874523,0.001460,0.000017,0.013241,-0.000246,0.026565,-0.000049
6711.928000,-0.541221,0.106246,0.186603,-1.642303,-1.641994,0.874740,0.002868,0.000033,0.012319,-0.000262,0.035346,-0.000242
6711.936000,-0.541204,0.106251,0.186676,-1.642217,-1.641909,0.874848,0.001988,0.000026,0.013096,-0.000268,0.031377,-0.000143
6711.944000,-0.541197,0.106247,0.186780,-1.642046,-1.641717,0.875019,0.001531,0.000019,0.014537,-0.000274,0.029201,-0.000054
6711.952000,-0.541173,0.106247,0.186895,-1.641811,-1.641519,0.875223,0.002439,0.000043,0.014256,-0.000348,0.040709,-0.000278
6711.960000,-0.541158,0.106249,0.187013,-1.641641,-1.641349,0.875361,0.001620,0.000023,0.013642,-0.000275,0.029915,-0.000098
6711.968000,-0.541139,0.106249,0.187141,-1.641499,-1.641128,0.875575,0.002399,0.000020,0.014194,-0.000248,0.031080,-0.000099
6711.976000,-0.541124,0.106247,0.187270,-1.641225,-1.640922,0.875847,0.001891,0.000042,0.013695,-0.000349,0.038130,-0.000250
6711.984000,-0.541103,0.106277,0.187337,-1.641154,-1.640771,0.875856,0.002370,0.000015,0.014369,-0.000228,0.029168,-0.000057
6711.992000,-0.541094,0.106254,0.187467,-1.640916,-1.640633,0.876128,0.001853,0.000035,0.014275,-0.000332,0.036223,-0.000195
6712.000000,-0.541076,0.106264,0.187583,-1.640722,-1.640376,0.876291,0.002290,0.000022,0.012824,-0.000237,0.029978,-0.000125
6712.008000,-0.541059,0.106257,0.187716,-1.640571,-1.640217,0.876487,0.002033,0.000012,0.012666,-0.000198,0.025003,-0.000037
6712.016000,-0.541048,0.106254,0.187796,-1.640488,-1.640086,0.876669,0.001723,0.000046,0.014925,-0.000391,0.040891,-0.000261
6712.024000,-0.541025,0.106251,0.187924,-1.640173,-1.639876,0.876854,0.002638,0.000005,0.011224,-0.000127,0.021763,-0.000023
6712.032000,-0.541013,0.106262,0.188039,-1.640040,-1.639665,0.877065,0.001617,0.000023,0.014331,-0.000284,0.030467,-0.000085
6712.040000,-0.541000,0.106236,0.188165,-1.639812,-1.639514,0.877288,0.002521,0.000036,0.014148,-0.000313,0.037517,-0.000221
6712.048000,-0.540975,0.106263,0.188264,-1.639700,-1.639304,0.877428,0.001886,0.000026,0.013449,-0.000278,0.031454,-0.000133
6712.056000,-0.540969,0.106252,0.188428,-1.639366,-1.639066,0.877675,0.002393,0.000004,0.012635,-0.000152,0.022405,0.000012
6712.064000,-0.540942,0.106272,0.188518,-1.639244,-1.638885,0.877806,0.002331,0.000039,0.014399,-0.000337,0.038941,-0.000240
6712.072000,-0.540936,0.106238,0.188630,-1.639041,-1.638770,0.878027,0.001891,0.000034,0.018421,-0.000394,0.040667,-0.000138
6712.080000,-0.540910,0.106271,0.188770,-1.638905,-1.638517,0.878194,0.002222,0.000007,0.012324,-0.000166,0.022971,-0.000010
6712.088000,-0.540897,0.106259,0.188875,-1.638707,-1.638326,0.878399,0.002040,0.000051,0.016989,-0.000440,0.046178,-0.000290
6712.096000,-0.540875,0.106264,0.189009,-1.638528,-1.638209,0.878548,0.002604,0.000008,0.012549,-0.000160,0.024227,-0.000025
6712.104000,-0.540865,0.106254,0.189128,-1.638310,-1.637978,0.878755,0.001917,0.000044,0.017209,-0.000415,0.043140,-0.000225
6712.112000,-0.540841,0.106251,0.189278,-1.638052,-1.637740,0.879072,0.002825,0.000018,0.013447,-0.000215,0.030069,-0.000104
6712.120000,-0.540824,0.106267,0.189382,-1.637959,-1.637538,0.879178,0.001745,0.000022,0.015463,-0.000295,0.031627,-0.000068
6712.128000,-0.540819,0.106225,0.189541,-1.637592,-1.637377,0.879512,0.002212,0.000069,0.020022,-0.000563,0.057140,-0.000393
6712.136000,-0.540796,0.106227,0.189679,-1.637376,-1.637139,0.879713,0.002542,0.000031,0.015467,-0.000312,0.036851,-0.000164
6712.144000,-0.540783,0.106243,0.189823,-1.637232,-1.636896,0.879881,0.001667,0.000021,0.015260,-0.000288,0.030481,-0.000054
6712.152000,-0.540763,0.106259,0.189970,-1.636877,-1.636598,0.880215,0.002218,0.000076,0.020275,-0.000598,0.060557,-0.000449
6712.160000,-0.540745,0.106265,0.190071,-1.636835,-1.636440,0.880347,0.002270,0.000014,0.014415,-0.000226,0.027965,-0.000033
6712.168000,-0.540731,0.106267,0.190209,-1.636564,-1.636235,0.880543,0.001850,0.000039,0.016339,-0.000379,0.039545,-0.000187
6712.192000,-0.540681,0.106242,0.190617,-1.635877,-1.635584,0.881265,0.002457,0.000051,0.017138,-0.000429,0.046653,-0.000292
6712.200000,-0.540663,0.106279,0.190780,-1.635613,-1.635261,0.881530,0.001809,0.000036,0.017572,-0.000388,0.039871,-0.000152
6712.208000,-0.540646,0.106256,0.190914,-1.635466,-1.635104,0.881695,0.002466,0.000017,0.015136,-0.000247,0.030477,-0.000056
6712.216000,-0.540625,0.106277,0.191048,-1.635176,-1.634840,0.881899,0.002237,0.000047,0.017043,-0.000414,0.044410,-0.000254
6712.224000,-0.540612,0.106276,0.191189,-1.635007,-1.634602,0.882150,0.001855,0.000040,0.018306,-0.000413,0.042085,-0.000168
6712.232000,-0.540595,0.106242,0.191331,-1.634732,-1.634445,0.882434,0.003035,0.000016,0.014068,-0.000208,0.029849,-0.000078
6712.240000,-0.540574,0.106264,0.191465,-1.634556,-1.634149,0.882636,0.002124,0.000042,0.017746,-0.000410,0.043063,-0.000205
6712.248000,-0.540561,0.106259,0.191629,-1.634266,-1.633906,0.882884,0.002399,0.000021,0.015953,-0.000277,0.032638,-0.000069
6712.256000,-0.540535,0.106263,0.191726,-1.634146,-1.633789,0.883024,0.002788,0.000038,0.015893,-0.000344,0.040714,-0.000222
6712.264000,-0.540519,0.106279,0.191905,-1.633853,-1.633413,0.883326,0.002153,0.000045,0.019461,-0.000448,0.046231,-0.000207
6712.272000,-0.540500,0.106258,0.192046,-1.633596,-1.633275,0.883561,0.002487,0.000024,0.016202,-0.000295,0.034575,-0.000097
6712.280000,-0.540480,0.106267,0.192185,-1.633371,-1.633018,0.883745,0.002132,0.000040,0.017273,-0.000390,0.041299,-0.000188
6712.288000,-0.540462,0.106280,0.192334,-1.633121,-1.632757,0.883995,0.002202,0.000051,0.020043,-0.000483,0.049467,-0.000248
6712.296000,-0.540444,0.106257,0.192481,-1.632898,-1.632644,0.884223,0.002553,0.000015,0.015489,-0.000238,0.029772,-0.000030
6712.304000,-0.540433,0.106245,0.192642,-1.632661,-1.632347,0.884545,0.002215,0.000052,0.019034,-0.000473,0.048609,-0.000266
6712.312000,-0.540409,0.106270,0.192785,-1.632455,-1.632072,0.884772,0.002099,0.000055,0.019365,-0.000490,0.049682,-0.000275
6712.320000,-0.540393,0.106266,0.192890,-1.632293,-1.631929,0.884897,0.002457,0.000022,0.015874,-0.000278,0.032811,-0.000075
6712.328000,-0.540372,0.106280,0.193063,-1.632038,-1.631603,0.885168,0.002396,0.000061,0.020004,-0.000520,0.053641,-0.000327
6712.336000,-0.540360,0.106260,0.193226,-1.631730,-1.631382,0.885464,0.001962,0.000040,0.019400,-0.000431,0.043389,-0.000156
6712.344000,-0.540333,0.106280,0.193345,-1.631608,-1.631243,0.885558,0.002726,0.000011,0.015541,-0.000216,0.028560,-0.000005
6712.352000,-0.540317,0.106273,0.193522,-1.631258,-1.630899,0.885936,0.002420,0.000065,0.019515,-0.000531,0.054772,-0.000365
6712.360000,-0.540300,0.106279,0.193670,-1.631024,-1.630675,0.886165,0.001934,0.000039,0.019265,-0.000425,0.042737,-0.000148
6712.368000,-0.540283,0.106269,0.193801,-1.630853,-1.630453,0.886359,0.002894,0.000022,0.015469,-0.000261,0.033410,-0.000098
6712.376000,-0.540267,0.106263,0.193922,-1.630623,-1.630200,0.886624,0.002540,0.000060,0.019273,-0.000500,0.052419,-0.000328
6712.384000,-0.540251,0.106278,0.194132,-1.630311,-1.629866,0.886891,0.002102,0.000041,0.020669,-0.000448,0.045125,-0.000145
6712.392000,-0.540231,0.106262,0.194287,-1.630009,-1.629683,0.887191,0.002384,0.000071,0.022081,-0.000599,0.059767,-0.000372
6712.400000,-0.540208,0.106262,0.194422,-1.629825,-1.629421,0.887446,0.002723,0.000049,0.019553,-0.000452,0.048710,-0.000249
6712.408000,-0.540198,0.106252,0.194564,-1.629609,-1.629232,0.887615,0.002108,0.000034,0.019731,-0.000405,0.041261,-0.000104
6712.416000,-0.540170,0.106280,0.194759,-1.629282,-1.628836,0.888018,0.002642,0.000059,0.021080,-0.000522,0.054370,-0.000304
6712.424000,-0.540150,0.106271,0.194922,-1.628990,-1.628630,0.888211,0.002430,0.000034,0.019432,-0.000390,0.041554,-0.000119
6712.432000,-0.540134,0.106272,0.195074,-1.628810,-1.628401,0.888417,0.002244,0.000041,0.019039,-0.000418,0.043351,-0.000166
6712.440000,-0.540112,0.106284,0.195238,-1.628507,-1.628107,0.888700,0.002244,0.000053,0.019982,-0.000485,0.049280,-0.000246
6712.448000,-0.540093,0.106293,0.195362,-1.628346,-1.627865,0.888881,0.002404,0.000031,0.018214,-0.000356,0.038726,-0.000107
6712.456000,-0.540081,0.106255,0.195550,-1.627996,-1.627630,0.889222,0.002705,0.000058,0.019591,-0.000493,0.051935,-0.000308
6712.464000,-0.540057,0.106272,0.195727,-1.627669,-1.627332,0.889531,0.002349,0.000058,0.020700,-0.000521,0.052625,-0.000284
6712.472000,-0.540035,0.106272,0.195865,-1.627487,-1.627111,0.889749,0.002529,0.000032,0.017499,-0.000349,0.038692,-0.000130
6712.480000,-0.540013,0.106280,0.196026,-1.627243,-1.626837,0.889986,0.002867,0.000046,0.019995,-0.000439,0.047785,-0.000216
6712.488000,-0.539994,0.106281,0.196180,-1.626930,-1.626549,0.890258,0.002448,0.000054,0.021850,-0.000516,0.052194,-0.000237
6712.496000,-0.539982,0.106242,0.196352,-1.626633,-1.626379,0.890553,0.002740,0.000043,0.019794,-0.000430,0.046069,-0.000191
6712.504000,-0.539951,0.106287,0.196520,-1.626438,-1.625988,0.890815,0.002761,0.000041,0.018631,-0.000397,0.043864,-0.000188
6712.512000,-0.539936,0.106289,0.196691,-1.626162,-1.625700,0.891083,0.002509,0.000050,0.022152,-0.000501,0.051025,-0.000205
6712.520000,-0.539916,0.106269,0.196870,-1.625815,-1.625479,0.891382,0.002436,0.000059,0.022349,-0.000546,0.054457,-0.000263
6712.528000,-0.539899,0.106257,0.197032,-1.625574,-1.625206,0.891664,0.002944,0.000043,0.020187,-0.000426,0.046548,-0.000186
6712.536000,-0.539870,0.106288,0.197218,-1.625300,-1.624895,0.891931,0.002460,0.000046,0.022013,-0.000481,0.048849,-0.000168
6712.544000,-0.539863,0.106258,0.197372,-1.625027,-1.624697,0.892177,0.002581,0.000055,0.022634,-0.000530,0.053383,-0.000232
6712.552000,-0.539833,0.106278,0.197569,-1.624705,-1.624334,0.892488,0.002620,0.000059,0.023386,-0.000559,0.056134,-0.000259
6712.560000,-0.539814,0.106277,0.197739,-1.624465,-1.624105,0.892738,0.002391,0.000046,0.021887,-0.000480,0.048235,-0.000161
6712.568000,-0.539795,0.106271,0.197903,-1.624145,-1.623861,0.893004,0.002699,0.000058,0.022315,-0.000533,0.054298,-0.000260
6712.576000,-0.539778,0.106259,0.198131,-1.623815,-1.623490,0.893401,0.002506,0.000049,0.022421,-0.000504,0.050560,-0.000187
6712.584000,-0.539757,0.106272,0.198291,-1.623632,-1.623230,0.893623,0.002343,0.000045,0.022454,-0.000488,0.048408,-0.000145
6712.592000,-0.539741,0.106263,0.198468,-1.623297,-1.622948,0.893867,0.002781,0.000062,0.021687,-0.000540,0.055266,-0.000299
6712.600000,-0.539710,0.106280,0.198621,-1.623061,-1.622684,0.894135,0.002705,0.000051,0.021950,-0.000495,0.050881,-0.000208
6712.608000,-0.539696,0.106275,0.198808,-1.622783,-1.622375,0.894438,0.002631,0.000051,0.022515,-0.000508,0.051447,-0.000200
6712.616000,-0.539676,0.106275,0.199003,-1.622448,-1.622028,0.894799,0.002817,0.000067,0.023288,-0.000587,0.059197,-0.000319
6712.624000,-0.539650,0.106287,0.199186,-1.622158,-1.621767,0.895050,0.002544,0.000057,0.023282,-0.000546,0.054236,-0.000227
6712.632000,-0.539631,0.106290,0.199333,-1.621962,-1.621480,0.895271,0.002534,0.000057,0.023341,-0.000551,0.054572,-0.000231
6712.640000,-0.539610,0.106283,0.199518,-1.621622,-1.621178,0.895627,0.003017,0.000056,0.021991,-0.000512,0.053651,-0.000258
6712.648000,-0.539587,0.106289,0.199708,-1.621351,-1.620888,0.895899,0.002570,0.000048,0.022762,-0.000500,0.050282,-0.000170
6712.656000,-0.539568,0.106286,0.199937,-1.620952,-1.620504,0.896262,0.002657,0.000063,0.023830,-0.000583,0.057726,-0.000273
6712.664000,-0.539552,0.106264,0.200122,-1.620600,-1.620200,0.896669,0.002699,0.000068,0.024374,-0.000615,0.060333,-0.000304
6712.672000,-0.539525,0.106285,0.200272,-1.620394,-1.619944,0.896854,0.002768,0.000043,0.021565,-0.000450,0.046884,-0.000146
6712.680000,-0.539501,0.106292,0.200471,-1.620029,-1.619644,0.897124,0.002933,0.000067,0.022875,-0.000575,0.058531,-0.000320
6712.688000,-0.539482,0.106285,0.200686,-1.619680,-1.619235,0.897576,0.002727,0.000063,0.023723,-0.000575,0.057146,-0.000266
6712.696000,-0.539463,0.106282,0.200866,-1.619409,-1.618952,0.897817,0.002516,0.000053,0.023264,-0.000531,0.052271,-0.000190
6712.704000,-0.539435,0.106295,0.201064,-1.619103,-1.618624,0.898109,0.002860,0.000075,0.025118,-0.000648,0.063918,-0.000345
6712.712000,-0.539412,0.106280,0.201234,-1.618807,-1.618359,0.898461,0.002949,0.000051,0.022094,-0.000491,0.051035,-0.000205
6712.720000,-0.539393,0.106281,0.201417,-1.618461,-1.618078,0.898727,0.002733,0.000055,0.023327,-0.000536,0.053613,-0.000213
6712.728000,-0.539373,0.106270,0.201607,-1.618144,-1.617747,0.899066,0.002957,0.000069,0.024598,-0.000612,0.060894,-0.000306
6712.736000,-0.539354,0.106266,0.201792,-1.617842,-1.617467,0.899420,0.002720,0.000054,0.023328,-0.000531,0.052832,-0.000198
6712.744000,-0.539326,0.106296,0.202009,-1.617531,-1.617085,0.899675,0.002706,0.000060,0.023815,-0.000563,0.055669,-0.000235
6712.752000,-0.539300,0.106303,0.202180,-1.617243,-1.616785,0.899937,0.003136,0.000067,0.023418,-0.000576,0.059000,-0.000310
6712.760000,-0.539276,0.106303,0.202343,-1.617014,-1.616547,0.900191,0.002890,0.000044,0.022931,-0.000470,0.048533,-0.000130
6712.768000,-0.539257,0.106290,0.202575,-1.616629,-1.616198,0.900571,0.003043,0.000069,0.025239,-0.000619,0.061656,-0.000298
6712.776000,-0.539236,0.106289,0.202780,-1.616264,-1.615851,0.900952,0.002958,0.000064,0.024677,-0.000589,0.058694,-0.000262
6712.784000,-0.539210,0.106301,0.202979,-1.616005,-1.615526,0.901256,0.002743,0.000049,0.023837,-0.000513,0.051227,-0.000150
6712.792000,-0.539193,0.106284,0.203141,-1.615746,-1.615264,0.901525,0.003111,0.000081,0.026068,-0.000683,0.067201,-0.000374
6712.800000,-0.539167,0.106291,0.203372,-1.615347,-1.614872,0.901915,0.002729,0.000057,0.024469,-0.000557,0.054711,-0.000195
6712.808000,-0.539139,0.106305,0.203550,-1.615071,-1.614644,0.902097,0.002971,0.000045,0.022744,-0.000468,0.048538,-0.000136
6712.816000,-0.539120,0.106272,0.203759,-1.614700,-1.614280,0.902551,0.003244,0.000074,0.024842,-0.000631,0.063199,-0.000340
6712.824000,-0.539092,0.106305,0.203944,-1.614452,-1.613994,0.902754,0.002837,0.000056,0.024357,-0.000550,0.054543,-0.000195
6712.832000,-0.539077,0.106268,0.204147,-1.614064,-1.613748,0.903085,0.003081,0.000073,0.025772,-0.000646,0.063343,-0.000312
6712.840000,-0.539046,0.106294,0.204362,-1.613745,-1.613290,0.903461,0.003155,0.000073,0.026559,-0.000652,0.064206,-0.000301
6712.848000,-0.539027,0.106289,0.204555,-1.613413,-1.613005,0.903744,0.002945,0.000059,0.024715,-0.000566,0.056048,-0.000211
6712.856000,-0.538998,0.106290,0.204742,-1.613142,-1.612684,0.904038,0.003306,0.000077,0.026827,-0.000674,0.066588,-0.000336
6712.864000,-0.538973,0.106296,0.204953,-1.612826,-1.612368,0.904371,0.003028,0.000057,0.024704,-0.000554,0.055344,-0.000198
6712.872000,-0.538950,0.106304,0.205178,-1.612453,-1.612002,0.904699,0.003019,0.000055,0.024663,-0.000546,0.054572,-0.000185
6712.880000,-0.538931,0.106290,0.205346,-1.612160,-1.611678,0.905064,0.003151,0.000072,0.025776,-0.000637,0.062787,-0.000301
6712.888000,-0.538905,0.106294,0.205570,-1.611845,-1.611396,0.905386,0.003029,0.000060,0.026473,-0.000596,0.058368,-0.000195
6712.896000,-0.538879,0.106306,0.205763,-1.611523,-1.611038,0.905628,0.003308,0.000084,0.027557,-0.000712,0.069569,-0.000368
6712.904000,-0.538855,0.106305,0.206000,-1.611156,-1.610651,0.906043,0.003208,0.000075,0.027421,-0.000672,0.065539,-0.000297
6712.912000,-0.538832,0.106294,0.206217,-1.610816,-1.610328,0.906359,0.003081,0.000064,0.027024,-0.000621,0.060338,-0.000213
6712.920000,-0.538800,0.106312,0.206439,-1.610432,-1.609963,0.906709,0.003352,0.000086,0.027649,-0.000721,0.070432,-0.000381
6712.928000,-0.538782,0.106277,0.206667,-1.610042,-1.609635,0.907075,0.003083,0.000065,0.026691,-0.000622,0.060290,-0.000223
6712.936000,-0.538754,0.106292,0.206878,-1.609734,-1.609263,0.907480,0.003344,0.000080,0.027585,-0.000697,0.067882,-0.000335
6712.944000,-0.538727,0.106300,0.207094,-1.609334,-1.608887,0.907816,0.003305,0.000079,0.027180,-0.000684,0.066698,-0.000326
6712.952000,-0.538698,0.106303,0.207314,-1.609022,-1.608534,0.908123,0.003190,0.000067,0.027001,-0.000630,0.061489,-0.000235
6712.960000,-0.538680,0.106284,0.207535,-1.608623,-1.608171,0.908530,0.003491,0.000087,0.028211,-0.000733,0.071185,-0.000375
6712.968000,-0.538646,0.106305,0.207758,-1.608278,-1.607775,0.908849,0.003238,0.000069,0.027140,-0.000640,0.062433,-0.000248
6712.976000,-0.538621,0.106305,0.207979,-1.607934,-1.607420,0.909214,0.003414,0.000084,0.027836,-0.000713,0.069287,-0.000352
6712.984000,-0.538595,0.106301,0.208190,-1.607544,-1.607084,0.909527,0.003354,0.000081,0.027513,-0.000697,0.067609,-0.000332
6712.992000,-0.538567,0.106306,0.208408,-1.607234,-1.606776,0.909852,0.003222,0.000066,0.027515,-0.000630,0.061153,-0.000211
6713.000000,-0.538543,0.106318,0.208628,-1.606876,-1.606349,0.910251,0.003518,0.000090,0.028095,-0.000743,0.072277,-0.000400
6713.008000,-0.538517,0.106301,0.208835,-1.606528,-1.606036,0.910571,0.003311,0.000073,0.027530,-0.000662,0.064125,-0.000266
6713.016000,-0.538489,0.106303,0.209096,-1.606104,-1.605598,0.910979,0.003548,0.000086,0.028572,-0.000734,0.071098,-0.000361
6713.024000,-0.538463,0.106308,0.209282,-1.605803,-1.605297,0.911295,0.003480,0.000081,0.028246,-0.000707,0.068553,-0.000324
6713.032000,-0.538435,0.106320,0.209526,-1.605394,-1.604927,0.911666,0.003270,0.000066,0.027527,-0.000626,0.060813,-0.000204
6713.040000,-0.538406,0.106317,0.209753,-1.605069,-1.604510,0.912027,0.003726,0.000093,0.029682,-0.000775,0.075101,-0.000398
