time,J1_x,J1_y,J1_z,J2_x,J2_y,J2_z,J3_x,J3_y,J3_z,J4_x,J4_y,J4_z,J5_x,J5_y,J5_z,J6_x,J6_y,J6_z,qdot1,qdot2,qdot3,qdot4,qdot5,qdot6,eta_adaptive,R1_adaptive,R2_adaptive,mu_adaptive,ai_adaptive
0.0080,0.0000,0.0000,0.1519,0.1806,0.0019,0.3154,-0.0316,-0.0003,0.3358,-0.0328,0.1120,0.3358,-0.1180,0.1111,0.3396,-0.1217,0.1115,0.2577,0.0000,-0.4492,0.4797,0.4632,0.0000,0.0000,0.4374,0.0266,0.0399,14.1704,18.4213
0.0160,0.0000,0.0000,0.1519,0.1807,0.0019,0.3154,-0.0316,-0.0003,0.3358,-0.0328,0.1120,0.3358,-0.1180,0.1111,0.3396,-0.1217,0.1115,0.2578,0.0000,-0.4492,0.4797,0.4632,0.0000,0.0000,0.4374,0.0266,0.0399,14.1705,18.4215
0.0240,0.0000,0.0000,0.1519,0.1806,0.0019,0.3154,-0.0316,-0.0003,0.3358,-0.0328,0.1120,0.3358,-0.1180,0.1111,0.3396,-0.1217,0.1115,0.2578,0.0000,-0.4492,0.4797,0.4632,0.0000,0.0000,0.4374,0.0266,0.0399,14.1707,18.4218
0.0320,0.0000,0.0000,0.1519,0.1806,0.0019,0.3154,-0.0316,-0.0003,0.3358,-0.0328,0.1120,0.3358,-0.1180,0.1111,0.3396,-0.1217,0.1115,0.2578,0.0000,-0.4492,0.4797,0.4632,0.0000,0.0000,0.4375,0.0266,0.0399,14.1707,18.4218
0.0400,0.0000,0.0000,0.1519,0.1806,0.0019,0.3154,-0.0316,-0.0003,0.3358,-0.0328,0.1120,0.3358,-0.1181,0.1111,0.3396,-0.1217,0.1115,0.2577,0.0000,-0.4492,0.4797,0.4632,0.0000,0.0000,0.4375,0.0266,0.0399,14.1708,18.4220
0.0480,0.0000,0.0000,0.1519,0.1806,0.0019,0.3154,-0.0316,-0.0003,0.3358,-0.0328,0.1120,0.3358,-0.1180,0.1111,0.3396,-0.1217,0.1115,0.2577,0.0000,-0.4492,0.4797,0.4632,0.0000,0.0000,0.4375,0.0266,0.0399,14.1707,18.4218
0.0560,0.0000,0.0000,0.1519,0.1806,0.0019,0.3154,-0.0316,-0.0003,0.3358,-0.0328,0.1120,0.3358,-0.1181,0.1111,0.3396,-0.1217,0.1115,0.2577,0.0000,-0.4492,0.4797,0.4632,0.0000,0.0000,0.4375,0.0266,0.0399,14.1707,18.4219
0.0640,0.0000,0.0000,0.1519,0.1806,0.0019,0.3154,-0.0316,-0.0003,0.3358,-0.0328,0.1120,0.3358,-0.1181,0.1111,0.3396,-0.1217,0.1115,0.2578,0.0000,-0.4492,0.4797,0.4632,0.0000,0.0000,0.4375,0.0266,0.0399,14.1709,18.4221
0.0720,0.0000,0.0000,0.1519,0.1807,0.0019,0.3154,-0.0316,-0.0003,0.3358,-0.0328,0.1120,0.3358,-0.1180,0.1111,0.3396,-0.1217,0.1115,0.2578,0.0000,-0.4492,0.4797,0.4632,0.0000,0.0000,0.4374,0.0266,0.0399,14.1706,18.4217
0.0800,0.0000,0.0000,0.1519,0.1806,0.0019,0.3154,-0.0316,-0.0003,0.3358,-0.0328,0.1120,0.3358,-0.1181,0.1111,0.3396,-0.1217,0.1115,0.2578,0.0000,-0.4492,0.4797,0.4632,0.0000,0.0000,0.4375,0.0266,0.0399,14.1711,18.4226
0.0880,0.0000,0.0000,0.1519,0.1806,0.0019,0.3154,-0.0316,-0.0003,0.3358,-0.0328,0.1120,0.3358,-0.1180,0.1111,0.3396,-0.1217,0.1115,0.2578,0.0000,-0.4492,0.4797,0.4632,0.0000,0.0000,0.4375,0.0266,0.0399,14.1708,18.4221
0.0960,0.0000,0.0000,0.1519,0.1806,0.0019,0.3154,-0.0316,-0.0003,0.3358,-0.0328,0.1120,0.3358,-0.1180,0.1111,0.3396,-0.1217,0.1115,0.2577,0.0000,-0.4492,0.4797,0.4632,0.0000,0.0000,0.4374,0.0266,0.0399,14.1705,18.4215
0.1040,0.0000,0.0000,0.1519,0.1806,0.0019,0.3154,-0.0316,-0.0003,0.3358,-0.0328,0.1120,0.3358,-0.1181,0.1111,0.3396,-0.1217,0.1115,0.2577,0.0000,-0.4492,0.4797,0.4632,0.0000,0.0000,0.4375,0.0266,0.0399,14.1708,18.4221
0.1120,0.0000,0.0000,0.1519,0.1806,0.0019,0.3154,-0.0316,-0.0003,0.3358,-0.0328,0.1120,0.3358,-0.1181,0.1111,0.3396,-0.1217,0.1115,0.2577,0.0000,-0.4492,0.4797,0.4632,0.0000,0.0000,0.4375,0.0266,0.0399,14.1715,18.4233
0.1200,0.0000,0.0000,0.1519,0.1806,0.0019,0.3154,-0.0316,-0.0003,0.3358,-0.0328,0.1120,0.3358,-0.1181,0.1111,0.3396,-0.1217,0.1115,0.2578,0.0000,-0.4492,0.4797,0.4632,0.0000,0.0000,0.4376,0.0266,0.0399,14.1718,18.4239
0.1280,0.0000,0.0000,0.1519,0.1806,0.0019,0.3154,-0.0316,-0.0003,0.3358,-0.0328,0.1120,0.3358,-0.1181,0.1111,0.3396,-0.1217,0.1115,0.2578,0.0000,-0.4492,0.4797,0.4632,0.0000,0.0000,0.4376,0.0266,0.0399,14.1717,18.4237
0.1360,0.0000,0.0000,0.1519,0.1806,0.0019,0.3154,-0.0316,-0.0003,0.3358,-0.0328,0.1120,0.3358,-0.1181,0.1111,0.3396,-0.1217,0.1115,0.2578,0.0000,-0.4492,0.4797,0.4632,0.0000,0.0000,0.4376,0.0266,0.0399,14.1721,18.4244
0.1440,0.0000,0.0000,0.1519,0.1806,0.0019,0.3154,-0.0316,-0.0003,0.3358,-0.0328,0.1120,0.3358,-0.1181,0.1111,0.3396,-0.1217,0.1115,0.2578,0.0000,-0.4492,0.4797,0.4632,0.0000,0.0000,0.4376,0.0266,0.0399,14.1719,18.4240
0.1520,0.0000,0.0000,0.1519,0.1806,0.0019,0.3154,-0.0316,-0.0003,0.3358,-0.0328,0.1120,0.3358,-0.1181,0.1111,0.3396,-0.1217,0.1115,0.2578,0.0000,-0.4492,0.4797,0.4632,0.0000,0.0000,0.4377,0.0266,0.0399,14.1725,18.4251
0.1600,0.0000,0.0000,0.1519,0.1806,0.0019,0.3154,-0.0316,-0.0003,0.3358,-0.0328,0.1120,0.3358,-0.1181,0.1111,0.3396,-0.1217,0.1115,0.2578,0.0000,-0.4493,0.4797,0.4632,0.0000,0.0000,0.4376,0.0266,0.0399,14.1724,18.4249
0.1680,0.0000,0.0000,0.1519,0.1806,0.0019,0.3154,-0.0316,-0.0003,0.3358,-0.0328,0.1120,0.3358,-0.1181,0.1111,0.3396,-0.1217,0.1115,0.2578,0.0000,-0.4493,0.4797,0.4632,0.0000,0.0000,0.4378,0.0266,0.0399,14.1732,18.4264
0.1760,0.0000,0.0000,0.1519,0.1806,0.0019,0.3154,-0.0316,-0.0003,0.3359,-0.0328,0.1120,0.3359,-0.1181,0.1111,0.3397,-0.1217,0.1115,0.2578,0.0000,-0.4493,0.4797,0.4632,0.0000,0.0000,0.4378,0.0266,0.0399,14.1737,18.4273
0.1840,0.0000,0.0000,0.1519,0.1806,0.0019,0.3154,-0.0317,-0.0003,0.3359,-0.0328,0.1120,0.3359,-0.1181,0.1111,0.3396,-0.1217,0.1115,0.2578,0.0000,-0.4493,0.4797,0.4632,0.0000,0.0000,0.4378,0.0266,0.0399,14.1740,18.4278
0.1920,0.0000,0.0000,0.1519,0.1806,0.0019,0.3154,-0.0316,-0.0003,0.3359,-0.0328,0.1120,0.3359,-0.1181,0.1111,0.3396,-0.1217,0.1115,0.2578,0.0000,-0.4493,0.4797,0.4632,0.0000,0.0000,0.4378,0.0266,0.0399,14.1737,18.4273
0.2000,0.0000,0.0000,0.1519,0.1806,0.0019,0.3154,-0.0317,-0.0003,0.3359,-0.0328,0.1120,0.3359,-0.1181,0.1111,0.3397,-0.1217,0.1115,0.2578,0.0000,-0.4493,0.4797,0.4632,0.0000,0.0000,0.4379,0.0266,0.0399,14.1744,18.4286
0.2080,0.0000,0.0000,0.1519,0.1806,0.0019,0.3154,-0.0317,-0.0003,0.3359,-0.0328,0.1120,0.3359,-0.1181,0.1111,0.3397,-0.1217,0.1115,0.2579,0.0000,-0.4494,0.4797,0.4632,0.0000,0.0000,0.4380,0.0266,0.0399,14.1750,18.4297
0.2160,0.0000,0.0000,0.1519,0.1806,0.0019,0.3155,-0.0317,-0.0003,0.3359,-0.0329,0.1120,0.3359,-0.1181,0.1111,0.3397,-0.1218,0.1115,0.2579,0.0000,-0.4494,0.4797,0.4632,0.0000,0.0000,0.4381,0.0266,0.0399,14.1764,18.4323
0.2240,0.0000,0.0000,0.1519,0.1806,0.0019,0.3155,-0.0317,-0.0003,0.3359,-0.0328,0.1120,0.3359,-0.1181,0.1111,0.3397,-0.1218,0.1115,0.2579,0.0000,-0.4494,0.4797,0.4632,0.0000,0.0000,0.4381,0.0266,0.0399,14.1758,18.4310
0.2320,0.0000,0.0000,0.1519,0.1806,0.0019,0.3155,-0.0317,-0.0003,0.3359,-0.0329,0.1120,0.3359,-0.1181,0.1111,0.3397,-0.1218,0.1115,0.2579,0.0000,-0.4495,0.4797,0.4632,0.0000,0.0000,0.4382,0.0266,0.0399,14.1767,18.4328
0.2400,0.0000,0.0000,0.1519,0.1806,0.0019,0.3155,-0.0317,-0.0003,0.3359,-0.0329,0.1120,0.3359,-0.1181,0.1111,0.3397,-0.1218,0.1115,0.2579,0.0000,-0.4495,0.4797,0.4632,0.0000,0.0000,0.4382,0.0266,0.0399,14.1774,18.4340
0.2480,0.0000,0.0000,0.1519,0.1806,0.0019,0.3155,-0.0317,-0.0003,0.3359,-0.0329,0.1120,0.3359,-0.1181,0.1111,0.3398,-0.1218,0.1115,0.2580,0.0000,-0.4496,0.4796,0.4632,0.0000,0.0000,0.4383,0.0266,0.0399,14.1774,18.4341
0.2560,0.0000,0.0000,0.1519,0.1806,0.0019,0.3155,-0.0317,-0.0003,0.3359,-0.0329,0.1120,0.3359,-0.1181,0.1111,0.3398,-0.1218,0.1115,0.2580,0.0000,-0.4496,0.4797,0.4632,0.0000,0.0000,0.4384,0.0266,0.0399,14.1784,18.4358
0.2640,0.0000,0.0000,0.1519,0.1806,0.0019,0.3155,-0.0317,-0.0003,0.3360,-0.0329,0.1120,0.3360,-0.1181,0.1111,0.3398,-0.1218,0.1115,0.2580,0.0000,-0.4496,0.4796,0.4632,0.0000,0.0000,0.4384,0.0266,0.0399,14.1786,18.4363
0.2720,0.0000,0.0000,0.1519,0.1805,0.0019,0.3155,-0.0317,-0.0003,0.3360,-0.0329,0.1120,0.3360,-0.1181,0.1111,0.3398,-0.1218,0.1115,0.2580,0.0000,-0.4496,0.4797,0.4632,0.0000,0.0000,0.4385,0.0266,0.0399,14.1796,18.4381
0.2800,0.0000,0.0000,0.1519,0.1806,0.0019,0.3155,-0.0317,-0.0003,0.3360,-0.0329,0.1120,0.3360,-0.1181,0.1111,0.3398,-0.1218,0.1115,0.2580,0.0000,-0.4497,0.4796,0.4632,0.0000,0.0000,0.4385,0.0266,0.0399,14.1797,18.4383
0.2880,0.0000,0.0000,0.1519,0.1805,0.0019,0.3155,-0.0317,-0.0003,0.3360,-0.0329,0.1120,0.3360,-0.1182,0.1111,0.3399,-0.1219,0.1115,0.2580,0.0000,-0.4497,0.4797,0.4632,0.0000,0.0000,0.4387,0.0266,0.0399,14.1810,18.4406
0.2960,0.0000,0.0000,0.1519,0.1805,0.0019,0.3155,-0.0317,-0.0003,0.3360,-0.0329,0.1120,0.3360,-0.1182,0.1111,0.3399,-0.1219,0.1115,0.2581,0.0000,-0.4497,0.4797,0.4632,0.0000,0.0000,0.4387,0.0266,0.0399,14.1814,18.4413
0.3040,0.0000,0.0000,0.1519,0.1805,0.0019,0.3155,-0.0318,-0.0003,0.3360,-0.0329,0.1120,0.3360,-0.1182,0.1111,0.3399,-0.1219,0.1115,0.2581,0.0000,-0.4497,0.4797,0.4632,0.0000,0.0000,0.4389,0.0266,0.0399,14.1828,18.4438
0.3120,0.0000,0.0000,0.1519,0.1805,0.0019,0.3155,-0.0317,-0.0003,0.3360,-0.0329,0.1120,0.3360,-0.1182,0.1111,0.3399,-0.1219,0.1115,0.2581,0.0000,-0.4498,0.4796,0.4632,0.0000,0.0000,0.4389,0.0266,0.0399,14.1830,18.4443
0.3200,0.0000,0.0000,0.1519,0.1805,0.0019,0.3156,-0.0318,-0.0003,0.3360,-0.0329,0.1120,0.3360,-0.1182,0.1111,0.3399,-0.1219,0.1115,0.2581,0.0000,-0.4498,0.4797,0.4632,0.0000,0.0000,0.4390,0.0266,0.0399,14.1839,18.4458
0.3280,0.0000,0.0000,0.1519,0.1805,0.0019,0.3156,-0.0318,-0.0003,0.3360,-0.0330,0.1120,0.3360,-0.1182,0.1111,0.3399,-0.1220,0.1115,0.2581,0.0000,-0.4498,0.4797,0.4632,0.0000,0.0000,0.4391,0.0266,0.0399,14.1850,18.4479
0.3360,0.0000,0.0000,0.1519,0.1805,0.0019,0.3156,-0.0318,-0.0003,0.3361,-0.0330,0.1120,0.3361,-0.1182,0.1111,0.3400,-0.1220,0.1115,0.2581,0.0000,-0.4498,0.4797,0.4632,0.0000,0.0000,0.4392,0.0266,0.0399,14.1859,18.4495
0.3440,0.0000,0.0000,0.1519,0.1805,0.0019,0.3156,-0.0318,-0.0003,0.3361,-0.0330,0.1120,0.3361,-0.1182,0.1111,0.3400,-0.1220,0.1115,0.2582,0.0000,-0.4499,0.4797,0.4631,0.0000,0.0000,0.4393,0.0266,0.0399,14.1864,18.4504
0.3520,0.0000,0.0000,0.1519,0.1804,0.0019,0.3156,-0.0318,-0.0003,0.3361,-0.0330,0.1120,0.3361,-0.1182,0.1111,0.3400,-0.1220,0.1115,0.2582,0.0000,-0.4499,0.4797,0.4631,0.0000,0.0000,0.4394,0.0266,0.0399,14.1874,18.4523
0.3600,0.0000,0.0000,0.1519,0.1804,0.0019,0.3156,-0.0318,-0.0003,0.3361,-0.0330,0.1120,0.3361,-0.1183,0.1111,0.3400,-0.1220,0.1115,0.2582,0.0000,-0.4500,0.4797,0.4631,0.0000,0.0000,0.4396,0.0266,0.0399,14.1887,18.4546
0.3680,0.0000,0.0000,0.1519,0.1804,0.0019,0.3156,-0.0318,-0.0003,0.3361,-0.0330,0.1120,0.3361,-0.1183,0.1111,0.3401,-0.1220,0.1115,0.2583,0.0000,-0.4500,0.4797,0.4631,0.0000,0.0000,0.4396,0.0266,0.0399,14.1892,18.4555
0.3760,0.0000,0.0000,0.1519,0.1804,0.0019,0.3157,-0.0319,-0.0003,0.3361,-0.0330,0.1120,0.3361,-0.1183,0.1111,0.3401,-0.1221,0.1115,0.2583,0.0000,-0.4500,0.4797,0.4631,0.0000,0.0000,0.4398,0.0266,0.0399,14.1905,18.4579
0.3840,0.0000,0.0000,0.1519,0.1804,0.0019,0.3157,-0.0319,-0.0003,0.3362,-0.0330,0.1120,0.3362,-0.1183,0.1111,0.3401,-0.1221,0.1115,0.2583,0.0000,-0.4500,0.4797,0.4631,0.0000,0.0000,0.4399,0.0266,0.0399,14.1915,18.4598
0.3920,0.0000,0.0000,0.1519,0.1804,0.0019,0.3157,-0.0319,-0.0003,0.3362,-0.0331,0.1120,0.3362,-0.1183,0.1111,0.3401,-0.1221,0.1115,0.2583,0.0000,-0.4501,0.4797,0.4631,0.0000,0.0000,0.4400,0.0266,0.0399,14.1922,18.4611
0.4000,0.0000,0.0000,0.1519,0.1804,0.0019,0.3157,-0.0319,-0.0003,0.3362,-0.0331,0.1120,0.3362,-0.1183,0.1111,0.3401,-0.1221,0.1115,0.2583,0.0000,-0.4501,0.4797,0.4631,0.0000,0.0000,0.4402,0.0266,0.0399,14.1938,18.4640
0.4080,0.0000,0.0000,0.1519,0.1803,0.0019,0.3157,-0.0319,-0.0003,0.3362,-0.0331,0.1120,0.3362,-0.1183,0.1111,0.3402,-0.1222,0.1115,0.2584,0.0000,-0.4501,0.4797,0.4631,0.0000,0.0000,0.4403,0.0266,0.0399,14.1946,18.4654
0.4160,0.0000,0.0000,0.1519,0.1803,0.0019,0.3157,-0.0319,-0.0003,0.3362,-0.0331,0.1120,0.3362,-0.1184,0.1111,0.3402,-0.1222,0.1115,0.2584,0.0000,-0.4502,0.4797,0.4631,0.0000,0.0000,0.4404,0.0266,0.0399,14.1958,18.4676
0.4240,0.0000,0.0000,0.1519,0.1803,0.0019,0.3158,-0.0320,-0.0003,0.3362,-0.0331,0.1120,0.3362,-0.1184,0.1111,0.3402,-0.1222,0.1115,0.2584,0.0000,-0.4502,0.4797,0.4631,0.0000,0.0000,0.4406,0.0266,0.0399,14.1973,18.4703
0.4320,0.0000,0.0000,0.1519,0.1803,0.0019,0.3158,-0.0320,-0.0003,0.3363,-0.0331,0.1120,0.3363,-0.1184,0.1111,0.3403,-0.1222,0.1115,0.2585,0.0000,-0.4503,0.4797,0.4631,0.0000,0.0000,0.4406,0.0266,0.0399,14.1974,18.4705
0.4400,0.0000,0.0000,0.1519,0.1803,0.0019,0.3158,-0.0320,-0.0003,0.3363,-0.0331,0.1120,0.3363,-0.1184,0.1111,0.3403,-0.1222,0.1115,0.2585,0.0000,-0.4503,0.4797,0.4631,0.0000,0.0000,0.4408,0.0266,0.0399,14.1988,18.4731
0.4480,0.0000,0.0000,0.1519,0.1803,0.0019,0.3158,-0.0320,-0.0003,0.3363,-0.0332,0.1120,0.3363,-0.1184,0.1111,0.3403,-0.1223,0.1115,0.2585,0.0000,-0.4503,0.4797,0.4631,0.0000,0.0000,0.4409,0.0266,0.0399,14.2002,18.4756
0.4560,0.0000,0.0000,0.1519,0.1802,0.0019,0.3158,-0.0320,-0.0003,0.3363,-0.0332,0.1120,0.3363,-0.1184,0.1111,0.3404,-0.1223,0.1115,0.2586,0.0000,-0.4504,0.4797,0.4631,0.0000,0.0000,0.4411,0.0266,0.0399,14.2016,18.4780
0.4640,0.0000,0.0000,0.1519,0.1802,0.0019,0.3158,-0.0320,-0.0003,0.3363,-0.0332,0.1120,0.3363,-0.1184,0.1111,0.3404,-0.1223,0.1115,0.2586,0.0000,-0.4504,0.4797,0.4631,0.0000,0.0000,0.4411,0.0266,0.0399,14.2019,18.4786
0.4720,0.0000,0.0000,0.1519,0.1802,0.0019,0.3159,-0.0320,-0.0003,0.3364,-0.0332,0.1120,0.3364,-0.1185,0.1111,0.3404,-0.1223,0.1115,0.2586,0.0000,-0.4505,0.4797,0.4631,0.0000,0.0000,0.4414,0.0266,0.0399,14.2038,18.4821
0.4800,0.0000,0.0000,0.1519,0.1802,0.0019,0.3159,-0.0321,-0.0003,0.3364,-0.0332,0.1120,0.3364,-0.1185,0.1111,0.3404,-0.1224,0.1115,0.2586,0.0000,-0.4505,0.4797,0.4631,0.0000,0.0000,0.4415,0.0266,0.0399,14.2049,18.4841
0.4880,0.0000,0.0000,0.1519,0.1802,0.0019,0.3159,-0.0321,-0.0003,0.3364,-0.0332,0.1120,0.3364,-0.1185,0.1111,0.3405,-0.1224,0.1115,0.2587,0.0000,-0.4505,0.4797,0.4631,0.0000,0.0000,0.4416,0.0266,0.0399,14.2060,18.4862
0.4960,0.0000,0.0000,0.1519,0.1802,0.0019,0.3159,-0.0321,-0.0003,0.3364,-0.0333,0.1120,0.3364,-0.1185,0.1111,0.3405,-0.1224,0.1115,0.2587,0.0000,-0.4506,0.4797,0.4631,0.0000,0.0000,0.4418,0.0266,0.0399,14.2074,18.4887
0.5040,0.0000,0.0000,0.1519,0.1801,0.0019,0.3159,-0.0321,-0.0003,0.3365,-0.0333,0.1120,0.3365,-0.1185,0.1111,0.3405,-0.1224,0.1115,0.2587,0.0000,-0.4506,0.4797,0.4631,0.0000,0.0000,0.4419,0.0266,0.0399,14.2086,18.4908
0.5120,0.0000,0.0000,0.1519,0.1801,0.0019,0.3160,-0.0321,-0.0003,0.3365,-0.0333,0.1120,0.3365,-0.1186,0.1111,0.3406,-0.1225,0.1115,0.2588,0.0000,-0.4507,0.4797,0.4631,0.0000,0.0000,0.4421,0.0266,0.0399,14.2103,18.4940
0.5200,0.0000,0.0000,0.1519,0.1801,0.0019,0.3160,-0.0322,-0.0003,0.3365,-0.0333,0.1120,0.3365,-0.1186,0.1111,0.3406,-0.1225,0.1115,0.2588,0.0000,-0.4507,0.4797,0.4631,0.0000,0.0000,0.4423,0.0266,0.0399,14.2117,18.4966
0.5280,0.0000,0.0000,0.1519,0.1801,0.0019,0.3160,-0.0322,-0.0003,0.3365,-0.0333,0.1120,0.3365,-0.1186,0.1111,0.3406,-0.1225,0.1115,0.2588,0.0000,-0.4507,0.4797,0.4631,0.0000,0.0000,0.4424,0.0266,0.0399,14.2128,18.4986
0.5360,0.0000,0.0000,0.1519,0.1801,0.0019,0.3160,-0.0322,-0.0003,0.3365,-0.0334,0.1120,0.3365,-0.1186,0.1111,0.3407,-0.1226,0.1115,0.2589,0.0000,-0.4508,0.4797,0.4631,0.0000,0.0000,0.4427,0.0266,0.0399,14.2146,18.5018
0.5440,0.0000,0.0000,0.1519,0.1800,0.0019,0.3161,-0.0322,-0.0003,0.3366,-0.0334,0.1120,0.3366,-0.1186,0.1111,0.3407,-0.1226,0.1115,0.2589,0.0000,-0.4508,0.4797,0.4631,0.0000,0.0000,0.4428,0.0266,0.0399,14.2162,18.5047
0.5520,0.0000,0.0000,0.1519,0.1800,0.0019,0.3161,-0.0322,-0.0003,0.3366,-0.0334,0.1120,0.3366,-0.1187,0.1111,0.3407,-0.1226,0.1115,0.2589,0.0000,-0.4509,0.4797,0.4631,0.0000,0.0000,0.4430,0.0266,0.0399,14.2178,18.5077
0.5600,0.0000,0.0000,0.1519,0.1800,0.0019,0.3161,-0.0323,-0.0003,0.3366,-0.0334,0.1120,0.3366,-0.1187,0.1111,0.3408,-0.1227,0.1115,0.2590,0.0000,-0.4509,0.4797,0.4631,0.0000,0.0000,0.4432,0.0266,0.0399,14.2193,18.5105
0.5680,0.0000,0.0000,0.1519,0.1800,0.0019,0.3161,-0.0323,-0.0003,0.3366,-0.0335,0.1120,0.3366,-0.1187,0.1111,0.3408,-0.1227,0.1115,0.2590,0.0000,-0.4510,0.4797,0.4631,0.0000,0.0000,0.4434,0.0266,0.0399,14.2206,18.5128
0.5760,0.0000,0.0000,0.1519,0.1799,0.0019,0.3162,-0.0323,-0.0003,0.3367,-0.0335,0.1120,0.3367,-0.1187,0.1111,0.3408,-0.1227,0.1115,0.2590,0.0000,-0.4510,0.4797,0.4631,0.0000,0.0000,0.4436,0.0266,0.0399,14.2223,18.5158
0.5840,0.0000,0.0000,0.1519,0.1799,0.0019,0.3162,-0.0323,-0.0003,0.3367,-0.0335,0.1120,0.3367,-0.1188,0.1111,0.3409,-0.1228,0.1115,0.2591,0.0000,-0.4511,0.4798,0.4631,0.0000,0.0000,0.4438,0.0266,0.0399,14.2244,18.5198
0.5920,0.0000,0.0000,0.1519,0.1799,0.0019,0.3162,-0.0323,-0.0003,0.3367,-0.0335,0.1120,0.3367,-0.1188,0.1111,0.3409,-0.1228,0.1115,0.2591,0.0000,-0.4511,0.4798,0.4631,0.0000,0.0000,0.4440,0.0266,0.0399,14.2258,18.5222
0.6000,0.0000,0.0000,0.1519,0.1799,0.0019,0.3162,-0.0324,-0.0003,0.3367,-0.0335,0.1120,0.3367,-0.1188,0.1111,0.3409,-0.1228,0.1115,0.2591,0.0000,-0.4512,0.4798,0.4631,0.0000,0.0000,0.4442,0.0266,0.0399,14.2273,18.5250
0.6080,0.0000,0.0000,0.1519,0.1799,0.0019,0.3163,-0.0324,-0.0003,0.3367,-0.0336,0.1120,0.3367,-0.1188,0.1111,0.3410,-0.1229,0.1115,0.2592,0.0000,-0.4512,0.4798,0.4631,0.0000,0.0000,0.4443,0.0266,0.0399,14.2283,18.5269
0.6160,0.0000,0.0000,0.1519,0.1798,0.0019,0.3163,-0.0324,-0.0003,0.3368,-0.0336,0.1120,0.3368,-0.1188,0.1111,0.3410,-0.1229,0.1115,0.2592,0.0000,-0.4512,0.4798,0.4631,0.0000,0.0000,0.4445,0.0266,0.0399,14.2304,18.5307
0.6240,0.0000,0.0000,0.1519,0.1798,0.0019,0.3163,-0.0324,-0.0003,0.3368,-0.0336,0.1120,0.3368,-0.1189,0.1111,0.3410,-0.1229,0.1115,0.2592,0.0000,-0.4513,0.4798,0.4631,0.0000,0.0000,0.4447,0.0266,0.0399,14.2319,18.5335
0.6320,0.0000,0.0000,0.1519,0.1798,0.0019,0.3163,-0.0325,-0.0003,0.3368,-0.0336,0.1120,0.3368,-0.1189,0.1111,0.3411,-0.1230,0.1115,0.2593,0.0000,-0.4513,0.4798,0.4631,0.0000,0.0000,0.4450,0.0266,0.0399,14.2340,18.5372
0.6400,0.0000,0.0000,0.1519,0.1798,0.0019,0.3164,-0.0325,-0.0003,0.3369,-0.0337,0.1120,0.3369,-0.1189,0.1111,0.3411,-0.1230,0.1115,0.2593,0.0000,-0.4514,0.4798,0.4630,0.0000,0.0000,0.4452,0.0266,0.0399,14.2357,18.5403
0.6480,0.0000,0.0000,0.1519,0.1797,0.0019,0.3164,-0.0325,-0.0003,0.3369,-0.0337,0.1120,0.3369,-0.1189,0.1111,0.3412,-0.1230,0.1115,0.2594,0.0000,-0.4515,0.4798,0.4630,0.0000,0.0000,0.4453,0.0266,0.0399,14.2371,18.5430
0.6560,0.0000,0.0000,0.1519,0.1797,0.0019,0.3164,-0.0325,-0.0003,0.3369,-0.0337,0.1120,0.3369,-0.1190,0.1111,0.3412,-0.1231,0.1115,0.2594,0.0000,-0.4515,0.4798,0.4630,0.0000,0.0000,0.4456,0.0266,0.0399,14.2392,18.5467
0.6640,0.0000,0.0000,0.1519,0.1797,0.0019,0.3164,-0.0326,-0.0003,0.3369,-0.0337,0.1120,0.3369,-0.1190,0.1111,0.3413,-0.1231,0.1115,0.2595,0.0000,-0.4516,0.4798,0.4630,0.0000,0.0000,0.4458,0.0266,0.0399,14.2412,18.5504
0.6720,0.0000,0.0000,0.1519,0.1797,0.0019,0.3165,-0.0326,-0.0003,0.3370,-0.0338,0.1120,0.3370,-0.1190,0.1111,0.3413,-0.1232,0.1115,0.2595,0.0000,-0.4517,0.4798,0.4630,0.0000,0.0000,0.4460,0.0266,0.0399,14.2428,18.5532
0.6800,0.0000,0.0000,0.1519,0.1796,0.0019,0.3165,-0.0326,-0.0003,0.3370,-0.0338,0.1120,0.3370,-0.1190,0.1111,0.3414,-0.1232,0.1115,0.2596,0.0000,-0.4518,0.4798,0.4630,0.0000,0.0000,0.4463,0.0266,0.0399,14.2451,18.5574
0.6880,0.0000,0.0000,0.1519,0.1796,0.0019,0.3165,-0.0326,-0.0003,0.3370,-0.0338,0.1120,0.3370,-0.1191,0.1111,0.3414,-0.1233,0.1115,0.2596,0.0000,-0.4518,0.4798,0.4630,0.0000,0.0000,0.4465,0.0266,0.0399,14.2473,18.5615
0.6960,0.0000,0.0000,0.1519,0.1796,0.0019,0.3166,-0.0327,-0.0003,0.3371,-0.0338,0.1120,0.3371,-0.1191,0.1111,0.3414,-0.1233,0.1115,0.2596,0.0000,-0.4518,0.4798,0.4630,0.0000,0.0000,0.4467,0.0266,0.0399,14.2482,18.5632
0.7040,0.0000,0.0000,0.1519,0.1796,0.0019,0.3166,-0.0327,-0.0003,0.3371,-0.0339,0.1120,0.3371,-0.1191,0.1111,0.3415,-0.1233,0.1115,0.2597,0.0000,-0.4519,0.4798,0.4630,0.0000,0.0000,0.4469,0.0266,0.0399,14.2505,18.5673
0.7120,0.0000,0.0000,0.1519,0.1795,0.0019,0.3166,-0.0327,-0.0003,0.3371,-0.0339,0.1120,0.3371,-0.1191,0.1111,0.3415,-0.1234,0.1115,0.2597,0.0000,-0.4520,0.4798,0.4630,0.0000,0.0000,0.4472,0.0266,0.0399,14.2526,18.5712
0.7200,0.0000,0.0000,0.1519,0.1795,0.0019,0.3166,-0.0327,-0.0003,0.3372,-0.0339,0.1120,0.3372,-0.1192,0.1111,0.3416,-0.1234,0.1115,0.2598,0.0000,-0.4520,0.4798,0.4630,0.0000,0.0000,0.4474,0.0266,0.0399,14.2542,18.5741
0.7280,0.0000,0.0000,0.1519,0.1795,0.0019,0.3167,-0.0328,-0.0003,0.3372,-0.0340,0.1120,0.3372,-0.1192,0.1111,0.3416,-0.1234,0.1115,0.2598,0.0000,-0.4521,0.4798,0.4630,0.0000,0.0000,0.4477,0.0266,0.0399,14.2568,18.5788
0.7360,0.0000,0.0000,0.1519,0.1794,0.0019,0.3167,-0.0328,-0.0003,0.3372,-0.0340,0.1120,0.3372,-0.1192,0.1111,0.3417,-0.1235,0.1115,0.2599,0.0000,-0.4521,0.4798,0.4630,0.0000,0.0000,0.4479,0.0266,0.0399,14.2589,18.5826
0.7440,0.0000,0.0000,0.1519,0.1794,0.0019,0.3167,-0.0328,-0.0003,0.3373,-0.0340,0.1120,0.3373,-0.1192,0.1111,0.3417,-0.1235,0.1115,0.2600,0.0000,-0.4522,0.4798,0.4630,0.0000,0.0000,0.4481,0.0266,0.0399,14.2606,18.5859
0.7520,0.0000,0.0000,0.1519,0.1794,0.0019,0.3168,-0.0329,-0.0003,0.3373,-0.0340,0.1120,0.3373,-0.1193,0.1111,0.3418,-0.1236,0.1115,0.2600,0.0000,-0.4523,0.4798,0.4630,0.0000,0.0000,0.4484,0.0266,0.0399,14.2627,18.5897
0.7600,0.0000,0.0000,0.1519,0.1794,0.0019,0.3168,-0.0329,-0.0003,0.3373,-0.0341,0.1120,0.3373,-0.1193,0.1111,0.3418,-0.1236,0.1115,0.2601,0.0000,-0.4524,0.4798,0.4630,0.0000,0.0000,0.4486,0.0266,0.0399,14.2649,18.5937
0.7680,0.0000,0.0000,0.1519,0.1793,0.0019,0.3168,-0.0329,-0.0003,0.3374,-0.0341,0.1120,0.3374,-0.1193,0.1111,0.3419,-0.1237,0.1115,0.2601,0.0000,-0.4524,0.4798,0.4630,0.0000,0.0000,0.4489,0.0266,0.0399,14.2667,18.5970
0.7760,0.0000,0.0000,0.1519,0.1793,0.0019,0.3169,-0.0329,-0.0003,0.3374,-0.0341,0.1120,0.3374,-0.1193,0.1111,0.3419,-0.1237,0.1115,0.2601,0.0000,-0.4525,0.4799,0.4630,0.0000,0.0000,0.4491,0.0266,0.0399,14.2686,18.6005
0.7840,0.0000,0.0000,0.1519,0.1793,0.0019,0.3169,-0.0330,-0.0003,0.3374,-0.0342,0.1120,0.3374,-0.1194,0.1111,0.3420,-0.1237,0.1115,0.2602,0.0000,-0.4525,0.4799,0.4630,0.0000,0.0000,0.4494,0.0266,0.0399,14.2710,18.6049
0.7920,0.0000,0.0000,0.1519,0.1792,0.0019,0.3169,-0.0330,-0.0003,0.3375,-0.0342,0.1120,0.3375,-0.1194,0.1111,0.3420,-0.1238,0.1115,0.2602,0.0000,-0.4525,0.4799,0.4630,0.0000,0.0000,0.4496,0.0266,0.0399,14.2731,18.6087
0.8000,0.0000,0.0000,0.1519,0.1792,0.0019,0.3170,-0.0330,-0.0003,0.3375,-0.0342,0.1120,0.3375,-0.1194,0.1111,0.3421,-0.1238,0.1115,0.2603,0.0000,-0.4526,0.4799,0.4630,0.0000,0.0000,0.4499,0.0266,0.0399,14.2752,18.6125
0.8080,0.0000,0.0000,0.1519,0.1792,0.0019,0.3170,-0.0331,-0.0003,0.3375,-0.0343,0.1120,0.3375,-0.1195,0.1111,0.3421,-0.1239,0.1115,0.2604,0.0000,-0.4527,0.4799,0.4630,0.0000,0.0000,0.4501,0.0266,0.0399,14.2773,18.6164
0.8160,0.0000,0.0000,0.1519,0.1791,0.0019,0.3170,-0.0331,-0.0003,0.3376,-0.0343,0.1120,0.3376,-0.1195,0.1111,0.3422,-0.1239,0.1115,0.2604,0.0000,-0.4528,0.4799,0.4629,0.0000,0.0000,0.4504,0.0266,0.0399,14.2795,18.6204
0.8240,0.0000,0.0000,0.1519,0.1791,0.0019,0.3171,-0.0331,-0.0003,0.3376,-0.0343,0.1120,0.3376,-0.1195,0.1111,0.3422,-0.1240,0.1115,0.2605,0.0000,-0.4529,0.4799,0.4629,0.0000,0.0000,0.4506,0.0266,0.0399,14.2814,18.6238
0.8320,0.0000,0.0000,0.1519,0.1791,0.0019,0.3171,-0.0332,-0.0003,0.3376,-0.0343,0.1120,0.3376,-0.1196,0.1111,0.3423,-0.1240,0.1115,0.2605,0.0000,-0.4529,0.4799,0.4629,0.0000,0.0000,0.4509,0.0266,0.0399,14.2838,18.6283
0.8400,0.0000,0.0000,0.1519,0.1791,0.0019,0.3171,-0.0332,-0.0003,0.3377,-0.0344,0.1120,0.3377,-0.1196,0.1111,0.3423,-0.1241,0.1115,0.2606,0.0000,-0.4530,0.4799,0.4629,0.0000,0.0000,0.4511,0.0266,0.0399,14.2858,18.6320
0.8480,0.0000,0.0000,0.1519,0.1790,0.0019,0.3172,-0.0332,-0.0003,0.3377,-0.0344,0.1120,0.3377,-0.1196,0.1111,0.3424,-0.1241,0.1115,0.2606,0.0000,-0.4530,0.4799,0.4629,0.0000,0.0000,0.4514,0.0266,0.0399,14.2883,18.6365
0.8560,0.0000,0.0000,0.1519,0.1790,0.0019,0.3172,-0.0333,-0.0003,0.3377,-0.0344,0.1120,0.3377,-0.1197,0.1111,0.3424,-0.1242,0.1115,0.2606,0.0000,-0.4530,0.4799,0.4629,0.0000,0.0000,0.4517,0.0266,0.0399,14.2905,18.6406
0.8640,0.0000,0.0000,0.1519,0.1790,0.0019,0.3172,-0.0333,-0.0003,0.3378,-0.0345,0.1120,0.3378,-0.1197,0.1111,0.3425,-0.1242,0.1115,0.2607,0.0000,-0.4531,0.4799,0.4629,0.0000,0.0000,0.4519,0.0266,0.0399,14.2924,18.6441
0.8720,0.0000,0.0000,0.1519,0.1789,0.0019,0.3173,-0.0333,-0.0003,0.3378,-0.0345,0.1120,0.3378,-0.1197,0.1111,0.3426,-0.1243,0.1115,0.2608,0.0000,-0.4532,0.4799,0.4629,0.0000,0.0000,0.4522,0.0266,0.0399,14.2949,18.6486
0.8800,0.0000,0.0000,0.1519,0.1789,0.0019,0.3173,-0.0334,-0.0003,0.3379,-0.0345,0.1120,0.3379,-0.1197,0.1111,0.3426,-0.1243,0.1115,0.2608,0.0000,-0.4533,0.4799,0.4629,0.0000,0.0000,0.4525,0.0266,0.0399,14.2974,18.6532
0.8880,0.0000,0.0000,0.1519,0.1789,0.0019,0.3173,-0.0334,-0.0003,0.3379,-0.0346,0.1120,0.3379,-0.1198,0.1111,0.3427,-0.1244,0.1115,0.2609,0.0000,-0.4534,0.4799,0.4629,0.0000,0.0000,0.4528,0.0266,0.0399,14.2998,18.6576
0.8960,0.0000,0.0000,0.1519,0.1788,0.0019,0.3174,-0.0334,-0.0004,0.3379,-0.0346,0.1120,0.3379,-0.1198,0.1111,0.3427,-0.1244,0.1114,0.2610,0.0000,-0.4534,0.4800,0.4629,0.0000,0.0000,0.4532,0.0266,0.0399,14.3029,18.6633
0.9040,0.0000,0.0000,0.1519,0.1788,0.0019,0.3174,-0.0335,-0.0003,0.3380,-0.0346,0.1120,0.3380,-0.1198,0.1111,0.3428,-0.1245,0.1115,0.2610,0.0000,-0.4535,0.4800,0.4629,0.0000,0.0000,0.4534,0.0266,0.0399,14.3051,18.6672
0.9120,0.0000,0.0000,0.1519,0.1787,0.0019,0.3175,-0.0335,-0.0004,0.3380,-0.0347,0.1120,0.3380,-0.1199,0.1111,0.3429,-0.1245,0.1114,0.2611,0.0000,-0.4536,0.4800,0.4629,0.0000,0.0000,0.4538,0.0266,0.0399,14.3077,18.6721
0.9200,0.0000,0.0000,0.1519,0.1787,0.0019,0.3175,-0.0335,-0.0004,0.3381,-0.0347,0.1120,0.3381,-0.1199,0.1111,0.3429,-0.1246,0.1115,0.2611,0.0000,-0.4537,0.4800,0.4629,0.0000,0.0000,0.4540,0.0266,0.0399,14.3099,18.6760
0.9280,0.0000,0.0000,0.1519,0.1787,0.0019,0.3175,-0.0336,-0.0004,0.3381,-0.0347,0.1120,0.3381,-0.1199,0.1111,0.3430,-0.1246,0.1114,0.2612,0.0000,-0.4538,0.4800,0.4629,0.0000,0.0000,0.4544,0.0266,0.0399,14.3130,18.6817
0.9360,0.0000,0.0000,0.1519,0.1786,0.0019,0.3176,-0.0336,-0.0004,0.3382,-0.0348,0.1120,0.3382,-0.1200,0.1111,0.3431,-0.1247,0.1115,0.2613,0.0000,-0.4538,0.4800,0.4628,0.0000,0.0000,0.4547,0.0266,0.0399,14.3151,18.6857
0.9440,0.0000,0.0000,0.1519,0.1786,0.0019,0.3176,-0.0336,-0.0004,0.3382,-0.0348,0.1120,0.3382,-0.1200,0.1111,0.3431,-0.1247,0.1114,0.2614,0.0000,-0.4539,0.4800,0.4628,0.0000,0.0000,0.4550,0.0266,0.0399,14.3179,18.6908
0.9520,0.0000,0.0000,0.1519,0.1786,0.0019,0.3176,-0.0337,-0.0004,0.3383,-0.0348,0.1120,0.3383,-0.1200,0.1111,0.3432,-0.1248,0.1114,0.2614,0.0000,-0.4540,0.4800,0.4628,0.0000,0.0000,0.4553,0.0266,0.0399,14.3205,18.6956
0.9600,0.0000,0.0000,0.1519,0.1785,0.0019,0.3177,-0.0337,-0.0004,0.3383,-0.0349,0.1120,0.3383,-0.1201,0.1111,0.3433,-0.1249,0.1114,0.2615,0.0000,-0.4541,0.4800,0.4628,0.0000,0.0000,0.4556,0.0266,0.0399,14.3232,18.7004
0.9680,0.0000,0.0000,0.1519,0.1785,0.0019,0.3177,-0.0337,-0.0004,0.3383,-0.0349,0.1120,0.3383,-0.1201,0.1111,0.3433,-0.1249,0.1114,0.2616,0.0000,-0.4541,0.4800,0.4628,0.0000,0.0000,0.4559,0.0266,0.0399,14.3255,18.7048
0.9760,0.0000,0.0000,0.1519,0.1785,0.0019,0.3178,-0.0338,-0.0004,0.3384,-0.0349,0.1120,0.3384,-0.1201,0.1111,0.3434,-0.1249,0.1114,0.2616,0.0000,-0.4542,0.4800,0.4628,0.0000,0.0000,0.4561,0.0266,0.0399,14.3275,18.7084
0.9840,0.0000,0.0000,0.1519,0.1784,0.0019,0.3178,-0.0338,-0.0004,0.3384,-0.0350,0.1120,0.3384,-0.1202,0.1111,0.3434,-0.1250,0.1114,0.2617,0.0000,-0.4543,0.4800,0.4628,0.0000,0.0000,0.4565,0.0266,0.0399,14.3305,18.7139
0.9920,0.0000,0.0000,0.1519,0.1784,0.0019,0.3179,-0.0339,-0.0004,0.3385,-0.0350,0.1120,0.3385,-0.1202,0.1111,0.3435,-0.1251,0.1114,0.2618,0.0000,-0.4544,0.4800,0.4628,0.0000,0.0000,0.4568,0.0266,0.0399,14.3332,18.7189
1.0000,0.0000,0.0000,0.1519,0.1784,0.0019,0.3179,-0.0339,-0.0004,0.3385,-0.0351,0.1120,0.3385,-0.1203,0.1111,0.3436,-0.1251,0.1114,0.2618,0.0000,-0.4545,0.4800,0.4628,0.0000,0.0000,0.4572,0.0266,0.0399,14.3360,18.7240
1.0080,0.0000,0.0000,0.1519,0.1783,0.0019,0.3179,-0.0339,-0.0004,0.3386,-0.0351,0.1120,0.3386,-0.1203,0.1111,0.3437,-0.1252,0.1114,0.2619,0.0000,-0.4546,0.4800,0.4628,0.0000,0.0000,0.4575,0.0266,0.0399,14.3389,18.7293
1.0160,0.0000,0.0000,0.1519,0.1783,0.0019,0.3180,-0.0340,-0.0004,0.3386,-0.0351,0.1120,0.3386,-0.1203,0.1111,0.3437,-0.1252,0.1114,0.2620,0.0000,-0.4546,0.4800,0.4628,0.0000,0.0000,0.4578,0.0266,0.0399,14.3412,18.7335
1.0240,0.0000,0.0000,0.1519,0.1782,0.0019,0.3180,-0.0340,-0.0004,0.3387,-0.0352,0.1120,0.3387,-0.1204,0.1111,0.3438,-0.1253,0.1114,0.2620,0.0000,-0.4547,0.4800,0.4627,0.0000,0.0000,0.4581,0.0266,0.0399,14.3435,18.7377
1.0320,0.0000,0.0000,0.1519,0.1782,0.0019,0.3181,-0.0340,-0.0004,0.3387,-0.0352,0.1120,0.3387,-0.1204,0.1111,0.3439,-0.1254,0.1114,0.2621,0.0000,-0.4548,0.4800,0.4627,0.0000,0.0000,0.4585,0.0266,0.0399,14.3470,18.7442
1.0400,0.0000,0.0000,0.1519,0.1782,0.0019,0.3181,-0.0341,-0.0004,0.3388,-0.0353,0.1120,0.3388,-0.1204,0.1111,0.3439,-0.1254,0.1114,0.2622,0.0000,-0.4549,0.4800,0.4627,0.0000,0.0000,0.4588,0.0266,0.0399,14.3499,18.7496
1.0480,0.0000,0.0000,0.1519,0.1781,0.0019,0.3181,-0.0341,-0.0004,0.3388,-0.0353,0.1120,0.3388,-0.1205,0.1111,0.3440,-0.1255,0.1114,0.2623,0.0000,-0.4549,0.4800,0.4627,0.0000,0.0000,0.4591,0.0266,0.0399,14.3523,18.7539
1.0560,0.0000,0.0000,0.1519,0.1781,0.0019,0.3182,-0.0342,-0.0004,0.3388,-0.0353,0.1120,0.3388,-0.1205,0.1111,0.3441,-0.1255,0.1114,0.2623,0.0000,-0.4550,0.4800,0.4627,0.0000,0.0000,0.4594,0.0266,0.0399,14.3549,18.7586
1.0640,0.0000,0.0000,0.1519,0.1780,0.0019,0.3182,-0.0342,-0.0004,0.3389,-0.0354,0.1120,0.3389,-0.1205,0.1111,0.3441,-0.1256,0.1114,0.2624,0.0000,-0.4551,0.4801,0.4627,0.0000,0.0000,0.4598,0.0266,0.0399,14.3578,18.7640
1.0720,0.0000,0.0000,0.1519,0.1780,0.0019,0.3183,-0.0342,-0.0004,0.3389,-0.0354,0.1120,0.3389,-0.1206,0.1111,0.3442,-0.1257,0.1114,0.2625,0.0000,-0.4552,0.4801,0.4627,0.0000,0.0000,0.4601,0.0266,0.0399,14.3606,18.7692
1.0800,0.0000,0.0000,0.1519,0.1780,0.0019,0.3183,-0.0343,-0.0004,0.3390,-0.0355,0.1120,0.3390,-0.1206,0.1111,0.3443,-0.1257,0.1114,0.2625,0.0000,-0.4552,0.4801,0.4627,0.0000,0.0000,0.4605,0.0266,0.0399,14.3636,18.7746
1.0880,0.0000,0.0000,0.1519,0.1779,0.0019,0.3184,-0.0343,-0.0004,0.3390,-0.0355,0.1120,0.3390,-0.1207,0.1111,0.3443,-0.1258,0.1114,0.2626,0.0000,-0.4553,0.4801,0.4627,0.0000,0.0000,0.4609,0.0266,0.0399,14.3669,18.7807
1.0960,0.0000,0.0000,0.1519,0.1779,0.0019,0.3184,-0.0344,-0.0004,0.3391,-0.0355,0.1120,0.3391,-0.1207,0.1111,0.3444,-0.1258,0.1114,0.2627,0.0000,-0.4554,0.4801,0.4627,0.0000,0.0000,0.4612,0.0266,0.0399,14.3693,18.7851
1.1040,0.0000,0.0000,0.1519,0.1778,0.0019,0.3184,-0.0344,-0.0004,0.3391,-0.0356,0.1120,0.3391,-0.1208,0.1111,0.3445,-0.1259,0.1114,0.2627,0.0000,-0.4554,0.4801,0.4627,0.0000,0.0000,0.4615,0.0266,0.0399,14.3723,18.7906
1.1120,0.0000,0.0000,0.1519,0.1778,0.0019,0.3185,-0.0345,-0.0004,0.3392,-0.0356,0.1120,0.3392,-0.1208,0.1111,0.3445,-0.1260,0.1114,0.2628,0.0000,-0.4555,0.4801,0.4627,0.0000,0.0000,0.4620,0.0266,0.0399,14.3758,18.7972
1.1200,0.0000,0.0000,0.1519,0.1777,0.0019,0.3185,-0.0345,-0.0004,0.3392,-0.0357,0.1120,0.3392,-0.1208,0.1111,0.3446,-0.1260,0.1114,0.2629,0.0000,-0.4556,0.4801,0.4626,0.0000,0.0000,0.4623,0.0266,0.0399,14.3783,18.8018
1.1280,0.0000,0.0000,0.1519,0.1777,0.0019,0.3186,-0.0345,-0.0004,0.3393,-0.0357,0.1120,0.3393,-0.1209,0.1111,0.3447,-0.1261,0.1114,0.2629,0.0000,-0.4557,0.4801,0.4626,0.0000,0.0000,0.4626,0.0266,0.0399,14.3807,18.8062
1.1360,0.0000,0.0000,0.1519,0.1777,0.0019,0.3186,-0.0346,-0.0004,0.3393,-0.0357,0.1120,0.3393,-0.1209,0.1111,0.3448,-0.1262,0.1114,0.2630,0.0000,-0.4557,0.4802,0.4626,0.0000,0.0000,0.4630,0.0266,0.0399,14.3841,18.8125
1.1440,0.0000,0.0000,0.1519,0.1776,0.0019,0.3187,-0.0346,-0.0004,0.3394,-0.0358,0.1120,0.3394,-0.1210,0.1111,0.3449,-0.1262,0.1114,0.2631,0.0000,-0.4558,0.4802,0.4626,0.0000,0.0000,0.4634,0.0266,0.0399,14.3878,18.8191
1.1520,0.0000,0.0000,0.1519,0.1776,0.0019,0.3187,-0.0347,-0.0004,0.3394,-0.0358,0.1120,0.3394,-0.1210,0.1111,0.3449,-0.1263,0.1114,0.2632,0.0000,-0.4559,0.4802,0.4626,0.0000,0.0000,0.4637,0.0266,0.0399,14.3904,18.8240
1.1600,0.0000,0.0000,0.1519,0.1775,0.0019,0.3188,-0.0347,-0.0004,0.3395,-0.0359,0.1120,0.3395,-0.1210,0.1111,0.3450,-0.1264,0.1114,0.2633,0.0000,-0.4560,0.4802,0.4626,0.0000,0.0000,0.4641,0.0266,0.0399,14.3933,18.8294
1.1680,0.0000,0.0000,0.1519,0.1775,0.0019,0.3188,-0.0347,-0.0004,0.3395,-0.0359,0.1120,0.3395,-0.1211,0.1111,0.3451,-0.1264,0.1114,0.2634,0.0000,-0.4561,0.4802,0.4626,0.0000,0.0000,0.4645,0.0266,0.0399,14.3968,18.8358
1.1760,0.0000,0.0000,0.1519,0.1774,0.0019,0.3189,-0.0348,-0.0004,0.3396,-0.0360,0.1120,0.3396,-0.1211,0.1111,0.3452,-0.1265,0.1114,0.2635,0.0000,-0.4562,0.4802,0.4626,0.0000,0.0000,0.4649,0.0266,0.0399,14.3997,18.8412
1.1840,0.0000,0.0000,0.1519,0.1774,0.0019,0.3189,-0.0348,-0.0004,0.3396,-0.0360,0.1120,0.3396,-0.1212,0.1111,0.3452,-0.1266,0.1114,0.2635,0.0000,-0.4562,0.4802,0.4626,0.0000,0.0000,0.4653,0.0266,0.0399,14.4031,18.8473
1.1920,0.0000,0.0000,0.1519,0.1774,0.0019,0.3190,-0.0349,-0.0004,0.3397,-0.0360,0.1120,0.3397,-0.1212,0.1111,0.3453,-0.1266,0.1114,0.2636,0.0000,-0.4563,0.4802,0.4626,0.0000,0.0000,0.4656,0.0266,0.0399,14.4056,18.8520
1.2000,0.0000,0.0000,0.1519,0.1773,0.0019,0.3190,-0.0349,-0.0004,0.3397,-0.0361,0.1120,0.3397,-0.1213,0.1111,0.3454,-0.1267,0.1114,0.2637,0.0000,-0.4564,0.4802,0.4625,0.0000,0.0000,0.4660,0.0266,0.0399,14.4091,18.8585
1.2080,0.0000,0.0000,0.1519,0.1772,0.0019,0.3191,-0.0350,-0.0004,0.3398,-0.0362,0.1120,0.3398,-0.1213,0.1111,0.3455,-0.1268,0.1114,0.2638,0.0000,-0.4565,0.4802,0.4625,0.0000,0.0000,0.4664,0.0266,0.0399,14.4127,18.8651
1.2160,0.0000,0.0000,0.1519,0.1772,0.0019,0.3191,-0.0350,-0.0004,0.3398,-0.0362,0.1120,0.3398,-0.1214,0.1111,0.3455,-0.1268,0.1114,0.2638,0.0000,-0.4565,0.4803,0.4625,0.0000,0.0000,0.4668,0.0266,0.0399,14.4160,18.8711
1.2240,0.0000,0.0000,0.1519,0.1772,0.0019,0.3192,-0.0351,-0.0004,0.3399,-0.0363,0.1120,0.3399,-0.1214,0.1111,0.3456,-0.1269,0.1114,0.2639,0.0000,-0.4566,0.4803,0.4625,0.0000,0.0000,0.4672,0.0266,0.0399,14.4192,18.8771
1.2320,0.0000,0.0000,0.1519,0.1771,0.0019,0.3192,-0.0351,-0.0004,0.3399,-0.0363,0.1120,0.3399,-0.1214,0.1111,0.3457,-0.1270,0.1114,0.2640,0.0000,-0.4567,0.4803,0.4625,0.0000,0.0000,0.4676,0.0266,0.0399,14.4222,18.8826
1.2400,0.0000,0.0000,0.1519,0.1771,0.0019,0.3193,-0.0352,-0.0004,0.3400,-0.0363,0.1120,0.3400,-0.1215,0.1111,0.3458,-0.1270,0.1114,0.2641,0.0000,-0.4568,0.4803,0.4625,0.0000,0.0000,0.4679,0.0266,0.0399,14.4250,18.8878
1.2480,0.0000,0.0000,0.1519,0.1770,0.0018,0.3193,-0.0352,-0.0004,0.3401,-0.0364,0.1120,0.3401,-0.1215,0.1111,0.3459,-0.1271,0.1114,0.2642,0.0000,-0.4569,0.4803,0.4625,0.0000,0.0000,0.4683,0.0266,0.0399,14.4285,18.8943
1.2560,0.0000,0.0000,0.1519,0.1770,0.0019,0.3194,-0.0352,-0.0004,0.3401,-0.0364,0.1120,0.3401,-0.1216,0.1111,0.3460,-0.1272,0.1114,0.2643,0.0000,-0.4570,0.4803,0.4625,0.0000,0.0000,0.4687,0.0266,0.0399,14.4317,18.9002
1.2640,0.0000,0.0000,0.1519,0.1769,0.0018,0.3194,-0.0353,-0.0004,0.3402,-0.0365,0.1120,0.3402,-0.1216,0.1111,0.3461,-0.1273,0.1114,0.2644,0.0000,-0.4571,0.4803,0.4624,0.0000,0.0000,0.4691,0.0266,0.0399,14.4352,18.9065
1.2720,0.0000,0.0000,0.1519,0.1769,0.0019,0.3195,-0.0354,-0.0004,0.3402,-0.0365,0.1120,0.3402,-0.1217,0.1111,0.3461,-0.1273,0.1114,0.2644,0.0000,-0.4571,0.4803,0.4624,0.0000,0.0000,0.4696,0.0266,0.0399,14.4389,18.9133
1.2800,0.0000,0.0000,0.1519,0.1768,0.0019,0.3195,-0.0354,-0.0004,0.3403,-0.0366,0.1120,0.3403,-0.1217,0.1111,0.3462,-0.1274,0.1114,0.2645,0.0000,-0.4572,0.4803,0.4624,0.0000,0.0000,0.4700,0.0266,0.0399,14.4423,18.9197
1.2880,0.0000,0.0000,0.1519,0.1768,0.0018,0.3196,-0.0355,-0.0004,0.3403,-0.0366,0.1120,0.3403,-0.1218,0.1111,0.3463,-0.1275,0.1114,0.2646,0.0000,-0.4573,0.4804,0.4624,0.0000,0.0000,0.4704,0.0266,0.0399,14.4455,18.9255
1.2960,0.0000,0.0000,0.1519,0.1767,0.0018,0.3196,-0.0355,-0.0004,0.3404,-0.0367,0.1120,0.3404,-0.1218,0.1111,0.3464,-0.1276,0.1114,0.2647,0.0000,-0.4574,0.4803,0.4624,0.0000,0.0000,0.4708,0.0266,0.0399,14.4486,18.9312
1.3040,0.0000,0.0000,0.1519,0.1767,0.0019,0.3197,-0.0355,-0.0004,0.3405,-0.0367,0.1120,0.3405,-0.1219,0.1111,0.3465,-0.1276,0.1114,0.2648,0.0000,-0.4575,0.4804,0.4624,0.0000,0.0000,0.4712,0.0266,0.0399,14.4523,18.9381
1.3120,0.0000,0.0000,0.1519,0.1766,0.0018,0.3197,-0.0356,-0.0004,0.3405,-0.0368,0.1120,0.3405,-0.1219,0.1111,0.3466,-0.1277,0.1114,0.2649,0.0000,-0.4575,0.4804,0.4624,0.0000,0.0000,0.4716,0.0266,0.0399,14.4553,18.9438
1.3200,0.0000,0.0000,0.1519,0.1766,0.0018,0.3198,-0.0357,-0.0004,0.3406,-0.0368,0.1120,0.3406,-0.1220,0.1111,0.3466,-0.1278,0.1114,0.2650,0.0000,-0.4576,0.4804,0.4624,0.0000,0.0000,0.4721,0.0266,0.0399,14.4594,18.9513
1.3280,0.0000,0.0000,0.1519,0.1765,0.0018,0.3198,-0.0357,-0.0004,0.3406,-0.0369,0.1120,0.3406,-0.1220,0.1111,0.3467,-0.1279,0.1114,0.2651,0.0000,-0.4577,0.4804,0.4623,0.0000,0.0000,0.4725,0.0266,0.0399,14.4626,18.9571
1.3360,0.0000,0.0000,0.1519,0.1765,0.0018,0.3199,-0.0357,-0.0004,0.3407,-0.0369,0.1120,0.3407,-0.1220,0.1111,0.3468,-0.1279,0.1114,0.2652,0.0000,-0.4578,0.4804,0.4623,0.0000,0.0000,0.4729,0.0266,0.0399,14.4662,18.9638
1.3440,0.0000,0.0000,0.1519,0.1764,0.0018,0.3199,-0.0358,-0.0004,0.3408,-0.0370,0.1120,0.3408,-0.1221,0.1111,0.3469,-0.1280,0.1114,0.2653,0.0000,-0.4579,0.4804,0.4623,0.0000,0.0000,0.4734,0.0266,0.0399,14.4699,18.9706
1.3520,0.0000,0.0000,0.1519,0.1764,0.0018,0.3200,-0.0359,-0.0004,0.3408,-0.0370,0.1120,0.3408,-0.1221,0.1111,0.3470,-0.1281,0.1114,0.2653,0.0000,-0.4580,0.4804,0.4623,0.0000,0.0000,0.4738,0.0266,0.0399,14.4735,18.9773
1.3600,0.0000,0.0000,0.1519,0.1763,0.0019,0.3201,-0.0359,-0.0004,0.3409,-0.0371,0.1120,0.3409,-0.1222,0.1111,0.3471,-0.1282,0.1114,0.2654,0.0000,-0.4580,0.4805,0.4623,0.0000,0.0000,0.4743,0.0266,0.0399,14.4772,18.9842
1.3680,0.0000,0.0000,0.1519,0.1763,0.0018,0.3201,-0.0360,-0.0004,0.3409,-0.0371,0.1120,0.3409,-0.1222,0.1111,0.3472,-0.1283,0.1114,0.2655,0.0000,-0.4581,0.4805,0.4623,0.0000,0.0000,0.4747,0.0266,0.0399,14.4806,18.9904
1.3760,0.0000,0.0000,0.1519,0.1762,0.0018,0.3202,-0.0360,-0.0004,0.3410,-0.0372,0.1120,0.3410,-0.1223,0.1111,0.3473,-0.1283,0.1114,0.2656,0.0000,-0.4582,0.4805,0.4623,0.0000,0.0000,0.4751,0.0266,0.0399,14.4841,18.9970
1.3840,0.0000,0.0000,0.1519,0.1762,0.0018,0.3202,-0.0361,-0.0004,0.3411,-0.0372,0.1120,0.3411,-0.1223,0.1111,0.3474,-0.1284,0.1114,0.2657,0.0000,-0.4583,0.4805,0.4623,0.0000,0.0000,0.4756,0.0266,0.0399,14.4879,19.0039
1.3920,0.0000,0.0000,0.1519,0.1761,0.0018,0.3203,-0.0361,-0.0004,0.3411,-0.0373,0.1120,0.3411,-0.1224,0.1111,0.3475,-0.1285,0.1114,0.2658,0.0000,-0.4583,0.4805,0.4622,0.0000,0.0000,0.4760,0.0266,0.0399,14.4912,19.0101
1.4000,0.0000,0.0000,0.1519,0.1761,0.0018,0.3203,-0.0362,-0.0004,0.3412,-0.0373,0.1120,0.3412,-0.1224,0.1111,0.3476,-0.1286,0.1114,0.2659,0.0000,-0.4584,0.4805,0.4622,0.0000,0.0000,0.4764,0.0266,0.0399,14.4946,19.0164
1.4080,0.0000,0.0000,0.1519,0.1760,0.0018,0.3204,-0.0362,-0.0004,0.3412,-0.0374,0.1120,0.3412,-0.1225,0.1111,0.3476,-0.1287,0.1114,0.2660,0.0000,-0.4584,0.4806,0.4622,0.0000,0.0000,0.4769,0.0266,0.0399,14.4989,19.0244
1.4160,0.0000,0.0000,0.1519,0.1759,0.0018,0.3204,-0.0363,-0.0004,0.3413,-0.0375,0.1120,0.3413,-0.1226,0.1111,0.3477,-0.1287,0.1114,0.2661,0.0000,-0.4585,0.4806,0.4622,0.0000,0.0000,0.4774,0.0266,0.0399,14.5025,19.0310
1.4240,0.0000,0.0000,0.1519,0.1759,0.0018,0.3205,-0.0363,-0.0004,0.3414,-0.0375,0.1120,0.3414,-0.1226,0.1111,0.3478,-0.1288,0.1114,0.2662,0.0000,-0.4586,0.4806,0.4622,0.0000,0.0000,0.4779,0.0266,0.0399,14.5066,19.0385
1.4320,0.0000,0.0000,0.1519,0.1758,0.0018,0.3206,-0.0364,-0.0004,0.3414,-0.0376,0.1120,0.3414,-0.1227,0.1111,0.3479,-0.1289,0.1114,0.2663,0.0000,-0.4587,0.4806,0.4622,0.0000,0.0000,0.4783,0.0266,0.0399,14.5101,19.0451
1.4400,0.0000,0.0000,0.1519,0.1757,0.0018,0.3207,-0.0365,-0.0004,0.3415,-0.0377,0.1120,0.3415,-0.1228,0.1111,0.3481,-0.1290,0.1114,0.2664,0.0000,-0.4588,0.4806,0.4621,0.0000,0.0000,0.4791,0.0266,0.0399,14.5168,19.0574
1.4480,0.0000,0.0000,0.1519,0.1757,0.0018,0.3207,-0.0366,-0.0004,0.3416,-0.0377,0.1120,0.3416,-0.1228,0.1111,0.3482,-0.1291,0.1114,0.2665,0.0000,-0.4589,0.4806,0.4621,0.0000,0.0000,0.4791,0.0266,0.0399,14.5168,19.0574
1.4560,0.0000,0.0000,0.1519,0.1756,0.0018,0.3208,-0.0366,-0.0004,0.3417,-0.0378,0.1120,0.3417,-0.1229,0.1111,0.3483,-0.1292,0.1114,0.2666,0.0000,-0.4589,0.4807,0.4621,0.0000,0.0000,0.4801,0.0266,0.0399,14.5247,19.0721
1.4640,0.0000,0.0000,0.1519,0.1756,0.0018,0.3208,-0.0367,-0.0004,0.3417,-0.0378,0.1120,0.3417,-0.1229,0.1111,0.3484,-0.1293,0.1114,0.2667,0.0000,-0.4590,0.4807,0.4621,0.0000,0.0000,0.4805,0.0266,0.0399,14.5281,19.0785
1.4720,0.0000,0.0000,0.1519,0.1755,0.0018,0.3209,-0.0367,-0.0004,0.3418,-0.0379,0.1120,0.3418,-0.1230,0.1111,0.3485,-0.1294,0.1114,0.2668,0.0000,-0.4591,0.4807,0.4621,0.0000,0.0000,0.4810,0.0266,0.0399,14.5319,19.0855
1.4800,0.0000,0.0000,0.1519,0.1754,0.0018,0.3210,-0.0368,-0.0004,0.3419,-0.0380,0.1120,0.3419,-0.1230,0.1111,0.3486,-0.1295,0.1114,0.2669,0.0000,-0.4592,0.4807,0.4621,0.0000,0.0000,0.4815,0.0266,0.0399,14.5359,19.0929
1.4880,0.0000,0.0000,0.1519,0.1754,0.0018,0.3210,-0.0368,-0.0004,0.3419,-0.0380,0.1120,0.3419,-0.1230,0.1111,0.3486,-0.1295,0.1114,0.2669,0.0000,-0.4592,0.4807,0.4621,0.0000,0.0000,0.4815,0.0266,0.0399,14.5359,19.0929
1.4960,0.0000,0.0000,0.1519,0.1753,0.0018,0.3211,-0.0369,-0.0004,0.3420,-0.0381,0.1120,0.3420,-0.1231,0.1111,0.3488,-0.1297,0.1114,0.2671,0.0000,-0.4593,0.4808,0.4620,0.0000,0.0000,0.4824,0.0266,0.0399,14.5438,19.1075
1.5040,0.0000,0.0000,0.1519,0.1752,0.0018,0.3212,-0.0370,-0.0004,0.3421,-0.0381,0.1120,0.3421,-0.1232,0.1111,0.3489,-0.1298,0.1114,0.2672,0.0000,-0.4594,0.4808,0.4620,0.0000,0.0000,0.4830,0.0266,0.0399,14.5484,19.1160
1.5120,0.0000,0.0000,0.1519,0.1752,0.0018,0.3212,-0.0370,-0.0004,0.3421,-0.0382,0.1120,0.3421,-0.1233,0.1111,0.3490,-0.1298,0.1114,0.2673,0.0000,-0.4595,0.4808,0.4620,0.0000,0.0000,0.4834,0.0266,0.0399,14.5520,19.1227
1.5200,0.0000,0.0000,0.1519,0.1751,0.0018,0.3213,-0.0371,-0.0004,0.3422,-0.0383,0.1120,0.3422,-0.1233,0.1111,0.3491,-0.1299,0.1114,0.2674,0.0000,-0.4596,0.4808,0.4620,0.0000,0.0000,0.4839,0.0266,0.0399,14.5557,19.1296
1.5280,0.0000,0.0000,0.1519,0.1751,0.0018,0.3214,-0.0371,-0.0004,0.3423,-0.0383,0.1120,0.3423,-0.1234,0.1111,0.3492,-0.1300,0.1114,0.2675,0.0000,-0.4596,0.4808,0.4620,0.0000,0.0000,0.4844,0.0266,0.0399,14.5599,19.1374
1.5360,0.0000,0.0000,0.1519,0.1750,0.0018,0.3214,-0.0372,-0.0004,0.3423,-0.0384,0.1120,0.3423,-0.1234,0.1111,0.3493,-0.1301,0.1114,0.2676,0.0000,-0.4597,0.4809,0.4620,0.0000,0.0000,0.4849,0.0266,0.0399,14.5639,19.1448
1.5440,0.0000,0.0000,0.1519,0.1750,0.0018,0.3215,-0.0373,-0.0004,0.3424,-0.0384,0.1120,0.3424,-0.1235,0.1111,0.3494,-0.1302,0.1114,0.2678,0.0000,-0.4598,0.4809,0.4619,0.0000,0.0000,0.4853,0.0266,0.0399,14.5676,19.1517
1.5520,0.0000,0.0000,0.1519,0.1750,0.0018,0.3215,-0.0373,-0.0004,0.3424,-0.0384,0.1120,0.3424,-0.1235,0.1111,0.3494,-0.1302,0.1114,0.2678,0.0000,-0.4598,0.4809,0.4619,0.0000,0.0000,0.4853,0.0266,0.0399,14.5676,19.1517
1.5600,0.0000,0.0000,0.1519,0.1748,0.0018,0.3216,-0.0374,-0.0004,0.3426,-0.0385,0.1120,0.3426,-0.1236,0.1111,0.3496,-0.1304,0.1114,0.2680,0.0000,-0.4599,0.4809,0.4619,0.0000,0.0000,0.4863,0.0266,0.0399,14.5755,19.1665
1.5680,0.0000,0.0000,0.1519,0.1748,0.0018,0.3217,-0.0374,-0.0004,0.3426,-0.0386,0.1120,0.3426,-0.1237,0.1111,0.3497,-0.1305,0.1114,0.2681,0.0000,-0.4600,0.4809,0.4619,0.0000,0.0000,0.4869,0.0266,0.0399,14.5799,19.1746
1.5760,0.0000,0.0000,0.1519,0.1747,0.0018,0.3217,-0.0375,-0.0004,0.3427,-0.0387,0.1119,0.3427,-0.1237,0.1111,0.3498,-0.1305,0.1114,0.2682,0.0000,-0.4601,0.4809,0.4619,0.0000,0.0000,0.4873,0.0266,0.0399,14.5838,19.1819
1.5840,0.0000,0.0000,0.1519,0.1746,0.0018,0.3218,-0.0376,-0.0004,0.3427,-0.0387,0.1120,0.3427,-0.1238,0.1111,0.3499,-0.1306,0.1114,0.2683,0.0000,-0.4601,0.4810,0.4618,0.0000,0.0000,0.4878,0.0266,0.0399,14.5876,19.1890
1.5920,0.0000,0.0000,0.1519,0.1746,0.0018,0.3218,-0.0376,-0.0004,0.3428,-0.0388,0.1120,0.3428,-0.1238,0.1111,0.3500,-0.1307,0.1114,0.2684,0.0000,-0.4602,0.4810,0.4618,0.0000,0.0000,0.4883,0.0266,0.0399,14.5917,19.1965
1.6000,0.0000,0.0000,0.1519,0.1745,0.0018,0.3219,-0.0377,-0.0004,0.3429,-0.0389,0.1120,0.3429,-0.1239,0.1111,0.3501,-0.1308,0.1114,0.2685,0.0000,-0.4603,0.4810,0.4618,0.0000,0.0000,0.4889,0.0266,0.0399,14.5960,19.2046
1.6080,0.0000,0.0000,0.1519,0.1744,0.0018,0.3220,-0.0378,-0.0004,0.3430,-0.0389,0.1119,0.3430,-0.1240,0.1111,0.3502,-0.1309,0.1114,0.2686,0.0000,-0.4603,0.4810,0.4618,0.0000,0.0000,0.4894,0.0266,0.0399,14.6005,19.2128
1.6160,0.0000,0.0000,0.1519,0.1744,0.0018,0.3221,-0.0378,-0.0004,0.3430,-0.0390,0.1119,0.3430,-0.1240,0.1111,0.3503,-0.1310,0.1114,0.2687,0.0000,-0.4604,0.4811,0.4618,0.0000,0.0000,0.4900,0.0266,0.0399,14.6052,19.2217
1.6240,0.0000,0.0000,0.1519,0.1743,0.0018,0.3221,-0.0379,-0.0004,0.3431,-0.0391,0.1119,0.3431,-0.1241,0.1111,0.3504,-0.1311,0.1114,0.2688,0.0000,-0.4604,0.4811,0.4618,0.0000,0.0000,0.4904,0.0266,0.0399,14.6087,19.2282
1.6320,0.0000,0.0000,0.1519,0.1742,0.0018,0.3222,-0.0380,-0.0004,0.3432,-0.0391,0.1119,0.3432,-0.1242,0.1111,0.3505,-0.1312,0.1114,0.2689,0.0000,-0.4605,0.4811,0.4617,0.0000,0.0000,0.4910,0.0266,0.0399,14.6131,19.2364
1.6400,0.0000,0.0000,0.1519,0.1742,0.0018,0.3223,-0.0380,-0.0004,0.3432,-0.0392,0.1119,0.3432,-0.1242,0.1111,0.3506,-0.1313,0.1114,0.2690,0.0000,-0.4606,0.4811,0.4617,0.0000,0.0000,0.4915,0.0266,0.0399,14.6170,19.2437
1.6480,0.0000,0.0000,0.1519,0.1741,0.0018,0.3223,-0.0381,-0.0004,0.3433,-0.0393,0.1119,0.3433,-0.1243,0.1111,0.3507,-0.1314,0.1114,0.2691,0.0000,-0.4606,0.4812,0.4617,0.0000,0.0000,0.4921,0.0266,0.0399,14.6219,19.2527
1.6560,0.0000,0.0000,0.1519,0.1740,0.0018,0.3224,-0.0382,-0.0004,0.3434,-0.0393,0.1119,0.3434,-0.1244,0.1111,0.3508,-0.1315,0.1114,0.2692,0.0000,-0.4607,0.4812,0.4617,0.0000,0.0000,0.4925,0.0266,0.0399,14.6259,19.2602
1.6640,0.0000,0.0000,0.1519,0.1740,0.0018,0.3225,-0.0382,-0.0004,0.3435,-0.0394,0.1119,0.3435,-0.1244,0.1111,0.3509,-0.1316,0.1114,0.2693,0.0000,-0.4607,0.4812,0.4617,0.0000,0.0000,0.4931,0.0266,0.0399,14.6301,19.2680
1.6720,0.0000,0.0000,0.1519,0.1739,0.0018,0.3225,-0.0383,-0.0004,0.3435,-0.0395,0.1119,0.3435,-0.1245,0.1110,0.3510,-0.1317,0.1114,0.2695,0.0000,-0.4608,0.4812,0.4617,0.0000,0.0000,0.4936,0.0266,0.0399,14.6344,19.2760
1.6800,0.0000,0.0000,0.1519,0.1738,0.0018,0.3226,-0.0384,-0.0004,0.3436,-0.0395,0.1119,0.3436,-0.1245,0.1111,0.3511,-0.1318,0.1114,0.2696,0.0000,-0.4609,0.4813,0.4616,0.0000,0.0000,0.4941,0.0266,0.0399,14.6383,19.2833
1.6880,0.0000,0.0000,0.1519,0.1738,0.0018,0.3227,-0.0384,-0.0004,0.3437,-0.0396,0.1119,0.3437,-0.1246,0.1111,0.3513,-0.1319,0.1114,0.2697,0.0000,-0.4609,0.4813,0.4616,0.0000,0.0000,0.4946,0.0266,0.0399,14.6427,19.2915
1.6960,0.0000,0.0000,0.1519,0.1737,0.0018,0.3227,-0.0385,-0.0004,0.3437,-0.0397,0.1119,0.3437,-0.1247,0.1111,0.3514,-0.1320,0.1114,0.2698,0.0000,-0.4610,0.4813,0.4616,0.0000,0.0000,0.4952,0.0266,0.0399,14.6471,19.2998
1.7040,0.0000,0.0000,0.1519,0.1736,0.0018,0.3228,-0.0386,-0.0004,0.3438,-0.0397,0.1119,0.3438,-0.1247,0.1111,0.3515,-0.1321,0.1114,0.2699,0.0000,-0.4611,0.4813,0.4616,0.0000,0.0000,0.4957,0.0266,0.0399,14.6516,19.3081
1.7120,0.0000,0.0000,0.1519,0.1736,0.0018,0.3229,-0.0386,-0.0004,0.3439,-0.0398,0.1119,0.3439,-0.1248,0.1111,0.3516,-0.1322,0.1114,0.2700,0.0000,-0.4611,0.4814,0.4616,0.0000,0.0000,0.4963,0.0266,0.0399,14.6560,19.3163
1.7200,0.0000,0.0000,0.1519,0.1735,0.0018,0.3230,-0.0387,-0.0004,0.3440,-0.0399,0.1119,0.3440,-0.1249,0.1110,0.3517,-0.1323,0.1114,0.2701,0.0000,-0.4612,0.4814,0.4615,0.0000,0.0000,0.4968,0.0266,0.0399,14.6605,19.3247
1.7280,0.0000,0.0000,0.1519,0.1734,0.0018,0.3230,-0.0388,-0.0004,0.3440,-0.0399,0.1119,0.3440,-0.1249,0.1110,0.3518,-0.1324,0.1114,0.2702,0.0000,-0.4612,0.4814,0.4615,0.0000,0.0000,0.4973,0.0266,0.0399,14.6646,19.3323
1.7360,0.0000,0.0000,0.1519,0.1734,0.0018,0.3231,-0.0388,-0.0004,0.3441,-0.0400,0.1119,0.3441,-0.1250,0.1111,0.3519,-0.1325,0.1114,0.2704,0.0000,-0.4613,0.4814,0.4615,0.0000,0.0000,0.4979,0.0266,0.0399,14.6690,19.3406
1.7440,0.0000,0.0000,0.1519,0.1733,0.0018,0.3232,-0.0389,-0.0004,0.3442,-0.0401,0.1119,0.3442,-0.1251,0.1110,0.3520,-0.1326,0.1114,0.2705,0.0000,-0.4613,0.4815,0.4615,0.0000,0.0000,0.4985,0.0266,0.0399,14.6741,19.3501
1.7520,0.0000,0.0000,0.1519,0.1732,0.0018,0.3232,-0.0390,-0.0004,0.3443,-0.0401,0.1119,0.3443,-0.1251,0.1110,0.3522,-0.1327,0.1114,0.2706,0.0000,-0.4614,0.4815,0.4614,0.0000,0.0000,0.4990,0.0266,0.0399,14.6779,19.3573
1.7600,0.0000,0.0000,0.1519,0.1732,0.0018,0.3233,-0.0390,-0.0004,0.3444,-0.0402,0.1119,0.3444,-0.1252,0.1110,0.3523,-0.1328,0.1114,0.2707,0.0000,-0.4615,0.4815,0.4614,0.0000,0.0000,0.4996,0.0266,0.0399,14.6825,19.3658
1.7680,0.0000,0.0000,0.1519,0.1731,0.0018,0.3234,-0.0391,-0.0004,0.3444,-0.0403,0.1119,0.3444,-0.1253,0.1110,0.3524,-0.1329,0.1114,0.2709,0.0000,-0.4616,0.4815,0.4614,0.0000,0.0000,0.5001,0.0266,0.0399,14.6864,19.3731
1.7760,0.0000,0.0000,0.1519,0.1730,0.0018,0.3234,-0.0392,-0.0004,0.3445,-0.0404,0.1119,0.3445,-0.1253,0.1110,0.3525,-0.1330,0.1114,0.2710,0.0000,-0.4616,0.4816,0.4614,0.0000,0.0000,0.5007,0.0266,0.0399,14.6911,19.3819
1.7840,0.0000,0.0000,0.1519,0.1730,0.0018,0.3235,-0.0392,-0.0004,0.3446,-0.0404,0.1119,0.3446,-0.1254,0.1110,0.3526,-0.1331,0.1114,0.2711,0.0000,-0.4617,0.4816,0.4613,0.0000,0.0000,0.5011,0.0266,0.0399,14.6950,19.3891
1.7920,0.0000,0.0000,0.1519,0.1729,0.0018,0.3236,-0.0393,-0.0004,0.3447,-0.0405,0.1119,0.3447,-0.1255,0.1110,0.3527,-0.1332,0.1114,0.2712,0.0000,-0.4617,0.4816,0.4613,0.0000,0.0000,0.5017,0.0266,0.0399,14.6998,19.3981
1.8000,0.0000,0.0000,0.1519,0.1728,0.0018,0.3237,-0.0394,-0.0004,0.3447,-0.0406,0.1119,0.3447,-0.1255,0.1110,0.3529,-0.1333,0.1114,0.2713,0.0000,-0.4618,0.4816,0.4613,0.0000,0.0000,0.5024,0.0266,0.0399,14.7048,19.4075
1.8080,0.0000,0.0000,0.1519,0.1727,0.0018,0.3237,-0.0395,-0.0004,0.3448,-0.0406,0.1119,0.3448,-0.1256,0.1110,0.3530,-0.1334,0.1114,0.2715,0.0000,-0.4618,0.4817,0.4613,0.0000,0.0000,0.5029,0.0266,0.0399,14.7089,19.4152
1.8160,0.0000,0.0000,0.1519,0.1727,0.0018,0.3238,-0.0395,-0.0004,0.3449,-0.0407,0.1119,0.3449,-0.1257,0.1110,0.3531,-0.1335,0.1114,0.2716,0.0000,-0.4619,0.4817,0.4613,0.0000,0.0000,0.5035,0.0266,0.0399,14.7137,19.4241
1.8240,0.0000,0.0000,0.1519,0.1726,0.0018,0.3239,-0.0396,-0.0004,0.3450,-0.0408,0.1119,0.3450,-0.1257,0.1110,0.3532,-0.1337,0.1113,0.2717,0.0000,-0.4619,0.4817,0.4612,0.0000,0.0000,0.5041,0.0266,0.0399,14.7185,19.4333
1.8320,0.0000,0.0000,0.1519,0.1725,0.0018,0.3240,-0.0397,-0.0004,0.3451,-0.0409,0.1119,0.3451,-0.1258,0.1110,0.3533,-0.1338,0.1114,0.2718,0.0000,-0.4620,0.4818,0.4612,0.0000,0.0000,0.5046,0.0266,0.0399,14.7228,19.4411
1.8400,0.0000,0.0000,0.1519,0.1724,0.0018,0.3240,-0.0398,-0.0004,0.3451,-0.0409,0.1119,0.3451,-0.1259,0.1110,0.3535,-0.1339,0.1114,0.2719,0.0000,-0.4620,0.4818,0.4612,0.0000,0.0000,0.5052,0.0266,0.0399,14.7273,19.4496
1.8480,0.0000,0.0000,0.1519,0.1724,0.0018,0.3241,-0.0398,-0.0004,0.3452,-0.0410,0.1119,0.3452,-0.1259,0.1110,0.3536,-0.1340,0.1114,0.2721,0.0000,-0.4620,0.4818,0.4612,0.0000,0.0000,0.5057,0.0266,0.0399,14.7317,19.4580
1.8560,0.0000,0.0000,0.1519,0.1723,0.0018,0.3242,-0.0399,-0.0004,0.3453,-0.0411,0.1119,0.3453,-0.1260,0.1110,0.3537,-0.1341,0.1113,0.2722,0.0000,-0.4621,0.4819,0.4612,0.0000,0.0000,0.5064,0.0266,0.0399,14.7368,19.4675
1.8640,0.0000,0.0000,0.1519,0.1722,0.0018,0.3243,-0.0400,-0.0004,0.3454,-0.0412,0.1119,0.3454,-0.1261,0.1110,0.3538,-0.1342,0.1113,0.2723,0.0000,-0.4621,0.4819,0.4611,0.0000,0.0000,0.5070,0.0266,0.0399,14.7415,19.4762
1.8720,0.0000,0.0000,0.1519,0.1721,0.0018,0.3243,-0.0401,-0.0004,0.3455,-0.0412,0.1119,0.3455,-0.1262,0.1110,0.3539,-0.1343,0.1113,0.2724,0.0000,-0.4622,0.4819,0.4611,0.0000,0.0000,0.5075,0.0266,0.0399,14.7457,19.4841
1.8800,0.0000,0.0000,0.1519,0.1721,0.0018,0.3244,-0.0401,-0.0004,0.3455,-0.0413,0.1119,0.3455,-0.1262,0.1110,0.3540,-0.1344,0.1113,0.2726,0.0000,-0.4622,0.4820,0.4611,0.0000,0.0000,0.5081,0.0266,0.0399,14.7504,19.4930
1.8880,0.0000,0.0000,0.1519,0.1720,0.0018,0.3245,-0.0402,-0.0004,0.3456,-0.0414,0.1119,0.3456,-0.1263,0.1110,0.3542,-0.1345,0.1113,0.2727,0.0000,-0.4623,0.4820,0.4610,0.0000,0.0000,0.5086,0.0266,0.0399,14.7550,19.5016
1.8960,0.0000,0.0000,0.1519,0.1719,0.0018,0.3246,-0.0403,-0.0004,0.3457,-0.0415,0.1119,0.3457,-0.1264,0.1110,0.3543,-0.1346,0.1113,0.2728,0.0000,-0.4623,0.4820,0.4610,0.0000,0.0000,0.5092,0.0266,0.0399,14.7595,19.5101
1.9040,0.0000,0.0000,0.1519,0.1718,0.0018,0.3246,-0.0404,-0.0004,0.3458,-0.0415,0.1119,0.3458,-0.1264,0.1110,0.3544,-0.1347,0.1113,0.2729,0.0000,-0.4624,0.4820,0.4610,0.0000,0.0000,0.5098,0.0266,0.0399,14.7643,19.5191
1.9120,0.0000,0.0000,0.1519,0.1717,0.0018,0.3247,-0.0404,-0.0004,0.3459,-0.0416,0.1119,0.3459,-0.1265,0.1110,0.3545,-0.1349,0.1113,0.2731,0.0000,-0.4624,0.4821,0.4610,0.0000,0.0000,0.5104,0.0266,0.0399,14.7693,19.5284
1.9200,0.0000,0.0000,0.1519,0.1717,0.0018,0.3248,-0.0405,-0.0004,0.3459,-0.0417,0.1119,0.3459,-0.1266,0.1110,0.3547,-0.1350,0.1113,0.2732,0.0000,-0.4624,0.4821,0.4609,0.0000,0.0000,0.5110,0.0266,0.0399,14.7740,19.5373
1.9280,0.0000,0.0000,0.1519,0.1716,0.0018,0.3249,-0.0406,-0.0004,0.3460,-0.0418,0.1119,0.3460,-0.1267,0.1110,0.3548,-0.1351,0.1113,0.2733,0.0000,-0.4625,0.4821,0.4609,0.0000,0.0000,0.5116,0.0266,0.0399,14.7786,19.5458
1.9360,0.0000,0.0000,0.1519,0.1715,0.0018,0.3250,-0.0407,-0.0004,0.3461,-0.0419,0.1119,0.3461,-0.1267,0.1110,0.3549,-0.1352,0.1113,0.2735,0.0000,-0.4625,0.4822,0.4609,0.0000,0.0000,0.5122,0.0266,0.0399,14.7835,19.5551
1.9440,0.0000,0.0000,0.1519,0.1714,0.0018,0.3250,-0.0408,-0.0004,0.3462,-0.0419,0.1119,0.3462,-0.1268,0.1110,0.3550,-0.1353,0.1113,0.2736,0.0000,-0.4626,0.4822,0.4609,0.0000,0.0000,0.5128,0.0266,0.0399,14.7878,19.5632
1.9520,0.0000,0.0000,0.1519,0.1713,0.0018,0.3251,-0.0408,-0.0004,0.3463,-0.0420,0.1119,0.3463,-0.1269,0.1110,0.3552,-0.1354,0.1113,0.2737,0.0000,-0.4626,0.4822,0.4608,0.0000,0.0000,0.5134,0.0266,0.0399,14.7925,19.5720
1.9600,0.0000,0.0000,0.1519,0.1713,0.0018,0.3252,-0.0409,-0.0004,0.3464,-0.0421,0.1119,0.3464,-0.1270,0.1110,0.3553,-0.1355,0.1113,0.2738,0.0000,-0.4626,0.4823,0.4608,0.0000,0.0000,0.5139,0.0266,0.0399,14.7970,19.5804
1.9680,0.0000,0.0000,0.1519,0.1712,0.0018,0.3253,-0.0410,-0.0004,0.3464,-0.0422,0.1119,0.3464,-0.1270,0.1110,0.3554,-0.1356,0.1113,0.2740,0.0000,-0.4627,0.4823,0.4608,0.0000,0.0000,0.5145,0.0266,0.0399,14.8018,19.5894
1.9760,0.0000,0.0000,0.1519,0.1711,0.0018,0.3253,-0.0411,-0.0004,0.3465,-0.0423,0.1119,0.3465,-0.1271,0.1110,0.3555,-0.1358,0.1113,0.2741,0.0000,-0.4627,0.4823,0.4608,0.0000,0.0000,0.5152,0.0266,0.0399,14.8071,19.5994
1.9840,0.0000,0.0000,0.1519,0.1710,0.0018,0.3254,-0.0412,-0.0004,0.3466,-0.0423,0.1119,0.3466,-0.1272,0.1110,0.3557,-0.1359,0.1113,0.2742,0.0000,-0.4627,0.4824,0.4607,0.0000,0.0000,0.5158,0.0266,0.0399,14.8119,19.6084
1.9920,0.0000,0.0000,0.1519,0.1709,0.0018,0.3255,-0.0412,-0.0004,0.3467,-0.0424,0.1119,0.3467,-0.1273,0.1110,0.3558,-0.1360,0.1113,0.2744,0.0000,-0.4628,0.4824,0.4607,0.0000,0.0000,0.5164,0.0266,0.0399,14.8165,19.6171
2.0000,0.0000,0.0000,0.1519,0.1709,0.0018,0.3256,-0.0413,-0.0004,0.3468,-0.0425,0.1119,0.3468,-0.1273,0.1110,0.3559,-0.1361,0.1113,0.2745,0.0000,-0.4628,0.4825,0.4607,0.0000,0.0000,0.5170,0.0266,0.0399,14.8212,19.6259
2.0080,0.0000,0.0000,0.1519,0.1708,0.0018,0.3257,-0.0414,-0.0004,0.3469,-0.0426,0.1119,0.3469,-0.1274,0.1110,0.3561,-0.1362,0.1113,0.2746,0.0000,-0.4629,0.4825,0.4606,0.0000,0.0000,0.5175,0.0266,0.0399,14.8254,19.6338
2.0160,0.0000,0.0000,0.1519,0.1707,0.0018,0.3257,-0.0415,-0.0004,0.3470,-0.0426,0.1119,0.3470,-0.1275,0.1110,0.3562,-0.1363,0.1113,0.2748,0.0000,-0.4629,0.4825,0.4606,0.0000,0.0000,0.5181,0.0266,0.0399,14.8302,19.6429
2.0240,0.0000,0.0000,0.1519,0.1706,0.0018,0.3258,-0.0416,-0.0004,0.3471,-0.0427,0.1119,0.3471,-0.1276,0.1110,0.3563,-0.1365,0.1113,0.2749,0.0000,-0.4629,0.4825,0.4606,0.0000,0.0000,0.5187,0.0266,0.0399,14.8351,19.6520
2.0320,0.0000,0.0000,0.1519,0.1705,0.0018,0.3259,-0.0416,-0.0004,0.3471,-0.0428,0.1119,0.3471,-0.1277,0.1110,0.3564,-0.1366,0.1113,0.2750,0.0000,-0.4629,0.4826,0.4605,0.0000,0.0000,0.5194,0.0266,0.0399,14.8402,19.6617
2.0400,0.0000,0.0000,0.1519,0.1705,0.0018,0.3260,-0.0417,-0.0004,0.3472,-0.0429,0.1119,0.3472,-0.1277,0.1110,0.3566,-0.1367,0.1113,0.2752,0.0000,-0.4630,0.4826,0.4605,0.0000,0.0000,0.5200,0.0266,0.0399,14.8449,19.6705
2.0480,0.0000,0.0000,0.1519,0.1704,0.0018,0.3261,-0.0418,-0.0004,0.3473,-0.0430,0.1119,0.3473,-0.1278,0.1110,0.3567,-0.1368,0.1113,0.2753,0.0000,-0.4630,0.4827,0.4605,0.0000,0.0000,0.5206,0.0266,0.0399,14.8495,19.6793
2.0560,0.0000,0.0000,0.1519,0.1703,0.0018,0.3261,-0.0419,-0.0004,0.3474,-0.0431,0.1119,0.3474,-0.1279,0.1110,0.3568,-0.1369,0.1113,0.2754,0.0000,-0.4630,0.4827,0.4605,0.0000,0.0000,0.5212,0.0266,0.0399,14.8544,19.6885
2.0640,0.0000,0.0000,0.1519,0.1702,0.0018,0.3262,-0.0420,-0.0004,0.3475,-0.0431,0.1119,0.3475,-0.1280,0.1110,0.3570,-0.1371,0.1113,0.2756,0.0000,-0.4631,0.4827,0.4604,0.0000,0.0000,0.5218,0.0266,0.0399,14.8589,19.6969
2.0720,0.0000,0.0000,0.1519,0.1701,0.0018,0.3263,-0.0420,-0.0004,0.3476,-0.0432,0.1119,0.3476,-0.1280,0.1110,0.3571,-0.1372,0.1113,0.2757,0.0000,-0.4631,0.4828,0.4604,0.0000,0.0000,0.5224,0.0266,0.0399,14.8638,19.7061
2.0800,0.0000,0.0000,0.1519,0.1700,0.0018,0.3264,-0.0421,-0.0004,0.3477,-0.0433,0.1119,0.3477,-0.1281,0.1110,0.3572,-0.1373,0.1113,0.2758,0.0000,-0.4631,0.4828,0.4604,0.0000,0.0000,0.5230,0.0266,0.0399,14.8687,19.7154
2.0880,0.0000,0.0000,0.1519,0.1700,0.0018,0.3265,-0.0422,-0.0004,0.3478,-0.0434,0.1119,0.3478,-0.1282,0.1110,0.3574,-0.1374,0.1113,0.2760,0.0000,-0.4631,0.4828,0.4603,0.0000,0.0000,0.5236,0.0266,0.0399,14.8735,19.7244
2.0960,0.0000,0.0000,0.1519,0.1699,0.0018,0.3266,-0.0423,-0.0004,0.3478,-0.0435,0.1119,0.3478,-0.1283,0.1110,0.3575,-0.1376,0.1113,0.2761,0.0000,-0.4632,0.4829,0.4603,0.0000,0.0000,0.5243,0.0266,0.0399,14.8790,19.7348
2.1040,0.0000,0.0000,0.1519,0.1698,0.0018,0.3266,-0.0424,-0.0004,0.3479,-0.0436,0.1119,0.3479,-0.1284,0.1110,0.3577,-0.1377,0.1113,0.2763,0.0000,-0.4632,0.4829,0.4603,0.0000,0.0000,0.5249,0.0266,0.0399,14.8835,19.7434
2.1120,0.0000,0.0000,0.1519,0.1697,0.0018,0.3267,-0.0425,-0.0004,0.3480,-0.0436,0.1119,0.3480,-0.1284,0.1110,0.3578,-0.1378,0.1113,0.2764,0.0000,-0.4632,0.4829,0.4602,0.0000,0.0000,0.5255,0.0266,0.0399,14.8884,19.7526
2.1200,0.0000,0.0000,0.1519,0.1696,0.0018,0.3268,-0.0426,-0.0004,0.3481,-0.0437,0.1119,0.3481,-0.1285,0.1110,0.3579,-0.1379,0.1113,0.2766,0.0000,-0.4632,0.4830,0.4602,0.0000,0.0000,0.5262,0.0266,0.0399,14.8936,19.7623
2.1280,0.0000,0.0000,0.1519,0.1695,0.0018,0.3269,-0.0426,-0.0004,0.3482,-0.0438,0.1119,0.3482,-0.1286,0.1110,0.3581,-0.1381,0.1113,0.2767,0.0000,-0.4633,0.4830,0.4602,0.0000,0.0000,0.5267,0.0266,0.0399,14.8981,19.7710
2.1360,0.0000,0.0000,0.1519,0.1694,0.0018,0.3270,-0.0427,-0.0004,0.3483,-0.0439,0.1119,0.3483,-0.1287,0.1110,0.3582,-0.1382,0.1113,0.2769,0.0000,-0.4633,0.4830,0.4601,0.0000,0.0000,0.5273,0.0266,0.0399,14.9027,19.7796
2.1440,0.0000,0.0000,0.1519,0.1694,0.0018,0.3271,-0.0428,-0.0004,0.3484,-0.0440,0.1119,0.3484,-0.1288,0.1110,0.3584,-0.1383,0.1113,0.2770,0.0000,-0.4633,0.4831,0.4601,0.0000,0.0000,0.5280,0.0266,0.0399,14.9078,19.7892
2.1520,0.0000,0.0000,0.1519,0.1693,0.0018,0.3271,-0.0429,-0.0004,0.3485,-0.0441,0.1119,0.3485,-0.1288,0.1110,0.3585,-0.1384,0.1113,0.2772,0.0000,-0.4633,0.4831,0.4600,0.0000,0.0000,0.5286,0.0266,0.0399,14.9126,19.7983
2.1600,0.0000,0.0000,0.1519,0.1692,0.0018,0.3272,-0.0430,-0.0004,0.3486,-0.0442,0.1119,0.3486,-0.1289,0.1110,0.3586,-0.1386,0.1113,0.2773,0.0000,-0.4633,0.4832,0.4600,0.0000,0.0000,0.5293,0.0266,0.0399,14.9179,19.8083
2.1680,0.0000,0.0000,0.1519,0.1691,0.0018,0.3273,-0.0431,-0.0005,0.3487,-0.0443,0.1119,0.3487,-0.1290,0.1110,0.3588,-0.1387,0.1113,0.2774,0.0000,-0.4633,0.4832,0.4600,0.0000,0.0000,0.5299,0.0266,0.0399,14.9228,19.8176
2.1760,0.0000,0.0000,0.1519,0.1690,0.0018,0.3274,-0.0432,-0.0004,0.3488,-0.0443,0.1119,0.3488,-0.1291,0.1110,0.3589,-0.1388,0.1113,0.2776,0.0000,-0.4634,0.4832,0.4599,0.0000,0.0000,0.5305,0.0266,0.0399,14.9275,19.8264
2.1840,0.0000,0.0000,0.1519,0.1689,0.0018,0.3275,-0.0433,-0.0005,0.3488,-0.0444,0.1119,0.3488,-0.1292,0.1110,0.3590,-0.1389,0.1113,0.2777,0.0000,-0.4633,0.4833,0.4599,0.0000,0.0000,0.5311,0.0266,0.0399,14.9327,19.8363
2.1920,0.0000,0.0000,0.1519,0.1688,0.0018,0.3276,-0.0434,-0.0005,0.3489,-0.0445,0.1119,0.3489,-0.1293,0.1110,0.3592,-0.1391,0.1113,0.2779,0.0000,-0.4634,0.4833,0.4599,0.0000,0.0000,0.5318,0.0266,0.0399,14.9377,19.8457
2.2000,0.0000,0.0000,0.1519,0.1687,0.0018,0.3277,-0.0434,-0.0005,0.3490,-0.0446,0.1119,0.3490,-0.1293,0.1110,0.3593,-0.1392,0.1113,0.2780,0.0000,-0.4634,0.4834,0.4598,0.0000,0.0000,0.5324,0.0266,0.0399,14.9428,19.8553
2.2080,0.0000,0.0000,0.1519,0.1686,0.0018,0.3278,-0.0435,-0.0005,0.3491,-0.0447,0.1119,0.3491,-0.1294,0.1110,0.3594,-0.1393,0.1113,0.2781,0.0000,-0.4633,0.4834,0.4598,0.0000,0.0000,0.5331,0.0266,0.0399,14.9477,19.8646
2.2160,0.0000,0.0000,0.1519,0.1685,0.0018,0.3279,-0.0436,-0.0005,0.3492,-0.0448,0.1119,0.3492,-0.1295,0.1110,0.3596,-0.1395,0.1113,0.2783,0.0000,-0.4633,0.4835,0.4598,0.0000,0.0000,0.5338,0.0266,0.0399,14.9535,19.8756
2.2240,0.0000,0.0000,0.1519,0.1684,0.0018,0.3279,-0.0437,-0.0005,0.3493,-0.0449,0.1119,0.3493,-0.1296,0.1110,0.3597,-0.1396,0.1113,0.2784,0.0000,-0.4633,0.4835,0.4598,0.0000,0.0000,0.5344,0.0266,0.0399,14.9585,19.8852
2.2320,0.0000,0.0000,0.1519,0.1683,0.0018,0.3280,-0.0438,-0.0005,0.3494,-0.0450,0.1119,0.3494,-0.1297,0.1110,0.3599,-0.1397,0.1113,0.2786,0.0000,-0.4633,0.4836,0.4597,0.0000,0.0000,0.5350,0.0266,0.0399,14.9632,19.8940
2.2400,0.0000,0.0000,0.1519,0.1683,0.0018,0.3281,-0.0439,-0.0005,0.3495,-0.0451,0.1119,0.3495,-0.1298,0.1110,0.3600,-0.1399,0.1113,0.2787,0.0000,-0.4634,0.4836,0.4597,0.0000,0.0000,0.5356,0.0266,0.0399,14.9677,19.9026
2.2480,0.0000,0.0000,0.1519,0.1682,0.0018,0.3282,-0.0440,-0.0005,0.3496,-0.0452,0.1119,0.3496,-0.1299,0.1110,0.3602,-0.1400,0.1113,0.2789,0.0000,-0.4634,0.4836,0.4596,0.0000,0.0000,0.5363,0.0266,0.0399,14.9730,19.9126
2.2560,0.0000,0.0000,0.1519,0.1681,0.0018,0.3283,-0.0441,-0.0005,0.3497,-0.0453,0.1119,0.3497,-0.1300,0.1110,0.3603,-0.1401,0.1113,0.2790,0.0000,-0.4634,0.4837,0.4596,0.0000,0.0000,0.5370,0.0266,0.0399,14.9784,19.9227
2.2640,0.0000,0.0000,0.1519,0.1680,0.0018,0.3284,-0.0442,-0.0005,0.3498,-0.0454,0.1119,0.3498,-0.1300,0.1110,0.3604,-0.1403,0.1113,0.2792,0.0000,-0.4634,0.4837,0.4595,0.0000,0.0000,0.5376,0.0266,0.0399,14.9830,19.9316
2.2720,0.0000,0.0000,0.1519,0.1679,0.0018,0.3285,-0.0443,-0.0005,0.3499,-0.0455,0.1119,0.3499,-0.1301,0.1110,0.3606,-0.1404,0.1113,0.2793,0.0000,-0.4633,0.4838,0.4595,0.0000,0.0000,0.5382,0.0266,0.0399,14.9882,19.9414
2.2800,0.0000,0.0000,0.1519,0.1678,0.0018,0.3286,-0.0444,-0.0005,0.3500,-0.0455,0.1119,0.3500,-0.1302,0.1110,0.3607,-0.1405,0.1113,0.2795,0.0000,-0.4633,0.4838,0.4595,0.0000,0.0000,0.5389,0.0266,0.0399,14.9932,19.9508
2.2880,0.0000,0.0000,0.1519,0.1677,0.0018,0.3287,-0.0445,-0.0005,0.3501,-0.0456,0.1119,0.3501,-0.1303,0.1110,0.3609,-0.1407,0.1113,0.2796,0.0000,-0.4633,0.4839,0.4594,0.0000,0.0000,0.5395,0.0266,0.0399,14.9983,19.9606
2.2960,0.0000,0.0000,0.1519,0.1676,0.0018,0.3287,-0.0446,-0.0005,0.3502,-0.0457,0.1119,0.3502,-0.1304,0.1110,0.3610,-0.1408,0.1113,0.2798,0.0000,-0.4633,0.4839,0.4594,0.0000,0.0000,0.5401,0.0266,0.0399,15.0027,19.9689
2.3040,0.0000,0.0000,0.1519,0.1675,0.0018,0.3288,-0.0447,-0.0005,0.3503,-0.0458,0.1119,0.3503,-0.1305,0.1110,0.3612,-0.1409,0.1113,0.2799,0.0000,-0.4633,0.4839,0.4594,0.0000,0.0000,0.5408,0.0266,0.0399,15.0080,19.9789
2.3120,0.0000,0.0000,0.1519,0.1674,0.0018,0.3289,-0.0447,-0.0005,0.3504,-0.0459,0.1119,0.3504,-0.1306,0.1110,0.3613,-0.1411,0.1113,0.2801,0.0000,-0.4633,0.4840,0.4593,0.0000,0.0000,0.5414,0.0266,0.0399,15.0126,19.9877
2.3200,0.0000,0.0000,0.1519,0.1673,0.0017,0.3290,-0.0448,-0.0005,0.3505,-0.0460,0.1119,0.3505,-0.1307,0.1110,0.3615,-0.1412,0.1113,0.2803,0.0000,-0.4633,0.4840,0.4593,0.0000,0.0000,0.5421,0.0266,0.0399,15.0178,19.9977
2.3280,0.0000,0.0000,0.1519,0.1672,0.0017,0.3291,-0.0449,-0.0005,0.3506,-0.0461,0.1119,0.3506,-0.1307,0.1110,0.3616,-0.1413,0.1113,0.2804,0.0000,-0.4633,0.4840,0.4592,0.0000,0.0000,0.5427,0.0266,0.0399,15.0224,20.0064
2.3360,0.0000,0.0000,0.1519,0.1671,0.0017,0.3292,-0.0450,-0.0005,0.3507,-0.0462,0.1119,0.3507,-0.1308,0.1110,0.3618,-0.1415,0.1113,0.2806,0.0000,-0.4633,0.4841,0.4592,0.0000,0.0000,0.5433,0.0266,0.0399,15.0273,20.0156
2.3440,0.0000,0.0000,0.1519,0.1670,0.0017,0.3293,-0.0451,-0.0005,0.3508,-0.0463,0.1119,0.3508,-0.1309,0.1110,0.3619,-0.1416,0.1113,0.2807,0.0000,-0.4633,0.4841,0.4591,0.0000,0.0000,0.5440,0.0266,0.0399,15.0329,20.0263
2.3520,0.0000,0.0000,0.1519,0.1669,0.0017,0.3294,-0.0452,-0.0005,0.3509,-0.0464,0.1119,0.3509,-0.1310,0.1110,0.3621,-0.1418,0.1113,0.2809,0.0000,-0.4633,0.4842,0.4591,0.0000,0.0000,0.5446,0.0266,0.0399,15.0377,20.0354
2.3600,0.0000,0.0000,0.1519,0.1668,0.0017,0.3295,-0.0453,-0.0005,0.3510,-0.0465,0.1119,0.3510,-0.1311,0.1110,0.3622,-0.1419,0.1113,0.2810,0.0000,-0.4633,0.4842,0.4591,0.0000,0.0000,0.5453,0.0266,0.0399,15.0431,20.0457
2.3680,0.0000,0.0000,0.1519,0.1667,0.0017,0.3296,-0.0454,-0.0005,0.3511,-0.0466,0.1119,0.3511,-0.1312,0.1110,0.3624,-0.1420,0.1113,0.2812,0.0000,-0.4632,0.4843,0.4590,0.0000,0.0000,0.5459,0.0266,0.0399,15.0479,20.0549
2.3760,0.0000,0.0000,0.1519,0.1666,0.0017,0.3297,-0.0455,-0.0005,0.3512,-0.0467,0.1119,0.3512,-0.1313,0.1110,0.3625,-0.1422,0.1113,0.2813,0.0000,-0.4632,0.4843,0.4590,0.0000,0.0000,0.5467,0.0266,0.0399,15.0536,20.0656
2.3840,0.0000,0.0000,0.1519,0.1665,0.0017,0.3298,-0.0456,-0.0005,0.3513,-0.0468,0.1119,0.3513,-0.1314,0.1110,0.3627,-0.1423,0.1113,0.2815,0.0000,-0.4632,0.4843,0.4589,0.0000,0.0000,0.5472,0.0266,0.0399,15.0580,20.0741
2.3920,0.0000,0.0000,0.1519,0.1664,0.0017,0.3299,-0.0457,-0.0005,0.3514,-0.0469,0.1119,0.3514,-0.1315,0.1110,0.3628,-0.1425,0.1113,0.2817,0.0000,-0.4632,0.4844,0.4589,0.0000,0.0000,0.5479,0.0266,0.0399,15.0632,20.0839
2.4000,0.0000,0.0000,0.1519,0.1663,0.0017,0.3300,-0.0458,-0.0005,0.3515,-0.0470,0.1119,0.3515,-0.1316,0.1110,0.3630,-0.1426,0.1113,0.2818,0.0000,-0.4631,0.4844,0.4588,0.0000,0.0000,0.5486,0.0266,0.0399,15.0684,20.0939
2.4080,0.0000,0.0000,0.1519,0.1662,0.0017,0.3300,-0.0459,-0.0005,0.3516,-0.0471,0.1119,0.3516,-0.1317,0.1110,0.3631,-0.1428,0.1113,0.2820,0.0000,-0.4631,0.4845,0.4588,0.0000,0.0000,0.5492,0.0266,0.0399,15.0733,20.1031
2.4160,0.0000,0.0000,0.1519,0.1661,0.0017,0.3301,-0.0460,-0.0005,0.3517,-0.0472,0.1119,0.3517,-0.1318,0.1110,0.3633,-0.1429,0.1113,0.2821,0.0000,-0.4631,0.4845,0.4587,0.0000,0.0000,0.5499,0.0266,0.0399,15.0786,20.1133
2.4240,0.0000,0.0000,0.1519,0.1660,0.0017,0.3302,-0.0461,-0.0005,0.3518,-0.0473,0.1119,0.3518,-0.1319,0.1110,0.3634,-0.1430,0.1113,0.2823,0.0000,-0.4631,0.4846,0.4587,0.0000,0.0000,0.5505,0.0266,0.0399,15.0834,20.1224
2.4320,0.0000,0.0000,0.1519,0.1659,0.0017,0.3303,-0.0462,-0.0005,0.3519,-0.0474,0.1119,0.3519,-0.1320,0.1110,0.3636,-0.1432,0.1113,0.2825,0.0000,-0.4630,0.4846,0.4586,0.0000,0.0000,0.5512,0.0266,0.0399,15.0883,20.1317
2.4400,0.0000,0.0000,0.1519,0.1658,0.0017,0.3304,-0.0463,-0.0005,0.3520,-0.0475,0.1119,0.3520,-0.1320,0.1110,0.3637,-0.1433,0.1113,0.2826,0.0000,-0.4630,0.4847,0.4586,0.0000,0.0000,0.5518,0.0266,0.0399,15.0935,20.1417
2.4480,0.0000,0.0000,0.1519,0.1657,0.0017,0.3305,-0.0465,-0.0005,0.3521,-0.0476,0.1119,0.3521,-0.1322,0.1110,0.3639,-0.1435,0.1112,0.2828,0.0000,-0.4630,0.4847,0.4586,0.0000,0.0000,0.5526,0.0266,0.0399,15.0992,20.1526
2.4560,0.0000,0.0000,0.1519,0.1656,0.0017,0.3306,-0.0466,-0.0005,0.3522,-0.0477,0.1119,0.3522,-0.1322,0.1110,0.3641,-0.1436,0.1112,0.2829,0.0000,-0.4629,0.4848,0.4585,0.0000,0.0000,0.5532,0.0266,0.0399,15.1040,20.1617
2.4640,0.0000,0.0000,0.1519,0.1655,0.0017,0.3307,-0.0467,-0.0005,0.3523,-0.0478,0.1119,0.3523,-0.1323,0.1110,0.3642,-0.1438,0.1112,0.2831,0.0000,-0.4629,0.4848,0.4585,0.0000,0.0000,0.5539,0.0266,0.0399,15.1092,20.1715
2.4720,0.0000,0.0000,0.1519,0.1654,0.0017,0.3308,-0.0468,-0.0005,0.3524,-0.0479,0.1119,0.3524,-0.1324,0.1110,0.3644,-0.1439,0.1112,0.2833,0.0000,-0.4629,0.4848,0.4584,0.0000,0.0000,0.5545,0.0266,0.0399,15.1138,20.1804
2.4800,0.0000,0.0000,0.1519,0.1653,0.0017,0.3309,-0.0469,-0.0005,0.3525,-0.0480,0.1119,0.3525,-0.1325,0.1110,0.3645,-0.1441,0.1112,0.2834,0.0000,-0.4628,0.4849,0.4584,0.0000,0.0000,0.5551,0.0266,0.0399,15.1185,20.1892
2.4880,0.0000,0.0000,0.1519,0.1652,0.0017,0.3310,-0.0470,-0.0005,0.3526,-0.0481,0.1119,0.3526,-0.1326,0.1110,0.3647,-0.1442,0.1112,0.2836,0.0000,-0.4627,0.4849,0.4583,0.0000,0.0000,0.5558,0.0266,0.0399,15.1242,20.2002
2.4960,0.0000,0.0000,0.1519,0.1651,0.0017,0.3311,-0.0471,-0.0005,0.3527,-0.0482,0.1119,0.3527,-0.1327,0.1110,0.3648,-0.1444,0.1112,0.2837,0.0000,-0.4627,0.4850,0.4583,0.0000,0.0000,0.5564,0.0266,0.0399,15.1288,20.2090
2.5040,0.0000,0.0000,0.1519,0.1650,0.0017,0.3312,-0.0472,-0.0005,0.3528,-0.0483,0.1119,0.3528,-0.1328,0.1110,0.3650,-0.1445,0.1112,0.2839,0.0000,-0.4627,0.4850,0.4582,0.0000,0.0000,0.5570,0.0266,0.0399,15.1334,20.2178
2.5120,0.0000,0.0000,0.1519,0.1649,0.0017,0.3313,-0.0473,-0.0005,0.3529,-0.0485,0.1118,0.3529,-0.1329,0.1110,0.3651,-0.1447,0.1112,0.2841,0.0000,-0.4626,0.4851,0.4582,0.0000,0.0000,0.5577,0.0266,0.0399,15.1387,20.2280
2.5200,0.0000,0.0000,0.1519,0.1648,0.0017,0.3314,-0.0474,-0.0005,0.3530,-0.0486,0.1118,0.3530,-0.1330,0.1110,0.3653,-0.1448,0.1112,0.2843,0.0000,-0.4626,0.4851,0.4581,0.0000,0.0000,0.5583,0.0266,0.0399,15.1430,20.2361
2.5280,0.0000,0.0000,0.1519,0.1646,0.0017,0.3315,-0.0475,-0.0005,0.3531,-0.0487,0.1118,0.3531,-0.1331,0.1110,0.3655,-0.1450,0.1112,0.2844,0.0000,-0.4626,0.4851,0.4581,0.0000,0.0000,0.5590,0.0266,0.0399,15.1484,20.2465
2.5360,0.0000,0.0000,0.1519,0.1645,0.0017,0.3316,-0.0476,-0.0005,0.3532,-0.0488,0.1118,0.3532,-0.1332,0.1110,0.3656,-0.1451,0.1112,0.2846,0.0000,-0.4625,0.4852,0.4580,0.0000,0.0000,0.5596,0.0266,0.0399,15.1532,20.2556
2.5440,0.0000,0.0000,0.1519,0.1644,0.0017,0.3317,-0.0477,-0.0005,0.3534,-0.0489,0.1118,0.3534,-0.1333,0.1110,0.3658,-0.1453,0.1112,0.2848,0.0000,-0.4625,0.4852,0.4579,0.0000,0.0000,0.5602,0.0266,0.0399,15.1575,20.2638
2.5520,0.0000,0.0000,0.1519,0.1643,0.0017,0.3318,-0.0478,-0.0005,0.3534,-0.0490,0.1118,0.3534,-0.1334,0.1110,0.3659,-0.1454,0.1112,0.2849,0.0000,-0.4624,0.4853,0.4579,0.0000,0.0000,0.5609,0.0266,0.0399,15.1633,20.2750
2.5600,0.0000,0.0000,0.1519,0.1642,0.0017,0.3319,-0.0479,-0.0005,0.3535,-0.0491,0.1118,0.3535,-0.1335,0.1110,0.3661,-0.1456,0.1112,0.2851,0.0000,-0.4624,0.4853,0.4578,0.0000,0.0000,0.5615,0.0266,0.0399,15.1679,20.2836
2.5680,0.0000,0.0000,0.1519,0.1641,0.0017,0.3320,-0.0480,-0.0005,0.3536,-0.0492,0.1118,0.3536,-0.1336,0.1110,0.3663,-0.1457,0.1112,0.2853,0.0000,-0.4623,0.4854,0.4578,0.0000,0.0000,0.5622,0.0266,0.0399,15.1729,20.2932
2.5760,0.0000,0.0000,0.1519,0.1640,0.0017,0.3321,-0.0481,-0.0005,0.3537,-0.0493,0.1118,0.3537,-0.1337,0.1110,0.3664,-0.1459,0.1112,0.2854,0.0000,-0.4622,0.4854,0.4577,0.0000,0.0000,0.5629,0.0266,0.0399,15.1783,20.3036
2.5840,0.0000,0.0000,0.1519,0.1639,0.0017,0.3322,-0.0482,-0.0005,0.3539,-0.0494,0.1118,0.3539,-0.1338,0.1110,0.3666,-0.1460,0.1112,0.2856,0.0000,-0.4622,0.4854,0.4577,0.0000,0.0000,0.5634,0.0266,0.0399,15.1824,20.3115
2.5920,0.0000,0.0000,0.1519,0.1638,0.0017,0.3323,-0.0484,-0.0005,0.3540,-0.0495,0.1118,0.3540,-0.1339,0.1110,0.3667,-0.1462,0.1112,0.2858,0.0000,-0.4621,0.4855,0.4576,0.0000,0.0000,0.5641,0.0266,0.0399,15.1879,20.3219
2.6000,0.0000,0.0000,0.1519,0.1637,0.0017,0.3324,-0.0485,-0.0005,0.3541,-0.0496,0.1118,0.3541,-0.1340,0.1110,0.3669,-0.1463,0.1112,0.2859,0.0000,-0.4621,0.4855,0.4576,0.0000,0.0000,0.5647,0.0266,0.0399,15.1925,20.3307
2.6080,0.0000,0.0000,0.1519,0.1636,0.0017,0.3325,-0.0486,-0.0005,0.3542,-0.0497,0.1118,0.3542,-0.1341,0.1110,0.3671,-0.1465,0.1112,0.2861,0.0000,-0.4620,0.4856,0.4575,0.0000,0.0000,0.5653,0.0266,0.0399,15.1972,20.3398
2.6160,0.0000,0.0000,0.1519,0.1635,0.0017,0.3326,-0.0487,-0.0005,0.3543,-0.0499,0.1118,0.3543,-0.1342,0.1109,0.3672,-0.1466,0.1112,0.2863,0.0000,-0.4620,0.4856,0.4574,0.0000,0.0000,0.5660,0.0266,0.0399,15.2021,20.3493
2.6240,0.0000,0.0000,0.1519,0.1633,0.0017,0.3327,-0.0488,-0.0005,0.3544,-0.0500,0.1118,0.3544,-0.1343,0.1110,0.3674,-0.1468,0.1112,0.2864,0.0000,-0.4619,0.4857,0.4574,0.0000,0.0000,0.5665,0.0266,0.0399,15.2063,20.3573
2.6320,0.0000,0.0000,0.1519,0.1632,0.0017,0.3328,-0.0489,-0.0005,0.3545,-0.0501,0.1118,0.3545,-0.1344,0.1110,0.3676,-0.1469,0.1112,0.2866,0.0000,-0.4619,0.4857,0.4573,0.0000,0.0000,0.5672,0.0266,0.0399,15.2115,20.3672
2.6400,0.0000,0.0000,0.1519,0.1631,0.0017,0.3329,-0.0490,-0.0005,0.3546,-0.0502,0.1118,0.3546,-0.1345,0.1109,0.3677,-0.1471,0.1112,0.2868,0.0000,-0.4617,0.4858,0.4573,0.0000,0.0000,0.5680,0.0266,0.0399,15.2172,20.3781
2.6480,0.0000,0.0000,0.1519,0.1630,0.0017,0.3330,-0.0491,-0.0005,0.3547,-0.0503,0.1118,0.3547,-0.1346,0.1110,0.3679,-0.1472,0.1112,0.2869,0.0000,-0.4617,0.4858,0.4572,0.0000,0.0000,0.5685,0.0266,0.0399,15.2215,20.3863
2.6560,0.0000,0.0000,0.1519,0.1629,0.0017,0.3331,-0.0493,-0.0005,0.3548,-0.0504,0.1118,0.3548,-0.1348,0.1109,0.3680,-0.1474,0.1112,0.2871,0.0000,-0.4616,0.4859,0.4572,0.0000,0.0000,0.5693,0.0266,0.0399,15.2273,20.3976
2.6640,0.0000,0.0000,0.1519,0.1628,0.0017,0.3332,-0.0494,-0.0005,0.3549,-0.0505,0.1118,0.3549,-0.1349,0.1109,0.3682,-0.1476,0.1112,0.2873,0.0000,-0.4615,0.4859,0.4571,0.0000,0.0000,0.5699,0.0266,0.0399,15.2318,20.4061
2.6720,0.0000,0.0000,0.1519,0.1626,0.0017,0.3333,-0.0495,-0.0005,0.3551,-0.0507,0.1118,0.3551,-0.1350,0.1109,0.3684,-0.1478,0.1112,0.2875,0.0000,-0.4615,0.4859,0.4570,0.0000,0.0000,0.5705,0.0266,0.0399,15.2364,20.4150
2.6800,0.0000,0.0000,0.1519,0.1625,0.0017,0.3334,-0.0496,-0.0005,0.3552,-0.0508,0.1118,0.3552,-0.1351,0.1109,0.3685,-0.1479,0.1112,0.2877,0.0000,-0.4614,0.4860,0.4570,0.0000,0.0000,0.5711,0.0266,0.0399,15.2414,20.4246
2.6880,0.0000,0.0000,0.1519,0.1624,0.0017,0.3335,-0.0497,-0.0005,0.3553,-0.0509,0.1118,0.3553,-0.1352,0.1109,0.3687,-0.1481,0.1112,0.2878,0.0000,-0.4613,0.4860,0.4569,0.0000,0.0000,0.5717,0.0266,0.0399,15.2459,20.4331
2.6960,0.0000,0.0000,0.1519,0.1623,0.0017,0.3336,-0.0498,-0.0005,0.3554,-0.0510,0.1118,0.3554,-0.1353,0.1109,0.3689,-0.1482,0.1112,0.2880,0.0000,-0.4613,0.4861,0.4568,0.0000,0.0000,0.5723,0.0266,0.0399,15.2505,20.4421
2.7040,0.0000,0.0000,0.1519,0.1622,0.0017,0.3337,-0.0499,-0.0005,0.3555,-0.0511,0.1118,0.3555,-0.1354,0.1109,0.3691,-0.1484,0.1112,0.2882,0.0000,-0.4612,0.4861,0.4568,0.0000,0.0000,0.5730,0.0266,0.0399,15.2554,20.4515
2.7120,0.0000,0.0000,0.1519,0.1621,0.0017,0.3338,-0.0501,-0.0005,0.3556,-0.0512,0.1118,0.3556,-0.1355,0.1109,0.3692,-0.1485,0.1112,0.2884,0.0000,-0.4611,0.4861,0.4567,0.0000,0.0000,0.5736,0.0266,0.0399,15.2600,20.4604
2.7200,0.0000,0.0000,0.1519,0.1619,0.0017,0.3339,-0.0502,-0.0005,0.3557,-0.0513,0.1118,0.3557,-0.1356,0.1109,0.3694,-0.1487,0.1112,0.2886,0.0000,-0.4610,0.4862,0.4566,0.0000,0.0000,0.5742,0.0266,0.0399,15.2647,20.4693
2.7280,0.0000,0.0000,0.1519,0.1618,0.0017,0.3340,-0.0503,-0.0005,0.3558,-0.0515,0.1118,0.3558,-0.1357,0.1109,0.3696,-0.1489,0.1112,0.2887,0.0000,-0.4609,0.4862,0.4566,0.0000,0.0000,0.5749,0.0266,0.0399,15.2698,20.4791
2.7360,0.0000,0.0000,0.1519,0.1617,0.0017,0.3341,-0.0504,-0.0005,0.3560,-0.0516,0.1118,0.3560,-0.1358,0.1109,0.3697,-0.1490,0.1112,0.2889,0.0000,-0.4609,0.4862,0.4565,0.0000,0.0000,0.5754,0.0266,0.0399,15.2737,20.4865
2.7440,0.0000,0.0000,0.1519,0.1616,0.0017,0.3342,-0.0505,-0.0005,0.3561,-0.0517,0.1118,0.3561,-0.1359,0.1109,0.3699,-0.1492,0.1112,0.2891,0.0000,-0.4608,0.4863,0.4564,0.0000,0.0000,0.5760,0.0266,0.0399,15.2785,20.4959
2.7520,0.0000,0.0000,0.1519,0.1615,0.0017,0.3343,-0.0506,-0.0005,0.3562,-0.0518,0.1118,0.3562,-0.1360,0.1109,0.3701,-0.1494,0.1112,0.2893,0.0000,-0.4607,0.4863,0.4564,0.0000,0.0000,0.5767,0.0266,0.0399,15.2838,20.5060
2.7600,0.0000,0.0000,0.1519,0.1614,0.0017,0.3345,-0.0508,-0.0005,0.3563,-0.0519,0.1118,0.3563,-0.1361,0.1109,0.3702,-0.1495,0.1112,0.2894,0.0000,-0.4606,0.4864,0.4563,0.0000,0.0000,0.5773,0.0266,0.0399,15.2884,20.5149
2.7680,0.0000,0.0000,0.1519,0.1612,0.0017,0.3346,-0.0509,-0.0005,0.3564,-0.0520,0.1118,0.3564,-0.1362,0.1109,0.3704,-0.1497,0.1112,0.2896,0.0000,-0.4605,0.4864,0.4562,0.0000,0.0000,0.5779,0.0266,0.0399,15.2923,20.5224
2.7760,0.0000,0.0000,0.1519,0.1611,0.0017,0.3347,-0.0510,-0.0005,0.3565,-0.0522,0.1118,0.3565,-0.1363,0.1109,0.3706,-0.1499,0.1112,0.2898,0.0000,-0.4604,0.4865,0.4561,0.0000,0.0000,0.5785,0.0266,0.0399,15.2971,20.5317
2.7840,0.0000,0.0000,0.1519,0.1610,0.0017,0.3348,-0.0511,-0.0005,0.3566,-0.0523,0.1118,0.3566,-0.1365,0.1109,0.3708,-0.1500,0.1112,0.2900,0.0000,-0.4604,0.4865,0.4561,0.0000,0.0000,0.5791,0.0266,0.0399,15.3018,20.5407
2.7920,0.0000,0.0000,0.1519,0.1609,0.0017,0.3349,-0.0512,-0.0005,0.3567,-0.0524,0.1118,0.3567,-0.1366,0.1109,0.3709,-0.1502,0.1112,0.2902,0.0000,-0.4602,0.4865,0.4560,0.0000,0.0000,0.5797,0.0266,0.0399,15.3064,20.5496
2.8000,0.0000,0.0000,0.1519,0.1608,0.0017,0.3350,-0.0514,-0.0005,0.3568,-0.0525,0.1118,0.3568,-0.1367,0.1109,0.3711,-0.1504,0.1112,0.2904,0.0000,-0.4601,0.4866,0.4559,0.0000,0.0000,0.5804,0.0266,0.0399,15.3113,20.5590
2.8080,0.0000,0.0000,0.1519,0.1606,0.0017,0.3351,-0.0515,-0.0005,0.3570,-0.0527,0.1118,0.3570,-0.1368,0.1109,0.3713,-0.1505,0.1112,0.2905,0.0000,-0.4600,0.4866,0.4559,0.0000,0.0000,0.5810,0.0266,0.0399,15.3158,20.5676
2.8160,0.0000,0.0000,0.1519,0.1605,0.0017,0.3352,-0.0516,-0.0005,0.3571,-0.0528,0.1118,0.3571,-0.1369,0.1109,0.3714,-0.1507,0.1112,0.2907,0.0000,-0.4599,0.4867,0.4558,0.0000,0.0000,0.5816,0.0266,0.0399,15.3206,20.5768
2.8240,0.0000,0.0000,0.1519,0.1604,0.0017,0.3353,-0.0517,-0.0005,0.3572,-0.0529,0.1118,0.3572,-0.1370,0.1109,0.3716,-0.1509,0.1112,0.2909,0.0000,-0.4598,0.4867,0.4557,0.0000,0.0000,0.5822,0.0266,0.0399,15.3252,20.5857
2.8320,0.0000,0.0000,0.1519,0.1603,0.0017,0.3354,-0.0518,-0.0005,0.3573,-0.0530,0.1118,0.3573,-0.1371,0.1109,0.3718,-0.1510,0.1112,0.2911,0.0000,-0.4598,0.4867,0.4556,0.0000,0.0000,0.5827,0.0266,0.0399,15.3289,20.5928
2.8400,0.0000,0.0000,0.1519,0.1601,0.0017,0.3355,-0.0520,-0.0005,0.3574,-0.0531,0.1118,0.3574,-0.1372,0.1109,0.3720,-0.1512,0.1112,0.2913,0.0000,-0.4597,0.4868,0.4555,0.0000,0.0000,0.5833,0.0266,0.0399,15.3334,20.6016
2.8480,0.0000,0.0000,0.1519,0.1600,0.0017,0.3356,-0.0521,-0.0005,0.3575,-0.0533,0.1118,0.3575,-0.1374,0.1109,0.3722,-0.1514,0.1112,0.2915,0.0000,-0.4596,0.4868,0.4555,0.0000,0.0000,0.5839,0.0266,0.0399,15.3381,20.6107
2.8560,0.0000,0.0000,0.1519,0.1599,0.0017,0.3357,-0.0522,-0.0005,0.3576,-0.0534,0.1118,0.3576,-0.1375,0.1109,0.3723,-0.1515,0.1112,0.2916,0.0000,-0.4595,0.4868,0.4554,0.0000,0.0000,0.5844,0.0266,0.0399,15.3421,20.6182
2.8640,0.0000,0.0000,0.1519,0.1598,0.0017,0.3358,-0.0523,-0.0005,0.3578,-0.0535,0.1118,0.3578,-0.1376,0.1109,0.3725,-0.1517,0.1112,0.2918,0.0000,-0.4594,0.4869,0.4553,0.0000,0.0000,0.5850,0.0266,0.0399,15.3464,20.6266
2.8720,0.0000,0.0000,0.1519,0.1596,0.0017,0.3360,-0.0525,-0.0006,0.3579,-0.0536,0.1118,0.3579,-0.1377,0.1109,0.3727,-0.1519,0.1112,0.2920,0.0000,-0.4592,0.4869,0.4552,0.0000,0.0000,0.5857,0.0266,0.0399,15.3514,20.6362
2.8800,0.0000,0.0000,0.1519,0.1595,0.0017,0.3361,-0.0526,-0.0006,0.3580,-0.0538,0.1118,0.3580,-0.1378,0.1109,0.3729,-0.1521,0.1112,0.2922,0.0000,-0.4592,0.4869,0.4551,0.0000,0.0000,0.5862,0.0266,0.0399,15.3551,20.6434
2.8880,0.0000,0.0000,0.1519,0.1594,0.0017,0.3362,-0.0527,-0.0006,0.3581,-0.0539,0.1118,0.3581,-0.1379,0.1109,0.3730,-0.1522,0.1112,0.2924,0.0000,-0.4591,0.4870,0.4551,0.0000,0.0000,0.5867,0.0266,0.0399,15.3594,20.6517
2.8960,0.0000,0.0000,0.1519,0.1593,0.0017,0.3363,-0.0528,-0.0006,0.3582,-0.0540,0.1118,0.3582,-0.1380,0.1109,0.3732,-0.1524,0.1112,0.2926,0.0000,-0.4590,0.4870,0.4550,0.0000,0.0000,0.5872,0.0266,0.0399,15.3631,20.6588
2.9040,0.0000,0.0000,0.1519,0.1592,0.0017,0.3364,-0.0529,-0.0006,0.3584,-0.0541,0.1118,0.3584,-0.1381,0.1109,0.3734,-0.1526,0.1112,0.2928,0.0000,-0.4589,0.4870,0.4549,0.0000,0.0000,0.5877,0.0266,0.0399,15.3668,20.6659
2.9120,0.0000,0.0000,0.1519,0.1590,0.0017,0.3365,-0.0531,-0.0006,0.3585,-0.0542,0.1118,0.3585,-0.1382,0.1109,0.3736,-0.1527,0.1112,0.2930,0.0000,-0.4588,0.4870,0.4548,0.0000,0.0000,0.5882,0.0266,0.0399,15.3707,20.6735
2.9200,0.0000,0.0000,0.1519,0.1589,0.0017,0.3366,-0.0532,-0.0006,0.3586,-0.0544,0.1118,0.3586,-0.1383,0.1109,0.3738,-0.1529,0.1112,0.2932,0.0000,-0.4587,0.4871,0.4547,0.0000,0.0000,0.5888,0.0266,0.0399,15.3747,20.6812
2.9280,0.0000,0.0000,0.1519,0.1588,0.0017,0.3367,-0.0533,-0.0006,0.3587,-0.0545,0.1118,0.3587,-0.1385,0.1109,0.3740,-0.1531,0.1112,0.2934,0.0000,-0.4587,0.4871,0.4546,0.0000,0.0000,0.5893,0.0266,0.0399,15.3783,20.6883
2.9360,0.0000,0.0000,0.1519,0.1587,0.0017,0.3368,-0.0534,-0.0006,0.3588,-0.0546,0.1118,0.3588,-0.1386,0.1109,0.3741,-0.1533,0.1111,0.2936,0.0000,-0.4585,0.4871,0.4545,0.0000,0.0000,0.5898,0.0266,0.0399,15.3826,20.6965
2.9440,0.0000,0.0000,0.1519,0.1585,0.0017,0.3369,-0.0536,-0.0006,0.3590,-0.0547,0.1118,0.3590,-0.1387,0.1109,0.3743,-0.1534,0.1111,0.2938,0.0000,-0.4584,0.4872,0.4544,0.0000,0.0000,0.5904,0.0266,0.0399,15.3870,20.7050
2.9520,0.0000,0.0000,0.1519,0.1584,0.0017,0.3370,-0.0537,-0.0006,0.3591,-0.0549,0.1118,0.3591,-0.1388,0.1109,0.3745,-0.1536,0.1111,0.2939,0.0000,-0.4583,0.4872,0.4544,0.0000,0.0000,0.5910,0.0266,0.0399,15.3917,20.7141
2.9600,0.0000,0.0000,0.1519,0.1583,0.0017,0.3371,-0.0538,-0.0006,0.3592,-0.0550,0.1118,0.3592,-0.1389,0.1109,0.3747,-0.1538,0.1111,0.2941,0.0000,-0.4582,0.4872,0.4543,0.0000,0.0000,0.5915,0.0266,0.0399,15.3953,20.7211
2.9680,0.0000,0.0000,0.1519,0.1581,0.0017,0.3372,-0.0540,-0.0006,0.3593,-0.0551,0.1118,0.3593,-0.1390,0.1109,0.3749,-0.1540,0.1111,0.2943,0.0000,-0.4581,0.4873,0.4542,0.0000,0.0000,0.5921,0.0266,0.0399,15.3995,20.7291
2.9760,0.0000,0.0000,0.1519,0.1580,0.0017,0.3374,-0.0541,-0.0006,0.3594,-0.0552,0.1118,0.3594,-0.1392,0.1109,0.3750,-0.1541,0.1111,0.2945,0.0000,-0.4580,0.4873,0.4541,0.0000,0.0000,0.5925,0.0266,0.0399,15.4028,20.7355
2.9840,0.0000,0.0000,0.1519,0.1579,0.0017,0.3375,-0.0542,-0.0006,0.3595,-0.0554,0.1118,0.3595,-0.1393,0.1109,0.3752,-0.1543,0.1111,0.2947,0.0000,-0.4579,0.4873,0.4540,0.0000,0.0000,0.5931,0.0266,0.0399,15.4070,20.7436
2.9920,0.0000,0.0000,0.1519,0.1577,0.0016,0.3376,-0.0543,-0.0006,0.3597,-0.0555,0.1118,0.3597,-0.1394,0.1109,0.3754,-0.1545,0.1111,0.2949,0.0000,-0.4577,0.4873,0.4539,0.0000,0.0000,0.5936,0.0266,0.0399,15.4110,20.7513
3.0000,0.0000,0.0000,0.1519,0.1576,0.0016,0.3377,-0.0545,-0.0006,0.3598,-0.0556,0.1118,0.3598,-0.1395,0.1109,0.3756,-0.1547,0.1111,0.2951,0.0000,-0.4576,0.4874,0.4538,0.0000,0.0000,0.5942,0.0266,0.0399,15.4155,20.7601
3.0080,0.0000,0.0000,0.1519,0.1575,0.0016,0.3378,-0.0546,-0.0006,0.3599,-0.0558,0.1118,0.3599,-0.1396,0.1109,0.3757,-0.1549,0.1111,0.2953,0.0000,-0.4574,0.4874,0.4537,0.0000,0.0000,0.5948,0.0266,0.0399,15.4196,20.7680
3.0160,0.0000,0.0000,0.1519,0.1574,0.0016,0.3379,-0.0547,-0.0006,0.3600,-0.0559,0.1118,0.3600,-0.1398,0.1109,0.3759,-0.1550,0.1111,0.2955,0.0000,-0.4573,0.4874,0.4536,0.0000,0.0000,0.5953,0.0266,0.0399,15.4234,20.7754
3.0240,0.0000,0.0000,0.1519,0.1572,0.0016,0.3380,-0.0549,-0.0006,0.3601,-0.0560,0.1118,0.3601,-0.1399,0.1109,0.3761,-0.1552,0.1111,0.2957,0.0000,-0.4572,0.4875,0.4535,0.0000,0.0000,0.5958,0.0266,0.0399,15.4273,20.7828
3.0320,0.0000,0.0000,0.1519,0.1571,0.0016,0.3381,-0.0550,-0.0006,0.3603,-0.0562,0.1118,0.3603,-0.1400,0.1109,0.3763,-0.1554,0.1111,0.2959,0.0000,-0.4571,0.4875,0.4534,0.0000,0.0000,0.5963,0.0266,0.0399,15.4311,20.7903
3.0400,0.0000,0.0000,0.1519,0.1569,0.0016,0.3383,-0.0552,-0.0006,0.3604,-0.0563,0.1118,0.3604,-0.1401,0.1109,0.3765,-0.1556,0.1111,0.2960,0.0000,-0.4569,0.4875,0.4533,0.0000,0.0000,0.5970,0.0266,0.0399,15.4360,20.7998
3.0480,0.0000,0.0000,0.1519,0.1568,0.0016,0.3384,-0.0553,-0.0006,0.3605,-0.0565,0.1118,0.3605,-0.1403,0.1109,0.3767,-0.1558,0.1111,0.2962,0.0000,-0.4568,0.4876,0.4532,0.0000,0.0000,0.5974,0.0266,0.0399,15.4397,20.8069
3.0560,0.0000,0.0000,0.1519,0.1567,0.0016,0.3385,-0.0554,-0.0006,0.3606,-0.0566,0.1118,0.3606,-0.1404,0.1109,0.3769,-0.1560,0.1111,0.2965,0.0000,-0.4567,0.4876,0.4531,0.0000,0.0000,0.5978,0.0266,0.0399,15.4426,20.8125
3.0640,0.0000,0.0000,0.1519,0.1565,0.0016,0.3386,-0.0556,-0.0006,0.3608,-0.0567,0.1118,0.3608,-0.1405,0.1109,0.3771,-0.1562,0.1111,0.2967,0.0000,-0.4566,0.4876,0.4530,0.0000,0.0000,0.5984,0.0266,0.0399,15.4468,20.8207
3.0720,0.0000,0.0000,0.1519,0.1564,0.0016,0.3387,-0.0557,-0.0006,0.3609,-0.0569,0.1118,0.3609,-0.1406,0.1109,0.3772,-0.1563,0.1111,0.2969,0.0000,-0.4565,0.4876,0.4529,0.0000,0.0000,0.5988,0.0266,0.0399,15.4500,20.8269
3.0800,0.0000,0.0000,0.1519,0.1563,0.0016,0.3388,-0.0558,-0.0006,0.3610,-0.0570,0.1118,0.3610,-0.1408,0.1109,0.3774,-0.1565,0.1111,0.2970,0.0000,-0.4563,0.4877,0.4528,0.0000,0.0000,0.5994,0.0266,0.0399,15.4546,20.8357
3.0880,0.0000,0.0000,0.1519,0.1561,0.0016,0.3389,-0.0559,-0.0006,0.3611,-0.0571,0.1118,0.3611,-0.1409,0.1109,0.3776,-0.1567,0.1111,0.2973,0.0000,-0.4563,0.4876,0.4527,0.0000,0.0000,0.5997,0.0266,0.0399,15.4562,20.8390
3.0960,0.0000,0.0000,0.1519,0.1560,0.0016,0.3391,-0.0561,-0.0006,0.3612,-0.0573,0.1118,0.3612,-0.1410,0.1109,0.3778,-0.1569,0.1111,0.2974,0.0000,-0.4561,0.4877,0.4526,0.0000,0.0000,0.6003,0.0266,0.0399,15.4606,20.8475
3.1040,0.0000,0.0000,0.1519,0.1558,0.0016,0.3392,-0.0562,-0.0006,0.3614,-0.0574,0.1118,0.3614,-0.1411,0.1109,0.3780,-0.1571,0.1111,0.2976,0.0000,-0.4560,0.4877,0.4525,0.0000,0.0000,0.6008,0.0266,0.0399,15.4646,20.8552
3.1120,0.0000,0.0000,0.1519,0.1557,0.0016,0.3393,-0.0564,-0.0006,0.3615,-0.0575,0.1118,0.3615,-0.1412,0.1109,0.3782,-0.1573,0.1111,0.2978,0.0000,-0.4559,0.4877,0.4524,0.0000,0.0000,0.6012,0.0266,0.0399,15.4676,20.8609
3.1200,0.0000,0.0000,0.1519,0.1556,0.0016,0.3394,-0.0565,-0.0006,0.3616,-0.0577,0.1118,0.3616,-0.1414,0.1109,0.3783,-0.1574,0.1111,0.2980,0.0000,-0.4557,0.4877,0.4523,0.0000,0.0000,0.6017,0.0266,0.0399,15.4712,20.8681
3.1280,0.0000,0.0000,0.1519,0.1554,0.0016,0.3395,-0.0567,-0.0006,0.3617,-0.0578,0.1117,0.3617,-0.1415,0.1109,0.3785,-0.1576,0.1111,0.2982,0.0000,-0.4556,0.4878,0.4522,0.0000,0.0000,0.6022,0.0266,0.0399,15.4754,20.8762
3.1360,0.0000,0.0000,0.1519,0.1553,0.0016,0.3396,-0.0568,-0.0006,0.3619,-0.0580,0.1117,0.3619,-0.1416,0.1109,0.3787,-0.1578,0.1111,0.2985,0.0000,-0.4555,0.4878,0.4521,0.0000,0.0000,0.6026,0.0266,0.0399,15.4778,20.8808
3.1440,0.0000,0.0000,0.1519,0.1552,0.0016,0.3398,-0.0569,-0.0006,0.3620,-0.0581,0.1117,0.3620,-0.1417,0.1109,0.3789,-0.1580,0.1111,0.2986,0.0000,-0.4553,0.4878,0.4520,0.0000,0.0000,0.6031,0.0266,0.0399,15.4815,20.8879
3.1520,0.0000,0.0000,0.1519,0.1550,0.0016,0.3399,-0.0571,-0.0006,0.3621,-0.0582,0.1117,0.3621,-0.1419,0.1109,0.3791,-0.1582,0.1111,0.2988,0.0000,-0.4552,0.4878,0.4518,0.0000,0.0000,0.6035,0.0266,0.0399,15.4847,20.8942
3.1600,0.0000,0.0000,0.1519,0.1549,0.0016,0.3400,-0.0572,-0.0006,0.3622,-0.0584,0.1117,0.3622,-0.1420,0.1109,0.3793,-0.1584,0.1111,0.2991,0.0000,-0.4551,0.4878,0.4517,0.0000,0.0000,0.6040,0.0266,0.0399,15.4884,20.9013
3.1680,0.0000,0.0000,0.1519,0.1547,0.0016,0.3401,-0.0573,-0.0006,0.3624,-0.0585,0.1117,0.3624,-0.1421,0.1109,0.3795,-0.1586,0.1111,0.2993,0.0000,-0.4550,0.4878,0.4516,0.0000,0.0000,0.6043,0.0266,0.0399,15.4907,20.9059
3.1760,0.0000,0.0000,0.1519,0.1546,0.0016,0.3402,-0.0575,-0.0006,0.3625,-0.0587,0.1117,0.3625,-0.1423,0.1109,0.3797,-0.1588,0.1111,0.2995,0.0000,-0.4548,0.4879,0.4515,0.0000,0.0000,0.6048,0.0266,0.0399,15.4948,20.9138
3.1840,0.0000,0.0000,0.1519,0.1544,0.0016,0.3403,-0.0576,-0.0006,0.3626,-0.0588,0.1117,0.3626,-0.1424,0.1109,0.3799,-0.1590,0.1111,0.2997,0.0000,-0.4547,0.4879,0.4514,0.0000,0.0000,0.6053,0.0266,0.0399,15.4982,20.9204
3.1920,0.0000,0.0000,0.1519,0.1543,0.0016,0.3405,-0.0578,-0.0006,0.3627,-0.0590,0.1117,0.3627,-0.1425,0.1109,0.3801,-0.1592,0.1111,0.2999,0.0000,-0.4546,0.4879,0.4513,0.0000,0.0000,0.6057,0.0266,0.0399,15.5013,20.9265
3.2000,0.0000,0.0000,0.1519,0.1542,0.0016,0.3406,-0.0579,-0.0006,0.3628,-0.0591,0.1117,0.3628,-0.1426,0.1109,0.3803,-0.1594,0.1111,0.3001,0.0000,-0.4544,0.4879,0.4511,0.0000,0.0000,0.6061,0.0266,0.0399,15.5042,20.9321
3.2080,0.0000,0.0000,0.1519,0.1540,0.0016,0.3407,-0.0581,-0.0006,0.3630,-0.0592,0.1117,0.3630,-0.1428,0.1109,0.3804,-0.1595,0.1111,0.3003,0.0000,-0.4543,0.4879,0.4510,0.0000,0.0000,0.6065,0.0266,0.0399,15.5074,20.9382
3.2160,0.0000,0.0000,0.1519,0.1539,0.0016,0.3408,-0.0582,-0.0006,0.3631,-0.0594,0.1117,0.3631,-0.1429,0.1109,0.3806,-0.1597,0.1111,0.3005,0.0000,-0.4542,0.4879,0.4509,0.0000,0.0000,0.6069,0.0266,0.0399,15.5099,20.9431
3.2240,0.0000,0.0000,0.1519,0.1537,0.0016,0.3409,-0.0583,-0.0006,0.3632,-0.0595,0.1117,0.3632,-0.1430,0.1109,0.3808,-0.1599,0.1111,0.3007,0.0000,-0.4541,0.4879,0.4508,0.0000,0.0000,0.6072,0.0266,0.0399,15.5123,20.9477
3.2320,0.0000,0.0000,0.1519,0.1536,0.0016,0.3410,-0.0585,-0.0006,0.3634,-0.0597,0.1117,0.3634,-0.1431,0.1109,0.3810,-0.1601,0.1111,0.3009,0.0000,-0.4540,0.4879,0.4506,0.0000,0.0000,0.6075,0.0266,0.0399,15.5149,20.9528
3.2400,0.0000,0.0000,0.1519,0.1534,0.0016,0.3412,-0.0586,-0.0006,0.3635,-0.0598,0.1117,0.3635,-0.1433,0.1109,0.3812,-0.1603,0.1111,0.3011,0.0000,-0.4539,0.4879,0.4505,0.0000,0.0000,0.6080,0.0266,0.0399,15.5184,20.9595
3.2480,0.0000,0.0000,0.1519,0.1533,0.0016,0.3413,-0.0588,-0.0006,0.3636,-0.0599,0.1117,0.3636,-0.1434,0.1109,0.3814,-0.1605,0.1111,0.3013,0.0000,-0.4538,0.4879,0.4504,0.0000,0.0000,0.6083,0.0266,0.0399,15.5204,20.9635
3.2560,0.0000,0.0000,0.1519,0.1532,0.0016,0.3414,-0.0589,-0.0006,0.3637,-0.0601,0.1117,0.3637,-0.1435,0.1109,0.3816,-0.1607,0.1111,0.3015,0.0000,-0.4537,0.4880,0.4503,0.0000,0.0000,0.6088,0.0266,0.0399,15.5238,20.9702
3.2640,0.0000,0.0000,0.1519,0.1530,0.0016,0.3415,-0.0591,-0.0006,0.3638,-0.0602,0.1117,0.3638,-0.1437,0.1109,0.3818,-0.1609,0.1111,0.3017,0.0000,-0.4536,0.4880,0.4501,0.0000,0.0000,0.6091,0.0266,0.0399,15.5263,20.9749
3.2720,0.0000,0.0000,0.1519,0.1529,0.0016,0.3416,-0.0592,-0.0006,0.3640,-0.0604,0.1117,0.3640,-0.1438,0.1109,0.3820,-0.1611,0.1111,0.3020,0.0000,-0.4535,0.4879,0.4499,0.0000,0.0000,0.6093,0.0266,0.0399,15.5276,20.9774
3.2800,0.0000,0.0000,0.1519,0.1527,0.0016,0.3417,-0.0593,-0.0006,0.3641,-0.0605,0.1117,0.3641,-0.1439,0.1109,0.3822,-0.1613,0.1111,0.3022,0.0000,-0.4534,0.4879,0.4498,0.0000,0.0000,0.6096,0.0266,0.0399,15.5304,20.9830
3.2880,0.0000,0.0000,0.1519,0.1526,0.0016,0.3419,-0.0595,-0.0006,0.3642,-0.0607,0.1117,0.3642,-0.1440,0.1108,0.3824,-0.1615,0.1111,0.3024,0.0000,-0.4533,0.4880,0.4497,0.0000,0.0000,0.6100,0.0266,0.0399,15.5331,20.9883
3.2960,0.0000,0.0000,0.1519,0.1524,0.0016,0.3420,-0.0596,-0.0006,0.3644,-0.0608,0.1117,0.3644,-0.1442,0.1108,0.3826,-0.1617,0.1111,0.3026,0.0000,-0.4532,0.4880,0.4496,0.0000,0.0000,0.6103,0.0266,0.0399,15.5356,20.9932
3.3040,0.0000,0.0000,0.1519,0.1523,0.0016,0.3421,-0.0598,-0.0006,0.3645,-0.0609,0.1117,0.3645,-0.1443,0.1109,0.3828,-0.1619,0.1111,0.3028,0.0000,-0.4531,0.4879,0.4494,0.0000,0.0000,0.6106,0.0266,0.0399,15.5375,20.9968
3.3120,0.0000,0.0000,0.1519,0.1521,0.0016,0.3422,-0.0599,-0.0006,0.3646,-0.0611,0.1117,0.3646,-0.1444,0.1108,0.3830,-0.1621,0.1111,0.3030,0.0000,-0.4530,0.4879,0.4493,0.0000,0.0000,0.6109,0.0266,0.0399,15.5394,21.0005
3.3200,0.0000,0.0000,0.1519,0.1520,0.0016,0.3423,-0.0601,-0.0006,0.3647,-0.0612,0.1117,0.3647,-0.1446,0.1108,0.3832,-0.1623,0.1110,0.3032,0.0000,-0.4529,0.4880,0.4492,0.0000,0.0000,0.6113,0.0266,0.0399,15.5425,21.0064
3.3280,0.0000,0.0000,0.1519,0.1518,0.0016,0.3424,-0.0602,-0.0006,0.3649,-0.0614,0.1117,0.3649,-0.1447,0.1108,0.3834,-0.1625,0.1111,0.3034,0.0000,-0.4528,0.4879,0.4490,0.0000,0.0000,0.6115,0.0266,0.0399,15.5441,21.0096
3.3360,0.0000,0.0000,0.1519,0.1517,0.0016,0.3426,-0.0604,-0.0006,0.3650,-0.0615,0.1117,0.3650,-0.1448,0.1108,0.3836,-0.1627,0.1111,0.3037,0.0000,-0.4528,0.4879,0.4488,0.0000,0.0000,0.6117,0.0266,0.0399,15.5457,21.0127
3.3440,0.0000,0.0000,0.1519,0.1515,0.0016,0.3427,-0.0605,-0.0006,0.3651,-0.0617,0.1117,0.3651,-0.1450,0.1108,0.3838,-0.1629,0.1111,0.3039,0.0000,-0.4527,0.4879,0.4487,0.0000,0.0000,0.6120,0.0266,0.0399,15.5480,21.0171
3.3520,0.0000,0.0000,0.1519,0.1514,0.0016,0.3428,-0.0606,-0.0006,0.3653,-0.0618,0.1117,0.3653,-0.1451,0.1108,0.3840,-0.1631,0.1110,0.3041,0.0000,-0.4526,0.4879,0.4485,0.0000,0.0000,0.6123,0.0266,0.0399,15.5501,21.0213
3.3600,0.0000,0.0000,0.1519,0.1512,0.0016,0.3429,-0.0608,-0.0006,0.3654,-0.0620,0.1117,0.3654,-0.1452,0.1108,0.3842,-0.1633,0.1110,0.3043,0.0000,-0.4525,0.4879,0.4484,0.0000,0.0000,0.6126,0.0266,0.0399,15.5520,21.0250
3.3680,0.0000,0.0000,0.1519,0.1511,0.0016,0.3430,-0.0610,-0.0006,0.3656,-0.0621,0.1117,0.3656,-0.1454,0.1108,0.3844,-0.1635,0.1111,0.3046,0.0000,-0.4525,0.4879,0.4482,0.0000,0.0000,0.6127,0.0266,0.0399,15.5532,21.0272
3.3760,0.0000,0.0000,0.1519,0.1509,0.0016,0.3432,-0.0611,-0.0006,0.3657,-0.0623,0.1117,0.3657,-0.1455,0.1108,0.3846,-0.1637,0.1110,0.3048,0.0000,-0.4523,0.4879,0.4481,0.0000,0.0000,0.6131,0.0266,0.0399,15.5562,21.0331
3.3840,0.0000,0.0000,0.1519,0.1508,0.0016,0.3433,-0.0613,-0.0006,0.3658,-0.0624,0.1117,0.3658,-0.1456,0.1108,0.3848,-0.1639,0.1110,0.3049,0.0000,-0.4522,0.4879,0.4479,0.0000,0.0000,0.6134,0.0266,0.0399,15.5582,21.0370
3.3920,0.0000,0.0000,0.1519,0.1506,0.0016,0.3434,-0.0614,-0.0006,0.3659,-0.0626,0.1117,0.3659,-0.1458,0.1108,0.3850,-0.1641,0.1110,0.3052,0.0000,-0.4521,0.4879,0.4478,0.0000,0.0000,0.6137,0.0266,0.0399,15.5604,21.0413
3.4000,0.0000,0.0000,0.1519,0.1505,0.0016,0.3435,-0.0616,-0.0006,0.3660,-0.0627,0.1117,0.3660,-0.1459,0.1108,0.3852,-0.1643,0.1110,0.3054,0.0000,-0.4520,0.4879,0.4476,0.0000,0.0000,0.6139,0.0266,0.0399,15.5619,21.0443
3.4080,0.0000,0.0000,0.1519,0.1503,0.0016,0.3436,-0.0617,-0.0006,0.3662,-0.0629,0.1117,0.3662,-0.1460,0.1108,0.3854,-0.1645,0.1110,0.3056,0.0000,-0.4520,0.4878,0.4474,0.0000,0.0000,0.6140,0.0266,0.0399,15.5629,21.0462
3.4160,0.0000,0.0000,0.1519,0.1502,0.0016,0.3438,-0.0619,-0.0006,0.3663,-0.0630,0.1117,0.3663,-0.1462,0.1108,0.3856,-0.1647,0.1110,0.3058,0.0000,-0.4519,0.4878,0.4473,0.0000,0.0000,0.6142,0.0266,0.0399,15.5642,21.0488
3.4240,0.0000,0.0000,0.1519,0.1500,0.0016,0.3439,-0.0620,-0.0006,0.3665,-0.0632,0.1117,0.3665,-0.1463,0.1108,0.3858,-0.1649,0.1110,0.3061,0.0000,-0.4519,0.4878,0.4471,0.0000,0.0000,0.6144,0.0266,0.0399,15.5653,21.0508
3.4320,0.0000,0.0000,0.1519,0.1499,0.0016,0.3440,-0.0622,-0.0007,0.3666,-0.0633,0.1117,0.3666,-0.1464,0.1108,0.3860,-0.1651,0.1110,0.3063,0.0000,-0.4519,0.4878,0.4469,0.0000,0.0000,0.6145,0.0266,0.0399,15.5664,21.0530
3.4400,0.0000,0.0000,0.1519,0.1497,0.0016,0.3441,-0.0623,-0.0007,0.3667,-0.0635,0.1117,0.3667,-0.1466,0.1108,0.3862,-0.1653,0.1110,0.3065,0.0000,-0.4517,0.4878,0.4468,0.0000,0.0000,0.6149,0.0266,0.0399,15.5693,21.0587
3.4480,0.0000,0.0000,0.1519,0.1496,0.0016,0.3442,-0.0625,-0.0007,0.3668,-0.0637,0.1117,0.3668,-0.1467,0.1108,0.3864,-0.1655,0.1110,0.3067,0.0000,-0.4516,0.4878,0.4466,0.0000,0.0000,0.6151,0.0266,0.0399,15.5708,21.0615
3.4560,0.0000,0.0000,0.1519,0.1494,0.0016,0.3444,-0.0626,-0.0007,0.3670,-0.0638,0.1117,0.3670,-0.1469,0.1108,0.3866,-0.1657,0.1110,0.3069,0.0000,-0.4516,0.4877,0.4465,0.0000,0.0000,0.6153,0.0266,0.0399,15.5721,21.0642
3.4640,0.0000,0.0000,0.1519,0.1492,0.0016,0.3445,-0.0628,-0.0007,0.3671,-0.0640,0.1117,0.3671,-0.1470,0.1108,0.3868,-0.1659,0.1110,0.3072,0.0000,-0.4515,0.4877,0.4463,0.0000,0.0000,0.6154,0.0266,0.0399,15.5732,21.0662
3.4720,0.0000,0.0000,0.1519,0.1491,0.0016,0.3446,-0.0630,-0.0007,0.3672,-0.0641,0.1117,0.3672,-0.1471,0.1108,0.3870,-0.1661,0.1110,0.3074,0.0000,-0.4515,0.4877,0.4461,0.0000,0.0000,0.6156,0.0266,0.0399,15.5746,21.0689
3.4800,0.0000,0.0000,0.1519,0.1489,0.0016,0.3447,-0.0631,-0.0007,0.3674,-0.0643,0.1117,0.3674,-0.1473,0.1108,0.3873,-0.1664,0.1110,0.3076,0.0000,-0.4514,0.4877,0.4459,0.0000,0.0000,0.6158,0.0266,0.0399,15.5760,21.0717
3.4880,0.0000,0.0000,0.1519,0.1488,0.0016,0.3449,-0.0633,-0.0007,0.3675,-0.0645,0.1117,0.3675,-0.1474,0.1108,0.3874,-0.1666,0.1110,0.3078,0.0000,-0.4513,0.4877,0.4458,0.0000,0.0000,0.6160,0.0266,0.0399,15.5776,21.0748
3.4960,0.0000,0.0000,0.1519,0.1486,0.0016,0.3450,-0.0634,-0.0007,0.3676,-0.0646,0.1117,0.3676,-0.1476,0.1108,0.3876,-0.1668,0.1110,0.3080,0.0000,-0.4512,0.4876,0.4456,0.0000,0.0000,0.6162,0.0266,0.0399,15.5788,21.0771
3.5040,0.0000,0.0000,0.1519,0.1484,0.0016,0.3451,-0.0636,-0.0007,0.3678,-0.0648,0.1117,0.3678,-0.1477,0.1108,0.3878,-0.1670,0.1110,0.3082,0.0000,-0.4512,0.4876,0.4454,0.0000,0.0000,0.6164,0.0266,0.0399,15.5801,21.0796
3.5120,0.0000,0.0000,0.1519,0.1483,0.0015,0.3452,-0.0637,-0.0007,0.3679,-0.0649,0.1117,0.3679,-0.1478,0.1108,0.3881,-0.1672,0.1110,0.3085,0.0000,-0.4512,0.4876,0.4452,0.0000,0.0000,0.6164,0.0266,0.0399,15.5802,21.0799
3.5200,0.0000,0.0000,0.1519,0.1481,0.0016,0.3454,-0.0639,-0.0007,0.3680,-0.0651,0.1117,0.3680,-0.1480,0.1108,0.3883,-0.1674,0.1110,0.3087,0.0000,-0.4511,0.4875,0.4450,0.0000,0.0000,0.6165,0.0266,0.0399,15.5810,21.0815
3.5280,0.0000,0.0000,0.1519,0.1480,0.0016,0.3455,-0.0641,-0.0007,0.3682,-0.0652,0.1117,0.3682,-0.1481,0.1108,0.3885,-0.1676,0.1110,0.3089,0.0000,-0.4511,0.4875,0.4448,0.0000,0.0000,0.6166,0.0266,0.0399,15.5819,21.0832
3.5360,0.0000,0.0000,0.1519,0.1478,0.0015,0.3456,-0.0642,-0.0007,0.3683,-0.0654,0.1117,0.3683,-0.1483,0.1108,0.3887,-0.1678,0.1110,0.3092,0.0000,-0.4511,0.4875,0.4446,0.0000,0.0000,0.6167,0.0266,0.0399,15.5826,21.0846
3.5440,0.0000,0.0000,0.1519,0.1476,0.0015,0.3457,-0.0644,-0.0007,0.3685,-0.0656,0.1117,0.3685,-0.1484,0.1108,0.3889,-0.1681,0.1110,0.3094,0.0000,-0.4511,0.4874,0.4444,0.0000,0.0000,0.6168,0.0266,0.0399,15.5831,21.0855
3.5520,0.0000,0.0000,0.1519,0.1475,0.0015,0.3458,-0.0645,-0.0007,0.3686,-0.0657,0.1117,0.3686,-0.1486,0.1108,0.3891,-0.1683,0.1110,0.3096,0.0000,-0.4510,0.4874,0.4442,0.0000,0.0000,0.6168,0.0266,0.0399,15.5837,21.0867
3.5600,0.0000,0.0000,0.1519,0.1473,0.0015,0.3460,-0.0647,-0.0007,0.3687,-0.0659,0.1117,0.3687,-0.1487,0.1108,0.3893,-0.1685,0.1110,0.3099,0.0000,-0.4510,0.4874,0.4440,0.0000,0.0000,0.6169,0.0266,0.0399,15.5839,21.0871
3.5680,0.0000,0.0000,0.1519,0.1471,0.0015,0.3461,-0.0649,-0.0007,0.3689,-0.0660,0.1117,0.3689,-0.1489,0.1108,0.3895,-0.1687,0.1110,0.3101,0.0000,-0.4510,0.4873,0.4438,0.0000,0.0000,0.6170,0.0266,0.0399,15.5848,21.0888
3.5760,0.0000,0.0000,0.1519,0.1470,0.0015,0.3462,-0.0650,-0.0007,0.3690,-0.0662,0.1117,0.3690,-0.1490,0.1108,0.3897,-0.1689,0.1110,0.3103,0.0000,-0.4509,0.4873,0.4437,0.0000,0.0000,0.6171,0.0266,0.0399,15.5858,21.0908
3.5840,0.0000,0.0000,0.1519,0.1468,0.0015,0.3463,-0.0652,-0.0007,0.3691,-0.0664,0.1117,0.3691,-0.1492,0.1108,0.3899,-0.1691,0.1110,0.3105,0.0000,-0.4508,0.4873,0.4435,0.0000,0.0000,0.6173,0.0266,0.0399,15.5873,21.0937
3.5920,0.0000,0.0000,0.1519,0.1467,0.0015,0.3465,-0.0654,-0.0007,0.3692,-0.0665,0.1117,0.3692,-0.1493,0.1108,0.3901,-0.1693,0.1110,0.3107,0.0000,-0.4508,0.4872,0.4433,0.0000,0.0000,0.6174,0.0266,0.0399,15.5877,21.0945
3.6000,0.0000,0.0000,0.1519,0.1465,0.0015,0.3466,-0.0655,-0.0007,0.3694,-0.0667,0.1117,0.3694,-0.1494,0.1108,0.3903,-0.1696,0.1110,0.3109,0.0000,-0.4508,0.4872,0.4431,0.0000,0.0000,0.6174,0.0266,0.0399,15.5880,21.0951
3.6080,0.0000,0.0000,0.1519,0.1463,0.0015,0.3467,-0.0657,-0.0007,0.3695,-0.0669,0.1117,0.3695,-0.1496,0.1108,0.3905,-0.1698,0.1110,0.3112,0.0000,-0.4508,0.4871,0.4429,0.0000,0.0000,0.6174,0.0266,0.0399,15.5879,21.0949
3.6160,0.0000,0.0000,0.1519,0.1462,0.0015,0.3468,-0.0659,-0.0007,0.3696,-0.0670,0.1117,0.3696,-0.1497,0.1108,0.3908,-0.1700,0.1110,0.3114,0.0000,-0.4509,0.4871,0.4426,0.0000,0.0000,0.6174,0.0266,0.0399,15.5875,21.0942
3.6240,0.0000,0.0000,0.1519,0.1460,0.0015,0.3470,-0.0660,-0.0007,0.3698,-0.0672,0.1117,0.3698,-0.1499,0.1108,0.3910,-0.1702,0.1110,0.3116,0.0000,-0.4509,0.4870,0.4424,0.0000,0.0000,0.6173,0.0266,0.0399,15.5874,21.0938
3.6320,0.0000,0.0000,0.1519,0.1458,0.0015,0.3471,-0.0662,-0.0007,0.3699,-0.0674,0.1117,0.3699,-0.1500,0.1108,0.3912,-0.1704,0.1110,0.3118,0.0000,-0.4508,0.4870,0.4422,0.0000,0.0000,0.6174,0.0266,0.0399,15.5880,21.0951
3.6400,0.0000,0.0000,0.1519,0.1457,0.0015,0.3472,-0.0663,-0.0007,0.3700,-0.0675,0.1116,0.3700,-0.1502,0.1108,0.3914,-0.1706,0.1110,0.3121,0.0000,-0.4508,0.4870,0.4420,0.0000,0.0000,0.6175,0.0266,0.0399,15.5882,21.0955
3.6480,0.0000,0.0000,0.1519,0.1455,0.0015,0.3473,-0.0665,-0.0007,0.3702,-0.0677,0.1116,0.3702,-0.1503,0.1108,0.3916,-0.1709,0.1110,0.3123,0.0000,-0.4508,0.4869,0.4418,0.0000,0.0000,0.6175,0.0266,0.0399,15.5884,21.0960
3.6560,0.0000,0.0000,0.1519,0.1453,0.0015,0.3475,-0.0667,-0.0007,0.3703,-0.0679,0.1116,0.3703,-0.1505,0.1108,0.3918,-0.1711,0.1110,0.3125,0.0000,-0.4509,0.4868,0.4415,0.0000,0.0000,0.6173,0.0266,0.0399,15.5872,21.0936
3.6640,0.0000,0.0000,0.1519,0.1451,0.0015,0.3476,-0.0669,-0.0007,0.3705,-0.0680,0.1116,0.3705,-0.1506,0.1108,0.3920,-0.1713,0.1110,0.3128,0.0000,-0.4509,0.4868,0.4413,0.0000,0.0000,0.6173,0.0266,0.0399,15.5871,21.0933
3.6720,0.0000,0.0000,0.1519,0.1450,0.0015,0.3477,-0.0670,-0.0007,0.3706,-0.0682,0.1116,0.3706,-0.1508,0.1108,0.3922,-0.1715,0.1110,0.3130,0.0000,-0.4510,0.4867,0.4411,0.0000,0.0000,0.6172,0.0266,0.0399,15.5863,21.0918
3.6800,0.0000,0.0000,0.1519,0.1448,0.0015,0.3478,-0.0672,-0.0007,0.3707,-0.0684,0.1116,0.3707,-0.1509,0.1108,0.3924,-0.1718,0.1110,0.3132,0.0000,-0.4510,0.4867,0.4409,0.0000,0.0000,0.6172,0.0266,0.0399,15.5864,21.0921
3.6880,0.0000,0.0000,0.1519,0.1446,0.0015,0.3480,-0.0674,-0.0007,0.3709,-0.0685,0.1116,0.3709,-0.1511,0.1108,0.3927,-0.1720,0.1110,0.3135,0.0000,-0.4511,0.4866,0.4406,0.0000,0.0000,0.6171,0.0266,0.0399,15.5856,21.0904
3.6960,0.0000,0.0000,0.1519,0.1445,0.0015,0.3481,-0.0675,-0.0007,0.3710,-0.0687,0.1116,0.3710,-0.1512,0.1108,0.3929,-0.1722,0.1110,0.3137,0.0000,-0.4511,0.4865,0.4404,0.0000,0.0000,0.6171,0.0266,0.0399,15.5854,21.0901
3.7040,0.0000,0.0000,0.1519,0.1443,0.0015,0.3482,-0.0677,-0.0007,0.3711,-0.0689,0.1116,0.3711,-0.1514,0.1108,0.3931,-0.1724,0.1109,0.3139,0.0000,-0.4510,0.4865,0.4402,0.0000,0.0000,0.6171,0.0266,0.0399,15.5858,21.0907
3.7120,0.0000,0.0000,0.1519,0.1441,0.0015,0.3483,-0.0679,-0.0007,0.3713,-0.0691,0.1116,0.3713,-0.1515,0.1108,0.3933,-0.1726,0.1109,0.3142,0.0000,-0.4512,0.4864,0.4399,0.0000,0.0000,0.6169,0.0266,0.0399,15.5838,21.0869
3.7200,0.0000,0.0000,0.1519,0.1440,0.0015,0.3485,-0.0680,-0.0007,0.3714,-0.0692,0.1116,0.3714,-0.1517,0.1108,0.3935,-0.1729,0.1109,0.3144,0.0000,-0.4512,0.4863,0.4397,0.0000,0.0000,0.6168,0.0266,0.0399,15.5833,21.0859
3.7280,0.0000,0.0000,0.1519,0.1438,0.0015,0.3486,-0.0682,-0.0007,0.3715,-0.0694,0.1116,0.3715,-0.1518,0.1108,0.3937,-0.1731,0.1109,0.3146,0.0000,-0.4513,0.4862,0.4394,0.0000,0.0000,0.6167,0.0266,0.0399,15.5827,21.0847
3.7360,0.0000,0.0000,0.1519,0.1436,0.0015,0.3487,-0.0684,-0.0007,0.3717,-0.0695,0.1116,0.3717,-0.1519,0.1108,0.3939,-0.1733,0.1109,0.3149,0.0000,-0.4514,0.4861,0.4391,0.0000,0.0000,0.6164,0.0266,0.0399,15.5806,21.0807
3.7440,0.0000,0.0000,0.1519,0.1434,0.0015,0.3488,-0.0686,-0.0007,0.3718,-0.0697,0.1116,0.3718,-0.1521,0.1108,0.3942,-0.1735,0.1109,0.3151,0.0000,-0.4515,0.4861,0.4389,0.0000,0.0000,0.6164,0.0266,0.0399,15.5801,21.0797
3.7520,0.0000,0.0000,0.1519,0.1433,0.0015,0.3490,-0.0687,-0.0007,0.3720,-0.0699,0.1116,0.3720,-0.1523,0.1108,0.3944,-0.1738,0.1109,0.3153,0.0000,-0.4515,0.4860,0.4386,0.0000,0.0000,0.6162,0.0266,0.0399,15.5792,21.0779
3.7600,0.0000,0.0000,0.1519,0.1431,0.0015,0.3491,-0.0689,-0.0007,0.3721,-0.0701,0.1116,0.3721,-0.1524,0.1108,0.3945,-0.1740,0.1109,0.3155,0.0000,-0.4514,0.4860,0.4384,0.0000,0.0000,0.6163,0.0266,0.0399,15.5799,21.0794
3.7680,0.0000,0.0000,0.1519,0.1429,0.0015,0.3492,-0.0691,-0.0007,0.3722,-0.0703,0.1116,0.3722,-0.1526,0.1108,0.3948,-0.1742,0.1109,0.3158,0.0000,-0.4516,0.4859,0.4381,0.0000,0.0000,0.6161,0.0266,0.0399,15.5779,21.0755
3.7760,0.0000,0.0000,0.1519,0.1427,0.0015,0.3494,-0.0693,-0.0007,0.3724,-0.0704,0.1116,0.3724,-0.1527,0.1108,0.3950,-0.1744,0.1109,0.3160,0.0000,-0.4517,0.4858,0.4379,0.0000,0.0000,0.6159,0.0266,0.0399,15.5767,21.0730
3.7840,0.0000,0.0000,0.1519,0.1425,0.0015,0.3495,-0.0694,-0.0007,0.3725,-0.0706,0.1116,0.3725,-0.1529,0.1108,0.3952,-0.1747,0.1109,0.3162,0.0000,-0.4517,0.4857,0.4376,0.0000,0.0000,0.6158,0.0266,0.0399,15.5762,21.0721
3.7920,0.0000,0.0000,0.1519,0.1424,0.0015,0.3496,-0.0696,-0.0007,0.3726,-0.0708,0.1116,0.3726,-0.1530,0.1108,0.3954,-0.1749,0.1109,0.3165,0.0000,-0.4519,0.4856,0.4373,0.0000,0.0000,0.6155,0.0266,0.0399,15.5736,21.0670
3.8000,0.0000,0.0000,0.1519,0.1422,0.0015,0.3497,-0.0698,-0.0007,0.3728,-0.0710,0.1116,0.3728,-0.1532,0.1107,0.3957,-0.1751,0.1109,0.3168,0.0000,-0.4520,0.4855,0.4370,0.0000,0.0000,0.6152,0.0266,0.0399,15.5719,21.0637
3.8080,0.0000,0.0000,0.1519,0.1420,0.0015,0.3499,-0.0700,-0.0007,0.3729,-0.0711,0.1116,0.3729,-0.1533,0.1107,0.3959,-0.1754,0.1109,0.3170,0.0000,-0.4521,0.4854,0.4367,0.0000,0.0000,0.6150,0.0266,0.0399,15.5697,21.0595
3.8160,0.0000,0.0000,0.1519,0.1419,0.0015,0.3500,-0.0701,-0.0007,0.3731,-0.0713,0.1116,0.3731,-0.1535,0.1107,0.3961,-0.1756,0.1109,0.3172,0.0000,-0.4523,0.4853,0.4364,0.0000,0.0000,0.6147,0.0266,0.0399,15.5680,21.0562
3.8240,0.0000,0.0000,0.1519,0.1417,0.0015,0.3501,-0.0703,-0.0007,0.3732,-0.0715,0.1116,0.3732,-0.1536,0.1107,0.3963,-0.1758,0.1109,0.3175,0.0000,-0.4524,0.4852,0.4361,0.0000,0.0000,0.6144,0.0266,0.0399,15.5660,21.0522
3.8320,0.0000,0.0000,0.1519,0.1415,0.0015,0.3502,-0.0705,-0.0007,0.3733,-0.0716,0.1116,0.3733,-0.1538,0.1107,0.3965,-0.1760,0.1109,0.3177,0.0000,-0.4526,0.4850,0.4358,0.0000,0.0000,0.6141,0.0266,0.0399,15.5636,21.0475
3.8400,0.0000,0.0000,0.1519,0.1413,0.0015,0.3504,-0.0707,-0.0007,0.3735,-0.0718,0.1116,0.3735,-0.1539,0.1107,0.3968,-0.1763,0.1109,0.3180,0.0000,-0.4527,0.4849,0.4355,0.0000,0.0000,0.6138,0.0266,0.0399,15.5612,21.0430
3.8480,0.0000,0.0000,0.1519,0.1411,0.0015,0.3505,-0.0708,-0.0007,0.3736,-0.0720,0.1116,0.3736,-0.1541,0.1107,0.3970,-0.1765,0.1109,0.3182,0.0000,-0.4528,0.4848,0.4352,0.0000,0.0000,0.6136,0.0266,0.0399,15.5597,21.0399
3.8560,0.0000,0.0000,0.1519,0.1410,0.0015,0.3506,-0.0710,-0.0007,0.3738,-0.0722,0.1116,0.3738,-0.1542,0.1107,0.3972,-0.1767,0.1109,0.3184,0.0000,-0.4530,0.4847,0.4349,0.0000,0.0000,0.6132,0.0266,0.0399,15.5570,21.0348
3.8640,0.0000,0.0000,0.1519,0.1408,0.0015,0.3507,-0.0712,-0.0007,0.3739,-0.0724,0.1116,0.3739,-0.1544,0.1107,0.3974,-0.1770,0.1109,0.3187,0.0000,-0.4531,0.4846,0.4346,0.0000,0.0000,0.6130,0.0266,0.0399,15.5549,21.0307
3.8720,0.0000,0.0000,0.1519,0.1406,0.0015,0.3509,-0.0714,-0.0007,0.3740,-0.0725,0.1116,0.3740,-0.1545,0.1107,0.3976,-0.1772,0.1109,0.3189,0.0000,-0.4532,0.4844,0.4343,0.0000,0.0000,0.6127,0.0266,0.0399,15.5528,21.0266
3.8800,0.0000,0.0000,0.1519,0.1404,0.0015,0.3510,-0.0715,-0.0008,0.3742,-0.0727,0.1116,0.3742,-0.1547,0.1107,0.3979,-0.1774,0.1109,0.3192,0.0000,-0.4534,0.4843,0.4340,0.0000,0.0000,0.6124,0.0266,0.0399,15.5509,21.0228
3.8880,0.0000,0.0000,0.1519,0.1403,0.0015,0.3511,-0.0717,-0.0007,0.3744,-0.0729,0.1116,0.3744,-0.1549,0.1107,0.3981,-0.1777,0.1109,0.3194,0.0000,-0.4537,0.4841,0.4336,0.0000,0.0000,0.6118,0.0266,0.0399,15.5464,21.0141
3.8960,0.0000,0.0000,0.1519,0.1401,0.0015,0.3513,-0.0719,-0.0008,0.3745,-0.0731,0.1116,0.3745,-0.1550,0.1107,0.3983,-0.1779,0.1109,0.3197,0.0000,-0.4538,0.4840,0.4332,0.0000,0.0000,0.6115,0.0266,0.0399,15.5444,21.0101
3.9040,0.0000,0.0000,0.1519,0.1399,0.0015,0.3514,-0.0721,-0.0008,0.3746,-0.0733,0.1116,0.3746,-0.1552,0.1107,0.3985,-0.1781,0.1109,0.3199,0.0000,-0.4539,0.4839,0.4329,0.0000,0.0000,0.6112,0.0266,0.0399,15.5420,21.0055
3.9120,0.0000,0.0000,0.1519,0.1397,0.0015,0.3515,-0.0723,-0.0008,0.3748,-0.0734,0.1116,0.3748,-0.1553,0.1107,0.3988,-0.1784,0.1109,0.3202,0.0000,-0.4541,0.4837,0.4326,0.0000,0.0000,0.6108,0.0266,0.0399,15.5392,21.0000
3.9200,0.0000,0.0000,0.1519,0.1395,0.0015,0.3516,-0.0724,-0.0008,0.3749,-0.0736,0.1116,0.3749,-0.1555,0.1107,0.3990,-0.1786,0.1109,0.3204,0.0000,-0.4544,0.4836,0.4322,0.0000,0.0000,0.6103,0.0266,0.0399,15.5354,20.9927
3.9280,0.0000,0.0000,0.1519,0.1393,0.0015,0.3518,-0.0726,-0.0008,0.3751,-0.0738,0.1116,0.3751,-0.1557,0.1107,0.3992,-0.1788,0.1109,0.3207,0.0000,-0.4545,0.4834,0.4319,0.0000,0.0000,0.6100,0.0266,0.0399,15.5329,20.9879
3.9360,0.0000,0.0000,0.1519,0.1391,0.0015,0.3519,-0.0728,-0.0008,0.3752,-0.0740,0.1116,0.3752,-0.1558,0.1107,0.3994,-0.1791,0.1109,0.3209,0.0000,-0.4546,0.4833,0.4315,0.0000,0.0000,0.6097,0.0266,0.0399,15.5311,20.9843
3.9440,0.0000,0.0000,0.1519,0.1390,0.0015,0.3520,-0.0730,-0.0008,0.3753,-0.0742,0.1116,0.3753,-0.1560,0.1107,0.3997,-0.1793,0.1109,0.3211,0.0000,-0.4548,0.4831,0.4312,0.0000,0.0000,0.6093,0.0266,0.0399,15.5275,20.9774
3.9520,0.0000,0.0000,0.1519,0.1388,0.0014,0.3522,-0.0732,-0.0008,0.3755,-0.0744,0.1116,0.3755,-0.1561,0.1107,0.3999,-0.1795,0.1109,0.3214,0.0000,-0.4550,0.4830,0.4308,0.0000,0.0000,0.6089,0.0266,0.0399,15.5248,20.9721
3.9600,0.0000,0.0000,0.1519,0.1386,0.0015,0.3523,-0.0734,-0.0008,0.3756,-0.0746,0.1116,0.3756,-0.1563,0.1107,0.4001,-0.1798,0.1109,0.3216,0.0000,-0.4551,0.4829,0.4305,0.0000,0.0000,0.6086,0.0266,0.0399,15.5230,20.9685
3.9680,0.0000,0.0000,0.1519,0.1384,0.0014,0.3524,-0.0736,-0.0008,0.3758,-0.0747,0.1116,0.3758,-0.1565,0.1107,0.4003,-0.1800,0.1109,0.3219,0.0000,-0.4553,0.4827,0.4301,0.0000,0.0000,0.6081,0.0266,0.0399,15.5193,20.9613
3.9760,0.0000,0.0000,0.1519,0.1382,0.0014,0.3526,-0.0738,-0.0008,0.3759,-0.0749,0.1116,0.3759,-0.1567,0.1107,0.4005,-0.1803,0.1109,0.3221,0.0000,-0.4555,0.4825,0.4297,0.0000,0.0000,0.6078,0.0266,0.0399,15.5165,20.9559
3.9840,0.0000,0.0000,0.1519,0.1380,0.0014,0.3527,-0.0739,-0.0008,0.3760,-0.0751,0.1116,0.3760,-0.1568,0.1107,0.4007,-0.1805,0.1109,0.3223,0.0000,-0.4556,0.4824,0.4294,0.0000,0.0000,0.6074,0.0266,0.0399,15.5137,20.9505
3.9920,0.0000,0.0000,0.1519,0.1378,0.0014,0.3528,-0.0741,-0.0008,0.3762,-0.0753,0.1116,0.3762,-0.1570,0.1107,0.4010,-0.1808,0.1109,0.3226,0.0000,-0.4559,0.4822,0.4289,0.0000,0.0000,0.6068,0.0266,0.0399,15.5095,20.9423
4.0000,0.0000,0.0000,0.1519,0.1376,0.0014,0.3529,-0.0743,-0.0008,0.3763,-0.0755,0.1116,0.3763,-0.1571,0.1107,0.4012,-0.1810,0.1109,0.3228,0.0000,-0.4561,0.4820,0.4286,0.0000,0.0000,0.6064,0.0266,0.0399,15.5062,20.9360
4.0080,0.0000,0.0000,0.1519,0.1374,0.0014,0.3531,-0.0745,-0.0008,0.3765,-0.0757,0.1116,0.3765,-0.1573,0.1107,0.4014,-0.1812,0.1109,0.3231,0.0000,-0.4563,0.4818,0.4281,0.0000,0.0000,0.6058,0.0266,0.0399,15.5020,20.9278
4.0160,0.0000,0.0000,0.1519,0.1373,0.0014,0.3532,-0.0747,-0.0008,0.3766,-0.0759,0.1116,0.3766,-0.1575,0.1107,0.4016,-0.1815,0.1109,0.3234,0.0000,-0.4565,0.4816,0.4277,0.0000,0.0000,0.6053,0.0266,0.0399,15.4985,20.9210
4.0240,0.0000,0.0000,0.1519,0.1371,0.0014,0.3533,-0.0749,-0.0008,0.3767,-0.0761,0.1116,0.3767,-0.1576,0.1107,0.4018,-0.1817,0.1109,0.3236,0.0000,-0.4566,0.4814,0.4274,0.0000,0.0000,0.6050,0.0266,0.0399,15.4963,20.9166
4.0320,0.0000,0.0000,0.1519,0.1369,0.0014,0.3535,-0.0751,-0.0008,0.3769,-0.0763,0.1116,0.3769,-0.1578,0.1107,0.4021,-0.1820,0.1108,0.3238,0.0000,-0.4569,0.4812,0.4270,0.0000,0.0000,0.6045,0.0266,0.0399,15.4925,20.9093
4.0400,0.0000,0.0000,0.1519,0.1367,0.0014,0.3536,-0.0753,-0.0008,0.3770,-0.0765,0.1116,0.3770,-0.1580,0.1107,0.4023,-0.1822,0.1108,0.3241,0.0000,-0.4570,0.4811,0.4266,0.0000,0.0000,0.6041,0.0266,0.0399,15.4894,20.9033
4.0480,0.0000,0.0000,0.1519,0.1365,0.0014,0.3537,-0.0755,-0.0008,0.3772,-0.0766,0.1116,0.3772,-0.1581,0.1107,0.4025,-0.1825,0.1108,0.3243,0.0000,-0.4573,0.4808,0.4261,0.0000,0.0000,0.6035,0.0266,0.0399,15.4846,20.8941
4.0560,0.0000,0.0000,0.1519,0.1363,0.0014,0.3539,-0.0757,-0.0008,0.3773,-0.0768,0.1115,0.3773,-0.1583,0.1107,0.4027,-0.1827,0.1108,0.3246,0.0000,-0.4575,0.4806,0.4257,0.0000,0.0000,0.6030,0.0266,0.0399,15.4813,20.8875
4.0640,0.0000,0.0000,0.1519,0.1361,0.0014,0.3540,-0.0759,-0.0008,0.3774,-0.0770,0.1116,0.3774,-0.1585,0.1107,0.4030,-0.1830,0.1108,0.3248,0.0000,-0.4577,0.4804,0.4253,0.0000,0.0000,0.6025,0.0266,0.0399,15.4771,20.8794
4.0720,0.0000,0.0000,0.1519,0.1359,0.0014,0.3541,-0.0760,-0.0008,0.3776,-0.0772,0.1115,0.3776,-0.1586,0.1107,0.4032,-0.1832,0.1108,0.3251,0.0000,-0.4580,0.4802,0.4248,0.0000,0.0000,0.6019,0.0266,0.0399,15.4729,20.8712
4.0800,0.0000,0.0000,0.1519,0.1357,0.0014,0.3543,-0.0762,-0.0008,0.3777,-0.0774,0.1115,0.3777,-0.1588,0.1107,0.4034,-0.1834,0.1108,0.3253,0.0000,-0.4581,0.4799,0.4244,0.0000,0.0000,0.6014,0.0266,0.0399,15.4691,20.8639
4.0880,0.0000,0.0000,0.1519,0.1355,0.0014,0.3544,-0.0764,-0.0008,0.3779,-0.0776,0.1115,0.3779,-0.1590,0.1107,0.4036,-0.1837,0.1108,0.3255,0.0000,-0.4583,0.4797,0.4240,0.0000,0.0000,0.6010,0.0266,0.0399,15.4659,20.8577
4.0960,0.0000,0.0000,0.1519,0.1353,0.0014,0.3545,-0.0766,-0.0008,0.3780,-0.0778,0.1115,0.3780,-0.1591,0.1107,0.4039,-0.1839,0.1108,0.3258,0.0000,-0.4586,0.4794,0.4235,0.0000,0.0000,0.6002,0.0266,0.0399,15.4602,20.8467
4.1040,0.0000,0.0000,0.1519,0.1351,0.0014,0.3546,-0.0768,-0.0008,0.3781,-0.0780,0.1115,0.3781,-0.1593,0.1107,0.4041,-0.1842,0.1108,0.3260,0.0000,-0.4589,0.4792,0.4230,0.0000,0.0000,0.5996,0.0266,0.0399,15.4557,20.8379
4.1120,0.0000,0.0000,0.1519,0.1349,0.0014,0.3548,-0.0770,-0.0008,0.3783,-0.0782,0.1115,0.3783,-0.1595,0.1107,0.4043,-0.1844,0.1108,0.3263,0.0000,-0.4591,0.4790,0.4225,0.0000,0.0000,0.5991,0.0266,0.0399,15.4521,20.8309
4.1200,0.0000,0.0000,0.1519,0.1347,0.0014,0.3549,-0.0772,-0.0008,0.3784,-0.0784,0.1115,0.3784,-0.1596,0.1107,0.4045,-0.1847,0.1108,0.3265,0.0000,-0.4593,0.4787,0.4220,0.0000,0.0000,0.5984,0.0266,0.0399,15.4471,20.8213
4.1280,0.0000,0.0000,0.1519,0.1345,0.0014,0.3550,-0.0774,-0.0008,0.3786,-0.0786,0.1115,0.3786,-0.1598,0.1107,0.4047,-0.1849,0.1108,0.3268,0.0000,-0.4595,0.4784,0.4216,0.0000,0.0000,0.5979,0.0266,0.0399,15.4430,20.8132
4.1360,0.0000,0.0000,0.1519,0.1343,0.0014,0.3552,-0.0776,-0.0008,0.3787,-0.0788,0.1115,0.3787,-0.1600,0.1107,0.4050,-0.1852,0.1108,0.3270,0.0000,-0.4598,0.4781,0.4210,0.0000,0.0000,0.5971,0.0266,0.0399,15.4374,20.8024
4.1440,0.0000,0.0000,0.1519,0.1341,0.0014,0.3553,-0.0778,-0.0008,0.3789,-0.0790,0.1115,0.3789,-0.1602,0.1107,0.4052,-0.1854,0.1108,0.3273,0.0000,-0.4601,0.4778,0.4205,0.0000,0.0000,0.5964,0.0266,0.0399,15.4319,20.7918
4.1520,0.0000,0.0000,0.1519,0.1339,0.0014,0.3554,-0.0780,-0.0008,0.3790,-0.0792,0.1115,0.3790,-0.1603,0.1107,0.4054,-0.1857,0.1108,0.3276,0.0000,-0.4604,0.4775,0.4200,0.0000,0.0000,0.5958,0.0266,0.0399,15.4271,20.7824
4.1600,0.0000,0.0000,0.1519,0.1337,0.0014,0.3556,-0.0782,-0.0008,0.3791,-0.0794,0.1115,0.3791,-0.1605,0.1107,0.4057,-0.1859,0.1108,0.3278,0.0000,-0.4606,0.4772,0.4195,0.0000,0.0000,0.5951,0.0266,0.0399,15.4223,20.7732
4.1680,0.0000,0.0000,0.1519,0.1335,0.0014,0.3557,-0.0784,-0.0008,0.3793,-0.0796,0.1115,0.3793,-0.1607,0.1107,0.4059,-0.1862,0.1108,0.3281,0.0000,-0.4610,0.4769,0.4189,0.0000,0.0000,0.5942,0.0266,0.0399,15.4157,20.7604
4.1760,0.0000,0.0000,0.1519,0.1333,0.0014,0.3558,-0.0786,-0.0008,0.3795,-0.0798,0.1115,0.3795,-0.1608,0.1107,0.4061,-0.1864,0.1108,0.3283,0.0000,-0.4613,0.4765,0.4183,0.0000,0.0000,0.5935,0.0266,0.0399,15.4101,20.7497
4.1840,0.0000,0.0000,0.1519,0.1331,0.0014,0.3559,-0.0788,-0.0008,0.3796,-0.0800,0.1115,0.3796,-0.1610,0.1107,0.4064,-0.1867,0.1108,0.3286,0.0000,-0.4615,0.4762,0.4178,0.0000,0.0000,0.5928,0.0266,0.0399,15.4046,20.7389
4.1920,0.0000,0.0000,0.1519,0.1329,0.0014,0.3561,-0.0790,-0.0008,0.3797,-0.0802,0.1115,0.3797,-0.1612,0.1107,0.4066,-0.1869,0.1108,0.3289,0.0000,-0.4618,0.4758,0.4172,0.0000,0.0000,0.5920,0.0266,0.0399,15.3991,20.7283
4.2000,0.0000,0.0000,0.1519,0.1327,0.0014,0.3562,-0.0792,-0.0008,0.3799,-0.0804,0.1115,0.3799,-0.1613,0.1107,0.4068,-0.1872,0.1108,0.3291,0.0000,-0.4621,0.4755,0.4166,0.0000,0.0000,0.5912,0.0266,0.0399,15.3931,20.7168
4.2080,0.0000,0.0000,0.1519,0.1325,0.0014,0.3563,-0.0794,-0.0008,0.3800,-0.0806,0.1115,0.3800,-0.1615,0.1107,0.4071,-0.1874,0.1108,0.3294,0.0000,-0.4623,0.4751,0.4161,0.0000,0.0000,0.5906,0.0266,0.0399,15.3883,20.7076
4.2160,0.0000,0.0000,0.1519,0.1323,0.0014,0.3565,-0.0796,-0.0008,0.3802,-0.0808,0.1115,0.3802,-0.1617,0.1107,0.4073,-0.1877,0.1108,0.3296,0.0000,-0.4626,0.4748,0.4155,0.0000,0.0000,0.5898,0.0266,0.0399,15.3826,20.6964
4.2240,0.0000,0.0000,0.1519,0.1321,0.0014,0.3566,-0.0798,-0.0008,0.3803,-0.0810,0.1115,0.3803,-0.1619,0.1107,0.4075,-0.1880,0.1108,0.3299,0.0000,-0.4628,0.4744,0.4149,0.0000,0.0000,0.5891,0.0266,0.0399,15.3772,20.6860
4.2320,0.0000,0.0000,0.1519,0.1319,0.0014,0.3567,-0.0800,-0.0008,0.3805,-0.0812,0.1115,0.3805,-0.1620,0.1107,0.4077,-0.1882,0.1108,0.3301,0.0000,-0.4632,0.4740,0.4142,0.0000,0.0000,0.5882,0.0266,0.0399,15.3704,20.6730
4.2400,0.0000,0.0000,0.1519,0.1317,0.0014,0.3569,-0.0802,-0.0008,0.3806,-0.0814,0.1115,0.3806,-0.1622,0.1107,0.4080,-0.1885,0.1108,0.3304,0.0000,-0.4634,0.4736,0.4137,0.0000,0.0000,0.5875,0.0266,0.0399,15.3651,20.6626
4.2480,0.0000,0.0000,0.1519,0.1315,0.0014,0.3570,-0.0804,-0.0008,0.3808,-0.0816,0.1115,0.3808,-0.1624,0.1107,0.4082,-0.1887,0.1108,0.3306,0.0000,-0.4637,0.4732,0.4131,0.0000,0.0000,0.5867,0.0266,0.0399,15.3593,20.6515
4.2560,0.0000,0.0000,0.1519,0.1313,0.0014,0.3571,-0.0806,-0.0008,0.3809,-0.0818,0.1115,0.3809,-0.1626,0.1107,0.4084,-0.1890,0.1108,0.3309,0.0000,-0.4639,0.4728,0.4124,0.0000,0.0000,0.5859,0.0266,0.0399,15.3531,20.6395
4.2640,0.0000,0.0000,0.1519,0.1311,0.0014,0.3573,-0.0808,-0.0008,0.3810,-0.0820,0.1115,0.3810,-0.1627,0.1106,0.4086,-0.1892,0.1108,0.3312,0.0000,-0.4642,0.4724,0.4118,0.0000,0.0000,0.5852,0.0266,0.0399,15.3475,20.6286
4.2720,0.0000,0.0000,0.1519,0.1309,0.0014,0.3574,-0.0810,-0.0008,0.3812,-0.0822,0.1115,0.3812,-0.1629,0.1107,0.4089,-0.1895,0.1108,0.3314,0.0000,-0.4645,0.4719,0.4111,0.0000,0.0000,0.5842,0.0266,0.0399,15.3404,20.6151
4.2800,0.0000,0.0000,0.1519,0.1307,0.0014,0.3575,-0.0812,-0.0008,0.3813,-0.0824,0.1115,0.3813,-0.1631,0.1107,0.4091,-0.1897,0.1108,0.3317,0.0000,-0.4648,0.4715,0.4104,0.0000,0.0000,0.5834,0.0266,0.0399,15.3341,20.6029
4.2880,0.0000,0.0000,0.1519,0.1305,0.0014,0.3577,-0.0814,-0.0009,0.3815,-0.0826,0.1115,0.3815,-0.1633,0.1106,0.4093,-0.1900,0.1108,0.3319,0.0000,-0.4650,0.4710,0.4098,0.0000,0.0000,0.5827,0.0266,0.0399,15.3286,20.5923
4.2960,0.0000,0.0000,0.1519,0.1303,0.0014,0.3578,-0.0816,-0.0009,0.3816,-0.0828,0.1115,0.3816,-0.1634,0.1107,0.4096,-0.1903,0.1108,0.3322,0.0000,-0.4653,0.4706,0.4091,0.0000,0.0000,0.5818,0.0266,0.0399,15.3218,20.5792
4.3040,0.0000,0.0000,0.1519,0.1301,0.0014,0.3579,-0.0818,-0.0009,0.3818,-0.0830,0.1115,0.3818,-0.1636,0.1106,0.4098,-0.1905,0.1108,0.3324,0.0000,-0.4655,0.4701,0.4085,0.0000,0.0000,0.5810,0.0266,0.0399,15.3164,20.5688
4.3120,0.0000,0.0000,0.1519,0.1299,0.0014,0.3581,-0.0820,-0.0009,0.3819,-0.0832,0.1115,0.3819,-0.1638,0.1107,0.4100,-0.1908,0.1108,0.3327,0.0000,-0.4658,0.4696,0.4078,0.0000,0.0000,0.5801,0.0266,0.0399,15.3096,20.5557
4.3200,0.0000,0.0000,0.1519,0.1296,0.0014,0.3582,-0.0823,-0.0009,0.3821,-0.0834,0.1115,0.3821,-0.1640,0.1106,0.4103,-0.1911,0.1108,0.3330,0.0000,-0.4661,0.4690,0.4070,0.0000,0.0000,0.5791,0.0266,0.0399,15.3019,20.5409
4.3280,0.0000,0.0000,0.1519,0.1294,0.0014,0.3583,-0.0825,-0.0009,0.3822,-0.0836,0.1115,0.3822,-0.1642,0.1106,0.4105,-0.1913,0.1108,0.3332,0.0000,-0.4664,0.4685,0.4062,0.0000,0.0000,0.5782,0.0266,0.0399,15.2949,20.5274
4.3360,0.0000,0.0000,0.1519,0.1292,0.0013,0.3585,-0.0827,-0.0009,0.3823,-0.0839,0.1115,0.3823,-0.1643,0.1106,0.4107,-0.1916,0.1108,0.3335,0.0000,-0.4667,0.4680,0.4055,0.0000,0.0000,0.5774,0.0266,0.0399,15.2887,20.5154
4.3440,0.0000,0.0000,0.1519,0.1290,0.0014,0.3586,-0.0829,-0.0009,0.3825,-0.0841,0.1115,0.3825,-0.1645,0.1106,0.4110,-0.1918,0.1107,0.3338,0.0000,-0.4670,0.4674,0.4048,0.0000,0.0000,0.5764,0.0266,0.0399,15.2814,20.5015
4.3520,0.0000,0.0000,0.1519,0.1288,0.0013,0.3587,-0.0831,-0.0009,0.3826,-0.0843,0.1115,0.3826,-0.1647,0.1106,0.4112,-0.1921,0.1107,0.3340,0.0000,-0.4673,0.4668,0.4040,0.0000,0.0000,0.5754,0.0266,0.0399,15.2740,20.4871
4.3600,0.0000,0.0000,0.1519,0.1286,0.0013,0.3589,-0.0833,-0.0009,0.3828,-0.0845,0.1115,0.3828,-0.1649,0.1106,0.4114,-0.1924,0.1107,0.3343,0.0000,-0.4675,0.4663,0.4032,0.0000,0.0000,0.5746,0.0266,0.0399,15.2675,20.4746
4.3680,0.0000,0.0000,0.1519,0.1284,0.0013,0.3590,-0.0835,-0.0009,0.3829,-0.0847,0.1115,0.3829,-0.1651,0.1106,0.4117,-0.1926,0.1107,0.3345,0.0000,-0.4678,0.4657,0.4024,0.0000,0.0000,0.5736,0.0266,0.0399,15.2602,20.4606
4.3760,0.0000,0.0000,0.1519,0.1282,0.0013,0.3591,-0.0837,-0.0009,0.3831,-0.0849,0.1115,0.3831,-0.1652,0.1106,0.4119,-0.1929,0.1107,0.3348,0.0000,-0.4681,0.4650,0.4017,0.0000,0.0000,0.5727,0.0266,0.0399,15.2530,20.4468
4.3840,0.0000,0.0000,0.1519,0.1280,0.0013,0.3592,-0.0839,-0.0009,0.3832,-0.0851,0.1115,0.3832,-0.1654,0.1106,0.4121,-0.1931,0.1107,0.3351,0.0000,-0.4684,0.4643,0.4008,0.0000,0.0000,0.5716,0.0266,0.0399,15.2445,20.4305
4.3920,0.0000,0.0000,0.1519,0.1277,0.0013,0.3594,-0.0842,-0.0009,0.3834,-0.0853,0.1115,0.3834,-0.1656,0.1106,0.4124,-0.1934,0.1107,0.3353,0.0000,-0.4686,0.4637,0.4000,0.0000,0.0000,0.5707,0.0266,0.0399,15.2382,20.4185
4.4000,0.0000,0.0000,0.1519,0.1275,0.0013,0.3595,-0.0844,-0.0009,0.3835,-0.0855,0.1115,0.3835,-0.1658,0.1106,0.4126,-0.1937,0.1107,0.3356,0.0000,-0.4689,0.4630,0.3991,0.0000,0.0000,0.5696,0.0266,0.0399,15.2299,20.4025
4.4080,0.0000,0.0000,0.1519,0.1273,0.0013,0.3596,-0.0846,-0.0009,0.3836,-0.0858,0.1115,0.3836,-0.1660,0.1106,0.4128,-0.1940,0.1107,0.3358,0.0000,-0.4691,0.4624,0.3984,0.0000,0.0000,0.5688,0.0266,0.0399,15.2238,20.3909
4.4160,0.0000,0.0000,0.1519,0.1271,0.0013,0.3598,-0.0848,-0.0009,0.3838,-0.0860,0.1115,0.3838,-0.1661,0.1106,0.4130,-0.1942,0.1107,0.3361,0.0000,-0.4694,0.4617,0.3975,0.0000,0.0000,0.5678,0.0266,0.0399,15.2160,20.3758
4.4240,0.0000,0.0000,0.1519,0.1269,0.0013,0.3599,-0.0850,-0.0009,0.3839,-0.0862,0.1115,0.3839,-0.1663,0.1106,0.4133,-0.1945,0.1107,0.3364,0.0000,-0.4697,0.4610,0.3966,0.0000,0.0000,0.5668,0.0266,0.0399,15.2083,20.3611
4.4320,0.0000,0.0000,0.1519,0.1267,0.0013,0.3600,-0.0852,-0.0009,0.3841,-0.0864,0.1115,0.3841,-0.1665,0.1106,0.4135,-0.1947,0.1107,0.3366,0.0000,-0.4700,0.4602,0.3957,0.0000,0.0000,0.5657,0.0266,0.0399,15.2001,20.3454
4.4400,0.0000,0.0000,0.1519,0.1264,0.0013,0.3602,-0.0854,-0.0009,0.3842,-0.0866,0.1115,0.3842,-0.1667,0.1106,0.4138,-0.1950,0.1107,0.3369,0.0000,-0.4702,0.4594,0.3948,0.0000,0.0000,0.5647,0.0266,0.0399,15.1919,20.3297
4.4480,0.0000,0.0000,0.1519,0.1262,0.0013,0.3603,-0.0857,-0.0009,0.3844,-0.0868,0.1114,0.3844,-0.1669,0.1106,0.4140,-0.1953,0.1107,0.3372,0.0000,-0.4705,0.4586,0.3939,0.0000,0.0000,0.5637,0.0266,0.0399,15.1842,20.3150
4.4560,0.0000,0.0000,0.1519,0.1260,0.0013,0.3604,-0.0859,-0.0009,0.3845,-0.0871,0.1114,0.3845,-0.1671,0.1106,0.4142,-0.1956,0.1107,0.3374,0.0000,-0.4707,0.4579,0.3930,0.0000,0.0000,0.5627,0.0266,0.0399,15.1772,20.3014
4.4640,0.0000,0.0000,0.1519,0.1258,0.0013,0.3606,-0.0861,-0.0009,0.3847,-0.0873,0.1114,0.3847,-0.1673,0.1106,0.4144,-0.1958,0.1107,0.3377,0.0000,-0.4709,0.4572,0.3921,0.0000,0.0000,0.5618,0.0266,0.0399,15.1699,20.2876
4.4720,0.0000,0.0000,0.1519,0.1255,0.0013,0.3607,-0.0863,-0.0009,0.3848,-0.0875,0.1114,0.3848,-0.1675,0.1106,0.4147,-0.1961,0.1107,0.3379,0.0000,-0.4712,0.4564,0.3912,0.0000,0.0000,0.5608,0.0266,0.0399,15.1624,20.2732
4.4800,0.0000,0.0000,0.1519,0.1253,0.0013,0.3608,-0.0865,-0.0009,0.3850,-0.0877,0.1114,0.3850,-0.1676,0.1106,0.4149,-0.1964,0.1107,0.3382,0.0000,-0.4715,0.4553,0.3901,0.0000,0.0000,0.5594,0.0266,0.0399,15.1520,20.2533
4.4880,0.0000,0.0000,0.1519,0.1251,0.0013,0.3610,-0.0868,-0.0009,0.3851,-0.0879,0.1114,0.3851,-0.1678,0.1106,0.4151,-0.1966,0.1107,0.3385,0.0000,-0.4717,0.4544,0.3891,0.0000,0.0000,0.5584,0.0266,0.0399,15.1444,20.2387
4.4960,0.0000,0.0000,0.1519,0.1249,0.0013,0.3611,-0.0870,-0.0009,0.3853,-0.0882,0.1114,0.3853,-0.1680,0.1106,0.4154,-0.1969,0.1107,0.3387,0.0000,-0.4720,0.4535,0.3881,0.0000,0.0000,0.5574,0.0266,0.0399,15.1362,20.2232
4.5040,0.0000,0.0000,0.1519,0.1247,0.0013,0.3612,-0.0872,-0.0009,0.3854,-0.0884,0.1114,0.3854,-0.1682,0.1106,0.4156,-0.1972,0.1107,0.3390,0.0000,-0.4722,0.4526,0.3871,0.0000,0.0000,0.5563,0.0266,0.0399,15.1281,20.2076
4.5120,0.0000,0.0000,0.1519,0.1244,0.0013,0.3614,-0.0874,-0.0009,0.3855,-0.0886,0.1114,0.3855,-0.1684,0.1106,0.4158,-0.1975,0.1107,0.3393,0.0000,-0.4725,0.4516,0.3861,0.0000,0.0000,0.5552,0.0266,0.0399,15.1196,20.1915
4.5200,0.0000,0.0000,0.1519,0.1242,0.0013,0.3615,-0.0877,-0.0009,0.3857,-0.0888,0.1114,0.3857,-0.1686,0.1106,0.4161,-0.1977,0.1107,0.3395,0.0000,-0.4727,0.4507,0.3850,0.0000,0.0000,0.5541,0.0266,0.0399,15.1112,20.1755
4.5280,0.0000,0.0000,0.1519,0.1240,0.0013,0.3616,-0.0879,-0.0009,0.3858,-0.0890,0.1114,0.3858,-0.1688,0.1106,0.4163,-0.1980,0.1107,0.3398,0.0000,-0.4730,0.4496,0.3840,0.0000,0.0000,0.5530,0.0266,0.0399,15.1025,20.1589
4.5360,0.0000,0.0000,0.1519,0.1238,0.0013,0.3618,-0.0881,-0.0009,0.3860,-0.0893,0.1114,0.3860,-0.1690,0.1106,0.4165,-0.1983,0.1107,0.3400,0.0000,-0.4731,0.4488,0.3830,0.0000,0.0000,0.5521,0.0266,0.0399,15.0956,20.1457
4.5440,0.0000,0.0000,0.1519,0.1235,0.0013,0.3619,-0.0883,-0.0009,0.3861,-0.0895,0.1114,0.3861,-0.1691,0.1106,0.4168,-0.1986,0.1107,0.3403,0.0000,-0.4734,0.4475,0.3818,0.0000,0.0000,0.5508,0.0266,0.0399,15.0853,20.1260
4.5520,0.0000,0.0000,0.1519,0.1233,0.0013,0.3620,-0.0886,-0.0009,0.3863,-0.0897,0.1114,0.3863,-0.1693,0.1106,0.4170,-0.1988,0.1107,0.3406,0.0000,-0.4736,0.4465,0.3807,0.0000,0.0000,0.5498,0.0266,0.0399,15.0776,20.1113
4.5600,0.0000,0.0000,0.1519,0.1231,0.0013,0.3622,-0.0888,-0.0009,0.3864,-0.0900,0.1114,0.3864,-0.1696,0.1106,0.4172,-0.1991,0.1107,0.3408,0.0000,-0.4738,0.4455,0.3797,0.0000,0.0000,0.5488,0.0266,0.0399,15.0698,20.0965
4.5680,0.0000,0.0000,0.1519,0.1229,0.0013,0.3623,-0.0890,-0.0009,0.3865,-0.0902,0.1114,0.3865,-0.1697,0.1106,0.4174,-0.1994,0.1107,0.3411,0.0000,-0.4741,0.4444,0.3786,0.0000,0.0000,0.5477,0.0266,0.0399,15.0614,20.0805
4.5760,0.0000,0.0000,0.1519,0.1226,0.0013,0.3624,-0.0892,-0.0009,0.3867,-0.0904,0.1114,0.3867,-0.1699,0.1106,0.4177,-0.1997,0.1107,0.3414,0.0000,-0.4743,0.4432,0.3774,0.0000,0.0000,0.5464,0.0266,0.0399,15.0517,20.0621
4.5840,0.0000,0.0000,0.1519,0.1224,0.0013,0.3626,-0.0895,-0.0009,0.3868,-0.0906,0.1114,0.3868,-0.1701,0.1106,0.4179,-0.1999,0.1107,0.3416,0.0000,-0.4745,0.4419,0.3762,0.0000,0.0000,0.5452,0.0266,0.0399,15.0424,20.0444
4.5920,0.0000,0.0000,0.1519,0.1222,0.0013,0.3627,-0.0897,-0.0009,0.3870,-0.0908,0.1114,0.3870,-0.1703,0.1106,0.4181,-0.2002,0.1107,0.3419,0.0000,-0.4748,0.4406,0.3749,0.0000,0.0000,0.5440,0.0266,0.0399,15.0328,20.0261
4.6000,0.0000,0.0000,0.1519,0.1219,0.0013,0.3628,-0.0899,-0.0009,0.3871,-0.0911,0.1114,0.3871,-0.1705,0.1106,0.4184,-0.2005,0.1107,0.3422,0.0000,-0.4750,0.4394,0.3738,0.0000,0.0000,0.5429,0.0266,0.0399,15.0246,20.0105
4.6080,0.0000,0.0000,0.1519,0.1217,0.0013,0.3630,-0.0901,-0.0009,0.3873,-0.0913,0.1114,0.3873,-0.1707,0.1106,0.4186,-0.2008,0.1106,0.3424,0.0000,-0.4752,0.4381,0.3726,0.0000,0.0000,0.5417,0.0266,0.0399,15.0152,19.9927
4.6160,0.0000,0.0000,0.1519,0.1215,0.0013,0.3631,-0.0904,-0.0009,0.3874,-0.0915,0.1114,0.3874,-0.1709,0.1106,0.4188,-0.2010,0.1107,0.3427,0.0000,-0.4754,0.4367,0.3713,0.0000,0.0000,0.5405,0.0266,0.0399,15.0059,19.9750
4.6240,0.0000,0.0000,0.1519,0.1213,0.0013,0.3632,-0.0906,-0.0009,0.3876,-0.0918,0.1114,0.3876,-0.1711,0.1106,0.4191,-0.2013,0.1106,0.3430,0.0000,-0.4757,0.4352,0.3699,0.0000,0.0000,0.5392,0.0266,0.0399,14.9953,19.9548
4.6320,0.0000,0.0000,0.1519,0.1210,0.0013,0.3634,-0.0908,-0.0009,0.3877,-0.0920,0.1114,0.3877,-0.1713,0.1106,0.4193,-0.2016,0.1106,0.3432,0.0000,-0.4759,0.4338,0.3686,0.0000,0.0000,0.5380,0.0266,0.0399,14.9860,19.9373
4.6400,0.0000,0.0000,0.1519,0.1208,0.0013,0.3635,-0.0910,-0.0010,0.3879,-0.0922,0.1114,0.3879,-0.1715,0.1106,0.4196,-0.2019,0.1106,0.3435,0.0000,-0.4761,0.4321,0.3672,0.0000,0.0000,0.5366,0.0266,0.0399,14.9750,19.9165
4.6480,0.0000,0.0000,0.1519,0.1206,0.0013,0.3636,-0.0913,-0.0010,0.3880,-0.0924,0.1114,0.3880,-0.1716,0.1106,0.4198,-0.2022,0.1106,0.3438,0.0000,-0.4763,0.4306,0.3659,0.0000,0.0000,0.5354,0.0266,0.0399,14.9661,19.8995
4.6560,0.0000,0.0000,0.1519,0.1203,0.0013,0.3638,-0.0915,-0.0010,0.3882,-0.0927,0.1114,0.3882,-0.1718,0.1106,0.4200,-0.2024,0.1106,0.3441,0.0000,-0.4765,0.4291,0.3646,0.0000,0.0000,0.5342,0.0266,0.0399,14.9568,19.8819
4.6640,0.0000,0.0000,0.1519,0.1201,0.0013,0.3639,-0.0917,-0.0010,0.3883,-0.0929,0.1114,0.3883,-0.1720,0.1106,0.4203,-0.2027,0.1106,0.3443,0.0000,-0.4767,0.4275,0.3632,0.0000,0.0000,0.5330,0.0266,0.0399,14.9470,19.8634
4.6720,0.0000,0.0000,0.1519,0.1199,0.0013,0.3640,-0.0920,-0.0010,0.3884,-0.0931,0.1114,0.3884,-0.1722,0.1106,0.4205,-0.2030,0.1106,0.3446,0.0000,-0.4769,0.4259,0.3618,0.0000,0.0000,0.5318,0.0266,0.0399,14.9375,19.8453
4.6800,0.0000,0.0000,0.1519,0.1196,0.0013,0.3641,-0.0922,-0.0010,0.3886,-0.0934,0.1114,0.3886,-0.1724,0.1106,0.4208,-0.2033,0.1106,0.3449,0.0000,-0.4771,0.4239,0.3602,0.0000,0.0000,0.5302,0.0266,0.0399,14.9256,19.8228
4.6880,0.0000,0.0000,0.1519,0.1194,0.0012,0.3643,-0.0924,-0.0010,0.3887,-0.0936,0.1114,0.3887,-0.1726,0.1106,0.4210,-0.2036,0.1106,0.3452,0.0000,-0.4773,0.4223,0.3588,0.0000,0.0000,0.5290,0.0266,0.0399,14.9161,19.8050
4.6960,0.0000,0.0000,0.1519,0.1192,0.0013,0.3644,-0.0927,-0.0010,0.3889,-0.0938,0.1114,0.3889,-0.1728,0.1105,0.4212,-0.2039,0.1106,0.3454,0.0000,-0.4775,0.4207,0.3574,0.0000,0.0000,0.5279,0.0266,0.0399,14.9071,19.7879
4.7040,0.0000,0.0000,0.1519,0.1189,0.0012,0.3645,-0.0929,-0.0010,0.3890,-0.0941,0.1114,0.3890,-0.1730,0.1105,0.4214,-0.2041,0.1106,0.3457,0.0000,-0.4776,0.4192,0.3561,0.0000,0.0000,0.5268,0.0266,0.0399,14.8988,19.7722
4.7120,0.0000,0.0000,0.1519,0.1187,0.0012,0.3647,-0.0931,-0.0010,0.3892,-0.0943,0.1114,0.3892,-0.1732,0.1105,0.4217,-0.2044,0.1106,0.3459,0.0000,-0.4778,0.4173,0.3547,0.0000,0.0000,0.5255,0.0266,0.0399,14.8888,19.7533
4.7200,0.0000,0.0000,0.1519,0.1185,0.0012,0.3648,-0.0934,-0.0010,0.3893,-0.0946,0.1114,0.3893,-0.1734,0.1105,0.4219,-0.2047,0.1106,0.3462,0.0000,-0.4780,0.4155,0.3532,0.0000,0.0000,0.5244,0.0266,0.0399,14.8794,19.7356
4.7280,0.0000,0.0000,0.1519,0.1182,0.0012,0.3649,-0.0936,-0.0010,0.3894,-0.0948,0.1114,0.3894,-0.1736,0.1105,0.4221,-0.2050,0.1106,0.3465,0.0000,-0.4781,0.4137,0.3517,0.0000,0.0000,0.5231,0.0266,0.0399,14.8696,19.7172
4.7360,0.0000,0.0000,0.1519,0.1180,0.0012,0.3651,-0.0939,-0.0010,0.3896,-0.0950,0.1114,0.3896,-0.1738,0.1105,0.4223,-0.2053,0.1106,0.3467,0.0000,-0.4783,0.4118,0.3503,0.0000,0.0000,0.5219,0.0266,0.0399,14.8601,19.6992
4.7440,0.0000,0.0000,0.1519,0.1177,0.0012,0.3652,-0.0941,-0.0010,0.3897,-0.0953,0.1114,0.3897,-0.1740,0.1105,0.4226,-0.2056,0.1106,0.3470,0.0000,-0.4784,0.4100,0.3488,0.0000,0.0000,0.5207,0.0266,0.0399,14.8509,19.6819
4.7520,0.0000,0.0000,0.1519,0.1175,0.0012,0.3654,-0.0943,-0.0010,0.3899,-0.0955,0.1114,0.3899,-0.1743,0.1105,0.4228,-0.2059,0.1106,0.3472,0.0000,-0.4786,0.4081,0.3473,0.0000,0.0000,0.5195,0.0266,0.0399,14.8413,19.6637
4.7600,0.0000,0.0000,0.1519,0.1173,0.0012,0.3655,-0.0946,-0.0010,0.3900,-0.0957,0.1114,0.3900,-0.1744,0.1105,0.4230,-0.2061,0.1106,0.3475,0.0000,-0.4788,0.4057,0.3455,0.0000,0.0000,0.5181,0.0266,0.0399,14.8298,19.6420
4.7680,0.0000,0.0000,0.1519,0.1170,0.0012,0.3656,-0.0948,-0.0010,0.3901,-0.0960,0.1114,0.3901,-0.1747,0.1105,0.4233,-0.2064,0.1106,0.3478,0.0000,-0.4789,0.4036,0.3439,0.0000,0.0000,0.5168,0.0266,0.0399,14.8199,19.6234
4.7760,0.0000,0.0000,0.1519,0.1168,0.0012,0.3658,-0.0951,-0.0010,0.3903,-0.0963,0.1113,0.3903,-0.1749,0.1105,0.4235,-0.2067,0.1106,0.3480,0.0000,-0.4791,0.4016,0.3424,0.0000,0.0000,0.5156,0.0266,0.0399,14.8101,19.6051
4.7840,0.0000,0.0000,0.1519,0.1165,0.0012,0.3659,-0.0953,-0.0010,0.3904,-0.0965,0.1113,0.3904,-0.1751,0.1105,0.4237,-0.2070,0.1106,0.3483,0.0000,-0.4792,0.3995,0.3408,0.0000,0.0000,0.5144,0.0266,0.0399,14.8008,19.5875
4.7920,0.0000,0.0000,0.1519,0.1163,0.0012,0.3660,-0.0956,-0.0010,0.3905,-0.0967,0.1113,0.3905,-0.1753,0.1105,0.4239,-0.2073,0.1106,0.3485,0.0000,-0.4793,0.3976,0.3393,0.0000,0.0000,0.5133,0.0266,0.0399,14.7918,19.5706
4.8000,0.0000,0.0000,0.1519,0.1160,0.0012,0.3661,-0.0958,-0.0010,0.3907,-0.0970,0.1113,0.3907,-0.1755,0.1105,0.4241,-0.2076,0.1106,0.3488,0.0000,-0.4795,0.3951,0.3376,0.0000,0.0000,0.5119,0.0266,0.0399,14.7807,19.5497
4.8080,0.0000,0.0000,0.1519,0.1158,0.0012,0.3663,-0.0960,-0.0010,0.3908,-0.0972,0.1113,0.3908,-0.1757,0.1105,0.4244,-0.2079,0.1106,0.3491,0.0000,-0.4796,0.3926,0.3358,0.0000,0.0000,0.5105,0.0266,0.0399,14.7695,19.5288
4.8160,0.0000,0.0000,0.1519,0.1158,0.0012,0.3663,-0.0960,-0.0010,0.3908,-0.0972,0.1113,0.3908,-0.1757,0.1105,0.4244,-0.2079,0.1106,0.3491,0.0000,-0.4796,0.3926,0.3358,0.0000,0.0000,0.5105,0.0266,0.0399,14.7695,19.5288
4.8240,0.0000,0.0000,0.1519,0.1153,0.0012,0.3665,-0.0965,-0.0010,0.3911,-0.0977,0.1113,0.3911,-0.1761,0.1105,0.4248,-0.2085,0.1106,0.3496,0.0000,-0.4799,0.3879,0.3324,0.0000,0.0000,0.5080,0.0266,0.0399,14.7498,19.4919
4.8320,0.0000,0.0000,0.1519,0.1151,0.0012,0.3667,-0.0968,-0.0010,0.3913,-0.0979,0.1113,0.3913,-0.1763,0.1105,0.4251,-0.2088,0.1106,0.3499,0.0000,-0.4800,0.3850,0.3305,0.0000,0.0000,0.5065,0.0266,0.0399,14.7375,19.4688
4.8400,0.0000,0.0000,0.1519,0.1148,0.0012,0.3668,-0.0970,-0.0010,0.3914,-0.0982,0.1113,0.3914,-0.1765,0.1105,0.4253,-0.2091,0.1106,0.3502,0.0000,-0.4801,0.3825,0.3287,0.0000,0.0000,0.5052,0.0266,0.0399,14.7272,19.4494
4.8480,0.0000,0.0000,0.1519,0.1146,0.0012,0.3669,-0.0973,-0.0010,0.3915,-0.0984,0.1113,0.3915,-0.1767,0.1105,0.4255,-0.2093,0.1106,0.3504,0.0000,-0.4803,0.3799,0.3269,0.0000,0.0000,0.5038,0.0266,0.0399,14.7166,19.4297
4.8560,0.0000,0.0000,0.1519,0.1143,0.0012,0.3671,-0.0975,-0.0010,0.3917,-0.0987,0.1113,0.3917,-0.1769,0.1105,0.4258,-0.2096,0.1106,0.3507,0.0000,-0.4804,0.3775,0.3252,0.0000,0.0000,0.5027,0.0266,0.0399,14.7071,19.4118
4.8640,0.0000,0.0000,0.1519,0.1141,0.0012,0.3672,-0.0978,-0.0010,0.3918,-0.0989,0.1113,0.3918,-0.1771,0.1105,0.4260,-0.2099,0.1105,0.3509,0.0000,-0.4805,0.3746,0.3233,0.0000,0.0000,0.5013,0.0266,0.0399,14.6961,19.3912
4.8720,0.0000,0.0000,0.1519,0.1138,0.0012,0.3673,-0.0980,-0.0010,0.3920,-0.0992,0.1113,0.3920,-0.1774,0.1105,0.4262,-0.2102,0.1106,0.3512,0.0000,-0.4806,0.3720,0.3216,0.0000,0.0000,0.5000,0.0266,0.0399,14.6861,19.3725
4.8800,0.0000,0.0000,0.1519,0.1136,0.0012,0.3675,-0.0982,-0.0010,0.3921,-0.0994,0.1113,0.3921,-0.1776,0.1105,0.4264,-0.2105,0.1105,0.3515,0.0000,-0.4807,0.3689,0.3196,0.0000,0.0000,0.4985,0.0266,0.0399,14.6742,19.3503
4.8880,0.0000,0.0000,0.1519,0.1133,0.0012,0.3676,-0.0985,-0.0010,0.3922,-0.0997,0.1113,0.3922,-0.1778,0.1105,0.4267,-0.2108,0.1105,0.3517,0.0000,-0.4808,0.3661,0.3177,0.0000,0.0000,0.4973,0.0266,0.0399,14.6640,19.3312
4.8960,0.0000,0.0000,0.1519,0.1131,0.0012,0.3677,-0.0987,-0.0010,0.3924,-0.0999,0.1113,0.3924,-0.1780,0.1105,0.4269,-0.2111,0.1106,0.3520,0.0000,-0.4809,0.3632,0.3158,0.0000,0.0000,0.4959,0.0266,0.0399,14.6531,19.3110
4.9040,0.0000,0.0000,0.1519,0.1128,0.0012,0.3679,-0.0990,-0.0010,0.3925,-0.1002,0.1113,0.3925,-0.1782,0.1105,0.4271,-0.2114,0.1105,0.3523,0.0000,-0.4810,0.3599,0.3138,0.0000,0.0000,0.4945,0.0266,0.0399,14.6414,19.2890
4.9120,0.0000,0.0000,0.1519,0.1126,0.0012,0.3680,-0.0992,-0.0010,0.3927,-0.1004,0.1113,0.3927,-0.1784,0.1105,0.4274,-0.2117,0.1105,0.3525,0.0000,-0.4811,0.3570,0.3118,0.0000,0.0000,0.4932,0.0266,0.0399,14.6308,19.2694
4.9200,0.0000,0.0000,0.1519,0.1123,0.0012,0.3681,-0.0995,-0.0010,0.3928,-0.1007,0.1113,0.3928,-0.1786,0.1105,0.4276,-0.2120,0.1105,0.3528,0.0000,-0.4812,0.3542,0.3100,0.0000,0.0000,0.4919,0.0266,0.0399,14.6210,19.2512
4.9280,0.0000,0.0000,0.1519,0.1121,0.0012,0.3683,-0.0997,-0.0010,0.3929,-0.1009,0.1113,0.3929,-0.1788,0.1105,0.4278,-0.2123,0.1105,0.3530,0.0000,-0.4813,0.3509,0.3080,0.0000,0.0000,0.4906,0.0266,0.0399,14.6099,19.2303
4.9360,0.0000,0.0000,0.1519,0.1118,0.0012,0.3684,-0.1000,-0.0010,0.3931,-0.1012,0.1113,0.3931,-0.1791,0.1105,0.4280,-0.2126,0.1105,0.3533,0.0000,-0.4814,0.3481,0.3061,0.0000,0.0000,0.4894,0.0266,0.0399,14.6001,19.2123
4.9440,0.0000,0.0000,0.1519,0.1115,0.0012,0.3685,-0.1003,-0.0011,0.3932,-0.1014,0.1113,0.3932,-0.1793,0.1105,0.4282,-0.2129,0.1105,0.3536,0.0000,-0.4815,0.3445,0.3040,0.0000,0.0000,0.4879,0.0266,0.0399,14.5883,19.1903
4.9520,0.0000,0.0000,0.1519,0.1113,0.0012,0.3686,-0.1005,-0.0011,0.3934,-0.1017,0.1113,0.3934,-0.1795,0.1105,0.4285,-0.2132,0.1105,0.3538,0.0000,-0.4816,0.3408,0.3018,0.0000,0.0000,0.4864,0.0266,0.0399,14.5761,19.1674
4.9600,0.0000,0.0000,0.1519,0.1110,0.0012,0.3688,-0.1008,-0.0011,0.3935,-0.1019,0.1113,0.3935,-0.1797,0.1105,0.4287,-0.2135,0.1105,0.3541,0.0000,-0.4816,0.3373,0.2997,0.0000,0.0000,0.4850,0.0266,0.0399,14.5647,19.1463
4.9680,0.0000,0.0000,0.1519,0.1108,0.0012,0.3689,-0.1010,-0.0011,0.3936,-0.1022,0.1113,0.3936,-0.1799,0.1105,0.4289,-0.2138,0.1105,0.3544,0.0000,-0.4817,0.3339,0.2976,0.0000,0.0000,0.4836,0.0266,0.0399,14.5535,19.1255
4.9760,0.0000,0.0000,0.1519,0.1105,0.0012,0.3690,-0.1013,-0.0011,0.3938,-0.1025,0.1113,0.3938,-0.1801,0.1105,0.4292,-0.2141,0.1105,0.3546,0.0000,-0.4818,0.3307,0.2956,0.0000,0.0000,0.4824,0.0266,0.0399,14.5434,19.1069
4.9840,0.0000,0.0000,0.1519,0.1103,0.0012,0.3692,-0.1015,-0.0011,0.3939,-0.1027,0.1113,0.3939,-0.1803,0.1105,0.4294,-0.2144,0.1105,0.3549,0.0000,-0.4818,0.3272,0.2935,0.0000,0.0000,0.4810,0.0266,0.0399,14.5325,19.0865
4.9920,0.0000,0.0000,0.1519,0.1100,0.0012,0.3693,-0.1018,-0.0011,0.3940,-0.1030,0.1113,0.3940,-0.1806,0.1105,0.4296,-0.2147,0.1105,0.3551,0.0000,-0.4819,0.3238,0.2915,0.0000,0.0000,0.4797,0.0266,0.0399,14.5220,19.0671
5.0000,0.0000,0.0000,0.1519,0.1097,0.0011,0.3694,-0.1021,-0.0011,0.3941,-0.1032,0.1113,0.3941,-0.1808,0.1105,0.4298,-0.2150,0.1105,0.3554,0.0000,-0.4820,0.3203,0.2894,0.0000,0.0000,0.4784,0.0266,0.0399,14.5112,19.0470
5.0080,0.0000,0.0000,0.1519,0.1095,0.0011,0.3696,-0.1023,-0.0011,0.3943,-0.1035,0.1113,0.3943,-0.1810,0.1105,0.4300,-0.2153,0.1105,0.3556,0.0000,-0.4820,0.3170,0.2874,0.0000,0.0000,0.4772,0.0266,0.0399,14.5011,19.0284
5.0160,0.0000,0.0000,0.1519,0.1092,0.0011,0.3697,-0.1026,-0.0011,0.3944,-0.1038,0.1113,0.3944,-0.1812,0.1105,0.4302,-0.2156,0.1105,0.3559,0.0000,-0.4821,0.3130,0.2851,0.0000,0.0000,0.4757,0.0266,0.0399,14.4893,19.0065
5.0240,0.0000,0.0000,0.1519,0.1090,0.0011,0.3698,-0.1028,-0.0011,0.3945,-0.1040,0.1113,0.3945,-0.1814,0.1105,0.4304,-0.2159,0.1105,0.3562,0.0000,-0.4821,0.3095,0.2831,0.0000,0.0000,0.4745,0.0266,0.0399,14.4789,18.9872
5.0320,0.0000,0.0000,0.1519,0.1087,0.0011,0.3700,-0.1031,-0.0011,0.3947,-0.1043,0.1113,0.3947,-0.1817,0.1105,0.4307,-0.2162,0.1105,0.3564,0.0000,-0.4822,0.3056,0.2808,0.0000,0.0000,0.4731,0.0266,0.0399,14.4673,18.9658
5.0400,0.0000,0.0000,0.1519,0.1084,0.0011,0.3701,-0.1034,-0.0011,0.3948,-0.1045,0.1113,0.3948,-0.1819,0.1104,0.4309,-0.2165,0.1105,0.3567,0.0000,-0.4822,0.3018,0.2786,0.0000,0.0000,0.4717,0.0266,0.0399,14.4563,18.9454
5.0480,0.0000,0.0000,0.1519,0.1082,0.0011,0.3702,-0.1036,-0.0011,0.3950,-0.1048,0.1113,0.3950,-0.1821,0.1104,0.4311,-0.2168,0.1105,0.3570,0.0000,-0.4823,0.2975,0.2763,0.0000,0.0000,0.4702,0.0266,0.0399,14.4441,18.9229
5.0560,0.0000,0.0000,0.1519,0.1079,0.0011,0.3703,-0.1039,-0.0011,0.3951,-0.1051,0.1113,0.3951,-0.1823,0.1105,0.4313,-0.2171,0.1105,0.3572,0.0000,-0.4823,0.2937,0.2741,0.0000,0.0000,0.4689,0.0266,0.0399,14.4333,18.9030
5.0640,0.0000,0.0000,0.1519,0.1077,0.0011,0.3705,-0.1041,-0.0011,0.3952,-0.1053,0.1113,0.3952,-0.1825,0.1104,0.4316,-0.2174,0.1105,0.3575,0.0000,-0.4823,0.2897,0.2719,0.0000,0.0000,0.4676,0.0266,0.0399,14.4221,18.8823
5.0720,0.0000,0.0000,0.1519,0.1074,0.0011,0.3706,-0.1044,-0.0011,0.3953,-0.1056,0.1113,0.3953,-0.1828,0.1104,0.4318,-0.2177,0.1105,0.3577,0.0000,-0.4824,0.2859,0.2697,0.0000,0.0000,0.4663,0.0266,0.0399,14.4114,18.8626
5.0800,0.0000,0.0000,0.1519,0.1071,0.0011,0.3707,-0.1047,-0.0011,0.3955,-0.1058,0.1112,0.3955,-0.1830,0.1104,0.4320,-0.2180,0.1105,0.3580,0.0000,-0.4824,0.2815,0.2673,0.0000,0.0000,0.4648,0.0266,0.0399,14.3994,18.8405
5.0880,0.0000,0.0000,0.1519,0.1069,0.0011,0.3709,-0.1049,-0.0011,0.3956,-0.1061,0.1112,0.3956,-0.1832,0.1104,0.4322,-0.2183,0.1105,0.3582,0.0000,-0.4824,0.2773,0.2650,0.0000,0.0000,0.4634,0.0266,0.0399,14.3879,18.8193
5.0960,0.0000,0.0000,0.1519,0.1066,0.0011,0.3710,-0.1052,-0.0011,0.3957,-0.1064,0.1112,0.3957,-0.1834,0.1104,0.4324,-0.2186,0.1105,0.3585,0.0000,-0.4825,0.2731,0.2626,0.0000,0.0000,0.4620,0.0266,0.0399,14.3764,18.7982
5.1040,0.0000,0.0000,0.1519,0.1063,0.0011,0.3711,-0.1055,-0.0011,0.3959,-0.1066,0.1112,0.3959,-0.1836,0.1104,0.4327,-0.2189,0.1105,0.3588,0.0000,-0.4825,0.2686,0.2602,0.0000,0.0000,0.4606,0.0266,0.0399,14.3643,18.7761
5.1120,0.0000,0.0000,0.1519,0.1061,0.0011,0.3712,-0.1057,-0.0011,0.3960,-0.1069,0.1112,0.3960,-0.1839,0.1104,0.4329,-0.2193,0.1105,0.3590,0.0000,-0.4825,0.2644,0.2579,0.0000,0.0000,0.4592,0.0266,0.0399,14.3531,18.7554
5.1200,0.0000,0.0000,0.1519,0.1058,0.0011,0.3714,-0.1060,-0.0011,0.3961,-0.1072,0.1112,0.3961,-0.1841,0.1104,0.4331,-0.2196,0.1105,0.3593,0.0000,-0.4825,0.2605,0.2557,0.0000,0.0000,0.4580,0.0266,0.0399,14.3426,18.7361
5.1280,0.0000,0.0000,0.1519,0.1055,0.0011,0.3715,-0.1063,-0.0011,0.3963,-0.1074,0.1112,0.3963,-0.1843,0.1104,0.4333,-0.2199,0.1105,0.3595,0.0000,-0.4825,0.2565,0.2535,0.0000,0.0000,0.4567,0.0266,0.0399,14.3320,18.7167
5.1360,0.0000,0.0000,0.1519,0.1053,0.0011,0.3716,-0.1065,-0.0011,0.3964,-0.1077,0.1112,0.3964,-0.1846,0.1104,0.4335,-0.2202,0.1105,0.3598,0.0000,-0.4825,0.2521,0.2511,0.0000,0.0000,0.4553,0.0266,0.0399,14.3207,18.6958
5.1440,0.0000,0.0000,0.1519,0.1050,0.0011,0.3718,-0.1068,-0.0011,0.3965,-0.1080,0.1112,0.3965,-0.1848,0.1104,0.4337,-0.2205,0.1104,0.3600,0.0000,-0.4826,0.2476,0.2487,0.0000,0.0000,0.4539,0.0266,0.0399,14.3089,18.6743
5.1520,0.0000,0.0000,0.1519,0.1047,0.0011,0.3719,-0.1071,-0.0011,0.3966,-0.1083,0.1112,0.3966,-0.1850,0.1104,0.4340,-0.2208,0.1104,0.3603,0.0000,-0.4826,0.2427,0.2461,0.0000,0.0000,0.4524,0.0266,0.0399,14.2964,18.6513
5.1600,0.0000,0.0000,0.1519,0.1044,0.0011,0.3720,-0.1074,-0.0011,0.3968,-0.1085,0.1112,0.3968,-0.1853,0.1104,0.4342,-0.2211,0.1104,0.3605,0.0000,-0.4826,0.2387,0.2440,0.0000,0.0000,0.4512,0.0266,0.0399,14.2860,18.6323
5.1680,0.0000,0.0000,0.1519,0.1042,0.0011,0.3721,-0.1076,-0.0011,0.3969,-0.1088,0.1112,0.3969,-0.1855,0.1104,0.4344,-0.2214,0.1104,0.3608,0.0000,-0.4826,0.2343,0.2416,0.0000,0.0000,0.4498,0.0266,0.0399,14.2746,18.6114
5.1760,0.0000,0.0000,0.1519,0.1039,0.0011,0.3723,-0.1079,-0.0011,0.3970,-0.1091,0.1112,0.3970,-0.1857,0.1104,0.4346,-0.2217,0.1104,0.3610,0.0000,-0.4826,0.2299,0.2393,0.0000,0.0000,0.4485,0.0266,0.0399,14.2635,18.5911
5.1840,0.0000,0.0000,0.1519,0.1036,0.0011,0.3724,-0.1082,-0.0011,0.3972,-0.1093,0.1112,0.3972,-0.1859,0.1104,0.4348,-0.2221,0.1104,0.3613,0.0000,-0.4826,0.2249,0.2367,0.0000,0.0000,0.4470,0.0266,0.0399,14.2510,18.5682
5.1920,0.0000,0.0000,0.1519,0.1033,0.0011,0.3725,-0.1084,-0.0011,0.3973,-0.1096,0.1112,0.3973,-0.1862,0.1104,0.4350,-0.2224,0.1104,0.3615,0.0000,-0.4826,0.2207,0.2344,0.0000,0.0000,0.4457,0.0266,0.0399,14.2403,18.5487
5.2000,0.0000,0.0000,0.1519,0.1031,0.0011,0.3727,-0.1087,-0.0011,0.3974,-0.1099,0.1112,0.3974,-0.1864,0.1104,0.4352,-0.2227,0.1104,0.3618,0.0000,-0.4826,0.2159,0.2319,0.0000,0.0000,0.4443,0.0266,0.0399,14.2281,18.5265
5.2080,0.0000,0.0000,0.1519,0.1028,0.0011,0.3728,-0.1090,-0.0011,0.3975,-0.1102,0.1112,0.3975,-0.1867,0.1104,0.4354,-0.2230,0.1104,0.3620,0.0000,-0.4825,0.2122,0.2298,0.0000,0.0000,0.4432,0.0266,0.0399,14.2188,18.5095
5.2160,0.0000,0.0000,0.1519,0.1025,0.0011,0.3729,-0.1093,-0.0011,0.3977,-0.1104,0.1112,0.3977,-0.1869,0.1104,0.4356,-0.2233,0.1104,0.3623,0.0000,-0.4825,0.2070,0.2272,0.0000,0.0000,0.4416,0.0266,0.0399,14.2060,18.4861
5.2240,0.0000,0.0000,0.1519,0.1023,0.0011,0.3731,-0.1095,-0.0011,0.3978,-0.1107,0.1112,0.3978,-0.1871,0.1104,0.4359,-0.2236,0.1104,0.3626,0.0000,-0.4825,0.2020,0.2245,0.0000,0.0000,0.4401,0.0266,0.0399,14.1934,18.4632
5.2320,0.0000,0.0000,0.1519,0.1020,0.0011,0.3732,-0.1098,-0.0011,0.3979,-0.1110,0.1112,0.3979,-0.1873,0.1104,0.4361,-0.2239,0.1104,0.3628,0.0000,-0.4825,0.1972,0.2220,0.0000,0.0000,0.4387,0.0266,0.0399,14.1816,18.4417
5.2400,0.0000,0.0000,0.1519,0.1017,0.0011,0.3733,-0.1101,-0.0012,0.3981,-0.1113,0.1112,0.3981,-0.1876,0.1104,0.4363,-0.2243,0.1104,0.3631,0.0000,-0.4825,0.1922,0.2195,0.0000,0.0000,0.4373,0.0266,0.0399,14.1692,18.4192
5.2480,0.0000,0.0000,0.1519,0.1014,0.0011,0.3734,-0.1104,-0.0012,0.3982,-0.1115,0.1112,0.3982,-0.1878,0.1104,0.4365,-0.2246,0.1104,0.3633,0.0000,-0.4824,0.1874,0.2169,0.0000,0.0000,0.4359,0.0266,0.0399,14.1573,18.3974
5.2560,0.0000,0.0000,0.1519,0.1012,0.0011,0.3736,-0.1106,-0.0012,0.3983,-0.1118,0.1112,0.3983,-0.1880,0.1104,0.4367,-0.2249,0.1104,0.3636,0.0000,-0.4824,0.1824,0.2144,0.0000,0.0000,0.4344,0.0266,0.0399,14.1452,18.3754
5.2640,0.0000,0.0000,0.1519,0.1009,0.0011,0.3737,-0.1109,-0.0012,0.3984,-0.1121,0.1112,0.3984,-0.1883,0.1104,0.4369,-0.2252,0.1104,0.3638,0.0000,-0.4824,0.1778,0.2119,0.0000,0.0000,0.4331,0.0266,0.0399,14.1337,18.3546
5.2720,0.0000,0.0000,0.1519,0.1006,0.0011,0.3738,-0.1112,-0.0012,0.3986,-0.1124,0.1112,0.3986,-0.1885,0.1104,0.4371,-0.2255,0.1104,0.3641,0.0000,-0.4823,0.1731,0.2095,0.0000,0.0000,0.4317,0.0266,0.0399,14.1222,18.3336
5.2800,0.0000,0.0000,0.1519,0.1003,0.0010,0.3739,-0.1115,-0.0012,0.3987,-0.1127,0.1112,0.3987,-0.1887,0.1104,0.4374,-0.2258,0.1104,0.3643,0.0000,-0.4823,0.1682,0.2070,0.0000,0.0000,0.4303,0.0266,0.0399,14.1100,18.3116
5.2880,0.0000,0.0000,0.1519,0.1000,0.0010,0.3741,-0.1118,-0.0012,0.3988,-0.1129,0.1112,0.3988,-0.1890,0.1104,0.4376,-0.2262,0.1104,0.3646,0.0000,-0.4823,0.1628,0.2042,0.0000,0.0000,0.4288,0.0266,0.0399,14.0970,18.2880
5.2960,0.0000,0.0000,0.1519,0.0998,0.0010,0.3742,-0.1120,-0.0012,0.3989,-0.1132,0.1112,0.3989,-0.1892,0.1104,0.4378,-0.2265,0.1104,0.3648,0.0000,-0.4822,0.1586,0.2020,0.0000,0.0000,0.4276,0.0266,0.0399,14.0865,18.2690
5.3040,0.0000,0.0000,0.1519,0.0995,0.0010,0.3743,-0.1123,-0.0012,0.3991,-0.1135,0.1112,0.3991,-0.1894,0.1104,0.4380,-0.2268,0.1104,0.3651,0.0000,-0.4822,0.1533,0.1993,0.0000,0.0000,0.4260,0.0266,0.0399,14.0735,18.2455
5.3120,0.0000,0.0000,0.1519,0.0992,0.0010,0.3744,-0.1126,-0.0012,0.3992,-0.1138,0.1112,0.3992,-0.1897,0.1104,0.4382,-0.2271,0.1104,0.3654,0.0000,-0.4821,0.1482,0.1967,0.0000,0.0000,0.4246,0.0266,0.0399,14.0612,18.2231
5.3200,0.0000,0.0000,0.1519,0.0989,0.0010,0.3746,-0.1129,-0.0012,0.3993,-0.1141,0.1112,0.3993,-0.1899,0.1104,0.4384,-0.2274,0.1104,0.3656,0.0000,-0.4821,0.1438,0.1943,0.0000,0.0000,0.4233,0.0266,0.0399,14.0501,18.2031
5.3280,0.0000,0.0000,0.1519,0.0986,0.0010,0.3747,-0.1132,-0.0012,0.3994,-0.1143,0.1112,0.3994,-0.1902,0.1104,0.4386,-0.2278,0.1104,0.3659,0.0000,-0.4820,0.1391,0.1919,0.0000,0.0000,0.4220,0.0266,0.0399,14.0386,18.1824
5.3360,0.0000,0.0000,0.1519,0.0983,0.0010,0.3748,-0.1135,-0.0012,0.3995,-0.1146,0.1112,0.3995,-0.1904,0.1104,0.4388,-0.2281,0.1104,0.3661,0.0000,-0.4820,0.1350,0.1897,0.0000,0.0000,0.4208,0.0266,0.0399,14.0283,18.1637
5.3440,0.0000,0.0000,0.1519,0.0981,0.0010,0.3749,-0.1138,-0.0012,0.3997,-0.1149,0.1112,0.3997,-0.1907,0.1104,0.4390,-0.2284,0.1104,0.3663,0.0000,-0.4819,0.1307,0.1873,0.0000,0.0000,0.4195,0.0266,0.0399,14.0174,18.1440
5.3520,0.0000,0.0000,0.1519,0.0978,0.0010,0.3751,-0.1140,-0.0012,0.3998,-0.1152,0.1111,0.3998,-0.1909,0.1104,0.4392,-0.2287,0.1103,0.3666,0.0000,-0.4819,0.1256,0.1847,0.0000,0.0000,0.4180,0.0266,0.0399,14.0048,18.1214
5.3600,0.0000,0.0000,0.1519,0.0975,0.0010,0.3752,-0.1143,-0.0012,0.3999,-0.1155,0.1111,0.3999,-0.1912,0.1103,0.4394,-0.2291,0.1103,0.3668,0.0000,-0.4818,0.1213,0.1824,0.0000,0.0000,0.4168,0.0266,0.0399,13.9940,18.1018
5.3680,0.0000,0.0000,0.1519,0.0972,0.0010,0.3753,-0.1146,-0.0012,0.4000,-0.1158,0.1111,0.4000,-0.1914,0.1104,0.4396,-0.2294,0.1104,0.3671,0.0000,-0.4817,0.1162,0.1798,0.0000,0.0000,0.4153,0.0266,0.0399,13.9815,18.0792
5.3760,0.0000,0.0000,0.1519,0.0969,0.0010,0.3754,-0.1149,-0.0012,0.4001,-0.1161,0.1111,0.4001,-0.1916,0.1103,0.4398,-0.2297,0.1103,0.3673,0.0000,-0.4817,0.1113,0.1772,0.0000,0.0000,0.4139,0.0266,0.0399,13.9692,18.0572
5.3840,0.0000,0.0000,0.1519,0.0966,0.0010,0.3756,-0.1152,-0.0012,0.4003,-0.1164,0.1111,0.4003,-0.1919,0.1104,0.4400,-0.2300,0.1104,0.3676,0.0000,-0.4816,0.1070,0.1749,0.0000,0.0000,0.4126,0.0266,0.0399,13.9581,18.0372
5.3920,0.0000,0.0000,0.1519,0.0963,0.0010,0.3757,-0.1155,-0.0012,0.4004,-0.1167,0.1111,0.4004,-0.1921,0.1103,0.4402,-0.2304,0.1103,0.3678,0.0000,-0.4815,0.1024,0.1725,0.0000,0.0000,0.4113,0.0266,0.0399,13.9465,18.0164
5.4000,0.0000,0.0000,0.1519,0.0960,0.0010,0.3758,-0.1158,-0.0012,0.4005,-0.1169,0.1111,0.4005,-0.1924,0.1103,0.4404,-0.2307,0.1103,0.3680,0.0000,-0.4814,0.0976,0.1699,0.0000,0.0000,0.4099,0.0266,0.0399,13.9344,17.9947
5.4080,0.0000,0.0000,0.1519,0.0957,0.0010,0.3759,-0.1161,-0.0012,0.4006,-0.1172,0.1111,0.4006,-0.1926,0.1103,0.4406,-0.2310,0.1103,0.3683,0.0000,-0.4813,0.0935,0.1677,0.0000,0.0000,0.4087,0.0266,0.0399,13.9238,17.9755
5.4160,0.0000,0.0000,0.1519,0.0954,0.0010,0.3761,-0.1164,-0.0012,0.4007,-0.1175,0.1111,0.4007,-0.1929,0.1103,0.4408,-0.2314,0.1103,0.3685,0.0000,-0.4813,0.0893,0.1654,0.0000,0.0000,0.4074,0.0266,0.0399,13.9128,17.9558
5.4240,0.0000,0.0000,0.1519,0.0952,0.0010,0.3762,-0.1166,-0.0012,0.4008,-0.1178,0.1111,0.4008,-0.1931,0.1103,0.4410,-0.2317,0.1103,0.3688,0.0000,-0.4812,0.0840,0.1626,0.0000,0.0000,0.4059,0.0266,0.0399,13.8994,17.9318
5.4320,0.0000,0.0000,0.1519,0.0949,0.0010,0.3763,-0.1169,-0.0012,0.4009,-0.1181,0.1111,0.4009,-0.1934,0.1103,0.4412,-0.2320,0.1103,0.3690,0.0000,-0.4811,0.0802,0.1605,0.0000,0.0000,0.4047,0.0266,0.0399,13.8892,17.9136
5.4400,0.0000,0.0000,0.1519,0.0946,0.0010,0.3764,-0.1172,-0.0012,0.4011,-0.1184,0.1111,0.4011,-0.1936,0.1103,0.4414,-0.2323,0.1103,0.3693,0.0000,-0.4810,0.0749,0.1578,0.0000,0.0000,0.4032,0.0266,0.0399,13.8758,17.8895
5.4480,0.0000,0.0000,0.1519,0.0943,0.0010,0.3766,-0.1175,-0.0012,0.4012,-0.1187,0.1111,0.4012,-0.1939,0.1103,0.4416,-0.2327,0.1103,0.3695,0.0000,-0.4809,0.0702,0.1553,0.0000,0.0000,0.4018,0.0266,0.0399,13.8635,17.8676
5.4560,0.0000,0.0000,0.1519,0.0940,0.0010,0.3767,-0.1178,-0.0012,0.4013,-0.1190,0.1111,0.4013,-0.1941,0.1103,0.4418,-0.2330,0.1103,0.3698,0.0000,-0.4808,0.0657,0.1528,0.0000,0.0000,0.4004,0.0266,0.0399,13.8515,17.8460
5.4640,0.0000,0.0000,0.1519,0.0937,0.0010,0.3768,-0.1181,-0.0012,0.4014,-0.1193,0.1111,0.4014,-0.1944,0.1103,0.4420,-0.2333,0.1103,0.3700,0.0000,-0.4807,0.0613,0.1504,0.0000,0.0000,0.3991,0.0266,0.0399,13.8398,17.8251
5.4720,0.0000,0.0000,0.1519,0.0934,0.0010,0.3769,-0.1184,-0.0012,0.4016,-0.1196,0.1111,0.4016,-0.1946,0.1103,0.4422,-0.2337,0.1103,0.3703,0.0000,-0.4806,0.0564,0.1478,0.0000,0.0000,0.3976,0.0266,0.0399,13.8270,17.8022
5.4800,0.0000,0.0000,0.1519,0.0931,0.0010,0.3771,-0.1187,-0.0012,0.4017,-0.1199,0.1111,0.4017,-0.1949,0.1103,0.4424,-0.2340,0.1103,0.3705,0.0000,-0.4805,0.0524,0.1456,0.0000,0.0000,0.3963,0.0266,0.0399,13.8159,17.7824
5.4880,0.0000,0.0000,0.1519,0.0928,0.0010,0.3772,-0.1190,-0.0012,0.4018,-0.1202,0.1111,0.4018,-0.1951,0.1103,0.4426,-0.2343,0.1103,0.3707,0.0000,-0.4804,0.0479,0.1432,0.0000,0.0000,0.3950,0.0266,0.0399,13.8037,17.7607
5.4960,0.0000,0.0000,0.1519,0.0925,0.0010,0.3773,-0.1193,-0.0012,0.4019,-0.1205,0.1111,0.4019,-0.1954,0.1103,0.4428,-0.2346,0.1103,0.3710,0.0000,-0.4803,0.0436,0.1408,0.0000,0.0000,0.3936,0.0266,0.0399,13.7920,17.7398
5.5040,0.0000,0.0000,0.1519,0.0922,0.0010,0.3774,-0.1196,-0.0013,0.4020,-0.1208,0.1111,0.4020,-0.1956,0.1103,0.4430,-0.2350,0.1103,0.3712,0.0000,-0.4802,0.0393,0.1384,0.0000,0.0000,0.3923,0.0266,0.0399,13.7802,17.7189
5.5120,0.0000,0.0000,0.1519,0.0919,0.0010,0.3775,-0.1199,-0.0013,0.4021,-0.1211,0.1111,0.4021,-0.1958,0.1103,0.4432,-0.2353,0.1103,0.3715,0.0000,-0.4801,0.0346,0.1359,0.0000,0.0000,0.3908,0.0266,0.0399,13.7671,17.6955
5.5200,0.0000,0.0000,0.1519,0.0916,0.0010,0.3777,-0.1202,-0.0013,0.4022,-0.1214,0.1111,0.4022,-0.1961,0.1103,0.4434,-0.2356,0.1103,0.3717,0.0000,-0.4800,0.0304,0.1336,0.0000,0.0000,0.3895,0.0266,0.0399,13.7555,17.6748
5.5280,0.0000,0.0000,0.1519,0.0913,0.0010,0.3778,-0.1205,-0.0013,0.4023,-0.1217,0.1111,0.4023,-0.1964,0.1103,0.4436,-0.2360,0.1103,0.3719,0.0000,-0.4798,0.0266,0.1314,0.0000,0.0000,0.3883,0.0266,0.0399,13.7446,17.6554
5.5360,0.0000,0.0000,0.1519,0.0910,0.0010,0.3779,-0.1208,-0.0013,0.4024,-0.1220,0.1111,0.4024,-0.1966,0.1103,0.4438,-0.2363,0.1103,0.3722,0.0000,-0.4797,0.0227,0.1291,0.0000,0.0000,0.3870,0.0266,0.0399,13.7333,17.6354
5.5440,0.0000,0.0000,0.1519,0.0907,0.0009,0.3780,-0.1211,-0.0013,0.4026,-0.1223,0.1111,0.4026,-0.1969,0.1103,0.4440,-0.2366,0.1103,0.3724,0.0000,-0.4796,0.0185,0.1268,0.0000,0.0000,0.3856,0.0266,0.0399,13.7212,17.6140
5.5520,0.0000,0.0000,0.1519,0.0904,0.0009,0.3781,-0.1214,-0.0013,0.4027,-0.1226,0.1111,0.4027,-0.1971,0.1103,0.4442,-0.2370,0.1103,0.3726,0.0000,-0.4795,0.0145,0.1245,0.0000,0.0000,0.3843,0.0266,0.0399,13.7096,17.5934
5.5600,0.0000,0.0000,0.1519,0.0901,0.0009,0.3783,-0.1217,-0.0013,0.4028,-0.1229,0.1111,0.4028,-0.1974,0.1103,0.4444,-0.2373,0.1103,0.3729,0.0000,-0.4793,0.0101,0.1221,0.0000,0.0000,0.3829,0.0266,0.0399,13.6968,17.5706
5.5680,0.0000,0.0000,0.1519,0.0898,0.0009,0.3784,-0.1220,-0.0013,0.4029,-0.1232,0.1111,0.4029,-0.1976,0.1103,0.4446,-0.2376,0.1103,0.3731,0.0000,-0.4792,0.0062,0.1199,0.0000,0.0000,0.3816,0.0266,0.0399,13.6853,17.5504
5.5760,0.0000,0.0000,0.1519,0.0895,0.0009,0.3785,-0.1223,-0.0013,0.4030,-0.1235,0.1111,0.4030,-0.1979,0.1103,0.4448,-0.2380,0.1102,0.3734,0.0000,-0.4791,0.0016,0.1173,0.0000,0.0000,0.3801,0.0266,0.0399,13.6717,17.5263
5.5840,0.0000,0.0000,0.1519,0.0892,0.0009,0.3786,-0.1226,-0.0013,0.4031,-0.1238,0.1111,0.4031,-0.1981,0.1103,0.4450,-0.2383,0.1103,0.3736,0.0000,-0.4789,-0.0026,0.1149,0.0000,0.0000,0.3787,0.0266,0.0399,13.6592,17.5041
5.5920,0.0000,0.0000,0.1519,0.0889,0.0009,0.3787,-0.1229,-0.0013,0.4033,-0.1241,0.1111,0.4033,-0.1984,0.1103,0.4452,-0.2386,0.1103,0.3739,0.0000,-0.4788,-0.0068,0.1125,0.0000,0.0000,0.3773,0.0266,0.0399,13.6465,17.4818
5.6000,0.0000,0.0000,0.1519,0.0886,0.0009,0.3789,-0.1232,-0.0013,0.4034,-0.1244,0.1111,0.4034,-0.1987,0.1103,0.4454,-0.2390,0.1102,0.3741,0.0000,-0.4786,-0.0101,0.1105,0.0000,0.0000,0.3761,0.0266,0.0399,13.6359,17.4630
5.6080,0.0000,0.0000,0.1519,0.0883,0.0009,0.3790,-0.1235,-0.0013,0.4035,-0.1247,0.1110,0.4035,-0.1989,0.1103,0.4456,-0.2393,0.1102,0.3743,0.0000,-0.4785,-0.0140,0.1082,0.0000,0.0000,0.3748,0.0266,0.0399,13.6238,17.4417
5.6160,0.0000,0.0000,0.1519,0.0880,0.0009,0.3791,-0.1238,-0.0013,0.4036,-0.1250,0.1110,0.4036,-0.1992,0.1103,0.4458,-0.2397,0.1102,0.3746,0.0000,-0.4783,-0.0178,0.1061,0.0000,0.0000,0.3735,0.0266,0.0399,13.6121,17.4210
5.6240,0.0000,0.0000,0.1519,0.0877,0.0009,0.3792,-0.1241,-0.0013,0.4037,-0.1253,0.1110,0.4037,-0.1994,0.1103,0.4460,-0.2400,0.1102,0.3748,0.0000,-0.4782,-0.0218,0.1037,0.0000,0.0000,0.3721,0.0266,0.0399,13.5994,17.3985
5.6320,0.0000,0.0000,0.1519,0.0874,0.0009,0.3793,-0.1244,-0.0013,0.4038,-0.1256,0.1110,0.4038,-0.1997,0.1103,0.4462,-0.2403,0.1102,0.3751,0.0000,-0.4780,-0.0255,0.1015,0.0000,0.0000,0.3707,0.0266,0.0399,13.5875,17.3776
5.6400,0.0000,0.0000,0.1519,0.0871,0.0009,0.3794,-0.1247,-0.0013,0.4039,-0.1259,0.1110,0.4039,-0.1999,0.1103,0.4463,-0.2407,0.1102,0.3753,0.0000,-0.4779,-0.0290,0.0994,0.0000,0.0000,0.3695,0.0266,0.0399,13.5760,17.3574
5.6480,0.0000,0.0000,0.1519,0.0868,0.0009,0.3796,-0.1250,-0.0013,0.4040,-0.1262,0.1110,0.4040,-0.2002,0.1103,0.4465,-0.2410,0.1102,0.3755,0.0000,-0.4777,-0.0326,0.0973,0.0000,0.0000,0.3681,0.0266,0.0399,13.5640,17.3363
5.6560,0.0000,0.0000,0.1519,0.0865,0.0009,0.3797,-0.1253,-0.0013,0.4041,-0.1265,0.1110,0.4041,-0.2004,0.1103,0.4467,-0.2413,0.1102,0.3758,0.0000,-0.4775,-0.0365,0.0949,0.0000,0.0000,0.3667,0.0266,0.0399,13.5511,17.3136
5.6640,0.0000,0.0000,0.1519,0.0862,0.0009,0.3798,-0.1256,-0.0013,0.4042,-0.1268,0.1110,0.4042,-0.2007,0.1103,0.4469,-0.2417,0.1102,0.3760,0.0000,-0.4774,-0.0403,0.0927,0.0000,0.0000,0.3653,0.0266,0.0399,13.5385,17.2915
5.6720,0.0000,0.0000,0.1519,0.0859,0.0009,0.3799,-0.1259,-0.0013,0.4043,-0.1271,0.1110,0.4043,-0.2010,0.1103,0.4471,-0.2420,0.1102,0.3763,0.0000,-0.4772,-0.0438,0.0906,0.0000,0.0000,0.3640,0.0266,0.0399,13.5266,17.2706
5.6800,0.0000,0.0000,0.1519,0.0856,0.0009,0.3800,-0.1263,-0.0013,0.4044,-0.1274,0.1110,0.4044,-0.2012,0.1102,0.4473,-0.2424,0.1102,0.3765,0.0000,-0.4770,-0.0471,0.0885,0.0000,0.0000,0.3627,0.0266,0.0399,13.5149,17.2501
5.6880,0.0000,0.0000,0.1519,0.0853,0.0009,0.3801,-0.1266,-0.0013,0.4045,-0.1278,0.1110,0.4045,-0.2015,0.1102,0.4475,-0.2427,0.1102,0.3767,0.0000,-0.4768,-0.0502,0.0865,0.0000,0.0000,0.3615,0.0266,0.0399,13.5038,17.2307
5.6960,0.0000,0.0000,0.1519,0.0849,0.0009,0.3803,-0.1269,-0.0013,0.4046,-0.1281,0.1110,0.4046,-0.2018,0.1102,0.4477,-0.2431,0.1102,0.3770,0.0000,-0.4767,-0.0537,0.0844,0.0000,0.0000,0.3602,0.0266,0.0399,13.4916,17.2094
5.7040,0.0000,0.0000,0.1519,0.0846,0.0009,0.3804,-0.1272,-0.0013,0.4047,-0.1284,0.1110,0.4047,-0.2020,0.1102,0.4479,-0.2434,0.1102,0.3772,0.0000,-0.4765,-0.0571,0.0823,0.0000,0.0000,0.3589,0.0266,0.0399,13.4794,17.1879
5.7120,0.0000,0.0000,0.1519,0.0843,0.0009,0.3805,-0.1275,-0.0013,0.4048,-0.1287,0.1110,0.4048,-0.2023,0.1102,0.4480,-0.2438,0.1102,0.3774,0.0000,-0.4763,-0.0602,0.0803,0.0000,0.0000,0.3576,0.0266,0.0399,13.4679,17.1679
5.7200,0.0000,0.0000,0.1519,0.0840,0.0009,0.3806,-0.1279,-0.0013,0.4049,-0.1290,0.1110,0.4049,-0.2026,0.1102,0.4482,-0.2441,0.1102,0.3776,0.0000,-0.4761,-0.0631,0.0784,0.0000,0.0000,0.3564,0.0266,0.0399,13.4568,17.1484
5.7280,0.0000,0.0000,0.1519,0.0837,0.0009,0.3807,-0.1282,-0.0013,0.4050,-0.1293,0.1110,0.4050,-0.2029,0.1102,0.4484,-0.2445,0.1102,0.3779,0.0000,-0.4759,-0.0661,0.0765,0.0000,0.0000,0.3552,0.0266,0.0399,13.4455,17.1287
5.7360,0.0000,0.0000,0.1519,0.0834,0.0009,0.3808,-0.1285,-0.0013,0.4051,-0.1297,0.1110,0.4051,-0.2031,0.1102,0.4486,-0.2448,0.1102,0.3781,0.0000,-0.4757,-0.0691,0.0746,0.0000,0.0000,0.3539,0.0266,0.0399,13.4341,17.1088
5.7440,0.0000,0.0000,0.1519,0.0830,0.0009,0.3810,-0.1288,-0.0014,0.4052,-0.1300,0.1110,0.4052,-0.2034,0.1102,0.4487,-0.2452,0.1102,0.3783,0.0000,-0.4755,-0.0719,0.0727,0.0000,0.0000,0.3528,0.0266,0.0399,13.4233,17.0899
5.7520,0.0000,0.0000,0.1519,0.0827,0.0009,0.3811,-0.1291,-0.0014,0.4053,-0.1303,0.1110,0.4053,-0.2037,0.1102,0.4489,-0.2455,0.1102,0.3785,0.0000,-0.4753,-0.0752,0.0706,0.0000,0.0000,0.3514,0.0266,0.0399,13.4104,17.0674
5.7600,0.0000,0.0000,0.1519,0.0824,0.0009,0.3812,-0.1295,-0.0014,0.4054,-0.1306,0.1110,0.4054,-0.2040,0.1102,0.4491,-0.2459,0.1102,0.3787,0.0000,-0.4751,-0.0781,0.0688,0.0000,0.0000,0.3501,0.0266,0.0399,13.3989,17.0476
5.7680,0.0000,0.0000,0.1519,0.0821,0.0009,0.3813,-0.1298,-0.0014,0.4055,-0.1310,0.1110,0.4055,-0.2042,0.1102,0.4493,-0.2462,0.1102,0.3790,0.0000,-0.4749,-0.0808,0.0669,0.0000,0.0000,0.3489,0.0266,0.0399,13.3879,17.0283
5.7760,0.0000,0.0000,0.1519,0.0818,0.0009,0.3814,-0.1301,-0.0014,0.4056,-0.1313,0.1110,0.4056,-0.2045,0.1102,0.4495,-0.2466,0.1102,0.3792,0.0000,-0.4747,-0.0838,0.0649,0.0000,0.0000,0.3476,0.0266,0.0399,13.3756,17.0071
5.7840,0.0000,0.0000,0.1519,0.0814,0.0009,0.3815,-0.1304,-0.0014,0.4057,-0.1316,0.1110,0.4057,-0.2048,0.1102,0.4497,-0.2469,0.1102,0.3794,0.0000,-0.4745,-0.0869,0.0629,0.0000,0.0000,0.3463,0.0266,0.0399,13.3632,16.9854
5.7920,0.0000,0.0000,0.1519,0.0811,0.0009,0.3816,-0.1307,-0.0014,0.4058,-0.1319,0.1110,0.4058,-0.2051,0.1102,0.4498,-0.2473,0.1102,0.3797,0.0000,-0.4743,-0.0897,0.0611,0.0000,0.0000,0.3450,0.0266,0.0399,13.3516,16.9653
5.8000,0.0000,0.0000,0.1519,0.0808,0.0008,0.3818,-0.1311,-0.0014,0.4059,-0.1322,0.1110,0.4059,-0.2053,0.1102,0.4500,-0.2476,0.1102,0.3799,0.0000,-0.4741,-0.0926,0.0592,0.0000,0.0000,0.3437,0.0266,0.0399,13.3393,16.9440
5.8080,0.0000,0.0000,0.1519,0.0805,0.0008,0.3819,-0.1314,-0.0014,0.4060,-0.1326,0.1110,0.4060,-0.2056,0.1102,0.4502,-0.2480,0.1102,0.3801,0.0000,-0.4738,-0.0950,0.0575,0.0000,0.0000,0.3426,0.0266,0.0399,13.3287,16.9256
5.8160,0.0000,0.0000,0.1519,0.0802,0.0008,0.3820,-0.1317,-0.0014,0.4061,-0.1329,0.1110,0.4061,-0.2059,0.1102,0.4504,-0.2483,0.1102,0.3803,0.0000,-0.4736,-0.0978,0.0556,0.0000,0.0000,0.3413,0.0266,0.0399,13.3169,16.9051
5.8240,0.0000,0.0000,0.1519,0.0799,0.0008,0.3821,-0.1320,-0.0014,0.4062,-0.1332,0.1110,0.4062,-0.2061,0.1102,0.4506,-0.2487,0.1101,0.3806,0.0000,-0.4734,-0.1007,0.0537,0.0000,0.0000,0.3399,0.0266,0.0399,13.3042,16.8831
5.8320,0.0000,0.0000,0.1519,0.0795,0.0008,0.3822,-0.1323,-0.0014,0.4063,-0.1335,0.1110,0.4063,-0.2064,0.1102,0.4507,-0.2490,0.1102,0.3808,0.0000,-0.4732,-0.1034,0.0518,0.0000,0.0000,0.3386,0.0266,0.0399,13.2919,16.8619
5.8400,0.0000,0.0000,0.1519,0.0792,0.0008,0.3823,-0.1327,-0.0014,0.4064,-0.1338,0.1110,0.4064,-0.2067,0.1102,0.4509,-0.2494,0.1101,0.3810,0.0000,-0.4729,-0.1061,0.0500,0.0000,0.0000,0.3373,0.0266,0.0399,13.2799,16.8411
5.8480,0.0000,0.0000,0.1519,0.0789,0.0008,0.3824,-0.1330,-0.0014,0.4065,-0.1342,0.1109,0.4065,-0.2069,0.1102,0.4511,-0.2497,0.1101,0.3813,0.0000,-0.4727,-0.1089,0.0481,0.0000,0.0000,0.3360,0.0266,0.0399,13.2673,16.8194
5.8560,0.0000,0.0000,0.1519,0.0786,0.0008,0.3825,-0.1333,-0.0014,0.4066,-0.1345,0.1109,0.4066,-0.2072,0.1102,0.4513,-0.2501,0.1101,0.3815,0.0000,-0.4724,-0.1116,0.0463,0.0000,0.0000,0.3347,0.0266,0.0399,13.2549,16.7980
5.8640,0.0000,0.0000,0.1519,0.0782,0.0008,0.3826,-0.1336,-0.0014,0.4067,-0.1348,0.1109,0.4067,-0.2075,0.1102,0.4515,-0.2504,0.1101,0.3817,0.0000,-0.4722,-0.1139,0.0446,0.0000,0.0000,0.3335,0.0266,0.0399,13.2437,16.7786
5.8720,0.0000,0.0000,0.1519,0.0779,0.0008,0.3828,-0.1340,-0.0014,0.4068,-0.1351,0.1109,0.4068,-0.2077,0.1102,0.4517,-0.2508,0.1101,0.3820,0.0000,-0.4719,-0.1165,0.0428,0.0000,0.0000,0.3322,0.0266,0.0399,13.2314,16.7574
5.8800,0.0000,0.0000,0.1519,0.0776,0.0008,0.3829,-0.1343,-0.0014,0.4069,-0.1355,0.1109,0.4069,-0.2080,0.1102,0.4518,-0.2511,0.1101,0.3822,0.0000,-0.4717,-0.1190,0.0410,0.0000,0.0000,0.3309,0.0266,0.0399,13.2188,16.7358
5.8880,0.0000,0.0000,0.1519,0.0773,0.0008,0.3830,-0.1346,-0.0014,0.4070,-0.1358,0.1109,0.4070,-0.2083,0.1102,0.4520,-0.2515,0.1101,0.3825,0.0000,-0.4714,-0.1217,0.0391,0.0000,0.0000,0.3295,0.0266,0.0399,13.2059,16.7136
5.8960,0.0000,0.0000,0.1519,0.0770,0.0008,0.3831,-0.1349,-0.0014,0.4071,-0.1361,0.1109,0.4071,-0.2086,0.1102,0.4522,-0.2518,0.1101,0.3827,0.0000,-0.4712,-0.1239,0.0375,0.0000,0.0000,0.3283,0.0266,0.0399,13.1946,16.6942
5.9040,0.0000,0.0000,0.1519,0.0766,0.0008,0.3832,-0.1352,-0.0014,0.4072,-0.1364,0.1109,0.4072,-0.2088,0.1102,0.4524,-0.2522,0.1101,0.3829,0.0000,-0.4709,-0.1259,0.0360,0.0000,0.0000,0.3272,0.0266,0.0399,13.1839,16.6758
5.9120,0.0000,0.0000,0.1519,0.0763,0.0008,0.3833,-0.1356,-0.0014,0.4073,-0.1368,0.1109,0.4073,-0.2091,0.1102,0.4525,-0.2525,0.1101,0.3831,0.0000,-0.4707,-0.1283,0.0343,0.0000,0.0000,0.3259,0.0266,0.0399,13.1717,16.6548
5.9200,0.0000,0.0000,0.1519,0.0760,0.0008,0.3834,-0.1359,-0.0014,0.4074,-0.1371,0.1109,0.4074,-0.2094,0.1102,0.4527,-0.2529,0.1101,0.3833,0.0000,-0.4704,-0.1303,0.0328,0.0000,0.0000,0.3248,0.0266,0.0399,13.1607,16.6360
5.9280,0.0000,0.0000,0.1519,0.0756,0.0008,0.3835,-0.1362,-0.0014,0.4075,-0.1374,0.1109,0.4075,-0.2097,0.1102,0.4529,-0.2533,0.1101,0.3835,0.0000,-0.4701,-0.1323,0.0313,0.0000,0.0000,0.3236,0.0266,0.0399,13.1495,16.6169
5.9360,0.0000,0.0000,0.1519,0.0753,0.0008,0.3836,-0.1366,-0.0014,0.4076,-0.1378,0.1109,0.4076,-0.2100,0.1101,0.4530,-0.2536,0.1101,0.3837,0.0000,-0.4699,-0.1344,0.0297,0.0000,0.0000,0.3224,0.0266,0.0399,13.1379,16.5970
5.9440,0.0000,0.0000,0.1519,0.0750,0.0008,0.3837,-0.1369,-0.0014,0.4076,-0.1381,0.1109,0.4076,-0.2103,0.1102,0.4532,-0.2540,0.1101,0.3840,0.0000,-0.4696,-0.1366,0.0281,0.0000,0.0000,0.3211,0.0266,0.0399,13.1259,16.5763
5.9520,0.0000,0.0000,0.1519,0.0747,0.0008,0.3838,-0.1372,-0.0014,0.4077,-0.1384,0.1109,0.4077,-0.2105,0.1102,0.4534,-0.2543,0.1101,0.3842,0.0000,-0.4693,-0.1387,0.0265,0.0000,0.0000,0.3199,0.0266,0.0399,13.1139,16.5560
5.9600,0.0000,0.0000,0.1519,0.0743,0.0008,0.3839,-0.1376,-0.0014,0.4078,-0.1388,0.1109,0.4078,-0.2108,0.1101,0.4535,-0.2547,0.1101,0.3844,0.0000,-0.4690,-0.1405,0.0251,0.0000,0.0000,0.3188,0.0266,0.0399,13.1034,16.5379
5.9680,0.0000,0.0000,0.1519,0.0740,0.0008,0.3840,-0.1379,-0.0015,0.4079,-0.1391,0.1109,0.4079,-0.2111,0.1101,0.4537,-0.2551,0.1101,0.3846,0.0000,-0.4687,-0.1426,0.0235,0.0000,0.0000,0.3175,0.0266,0.0399,13.0913,16.5172
5.9760,0.0000,0.0000,0.1519,0.0737,0.0008,0.3841,-0.1382,-0.0014,0.4080,-0.1394,0.1109,0.4080,-0.2114,0.1101,0.4539,-0.2554,0.1101,0.3848,0.0000,-0.4685,-0.1444,0.0221,0.0000,0.0000,0.3164,0.0266,0.0399,13.0802,16.4984
5.9840,0.0000,0.0000,0.1519,0.0733,0.0008,0.3843,-0.1386,-0.0015,0.4081,-0.1398,0.1109,0.4081,-0.2117,0.1101,0.4540,-0.2558,0.1101,0.3850,0.0000,-0.4682,-0.1463,0.0206,0.0000,0.0000,0.3152,0.0266,0.0399,13.0686,16.4786
5.9920,0.0000,0.0000,0.1519,0.0730,0.0008,0.3844,-0.1389,-0.0015,0.4082,-0.1401,0.1109,0.4082,-0.2120,0.1101,0.4542,-0.2561,0.1101,0.3852,0.0000,-0.4679,-0.1483,0.0190,0.0000,0.0000,0.3139,0.0266,0.0399,13.0566,16.4581
6.0000,0.0000,0.0000,0.1519,0.0726,0.0008,0.3845,-0.1393,-0.0015,0.4082,-0.1404,0.1109,0.4082,-0.2122,0.1101,0.4544,-0.2565,0.1101,0.3855,0.0000,-0.4676,-0.1501,0.0176,0.0000,0.0000,0.3127,0.0266,0.0399,13.0451,16.4385
6.0080,0.0000,0.0000,0.1519,0.0723,0.0008,0.3846,-0.1396,-0.0015,0.4083,-0.1408,0.1109,0.4083,-0.2125,0.1101,0.4545,-0.2569,0.1101,0.3857,0.0000,-0.4673,-0.1520,0.0161,0.0000,0.0000,0.3115,0.0266,0.0399,13.0331,16.4182
6.0160,0.0000,0.0000,0.1519,0.0720,0.0008,0.3847,-0.1399,-0.0015,0.4085,-0.1411,0.1109,0.4085,-0.2128,0.1101,0.4547,-0.2572,0.1101,0.3859,0.0000,-0.4670,-0.1542,0.0145,0.0000,0.0000,0.3101,0.0266,0.0399,13.0200,16.3959
6.0240,0.0000,0.0000,0.1519,0.0716,0.0008,0.3848,-0.1403,-0.0015,0.4085,-0.1415,0.1109,0.4085,-0.2131,0.1101,0.4549,-0.2576,0.1100,0.3861,0.0000,-0.4667,-0.1553,0.0134,0.0000,0.0000,0.3092,0.0266,0.0399,13.0110,16.3805
6.0320,0.0000,0.0000,0.1519,0.0713,0.0007,0.3849,-0.1406,-0.0015,0.4086,-0.1418,0.1109,0.4086,-0.2134,0.1101,0.4550,-0.2580,0.1101,0.3863,0.0000,-0.4663,-0.1571,0.0119,0.0000,0.0000,0.3080,0.0266,0.0399,12.9991,16.3604
6.0400,0.0000,0.0000,0.1519,0.0710,0.0007,0.3850,-0.1409,-0.0015,0.4087,-0.1421,0.1109,0.4087,-0.2137,0.1101,0.4552,-0.2583,0.1100,0.3865,0.0000,-0.4660,-0.1589,0.0105,0.0000,0.0000,0.3067,0.0266,0.0399,12.9871,16.3400
6.0480,0.0000,0.0000,0.1519,0.0706,0.0007,0.3851,-0.1413,-0.0015,0.4088,-0.1425,0.1109,0.4088,-0.2140,0.1101,0.4554,-0.2587,0.1100,0.3867,0.0000,-0.4657,-0.1606,0.0091,0.0000,0.0000,0.3056,0.0266,0.0399,12.9755,16.3205
6.0560,0.0000,0.0000,0.1519,0.0703,0.0007,0.3852,-0.1416,-0.0015,0.4088,-0.1428,0.1109,0.4088,-0.2143,0.1101,0.4555,-0.2591,0.1101,0.3869,0.0000,-0.4654,-0.1621,0.0078,0.0000,0.0000,0.3044,0.0266,0.0399,12.9645,16.3017
6.0640,0.0000,0.0000,0.1519,0.0699,0.0007,0.3853,-0.1420,-0.0015,0.4089,-0.1432,0.1109,0.4089,-0.2146,0.1101,0.4557,-0.2594,0.1100,0.3872,0.0000,-0.4651,-0.1637,0.0065,0.0000,0.0000,0.3033,0.0266,0.0399,12.9530,16.2822
6.0720,0.0000,0.0000,0.1519,0.0696,0.0007,0.3854,-0.1423,-0.0015,0.4090,-0.1435,0.1109,0.4090,-0.2148,0.1101,0.4559,-0.2598,0.1100,0.3874,0.0000,-0.4647,-0.1655,0.0051,0.0000,0.0000,0.3020,0.0266,0.0399,12.9403,16.2609
6.0800,0.0000,0.0000,0.1519,0.0693,0.0007,0.3855,-0.1427,-0.0015,0.4091,-0.1439,0.1109,0.4091,-0.2151,0.1101,0.4560,-0.2602,0.1100,0.3876,0.0000,-0.4644,-0.1670,0.0037,0.0000,0.0000,0.3008,0.0266,0.0399,12.9288,16.2414
6.0880,0.0000,0.0000,0.1519,0.0689,0.0007,0.3856,-0.1430,-0.0015,0.4092,-0.1442,0.1108,0.4092,-0.2154,0.1101,0.4562,-0.2605,0.1100,0.3878,0.0000,-0.4641,-0.1684,0.0025,0.0000,0.0000,0.2997,0.0266,0.0399,12.9182,16.2235
6.0960,0.0000,0.0000,0.1519,0.0686,0.0007,0.3857,-0.1434,-0.0015,0.4092,-0.1445,0.1108,0.4092,-0.2157,0.1101,0.4563,-0.2609,0.1100,0.3880,0.0000,-0.4637,-0.1699,0.0013,0.0000,0.0000,0.2986,0.0266,0.0399,12.9068,16.2042
6.1040,0.0000,0.0000,0.1519,0.0682,0.0007,0.3858,-0.1437,-0.0015,0.4093,-0.1449,0.1108,0.4093,-0.2160,0.1101,0.4565,-0.2613,0.1100,0.3882,0.0000,-0.4634,-0.1714,-0.0000,0.0000,0.0000,0.2974,0.0266,0.0399,12.8951,16.1846
6.1120,0.0000,0.0000,0.1519,0.0679,0.0007,0.3859,-0.1441,-0.0015,0.4094,-0.1452,0.1108,0.4094,-0.2163,0.1101,0.4566,-0.2616,0.1100,0.3884,0.0000,-0.4630,-0.1728,-0.0013,0.0000,0.0000,0.2962,0.0266,0.0399,12.8835,16.1651
6.1200,0.0000,0.0000,0.1519,0.0675,0.0007,0.3860,-0.1444,-0.0015,0.4095,-0.1456,0.1108,0.4095,-0.2166,0.1101,0.4568,-0.2620,0.1100,0.3886,0.0000,-0.4627,-0.1742,-0.0025,0.0000,0.0000,0.2951,0.0266,0.0399,12.8722,16.1460
6.1280,0.0000,0.0000,0.1519,0.0672,0.0007,0.3861,-0.1447,-0.0015,0.4096,-0.1459,0.1108,0.4096,-0.2169,0.1101,0.4570,-0.2624,0.1100,0.3889,0.0000,-0.4623,-0.1757,-0.0037,0.0000,0.0000,0.2939,0.0266,0.0399,12.8603,16.1261
6.1360,0.0000,0.0000,0.1519,0.0668,0.0007,0.3862,-0.1451,-0.0015,0.4096,-0.1463,0.1108,0.4096,-0.2172,0.1101,0.4571,-0.2628,0.1100,0.3891,0.0000,-0.4620,-0.1770,-0.0050,0.0000,0.0000,0.2927,0.0266,0.0399,12.8489,16.1069
6.1440,0.0000,0.0000,0.1519,0.0665,0.0007,0.3863,-0.1454,-0.0015,0.4097,-0.1466,0.1108,0.4097,-0.2175,0.1101,0.4573,-0.2631,0.1100,0.3893,0.0000,-0.4616,-0.1783,-0.0061,0.0000,0.0000,0.2916,0.0266,0.0399,12.8379,16.0884
6.1520,0.0000,0.0000,0.1519,0.0662,0.0007,0.3864,-0.1458,-0.0015,0.4098,-0.1470,0.1108,0.4098,-0.2178,0.1101,0.4574,-0.2635,0.1100,0.3895,0.0000,-0.4613,-0.1795,-0.0072,0.0000,0.0000,0.2905,0.0266,0.0399,12.8268,16.0697
6.1600,0.0000,0.0000,0.1519,0.0658,0.0007,0.3865,-0.1461,-0.0015,0.4099,-0.1473,0.1108,0.4099,-0.2181,0.1101,0.4576,-0.2639,0.1100,0.3897,0.0000,-0.4609,-0.1810,-0.0085,0.0000,0.0000,0.2893,0.0266,0.0399,12.8145,16.0492
6.1680,0.0000,0.0000,0.1519,0.0655,0.0007,0.3866,-0.1465,-0.0015,0.4099,-0.1477,0.1108,0.4099,-0.2184,0.1101,0.4577,-0.2642,0.1100,0.3899,0.0000,-0.4605,-0.1822,-0.0096,0.0000,0.0000,0.2881,0.0266,0.0399,12.8032,16.0303
6.1760,0.0000,0.0000,0.1519,0.0651,0.0007,0.3867,-0.1468,-0.0015,0.4100,-0.1480,0.1108,0.4100,-0.2187,0.1101,0.4579,-0.2646,0.1100,0.3901,0.0000,-0.4601,-0.1834,-0.0107,0.0000,0.0000,0.2870,0.0266,0.0399,12.7921,16.0117
6.1840,0.0000,0.0000,0.1519,0.0648,0.0007,0.3868,-0.1472,-0.0015,0.4101,-0.1483,0.1108,0.4101,-0.2189,0.1101,0.4580,-0.2650,0.1100,0.3903,0.0000,-0.4598,-0.1845,-0.0118,0.0000,0.0000,0.2859,0.0266,0.0399,12.7812,15.9934
6.1920,0.0000,0.0000,0.1519,0.0644,0.0007,0.3869,-0.1475,-0.0015,0.4102,-0.1487,0.1108,0.4102,-0.2192,0.1101,0.4582,-0.2653,0.1100,0.3905,0.0000,-0.4594,-0.1858,-0.0129,0.0000,0.0000,0.2848,0.0266,0.0399,12.7694,15.9737
6.2000,0.0000,0.0000,0.1519,0.0641,0.0007,0.3870,-0.1479,-0.0016,0.4102,-0.1491,0.1108,0.4102,-0.2195,0.1100,0.4584,-0.2657,0.1100,0.3907,0.0000,-0.4590,-0.1870,-0.0141,0.0000,0.0000,0.2836,0.0266,0.0399,12.7572,15.9534
6.2080,0.0000,0.0000,0.1519,0.0637,0.0007,0.3871,-0.1482,-0.0016,0.4103,-0.1494,0.1108,0.4103,-0.2198,0.1101,0.4585,-0.2661,0.1100,0.3909,0.0000,-0.4586,-0.1882,-0.0152,0.0000,0.0000,0.2824,0.0266,0.0399,12.7458,15.9344
6.2160,0.0000,0.0000,0.1519,0.0634,0.0007,0.3872,-0.1486,-0.0016,0.4104,-0.1498,0.1108,0.4104,-0.2201,0.1100,0.4587,-0.2665,0.1100,0.3911,0.0000,-0.4582,-0.1893,-0.0163,0.0000,0.0000,0.2813,0.0266,0.0399,12.7345,15.9156
6.2240,0.0000,0.0000,0.1519,0.0630,0.0007,0.3873,-0.1489,-0.0016,0.4105,-0.1501,0.1108,0.4105,-0.2204,0.1101,0.4588,-0.2668,0.1100,0.3913,0.0000,-0.4578,-0.1904,-0.0173,0.0000,0.0000,0.2802,0.0266,0.0399,12.7234,15.8970
6.2320,0.0000,0.0000,0.1519,0.0627,0.0007,0.3873,-0.1493,-0.0016,0.4106,-0.1504,0.1108,0.4106,-0.2207,0.1101,0.4590,-0.2672,0.1100,0.3916,0.0000,-0.4574,-0.1916,-0.0184,0.0000,0.0000,0.2790,0.0266,0.0399,12.7114,15.8770
6.2400,0.0000,0.0000,0.1519,0.0623,0.0007,0.3874,-0.1496,-0.0016,0.4106,-0.1508,0.1108,0.4106,-0.2210,0.1100,0.4591,-0.2676,0.1099,0.3918,0.0000,-0.4570,-0.1926,-0.0194,0.0000,0.0000,0.2779,0.0266,0.0399,12.7000,15.8581
6.2480,0.0000,0.0000,0.1519,0.0620,0.0006,0.3875,-0.1500,-0.0016,0.4107,-0.1512,0.1108,0.4107,-0.2213,0.1100,0.4593,-0.2680,0.1099,0.3920,0.0000,-0.4566,-0.1935,-0.0204,0.0000,0.0000,0.2768,0.0266,0.0399,12.6894,15.8405
6.2560,0.0000,0.0000,0.1519,0.0616,0.0006,0.3876,-0.1504,-0.0016,0.4107,-0.1515,0.1108,0.4107,-0.2216,0.1100,0.4594,-0.2683,0.1099,0.3921,0.0000,-0.4562,-0.1944,-0.0213,0.0000,0.0000,0.2758,0.0266,0.0399,12.6788,15.8229
6.2640,0.0000,0.0000,0.1519,0.0613,0.0006,0.3877,-0.1507,-0.0016,0.4108,-0.1519,0.1108,0.4108,-0.2219,0.1100,0.4596,-0.2687,0.1099,0.3923,0.0000,-0.4558,-0.1953,-0.0222,0.0000,0.0000,0.2747,0.0266,0.0399,12.6680,15.8050
6.2720,0.0000,0.0000,0.1519,0.0609,0.0006,0.3878,-0.1511,-0.0016,0.4109,-0.1522,0.1108,0.4109,-0.2222,0.1100,0.4597,-0.2691,0.1099,0.3925,0.0000,-0.4553,-0.1963,-0.0232,0.0000,0.0000,0.2736,0.0266,0.0399,12.6567,15.7863
6.2800,0.0000,0.0000,0.1519,0.0606,0.0006,0.3879,-0.1514,-0.0016,0.4109,-0.1526,0.1108,0.4109,-0.2225,0.1100,0.4598,-0.2695,0.1099,0.3927,0.0000,-0.4549,-0.1972,-0.0242,0.0000,0.0000,0.2726,0.0266,0.0399,12.6458,15.7683
6.2880,0.0000,0.0000,0.1519,0.0602,0.0006,0.3880,-0.1518,-0.0016,0.4110,-0.1530,0.1108,0.4110,-0.2229,0.1100,0.4600,-0.2699,0.1099,0.3929,0.0000,-0.4545,-0.1980,-0.0251,0.0000,0.0000,0.2715,0.0266,0.0399,12.6349,15.7502
6.2960,0.0000,0.0000,0.1519,0.0599,0.0006,0.3881,-0.1521,-0.0016,0.4111,-0.1533,0.1108,0.4111,-0.2232,0.1100,0.4601,-0.2702,0.1099,0.3931,0.0000,-0.4541,-0.1989,-0.0260,0.0000,0.0000,0.2704,0.0266,0.0399,12.6239,15.7320
6.3040,0.0000,0.0000,0.1519,0.0591,0.0006,0.3883,-0.1529,-0.0016,0.4112,-0.1541,0.1107,0.4112,-0.2238,0.1100,0.4604,-0.2710,0.1099,0.3935,0.0000,-0.4532,-0.2004,-0.0277,0.0000,0.0000,0.2684,0.0266,0.0399,12.6030,15.6974
6.3120,0.0000,0.0000,0.1519,0.0588,0.0006,0.3884,-0.1532,-0.0016,0.4113,-0.1544,0.1107,0.4113,-0.2241,0.1100,0.4605,-0.2714,0.1099,0.3937,0.0000,-0.4528,-0.2013,-0.0286,0.0000,0.0000,0.2673,0.0266,0.0399,12.5914,15.6784
6.3200,0.0000,0.0000,0.1519,0.0584,0.0006,0.3884,-0.1536,-0.0016,0.4113,-0.1548,0.1107,0.4113,-0.2244,0.1100,0.4607,-0.2718,0.1099,0.3939,0.0000,-0.4523,-0.2021,-0.0295,0.0000,0.0000,0.2662,0.0266,0.0399,12.5807,15.6607
6.3280,0.0000,0.0000,0.1519,0.0580,0.0006,0.3885,-0.1540,-0.0016,0.4114,-0.1552,0.1107,0.4114,-0.2247,0.1100,0.4608,-0.2722,0.1099,0.3940,0.0000,-0.4519,-0.2027,-0.0303,0.0000,0.0000,0.2653,0.0266,0.0399,12.5708,15.6444
6.3360,0.0000,0.0000,0.1519,0.0577,0.0006,0.3886,-0.1543,-0.0016,0.4114,-0.1555,0.1107,0.4114,-0.2250,0.1100,0.4609,-0.2725,0.1099,0.3942,0.0000,-0.4515,-0.2036,-0.0312,0.0000,0.0000,0.2642,0.0266,0.0399,12.5593,15.6255
6.3440,0.0000,0.0000,0.1519,0.0573,0.0006,0.3887,-0.1547,-0.0016,0.4115,-0.1559,0.1107,0.4115,-0.2253,0.1100,0.4611,-0.2729,0.1099,0.3944,0.0000,-0.4510,-0.2043,-0.0320,0.0000,0.0000,0.2631,0.0266,0.0399,12.5487,15.6081
6.3520,0.0000,0.0000,0.1519,0.0570,0.0006,0.3888,-0.1551,-0.0016,0.4115,-0.1562,0.1107,0.4115,-0.2256,0.1100,0.4612,-0.2733,0.1099,0.3946,0.0000,-0.4506,-0.2050,-0.0328,0.0000,0.0000,0.2621,0.0266,0.0399,12.5376,15.5899
6.3600,0.0000,0.0000,0.1519,0.0566,0.0006,0.3889,-0.1554,-0.0016,0.4116,-0.1566,0.1107,0.4116,-0.2260,0.1100,0.4613,-0.2737,0.1099,0.3948,0.0000,-0.4501,-0.2055,-0.0335,0.0000,0.0000,0.2612,0.0266,0.0399,12.5280,15.5741
6.3680,0.0000,0.0000,0.1519,0.0562,0.0006,0.3890,-0.1558,-0.0016,0.4117,-0.1570,0.1107,0.4117,-0.2263,0.1100,0.4615,-0.2741,0.1099,0.3950,0.0000,-0.4496,-0.2063,-0.0344,0.0000,0.0000,0.2600,0.0266,0.0399,12.5164,15.5550
6.3760,0.0000,0.0000,0.1519,0.0559,0.0006,0.3891,-0.1562,-0.0016,0.4117,-0.1573,0.1107,0.4117,-0.2266,0.1100,0.4616,-0.2745,0.1099,0.3951,0.0000,-0.4492,-0.2069,-0.0351,0.0000,0.0000,0.2591,0.0266,0.0399,12.5064,15.5387
6.3840,0.0000,0.0000,0.1519,0.0555,0.0006,0.3891,-0.1565,-0.0016,0.4118,-0.1577,0.1107,0.4118,-0.2269,0.1100,0.4617,-0.2748,0.1099,0.3953,0.0000,-0.4487,-0.2076,-0.0359,0.0000,0.0000,0.2580,0.0266,0.0399,12.4956,15.5209
6.3920,0.0000,0.0000,0.1519,0.0552,0.0006,0.3892,-0.1569,-0.0016,0.4118,-0.1581,0.1107,0.4118,-0.2272,0.1100,0.4619,-0.2752,0.1099,0.3955,0.0000,-0.4483,-0.2083,-0.0367,0.0000,0.0000,0.2570,0.0266,0.0399,12.4845,15.5027
6.4000,0.0000,0.0000,0.1519,0.0548,0.0006,0.3893,-0.1572,-0.0017,0.4119,-0.1584,0.1107,0.4119,-0.2275,0.1100,0.4620,-0.2756,0.1099,0.3957,0.0000,-0.4478,-0.2089,-0.0375,0.0000,0.0000,0.2559,0.0266,0.0399,12.4734,15.4846
6.4080,0.0000,0.0000,0.1519,0.0544,0.0006,0.3894,-0.1576,-0.0017,0.4119,-0.1588,0.1107,0.4119,-0.2278,0.1100,0.4621,-0.2760,0.1099,0.3959,0.0000,-0.4473,-0.2095,-0.0382,0.0000,0.0000,0.2550,0.0266,0.0399,12.4633,15.4680
6.4160,0.0000,0.0000,0.1519,0.0541,0.0006,0.3895,-0.1580,-0.0017,0.4120,-0.1591,0.1107,0.4120,-0.2281,0.1100,0.4623,-0.2764,0.1099,0.3961,0.0000,-0.4468,-0.2101,-0.0389,0.0000,0.0000,0.2539,0.0266,0.0399,12.4525,15.4505
6.4240,0.0000,0.0000,0.1519,0.0537,0.0006,0.3896,-0.1583,-0.0017,0.4120,-0.1595,0.1107,0.4120,-0.2284,0.1100,0.4624,-0.2768,0.1099,0.3963,0.0000,-0.4463,-0.2106,-0.0396,0.0000,0.0000,0.2529,0.0266,0.0399,12.4420,15.4334
6.4320,0.0000,0.0000,0.1519,0.0533,0.0006,0.3896,-0.1587,-0.0017,0.4121,-0.1599,0.1107,0.4121,-0.2287,0.1100,0.4625,-0.2771,0.1099,0.3964,0.0000,-0.4459,-0.2111,-0.0403,0.0000,0.0000,0.2520,0.0266,0.0399,12.4319,15.4169
6.4400,0.0000,0.0000,0.1519,0.0530,0.0006,0.3897,-0.1591,-0.0017,0.4121,-0.1603,0.1107,0.4121,-0.2291,0.1100,0.4627,-0.2775,0.1098,0.3966,0.0000,-0.4454,-0.2118,-0.0410,0.0000,0.0000,0.2509,0.0266,0.0399,12.4204,15.3981
6.4480,0.0000,0.0000,0.1519,0.0526,0.0005,0.3898,-0.1594,-0.0017,0.4122,-0.1606,0.1107,0.4122,-0.2294,0.1100,0.4627,-0.2779,0.1098,0.3968,0.0000,-0.4449,-0.2121,-0.0416,0.0000,0.0000,0.2500,0.0266,0.0399,12.4115,15.3836
6.4560,0.0000,0.0000,0.1519,0.0523,0.0005,0.3899,-0.1598,-0.0017,0.4122,-0.1610,0.1107,0.4122,-0.2297,0.1099,0.4629,-0.2783,0.1098,0.3969,0.0000,-0.4444,-0.2126,-0.0422,0.0000,0.0000,0.2491,0.0266,0.0399,12.4017,15.3677
6.4640,0.0000,0.0000,0.1519,0.0519,0.0005,0.3900,-0.1602,-0.0017,0.4123,-0.1614,0.1107,0.4123,-0.2300,0.1099,0.4630,-0.2787,0.1098,0.3971,0.0000,-0.4439,-0.2131,-0.0429,0.0000,0.0000,0.2481,0.0266,0.0399,12.3912,15.3507
6.4720,0.0000,0.0000,0.1519,0.0515,0.0005,0.3900,-0.1605,-0.0017,0.4123,-0.1617,0.1107,0.4123,-0.2303,0.1100,0.4631,-0.2790,0.1098,0.3973,0.0000,-0.4434,-0.2135,-0.0435,0.0000,0.0000,0.2472,0.0266,0.0399,12.3815,15.3348
6.4800,0.0000,0.0000,0.1519,0.0512,0.0005,0.3901,-0.1609,-0.0017,0.4124,-0.1621,0.1107,0.4124,-0.2306,0.1099,0.4632,-0.2794,0.1098,0.3975,0.0000,-0.4429,-0.2140,-0.0442,0.0000,0.0000,0.2462,0.0266,0.0399,12.3707,15.3174
6.4880,0.0000,0.0000,0.1519,0.0508,0.0005,0.3902,-0.1613,-0.0017,0.4124,-0.1625,0.1107,0.4124,-0.2309,0.1099,0.4633,-0.2798,0.1098,0.3976,0.0000,-0.4424,-0.2143,-0.0447,0.0000,0.0000,0.2453,0.0266,0.0399,12.3612,15.3020
6.4960,0.0000,0.0000,0.1519,0.0504,0.0005,0.3903,-0.1616,-0.0017,0.4124,-0.1628,0.1106,0.4124,-0.2312,0.1099,0.4634,-0.2802,0.1098,0.3978,0.0000,-0.4419,-0.2148,-0.0454,0.0000,0.0000,0.2443,0.0266,0.0399,12.3507,15.2850
6.5040,0.0000,0.0000,0.1519,0.0501,0.0005,0.3903,-0.1620,-0.0017,0.4125,-0.1632,0.1106,0.4125,-0.2316,0.1099,0.4635,-0.2806,0.1098,0.3979,0.0000,-0.4414,-0.2151,-0.0459,0.0000,0.0000,0.2435,0.0266,0.0399,12.3415,15.2700
6.5120,0.0000,0.0000,0.1519,0.0497,0.0005,0.3904,-0.1624,-0.0017,0.4125,-0.1636,0.1106,0.4125,-0.2319,0.1099,0.4637,-0.2810,0.1098,0.3981,0.0000,-0.4409,-0.2155,-0.0465,0.0000,0.0000,0.2425,0.0266,0.0399,12.3317,15.2541
6.5200,0.0000,0.0000,0.1519,0.0493,0.0005,0.3905,-0.1628,-0.0017,0.4125,-0.1639,0.1106,0.4125,-0.2322,0.1099,0.4637,-0.2814,0.1098,0.3982,0.0000,-0.4404,-0.2158,-0.0470,0.0000,0.0000,0.2417,0.0266,0.0399,12.3224,15.2391
6.5280,0.0000,0.0000,0.1519,0.0490,0.0005,0.3906,-0.1631,-0.0017,0.4126,-0.1643,0.1106,0.4126,-0.2325,0.1099,0.4638,-0.2817,0.1098,0.3984,0.0000,-0.4400,-0.2161,-0.0475,0.0000,0.0000,0.2408,0.0266,0.0399,12.3132,15.2243
6.5360,0.0000,0.0000,0.1519,0.0486,0.0005,0.3906,-0.1635,-0.0017,0.4126,-0.1647,0.1106,0.4126,-0.2328,0.1099,0.4639,-0.2821,0.1098,0.3985,0.0000,-0.4395,-0.2163,-0.0480,0.0000,0.0000,0.2400,0.0266,0.0399,12.3039,15.2093
6.5440,0.0000,0.0000,0.1519,0.0483,0.0005,0.3907,-0.1639,-0.0017,0.4126,-0.1650,0.1106,0.4126,-0.2332,0.1099,0.4640,-0.2825,0.1098,0.3987,0.0000,-0.4389,-0.2166,-0.0486,0.0000,0.0000,0.2391,0.0266,0.0399,12.2946,15.1943
6.5520,0.0000,0.0000,0.1519,0.0479,0.0005,0.3908,-0.1642,-0.0017,0.4127,-0.1654,0.1106,0.4127,-0.2335,0.1099,0.4641,-0.2829,0.1098,0.3988,0.0000,-0.4384,-0.2169,-0.0491,0.0000,0.0000,0.2382,0.0266,0.0399,12.2847,15.1784
6.5600,0.0000,0.0000,0.1519,0.0475,0.0005,0.3909,-0.1646,-0.0017,0.4127,-0.1658,0.1106,0.4127,-0.2338,0.1099,0.4642,-0.2833,0.1098,0.3990,0.0000,-0.4379,-0.2172,-0.0496,0.0000,0.0000,0.2373,0.0266,0.0399,12.2755,15.1635
6.5680,0.0000,0.0000,0.1519,0.0471,0.0005,0.3909,-0.1650,-0.0017,0.4127,-0.1662,0.1106,0.4127,-0.2341,0.1099,0.4643,-0.2837,0.1098,0.3991,0.0000,-0.4374,-0.2174,-0.0500,0.0000,0.0000,0.2365,0.0266,0.0399,12.2666,15.1492
6.5760,0.0000,0.0000,0.1519,0.0468,0.0005,0.3910,-0.1654,-0.0017,0.4127,-0.1665,0.1106,0.4127,-0.2345,0.1099,0.4644,-0.2840,0.1098,0.3992,0.0000,-0.4369,-0.2176,-0.0505,0.0000,0.0000,0.2357,0.0266,0.0399,12.2577,15.1348
6.5840,0.0000,0.0000,0.1519,0.0464,0.0005,0.3911,-0.1657,-0.0017,0.4128,-0.1669,0.1106,0.4128,-0.2348,0.1099,0.4645,-0.2844,0.1098,0.3994,0.0000,-0.4364,-0.2178,-0.0510,0.0000,0.0000,0.2348,0.0266,0.0399,12.2483,15.1197
6.5920,0.0000,0.0000,0.1519,0.0460,0.0005,0.3912,-0.1661,-0.0017,0.4128,-0.1673,0.1106,0.4128,-0.2351,0.1099,0.4646,-0.2848,0.1098,0.3995,0.0000,-0.4358,-0.2181,-0.0514,0.0000,0.0000,0.2340,0.0266,0.0399,12.2389,15.1047
6.6000,0.0000,0.0000,0.1519,0.0457,0.0005,0.3912,-0.1665,-0.0017,0.4128,-0.1676,0.1106,0.4128,-0.2354,0.1099,0.4647,-0.2852,0.1098,0.3997,0.0000,-0.4353,-0.2183,-0.0519,0.0000,0.0000,0.2331,0.0266,0.0399,12.2295,15.0896
6.6080,0.0000,0.0000,0.1519,0.0453,0.0005,0.3913,-0.1668,-0.0018,0.4128,-0.1680,0.1106,0.4128,-0.2357,0.1099,0.4648,-0.2856,0.1098,0.3998,0.0000,-0.4348,-0.2185,-0.0524,0.0000,0.0000,0.2322,0.0266,0.0399,12.2203,15.0747
6.6160,0.0000,0.0000,0.1519,0.0449,0.0005,0.3914,-0.1672,-0.0017,0.4129,-0.1684,0.1106,0.4129,-0.2361,0.1099,0.4649,-0.2860,0.1098,0.3999,0.0000,-0.4343,-0.2187,-0.0528,0.0000,0.0000,0.2314,0.0266,0.0399,12.2114,15.0606
6.6240,0.0000,0.0000,0.1519,0.0446,0.0005,0.3914,-0.1676,-0.0018,0.4129,-0.1688,0.1106,0.4129,-0.2364,0.1099,0.4650,-0.2863,0.1097,0.4001,0.0000,-0.4337,-0.2189,-0.0532,0.0000,0.0000,0.2306,0.0266,0.0399,12.2024,15.0462
6.6320,0.0000,0.0000,0.1519,0.0442,0.0005,0.3915,-0.1679,-0.0018,0.4129,-0.1691,0.1106,0.4129,-0.2367,0.1099,0.4650,-0.2867,0.1097,0.4002,0.0000,-0.4332,-0.2191,-0.0537,0.0000,0.0000,0.2298,0.0266,0.0399,12.1931,15.0312
6.6400,0.0000,0.0000,0.1519,0.0439,0.0005,0.3916,-0.1683,-0.0018,0.4129,-0.1695,0.1106,0.4129,-0.2370,0.1099,0.4651,-0.2871,0.1097,0.4003,0.0000,-0.4327,-0.2192,-0.0541,0.0000,0.0000,0.2290,0.0266,0.0399,12.1846,15.0177
6.6480,0.0000,0.0000,0.1519,0.0435,0.0005,0.3916,-0.1687,-0.0018,0.4129,-0.1698,0.1106,0.4129,-0.2373,0.1099,0.4652,-0.2875,0.1097,0.4005,0.0000,-0.4321,-0.2194,-0.0545,0.0000,0.0000,0.2282,0.0266,0.0399,12.1756,15.0033
6.6560,0.0000,0.0000,0.1519,0.0431,0.0005,0.3917,-0.1690,-0.0018,0.4130,-0.1702,0.1106,0.4130,-0.2377,0.1099,0.4653,-0.2879,0.1097,0.4006,0.0000,-0.4316,-0.2195,-0.0549,0.0000,0.0000,0.2274,0.0266,0.0399,12.1672,14.9899
6.6640,0.0000,0.0000,0.1519,0.0428,0.0004,0.3918,-0.1694,-0.0018,0.4130,-0.1706,0.1106,0.4130,-0.2380,0.1099,0.4654,-0.2882,0.1097,0.4007,0.0000,-0.4311,-0.2196,-0.0552,0.0000,0.0000,0.2266,0.0266,0.0399,12.1585,14.9760
6.6720,0.0000,0.0000,0.1519,0.0424,0.0004,0.3918,-0.1698,-0.0018,0.4130,-0.1710,0.1106,0.4130,-0.2383,0.1099,0.4655,-0.2886,0.1097,0.4009,0.0000,-0.4305,-0.2198,-0.0557,0.0000,0.0000,0.2258,0.0266,0.0399,12.1491,14.9610
6.6800,0.0000,0.0000,0.1519,0.0420,0.0004,0.3919,-0.1702,-0.0018,0.4130,-0.1713,0.1106,0.4130,-0.2386,0.1099,0.4656,-0.2890,0.1097,0.4010,0.0000,-0.4299,-0.2199,-0.0561,0.0000,0.0000,0.2249,0.0266,0.0399,12.1394,14.9455
6.6880,0.0000,0.0000,0.1519,0.0417,0.0004,0.3920,-0.1705,-0.0018,0.4130,-0.1717,0.1106,0.4130,-0.2389,0.1099,0.4656,-0.2894,0.1097,0.4011,0.0000,-0.4294,-0.2200,-0.0565,0.0000,0.0000,0.2241,0.0266,0.0399,12.1308,14.9318
6.6960,0.0000,0.0000,0.1519,0.0413,0.0004,0.3920,-0.1709,-0.0018,0.4130,-0.1721,0.1105,0.4130,-0.2392,0.1098,0.4657,-0.2898,0.1097,0.4013,0.0000,-0.4288,-0.2201,-0.0568,0.0000,0.0000,0.2233,0.0266,0.0399,12.1220,14.9179
6.7040,0.0000,0.0000,0.1519,0.0409,0.0004,0.3921,-0.1713,-0.0018,0.4131,-0.1724,0.1105,0.4131,-0.2396,0.1098,0.4658,-0.2902,0.1097,0.4014,0.0000,-0.4283,-0.2202,-0.0572,0.0000,0.0000,0.2225,0.0266,0.0399,12.1134,14.9041
6.7120,0.0000,0.0000,0.1519,0.0406,0.0004,0.3921,-0.1716,-0.0018,0.4131,-0.1728,0.1105,0.4131,-0.2399,0.1098,0.4659,-0.2905,0.1097,0.4015,0.0000,-0.4277,-0.2204,-0.0576,0.0000,0.0000,0.2217,0.0266,0.0399,12.1042,14.8895
6.7200,0.0000,0.0000,0.1519,0.0402,0.0004,0.3922,-0.1720,-0.0018,0.4131,-0.1732,0.1105,0.4131,-0.2402,0.1098,0.4660,-0.2909,0.1097,0.4016,0.0000,-0.4272,-0.2204,-0.0579,0.0000,0.0000,0.2209,0.0266,0.0399,12.0956,14.8759
6.7280,0.0000,0.0000,0.1519,0.0398,0.0004,0.3923,-0.1724,-0.0018,0.4131,-0.1736,0.1105,0.4131,-0.2405,0.1098,0.4660,-0.2913,0.1097,0.4018,0.0000,-0.4266,-0.2205,-0.0582,0.0000,0.0000,0.2202,0.0266,0.0399,12.0870,14.8623
6.7360,0.0000,0.0000,0.1519,0.0395,0.0004,0.3923,-0.1728,-0.0018,0.4131,-0.1739,0.1105,0.4131,-0.2409,0.1098,0.4661,-0.2917,0.1097,0.4019,0.0000,-0.4260,-0.2205,-0.0586,0.0000,0.0000,0.2194,0.0266,0.0399,12.0787,14.8490
6.7440,0.0000,0.0000,0.1519,0.0391,0.0004,0.3924,-0.1731,-0.0018,0.4131,-0.1743,0.1105,0.4131,-0.2412,0.1098,0.4662,-0.2921,0.1097,0.4020,0.0000,-0.4255,-0.2206,-0.0589,0.0000,0.0000,0.2186,0.0266,0.0399,12.0701,14.8355
6.7520,0.0000,0.0000,0.1519,0.0387,0.0004,0.3925,-0.1735,-0.0018,0.4131,-0.1747,0.1105,0.4131,-0.2415,0.1098,0.4662,-0.2925,0.1097,0.4021,0.0000,-0.4249,-0.2206,-0.0592,0.0000,0.0000,0.2179,0.0266,0.0399,12.0616,14.8220
6.7600,0.0000,0.0000,0.1519,0.0383,0.0004,0.3925,-0.1739,-0.0018,0.4131,-0.1751,0.1105,0.4131,-0.2418,0.1098,0.4663,-0.2929,0.1097,0.4022,0.0000,-0.4243,-0.2206,-0.0595,0.0000,0.0000,0.2171,0.0266,0.0399,12.0529,14.8082
6.7680,0.0000,0.0000,0.1519,0.0380,0.0004,0.3926,-0.1743,-0.0018,0.4131,-0.1755,0.1105,0.4131,-0.2422,0.1098,0.4664,-0.2933,0.1097,0.4023,0.0000,-0.4238,-0.2206,-0.0598,0.0000,0.0000,0.2164,0.0266,0.0399,12.0450,14.7958
6.7760,0.0000,0.0000,0.1519,0.0376,0.0004,0.3926,-0.1747,-0.0018,0.4132,-0.1758,0.1105,0.4132,-0.2425,0.1098,0.4664,-0.2936,0.1097,0.4025,0.0000,-0.4232,-0.2207,-0.0601,0.0000,0.0000,0.2156,0.0266,0.0399,12.0357,14.7811
6.7840,0.0000,0.0000,0.1519,0.0372,0.0004,0.3927,-0.1751,-0.0018,0.4131,-0.1762,0.1105,0.4131,-0.2429,0.1098,0.4665,-0.2940,0.1097,0.4025,0.0000,-0.4226,-0.2206,-0.0604,0.0000,0.0000,0.2149,0.0266,0.0399,12.0282,14.7692
6.7920,0.0000,0.0000,0.1519,0.0368,0.0004,0.3927,-0.1754,-0.0018,0.4131,-0.1766,0.1105,0.4131,-0.2432,0.1098,0.4665,-0.2944,0.1097,0.4026,0.0000,-0.4220,-0.2206,-0.0606,0.0000,0.0000,0.2142,0.0266,0.0399,12.0206,14.7572
6.8000,0.0000,0.0000,0.1519,0.0365,0.0004,0.3928,-0.1758,-0.0018,0.4131,-0.1770,0.1105,0.4131,-0.2435,0.1098,0.4666,-0.2948,0.1097,0.4028,0.0000,-0.4214,-0.2206,-0.0609,0.0000,0.0000,0.2135,0.0266,0.0399,12.0120,14.7436
6.8080,0.0000,0.0000,0.1519,0.0361,0.0004,0.3929,-0.1762,-0.0018,0.4131,-0.1774,0.1105,0.4131,-0.2438,0.1098,0.4667,-0.2952,0.1097,0.4029,0.0000,-0.4208,-0.2206,-0.0612,0.0000,0.0000,0.2127,0.0266,0.0399,12.0033,14.7298
6.8160,0.0000,0.0000,0.1519,0.0357,0.0004,0.3929,-0.1766,-0.0019,0.4131,-0.1777,0.1105,0.4131,-0.2442,0.1098,0.4667,-0.2956,0.1097,0.4030,0.0000,-0.4202,-0.2206,-0.0615,0.0000,0.0000,0.2119,0.0266,0.0399,11.9949,14.7167
6.8240,0.0000,0.0000,0.1519,0.0353,0.0004,0.3930,-0.1769,-0.0019,0.4131,-0.1781,0.1105,0.4131,-0.2445,0.1098,0.4668,-0.2960,0.1096,0.4031,0.0000,-0.4197,-0.2205,-0.0617,0.0000,0.0000,0.2113,0.0266,0.0399,11.9876,14.7052
6.8320,0.0000,0.0000,0.1519,0.0350,0.0004,0.3930,-0.1773,-0.0019,0.4131,-0.1785,0.1105,0.4131,-0.2448,0.1098,0.4668,-0.2964,0.1097,0.4032,0.0000,-0.4191,-0.2204,-0.0620,0.0000,0.0000,0.2106,0.0266,0.0399,11.9798,14.6928
6.8400,0.0000,0.0000,0.1519,0.0346,0.0004,0.3931,-0.1777,-0.0019,0.4131,-0.1789,0.1105,0.4131,-0.2452,0.1098,0.4669,-0.2967,0.1097,0.4033,0.0000,-0.4185,-0.2203,-0.0622,0.0000,0.0000,0.2099,0.0266,0.0399,11.9721,14.6808
6.8480,0.0000,0.0000,0.1519,0.0342,0.0004,0.3931,-0.1781,-0.0019,0.4131,-0.1793,0.1105,0.4131,-0.2455,0.1098,0.4669,-0.2971,0.1097,0.4033,0.0000,-0.4180,-0.2202,-0.0624,0.0000,0.0000,0.2093,0.0266,0.0399,11.9651,14.6698
6.8560,0.0000,0.0000,0.1519,0.0339,0.0004,0.3932,-0.1785,-0.0019,0.4131,-0.1796,0.1105,0.4131,-0.2458,0.1098,0.4669,-0.2975,0.1096,0.4034,0.0000,-0.4174,-0.2201,-0.0626,0.0000,0.0000,0.2086,0.0266,0.0399,11.9573,14.6575
6.8640,0.0000,0.0000,0.1519,0.0335,0.0004,0.3932,-0.1788,-0.0019,0.4131,-0.1800,0.1105,0.4131,-0.2462,0.1098,0.4670,-0.2979,0.1096,0.4035,0.0000,-0.4168,-0.2201,-0.0629,0.0000,0.0000,0.2079,0.0266,0.0399,11.9487,14.6441
6.8720,0.0000,0.0000,0.1519,0.0331,0.0003,0.3933,-0.1792,-0.0019,0.4131,-0.1804,0.1105,0.4131,-0.2465,0.1098,0.4670,-0.2983,0.1096,0.4036,0.0000,-0.4162,-0.2200,-0.0631,0.0000,0.0000,0.2072,0.0266,0.0399,11.9415,14.6329
6.8800,0.0000,0.0000,0.1519,0.0327,0.0003,0.3933,-0.1796,-0.0019,0.4130,-0.1808,0.1105,0.4130,-0.2468,0.1098,0.4671,-0.2987,0.1096,0.4037,0.0000,-0.4156,-0.2199,-0.0632,0.0000,0.0000,0.2066,0.0266,0.0399,11.9347,14.6221
6.8880,0.0000,0.0000,0.1519,0.0324,0.0003,0.3934,-0.1800,-0.0019,0.4130,-0.1811,0.1105,0.4130,-0.2472,0.1098,0.4671,-0.2991,0.1096,0.4038,0.0000,-0.4150,-0.2198,-0.0635,0.0000,0.0000,0.2059,0.0266,0.0399,11.9265,14.6093
6.8960,0.0000,0.0000,0.1519,0.0320,0.0003,0.3934,-0.1803,-0.0019,0.4130,-0.1815,0.1105,0.4130,-0.2475,0.1098,0.4672,-0.2994,0.1096,0.4039,0.0000,-0.4144,-0.2197,-0.0637,0.0000,0.0000,0.2052,0.0266,0.0399,11.9186,14.5969
6.9040,0.0000,0.0000,0.1519,0.0316,0.0003,0.3935,-0.1807,-0.0019,0.4130,-0.1819,0.1104,0.4130,-0.2478,0.1098,0.4672,-0.2998,0.1096,0.4040,0.0000,-0.4138,-0.2196,-0.0639,0.0000,0.0000,0.2046,0.0266,0.0399,11.9108,14.5847
6.9120,0.0000,0.0000,0.1519,0.0313,0.0003,0.3935,-0.1811,-0.0019,0.4130,-0.1823,0.1104,0.4130,-0.2481,0.1098,0.4672,-0.3002,0.1096,0.4040,0.0000,-0.4132,-0.2195,-0.0641,0.0000,0.0000,0.2039,0.0266,0.0399,11.9036,14.5735
6.9200,0.0000,0.0000,0.1519,0.0309,0.0003,0.3936,-0.1815,-0.0019,0.4130,-0.1826,0.1104,0.4130,-0.2485,0.1098,0.4673,-0.3006,0.1096,0.4041,0.0000,-0.4126,-0.2194,-0.0643,0.0000,0.0000,0.2033,0.0266,0.0399,11.8961,14.5618
6.9280,0.0000,0.0000,0.1519,0.0305,0.0003,0.3936,-0.1818,-0.0019,0.4130,-0.1830,0.1104,0.4130,-0.2488,0.1098,0.4673,-0.3010,0.1096,0.4042,0.0000,-0.4120,-0.2193,-0.0645,0.0000,0.0000,0.2026,0.0266,0.0399,11.8886,14.5501
6.9360,0.0000,0.0000,0.1519,0.0301,0.0003,0.3937,-0.1822,-0.0019,0.4129,-0.1834,0.1104,0.4129,-0.2491,0.1097,0.4674,-0.3014,0.1096,0.4043,0.0000,-0.4114,-0.2191,-0.0646,0.0000,0.0000,0.2020,0.0266,0.0399,11.8811,14.5384
6.9440,0.0000,0.0000,0.1519,0.0298,0.0003,0.3937,-0.1826,-0.0019,0.4129,-0.1838,0.1104,0.4129,-0.2495,0.1097,0.4674,-0.3018,0.1096,0.4043,0.0000,-0.4108,-0.2190,-0.0648,0.0000,0.0000,0.2013,0.0266,0.0399,11.8737,14.5269
6.9520,0.0000,0.0000,0.1519,0.0294,0.0003,0.3938,-0.1830,-0.0019,0.4129,-0.1841,0.1104,0.4129,-0.2498,0.1098,0.4674,-0.3021,0.1096,0.4044,0.0000,-0.4102,-0.2188,-0.0650,0.0000,0.0000,0.2007,0.0266,0.0399,11.8665,14.5156
6.9600,0.0000,0.0000,0.1519,0.0290,0.0003,0.3938,-0.1834,-0.0019,0.4129,-0.1845,0.1104,0.4129,-0.2501,0.1097,0.4675,-0.3025,0.1096,0.4045,0.0000,-0.4096,-0.2187,-0.0651,0.0000,0.0000,0.2001,0.0266,0.0399,11.8590,14.5039
6.9680,0.0000,0.0000,0.1519,0.0287,0.0003,0.3939,-0.1837,-0.0019,0.4129,-0.1849,0.1104,0.4129,-0.2505,0.1097,0.4675,-0.3029,0.1096,0.4046,0.0000,-0.4090,-0.2186,-0.0653,0.0000,0.0000,0.1994,0.0266,0.0399,11.8514,14.4922
6.9760,0.0000,0.0000,0.1519,0.0283,0.0003,0.3939,-0.1841,-0.0019,0.4128,-0.1853,0.1104,0.4128,-0.2508,0.1097,0.4675,-0.3033,0.1096,0.4047,0.0000,-0.4083,-0.2184,-0.0655,0.0000,0.0000,0.1988,0.0266,0.0399,11.8440,14.4807
6.9840,0.0000,0.0000,0.1519,0.0279,0.0003,0.3939,-0.1845,-0.0019,0.4128,-0.1857,0.1104,0.4128,-0.2512,0.1097,0.4676,-0.3037,0.1096,0.4047,0.0000,-0.4077,-0.2182,-0.0656,0.0000,0.0000,0.1982,0.0266,0.0399,11.8369,14.4696
6.9920,0.0000,0.0000,0.1519,0.0275,0.0003,0.3940,-0.1849,-0.0019,0.4128,-0.1861,0.1104,0.4128,-0.2515,0.1097,0.4676,-0.3041,0.1096,0.4048,0.0000,-0.4071,-0.2180,-0.0657,0.0000,0.0000,0.1976,0.0266,0.0399,11.8298,14.4587
7.0000,0.0000,0.0000,0.1519,0.0271,0.0003,0.3940,-0.1853,-0.0019,0.4128,-0.1865,0.1104,0.4128,-0.2518,0.1097,0.4676,-0.3045,0.1095,0.4048,0.0000,-0.4065,-0.2179,-0.0659,0.0000,0.0000,0.1969,0.0266,0.0399,11.8227,14.4476
7.0080,0.0000,0.0000,0.1519,0.0268,0.0003,0.3941,-0.1857,-0.0019,0.4127,-0.1868,0.1104,0.4127,-0.2522,0.1097,0.4676,-0.3049,0.1096,0.4049,0.0000,-0.4059,-0.2176,-0.0660,0.0000,0.0000,0.1964,0.0266,0.0399,11.8161,14.4373
7.0160,0.0000,0.0000,0.1519,0.0264,0.0003,0.3941,-0.1860,-0.0020,0.4127,-0.1872,0.1104,0.4127,-0.2525,0.1097,0.4676,-0.3053,0.1095,0.4049,0.0000,-0.4052,-0.2174,-0.0661,0.0000,0.0000,0.1958,0.0266,0.0399,11.8092,14.4267
7.0240,0.0000,0.0000,0.1519,0.0260,0.0003,0.3942,-0.1864,-0.0019,0.4127,-0.1876,0.1104,0.4127,-0.2529,0.1097,0.4676,-0.3056,0.1096,0.4050,0.0000,-0.4046,-0.2173,-0.0662,0.0000,0.0000,0.1952,0.0266,0.0399,11.8021,14.4156
7.0320,0.0000,0.0000,0.1519,0.0256,0.0003,0.3942,-0.1868,-0.0020,0.4126,-0.1880,0.1104,0.4126,-0.2532,0.1097,0.4677,-0.3060,0.1095,0.4051,0.0000,-0.4040,-0.2171,-0.0664,0.0000,0.0000,0.1945,0.0266,0.0399,11.7941,14.4033
7.0400,0.0000,0.0000,0.1519,0.0253,0.0003,0.3942,-0.1872,-0.0020,0.4126,-0.1884,0.1104,0.4126,-0.2535,0.1097,0.4677,-0.3064,0.1096,0.4051,0.0000,-0.4034,-0.2169,-0.0665,0.0000,0.0000,0.1939,0.0266,0.0399,11.7878,14.3935
7.0480,0.0000,0.0000,0.1519,0.0249,0.0003,0.3943,-0.1876,-0.0020,0.4125,-0.1888,0.1104,0.4125,-0.2539,0.1097,0.4677,-0.3068,0.1095,0.4052,0.0000,-0.4027,-0.2166,-0.0666,0.0000,0.0000,0.1934,0.0266,0.0399,11.7813,14.3835
7.0560,0.0000,0.0000,0.1519,0.0245,0.0003,0.3943,-0.1880,-0.0020,0.4125,-0.1891,0.1104,0.4125,-0.2542,0.1097,0.4677,-0.3072,0.1095,0.4052,0.0000,-0.4021,-0.2164,-0.0667,0.0000,0.0000,0.1928,0.0266,0.0399,11.7743,14.3727
7.0640,0.0000,0.0000,0.1519,0.0241,0.0003,0.3944,-0.1884,-0.0020,0.4125,-0.1895,0.1104,0.4125,-0.2546,0.1097,0.4677,-0.3076,0.1095,0.4053,0.0000,-0.4014,-0.2162,-0.0668,0.0000,0.0000,0.1922,0.0266,0.0399,11.7672,14.3617
7.0720,0.0000,0.0000,0.1519,0.0237,0.0002,0.3944,-0.1887,-0.0020,0.4124,-0.1899,0.1104,0.4124,-0.2549,0.1097,0.4678,-0.3080,0.1095,0.4054,0.0000,-0.4008,-0.2160,-0.0670,0.0000,0.0000,0.1916,0.0266,0.0399,11.7599,14.3504
7.0800,0.0000,0.0000,0.1519,0.0234,0.0002,0.3944,-0.1891,-0.0020,0.4124,-0.1903,0.1104,0.4124,-0.2553,0.1097,0.4678,-0.3084,0.1095,0.4054,0.0000,-0.4002,-0.2158,-0.0671,0.0000,0.0000,0.1910,0.0266,0.0399,11.7531,14.3399
7.0880,0.0000,0.0000,0.1519,0.0230,0.0002,0.3945,-0.1895,-0.0020,0.4124,-0.1907,0.1104,0.4124,-0.2556,0.1097,0.4677,-0.3088,0.1095,0.4054,0.0000,-0.3995,-0.2155,-0.0671,0.0000,0.0000,0.1905,0.0266,0.0399,11.7470,14.3305
7.0960,0.0000,0.0000,0.1519,0.0226,0.0002,0.3945,-0.1899,-0.0020,0.4123,-0.1911,0.1104,0.4123,-0.2559,0.1097,0.4678,-0.3091,0.1095,0.4055,0.0000,-0.3989,-0.2154,-0.0673,0.0000,0.0000,0.1898,0.0266,0.0399,11.7392,14.3185
7.1040,0.0000,0.0000,0.1519,0.0222,0.0002,0.3945,-0.1903,-0.0020,0.4123,-0.1915,0.1103,0.4123,-0.2563,0.1097,0.4678,-0.3095,0.1095,0.4056,0.0000,-0.3982,-0.2151,-0.0673,0.0000,0.0000,0.1893,0.0266,0.0399,11.7327,14.3085
7.1120,0.0000,0.0000,0.1519,0.0219,0.0002,0.3946,-0.1907,-0.0020,0.4122,-0.1918,0.1103,0.4122,-0.2566,0.1097,0.4678,-0.3099,0.1095,0.4056,0.0000,-0.3976,-0.2149,-0.0674,0.0000,0.0000,0.1887,0.0266,0.0399,11.7259,14.2981
7.1200,0.0000,0.0000,0.1519,0.0215,0.0002,0.3946,-0.1910,-0.0020,0.4122,-0.1922,0.1103,0.4122,-0.2570,0.1097,0.4678,-0.3103,0.1095,0.4057,0.0000,-0.3969,-0.2146,-0.0675,0.0000,0.0000,0.1882,0.0266,0.0399,11.7195,14.2882
7.1280,0.0000,0.0000,0.1519,0.0211,0.0002,0.3946,-0.1914,-0.0020,0.4121,-0.1926,0.1103,0.4121,-0.2573,0.1097,0.4678,-0.3107,0.1095,0.4057,0.0000,-0.3963,-0.2144,-0.0676,0.0000,0.0000,0.1876,0.0266,0.0399,11.7132,14.2785
7.1360,0.0000,0.0000,0.1519,0.0207,0.0002,0.3947,-0.1918,-0.0020,0.4121,-0.1930,0.1103,0.4121,-0.2576,0.1096,0.4678,-0.3111,0.1095,0.4058,0.0000,-0.3956,-0.2142,-0.0677,0.0000,0.0000,0.1870,0.0266,0.0399,11.7057,14.2670
7.1440,0.0000,0.0000,0.1519,0.0203,0.0002,0.3947,-0.1922,-0.0020,0.4121,-0.1934,0.1103,0.4121,-0.2580,0.1096,0.4678,-0.3115,0.1095,0.4058,0.0000,-0.3950,-0.2139,-0.0678,0.0000,0.0000,0.1864,0.0266,0.0399,11.6991,14.2569
7.1520,0.0000,0.0000,0.1519,0.0200,0.0002,0.3947,-0.1926,-0.0020,0.4120,-0.1938,0.1103,0.4120,-0.2583,0.1096,0.4678,-0.3119,0.1095,0.4058,0.0000,-0.3944,-0.2136,-0.0678,0.0000,0.0000,0.1860,0.0266,0.0399,11.6936,14.2484
7.1600,0.0000,0.0000,0.1519,0.0196,0.0002,0.3948,-0.1930,-0.0020,0.4120,-0.1941,0.1103,0.4120,-0.2587,0.1096,0.4678,-0.3123,0.1095,0.4059,0.0000,-0.3937,-0.2134,-0.0679,0.0000,0.0000,0.1854,0.0266,0.0399,11.6870,14.2383
7.1680,0.0000,0.0000,0.1519,0.0192,0.0002,0.3948,-0.1933,-0.0020,0.4119,-0.1945,0.1103,0.4119,-0.2590,0.1096,0.4678,-0.3126,0.1095,0.4059,0.0000,-0.3931,-0.2131,-0.0679,0.0000,0.0000,0.1849,0.0266,0.0399,11.6806,14.2285
7.1760,0.0000,0.0000,0.1519,0.0188,0.0002,0.3948,-0.1937,-0.0020,0.4119,-0.1949,0.1103,0.4119,-0.2594,0.1096,0.4678,-0.3130,0.1095,0.4059,0.0000,-0.3924,-0.2128,-0.0680,0.0000,0.0000,0.1844,0.0266,0.0399,11.6742,14.2187
7.1840,0.0000,0.0000,0.1519,0.0185,0.0002,0.3948,-0.1941,-0.0020,0.4118,-0.1953,0.1103,0.4118,-0.2597,0.1096,0.4678,-0.3134,0.1095,0.4060,0.0000,-0.3918,-0.2126,-0.0680,0.0000,0.0000,0.1838,0.0266,0.0399,11.6680,14.2092
7.1920,0.0000,0.0000,0.1519,0.0181,0.0002,0.3949,-0.1945,-0.0020,0.4118,-0.1956,0.1103,0.4118,-0.2600,0.1096,0.4678,-0.3138,0.1095,0.4060,0.0000,-0.3911,-0.2123,-0.0681,0.0000,0.0000,0.1833,0.0266,0.0399,11.6615,14.1992
7.2000,0.0000,0.0000,0.1519,0.0177,0.0002,0.3949,-0.1949,-0.0020,0.4117,-0.1960,0.1103,0.4117,-0.2604,0.1096,0.4678,-0.3142,0.1095,0.4060,0.0000,-0.3905,-0.2120,-0.0681,0.0000,0.0000,0.1827,0.0266,0.0399,11.6550,14.1893
7.2080,0.0000,0.0000,0.1519,0.0173,0.0002,0.3949,-0.1952,-0.0021,0.4117,-0.1964,0.1103,0.4117,-0.2607,0.1096,0.4678,-0.3146,0.1094,0.4061,0.0000,-0.3898,-0.2118,-0.0682,0.0000,0.0000,0.1822,0.0266,0.0399,11.6481,14.1788
7.2160,0.0000,0.0000,0.1519,0.0170,0.0002,0.3950,-0.1956,-0.0021,0.4116,-0.1968,0.1103,0.4116,-0.2611,0.1096,0.4678,-0.3150,0.1094,0.4061,0.0000,-0.3891,-0.2115,-0.0683,0.0000,0.0000,0.1816,0.0266,0.0399,11.6414,14.1685
7.2240,0.0000,0.0000,0.1519,0.0166,0.0002,0.3950,-0.1960,-0.0020,0.4116,-0.1972,0.1103,0.4116,-0.2614,0.1096,0.4678,-0.3153,0.1095,0.4061,0.0000,-0.3885,-0.2112,-0.0683,0.0000,0.0000,0.1812,0.0266,0.0399,11.6359,14.1602
7.2320,0.0000,0.0000,0.1519,0.0162,0.0002,0.3950,-0.1964,-0.0021,0.4115,-0.1976,0.1103,0.4115,-0.2617,0.1096,0.4678,-0.3157,0.1094,0.4062,0.0000,-0.3878,-0.2109,-0.0683,0.0000,0.0000,0.1806,0.0266,0.0399,11.6296,14.1505
7.2400,0.0000,0.0000,0.1519,0.0158,0.0002,0.3950,-0.1968,-0.0021,0.4114,-0.1980,0.1103,0.4114,-0.2621,0.1096,0.4677,-0.3161,0.1094,0.4062,0.0000,-0.3872,-0.2106,-0.0684,0.0000,0.0000,0.1801,0.0266,0.0399,11.6236,14.1413
7.2480,0.0000,0.0000,0.1519,0.0155,0.0002,0.3951,-0.1972,-0.0021,0.4114,-0.1983,0.1103,0.4114,-0.2625,0.1096,0.4677,-0.3165,0.1094,0.4062,0.0000,-0.3865,-0.2103,-0.0684,0.0000,0.0000,0.1796,0.0266,0.0399,11.6174,14.1319
7.2560,0.0000,0.0000,0.1519,0.0151,0.0002,0.3951,-0.1975,-0.0021,0.4113,-0.1987,0.1103,0.4113,-0.2628,0.1096,0.4677,-0.3169,0.1094,0.4062,0.0000,-0.3858,-0.2100,-0.0684,0.0000,0.0000,0.1791,0.0266,0.0399,11.6112,14.1225
7.2640,0.0000,0.0000,0.1519,0.0147,0.0002,0.3951,-0.1979,-0.0021,0.4112,-0.1991,0.1103,0.4112,-0.2631,0.1096,0.4677,-0.3173,0.1094,0.4062,0.0000,-0.3852,-0.2097,-0.0685,0.0000,0.0000,0.1786,0.0266,0.0399,11.6055,14.1138
7.2720,0.0000,0.0000,0.1519,0.0143,0.0002,0.3951,-0.1983,-0.0021,0.4112,-0.1995,0.1103,0.4112,-0.2635,0.1096,0.4677,-0.3177,0.1094,0.4063,0.0000,-0.3845,-0.2094,-0.0685,0.0000,0.0000,0.1781,0.0266,0.0399,11.5993,14.1043
7.2800,0.0000,0.0000,0.1519,0.0139,0.0001,0.3952,-0.1987,-0.0021,0.4111,-0.1999,0.1103,0.4111,-0.2638,0.1096,0.4676,-0.3181,0.1094,0.4063,0.0000,-0.3838,-0.2091,-0.0685,0.0000,0.0000,0.1777,0.0266,0.0399,11.5936,14.0957
7.2880,0.0000,0.0000,0.1519,0.0136,0.0001,0.3952,-0.1991,-0.0021,0.4111,-0.2003,0.1103,0.4111,-0.2642,0.1096,0.4676,-0.3184,0.1094,0.4063,0.0000,-0.3832,-0.2088,-0.0685,0.0000,0.0000,0.1772,0.0266,0.0399,11.5877,14.0868
7.2960,0.0000,0.0000,0.1519,0.0132,0.0001,0.3952,-0.1995,-0.0021,0.4110,-0.2006,0.1103,0.4110,-0.2645,0.1096,0.4676,-0.3188,0.1094,0.4063,0.0000,-0.3825,-0.2085,-0.0685,0.0000,0.0000,0.1767,0.0266,0.0399,11.5815,14.0774
7.3040,0.0000,0.0000,0.1519,0.0128,0.0001,0.3952,-0.1998,-0.0021,0.4109,-0.2010,0.1103,0.4109,-0.2649,0.1096,0.4676,-0.3192,0.1094,0.4063,0.0000,-0.3818,-0.2081,-0.0685,0.0000,0.0000,0.1762,0.0266,0.0399,11.5759,14.0689
7.3120,0.0000,0.0000,0.1519,0.0124,0.0001,0.3952,-0.2002,-0.0021,0.4108,-0.2014,0.1102,0.4108,-0.2652,0.1096,0.4675,-0.3196,0.1094,0.4063,0.0000,-0.3811,-0.2078,-0.0685,0.0000,0.0000,0.1757,0.0266,0.0399,11.5698,14.0597
7.3200,0.0000,0.0000,0.1519,0.0120,0.0001,0.3953,-0.2006,-0.0021,0.4108,-0.2018,0.1102,0.4108,-0.2656,0.1096,0.4675,-0.3200,0.1094,0.4063,0.0000,-0.3804,-0.2075,-0.0685,0.0000,0.0000,0.1752,0.0266,0.0399,11.5640,14.0508
7.3280,0.0000,0.0000,0.1519,0.0116,0.0001,0.3953,-0.2010,-0.0021,0.4107,-0.2022,0.1102,0.4107,-0.2659,0.1096,0.4675,-0.3204,0.1094,0.4063,0.0000,-0.3798,-0.2071,-0.0685,0.0000,0.0000,0.1748,0.0266,0.0399,11.5585,14.0425
7.3360,0.0000,0.0000,0.1519,0.0113,0.0001,0.3953,-0.2014,-0.0021,0.4106,-0.2026,0.1102,0.4106,-0.2663,0.1096,0.4674,-0.3208,0.1094,0.4063,0.0000,-0.3791,-0.2068,-0.0685,0.0000,0.0000,0.1743,0.0266,0.0399,11.5529,14.0341
7.3440,0.0000,0.0000,0.1519,0.0109,0.0001,0.3953,-0.2018,-0.0021,0.4105,-0.2030,0.1102,0.4105,-0.2666,0.1096,0.4674,-0.3212,0.1094,0.4063,0.0000,-0.3784,-0.2064,-0.0685,0.0000,0.0000,0.1739,0.0266,0.0399,11.5473,14.0256
7.3520,0.0000,0.0000,0.1519,0.0105,0.0001,0.3953,-0.2022,-0.0021,0.4105,-0.2034,0.1102,0.4105,-0.2670,0.1095,0.4674,-0.3216,0.1094,0.4063,0.0000,-0.3777,-0.2061,-0.0685,0.0000,0.0000,0.1734,0.0266,0.0399,11.5414,14.0167
7.3600,0.0000,0.0000,0.1519,0.0101,0.0001,0.3953,-0.2026,-0.0021,0.4104,-0.2037,0.1102,0.4104,-0.2673,0.1096,0.4673,-0.3220,0.1094,0.4063,0.0000,-0.3770,-0.2058,-0.0685,0.0000,0.0000,0.1729,0.0266,0.0399,11.5353,14.0074
7.3680,0.0000,0.0000,0.1519,0.0098,0.0001,0.3954,-0.2030,-0.0021,0.4103,-0.2041,0.1102,0.4103,-0.2677,0.1095,0.4673,-0.3224,0.1094,0.4063,0.0000,-0.3763,-0.2054,-0.0685,0.0000,0.0000,0.1724,0.0266,0.0399,11.5294,13.9985
7.3760,0.0000,0.0000,0.1519,0.0094,0.0001,0.3954,-0.2033,-0.0021,0.4103,-0.2045,0.1102,0.4103,-0.2680,0.1095,0.4673,-0.3227,0.1094,0.4063,0.0000,-0.3757,-0.2051,-0.0685,0.0000,0.0000,0.1719,0.0266,0.0399,11.5238,13.9900
7.3840,0.0000,0.0000,0.1519,0.0090,0.0001,0.3954,-0.2037,-0.0021,0.4102,-0.2049,0.1102,0.4102,-0.2684,0.1095,0.4672,-0.3231,0.1094,0.4063,0.0000,-0.3750,-0.2048,-0.0685,0.0000,0.0000,0.1715,0.0266,0.0399,11.5181,13.9815
7.3920,0.0000,0.0000,0.1519,0.0086,0.0001,0.3954,-0.2041,-0.0021,0.4101,-0.2053,0.1102,0.4101,-0.2687,0.1095,0.4672,-0.3235,0.1094,0.4063,0.0000,-0.3743,-0.2044,-0.0685,0.0000,0.0000,0.1710,0.0266,0.0399,11.5122,13.9726
7.4000,0.0000,0.0000,0.1519,0.0082,0.0001,0.3954,-0.2045,-0.0021,0.4100,-0.2057,0.1102,0.4100,-0.2691,0.1095,0.4672,-0.3239,0.1094,0.4063,0.0000,-0.3736,-0.2041,-0.0685,0.0000,0.0000,0.1706,0.0266,0.0399,11.5067,13.9643
7.4080,0.0000,0.0000,0.1519,0.0079,0.0001,0.3954,-0.2049,-0.0021,0.4099,-0.2061,0.1102,0.4099,-0.2694,0.1095,0.4671,-0.3243,0.1094,0.4063,0.0000,-0.3729,-0.2037,-0.0685,0.0000,0.0000,0.1701,0.0266,0.0399,11.5012,13.9560
7.4160,0.0000,0.0000,0.1519,0.0075,0.0001,0.3954,-0.2053,-0.0021,0.4099,-0.2064,0.1102,0.4099,-0.2698,0.1095,0.4671,-0.3247,0.1094,0.4063,0.0000,-0.3722,-0.2034,-0.0685,0.0000,0.0000,0.1697,0.0266,0.0399,11.4955,13.9474
7.4240,0.0000,0.0000,0.1519,0.0071,0.0001,0.3954,-0.2057,-0.0021,0.4098,-0.2068,0.1102,0.4098,-0.2701,0.1095,0.4670,-0.3251,0.1094,0.4063,0.0000,-0.3715,-0.2030,-0.0684,0.0000,0.0000,0.1692,0.0266,0.0399,11.4899,13.9389
7.4320,0.0000,0.0000,0.1519,0.0067,0.0001,0.3955,-0.2060,-0.0022,0.4097,-0.2072,0.1102,0.4097,-0.2705,0.1095,0.4670,-0.3255,0.1093,0.4063,0.0000,-0.3708,-0.2027,-0.0684,0.0000,0.0000,0.1687,0.0266,0.0399,11.4842,13.9303
7.4400,0.0000,0.0000,0.1519,0.0064,0.0001,0.3955,-0.2064,-0.0022,0.4096,-0.2076,0.1102,0.4096,-0.2708,0.1095,0.4670,-0.3258,0.1093,0.4063,0.0000,-0.3701,-0.2023,-0.0684,0.0000,0.0000,0.1683,0.0266,0.0399,11.4788,13.9222
7.4480,0.0000,0.0000,0.1519,0.0060,0.0001,0.3955,-0.2068,-0.0022,0.4095,-0.2080,0.1102,0.4095,-0.2712,0.1095,0.4669,-0.3262,0.1094,0.4063,0.0000,-0.3694,-0.2019,-0.0683,0.0000,0.0000,0.1679,0.0266,0.0399,11.4739,13.9149
7.4560,0.0000,0.0000,0.1519,0.0056,0.0001,0.3955,-0.2072,-0.0022,0.4094,-0.2084,0.1102,0.4094,-0.2715,0.1095,0.4669,-0.3266,0.1093,0.4063,0.0000,-0.3687,-0.2016,-0.0683,0.0000,0.0000,0.1675,0.0266,0.0399,11.4683,13.9065
7.4640,0.0000,0.0000,0.1519,0.0052,0.0001,0.3955,-0.2076,-0.0022,0.4094,-0.2087,0.1102,0.4094,-0.2719,0.1095,0.4668,-0.3270,0.1093,0.4062,0.0000,-0.3680,-0.2012,-0.0683,0.0000,0.0000,0.1670,0.0266,0.0399,11.4631,13.8986
7.4720,0.0000,0.0000,0.1519,0.0048,0.0001,0.3955,-0.2080,-0.0022,0.4093,-0.2091,0.1102,0.4093,-0.2722,0.1095,0.4668,-0.3274,0.1093,0.4062,0.0000,-0.3673,-0.2008,-0.0682,0.0000,0.0000,0.1666,0.0266,0.0399,11.4576,13.8905
7.4800,0.0000,0.0000,0.1519,0.0044,0.0000,0.3955,-0.2084,-0.0022,0.4092,-0.2095,0.1102,0.4092,-0.2726,0.1095,0.4667,-0.3278,0.1093,0.4062,0.0000,-0.3666,-0.2004,-0.0682,0.0000,0.0000,0.1662,0.0266,0.0399,11.4527,13.8831
7.4880,0.0000,0.0000,0.1519,0.0041,0.0000,0.3955,-0.2087,-0.0022,0.4091,-0.2099,0.1102,0.4091,-0.2729,0.1095,0.4666,-0.3282,0.1093,0.4061,0.0000,-0.3659,-0.2000,-0.0682,0.0000,0.0000,0.1658,0.0266,0.0399,11.4473,13.8749
7.4960,0.0000,0.0000,0.1519,0.0037,0.0000,0.3955,-0.2091,-0.0022,0.4090,-0.2103,0.1102,0.4090,-0.2733,0.1095,0.4666,-0.3286,0.1093,0.4061,0.0000,-0.3652,-0.1996,-0.0681,0.0000,0.0000,0.1654,0.0266,0.0399,11.4425,13.8677
7.5040,0.0000,0.0000,0.1519,0.0033,0.0000,0.3955,-0.2095,-0.0022,0.4089,-0.2107,0.1101,0.4089,-0.2737,0.1095,0.4665,-0.3290,0.1093,0.4061,0.0000,-0.3645,-0.1992,-0.0681,0.0000,0.0000,0.1650,0.0266,0.0399,11.4373,13.8599
7.5120,0.0000,0.0000,0.1519,0.0029,0.0000,0.3955,-0.2099,-0.0022,0.4088,-0.2111,0.1101,0.4088,-0.2740,0.1095,0.4664,-0.3293,0.1093,0.4061,0.0000,-0.3638,-0.1989,-0.0680,0.0000,0.0000,0.1645,0.0266,0.0399,11.4319,13.8519
7.5200,0.0000,0.0000,0.1519,0.0025,0.0000,0.3955,-0.2103,-0.0022,0.4087,-0.2115,0.1101,0.4087,-0.2744,0.1095,0.4664,-0.3297,0.1093,0.4060,0.0000,-0.3631,-0.1985,-0.0680,0.0000,0.0000,0.1641,0.0266,0.0399,11.4270,13.8446
7.5280,0.0000,0.0000,0.1519,0.0022,0.0000,0.3955,-0.2107,-0.0022,0.4086,-0.2118,0.1101,0.4086,-0.2747,0.1095,0.4663,-0.3301,0.1093,0.4060,0.0000,-0.3624,-0.1981,-0.0679,0.0000,0.0000,0.1637,0.0266,0.0399,11.4214,13.8363
7.5360,0.0000,0.0000,0.1519,0.0018,0.0000,0.3955,-0.2111,-0.0022,0.4085,-0.2123,0.1101,0.4085,-0.2751,0.1095,0.4662,-0.3305,0.1093,0.4060,0.0000,-0.3617,-0.1977,-0.0679,0.0000,0.0000,0.1633,0.0266,0.0399,11.4167,13.8291
7.5440,0.0000,0.0000,0.1519,0.0014,0.0000,0.3955,-0.2115,-0.0022,0.4084,-0.2126,0.1101,0.4084,-0.2754,0.1095,0.4662,-0.3309,0.1093,0.4059,0.0000,-0.3610,-0.1973,-0.0678,0.0000,0.0000,0.1630,0.0266,0.0399,11.4120,13.8222
7.5520,0.0000,0.0000,0.1519,0.0010,0.0000,0.3955,-0.2118,-0.0022,0.4083,-0.2130,0.1101,0.4083,-0.2758,0.1095,0.4661,-0.3313,0.1093,0.4059,0.0000,-0.3603,-0.1969,-0.0678,0.0000,0.0000,0.1625,0.0266,0.0399,11.4066,13.8141
7.5600,0.0000,0.0000,0.1519,0.0007,0.0000,0.3955,-0.2122,-0.0022,0.4082,-0.2134,0.1101,0.4082,-0.2761,0.1095,0.4661,-0.3316,0.1093,0.4059,0.0000,-0.3596,-0.1966,-0.0677,0.0000,0.0000,0.1620,0.0266,0.0399,11.4006,13.8052
7.5680,0.0000,0.0000,0.1519,0.0003,0.0000,0.3955,-0.2126,-0.0022,0.4081,-0.2138,0.1101,0.4081,-0.2765,0.1095,0.4660,-0.3321,0.1093,0.4058,0.0000,-0.3588,-0.1961,-0.0676,0.0000,0.0000,0.1617,0.0266,0.0399,11.3966,13.7991
7.5760,0.0000,0.0000,0.1519,-0.0001,-0.0000,0.3955,-0.2130,-0.0022,0.4080,-0.2142,0.1101,0.4080,-0.2768,0.1094,0.4659,-0.3324,0.1093,0.4058,0.0000,-0.3581,-0.1958,-0.0676,0.0000,0.0000,0.1613,0.0266,0.0399,11.3913,13.7912
7.5840,0.0000,0.0000,0.1519,-0.0005,-0.0000,0.3955,-0.2134,-0.0022,0.4079,-0.2146,0.1101,0.4079,-0.2772,0.1094,0.4659,-0.3328,0.1093,0.4058,0.0000,-0.3574,-0.1954,-0.0675,0.0000,0.0000,0.1609,0.0266,0.0399,11.3861,13.7835
7.5920,0.0000,0.0000,0.1519,-0.0009,-0.0000,0.3955,-0.2138,-0.0022,0.4078,-0.2149,0.1101,0.4078,-0.2776,0.1094,0.4658,-0.3332,0.1093,0.4057,0.0000,-0.3567,-0.1949,-0.0675,0.0000,0.0000,0.1605,0.0266,0.0399,11.3813,13.7764
7.6000,0.0000,0.0000,0.1519,-0.0012,-0.0000,0.3955,-0.2141,-0.0022,0.4077,-0.2153,0.1101,0.4077,-0.2779,0.1094,0.4657,-0.3336,0.1093,0.4057,0.0000,-0.3560,-0.1945,-0.0674,0.0000,0.0000,0.1601,0.0266,0.0399,11.3765,13.7691
7.6080,0.0000,0.0000,0.1519,-0.0016,-0.0000,0.3955,-0.2145,-0.0022,0.4076,-0.2157,0.1101,0.4076,-0.2782,0.1094,0.4657,-0.3340,0.1093,0.4056,0.0000,-0.3552,-0.1942,-0.0674,0.0000,0.0000,0.1597,0.0266,0.0399,11.3711,13.7612
7.6160,0.0000,0.0000,0.1519,-0.0020,-0.0000,0.3955,-0.2149,-0.0022,0.4075,-0.2161,0.1101,0.4075,-0.2786,0.1094,0.4656,-0.3344,0.1093,0.4056,0.0000,-0.3545,-0.1938,-0.0673,0.0000,0.0000,0.1593,0.0266,0.0399,11.3662,13.7539
7.6240,0.0000,0.0000,0.1519,-0.0024,-0.0000,0.3955,-0.2153,-0.0023,0.4074,-0.2165,0.1101,0.4074,-0.2789,0.1094,0.4655,-0.3347,0.1092,0.4056,0.0000,-0.3538,-0.1934,-0.0672,0.0000,0.0000,0.1589,0.0266,0.0399,11.3611,13.7463
7.6320,0.0000,0.0000,0.1519,-0.0028,-0.0000,0.3955,-0.2157,-0.0023,0.4073,-0.2169,0.1101,0.4073,-0.2793,0.1094,0.4654,-0.3351,0.1092,0.4055,0.0000,-0.3531,-0.1930,-0.0672,0.0000,0.0000,0.1585,0.0266,0.0399,11.3561,13.7388
7.6400,0.0000,0.0000,0.1519,-0.0032,-0.0000,0.3955,-0.2161,-0.0023,0.4071,-0.2173,0.1101,0.4071,-0.2797,0.1094,0.4654,-0.3355,0.1092,0.4055,0.0000,-0.3523,-0.1925,-0.0671,0.0000,0.0000,0.1582,0.0266,0.0399,11.3515,13.7320
7.6480,0.0000,0.0000,0.1519,-0.0035,-0.0000,0.3955,-0.2164,-0.0023,0.4070,-0.2176,0.1101,0.4070,-0.2800,0.1094,0.4653,-0.3359,0.1092,0.4054,0.0000,-0.3516,-0.1921,-0.0670,0.0000,0.0000,0.1578,0.0266,0.0399,11.3467,13.7249
7.6560,0.0000,0.0000,0.1519,-0.0039,-0.0000,0.3955,-0.2168,-0.0023,0.4069,-0.2180,0.1101,0.4069,-0.2804,0.1094,0.4652,-0.3363,0.1092,0.4054,0.0000,-0.3509,-0.1917,-0.0669,0.0000,0.0000,0.1574,0.0266,0.0399,11.3418,13.7176
7.6640,0.0000,0.0000,0.1519,-0.0043,-0.0000,0.3955,-0.2172,-0.0023,0.4068,-0.2184,0.1101,0.4068,-0.2807,0.1094,0.4651,-0.3367,0.1092,0.4053,0.0000,-0.3501,-0.1913,-0.0669,0.0000,0.0000,0.1570,0.0266,0.0399,11.3366,13.7100
7.6720,0.0000,0.0000,0.1519,-0.0047,-0.0000,0.3955,-0.2176,-0.0023,0.4067,-0.2188,0.1101,0.4067,-0.2811,0.1094,0.4650,-0.3371,0.1092,0.4053,0.0000,-0.3494,-0.1909,-0.0668,0.0000,0.0000,0.1566,0.0266,0.0399,11.3322,13.7034
7.6800,0.0000,0.0000,0.1519,-0.0050,-0.0001,0.3955,-0.2180,-0.0023,0.4066,-0.2192,0.1101,0.4066,-0.2814,0.1094,0.4649,-0.3374,0.1092,0.4052,0.0000,-0.3487,-0.1905,-0.0667,0.0000,0.0000,0.1563,0.0266,0.0399,11.3278,13.6968
7.6880,0.0000,0.0000,0.1519,-0.0054,-0.0001,0.3955,-0.2184,-0.0023,0.4065,-0.2195,0.1100,0.4065,-0.2818,0.1094,0.4649,-0.3378,0.1092,0.4052,0.0000,-0.3480,-0.1901,-0.0666,0.0000,0.0000,0.1559,0.0266,0.0399,11.3225,13.6891
7.6960,0.0000,0.0000,0.1519,-0.0058,-0.0001,0.3955,-0.2188,-0.0023,0.4064,-0.2199,0.1100,0.4064,-0.2821,0.1094,0.4648,-0.3382,0.1092,0.4051,0.0000,-0.3472,-0.1897,-0.0665,0.0000,0.0000,0.1555,0.0266,0.0399,11.3180,13.6823
7.7040,0.0000,0.0000,0.1519,-0.0062,-0.0001,0.3955,-0.2191,-0.0023,0.4062,-0.2203,0.1101,0.4062,-0.2825,0.1094,0.4647,-0.3386,0.1092,0.4050,0.0000,-0.3465,-0.1892,-0.0665,0.0000,0.0000,0.1552,0.0266,0.0399,11.3133,13.6755
7.7120,0.0000,0.0000,0.1519,-0.0066,-0.0001,0.3955,-0.2195,-0.0023,0.4061,-0.2207,0.1100,0.4061,-0.2828,0.1094,0.4646,-0.3390,0.1092,0.4050,0.0000,-0.3458,-0.1888,-0.0664,0.0000,0.0000,0.1548,0.0266,0.0399,11.3091,13.6693
7.7200,0.0000,0.0000,0.1519,-0.0069,-0.0001,0.3955,-0.2199,-0.0023,0.4060,-0.2211,0.1100,0.4060,-0.2832,0.1094,0.4645,-0.3394,0.1092,0.4049,0.0000,-0.3451,-0.1884,-0.0663,0.0000,0.0000,0.1545,0.0266,0.0399,11.3043,13.6621
7.7280,0.0000,0.0000,0.1519,-0.0073,-0.0001,0.3954,-0.2203,-0.0023,0.4059,-0.2215,0.1100,0.4059,-0.2836,0.1094,0.4644,-0.3398,0.1092,0.4049,0.0000,-0.3443,-0.1880,-0.0662,0.0000,0.0000,0.1541,0.0266,0.0399,11.2995,13.6551
7.7360,0.0000,0.0000,0.1519,-0.0077,-0.0001,0.3954,-0.2207,-0.0023,0.4057,-0.2219,0.1100,0.4057,-0.2839,0.1094,0.4643,-0.3402,0.1092,0.4048,0.0000,-0.3436,-0.1875,-0.0661,0.0000,0.0000,0.1538,0.0266,0.0399,11.2953,13.6489
7.7440,0.0000,0.0000,0.1519,-0.0081,-0.0001,0.3954,-0.2211,-0.0023,0.4056,-0.2222,0.1100,0.4056,-0.2843,0.1094,0.4642,-0.3405,0.1092,0.4047,0.0000,-0.3428,-0.1871,-0.0660,0.0000,0.0000,0.1534,0.0266,0.0399,11.2907,13.6420
7.7520,0.0000,0.0000,0.1519,-0.0085,-0.0001,0.3954,-0.2215,-0.0023,0.4055,-0.2226,0.1100,0.4055,-0.2846,0.1094,0.4641,-0.3409,0.1092,0.4046,0.0000,-0.3421,-0.1866,-0.0659,0.0000,0.0000,0.1531,0.0266,0.0399,11.2865,13.6359
7.7600,0.0000,0.0000,0.1519,-0.0088,-0.0001,0.3954,-0.2218,-0.0023,0.4054,-0.2230,0.1100,0.4054,-0.2850,0.1094,0.4640,-0.3413,0.1092,0.4046,0.0000,-0.3413,-0.1862,-0.0658,0.0000,0.0000,0.1527,0.0266,0.0399,11.2816,13.6286
7.7680,0.0000,0.0000,0.1519,-0.0092,-0.0001,0.3954,-0.2222,-0.0023,0.4052,-0.2234,0.1100,0.4052,-0.2853,0.1094,0.4639,-0.3417,0.1092,0.4045,0.0000,-0.3406,-0.1858,-0.0657,0.0000,0.0000,0.1524,0.0266,0.0399,11.2775,13.6226
7.7760,0.0000,0.0000,0.1519,-0.0096,-0.0001,0.3954,-0.2226,-0.0023,0.4051,-0.2238,0.1100,0.4051,-0.2857,0.1094,0.4638,-0.3421,0.1092,0.4044,0.0000,-0.3399,-0.1853,-0.0656,0.0000,0.0000,0.1520,0.0266,0.0399,11.2730,13.6159
7.7840,0.0000,0.0000,0.1519,-0.0100,-0.0001,0.3953,-0.2230,-0.0023,0.4050,-0.2242,0.1100,0.4050,-0.2861,0.1094,0.4637,-0.3424,0.1092,0.4043,0.0000,-0.3391,-0.1849,-0.0655,0.0000,0.0000,0.1517,0.0266,0.0399,11.2687,13.6096
7.7920,0.0000,0.0000,0.1519,-0.0104,-0.0001,0.3953,-0.2234,-0.0023,0.4048,-0.2246,0.1100,0.4048,-0.2864,0.1093,0.4636,-0.3428,0.1092,0.4042,0.0000,-0.3384,-0.1844,-0.0654,0.0000,0.0000,0.1514,0.0266,0.0399,11.2644,13.6032
7.8000,0.0000,0.0000,0.1519,-0.0107,-0.0001,0.3953,-0.2238,-0.0024,0.4047,-0.2249,0.1100,0.4047,-0.2868,0.1093,0.4635,-0.3432,0.1091,0.4042,0.0000,-0.3376,-0.1840,-0.0653,0.0000,0.0000,0.1510,0.0266,0.0399,11.2600,13.5968
7.8080,0.0000,0.0000,0.1519,-0.0111,-0.0001,0.3953,-0.2242,-0.0023,0.4046,-0.2253,0.1100,0.4046,-0.2872,0.1094,0.4634,-0.3436,0.1092,0.4041,0.0000,-0.3369,-0.1835,-0.0652,0.0000,0.0000,0.1507,0.0266,0.0399,11.2561,13.5911
7.8160,0.0000,0.0000,0.1519,-0.0115,-0.0001,0.3953,-0.2245,-0.0024,0.4044,-0.2257,0.1100,0.4044,-0.2875,0.1093,0.4633,-0.3440,0.1091,0.4040,0.0000,-0.3361,-0.1831,-0.0651,0.0000,0.0000,0.1504,0.0266,0.0399,11.2516,13.5845
7.8240,0.0000,0.0000,0.1519,-0.0119,-0.0001,0.3953,-0.2249,-0.0023,0.4043,-0.2261,0.1100,0.4043,-0.2879,0.1093,0.4632,-0.3444,0.1092,0.4039,0.0000,-0.3354,-0.1826,-0.0650,0.0000,0.0000,0.1500,0.0266,0.0399,11.2470,13.5777
7.8320,0.0000,0.0000,0.1519,-0.0123,-0.0001,0.3952,-0.2253,-0.0024,0.4041,-0.2265,0.1100,0.4041,-0.2883,0.1093,0.4631,-0.3448,0.1091,0.4038,0.0000,-0.3346,-0.1821,-0.0649,0.0000,0.0000,0.1497,0.0266,0.0399,11.2429,13.5717
7.8400,0.0000,0.0000,0.1519,-0.0126,-0.0001,0.3952,-0.2257,-0.0024,0.4040,-0.2269,0.1100,0.4040,-0.2886,0.1093,0.4630,-0.3452,0.1091,0.4037,0.0000,-0.3339,-0.1817,-0.0648,0.0000,0.0000,0.1494,0.0266,0.0399,11.2384,13.5651
7.8480,0.0000,0.0000,0.1519,-0.0130,-0.0001,0.3952,-0.2261,-0.0024,0.4039,-0.2273,0.1100,0.4039,-0.2889,0.1093,0.4629,-0.3455,0.1091,0.4037,0.0000,-0.3331,-0.1813,-0.0647,0.0000,0.0000,0.1490,0.0266,0.0399,11.2339,13.5584
7.8560,0.0000,0.0000,0.1519,-0.0134,-0.0001,0.3952,-0.2265,-0.0024,0.4038,-0.2276,0.1100,0.4038,-0.2893,0.1093,0.4628,-0.3459,0.1091,0.4036,0.0000,-0.3324,-0.1809,-0.0646,0.0000,0.0000,0.1487,0.0266,0.0399,11.2294,13.5519
7.8640,0.0000,0.0000,0.1519,-0.0138,-0.0001,0.3952,-0.2268,-0.0024,0.4036,-0.2280,0.1100,0.4036,-0.2896,0.1093,0.4627,-0.3463,0.1091,0.4035,0.0000,-0.3316,-0.1804,-0.0645,0.0000,0.0000,0.1483,0.0266,0.0399,11.2250,13.5454
7.8720,0.0000,0.0000,0.1519,-0.0142,-0.0001,0.3951,-0.2272,-0.0024,0.4035,-0.2284,0.1100,0.4035,-0.2900,0.1093,0.4625,-0.3467,0.1091,0.4034,0.0000,-0.3308,-0.1800,-0.0644,0.0000,0.0000,0.1480,0.0266,0.0399,11.2208,13.5392
7.8800,0.0000,0.0000,0.1519,-0.0145,-0.0002,0.3951,-0.2276,-0.0024,0.4033,-0.2288,0.1100,0.4033,-0.2904,0.1093,0.4624,-0.3471,0.1091,0.4033,0.0000,-0.3301,-0.1795,-0.0643,0.0000,0.0000,0.1477,0.0266,0.0399,11.2169,13.5335
7.8880,0.0000,0.0000,0.1519,-0.0149,-0.0002,0.3951,-0.2280,-0.0024,0.4032,-0.2292,0.1100,0.4032,-0.2907,0.1093,0.4623,-0.3475,0.1091,0.4032,0.0000,-0.3293,-0.1791,-0.0642,0.0000,0.0000,0.1474,0.0266,0.0399,11.2126,13.5273
7.8960,0.0000,0.0000,0.1519,-0.0153,-0.0002,0.3951,-0.2284,-0.0024,0.4031,-0.2296,0.1100,0.4031,-0.2911,0.1093,0.4622,-0.3478,0.1091,0.4031,0.0000,-0.3286,-0.1786,-0.0641,0.0000,0.0000,0.1471,0.0266,0.0399,11.2085,13.5212
7.9040,0.0000,0.0000,0.1519,-0.0157,-0.0002,0.3950,-0.2288,-0.0024,0.4029,-0.2299,0.1100,0.4029,-0.2914,0.1093,0.4621,-0.3482,0.1091,0.4030,0.0000,-0.3278,-0.1781,-0.0639,0.0000,0.0000,0.1468,0.0266,0.0399,11.2045,13.5154
7.9120,0.0000,0.0000,0.1519,-0.0160,-0.0002,0.3950,-0.2291,-0.0024,0.4028,-0.2303,0.1099,0.4028,-0.2918,0.1093,0.4620,-0.3486,0.1091,0.4030,0.0000,-0.3271,-0.1777,-0.0638,0.0000,0.0000,0.1464,0.0266,0.0399,11.2002,13.5092
7.9200,0.0000,0.0000,0.1519,-0.0164,-0.0002,0.3950,-0.2295,-0.0024,0.4026,-0.2307,0.1099,0.4026,-0.2922,0.1093,0.4618,-0.3490,0.1091,0.4029,0.0000,-0.3263,-0.1773,-0.0637,0.0000,0.0000,0.1461,0.0266,0.0399,11.1962,13.5032
7.9280,0.0000,0.0000,0.1519,-0.0168,-0.0002,0.3950,-0.2299,-0.0024,0.4025,-0.2311,0.1099,0.4025,-0.2925,0.1093,0.4617,-0.3494,0.1091,0.4028,0.0000,-0.3255,-0.1768,-0.0636,0.0000,0.0000,0.1458,0.0266,0.0399,11.1921,13.4972
7.9360,0.0000,0.0000,0.1519,-0.0172,-0.0002,0.3949,-0.2303,-0.0024,0.4023,-0.2315,0.1099,0.4023,-0.2929,0.1093,0.4616,-0.3498,0.1091,0.4027,0.0000,-0.3248,-0.1763,-0.0635,0.0000,0.0000,0.1455,0.0266,0.0399,11.1881,13.4915
7.9440,0.0000,0.0000,0.1519,-0.0175,-0.0002,0.3949,-0.2306,-0.0024,0.4022,-0.2318,0.1099,0.4022,-0.2932,0.1093,0.4615,-0.3501,0.1091,0.4026,0.0000,-0.3241,-0.1759,-0.0634,0.0000,0.0000,0.1452,0.0266,0.0399,11.1842,13.4857
7.9520,0.0000,0.0000,0.1519,-0.0179,-0.0002,0.3949,-0.2310,-0.0024,0.4020,-0.2322,0.1099,0.4020,-0.2936,0.1093,0.4613,-0.3505,0.1091,0.4024,0.0000,-0.3233,-0.1754,-0.0632,0.0000,0.0000,0.1449,0.0266,0.0399,11.1802,13.4799
7.9600,0.0000,0.0000,0.1519,-0.0183,-0.0002,0.3949,-0.2314,-0.0024,0.4019,-0.2326,0.1099,0.4019,-0.2940,0.1093,0.4612,-0.3509,0.1091,0.4023,0.0000,-0.3225,-0.1749,-0.0631,0.0000,0.0000,0.1446,0.0266,0.0399,11.1764,13.4744
7.9680,0.0000,0.0000,0.1519,-0.0187,-0.0002,0.3948,-0.2318,-0.0024,0.4017,-0.2330,0.1099,0.4017,-0.2943,0.1093,0.4611,-0.3513,0.1091,0.4022,0.0000,-0.3217,-0.1744,-0.0630,0.0000,0.0000,0.1444,0.0266,0.0399,11.1730,13.4694
7.9760,0.0000,0.0000,0.1519,-0.0191,-0.0002,0.3948,-0.2322,-0.0024,0.4015,-0.2334,0.1099,0.4015,-0.2947,0.1093,0.4609,-0.3517,0.1091,0.4021,0.0000,-0.3210,-0.1740,-0.0628,0.0000,0.0000,0.1441,0.0266,0.0399,11.1689,13.4635
7.9840,0.0000,0.0000,0.1519,-0.0194,-0.0002,0.3948,-0.2326,-0.0024,0.4014,-0.2338,0.1099,0.4014,-0.2950,0.1093,0.4608,-0.3520,0.1091,0.4020,0.0000,-0.3202,-0.1735,-0.0627,0.0000,0.0000,0.1438,0.0266,0.0399,11.1648,13.4575
7.9920,0.0000,0.0000,0.1519,-0.0198,-0.0002,0.3947,-0.2330,-0.0024,0.4012,-0.2341,0.1099,0.4012,-0.2954,0.1093,0.4607,-0.3524,0.1091,0.4019,0.0000,-0.3194,-0.1730,-0.0626,0.0000,0.0000,0.1434,0.0266,0.0399,11.1607,13.4515
8.0000,0.0000,0.0000,0.1519,-0.0202,-0.0002,0.3947,-0.2333,-0.0024,0.4011,-0.2345,0.1099,0.4011,-0.2958,0.1093,0.4605,-0.3528,0.1091,0.4018,0.0000,-0.3186,-0.1725,-0.0625,0.0000,0.0000,0.1432,0.0266,0.0399,11.1571,13.4462
8.0080,0.0000,0.0000,0.1519,-0.0206,-0.0002,0.3947,-0.2337,-0.0025,0.4009,-0.2349,0.1099,0.4009,-0.2961,0.1092,0.4604,-0.3532,0.1090,0.4017,0.0000,-0.3179,-0.1721,-0.0624,0.0000,0.0000,0.1429,0.0266,0.0399,11.1530,13.4402
8.0160,0.0000,0.0000,0.1519,-0.0210,-0.0002,0.3946,-0.2341,-0.0025,0.4008,-0.2353,0.1099,0.4008,-0.2965,0.1092,0.4603,-0.3536,0.1090,0.4016,0.0000,-0.3171,-0.1716,-0.0622,0.0000,0.0000,0.1425,0.0266,0.0399,11.1487,13.4340
8.0240,0.0000,0.0000,0.1519,-0.0213,-0.0002,0.3946,-0.2345,-0.0024,0.4006,-0.2357,0.1099,0.4006,-0.2968,0.1093,0.4601,-0.3539,0.1091,0.4014,0.0000,-0.3163,-0.1712,-0.0621,0.0000,0.0000,0.1423,0.0266,0.0399,11.1452,13.4289
8.0320,0.0000,0.0000,0.1519,-0.0217,-0.0002,0.3946,-0.2349,-0.0025,0.4004,-0.2360,0.1099,0.4004,-0.2972,0.1092,0.4600,-0.3543,0.1090,0.4013,0.0000,-0.3155,-0.1707,-0.0620,0.0000,0.0000,0.1420,0.0266,0.0399,11.1414,13.4234
8.0400,0.0000,0.0000,0.1519,-0.0221,-0.0002,0.3945,-0.2353,-0.0025,0.4003,-0.2364,0.1099,0.4003,-0.2976,0.1092,0.4598,-0.3547,0.1090,0.4012,0.0000,-0.3147,-0.1702,-0.0618,0.0000,0.0000,0.1417,0.0266,0.0399,11.1376,13.4179
8.0480,0.0000,0.0000,0.1519,-0.0225,-0.0002,0.3945,-0.2356,-0.0025,0.4001,-0.2368,0.1099,0.4001,-0.2979,0.1092,0.4597,-0.3551,0.1090,0.4011,0.0000,-0.3140,-0.1697,-0.0617,0.0000,0.0000,0.1414,0.0266,0.0399,11.1336,13.4121
8.0560,0.0000,0.0000,0.1519,-0.0229,-0.0002,0.3945,-0.2360,-0.0025,0.3999,-0.2372,0.1099,0.3999,-0.2983,0.1092,0.4595,-0.3555,0.1090,0.4009,0.0000,-0.3132,-0.1692,-0.0616,0.0000,0.0000,0.1411,0.0266,0.0399,11.1302,13.4072
8.0640,0.0000,0.0000,0.1519,-0.0232,-0.0002,0.3944,-0.2364,-0.0025,0.3998,-0.2376,0.1099,0.3998,-0.2987,0.1092,0.4594,-0.3559,0.1090,0.4008,0.0000,-0.3124,-0.1687,-0.0614,0.0000,0.0000,0.1408,0.0266,0.0399,11.1262,13.4013
8.0720,0.0000,0.0000,0.1519,-0.0236,-0.0002,0.3944,-0.2368,-0.0025,0.3996,-0.2380,0.1099,0.3996,-0.2990,0.1092,0.4593,-0.3563,0.1090,0.4007,0.0000,-0.3116,-0.1682,-0.0613,0.0000,0.0000,0.1405,0.0266,0.0399,11.1223,13.3956
8.0800,0.0000,0.0000,0.1519,-0.0240,-0.0003,0.3944,-0.2372,-0.0025,0.3995,-0.2383,0.1099,0.3995,-0.2994,0.1092,0.4591,-0.3566,0.1090,0.4006,0.0000,-0.3108,-0.1678,-0.0612,0.0000,0.0000,0.1403,0.0266,0.0399,11.1185,13.3901
8.0880,0.0000,0.0000,0.1519,-0.0244,-0.0003,0.3943,-0.2375,-0.0025,0.3993,-0.2387,0.1099,0.3993,-0.2997,0.1092,0.4590,-0.3570,0.1090,0.4004,0.0000,-0.3100,-0.1673,-0.0610,0.0000,0.0000,0.1400,0.0266,0.0399,11.1148,13.3848
8.0960,0.0000,0.0000,0.1519,-0.0247,-0.0003,0.3943,-0.2379,-0.0025,0.3991,-0.2391,0.1098,0.3991,-0.3001,0.1092,0.4589,-0.3574,0.1090,0.4003,0.0000,-0.3092,-0.1669,-0.0609,0.0000,0.0000,0.1396,0.0266,0.0399,11.1103,13.3783
8.1040,0.0000,0.0000,0.1519,-0.0251,-0.0003,0.3943,-0.2383,-0.0025,0.3990,-0.2395,0.1099,0.3990,-0.3004,0.1092,0.4587,-0.3578,0.1090,0.4002,0.0000,-0.3085,-0.1664,-0.0608,0.0000,0.0000,0.1394,0.0266,0.0399,11.1070,13.3735
8.1120,0.0000,0.0000,0.1519,-0.0255,-0.0003,0.3942,-0.2387,-0.0025,0.3988,-0.2399,0.1098,0.3988,-0.3008,0.1092,0.4585,-0.3582,0.1090,0.4001,0.0000,-0.3076,-0.1658,-0.0606,0.0000,0.0000,0.1391,0.0266,0.0399,11.1034,13.3682
8.1200,0.0000,0.0000,0.1519,-0.0259,-0.0003,0.3942,-0.2391,-0.0025,0.3986,-0.2403,0.1098,0.3986,-0.3012,0.1092,0.4584,-0.3585,0.1090,0.3999,0.0000,-0.3068,-0.1654,-0.0605,0.0000,0.0000,0.1388,0.0266,0.0399,11.0994,13.3626
8.1280,0.0000,0.0000,0.1519,-0.0263,-0.0003,0.3941,-0.2395,-0.0025,0.3984,-0.2406,0.1098,0.3984,-0.3015,0.1092,0.4582,-0.3589,0.1090,0.3998,0.0000,-0.3061,-0.1649,-0.0603,0.0000,0.0000,0.1386,0.0266,0.0399,11.0960,13.3576
8.1360,0.0000,0.0000,0.1519,-0.0266,-0.0003,0.3941,-0.2398,-0.0025,0.3983,-0.2410,0.1098,0.3983,-0.3019,0.1092,0.4581,-0.3593,0.1090,0.3996,0.0000,-0.3053,-0.1644,-0.0602,0.0000,0.0000,0.1383,0.0266,0.0399,11.0927,13.3528
8.1440,0.0000,0.0000,0.1519,-0.0270,-0.0003,0.3940,-0.2402,-0.0025,0.3981,-0.2414,0.1098,0.3981,-0.3023,0.1092,0.4579,-0.3597,0.1090,0.3995,0.0000,-0.3045,-0.1638,-0.0600,0.0000,0.0000,0.1381,0.0266,0.0399,11.0894,13.3480
8.1520,0.0000,0.0000,0.1519,-0.0274,-0.0003,0.3940,-0.2406,-0.0025,0.3979,-0.2418,0.1098,0.3979,-0.3026,0.1092,0.4578,-0.3601,0.1090,0.3994,0.0000,-0.3037,-0.1634,-0.0599,0.0000,0.0000,0.1378,0.0266,0.0399,11.0854,13.3423
8.1600,0.0000,0.0000,0.1519,-0.0278,-0.0003,0.3940,-0.2410,-0.0025,0.3977,-0.2421,0.1098,0.3977,-0.3030,0.1092,0.4576,-0.3604,0.1090,0.3992,0.0000,-0.3029,-0.1629,-0.0598,0.0000,0.0000,0.1375,0.0266,0.0399,11.0820,13.3373
8.1680,0.0000,0.0000,0.1519,-0.0281,-0.0003,0.3939,-0.2413,-0.0025,0.3976,-0.2425,0.1098,0.3976,-0.3033,0.1092,0.4575,-0.3608,0.1090,0.3991,0.0000,-0.3021,-0.1625,-0.0596,0.0000,0.0000,0.1372,0.0266,0.0399,11.0778,13.3314
8.1760,0.0000,0.0000,0.1519,-0.0285,-0.0003,0.3939,-0.2417,-0.0025,0.3974,-0.2429,0.1098,0.3974,-0.3037,0.1092,0.4573,-0.3612,0.1090,0.3990,0.0000,-0.3013,-0.1620,-0.0595,0.0000,0.0000,0.1370,0.0266,0.0399,11.0742,13.3262
8.1840,0.0000,0.0000,0.1519,-0.0289,-0.0003,0.3938,-0.2421,-0.0025,0.3972,-0.2433,0.1098,0.3972,-0.3041,0.1092,0.4571,-0.3616,0.1090,0.3988,0.0000,-0.3005,-0.1615,-0.0593,0.0000,0.0000,0.1367,0.0266,0.0399,11.0708,13.3213
8.1920,0.0000,0.0000,0.1519,-0.0293,-0.0003,0.3938,-0.2425,-0.0025,0.3970,-0.2437,0.1098,0.3970,-0.3044,0.1092,0.4570,-0.3619,0.1090,0.3987,0.0000,-0.2997,-0.1610,-0.0592,0.0000,0.0000,0.1364,0.0266,0.0399,11.0671,13.3158
8.2000,0.0000,0.0000,0.1519,-0.0296,-0.0003,0.3937,-0.2428,-0.0025,0.3969,-0.2440,0.1098,0.3969,-0.3048,0.1092,0.4568,-0.3623,0.1090,0.3985,0.0000,-0.2989,-0.1605,-0.0591,0.0000,0.0000,0.1362,0.0266,0.0399,11.0637,13.3110
8.2080,0.0000,0.0000,0.1519,-0.0300,-0.0003,0.3937,-0.2432,-0.0026,0.3967,-0.2444,0.1098,0.3967,-0.3051,0.1091,0.4567,-0.3627,0.1089,0.3984,0.0000,-0.2981,-0.1600,-0.0589,0.0000,0.0000,0.1359,0.0266,0.0399,11.0597,13.3052
8.2160,0.0000,0.0000,0.1519,-0.0304,-0.0003,0.3936,-0.2436,-0.0026,0.3965,-0.2448,0.1098,0.3965,-0.3055,0.1091,0.4565,-0.3630,0.1089,0.3983,0.0000,-0.2973,-0.1595,-0.0588,0.0000,0.0000,0.1356,0.0266,0.0399,11.0565,13.3006
8.2240,0.0000,0.0000,0.1519,-0.0307,-0.0003,0.3936,-0.2440,-0.0025,0.3963,-0.2451,0.1098,0.3963,-0.3058,0.1092,0.4563,-0.3634,0.1090,0.3981,0.0000,-0.2965,-0.1590,-0.0586,0.0000,0.0000,0.1354,0.0266,0.0399,11.0534,13.2961
8.2320,0.0000,0.0000,0.1519,-0.0311,-0.0003,0.3936,-0.2444,-0.0026,0.3961,-0.2455,0.1098,0.3961,-0.3062,0.1091,0.4562,-0.3638,0.1089,0.3979,0.0000,-0.2957,-0.1585,-0.0585,0.0000,0.0000,0.1352,0.0266,0.0399,11.0499,13.2912
8.2400,0.0000,0.0000,0.1519,-0.0315,-0.0003,0.3935,-0.2447,-0.0026,0.3960,-0.2459,0.1098,0.3960,-0.3066,0.1091,0.4560,-0.3642,0.1089,0.3978,0.0000,-0.2949,-0.1580,-0.0583,0.0000,0.0000,0.1349,0.0266,0.0399,11.0464,13.2860
8.2480,0.0000,0.0000,0.1519,-0.0319,-0.0003,0.3935,-0.2451,-0.0026,0.3958,-0.2463,0.1098,0.3958,-0.3069,0.1091,0.4558,-0.3645,0.1089,0.3977,0.0000,-0.2941,-0.1576,-0.0582,0.0000,0.0000,0.1346,0.0266,0.0399,11.0427,13.2808
8.2560,0.0000,0.0000,0.1519,-0.0322,-0.0003,0.3934,-0.2455,-0.0026,0.3956,-0.2467,0.1098,0.3956,-0.3073,0.1091,0.4556,-0.3649,0.1089,0.3975,0.0000,-0.2933,-0.1570,-0.0580,0.0000,0.0000,0.1344,0.0266,0.0399,11.0396,13.2764
8.2640,0.0000,0.0000,0.1519,-0.0326,-0.0003,0.3934,-0.2458,-0.0026,0.3954,-0.2470,0.1098,0.3954,-0.3076,0.1091,0.4555,-0.3653,0.1089,0.3973,0.0000,-0.2925,-0.1566,-0.0579,0.0000,0.0000,0.1341,0.0266,0.0399,11.0362,13.2714
8.2720,0.0000,0.0000,0.1519,-0.0330,-0.0003,0.3933,-0.2462,-0.0026,0.3952,-0.2474,0.1098,0.3952,-0.3080,0.1091,0.4553,-0.3657,0.1089,0.3972,0.0000,-0.2917,-0.1560,-0.0577,0.0000,0.0000,0.1339,0.0266,0.0399,11.0328,13.2666
8.2800,0.0000,0.0000,0.1519,-0.0334,-0.0003,0.3933,-0.2466,-0.0026,0.3950,-0.2478,0.1098,0.3950,-0.3084,0.1091,0.4551,-0.3661,0.1089,0.3970,0.0000,-0.2909,-0.1555,-0.0576,0.0000,0.0000,0.1336,0.0266,0.0399,11.0295,13.2617
8.2880,0.0000,0.0000,0.1519,-0.0338,-0.0004,0.3932,-0.2470,-0.0026,0.3948,-0.2482,0.1097,0.3948,-0.3087,0.1091,0.4549,-0.3664,0.1089,0.3968,0.0000,-0.2900,-0.1550,-0.0574,0.0000,0.0000,0.1334,0.0266,0.0399,11.0261,13.2570
8.2960,0.0000,0.0000,0.1519,-0.0341,-0.0004,0.3931,-0.2474,-0.0026,0.3946,-0.2485,0.1098,0.3946,-0.3091,0.1091,0.4548,-0.3668,0.1089,0.3966,0.0000,-0.2892,-0.1545,-0.0572,0.0000,0.0000,0.1332,0.0266,0.0399,11.0230,13.2524
8.3040,0.0000,0.0000,0.1519,-0.0345,-0.0004,0.3931,-0.2477,-0.0026,0.3944,-0.2489,0.1097,0.3944,-0.3095,0.1091,0.4546,-0.3672,0.1089,0.3965,0.0000,-0.2884,-0.1540,-0.0571,0.0000,0.0000,0.1329,0.0266,0.0399,11.0198,13.2478
8.3120,0.0000,0.0000,0.1519,-0.0349,-0.0004,0.3930,-0.2481,-0.0026,0.3942,-0.2493,0.1097,0.3942,-0.3098,0.1091,0.4544,-0.3676,0.1089,0.3963,0.0000,-0.2876,-0.1535,-0.0569,0.0000,0.0000,0.1327,0.0266,0.0399,11.0162,13.2427
8.3200,0.0000,0.0000,0.1519,-0.0352,-0.0004,0.3930,-0.2485,-0.0026,0.3940,-0.2497,0.1097,0.3940,-0.3102,0.1091,0.4542,-0.3679,0.1089,0.3961,0.0000,-0.2868,-0.1530,-0.0568,0.0000,0.0000,0.1325,0.0266,0.0399,11.0134,13.2387
8.3280,0.0000,0.0000,0.1519,-0.0356,-0.0004,0.3929,-0.2488,-0.0026,0.3938,-0.2500,0.1097,0.3938,-0.3105,0.1091,0.4540,-0.3683,0.1089,0.3960,0.0000,-0.2860,-0.1525,-0.0566,0.0000,0.0000,0.1322,0.0266,0.0399,11.0102,13.2341
8.3360,0.0000,0.0000,0.1519,-0.0360,-0.0004,0.3929,-0.2492,-0.0026,0.3936,-0.2504,0.1097,0.3936,-0.3109,0.1091,0.4539,-0.3687,0.1089,0.3958,0.0000,-0.2851,-0.1520,-0.0564,0.0000,0.0000,0.1320,0.0266,0.0399,11.0065,13.2288
8.3440,0.0000,0.0000,0.1519,-0.0364,-0.0004,0.3928,-0.2496,-0.0026,0.3934,-0.2508,0.1097,0.3934,-0.3113,0.1091,0.4537,-0.3691,0.1089,0.3956,0.0000,-0.2843,-0.1515,-0.0563,0.0000,0.0000,0.1317,0.0266,0.0399,11.0033,13.2242
8.3520,0.0000,0.0000,0.1519,-0.0367,-0.0004,0.3928,-0.2500,-0.0026,0.3932,-0.2512,0.1097,0.3932,-0.3116,0.1091,0.4535,-0.3694,0.1089,0.3955,0.0000,-0.2835,-0.1510,-0.0561,0.0000,0.0000,0.1315,0.0266,0.0399,10.9998,13.2192
8.3600,0.0000,0.0000,0.1519,-0.0371,-0.0004,0.3927,-0.2504,-0.0026,0.3930,-0.2515,0.1097,0.3930,-0.3120,0.1091,0.4533,-0.3698,0.1089,0.3953,0.0000,-0.2827,-0.1504,-0.0560,0.0000,0.0000,0.1312,0.0266,0.0399,10.9968,13.2150
8.3680,0.0000,0.0000,0.1519,-0.0375,-0.0004,0.3926,-0.2507,-0.0026,0.3928,-0.2519,0.1097,0.3928,-0.3124,0.1091,0.4531,-0.3702,0.1089,0.3951,0.0000,-0.2818,-0.1499,-0.0558,0.0000,0.0000,0.1310,0.0266,0.0399,10.9935,13.2102
8.3760,0.0000,0.0000,0.1519,-0.0379,-0.0004,0.3926,-0.2511,-0.0026,0.3926,-0.2523,0.1097,0.3926,-0.3127,0.1091,0.4529,-0.3706,0.1089,0.3949,0.0000,-0.2810,-0.1494,-0.0556,0.0000,0.0000,0.1308,0.0266,0.0399,10.9904,13.2057
8.3840,0.0000,0.0000,0.1519,-0.0383,-0.0004,0.3925,-0.2515,-0.0026,0.3924,-0.2527,0.1097,0.3924,-0.3131,0.1091,0.4527,-0.3709,0.1088,0.3947,0.0000,-0.2802,-0.1489,-0.0555,0.0000,0.0000,0.1305,0.0266,0.0399,10.9873,13.2013
8.3920,0.0000,0.0000,0.1519,-0.0386,-0.0004,0.3925,-0.2519,-0.0026,0.3922,-0.2530,0.1097,0.3922,-0.3134,0.1091,0.4525,-0.3713,0.1089,0.3946,0.0000,-0.2793,-0.1484,-0.0553,0.0000,0.0000,0.1303,0.0266,0.0399,10.9840,13.1967
8.4000,0.0000,0.0000,0.1519,-0.0390,-0.0004,0.3924,-0.2522,-0.0026,0.3920,-0.2534,0.1097,0.3920,-0.3138,0.1091,0.4523,-0.3717,0.1089,0.3944,0.0000,-0.2785,-0.1478,-0.0551,0.0000,0.0000,0.1301,0.0266,0.0399,10.9808,13.1920
8.4080,0.0000,0.0000,0.1519,-0.0394,-0.0004,0.3924,-0.2526,-0.0027,0.3918,-0.2538,0.1097,0.3918,-0.3141,0.1091,0.4522,-0.3720,0.1088,0.3942,0.0000,-0.2777,-0.1474,-0.0550,0.0000,0.0000,0.1298,0.0266,0.0399,10.9774,13.1872
8.4160,0.0000,0.0000,0.1519,-0.0397,-0.0004,0.3923,-0.2530,-0.0026,0.3916,-0.2542,0.1097,0.3916,-0.3145,0.1091,0.4519,-0.3724,0.1089,0.3940,0.0000,-0.2769,-0.1468,-0.0548,0.0000,0.0000,0.1296,0.0266,0.0399,10.9744,13.1830
8.4240,0.0000,0.0000,0.1519,-0.0401,-0.0004,0.3922,-0.2533,-0.0027,0.3914,-0.2545,0.1097,0.3914,-0.3149,0.1091,0.4518,-0.3728,0.1088,0.3939,0.0000,-0.2760,-0.1463,-0.0547,0.0000,0.0000,0.1294,0.0266,0.0399,10.9710,13.1782
8.4320,0.0000,0.0000,0.1519,-0.0405,-0.0004,0.3922,-0.2537,-0.0027,0.3912,-0.2549,0.1097,0.3912,-0.3152,0.1091,0.4516,-0.3732,0.1088,0.3937,0.0000,-0.2752,-0.1458,-0.0545,0.0000,0.0000,0.1291,0.0266,0.0399,10.9678,13.1735
8.4400,0.0000,0.0000,0.1519,-0.0409,-0.0004,0.3921,-0.2541,-0.0027,0.3910,-0.2553,0.1097,0.3910,-0.3156,0.1090,0.4514,-0.3735,0.1088,0.3935,0.0000,-0.2743,-0.1453,-0.0543,0.0000,0.0000,0.1289,0.0266,0.0399,10.9649,13.1694
8.4480,0.0000,0.0000,0.1519,-0.0412,-0.0004,0.3920,-0.2545,-0.0027,0.3907,-0.2557,0.1097,0.3907,-0.3160,0.1090,0.4511,-0.3739,0.1088,0.3933,0.0000,-0.2735,-0.1447,-0.0541,0.0000,0.0000,0.1287,0.0266,0.0399,10.9621,13.1654
8.4560,0.0000,0.0000,0.1519,-0.0416,-0.0004,0.3920,-0.2548,-0.0027,0.3905,-0.2560,0.1097,0.3905,-0.3163,0.1090,0.4509,-0.3743,0.1088,0.3931,0.0000,-0.2727,-0.1442,-0.0540,0.0000,0.0000,0.1285,0.0266,0.0399,10.9593,13.1613
8.4640,0.0000,0.0000,0.1519,-0.0420,-0.0004,0.3919,-0.2552,-0.0027,0.3903,-0.2564,0.1097,0.3903,-0.3167,0.1090,0.4507,-0.3747,0.1088,0.3929,0.0000,-0.2718,-0.1437,-0.0538,0.0000,0.0000,0.1283,0.0266,0.0399,10.9562,13.1570
8.4720,0.0000,0.0000,0.1519,-0.0424,-0.0004,0.3918,-0.2556,-0.0027,0.3901,-0.2568,0.1097,0.3901,-0.3170,0.1090,0.4505,-0.3750,0.1088,0.3927,0.0000,-0.2710,-0.1432,-0.0536,0.0000,0.0000,0.1280,0.0266,0.0399,10.9528,13.1522
8.4800,0.0000,0.0000,0.1519,-0.0427,-0.0004,0.3918,-0.2560,-0.0027,0.3899,-0.2571,0.1097,0.3899,-0.3174,0.1090,0.4503,-0.3754,0.1088,0.3925,0.0000,-0.2701,-0.1426,-0.0535,0.0000,0.0000,0.1278,0.0266,0.0399,10.9499,13.1480
8.4880,0.0000,0.0000,0.1519,-0.0431,-0.0005,0.3917,-0.2563,-0.0027,0.3897,-0.2575,0.1096,0.3897,-0.3178,0.1090,0.4501,-0.3758,0.1088,0.3923,0.0000,-0.2693,-0.1421,-0.0533,0.0000,0.0000,0.1276,0.0266,0.0399,10.9469,13.1437
8.4960,0.0000,0.0000,0.1519,-0.0435,-0.0005,0.3916,-0.2567,-0.0027,0.3895,-0.2579,0.1096,0.3895,-0.3181,0.1090,0.4499,-0.3761,0.1088,0.3921,0.0000,-0.2685,-0.1416,-0.0531,0.0000,0.0000,0.1274,0.0266,0.0399,10.9439,13.1395
8.5040,0.0000,0.0000,0.1519,-0.0438,-0.0005,0.3916,-0.2571,-0.0027,0.3892,-0.2582,0.1096,0.3892,-0.3185,0.1090,0.4497,-0.3765,0.1088,0.3919,0.0000,-0.2676,-0.1411,-0.0530,0.0000,0.0000,0.1272,0.0266,0.0399,10.9409,13.1352
8.5120,0.0000,0.0000,0.1519,-0.0442,-0.0005,0.3915,-0.2574,-0.0027,0.3890,-0.2586,0.1096,0.3890,-0.3188,0.1090,0.4495,-0.3769,0.1088,0.3917,0.0000,-0.2668,-0.1405,-0.0528,0.0000,0.0000,0.1270,0.0266,0.0399,10.9382,13.1314
8.5200,0.0000,0.0000,0.1519,-0.0446,-0.0005,0.3914,-0.2578,-0.0027,0.3888,-0.2590,0.1096,0.3888,-0.3192,0.1090,0.4493,-0.3772,0.1088,0.3915,0.0000,-0.2660,-0.1400,-0.0526,0.0000,0.0000,0.1268,0.0266,0.0399,10.9351,13.1270
8.5280,0.0000,0.0000,0.1519,-0.0449,-0.0005,0.3914,-0.2582,-0.0027,0.3886,-0.2593,0.1096,0.3886,-0.3196,0.1090,0.4491,-0.3776,0.1088,0.3913,0.0000,-0.2651,-0.1395,-0.0524,0.0000,0.0000,0.1265,0.0266,0.0399,10.9322,13.1229
8.5360,0.0000,0.0000,0.1519,-0.0453,-0.0005,0.3913,-0.2585,-0.0027,0.3884,-0.2597,0.1096,0.3884,-0.3199,0.1090,0.4489,-0.3780,0.1088,0.3911,0.0000,-0.2643,-0.1390,-0.0523,0.0000,0.0000,0.1263,0.0266,0.0399,10.9287,13.1179
8.5440,0.0000,0.0000,0.1519,-0.0457,-0.0005,0.3912,-0.2589,-0.0027,0.3881,-0.2601,0.1096,0.3881,-0.3203,0.1090,0.4487,-0.3783,0.1088,0.3909,0.0000,-0.2634,-0.1385,-0.0521,0.0000,0.0000,0.1261,0.0266,0.0399,10.9262,13.1143
8.5520,0.0000,0.0000,0.1519,-0.0460,-0.0005,0.3912,-0.2592,-0.0027,0.3879,-0.2604,0.1096,0.3879,-0.3206,0.1090,0.4484,-0.3787,0.1088,0.3907,0.0000,-0.2626,-0.1380,-0.0519,0.0000,0.0000,0.1259,0.0266,0.0399,10.9232,13.1102
8.5600,0.0000,0.0000,0.1519,-0.0464,-0.0005,0.3911,-0.2596,-0.0027,0.3877,-0.2608,0.1096,0.3877,-0.3210,0.1090,0.4482,-0.3790,0.1088,0.3905,0.0000,-0.2617,-0.1375,-0.0518,0.0000,0.0000,0.1256,0.0266,0.0399,10.9198,13.1053
8.5680,0.0000,0.0000,0.1519,-0.0468,-0.0005,0.3910,-0.2600,-0.0027,0.3875,-0.2612,0.1096,0.3875,-0.3213,0.1090,0.4480,-0.3794,0.1088,0.3903,0.0000,-0.2609,-0.1370,-0.0516,0.0000,0.0000,0.1254,0.0266,0.0399,10.9166,13.1008
8.5760,0.0000,0.0000,0.1519,-0.0471,-0.0005,0.3909,-0.2603,-0.0027,0.3873,-0.2615,0.1096,0.3873,-0.3217,0.1090,0.4478,-0.3798,0.1088,0.3901,0.0000,-0.2601,-0.1364,-0.0514,0.0000,0.0000,0.1252,0.0266,0.0399,10.9139,13.0969
8.5840,0.0000,0.0000,0.1519,-0.0475,-0.0005,0.3909,-0.2607,-0.0027,0.3871,-0.2619,0.1096,0.3871,-0.3220,0.1090,0.4476,-0.3801,0.1088,0.3899,0.0000,-0.2592,-0.1359,-0.0513,0.0000,0.0000,0.1250,0.0266,0.0399,10.9108,13.0924
8.5920,0.0000,0.0000,0.1519,-0.0479,-0.0005,0.3908,-0.2611,-0.0027,0.3868,-0.2623,0.1096,0.3868,-0.3224,0.1090,0.4474,-0.3805,0.1088,0.3897,0.0000,-0.2583,-0.1354,-0.0511,0.0000,0.0000,0.1248,0.0266,0.0399,10.9079,13.0883
8.6000,0.0000,0.0000,0.1519,-0.0482,-0.0005,0.3907,-0.2614,-0.0027,0.3866,-0.2626,0.1096,0.3866,-0.3227,0.1090,0.4472,-0.3809,0.1088,0.3895,0.0000,-0.2574,-0.1349,-0.0509,0.0000,0.0000,0.1246,0.0266,0.0399,10.9047,13.0839
8.6080,0.0000,0.0000,0.1519,-0.0486,-0.0005,0.3906,-0.2618,-0.0028,0.3863,-0.2630,0.1096,0.3863,-0.3231,0.1090,0.4469,-0.3812,0.1087,0.3892,0.0000,-0.2566,-0.1343,-0.0507,0.0000,0.0000,0.1244,0.0266,0.0399,10.9024,13.0806
8.6160,0.0000,0.0000,0.1519,-0.0490,-0.0005,0.3906,-0.2622,-0.0028,0.3861,-0.2634,0.1096,0.3861,-0.3235,0.1090,0.4467,-0.3816,0.1087,0.3890,0.0000,-0.2557,-0.1338,-0.0506,0.0000,0.0000,0.1242,0.0266,0.0399,10.8991,13.0760
8.6240,0.0000,0.0000,0.1519,-0.0494,-0.0005,0.3905,-0.2625,-0.0028,0.3859,-0.2637,0.1096,0.3859,-0.3238,0.1090,0.4465,-0.3820,0.1087,0.3888,0.0000,-0.2549,-0.1332,-0.0504,0.0000,0.0000,0.1240,0.0266,0.0399,10.8963,13.0720
8.6320,0.0000,0.0000,0.1519,-0.0497,-0.0005,0.3904,-0.2629,-0.0028,0.3857,-0.2641,0.1096,0.3857,-0.3242,0.1089,0.4463,-0.3823,0.1087,0.3886,0.0000,-0.2540,-0.1327,-0.0502,0.0000,0.0000,0.1237,0.0266,0.0399,10.8931,13.0675
8.6400,0.0000,0.0000,0.1519,-0.0501,-0.0005,0.3903,-0.2633,-0.0028,0.3854,-0.2644,0.1096,0.3854,-0.3245,0.1090,0.4461,-0.3827,0.1087,0.3884,0.0000,-0.2531,-0.1322,-0.0500,0.0000,0.0000,0.1235,0.0266,0.0399,10.8904,13.0636
8.6480,0.0000,0.0000,0.1519,-0.0504,-0.0005,0.3903,-0.2636,-0.0028,0.3852,-0.2648,0.1096,0.3852,-0.3249,0.1090,0.4458,-0.3830,0.1087,0.3882,0.0000,-0.2523,-0.1317,-0.0499,0.0000,0.0000,0.1233,0.0266,0.0399,10.8878,13.0600
8.6560,0.0000,0.0000,0.1519,-0.0508,-0.0005,0.3902,-0.2640,-0.0028,0.3850,-0.2652,0.1096,0.3850,-0.3252,0.1089,0.4456,-0.3834,0.1087,0.3880,0.0000,-0.2514,-0.1311,-0.0497,0.0000,0.0000,0.1231,0.0266,0.0399,10.8849,13.0559
8.6640,0.0000,0.0000,0.1519,-0.0512,-0.0005,0.3901,-0.2643,-0.0028,0.3847,-0.2655,0.1096,0.3847,-0.3256,0.1090,0.4454,-0.3838,0.1087,0.3878,0.0000,-0.2506,-0.1306,-0.0495,0.0000,0.0000,0.1229,0.0266,0.0399,10.8819,13.0516
8.6720,0.0000,0.0000,0.1519,-0.0515,-0.0005,0.3900,-0.2647,-0.0028,0.3845,-0.2659,0.1096,0.3845,-0.3259,0.1089,0.4452,-0.3841,0.1087,0.3875,0.0000,-0.2497,-0.1301,-0.0493,0.0000,0.0000,0.1227,0.0266,0.0399,10.8788,13.0472
8.6800,0.0000,0.0000,0.1519,-0.0519,-0.0005,0.3900,-0.2651,-0.0028,0.3843,-0.2662,0.1095,0.3843,-0.3263,0.1089,0.4449,-0.3845,0.1087,0.3873,0.0000,-0.2489,-0.1296,-0.0492,0.0000,0.0000,0.1225,0.0266,0.0399,10.8760,13.0433
8.6880,0.0000,0.0000,0.1519,-0.0522,-0.0006,0.3899,-0.2654,-0.0028,0.3841,-0.2666,0.1095,0.3841,-0.3266,0.1089,0.4447,-0.3848,0.1087,0.3871,0.0000,-0.2480,-0.1291,-0.0490,0.0000,0.0000,0.1223,0.0266,0.0399,10.8730,13.0391
8.6960,0.0000,0.0000,0.1519,-0.0526,-0.0006,0.3898,-0.2658,-0.0028,0.3838,-0.2670,0.1096,0.3838,-0.3270,0.1089,0.4445,-0.3852,0.1087,0.3869,0.0000,-0.2471,-0.1285,-0.0488,0.0000,0.0000,0.1221,0.0266,0.0399,10.8705,13.0355
8.7040,0.0000,0.0000,0.1519,-0.0530,-0.0006,0.3897,-0.2661,-0.0028,0.3836,-0.2673,0.1095,0.3836,-0.3273,0.1089,0.4443,-0.3855,0.1087,0.3867,0.0000,-0.2463,-0.1280,-0.0486,0.0000,0.0000,0.1219,0.0266,0.0399,10.8677,13.0316
8.7120,0.0000,0.0000,0.1519,-0.0534,-0.0006,0.3896,-0.2665,-0.0028,0.3833,-0.2677,0.1095,0.3833,-0.3277,0.1089,0.4440,-0.3859,0.1087,0.3864,0.0000,-0.2454,-0.1274,-0.0484,0.0000,0.0000,0.1217,0.0266,0.0399,10.8653,13.0283
8.7200,0.0000,0.0000,0.1519,-0.0537,-0.0006,0.3896,-0.2668,-0.0028,0.3831,-0.2680,0.1096,0.3831,-0.3280,0.1089,0.4438,-0.3863,0.1087,0.3862,0.0000,-0.2446,-0.1270,-0.0483,0.0000,0.0000,0.1215,0.0266,0.0399,10.8623,13.0239
8.7280,0.0000,0.0000,0.1519,-0.0541,-0.0006,0.3895,-0.2672,-0.0028,0.3829,-0.2684,0.1095,0.3829,-0.3284,0.1089,0.4436,-0.3866,0.1087,0.3860,0.0000,-0.2437,-0.1264,-0.0481,0.0000,0.0000,0.1213,0.0266,0.0399,10.8594,13.0199
8.7360,0.0000,0.0000,0.1519,-0.0544,-0.0006,0.3894,-0.2676,-0.0028,0.3826,-0.2687,0.1095,0.3826,-0.3287,0.1089,0.4433,-0.3870,0.1087,0.3857,0.0000,-0.2428,-0.1259,-0.0479,0.0000,0.0000,0.1211,0.0266,0.0399,10.8567,13.0162
8.7440,0.0000,0.0000,0.1519,-0.0548,-0.0006,0.3893,-0.2679,-0.0028,0.3824,-0.2691,0.1095,0.3824,-0.3291,0.1089,0.4431,-0.3873,0.1087,0.3855,0.0000,-0.2420,-0.1254,-0.0477,0.0000,0.0000,0.1209,0.0266,0.0399,10.8536,13.0117
8.7520,0.0000,0.0000,0.1519,-0.0551,-0.0006,0.3892,-0.2683,-0.0028,0.3821,-0.2694,0.1095,0.3821,-0.3294,0.1089,0.4429,-0.3877,0.1087,0.3853,0.0000,-0.2411,-0.1248,-0.0475,0.0000,0.0000,0.1207,0.0266,0.0399,10.8511,13.0083
8.7600,0.0000,0.0000,0.1519,-0.0555,-0.0006,0.3891,-0.2686,-0.0028,0.3819,-0.2698,0.1095,0.3819,-0.3298,0.1089,0.4426,-0.3880,0.1087,0.3850,0.0000,-0.2402,-0.1243,-0.0474,0.0000,0.0000,0.1205,0.0266,0.0399,10.8485,13.0045
8.7680,0.0000,0.0000,0.1519,-0.0559,-0.0006,0.3891,-0.2690,-0.0028,0.3816,-0.2702,0.1095,0.3816,-0.3302,0.1089,0.4424,-0.3884,0.1087,0.3848,0.0000,-0.2393,-0.1237,-0.0472,0.0000,0.0000,0.1203,0.0266,0.0399,10.8459,13.0009
8.7760,0.0000,0.0000,0.1519,-0.0562,-0.0006,0.3890,-0.2693,-0.0028,0.3814,-0.2705,0.1095,0.3814,-0.3305,0.1089,0.4421,-0.3888,0.1087,0.3845,0.0000,-0.2384,-0.1232,-0.0470,0.0000,0.0000,0.1201,0.0266,0.0399,10.8432,12.9972
8.7840,0.0000,0.0000,0.1519,-0.0566,-0.0006,0.3889,-0.2697,-0.0028,0.3811,-0.2709,0.1095,0.3811,-0.3309,0.1089,0.4418,-0.3891,0.1087,0.3843,0.0000,-0.2375,-0.1226,-0.0468,0.0000,0.0000,0.1199,0.0266,0.0399,10.8405,12.9934
8.7920,0.0000,0.0000,0.1519,-0.0570,-0.0006,0.3888,-0.2701,-0.0028,0.3809,-0.2713,0.1095,0.3809,-0.3312,0.1089,0.4416,-0.3895,0.1087,0.3840,0.0000,-0.2366,-0.1221,-0.0466,0.0000,0.0000,0.1198,0.0266,0.0399,10.8381,12.9900
8.8000,0.0000,0.0000,0.1519,-0.0573,-0.0006,0.3887,-0.2704,-0.0028,0.3806,-0.2716,0.1095,0.3806,-0.3316,0.1089,0.4414,-0.3898,0.1086,0.3838,0.0000,-0.2357,-0.1215,-0.0464,0.0000,0.0000,0.1196,0.0266,0.0399,10.8354,12.9861
8.8080,0.0000,0.0000,0.1519,-0.0577,-0.0006,0.3886,-0.2708,-0.0028,0.3804,-0.2720,0.1095,0.3804,-0.3319,0.1089,0.4411,-0.3902,0.1087,0.3835,0.0000,-0.2348,-0.1210,-0.0462,0.0000,0.0000,0.1194,0.0266,0.0399,10.8326,12.9822
8.8160,0.0000,0.0000,0.1519,-0.0581,-0.0006,0.3885,-0.2711,-0.0028,0.3801,-0.2723,0.1095,0.3801,-0.3323,0.1089,0.4409,-0.3906,0.1087,0.3833,0.0000,-0.2340,-0.1205,-0.0460,0.0000,0.0000,0.1192,0.0266,0.0399,10.8300,12.9786
8.8240,0.0000,0.0000,0.1519,-0.0584,-0.0006,0.3884,-0.2715,-0.0029,0.3799,-0.2727,0.1095,0.3799,-0.3326,0.1089,0.4406,-0.3909,0.1086,0.3831,0.0000,-0.2331,-0.1200,-0.0459,0.0000,0.0000,0.1190,0.0266,0.0399,10.8270,12.9744
8.8320,0.0000,0.0000,0.1519,-0.0588,-0.0006,0.3884,-0.2718,-0.0029,0.3796,-0.2730,0.1095,0.3796,-0.3330,0.1089,0.4404,-0.3913,0.1086,0.3828,0.0000,-0.2322,-0.1194,-0.0457,0.0000,0.0000,0.1188,0.0266,0.0399,10.8246,12.9710
8.8400,0.0000,0.0000,0.1519,-0.0591,-0.0006,0.3883,-0.2722,-0.0029,0.3794,-0.2734,0.1095,0.3794,-0.3333,0.1088,0.4401,-0.3916,0.1086,0.3826,0.0000,-0.2313,-0.1189,-0.0455,0.0000,0.0000,0.1186,0.0266,0.0399,10.8217,12.9669
8.8480,0.0000,0.0000,0.1519,-0.0595,-0.0006,0.3882,-0.2725,-0.0029,0.3791,-0.2737,0.1095,0.3791,-0.3337,0.1089,0.4399,-0.3920,0.1086,0.3823,0.0000,-0.2304,-0.1183,-0.0453,0.0000,0.0000,0.1184,0.0266,0.0399,10.8194,12.9638
8.8560,0.0000,0.0000,0.1519,-0.0599,-0.0006,0.3881,-0.2729,-0.0029,0.3789,-0.2741,0.1095,0.3789,-0.3340,0.1088,0.4396,-0.3923,0.1086,0.3821,0.0000,-0.2295,-0.1178,-0.0451,0.0000,0.0000,0.1182,0.0266,0.0399,10.8167,12.9599
8.8640,0.0000,0.0000,0.1519,-0.0602,-0.0006,0.3880,-0.2732,-0.0029,0.3786,-0.2744,0.1095,0.3786,-0.3344,0.1088,0.4394,-0.3927,0.1086,0.3818,0.0000,-0.2286,-0.1172,-0.0449,0.0000,0.0000,0.1181,0.0266,0.0399,10.8143,12.9566
8.8720,0.0000,0.0000,0.1519,-0.0606,-0.0006,0.3879,-0.2736,-0.0029,0.3783,-0.2748,0.1095,0.3783,-0.3347,0.1088,0.4391,-0.3930,0.1086,0.3815,0.0000,-0.2277,-0.1166,-0.0447,0.0000,0.0000,0.1179,0.0266,0.0399,10.8119,12.9532
8.8800,0.0000,0.0000,0.1519,-0.0609,-0.0006,0.3878,-0.2739,-0.0029,0.3781,-0.2751,0.1095,0.3781,-0.3351,0.1088,0.4389,-0.3934,0.1086,0.3813,0.0000,-0.2269,-0.1162,-0.0446,0.0000,0.0000,0.1177,0.0266,0.0399,10.8090,12.9492
8.8880,0.0000,0.0000,0.1519,-0.0613,-0.0006,0.3877,-0.2743,-0.0029,0.3779,-0.2755,0.1095,0.3779,-0.3354,0.1088,0.4386,-0.3937,0.1086,0.3811,0.0000,-0.2260,-0.1156,-0.0444,0.0000,0.0000,0.1175,0.0266,0.0399,10.8065,12.9457
8.8960,0.0000,0.0000,0.1519,-0.0616,-0.0006,0.3876,-0.2746,-0.0029,0.3776,-0.2758,0.1095,0.3776,-0.3358,0.1088,0.4384,-0.3940,0.1086,0.3808,0.0000,-0.2251,-0.1151,-0.0442,0.0000,0.0000,0.1173,0.0266,0.0399,10.8038,12.9418
8.9040,0.0000,0.0000,0.1519,-0.0620,-0.0007,0.3875,-0.2750,-0.0029,0.3774,-0.2761,0.1095,0.3774,-0.3361,0.1088,0.4381,-0.3944,0.1086,0.3806,0.0000,-0.2243,-0.1146,-0.0440,0.0000,0.0000,0.1171,0.0266,0.0399,10.8010,12.9379
8.9120,0.0000,0.0000,0.1519,-0.0623,-0.0007,0.3874,-0.2753,-0.0029,0.3771,-0.2765,0.1095,0.3771,-0.3364,0.1088,0.4379,-0.3947,0.1086,0.3804,0.0000,-0.2234,-0.1141,-0.0438,0.0000,0.0000,0.1169,0.0266,0.0399,10.7983,12.9342
8.9200,0.0000,0.0000,0.1519,-0.0627,-0.0007,0.3874,-0.2757,-0.0029,0.3769,-0.2768,0.1095,0.3769,-0.3368,0.1088,0.4376,-0.3951,0.1086,0.3801,0.0000,-0.2225,-0.1135,-0.0436,0.0000,0.0000,0.1167,0.0266,0.0399,10.7957,12.9306
8.9280,0.0000,0.0000,0.1519,-0.0630,-0.0007,0.3873,-0.2760,-0.0029,0.3766,-0.2771,0.1094,0.3766,-0.3371,0.1088,0.4374,-0.3954,0.1086,0.3799,0.0000,-0.2217,-0.1131,-0.0435,0.0000,0.0000,0.1165,0.0266,0.0399,10.7931,12.9269
8.9360,0.0000,0.0000,0.1519,-0.0634,-0.0007,0.3872,-0.2763,-0.0029,0.3764,-0.2775,0.1095,0.3764,-0.3374,0.1088,0.4371,-0.3957,0.1086,0.3796,0.0000,-0.2208,-0.1125,-0.0433,0.0000,0.0000,0.1164,0.0266,0.0399,10.7907,12.9235
8.9440,0.0000,0.0000,0.1519,-0.0637,-0.0007,0.3871,-0.2767,-0.0029,0.3761,-0.2779,0.1094,0.3761,-0.3378,0.1088,0.4369,-0.3961,0.1086,0.3793,0.0000,-0.2198,-0.1119,-0.0431,0.0000,0.0000,0.1162,0.0266,0.0399,10.7881,12.9199
8.9520,0.0000,0.0000,0.1519,-0.0641,-0.0007,0.3870,-0.2770,-0.0029,0.3758,-0.2782,0.1094,0.3758,-0.3381,0.1088,0.4366,-0.3965,0.1086,0.3791,0.0000,-0.2189,-0.1114,-0.0429,0.0000,0.0000,0.1160,0.0266,0.0399,10.7857,12.9165
8.9600,0.0000,0.0000,0.1519,-0.0644,-0.0007,0.3869,-0.2774,-0.0029,0.3756,-0.2785,0.1094,0.3756,-0.3385,0.1088,0.4363,-0.3968,0.1086,0.3788,0.0000,-0.2181,-0.1109,-0.0427,0.0000,0.0000,0.1158,0.0266,0.0399,10.7830,12.9128
8.9680,0.0000,0.0000,0.1519,-0.0648,-0.0007,0.3868,-0.2777,-0.0029,0.3753,-0.2789,0.1094,0.3753,-0.3388,0.1088,0.4361,-0.3971,0.1086,0.3786,0.0000,-0.2172,-0.1104,-0.0425,0.0000,0.0000,0.1156,0.0266,0.0399,10.7801,12.9088
8.9760,0.0000,0.0000,0.1519,-0.0651,-0.0007,0.3867,-0.2781,-0.0029,0.3751,-0.2792,0.1094,0.3751,-0.3392,0.1088,0.4358,-0.3975,0.1086,0.3783,0.0000,-0.2163,-0.1098,-0.0423,0.0000,0.0000,0.1154,0.0266,0.0399,10.7777,12.9055
8.9840,0.0000,0.0000,0.1519,-0.0655,-0.0007,0.3866,-0.2784,-0.0029,0.3748,-0.2796,0.1094,0.3748,-0.3395,0.1088,0.4356,-0.3978,0.1086,0.3781,0.0000,-0.2154,-0.1093,-0.0422,0.0000,0.0000,0.1152,0.0266,0.0399,10.7751,12.9019
8.9920,0.0000,0.0000,0.1519,-0.0658,-0.0007,0.3865,-0.2787,-0.0029,0.3746,-0.2799,0.1094,0.3746,-0.3398,0.1088,0.4353,-0.3981,0.1086,0.3778,0.0000,-0.2145,-0.1088,-0.0420,0.0000,0.0000,0.1150,0.0266,0.0399,10.7722,12.8978
9.0000,0.0000,0.0000,0.1519,-0.0662,-0.0007,0.3864,-0.2791,-0.0029,0.3743,-0.2803,0.1094,0.3743,-0.3402,0.1088,0.4351,-0.3985,0.1086,0.3775,0.0000,-0.2136,-0.1082,-0.0418,0.0000,0.0000,0.1148,0.0266,0.0399,10.7698,12.8945
9.0080,0.0000,0.0000,0.1519,-0.0665,-0.0007,0.3863,-0.2794,-0.0029,0.3740,-0.2806,0.1094,0.3740,-0.3405,0.1088,0.4348,-0.3988,0.1086,0.3773,0.0000,-0.2127,-0.1077,-0.0416,0.0000,0.0000,0.1147,0.0266,0.0399,10.7676,12.8913
9.0160,0.0000,0.0000,0.1519,-0.0669,-0.0007,0.3862,-0.2798,-0.0029,0.3737,-0.2809,0.1094,0.3737,-0.3409,0.1088,0.4345,-0.3992,0.1086,0.3770,0.0000,-0.2117,-0.1071,-0.0414,0.0000,0.0000,0.1145,0.0266,0.0399,10.7649,12.8876
9.0240,0.0000,0.0000,0.1519,-0.0672,-0.0007,0.3861,-0.2801,-0.0029,0.3735,-0.2813,0.1094,0.3735,-0.3412,0.1088,0.4342,-0.3995,0.1086,0.3767,0.0000,-0.2108,-0.1065,-0.0412,0.0000,0.0000,0.1143,0.0266,0.0399,10.7624,12.8841
9.0320,0.0000,0.0000,0.1519,-0.0676,-0.0007,0.3860,-0.2804,-0.0030,0.3732,-0.2816,0.1094,0.3732,-0.3416,0.1088,0.4340,-0.3999,0.1085,0.3764,0.0000,-0.2099,-0.1060,-0.0410,0.0000,0.0000,0.1141,0.0266,0.0399,10.7599,12.8806
9.0400,0.0000,0.0000,0.1519,-0.0679,-0.0007,0.3859,-0.2808,-0.0030,0.3729,-0.2820,0.1094,0.3729,-0.3419,0.1088,0.4337,-0.4002,0.1085,0.3762,0.0000,-0.2090,-0.1055,-0.0408,0.0000,0.0000,0.1139,0.0266,0.0399,10.7574,12.8771
9.0480,0.0000,0.0000,0.1519,-0.0683,-0.0007,0.3858,-0.2811,-0.0030,0.3726,-0.2823,0.1094,0.3726,-0.3423,0.1088,0.4334,-0.4006,0.1085,0.3759,0.0000,-0.2081,-0.1049,-0.0406,0.0000,0.0000,0.1138,0.0266,0.0399,10.7552,12.8741
9.0560,0.0000,0.0000,0.1519,-0.0686,-0.0007,0.3857,-0.2815,-0.0030,0.3724,-0.2827,0.1094,0.3724,-0.3426,0.1088,0.4332,-0.4009,0.1085,0.3756,0.0000,-0.2072,-0.1044,-0.0404,0.0000,0.0000,0.1135,0.0266,0.0399,10.7522,12.8699
9.0640,0.0000,0.0000,0.1519,-0.0690,-0.0007,0.3856,-0.2818,-0.0030,0.3721,-0.2830,0.1094,0.3721,-0.3429,0.1088,0.4329,-0.4012,0.1085,0.3754,0.0000,-0.2063,-0.1038,-0.0402,0.0000,0.0000,0.1134,0.0266,0.0399,10.7498,12.8665
9.0720,0.0000,0.0000,0.1519,-0.0693,-0.0007,0.3855,-0.2822,-0.0029,0.3719,-0.2833,0.1094,0.3719,-0.3433,0.1088,0.4326,-0.4016,0.1086,0.3751,0.0000,-0.2054,-0.1033,-0.0400,0.0000,0.0000,0.1132,0.0266,0.0399,10.7472,12.8630
9.0800,0.0000,0.0000,0.1519,-0.0697,-0.0007,0.3854,-0.2825,-0.0030,0.3716,-0.2837,0.1094,0.3716,-0.3436,0.1087,0.4323,-0.4019,0.1085,0.3748,0.0000,-0.2045,-0.1027,-0.0398,0.0000,0.0000,0.1130,0.0266,0.0399,10.7448,12.8597
9.0880,0.0000,0.0000,0.1519,-0.0701,-0.0007,0.3853,-0.2828,-0.0030,0.3713,-0.2840,0.1094,0.3713,-0.3440,0.1088,0.4320,-0.4023,0.1085,0.3745,0.0000,-0.2035,-0.1022,-0.0396,0.0000,0.0000,0.1128,0.0266,0.0399,10.7426,12.8566
9.0960,0.0000,0.0000,0.1519,-0.0704,-0.0007,0.3852,-0.2832,-0.0030,0.3710,-0.2843,0.1094,0.3710,-0.3443,0.1087,0.4318,-0.4026,0.1085,0.3742,0.0000,-0.2026,-0.1016,-0.0395,0.0000,0.0000,0.1126,0.0266,0.0399,10.7400,12.8529
9.1040,0.0000,0.0000,0.1519,-0.0708,-0.0007,0.3850,-0.2835,-0.0030,0.3707,-0.2847,0.1094,0.3707,-0.3447,0.1087,0.4315,-0.4029,0.1085,0.3739,0.0000,-0.2016,-0.1010,-0.0392,0.0000,0.0000,0.1125,0.0266,0.0399,10.7378,12.8500
9.1120,0.0000,0.0000,0.1519,-0.0711,-0.0007,0.3849,-0.2839,-0.0030,0.3704,-0.2850,0.1094,0.3704,-0.3450,0.1087,0.4312,-0.4033,0.1085,0.3736,0.0000,-0.2007,-0.1004,-0.0390,0.0000,0.0000,0.1123,0.0266,0.0399,10.7356,12.8468
9.1200,0.0000,0.0000,0.1519,-0.0715,-0.0008,0.3848,-0.2842,-0.0030,0.3702,-0.2854,0.1094,0.3702,-0.3453,0.1087,0.4309,-0.4036,0.1085,0.3733,0.0000,-0.1998,-0.0999,-0.0388,0.0000,0.0000,0.1121,0.0266,0.0399,10.7332,12.8435
9.1280,0.0000,0.0000,0.1519,-0.0718,-0.0008,0.3847,-0.2845,-0.0030,0.3699,-0.2857,0.1094,0.3699,-0.3457,0.1087,0.4306,-0.4040,0.1085,0.3731,0.0000,-0.1989,-0.0994,-0.0386,0.0000,0.0000,0.1119,0.0266,0.0399,10.7307,12.8400
9.1360,0.0000,0.0000,0.1519,-0.0721,-0.0008,0.3846,-0.2849,-0.0030,0.3696,-0.2860,0.1093,0.3696,-0.3460,0.1087,0.4303,-0.4043,0.1085,0.3728,0.0000,-0.1979,-0.0988,-0.0385,0.0000,0.0000,0.1117,0.0266,0.0399,10.7281,12.8365
9.1440,0.0000,0.0000,0.1519,-0.0725,-0.0008,0.3845,-0.2852,-0.0030,0.3693,-0.2864,0.1093,0.3693,-0.3464,0.1087,0.4301,-0.4046,0.1085,0.3725,0.0000,-0.1970,-0.0983,-0.0383,0.0000,0.0000,0.1116,0.0266,0.0399,10.7257,12.8331
9.1520,0.0000,0.0000,0.1519,-0.0728,-0.0008,0.3844,-0.2855,-0.0030,0.3691,-0.2867,0.1094,0.3691,-0.3467,0.1087,0.4298,-0.4050,0.1085,0.3722,0.0000,-0.1961,-0.0977,-0.0381,0.0000,0.0000,0.1114,0.0266,0.0399,10.7232,12.8297
9.1600,0.0000,0.0000,0.1519,-0.0732,-0.0008,0.3843,-0.2859,-0.0030,0.3688,-0.2870,0.1093,0.3688,-0.3470,0.1087,0.4295,-0.4053,0.1085,0.3719,0.0000,-0.1952,-0.0972,-0.0379,0.0000,0.0000,0.1112,0.0266,0.0399,10.7210,12.8266
9.1680,0.0000,0.0000,0.1519,-0.0735,-0.0008,0.3842,-0.2862,-0.0030,0.3685,-0.2874,0.1093,0.3685,-0.3474,0.1087,0.4292,-0.4056,0.1085,0.3716,0.0000,-0.1943,-0.0966,-0.0377,0.0000,0.0000,0.1110,0.0266,0.0399,10.7186,12.8233
9.1760,0.0000,0.0000,0.1519,-0.0739,-0.0008,0.3841,-0.2865,-0.0030,0.3682,-0.2877,0.1093,0.3682,-0.3477,0.1087,0.4289,-0.4059,0.1085,0.3714,0.0000,-0.1934,-0.0961,-0.0375,0.0000,0.0000,0.1108,0.0266,0.0399,10.7160,12.8197
9.1840,0.0000,0.0000,0.1519,-0.0742,-0.0008,0.3840,-0.2868,-0.0030,0.3679,-0.2880,0.1093,0.3679,-0.3480,0.1087,0.4286,-0.4063,0.1085,0.3711,0.0000,-0.1924,-0.0956,-0.0373,0.0000,0.0000,0.1106,0.0266,0.0399,10.7137,12.8165
9.1920,0.0000,0.0000,0.1519,-0.0745,-0.0008,0.3839,-0.2872,-0.0030,0.3677,-0.2883,0.1093,0.3677,-0.3483,0.1087,0.4284,-0.4066,0.1085,0.3708,0.0000,-0.1915,-0.0951,-0.0371,0.0000,0.0000,0.1105,0.0266,0.0399,10.7114,12.8133
9.2000,0.0000,0.0000,0.1519,-0.0749,-0.0008,0.3838,-0.2875,-0.0030,0.3674,-0.2887,0.1093,0.3674,-0.3487,0.1087,0.4281,-0.4069,0.1085,0.3705,0.0000,-0.1906,-0.0945,-0.0369,0.0000,0.0000,0.1103,0.0266,0.0399,10.7089,12.8099
9.2080,0.0000,0.0000,0.1519,-0.0752,-0.0008,0.3836,-0.2878,-0.0030,0.3671,-0.2890,0.1093,0.3671,-0.3490,0.1087,0.4278,-0.4072,0.1085,0.3702,0.0000,-0.1897,-0.0940,-0.0367,0.0000,0.0000,0.1101,0.0266,0.0399,10.7064,12.8065
9.2160,0.0000,0.0000,0.1519,-0.0756,-0.0008,0.3835,-0.2881,-0.0030,0.3668,-0.2893,0.1093,0.3668,-0.3493,0.1087,0.4275,-0.4076,0.1085,0.3700,0.0000,-0.1888,-0.0934,-0.0365,0.0000,0.0000,0.1099,0.0266,0.0399,10.7040,12.8032
9.2240,0.0000,0.0000,0.1519,-0.0759,-0.0008,0.3834,-0.2885,-0.0030,0.3666,-0.2896,0.1093,0.3666,-0.3496,0.1087,0.4273,-0.4079,0.1085,0.3697,0.0000,-0.1879,-0.0929,-0.0363,0.0000,0.0000,0.1097,0.0266,0.0399,10.7016,12.7998
9.2320,0.0000,0.0000,0.1519,-0.0762,-0.0008,0.3833,-0.2888,-0.0030,0.3663,-0.2900,0.1093,0.3663,-0.3500,0.1087,0.4270,-0.4082,0.1085,0.3694,0.0000,-0.1869,-0.0924,-0.0361,0.0000,0.0000,0.1095,0.0266,0.0399,10.6991,12.7964
9.2400,0.0000,0.0000,0.1519,-0.0766,-0.0008,0.3832,-0.2891,-0.0030,0.3660,-0.2903,0.1093,0.3660,-0.3503,0.1087,0.4267,-0.4085,0.1085,0.3691,0.0000,-0.1861,-0.0919,-0.0360,0.0000,0.0000,0.1093,0.0266,0.0399,10.6968,12.7931
9.2480,0.0000,0.0000,0.1519,-0.0769,-0.0008,0.3831,-0.2894,-0.0030,0.3657,-0.2906,0.1093,0.3657,-0.3506,0.1087,0.4264,-0.4089,0.1085,0.3688,0.0000,-0.1851,-0.0913,-0.0357,0.0000,0.0000,0.1091,0.0266,0.0399,10.6947,12.7902
9.2560,0.0000,0.0000,0.1519,-0.0772,-0.0008,0.3830,-0.2898,-0.0030,0.3654,-0.2909,0.1093,0.3654,-0.3510,0.1087,0.4261,-0.4092,0.1085,0.3685,0.0000,-0.1842,-0.0907,-0.0356,0.0000,0.0000,0.1090,0.0266,0.0399,10.6922,12.7868
9.2640,0.0000,0.0000,0.1519,-0.0776,-0.0008,0.3829,-0.2901,-0.0030,0.3652,-0.2913,0.1093,0.3652,-0.3513,0.1087,0.4258,-0.4095,0.1085,0.3682,0.0000,-0.1832,-0.0902,-0.0354,0.0000,0.0000,0.1087,0.0266,0.0399,10.6897,12.7833
9.2720,0.0000,0.0000,0.1519,-0.0779,-0.0008,0.3828,-0.2904,-0.0031,0.3649,-0.2916,0.1093,0.3649,-0.3516,0.1087,0.4255,-0.4098,0.1084,0.3679,0.0000,-0.1823,-0.0896,-0.0352,0.0000,0.0000,0.1086,0.0266,0.0399,10.6873,12.7800
9.2800,0.0000,0.0000,0.1519,-0.0783,-0.0008,0.3826,-0.2907,-0.0031,0.3646,-0.2919,0.1093,0.3646,-0.3520,0.1087,0.4252,-0.4102,0.1084,0.3676,0.0000,-0.1813,-0.0891,-0.0350,0.0000,0.0000,0.1084,0.0266,0.0399,10.6849,12.7767
9.2880,0.0000,0.0000,0.1519,-0.0786,-0.0008,0.3825,-0.2911,-0.0031,0.3643,-0.2922,0.1093,0.3643,-0.3523,0.1087,0.4249,-0.4105,0.1084,0.3673,0.0000,-0.1804,-0.0885,-0.0347,0.0000,0.0000,0.1082,0.0266,0.0399,10.6828,12.7738
9.2960,0.0000,0.0000,0.1519,-0.0789,-0.0008,0.3824,-0.2914,-0.0031,0.3640,-0.2926,0.1093,0.3640,-0.3526,0.1087,0.4246,-0.4108,0.1084,0.3670,0.0000,-0.1794,-0.0879,-0.0345,0.0000,0.0000,0.1080,0.0266,0.0399,10.6803,12.7704
9.3040,0.0000,0.0000,0.1519,-0.0793,-0.0008,0.3823,-0.2917,-0.0031,0.3637,-0.2929,0.1093,0.3637,-0.3530,0.1087,0.4243,-0.4111,0.1084,0.3667,0.0000,-0.1785,-0.0874,-0.0343,0.0000,0.0000,0.1078,0.0266,0.0399,10.6781,12.7673
9.3120,0.0000,0.0000,0.1519,-0.0796,-0.0008,0.3822,-0.2920,-0.0031,0.3634,-0.2932,0.1093,0.3634,-0.3533,0.1086,0.4240,-0.4115,0.1084,0.3664,0.0000,-0.1776,-0.0869,-0.0342,0.0000,0.0000,0.1076,0.0266,0.0399,10.6756,12.7639
9.3200,0.0000,0.0000,0.1519,-0.0800,-0.0008,0.3821,-0.2924,-0.0031,0.3631,-0.2935,0.1093,0.3631,-0.3536,0.1086,0.4237,-0.4118,0.1084,0.3661,0.0000,-0.1766,-0.0863,-0.0339,0.0000,0.0000,0.1074,0.0266,0.0399,10.6733,12.7607
9.3280,0.0000,0.0000,0.1519,-0.0803,-0.0008,0.3819,-0.2927,-0.0031,0.3628,-0.2938,0.1093,0.3628,-0.3539,0.1087,0.4234,-0.4121,0.1084,0.3658,0.0000,-0.1757,-0.0857,-0.0337,0.0000,0.0000,0.1072,0.0266,0.0399,10.6712,12.7579
9.3360,0.0000,0.0000,0.1519,-0.0806,-0.0008,0.3818,-0.2930,-0.0031,0.3625,-0.2942,0.1093,0.3625,-0.3543,0.1086,0.4231,-0.4124,0.1084,0.3654,0.0000,-0.1747,-0.0851,-0.0335,0.0000,0.0000,0.1070,0.0266,0.0399,10.6692,12.7551
9.3440,0.0000,0.0000,0.1519,-0.0810,-0.0009,0.3817,-0.2933,-0.0031,0.3622,-0.2945,0.1093,0.3622,-0.3546,0.1086,0.4228,-0.4127,0.1084,0.3651,0.0000,-0.1737,-0.0846,-0.0333,0.0000,0.0000,0.1068,0.0266,0.0399,10.6668,12.7518
9.3520,0.0000,0.0000,0.1519,-0.0813,-0.0009,0.3816,-0.2936,-0.0031,0.3619,-0.2948,0.1093,0.3619,-0.3549,0.1086,0.4225,-0.4131,0.1084,0.3648,0.0000,-0.1728,-0.0840,-0.0331,0.0000,0.0000,0.1066,0.0266,0.0399,10.6647,12.7489
9.3600,0.0000,0.0000,0.1519,-0.0817,-0.0009,0.3815,-0.2940,-0.0031,0.3616,-0.2951,0.1093,0.3616,-0.3553,0.1086,0.4222,-0.4134,0.1084,0.3645,0.0000,-0.1718,-0.0834,-0.0329,0.0000,0.0000,0.1064,0.0266,0.0399,10.6622,12.7454
9.3680,0.0000,0.0000,0.1519,-0.0820,-0.0009,0.3813,-0.2943,-0.0031,0.3613,-0.2955,0.1093,0.3613,-0.3556,0.1086,0.4219,-0.4137,0.1084,0.3641,0.0000,-0.1708,-0.0828,-0.0327,0.0000,0.0000,0.1062,0.0266,0.0399,10.6601,12.7425
9.3760,0.0000,0.0000,0.1519,-0.0823,-0.0009,0.3812,-0.2946,-0.0031,0.3610,-0.2958,0.1092,0.3610,-0.3559,0.1086,0.4216,-0.4140,0.1084,0.3638,0.0000,-0.1698,-0.0823,-0.0325,0.0000,0.0000,0.1060,0.0266,0.0399,10.6578,12.7394
9.3840,0.0000,0.0000,0.1519,-0.0826,-0.0009,0.3811,-0.2949,-0.0031,0.3607,-0.2961,0.1093,0.3607,-0.3562,0.1086,0.4213,-0.4143,0.1084,0.3635,0.0000,-0.1689,-0.0818,-0.0323,0.0000,0.0000,0.1058,0.0266,0.0399,10.6556,12.7364
9.3920,0.0000,0.0000,0.1519,-0.0830,-0.0009,0.3810,-0.2952,-0.0031,0.3604,-0.2964,0.1092,0.3604,-0.3566,0.1086,0.4210,-0.4147,0.1084,0.3632,0.0000,-0.1679,-0.0812,-0.0321,0.0000,0.0000,0.1056,0.0266,0.0399,10.6531,12.7330
9.4000,0.0000,0.0000,0.1519,-0.0833,-0.0009,0.3809,-0.2955,-0.0031,0.3601,-0.2967,0.1092,0.3601,-0.3569,0.1086,0.4207,-0.4150,0.1084,0.3629,0.0000,-0.1670,-0.0806,-0.0319,0.0000,0.0000,0.1054,0.0266,0.0399,10.6508,12.7298
9.4080,0.0000,0.0000,0.1519,-0.0836,-0.0009,0.3807,-0.2958,-0.0031,0.3599,-0.2970,0.1093,0.3599,-0.3572,0.1086,0.4204,-0.4153,0.1084,0.3626,0.0000,-0.1661,-0.0801,-0.0317,0.0000,0.0000,0.1052,0.0266,0.0399,10.6484,12.7266
9.4160,0.0000,0.0000,0.1519,-0.0840,-0.0009,0.3806,-0.2962,-0.0031,0.3596,-0.2973,0.1092,0.3596,-0.3575,0.1086,0.4201,-0.4156,0.1084,0.3623,0.0000,-0.1651,-0.0796,-0.0315,0.0000,0.0000,0.1050,0.0266,0.0399,10.6463,12.7236
9.4240,0.0000,0.0000,0.1519,-0.0843,-0.0009,0.3805,-0.2965,-0.0031,0.3592,-0.2977,0.1092,0.3592,-0.3579,0.1086,0.4197,-0.4159,0.1084,0.3620,0.0000,-0.1641,-0.0790,-0.0313,0.0000,0.0000,0.1048,0.0266,0.0399,10.6441,12.7205
9.4320,0.0000,0.0000,0.1519,-0.0846,-0.0009,0.3804,-0.2968,-0.0031,0.3590,-0.2980,0.1092,0.3590,-0.3582,0.1086,0.4195,-0.4162,0.1084,0.3617,0.0000,-0.1632,-0.0785,-0.0311,0.0000,0.0000,0.1045,0.0266,0.0399,10.6415,12.7170
9.4400,0.0000,0.0000,0.1519,-0.0850,-0.0009,0.3803,-0.2971,-0.0031,0.3586,-0.2983,0.1092,0.3586,-0.3585,0.1086,0.4191,-0.4165,0.1084,0.3613,0.0000,-0.1622,-0.0779,-0.0309,0.0000,0.0000,0.1043,0.0266,0.0399,10.6394,12.7141
9.4480,0.0000,0.0000,0.1519,-0.0853,-0.0009,0.3801,-0.2974,-0.0031,0.3583,-0.2986,0.1092,0.3583,-0.3588,0.1086,0.4188,-0.4169,0.1084,0.3610,0.0000,-0.1612,-0.0773,-0.0307,0.0000,0.0000,0.1041,0.0266,0.0399,10.6371,12.7111
9.4560,0.0000,0.0000,0.1519,-0.0856,-0.0009,0.3800,-0.2977,-0.0031,0.3580,-0.2989,0.1092,0.3580,-0.3592,0.1086,0.4185,-0.4172,0.1084,0.3607,0.0000,-0.1602,-0.0767,-0.0305,0.0000,0.0000,0.1039,0.0266,0.0399,10.6349,12.7080
9.4640,0.0000,0.0000,0.1519,-0.0860,-0.0009,0.3799,-0.2980,-0.0031,0.3577,-0.2992,0.1092,0.3577,-0.3595,0.1086,0.4182,-0.4175,0.1084,0.3604,0.0000,-0.1592,-0.0762,-0.0303,0.0000,0.0000,0.1036,0.0266,0.0399,10.6325,12.7048
9.4720,0.0000,0.0000,0.1519,-0.0863,-0.0009,0.3798,-0.2984,-0.0031,0.3574,-0.2995,0.1092,0.3574,-0.3598,0.1086,0.4179,-0.4178,0.1084,0.3601,0.0000,-0.1583,-0.0756,-0.0301,0.0000,0.0000,0.1034,0.0266,0.0399,10.6303,12.7017
9.4800,0.0000,0.0000,0.1519,-0.0866,-0.0009,0.3796,-0.2986,-0.0031,0.3571,-0.2998,0.1092,0.3571,-0.3601,0.1086,0.4176,-0.4181,0.1084,0.3598,0.0000,-0.1573,-0.0751,-0.0299,0.0000,0.0000,0.1032,0.0266,0.0399,10.6282,12.6989
9.4880,0.0000,0.0000,0.1519,-0.0869,-0.0009,0.3795,-0.2990,-0.0031,0.3569,-0.3001,0.1092,0.3569,-0.3604,0.1086,0.4173,-0.4184,0.1084,0.3594,0.0000,-0.1564,-0.0745,-0.0297,0.0000,0.0000,0.1030,0.0266,0.0399,10.6259,12.6956
9.4960,0.0000,0.0000,0.1519,-0.0873,-0.0009,0.3794,-0.2993,-0.0031,0.3565,-0.3004,0.1092,0.3565,-0.3607,0.1086,0.4170,-0.4187,0.1084,0.3591,0.0000,-0.1554,-0.0740,-0.0295,0.0000,0.0000,0.1027,0.0266,0.0399,10.6235,12.6924
9.5040,0.0000,0.0000,0.1519,-0.0876,-0.0009,0.3793,-0.2996,-0.0031,0.3562,-0.3007,0.1092,0.3562,-0.3610,0.1086,0.4167,-0.4190,0.1084,0.3588,0.0000,-0.1544,-0.0734,-0.0293,0.0000,0.0000,0.1025,0.0266,0.0399,10.6213,12.6894
9.5120,0.0000,0.0000,0.1519,-0.0879,-0.0009,0.3791,-0.2999,-0.0031,0.3559,-0.3011,0.1092,0.3559,-0.3614,0.1086,0.4163,-0.4193,0.1084,0.3584,0.0000,-0.1534,-0.0728,-0.0290,0.0000,0.0000,0.1023,0.0266,0.0399,10.6193,12.6867
9.5200,0.0000,0.0000,0.1519,-0.0882,-0.0009,0.3790,-0.3002,-0.0032,0.3556,-0.3014,0.1092,0.3556,-0.3617,0.1085,0.4160,-0.4196,0.1083,0.3581,0.0000,-0.1524,-0.0723,-0.0288,0.0000,0.0000,0.1020,0.0266,0.0399,10.6168,12.6833
9.5280,0.0000,0.0000,0.1519,-0.0885,-0.0009,0.3789,-0.3005,-0.0032,0.3553,-0.3017,0.1092,0.3553,-0.3620,0.1086,0.4157,-0.4199,0.1083,0.3578,0.0000,-0.1515,-0.0717,-0.0286,0.0000,0.0000,0.1018,0.0266,0.0399,10.6147,12.6803
9.5360,0.0000,0.0000,0.1519,-0.0889,-0.0009,0.3788,-0.3008,-0.0032,0.3550,-0.3020,0.1092,0.3550,-0.3623,0.1086,0.4154,-0.4202,0.1083,0.3575,0.0000,-0.1505,-0.0712,-0.0284,0.0000,0.0000,0.1015,0.0266,0.0399,10.6124,12.6772
9.5440,0.0000,0.0000,0.1519,-0.0892,-0.0009,0.3786,-0.3011,-0.0032,0.3547,-0.3023,0.1092,0.3547,-0.3626,0.1086,0.4151,-0.4205,0.1083,0.3572,0.0000,-0.1495,-0.0706,-0.0282,0.0000,0.0000,0.1013,0.0266,0.0399,10.6101,12.6741
9.5520,0.0000,0.0000,0.1519,-0.0895,-0.0009,0.3785,-0.3014,-0.0032,0.3544,-0.3026,0.1092,0.3544,-0.3629,0.1085,0.4148,-0.4208,0.1083,0.3569,0.0000,-0.1486,-0.0701,-0.0280,0.0000,0.0000,0.1010,0.0266,0.0399,10.6078,12.6709
9.5600,0.0000,0.0000,0.1519,-0.0898,-0.0009,0.3784,-0.3017,-0.0032,0.3541,-0.3029,0.1092,0.3541,-0.3632,0.1085,0.4145,-0.4211,0.1083,0.3566,0.0000,-0.1476,-0.0695,-0.0278,0.0000,0.0000,0.1007,0.0266,0.0399,10.6056,12.6679
9.5680,0.0000,0.0000,0.1519,-0.0901,-0.0009,0.3783,-0.3020,-0.0032,0.3538,-0.3032,0.1092,0.3538,-0.3635,0.1086,0.4142,-0.4214,0.1083,0.3562,0.0000,-0.1466,-0.0690,-0.0276,0.0000,0.0000,0.1005,0.0266,0.0399,10.6034,12.6649
9.5760,0.0000,0.0000,0.1519,-0.0905,-0.0009,0.3781,-0.3023,-0.0032,0.3535,-0.3035,0.1092,0.3535,-0.3638,0.1085,0.4138,-0.4217,0.1083,0.3559,0.0000,-0.1456,-0.0684,-0.0274,0.0000,0.0000,0.1002,0.0266,0.0399,10.6015,12.6623
9.5840,0.0000,0.0000,0.1519,-0.0908,-0.0009,0.3780,-0.3026,-0.0032,0.3532,-0.3038,0.1092,0.3532,-0.3642,0.1085,0.4135,-0.4220,0.1083,0.3556,0.0000,-0.1446,-0.0678,-0.0272,0.0000,0.0000,0.1000,0.0266,0.0399,10.5991,12.6591
9.5920,0.0000,0.0000,0.1519,-0.0911,-0.0010,0.3779,-0.3029,-0.0032,0.3529,-0.3041,0.1092,0.3529,-0.3645,0.1085,0.4132,-0.4223,0.1083,0.3552,0.0000,-0.1438,-0.0673,-0.0270,0.0000,0.0000,0.1000,0.0266,0.0399,10.5970,12.6562
9.6000,0.0000,0.0000,0.1519,-0.0914,-0.0010,0.3777,-0.3032,-0.0032,0.3526,-0.3044,0.1092,0.3526,-0.3648,0.1085,0.4129,-0.4226,0.1083,0.3549,0.0000,-0.1430,-0.0669,-0.0268,0.0000,0.0000,0.1000,0.0266,0.0399,10.5949,12.6533
9.6080,0.0000,0.0000,0.1519,-0.0917,-0.0010,0.3776,-0.3035,-0.0032,0.3523,-0.3047,0.1092,0.3523,-0.3651,0.1085,0.4125,-0.4229,0.1083,0.3545,0.0000,-0.1422,-0.0664,-0.0267,0.0000,0.0000,0.1000,0.0266,0.0399,10.5928,12.6505
9.6160,0.0000,0.0000,0.1519,-0.0921,-0.0010,0.3775,-0.3038,-0.0032,0.3519,-0.3050,0.1092,0.3519,-0.3654,0.1085,0.4122,-0.4232,0.1083,0.3542,0.0000,-0.1414,-0.0659,-0.0265,0.0000,0.0000,0.1000,0.0266,0.0399,10.5907,12.6476
9.6240,0.0000,0.0000,0.1519,-0.0924,-0.0010,0.3773,-0.3041,-0.0032,0.3516,-0.3053,0.1092,0.3516,-0.3657,0.1085,0.4119,-0.4235,0.1083,0.3538,0.0000,-0.1406,-0.0654,-0.0263,0.0000,0.0000,0.1000,0.0266,0.0399,10.5885,12.6446
9.6320,0.0000,0.0000,0.1519,-0.0927,-0.0010,0.3772,-0.3044,-0.0032,0.3513,-0.3056,0.1091,0.3513,-0.3661,0.1085,0.4115,-0.4238,0.1083,0.3535,0.0000,-0.1397,-0.0649,-0.0261,0.0000,0.0000,0.1000,0.0266,0.0399,10.5863,12.6416
9.6400,0.0000,0.0000,0.1519,-0.0931,-0.0010,0.3771,-0.3047,-0.0032,0.3510,-0.3059,0.1091,0.3510,-0.3664,0.1085,0.4112,-0.4241,0.1083,0.3531,0.0000,-0.1389,-0.0644,-0.0260,0.0000,0.0000,0.1000,0.0266,0.0399,10.5840,12.6385
9.6480,0.0000,0.0000,0.1519,-0.0934,-0.0010,0.3769,-0.3050,-0.0032,0.3507,-0.3062,0.1091,0.3507,-0.3667,0.1085,0.4109,-0.4244,0.1083,0.3528,0.0000,-0.1381,-0.0640,-0.0258,0.0000,0.0000,0.1000,0.0266,0.0399,10.5817,12.6353
9.6560,0.0000,0.0000,0.1519,-0.0937,-0.0010,0.3768,-0.3053,-0.0032,0.3504,-0.3064,0.1092,0.3504,-0.3670,0.1085,0.4105,-0.4247,0.1083,0.3525,0.0000,-0.1373,-0.0635,-0.0256,0.0000,0.0000,0.1000,0.0266,0.0399,10.5798,12.6328
9.6640,0.0000,0.0000,0.1519,-0.0940,-0.0010,0.3767,-0.3056,-0.0032,0.3500,-0.3068,0.1091,0.3500,-0.3673,0.1085,0.4102,-0.4250,0.1083,0.3521,0.0000,-0.1365,-0.0630,-0.0255,0.0000,0.0000,0.1000,0.0266,0.0399,10.5775,12.6296
9.6720,0.0000,0.0000,0.1519,-0.0943,-0.0010,0.3766,-0.3059,-0.0032,0.3498,-0.3070,0.1091,0.3498,-0.3676,0.1085,0.4099,-0.4253,0.1083,0.3518,0.0000,-0.1358,-0.0626,-0.0253,0.0000,0.0000,0.1000,0.0266,0.0399,10.5753,12.6267
9.6800,0.0000,0.0000,0.1519,-0.0946,-0.0010,0.3764,-0.3062,-0.0032,0.3494,-0.3073,0.1091,0.3494,-0.3679,0.1085,0.4096,-0.4256,0.1083,0.3515,0.0000,-0.1349,-0.0621,-0.0251,0.0000,0.0000,0.1000,0.0266,0.0399,10.5731,12.6236
9.6880,0.0000,0.0000,0.1519,-0.0949,-0.0010,0.3763,-0.3064,-0.0032,0.3491,-0.3076,0.1091,0.3491,-0.3682,0.1085,0.4093,-0.4259,0.1083,0.3511,0.0000,-0.1341,-0.0617,-0.0250,0.0000,0.0000,0.1000,0.0266,0.0399,10.5707,12.6203
9.6960,0.0000,0.0000,0.1519,-0.0953,-0.0010,0.3761,-0.3068,-0.0032,0.3488,-0.3079,0.1091,0.3488,-0.3685,0.1085,0.4089,-0.4262,0.1083,0.3508,0.0000,-0.1333,-0.0612,-0.0248,0.0000,0.0000,0.1000,0.0266,0.0399,10.5684,12.6172
9.7040,0.0000,0.0000,0.1519,-0.0956,-0.0010,0.3760,-0.3070,-0.0032,0.3485,-0.3082,0.1091,0.3485,-0.3688,0.1085,0.4086,-0.4265,0.1083,0.3504,0.0000,-0.1324,-0.0607,-0.0246,0.0000,0.0000,0.1000,0.0266,0.0399,10.5665,12.6147
9.7120,0.0000,0.0000,0.1519,-0.0959,-0.0010,0.3759,-0.3073,-0.0032,0.3482,-0.3085,0.1091,0.3482,-0.3691,0.1085,0.4082,-0.4268,0.1083,0.3501,0.0000,-0.1317,-0.0602,-0.0244,0.0000,0.0000,0.1000,0.0266,0.0399,10.5644,12.6118
9.7200,0.0000,0.0000,0.1519,-0.0962,-0.0010,0.3757,-0.3076,-0.0032,0.3478,-0.3088,0.1091,0.3478,-0.3694,0.1085,0.4079,-0.4271,0.1083,0.3497,0.0000,-0.1308,-0.0597,-0.0242,0.0000,0.0000,0.1000,0.0266,0.0399,10.5623,12.6090
9.7280,0.0000,0.0000,0.1519,-0.0965,-0.0010,0.3756,-0.3079,-0.0032,0.3475,-0.3091,0.1091,0.3475,-0.3697,0.1085,0.4076,-0.4274,0.1083,0.3494,0.0000,-0.1300,-0.0592,-0.0241,0.0000,0.0000,0.1000,0.0266,0.0399,10.5602,12.6062
9.7360,0.0000,0.0000,0.1519,-0.0968,-0.0010,0.3755,-0.3082,-0.0032,0.3472,-0.3094,0.1091,0.3472,-0.3700,0.1085,0.4072,-0.4276,0.1083,0.3490,0.0000,-0.1292,-0.0587,-0.0239,0.0000,0.0000,0.1000,0.0266,0.0399,10.5583,12.6035
9.7440,0.0000,0.0000,0.1519,-0.0971,-0.0010,0.3753,-0.3085,-0.0032,0.3469,-0.3097,0.1091,0.3469,-0.3703,0.1085,0.4069,-0.4279,0.1083,0.3487,0.0000,-0.1284,-0.0583,-0.0237,0.0000,0.0000,0.1000,0.0266,0.0399,10.5558,12.6002
9.7520,0.0000,0.0000,0.1519,-0.0975,-0.0010,0.3752,-0.3088,-0.0032,0.3466,-0.3099,0.1091,0.3466,-0.3706,0.1085,0.4066,-0.4282,0.1083,0.3483,0.0000,-0.1276,-0.0578,-0.0235,0.0000,0.0000,0.1000,0.0266,0.0399,10.5537,12.5974
9.7600,0.0000,0.0000,0.1519,-0.0978,-0.0010,0.3751,-0.3090,-0.0032,0.3463,-0.3102,0.1091,0.3463,-0.3709,0.1085,0.4063,-0.4285,0.1083,0.3480,0.0000,-0.1268,-0.0573,-0.0234,0.0000,0.0000,0.1000,0.0266,0.0399,10.5515,12.5943
9.7680,0.0000,0.0000,0.1519,-0.0981,-0.0010,0.3749,-0.3093,-0.0033,0.3460,-0.3105,0.1091,0.3460,-0.3712,0.1085,0.4059,-0.4288,0.1082,0.3477,0.0000,-0.1260,-0.0569,-0.0232,0.0000,0.0000,0.1000,0.0266,0.0399,10.5493,12.5913
9.7760,0.0000,0.0000,0.1519,-0.0984,-0.0010,0.3748,-0.3096,-0.0033,0.3456,-0.3108,0.1091,0.3456,-0.3715,0.1084,0.4056,-0.4291,0.1082,0.3473,0.0000,-0.1252,-0.0564,-0.0230,0.0000,0.0000,0.1000,0.0266,0.0399,10.5470,12.5882
9.7840,0.0000,0.0000,0.1519,-0.0987,-0.0010,0.3747,-0.3099,-0.0033,0.3453,-0.3111,0.1091,0.3453,-0.3718,0.1084,0.4053,-0.4294,0.1082,0.3470,0.0000,-0.1244,-0.0559,-0.0229,0.0000,0.0000,0.1000,0.0266,0.0399,10.5449,12.5853
9.7920,0.0000,0.0000,0.1519,-0.0990,-0.0010,0.3745,-0.3102,-0.0033,0.3450,-0.3114,0.1091,0.3450,-0.3721,0.1085,0.4049,-0.4296,0.1082,0.3466,0.0000,-0.1235,-0.0555,-0.0227,0.0000,0.0000,0.1000,0.0266,0.0399,10.5427,12.5823
9.8000,0.0000,0.0000,0.1519,-0.0993,-0.0010,0.3744,-0.3105,-0.0033,0.3447,-0.3116,0.1091,0.3447,-0.3724,0.1084,0.4046,-0.4299,0.1082,0.3463,0.0000,-0.1227,-0.0550,-0.0225,0.0000,0.0000,0.1000,0.0266,0.0399,10.5407,12.5797
9.8080,0.0000,0.0000,0.1519,-0.0996,-0.0010,0.3743,-0.3107,-0.0033,0.3443,-0.3119,0.1091,0.3443,-0.3727,0.1084,0.4042,-0.4302,0.1082,0.3459,0.0000,-0.1219,-0.0544,-0.0223,0.0000,0.0000,0.1000,0.0266,0.0399,10.5386,12.5769
9.8160,0.0000,0.0000,0.1519,-0.0999,-0.0010,0.3741,-0.3110,-0.0033,0.3440,-0.3122,0.1091,0.3440,-0.3730,0.1084,0.4039,-0.4305,0.1082,0.3456,0.0000,-0.1211,-0.0540,-0.0221,0.0000,0.0000,0.1000,0.0266,0.0399,10.5364,12.5739
9.8240,0.0000,0.0000,0.1519,-0.1002,-0.0011,0.3740,-0.3113,-0.0033,0.3437,-0.3125,0.1091,0.3437,-0.3733,0.1084,0.4036,-0.4308,0.1082,0.3452,0.0000,-0.1202,-0.0535,-0.0220,0.0000,0.0000,0.1000,0.0266,0.0399,10.5341,12.5708
9.8320,0.0000,0.0000,0.1519,-0.1005,-0.0011,0.3738,-0.3116,-0.0033,0.3434,-0.3128,0.1091,0.3434,-0.3736,0.1084,0.4032,-0.4311,0.1082,0.3449,0.0000,-0.1194,-0.0530,-0.0218,0.0000,0.0000,0.1000,0.0266,0.0399,10.5321,12.5680
9.8400,0.0000,0.0000,0.1519,-0.1009,-0.0011,0.3737,-0.3119,-0.0033,0.3430,-0.3131,0.1091,0.3430,-0.3739,0.1084,0.4029,-0.4313,0.1082,0.3445,0.0000,-0.1185,-0.0525,-0.0216,0.0000,0.0000,0.1000,0.0266,0.0399,10.5302,12.5654
9.8480,0.0000,0.0000,0.1519,-0.1011,-0.0011,0.3736,-0.3121,-0.0033,0.3427,-0.3133,0.1091,0.3427,-0.3742,0.1084,0.4026,-0.4316,0.1082,0.3441,0.0000,-0.1178,-0.0520,-0.0214,0.0000,0.0000,0.1000,0.0266,0.0399,10.5280,12.5625
9.8560,0.0000,0.0000,0.1519,-0.1014,-0.0011,0.3734,-0.3124,-0.0033,0.3424,-0.3136,0.1091,0.3424,-0.3745,0.1084,0.4022,-0.4319,0.1082,0.3438,0.0000,-0.1170,-0.0516,-0.0213,0.0000,0.0000,0.1000,0.0266,0.0399,10.5257,12.5594
9.8640,0.0000,0.0000,0.1519,-0.1018,-0.0011,0.3733,-0.3127,-0.0033,0.3421,-0.3139,0.1091,0.3421,-0.3748,0.1084,0.4019,-0.4322,0.1082,0.3434,0.0000,-0.1161,-0.0511,-0.0211,0.0000,0.0000,0.1000,0.0266,0.0399,10.5237,12.5566
9.8720,0.0000,0.0000,0.1519,-0.1021,-0.0011,0.3731,-0.3130,-0.0033,0.3418,-0.3142,0.1091,0.3418,-0.3751,0.1084,0.4015,-0.4324,0.1082,0.3431,0.0000,-0.1153,-0.0506,-0.0209,0.0000,0.0000,0.1000,0.0266,0.0399,10.5215,12.5537
9.8800,0.0000,0.0000,0.1519,-0.1024,-0.0011,0.3730,-0.3133,-0.0033,0.3415,-0.3144,0.1090,0.3415,-0.3754,0.1084,0.4012,-0.4327,0.1082,0.3427,0.0000,-0.1145,-0.0501,-0.0207,0.0000,0.0000,0.1000,0.0266,0.0399,10.5192,12.5506
9.8880,0.0000,0.0000,0.1519,-0.1027,-0.0011,0.3729,-0.3135,-0.0033,0.3411,-0.3147,0.1091,0.3411,-0.3757,0.1084,0.4009,-0.4330,0.1082,0.3424,0.0000,-0.1137,-0.0497,-0.0206,0.0000,0.0000,0.1000,0.0266,0.0399,10.5172,12.5480
9.8960,0.0000,0.0000,0.1519,-0.1030,-0.0011,0.3727,-0.3138,-0.0033,0.3408,-0.3150,0.1091,0.3408,-0.3760,0.1084,0.4005,-0.4333,0.1082,0.3420,0.0000,-0.1128,-0.0491,-0.0204,0.0000,0.0000,0.1000,0.0266,0.0399,10.5153,12.5453
9.9040,0.0000,0.0000,0.1519,-0.1033,-0.0011,0.3726,-0.3141,-0.0033,0.3405,-0.3153,0.1090,0.3405,-0.3763,0.1084,0.4002,-0.4335,0.1082,0.3416,0.0000,-0.1120,-0.0487,-0.0202,0.0000,0.0000,0.1000,0.0266,0.0399,10.5129,12.5421
9.9120,0.0000,0.0000,0.1519,-0.1036,-0.0011,0.3724,-0.3143,-0.0033,0.3402,-0.3155,0.1090,0.3402,-0.3765,0.1084,0.3998,-0.4338,0.1082,0.3413,0.0000,-0.1112,-0.0482,-0.0200,0.0000,0.0000,0.1000,0.0266,0.0399,10.5108,12.5392
9.9200,0.0000,0.0000,0.1519,-0.1039,-0.0011,0.3723,-0.3146,-0.0033,0.3398,-0.3158,0.1090,0.3398,-0.3768,0.1084,0.3995,-0.4341,0.1082,0.3409,0.0000,-0.1104,-0.0477,-0.0198,0.0000,0.0000,0.1000,0.0266,0.0399,10.5089,12.5367
9.9280,0.0000,0.0000,0.1519,-0.1042,-0.0011,0.3722,-0.3149,-0.0033,0.3395,-0.3161,0.1090,0.3395,-0.3771,0.1084,0.3991,-0.4344,0.1082,0.3405,0.0000,-0.1095,-0.0472,-0.0196,0.0000,0.0000,0.1000,0.0266,0.0399,10.5070,12.5342
9.9360,0.0000,0.0000,0.1519,-0.1045,-0.0011,0.3720,-0.3152,-0.0033,0.3392,-0.3163,0.1091,0.3392,-0.3774,0.1084,0.3988,-0.4346,0.1082,0.3402,0.0000,-0.1087,-0.0467,-0.0195,0.0000,0.0000,0.1000,0.0266,0.0399,10.5049,12.5313
9.9440,0.0000,0.0000,0.1519,-0.1048,-0.0011,0.3719,-0.3154,-0.0033,0.3388,-0.3166,0.1090,0.3388,-0.3777,0.1084,0.3985,-0.4349,0.1082,0.3398,0.0000,-0.1079,-0.0463,-0.0193,0.0000,0.0000,0.1000,0.0266,0.0399,10.5026,12.5282
9.9520,0.0000,0.0000,0.1519,-0.1051,-0.0011,0.3717,-0.3157,-0.0033,0.3385,-0.3169,0.1090,0.3385,-0.3780,0.1084,0.3981,-0.4352,0.1082,0.3395,0.0000,-0.1070,-0.0458,-0.0191,0.0000,0.0000,0.1000,0.0266,0.0399,10.5005,12.5254
9.9600,0.0000,0.0000,0.1519,-0.1054,-0.0011,0.3716,-0.3160,-0.0033,0.3382,-0.3172,0.1090,0.3382,-0.3783,0.1084,0.3978,-0.4354,0.1082,0.3391,0.0000,-0.1062,-0.0453,-0.0189,0.0000,0.0000,0.1000,0.0266,0.0399,10.4982,12.5223
9.9680,0.0000,0.0000,0.1519,-0.1057,-0.0011,0.3714,-0.3162,-0.0033,0.3379,-0.3174,0.1090,0.3379,-0.3786,0.1084,0.3974,-0.4357,0.1082,0.3388,0.0000,-0.1054,-0.0448,-0.0188,0.0000,0.0000,0.1000,0.0266,0.0399,10.4961,12.5195
9.9760,0.0000,0.0000,0.1519,-0.1060,-0.0011,0.3713,-0.3165,-0.0033,0.3375,-0.3177,0.1090,0.3375,-0.3789,0.1084,0.3971,-0.4360,0.1082,0.3384,0.0000,-0.1045,-0.0443,-0.0186,0.0000,0.0000,0.1000,0.0266,0.0399,10.4940,12.5166
9.9840,0.0000,0.0000,0.1519,-0.1063,-0.0011,0.3712,-0.3168,-0.0033,0.3372,-0.3180,0.1090,0.3372,-0.3791,0.1084,0.3967,-0.4362,0.1082,0.3380,0.0000,-0.1037,-0.0438,-0.0184,0.0000,0.0000,0.1000,0.0266,0.0399,10.4920,12.5139
9.9920,0.0000,0.0000,0.1519,-0.1066,-0.0011,0.3710,-0.3170,-0.0033,0.3369,-0.3182,0.1090,0.3369,-0.3794,0.1084,0.3964,-0.4365,0.1082,0.3377,0.0000,-0.1029,-0.0433,-0.0182,0.0000,0.0000,0.1000,0.0266,0.0399,10.4898,12.5110
10.0000,0.0000,0.0000,0.1519,-0.1069,-0.0011,0.3709,-0.3173,-0.0033,0.3365,-0.3185,0.1090,0.3365,-0.3797,0.1084,0.3960,-0.4368,0.1082,0.3373,0.0000,-0.1020,-0.0428,-0.0180,0.0000,0.0000,0.1000,0.0266,0.0399,10.4877,12.5082
10.0080,0.0000,0.0000,0.1519,-0.1072,-0.0011,0.3707,-0.3176,-0.0033,0.3362,-0.3188,0.1090,0.3362,-0.3800,0.1084,0.3957,-0.4370,0.1081,0.3369,0.0000,-0.1012,-0.0423,-0.0178,0.0000,0.0000,0.1000,0.0266,0.0399,10.4857,12.5055
10.0160,0.0000,0.0000,0.1519,-0.1075,-0.0011,0.3706,-0.3178,-0.0033,0.3359,-0.3190,0.1090,0.3359,-0.3803,0.1084,0.3953,-0.4373,0.1082,0.3365,0.0000,-0.1003,-0.0418,-0.0177,0.0000,0.0000,0.1000,0.0266,0.0399,10.4835,12.5025
10.0240,0.0000,0.0000,0.1519,-0.1077,-0.0011,0.3704,-0.3181,-0.0033,0.3355,-0.3193,0.1090,0.3355,-0.3806,0.1084,0.3950,-0.4376,0.1082,0.3362,0.0000,-0.0995,-0.0413,-0.0175,0.0000,0.0000,0.1000,0.0266,0.0399,10.4815,12.4998
10.0320,0.0000,0.0000,0.1519,-0.1080,-0.0011,0.3703,-0.3184,-0.0033,0.3352,-0.3195,0.1090,0.3352,-0.3808,0.1084,0.3946,-0.4378,0.1082,0.3358,0.0000,-0.0987,-0.0408,-0.0173,0.0000,0.0000,0.1000,0.0266,0.0399,10.4797,12.4974
10.0400,0.0000,0.0000,0.1519,-0.1083,-0.0011,0.3701,-0.3186,-0.0033,0.3349,-0.3198,0.1090,0.3349,-0.3811,0.1084,0.3942,-0.4381,0.1082,0.3354,0.0000,-0.0978,-0.0403,-0.0171,0.0000,0.0000,0.1000,0.0266,0.0399,10.4777,12.4948
10.0480,0.0000,0.0000,0.1519,-0.1086,-0.0011,0.3700,-0.3189,-0.0034,0.3345,-0.3201,0.1090,0.3345,-0.3814,0.1083,0.3939,-0.4383,0.1081,0.3351,0.0000,-0.0970,-0.0399,-0.0169,0.0000,0.0000,0.1000,0.0266,0.0399,10.4754,12.4916
10.0560,0.0000,0.0000,0.1519,-0.1089,-0.0011,0.3699,-0.3191,-0.0033,0.3342,-0.3203,0.1090,0.3342,-0.3817,0.1084,0.3936,-0.4386,0.1081,0.3347,0.0000,-0.0962,-0.0394,-0.0168,0.0000,0.0000,0.1000,0.0266,0.0399,10.4732,12.4886
10.0640,0.0000,0.0000,0.1519,-0.1092,-0.0011,0.3697,-0.3194,-0.0034,0.3339,-0.3206,0.1090,0.3339,-0.3820,0.1083,0.3932,-0.4389,0.1081,0.3343,0.0000,-0.0953,-0.0389,-0.0166,0.0000,0.0000,0.1000,0.0266,0.0399,10.4713,12.4861
10.0720,0.0000,0.0000,0.1519,-0.1095,-0.0012,0.3696,-0.3197,-0.0034,0.3335,-0.3208,0.1090,0.3335,-0.3822,0.1083,0.3928,-0.4391,0.1081,0.3339,0.0000,-0.0945,-0.0384,-0.0164,0.0000,0.0000,0.1000,0.0266,0.0399,10.4693,12.4834
10.0800,0.0000,0.0000,0.1519,-0.1098,-0.0011,0.3694,-0.3199,-0.0033,0.3332,-0.3211,0.1090,0.3332,-0.3825,0.1084,0.3925,-0.4394,0.1082,0.3336,0.0000,-0.0937,-0.0379,-0.0162,0.0000,0.0000,0.1000,0.0266,0.0399,10.4672,12.4806
10.0880,0.0000,0.0000,0.1519,-0.1101,-0.0012,0.3693,-0.3202,-0.0034,0.3329,-0.3214,0.1090,0.3329,-0.3828,0.1083,0.3921,-0.4396,0.1081,0.3332,0.0000,-0.0928,-0.0374,-0.0160,0.0000,0.0000,0.1000,0.0266,0.0399,10.4649,12.4776
10.0960,0.0000,0.0000,0.1519,-0.1103,-0.0012,0.3691,-0.3204,-0.0034,0.3326,-0.3216,0.1090,0.3326,-0.3830,0.1083,0.3918,-0.4399,0.1081,0.3329,0.0000,-0.0921,-0.0370,-0.0159,0.0000,0.0000,0.1000,0.0266,0.0399,10.4632,12.4753
10.1040,0.0000,0.0000,0.1519,-0.1106,-0.0012,0.3690,-0.3207,-0.0034,0.3322,-0.3219,0.1090,0.3322,-0.3833,0.1083,0.3914,-0.4401,0.1081,0.3325,0.0000,-0.0912,-0.0364,-0.0157,0.0000,0.0000,0.1000,0.0266,0.0399,10.4611,12.4725
10.1120,0.0000,0.0000,0.1519,-0.1109,-0.0012,0.3688,-0.3209,-0.0034,0.3319,-0.3221,0.1090,0.3319,-0.3836,0.1083,0.3911,-0.4404,0.1081,0.3321,0.0000,-0.0904,-0.0359,-0.0155,0.0000,0.0000,0.1000,0.0266,0.0399,10.4589,12.4696
10.1200,0.0000,0.0000,0.1519,-0.1112,-0.0012,0.3687,-0.3212,-0.0034,0.3316,-0.3224,0.1090,0.3316,-0.3839,0.1083,0.3907,-0.4407,0.1081,0.3317,0.0000,-0.0896,-0.0354,-0.0153,0.0000,0.0000,0.1000,0.0266,0.0399,10.4569,12.4669
10.1280,0.0000,0.0000,0.1519,-0.1115,-0.0012,0.3685,-0.3214,-0.0034,0.3312,-0.3226,0.1090,0.3312,-0.3842,0.1083,0.3904,-0.4409,0.1081,0.3313,0.0000,-0.0887,-0.0349,-0.0151,0.0000,0.0000,0.1000,0.0266,0.0399,10.4550,12.4643
10.1360,0.0000,0.0000,0.1519,-0.1118,-0.0012,0.3684,-0.3217,-0.0034,0.3309,-0.3229,0.1090,0.3309,-0.3844,0.1083,0.3900,-0.4412,0.1081,0.3310,0.0000,-0.0879,-0.0344,-0.0149,0.0000,0.0000,0.1000,0.0266,0.0399,10.4527,12.4613
10.1440,0.0000,0.0000,0.1519,-0.1121,-0.0012,0.3682,-0.3220,-0.0034,0.3306,-0.3231,0.1090,0.3306,-0.3847,0.1083,0.3897,-0.4414,0.1081,0.3306,0.0000,-0.0870,-0.0339,-0.0148,0.0000,0.0000,0.1000,0.0266,0.0399,10.4507,12.4585
10.1520,0.0000,0.0000,0.1519,-0.1124,-0.0012,0.3681,-0.3222,-0.0034,0.3302,-0.3234,0.1090,0.3302,-0.3850,0.1083,0.3893,-0.4417,0.1081,0.3302,0.0000,-0.0862,-0.0335,-0.0146,0.0000,0.0000,0.1000,0.0266,0.0399,10.4485,12.4557
10.1600,0.0000,0.0000,0.1519,-0.1126,-0.0012,0.3679,-0.3225,-0.0034,0.3299,-0.3236,0.1090,0.3299,-0.3853,0.1083,0.3889,-0.4419,0.1081,0.3298,0.0000,-0.0854,-0.0329,-0.0144,0.0000,0.0000,0.1000,0.0266,0.0399,10.4465,12.4530
10.1680,0.0000,0.0000,0.1519,-0.1129,-0.0012,0.3678,-0.3227,-0.0034,0.3295,-0.3239,0.1089,0.3295,-0.3856,0.1083,0.3885,-0.4422,0.1081,0.3294,0.0000,-0.0844,-0.0324,-0.0142,0.0000,0.0000,0.1000,0.0266,0.0399,10.4446,12.4504
10.1760,0.0000,0.0000,0.1519,-0.1132,-0.0012,0.3676,-0.3230,-0.0034,0.3292,-0.3241,0.1090,0.3292,-0.3858,0.1083,0.3882,-0.4424,0.1081,0.3290,0.0000,-0.0836,-0.0319,-0.0140,0.0000,0.0000,0.1000,0.0266,0.0399,10.4425,12.4476
10.1840,0.0000,0.0000,0.1519,-0.1135,-0.0012,0.3675,-0.3232,-0.0034,0.3288,-0.3244,0.1089,0.3288,-0.3861,0.1083,0.3878,-0.4427,0.1081,0.3286,0.0000,-0.0828,-0.0314,-0.0138,0.0000,0.0000,0.1000,0.0266,0.0399,10.4404,12.4448
10.1920,0.0000,0.0000,0.1519,-0.1138,-0.0012,0.3673,-0.3235,-0.0034,0.3285,-0.3247,0.1089,0.3285,-0.3864,0.1083,0.3874,-0.4430,0.1081,0.3282,0.0000,-0.0819,-0.0308,-0.0136,0.0000,0.0000,0.1000,0.0266,0.0399,10.4383,12.4419
10.2000,0.0000,0.0000,0.1519,-0.1141,-0.0012,0.3672,-0.3237,-0.0034,0.3281,-0.3249,0.1090,0.3281,-0.3866,0.1083,0.3871,-0.4432,0.1081,0.3278,0.0000,-0.0811,-0.0303,-0.0134,0.0000,0.0000,0.1000,0.0266,0.0399,10.4363,12.4394
10.2080,0.0000,0.0000,0.1519,-0.1144,-0.0012,0.3670,-0.3240,-0.0034,0.3278,-0.3252,0.1089,0.3278,-0.3869,0.1083,0.3867,-0.4435,0.1081,0.3274,0.0000,-0.0802,-0.0298,-0.0132,0.0000,0.0000,0.1000,0.0266,0.0399,10.4340,12.4363
10.2160,0.0000,0.0000,0.1519,-0.1147,-0.0012,0.3669,-0.3242,-0.0034,0.3275,-0.3254,0.1089,0.3275,-0.3872,0.1083,0.3864,-0.4437,0.1081,0.3271,0.0000,-0.0794,-0.0293,-0.0131,0.0000,0.0000,0.1000,0.0266,0.0399,10.4321,12.4337
10.2240,0.0000,0.0000,0.1519,-0.1149,-0.0012,0.3667,-0.3245,-0.0034,0.3271,-0.3257,0.1089,0.3271,-0.3875,0.1083,0.3860,-0.4439,0.1081,0.3267,0.0000,-0.0786,-0.0288,-0.0129,0.0000,0.0000,0.1000,0.0266,0.0399,10.4301,12.4310
10.2320,0.0000,0.0000,0.1519,-0.1152,-0.0012,0.3666,-0.3247,-0.0034,0.3268,-0.3259,0.1089,0.3268,-0.3877,0.1083,0.3856,-0.4442,0.1081,0.3263,0.0000,-0.0777,-0.0283,-0.0127,0.0000,0.0000,0.1000,0.0266,0.0399,10.4278,12.4280
10.2400,0.0000,0.0000,0.1519,-0.1155,-0.0012,0.3664,-0.3250,-0.0034,0.3265,-0.3261,0.1089,0.3265,-0.3880,0.1083,0.3853,-0.4444,0.1081,0.3259,0.0000,-0.0769,-0.0278,-0.0125,0.0000,0.0000,0.1000,0.0266,0.0399,10.4257,12.4252
10.2480,0.0000,0.0000,0.1519,-0.1158,-0.0012,0.3663,-0.3252,-0.0034,0.3261,-0.3264,0.1089,0.3261,-0.3883,0.1083,0.3849,-0.4447,0.1081,0.3256,0.0000,-0.0761,-0.0274,-0.0123,0.0000,0.0000,0.1000,0.0266,0.0399,10.4236,12.4224
10.2560,0.0000,0.0000,0.1519,-0.1161,-0.0012,0.3661,-0.3255,-0.0034,0.3258,-0.3266,0.1089,0.3258,-0.3885,0.1083,0.3846,-0.4449,0.1081,0.3252,0.0000,-0.0753,-0.0268,-0.0121,0.0000,0.0000,0.1000,0.0266,0.0399,10.4215,12.4196
10.2640,0.0000,0.0000,0.1519,-0.1164,-0.0012,0.3660,-0.3257,-0.0034,0.3254,-0.3269,0.1089,0.3254,-0.3888,0.1083,0.3842,-0.4452,0.1081,0.3248,0.0000,-0.0744,-0.0263,-0.0120,0.0000,0.0000,0.1000,0.0266,0.0399,10.4195,12.4169
10.2720,0.0000,0.0000,0.1519,-0.1166,-0.0012,0.3658,-0.3259,-0.0034,0.3251,-0.3271,0.1089,0.3251,-0.3890,0.1083,0.3838,-0.4454,0.1081,0.3244,0.0000,-0.0736,-0.0258,-0.0118,0.0000,0.0000,0.1000,0.0266,0.0399,10.4176,12.4143
10.2800,0.0000,0.0000,0.1519,-0.1169,-0.0012,0.3657,-0.3262,-0.0034,0.3248,-0.3274,0.1089,0.3248,-0.3893,0.1083,0.3835,-0.4456,0.1081,0.3240,0.0000,-0.0728,-0.0253,-0.0116,0.0000,0.0000,0.1000,0.0266,0.0399,10.4155,12.4116
10.2880,0.0000,0.0000,0.1519,-0.1172,-0.0012,0.3655,-0.3264,-0.0034,0.3244,-0.3276,0.1089,0.3244,-0.3896,0.1083,0.3831,-0.4459,0.1081,0.3236,0.0000,-0.0719,-0.0248,-0.0114,0.0000,0.0000,0.1000,0.0266,0.0399,10.4136,12.4091
10.2960,0.0000,0.0000,0.1519,-0.1175,-0.0012,0.3654,-0.3267,-0.0034,0.3240,-0.3278,0.1089,0.3240,-0.3898,0.1083,0.3827,-0.4461,0.1081,0.3232,0.0000,-0.0711,-0.0242,-0.0112,0.0000,0.0000,0.1000,0.0266,0.0399,10.4120,12.4069
10.3040,0.0000,0.0000,0.1519,-0.1177,-0.0012,0.3652,-0.3269,-0.0034,0.3237,-0.3281,0.1089,0.3237,-0.3901,0.1083,0.3823,-0.4464,0.1081,0.3228,0.0000,-0.0703,-0.0237,-0.0110,0.0000,0.0000,0.1000,0.0266,0.0399,10.4098,12.4040
10.3120,0.0000,0.0000,0.1519,-0.1180,-0.0012,0.3651,-0.3271,-0.0034,0.3234,-0.3283,0.1089,0.3234,-0.3904,0.1083,0.3820,-0.4466,0.1081,0.3224,0.0000,-0.0695,-0.0232,-0.0108,0.0000,0.0000,0.1000,0.0266,0.0399,10.4077,12.4012
10.3200,0.0000,0.0000,0.1519,-0.1183,-0.0012,0.3649,-0.3274,-0.0034,0.3230,-0.3285,0.1089,0.3230,-0.3906,0.1083,0.3816,-0.4468,0.1081,0.3220,0.0000,-0.0687,-0.0227,-0.0106,0.0000,0.0000,0.1000,0.0266,0.0399,10.4057,12.3986
10.3280,0.0000,0.0000,0.1519,-0.1185,-0.0012,0.3648,-0.3276,-0.0034,0.3227,-0.3288,0.1089,0.3227,-0.3909,0.1082,0.3813,-0.4471,0.1081,0.3217,0.0000,-0.0679,-0.0222,-0.0105,0.0000,0.0000,0.1000,0.0266,0.0399,10.4035,12.3957
10.3360,0.0000,0.0000,0.1519,-0.1188,-0.0012,0.3646,-0.3278,-0.0034,0.3224,-0.3290,0.1089,0.3224,-0.3911,0.1083,0.3809,-0.4473,0.1081,0.3213,0.0000,-0.0671,-0.0217,-0.0103,0.0000,0.0000,0.1000,0.0266,0.0399,10.4016,12.3931
10.3440,0.0000,0.0000,0.1519,-0.1191,-0.0013,0.3645,-0.3281,-0.0034,0.3220,-0.3293,0.1089,0.3220,-0.3914,0.1082,0.3805,-0.4475,0.1081,0.3209,0.0000,-0.0663,-0.0212,-0.0101,0.0000,0.0000,0.1000,0.0266,0.0399,10.3994,12.3902
10.3520,0.0000,0.0000,0.1519,-0.1194,-0.0013,0.3643,-0.3283,-0.0035,0.3217,-0.3295,0.1089,0.3217,-0.3917,0.1082,0.3802,-0.4478,0.1080,0.3205,0.0000,-0.0655,-0.0207,-0.0099,0.0000,0.0000,0.1000,0.0266,0.0399,10.3973,12.3874
10.3600,0.0000,0.0000,0.1519,-0.1196,-0.0013,0.3642,-0.3285,-0.0034,0.3213,-0.3297,0.1089,0.3213,-0.3919,0.1083,0.3798,-0.4480,0.1081,0.3201,0.0000,-0.0647,-0.0202,-0.0097,0.0000,0.0000,0.1000,0.0266,0.0399,10.3954,12.3849
10.3680,0.0000,0.0000,0.1519,-0.1199,-0.0013,0.3640,-0.3288,-0.0035,0.3210,-0.3300,0.1089,0.3210,-0.3922,0.1082,0.3794,-0.4482,0.1080,0.3197,0.0000,-0.0638,-0.0196,-0.0095,0.0000,0.0000,0.1000,0.0266,0.0399,10.3933,12.3821
10.3760,0.0000,0.0000,0.1519,-0.1202,-0.0013,0.3638,-0.3290,-0.0034,0.3206,-0.3302,0.1089,0.3206,-0.3924,0.1083,0.3790,-0.4485,0.1081,0.3193,0.0000,-0.0630,-0.0190,-0.0093,0.0000,0.0000,0.1000,0.0266,0.0399,10.3914,12.3795
10.3840,0.0000,0.0000,0.1519,-0.1205,-0.0013,0.3637,-0.3293,-0.0035,0.3203,-0.3304,0.1089,0.3203,-0.3927,0.1082,0.3787,-0.4487,0.1080,0.3189,0.0000,-0.0623,-0.0186,-0.0091,0.0000,0.0000,0.1000,0.0266,0.0399,10.3891,12.3766
10.3920,0.0000,0.0000,0.1519,-0.1208,-0.0013,0.3635,-0.3295,-0.0035,0.3199,-0.3307,0.1089,0.3199,-0.3930,0.1082,0.3783,-0.4489,0.1080,0.3185,0.0000,-0.0614,-0.0180,-0.0089,0.0000,0.0000,0.1000,0.0266,0.0399,10.3872,12.3739
10.4000,0.0000,0.0000,0.1519,-0.1210,-0.0013,0.3634,-0.3297,-0.0035,0.3196,-0.3309,0.1089,0.3196,-0.3932,0.1082,0.3779,-0.4492,0.1080,0.3181,0.0000,-0.0606,-0.0174,-0.0087,0.0000,0.0000,0.1000,0.0266,0.0399,10.3852,12.3713
10.4080,0.0000,0.0000,0.1519,-0.1213,-0.0013,0.3632,-0.3299,-0.0035,0.3193,-0.3311,0.1089,0.3193,-0.3935,0.1082,0.3775,-0.4494,0.1080,0.3177,0.0000,-0.0599,-0.0169,-0.0085,0.0000,0.0000,0.1000,0.0266,0.0399,10.3831,12.3686
10.4160,0.0000,0.0000,0.1519,-0.1216,-0.0013,0.3631,-0.3302,-0.0035,0.3189,-0.3314,0.1089,0.3189,-0.3937,0.1082,0.3772,-0.4496,0.1080,0.3173,0.0000,-0.0591,-0.0164,-0.0083,0.0000,0.0000,0.1000,0.0266,0.0399,10.3812,12.3660
10.4240,0.0000,0.0000,0.1519,-0.1218,-0.0013,0.3629,-0.3304,-0.0035,0.3186,-0.3316,0.1089,0.3186,-0.3940,0.1082,0.3768,-0.4498,0.1080,0.3169,0.0000,-0.0583,-0.0159,-0.0082,0.0000,0.0000,0.1000,0.0266,0.0399,10.3790,12.3632
10.4320,0.0000,0.0000,0.1519,-0.1221,-0.0013,0.3627,-0.3306,-0.0035,0.3182,-0.3318,0.1089,0.3182,-0.3942,0.1082,0.3764,-0.4501,0.1080,0.3165,0.0000,-0.0575,-0.0153,-0.0080,0.0000,0.0000,0.1000,0.0266,0.0399,10.3770,12.3604
10.4400,0.0000,0.0000,0.1519,-0.1224,-0.0013,0.3626,-0.3309,-0.0035,0.3178,-0.3320,0.1089,0.3178,-0.3945,0.1082,0.3760,-0.4503,0.1080,0.3161,0.0000,-0.0567,-0.0147,-0.0077,0.0000,0.0000,0.1000,0.0266,0.0399,10.3750,12.3578
10.4480,0.0000,0.0000,0.1519,-0.1226,-0.0013,0.3624,-0.3311,-0.0035,0.3175,-0.3323,0.1089,0.3175,-0.3948,0.1082,0.3757,-0.4505,0.1080,0.3157,0.0000,-0.0559,-0.0142,-0.0076,0.0000,0.0000,0.1000,0.0266,0.0399,10.3729,12.3551
10.4560,0.0000,0.0000,0.1519,-0.1229,-0.0013,0.3623,-0.3313,-0.0035,0.3171,-0.3325,0.1089,0.3171,-0.3950,0.1082,0.3752,-0.4508,0.1080,0.3153,0.0000,-0.0551,-0.0135,-0.0073,0.0000,0.0000,0.1000,0.0266,0.0399,10.3711,12.3526
10.4640,0.0000,0.0000,0.1519,-0.1232,-0.0013,0.3621,-0.3316,-0.0035,0.3168,-0.3327,0.1089,0.3168,-0.3953,0.1082,0.3749,-0.4510,0.1080,0.3149,0.0000,-0.0543,-0.0130,-0.0071,0.0000,0.0000,0.1000,0.0266,0.0399,10.3687,12.3495
10.4720,0.0000,0.0000,0.1519,-0.1235,-0.0013,0.3620,-0.3318,-0.0035,0.3164,-0.3330,0.1089,0.3164,-0.3955,0.1082,0.3745,-0.4512,0.1080,0.3144,0.0000,-0.0536,-0.0124,-0.0069,0.0000,0.0000,0.1000,0.0266,0.0399,10.3670,12.3472
10.4800,0.0000,0.0000,0.1519,-0.1237,-0.0013,0.3618,-0.3320,-0.0035,0.3161,-0.3332,0.1089,0.3161,-0.3958,0.1082,0.3741,-0.4515,0.1080,0.3140,0.0000,-0.0528,-0.0117,-0.0067,0.0000,0.0000,0.1000,0.0266,0.0399,10.3650,12.3446
10.4880,0.0000,0.0000,0.1519,-0.1240,-0.0013,0.3616,-0.3322,-0.0035,0.3157,-0.3334,0.1089,0.3157,-0.3960,0.1082,0.3737,-0.4517,0.1080,0.3136,0.0000,-0.0520,-0.0112,-0.0065,0.0000,0.0000,0.1000,0.0266,0.0399,10.3630,12.3419
10.4960,0.0000,0.0000,0.1519,-0.1243,-0.0013,0.3615,-0.3325,-0.0035,0.3154,-0.3336,0.1089,0.3154,-0.3963,0.1082,0.3733,-0.4519,0.1080,0.3132,0.0000,-0.0513,-0.0106,-0.0063,0.0000,0.0000,0.1000,0.0266,0.0399,10.3608,12.3391
10.5040,0.0000,0.0000,0.1519,-0.1245,-0.0013,0.3613,-0.3327,-0.0035,0.3150,-0.3339,0.1088,0.3150,-0.3965,0.1082,0.3730,-0.4521,0.1080,0.3128,0.0000,-0.0506,-0.0100,-0.0061,0.0000,0.0000,0.1000,0.0266,0.0399,10.3588,12.3363
10.5120,0.0000,0.0000,0.1519,-0.1248,-0.0013,0.3612,-0.3329,-0.0035,0.3147,-0.3341,0.1088,0.3147,-0.3968,0.1082,0.3726,-0.4524,0.1080,0.3124,0.0000,-0.0498,-0.0094,-0.0059,0.0000,0.0000,0.1000,0.0266,0.0399,10.3567,12.3336
10.5200,0.0000,0.0000,0.1519,-0.1250,-0.0013,0.3610,-0.3331,-0.0035,0.3144,-0.3343,0.1088,0.3144,-0.3970,0.1082,0.3722,-0.4526,0.1080,0.3120,0.0000,-0.0491,-0.0089,-0.0057,0.0000,0.0000,0.1000,0.0266,0.0399,10.3546,12.3309
10.5280,0.0000,0.0000,0.1519,-0.1253,-0.0013,0.3608,-0.3334,-0.0035,0.3140,-0.3345,0.1088,0.3140,-0.3973,0.1082,0.3718,-0.4528,0.1080,0.3116,0.0000,-0.0484,-0.0082,-0.0055,0.0000,0.0000,0.1000,0.0266,0.0399,10.3525,12.3281
10.5360,0.0000,0.0000,0.1519,-0.1256,-0.0013,0.3607,-0.3336,-0.0035,0.3136,-0.3348,0.1088,0.3136,-0.3975,0.1082,0.3715,-0.4530,0.1080,0.3112,0.0000,-0.0476,-0.0076,-0.0053,0.0000,0.0000,0.1000,0.0266,0.0399,10.3504,12.3253
10.5440,0.0000,0.0000,0.1519,-0.1259,-0.0013,0.3605,-0.3338,-0.0035,0.3133,-0.3350,0.1088,0.3133,-0.3978,0.1082,0.3710,-0.4532,0.1080,0.3108,0.0000,-0.0469,-0.0068,-0.0050,0.0000,0.0000,0.1000,0.0266,0.0399,10.3484,12.3227
10.5520,0.0000,0.0000,0.1519,-0.1261,-0.0013,0.3604,-0.3340,-0.0035,0.3129,-0.3352,0.1088,0.3129,-0.3980,0.1082,0.3706,-0.4535,0.1080,0.3103,0.0000,-0.0462,-0.0061,-0.0048,0.0000,0.0000,0.1000,0.0266,0.0399,10.3466,12.3203
10.5600,0.0000,0.0000,0.1519,-0.1264,-0.0013,0.3602,-0.3342,-0.0035,0.3125,-0.3354,0.1088,0.3125,-0.3983,0.1082,0.3703,-0.4537,0.1080,0.3099,0.0000,-0.0454,-0.0055,-0.0046,0.0000,0.0000,0.1000,0.0266,0.0399,10.3444,12.3174
10.5680,0.0000,0.0000,0.1519,-0.1267,-0.0013,0.3600,-0.3345,-0.0035,0.3122,-0.3356,0.1088,0.3122,-0.3985,0.1082,0.3699,-0.4539,0.1080,0.3095,0.0000,-0.0447,-0.0047,-0.0043,0.0000,0.0000,0.1000,0.0266,0.0399,10.3425,12.3150
10.5760,0.0000,0.0000,0.1519,-0.1269,-0.0013,0.3599,-0.3347,-0.0035,0.3118,-0.3359,0.1088,0.3118,-0.3988,0.1082,0.3695,-0.4541,0.1080,0.3091,0.0000,-0.0440,-0.0040,-0.0041,0.0000,0.0000,0.1000,0.0266,0.0399,10.3406,12.3124
10.5840,0.0000,0.0000,0.1519,-0.1272,-0.0013,0.3597,-0.3349,-0.0035,0.3115,-0.3361,0.1088,0.3115,-0.3990,0.1082,0.3691,-0.4543,0.1080,0.3087,0.0000,-0.0433,-0.0032,-0.0038,0.0000,0.0000,0.1000,0.0266,0.0399,10.3385,12.3096
10.5920,0.0000,0.0000,0.1519,-0.1275,-0.0013,0.3595,-0.3351,-0.0035,0.3111,-0.3363,0.1088,0.3111,-0.3993,0.1082,0.3687,-0.4545,0.1080,0.3082,0.0000,-0.0426,-0.0024,-0.0036,0.0000,0.0000,0.1000,0.0266,0.0399,10.3364,12.3069
10.6000,0.0000,0.0000,0.1519,-0.1277,-0.0013,0.3594,-0.3353,-0.0035,0.3107,-0.3365,0.1088,0.3107,-0.3995,0.1082,0.3683,-0.4548,0.1080,0.3078,0.0000,-0.0419,-0.0015,-0.0033,0.0000,0.0000,0.1000,0.0266,0.0399,10.3345,12.3043
10.6080,0.0000,0.0000,0.1519,-0.1280,-0.0013,0.3592,-0.3355,-0.0035,0.3104,-0.3367,0.1088,0.3104,-0.3998,0.1082,0.3679,-0.4550,0.1080,0.3074,0.0000,-0.0412,-0.0007,-0.0031,0.0000,0.0000,0.1000,0.0266,0.0399,10.3326,12.3018
10.6160,0.0000,0.0000,0.1519,-0.1282,-0.0013,0.3591,-0.3357,-0.0035,0.3101,-0.3369,0.1088,0.3101,-0.4000,0.1082,0.3676,-0.4552,0.1080,0.3070,0.0000,-0.0405,0.0001,-0.0028,0.0000,0.0000,0.1000,0.0266,0.0399,10.3305,12.2991
10.6240,0.0000,0.0000,0.1519,-0.1285,-0.0014,0.3589,-0.3360,-0.0035,0.3097,-0.3371,0.1088,0.3097,-0.4002,0.1081,0.3672,-0.4554,0.1080,0.3066,0.0000,-0.0398,0.0010,-0.0025,0.0000,0.0000,0.1000,0.0266,0.0399,10.3283,12.2962
10.6320,0.0000,0.0000,0.1519,-0.1287,-0.0014,0.3588,-0.3362,-0.0035,0.3094,-0.3373,0.1088,0.3094,-0.4005,0.1081,0.3668,-0.4556,0.1080,0.3062,0.0000,-0.0391,0.0019,-0.0022,0.0000,0.0000,0.1000,0.0266,0.0399,10.3263,12.2936
10.6400,0.0000,0.0000,0.1519,-0.1290,-0.0014,0.3586,-0.3364,-0.0035,0.3090,-0.3376,0.1088,0.3090,-0.4007,0.1082,0.3664,-0.4558,0.1080,0.3058,0.0000,-0.0383,0.0029,-0.0019,0.0000,0.0000,0.1000,0.0266,0.0399,10.3243,12.2910
10.6480,0.0000,0.0000,0.1519,-0.1292,-0.0014,0.3584,-0.3366,-0.0035,0.3087,-0.3378,0.1088,0.3087,-0.4009,0.1082,0.3660,-0.4560,0.1080,0.3054,0.0000,-0.0375,0.0040,-0.0016,0.0000,0.0000,0.1000,0.0266,0.0399,10.3223,12.2883
10.6560,0.0000,0.0000,0.1519,-0.1295,-0.0014,0.3583,-0.3368,-0.0035,0.3083,-0.3380,0.1088,0.3083,-0.4012,0.1081,0.3657,-0.4562,0.1080,0.3050,0.0000,-0.0367,0.0051,-0.0013,0.0000,0.0000,0.1000,0.0266,0.0399,10.3203,12.2857
10.6640,0.0000,0.0000,0.1519,-0.1298,-0.0014,0.3581,-0.3370,-0.0035,0.3079,-0.3382,0.1088,0.3079,-0.4014,0.1081,0.3653,-0.4564,0.1080,0.3046,0.0000,-0.0358,0.0063,-0.0009,0.0000,0.0000,0.1000,0.0266,0.0399,10.3183,12.2830
10.6720,0.0000,0.0000,0.1519,-0.1300,-0.0014,0.3580,-0.3372,-0.0035,0.3076,-0.3384,0.1088,0.3076,-0.4017,0.1081,0.3649,-0.4566,0.1080,0.3041,0.0000,-0.0348,0.0075,-0.0005,0.0000,0.0000,0.1000,0.0266,0.0399,10.3162,12.2803
10.6800,0.0000,0.0000,0.1519,-0.1303,-0.0014,0.3578,-0.3374,-0.0035,0.3072,-0.3386,0.1088,0.3072,-0.4019,0.1081,0.3645,-0.4568,0.1080,0.3037,0.0000,-0.0338,0.0088,-0.0001,0.0000,0.0000,0.1000,0.0266,0.0399,10.3142,12.2777
10.6880,0.0000,0.0000,0.1519,-0.1305,-0.0014,0.3576,-0.3376,-0.0036,0.3069,-0.3388,0.1088,0.3069,-0.4021,0.1081,0.3641,-0.4570,0.1079,0.3033,0.0000,-0.0327,0.0102,0.0004,0.0000,0.0000,0.1000,0.0266,0.0399,10.3123,12.2753
10.6960,0.0000,0.0000,0.1519,-0.1308,-0.0014,0.3575,-0.3378,-0.0035,0.3065,-0.3390,0.1088,0.3065,-0.4024,0.1081,0.3637,-0.4572,0.1079,0.3029,0.0000,-0.0316,0.0116,0.0008,0.0000,0.0000,0.1000,0.0266,0.0399,10.3104,12.2727
10.7040,0.0000,0.0000,0.1519,-0.1310,-0.0014,0.3573,-0.3380,-0.0036,0.3062,-0.3392,0.1088,0.3062,-0.4026,0.1081,0.3633,-0.4574,0.1079,0.3025,0.0000,-0.0303,0.0130,0.0013,0.0000,0.0000,0.1000,0.0266,0.0399,10.3083,12.2700
10.7120,0.0000,0.0000,0.1519,-0.1313,-0.0014,0.3572,-0.3382,-0.0035,0.3058,-0.3394,0.1088,0.3058,-0.4028,0.1081,0.3630,-0.4576,0.1080,0.3021,0.0000,-0.0289,0.0145,0.0017,0.0000,0.0000,0.1000,0.0266,0.0399,10.3064,12.2675
10.7200,0.0000,0.0000,0.1519,-0.1315,-0.0014,0.3570,-0.3384,-0.0036,0.3055,-0.3396,0.1088,0.3055,-0.4031,0.1081,0.3626,-0.4578,0.1079,0.3017,0.0000,-0.0274,0.0160,0.0022,0.0000,0.0000,0.1000,0.0266,0.0399,10.3041,12.2645
10.7280,0.0000,0.0000,0.1519,-0.1318,-0.0014,0.3568,-0.3386,-0.0036,0.3051,-0.3398,0.1088,0.3051,-0.4033,0.1081,0.3622,-0.4580,0.1079,0.3013,0.0000,-0.0256,0.0176,0.0028,0.0000,0.0000,0.1000,0.0266,0.0399,10.3022,12.2619
10.7360,0.0000,0.0000,0.1519,-0.1320,-0.0014,0.3567,-0.3388,-0.0036,0.3048,-0.3400,0.1088,0.3048,-0.4035,0.1081,0.3618,-0.4582,0.1079,0.3009,0.0000,-0.0237,0.0192,0.0033,0.0000,0.0000,0.1000,0.0266,0.0399,10.3003,12.2595
10.7440,0.0000,0.0000,0.1519,-0.1323,-0.0014,0.3565,-0.3391,-0.0036,0.3044,-0.3402,0.1088,0.3044,-0.4038,0.1081,0.3614,-0.4584,0.1079,0.3004,0.0000,-0.0214,0.0208,0.0039,0.0000,0.0000,0.1000,0.0266,0.0399,10.2982,12.2567
10.7520,0.0000,0.0000,0.1519,-0.1325,-0.0014,0.3563,-0.3393,-0.0036,0.3040,-0.3404,0.1088,0.3040,-0.4040,0.1081,0.3610,-0.4587,0.1079,0.3000,0.0000,-0.0190,0.0224,0.0045,0.0000,0.0000,0.1000,0.0266,0.0399,10.2960,12.2539
10.7600,0.0000,0.0000,0.1519,-0.1328,-0.0014,0.3562,-0.3395,-0.0036,0.3037,-0.3406,0.1088,0.3037,-0.4042,0.1081,0.3606,-0.4588,0.1079,0.2995,0.0000,-0.0167,0.0237,0.0050,0.0000,0.0000,0.1000,0.0266,0.0399,10.2943,12.2516
10.7680,0.0000,0.0000,0.1519,-0.1330,-0.0014,0.3560,-0.3397,-0.0036,0.3033,-0.3408,0.1088,0.3033,-0.4045,0.1081,0.3601,-0.4591,0.1079,0.2991,0.0000,-0.0140,0.0249,0.0055,0.0000,0.0000,0.1000,0.0266,0.0399,10.2921,12.2488
10.7760,0.0000,0.0000,0.1519,-0.1333,-0.0014,0.3558,-0.3399,-0.0036,0.3029,-0.3410,0.1088,0.3029,-0.4047,0.1081,0.3597,-0.4593,0.1079,0.2986,0.0000,-0.0114,0.0260,0.0060,0.0000,0.0000,0.1000,0.0266,0.0399,10.2902,12.2462
10.7840,0.0000,0.0000,0.1519,-0.1336,-0.0014,0.3557,-0.3401,-0.0036,0.3025,-0.3412,0.1088,0.3025,-0.4050,0.1081,0.3593,-0.4595,0.1079,0.2982,0.0000,-0.0088,0.0268,0.0064,0.0000,0.0000,0.1000,0.0266,0.0399,10.2882,12.2437
10.7920,0.0000,0.0000,0.1519,-0.1338,-0.0014,0.3555,-0.3403,-0.0036,0.3022,-0.3414,0.1088,0.3022,-0.4052,0.1081,0.3589,-0.4596,0.1079,0.2977,0.0000,-0.0063,0.0275,0.0067,0.0000,0.0000,0.1000,0.0266,0.0399,10.2863,12.2412
10.8000,0.0000,0.0000,0.1519,-0.1341,-0.0014,0.3554,-0.3405,-0.0036,0.3018,-0.3416,0.1088,0.3018,-0.4054,0.1081,0.3585,-0.4598,0.1079,0.2973,0.0000,-0.0039,0.0279,0.0070,0.0000,0.0000,0.1000,0.0266,0.0399,10.2844,12.2386
10.8080,0.0000,0.0000,0.1519,-0.1343,-0.0014,0.3552,-0.3407,-0.0036,0.3014,-0.3418,0.1088,0.3014,-0.4056,0.1081,0.3581,-0.4600,0.1079,0.2969,0.0000,-0.0017,0.0282,0.0072,0.0000,0.0000,0.1000,0.0266,0.0399,10.2824,12.2360
10.8160,0.0000,0.0000,0.1519,-0.1346,-0.0014,0.3550,-0.3409,-0.0036,0.3011,-0.3420,0.1088,0.3011,-0.4059,0.1081,0.3577,-0.4602,0.1079,0.2965,0.0000,0.0004,0.0283,0.0074,0.0000,0.0000,0.1000,0.0266,0.0399,10.2802,12.2332
10.8240,0.0000,0.0000,0.1519,-0.1350,-0.0014,0.3547,-0.3412,-0.0036,0.3004,-0.3424,0.1088,0.3004,-0.4063,0.1081,0.3569,-0.4606,0.1079,0.2956,0.0000,0.0041,0.0282,0.0076,0.0000,0.0000,0.1000,0.0266,0.0399,10.2762,12.2279
10.8320,0.0000,0.0000,0.1519,-0.1350,-0.0014,0.3547,-0.3412,-0.0036,0.3004,-0.3424,0.1088,0.3004,-0.4063,0.1081,0.3569,-0.4606,0.1079,0.2956,0.0000,0.0041,0.0282,0.0076,0.0000,0.0000,0.1000,0.0266,0.0399,10.2762,12.2279
10.8400,0.0000,0.0000,0.1519,-0.1356,-0.0014,0.3543,-0.3417,-0.0036,0.2996,-0.3428,0.1088,0.2996,-0.4068,0.1081,0.3561,-0.4610,0.1079,0.2947,0.0000,0.0074,0.0279,0.0078,0.0000,0.0000,0.1000,0.0266,0.0399,10.2720,12.2225
10.8480,0.0000,0.0000,0.1519,-0.1358,-0.0014,0.3542,-0.3418,-0.0036,0.2992,-0.3430,0.1088,0.2992,-0.4070,0.1081,0.3557,-0.4612,0.1079,0.2943,0.0000,0.0088,0.0277,0.0078,0.0000,0.0000,0.1000,0.0266,0.0399,10.2700,12.2199
10.8560,0.0000,0.0000,0.1519,-0.1361,-0.0014,0.3540,-0.3420,-0.0036,0.2989,-0.3432,0.1088,0.2989,-0.4073,0.1081,0.3553,-0.4614,0.1079,0.2938,0.0000,0.0088,0.0277,0.0078,0.0000,0.0000,0.1000,0.0266,0.0399,10.2700,12.2199
10.8640,0.0000,0.0000,0.1519,-0.1361,-0.0014,0.3540,-0.3420,-0.0036,0.2989,-0.3432,0.1088,0.2989,-0.4073,0.1081,0.3553,-0.4614,0.1079,0.2938,0.0000,0.0101,0.0275,0.0079,0.0000,0.0000,0.1000,0.0266,0.0399,10.2681,12.2174
10.8720,0.0000,0.0000,0.1519,-0.1365,-0.0014,0.3537,-0.3424,-0.0036,0.2981,-0.3436,0.1088,0.2981,-0.4077,0.1081,0.3545,-0.4618,0.1079,0.2930,0.0000,0.0123,0.0272,0.0080,0.0000,0.0000,0.1000,0.0266,0.0399,10.2639,12.2120
10.8800,0.0000,0.0000,0.1519,-0.1368,-0.0014,0.3535,-0.3426,-0.0036,0.2978,-0.3438,0.1088,0.2978,-0.4079,0.1081,0.3541,-0.4620,0.1079,0.2925,0.0000,0.0133,0.0271,0.0080,0.0000,0.0000,0.1000,0.0266,0.0399,10.2620,12.2095
10.8880,0.0000,0.0000,0.1519,-0.1370,-0.0014,0.3534,-0.3428,-0.0036,0.2974,-0.3440,0.1087,0.2974,-0.4081,0.1081,0.3537,-0.4621,0.1079,0.2921,0.0000,0.0143,0.0270,0.0080,0.0000,0.0000,0.1000,0.0266,0.0399,10.2600,12.2069
10.8960,0.0000,0.0000,0.1519,-0.1373,-0.0014,0.3532,-0.3430,-0.0036,0.2971,-0.3442,0.1087,0.2971,-0.4084,0.1081,0.3533,-0.4623,0.1079,0.2917,0.0000,0.0152,0.0269,0.0081,0.0000,0.0000,0.1000,0.0266,0.0399,10.2579,12.2041
10.9040,0.0000,0.0000,0.1519,-0.1375,-0.0014,0.3530,-0.3432,-0.0036,0.2967,-0.3444,0.1087,0.2967,-0.4086,0.1081,0.3529,-0.4625,0.1079,0.2913,0.0000,0.0160,0.0269,0.0081,0.0000,0.0000,0.1000,0.0266,0.0399,10.2558,12.2014
10.9120,0.0000,0.0000,0.1519,-0.1377,-0.0014,0.3529,-0.3434,-0.0036,0.2964,-0.3445,0.1087,0.2964,-0.4088,0.1081,0.3526,-0.4627,0.1079,0.2909,0.0000,0.0168,0.0269,0.0082,0.0000,0.0000,0.1000,0.0266,0.0399,10.2536,12.1985
10.9200,0.0000,0.0000,0.1519,-0.1380,-0.0015,0.3527,-0.3435,-0.0036,0.2960,-0.3447,0.1087,0.2960,-0.4090,0.1081,0.3522,-0.4629,0.1079,0.2905,0.0000,0.0176,0.0269,0.0083,0.0000,0.0000,0.1000,0.0266,0.0399,10.2516,12.1959
10.9280,0.0000,0.0000,0.1519,-0.1382,-0.0015,0.3525,-0.3437,-0.0036,0.2957,-0.3449,0.1087,0.2957,-0.4092,0.1080,0.3518,-0.4631,0.1079,0.2900,0.0000,0.0184,0.0269,0.0083,0.0000,0.0000,0.1000,0.0266,0.0399,10.2495,12.1932
10.9360,0.0000,0.0000,0.1519,-0.1385,-0.0014,0.3524,-0.3439,-0.0036,0.2953,-0.3451,0.1087,0.2953,-0.4094,0.1081,0.3514,-0.4632,0.1079,0.2896,0.0000,0.0192,0.0270,0.0084,0.0000,0.0000,0.1000,0.0266,0.0399,10.2476,12.1907
10.9440,0.0000,0.0000,0.1519,-0.1387,-0.0014,0.3522,-0.3441,-0.0036,0.2949,-0.3453,0.1087,0.2949,-0.4097,0.1081,0.3510,-0.4634,0.1079,0.2892,0.0000,0.0200,0.0272,0.0085,0.0000,0.0000,0.1000,0.0266,0.0399,10.2456,12.1881
10.9520,0.0000,0.0000,0.1519,-0.1389,-0.0015,0.3520,-0.3443,-0.0036,0.2946,-0.3455,0.1087,0.2946,-0.4099,0.1081,0.3506,-0.4636,0.1079,0.2887,0.0000,0.0208,0.0273,0.0086,0.0000,0.0000,0.1000,0.0266,0.0399,10.2433,12.1852
10.9600,0.0000,0.0000,0.1519,-0.1392,-0.0015,0.3519,-0.3445,-0.0036,0.2942,-0.3457,0.1087,0.2942,-0.4101,0.1080,0.3502,-0.4638,0.1079,0.2883,0.0000,0.0216,0.0274,0.0087,0.0000,0.0000,0.1000,0.0266,0.0399,10.2412,12.1824
10.9680,0.0000,0.0000,0.1519,-0.1394,-0.0015,0.3517,-0.3447,-0.0036,0.2939,-0.3458,0.1087,0.2939,-0.4103,0.1080,0.3498,-0.4640,0.1079,0.2879,0.0000,0.0224,0.0276,0.0088,0.0000,0.0000,0.1000,0.0266,0.0399,10.2393,12.1800
10.9760,0.0000,0.0000,0.1519,-0.1397,-0.0015,0.3515,-0.3448,-0.0036,0.2935,-0.3460,0.1087,0.2935,-0.4105,0.1080,0.3494,-0.4642,0.1079,0.2875,0.0000,0.0231,0.0278,0.0089,0.0000,0.0000,0.1000,0.0266,0.0399,10.2371,12.1771
10.9840,0.0000,0.0000,0.1519,-0.1399,-0.0015,0.3514,-0.3450,-0.0036,0.2931,-0.3462,0.1087,0.2931,-0.4108,0.1080,0.3490,-0.4643,0.1079,0.2870,0.0000,0.0239,0.0281,0.0090,0.0000,0.0000,0.1000,0.0266,0.0399,10.2350,12.1743
10.9920,0.0000,0.0000,0.1519,-0.1401,-0.0015,0.3512,-0.3452,-0.0036,0.2928,-0.3464,0.1087,0.2928,-0.4109,0.1080,0.3486,-0.4645,0.1079,0.2867,0.0000,0.0246,0.0283,0.0091,0.0000,0.0000,0.1000,0.0266,0.0399,10.2330,12.1718
11.0000,0.0000,0.0000,0.1519,-0.1404,-0.0015,0.3511,-0.3454,-0.0036,0.2924,-0.3466,0.1087,0.2924,-0.4112,0.1081,0.3482,-0.4647,0.1079,0.2862,0.0000,0.0253,0.0285,0.0092,0.0000,0.0000,0.1000,0.0266,0.0399,10.2312,12.1694
11.0080,0.0000,0.0000,0.1519,-0.1406,-0.0015,0.3509,-0.3455,-0.0036,0.2921,-0.3467,0.1087,0.2921,-0.4114,0.1080,0.3478,-0.4648,0.1079,0.2858,0.0000,0.0261,0.0288,0.0094,0.0000,0.0000,0.1000,0.0266,0.0399,10.2291,12.1667
11.0160,0.0000,0.0000,0.1519,-0.1408,-0.0015,0.3507,-0.3457,-0.0036,0.2917,-0.3469,0.1087,0.2917,-0.4116,0.1080,0.3474,-0.4650,0.1079,0.2854,0.0000,0.0268,0.0291,0.0095,0.0000,0.0000,0.1000,0.0266,0.0399,10.2270,12.1640
11.0240,0.0000,0.0000,0.1519,-0.1410,-0.0015,0.3506,-0.3459,-0.0036,0.2914,-0.3471,0.1087,0.2914,-0.4118,0.1080,0.3471,-0.4652,0.1079,0.2850,0.0000,0.0276,0.0293,0.0096,0.0000,0.0000,0.1000,0.0266,0.0399,10.2249,12.1612
11.0320,0.0000,0.0000,0.1519,-0.1413,-0.0015,0.3504,-0.3461,-0.0037,0.2910,-0.3473,0.1087,0.2910,-0.4120,0.1080,0.3467,-0.4654,0.1078,0.2846,0.0000,0.0283,0.0296,0.0097,0.0000,0.0000,0.1000,0.0266,0.0399,10.2225,12.1582
11.0400,0.0000,0.0000,0.1519,-0.1415,-0.0015,0.3502,-0.3463,-0.0036,0.2907,-0.3474,0.1087,0.2907,-0.4122,0.1081,0.3463,-0.4655,0.1079,0.2841,0.0000,0.0291,0.0300,0.0099,0.0000,0.0000,0.1000,0.0266,0.0399,10.2208,12.1559
11.0480,0.0000,0.0000,0.1519,-0.1417,-0.0015,0.3501,-0.3464,-0.0036,0.2903,-0.3476,0.1087,0.2903,-0.4124,0.1080,0.3459,-0.4657,0.1079,0.2837,0.0000,0.0299,0.0303,0.0100,0.0000,0.0000,0.1000,0.0266,0.0399,10.2186,12.1532
11.0560,0.0000,0.0000,0.1519,-0.1420,-0.0015,0.3499,-0.3466,-0.0036,0.2900,-0.3478,0.1087,0.2900,-0.4126,0.1080,0.3455,-0.4659,0.1079,0.2833,0.0000,0.0307,0.0306,0.0102,0.0000,0.0000,0.1000,0.0266,0.0399,10.2164,12.1503
11.0640,0.0000,0.0000,0.1519,-0.1422,-0.0015,0.3497,-0.3468,-0.0036,0.2896,-0.3480,0.1087,0.2896,-0.4128,0.1080,0.3451,-0.4661,0.1079,0.2828,0.0000,0.0315,0.0310,0.0103,0.0000,0.0000,0.1000,0.0266,0.0399,10.2145,12.1478
11.0720,0.0000,0.0000,0.1519,-0.1424,-0.0015,0.3496,-0.3470,-0.0036,0.2893,-0.3482,0.1087,0.2893,-0.4130,0.1080,0.3447,-0.4662,0.1079,0.2825,0.0000,0.0322,0.0313,0.0105,0.0000,0.0000,0.1000,0.0266,0.0399,10.2122,12.1448
11.0800,0.0000,0.0000,0.1519,-0.1427,-0.0015,0.3494,-0.3471,-0.0036,0.2889,-0.3483,0.1087,0.2889,-0.4132,0.1080,0.3443,-0.4664,0.1079,0.2820,0.0000,0.0330,0.0317,0.0106,0.0000,0.0000,0.1000,0.0266,0.0399,10.2101,12.1421
11.0880,0.0000,0.0000,0.1519,-0.1429,-0.0015,0.3492,-0.3473,-0.0037,0.2886,-0.3485,0.1087,0.2886,-0.4134,0.1080,0.3439,-0.4666,0.1078,0.2816,0.0000,0.0338,0.0320,0.0108,0.0000,0.0000,0.1000,0.0266,0.0399,10.2081,12.1395
11.0960,0.0000,0.0000,0.1519,-0.1431,-0.0015,0.3491,-0.3475,-0.0037,0.2882,-0.3487,0.1087,0.2882,-0.4136,0.1080,0.3436,-0.4667,0.1078,0.2813,0.0000,0.0344,0.0323,0.0109,0.0000,0.0000,0.1000,0.0266,0.0399,10.2059,12.1367
11.1040,0.0000,0.0000,0.1519,-0.1433,-0.0015,0.3489,-0.3477,-0.0036,0.2879,-0.3488,0.1087,0.2879,-0.4138,0.1080,0.3432,-0.4669,0.1079,0.2809,0.0000,0.0352,0.0327,0.0110,0.0000,0.0000,0.1000,0.0266,0.0399,10.2037,12.1339
11.1120,0.0000,0.0000,0.1519,-0.1436,-0.0015,0.3488,-0.3478,-0.0037,0.2875,-0.3490,0.1087,0.2875,-0.4140,0.1080,0.3428,-0.4671,0.1078,0.2804,0.0000,0.0360,0.0331,0.0112,0.0000,0.0000,0.1000,0.0266,0.0399,10.2018,12.1314
11.1200,0.0000,0.0000,0.1519,-0.1438,-0.0015,0.3486,-0.3480,-0.0036,0.2872,-0.3492,0.1087,0.2872,-0.4142,0.1080,0.3425,-0.4672,0.1079,0.2801,0.0000,0.0367,0.0334,0.0113,0.0000,0.0000,0.1000,0.0266,0.0399,10.1997,12.1287
11.1280,0.0000,0.0000,0.1519,-0.1440,-0.0015,0.3484,-0.3482,-0.0037,0.2869,-0.3494,0.1087,0.2869,-0.4144,0.1080,0.3421,-0.4674,0.1078,0.2796,0.0000,0.0375,0.0338,0.0115,0.0000,0.0000,0.1000,0.0266,0.0399,10.1973,12.1256
11.1360,0.0000,0.0000,0.1519,-0.1442,-0.0015,0.3483,-0.3483,-0.0037,0.2865,-0.3495,0.1087,0.2865,-0.4146,0.1080,0.3417,-0.4676,0.1078,0.2792,0.0000,0.0383,0.0342,0.0117,0.0000,0.0000,0.1000,0.0266,0.0399,10.1953,12.1230
11.1440,0.0000,0.0000,0.1519,-0.1445,-0.0015,0.3481,-0.3485,-0.0037,0.2861,-0.3497,0.1087,0.2861,-0.4148,0.1080,0.3413,-0.4677,0.1078,0.2788,0.0000,0.0391,0.0346,0.0118,0.0000,0.0000,0.1000,0.0266,0.0399,10.1932,12.1203
11.1520,0.0000,0.0000,0.1519,-0.1447,-0.0015,0.3479,-0.3487,-0.0037,0.2858,-0.3499,0.1087,0.2858,-0.4150,0.1080,0.3409,-0.4679,0.1078,0.2783,0.0000,0.0400,0.0350,0.0120,0.0000,0.0000,0.1000,0.0266,0.0399,10.1911,12.1176
11.1600,0.0000,0.0000,0.1519,-0.1449,-0.0015,0.3478,-0.3488,-0.0037,0.2854,-0.3500,0.1087,0.2854,-0.4152,0.1080,0.3405,-0.4681,0.1078,0.2779,0.0000,0.0408,0.0354,0.0122,0.0000,0.0000,0.1000,0.0266,0.0399,10.1890,12.1149
11.1680,0.0000,0.0000,0.1519,-0.1452,-0.0015,0.3476,-0.3490,-0.0037,0.2851,-0.3502,0.1087,0.2851,-0.4154,0.1080,0.3401,-0.4682,0.1078,0.2775,0.0000,0.0416,0.0359,0.0123,0.0000,0.0000,0.1000,0.0266,0.0399,10.1868,12.1121
11.1760,0.0000,0.0000,0.1519,-0.1454,-0.0015,0.3474,-0.3492,-0.0037,0.2847,-0.3504,0.1087,0.2847,-0.4156,0.1080,0.3397,-0.4684,0.1078,0.2771,0.0000,0.0424,0.0363,0.0125,0.0000,0.0000,0.1000,0.0266,0.0399,10.1847,12.1094
11.1840,0.0000,0.0000,0.1519,-0.1456,-0.0015,0.3473,-0.3494,-0.0037,0.2843,-0.3505,0.1087,0.2843,-0.4158,0.1080,0.3393,-0.4686,0.1078,0.2767,0.0000,0.0432,0.0367,0.0127,0.0000,0.0000,0.1000,0.0266,0.0399,10.1825,12.1065
11.1920,0.0000,0.0000,0.1519,-0.1458,-0.0015,0.3471,-0.3495,-0.0037,0.2840,-0.3507,0.1087,0.2840,-0.4160,0.1080,0.3389,-0.4687,0.1078,0.2763,0.0000,0.0440,0.0371,0.0128,0.0000,0.0000,0.1000,0.0266,0.0399,10.1804,12.1038
11.2000,0.0000,0.0000,0.1519,-0.1461,-0.0015,0.3469,-0.3497,-0.0037,0.2836,-0.3509,0.1087,0.2836,-0.4162,0.1080,0.3385,-0.4689,0.1078,0.2758,0.0000,0.0448,0.0375,0.0130,0.0000,0.0000,0.1000,0.0266,0.0399,10.1781,12.1008
11.2080,0.0000,0.0000,0.1519,-0.1463,-0.0015,0.3468,-0.3499,-0.0037,0.2833,-0.3510,0.1087,0.2833,-0.4164,0.1080,0.3382,-0.4691,0.1078,0.2754,0.0000,0.0456,0.0379,0.0132,0.0000,0.0000,0.1000,0.0266,0.0399,10.1761,12.0983
11.2160,0.0000,0.0000,0.1519,-0.1465,-0.0015,0.3466,-0.3500,-0.0037,0.2830,-0.3512,0.1087,0.2830,-0.4166,0.1080,0.3378,-0.4692,0.1078,0.2751,0.0000,0.0464,0.0383,0.0133,0.0000,0.0000,0.1000,0.0266,0.0399,10.1740,12.0956
11.2240,0.0000,0.0000,0.1519,-0.1467,-0.0015,0.3464,-0.3502,-0.0037,0.2826,-0.3514,0.1087,0.2826,-0.4168,0.1080,0.3374,-0.4694,0.1078,0.2746,0.0000,0.0472,0.0387,0.0135,0.0000,0.0000,0.1000,0.0266,0.0399,10.1718,12.0927
11.2320,0.0000,0.0000,0.1519,-0.1469,-0.0015,0.3463,-0.3503,-0.0037,0.2823,-0.3515,0.1087,0.2823,-0.4170,0.1080,0.3371,-0.4695,0.1078,0.2742,0.0000,0.0480,0.0391,0.0137,0.0000,0.0000,0.1000,0.0266,0.0399,10.1698,12.0902
11.2400,0.0000,0.0000,0.1519,-0.1471,-0.0015,0.3461,-0.3505,-0.0037,0.2819,-0.3517,0.1087,0.2819,-0.4172,0.1080,0.3366,-0.4697,0.1078,0.2738,0.0000,0.0488,0.0396,0.0138,0.0000,0.0000,0.1000,0.0266,0.0399,10.1677,12.0874
11.2480,0.0000,0.0000,0.1519,-0.1474,-0.0015,0.3459,-0.3507,-0.0037,0.2816,-0.3518,0.1087,0.2816,-0.4173,0.1080,0.3363,-0.4698,0.1078,0.2734,0.0000,0.0496,0.0400,0.0140,0.0000,0.0000,0.1000,0.0266,0.0399,10.1656,12.0848
11.2560,0.0000,0.0000,0.1519,-0.1476,-0.0015,0.3458,-0.3508,-0.0037,0.2812,-0.3520,0.1087,0.2812,-0.4175,0.1080,0.3359,-0.4700,0.1078,0.2730,0.0000,0.0504,0.0404,0.0142,0.0000,0.0000,0.1000,0.0266,0.0399,10.1633,12.0818
11.2640,0.0000,0.0000,0.1519,-0.1478,-0.0015,0.3456,-0.3510,-0.0037,0.2809,-0.3522,0.1087,0.2809,-0.4177,0.1080,0.3355,-0.4702,0.1078,0.2726,0.0000,0.0511,0.0407,0.0143,0.0000,0.0000,0.1000,0.0266,0.0399,10.1611,12.0791
11.2720,0.0000,0.0000,0.1519,-0.1480,-0.0016,0.3454,-0.3511,-0.0037,0.2806,-0.3523,0.1087,0.2806,-0.4179,0.1080,0.3352,-0.4703,0.1078,0.2722,0.0000,0.0519,0.0412,0.0145,0.0000,0.0000,0.1000,0.0266,0.0399,10.1590,12.0763
11.2800,0.0000,0.0000,0.1519,-0.1482,-0.0016,0.3453,-0.3513,-0.0037,0.2802,-0.3525,0.1086,0.2802,-0.4181,0.1080,0.3348,-0.4705,0.1078,0.2718,0.0000,0.0527,0.0416,0.0147,0.0000,0.0000,0.1000,0.0266,0.0399,10.1568,12.0736
11.2880,0.0000,0.0000,0.1519,-0.1484,-0.0016,0.3451,-0.3514,-0.0037,0.2799,-0.3526,0.1087,0.2799,-0.4183,0.1080,0.3344,-0.4706,0.1078,0.2714,0.0000,0.0535,0.0420,0.0148,0.0000,0.0000,0.1000,0.0266,0.0399,10.1548,12.0709
11.2960,0.0000,0.0000,0.1519,-0.1486,-0.0016,0.3450,-0.3516,-0.0037,0.2796,-0.3528,0.1086,0.2796,-0.4185,0.1079,0.3341,-0.4708,0.1078,0.2711,0.0000,0.0542,0.0424,0.0150,0.0000,0.0000,0.1000,0.0266,0.0399,10.1525,12.0680
11.3040,0.0000,0.0000,0.1519,-0.1488,-0.0016,0.3448,-0.3518,-0.0037,0.2793,-0.3529,0.1087,0.2793,-0.4186,0.1080,0.3337,-0.4709,0.1078,0.2707,0.0000,0.0550,0.0428,0.0151,0.0000,0.0000,0.1000,0.0266,0.0399,10.1506,12.0655
11.3120,0.0000,0.0000,0.1519,-0.1490,-0.0016,0.3446,-0.3519,-0.0037,0.2789,-0.3531,0.1087,0.2789,-0.4188,0.1080,0.3334,-0.4711,0.1078,0.2703,0.0000,0.0557,0.0432,0.0153,0.0000,0.0000,0.1000,0.0266,0.0399,10.1483,12.0627
11.3200,0.0000,0.0000,0.1519,-0.1493,-0.0016,0.3445,-0.3521,-0.0037,0.2786,-0.3532,0.1087,0.2786,-0.4190,0.1080,0.3330,-0.4712,0.1078,0.2699,0.0000,0.0566,0.0436,0.0155,0.0000,0.0000,0.1000,0.0266,0.0399,10.1463,12.0601
11.3280,0.0000,0.0000,0.1519,-0.1495,-0.0016,0.3443,-0.3522,-0.0037,0.2783,-0.3534,0.1086,0.2783,-0.4192,0.1079,0.3327,-0.4714,0.1078,0.2695,0.0000,0.0573,0.0440,0.0156,0.0000,0.0000,0.1000,0.0266,0.0399,10.1440,12.0572
11.3360,0.0000,0.0000,0.1519,-0.1497,-0.0016,0.3442,-0.3524,-0.0037,0.2780,-0.3535,0.1086,0.2780,-0.4193,0.1080,0.3323,-0.4715,0.1078,0.2692,0.0000,0.0580,0.0443,0.0158,0.0000,0.0000,0.1000,0.0266,0.0399,10.1421,12.0547
11.3440,0.0000,0.0000,0.1519,-0.1499,-0.0016,0.3440,-0.3525,-0.0037,0.2776,-0.3537,0.1086,0.2776,-0.4195,0.1079,0.3319,-0.4717,0.1078,0.2687,0.0000,0.0589,0.0448,0.0160,0.0000,0.0000,0.1000,0.0266,0.0399,10.1398,12.0518
11.3520,0.0000,0.0000,0.1519,-0.1501,-0.0016,0.3438,-0.3527,-0.0037,0.2773,-0.3539,0.1086,0.2773,-0.4197,0.1079,0.3315,-0.4718,0.1078,0.2683,0.0000,0.0597,0.0452,0.0161,0.0000,0.0000,0.1000,0.0266,0.0399,10.1378,12.0492
11.3600,0.0000,0.0000,0.1519,-0.1503,-0.0016,0.3437,-0.3528,-0.0037,0.2769,-0.3540,0.1086,0.2769,-0.4199,0.1079,0.3312,-0.4719,0.1078,0.2679,0.0000,0.0605,0.0457,0.0163,0.0000,0.0000,0.1000,0.0266,0.0399,10.1357,12.0465
11.3680,0.0000,0.0000,0.1519,-0.1505,-0.0016,0.3435,-0.3530,-0.0037,0.2766,-0.3542,0.1086,0.2766,-0.4201,0.1079,0.3308,-0.4721,0.1078,0.2676,0.0000,0.0612,0.0461,0.0165,0.0000,0.0000,0.1000,0.0266,0.0399,10.1335,12.0437
11.3760,0.0000,0.0000,0.1519,-0.1507,-0.0016,0.3433,-0.3531,-0.0037,0.2762,-0.3543,0.1086,0.2762,-0.4203,0.1079,0.3304,-0.4723,0.1078,0.2671,0.0000,0.0621,0.0465,0.0167,0.0000,0.0000,0.1000,0.0266,0.0399,10.1312,12.0408
11.3840,0.0000,0.0000,0.1519,-0.1509,-0.0016,0.3432,-0.3533,-0.0037,0.2759,-0.3545,0.1086,0.2759,-0.4204,0.1079,0.3301,-0.4724,0.1078,0.2667,0.0000,0.0629,0.0469,0.0168,0.0000,0.0000,0.1000,0.0266,0.0399,10.1291,12.0381
11.3920,0.0000,0.0000,0.1519,-0.1511,-0.0016,0.3430,-0.3534,-0.0037,0.2756,-0.3546,0.1086,0.2756,-0.4206,0.1079,0.3297,-0.4725,0.1078,0.2664,0.0000,0.0636,0.0473,0.0170,0.0000,0.0000,0.1000,0.0266,0.0399,10.1270,12.0354
11.4000,0.0000,0.0000,0.1519,-0.1513,-0.0016,0.3428,-0.3536,-0.0037,0.2753,-0.3548,0.1086,0.2753,-0.4208,0.1079,0.3293,-0.4727,0.1078,0.2660,0.0000,0.0644,0.0477,0.0171,0.0000,0.0000,0.1000,0.0266,0.0399,10.1248,12.0326
11.4080,0.0000,0.0000,0.1519,-0.1515,-0.0016,0.3427,-0.3537,-0.0037,0.2749,-0.3549,0.1086,0.2749,-0.4210,0.1079,0.3290,-0.4728,0.1078,0.2656,0.0000,0.0651,0.0481,0.0173,0.0000,0.0000,0.1000,0.0266,0.0399,10.1226,12.0298
11.4160,0.0000,0.0000,0.1519,-0.1518,-0.0016,0.3425,-0.3539,-0.0037,0.2746,-0.3551,0.1086,0.2746,-0.4211,0.1079,0.3286,-0.4730,0.1078,0.2652,0.0000,0.0659,0.0485,0.0175,0.0000,0.0000,0.1000,0.0266,0.0399,10.1204,12.0270
11.4240,0.0000,0.0000,0.1519,-0.1520,-0.0016,0.3424,-0.3540,-0.0037,0.2742,-0.3552,0.1086,0.2742,-0.4213,0.1079,0.3282,-0.4731,0.1078,0.2648,0.0000,0.0668,0.0490,0.0177,0.0000,0.0000,0.1000,0.0266,0.0399,10.1184,12.0244
11.4320,0.0000,0.0000,0.1519,-0.1522,-0.0016,0.3422,-0.3542,-0.0037,0.2739,-0.3554,0.1086,0.2739,-0.4215,0.1079,0.3279,-0.4733,0.1078,0.2644,0.0000,0.0675,0.0494,0.0178,0.0000,0.0000,0.1000,0.0266,0.0399,10.1161,12.0215
11.4400,0.0000,0.0000,0.1519,-0.1524,-0.0016,0.3420,-0.3543,-0.0037,0.2736,-0.3555,0.1086,0.2736,-0.4217,0.1079,0.3275,-0.4734,0.1078,0.2640,0.0000,0.0683,0.0498,0.0180,0.0000,0.0000,0.1000,0.0266,0.0399,10.1140,12.0188
11.4480,0.0000,0.0000,0.1519,-0.1526,-0.0016,0.3419,-0.3545,-0.0037,0.2733,-0.3557,0.1086,0.2733,-0.4218,0.1079,0.3271,-0.4735,0.1078,0.2636,0.0000,0.0691,0.0502,0.0182,0.0000,0.0000,0.1000,0.0266,0.0399,10.1119,12.0161
11.4560,0.0000,0.0000,0.1519,-0.1528,-0.0016,0.3417,-0.3546,-0.0037,0.2729,-0.3558,0.1086,0.2729,-0.4220,0.1079,0.3268,-0.4737,0.1078,0.2632,0.0000,0.0699,0.0507,0.0183,0.0000,0.0000,0.1000,0.0266,0.0399,10.1098,12.0135
11.4640,0.0000,0.0000,0.1519,-0.1530,-0.0016,0.3415,-0.3548,-0.0037,0.2726,-0.3559,0.1086,0.2726,-0.4222,0.1079,0.3264,-0.4738,0.1078,0.2629,0.0000,0.0707,0.0511,0.0185,0.0000,0.0000,0.1000,0.0266,0.0399,10.1078,12.0109
11.4720,0.0000,0.0000,0.1519,-0.1532,-0.0016,0.3414,-0.3549,-0.0037,0.2722,-0.3561,0.1086,0.2722,-0.4223,0.1079,0.3260,-0.4740,0.1078,0.2625,0.0000,0.0715,0.0515,0.0187,0.0000,0.0000,0.1000,0.0266,0.0399,10.1056,12.0081
11.4800,0.0000,0.0000,0.1519,-0.1534,-0.0016,0.3412,-0.3551,-0.0037,0.2719,-0.3562,0.1086,0.2719,-0.4225,0.1079,0.3257,-0.4741,0.1078,0.2621,0.0000,0.0723,0.0519,0.0188,0.0000,0.0000,0.1000,0.0266,0.0399,10.1032,12.0051
11.4880,0.0000,0.0000,0.1519,-0.1536,-0.0016,0.3411,-0.3552,-0.0037,0.2716,-0.3564,0.1086,0.2716,-0.4227,0.1079,0.3253,-0.4742,0.1078,0.2617,0.0000,0.0730,0.0523,0.0190,0.0000,0.0000,0.1000,0.0266,0.0399,10.1013,12.0027
11.4960,0.0000,0.0000,0.1519,-0.1538,-0.0016,0.3409,-0.3553,-0.0037,0.2713,-0.3565,0.1086,0.2713,-0.4228,0.1079,0.3250,-0.4744,0.1078,0.2613,0.0000,0.0737,0.0527,0.0192,0.0000,0.0000,0.1000,0.0266,0.0399,10.0991,11.9999
11.5040,0.0000,0.0000,0.1519,-0.1540,-0.0016,0.3407,-0.3555,-0.0037,0.2709,-0.3567,0.1086,0.2709,-0.4230,0.1079,0.3246,-0.4745,0.1078,0.2609,0.0000,0.0746,0.0531,0.0193,0.0000,0.0000,0.1000,0.0266,0.0399,10.0968,11.9970
11.5120,0.0000,0.0000,0.1519,-0.1542,-0.0016,0.3406,-0.3556,-0.0037,0.2707,-0.3568,0.1086,0.2707,-0.4232,0.1079,0.3243,-0.4746,0.1078,0.2606,0.0000,0.0752,0.0535,0.0195,0.0000,0.0000,0.1000,0.0266,0.0399,10.0949,11.9946
11.5200,0.0000,0.0000,0.1519,-0.1544,-0.0016,0.3404,-0.3557,-0.0037,0.2703,-0.3569,0.1086,0.2703,-0.4233,0.1079,0.3239,-0.4748,0.1078,0.2602,0.0000,0.0760,0.0539,0.0196,0.0000,0.0000,0.1000,0.0266,0.0399,10.0928,11.9919
11.5280,0.0000,0.0000,0.1519,-0.1546,-0.0016,0.3402,-0.3559,-0.0037,0.2700,-0.3571,0.1086,0.2700,-0.4235,0.1079,0.3236,-0.4749,0.1078,0.2598,0.0000,0.0767,0.0543,0.0198,0.0000,0.0000,0.1000,0.0266,0.0399,10.0906,11.9892
11.5360,0.0000,0.0000,0.1519,-0.1547,-0.0016,0.3401,-0.3560,-0.0037,0.2697,-0.3572,0.1086,0.2697,-0.4237,0.1079,0.3233,-0.4751,0.1078,0.2595,0.0000,0.0774,0.0547,0.0200,0.0000,0.0000,0.1000,0.0266,0.0399,10.0885,11.9864
11.5440,0.0000,0.0000,0.1519,-0.1549,-0.0016,0.3399,-0.3562,-0.0037,0.2694,-0.3574,0.1086,0.2694,-0.4238,0.1079,0.3229,-0.4752,0.1078,0.2591,0.0000,0.0782,0.0551,0.0201,0.0000,0.0000,0.1000,0.0266,0.0399,10.0863,11.9837
11.5520,0.0000,0.0000,0.1519,-0.1551,-0.0016,0.3398,-0.3563,-0.0037,0.2691,-0.3575,0.1086,0.2691,-0.4240,0.1079,0.3226,-0.4753,0.1078,0.2588,0.0000,0.0789,0.0554,0.0203,0.0000,0.0000,0.1000,0.0266,0.0399,10.0841,11.9809
11.5600,0.0000,0.0000,0.1519,-0.1553,-0.0016,0.3396,-0.3564,-0.0038,0.2688,-0.3576,0.1086,0.2688,-0.4241,0.1079,0.3222,-0.4755,0.1077,0.2584,0.0000,0.0797,0.0558,0.0204,0.0000,0.0000,0.1000,0.0266,0.0399,10.0820,11.9783
11.5680,0.0000,0.0000,0.1519,-0.1555,-0.0016,0.3395,-0.3566,-0.0037,0.2684,-0.3578,0.1086,0.2684,-0.4243,0.1079,0.3219,-0.4756,0.1078,0.2580,0.0000,0.0804,0.0562,0.0206,0.0000,0.0000,0.1000,0.0266,0.0399,10.0801,11.9758
11.5760,0.0000,0.0000,0.1519,-0.1557,-0.0016,0.3393,-0.3567,-0.0037,0.2681,-0.3579,0.1086,0.2681,-0.4245,0.1079,0.3215,-0.4757,0.1078,0.2576,0.0000,0.0812,0.0567,0.0208,0.0000,0.0000,0.1000,0.0266,0.0399,10.0780,11.9731
11.5840,0.0000,0.0000,0.1519,-0.1559,-0.0016,0.3391,-0.3569,-0.0037,0.2678,-0.3580,0.1086,0.2678,-0.4246,0.1079,0.3212,-0.4759,0.1078,0.2573,0.0000,0.0820,0.0571,0.0209,0.0000,0.0000,0.1000,0.0266,0.0399,10.0757,11.9702
11.5920,0.0000,0.0000,0.1519,-0.1561,-0.0016,0.3390,-0.3570,-0.0037,0.2675,-0.3582,0.1086,0.2675,-0.4248,0.1079,0.3208,-0.4760,0.1078,0.2569,0.0000,0.0827,0.0574,0.0211,0.0000,0.0000,0.1000,0.0266,0.0399,10.0735,11.9674
11.6000,0.0000,0.0000,0.1519,-0.1563,-0.0016,0.3388,-0.3571,-0.0038,0.2671,-0.3583,0.1086,0.2671,-0.4250,0.1079,0.3205,-0.4761,0.1077,0.2565,0.0000,0.0835,0.0578,0.0213,0.0000,0.0000,0.1000,0.0266,0.0399,10.0713,11.9646
11.6080,0.0000,0.0000,0.1519,-0.1565,-0.0016,0.3386,-0.3573,-0.0038,0.2668,-0.3585,0.1086,0.2668,-0.4251,0.1079,0.3201,-0.4763,0.1078,0.2561,0.0000,0.0842,0.0583,0.0214,0.0000,0.0000,0.1000,0.0266,0.0399,10.0691,11.9619
11.6160,0.0000,0.0000,0.1519,-0.1567,-0.0016,0.3385,-0.3574,-0.0038,0.2665,-0.3586,0.1086,0.2665,-0.4253,0.1079,0.3198,-0.4764,0.1078,0.2558,0.0000,0.0849,0.0586,0.0216,0.0000,0.0000,0.1000,0.0266,0.0399,10.0672,11.9594
11.6240,0.0000,0.0000,0.1519,-0.1569,-0.0017,0.3383,-0.3575,-0.0038,0.2662,-0.3587,0.1086,0.2662,-0.4254,0.1079,0.3194,-0.4765,0.1077,0.2554,0.0000,0.0857,0.0590,0.0218,0.0000,0.0000,0.1000,0.0266,0.0399,10.0649,11.9565
11.6320,0.0000,0.0000,0.1519,-0.1571,-0.0017,0.3382,-0.3577,-0.0038,0.2659,-0.3589,0.1086,0.2659,-0.4256,0.1079,0.3191,-0.4766,0.1077,0.2550,0.0000,0.0864,0.0594,0.0219,0.0000,0.0000,0.1000,0.0266,0.0399,10.0628,11.9539
11.6400,0.0000,0.0000,0.1519,-0.1572,-0.0016,0.3380,-0.3578,-0.0038,0.2656,-0.3590,0.1086,0.2656,-0.4257,0.1079,0.3187,-0.4768,0.1078,0.2547,0.0000,0.0872,0.0598,0.0221,0.0000,0.0000,0.1000,0.0266,0.0399,10.0607,11.9513
11.6480,0.0000,0.0000,0.1519,-0.1574,-0.0017,0.3378,-0.3579,-0.0038,0.2652,-0.3591,0.1086,0.2652,-0.4259,0.1079,0.3184,-0.4769,0.1077,0.2543,0.0000,0.0879,0.0602,0.0222,0.0000,0.0000,0.1000,0.0266,0.0399,10.0585,11.9485
11.6560,0.0000,0.0000,0.1519,-0.1576,-0.0017,0.3377,-0.3581,-0.0038,0.2649,-0.3592,0.1086,0.2649,-0.4261,0.1079,0.3181,-0.4770,0.1078,0.2540,0.0000,0.0886,0.0606,0.0224,0.0000,0.0000,0.1000,0.0266,0.0399,10.0564,11.9459
11.6640,0.0000,0.0000,0.1519,-0.1578,-0.0017,0.3375,-0.3582,-0.0038,0.2646,-0.3594,0.1086,0.2646,-0.4262,0.1079,0.3177,-0.4772,0.1078,0.2536,0.0000,0.0894,0.0610,0.0226,0.0000,0.0000,0.1000,0.0266,0.0399,10.0543,11.9431
11.6720,0.0000,0.0000,0.1519,-0.1580,-0.0017,0.3374,-0.3583,-0.0038,0.2643,-0.3595,0.1086,0.2643,-0.4264,0.1079,0.3174,-0.4773,0.1077,0.2533,0.0000,0.0900,0.0613,0.0227,0.0000,0.0000,0.1000,0.0266,0.0399,10.0522,11.9406
11.6800,0.0000,0.0000,0.1519,-0.1582,-0.0017,0.3372,-0.3585,-0.0038,0.2640,-0.3596,0.1086,0.2640,-0.4265,0.1079,0.3170,-0.4774,0.1077,0.2529,0.0000,0.0908,0.0618,0.0229,0.0000,0.0000,0.1000,0.0266,0.0399,10.0502,11.9380
11.6880,0.0000,0.0000,0.1519,-0.1584,-0.0017,0.3371,-0.3586,-0.0038,0.2637,-0.3598,0.1086,0.2637,-0.4267,0.1079,0.3167,-0.4775,0.1077,0.2525,0.0000,0.0916,0.0622,0.0230,0.0000,0.0000,0.1000,0.0266,0.0399,10.0481,11.9354
11.6960,0.0000,0.0000,0.1519,-0.1586,-0.0017,0.3369,-0.3587,-0.0038,0.2634,-0.3599,0.1086,0.2634,-0.4268,0.1079,0.3163,-0.4776,0.1077,0.2521,0.0000,0.0923,0.0626,0.0232,0.0000,0.0000,0.1000,0.0266,0.0399,10.0461,11.9328
11.7040,0.0000,0.0000,0.1519,-0.1587,-0.0017,0.3367,-0.3588,-0.0038,0.2630,-0.3600,0.1086,0.2630,-0.4270,0.1079,0.3160,-0.4778,0.1077,0.2517,0.0000,0.0931,0.0630,0.0234,0.0000,0.0000,0.1000,0.0266,0.0399,10.0439,11.9300
11.7120,0.0000,0.0000,0.1519,-0.1589,-0.0017,0.3366,-0.3590,-0.0038,0.2628,-0.3602,0.1086,0.2628,-0.4271,0.1079,0.3157,-0.4779,0.1077,0.2514,0.0000,0.0937,0.0633,0.0235,0.0000,0.0000,0.1000,0.0266,0.0399,10.0417,11.9273
11.7200,0.0000,0.0000,0.1519,-0.1591,-0.0017,0.3364,-0.3591,-0.0038,0.2625,-0.3603,0.1086,0.2625,-0.4273,0.1079,0.3153,-0.4780,0.1077,0.2511,0.0000,0.0944,0.0637,0.0237,0.0000,0.0000,0.1000,0.0266,0.0399,10.0396,11.9246
11.7280,0.0000,0.0000,0.1519,-0.1593,-0.0017,0.3363,-0.3592,-0.0038,0.2621,-0.3604,0.1086,0.2621,-0.4274,0.1079,0.3150,-0.4781,0.1077,0.2507,0.0000,0.0952,0.0641,0.0238,0.0000,0.0000,0.1000,0.0266,0.0399,10.0374,11.9219
11.7360,0.0000,0.0000,0.1519,-0.1595,-0.0017,0.3361,-0.3594,-0.0038,0.2618,-0.3605,0.1086,0.2618,-0.4276,0.1079,0.3147,-0.4783,0.1077,0.2503,0.0000,0.0959,0.0645,0.0240,0.0000,0.0000,0.1000,0.0266,0.0399,10.0355,11.9195
11.7440,0.0000,0.0000,0.1519,-0.1597,-0.0017,0.3359,-0.3595,-0.0038,0.2615,-0.3607,0.1086,0.2615,-0.4277,0.1079,0.3143,-0.4784,0.1077,0.2500,0.0000,0.0966,0.0649,0.0241,0.0000,0.0000,0.1000,0.0266,0.0399,10.0332,11.9167
11.7520,0.0000,0.0000,0.1519,-0.1598,-0.0017,0.3358,-0.3596,-0.0038,0.2612,-0.3608,0.1086,0.2612,-0.4279,0.1079,0.3140,-0.4785,0.1077,0.2496,0.0000,0.0974,0.0652,0.0243,0.0000,0.0000,0.1000,0.0266,0.0399,10.0311,11.9140
11.7600,0.0000,0.0000,0.1519,-0.1600,-0.0017,0.3356,-0.3597,-0.0038,0.2609,-0.3609,0.1086,0.2609,-0.4280,0.1079,0.3136,-0.4786,0.1077,0.2492,0.0000,0.0981,0.0656,0.0245,0.0000,0.0000,0.1000,0.0266,0.0399,10.0291,11.9115
11.7680,0.0000,0.0000,0.1519,-0.1602,-0.0017,0.3355,-0.3599,-0.0038,0.2606,-0.3610,0.1086,0.2606,-0.4282,0.1079,0.3133,-0.4787,0.1077,0.2489,0.0000,0.0987,0.0660,0.0246,0.0000,0.0000,0.1000,0.0266,0.0399,10.0270,11.9088
11.7760,0.0000,0.0000,0.1519,-0.1604,-0.0017,0.3353,-0.3600,-0.0038,0.2603,-0.3612,0.1086,0.2603,-0.4283,0.1079,0.3130,-0.4789,0.1077,0.2486,0.0000,0.0994,0.0663,0.0248,0.0000,0.0000,0.1000,0.0266,0.0399,10.0248,11.9061
11.7840,0.0000,0.0000,0.1519,-0.1606,-0.0017,0.3352,-0.3601,-0.0038,0.2600,-0.3613,0.1086,0.2600,-0.4285,0.1079,0.3127,-0.4790,0.1077,0.2482,0.0000,0.1001,0.0667,0.0249,0.0000,0.0000,0.1000,0.0266,0.0399,10.0227,11.9034
11.7920,0.0000,0.0000,0.1519,-0.1607,-0.0017,0.3350,-0.3602,-0.0038,0.2597,-0.3614,0.1086,0.2597,-0.4286,0.1078,0.3124,-0.4791,0.1077,0.2479,0.0000,0.1008,0.0670,0.0251,0.0000,0.0000,0.1000,0.0266,0.0399,10.0206,11.9009
11.8000,0.0000,0.0000,0.1519,-0.1609,-0.0017,0.3349,-0.3604,-0.0038,0.2594,-0.3615,0.1086,0.2594,-0.4287,0.1079,0.3120,-0.4792,0.1077,0.2476,0.0000,0.1015,0.0674,0.0252,0.0000,0.0000,0.1000,0.0266,0.0399,10.0186,11.8983
11.8080,0.0000,0.0000,0.1519,-0.1611,-0.0017,0.3347,-0.3605,-0.0038,0.2591,-0.3617,0.1085,0.2591,-0.4289,0.1078,0.3117,-0.4793,0.1077,0.2472,0.0000,0.1022,0.0678,0.0254,0.0000,0.0000,0.1000,0.0266,0.0399,10.0165,11.8957
11.8160,0.0000,0.0000,0.1519,-0.1613,-0.0017,0.3345,-0.3606,-0.0038,0.2588,-0.3618,0.1086,0.2588,-0.4290,0.1079,0.3114,-0.4795,0.1077,0.2469,0.0000,0.1028,0.0681,0.0255,0.0000,0.0000,0.1000,0.0266,0.0399,10.0145,11.8931
11.8240,0.0000,0.0000,0.1519,-0.1614,-0.0017,0.3344,-0.3607,-0.0038,0.2585,-0.3619,0.1086,0.2585,-0.4292,0.1079,0.3111,-0.4796,0.1077,0.2465,0.0000,0.1035,0.0685,0.0257,0.0000,0.0000,0.1000,0.0266,0.0399,10.0123,11.8904
11.8320,0.0000,0.0000,0.1519,-0.1616,-0.0017,0.3342,-0.3608,-0.0038,0.2582,-0.3620,0.1085,0.2582,-0.4293,0.1078,0.3107,-0.4797,0.1077,0.2461,0.0000,0.1043,0.0689,0.0258,0.0000,0.0000,0.1000,0.0266,0.0399,10.0101,11.8876
11.8400,0.0000,0.0000,0.1519,-0.1618,-0.0017,0.3341,-0.3610,-0.0038,0.2579,-0.3621,0.1086,0.2579,-0.4294,0.1078,0.3104,-0.4798,0.1077,0.2458,0.0000,0.1050,0.0693,0.0260,0.0000,0.0000,0.1000,0.0266,0.0399,10.0082,11.8852
11.8480,0.0000,0.0000,0.1519,-0.1620,-0.0017,0.3339,-0.3611,-0.0038,0.2576,-0.3623,0.1086,0.2576,-0.4296,0.1078,0.3100,-0.4799,0.1077,0.2454,0.0000,0.1057,0.0696,0.0261,0.0000,0.0000,0.1000,0.0266,0.0399,10.0061,11.8826
11.8560,0.0000,0.0000,0.1519,-0.1621,-0.0017,0.3338,-0.3612,-0.0038,0.2573,-0.3624,0.1085,0.2573,-0.4297,0.1078,0.3097,-0.4800,0.1077,0.2451,0.0000,0.1064,0.0700,0.0263,0.0000,0.0000,0.1000,0.0266,0.0399,10.0040,11.8800
11.8640,0.0000,0.0000,0.1519,-0.1623,-0.0017,0.3336,-0.3613,-0.0038,0.2570,-0.3625,0.1085,0.2570,-0.4299,0.1078,0.3094,-0.4802,0.1077,0.2447,0.0000,0.1071,0.0704,0.0265,0.0000,0.0000,0.1000,0.0266,0.0399,10.0017,11.8772
11.8720,0.0000,0.0000,0.1519,-0.1625,-0.0017,0.3334,-0.3615,-0.0038,0.2567,-0.3626,0.1086,0.2567,-0.4300,0.1078,0.3091,-0.4803,0.1077,0.2444,0.0000,0.1078,0.0708,0.0266,0.0000,0.0000,0.1000,0.0266,0.0399,9.9997,11.8747
11.8800,0.0000,0.0000,0.1519,-0.1627,-0.0017,0.3333,-0.3616,-0.0038,0.2564,-0.3628,0.1086,0.2564,-0.4302,0.1079,0.3087,-0.4804,0.1077,0.2440,0.0000,0.1085,0.0711,0.0268,0.0000,0.0000,0.1000,0.0266,0.0399,9.9976,11.8720
11.8880,0.0000,0.0000,0.1519,-0.1629,-0.0017,0.3331,-0.3617,-0.0038,0.2561,-0.3629,0.1085,0.2561,-0.4303,0.1078,0.3084,-0.4805,0.1077,0.2437,0.0000,0.1092,0.0715,0.0269,0.0000,0.0000,0.1000,0.0266,0.0399,9.9955,11.8694
11.8960,0.0000,0.0000,0.1519,-0.1630,-0.0017,0.3330,-0.3618,-0.0038,0.2558,-0.3630,0.1086,0.2558,-0.4304,0.1078,0.3081,-0.4806,0.1077,0.2434,0.0000,0.1098,0.0718,0.0270,0.0000,0.0000,0.1000,0.0266,0.0399,9.9934,11.8668
11.9040,0.0000,0.0000,0.1519,-0.1632,-0.0017,0.3328,-0.3619,-0.0038,0.2555,-0.3631,0.1085,0.2555,-0.4306,0.1078,0.3077,-0.4807,0.1077,0.2430,0.0000,0.1105,0.0722,0.0272,0.0000,0.0000,0.1000,0.0266,0.0399,9.9913,11.8641
11.9120,0.0000,0.0000,0.1519,-0.1634,-0.0017,0.3326,-0.3620,-0.0038,0.2552,-0.3632,0.1085,0.2552,-0.4307,0.1078,0.3074,-0.4808,0.1077,0.2427,0.0000,0.1112,0.0726,0.0274,0.0000,0.0000,0.1000,0.0266,0.0399,9.9892,11.8615
11.9200,0.0000,0.0000,0.1519,-0.1635,-0.0017,0.3325,-0.3622,-0.0038,0.2549,-0.3633,0.1085,0.2549,-0.4308,0.1078,0.3071,-0.4810,0.1077,0.2423,0.0000,0.1119,0.0729,0.0275,0.0000,0.0000,0.1000,0.0266,0.0399,9.9872,11.8590
11.9280,0.0000,0.0000,0.1519,-0.1637,-0.0017,0.3323,-0.3623,-0.0038,0.2546,-0.3635,0.1085,0.2546,-0.4310,0.1078,0.3068,-0.4811,0.1077,0.2420,0.0000,0.1126,0.0733,0.0277,0.0000,0.0000,0.1000,0.0266,0.0399,9.9852,11.8565
11.9360,0.0000,0.0000,0.1519,-0.1639,-0.0017,0.3322,-0.3624,-0.0038,0.2543,-0.3636,0.1085,0.2543,-0.4311,0.1078,0.3065,-0.4812,0.1077,0.2417,0.0000,0.1132,0.0736,0.0278,0.0000,0.0000,0.1000,0.0266,0.0399,9.9830,11.8538
11.9440,0.0000,0.0000,0.1519,-0.1641,-0.0017,0.3320,-0.3625,-0.0038,0.2540,-0.3637,0.1085,0.2540,-0.4313,0.1078,0.3062,-0.4813,0.1077,0.2413,0.0000,0.1139,0.0740,0.0280,0.0000,0.0000,0.1000,0.0266,0.0399,9.9808,11.8510
11.9520,0.0000,0.0000,0.1519,-0.1642,-0.0017,0.3319,-0.3626,-0.0038,0.2537,-0.3638,0.1085,0.2537,-0.4314,0.1078,0.3058,-0.4814,0.1077,0.2410,0.0000,0.1146,0.0743,0.0281,0.0000,0.0000,0.1000,0.0266,0.0399,9.9789,11.8486
11.9600,0.0000,0.0000,0.1519,-0.1644,-0.0017,0.3317,-0.3627,-0.0038,0.2534,-0.3639,0.1085,0.2534,-0.4315,0.1078,0.3055,-0.4815,0.1077,0.2406,0.0000,0.1152,0.0747,0.0283,0.0000,0.0000,0.1000,0.0266,0.0399,9.9768,11.8461
11.9680,0.0000,0.0000,0.1519,-0.1646,-0.0017,0.3316,-0.3629,-0.0038,0.2531,-0.3640,0.1085,0.2531,-0.4317,0.1078,0.3052,-0.4816,0.1077,0.2403,0.0000,0.1159,0.0750,0.0284,0.0000,0.0000,0.1000,0.0266,0.0399,9.9747,11.8434
11.9760,0.0000,0.0000,0.1519,-0.1647,-0.0017,0.3314,-0.3630,-0.0038,0.2529,-0.3641,0.1085,0.2529,-0.4318,0.1078,0.3049,-0.4817,0.1077,0.2400,0.0000,0.1165,0.0753,0.0285,0.0000,0.0000,0.1000,0.0266,0.0399,9.9727,11.8410
11.9840,0.0000,0.0000,0.1519,-0.1649,-0.0017,0.3313,-0.3631,-0.0038,0.2526,-0.3643,0.1085,0.2526,-0.4319,0.1078,0.3046,-0.4818,0.1077,0.2397,0.0000,0.1171,0.0757,0.0287,0.0000,0.0000,0.1000,0.0266,0.0399,9.9707,11.8384
11.9920,0.0000,0.0000,0.1519,-0.1651,-0.0017,0.3311,-0.3632,-0.0038,0.2523,-0.3644,0.1085,0.2523,-0.4320,0.1078,0.3043,-0.4820,0.1077,0.2394,0.0000,0.1178,0.0760,0.0288,0.0000,0.0000,0.1000,0.0266,0.0399,9.9685,11.8357
12.0000,0.0000,0.0000,0.1519,-0.1652,-0.0017,0.3310,-0.3633,-0.0038,0.2520,-0.3645,0.1085,0.2520,-0.4322,0.1078,0.3040,-0.4821,0.1077,0.2390,0.0000,0.1184,0.0764,0.0290,0.0000,0.0000,0.1000,0.0266,0.0399,9.9664,11.8332
12.0080,0.0000,0.0000,0.1519,-0.1654,-0.0017,0.3308,-0.3634,-0.0038,0.2517,-0.3646,0.1085,0.2517,-0.4323,0.1078,0.3037,-0.4822,0.1077,0.2387,0.0000,0.1191,0.0767,0.0291,0.0000,0.0000,0.1000,0.0266,0.0399,9.9644,11.8306
12.0160,0.0000,0.0000,0.1519,-0.1656,-0.0017,0.3307,-0.3635,-0.0038,0.2514,-0.3647,0.1085,0.2514,-0.4324,0.1078,0.3034,-0.4823,0.1077,0.2384,0.0000,0.1198,0.0771,0.0293,0.0000,0.0000,0.1000,0.0266,0.0399,9.9624,11.8282
12.0240,0.0000,0.0000,0.1519,-0.1657,-0.0017,0.3305,-0.3636,-0.0038,0.2511,-0.3648,0.1085,0.2511,-0.4326,0.1078,0.3030,-0.4824,0.1077,0.2380,0.0000,0.1204,0.0774,0.0294,0.0000,0.0000,0.1000,0.0266,0.0399,9.9604,11.8257
12.0320,0.0000,0.0000,0.1519,-0.1659,-0.0017,0.3304,-0.3637,-0.0038,0.2509,-0.3649,0.1085,0.2509,-0.4327,0.1078,0.3028,-0.4825,0.1077,0.2377,0.0000,0.1210,0.0777,0.0295,0.0000,0.0000,0.1000,0.0266,0.0399,9.9585,11.8233
12.0400,0.0000,0.0000,0.1519,-0.1660,-0.0017,0.3302,-0.3639,-0.0038,0.2506,-0.3650,0.1085,0.2506,-0.4328,0.1078,0.3024,-0.4826,0.1077,0.2374,0.0000,0.1217,0.0781,0.0297,0.0000,0.0000,0.1000,0.0266,0.0399,9.9564,11.8207
12.0480,0.0000,0.0000,0.1519,-0.1662,-0.0017,0.3301,-0.3640,-0.0038,0.2503,-0.3651,0.1085,0.2503,-0.4329,0.1078,0.3021,-0.4827,0.1077,0.2371,0.0000,0.1223,0.0784,0.0298,0.0000,0.0000,0.1000,0.0266,0.0399,9.9545,11.8184
12.0560,0.0000,0.0000,0.1519,-0.1664,-0.0017,0.3299,-0.3641,-0.0038,0.2500,-0.3653,0.1085,0.2500,-0.4331,0.1078,0.3019,-0.4828,0.1077,0.2368,0.0000,0.1229,0.0787,0.0299,0.0000,0.0000,0.1000,0.0266,0.0399,9.9524,11.8157
12.0640,0.0000,0.0000,0.1519,-0.1665,-0.0018,0.3298,-0.3642,-0.0038,0.2498,-0.3654,0.1085,0.2498,-0.4332,0.1078,0.3016,-0.4829,0.1077,0.2365,0.0000,0.1235,0.0790,0.0301,0.0000,0.0000,0.1000,0.0266,0.0399,9.9504,11.8133
12.0720,0.0000,0.0000,0.1519,-0.1667,-0.0018,0.3296,-0.3643,-0.0038,0.2495,-0.3655,0.1085,0.2495,-0.4333,0.1078,0.3013,-0.4830,0.1077,0.2362,0.0000,0.1241,0.0793,0.0302,0.0000,0.0000,0.1000,0.0266,0.0399,9.9486,11.8110
12.0800,0.0000,0.0000,0.1519,-0.1668,-0.0018,0.3295,-0.3644,-0.0038,0.2492,-0.3656,0.1085,0.2492,-0.4334,0.1078,0.3010,-0.4831,0.1077,0.2359,0.0000,0.1247,0.0797,0.0304,0.0000,0.0000,0.1000,0.0266,0.0399,9.9465,11.8084
12.0880,0.0000,0.0000,0.1519,-0.1670,-0.0018,0.3293,-0.3645,-0.0038,0.2490,-0.3657,0.1085,0.2490,-0.4336,0.1078,0.3007,-0.4832,0.1077,0.2356,0.0000,0.1253,0.0800,0.0305,0.0000,0.0000,0.1000,0.0266,0.0399,9.9446,11.8060
12.0960,0.0000,0.0000,0.1519,-0.1671,-0.0018,0.3292,-0.3646,-0.0038,0.2487,-0.3658,0.1085,0.2487,-0.4337,0.1078,0.3004,-0.4833,0.1077,0.2352,0.0000,0.1259,0.0803,0.0306,0.0000,0.0000,0.1000,0.0266,0.0399,9.9426,11.8035
12.1040,0.0000,0.0000,0.1519,-0.1673,-0.0018,0.3290,-0.3647,-0.0038,0.2484,-0.3659,0.1085,0.2484,-0.4338,0.1078,0.3001,-0.4834,0.1077,0.2349,0.0000,0.1266,0.0806,0.0308,0.0000,0.0000,0.1000,0.0266,0.0399,9.9405,11.8010
12.1120,0.0000,0.0000,0.1519,-0.1675,-0.0017,0.3289,-0.3648,-0.0038,0.2481,-0.3660,0.1085,0.2481,-0.4339,0.1078,0.2998,-0.4835,0.1077,0.2346,0.0000,0.1272,0.0810,0.0309,0.0000,0.0000,0.1000,0.0266,0.0399,9.9385,11.7986
12.1200,0.0000,0.0000,0.1519,-0.1676,-0.0018,0.3287,-0.3649,-0.0038,0.2478,-0.3661,0.1085,0.2478,-0.4341,0.1078,0.2995,-0.4836,0.1077,0.2343,0.0000,0.1278,0.0813,0.0311,0.0000,0.0000,0.1000,0.0266,0.0399,9.9365,11.7960
12.1280,0.0000,0.0000,0.1519,-0.1678,-0.0018,0.3286,-0.3650,-0.0038,0.2475,-0.3662,0.1085,0.2475,-0.4342,0.1078,0.2992,-0.4837,0.1077,0.2339,0.0000,0.1285,0.0817,0.0312,0.0000,0.0000,0.1000,0.0266,0.0399,9.9345,11.7936
12.1360,0.0000,0.0000,0.1519,-0.1679,-0.0018,0.3284,-0.3651,-0.0038,0.2473,-0.3663,0.1085,0.2473,-0.4343,0.1078,0.2989,-0.4838,0.1077,0.2336,0.0000,0.1291,0.0820,0.0314,0.0000,0.0000,0.1000,0.0266,0.0399,9.9326,11.7913
12.1440,0.0000,0.0000,0.1519,-0.1681,-0.0018,0.3283,-0.3652,-0.0038,0.2469,-0.3664,0.1085,0.2469,-0.4344,0.1078,0.2985,-0.4839,0.1077,0.2333,0.0000,0.1298,0.0824,0.0315,0.0000,0.0000,0.1000,0.0266,0.0399,9.9306,11.7887
12.1520,0.0000,0.0000,0.1519,-0.1683,-0.0018,0.3281,-0.3653,-0.0038,0.2467,-0.3665,0.1085,0.2467,-0.4346,0.1078,0.2982,-0.4840,0.1077,0.2329,0.0000,0.1305,0.0827,0.0317,0.0000,0.0000,0.1000,0.0266,0.0399,9.9285,11.7862
12.1600,0.0000,0.0000,0.1519,-0.1684,-0.0018,0.3280,-0.3655,-0.0038,0.2464,-0.3666,0.1085,0.2464,-0.4347,0.1078,0.2979,-0.4841,0.1077,0.2326,0.0000,0.1311,0.0830,0.0318,0.0000,0.0000,0.1000,0.0266,0.0399,9.9265,11.7837
12.1680,0.0000,0.0000,0.1519,-0.1686,-0.0018,0.3278,-0.3656,-0.0038,0.2461,-0.3667,0.1085,0.2461,-0.4348,0.1078,0.2976,-0.4842,0.1077,0.2323,0.0000,0.1316,0.0833,0.0319,0.0000,0.0000,0.1000,0.0266,0.0399,9.9246,11.7814
12.1760,0.0000,0.0000,0.1519,-0.1687,-0.0018,0.3277,-0.3657,-0.0038,0.2459,-0.3668,0.1085,0.2459,-0.4349,0.1078,0.2974,-0.4843,0.1077,0.2320,0.0000,0.1322,0.0836,0.0321,0.0000,0.0000,0.1000,0.0266,0.0399,9.9226,11.7789
12.1840,0.0000,0.0000,0.1519,-0.1689,-0.0018,0.3275,-0.3658,-0.0038,0.2456,-0.3669,0.1085,0.2456,-0.4350,0.1078,0.2970,-0.4844,0.1077,0.2317,0.0000,0.1328,0.0840,0.0322,0.0000,0.0000,0.1000,0.0266,0.0399,9.9207,11.7765
12.1920,0.0000,0.0000,0.1519,-0.1690,-0.0018,0.3274,-0.3659,-0.0038,0.2453,-0.3670,0.1085,0.2453,-0.4351,0.1078,0.2967,-0.4845,0.1077,0.2314,0.0000,0.1335,0.0843,0.0323,0.0000,0.0000,0.1000,0.0266,0.0399,9.9186,11.7740
12.2000,0.0000,0.0000,0.1519,-0.1692,-0.0018,0.3272,-0.3660,-0.0039,0.2450,-0.3672,0.1085,0.2450,-0.4353,0.1078,0.2965,-0.4846,0.1076,0.2311,0.0000,0.1341,0.0846,0.0325,0.0000,0.0000,0.1000,0.0266,0.0399,9.9165,11.7714
12.2080,0.0000,0.0000,0.1519,-0.1694,-0.0018,0.3271,-0.3661,-0.0038,0.2447,-0.3672,0.1085,0.2447,-0.4354,0.1078,0.2961,-0.4847,0.1077,0.2308,0.0000,0.1347,0.0849,0.0326,0.0000,0.0000,0.1000,0.0266,0.0399,9.9147,11.7691
12.2160,0.0000,0.0000,0.1519,-0.1695,-0.0018,0.3269,-0.3662,-0.0039,0.2445,-0.3674,0.1085,0.2445,-0.4355,0.1078,0.2959,-0.4848,0.1077,0.2305,0.0000,0.1353,0.0852,0.0327,0.0000,0.0000,0.1000,0.0266,0.0399,9.9126,11.7666
12.2240,0.0000,0.0000,0.1519,-0.1697,-0.0018,0.3268,-0.3663,-0.0039,0.2442,-0.3675,0.1085,0.2442,-0.4356,0.1078,0.2956,-0.4849,0.1077,0.2302,0.0000,0.1359,0.0856,0.0329,0.0000,0.0000,0.1000,0.0266,0.0399,9.9104,11.7639
12.2320,0.0000,0.0000,0.1519,-0.1698,-0.0018,0.3266,-0.3664,-0.0039,0.2439,-0.3676,0.1085,0.2439,-0.4358,0.1078,0.2953,-0.4850,0.1076,0.2298,0.0000,0.1365,0.0859,0.0330,0.0000,0.0000,0.1000,0.0266,0.0399,9.9085,11.7615
12.2400,0.0000,0.0000,0.1519,-0.1700,-0.0018,0.3265,-0.3665,-0.0038,0.2437,-0.3677,0.1085,0.2437,-0.4359,0.1078,0.2950,-0.4851,0.1077,0.2295,0.0000,0.1371,0.0862,0.0332,0.0000,0.0000,0.1000,0.0266,0.0399,9.9068,11.7594
12.2480,0.0000,0.0000,0.1519,-0.1701,-0.0018,0.3263,-0.3666,-0.0038,0.2434,-0.3678,0.1085,0.2434,-0.4360,0.1078,0.2947,-0.4852,0.1077,0.2292,0.0000,0.1377,0.0865,0.0333,0.0000,0.0000,0.1000,0.0266,0.0399,9.9049,11.7570
12.2560,0.0000,0.0000,0.1519,-0.1703,-0.0018,0.3262,-0.3667,-0.0039,0.2431,-0.3679,0.1085,0.2431,-0.4361,0.1078,0.2944,-0.4853,0.1076,0.2289,0.0000,0.1383,0.0868,0.0334,0.0000,0.0000,0.1000,0.0266,0.0399,9.9028,11.7545
12.2640,0.0000,0.0000,0.1519,-0.1704,-0.0018,0.3260,-0.3668,-0.0038,0.2429,-0.3680,0.1085,0.2429,-0.4362,0.1078,0.2941,-0.4854,0.1077,0.2287,0.0000,0.1388,0.0871,0.0335,0.0000,0.0000,0.1000,0.0266,0.0399,9.9008,11.7521
12.2720,0.0000,0.0000,0.1519,-0.1706,-0.0018,0.3259,-0.3669,-0.0039,0.2426,-0.3681,0.1085,0.2426,-0.4363,0.1078,0.2939,-0.4855,0.1076,0.2284,0.0000,0.1394,0.0874,0.0337,0.0000,0.0000,0.1000,0.0266,0.0399,9.8988,11.7496
12.2800,0.0000,0.0000,0.1519,-0.1707,-0.0018,0.3257,-0.3670,-0.0038,0.2423,-0.3682,0.1085,0.2423,-0.4364,0.1078,0.2935,-0.4856,0.1077,0.2280,0.0000,0.1400,0.0877,0.0338,0.0000,0.0000,0.1000,0.0266,0.0399,9.8968,11.7471
12.2880,0.0000,0.0000,0.1519,-0.1709,-0.0018,0.3256,-0.3671,-0.0039,0.2421,-0.3683,0.1085,0.2421,-0.4365,0.1078,0.2933,-0.4857,0.1076,0.2278,0.0000,0.1406,0.0880,0.0339,0.0000,0.0000,0.1000,0.0266,0.0399,9.8950,11.7449
12.2960,0.0000,0.0000,0.1519,-0.1710,-0.0018,0.3254,-0.3672,-0.0039,0.2418,-0.3684,0.1085,0.2418,-0.4367,0.1078,0.2930,-0.4858,0.1076,0.2274,0.0000,0.1412,0.0883,0.0341,0.0000,0.0000,0.1000,0.0266,0.0399,9.8931,11.7425
12.3040,0.0000,0.0000,0.1519,-0.1712,-0.0018,0.3253,-0.3673,-0.0039,0.2415,-0.3685,0.1085,0.2415,-0.4368,0.1078,0.2927,-0.4859,0.1077,0.2272,0.0000,0.1417,0.0886,0.0342,0.0000,0.0000,0.1000,0.0266,0.0399,9.8912,11.7402
12.3120,0.0000,0.0000,0.1519,-0.1713,-0.0018,0.3251,-0.3674,-0.0039,0.2413,-0.3686,0.1085,0.2413,-0.4369,0.1078,0.2924,-0.4860,0.1077,0.2269,0.0000,0.1423,0.0889,0.0343,0.0000,0.0000,0.1000,0.0266,0.0399,9.8892,11.7378
12.3200,0.0000,0.0000,0.1519,-0.1715,-0.0018,0.3250,-0.3675,-0.0039,0.2410,-0.3686,0.1085,0.2410,-0.4370,0.1078,0.2921,-0.4860,0.1077,0.2266,0.0000,0.1429,0.0892,0.0345,0.0000,0.0000,0.1000,0.0266,0.0399,9.8873,11.7355
12.3280,0.0000,0.0000,0.1519,-0.1716,-0.0018,0.3249,-0.3676,-0.0039,0.2408,-0.3688,0.1085,0.2408,-0.4371,0.1078,0.2919,-0.4861,0.1076,0.2263,0.0000,0.1434,0.0895,0.0346,0.0000,0.0000,0.1000,0.0266,0.0399,9.8853,11.7330
12.3360,0.0000,0.0000,0.1519,-0.1718,-0.0018,0.3247,-0.3677,-0.0038,0.2405,-0.3688,0.1085,0.2405,-0.4372,0.1078,0.2916,-0.4862,0.1077,0.2260,0.0000,0.1440,0.0898,0.0347,0.0000,0.0000,0.1000,0.0266,0.0399,9.8835,11.7308
12.3440,0.0000,0.0000,0.1519,-0.1719,-0.0018,0.3246,-0.3677,-0.0039,0.2402,-0.3689,0.1085,0.2402,-0.4373,0.1078,0.2913,-0.4863,0.1076,0.2257,0.0000,0.1446,0.0901,0.0348,0.0000,0.0000,0.1000,0.0266,0.0399,9.8817,11.7286
12.3520,0.0000,0.0000,0.1519,-0.1720,-0.0018,0.3244,-0.3678,-0.0039,0.2400,-0.3690,0.1085,0.2400,-0.4374,0.1078,0.2910,-0.4864,0.1077,0.2254,0.0000,0.1451,0.0904,0.0350,0.0000,0.0000,0.1000,0.0266,0.0399,9.8798,11.7263
12.3600,0.0000,0.0000,0.1519,-0.1722,-0.0018,0.3243,-0.3679,-0.0039,0.2397,-0.3691,0.1085,0.2397,-0.4375,0.1078,0.2908,-0.4865,0.1076,0.2251,0.0000,0.1457,0.0907,0.0351,0.0000,0.0000,0.1000,0.0266,0.0399,9.8779,11.7239
12.3680,0.0000,0.0000,0.1519,-0.1723,-0.0018,0.3241,-0.3680,-0.0039,0.2395,-0.3692,0.1085,0.2395,-0.4376,0.1078,0.2905,-0.4866,0.1076,0.2248,0.0000,0.1462,0.0910,0.0352,0.0000,0.0000,0.1000,0.0266,0.0399,9.8760,11.7217
12.3760,0.0000,0.0000,0.1519,-0.1725,-0.0018,0.3240,-0.3681,-0.0039,0.2392,-0.3693,0.1085,0.2392,-0.4378,0.1078,0.2902,-0.4867,0.1076,0.2245,0.0000,0.1468,0.0913,0.0354,0.0000,0.0000,0.1000,0.0266,0.0399,9.8740,11.7192
12.3840,0.0000,0.0000,0.1519,-0.1726,-0.0018,0.3239,-0.3682,-0.0039,0.2390,-0.3694,0.1085,0.2390,-0.4379,0.1077,0.2900,-0.4868,0.1076,0.2243,0.0000,0.1473,0.0915,0.0355,0.0000,0.0000,0.1000,0.0266,0.0399,9.8721,11.7169
12.3920,0.0000,0.0000,0.1519,-0.1728,-0.0018,0.3237,-0.3683,-0.0039,0.2387,-0.3695,0.1085,0.2387,-0.4380,0.1078,0.2897,-0.4869,0.1076,0.2240,0.0000,0.1479,0.0919,0.0356,0.0000,0.0000,0.1000,0.0266,0.0399,9.8703,11.7147
12.4000,0.0000,0.0000,0.1519,-0.1729,-0.0018,0.3236,-0.3684,-0.0039,0.2384,-0.3696,0.1085,0.2384,-0.4381,0.1078,0.2894,-0.4870,0.1076,0.2237,0.0000,0.1484,0.0922,0.0357,0.0000,0.0000,0.1000,0.0266,0.0399,9.8684,11.7124
12.4080,0.0000,0.0000,0.1519,-0.1730,-0.0018,0.3234,-0.3685,-0.0039,0.2382,-0.3697,0.1085,0.2382,-0.4382,0.1077,0.2891,-0.4870,0.1076,0.2234,0.0000,0.1490,0.0925,0.0359,0.0000,0.0000,0.1000,0.0266,0.0399,9.8665,11.7100
12.4160,0.0000,0.0000,0.1519,-0.1732,-0.0018,0.3233,-0.3686,-0.0039,0.2379,-0.3698,0.1085,0.2379,-0.4383,0.1078,0.2888,-0.4871,0.1076,0.2231,0.0000,0.1495,0.0927,0.0360,0.0000,0.0000,0.1000,0.0266,0.0399,9.8646,11.7077
12.4240,0.0000,0.0000,0.1519,-0.1733,-0.0018,0.3231,-0.3687,-0.0039,0.2377,-0.3699,0.1085,0.2377,-0.4384,0.1078,0.2886,-0.4872,0.1076,0.2228,0.0000,0.1501,0.0930,0.0361,0.0000,0.0000,0.1000,0.0266,0.0399,9.8629,11.7056
12.4320,0.0000,0.0000,0.1519,-0.1735,-0.0018,0.3230,-0.3688,-0.0039,0.2374,-0.3700,0.1085,0.2374,-0.4385,0.1078,0.2883,-0.4873,0.1076,0.2225,0.0000,0.1506,0.0933,0.0362,0.0000,0.0000,0.1000,0.0266,0.0399,9.8610,11.7033
12.4400,0.0000,0.0000,0.1519,-0.1736,-0.0018,0.3229,-0.3689,-0.0039,0.2372,-0.3701,0.1085,0.2372,-0.4386,0.1077,0.2880,-0.4874,0.1076,0.2223,0.0000,0.1512,0.0936,0.0364,0.0000,0.0000,0.1000,0.0266,0.0399,9.8590,11.7009
12.4480,0.0000,0.0000,0.1519,-0.1737,-0.0018,0.3227,-0.3690,-0.0039,0.2369,-0.3702,0.1084,0.2369,-0.4387,0.1077,0.2878,-0.4875,0.1076,0.2220,0.0000,0.1517,0.0939,0.0365,0.0000,0.0000,0.1000,0.0266,0.0399,9.8570,11.6984
12.4560,0.0000,0.0000,0.1519,-0.1739,-0.0018,0.3226,-0.3691,-0.0039,0.2367,-0.3702,0.1085,0.2367,-0.4388,0.1077,0.2875,-0.4876,0.1076,0.2217,0.0000,0.1522,0.0941,0.0366,0.0000,0.0000,0.1000,0.0266,0.0399,9.8552,11.6962
12.4640,0.0000,0.0000,0.1519,-0.1740,-0.0018,0.3224,-0.3691,-0.0039,0.2365,-0.3703,0.1085,0.2365,-0.4389,0.1077,0.2873,-0.4877,0.1076,0.2215,0.0000,0.1527,0.0944,0.0367,0.0000,0.0000,0.1000,0.0266,0.0399,9.8535,11.6942
12.4720,0.0000,0.0000,0.1519,-0.1742,-0.0018,0.3223,-0.3692,-0.0039,0.2362,-0.3704,0.1085,0.2362,-0.4390,0.1077,0.2870,-0.4877,0.1076,0.2212,0.0000,0.1532,0.0947,0.0368,0.0000,0.0000,0.1000,0.0266,0.0399,9.8516,11.6918
12.4800,0.0000,0.0000,0.1519,-0.1743,-0.0018,0.3221,-0.3693,-0.0039,0.2359,-0.3705,0.1085,0.2359,-0.4391,0.1077,0.2867,-0.4878,0.1076,0.2209,0.0000,0.1538,0.0949,0.0370,0.0000,0.0000,0.1000,0.0266,0.0399,9.8497,11.6895
12.4880,0.0000,0.0000,0.1519,-0.1744,-0.0018,0.3220,-0.3694,-0.0039,0.2357,-0.3706,0.1085,0.2357,-0.4392,0.1077,0.2865,-0.4879,0.1076,0.2206,0.0000,0.1543,0.0952,0.0371,0.0000,0.0000,0.1000,0.0266,0.0399,9.8479,11.6873
12.4960,0.0000,0.0000,0.1519,-0.1746,-0.0018,0.3219,-0.3695,-0.0039,0.2355,-0.3707,0.1085,0.2355,-0.4393,0.1077,0.2862,-0.4880,0.1076,0.2203,0.0000,0.1548,0.0955,0.0372,0.0000,0.0000,0.1000,0.0266,0.0399,9.8461,11.6851
12.5040,0.0000,0.0000,0.1519,-0.1747,-0.0018,0.3217,-0.3696,-0.0039,0.2352,-0.3708,0.1085,0.2352,-0.4394,0.1077,0.2859,-0.4881,0.1076,0.2200,0.0000,0.1554,0.0958,0.0373,0.0000,0.0000,0.1000,0.0266,0.0399,9.8443,11.6829
12.5120,0.0000,0.0000,0.1519,-0.1748,-0.0018,0.3216,-0.3697,-0.0039,0.2349,-0.3709,0.1085,0.2349,-0.4395,0.1077,0.2856,-0.4882,0.1076,0.2198,0.0000,0.1559,0.0961,0.0375,0.0000,0.0000,0.1000,0.0266,0.0399,9.8425,11.6807
12.5200,0.0000,0.0000,0.1519,-0.1750,-0.0018,0.3214,-0.3698,-0.0039,0.2347,-0.3710,0.1085,0.2347,-0.4396,0.1077,0.2854,-0.4883,0.1076,0.2195,0.0000,0.1565,0.0964,0.0376,0.0000,0.0000,0.1000,0.0266,0.0399,9.8406,11.6784
12.5280,0.0000,0.0000,0.1519,-0.1751,-0.0018,0.3213,-0.3699,-0.0039,0.2345,-0.3710,0.1085,0.2345,-0.4397,0.1077,0.2851,-0.4883,0.1076,0.2192,0.0000,0.1570,0.0966,0.0377,0.0000,0.0000,0.1000,0.0266,0.0399,9.8388,11.6763
12.5360,0.0000,0.0000,0.1519,-0.1752,-0.0018,0.3212,-0.3699,-0.0039,0.2342,-0.3711,0.1084,0.2342,-0.4398,0.1077,0.2849,-0.4884,0.1076,0.2190,0.0000,0.1575,0.0969,0.0378,0.0000,0.0000,0.1000,0.0266,0.0399,9.8370,11.6740
12.5440,0.0000,0.0000,0.1519,-0.1754,-0.0018,0.3210,-0.3700,-0.0039,0.2340,-0.3712,0.1085,0.2340,-0.4399,0.1077,0.2846,-0.4885,0.1076,0.2187,0.0000,0.1580,0.0972,0.0379,0.0000,0.0000,0.1000,0.0266,0.0399,9.8352,11.6718
12.5520,0.0000,0.0000,0.1519,-0.1755,-0.0018,0.3209,-0.3701,-0.0039,0.2337,-0.3713,0.1085,0.2337,-0.4400,0.1077,0.2844,-0.4886,0.1076,0.2184,0.0000,0.1585,0.0974,0.0381,0.0000,0.0000,0.1000,0.0266,0.0399,9.8334,11.6697
12.5600,0.0000,0.0000,0.1519,-0.1756,-0.0018,0.3208,-0.3702,-0.0039,0.2335,-0.3714,0.1084,0.2335,-0.4401,0.1077,0.2841,-0.4887,0.1076,0.2182,0.0000,0.1590,0.0977,0.0382,0.0000,0.0000,0.1000,0.0266,0.0399,9.8316,11.6675
12.5680,0.0000,0.0000,0.1519,-0.1758,-0.0018,0.3206,-0.3703,-0.0039,0.2333,-0.3715,0.1085,0.2333,-0.4402,0.1077,0.2839,-0.4888,0.1076,0.2179,0.0000,0.1595,0.0979,0.0383,0.0000,0.0000,0.1000,0.0266,0.0399,9.8298,11.6653
12.5760,0.0000,0.0000,0.1519,-0.1759,-0.0019,0.3205,-0.3704,-0.0039,0.2330,-0.3716,0.1084,0.2330,-0.4403,0.1077,0.2836,-0.4888,0.1076,0.2176,0.0000,0.1600,0.0982,0.0384,0.0000,0.0000,0.1000,0.0266,0.0399,9.8280,11.6631
12.5840,0.0000,0.0000,0.1519,-0.1760,-0.0019,0.3204,-0.3705,-0.0039,0.2328,-0.3716,0.1084,0.2328,-0.4404,0.1077,0.2834,-0.4889,0.1076,0.2174,0.0000,0.1605,0.0984,0.0385,0.0000,0.0000,0.1000,0.0266,0.0399,9.8263,11.6611
12.5920,0.0000,0.0000,0.1519,-0.1762,-0.0019,0.3202,-0.3705,-0.0039,0.2325,-0.3717,0.1085,0.2325,-0.4405,0.1077,0.2831,-0.4890,0.1076,0.2171,0.0000,0.1610,0.0987,0.0386,0.0000,0.0000,0.1000,0.0266,0.0399,9.8244,11.6588
12.6000,0.0000,0.0000,0.1519,-0.1763,-0.0019,0.3201,-0.3706,-0.0039,0.2323,-0.3718,0.1084,0.2323,-0.4406,0.1077,0.2829,-0.4891,0.1076,0.2169,0.0000,0.1614,0.0990,0.0387,0.0000,0.0000,0.1000,0.0266,0.0399,9.8227,11.6567
12.6080,0.0000,0.0000,0.1519,-0.1764,-0.0019,0.3199,-0.3707,-0.0039,0.2321,-0.3719,0.1084,0.2321,-0.4407,0.1077,0.2826,-0.4892,0.1076,0.2166,0.0000,0.1620,0.0992,0.0389,0.0000,0.0000,0.1000,0.0266,0.0399,9.8209,11.6545
12.6160,0.0000,0.0000,0.1519,-0.1766,-0.0019,0.3198,-0.3708,-0.0039,0.2318,-0.3720,0.1084,0.2318,-0.4408,0.1077,0.2824,-0.4893,0.1076,0.2163,0.0000,0.1624,0.0995,0.0390,0.0000,0.0000,0.1000,0.0266,0.0399,9.8190,11.6523
12.6240,0.0000,0.0000,0.1519,-0.1767,-0.0019,0.3197,-0.3709,-0.0039,0.2316,-0.3721,0.1084,0.2316,-0.4409,0.1077,0.2821,-0.4893,0.1076,0.2161,0.0000,0.1630,0.0998,0.0391,0.0000,0.0000,0.1000,0.0266,0.0399,9.8173,11.6502
12.6320,0.0000,0.0000,0.1519,-0.1768,-0.0019,0.3195,-0.3710,-0.0039,0.2314,-0.3722,0.1084,0.2314,-0.4410,0.1077,0.2819,-0.4894,0.1076,0.2158,0.0000,0.1634,0.1000,0.0392,0.0000,0.0000,0.1000,0.0266,0.0399,9.8156,11.6481
12.6400,0.0000,0.0000,0.1519,-0.1769,-0.0019,0.3194,-0.3711,-0.0039,0.2312,-0.3722,0.1084,0.2312,-0.4411,0.1077,0.2816,-0.4895,0.1076,0.2156,0.0000,0.1639,0.1002,0.0393,0.0000,0.0000,0.1000,0.0266,0.0399,9.8138,11.6460
12.6480,0.0000,0.0000,0.1519,-0.1771,-0.0019,0.3193,-0.3711,-0.0039,0.2309,-0.3723,0.1084,0.2309,-0.4411,0.1077,0.2814,-0.4896,0.1076,0.2154,0.0000,0.1643,0.1004,0.0394,0.0000,0.0000,0.1000,0.0266,0.0399,9.8122,11.6440
12.6560,0.0000,0.0000,0.1519,-0.1772,-0.0019,0.3191,-0.3712,-0.0039,0.2307,-0.3724,0.1084,0.2307,-0.4412,0.1077,0.2812,-0.4897,0.1076,0.2151,0.0000,0.1648,0.1007,0.0395,0.0000,0.0000,0.1000,0.0266,0.0399,9.8103,11.6417
12.6640,0.0000,0.0000,0.1519,-0.1773,-0.0019,0.3190,-0.3713,-0.0039,0.2305,-0.3725,0.1084,0.2305,-0.4413,0.1077,0.2809,-0.4897,0.1076,0.2149,0.0000,0.1653,0.1009,0.0396,0.0000,0.0000,0.1000,0.0266,0.0399,9.8087,11.6397
12.6720,0.0000,0.0000,0.1519,-0.1774,-0.0019,0.3189,-0.3714,-0.0039,0.2303,-0.3726,0.1084,0.2303,-0.4414,0.1077,0.2807,-0.4898,0.1076,0.2146,0.0000,0.1657,0.1012,0.0397,0.0000,0.0000,0.1000,0.0266,0.0399,9.8070,11.6378
12.6800,0.0000,0.0000,0.1519,-0.1776,-0.0019,0.3187,-0.3715,-0.0039,0.2300,-0.3727,0.1084,0.2300,-0.4415,0.1077,0.2805,-0.4899,0.1076,0.2144,0.0000,0.1662,0.1014,0.0398,0.0000,0.0000,0.1000,0.0266,0.0399,9.8052,11.6355
12.6880,0.0000,0.0000,0.1519,-0.1777,-0.0019,0.3186,-0.3715,-0.0039,0.2298,-0.3727,0.1084,0.2298,-0.4416,0.1077,0.2802,-0.4900,0.1076,0.2141,0.0000,0.1667,0.1017,0.0399,0.0000,0.0000,0.1000,0.0266,0.0399,9.8036,11.6337
12.6960,0.0000,0.0000,0.1519,-0.1778,-0.0019,0.3185,-0.3716,-0.0039,0.2296,-0.3728,0.1084,0.2296,-0.4417,0.1077,0.2800,-0.4901,0.1076,0.2139,0.0000,0.1671,0.1019,0.0401,0.0000,0.0000,0.1000,0.0266,0.0399,9.8018,11.6314
12.7040,0.0000,0.0000,0.1519,-0.1779,-0.0019,0.3183,-0.3717,-0.0039,0.2293,-0.3729,0.1084,0.2293,-0.4418,0.1077,0.2797,-0.4901,0.1076,0.2136,0.0000,0.1676,0.1022,0.0402,0.0000,0.0000,0.1000,0.0266,0.0399,9.8000,11.6293
12.7120,0.0000,0.0000,0.1519,-0.1781,-0.0019,0.3182,-0.3718,-0.0039,0.2291,-0.3730,0.1084,0.2291,-0.4419,0.1077,0.2795,-0.4902,0.1076,0.2134,0.0000,0.1681,0.1024,0.0403,0.0000,0.0000,0.1000,0.0266,0.0399,9.7982,11.6271
12.7200,0.0000,0.0000,0.1519,-0.1782,-0.0019,0.3181,-0.3719,-0.0039,0.2289,-0.3731,0.1084,0.2289,-0.4420,0.1077,0.2792,-0.4903,0.1076,0.2131,0.0000,0.1686,0.1027,0.0404,0.0000,0.0000,0.1000,0.0266,0.0399,9.7965,11.6251
12.7280,0.0000,0.0000,0.1519,-0.1783,-0.0019,0.3179,-0.3720,-0.0039,0.2286,-0.3731,0.1084,0.2286,-0.4421,0.1077,0.2790,-0.4904,0.1076,0.2128,0.0000,0.1691,0.1029,0.0405,0.0000,0.0000,0.1000,0.0266,0.0399,9.7947,11.6229
12.7360,0.0000,0.0000,0.1519,-0.1784,-0.0019,0.3178,-0.3720,-0.0039,0.2284,-0.3732,0.1084,0.2284,-0.4421,0.1077,0.2787,-0.4904,0.1076,0.2126,0.0000,0.1695,0.1032,0.0406,0.0000,0.0000,0.1000,0.0266,0.0399,9.7931,11.6209
12.7440,0.0000,0.0000,0.1519,-0.1786,-0.0019,0.3177,-0.3721,-0.0039,0.2282,-0.3733,0.1084,0.2282,-0.4422,0.1077,0.2785,-0.4905,0.1076,0.2123,0.0000,0.1700,0.1034,0.0407,0.0000,0.0000,0.1000,0.0266,0.0399,9.7913,11.6188
12.7520,0.0000,0.0000,0.1519,-0.1787,-0.0019,0.3175,-0.3722,-0.0039,0.2280,-0.3734,0.1084,0.2280,-0.4423,0.1077,0.2783,-0.4906,0.1076,0.2121,0.0000,0.1704,0.1036,0.0408,0.0000,0.0000,0.1000,0.0266,0.0399,9.7896,11.6168
12.7600,0.0000,0.0000,0.1519,-0.1788,-0.0019,0.3174,-0.3723,-0.0039,0.2278,-0.3735,0.1084,0.2278,-0.4424,0.1077,0.2781,-0.4907,0.1076,0.2119,0.0000,0.1709,0.1038,0.0409,0.0000,0.0000,0.1000,0.0266,0.0399,9.7880,11.6148
12.7680,0.0000,0.0000,0.1519,-0.1789,-0.0019,0.3173,-0.3724,-0.0039,0.2275,-0.3735,0.1084,0.2275,-0.4425,0.1077,0.2778,-0.4908,0.1076,0.2116,0.0000,0.1714,0.1041,0.0411,0.0000,0.0000,0.1000,0.0266,0.0399,9.7861,11.6126
12.7760,0.0000,0.0000,0.1519,-0.1791,-0.0019,0.3171,-0.3724,-0.0039,0.2273,-0.3736,0.1084,0.2273,-0.4426,0.1077,0.2776,-0.4908,0.1076,0.2114,0.0000,0.1718,0.1044,0.0412,0.0000,0.0000,0.1000,0.0266,0.0399,9.7846,11.6107
12.7840,0.0000,0.0000,0.1519,-0.1792,-0.0019,0.3170,-0.3725,-0.0039,0.2271,-0.3737,0.1084,0.2271,-0.4427,0.1077,0.2773,-0.4909,0.1076,0.2111,0.0000,0.1723,0.1046,0.0413,0.0000,0.0000,0.1000,0.0266,0.0399,9.7829,11.6087
12.7920,0.0000,0.0000,0.1519,-0.1793,-0.0019,0.3169,-0.3726,-0.0039,0.2268,-0.3738,0.1084,0.2268,-0.4428,0.1077,0.2771,-0.4910,0.1076,0.2109,0.0000,0.1728,0.1049,0.0414,0.0000,0.0000,0.1000,0.0266,0.0399,9.7813,11.6067
12.8000,0.0000,0.0000,0.1519,-0.1794,-0.0019,0.3167,-0.3727,-0.0039,0.2266,-0.3738,0.1084,0.2266,-0.4429,0.1077,0.2768,-0.4910,0.1076,0.2106,0.0000,0.1732,0.1051,0.0415,0.0000,0.0000,0.1000,0.0266,0.0399,9.7795,11.6046
12.8080,0.0000,0.0000,0.1519,-0.1795,-0.0019,0.3166,-0.3727,-0.0039,0.2264,-0.3739,0.1084,0.2264,-0.4429,0.1077,0.2766,-0.4911,0.1076,0.2104,0.0000,0.1736,0.1053,0.0416,0.0000,0.0000,0.1000,0.0266,0.0399,9.7779,11.6026
12.8160,0.0000,0.0000,0.1519,-0.1797,-0.0019,0.3165,-0.3728,-0.0039,0.2262,-0.3740,0.1084,0.2262,-0.4430,0.1077,0.2764,-0.4912,0.1076,0.2101,0.0000,0.1741,0.1056,0.0417,0.0000,0.0000,0.1000,0.0266,0.0399,9.7761,11.6005
12.8240,0.0000,0.0000,0.1519,-0.1798,-0.0019,0.3163,-0.3729,-0.0039,0.2259,-0.3741,0.1084,0.2259,-0.4431,0.1077,0.2761,-0.4913,0.1076,0.2099,0.0000,0.1746,0.1058,0.0418,0.0000,0.0000,0.1000,0.0266,0.0399,9.7745,11.5986
12.8320,0.0000,0.0000,0.1519,-0.1799,-0.0019,0.3162,-0.3730,-0.0039,0.2257,-0.3742,0.1084,0.2257,-0.4432,0.1077,0.2759,-0.4914,0.1076,0.2096,0.0000,0.1751,0.1060,0.0419,0.0000,0.0000,0.1000,0.0266,0.0399,9.7727,11.5964
12.8400,0.0000,0.0000,0.1519,-0.1800,-0.0019,0.3161,-0.3731,-0.0039,0.2255,-0.3742,0.1084,0.2255,-0.4433,0.1077,0.2757,-0.4914,0.1076,0.2094,0.0000,0.1754,0.1062,0.0420,0.0000,0.0000,0.1000,0.0266,0.0399,9.7711,11.5945
12.8480,0.0000,0.0000,0.1519,-0.1801,-0.0019,0.3160,-0.3731,-0.0039,0.2253,-0.3743,0.1084,0.2253,-0.4434,0.1077,0.2754,-0.4915,0.1076,0.2092,0.0000,0.1759,0.1065,0.0421,0.0000,0.0000,0.1000,0.0266,0.0399,9.7695,11.5926
12.8560,0.0000,0.0000,0.1519,-0.1802,-0.0019,0.3158,-0.3732,-0.0039,0.2251,-0.3744,0.1084,0.2251,-0.4435,0.1077,0.2752,-0.4916,0.1076,0.2090,0.0000,0.1763,0.1067,0.0422,0.0000,0.0000,0.1000,0.0266,0.0399,9.7678,11.5905
12.8640,0.0000,0.0000,0.1519,-0.1804,-0.0019,0.3157,-0.3733,-0.0039,0.2249,-0.3745,0.1084,0.2249,-0.4435,0.1077,0.2750,-0.4916,0.1076,0.2088,0.0000,0.1767,0.1069,0.0423,0.0000,0.0000,0.1000,0.0266,0.0399,9.7663,11.5887
12.8720,0.0000,0.0000,0.1519,-0.1805,-0.0019,0.3156,-0.3734,-0.0039,0.2247,-0.3746,0.1084,0.2247,-0.4436,0.1077,0.2748,-0.4917,0.1076,0.2085,0.0000,0.1771,0.1071,0.0424,0.0000,0.0000,0.1000,0.0266,0.0399,9.7645,11.5866
12.8800,0.0000,0.0000,0.1519,-0.1806,-0.0019,0.3154,-0.3734,-0.0039,0.2244,-0.3746,0.1084,0.2244,-0.4437,0.1077,0.2746,-0.4918,0.1076,0.2083,0.0000,0.1776,0.1073,0.0425,0.0000,0.0000,0.1000,0.0266,0.0399,9.7629,11.5846
12.8880,0.0000,0.0000,0.1519,-0.1807,-0.0019,0.3153,-0.3735,-0.0039,0.2242,-0.3747,0.1084,0.2242,-0.4438,0.1077,0.2744,-0.4919,0.1076,0.2081,0.0000,0.1780,0.1076,0.0426,0.0000,0.0000,0.1000,0.0266,0.0399,9.7613,11.5827
12.8960,0.0000,0.0000,0.1519,-0.1808,-0.0019,0.3152,-0.3736,-0.0039,0.2240,-0.3748,0.1084,0.2240,-0.4439,0.1077,0.2741,-0.4919,0.1076,0.2078,0.0000,0.1785,0.1078,0.0427,0.0000,0.0000,0.1000,0.0266,0.0399,9.7597,11.5808
12.9040,0.0000,0.0000,0.1519,-0.1809,-0.0019,0.3151,-0.3737,-0.0039,0.2238,-0.3749,0.1084,0.2238,-0.4439,0.1077,0.2739,-0.4920,0.1076,0.2076,0.0000,0.1788,0.1080,0.0428,0.0000,0.0000,0.1000,0.0266,0.0399,9.7580,11.5788
12.9120,0.0000,0.0000,0.1519,-0.1811,-0.0019,0.3149,-0.3737,-0.0039,0.2236,-0.3749,0.1084,0.2236,-0.4440,0.1077,0.2737,-0.4921,0.1076,0.2074,0.0000,0.1793,0.1082,0.0429,0.0000,0.0000,0.1000,0.0266,0.0399,9.7563,11.5768
12.9200,0.0000,0.0000,0.1519,-0.1812,-0.0019,0.3148,-0.3738,-0.0039,0.2234,-0.3750,0.1084,0.2234,-0.4441,0.1077,0.2735,-0.4922,0.1076,0.2072,0.0000,0.1797,0.1084,0.0430,0.0000,0.0000,0.1000,0.0266,0.0399,9.7547,11.5748
12.9280,0.0000,0.0000,0.1519,-0.1813,-0.0019,0.3147,-0.3739,-0.0039,0.2232,-0.3751,0.1084,0.2232,-0.4442,0.1077,0.2733,-0.4922,0.1076,0.2069,0.0000,0.1801,0.1086,0.0431,0.0000,0.0000,0.1000,0.0266,0.0399,9.7531,11.5729
12.9360,0.0000,0.0000,0.1519,-0.1814,-0.0019,0.3146,-0.3740,-0.0039,0.2230,-0.3752,0.1084,0.2230,-0.4443,0.1077,0.2730,-0.4923,0.1076,0.2067,0.0000,0.1805,0.1089,0.0432,0.0000,0.0000,0.1000,0.0266,0.0399,9.7515,11.5710
12.9440,0.0000,0.0000,0.1519,-0.1815,-0.0019,0.3144,-0.3740,-0.0039,0.2228,-0.3752,0.1084,0.2228,-0.4444,0.1077,0.2728,-0.4924,0.1076,0.2065,0.0000,0.1809,0.1091,0.0433,0.0000,0.0000,0.1000,0.0266,0.0399,9.7499,11.5691
12.9520,0.0000,0.0000,0.1519,-0.1816,-0.0019,0.3143,-0.3741,-0.0039,0.2226,-0.3753,0.1084,0.2226,-0.4444,0.1077,0.2726,-0.4925,0.1076,0.2063,0.0000,0.1813,0.1093,0.0434,0.0000,0.0000,0.1000,0.0266,0.0399,9.7482,11.5671
12.9600,0.0000,0.0000,0.1519,-0.1817,-0.0019,0.3142,-0.3742,-0.0039,0.2224,-0.3754,0.1084,0.2224,-0.4445,0.1077,0.2724,-0.4925,0.1076,0.2061,0.0000,0.1817,0.1094,0.0435,0.0000,0.0000,0.1000,0.0266,0.0399,9.7468,11.5654
12.9680,0.0000,0.0000,0.1519,-0.1818,-0.0019,0.3141,-0.3743,-0.0039,0.2222,-0.3754,0.1084,0.2222,-0.4446,0.1077,0.2722,-0.4926,0.1076,0.2059,0.0000,0.1820,0.1096,0.0436,0.0000,0.0000,0.1000,0.0266,0.0399,9.7454,11.5637
12.9760,0.0000,0.0000,0.1519,-0.1819,-0.0019,0.3139,-0.3743,-0.0039,0.2220,-0.3755,0.1084,0.2220,-0.4447,0.1077,0.2720,-0.4927,0.1076,0.2056,0.0000,0.1825,0.1099,0.0437,0.0000,0.0000,0.1000,0.0266,0.0399,9.7437,11.5616
12.9840,0.0000,0.0000,0.1519,-0.1821,-0.0019,0.3138,-0.3744,-0.0039,0.2218,-0.3756,0.1084,0.2218,-0.4447,0.1077,0.2718,-0.4927,0.1076,0.2054,0.0000,0.1829,0.1101,0.0438,0.0000,0.0000,0.1000,0.0266,0.0399,9.7422,11.5598
12.9920,0.0000,0.0000,0.1519,-0.1822,-0.0019,0.3137,-0.3745,-0.0039,0.2216,-0.3757,0.1084,0.2216,-0.4448,0.1077,0.2716,-0.4928,0.1076,0.2052,0.0000,0.1833,0.1103,0.0439,0.0000,0.0000,0.1000,0.0266,0.0399,9.7406,11.5580
13.0000,0.0000,0.0000,0.1519,-0.1823,-0.0019,0.3136,-0.3745,-0.0039,0.2214,-0.3757,0.1084,0.2214,-0.4449,0.1077,0.2714,-0.4929,0.1076,0.2050,0.0000,0.1837,0.1105,0.0440,0.0000,0.0000,0.1000,0.0266,0.0399,9.7391,11.5562
13.0080,0.0000,0.0000,0.1519,-0.1824,-0.0019,0.3135,-0.3746,-0.0039,0.2212,-0.3758,0.1084,0.2212,-0.4450,0.1077,0.2712,-0.4929,0.1076,0.2048,0.0000,0.1840,0.1107,0.0441,0.0000,0.0000,0.1000,0.0266,0.0399,9.7376,11.5544
13.0160,0.0000,0.0000,0.1519,-0.1825,-0.0019,0.3133,-0.3747,-0.0039,0.2210,-0.3759,0.1084,0.2210,-0.4450,0.1077,0.2710,-0.4930,0.1076,0.2046,0.0000,0.1844,0.1109,0.0442,0.0000,0.0000,0.1000,0.0266,0.0399,9.7360,11.5525
13.0240,0.0000,0.0000,0.1519,-0.1826,-0.0019,0.3132,-0.3748,-0.0039,0.2208,-0.3759,0.1084,0.2208,-0.4451,0.1077,0.2708,-0.4931,0.1076,0.2044,0.0000,0.1848,0.1111,0.0442,0.0000,0.0000,0.1000,0.0266,0.0399,9.7344,11.5506
13.0320,0.0000,0.0000,0.1519,-0.1827,-0.0019,0.3131,-0.3748,-0.0039,0.2206,-0.3760,0.1084,0.2206,-0.4452,0.1077,0.2706,-0.4932,0.1076,0.2042,0.0000,0.1852,0.1113,0.0443,0.0000,0.0000,0.1000,0.0266,0.0399,9.7330,11.5489
13.0400,0.0000,0.0000,0.1519,-0.1828,-0.0019,0.3130,-0.3749,-0.0039,0.2204,-0.3761,0.1084,0.2204,-0.4453,0.1077,0.2704,-0.4932,0.1076,0.2040,0.0000,0.1855,0.1114,0.0444,0.0000,0.0000,0.1000,0.0266,0.0399,9.7314,11.5470
13.0480,0.0000,0.0000,0.1519,-0.1829,-0.0019,0.3129,-0.3750,-0.0039,0.2202,-0.3762,0.1084,0.2202,-0.4453,0.1077,0.2702,-0.4933,0.1076,0.2038,0.0000,0.1859,0.1117,0.0445,0.0000,0.0000,0.1000,0.0266,0.0399,9.7299,11.5452
13.0560,0.0000,0.0000,0.1519,-0.1830,-0.0019,0.3127,-0.3750,-0.0039,0.2200,-0.3762,0.1084,0.2200,-0.4454,0.1077,0.2700,-0.4934,0.1076,0.2036,0.0000,0.1862,0.1118,0.0446,0.0000,0.0000,0.1000,0.0266,0.0399,9.7285,11.5435
13.0640,0.0000,0.0000,0.1519,-0.1831,-0.0019,0.3126,-0.3751,-0.0039,0.2198,-0.3763,0.1084,0.2198,-0.4455,0.1077,0.2698,-0.4934,0.1076,0.2034,0.0000,0.1866,0.1120,0.0447,0.0000,0.0000,0.1000,0.0266,0.0399,9.7268,11.5416
13.0720,0.0000,0.0000,0.1519,-0.1832,-0.0019,0.3125,-0.3752,-0.0039,0.2196,-0.3764,0.1084,0.2196,-0.4456,0.1077,0.2696,-0.4935,0.1076,0.2032,0.0000,0.1870,0.1122,0.0448,0.0000,0.0000,0.1000,0.0266,0.0399,9.7253,11.5397
13.0800,0.0000,0.0000,0.1519,-0.1833,-0.0019,0.3124,-0.3753,-0.0039,0.2194,-0.3764,0.1084,0.2194,-0.4456,0.1077,0.2694,-0.4936,0.1076,0.2030,0.0000,0.1874,0.1124,0.0449,0.0000,0.0000,0.1000,0.0266,0.0399,9.7238,11.5379
13.0880,0.0000,0.0000,0.1519,-0.1834,-0.0019,0.3123,-0.3753,-0.0039,0.2193,-0.3765,0.1084,0.2193,-0.4457,0.1077,0.2692,-0.4936,0.1076,0.2028,0.0000,0.1877,0.1126,0.0449,0.0000,0.0000,0.1000,0.0266,0.0399,9.7222,11.5361
13.0960,0.0000,0.0000,0.1519,-0.1835,-0.0019,0.3121,-0.3754,-0.0039,0.2191,-0.3766,0.1084,0.2191,-0.4458,0.1077,0.2690,-0.4937,0.1076,0.2026,0.0000,0.1882,0.1128,0.0450,0.0000,0.0000,0.1000,0.0266,0.0399,9.7207,11.5342
13.1040,0.0000,0.0000,0.1519,-0.1836,-0.0019,0.3120,-0.3755,-0.0039,0.2189,-0.3766,0.1084,0.2189,-0.4459,0.1077,0.2688,-0.4938,0.1076,0.2024,0.0000,0.1885,0.1130,0.0451,0.0000,0.0000,0.1000,0.0266,0.0399,9.7192,11.5325
13.1120,0.0000,0.0000,0.1519,-0.1838,-0.0019,0.3119,-0.3755,-0.0040,0.2187,-0.3767,0.1084,0.2187,-0.4459,0.1077,0.2686,-0.4938,0.1076,0.2022,0.0000,0.1889,0.1132,0.0452,0.0000,0.0000,0.1000,0.0266,0.0399,9.7177,11.5307
13.1200,0.0000,0.0000,0.1519,-0.1838,-0.0019,0.3118,-0.3756,-0.0039,0.2185,-0.3768,0.1084,0.2185,-0.4460,0.1077,0.2684,-0.4939,0.1076,0.2020,0.0000,0.1892,0.1133,0.0453,0.0000,0.0000,0.1000,0.0266,0.0399,9.7163,11.5291
13.1280,0.0000,0.0000,0.1519,-0.1840,-0.0019,0.3117,-0.3757,-0.0039,0.2183,-0.3768,0.1084,0.2183,-0.4461,0.1077,0.2682,-0.4940,0.1076,0.2018,0.0000,0.1897,0.1136,0.0454,0.0000,0.0000,0.1000,0.0266,0.0399,9.7148,11.5273
13.1360,0.0000,0.0000,0.1519,-0.1840,-0.0019,0.3116,-0.3757,-0.0039,0.2181,-0.3769,0.1084,0.2181,-0.4461,0.1077,0.2681,-0.4940,0.1076,0.2016,0.0000,0.1899,0.1137,0.0455,0.0000,0.0000,0.1000,0.0266,0.0399,9.7134,11.5256
13.1440,0.0000,0.0000,0.1519,-0.1842,-0.0019,0.3114,-0.3758,-0.0039,0.2179,-0.3770,0.1084,0.2179,-0.4462,0.1077,0.2679,-0.4941,0.1076,0.2014,0.0000,0.1903,0.1139,0.0456,0.0000,0.0000,0.1000,0.0266,0.0399,9.7119,11.5238
13.1520,0.0000,0.0000,0.1519,-0.1843,-0.0019,0.3113,-0.3759,-0.0039,0.2178,-0.3771,0.1084,0.2178,-0.4463,0.1077,0.2677,-0.4942,0.1076,0.2012,0.0000,0.1907,0.1141,0.0456,0.0000,0.0000,0.1000,0.0266,0.0399,9.7104,11.5221
13.1600,0.0000,0.0000,0.1519,-0.1844,-0.0019,0.3112,-0.3759,-0.0040,0.2176,-0.3771,0.1084,0.2176,-0.4464,0.1077,0.2675,-0.4942,0.1076,0.2010,0.0000,0.1910,0.1143,0.0457,0.0000,0.0000,0.1000,0.0266,0.0399,9.7089,11.5203
13.1680,0.0000,0.0000,0.1519,-0.1845,-0.0019,0.3111,-0.3760,-0.0040,0.2174,-0.3772,0.1084,0.2174,-0.4464,0.1077,0.2673,-0.4943,0.1076,0.2009,0.0000,0.1914,0.1144,0.0458,0.0000,0.0000,0.1000,0.0266,0.0399,9.7075,11.5186
13.1760,0.0000,0.0000,0.1519,-0.1846,-0.0019,0.3110,-0.3761,-0.0040,0.2172,-0.3773,0.1084,0.2172,-0.4465,0.1077,0.2671,-0.4944,0.1076,0.2007,0.0000,0.1917,0.1146,0.0459,0.0000,0.0000,0.1000,0.0266,0.0399,9.7060,11.5168
13.1840,0.0000,0.0000,0.1519,-0.1847,-0.0019,0.3108,-0.3761,-0.0039,0.2170,-0.3773,0.1084,0.2170,-0.4466,0.1077,0.2669,-0.4944,0.1076,0.2005,0.0000,0.1921,0.1148,0.0460,0.0000,0.0000,0.1000,0.0266,0.0399,9.7045,11.5151
13.1920,0.0000,0.0000,0.1519,-0.1848,-0.0019,0.3107,-0.3762,-0.0040,0.2168,-0.3774,0.1084,0.2168,-0.4466,0.1077,0.2667,-0.4945,0.1075,0.2002,0.0000,0.1925,0.1150,0.0461,0.0000,0.0000,0.1000,0.0266,0.0399,9.7030,11.5133
13.2000,0.0000,0.0000,0.1519,-0.1849,-0.0019,0.3106,-0.3763,-0.0039,0.2166,-0.3775,0.1084,0.2166,-0.4467,0.1077,0.2665,-0.4946,0.1076,0.2001,0.0000,0.1928,0.1152,0.0462,0.0000,0.0000,0.1000,0.0266,0.0399,9.7017,11.5117
13.2080,0.0000,0.0000,0.1519,-0.1850,-0.0019,0.3105,-0.3763,-0.0040,0.2164,-0.3775,0.1084,0.2164,-0.4468,0.1077,0.2663,-0.4946,0.1076,0.1999,0.0000,0.1931,0.1153,0.0462,0.0000,0.0000,0.1000,0.0266,0.0399,9.7002,11.5099
13.2160,0.0000,0.0000,0.1519,-0.1851,-0.0019,0.3104,-0.3764,-0.0040,0.2163,-0.3776,0.1084,0.2163,-0.4468,0.1077,0.2662,-0.4947,0.1075,0.1997,0.0000,0.1935,0.1155,0.0463,0.0000,0.0000,0.1000,0.0266,0.0399,9.6987,11.5081
13.2240,0.0000,0.0000,0.1519,-0.1852,-0.0019,0.3103,-0.3765,-0.0040,0.2161,-0.3777,0.1084,0.2161,-0.4469,0.1077,0.2660,-0.4948,0.1075,0.1995,0.0000,0.1938,0.1157,0.0464,0.0000,0.0000,0.1000,0.0266,0.0399,9.6973,11.5065
13.2320,0.0000,0.0000,0.1519,-0.1853,-0.0019,0.3101,-0.3765,-0.0040,0.2159,-0.3777,0.1084,0.2159,-0.4470,0.1077,0.2658,-0.4948,0.1076,0.1993,0.0000,0.1942,0.1159,0.0465,0.0000,0.0000,0.1000,0.0266,0.0399,9.6958,11.5047
13.2400,0.0000,0.0000,0.1519,-0.1854,-0.0019,0.3100,-0.3766,-0.0040,0.2157,-0.3778,0.1084,0.2157,-0.4471,0.1077,0.2656,-0.4949,0.1075,0.1992,0.0000,0.1945,0.1160,0.0466,0.0000,0.0000,0.1000,0.0266,0.0399,9.6943,11.5030
13.2480,0.0000,0.0000,0.1519,-0.1855,-0.0019,0.3099,-0.3767,-0.0040,0.2156,-0.3779,0.1084,0.2156,-0.4471,0.1077,0.2654,-0.4950,0.1076,0.1990,0.0000,0.1948,0.1162,0.0466,0.0000,0.0000,0.1000,0.0266,0.0399,9.6929,11.5013
13.2560,0.0000,0.0000,0.1519,-0.1856,-0.0020,0.3098,-0.3768,-0.0040,0.2154,-0.3779,0.1084,0.2154,-0.4472,0.1077,0.2653,-0.4951,0.1075,0.1988,0.0000,0.1951,0.1163,0.0467,0.0000,0.0000,0.1000,0.0266,0.0399,9.6915,11.4996
13.2640,0.0000,0.0000,0.1519,-0.1856,-0.0020,0.3097,-0.3768,-0.0040,0.2152,-0.3780,0.1084,0.2152,-0.4473,0.1077,0.2651,-0.4951,0.1076,0.1986,0.0000,0.1954,0.1165,0.0468,0.0000,0.0000,0.1000,0.0266,0.0399,9.6902,11.4981
13.2720,0.0000,0.0000,0.1519,-0.1857,-0.0019,0.3096,-0.3769,-0.0040,0.2150,-0.3781,0.1084,0.2150,-0.4473,0.1077,0.2649,-0.4952,0.1076,0.1985,0.0000,0.1958,0.1167,0.0469,0.0000,0.0000,0.1000,0.0266,0.0399,9.6887,11.4963
13.2800,0.0000,0.0000,0.1519,-0.1858,-0.0020,0.3095,-0.3769,-0.0040,0.2148,-0.3781,0.1084,0.2148,-0.4474,0.1076,0.2647,-0.4952,0.1075,0.1982,0.0000,0.1961,0.1169,0.0470,0.0000,0.0000,0.1000,0.0266,0.0399,9.6872,11.4946
13.2880,0.0000,0.0000,0.1519,-0.1859,-0.0020,0.3094,-0.3770,-0.0040,0.2147,-0.3782,0.1084,0.2147,-0.4475,0.1077,0.2645,-0.4953,0.1075,0.1981,0.0000,0.1965,0.1170,0.0471,0.0000,0.0000,0.1000,0.0266,0.0399,9.6860,11.4931
13.2960,0.0000,0.0000,0.1519,-0.1860,-0.0020,0.3092,-0.3771,-0.0040,0.2145,-0.3782,0.1084,0.2145,-0.4475,0.1077,0.2644,-0.4954,0.1076,0.1979,0.0000,0.1968,0.1172,0.0471,0.0000,0.0000,0.1000,0.0266,0.0399,9.6846,11.4915
13.3040,0.0000,0.0000,0.1519,-0.1861,-0.0020,0.3091,-0.3771,-0.0040,0.2143,-0.3783,0.1084,0.2143,-0.4476,0.1076,0.2642,-0.4954,0.1075,0.1977,0.0000,0.1971,0.1174,0.0472,0.0000,0.0000,0.1000,0.0266,0.0399,9.6829,11.4895
13.3120,0.0000,0.0000,0.1519,-0.1862,-0.0020,0.3090,-0.3772,-0.0040,0.2142,-0.3784,0.1084,0.2142,-0.4477,0.1077,0.2640,-0.4955,0.1076,0.1976,0.0000,0.1974,0.1175,0.0473,0.0000,0.0000,0.1000,0.0266,0.0399,9.6817,11.4881
13.3200,0.0000,0.0000,0.1519,-0.1863,-0.0020,0.3089,-0.3773,-0.0040,0.2140,-0.3785,0.1084,0.2140,-0.4477,0.1077,0.2639,-0.4956,0.1075,0.1974,0.0000,0.1977,0.1176,0.0474,0.0000,0.0000,0.1000,0.0266,0.0399,9.6803,11.4865
13.3280,0.0000,0.0000,0.1519,-0.1864,-0.0020,0.3088,-0.3773,-0.0040,0.2138,-0.3785,0.1084,0.2138,-0.4478,0.1076,0.2637,-0.4956,0.1075,0.1972,0.0000,0.1980,0.1178,0.0474,0.0000,0.0000,0.1000,0.0266,0.0399,9.6789,11.4848
13.3360,0.0000,0.0000,0.1519,-0.1865,-0.0020,0.3087,-0.3774,-0.0040,0.2137,-0.3786,0.1084,0.2137,-0.4478,0.1077,0.2635,-0.4957,0.1075,0.1971,0.0000,0.1983,0.1180,0.0475,0.0000,0.0000,0.1000,0.0266,0.0399,9.6777,11.4834
13.3440,0.0000,0.0000,0.1519,-0.1866,-0.0020,0.3086,-0.3775,-0.0040,0.2135,-0.3786,0.1084,0.2135,-0.4479,0.1076,0.2634,-0.4958,0.1075,0.1969,0.0000,0.1986,0.1181,0.0476,0.0000,0.0000,0.1000,0.0266,0.0399,9.6763,11.4817
13.3520,0.0000,0.0000,0.1519,-0.1867,-0.0020,0.3085,-0.3775,-0.0040,0.2133,-0.3787,0.1084,0.2133,-0.4480,0.1077,0.2632,-0.4958,0.1076,0.1967,0.0000,0.1989,0.1182,0.0476,0.0000,0.0000,0.1000,0.0266,0.0399,9.6750,11.4802
13.3600,0.0000,0.0000,0.1519,-0.1868,-0.0020,0.3084,-0.3776,-0.0040,0.2132,-0.3788,0.1084,0.2132,-0.4480,0.1077,0.2630,-0.4959,0.1075,0.1966,0.0000,0.1992,0.1184,0.0477,0.0000,0.0000,0.1000,0.0266,0.0399,9.6736,11.4786
13.3680,0.0000,0.0000,0.1519,-0.1869,-0.0020,0.3083,-0.3777,-0.0040,0.2130,-0.3788,0.1084,0.2130,-0.4481,0.1076,0.2629,-0.4959,0.1075,0.1964,0.0000,0.1995,0.1185,0.0478,0.0000,0.0000,0.1000,0.0266,0.0399,9.6722,11.4769
13.3760,0.0000,0.0000,0.1519,-0.1869,-0.0020,0.3081,-0.3777,-0.0039,0.2129,-0.3789,0.1084,0.2129,-0.4482,0.1077,0.2627,-0.4960,0.1076,0.1963,0.0000,0.1998,0.1187,0.0479,0.0000,0.0000,0.1000,0.0266,0.0399,9.6710,11.4754
13.3840,0.0000,0.0000,0.1519,-0.1870,-0.0020,0.3080,-0.3778,-0.0040,0.2127,-0.3790,0.1084,0.2127,-0.4482,0.1076,0.2625,-0.4961,0.1075,0.1961,0.0000,0.2001,0.1189,0.0479,0.0000,0.0000,0.1000,0.0266,0.0399,9.6696,11.4738
13.3920,0.0000,0.0000,0.1519,-0.1871,-0.0020,0.3079,-0.3778,-0.0040,0.2125,-0.3790,0.1084,0.2125,-0.4483,0.1077,0.2623,-0.4961,0.1075,0.1959,0.0000,0.2005,0.1191,0.0480,0.0000,0.0000,0.1000,0.0266,0.0399,9.6683,11.4723
13.4000,0.0000,0.0000,0.1519,-0.1872,-0.0020,0.3078,-0.3779,-0.0040,0.2123,-0.3791,0.1084,0.2123,-0.4483,0.1077,0.2622,-0.4962,0.1075,0.1957,0.0000,0.2008,0.1192,0.0481,0.0000,0.0000,0.1000,0.0266,0.0399,9.6670,11.4708
13.4080,0.0000,0.0000,0.1519,-0.1873,-0.0020,0.3077,-0.3780,-0.0040,0.2122,-0.3791,0.1084,0.2122,-0.4484,0.1076,0.2620,-0.4962,0.1075,0.1956,0.0000,0.2010,0.1193,0.0482,0.0000,0.0000,0.1000,0.0266,0.0399,9.6657,11.4692
13.4160,0.0000,0.0000,0.1519,-0.1874,-0.0020,0.3076,-0.3780,-0.0040,0.2120,-0.3792,0.1084,0.2120,-0.4485,0.1076,0.2619,-0.4963,0.1075,0.1954,0.0000,0.2013,0.1195,0.0482,0.0000,0.0000,0.1000,0.0266,0.0399,9.6643,11.4676
13.4240,0.0000,0.0000,0.1519,-0.1875,-0.0020,0.3075,-0.3781,-0.0040,0.2119,-0.3793,0.1084,0.2119,-0.4485,0.1076,0.2617,-0.4964,0.1075,0.1953,0.0000,0.2016,0.1196,0.0483,0.0000,0.0000,0.1000,0.0266,0.0399,9.6631,11.4661
13.4320,0.0000,0.0000,0.1519,-0.1876,-0.0020,0.3074,-0.3781,-0.0040,0.2117,-0.3793,0.1084,0.2117,-0.4486,0.1077,0.2616,-0.4964,0.1075,0.1951,0.0000,0.2019,0.1197,0.0484,0.0000,0.0000,0.1000,0.0266,0.0399,9.6619,11.4648
13.4400,0.0000,0.0000,0.1519,-0.1877,-0.0020,0.3073,-0.3782,-0.0040,0.2116,-0.3794,0.1084,0.2116,-0.4486,0.1076,0.2614,-0.4965,0.1075,0.1950,0.0000,0.2022,0.1199,0.0484,0.0000,0.0000,0.1000,0.0266,0.0399,9.6605,11.4631
13.4480,0.0000,0.0000,0.1519,-0.1877,-0.0020,0.3072,-0.3783,-0.0040,0.2114,-0.3794,0.1084,0.2114,-0.4487,0.1077,0.2613,-0.4966,0.1075,0.1948,0.0000,0.2024,0.1200,0.0485,0.0000,0.0000,0.1000,0.0266,0.0399,9.6592,11.4616
13.4560,0.0000,0.0000,0.1519,-0.1878,-0.0020,0.3071,-0.3783,-0.0040,0.2113,-0.3795,0.1084,0.2113,-0.4488,0.1076,0.2612,-0.4966,0.1075,0.1947,0.0000,0.2027,0.1201,0.0486,0.0000,0.0000,0.1000,0.0266,0.0399,9.6579,11.4601
13.4640,0.0000,0.0000,0.1519,-0.1879,-0.0020,0.3070,-0.3784,-0.0040,0.2111,-0.3796,0.1084,0.2111,-0.4488,0.1076,0.2610,-0.4967,0.1075,0.1945,0.0000,0.2030,0.1203,0.0486,0.0000,0.0000,0.1000,0.0266,0.0399,9.6566,11.4586
13.4720,0.0000,0.0000,0.1519,-0.1880,-0.0020,0.3069,-0.3784,-0.0040,0.2110,-0.3796,0.1084,0.2110,-0.4489,0.1077,0.2608,-0.4967,0.1076,0.1944,0.0000,0.2032,0.1204,0.0487,0.0000,0.0000,0.1000,0.0266,0.0399,9.6554,11.4571
13.4800,0.0000,0.0000,0.1519,-0.1881,-0.0020,0.3068,-0.3785,-0.0040,0.2108,-0.3797,0.1084,0.2108,-0.4489,0.1076,0.2606,-0.4968,0.1075,0.1942,0.0000,0.2036,0.1206,0.0488,0.0000,0.0000,0.1000,0.0266,0.0399,9.6540,11.4554
13.4880,0.0000,0.0000,0.1519,-0.1882,-0.0020,0.3066,-0.3786,-0.0040,0.2106,-0.3797,0.1084,0.2106,-0.4490,0.1077,0.2605,-0.4969,0.1076,0.1940,0.0000,0.2039,0.1208,0.0489,0.0000,0.0000,0.1000,0.0266,0.0399,9.6527,11.4540
13.4960,0.0000,0.0000,0.1519,-0.1883,-0.0020,0.3065,-0.3786,-0.0040,0.2104,-0.3798,0.1084,0.2104,-0.4491,0.1076,0.2603,-0.4969,0.1075,0.1938,0.0000,0.2042,0.1209,0.0489,0.0000,0.0000,0.1000,0.0266,0.0399,9.6514,11.4524
13.5040,0.0000,0.0000,0.1519,-0.1884,-0.0020,0.3064,-0.3787,-0.0040,0.2103,-0.3799,0.1084,0.2103,-0.4491,0.1076,0.2602,-0.4970,0.1075,0.1937,0.0000,0.2045,0.1210,0.0490,0.0000,0.0000,0.1000,0.0266,0.0399,9.6501,11.4509
13.5120,0.0000,0.0000,0.1519,-0.1884,-0.0020,0.3063,-0.3788,-0.0040,0.2101,-0.3799,0.1084,0.2101,-0.4492,0.1076,0.2600,-0.4971,0.1075,0.1936,0.0000,0.2047,0.1212,0.0491,0.0000,0.0000,0.1000,0.0266,0.0399,9.6488,11.4494
13.5200,0.0000,0.0000,0.1519,-0.1885,-0.0020,0.3062,-0.3788,-0.0040,0.2100,-0.3800,0.1084,0.2100,-0.4492,0.1076,0.2599,-0.4971,0.1075,0.1934,0.0000,0.2050,0.1213,0.0491,0.0000,0.0000,0.1000,0.0266,0.0399,9.6476,11.4480
13.5280,0.0000,0.0000,0.1519,-0.1886,-0.0020,0.3061,-0.3789,-0.0040,0.2099,-0.3800,0.1084,0.2099,-0.4493,0.1077,0.2598,-0.4972,0.1076,0.1933,0.0000,0.2052,0.1214,0.0492,0.0000,0.0000,0.1000,0.0266,0.0399,9.6465,11.4467
13.5360,0.0000,0.0000,0.1519,-0.1887,-0.0020,0.3060,-0.3789,-0.0040,0.2097,-0.3801,0.1083,0.2097,-0.4494,0.1076,0.2596,-0.4972,0.1075,0.1932,0.0000,0.2055,0.1215,0.0492,0.0000,0.0000,0.1000,0.0266,0.0399,9.6450,11.4449
13.5440,0.0000,0.0000,0.1519,-0.1888,-0.0020,0.3059,-0.3790,-0.0040,0.2096,-0.3802,0.1084,0.2096,-0.4494,0.1076,0.2595,-0.4973,0.1075,0.1930,0.0000,0.2057,0.1216,0.0493,0.0000,0.0000,0.1000,0.0266,0.0399,9.6438,11.4436
13.5520,0.0000,0.0000,0.1519,-0.1889,-0.0020,0.3058,-0.3791,-0.0040,0.2094,-0.3802,0.1084,0.2094,-0.4495,0.1076,0.2593,-0.4974,0.1075,0.1929,0.0000,0.2060,0.1218,0.0494,0.0000,0.0000,0.1000,0.0266,0.0399,9.6426,11.4421
13.5600,0.0000,0.0000,0.1519,-0.1889,-0.0020,0.3057,-0.3791,-0.0040,0.2093,-0.3803,0.1084,0.2093,-0.4495,0.1076,0.2592,-0.4974,0.1075,0.1927,0.0000,0.2062,0.1219,0.0494,0.0000,0.0000,0.1000,0.0266,0.0399,9.6414,11.4407
13.5680,0.0000,0.0000,0.1519,-0.1890,-0.0020,0.3056,-0.3792,-0.0040,0.2091,-0.3803,0.1084,0.2091,-0.4496,0.1076,0.2590,-0.4975,0.1075,0.1926,0.0000,0.2065,0.1220,0.0495,0.0000,0.0000,0.1000,0.0266,0.0399,9.6402,11.4393
13.5760,0.0000,0.0000,0.1519,-0.1891,-0.0020,0.3055,-0.3792,-0.0040,0.2090,-0.3804,0.1084,0.2090,-0.4496,0.1076,0.2589,-0.4975,0.1075,0.1924,0.0000,0.2068,0.1222,0.0496,0.0000,0.0000,0.1000,0.0266,0.0399,9.6390,11.4379
13.5840,0.0000,0.0000,0.1519,-0.1892,-0.0020,0.3054,-0.3793,-0.0040,0.2088,-0.3805,0.1084,0.2088,-0.4497,0.1076,0.2587,-0.4976,0.1075,0.1923,0.0000,0.2071,0.1223,0.0497,0.0000,0.0000,0.1000,0.0266,0.0399,9.6377,11.4363
13.5920,0.0000,0.0000,0.1519,-0.1893,-0.0020,0.3053,-0.3793,-0.0040,0.2087,-0.3805,0.1084,0.2087,-0.4497,0.1076,0.2586,-0.4976,0.1075,0.1921,0.0000,0.2073,0.1225,0.0497,0.0000,0.0000,0.1000,0.0266,0.0399,9.6365,11.4350
13.6000,0.0000,0.0000,0.1519,-0.1894,-0.0020,0.3052,-0.3794,-0.0040,0.2085,-0.3806,0.1084,0.2085,-0.4498,0.1076,0.2584,-0.4977,0.1075,0.1920,0.0000,0.2076,0.1226,0.0498,0.0000,0.0000,0.1000,0.0266,0.0399,9.6352,11.4334
13.6080,0.0000,0.0000,0.1519,-0.1894,-0.0020,0.3051,-0.3795,-0.0040,0.2084,-0.3806,0.1084,0.2084,-0.4499,0.1076,0.2583,-0.4978,0.1075,0.1919,0.0000,0.2079,0.1227,0.0498,0.0000,0.0000,0.1000,0.0266,0.0399,9.6340,11.4320
13.6160,0.0000,0.0000,0.1519,-0.1895,-0.0020,0.3050,-0.3795,-0.0040,0.2082,-0.3807,0.1084,0.2082,-0.4499,0.1076,0.2582,-0.4978,0.1075,0.1917,0.0000,0.2081,0.1228,0.0499,0.0000,0.0000,0.1000,0.0266,0.0399,9.6329,11.4308
13.6240,0.0000,0.0000,0.1519,-0.1896,-0.0020,0.3049,-0.3796,-0.0040,0.2081,-0.3808,0.1084,0.2081,-0.4500,0.1076,0.2580,-0.4979,0.1075,0.1916,0.0000,0.2084,0.1229,0.0500,0.0000,0.0000,0.1000,0.0266,0.0399,9.6316,11.4292
13.6320,0.0000,0.0000,0.1519,-0.1897,-0.0020,0.3048,-0.3796,-0.0040,0.2079,-0.3808,0.1083,0.2079,-0.4500,0.1076,0.2579,-0.4979,0.1075,0.1915,0.0000,0.2086,0.1230,0.0500,0.0000,0.0000,0.1000,0.0266,0.0399,9.6305,11.4280
13.6400,0.0000,0.0000,0.1519,-0.1897,-0.0020,0.3047,-0.3797,-0.0040,0.2078,-0.3809,0.1084,0.2078,-0.4501,0.1076,0.2578,-0.4980,0.1075,0.1914,0.0000,0.2088,0.1231,0.0501,0.0000,0.0000,0.1000,0.0266,0.0399,9.6293,11.4266
13.6480,0.0000,0.0000,0.1519,-0.1898,-0.0020,0.3046,-0.3797,-0.0040,0.2077,-0.3809,0.1084,0.2077,-0.4501,0.1076,0.2576,-0.4981,0.1075,0.1912,0.0000,0.2090,0.1233,0.0501,0.0000,0.0000,0.1000,0.0266,0.0399,9.6281,11.4252
13.6560,0.0000,0.0000,0.1519,-0.1899,-0.0020,0.3046,-0.3798,-0.0040,0.2076,-0.3810,0.1084,0.2076,-0.4502,0.1076,0.2575,-0.4981,0.1075,0.1911,0.0000,0.2092,0.1233,0.0502,0.0000,0.0000,0.1000,0.0266,0.0399,9.6270,11.4239
13.6640,0.0000,0.0000,0.1519,-0.1900,-0.0020,0.3044,-0.3799,-0.0040,0.2074,-0.3810,0.1084,0.2074,-0.4502,0.1076,0.2574,-0.4982,0.1075,0.1910,0.0000,0.2095,0.1235,0.0502,0.0000,0.0000,0.1000,0.0266,0.0399,9.6257,11.4223
13.6720,0.0000,0.0000,0.1519,-0.1901,-0.0020,0.3043,-0.3799,-0.0040,0.2073,-0.3811,0.1084,0.2073,-0.4503,0.1077,0.2572,-0.4982,0.1075,0.1908,0.0000,0.2097,0.1236,0.0503,0.0000,0.0000,0.1000,0.0266,0.0399,9.6247,11.4212
13.6800,0.0000,0.0000,0.1519,-0.1901,-0.0020,0.3042,-0.3800,-0.0040,0.2071,-0.3812,0.1084,0.2071,-0.4503,0.1077,0.2571,-0.4983,0.1075,0.1907,0.0000,0.2100,0.1237,0.0504,0.0000,0.0000,0.1000,0.0266,0.0399,9.6234,11.4198
13.6880,0.0000,0.0000,0.1519,-0.1902,-0.0020,0.3041,-0.3800,-0.0040,0.2070,-0.3812,0.1084,0.2070,-0.4504,0.1076,0.2570,-0.4984,0.1075,0.1906,0.0000,0.2102,0.1238,0.0504,0.0000,0.0000,0.1000,0.0266,0.0399,9.6222,11.4183
13.6960,0.0000,0.0000,0.1519,-0.1903,-0.0020,0.3041,-0.3801,-0.0040,0.2069,-0.3813,0.1083,0.2069,-0.4504,0.1076,0.2569,-0.4984,0.1075,0.1905,0.0000,0.2104,0.1239,0.0505,0.0000,0.0000,0.1000,0.0266,0.0399,9.6211,11.4171
13.7040,0.0000,0.0000,0.1519,-0.1904,-0.0020,0.3040,-0.3801,-0.0040,0.2067,-0.3813,0.1084,0.2067,-0.4505,0.1076,0.2567,-0.4985,0.1075,0.1903,0.0000,0.2107,0.1241,0.0505,0.0000,0.0000,0.1000,0.0266,0.0399,9.6200,11.4157
13.7120,0.0000,0.0000,0.1519,-0.1904,-0.0020,0.3039,-0.3802,-0.0040,0.2066,-0.3814,0.1083,0.2066,-0.4506,0.1076,0.2566,-0.4985,0.1075,0.1902,0.0000,0.2109,0.1242,0.0506,0.0000,0.0000,0.1000,0.0266,0.0399,9.6188,11.4143
13.7200,0.0000,0.0000,0.1519,-0.1905,-0.0020,0.3038,-0.3803,-0.0040,0.2065,-0.3814,0.1084,0.2065,-0.4506,0.1076,0.2565,-0.4986,0.1075,0.1901,0.0000,0.2111,0.1243,0.0506,0.0000,0.0000,0.1000,0.0266,0.0399,9.6177,11.4130
13.7280,0.0000,0.0000,0.1519,-0.1906,-0.0020,0.3037,-0.3803,-0.0040,0.2064,-0.3815,0.1084,0.2064,-0.4506,0.1076,0.2564,-0.4986,0.1075,0.1900,0.0000,0.2112,0.1243,0.0507,0.0000,0.0000,0.1000,0.0266,0.0399,9.6167,11.4119
13.7360,0.0000,0.0000,0.1519,-0.1907,-0.0020,0.3036,-0.3804,-0.0040,0.2062,-0.3816,0.1084,0.2062,-0.4507,0.1076,0.2563,-0.4987,0.1075,0.1899,0.0000,0.2115,0.1244,0.0507,0.0000,0.0000,0.1000,0.0266,0.0399,9.6155,11.4105
13.7440,0.0000,0.0000,0.1519,-0.1907,-0.0020,0.3035,-0.3804,-0.0040,0.2061,-0.3816,0.1083,0.2061,-0.4508,0.1076,0.2561,-0.4988,0.1075,0.1898,0.0000,0.2117,0.1245,0.0508,0.0000,0.0000,0.1000,0.0266,0.0399,9.6144,11.4092
13.7520,0.0000,0.0000,0.1519,-0.1908,-0.0020,0.3034,-0.3805,-0.0040,0.2060,-0.3817,0.1083,0.2060,-0.4508,0.1076,0.2560,-0.4988,0.1075,0.1897,0.0000,0.2119,0.1246,0.0508,0.0000,0.0000,0.1000,0.0266,0.0399,9.6133,11.4080
13.7600,0.0000,0.0000,0.1519,-0.1909,-0.0020,0.3033,-0.3805,-0.0040,0.2058,-0.3817,0.1083,0.2058,-0.4509,0.1076,0.2559,-0.4989,0.1075,0.1895,0.0000,0.2122,0.1248,0.0509,0.0000,0.0000,0.1000,0.0266,0.0399,9.6122,11.4066
13.7680,0.0000,0.0000,0.1519,-0.1910,-0.0020,0.3032,-0.3806,-0.0040,0.2057,-0.3818,0.1083,0.2057,-0.4509,0.1076,0.2557,-0.4989,0.1075,0.1894,0.0000,0.2124,0.1249,0.0510,0.0000,0.0000,0.1000,0.0266,0.0399,9.6110,11.4053
13.7760,0.0000,0.0000,0.1519,-0.1910,-0.0020,0.3031,-0.3806,-0.0040,0.2056,-0.3818,0.1084,0.2056,-0.4510,0.1076,0.2556,-0.4990,0.1075,0.1893,0.0000,0.2126,0.1250,0.0510,0.0000,0.0000,0.1000,0.0266,0.0399,9.6099,11.4040
13.7840,0.0000,0.0000,0.1519,-0.1911,-0.0020,0.3030,-0.3807,-0.0040,0.2055,-0.3819,0.1083,0.2055,-0.4510,0.1076,0.2555,-0.4990,0.1075,0.1892,0.0000,0.2128,0.1251,0.0511,0.0000,0.0000,0.1000,0.0266,0.0399,9.6088,11.4027
13.7920,0.0000,0.0000,0.1519,-0.1912,-0.0020,0.3029,-0.3808,-0.0040,0.2053,-0.3819,0.1084,0.2053,-0.4511,0.1076,0.2554,-0.4991,0.1075,0.1891,0.0000,0.2130,0.1251,0.0511,0.0000,0.0000,0.1000,0.0266,0.0399,9.6077,11.4014
13.8000,0.0000,0.0000,0.1519,-0.1912,-0.0020,0.3029,-0.3808,-0.0040,0.2052,-0.3820,0.1083,0.2052,-0.4511,0.1076,0.2553,-0.4992,0.1075,0.1890,0.0000,0.2132,0.1252,0.0512,0.0000,0.0000,0.1000,0.0266,0.0399,9.6066,11.4001
13.8080,0.0000,0.0000,0.1519,-0.1913,-0.0020,0.3028,-0.3809,-0.0040,0.2051,-0.3821,0.1084,0.2051,-0.4512,0.1076,0.2552,-0.4992,0.1075,0.1889,0.0000,0.2133,0.1253,0.0512,0.0000,0.0000,0.1000,0.0266,0.0399,9.6056,11.3990
13.8160,0.0000,0.0000,0.1519,-0.1914,-0.0020,0.3027,-0.3809,-0.0040,0.2050,-0.3821,0.1084,0.2050,-0.4512,0.1076,0.2551,-0.4993,0.1075,0.1888,0.0000,0.2136,0.1254,0.0512,0.0000,0.0000,0.1000,0.0266,0.0399,9.6045,11.3976
13.8240,0.0000,0.0000,0.1519,-0.1914,-0.0020,0.3026,-0.3810,-0.0040,0.2049,-0.3822,0.1083,0.2049,-0.4512,0.1076,0.2550,-0.4993,0.1075,0.1887,0.0000,0.2137,0.1255,0.0513,0.0000,0.0000,0.1000,0.0266,0.0399,9.6035,11.3965
13.8320,0.0000,0.0000,0.1519,-0.1915,-0.0020,0.3025,-0.3810,-0.0040,0.2048,-0.3822,0.1083,0.2048,-0.4513,0.1076,0.2549,-0.4994,0.1075,0.1886,0.0000,0.2139,0.1255,0.0513,0.0000,0.0000,0.1000,0.0266,0.0399,9.6025,11.3953
13.8400,0.0000,0.0000,0.1519,-0.1916,-0.0020,0.3024,-0.3811,-0.0040,0.2047,-0.3823,0.1083,0.2047,-0.4514,0.1076,0.2548,-0.4995,0.1075,0.1885,0.0000,0.2141,0.1256,0.0514,0.0000,0.0000,0.1000,0.0266,0.0399,9.6013,11.3939
13.8480,0.0000,0.0000,0.1519,-0.1916,-0.0020,0.3023,-0.3811,-0.0040,0.2045,-0.3823,0.1083,0.2045,-0.4514,0.1076,0.2547,-0.4995,0.1075,0.1884,0.0000,0.2143,0.1257,0.0514,0.0000,0.0000,0.1000,0.0266,0.0399,9.6003,11.3929
13.8560,0.0000,0.0000,0.1519,-0.1917,-0.0020,0.3022,-0.3812,-0.0040,0.2044,-0.3824,0.1083,0.2044,-0.4514,0.1076,0.2546,-0.4996,0.1075,0.1883,0.0000,0.2145,0.1258,0.0515,0.0000,0.0000,0.1000,0.0266,0.0399,9.5992,11.3916
13.8640,0.0000,0.0000,0.1519,-0.1918,-0.0020,0.3022,-0.3813,-0.0040,0.2043,-0.3824,0.1083,0.2043,-0.4515,0.1076,0.2545,-0.4996,0.1075,0.1882,0.0000,0.2147,0.1259,0.0515,0.0000,0.0000,0.1000,0.0266,0.0399,9.5982,11.3904
13.8720,0.0000,0.0000,0.1519,-0.1919,-0.0020,0.3021,-0.3813,-0.0040,0.2042,-0.3825,0.1083,0.2042,-0.4515,0.1076,0.2544,-0.4997,0.1075,0.1881,0.0000,0.2148,0.1260,0.0516,0.0000,0.0000,0.1000,0.0266,0.0399,9.5971,11.3892
13.8800,0.0000,0.0000,0.1519,-0.1919,-0.0020,0.3020,-0.3814,-0.0040,0.2041,-0.3825,0.1083,0.2041,-0.4516,0.1076,0.2543,-0.4997,0.1075,0.1880,0.0000,0.2150,0.1260,0.0516,0.0000,0.0000,0.1000,0.0266,0.0399,9.5961,11.3880
13.8880,0.0000,0.0000,0.1519,-0.1920,-0.0020,0.3019,-0.3814,-0.0040,0.2040,-0.3826,0.1083,0.2040,-0.4516,0.1076,0.2542,-0.4998,0.1075,0.1879,0.0000,0.2152,0.1262,0.0516,0.0000,0.0000,0.1000,0.0266,0.0399,9.5951,11.3868
13.8960,0.0000,0.0000,0.1519,-0.1921,-0.0020,0.3018,-0.3815,-0.0040,0.2039,-0.3826,0.1084,0.2039,-0.4517,0.1076,0.2541,-0.4998,0.1075,0.1878,0.0000,0.2154,0.1262,0.0517,0.0000,0.0000,0.1000,0.0266,0.0399,9.5941,11.3857
13.9040,0.0000,0.0000,0.1519,-0.1921,-0.0020,0.3017,-0.3815,-0.0040,0.2037,-0.3827,0.1084,0.2037,-0.4517,0.1076,0.2540,-0.4999,0.1075,0.1877,0.0000,0.2156,0.1263,0.0517,0.0000,0.0000,0.1000,0.0266,0.0399,9.5931,11.3844
13.9120,0.0000,0.0000,0.1519,-0.1922,-0.0020,0.3016,-0.3816,-0.0040,0.2037,-0.3828,0.1083,0.2037,-0.4518,0.1076,0.2539,-0.5000,0.1075,0.1877,0.0000,0.2157,0.1263,0.0518,0.0000,0.0000,0.1000,0.0266,0.0399,9.5921,11.3833
13.9200,0.0000,0.0000,0.1519,-0.1923,-0.0020,0.3016,-0.3816,-0.0040,0.2035,-0.3828,0.1083,0.2035,-0.4518,0.1076,0.2538,-0.5000,0.1075,0.1876,0.0000,0.2159,0.1264,0.0518,0.0000,0.0000,0.1000,0.0266,0.0399,9.5909,11.3820
13.9280,0.0000,0.0000,0.1519,-0.1923,-0.0020,0.3015,-0.3817,-0.0040,0.2034,-0.3829,0.1083,0.2034,-0.4519,0.1076,0.2537,-0.5001,0.1075,0.1875,0.0000,0.2161,0.1265,0.0519,0.0000,0.0000,0.1000,0.0266,0.0399,9.5899,11.3808
13.9360,0.0000,0.0000,0.1519,-0.1924,-0.0020,0.3014,-0.3817,-0.0040,0.2033,-0.3829,0.1084,0.2033,-0.4519,0.1076,0.2536,-0.5001,0.1075,0.1874,0.0000,0.2163,0.1266,0.0519,0.0000,0.0000,0.1000,0.0266,0.0399,9.5891,11.3798
13.9440,0.0000,0.0000,0.1519,-0.1925,-0.0020,0.3013,-0.3818,-0.0040,0.2032,-0.3830,0.1083,0.2032,-0.4519,0.1076,0.2535,-0.5002,0.1075,0.1873,0.0000,0.2165,0.1267,0.0520,0.0000,0.0000,0.1000,0.0266,0.0399,9.5880,11.3786
13.9520,0.0000,0.0000,0.1519,-0.1925,-0.0020,0.3012,-0.3818,-0.0040,0.2031,-0.3830,0.1084,0.2031,-0.4520,0.1076,0.2534,-0.5002,0.1075,0.1872,0.0000,0.2166,0.1268,0.0520,0.0000,0.0000,0.1000,0.0266,0.0399,9.5871,11.3775
13.9600,0.0000,0.0000,0.1519,-0.1926,-0.0020,0.3011,-0.3819,-0.0040,0.2030,-0.3831,0.1083,0.2030,-0.4520,0.1076,0.2533,-0.5003,0.1075,0.1871,0.0000,0.2168,0.1268,0.0520,0.0000,0.0000,0.1000,0.0266,0.0399,9.5860,11.3763
13.9680,0.0000,0.0000,0.1519,-0.1927,-0.0020,0.3010,-0.3820,-0.0040,0.2029,-0.3831,0.1083,0.2029,-0.4521,0.1076,0.2532,-0.5004,0.1075,0.1870,0.0000,0.2170,0.1269,0.0521,0.0000,0.0000,0.1000,0.0266,0.0399,9.5849,11.3750
13.9760,0.0000,0.0000,0.1519,-0.1927,-0.0020,0.3010,-0.3820,-0.0040,0.2028,-0.3832,0.1083,0.2028,-0.4521,0.1076,0.2531,-0.5004,0.1075,0.1869,0.0000,0.2171,0.1270,0.0521,0.0000,0.0000,0.1000,0.0266,0.0399,9.5841,11.3741
13.9840,0.0000,0.0000,0.1519,-0.1928,-0.0020,0.3009,-0.3821,-0.0040,0.2027,-0.3832,0.1083,0.2027,-0.4522,0.1076,0.2530,-0.5005,0.1075,0.1868,0.0000,0.2173,0.1271,0.0522,0.0000,0.0000,0.1000,0.0266,0.0399,9.5831,11.3729
13.9920,0.0000,0.0000,0.1519,-0.1928,-0.0020,0.3008,-0.3821,-0.0040,0.2026,-0.3833,0.1083,0.2026,-0.4522,0.1076,0.2529,-0.5005,0.1075,0.1867,0.0000,0.2175,0.1272,0.0522,0.0000,0.0000,0.1000,0.0266,0.0399,9.5820,11.3717
14.0000,0.0000,0.0000,0.1519,-0.1929,-0.0020,0.3007,-0.3822,-0.0040,0.2025,-0.3833,0.1083,0.2025,-0.4523,0.1076,0.2528,-0.5006,0.1075,0.1867,0.0000,0.2176,0.1272,0.0522,0.0000,0.0000,0.1000,0.0266,0.0399,9.5811,11.3706
14.0080,0.0000,0.0000,0.1519,-0.1930,-0.0020,0.3006,-0.3822,-0.0040,0.2023,-0.3834,0.1083,0.2023,-0.4523,0.1076,0.2527,-0.5006,0.1075,0.1866,0.0000,0.2178,0.1273,0.0523,0.0000,0.0000,0.1000,0.0266,0.0399,9.5800,11.3693
14.0160,0.0000,0.0000,0.1519,-0.1930,-0.0020,0.3005,-0.3823,-0.0040,0.2022,-0.3834,0.1083,0.2022,-0.4523,0.1076,0.2526,-0.5007,0.1075,0.1865,0.0000,0.2180,0.1274,0.0523,0.0000,0.0000,0.1000,0.0266,0.0399,9.5790,11.3682
14.0240,0.0000,0.0000,0.1519,-0.1931,-0.0020,0.3005,-0.3823,-0.0040,0.2021,-0.3835,0.1083,0.2021,-0.4524,0.1076,0.2525,-0.5007,0.1075,0.1864,0.0000,0.2181,0.1274,0.0524,0.0000,0.0000,0.1000,0.0266,0.0399,9.5782,11.3672
14.0320,0.0000,0.0000,0.1519,-0.1932,-0.0020,0.3004,-0.3824,-0.0040,0.2020,-0.3835,0.1083,0.2020,-0.4524,0.1076,0.2524,-0.5008,0.1075,0.1863,0.0000,0.2183,0.1275,0.0524,0.0000,0.0000,0.1000,0.0266,0.0399,9.5771,11.3660
14.0400,0.0000,0.0000,0.1519,-0.1932,-0.0020,0.3003,-0.3824,-0.0040,0.2020,-0.3836,0.1083,0.2020,-0.4525,0.1076,0.2524,-0.5008,0.1075,0.1863,0.0000,0.2183,0.1275,0.0524,0.0000,0.0000,0.1000,0.0266,0.0399,9.5763,11.3650
14.0480,0.0000,0.0000,0.1519,-0.1933,-0.0020,0.3002,-0.3825,-0.0040,0.2019,-0.3837,0.1083,0.2019,-0.4525,0.1076,0.2523,-0.5009,0.1075,0.1862,0.0000,0.2185,0.1276,0.0525,0.0000,0.0000,0.1000,0.0266,0.0399,9.5752,11.3638
14.0560,0.0000,0.0000,0.1519,-0.1934,-0.0020,0.3001,-0.3825,-0.0040,0.2017,-0.3837,0.1083,0.2017,-0.4526,0.1076,0.2522,-0.5010,0.1075,0.1861,0.0000,0.2187,0.1277,0.0525,0.0000,0.0000,0.1000,0.0266,0.0399,9.5743,11.3627
14.0640,0.0000,0.0000,0.1519,-0.1934,-0.0020,0.3001,-0.3826,-0.0040,0.2016,-0.3838,0.1084,0.2016,-0.4526,0.1076,0.2521,-0.5010,0.1075,0.1860,0.0000,0.2188,0.1277,0.0525,0.0000,0.0000,0.1000,0.0266,0.0399,9.5734,11.3617
14.0720,0.0000,0.0000,0.1519,-0.1935,-0.0020,0.3000,-0.3826,-0.0040,0.2015,-0.3838,0.1083,0.2015,-0.4526,0.1076,0.2520,-0.5011,0.1075,0.1860,0.0000,0.2190,0.1278,0.0526,0.0000,0.0000,0.1000,0.0266,0.0399,9.5724,11.3605
14.0800,0.0000,0.0000,0.1519,-0.1935,-0.0020,0.2999,-0.3827,-0.0040,0.2014,-0.3839,0.1083,0.2014,-0.4527,0.1076,0.2519,-0.5011,0.1075,0.1859,0.0000,0.2191,0.1279,0.0526,0.0000,0.0000,0.1000,0.0266,0.0399,9.5714,11.3594
14.0880,0.0000,0.0000,0.1519,-0.1936,-0.0020,0.2998,-0.3827,-0.0040,0.2014,-0.3839,0.1083,0.2014,-0.4527,0.1076,0.2519,-0.5012,0.1075,0.1858,0.0000,0.2193,0.1279,0.0526,0.0000,0.0000,0.1000,0.0266,0.0399,9.5705,11.3584
14.0960,0.0000,0.0000,0.1519,-0.1937,-0.0020,0.2998,-0.3828,-0.0040,0.2013,-0.3840,0.1083,0.2013,-0.4528,0.1076,0.2518,-0.5012,0.1075,0.1858,0.0000,0.2194,0.1280,0.0527,0.0000,0.0000,0.1000,0.0266,0.0399,9.5696,11.3573
14.1040,0.0000,0.0000,0.1519,-0.1937,-0.0020,0.2997,-0.3828,-0.0040,0.2012,-0.3840,0.1083,0.2012,-0.4528,0.1076,0.2517,-0.5013,0.1075,0.1857,0.0000,0.2195,0.1280,0.0527,0.0000,0.0000,0.1000,0.0266,0.0399,9.5688,11.3563
14.1120,0.0000,0.0000,0.1519,-0.1938,-0.0020,0.2996,-0.3829,-0.0040,0.2011,-0.3841,0.1083,0.2011,-0.4528,0.1076,0.2516,-0.5013,0.1075,0.1856,0.0000,0.2196,0.1281,0.0527,0.0000,0.0000,0.1000,0.0266,0.0399,9.5680,11.3554
14.1200,0.0000,0.0000,0.1519,-0.1938,-0.0020,0.2995,-0.3829,-0.0040,0.2010,-0.3841,0.1083,0.2010,-0.4529,0.1076,0.2516,-0.5014,0.1075,0.1856,0.0000,0.2198,0.1281,0.0528,0.0000,0.0000,0.1000,0.0266,0.0399,9.5669,11.3542
14.1280,0.0000,0.0000,0.1519,-0.1939,-0.0020,0.2994,-0.3830,-0.0040,0.2009,-0.3842,0.1083,0.2009,-0.4529,0.1076,0.2515,-0.5014,0.1075,0.1855,0.0000,0.2199,0.1282,0.0528,0.0000,0.0000,0.1000,0.0266,0.0399,9.5661,11.3532
14.1360,0.0000,0.0000,0.1519,-0.1939,-0.0020,0.2994,-0.3830,-0.0040,0.2008,-0.3842,0.1083,0.2008,-0.4530,0.1076,0.2514,-0.5015,0.1075,0.1854,0.0000,0.2200,0.1282,0.0528,0.0000,0.0000,0.1000,0.0266,0.0399,9.5651,11.3521
14.1440,0.0000,0.0000,0.1519,-0.1940,-0.0020,0.2993,-0.3831,-0.0040,0.2007,-0.3843,0.1083,0.2007,-0.4530,0.1076,0.2513,-0.5016,0.1075,0.1854,0.0000,0.2202,0.1283,0.0529,0.0000,0.0000,0.1000,0.0266,0.0399,9.5643,11.3512
14.1520,0.0000,0.0000,0.1519,-0.1941,-0.0020,0.2992,-0.3831,-0.0040,0.2006,-0.3843,0.1083,0.2006,-0.4530,0.1076,0.2512,-0.5016,0.1075,0.1853,0.0000,0.2204,0.1284,0.0529,0.0000,0.0000,0.1000,0.0266,0.0399,9.5633,11.3500
14.1600,0.0000,0.0000,0.1519,-0.1941,-0.0020,0.2991,-0.3832,-0.0040,0.2005,-0.3844,0.1083,0.2005,-0.4531,0.1076,0.2511,-0.5017,0.1075,0.1852,0.0000,0.2205,0.1284,0.0529,0.0000,0.0000,0.1000,0.0266,0.0399,9.5624,11.3490
14.1680,0.0000,0.0000,0.1519,-0.1942,-0.0020,0.2991,-0.3832,-0.0040,0.2005,-0.3844,0.1083,0.2005,-0.4531,0.1076,0.2511,-0.5017,0.1075,0.1852,0.0000,0.2206,0.1285,0.0530,0.0000,0.0000,0.1000,0.0266,0.0399,9.5616,11.3480
14.1760,0.0000,0.0000,0.1519,-0.1942,-0.0020,0.2990,-0.3833,-0.0040,0.2004,-0.3845,0.1083,0.2004,-0.4532,0.1076,0.2510,-0.5018,0.1075,0.1851,0.0000,0.2207,0.1285,0.0530,0.0000,0.0000,0.1000,0.0266,0.0399,9.5606,11.3469
14.1840,0.0000,0.0000,0.1519,-0.1943,-0.0020,0.2989,-0.3833,-0.0040,0.2003,-0.3845,0.1083,0.2003,-0.4532,0.1076,0.2509,-0.5018,0.1075,0.1850,0.0000,0.2208,0.1286,0.0530,0.0000,0.0000,0.1000,0.0266,0.0399,9.5596,11.3458
14.1920,0.0000,0.0000,0.1519,-0.1943,-0.0020,0.2988,-0.3834,-0.0040,0.2002,-0.3846,0.1083,0.2002,-0.4532,0.1076,0.2509,-0.5019,0.1075,0.1850,0.0000,0.2209,0.1286,0.0531,0.0000,0.0000,0.1000,0.0266,0.0399,9.5588,11.3449
14.2000,0.0000,0.0000,0.1519,-0.1944,-0.0020,0.2988,-0.3834,-0.0040,0.2001,-0.3846,0.1083,0.2001,-0.4533,0.1076,0.2508,-0.5019,0.1075,0.1849,0.0000,0.2210,0.1286,0.0531,0.0000,0.0000,0.1000,0.0266,0.0399,9.5580,11.3440
14.2080,0.0000,0.0000,0.1519,-0.1945,-0.0020,0.2987,-0.3835,-0.0040,0.2000,-0.3847,0.1083,0.2000,-0.4533,0.1076,0.2508,-0.5020,0.1075,0.1849,0.0000,0.2211,0.1286,0.0531,0.0000,0.0000,0.1000,0.0266,0.0399,9.5571,11.3430
14.2160,0.0000,0.0000,0.1519,-0.1945,-0.0020,0.2986,-0.3836,-0.0040,0.2000,-0.3847,0.1083,0.2000,-0.4534,0.1076,0.2507,-0.5020,0.1075,0.1849,0.0000,0.2212,0.1287,0.0531,0.0000,0.0000,0.1000,0.0266,0.0399,9.5563,11.3420
14.2240,0.0000,0.0000,0.1519,-0.1946,-0.0020,0.2986,-0.3836,-0.0040,0.1999,-0.3848,0.1083,0.1999,-0.4534,0.1076,0.2506,-0.5021,0.1075,0.1848,0.0000,0.2213,0.1287,0.0531,0.0000,0.0000,0.1000,0.0266,0.0399,9.5555,11.3411
14.2320,0.0000,0.0000,0.1519,-0.1946,-0.0020,0.2985,-0.3836,-0.0040,0.1998,-0.3848,0.1083,0.1998,-0.4534,0.1076,0.2506,-0.5021,0.1075,0.1847,0.0000,0.2215,0.1288,0.0532,0.0000,0.0000,0.1000,0.0266,0.0399,9.5547,11.3401
14.2400,0.0000,0.0000,0.1519,-0.1947,-0.0020,0.2984,-0.3837,-0.0040,0.1997,-0.3849,0.1083,0.1997,-0.4535,0.1076,0.2505,-0.5022,0.1075,0.1847,0.0000,0.2216,0.1288,0.0532,0.0000,0.0000,0.1000,0.0266,0.0399,9.5538,11.3391
14.2480,0.0000,0.0000,0.1519,-0.1947,-0.0020,0.2983,-0.3837,-0.0040,0.1996,-0.3849,0.1083,0.1996,-0.4535,0.1076,0.2504,-0.5022,0.1075,0.1846,0.0000,0.2217,0.1289,0.0532,0.0000,0.0000,0.1000,0.0266,0.0399,9.5530,11.3382
14.2560,0.0000,0.0000,0.1519,-0.1948,-0.0020,0.2983,-0.3838,-0.0040,0.1996,-0.3850,0.1083,0.1996,-0.4535,0.1076,0.2504,-0.5023,0.1075,0.1846,0.0000,0.2218,0.1289,0.0533,0.0000,0.0000,0.1000,0.0266,0.0399,9.5521,11.3372
14.2640,0.0000,0.0000,0.1519,-0.1948,-0.0020,0.2982,-0.3838,-0.0040,0.1995,-0.3850,0.1083,0.1995,-0.4536,0.1076,0.2503,-0.5024,0.1075,0.1845,0.0000,0.2219,0.1289,0.0533,0.0000,0.0000,0.1000,0.0266,0.0399,9.5514,11.3363
14.2720,0.0000,0.0000,0.1519,-0.1949,-0.0020,0.2981,-0.3839,-0.0040,0.1994,-0.3851,0.1083,0.1994,-0.4536,0.1076,0.2503,-0.5024,0.1075,0.1845,0.0000,0.2220,0.1290,0.0533,0.0000,0.0000,0.1000,0.0266,0.0399,9.5505,11.3354
14.2800,0.0000,0.0000,0.1519,-0.1949,-0.0020,0.2981,-0.3839,-0.0040,0.1993,-0.3851,0.1083,0.1993,-0.4536,0.1076,0.2502,-0.5025,0.1075,0.1845,0.0000,0.2221,0.1290,0.0533,0.0000,0.0000,0.1000,0.0266,0.0399,9.5498,11.3345
14.2880,0.0000,0.0000,0.1519,-0.1950,-0.0020,0.2980,-0.3840,-0.0040,0.1993,-0.3852,0.1083,0.1993,-0.4537,0.1076,0.2502,-0.5025,0.1075,0.1844,0.0000,0.2222,0.1290,0.0533,0.0000,0.0000,0.1000,0.0266,0.0399,9.5491,11.3337
14.2960,0.0000,0.0000,0.1519,-0.1950,-0.0020,0.2979,-0.3840,-0.0040,0.1992,-0.3852,0.1083,0.1992,-0.4537,0.1076,0.2501,-0.5026,0.1075,0.1844,0.0000,0.2223,0.1291,0.0534,0.0000,0.0000,0.1000,0.0266,0.0399,9.5481,11.3326
14.3040,0.0000,0.0000,0.1519,-0.1951,-0.0020,0.2979,-0.3841,-0.0040,0.1991,-0.3853,0.1083,0.1991,-0.4537,0.1076,0.2501,-0.5026,0.1075,0.1844,0.0000,0.2223,0.1291,0.0534,0.0000,0.0000,0.1000,0.0266,0.0399,9.5474,11.3318
14.3120,0.0000,0.0000,0.1519,-0.1951,-0.0021,0.2978,-0.3841,-0.0040,0.1991,-0.3853,0.1083,0.1991,-0.4538,0.1076,0.2500,-0.5027,0.1075,0.1843,0.0000,0.2224,0.1291,0.0534,0.0000,0.0000,0.1000,0.0266,0.0399,9.5466,11.3308
14.3200,0.0000,0.0000,0.1519,-0.1952,-0.0021,0.2977,-0.3842,-0.0040,0.1990,-0.3854,0.1083,0.1990,-0.4538,0.1076,0.2500,-0.5027,0.1075,0.1843,0.0000,0.2225,0.1291,0.0534,0.0000,0.0000,0.1000,0.0266,0.0399,9.5458,11.3300
14.3280,0.0000,0.0000,0.1519,-0.1952,-0.0020,0.2977,-0.3842,-0.0040,0.1989,-0.3854,0.1083,0.1989,-0.4538,0.1076,0.2499,-0.5028,0.1075,0.1842,0.0000,0.2226,0.1291,0.0534,0.0000,0.0000,0.1000,0.0266,0.0399,9.5451,11.3291
14.3360,0.0000,0.0000,0.1519,-0.1953,-0.0020,0.2976,-0.3843,-0.0040,0.1989,-0.3855,0.1083,0.1989,-0.4539,0.1076,0.2499,-0.5028,0.1075,0.1842,0.0000,0.2227,0.1292,0.0535,0.0000,0.0000,0.1000,0.0266,0.0399,9.5443,11.3282
14.3440,0.0000,0.0000,0.1519,-0.1953,-0.0021,0.2975,-0.3843,-0.0040,0.1988,-0.3855,0.1083,0.1988,-0.4539,0.1076,0.2498,-0.5029,0.1075,0.1842,0.0000,0.2228,0.1292,0.0535,0.0000,0.0000,0.1000,0.0266,0.0399,9.5434,11.3272
14.3520,0.0000,0.0000,0.1519,-0.1954,-0.0021,0.2975,-0.3844,-0.0040,0.1987,-0.3856,0.1083,0.1987,-0.4540,0.1076,0.2498,-0.5029,0.1075,0.1841,0.0000,0.2228,0.1292,0.0535,0.0000,0.0000,0.1000,0.0266,0.0399,9.5426,11.3263
14.3600,0.0000,0.0000,0.1519,-0.1954,-0.0021,0.2974,-0.3844,-0.0040,0.1987,-0.3856,0.1083,0.1987,-0.4540,0.1076,0.2497,-0.5030,0.1075,0.1841,0.0000,0.2229,0.1292,0.0535,0.0000,0.0000,0.1000,0.0266,0.0399,9.5419,11.3255
14.3680,0.0000,0.0000,0.1519,-0.1955,-0.0021,0.2973,-0.3845,-0.0040,0.1986,-0.3857,0.1083,0.1986,-0.4540,0.1076,0.2496,-0.5030,0.1075,0.1840,0.0000,0.2231,0.1293,0.0536,0.0000,0.0000,0.1000,0.0266,0.0399,9.5410,11.3245
14.3760,0.0000,0.0000,0.1519,-0.1955,-0.0021,0.2973,-0.3845,-0.0040,0.1985,-0.3857,0.1083,0.1985,-0.4541,0.1076,0.2496,-0.5031,0.1075,0.1840,0.0000,0.2231,0.1293,0.0536,0.0000,0.0000,0.1000,0.0266,0.0399,9.5404,11.3237
14.3840,0.0000,0.0000,0.1519,-0.1956,-0.0021,0.2972,-0.3846,-0.0040,0.1985,-0.3858,0.1083,0.1985,-0.4541,0.1076,0.2496,-0.5032,0.1075,0.1840,0.0000,0.2232,0.1293,0.0536,0.0000,0.0000,0.1000,0.0266,0.0399,9.5396,11.3228
14.3920,0.0000,0.0000,0.1519,-0.1956,-0.0021,0.2971,-0.3846,-0.0040,0.1984,-0.3858,0.1083,0.1984,-0.4541,0.1076,0.2496,-0.5032,0.1075,0.1840,0.0000,0.2232,0.1293,0.0536,0.0000,0.0000,0.1000,0.0266,0.0399,9.5389,11.3220
14.4000,0.0000,0.0000,0.1519,-0.1957,-0.0021,0.2971,-0.3847,-0.0040,0.1983,-0.3859,0.1083,0.1983,-0.4542,0.1076,0.2495,-0.5033,0.1075,0.1840,0.0000,0.2233,0.1293,0.0536,0.0000,0.0000,0.1000,0.0266,0.0399,9.5381,11.3211
14.4080,0.0000,0.0000,0.1519,-0.1957,-0.0021,0.2970,-0.3847,-0.0040,0.1983,-0.3859,0.1083,0.1983,-0.4542,0.1076,0.2494,-0.5033,0.1075,0.1839,0.0000,0.2234,0.1294,0.0536,0.0000,0.0000,0.1000,0.0266,0.0399,9.5373,11.3202
14.4160,0.0000,0.0000,0.1519,-0.1958,-0.0021,0.2969,-0.3848,-0.0041,0.1982,-0.3860,0.1083,0.1982,-0.4542,0.1076,0.2494,-0.5034,0.1075,0.1839,0.0000,0.2234,0.1294,0.0536,0.0000,0.0000,0.1000,0.0266,0.0399,9.5366,11.3194
14.4240,0.0000,0.0000,0.1519,-0.1958,-0.0021,0.2969,-0.3848,-0.0040,0.1982,-0.3860,0.1083,0.1982,-0.4543,0.1076,0.2494,-0.5034,0.1075,0.1839,0.0000,0.2235,0.1294,0.0537,0.0000,0.0000,0.1000,0.0266,0.0399,9.5359,11.3186
14.4320,0.0000,0.0000,0.1519,-0.1959,-0.0021,0.2968,-0.3849,-0.0040,0.1981,-0.3860,0.1083,0.1981,-0.4543,0.1076,0.2493,-0.5035,0.1075,0.1838,0.0000,0.2236,0.1294,0.0537,0.0000,0.0000,0.1000,0.0266,0.0399,9.5352,11.3178
14.4400,0.0000,0.0000,0.1519,-0.1959,-0.0021,0.2968,-0.3849,-0.0040,0.1980,-0.3861,0.1083,0.1980,-0.4543,0.1076,0.2493,-0.5035,0.1075,0.1838,0.0000,0.2237,0.1294,0.0537,0.0000,0.0000,0.1000,0.0266,0.0399,9.5345,11.3170
14.4480,0.0000,0.0000,0.1519,-0.1959,-0.0021,0.2967,-0.3849,-0.0040,0.1980,-0.3861,0.1083,0.1980,-0.4544,0.1076,0.2493,-0.5036,0.1075,0.1838,0.0000,0.2237,0.1294,0.0537,0.0000,0.0000,0.1000,0.0266,0.0399,9.5338,11.3162
14.4560,0.0000,0.0000,0.1519,-0.1960,-0.0021,0.2966,-0.3850,-0.0040,0.1979,-0.3862,0.1083,0.1979,-0.4544,0.1076,0.2492,-0.5036,0.1075,0.1838,0.0000,0.2238,0.1294,0.0537,0.0000,0.0000,0.1000,0.0266,0.0399,9.5331,11.3154
14.4640,0.0000,0.0000,0.1519,-0.1960,-0.0021,0.2966,-0.3850,-0.0040,0.1979,-0.3862,0.1083,0.1979,-0.4544,0.1076,0.2492,-0.5037,0.1075,0.1837,0.0000,0.2239,0.1295,0.0537,0.0000,0.0000,0.1000,0.0266,0.0399,9.5324,11.3146
14.4720,0.0000,0.0000,0.1519,-0.1961,-0.0021,0.2965,-0.3851,-0.0041,0.1978,-0.3863,0.1083,0.1978,-0.4544,0.1076,0.2492,-0.5037,0.1075,0.1837,0.0000,0.2239,0.1294,0.0537,0.0000,0.0000,0.1000,0.0266,0.0399,9.5317,11.3138
14.4800,0.0000,0.0000,0.1519,-0.1961,-0.0021,0.2965,-0.3851,-0.0040,0.1978,-0.3863,0.1083,0.1978,-0.4545,0.1076,0.2491,-0.5038,0.1075,0.1837,0.0000,0.2239,0.1295,0.0538,0.0000,0.0000,0.1000,0.0266,0.0399,9.5310,11.3130
14.4880,0.0000,0.0000,0.1519,-0.1962,-0.0021,0.2964,-0.3852,-0.0040,0.1977,-0.3864,0.1083,0.1977,-0.4545,0.1076,0.2491,-0.5038,0.1075,0.1837,0.0000,0.2240,0.1295,0.0538,0.0000,0.0000,0.1000,0.0266,0.0399,9.5304,11.3123
14.4960,0.0000,0.0000,0.1519,-0.1962,-0.0021,0.2964,-0.3852,-0.0041,0.1977,-0.3864,0.1083,0.1977,-0.4545,0.1076,0.2491,-0.5039,0.1075,0.1837,0.0000,0.2240,0.1295,0.0538,0.0000,0.0000,0.1000,0.0266,0.0399,9.5297,11.3115
14.5040,0.0000,0.0000,0.1519,-0.1962,-0.0021,0.2963,-0.3853,-0.0040,0.1976,-0.3865,0.1083,0.1976,-0.4546,0.1076,0.2490,-0.5039,0.1075,0.1837,0.0000,0.2241,0.1295,0.0538,0.0000,0.0000,0.1000,0.0266,0.0399,9.5290,11.3107
14.5120,0.0000,0.0000,0.1519,-0.1963,-0.0021,0.2962,-0.3853,-0.0041,0.1976,-0.3865,0.1083,0.1976,-0.4546,0.1076,0.2490,-0.5040,0.1075,0.1837,0.0000,0.2241,0.1295,0.0538,0.0000,0.0000,0.1000,0.0266,0.0399,9.5282,11.3098
14.5200,0.0000,0.0000,0.1519,-0.1963,-0.0021,0.2962,-0.3854,-0.0040,0.1975,-0.3866,0.1083,0.1975,-0.4546,0.1076,0.2490,-0.5040,0.1075,0.1837,0.0000,0.2242,0.1295,0.0538,0.0000,0.0000,0.1000,0.0266,0.0399,9.5276,11.3091
14.5280,0.0000,0.0000,0.1519,-0.1964,-0.0021,0.2961,-0.3854,-0.0040,0.1975,-0.3866,0.1083,0.1975,-0.4547,0.1076,0.2490,-0.5041,0.1075,0.1836,0.0000,0.2242,0.1295,0.0538,0.0000,0.0000,0.1000,0.0266,0.0399,9.5269,11.3083
14.5360,0.0000,0.0000,0.1519,-0.1964,-0.0021,0.2961,-0.3855,-0.0040,0.1974,-0.3866,0.1083,0.1974,-0.4547,0.1076,0.2489,-0.5041,0.1075,0.1836,0.0000,0.2243,0.1295,0.0538,0.0000,0.0000,0.1000,0.0266,0.0399,9.5264,11.3077
14.5440,0.0000,0.0000,0.1519,-0.1965,-0.0021,0.2960,-0.3855,-0.0041,0.1974,-0.3867,0.1083,0.1974,-0.4547,0.1076,0.2489,-0.5042,0.1074,0.1836,0.0000,0.2243,0.1295,0.0538,0.0000,0.0000,0.1000,0.0266,0.0399,9.5256,11.3068
14.5520,0.0000,0.0000,0.1519,-0.1965,-0.0021,0.2960,-0.3856,-0.0041,0.1973,-0.3867,0.1083,0.1973,-0.4547,0.1076,0.2489,-0.5042,0.1075,0.1836,0.0000,0.2243,0.1295,0.0538,0.0000,0.0000,0.1000,0.0266,0.0399,9.5250,11.3061
14.5600,0.0000,0.0000,0.1519,-0.1965,-0.0021,0.2959,-0.3856,-0.0041,0.1973,-0.3868,0.1083,0.1973,-0.4548,0.1076,0.2489,-0.5043,0.1074,0.1836,0.0000,0.2244,0.1295,0.0539,0.0000,0.0000,0.1000,0.0266,0.0399,9.5243,11.3053
14.5680,0.0000,0.0000,0.1519,-0.1966,-0.0021,0.2958,-0.3857,-0.0040,0.1972,-0.3868,0.1083,0.1972,-0.4548,0.1076,0.2488,-0.5043,0.1075,0.1836,0.0000,0.2244,0.1295,0.0539,0.0000,0.0000,0.1000,0.0266,0.0399,9.5236,11.3045
14.5760,0.0000,0.0000,0.1519,-0.1966,-0.0021,0.2958,-0.3857,-0.0040,0.1972,-0.3869,0.1083,0.1972,-0.4548,0.1076,0.2488,-0.5044,0.1075,0.1836,0.0000,0.2244,0.1294,0.0539,0.0000,0.0000,0.1000,0.0266,0.0399,9.5230,11.3038
14.5840,0.0000,0.0000,0.1519,-0.1967,-0.0021,0.2957,-0.3857,-0.0041,0.1972,-0.3869,0.1083,0.1972,-0.4549,0.1076,0.2488,-0.5044,0.1074,0.1836,0.0000,0.2245,0.1294,0.0539,0.0000,0.0000,0.1000,0.0266,0.0399,9.5223,11.3031
14.5920,0.0000,0.0000,0.1519,-0.1967,-0.0021,0.2957,-0.3858,-0.0041,0.1971,-0.3870,0.1083,0.1971,-0.4549,0.1076,0.2488,-0.5045,0.1074,0.1837,0.0000,0.2244,0.1294,0.0538,0.0000,0.0000,0.1000,0.0266,0.0399,9.5218,11.3025
14.6000,0.0000,0.0000,0.1519,-0.1967,-0.0021,0.2956,-0.3858,-0.0040,0.1971,-0.3870,0.1083,0.1971,-0.4549,0.1076,0.2488,-0.5045,0.1075,0.1836,0.0000,0.2245,0.1294,0.0539,0.0000,0.0000,0.1000,0.0266,0.0399,9.5210,11.3016
14.6080,0.0000,0.0000,0.1519,-0.1968,-0.0021,0.2956,-0.3859,-0.0040,0.1971,-0.3871,0.1083,0.1971,-0.4549,0.1076,0.2488,-0.5046,0.1075,0.1837,0.0000,0.2245,0.1294,0.0539,0.0000,0.0000,0.1000,0.0266,0.0399,9.5205,11.3011
14.6160,0.0000,0.0000,0.1519,-0.1968,-0.0021,0.2955,-0.3859,-0.0041,0.1970,-0.3871,0.1083,0.1970,-0.4550,0.1076,0.2488,-0.5046,0.1074,0.1836,0.0000,0.2246,0.1294,0.0539,0.0000,0.0000,0.1000,0.0266,0.0399,9.5199,11.3004
14.6240,0.0000,0.0000,0.1519,-0.1969,-0.0021,0.2955,-0.3860,-0.0040,0.1969,-0.3871,0.1083,0.1969,-0.4550,0.1076,0.2487,-0.5047,0.1075,0.1836,0.0000,0.2246,0.1294,0.0539,0.0000,0.0000,0.1000,0.0266,0.0399,9.5193,11.2996
14.6320,0.0000,0.0000,0.1519,-0.1969,-0.0021,0.2954,-0.3860,-0.0040,0.1969,-0.3872,0.1083,0.1969,-0.4550,0.1076,0.2487,-0.5047,0.1075,0.1836,0.0000,0.2246,0.1294,0.0539,0.0000,0.0000,0.1000,0.0266,0.0399,9.5187,11.2990
14.6400,0.0000,0.0000,0.1519,-0.1969,-0.0021,0.2954,-0.3861,-0.0041,0.1969,-0.3872,0.1083,0.1969,-0.4551,0.1076,0.2487,-0.5048,0.1074,0.1836,0.0000,0.2246,0.1294,0.0539,0.0000,0.0000,0.1000,0.0266,0.0399,9.5180,11.2981
14.6480,0.0000,0.0000,0.1519,-0.1970,-0.0021,0.2953,-0.3861,-0.0041,0.1969,-0.3873,0.1083,0.1969,-0.4551,0.1076,0.2487,-0.5048,0.1075,0.1837,0.0000,0.2246,0.1293,0.0539,0.0000,0.0000,0.1000,0.0266,0.0399,9.5175,11.2976
14.6560,0.0000,0.0000,0.1519,-0.1970,-0.0021,0.2953,-0.3861,-0.0041,0.1968,-0.3873,0.1083,0.1968,-0.4551,0.1076,0.2487,-0.5049,0.1075,0.1837,0.0000,0.2247,0.1293,0.0539,0.0000,0.0000,0.1000,0.0266,0.0399,9.5169,11.2969
14.6640,0.0000,0.0000,0.1519,-0.1970,-0.0021,0.2952,-0.3862,-0.0041,0.1968,-0.3874,0.1083,0.1968,-0.4551,0.1076,0.2487,-0.5049,0.1074,0.1837,0.0000,0.2247,0.1293,0.0539,0.0000,0.0000,0.1000,0.0266,0.0399,9.5162,11.2961
14.6720,0.0000,0.0000,0.1519,-0.1971,-0.0021,0.2952,-0.3862,-0.0041,0.1967,-0.3874,0.1083,0.1967,-0.4552,0.1076,0.2487,-0.5050,0.1074,0.1837,0.0000,0.2247,0.1293,0.0539,0.0000,0.0000,0.1000,0.0266,0.0399,9.5155,11.2954
14.6800,0.0000,0.0000,0.1519,-0.1971,-0.0021,0.2951,-0.3863,-0.0040,0.1967,-0.3875,0.1083,0.1967,-0.4552,0.1076,0.2487,-0.5050,0.1075,0.1837,0.0000,0.2247,0.1293,0.0539,0.0000,0.0000,0.1000,0.0266,0.0399,9.5150,11.2948
14.6880,0.0000,0.0000,0.1519,-0.1972,-0.0021,0.2951,-0.3863,-0.0041,0.1967,-0.3875,0.1083,0.1967,-0.4552,0.1076,0.2487,-0.5051,0.1074,0.1837,0.0000,0.2247,0.1292,0.0539,0.0000,0.0000,0.1000,0.0266,0.0399,9.5144,11.2940
14.6960,0.0000,0.0000,0.1519,-0.1972,-0.0021,0.2950,-0.3864,-0.0041,0.1967,-0.3876,0.1083,0.1967,-0.4552,0.1076,0.2487,-0.5051,0.1074,0.1837,0.0000,0.2247,0.1292,0.0539,0.0000,0.0000,0.1000,0.0266,0.0399,9.5139,11.2934
14.7040,0.0000,0.0000,0.1519,-0.1972,-0.0021,0.2950,-0.3864,-0.0041,0.1966,-0.3876,0.1083,0.1966,-0.4553,0.1076,0.2487,-0.5052,0.1074,0.1838,0.0000,0.2247,0.1292,0.0539,0.0000,0.0000,0.1000,0.0266,0.0399,9.5133,11.2928
14.7120,0.0000,0.0000,0.1519,-0.1972,-0.0021,0.2949,-0.3865,-0.0041,0.1966,-0.3877,0.1083,0.1966,-0.4553,0.1076,0.2487,-0.5052,0.1074,0.1838,0.0000,0.2247,0.1291,0.0539,0.0000,0.0000,0.1000,0.0266,0.0399,9.5128,11.2922
14.7200,0.0000,0.0000,0.1519,-0.1973,-0.0021,0.2949,-0.3865,-0.0041,0.1966,-0.3877,0.1083,0.1966,-0.4553,0.1076,0.2487,-0.5053,0.1075,0.1838,0.0000,0.2247,0.1291,0.0539,0.0000,0.0000,0.1000,0.0266,0.0399,9.5121,11.2915
14.7280,0.0000,0.0000,0.1519,-0.1973,-0.0021,0.2948,-0.3866,-0.0041,0.1966,-0.3877,0.1083,0.1966,-0.4553,0.1076,0.2487,-0.5053,0.1074,0.1838,0.0000,0.2247,0.1291,0.0539,0.0000,0.0000,0.1000,0.0266,0.0399,9.5116,11.2909
14.7360,0.0000,0.0000,0.1519,-0.1974,-0.0021,0.2948,-0.3866,-0.0041,0.1965,-0.3878,0.1083,0.1965,-0.4554,0.1076,0.2486,-0.5054,0.1074,0.1838,0.0000,0.2247,0.1291,0.0539,0.0000,0.0000,0.1000,0.0266,0.0399,9.5110,11.2901
14.7440,0.0000,0.0000,0.1519,-0.1974,-0.0021,0.2947,-0.3867,-0.0041,0.1965,-0.3878,0.1083,0.1965,-0.4554,0.1076,0.2486,-0.5054,0.1074,0.1838,0.0000,0.2248,0.1291,0.0539,0.0000,0.0000,0.1000,0.0266,0.0399,9.5104,11.2895
14.7520,0.0000,0.0000,0.1519,-0.1974,-0.0021,0.2947,-0.3867,-0.0041,0.1965,-0.3879,0.1083,0.1965,-0.4554,0.1076,0.2486,-0.5055,0.1074,0.1838,0.0000,0.2247,0.1290,0.0539,0.0000,0.0000,0.1000,0.0266,0.0399,9.5099,11.2889
14.7600,0.0000,0.0000,0.1519,-0.1975,-0.0021,0.2946,-0.3867,-0.0041,0.1964,-0.3879,0.1083,0.1964,-0.4554,0.1076,0.2486,-0.5055,0.1075,0.1839,0.0000,0.2247,0.1290,0.0539,0.0000,0.0000,0.1000,0.0266,0.0399,9.5094,11.2883
14.7680,0.0000,0.0000,0.1519,-0.1975,-0.0021,0.2946,-0.3868,-0.0041,0.1964,-0.3880,0.1083,0.1964,-0.4555,0.1076,0.2486,-0.5056,0.1074,0.1839,0.0000,0.2247,0.1290,0.0539,0.0000,0.0000,0.1000,0.0266,0.0399,9.5088,11.2877
14.7760,0.0000,0.0000,0.1519,-0.1975,-0.0021,0.2945,-0.3868,-0.0041,0.1964,-0.3880,0.1083,0.1964,-0.4555,0.1076,0.2487,-0.5056,0.1074,0.1839,0.0000,0.2247,0.1289,0.0539,0.0000,0.0000,0.1000,0.0266,0.0399,9.5084,11.2872
14.7840,0.0000,0.0000,0.1519,-0.1976,-0.0021,0.2945,-0.3869,-0.0041,0.1964,-0.3881,0.1083,0.1964,-0.4555,0.1076,0.2487,-0.5057,0.1074,0.1839,0.0000,0.2247,0.1289,0.0539,0.0000,0.0000,0.1000,0.0266,0.0399,9.5077,11.2865
14.7920,0.0000,0.0000,0.1519,-0.1976,-0.0021,0.2944,-0.3869,-0.0041,0.1964,-0.3881,0.1083,0.1964,-0.4555,0.1076,0.2487,-0.5057,0.1074,0.1840,0.0000,0.2247,0.1289,0.0538,0.0000,0.0000,0.1000,0.0266,0.0399,9.5072,11.2858
14.8000,0.0000,0.0000,0.1519,-0.1976,-0.0021,0.2944,-0.3870,-0.0040,0.1963,-0.3881,0.1083,0.1963,-0.4555,0.1076,0.2487,-0.5058,0.1075,0.1840,0.0000,0.2246,0.1288,0.0538,0.0000,0.0000,0.1000,0.0266,0.0399,9.5068,11.2854
14.8080,0.0000,0.0000,0.1519,-0.1977,-0.0021,0.2944,-0.3870,-0.0041,0.1963,-0.3882,0.1083,0.1963,-0.4556,0.1076,0.2487,-0.5058,0.1074,0.1840,0.0000,0.2246,0.1288,0.0538,0.0000,0.0000,0.1000,0.0266,0.0399,9.5061,11.2847
14.8160,0.0000,0.0000,0.1519,-0.1977,-0.0021,0.2943,-0.3871,-0.0041,0.1963,-0.3882,0.1083,0.1963,-0.4556,0.1076,0.2487,-0.5059,0.1074,0.1841,0.0000,0.2246,0.1288,0.0538,0.0000,0.0000,0.1000,0.0266,0.0399,9.5057,11.2841
14.8240,0.0000,0.0000,0.1519,-0.1977,-0.0021,0.2943,-0.3871,-0.0041,0.1963,-0.3883,0.1083,0.1963,-0.4556,0.1076,0.2487,-0.5059,0.1074,0.1841,0.0000,0.2246,0.1287,0.0538,0.0000,0.0000,0.1000,0.0266,0.0399,9.5051,11.2835
14.8320,0.0000,0.0000,0.1519,-0.1977,-0.0021,0.2942,-0.3872,-0.0041,0.1963,-0.3883,0.1083,0.1963,-0.4557,0.1076,0.2487,-0.5060,0.1074,0.1841,0.0000,0.2246,0.1287,0.0538,0.0000,0.0000,0.1000,0.0266,0.0399,9.5045,11.2828
14.8400,0.0000,0.0000,0.1519,-0.1978,-0.0021,0.2942,-0.3872,-0.0041,0.1962,-0.3884,0.1083,0.1962,-0.4557,0.1076,0.2487,-0.5060,0.1074,0.1842,0.0000,0.2245,0.1286,0.0538,0.0000,0.0000,0.1000,0.0266,0.0399,9.5041,11.2823
14.8480,0.0000,0.0000,0.1519,-0.1978,-0.0021,0.2941,-0.3872,-0.0041,0.1962,-0.3884,0.1083,0.1962,-0.4557,0.1076,0.2487,-0.5061,0.1074,0.1842,0.0000,0.2245,0.1286,0.0538,0.0000,0.0000,0.1000,0.0266,0.0399,9.5036,11.2818
14.8560,0.0000,0.0000,0.1519,-0.1978,-0.0021,0.2941,-0.3873,-0.0041,0.1962,-0.3885,0.1083,0.1962,-0.4557,0.1076,0.2487,-0.5061,0.1074,0.1842,0.0000,0.2245,0.1286,0.0538,0.0000,0.0000,0.1000,0.0266,0.0399,9.5031,11.2812
14.8640,0.0000,0.0000,0.1519,-0.1979,-0.0021,0.2941,-0.3873,-0.0041,0.1962,-0.3885,0.1083,0.1962,-0.4557,0.1076,0.2488,-0.5062,0.1074,0.1843,0.0000,0.2244,0.1285,0.0538,0.0000,0.0000,0.1000,0.0266,0.0399,9.5026,11.2807
14.8720,0.0000,0.0000,0.1519,-0.1979,-0.0021,0.2940,-0.3874,-0.0041,0.1962,-0.3886,0.1083,0.1962,-0.4558,0.1076,0.2488,-0.5062,0.1074,0.1843,0.0000,0.2244,0.1285,0.0538,0.0000,0.0000,0.1000,0.0266,0.0399,9.5021,11.2800
14.8800,0.0000,0.0000,0.1519,-0.1979,-0.0021,0.2940,-0.3874,-0.0041,0.1962,-0.3886,0.1083,0.1962,-0.4558,0.1076,0.2488,-0.5063,0.1074,0.1843,0.0000,0.2244,0.1284,0.0538,0.0000,0.0000,0.1000,0.0266,0.0399,9.5016,11.2795
14.8880,0.0000,0.0000,0.1519,-0.1980,-0.0021,0.2939,-0.3875,-0.0041,0.1962,-0.3886,0.1083,0.1962,-0.4558,0.1076,0.2488,-0.5063,0.1074,0.1844,0.0000,0.2244,0.1284,0.0537,0.0000,0.0000,0.1000,0.0266,0.0399,9.5012,11.2790
14.8960,0.0000,0.0000,0.1519,-0.1980,-0.0021,0.2939,-0.3875,-0.0041,0.1962,-0.3887,0.1083,0.1962,-0.4558,0.1076,0.2489,-0.5064,0.1074,0.1844,0.0000,0.2243,0.1283,0.0537,0.0000,0.0000,0.1000,0.0266,0.0399,9.5007,11.2785
14.9040,0.0000,0.0000,0.1519,-0.1980,-0.0021,0.2939,-0.3875,-0.0041,0.1962,-0.3887,0.1083,0.1962,-0.4558,0.1076,0.2489,-0.5064,0.1074,0.1845,0.0000,0.2242,0.1282,0.0537,0.0000,0.0000,0.1000,0.0266,0.0399,9.5003,11.2780
14.9120,0.0000,0.0000,0.1519,-0.1980,-0.0021,0.2938,-0.3876,-0.0041,0.1961,-0.3888,0.1083,0.1961,-0.4559,0.1076,0.2489,-0.5065,0.1074,0.1845,0.0000,0.2243,0.1282,0.0537,0.0000,0.0000,0.1000,0.0266,0.0399,9.4997,11.2773
14.9200,0.0000,0.0000,0.1519,-0.1981,-0.0021,0.2938,-0.3876,-0.0041,0.1961,-0.3888,0.1083,0.1961,-0.4559,0.1076,0.2489,-0.5065,0.1075,0.1846,0.0000,0.2242,0.1282,0.0537,0.0000,0.0000,0.1000,0.0266,0.0399,9.4993,11.2769
14.9280,0.0000,0.0000,0.1519,-0.1981,-0.0021,0.2937,-0.3877,-0.0041,0.1961,-0.3889,0.1083,0.1961,-0.4559,0.1076,0.2489,-0.5066,0.1074,0.1846,0.0000,0.2242,0.1281,0.0537,0.0000,0.0000,0.1000,0.0266,0.0399,9.4988,11.2764
14.9360,0.0000,0.0000,0.1519,-0.1981,-0.0021,0.2937,-0.3877,-0.0041,0.1961,-0.3889,0.1083,0.1961,-0.4559,0.1076,0.2490,-0.5066,0.1074,0.1846,0.0000,0.2241,0.1281,0.0537,0.0000,0.0000,0.1000,0.0266,0.0399,9.4984,11.2758
14.9440,0.0000,0.0000,0.1519,-0.1981,-0.0021,0.2937,-0.3878,-0.0041,0.1961,-0.3889,0.1083,0.1961,-0.4559,0.1076,0.2490,-0.5067,0.1075,0.1847,0.0000,0.2241,0.1280,0.0536,0.0000,0.0000,0.1000,0.0266,0.0399,9.4980,11.2754
14.9520,0.0000,0.0000,0.1519,-0.1982,-0.0021,0.2936,-0.3878,-0.0041,0.1961,-0.3890,0.1083,0.1961,-0.4560,0.1076,0.2490,-0.5067,0.1074,0.1847,0.0000,0.2240,0.1280,0.0536,0.0000,0.0000,0.1000,0.0266,0.0399,9.4975,11.2748
14.9600,0.0000,0.0000,0.1519,-0.1982,-0.0021,0.2936,-0.3878,-0.0041,0.1961,-0.3890,0.1083,0.1961,-0.4560,0.1076,0.2490,-0.5068,0.1075,0.1848,0.0000,0.2240,0.1279,0.0536,0.0000,0.0000,0.1000,0.0266,0.0399,9.4971,11.2744
14.9680,0.0000,0.0000,0.1519,-0.1982,-0.0021,0.2936,-0.3879,-0.0041,0.1961,-0.3891,0.1083,0.1961,-0.4560,0.1075,0.2491,-0.5068,0.1074,0.1848,0.0000,0.2239,0.1279,0.0536,0.0000,0.0000,0.1000,0.0266,0.0399,9.4966,11.2738
14.9760,0.0000,0.0000,0.1519,-0.1982,-0.0021,0.2935,-0.3879,-0.0041,0.1961,-0.3891,0.1083,0.1961,-0.4560,0.1076,0.2491,-0.5069,0.1074,0.1849,0.0000,0.2239,0.1278,0.0536,0.0000,0.0000,0.1000,0.0266,0.0399,9.4961,11.2733
14.9840,0.0000,0.0000,0.1519,-0.1983,-0.0021,0.2935,-0.3880,-0.0041,0.1961,-0.3892,0.1083,0.1961,-0.4560,0.1076,0.2491,-0.5069,0.1074,0.1850,0.0000,0.2238,0.1277,0.0536,0.0000,0.0000,0.1000,0.0266,0.0399,9.4958,11.2729
14.9920,0.0000,0.0000,0.1519,-0.1983,-0.0021,0.2935,-0.3880,-0.0041,0.1961,-0.3892,0.1083,0.1961,-0.4560,0.1076,0.2492,-0.5070,0.1074,0.1850,0.0000,0.2237,0.1276,0.0535,0.0000,0.0000,0.1000,0.0266,0.0399,9.4953,11.2724
15.0000,0.0000,0.0000,0.1519,-0.1983,-0.0021,0.2934,-0.3881,-0.0041,0.1961,-0.3892,0.1083,0.1961,-0.4561,0.1076,0.2492,-0.5070,0.1074,0.1851,0.0000,0.2237,0.1276,0.0535,0.0000,0.0000,0.1000,0.0266,0.0399,9.4949,11.2718
15.0080,0.0000,0.0000,0.1519,-0.1983,-0.0021,0.2934,-0.3881,-0.0041,0.1961,-0.3893,0.1083,0.1961,-0.4561,0.1076,0.2492,-0.5071,0.1074,0.1851,0.0000,0.2237,0.1276,0.0535,0.0000,0.0000,0.1000,0.0266,0.0399,9.4945,11.2714
15.0160,0.0000,0.0000,0.1519,-0.1984,-0.0021,0.2934,-0.3881,-0.0041,0.1961,-0.3893,0.1083,0.1961,-0.4561,0.1076,0.2493,-0.5071,0.1074,0.1852,0.0000,0.2236,0.1275,0.0535,0.0000,0.0000,0.1000,0.0266,0.0399,9.4941,11.2710
15.0240,0.0000,0.0000,0.1519,-0.1984,-0.0021,0.2933,-0.3882,-0.0041,0.1961,-0.3894,0.1083,0.1961,-0.4561,0.1076,0.2493,-0.5072,0.1074,0.1852,0.0000,0.2235,0.1274,0.0535,0.0000,0.0000,0.1000,0.0266,0.0399,9.4936,11.2704
15.0320,0.0000,0.0000,0.1519,-0.1984,-0.0021,0.2933,-0.3882,-0.0041,0.1961,-0.3894,0.1083,0.1961,-0.4561,0.1076,0.2493,-0.5072,0.1074,0.1853,0.0000,0.2234,0.1273,0.0534,0.0000,0.0000,0.1000,0.0266,0.0399,9.4933,11.2700
15.0400,0.0000,0.0000,0.1519,-0.1984,-0.0021,0.2933,-0.3883,-0.0041,0.1961,-0.3894,0.1083,0.1961,-0.4562,0.1076,0.2494,-0.5072,0.1074,0.1853,0.0000,0.2234,0.1273,0.0534,0.0000,0.0000,0.1000,0.0266,0.0399,9.4928,11.2695
15.0480,0.0000,0.0000,0.1519,-0.1985,-0.0021,0.2932,-0.3883,-0.0041,0.1961,-0.3895,0.1083,0.1961,-0.4562,0.1076,0.2494,-0.5073,0.1074,0.1854,0.0000,0.2234,0.1272,0.0534,0.0000,0.0000,0.1000,0.0266,0.0399,9.4924,11.2691
15.0560,0.0000,0.0000,0.1519,-0.1985,-0.0021,0.2932,-0.3884,-0.0041,0.1961,-0.3895,0.1083,0.1961,-0.4562,0.1076,0.2495,-0.5073,0.1074,0.1855,0.0000,0.2232,0.1271,0.0534,0.0000,0.0000,0.1000,0.0266,0.0399,9.4921,11.2687
15.0640,0.0000,0.0000,0.1519,-0.1985,-0.0021,0.2932,-0.3884,-0.0041,0.1961,-0.3896,0.1083,0.1961,-0.4562,0.1076,0.2495,-0.5074,0.1074,0.1855,0.0000,0.2232,0.1271,0.0534,0.0000,0.0000,0.1000,0.0266,0.0399,9.4916,11.2681
15.0720,0.0000,0.0000,0.1519,-0.1985,-0.0021,0.2931,-0.3884,-0.0041,0.1962,-0.3896,0.1083,0.1962,-0.4562,0.1076,0.2495,-0.5074,0.1074,0.1856,0.0000,0.2231,0.1270,0.0533,0.0000,0.0000,0.1000,0.0266,0.0399,9.4913,11.2677
15.0800,0.0000,0.0000,0.1519,-0.1986,-0.0021,0.2931,-0.3885,-0.0041,0.1961,-0.3897,0.1083,0.1961,-0.4562,0.1076,0.2495,-0.5075,0.1074,0.1857,0.0000,0.2231,0.1270,0.0533,0.0000,0.0000,0.1000,0.0266,0.0399,9.4908,11.2672
15.0880,0.0000,0.0000,0.1519,-0.1986,-0.0021,0.2931,-0.3885,-0.0041,0.1962,-0.3897,0.1083,0.1962,-0.4562,0.1076,0.2496,-0.5075,0.1074,0.1857,0.0000,0.2230,0.1269,0.0533,0.0000,0.0000,0.1000,0.0266,0.0399,9.4906,11.2670
15.0960,0.0000,0.0000,0.1519,-0.1986,-0.0021,0.2930,-0.3886,-0.0041,0.1962,-0.3897,0.1083,0.1962,-0.4563,0.1076,0.2497,-0.5076,0.1074,0.1858,0.0000,0.2229,0.1268,0.0533,0.0000,0.0000,0.1000,0.0266,0.0399,9.4902,11.2665
15.1040,0.0000,0.0000,0.1519,-0.1986,-0.0021,0.2930,-0.3886,-0.0041,0.1962,-0.3898,0.1083,0.1962,-0.4563,0.1076,0.2497,-0.5076,0.1074,0.1859,0.0000,0.2228,0.1267,0.0532,0.0000,0.0000,0.1000,0.0266,0.0399,9.4898,11.2660
15.1120,0.0000,0.0000,0.1519,-0.1986,-0.0021,0.2930,-0.3886,-0.0041,0.1962,-0.3898,0.1083,0.1962,-0.4563,0.1076,0.2497,-0.5077,0.1074,0.1860,0.0000,0.2227,0.1266,0.0532,0.0000,0.0000,0.1000,0.0266,0.0399,9.4894,11.2657
15.1200,0.0000,0.0000,0.1519,-0.1987,-0.0021,0.2930,-0.3887,-0.0041,0.1962,-0.3899,0.1083,0.1962,-0.4563,0.1076,0.2498,-0.5077,0.1074,0.1860,0.0000,0.2227,0.1266,0.0532,0.0000,0.0000,0.1000,0.0266,0.0399,9.4890,11.2652
15.1280,0.0000,0.0000,0.1519,-0.1987,-0.0021,0.2929,-0.3887,-0.0041,0.1962,-0.3899,0.1083,0.1962,-0.4563,0.1076,0.2498,-0.5078,0.1074,0.1861,0.0000,0.2226,0.1265,0.0532,0.0000,0.0000,0.1000,0.0266,0.0399,9.4887,11.2649
15.1360,0.0000,0.0000,0.1519,-0.1987,-0.0021,0.2929,-0.3888,-0.0041,0.1962,-0.3900,0.1083,0.1962,-0.4563,0.1076,0.2499,-0.5078,0.1074,0.1862,0.0000,0.2225,0.1264,0.0532,0.0000,0.0000,0.1000,0.0266,0.0399,9.4883,11.2644
15.1440,0.0000,0.0000,0.1519,-0.1987,-0.0021,0.2929,-0.3888,-0.0041,0.1963,-0.3900,0.1083,0.1963,-0.4564,0.1076,0.2499,-0.5079,0.1074,0.1862,0.0000,0.2224,0.1263,0.0531,0.0000,0.0000,0.1000,0.0266,0.0399,9.4880,11.2640
15.1520,0.0000,0.0000,0.1519,-0.1987,-0.0021,0.2928,-0.3889,-0.0041,0.1963,-0.3900,0.1083,0.1963,-0.4564,0.1076,0.2500,-0.5079,0.1074,0.1863,0.0000,0.2223,0.1263,0.0531,0.0000,0.0000,0.1000,0.0266,0.0399,9.4876,11.2636
15.1600,0.0000,0.0000,0.1519,-0.1988,-0.0021,0.2928,-0.3889,-0.0041,0.1963,-0.3901,0.1083,0.1963,-0.4564,0.1076,0.2500,-0.5080,0.1074,0.1864,0.0000,0.2222,0.1262,0.0531,0.0000,0.0000,0.1000,0.0266,0.0399,9.4872,11.2632
15.1680,0.0000,0.0000,0.1519,-0.1988,-0.0021,0.2928,-0.3889,-0.0041,0.1963,-0.3901,0.1083,0.1963,-0.4564,0.1076,0.2501,-0.5080,0.1074,0.1865,0.0000,0.2221,0.1261,0.0530,0.0000,0.0000,0.1000,0.0266,0.0399,9.4870,11.2629
15.1760,0.0000,0.0000,0.1519,-0.1988,-0.0021,0.2928,-0.3890,-0.0041,0.1963,-0.3902,0.1083,0.1963,-0.4564,0.1076,0.2501,-0.5080,0.1074,0.1866,0.0000,0.2220,0.1260,0.0530,0.0000,0.0000,0.1000,0.0266,0.0399,9.4866,11.2625
15.1840,0.0000,0.0000,0.1519,-0.1988,-0.0021,0.2927,-0.3890,-0.0041,0.1964,-0.3902,0.1083,0.1964,-0.4564,0.1076,0.2502,-0.5081,0.1074,0.1866,0.0000,0.2219,0.1259,0.0530,0.0000,0.0000,0.1000,0.0266,0.0399,9.4863,11.2621
15.1920,0.0000,0.0000,0.1519,-0.1988,-0.0021,0.2927,-0.3891,-0.0041,0.1964,-0.3902,0.1083,0.1964,-0.4564,0.1076,0.2502,-0.5081,0.1074,0.1867,0.0000,0.2218,0.1258,0.0530,0.0000,0.0000,0.1000,0.0266,0.0399,9.4860,11.2617
15.2000,0.0000,0.0000,0.1519,-0.1988,-0.0021,0.2927,-0.3891,-0.0041,0.1964,-0.3903,0.1083,0.1964,-0.4565,0.1076,0.2503,-0.5082,0.1074,0.1868,0.0000,0.2217,0.1258,0.0529,0.0000,0.0000,0.1000,0.0266,0.0399,9.4856,11.2613
15.2080,0.0000,0.0000,0.1519,-0.1989,-0.0021,0.2927,-0.3891,-0.0041,0.1964,-0.3903,0.1083,0.1964,-0.4565,0.1076,0.2504,-0.5082,0.1074,0.1869,0.0000,0.2216,0.1257,0.0529,0.0000,0.0000,0.1000,0.0266,0.0399,9.4853,11.2609
15.2160,0.0000,0.0000,0.1519,-0.1989,-0.0021,0.2926,-0.3892,-0.0041,0.1964,-0.3904,0.1083,0.1964,-0.4565,0.1076,0.2504,-0.5083,0.1074,0.1870,0.0000,0.2215,0.1256,0.0529,0.0000,0.0000,0.1000,0.0266,0.0399,9.4850,11.2606
15.2240,0.0000,0.0000,0.1519,-0.1989,-0.0021,0.2926,-0.3892,-0.0041,0.1965,-0.3904,0.1083,0.1965,-0.4565,0.1076,0.2505,-0.5083,0.1074,0.1871,0.0000,0.2214,0.1255,0.0528,0.0000,0.0000,0.1000,0.0266,0.0399,9.4847,11.2603
15.2320,0.0000,0.0000,0.1519,-0.1989,-0.0021,0.2926,-0.3893,-0.0041,0.1965,-0.3904,0.1083,0.1965,-0.4565,0.1076,0.2506,-0.5084,0.1074,0.1872,0.0000,0.2213,0.1254,0.0528,0.0000,0.0000,0.1000,0.0266,0.0399,9.4845,11.2601
15.2400,0.0000,0.0000,0.1519,-0.1989,-0.0021,0.2926,-0.3893,-0.0041,0.1965,-0.3905,0.1083,0.1965,-0.4565,0.1076,0.2506,-0.5084,0.1074,0.1872,0.0000,0.2212,0.1253,0.0528,0.0000,0.0000,0.1000,0.0266,0.0399,9.4841,11.2597
15.2480,0.0000,0.0000,0.1519,-0.1989,-0.0021,0.2926,-0.3893,-0.0041,0.1965,-0.3905,0.1083,0.1965,-0.4565,0.1076,0.2507,-0.5084,0.1074,0.1873,0.0000,0.2211,0.1252,0.0528,0.0000,0.0000,0.1000,0.0266,0.0399,9.4838,11.2593
15.2560,0.0000,0.0000,0.1519,-0.1990,-0.0021,0.2925,-0.3894,-0.0041,0.1966,-0.3906,0.1082,0.1966,-0.4565,0.1075,0.2507,-0.5085,0.1074,0.1875,0.0000,0.2209,0.1251,0.0527,0.0000,0.0000,0.1000,0.0266,0.0399,9.4835,11.2590
15.2640,0.0000,0.0000,0.1519,-0.1990,-0.0021,0.2925,-0.3894,-0.0041,0.1966,-0.3906,0.1083,0.1966,-0.4565,0.1076,0.2508,-0.5085,0.1074,0.1875,0.0000,0.2208,0.1250,0.0527,0.0000,0.0000,0.1000,0.0266,0.0399,9.4832,11.2587
15.2720,0.0000,0.0000,0.1519,-0.1990,-0.0021,0.2925,-0.3895,-0.0041,0.1967,-0.3906,0.1083,0.1967,-0.4565,0.1076,0.2509,-0.5086,0.1074,0.1876,0.0000,0.2207,0.1249,0.0526,0.0000,0.0000,0.1000,0.0266,0.0399,9.4830,11.2584
15.2800,0.0000,0.0000,0.1519,-0.1990,-0.0021,0.2925,-0.3895,-0.0041,0.1967,-0.3907,0.1083,0.1967,-0.4566,0.1076,0.2510,-0.5086,0.1074,0.1877,0.0000,0.2206,0.1248,0.0526,0.0000,0.0000,0.1000,0.0266,0.0399,9.4827,11.2580
15.2880,0.0000,0.0000,0.1519,-0.1990,-0.0021,0.2925,-0.3896,-0.0041,0.1967,-0.3907,0.1083,0.1967,-0.4566,0.1076,0.2510,-0.5087,0.1074,0.1879,0.0000,0.2204,0.1247,0.0525,0.0000,0.0000,0.1000,0.0266,0.0399,9.4824,11.2577
15.2960,0.0000,0.0000,0.1519,-0.1990,-0.0021,0.2924,-0.3896,-0.0041,0.1968,-0.3908,0.1083,0.1968,-0.4566,0.1076,0.2511,-0.5087,0.1074,0.1880,0.0000,0.2203,0.1246,0.0525,0.0000,0.0000,0.1000,0.0266,0.0399,9.4821,11.2574
15.3040,0.0000,0.0000,0.1519,-0.1990,-0.0021,0.2924,-0.3896,-0.0041,0.1968,-0.3908,0.1082,0.1968,-0.4566,0.1076,0.2512,-0.5088,0.1074,0.1881,0.0000,0.2202,0.1245,0.0525,0.0000,0.0000,0.1000,0.0266,0.0399,9.4819,11.2571
15.3120,0.0000,0.0000,0.1519,-0.1991,-0.0021,0.2924,-0.3897,-0.0041,0.1968,-0.3909,0.1083,0.1968,-0.4566,0.1076,0.2512,-0.5088,0.1074,0.1881,0.0000,0.2201,0.1244,0.0525,0.0000,0.0000,0.1000,0.0266,0.0399,9.4816,11.2568
15.3200,0.0000,0.0000,0.1519,-0.1991,-0.0021,0.2924,-0.3897,-0.0041,0.1969,-0.3909,0.1083,0.1969,-0.4566,0.1076,0.2513,-0.5089,0.1074,0.1882,0.0000,0.2199,0.1243,0.0524,0.0000,0.0000,0.1000,0.0266,0.0399,9.4813,11.2565
15.3280,0.0000,0.0000,0.1519,-0.1991,-0.0021,0.2924,-0.3898,-0.0041,0.1969,-0.3909,0.1082,0.1969,-0.4566,0.1075,0.2514,-0.5089,0.1074,0.1883,0.0000,0.2198,0.1242,0.0524,0.0000,0.0000,0.1000,0.0266,0.0399,9.4809,11.2560
15.3360,0.0000,0.0000,0.1519,-0.1991,-0.0021,0.2923,-0.3898,-0.0041,0.1969,-0.3910,0.1082,0.1969,-0.4566,0.1076,0.2514,-0.5090,0.1074,0.1884,0.0000,0.2197,0.1241,0.0523,0.0000,0.0000,0.1000,0.0266,0.0399,9.4807,11.2558
15.3440,0.0000,0.0000,0.1519,-0.1991,-0.0021,0.2923,-0.3898,-0.0041,0.1970,-0.3910,0.1082,0.1970,-0.4566,0.1076,0.2515,-0.5090,0.1074,0.1885,0.0000,0.2196,0.1240,0.0523,0.0000,0.0000,0.1000,0.0266,0.0399,9.4805,11.2556
15.3520,0.0000,0.0000,0.1519,-0.1991,-0.0021,0.2923,-0.3899,-0.0041,0.1970,-0.3911,0.1082,0.1970,-0.4567,0.1076,0.2516,-0.5090,0.1074,0.1886,0.0000,0.2194,0.1239,0.0523,0.0000,0.0000,0.1000,0.0266,0.0399,9.4802,11.2552
15.3600,0.0000,0.0000,0.1519,-0.1991,-0.0021,0.2923,-0.3899,-0.0041,0.1971,-0.3911,0.1083,0.1971,-0.4567,0.1076,0.2517,-0.5091,0.1074,0.1888,0.0000,0.2192,0.1237,0.0522,0.0000,0.0000,0.1000,0.0266,0.0399,9.4801,11.2551
15.3680,0.0000,0.0000,0.1519,-0.1991,-0.0021,0.2923,-0.3900,-0.0041,0.1971,-0.3911,0.1083,0.1971,-0.4567,0.1076,0.2518,-0.5091,0.1074,0.1889,0.0000,0.2191,0.1236,0.0522,0.0000,0.0000,0.1000,0.0266,0.0399,9.4799,11.2549
15.3760,0.0000,0.0000,0.1519,-0.1992,-0.0021,0.2923,-0.3900,-0.0041,0.1971,-0.3912,0.1083,0.1971,-0.4567,0.1076,0.2518,-0.5092,0.1074,0.1890,0.0000,0.2190,0.1235,0.0521,0.0000,0.0000,0.1000,0.0266,0.0399,9.4795,11.2544
15.3840,0.0000,0.0000,0.1519,-0.1991,-0.0021,0.2923,-0.3900,-0.0041,0.1972,-0.3912,0.1082,0.1972,-0.4567,0.1076,0.2519,-0.5092,0.1074,0.1891,0.0000,0.2188,0.1234,0.0521,0.0000,0.0000,0.1000,0.0266,0.0399,9.4795,11.2544
15.3920,0.0000,0.0000,0.1519,-0.1992,-0.0021,0.2922,-0.3901,-0.0041,0.1972,-0.3912,0.1082,0.1972,-0.4567,0.1076,0.2520,-0.5093,0.1074,0.1892,0.0000,0.2187,0.1233,0.0521,0.0000,0.0000,0.1000,0.0266,0.0399,9.4791,11.2540
15.4000,0.0000,0.0000,0.1519,-0.1992,-0.0021,0.2922,-0.3901,-0.0041,0.1973,-0.3913,0.1083,0.1973,-0.4567,0.1076,0.2521,-0.5093,0.1074,0.1893,0.0000,0.2185,0.1232,0.0520,0.0000,0.0000,0.1000,0.0266,0.0399,9.4790,11.2539
15.4080,0.0000,0.0000,0.1519,-0.1992,-0.0021,0.2922,-0.3901,-0.0041,0.1973,-0.3913,0.1083,0.1973,-0.4567,0.1076,0.2522,-0.5093,0.1074,0.1894,0.0000,0.2184,0.1231,0.0520,0.0000,0.0000,0.1000,0.0266,0.0399,9.4787,11.2535
15.4160,0.0000,0.0000,0.1519,-0.1992,-0.0021,0.2922,-0.3902,-0.0041,0.1974,-0.3914,0.1082,0.1974,-0.4567,0.1076,0.2523,-0.5094,0.1074,0.1895,0.0000,0.2182,0.1229,0.0519,0.0000,0.0000,0.1000,0.0266,0.0399,9.4785,11.2534
15.4240,0.0000,0.0000,0.1519,-0.1992,-0.0021,0.2922,-0.3902,-0.0041,0.1974,-0.3914,0.1082,0.1974,-0.4567,0.1076,0.2523,-0.5094,0.1074,0.1897,0.0000,0.2181,0.1228,0.0519,0.0000,0.0000,0.1000,0.0266,0.0399,9.4782,11.2530
15.4320,0.0000,0.0000,0.1519,-0.1992,-0.0021,0.2922,-0.3903,-0.0041,0.1975,-0.3914,0.1083,0.1975,-0.4567,0.1076,0.2524,-0.5095,0.1074,0.1898,0.0000,0.2179,0.1227,0.0518,0.0000,0.0000,0.1000,0.0266,0.0399,9.4782,11.2530
15.4400,0.0000,0.0000,0.1519,-0.1992,-0.0021,0.2922,-0.3903,-0.0041,0.1975,-0.3915,0.1082,0.1975,-0.4567,0.1076,0.2525,-0.5095,0.1074,0.1899,0.0000,0.2178,0.1226,0.0518,0.0000,0.0000,0.1000,0.0266,0.0399,9.4779,11.2526
15.4480,0.0000,0.0000,0.1519,-0.1992,-0.0021,0.2921,-0.3903,-0.0041,0.1976,-0.3915,0.1082,0.1976,-0.4567,0.1076,0.2526,-0.5096,0.1074,0.1900,0.0000,0.2176,0.1225,0.0518,0.0000,0.0000,0.1000,0.0266,0.0399,9.4777,11.2524
15.4560,0.0000,0.0000,0.1519,-0.1992,-0.0021,0.2921,-0.3904,-0.0041,0.1976,-0.3916,0.1082,0.1976,-0.4567,0.1076,0.2527,-0.5096,0.1074,0.1902,0.0000,0.2174,0.1223,0.0517,0.0000,0.0000,0.1000,0.0266,0.0399,9.4775,11.2522
15.4640,0.0000,0.0000,0.1519,-0.1992,-0.0021,0.2921,-0.3904,-0.0041,0.1977,-0.3916,0.1083,0.1977,-0.4567,0.1076,0.2528,-0.5096,0.1074,0.1903,0.0000,0.2173,0.1222,0.0517,0.0000,0.0000,0.1000,0.0266,0.0399,9.4774,11.2520
15.4720,0.0000,0.0000,0.1519,-0.1992,-0.0021,0.2921,-0.3905,-0.0041,0.1977,-0.3916,0.1082,0.1977,-0.4568,0.1076,0.2529,-0.5097,0.1074,0.1904,0.0000,0.2171,0.1221,0.0516,0.0000,0.0000,0.1000,0.0266,0.0399,9.4772,11.2518
15.4800,0.0000,0.0000,0.1519,-0.1992,-0.0021,0.2921,-0.3905,-0.0041,0.1978,-0.3917,0.1082,0.1978,-0.4568,0.1076,0.2530,-0.5097,0.1074,0.1906,0.0000,0.2169,0.1219,0.0516,0.0000,0.0000,0.1000,0.0266,0.0399,9.4770,11.2516
15.4880,0.0000,0.0000,0.1519,-0.1993,-0.0021,0.2921,-0.3905,-0.0041,0.1978,-0.3917,0.1082,0.1978,-0.4568,0.1076,0.2531,-0.5098,0.1074,0.1906,0.0000,0.2168,0.1218,0.0515,0.0000,0.0000,0.1000,0.0266,0.0399,9.4768,11.2514
15.4960,0.0000,0.0000,0.1519,-0.1993,-0.0021,0.2921,-0.3906,-0.0041,0.1979,-0.3918,0.1082,0.1979,-0.4568,0.1075,0.2532,-0.5098,0.1074,0.1908,0.0000,0.2166,0.1217,0.0515,0.0000,0.0000,0.1000,0.0266,0.0399,9.4766,11.2512
15.5040,0.0000,0.0000,0.1519,-0.1993,-0.0021,0.2921,-0.3906,-0.0041,0.1979,-0.3918,0.1082,0.1979,-0.4568,0.1076,0.2533,-0.5099,0.1074,0.1909,0.0000,0.2164,0.1215,0.0514,0.0000,0.0000,0.1000,0.0266,0.0399,9.4764,11.2510
15.5120,0.0000,0.0000,0.1519,-0.1993,-0.0021,0.2921,-0.3906,-0.0041,0.1980,-0.3918,0.1082,0.1980,-0.4568,0.1075,0.2534,-0.5099,0.1074,0.1911,0.0000,0.2162,0.1214,0.0514,0.0000,0.0000,0.1000,0.0266,0.0399,9.4763,11.2508
15.5200,0.0000,0.0000,0.1519,-0.1993,-0.0021,0.2921,-0.3907,-0.0041,0.1981,-0.3919,0.1082,0.1981,-0.4568,0.1076,0.2535,-0.5099,0.1074,0.1912,0.0000,0.2160,0.1213,0.0513,0.0000,0.0000,0.1000,0.0266,0.0399,9.4761,11.2506
15.5280,0.0000,0.0000,0.1519,-0.1993,-0.0021,0.2921,-0.3907,-0.0041,0.1981,-0.3919,0.1082,0.1981,-0.4568,0.1076,0.2536,-0.5100,0.1074,0.1913,0.0000,0.2159,0.1212,0.0513,0.0000,0.0000,0.1000,0.0266,0.0399,9.4760,11.2504
15.5360,0.0000,0.0000,0.1519,-0.1993,-0.0021,0.2921,-0.3908,-0.0041,0.1982,-0.3919,0.1082,0.1982,-0.4568,0.1076,0.2537,-0.5100,0.1074,0.1914,0.0000,0.2157,0.1210,0.0512,0.0000,0.0000,0.1000,0.0266,0.0399,9.4758,11.2502
15.5440,0.0000,0.0000,0.1519,-0.1993,-0.0021,0.2920,-0.3908,-0.0041,0.1982,-0.3920,0.1082,0.1982,-0.4568,0.1076,0.2538,-0.5101,0.1074,0.1916,0.0000,0.2155,0.1209,0.0512,0.0000,0.0000,0.1000,0.0266,0.0399,9.4756,11.2500
15.5520,0.0000,0.0000,0.1519,-0.1993,-0.0021,0.2920,-0.3908,-0.0041,0.1983,-0.3920,0.1082,0.1983,-0.4568,0.1076,0.2539,-0.5101,0.1074,0.1917,0.0000,0.2154,0.1208,0.0511,0.0000,0.0000,0.1000,0.0266,0.0399,9.4754,11.2498
15.5600,0.0000,0.0000,0.1519,-0.1993,-0.0021,0.2920,-0.3909,-0.0041,0.1984,-0.3920,0.1082,0.1984,-0.4568,0.1076,0.2540,-0.5102,0.1074,0.1919,0.0000,0.2152,0.1206,0.0511,0.0000,0.0000,0.1000,0.0266,0.0399,9.4753,11.2497
15.5680,0.0000,0.0000,0.1519,-0.1993,-0.0021,0.2920,-0.3909,-0.0041,0.1984,-0.3921,0.1082,0.1984,-0.4568,0.1076,0.2541,-0.5102,0.1074,0.1920,0.0000,0.2150,0.1205,0.0510,0.0000,0.0000,0.1000,0.0266,0.0399,9.4752,11.2496
15.5760,0.0000,0.0000,0.1519,-0.1993,-0.0021,0.2920,-0.3909,-0.0041,0.1985,-0.3921,0.1082,0.1985,-0.4568,0.1076,0.2542,-0.5102,0.1074,0.1921,0.0000,0.2148,0.1203,0.0510,0.0000,0.0000,0.1000,0.0266,0.0399,9.4749,11.2493
15.5840,0.0000,0.0000,0.1519,-0.1993,-0.0021,0.2920,-0.3910,-0.0041,0.1986,-0.3922,0.1082,0.1986,-0.4568,0.1076,0.2543,-0.5103,0.1074,0.1923,0.0000,0.2146,0.1202,0.0509,0.0000,0.0000,0.1000,0.0266,0.0399,9.4748,11.2491
15.5920,0.0000,0.0000,0.1519,-0.1993,-0.0021,0.2920,-0.3911,-0.0041,0.1987,-0.3922,0.1082,0.1987,-0.4568,0.1076,0.2545,-0.5104,0.1074,0.1926,0.0000,0.2142,0.1199,0.0508,0.0000,0.0000,0.1000,0.0266,0.0399,9.4746,11.2489
15.6000,0.0000,0.0000,0.1519,-0.1993,-0.0021,0.2920,-0.3911,-0.0041,0.1987,-0.3922,0.1082,0.1987,-0.4568,0.1076,0.2545,-0.5104,0.1074,0.1926,0.0000,0.2142,0.1199,0.0508,0.0000,0.0000,0.1000,0.0266,0.0399,9.4746,11.2489
15.6080,0.0000,0.0000,0.1519,-0.1993,-0.0021,0.2920,-0.3911,-0.0041,0.1988,-0.3923,0.1082,0.1988,-0.4568,0.1076,0.2547,-0.5104,0.1074,0.1928,0.0000,0.2138,0.1196,0.0507,0.0000,0.0000,0.1000,0.0266,0.0399,9.4743,11.2486
15.6160,0.0000,0.0000,0.1519,-0.1993,-0.0021,0.2920,-0.3912,-0.0041,0.1989,-0.3923,0.1082,0.1989,-0.4568,0.1076,0.2548,-0.5105,0.1074,0.1930,0.0000,0.2137,0.1195,0.0507,0.0000,0.0000,0.1000,0.0266,0.0399,9.4742,11.2484
15.6240,0.0000,0.0000,0.1519,-0.1993,-0.0021,0.2920,-0.3912,-0.0041,0.1990,-0.3924,0.1082,0.1990,-0.4568,0.1076,0.2549,-0.5105,0.1074,0.1931,0.0000,0.2134,0.1193,0.0506,0.0000,0.0000,0.1000,0.0266,0.0399,9.4741,11.2483
15.6320,0.0000,0.0000,0.1519,-0.1993,-0.0021,0.2920,-0.3912,-0.0041,0.1990,-0.3924,0.1082,0.1990,-0.4568,0.1076,0.2551,-0.5106,0.1074,0.1933,0.0000,0.2132,0.1192,0.0505,0.0000,0.0000,0.1000,0.0266,0.0399,9.4740,11.2482
15.6400,0.0000,0.0000,0.1519,-0.1993,-0.0021,0.2920,-0.3913,-0.0041,0.1991,-0.3925,0.1082,0.1991,-0.4568,0.1075,0.2552,-0.5106,0.1074,0.1934,0.0000,0.2130,0.1190,0.0505,0.0000,0.0000,0.1000,0.0266,0.0399,9.4737,11.2479
15.6480,0.0000,0.0000,0.1519,-0.1993,-0.0021,0.2920,-0.3913,-0.0041,0.1992,-0.3925,0.1082,0.1992,-0.4568,0.1076,0.2553,-0.5107,0.1074,0.1936,0.0000,0.2129,0.1189,0.0504,0.0000,0.0000,0.1000,0.0266,0.0399,9.4736,11.2478
15.6560,0.0000,0.0000,0.1519,-0.1993,-0.0021,0.2920,-0.3914,-0.0041,0.1992,-0.3925,0.1082,0.1992,-0.4568,0.1076,0.2554,-0.5107,0.1074,0.1937,0.0000,0.2126,0.1187,0.0504,0.0000,0.0000,0.1000,0.0266,0.0399,9.4736,11.2477
15.6640,0.0000,0.0000,0.1519,-0.1993,-0.0021,0.2920,-0.3914,-0.0041,0.1993,-0.3926,0.1082,0.1993,-0.4568,0.1076,0.2555,-0.5107,0.1074,0.1939,0.0000,0.2124,0.1186,0.0503,0.0000,0.0000,0.1000,0.0266,0.0399,9.4735,11.2477
15.6720,0.0000,0.0000,0.1519,-0.1993,-0.0021,0.2920,-0.3914,-0.0041,0.1994,-0.3926,0.1082,0.1994,-0.4568,0.1076,0.2556,-0.5108,0.1074,0.1940,0.0000,0.2122,0.1184,0.0503,0.0000,0.0000,0.1000,0.0266,0.0399,9.4734,11.2475
15.6800,0.0000,0.0000,0.1519,-0.1993,-0.0021,0.2920,-0.3915,-0.0041,0.1995,-0.3926,0.1082,0.1995,-0.4568,0.1076,0.2557,-0.5108,0.1074,0.1942,0.0000,0.2120,0.1183,0.0502,0.0000,0.0000,0.1000,0.0266,0.0399,9.4732,11.2473
15.6880,0.0000,0.0000,0.1519,-0.1993,-0.0021,0.2920,-0.3915,-0.0041,0.1995,-0.3927,0.1082,0.1995,-0.4568,0.1076,0.2559,-0.5108,0.1074,0.1943,0.0000,0.2118,0.1181,0.0501,0.0000,0.0000,0.1000,0.0266,0.0399,9.4732,11.2473
15.6960,0.0000,0.0000,0.1519,-0.1993,-0.0021,0.2920,-0.3915,-0.0041,0.1996,-0.3927,0.1082,0.1996,-0.4568,0.1076,0.2560,-0.5109,0.1074,0.1945,0.0000,0.2116,0.1180,0.0501,0.0000,0.0000,0.1000,0.0266,0.0399,9.4730,11.2471
15.7040,0.0000,0.0000,0.1519,-0.1993,-0.0021,0.2920,-0.3916,-0.0041,0.1997,-0.3928,0.1082,0.1997,-0.4568,0.1075,0.2561,-0.5109,0.1074,0.1946,0.0000,0.2114,0.1178,0.0500,0.0000,0.0000,0.1000,0.0266,0.0399,9.4728,11.2469
15.7120,0.0000,0.0000,0.1519,-0.1993,-0.0021,0.2920,-0.3916,-0.0041,0.1998,-0.3928,0.1082,0.1998,-0.4568,0.1076,0.2562,-0.5110,0.1074,0.1948,0.0000,0.2112,0.1177,0.0500,0.0000,0.0000,0.1000,0.0266,0.0399,9.4729,11.2469
15.7200,0.0000,0.0000,0.1519,-0.1993,-0.0021,0.2920,-0.3917,-0.0041,0.1999,-0.3928,0.1082,0.1999,-0.4568,0.1076,0.2564,-0.5110,0.1074,0.1950,0.0000,0.2109,0.1175,0.0499,0.0000,0.0000,0.1000,0.0266,0.0399,9.4727,11.2468
15.7280,0.0000,0.0000,0.1519,-0.1993,-0.0021,0.2920,-0.3917,-0.0041,0.1999,-0.3929,0.1082,0.1999,-0.4568,0.1076,0.2564,-0.5110,0.1074,0.1951,0.0000,0.2107,0.1174,0.0498,0.0000,0.0000,0.1000,0.0266,0.0399,9.4726,11.2466
15.7360,0.0000,0.0000,0.1519,-0.1993,-0.0021,0.2920,-0.3917,-0.0041,0.2000,-0.3929,0.1082,0.2000,-0.4568,0.1076,0.2566,-0.5111,0.1074,0.1952,0.0000,0.2105,0.1172,0.0498,0.0000,0.0000,0.1000,0.0266,0.0399,9.4725,11.2466
15.7440,0.0000,0.0000,0.1519,-0.1993,-0.0021,0.2920,-0.3918,-0.0041,0.2000,-0.3929,0.1082,0.2000,-0.4568,0.1076,0.2567,-0.5111,0.1074,0.1954,0.0000,0.2104,0.1171,0.0497,0.0000,0.0000,0.1000,0.0266,0.0399,9.4723,11.2463
15.7520,0.0000,0.0000,0.1519,-0.1993,-0.0021,0.2920,-0.3918,-0.0041,0.2001,-0.3930,0.1082,0.2001,-0.4568,0.1076,0.2568,-0.5112,0.1074,0.1956,0.0000,0.2101,0.1169,0.0497,0.0000,0.0000,0.1000,0.0266,0.0399,9.4722,11.2462
15.7600,0.0000,0.0000,0.1519,-0.1993,-0.0021,0.2920,-0.3918,-0.0041,0.2001,-0.3930,0.1082,0.2001,-0.4568,0.1076,0.2568,-0.5112,0.1074,0.1956,0.0000,0.2101,0.1169,0.0497,0.0000,0.0000,0.1000,0.0266,0.0399,9.4722,11.2462
15.7680,0.0000,0.0000,0.1519,-0.1993,-0.0021,0.2920,-0.3919,-0.0041,0.2003,-0.3930,0.1082,0.2003,-0.4568,0.1076,0.2570,-0.5112,0.1074,0.1959,0.0000,0.2096,0.1166,0.0495,0.0000,0.0000,0.1000,0.0266,0.0399,9.4721,11.2461
15.7760,0.0000,0.0000,0.1519,-0.1993,-0.0021,0.2920,-0.3919,-0.0041,0.2004,-0.3931,0.1082,0.2004,-0.4568,0.1076,0.2572,-0.5113,0.1074,0.1960,0.0000,0.2094,0.1164,0.0495,0.0000,0.0000,0.1000,0.0266,0.0399,9.4720,11.2459
15.7840,0.0000,0.0000,0.1519,-0.1993,-0.0021,0.2920,-0.3919,-0.0041,0.2004,-0.3931,0.1082,0.2004,-0.4568,0.1076,0.2573,-0.5113,0.1074,0.1962,0.0000,0.2092,0.1163,0.0494,0.0000,0.0000,0.1000,0.0266,0.0399,9.4719,11.2459
15.7920,0.0000,0.0000,0.1519,-0.1993,-0.0021,0.2920,-0.3920,-0.0041,0.2005,-0.3932,0.1082,0.2005,-0.4568,0.1076,0.2574,-0.5114,0.1074,0.1963,0.0000,0.2090,0.1161,0.0494,0.0000,0.0000,0.1000,0.0266,0.0399,9.4717,11.2457
15.8000,0.0000,0.0000,0.1519,-0.1993,-0.0021,0.2920,-0.3920,-0.0041,0.2006,-0.3932,0.1082,0.2006,-0.4568,0.1076,0.2575,-0.5114,0.1074,0.1965,0.0000,0.2088,0.1160,0.0493,0.0000,0.0000,0.1000,0.0266,0.0399,9.4719,11.2458
15.8080,0.0000,0.0000,0.1519,-0.1993,-0.0021,0.2920,-0.3920,-0.0041,0.2007,-0.3932,0.1082,0.2007,-0.4568,0.1076,0.2576,-0.5114,0.1074,0.1966,0.0000,0.2086,0.1158,0.0493,0.0000,0.0000,0.1000,0.0266,0.0399,9.4716,11.2456
15.8160,0.0000,0.0000,0.1519,-0.1993,-0.0021,0.2920,-0.3921,-0.0041,0.2007,-0.3932,0.1082,0.2007,-0.4568,0.1076,0.2577,-0.5115,0.1074,0.1968,0.0000,0.2084,0.1157,0.0492,0.0000,0.0000,0.1000,0.0266,0.0399,9.4716,11.2455
15.8240,0.0000,0.0000,0.1519,-0.1993,-0.0021,0.2920,-0.3921,-0.0041,0.2008,-0.3933,0.1082,0.2008,-0.4568,0.1075,0.2579,-0.5115,0.1074,0.1970,0.0000,0.2081,0.1155,0.0491,0.0000,0.0000,0.1000,0.0266,0.0399,9.4715,11.2454
15.8320,0.0000,0.0000,0.1519,-0.1993,-0.0021,0.2920,-0.3921,-0.0041,0.2009,-0.3933,0.1082,0.2009,-0.4568,0.1075,0.2580,-0.5115,0.1074,0.1971,0.0000,0.2079,0.1153,0.0491,0.0000,0.0000,0.1000,0.0266,0.0399,9.4715,11.2453
15.8400,0.0000,0.0000,0.1519,-0.1993,-0.0021,0.2920,-0.3922,-0.0041,0.2010,-0.3934,0.1082,0.2010,-0.4568,0.1076,0.2581,-0.5116,0.1074,0.1972,0.0000,0.2077,0.1152,0.0490,0.0000,0.0000,0.1000,0.0266,0.0399,9.4713,11.2452
15.8480,0.0000,0.0000,0.1519,-0.1993,-0.0021,0.2920,-0.3922,-0.0041,0.2011,-0.3934,0.1082,0.2011,-0.4568,0.1075,0.2583,-0.5116,0.1074,0.1975,0.0000,0.2074,0.1150,0.0489,0.0000,0.0000,0.1000,0.0266,0.0399,9.4714,11.2452
15.8560,0.0000,0.0000,0.1519,-0.1993,-0.0021,0.2920,-0.3922,-0.0041,0.2012,-0.3934,0.1082,0.2012,-0.4567,0.1076,0.2584,-0.5117,0.1074,0.1976,0.0000,0.2072,0.1148,0.0489,0.0000,0.0000,0.1000,0.0266,0.0399,9.4713,11.2452
15.8640,0.0000,0.0000,0.1519,-0.1993,-0.0021,0.2920,-0.3923,-0.0041,0.2013,-0.3935,0.1082,0.2013,-0.4567,0.1076,0.2586,-0.5117,0.1074,0.1978,0.0000,0.2069,0.1146,0.0488,0.0000,0.0000,0.1000,0.0266,0.0399,9.4712,11.2451
15.8720,0.0000,0.0000,0.1519,-0.1993,-0.0021,0.2920,-0.3923,-0.0041,0.2014,-0.3935,0.1082,0.2014,-0.4567,0.1075,0.2587,-0.5117,0.1074,0.1980,0.0000,0.2067,0.1144,0.0487,0.0000,0.0000,0.1000,0.0266,0.0399,9.4713,11.2451
15.8800,0.0000,0.0000,0.1519,-0.1993,-0.0021,0.2920,-0.3923,-0.0041,0.2015,-0.3935,0.1082,0.2015,-0.4567,0.1076,0.2588,-0.5118,0.1074,0.1982,0.0000,0.2064,0.1143,0.0487,0.0000,0.0000,0.1000,0.0266,0.0399,9.4712,11.2451
15.8880,0.0000,0.0000,0.1519,-0.1993,-0.0021,0.2920,-0.3924,-0.0041,0.2016,-0.3936,0.1082,0.2016,-0.4567,0.1076,0.2590,-0.5118,0.1074,0.1983,0.0000,0.2062,0.1141,0.0486,0.0000,0.0000,0.1000,0.0266,0.0399,9.4711,11.2450
15.8960,0.0000,0.0000,0.1519,-0.1993,-0.0021,0.2921,-0.3924,-0.0041,0.2017,-0.3936,0.1082,0.2017,-0.4567,0.1076,0.2591,-0.5118,0.1074,0.1985,0.0000,0.2059,0.1139,0.0485,0.0000,0.0000,0.1000,0.0266,0.0399,9.4712,11.2450
15.9040,0.0000,0.0000,0.1519,-0.1993,-0.0021,0.2921,-0.3925,-0.0041,0.2018,-0.3936,0.1082,0.2018,-0.4567,0.1076,0.2592,-0.5119,0.1074,0.1987,0.0000,0.2057,0.1137,0.0485,0.0000,0.0000,0.1000,0.0266,0.0399,9.4711,11.2449
15.9120,0.0000,0.0000,0.1519,-0.1993,-0.0021,0.2921,-0.3925,-0.0041,0.2019,-0.3937,0.1082,0.2019,-0.4567,0.1076,0.2594,-0.5119,0.1074,0.1989,0.0000,0.2054,0.1135,0.0484,0.0000,0.0000,0.1000,0.0266,0.0399,9.4711,11.2449
15.9200,0.0000,0.0000,0.1519,-0.1993,-0.0021,0.2921,-0.3925,-0.0041,0.2020,-0.3937,0.1082,0.2020,-0.4567,0.1076,0.2595,-0.5120,0.1074,0.1991,0.0000,0.2051,0.1134,0.0483,0.0000,0.0000,0.1000,0.0266,0.0399,9.4711,11.2449
15.9280,0.0000,0.0000,0.1519,-0.1993,-0.0021,0.2921,-0.3926,-0.0041,0.2021,-0.3937,0.1082,0.2021,-0.4567,0.1076,0.2597,-0.5120,0.1074,0.1993,0.0000,0.2049,0.1132,0.0482,0.0000,0.0000,0.1000,0.0266,0.0399,9.4710,11.2449
15.9360,0.0000,0.0000,0.1519,-0.1992,-0.0021,0.2921,-0.3926,-0.0041,0.2022,-0.3938,0.1082,0.2022,-0.4567,0.1076,0.2598,-0.5120,0.1074,0.1995,0.0000,0.2046,0.1130,0.0482,0.0000,0.0000,0.1000,0.0266,0.0399,9.4712,11.2450
15.9440,0.0000,0.0000,0.1519,-0.1992,-0.0021,0.2921,-0.3926,-0.0041,0.2023,-0.3938,0.1082,0.2023,-0.4567,0.1076,0.2600,-0.5121,0.1074,0.1996,0.0000,0.2043,0.1128,0.0481,0.0000,0.0000,0.1000,0.0266,0.0399,9.4711,11.2450
15.9520,0.0000,0.0000,0.1519,-0.1992,-0.0021,0.2921,-0.3926,-0.0041,0.2024,-0.3938,0.1082,0.2024,-0.4567,0.1076,0.2601,-0.5121,0.1074,0.1998,0.0000,0.2041,0.1126,0.0480,0.0000,0.0000,0.1000,0.0266,0.0399,9.4711,11.2450
15.9600,0.0000,0.0000,0.1519,-0.1992,-0.0021,0.2922,-0.3927,-0.0041,0.2025,-0.3939,0.1082,0.2025,-0.4566,0.1076,0.2603,-0.5121,0.1074,0.2000,0.0000,0.2038,0.1124,0.0480,0.0000,0.0000,0.1000,0.0266,0.0399,9.4711,11.2450
15.9680,0.0000,0.0000,0.1519,-0.1992,-0.0021,0.2922,-0.3927,-0.0041,0.2026,-0.3939,0.1082,0.2026,-0.4566,0.1076,0.2604,-0.5122,0.1074,0.2002,0.0000,0.2035,0.1122,0.0479,0.0000,0.0000,0.1000,0.0266,0.0399,9.4712,11.2451
15.9760,0.0000,0.0000,0.1519,-0.1992,-0.0021,0.2922,-0.3927,-0.0041,0.2027,-0.3939,0.1082,0.2027,-0.4566,0.1076,0.2606,-0.5122,0.1074,0.2004,0.0000,0.2032,0.1120,0.0478,0.0000,0.0000,0.1000,0.0266,0.0399,9.4711,11.2450
15.9840,0.0000,0.0000,0.1519,-0.1992,-0.0021,0.2922,-0.3928,-0.0041,0.2028,-0.3940,0.1082,0.2028,-0.4566,0.1076,0.2607,-0.5122,0.1074,0.2006,0.0000,0.2030,0.1119,0.0477,0.0000,0.0000,0.1000,0.0266,0.0399,9.4712,11.2450
15.9920,0.0000,0.0000,0.1519,-0.1992,-0.0021,0.2922,-0.3928,-0.0041,0.2029,-0.3940,0.1082,0.2029,-0.4566,0.1076,0.2609,-0.5123,0.1074,0.2008,0.0000,0.2026,0.1116,0.0476,0.0000,0.0000,0.1000,0.0266,0.0399,9.4712,11.2450
16.0000,0.0000,0.0000,0.1519,-0.1992,-0.0021,0.2922,-0.3928,-0.0041,0.2030,-0.3940,0.1082,0.2030,-0.4566,0.1076,0.2611,-0.5123,0.1074,0.2010,0.0000,0.2023,0.1114,0.0476,0.0000,0.0000,0.1000,0.0266,0.0399,9.4712,11.2451
16.0080,0.0000,0.0000,0.1519,-0.1992,-0.0021,0.2922,-0.3929,-0.0041,0.2031,-0.3941,0.1082,0.2031,-0.4566,0.1075,0.2612,-0.5123,0.1074,0.2012,0.0000,0.2021,0.1112,0.0475,0.0000,0.0000,0.1000,0.0266,0.0399,9.4711,11.2449
16.0160,0.0000,0.0000,0.1519,-0.1991,-0.0021,0.2923,-0.3929,-0.0041,0.2033,-0.3941,0.1082,0.2033,-0.4566,0.1076,0.2614,-0.5124,0.1074,0.2015,0.0000,0.2017,0.1110,0.0474,0.0000,0.0000,0.1000,0.0266,0.0399,9.4714,11.2453
16.0240,0.0000,0.0000,0.1519,-0.1991,-0.0021,0.2923,-0.3929,-0.0041,0.2034,-0.3941,0.1082,0.2034,-0.4566,0.1076,0.2616,-0.5124,0.1074,0.2017,0.0000,0.2014,0.1108,0.0473,0.0000,0.0000,0.1000,0.0266,0.0399,9.4713,11.2452
16.0320,0.0000,0.0000,0.1519,-0.1991,-0.0021,0.2923,-0.3930,-0.0041,0.2035,-0.3941,0.1082,0.2035,-0.4565,0.1076,0.2617,-0.5124,0.1074,0.2018,0.0000,0.2011,0.1106,0.0472,0.0000,0.0000,0.1000,0.0266,0.0399,9.4715,11.2454
16.0400,0.0000,0.0000,0.1519,-0.1991,-0.0021,0.2923,-0.3930,-0.0041,0.2036,-0.3942,0.1082,0.2036,-0.4565,0.1076,0.2619,-0.5125,0.1074,0.2020,0.0000,0.2009,0.1104,0.0472,0.0000,0.0000,0.1000,0.0266,0.0399,9.4714,11.2453
16.0480,0.0000,0.0000,0.1519,-0.1991,-0.0021,0.2924,-0.3930,-0.0041,0.2037,-0.3942,0.1082,0.2037,-0.4565,0.1075,0.2621,-0.5125,0.1074,0.2023,0.0000,0.2005,0.1102,0.0471,0.0000,0.0000,0.1000,0.0266,0.0399,9.4715,11.2454
16.0560,0.0000,0.0000,0.1519,-0.1991,-0.0021,0.2924,-0.3931,-0.0041,0.2038,-0.3942,0.1082,0.2038,-0.4565,0.1076,0.2622,-0.5125,0.1074,0.2025,0.0000,0.2003,0.1100,0.0470,0.0000,0.0000,0.1000,0.0266,0.0399,9.4716,11.2455
16.0640,0.0000,0.0000,0.1519,-0.1991,-0.0021,0.2924,-0.3931,-0.0041,0.2040,-0.3943,0.1082,0.2040,-0.4565,0.1076,0.2624,-0.5126,0.1074,0.2027,0.0000,0.1999,0.1098,0.0469,0.0000,0.0000,0.1000,0.0266,0.0399,9.4717,11.2456
16.0720,0.0000,0.0000,0.1519,-0.1990,-0.0021,0.2924,-0.3931,-0.0041,0.2041,-0.3943,0.1082,0.2041,-0.4565,0.1075,0.2625,-0.5126,0.1073,0.2029,0.0000,0.1996,0.1096,0.0468,0.0000,0.0000,0.1000,0.0266,0.0399,9.4716,11.2455
16.0800,0.0000,0.0000,0.1519,-0.1990,-0.0021,0.2924,-0.3932,-0.0041,0.2042,-0.3943,0.1082,0.2042,-0.4565,0.1076,0.2627,-0.5126,0.1074,0.2031,0.0000,0.1993,0.1094,0.0468,0.0000,0.0000,0.1000,0.0266,0.0399,9.4717,11.2457
16.0880,0.0000,0.0000,0.1519,-0.1990,-0.0021,0.2924,-0.3932,-0.0041,0.2043,-0.3944,0.1082,0.2043,-0.4564,0.1076,0.2629,-0.5126,0.1074,0.2033,0.0000,0.1990,0.1092,0.0467,0.0000,0.0000,0.1000,0.0266,0.0399,9.4719,11.2458
16.0960,0.0000,0.0000,0.1519,-0.1990,-0.0021,0.2925,-0.3932,-0.0041,0.2044,-0.3944,0.1082,0.2044,-0.4564,0.1076,0.2631,-0.5127,0.1074,0.2035,0.0000,0.1987,0.1089,0.0466,0.0000,0.0000,0.1000,0.0266,0.0399,9.4719,11.2458
16.1040,0.0000,0.0000,0.1519,-0.1990,-0.0021,0.2925,-0.3932,-0.0041,0.2046,-0.3944,0.1082,0.2046,-0.4564,0.1075,0.2632,-0.5127,0.1074,0.2038,0.0000,0.1984,0.1087,0.0465,0.0000,0.0000,0.1000,0.0266,0.0399,9.4719,11.2459
16.1120,0.0000,0.0000,0.1519,-0.1990,-0.0021,0.2925,-0.3933,-0.0041,0.2047,-0.3945,0.1082,0.2047,-0.4564,0.1076,0.2634,-0.5127,0.1074,0.2040,0.0000,0.1981,0.1085,0.0464,0.0000,0.0000,0.1000,0.0266,0.0399,9.4721,11.2460
16.1200,0.0000,0.0000,0.1519,-0.1990,-0.0021,0.2925,-0.3933,-0.0041,0.2048,-0.3945,0.1082,0.2048,-0.4564,0.1076,0.2636,-0.5128,0.1074,0.2042,0.0000,0.1977,0.1083,0.0463,0.0000,0.0000,0.1000,0.0266,0.0399,9.4722,11.2462
16.1280,0.0000,0.0000,0.1519,-0.1989,-0.0021,0.2926,-0.3933,-0.0041,0.2049,-0.3945,0.1082,0.2049,-0.4564,0.1076,0.2638,-0.5128,0.1074,0.2044,0.0000,0.1974,0.1081,0.0463,0.0000,0.0000,0.1000,0.0266,0.0399,9.4722,11.2462
16.1360,0.0000,0.0000,0.1519,-0.1989,-0.0021,0.2926,-0.3934,-0.0041,0.2050,-0.3946,0.1082,0.2050,-0.4563,0.1075,0.2639,-0.5128,0.1073,0.2046,0.0000,0.1971,0.1078,0.0462,0.0000,0.0000,0.1000,0.0266,0.0399,9.4722,11.2462
16.1440,0.0000,0.0000,0.1519,-0.1989,-0.0021,0.2926,-0.3934,-0.0041,0.2052,-0.3946,0.1082,0.2052,-0.4563,0.1076,0.2641,-0.5129,0.1074,0.2048,0.0000,0.1968,0.1076,0.0461,0.0000,0.0000,0.1000,0.0266,0.0399,9.4723,11.2463
16.1520,0.0000,0.0000,0.1519,-0.1989,-0.0021,0.2926,-0.3934,-0.0041,0.2053,-0.3946,0.1082,0.2053,-0.4563,0.1076,0.2643,-0.5129,0.1074,0.2051,0.0000,0.1964,0.1074,0.0460,0.0000,0.0000,0.1000,0.0266,0.0399,9.4725,11.2465
16.1600,0.0000,0.0000,0.1519,-0.1989,-0.0021,0.2927,-0.3935,-0.0041,0.2054,-0.3946,0.1082,0.2054,-0.4563,0.1076,0.2644,-0.5129,0.1074,0.2053,0.0000,0.1961,0.1072,0.0459,0.0000,0.0000,0.1000,0.0266,0.0399,9.4725,11.2465
16.1680,0.0000,0.0000,0.1519,-0.1988,-0.0021,0.2927,-0.3935,-0.0042,0.2056,-0.3947,0.1082,0.2056,-0.4563,0.1075,0.2646,-0.5130,0.1073,0.2055,0.0000,0.1958,0.1069,0.0458,0.0000,0.0000,0.1000,0.0266,0.0399,9.4725,11.2466
16.1760,0.0000,0.0000,0.1519,-0.1988,-0.0021,0.2927,-0.3935,-0.0041,0.2057,-0.3947,0.1082,0.2057,-0.4563,0.1076,0.2648,-0.5130,0.1074,0.2057,0.0000,0.1955,0.1068,0.0457,0.0000,0.0000,0.1000,0.0266,0.0399,9.4727,11.2467
16.1840,0.0000,0.0000,0.1519,-0.1988,-0.0021,0.2927,-0.3935,-0.0041,0.2058,-0.3947,0.1082,0.2058,-0.4562,0.1076,0.2650,-0.5130,0.1074,0.2059,0.0000,0.1951,0.1065,0.0457,0.0000,0.0000,0.1000,0.0266,0.0399,9.4728,11.2468
16.1920,0.0000,0.0000,0.1519,-0.1988,-0.0021,0.2928,-0.3936,-0.0041,0.2059,-0.3947,0.1082,0.2059,-0.4562,0.1076,0.2652,-0.5130,0.1074,0.2062,0.0000,0.1948,0.1063,0.0456,0.0000,0.0000,0.1000,0.0266,0.0399,9.4729,11.2470
16.2000,0.0000,0.0000,0.1519,-0.1988,-0.0021,0.2928,-0.3936,-0.0041,0.2061,-0.3948,0.1082,0.2061,-0.4562,0.1076,0.2653,-0.5131,0.1074,0.2064,0.0000,0.1945,0.1061,0.0455,0.0000,0.0000,0.1000,0.0266,0.0399,9.4730,11.2471
16.2080,0.0000,0.0000,0.1519,-0.1988,-0.0021,0.2928,-0.3936,-0.0041,0.2062,-0.3948,0.1082,0.2062,-0.4562,0.1076,0.2655,-0.5131,0.1073,0.2066,0.0000,0.1941,0.1058,0.0454,0.0000,0.0000,0.1000,0.0266,0.0399,9.4731,11.2472
16.2160,0.0000,0.0000,0.1519,-0.1987,-0.0021,0.2928,-0.3936,-0.0041,0.2063,-0.3948,0.1082,0.2063,-0.4562,0.1076,0.2657,-0.5131,0.1074,0.2068,0.0000,0.1938,0.1056,0.0453,0.0000,0.0000,0.1000,0.0266,0.0399,9.4732,11.2473
16.2240,0.0000,0.0000,0.1519,-0.1987,-0.0021,0.2929,-0.3937,-0.0041,0.2065,-0.3949,0.1082,0.2065,-0.4561,0.1076,0.2659,-0.5131,0.1074,0.2071,0.0000,0.1935,0.1054,0.0452,0.0000,0.0000,0.1000,0.0266,0.0399,9.4733,11.2475
16.2320,0.0000,0.0000,0.1519,-0.1987,-0.0021,0.2929,-0.3937,-0.0041,0.2066,-0.3949,0.1082,0.2066,-0.4561,0.1076,0.2661,-0.5132,0.1074,0.2073,0.0000,0.1931,0.1052,0.0451,0.0000,0.0000,0.1000,0.0266,0.0399,9.4734,11.2475
16.2400,0.0000,0.0000,0.1519,-0.1987,-0.0021,0.2929,-0.3937,-0.0041,0.2067,-0.3949,0.1082,0.2067,-0.4561,0.1076,0.2662,-0.5132,0.1074,0.2075,0.0000,0.1928,0.1050,0.0450,0.0000,0.0000,0.1000,0.0266,0.0399,9.4735,11.2476
16.2480,0.0000,0.0000,0.1519,-0.1987,-0.0021,0.2929,-0.3938,-0.0041,0.2068,-0.3949,0.1082,0.2068,-0.4561,0.1076,0.2664,-0.5132,0.1074,0.2077,0.0000,0.1925,0.1047,0.0450,0.0000,0.0000,0.1000,0.0266,0.0399,9.4735,11.2477
16.2560,0.0000,0.0000,0.1519,-0.1987,-0.0021,0.2930,-0.3938,-0.0041,0.2070,-0.3950,0.1082,0.2070,-0.4561,0.1076,0.2666,-0.5132,0.1074,0.2080,0.0000,0.1922,0.1045,0.0449,0.0000,0.0000,0.1000,0.0266,0.0399,9.4737,11.2479
16.2640,0.0000,0.0000,0.1519,-0.1986,-0.0021,0.2930,-0.3938,-0.0041,0.2071,-0.3950,0.1082,0.2071,-0.4560,0.1076,0.2668,-0.5133,0.1074,0.2082,0.0000,0.1918,0.1043,0.0448,0.0000,0.0000,0.1000,0.0266,0.0399,9.4739,11.2481
16.2720,0.0000,0.0000,0.1519,-0.1986,-0.0021,0.2930,-0.3938,-0.0041,0.2073,-0.3950,0.1082,0.2073,-0.4560,0.1076,0.2670,-0.5133,0.1074,0.2084,0.0000,0.1915,0.1041,0.0447,0.0000,0.0000,0.1000,0.0266,0.0399,9.4739,11.2481
16.2800,0.0000,0.0000,0.1519,-0.1986,-0.0021,0.2931,-0.3939,-0.0041,0.2074,-0.3950,0.1082,0.2074,-0.4560,0.1076,0.2672,-0.5133,0.1074,0.2087,0.0000,0.1911,0.1038,0.0446,0.0000,0.0000,0.1000,0.0266,0.0399,9.4742,11.2484
16.2880,0.0000,0.0000,0.1519,-0.1986,-0.0021,0.2931,-0.3939,-0.0041,0.2076,-0.3951,0.1082,0.2076,-0.4560,0.1076,0.2674,-0.5133,0.1074,0.2089,0.0000,0.1907,0.1036,0.0445,0.0000,0.0000,0.1000,0.0266,0.0399,9.4743,11.2486
16.2960,0.0000,0.0000,0.1519,-0.1985,-0.0021,0.2931,-0.3939,-0.0041,0.2077,-0.3951,0.1082,0.2077,-0.4559,0.1076,0.2676,-0.5134,0.1074,0.2092,0.0000,0.1903,0.1033,0.0444,0.0000,0.0000,0.1000,0.0266,0.0399,9.4744,11.2487
16.3040,0.0000,0.0000,0.1519,-0.1985,-0.0021,0.2932,-0.3939,-0.0041,0.2079,-0.3951,0.1082,0.2079,-0.4559,0.1076,0.2678,-0.5134,0.1074,0.2094,0.0000,0.1900,0.1030,0.0443,0.0000,0.0000,0.1000,0.0266,0.0399,9.4745,11.2488
16.3120,0.0000,0.0000,0.1519,-0.1985,-0.0021,0.2932,-0.3940,-0.0042,0.2080,-0.3952,0.1082,0.2080,-0.4559,0.1075,0.2679,-0.5134,0.1073,0.2097,0.0000,0.1896,0.1028,0.0442,0.0000,0.0000,0.1000,0.0266,0.0399,9.4746,11.2489
16.3200,0.0000,0.0000,0.1519,-0.1985,-0.0021,0.2932,-0.3940,-0.0042,0.2082,-0.3952,0.1082,0.2082,-0.4559,0.1075,0.2682,-0.5135,0.1073,0.2099,0.0000,0.1892,0.1026,0.0441,0.0000,0.0000,0.1000,0.0266,0.0399,9.4748,11.2491
16.3280,0.0000,0.0000,0.1519,-0.1984,-0.0021,0.2932,-0.3940,-0.0041,0.2083,-0.3952,0.1082,0.2083,-0.4558,0.1076,0.2683,-0.5135,0.1074,0.2101,0.0000,0.1889,0.1023,0.0440,0.0000,0.0000,0.1000,0.0266,0.0399,9.4749,11.2492
16.3360,0.0000,0.0000,0.1519,-0.1984,-0.0021,0.2933,-0.3940,-0.0041,0.2084,-0.3952,0.1082,0.2084,-0.4558,0.1076,0.2685,-0.5135,0.1074,0.2104,0.0000,0.1886,0.1021,0.0439,0.0000,0.0000,0.1000,0.0266,0.0399,9.4751,11.2494
16.3440,0.0000,0.0000,0.1519,-0.1984,-0.0021,0.2933,-0.3941,-0.0041,0.2085,-0.3953,0.1082,0.2085,-0.4558,0.1076,0.2687,-0.5135,0.1074,0.2106,0.0000,0.1882,0.1019,0.0438,0.0000,0.0000,0.1000,0.0266,0.0399,9.4751,11.2495
16.3520,0.0000,0.0000,0.1519,-0.1984,-0.0021,0.2933,-0.3941,-0.0041,0.2087,-0.3953,0.1082,0.2087,-0.4558,0.1076,0.2689,-0.5135,0.1074,0.2109,0.0000,0.1878,0.1016,0.0437,0.0000,0.0000,0.1000,0.0266,0.0399,9.4754,11.2498
16.3600,0.0000,0.0000,0.1519,-0.1983,-0.0021,0.2934,-0.3941,-0.0041,0.2089,-0.3953,0.1082,0.2089,-0.4557,0.1076,0.2691,-0.5136,0.1074,0.2111,0.0000,0.1875,0.1014,0.0436,0.0000,0.0000,0.1000,0.0266,0.0399,9.4756,11.2500
16.3680,0.0000,0.0000,0.1519,-0.1983,-0.0021,0.2934,-0.3941,-0.0041,0.2090,-0.3953,0.1082,0.2090,-0.4557,0.1076,0.2693,-0.5136,0.1074,0.2113,0.0000,0.1871,0.1011,0.0435,0.0000,0.0000,0.1000,0.0266,0.0399,9.4757,11.2501
16.3760,0.0000,0.0000,0.1519,-0.1983,-0.0021,0.2935,-0.3942,-0.0041,0.2092,-0.3953,0.1082,0.2092,-0.4557,0.1076,0.2695,-0.5136,0.1074,0.2116,0.0000,0.1867,0.1009,0.0434,0.0000,0.0000,0.1000,0.0266,0.0399,9.4759,11.2503
16.3840,0.0000,0.0000,0.1519,-0.1983,-0.0021,0.2935,-0.3942,-0.0041,0.2093,-0.3954,0.1082,0.2093,-0.4557,0.1076,0.2697,-0.5136,0.1074,0.2119,0.0000,0.1863,0.1006,0.0433,0.0000,0.0000,0.1000,0.0266,0.0399,9.4761,11.2506
16.3920,0.0000,0.0000,0.1519,-0.1982,-0.0021,0.2935,-0.3942,-0.0042,0.2095,-0.3954,0.1082,0.2095,-0.4556,0.1075,0.2699,-0.5137,0.1073,0.2121,0.0000,0.1859,0.1004,0.0432,0.0000,0.0000,0.1000,0.0266,0.0399,9.4761,11.2506
16.4000,0.0000,0.0000,0.1519,-0.1982,-0.0021,0.2936,-0.3942,-0.0041,0.2096,-0.3954,0.1082,0.2096,-0.4556,0.1076,0.2701,-0.5137,0.1074,0.2124,0.0000,0.1856,0.1001,0.0431,0.0000,0.0000,0.1000,0.0266,0.0399,9.4763,11.2508
16.4080,0.0000,0.0000,0.1519,-0.1982,-0.0021,0.2936,-0.3943,-0.0042,0.2098,-0.3955,0.1082,0.2098,-0.4556,0.1076,0.2704,-0.5137,0.1073,0.2127,0.0000,0.1851,0.0998,0.0430,0.0000,0.0000,0.1000,0.0266,0.0399,9.4765,11.2510
16.4160,0.0000,0.0000,0.1519,-0.1982,-0.0021,0.2937,-0.3943,-0.0041,0.2099,-0.3955,0.1082,0.2099,-0.4555,0.1076,0.2706,-0.5137,0.1074,0.2129,0.0000,0.1847,0.0996,0.0429,0.0000,0.0000,0.1000,0.0266,0.0399,9.4768,11.2514
16.4240,0.0000,0.0000,0.1519,-0.1981,-0.0021,0.2937,-0.3943,-0.0041,0.2101,-0.3955,0.1082,0.2101,-0.4555,0.1076,0.2707,-0.5137,0.1074,0.2131,0.0000,0.1844,0.0994,0.0428,0.0000,0.0000,0.1000,0.0266,0.0399,9.4768,11.2514
16.4320,0.0000,0.0000,0.1519,-0.1981,-0.0021,0.2937,-0.3943,-0.0041,0.2102,-0.3955,0.1082,0.2102,-0.4555,0.1076,0.2710,-0.5138,0.1074,0.2134,0.0000,0.1840,0.0991,0.0427,0.0000,0.0000,0.1000,0.0266,0.0399,9.4770,11.2516
16.4400,0.0000,0.0000,0.1519,-0.1981,-0.0021,0.2938,-0.3944,-0.0041,0.2104,-0.3955,0.1082,0.2104,-0.4555,0.1076,0.2712,-0.5138,0.1073,0.2137,0.0000,0.1836,0.0988,0.0426,0.0000,0.0000,0.1000,0.0266,0.0399,9.4772,11.2518
16.4480,0.0000,0.0000,0.1519,-0.1981,-0.0021,0.2938,-0.3944,-0.0041,0.2105,-0.3956,0.1082,0.2105,-0.4554,0.1076,0.2714,-0.5138,0.1074,0.2139,0.0000,0.1832,0.0986,0.0425,0.0000,0.0000,0.1000,0.0266,0.0399,9.4774,11.2520
16.4560,0.0000,0.0000,0.1519,-0.1980,-0.0021,0.2938,-0.3944,-0.0041,0.2107,-0.3956,0.1082,0.2107,-0.4554,0.1076,0.2716,-0.5138,0.1074,0.2142,0.0000,0.1828,0.0983,0.0424,0.0000,0.0000,0.1000,0.0266,0.0399,9.4776,11.2523
16.4640,0.0000,0.0000,0.1519,-0.1980,-0.0021,0.2939,-0.3944,-0.0041,0.2109,-0.3956,0.1082,0.2109,-0.4554,0.1076,0.2718,-0.5138,0.1074,0.2144,0.0000,0.1824,0.0981,0.0423,0.0000,0.0000,0.1000,0.0266,0.0399,9.4777,11.2524
16.4720,0.0000,0.0000,0.1519,-0.1980,-0.0021,0.2939,-0.3945,-0.0041,0.2110,-0.3956,0.1082,0.2110,-0.4554,0.1076,0.2720,-0.5139,0.1074,0.2147,0.0000,0.1820,0.0978,0.0422,0.0000,0.0000,0.1000,0.0266,0.0399,9.4778,11.2525
16.4800,0.0000,0.0000,0.1519,-0.1980,-0.0021,0.2939,-0.3945,-0.0041,0.2112,-0.3956,0.1082,0.2112,-0.4553,0.1076,0.2722,-0.5139,0.1074,0.2149,0.0000,0.1816,0.0975,0.0421,0.0000,0.0000,0.1000,0.0266,0.0399,9.4781,11.2529
16.4880,0.0000,0.0000,0.1519,-0.1979,-0.0021,0.2940,-0.3945,-0.0041,0.2113,-0.3957,0.1082,0.2113,-0.4553,0.1076,0.2724,-0.5139,0.1074,0.2152,0.0000,0.1812,0.0973,0.0420,0.0000,0.0000,0.1000,0.0266,0.0399,9.4783,11.2531
16.4960,0.0000,0.0000,0.1519,-0.1979,-0.0021,0.2940,-0.3945,-0.0041,0.2115,-0.3957,0.1082,0.2115,-0.4553,0.1076,0.2726,-0.5139,0.1074,0.2155,0.0000,0.1808,0.0970,0.0419,0.0000,0.0000,0.1000,0.0266,0.0399,9.4784,11.2532
16.5040,0.0000,0.0000,0.1519,-0.1979,-0.0021,0.2941,-0.3945,-0.0041,0.2117,-0.3957,0.1082,0.2117,-0.4552,0.1076,0.2729,-0.5139,0.1074,0.2158,0.0000,0.1804,0.0967,0.0418,0.0000,0.0000,0.1000,0.0266,0.0399,9.4787,11.2535
16.5120,0.0000,0.0000,0.1519,-0.1978,-0.0021,0.2941,-0.3946,-0.0042,0.2118,-0.3957,0.1082,0.2118,-0.4552,0.1076,0.2731,-0.5140,0.1073,0.2160,0.0000,0.1800,0.0965,0.0417,0.0000,0.0000,0.1000,0.0266,0.0399,9.4788,11.2536
16.5200,0.0000,0.0000,0.1519,-0.1978,-0.0021,0.2941,-0.3946,-0.0042,0.2120,-0.3958,0.1082,0.2120,-0.4552,0.1076,0.2733,-0.5140,0.1073,0.2163,0.0000,0.1796,0.0962,0.0416,0.0000,0.0000,0.1000,0.0266,0.0399,9.4789,11.2538
16.5280,0.0000,0.0000,0.1519,-0.1978,-0.0021,0.2942,-0.3946,-0.0041,0.2122,-0.3958,0.1082,0.2122,-0.4551,0.1076,0.2735,-0.5140,0.1074,0.2166,0.0000,0.1792,0.0959,0.0415,0.0000,0.0000,0.1000,0.0266,0.0399,9.4792,11.2541
16.5360,0.0000,0.0000,0.1519,-0.1977,-0.0021,0.2942,-0.3946,-0.0042,0.2123,-0.3958,0.1082,0.2123,-0.4551,0.1076,0.2737,-0.5140,0.1073,0.2169,0.0000,0.1787,0.0956,0.0414,0.0000,0.0000,0.1000,0.0266,0.0399,9.4794,11.2543
16.5440,0.0000,0.0000,0.1519,-0.1977,-0.0021,0.2943,-0.3947,-0.0041,0.2125,-0.3958,0.1082,0.2125,-0.4551,0.1076,0.2740,-0.5140,0.1074,0.2171,0.0000,0.1783,0.0954,0.0413,0.0000,0.0000,0.1000,0.0266,0.0399,9.4796,11.2545
16.5520,0.0000,0.0000,0.1519,-0.1977,-0.0021,0.2943,-0.3947,-0.0041,0.2127,-0.3958,0.1082,0.2127,-0.4550,0.1076,0.2742,-0.5140,0.1074,0.2174,0.0000,0.1779,0.0951,0.0412,0.0000,0.0000,0.1000,0.0266,0.0399,9.4798,11.2548
16.5600,0.0000,0.0000,0.1519,-0.1977,-0.0021,0.2944,-0.3947,-0.0041,0.2128,-0.3959,0.1082,0.2128,-0.4550,0.1076,0.2744,-0.5141,0.1074,0.2177,0.0000,0.1775,0.0948,0.0411,0.0000,0.0000,0.1000,0.0266,0.0399,9.4800,11.2550
16.5680,0.0000,0.0000,0.1519,-0.1976,-0.0021,0.2944,-0.3947,-0.0042,0.2130,-0.3959,0.1082,0.2130,-0.4550,0.1076,0.2746,-0.5141,0.1073,0.2179,0.0000,0.1771,0.0945,0.0410,0.0000,0.0000,0.1000,0.0266,0.0399,9.4802,11.2552
16.5760,0.0000,0.0000,0.1519,-0.1976,-0.0021,0.2945,-0.3947,-0.0041,0.2132,-0.3959,0.1082,0.2132,-0.4549,0.1076,0.2749,-0.5141,0.1074,0.2182,0.0000,0.1766,0.0942,0.0408,0.0000,0.0000,0.1000,0.0266,0.0399,9.4804,11.2555
16.5840,0.0000,0.0000,0.1519,-0.1976,-0.0021,0.2945,-0.3948,-0.0041,0.2134,-0.3959,0.1082,0.2134,-0.4549,0.1076,0.2751,-0.5141,0.1074,0.2185,0.0000,0.1762,0.0940,0.0407,0.0000,0.0000,0.1000,0.0266,0.0399,9.4806,11.2557
16.5920,0.0000,0.0000,0.1519,-0.1975,-0.0021,0.2945,-0.3948,-0.0042,0.2135,-0.3960,0.1082,0.2135,-0.4549,0.1076,0.2753,-0.5141,0.1073,0.2188,0.0000,0.1758,0.0937,0.0406,0.0000,0.0000,0.1000,0.0266,0.0399,9.4807,11.2558
16.6000,0.0000,0.0000,0.1519,-0.1975,-0.0021,0.2946,-0.3948,-0.0041,0.2137,-0.3960,0.1082,0.2137,-0.4548,0.1076,0.2756,-0.5141,0.1074,0.2191,0.0000,0.1752,0.0934,0.0405,0.0000,0.0000,0.1000,0.0266,0.0399,9.4812,11.2563
16.6080,0.0000,0.0000,0.1519,-0.1975,-0.0021,0.2946,-0.3948,-0.0041,0.2139,-0.3960,0.1082,0.2139,-0.4548,0.1076,0.2758,-0.5141,0.1074,0.2193,0.0000,0.1749,0.0931,0.0404,0.0000,0.0000,0.1000,0.0266,0.0399,9.4813,11.2565
16.6160,0.0000,0.0000,0.1519,-0.1974,-0.0021,0.2947,-0.3948,-0.0041,0.2141,-0.3960,0.1082,0.2141,-0.4547,0.1076,0.2760,-0.5142,0.1074,0.2197,0.0000,0.1744,0.0928,0.0403,0.0000,0.0000,0.1000,0.0266,0.0399,9.4816,11.2568
16.6240,0.0000,0.0000,0.1519,-0.1974,-0.0021,0.2947,-0.3948,-0.0041,0.2142,-0.3960,0.1082,0.2142,-0.4547,0.1076,0.2762,-0.5142,0.1074,0.2199,0.0000,0.1741,0.0926,0.0402,0.0000,0.0000,0.1000,0.0266,0.0399,9.4817,11.2570
16.6320,0.0000,0.0000,0.1519,-0.1973,-0.0021,0.2948,-0.3949,-0.0041,0.2144,-0.3960,0.1082,0.2144,-0.4546,0.1076,0.2765,-0.5142,0.1074,0.2202,0.0000,0.1735,0.0923,0.0401,0.0000,0.0000,0.1000,0.0266,0.0399,9.4821,11.2573
16.6400,0.0000,0.0000,0.1519,-0.1973,-0.0021,0.2948,-0.3949,-0.0041,0.2146,-0.3961,0.1082,0.2146,-0.4546,0.1076,0.2767,-0.5142,0.1074,0.2205,0.0000,0.1731,0.0920,0.0400,0.0000,0.0000,0.1000,0.0266,0.0399,9.4822,11.2575
16.6480,0.0000,0.0000,0.1519,-0.1973,-0.0021,0.2949,-0.3949,-0.0041,0.2147,-0.3961,0.1082,0.2147,-0.4546,0.1076,0.2769,-0.5142,0.1074,0.2207,0.0000,0.1728,0.0918,0.0399,0.0000,0.0000,0.1000,0.0266,0.0399,9.4824,11.2577
16.6560,0.0000,0.0000,0.1519,-0.1972,-0.0021,0.2949,-0.3949,-0.0041,0.2149,-0.3961,0.1082,0.2149,-0.4545,0.1076,0.2771,-0.5142,0.1073,0.2210,0.0000,0.1723,0.0915,0.0398,0.0000,0.0000,0.1000,0.0266,0.0399,9.4827,11.2580
16.6640,0.0000,0.0000,0.1519,-0.1972,-0.0021,0.2950,-0.3949,-0.0041,0.2151,-0.3961,0.1082,0.2151,-0.4545,0.1076,0.2773,-0.5142,0.1073,0.2213,0.0000,0.1719,0.0912,0.0396,0.0000,0.0000,0.1000,0.0266,0.0399,9.4829,11.2583
16.6720,0.0000,0.0000,0.1519,-0.1972,-0.0021,0.2950,-0.3949,-0.0041,0.2153,-0.3961,0.1082,0.2153,-0.4545,0.1076,0.2776,-0.5142,0.1073,0.2216,0.0000,0.1714,0.0909,0.0395,0.0000,0.0000,0.1000,0.0266,0.0399,9.4831,11.2585
16.6800,0.0000,0.0000,0.1519,-0.1971,-0.0021,0.2951,-0.3950,-0.0042,0.2155,-0.3961,0.1082,0.2155,-0.4544,0.1076,0.2778,-0.5143,0.1073,0.2219,0.0000,0.1709,0.0906,0.0394,0.0000,0.0000,0.1000,0.0266,0.0399,9.4834,11.2588
16.6880,0.0000,0.0000,0.1519,-0.1971,-0.0021,0.2951,-0.3950,-0.0042,0.2157,-0.3962,0.1082,0.2157,-0.4544,0.1076,0.2780,-0.5143,0.1073,0.2222,0.0000,0.1705,0.0903,0.0393,0.0000,0.0000,0.1000,0.0266,0.0399,9.4836,11.2590
16.6960,0.0000,0.0000,0.1519,-0.1971,-0.0021,0.2952,-0.3950,-0.0041,0.2158,-0.3962,0.1082,0.2158,-0.4543,0.1076,0.2783,-0.5143,0.1074,0.2225,0.0000,0.1701,0.0900,0.0392,0.0000,0.0000,0.1000,0.0266,0.0399,9.4839,11.2594
16.7040,0.0000,0.0000,0.1519,-0.1970,-0.0021,0.2952,-0.3950,-0.0041,0.2160,-0.3962,0.1082,0.2160,-0.4543,0.1076,0.2785,-0.5143,0.1074,0.2228,0.0000,0.1696,0.0897,0.0391,0.0000,0.0000,0.1000,0.0266,0.0399,9.4841,11.2596
16.7120,0.0000,0.0000,0.1519,-0.1970,-0.0021,0.2953,-0.3950,-0.0041,0.2162,-0.3962,0.1082,0.2162,-0.4543,0.1076,0.2788,-0.5143,0.1074,0.2231,0.0000,0.1691,0.0894,0.0390,0.0000,0.0000,0.1000,0.0266,0.0399,9.4843,11.2599
16.7200,0.0000,0.0000,0.1519,-0.1970,-0.0021,0.2953,-0.3950,-0.0042,0.2164,-0.3962,0.1082,0.2164,-0.4542,0.1076,0.2790,-0.5143,0.1073,0.2234,0.0000,0.1687,0.0891,0.0388,0.0000,0.0000,0.1000,0.0266,0.0399,9.4845,11.2601
16.7280,0.0000,0.0000,0.1519,-0.1969,-0.0021,0.2954,-0.3951,-0.0042,0.2166,-0.3962,0.1082,0.2166,-0.4542,0.1076,0.2793,-0.5143,0.1073,0.2237,0.0000,0.1682,0.0888,0.0387,0.0000,0.0000,0.1000,0.0266,0.0399,9.4848,11.2604
16.7360,0.0000,0.0000,0.1519,-0.1969,-0.0021,0.2954,-0.3951,-0.0042,0.2168,-0.3963,0.1082,0.2168,-0.4541,0.1076,0.2795,-0.5143,0.1073,0.2240,0.0000,0.1678,0.0885,0.0386,0.0000,0.0000,0.1000,0.0266,0.0399,9.4851,11.2607
16.7440,0.0000,0.0000,0.1519,-0.1968,-0.0021,0.2955,-0.3951,-0.0042,0.2169,-0.3963,0.1082,0.2169,-0.4541,0.1076,0.2797,-0.5143,0.1073,0.2242,0.0000,0.1673,0.0882,0.0385,0.0000,0.0000,0.1000,0.0266,0.0399,9.4853,11.2609
16.7520,0.0000,0.0000,0.1519,-0.1968,-0.0021,0.2955,-0.3951,-0.0041,0.2171,-0.3963,0.1082,0.2171,-0.4540,0.1076,0.2800,-0.5143,0.1074,0.2245,0.0000,0.1669,0.0879,0.0384,0.0000,0.0000,0.1000,0.0266,0.0399,9.4855,11.2613
16.7600,0.0000,0.0000,0.1519,-0.1968,-0.0021,0.2956,-0.3951,-0.0042,0.2173,-0.3963,0.1082,0.2173,-0.4540,0.1076,0.2802,-0.5143,0.1073,0.2248,0.0000,0.1664,0.0876,0.0383,0.0000,0.0000,0.1000,0.0266,0.0399,9.4858,11.2615
16.7680,0.0000,0.0000,0.1519,-0.1967,-0.0021,0.2956,-0.3951,-0.0041,0.2175,-0.3963,0.1082,0.2175,-0.4540,0.1076,0.2804,-0.5144,0.1074,0.2251,0.0000,0.1659,0.0873,0.0381,0.0000,0.0000,0.1000,0.0266,0.0399,9.4861,11.2618
16.7760,0.0000,0.0000,0.1519,-0.1967,-0.0021,0.2957,-0.3952,-0.0042,0.2177,-0.3963,0.1082,0.2177,-0.4539,0.1076,0.2807,-0.5144,0.1073,0.2254,0.0000,0.1654,0.0870,0.0380,0.0000,0.0000,0.1000,0.0266,0.0399,9.4862,11.2620
16.7840,0.0000,0.0000,0.1519,-0.1966,-0.0021,0.2957,-0.3952,-0.0041,0.2179,-0.3963,0.1082,0.2179,-0.4539,0.1076,0.2809,-0.5144,0.1074,0.2257,0.0000,0.1650,0.0867,0.0379,0.0000,0.0000,0.1000,0.0266,0.0399,9.4866,11.2624
16.7920,0.0000,0.0000,0.1519,-0.1966,-0.0021,0.2958,-0.3952,-0.0042,0.2181,-0.3964,0.1082,0.2181,-0.4538,0.1076,0.2812,-0.5144,0.1074,0.2260,0.0000,0.1645,0.0864,0.0378,0.0000,0.0000,0.1000,0.0266,0.0399,9.4868,11.2627
16.8000,0.0000,0.0000,0.1519,-0.1966,-0.0021,0.2959,-0.3952,-0.0042,0.2183,-0.3964,0.1082,0.2183,-0.4538,0.1076,0.2814,-0.5144,0.1073,0.2263,0.0000,0.1640,0.0861,0.0377,0.0000,0.0000,0.1000,0.0266,0.0399,9.4871,11.2630
16.8080,0.0000,0.0000,0.1519,-0.1965,-0.0021,0.2959,-0.3952,-0.0041,0.2185,-0.3964,0.1082,0.2185,-0.4537,0.1076,0.2817,-0.5144,0.1074,0.2266,0.0000,0.1635,0.0858,0.0376,0.0000,0.0000,0.1000,0.0266,0.0399,9.4874,11.2633
16.8160,0.0000,0.0000,0.1519,-0.1965,-0.0021,0.2960,-0.3952,-0.0042,0.2187,-0.3964,0.1082,0.2187,-0.4537,0.1076,0.2819,-0.5144,0.1073,0.2270,0.0000,0.1631,0.0855,0.0374,0.0000,0.0000,0.1000,0.0266,0.0399,9.4875,11.2635
16.8240,0.0000,0.0000,0.1519,-0.1964,-0.0021,0.2960,-0.3952,-0.0042,0.2189,-0.3964,0.1082,0.2189,-0.4536,0.1076,0.2822,-0.5144,0.1073,0.2273,0.0000,0.1626,0.0852,0.0373,0.0000,0.0000,0.1000,0.0266,0.0399,9.4878,11.2638
16.8320,0.0000,0.0000,0.1519,-0.1964,-0.0021,0.2961,-0.3952,-0.0042,0.2190,-0.3964,0.1082,0.2190,-0.4536,0.1076,0.2824,-0.5144,0.1073,0.2276,0.0000,0.1621,0.0849,0.0372,0.0000,0.0000,0.1000,0.0266,0.0399,9.4881,11.2641
16.8400,0.0000,0.0000,0.1519,-0.1964,-0.0021,0.2961,-0.3953,-0.0042,0.2192,-0.3964,0.1082,0.2192,-0.4536,0.1076,0.2826,-0.5144,0.1073,0.2278,0.0000,0.1617,0.0846,0.0371,0.0000,0.0000,0.1000,0.0266,0.0399,9.4883,11.2643
16.8480,0.0000,0.0000,0.1519,-0.1963,-0.0021,0.2962,-0.3953,-0.0042,0.2194,-0.3965,0.1082,0.2194,-0.4535,0.1076,0.2829,-0.5144,0.1073,0.2282,0.0000,0.1612,0.0843,0.0370,0.0000,0.0000,0.1000,0.0266,0.0399,9.4886,11.2647
16.8560,0.0000,0.0000,0.1519,-0.1963,-0.0021,0.2962,-0.3953,-0.0042,0.2196,-0.3965,0.1082,0.2196,-0.4535,0.1076,0.2832,-0.5144,0.1073,0.2285,0.0000,0.1607,0.0840,0.0368,0.0000,0.0000,0.1000,0.0266,0.0399,9.4889,11.2650
16.8640,0.0000,0.0000,0.1519,-0.1962,-0.0021,0.2963,-0.3953,-0.0041,0.2198,-0.3965,0.1082,0.2198,-0.4534,0.1076,0.2834,-0.5144,0.1074,0.2288,0.0000,0.1602,0.0837,0.0367,0.0000,0.0000,0.1000,0.0266,0.0399,9.4892,11.2654
16.8720,0.0000,0.0000,0.1519,-0.1962,-0.0021,0.2964,-0.3953,-0.0041,0.2200,-0.3965,0.1082,0.2200,-0.4534,0.1076,0.2836,-0.5144,0.1074,0.2291,0.0000,0.1598,0.0834,0.0366,0.0000,0.0000,0.1000,0.0266,0.0399,9.4894,11.2656
16.8800,0.0000,0.0000,0.1519,-0.1962,-0.0021,0.2964,-0.3953,-0.0041,0.2202,-0.3965,0.1082,0.2202,-0.4533,0.1076,0.2839,-0.5144,0.1074,0.2294,0.0000,0.1593,0.0831,0.0365,0.0000,0.0000,0.1000,0.0266,0.0399,9.4897,11.2660
16.8880,0.0000,0.0000,0.1519,-0.1961,-0.0021,0.2965,-0.3953,-0.0042,0.2204,-0.3965,0.1082,0.2204,-0.4533,0.1076,0.2842,-0.5144,0.1073,0.2297,0.0000,0.1587,0.0827,0.0364,0.0000,0.0000,0.1000,0.0266,0.0399,9.4900,11.2663
16.8960,0.0000,0.0000,0.1519,-0.1961,-0.0021,0.2965,-0.3953,-0.0042,0.2206,-0.3965,0.1082,0.2206,-0.4532,0.1076,0.2844,-0.5144,0.1073,0.2300,0.0000,0.1583,0.0825,0.0362,0.0000,0.0000,0.1000,0.0266,0.0399,9.4901,11.2664
16.9040,0.0000,0.0000,0.1519,-0.1960,-0.0021,0.2966,-0.3954,-0.0041,0.2208,-0.3965,0.1082,0.2208,-0.4532,0.1076,0.2847,-0.5144,0.1074,0.2303,0.0000,0.1578,0.0821,0.0361,0.0000,0.0000,0.1000,0.0266,0.0399,9.4905,11.2669
16.9120,0.0000,0.0000,0.1519,-0.1960,-0.0021,0.2967,-0.3954,-0.0042,0.2210,-0.3965,0.1082,0.2210,-0.4531,0.1076,0.2850,-0.5144,0.1073,0.2307,0.0000,0.1572,0.0818,0.0360,0.0000,0.0000,0.1000,0.0266,0.0399,9.4908,11.2672
16.9200,0.0000,0.0000,0.1519,-0.1959,-0.0021,0.2967,-0.3954,-0.0042,0.2212,-0.3966,0.1082,0.2212,-0.4531,0.1076,0.2852,-0.5144,0.1073,0.2310,0.0000,0.1567,0.0815,0.0359,0.0000,0.0000,0.1000,0.0266,0.0399,9.4910,11.2675
16.9280,0.0000,0.0000,0.1519,-0.1959,-0.0020,0.2968,-0.3954,-0.0041,0.2215,-0.3966,0.1082,0.2215,-0.4530,0.1076,0.2855,-0.5144,0.1074,0.2313,0.0000,0.1562,0.0811,0.0357,0.0000,0.0000,0.1000,0.0266,0.0399,9.4914,11.2679
16.9360,0.0000,0.0000,0.1519,-0.1958,-0.0021,0.2968,-0.3954,-0.0042,0.2217,-0.3966,0.1082,0.2217,-0.4529,0.1076,0.2857,-0.5144,0.1073,0.2317,0.0000,0.1557,0.0808,0.0356,0.0000,0.0000,0.1000,0.0266,0.0399,9.4915,11.2681
16.9440,0.0000,0.0000,0.1519,-0.1958,-0.0021,0.2969,-0.3954,-0.0042,0.2219,-0.3966,0.1082,0.2219,-0.4529,0.1076,0.2860,-0.5144,0.1073,0.2320,0.0000,0.1552,0.0805,0.0355,0.0000,0.0000,0.1000,0.0266,0.0399,9.4919,11.2685
16.9520,0.0000,0.0000,0.1519,-0.1957,-0.0021,0.2970,-0.3954,-0.0041,0.2221,-0.3966,0.1082,0.2221,-0.4528,0.1076,0.2863,-0.5144,0.1074,0.2323,0.0000,0.1547,0.0802,0.0354,0.0000,0.0000,0.1000,0.0266,0.0399,9.4922,11.2688
16.9600,0.0000,0.0000,0.1519,-0.1957,-0.0021,0.2970,-0.3954,-0.0042,0.2223,-0.3966,0.1082,0.2223,-0.4528,0.1076,0.2865,-0.5144,0.1073,0.2326,0.0000,0.1542,0.0798,0.0352,0.0000,0.0000,0.1000,0.0266,0.0399,9.4924,11.2691
16.9680,0.0000,0.0000,0.1519,-0.1957,-0.0021,0.2971,-0.3954,-0.0042,0.2225,-0.3966,0.1082,0.2225,-0.4527,0.1076,0.2868,-0.5144,0.1073,0.2329,0.0000,0.1537,0.0795,0.0351,0.0000,0.0000,0.1000,0.0266,0.0399,9.4928,11.2695
16.9760,0.0000,0.0000,0.1519,-0.1956,-0.0021,0.2971,-0.3954,-0.0042,0.2227,-0.3966,0.1082,0.2227,-0.4527,0.1076,0.2870,-0.5144,0.1073,0.2332,0.0000,0.1532,0.0792,0.0350,0.0000,0.0000,0.1000,0.0266,0.0399,9.4930,11.2697
16.9840,0.0000,0.0000,0.1519,-0.1956,-0.0021,0.2972,-0.3954,-0.0042,0.2229,-0.3966,0.1082,0.2229,-0.4526,0.1076,0.2873,-0.5144,0.1073,0.2336,0.0000,0.1527,0.0789,0.0349,0.0000,0.0000,0.1000,0.0266,0.0399,9.4933,11.2701
16.9920,0.0000,0.0000,0.1519,-0.1955,-0.0021,0.2973,-0.3954,-0.0042,0.2231,-0.3966,0.1082,0.2231,-0.4526,0.1076,0.2876,-0.5144,0.1073,0.2339,0.0000,0.1522,0.0786,0.0347,0.0000,0.0000,0.1000,0.0266,0.0399,9.4935,11.2703
17.0000,0.0000,0.0000,0.1519,-0.1955,-0.0020,0.2973,-0.3955,-0.0041,0.2233,-0.3966,0.1082,0.2233,-0.4525,0.1076,0.2878,-0.5144,0.1074,0.2342,0.0000,0.1517,0.0782,0.0346,0.0000,0.0000,0.1000,0.0266,0.0399,9.4938,11.2707
17.0080,0.0000,0.0000,0.1519,-0.1954,-0.0021,0.2974,-0.3955,-0.0042,0.2235,-0.3966,0.1082,0.2235,-0.4525,0.1076,0.2881,-0.5144,0.1074,0.2346,0.0000,0.1511,0.0779,0.0345,0.0000,0.0000,0.1000,0.0266,0.0399,9.4942,11.2711
17.0160,0.0000,0.0000,0.1519,-0.1954,-0.0021,0.2975,-0.3955,-0.0042,0.2238,-0.3966,0.1082,0.2238,-0.4524,0.1076,0.2884,-0.5144,0.1073,0.2349,0.0000,0.1506,0.0776,0.0344,0.0000,0.0000,0.1000,0.0266,0.0399,9.4945,11.2714
17.0240,0.0000,0.0000,0.1519,-0.1953,-0.0021,0.2975,-0.3955,-0.0042,0.2240,-0.3966,0.1082,0.2240,-0.4523,0.1076,0.2886,-0.5144,0.1073,0.2352,0.0000,0.1501,0.0772,0.0342,0.0000,0.0000,0.1000,0.0266,0.0399,9.4948,11.2718
17.0320,0.0000,0.0000,0.1519,-0.1953,-0.0021,0.2976,-0.3955,-0.0042,0.2242,-0.3967,0.1082,0.2242,-0.4523,0.1076,0.2889,-0.5144,0.1073,0.2356,0.0000,0.1495,0.0769,0.0341,0.0000,0.0000,0.1000,0.0266,0.0399,9.4952,11.2722
17.0400,0.0000,0.0000,0.1519,-0.1952,-0.0020,0.2977,-0.3955,-0.0041,0.2244,-0.3967,0.1082,0.2244,-0.4522,0.1076,0.2892,-0.5144,0.1074,0.2359,0.0000,0.1490,0.0766,0.0340,0.0000,0.0000,0.1000,0.0266,0.0399,9.4955,11.2726
17.0480,0.0000,0.0000,0.1519,-0.1952,-0.0021,0.2978,-0.3955,-0.0042,0.2247,-0.3967,0.1082,0.2247,-0.4522,0.1076,0.2895,-0.5144,0.1073,0.2362,0.0000,0.1484,0.0762,0.0338,0.0000,0.0000,0.1000,0.0266,0.0399,9.4958,11.2729
17.0560,0.0000,0.0000,0.1519,-0.1951,-0.0021,0.2978,-0.3955,-0.0042,0.2248,-0.3967,0.1082,0.2248,-0.4521,0.1076,0.2897,-0.5144,0.1073,0.2365,0.0000,0.1480,0.0759,0.0337,0.0000,0.0000,0.1000,0.0266,0.0399,9.4961,11.2732
17.0640,0.0000,0.0000,0.1519,-0.1951,-0.0021,0.2979,-0.3955,-0.0042,0.2251,-0.3967,0.1082,0.2251,-0.4520,0.1076,0.2900,-0.5144,0.1073,0.2369,0.0000,0.1474,0.0755,0.0336,0.0000,0.0000,0.1000,0.0266,0.0399,9.4964,11.2736
17.0720,0.0000,0.0000,0.1519,-0.1950,-0.0020,0.2980,-0.3955,-0.0042,0.2253,-0.3967,0.1082,0.2253,-0.4520,0.1076,0.2903,-0.5144,0.1073,0.2372,0.0000,0.1469,0.0752,0.0334,0.0000,0.0000,0.1000,0.0266,0.0399,9.4968,11.2740
17.0800,0.0000,0.0000,0.1519,-0.1950,-0.0020,0.2980,-0.3955,-0.0041,0.2255,-0.3967,0.1082,0.2255,-0.4519,0.1076,0.2906,-0.5143,0.1074,0.2376,0.0000,0.1463,0.0749,0.0333,0.0000,0.0000,0.1000,0.0266,0.0399,9.4971,11.2743
17.0880,0.0000,0.0000,0.1519,-0.1949,-0.0020,0.2981,-0.3955,-0.0042,0.2257,-0.3967,0.1082,0.2257,-0.4519,0.1076,0.2908,-0.5143,0.1074,0.2379,0.0000,0.1458,0.0745,0.0332,0.0000,0.0000,0.1000,0.0266,0.0399,9.4973,11.2746
17.0960,0.0000,0.0000,0.1519,-0.1949,-0.0020,0.2982,-0.3955,-0.0041,0.2259,-0.3967,0.1082,0.2259,-0.4518,0.1076,0.2911,-0.5143,0.1074,0.2382,0.0000,0.1453,0.0742,0.0331,0.0000,0.0000,0.1000,0.0266,0.0399,9.4976,11.2750
17.1040,0.0000,0.0000,0.1519,-0.1948,-0.0020,0.2982,-0.3955,-0.0042,0.2262,-0.3967,0.1082,0.2262,-0.4517,0.1076,0.2914,-0.5143,0.1073,0.2386,0.0000,0.1448,0.0739,0.0329,0.0000,0.0000,0.1000,0.0266,0.0399,9.4979,11.2752
17.1120,0.0000,0.0000,0.1519,-0.1948,-0.0020,0.2983,-0.3955,-0.0041,0.2264,-0.3967,0.1082,0.2264,-0.4517,0.1076,0.2917,-0.5143,0.1074,0.2389,0.0000,0.1442,0.0735,0.0328,0.0000,0.0000,0.1000,0.0266,0.0399,9.4983,11.2757
17.1200,0.0000,0.0000,0.1519,-0.1947,-0.0020,0.2984,-0.3955,-0.0041,0.2266,-0.3967,0.1082,0.2266,-0.4516,0.1076,0.2920,-0.5143,0.1074,0.2393,0.0000,0.1436,0.0731,0.0326,0.0000,0.0000,0.1000,0.0266,0.0399,9.4986,11.2760
17.1280,0.0000,0.0000,0.1519,-0.1946,-0.0020,0.2984,-0.3955,-0.0042,0.2269,-0.3967,0.1082,0.2269,-0.4515,0.1076,0.2923,-0.5143,0.1073,0.2396,0.0000,0.1431,0.0728,0.0325,0.0000,0.0000,0.1000,0.0266,0.0399,9.4988,11.2763
17.1360,0.0000,0.0000,0.1519,-0.1946,-0.0020,0.2985,-0.3955,-0.0042,0.2271,-0.3967,0.1082,0.2271,-0.4515,0.1076,0.2925,-0.5143,0.1073,0.2400,0.0000,0.1425,0.0725,0.0324,0.0000,0.0000,0.1000,0.0266,0.0399,9.4992,11.2767
17.1440,0.0000,0.0000,0.1519,-0.1945,-0.0020,0.2986,-0.3955,-0.0042,0.2273,-0.3967,0.1082,0.2273,-0.4514,0.1076,0.2928,-0.5143,0.1073,0.2403,0.0000,0.1419,0.0721,0.0322,0.0000,0.0000,0.1000,0.0266,0.0399,9.4995,11.2771
17.1520,0.0000,0.0000,0.1519,-0.1945,-0.0020,0.2987,-0.3955,-0.0042,0.2275,-0.3967,0.1082,0.2275,-0.4513,0.1076,0.2931,-0.5142,0.1074,0.2407,0.0000,0.1414,0.0718,0.0321,0.0000,0.0000,0.1000,0.0266,0.0399,9.4999,11.2775
17.1600,0.0000,0.0000,0.1519,-0.1944,-0.0020,0.2987,-0.3955,-0.0042,0.2278,-0.3967,0.1082,0.2278,-0.4513,0.1076,0.2934,-0.5142,0.1073,0.2410,0.0000,0.1409,0.0714,0.0320,0.0000,0.0000,0.1000,0.0266,0.0399,9.5002,11.2779
17.1680,0.0000,0.0000,0.1519,-0.1944,-0.0020,0.2988,-0.3955,-0.0042,0.2280,-0.3967,0.1082,0.2280,-0.4512,0.1076,0.2936,-0.5142,0.1073,0.2413,0.0000,0.1404,0.0711,0.0319,0.0000,0.0000,0.1000,0.0266,0.0399,9.5005,11.2783
17.1760,0.0000,0.0000,0.1519,-0.1943,-0.0020,0.2989,-0.3955,-0.0042,0.2283,-0.3967,0.1082,0.2283,-0.4511,0.1076,0.2940,-0.5142,0.1073,0.2417,0.0000,0.1397,0.0707,0.0317,0.0000,0.0000,0.1000,0.0266,0.0399,9.5009,11.2787
17.1840,0.0000,0.0000,0.1519,-0.1943,-0.0020,0.2989,-0.3955,-0.0041,0.2284,-0.3967,0.1082,0.2284,-0.4511,0.1076,0.2942,-0.5142,0.1074,0.2420,0.0000,0.1392,0.0704,0.0316,0.0000,0.0000,0.1000,0.0266,0.0399,9.5012,11.2790
17.1920,0.0000,0.0000,0.1519,-0.1942,-0.0020,0.2990,-0.3955,-0.0041,0.2287,-0.3967,0.1082,0.2287,-0.4510,0.1076,0.2945,-0.5142,0.1074,0.2424,0.0000,0.1387,0.0700,0.0315,0.0000,0.0000,0.1000,0.0266,0.0399,9.5015,11.2794
17.2000,0.0000,0.0000,0.1519,-0.1942,-0.0020,0.2991,-0.3955,-0.0042,0.2289,-0.3967,0.1082,0.2289,-0.4510,0.1076,0.2948,-0.5142,0.1073,0.2427,0.0000,0.1382,0.0697,0.0313,0.0000,0.0000,0.1000,0.0266,0.0399,9.5017,11.2796
17.2080,0.0000,0.0000,0.1519,-0.1941,-0.0020,0.2992,-0.3955,-0.0041,0.2291,-0.3967,0.1082,0.2291,-0.4509,0.1076,0.2951,-0.5141,0.1074,0.2431,0.0000,0.1376,0.0693,0.0312,0.0000,0.0000,0.1000,0.0266,0.0399,9.5021,11.2801
17.2160,0.0000,0.0000,0.1519,-0.1940,-0.0020,0.2992,-0.3955,-0.0042,0.2294,-0.3967,0.1082,0.2294,-0.4508,0.1076,0.2954,-0.5141,0.1073,0.2434,0.0000,0.1370,0.0690,0.0311,0.0000,0.0000,0.1000,0.0266,0.0399,9.5023,11.2803
17.2240,0.0000,0.0000,0.1519,-0.1940,-0.0020,0.2993,-0.3955,-0.0042,0.2296,-0.3967,0.1082,0.2296,-0.4507,0.1076,0.2957,-0.5141,0.1073,0.2438,0.0000,0.1364,0.0686,0.0309,0.0000,0.0000,0.1000,0.0266,0.0399,9.5027,11.2808
17.2320,0.0000,0.0000,0.1519,-0.1939,-0.0020,0.2994,-0.3955,-0.0042,0.2298,-0.3967,0.1082,0.2298,-0.4507,0.1076,0.2959,-0.5141,0.1073,0.2441,0.0000,0.1359,0.0683,0.0308,0.0000,0.0000,0.1000,0.0266,0.0399,9.5030,11.2811
17.2400,0.0000,0.0000,0.1519,-0.1939,-0.0020,0.2995,-0.3955,-0.0042,0.2301,-0.3967,0.1082,0.2301,-0.4506,0.1076,0.2962,-0.5141,0.1073,0.2445,0.0000,0.1354,0.0679,0.0307,0.0000,0.0000,0.1000,0.0266,0.0399,9.5033,11.2814
17.2480,0.0000,0.0000,0.1519,-0.1938,-0.0020,0.2995,-0.3955,-0.0042,0.2303,-0.3967,0.1082,0.2303,-0.4505,0.1076,0.2965,-0.5141,0.1074,0.2448,0.0000,0.1348,0.0675,0.0305,0.0000,0.0000,0.1000,0.0266,0.0399,9.5037,11.2819
17.2560,0.0000,0.0000,0.1519,-0.1937,-0.0020,0.2996,-0.3955,-0.0042,0.2305,-0.3967,0.1082,0.2305,-0.4505,0.1076,0.2968,-0.5140,0.1073,0.2452,0.0000,0.1342,0.0672,0.0304,0.0000,0.0000,0.1000,0.0266,0.0399,9.5041,11.2823
17.2640,0.0000,0.0000,0.1519,-0.1937,-0.0020,0.2997,-0.3955,-0.0041,0.2308,-0.3967,0.1082,0.2308,-0.4504,0.1076,0.2971,-0.5140,0.1074,0.2456,0.0000,0.1336,0.0668,0.0302,0.0000,0.0000,0.1000,0.0266,0.0399,9.5044,11.2827
17.2720,0.0000,0.0000,0.1519,-0.1936,-0.0020,0.2998,-0.3955,-0.0042,0.2310,-0.3967,0.1082,0.2310,-0.4503,0.1076,0.2974,-0.5140,0.1073,0.2459,0.0000,0.1331,0.0665,0.0301,0.0000,0.0000,0.1000,0.0266,0.0399,9.5046,11.2829
17.2800,0.0000,0.0000,0.1519,-0.1936,-0.0020,0.2999,-0.3955,-0.0041,0.2313,-0.3967,0.1082,0.2313,-0.4502,0.1076,0.2977,-0.5140,0.1074,0.2463,0.0000,0.1325,0.0661,0.0300,0.0000,0.0000,0.1000,0.0266,0.0399,9.5051,11.2834
17.2880,0.0000,0.0000,0.1519,-0.1935,-0.0020,0.2999,-0.3955,-0.0041,0.2315,-0.3967,0.1082,0.2315,-0.4502,0.1076,0.2980,-0.5140,0.1074,0.2466,0.0000,0.1320,0.0658,0.0298,0.0000,0.0000,0.1000,0.0266,0.0399,9.5053,11.2837
17.2960,0.0000,0.0000,0.1519,-0.1935,-0.0020,0.3000,-0.3955,-0.0042,0.2317,-0.3966,0.1082,0.2317,-0.4501,0.1076,0.2982,-0.5140,0.1073,0.2469,0.0000,0.1315,0.0655,0.0297,0.0000,0.0000,0.1000,0.0266,0.0399,9.5056,11.2841
17.3040,0.0000,0.0000,0.1519,-0.1934,-0.0020,0.3001,-0.3955,-0.0042,0.2319,-0.3966,0.1082,0.2319,-0.4500,0.1076,0.2985,-0.5139,0.1074,0.2473,0.0000,0.1309,0.0651,0.0296,0.0000,0.0000,0.1000,0.0266,0.0399,9.5060,11.2845
17.3120,0.0000,0.0000,0.1519,-0.1933,-0.0020,0.3002,-0.3955,-0.0042,0.2322,-0.3966,0.1082,0.2322,-0.4500,0.1076,0.2988,-0.5139,0.1073,0.2476,0.0000,0.1303,0.0648,0.0294,0.0000,0.0000,0.1000,0.0266,0.0399,9.5063,11.2848
17.3200,0.0000,0.0000,0.1519,-0.1933,-0.0020,0.3002,-0.3955,-0.0042,0.2324,-0.3966,0.1082,0.2324,-0.4499,0.1076,0.2991,-0.5139,0.1074,0.2480,0.0000,0.1297,0.0644,0.0293,0.0000,0.0000,0.1000,0.0266,0.0399,9.5066,11.2852
17.3280,0.0000,0.0000,0.1519,-0.1932,-0.0020,0.3003,-0.3954,-0.0042,0.2327,-0.3966,0.1082,0.2327,-0.4498,0.1076,0.2994,-0.5139,0.1074,0.2484,0.0000,0.1292,0.0640,0.0292,0.0000,0.0000,0.1000,0.0266,0.0399,9.5070,11.2856
17.3360,0.0000,0.0000,0.1519,-0.1932,-0.0020,0.3004,-0.3954,-0.0042,0.2329,-0.3966,0.1082,0.2329,-0.4497,0.1076,0.2997,-0.5138,0.1074,0.2487,0.0000,0.1286,0.0637,0.0290,0.0000,0.0000,0.1000,0.0266,0.0399,9.5073,11.2859
17.3440,0.0000,0.0000,0.1519,-0.1931,-0.0020,0.3005,-0.3954,-0.0042,0.2332,-0.3966,0.1082,0.2332,-0.4497,0.1076,0.3000,-0.5138,0.1073,0.2491,0.0000,0.1280,0.0633,0.0289,0.0000,0.0000,0.1000,0.0266,0.0399,9.5076,11.2863
17.3520,0.0000,0.0000,0.1519,-0.1930,-0.0020,0.3006,-0.3954,-0.0041,0.2334,-0.3966,0.1082,0.2334,-0.4496,0.1076,0.3003,-0.5138,0.1074,0.2495,0.0000,0.1274,0.0629,0.0287,0.0000,0.0000,0.1000,0.0266,0.0399,9.5080,11.2868
17.3600,0.0000,0.0000,0.1519,-0.1930,-0.0020,0.3007,-0.3954,-0.0042,0.2337,-0.3966,0.1082,0.2337,-0.4495,0.1076,0.3006,-0.5138,0.1074,0.2498,0.0000,0.1268,0.0625,0.0286,0.0000,0.0000,0.1000,0.0266,0.0399,9.5083,11.2871
17.3680,0.0000,0.0000,0.1519,-0.1929,-0.0020,0.3007,-0.3954,-0.0042,0.2339,-0.3966,0.1082,0.2339,-0.4494,0.1076,0.3009,-0.5137,0.1074,0.2502,0.0000,0.1263,0.0622,0.0285,0.0000,0.0000,0.1000,0.0266,0.0399,9.5087,11.2876
17.3760,0.0000,0.0000,0.1519,-0.1928,-0.0020,0.3008,-0.3954,-0.0042,0.2342,-0.3966,0.1082,0.2342,-0.4494,0.1076,0.3012,-0.5137,0.1074,0.2506,0.0000,0.1257,0.0618,0.0283,0.0000,0.0000,0.1000,0.0266,0.0399,9.5090,11.2879
17.3840,0.0000,0.0000,0.1519,-0.1928,-0.0020,0.3009,-0.3954,-0.0042,0.2344,-0.3966,0.1082,0.2344,-0.4493,0.1076,0.3015,-0.5137,0.1074,0.2509,0.0000,0.1251,0.0615,0.0282,0.0000,0.0000,0.1000,0.0266,0.0399,9.5093,11.2883
17.3920,0.0000,0.0000,0.1519,-0.1927,-0.0020,0.3010,-0.3954,-0.0041,0.2347,-0.3965,0.1082,0.2347,-0.4492,0.1076,0.3018,-0.5137,0.1074,0.2513,0.0000,0.1245,0.0611,0.0281,0.0000,0.0000,0.1000,0.0266,0.0399,9.5098,11.2888
17.4000,0.0000,0.0000,0.1519,-0.1927,-0.0020,0.3011,-0.3954,-0.0041,0.2349,-0.3965,0.1082,0.2349,-0.4491,0.1076,0.3021,-0.5136,0.1074,0.2516,0.0000,0.1240,0.0608,0.0279,0.0000,0.0000,0.1000,0.0266,0.0399,9.5100,11.2891
17.4080,0.0000,0.0000,0.1519,-0.1926,-0.0020,0.3011,-0.3953,-0.0041,0.2351,-0.3965,0.1082,0.2351,-0.4490,0.1076,0.3024,-0.5136,0.1074,0.2520,0.0000,0.1234,0.0604,0.0278,0.0000,0.0000,0.1000,0.0266,0.0399,9.5104,11.2895
17.4160,0.0000,0.0000,0.1519,-0.1925,-0.0020,0.3012,-0.3953,-0.0042,0.2354,-0.3965,0.1082,0.2354,-0.4490,0.1076,0.3027,-0.5136,0.1074,0.2524,0.0000,0.1229,0.0600,0.0277,0.0000,0.0000,0.1000,0.0266,0.0399,9.5107,11.2898
17.4240,0.0000,0.0000,0.1519,-0.1925,-0.0020,0.3013,-0.3953,-0.0041,0.2356,-0.3965,0.1082,0.2356,-0.4489,0.1077,0.3030,-0.5135,0.1074,0.2527,0.0000,0.1223,0.0597,0.0275,0.0000,0.0000,0.1000,0.0266,0.0399,9.5111,11.2902
17.4320,0.0000,0.0000,0.1519,-0.1924,-0.0020,0.3014,-0.3953,-0.0042,0.2359,-0.3965,0.1082,0.2359,-0.4488,0.1076,0.3033,-0.5135,0.1074,0.2531,0.0000,0.1217,0.0593,0.0274,0.0000,0.0000,0.1000,0.0266,0.0399,9.5114,11.2906
17.4400,0.0000,0.0000,0.1519,-0.1923,-0.0020,0.3015,-0.3953,-0.0041,0.2361,-0.3965,0.1082,0.2361,-0.4487,0.1076,0.3036,-0.5135,0.1074,0.2535,0.0000,0.1211,0.0589,0.0272,0.0000,0.0000,0.1000,0.0266,0.0399,9.5118,11.2911
17.4480,0.0000,0.0000,0.1519,-0.1923,-0.0020,0.3016,-0.3953,-0.0041,0.2363,-0.3965,0.1082,0.2363,-0.4486,0.1077,0.3039,-0.5135,0.1074,0.2538,0.0000,0.1206,0.0586,0.0271,0.0000,0.0000,0.1000,0.0266,0.0399,9.5121,11.2915
17.4560,0.0000,0.0000,0.1519,-0.1922,-0.0020,0.3017,-0.3953,-0.0041,0.2366,-0.3964,0.1082,0.2366,-0.4486,0.1077,0.3042,-0.5134,0.1074,0.2542,0.0000,0.1200,0.0582,0.0270,0.0000,0.0000,0.1000,0.0266,0.0399,9.5126,11.2920
17.4640,0.0000,0.0000,0.1519,-0.1921,-0.0020,0.3017,-0.3953,-0.0042,0.2369,-0.3964,0.1082,0.2369,-0.4485,0.1076,0.3045,-0.5134,0.1073,0.2546,0.0000,0.1194,0.0578,0.0268,0.0000,0.0000,0.1000,0.0266,0.0399,9.5128,11.2922
17.4720,0.0000,0.0000,0.1519,-0.1921,-0.0020,0.3018,-0.3952,-0.0042,0.2371,-0.3964,0.1082,0.2371,-0.4484,0.1076,0.3048,-0.5134,0.1074,0.2549,0.0000,0.1188,0.0575,0.0267,0.0000,0.0000,0.1000,0.0266,0.0399,9.5132,11.2927
17.4800,0.0000,0.0000,0.1519,-0.1920,-0.0020,0.3019,-0.3952,-0.0042,0.2374,-0.3964,0.1082,0.2374,-0.4483,0.1076,0.3051,-0.5133,0.1074,0.2553,0.0000,0.1183,0.0571,0.0266,0.0000,0.0000,0.1000,0.0266,0.0399,9.5135,11.2930
17.4880,0.0000,0.0000,0.1519,-0.1919,-0.0020,0.3020,-0.3952,-0.0041,0.2376,-0.3964,0.1082,0.2376,-0.4482,0.1077,0.3054,-0.5133,0.1074,0.2556,0.0000,0.1177,0.0568,0.0264,0.0000,0.0000,0.1000,0.0266,0.0399,9.5139,11.2935
17.4960,0.0000,0.0000,0.1519,-0.1919,-0.0020,0.3021,-0.3952,-0.0041,0.2379,-0.3964,0.1082,0.2379,-0.4481,0.1077,0.3057,-0.5133,0.1074,0.2560,0.0000,0.1171,0.0564,0.0263,0.0000,0.0000,0.1000,0.0266,0.0399,9.5142,11.2938
17.5040,0.0000,0.0000,0.1519,-0.1918,-0.0020,0.3022,-0.3952,-0.0042,0.2381,-0.3964,0.1082,0.2381,-0.4481,0.1076,0.3060,-0.5132,0.1074,0.2564,0.0000,0.1165,0.0560,0.0262,0.0000,0.0000,0.1000,0.0266,0.0399,9.5145,11.2942
17.5120,0.0000,0.0000,0.1519,-0.1917,-0.0020,0.3022,-0.3952,-0.0042,0.2384,-0.3963,0.1082,0.2384,-0.4480,0.1076,0.3063,-0.5132,0.1074,0.2567,0.0000,0.1160,0.0557,0.0260,0.0000,0.0000,0.1000,0.0266,0.0399,9.5149,11.2946
17.5200,0.0000,0.0000,0.1519,-0.1916,-0.0020,0.3023,-0.3951,-0.0042,0.2386,-0.3963,0.1082,0.2386,-0.4479,0.1076,0.3066,-0.5132,0.1074,0.2571,0.0000,0.1154,0.0553,0.0259,0.0000,0.0000,0.1000,0.0266,0.0399,9.5152,11.2950
17.5280,0.0000,0.0000,0.1519,-0.1916,-0.0020,0.3024,-0.3951,-0.0042,0.2389,-0.3963,0.1082,0.2389,-0.4478,0.1076,0.3069,-0.5131,0.1073,0.2575,0.0000,0.1148,0.0549,0.0258,0.0000,0.0000,0.1000,0.0266,0.0399,9.5156,11.2954
17.5360,0.0000,0.0000,0.1519,-0.1915,-0.0020,0.3025,-0.3951,-0.0041,0.2391,-0.3963,0.1082,0.2391,-0.4477,0.1077,0.3072,-0.5131,0.1074,0.2578,0.0000,0.1143,0.0546,0.0256,0.0000,0.0000,0.1000,0.0266,0.0399,9.5160,11.2959
17.5440,0.0000,0.0000,0.1519,-0.1914,-0.0020,0.3026,-0.3951,-0.0041,0.2394,-0.3963,0.1082,0.2394,-0.4476,0.1077,0.3075,-0.5130,0.1074,0.2582,0.0000,0.1137,0.0542,0.0255,0.0000,0.0000,0.1000,0.0266,0.0399,9.5163,11.2962
17.5520,0.0000,0.0000,0.1519,-0.1914,-0.0020,0.3027,-0.3951,-0.0042,0.2396,-0.3963,0.1082,0.2396,-0.4476,0.1076,0.3078,-0.5130,0.1074,0.2586,0.0000,0.1132,0.0539,0.0254,0.0000,0.0000,0.1000,0.0266,0.0399,9.5166,11.2966
17.5600,0.0000,0.0000,0.1519,-0.1913,-0.0020,0.3028,-0.3951,-0.0042,0.2399,-0.3962,0.1082,0.2399,-0.4475,0.1076,0.3081,-0.5130,0.1074,0.2589,0.0000,0.1126,0.0535,0.0252,0.0000,0.0000,0.1000,0.0266,0.0399,9.5170,11.2970
17.5680,0.0000,0.0000,0.1519,-0.1912,-0.0020,0.3029,-0.3950,-0.0041,0.2401,-0.3962,0.1082,0.2401,-0.4474,0.1077,0.3084,-0.5129,0.1074,0.2593,0.0000,0.1120,0.0531,0.0251,0.0000,0.0000,0.1000,0.0266,0.0399,9.5173,11.2974
17.5760,0.0000,0.0000,0.1519,-0.1912,-0.0020,0.3029,-0.3950,-0.0041,0.2404,-0.3962,0.1082,0.2404,-0.4473,0.1077,0.3087,-0.5129,0.1074,0.2597,0.0000,0.1114,0.0528,0.0250,0.0000,0.0000,0.1000,0.0266,0.0399,9.5176,11.2977
17.5840,0.0000,0.0000,0.1519,-0.1911,-0.0020,0.3030,-0.3950,-0.0042,0.2406,-0.3962,0.1082,0.2406,-0.4472,0.1077,0.3090,-0.5129,0.1074,0.2600,0.0000,0.1109,0.0524,0.0248,0.0000,0.0000,0.1000,0.0266,0.0399,9.5181,11.2982
17.5920,0.0000,0.0000,0.1519,-0.1910,-0.0020,0.3031,-0.3950,-0.0041,0.2409,-0.3961,0.1082,0.2409,-0.4471,0.1077,0.3093,-0.5128,0.1074,0.2604,0.0000,0.1103,0.0520,0.0247,0.0000,0.0000,0.1000,0.0266,0.0399,9.5184,11.2986
17.6000,0.0000,0.0000,0.1519,-0.1910,-0.0020,0.3032,-0.3949,-0.0042,0.2411,-0.3961,0.1082,0.2411,-0.4470,0.1077,0.3096,-0.5128,0.1074,0.2608,0.0000,0.1097,0.0517,0.0246,0.0000,0.0000,0.1000,0.0266,0.0399,9.5187,11.2990
17.6080,0.0000,0.0000,0.1519,-0.1909,-0.0020,0.3033,-0.3949,-0.0042,0.2413,-0.3961,0.1082,0.2413,-0.4470,0.1077,0.3099,-0.5127,0.1074,0.2611,0.0000,0.1093,0.0514,0.0245,0.0000,0.0000,0.1000,0.0266,0.0399,9.5191,11.2994
17.6160,0.0000,0.0000,0.1519,-0.1908,-0.0020,0.3034,-0.3949,-0.0042,0.2416,-0.3961,0.1082,0.2416,-0.4469,0.1077,0.3102,-0.5127,0.1074,0.2614,0.0000,0.1087,0.0510,0.0243,0.0000,0.0000,0.1000,0.0266,0.0399,9.5194,11.2997
17.6240,0.0000,0.0000,0.1519,-0.1907,-0.0020,0.3035,-0.3949,-0.0041,0.2419,-0.3961,0.1082,0.2419,-0.4468,0.1077,0.3105,-0.5127,0.1074,0.2618,0.0000,0.1081,0.0506,0.0242,0.0000,0.0000,0.1000,0.0266,0.0399,9.5198,11.3002
17.6320,0.0000,0.0000,0.1519,-0.1907,-0.0020,0.3036,-0.3949,-0.0042,0.2421,-0.3960,0.1082,0.2421,-0.4467,0.1077,0.3108,-0.5126,0.1074,0.2622,0.0000,0.1076,0.0503,0.0241,0.0000,0.0000,0.1000,0.0266,0.0399,9.5201,11.3005
17.6400,0.0000,0.0000,0.1519,-0.1906,-0.0020,0.3037,-0.3948,-0.0041,0.2423,-0.3960,0.1082,0.2423,-0.4466,0.1077,0.3111,-0.5126,0.1074,0.2625,0.0000,0.1070,0.0499,0.0239,0.0000,0.0000,0.1000,0.0266,0.0399,9.5206,11.3011
17.6480,0.0000,0.0000,0.1519,-0.1905,-0.0020,0.3038,-0.3948,-0.0042,0.2426,-0.3960,0.1082,0.2426,-0.4465,0.1077,0.3114,-0.5125,0.1074,0.2629,0.0000,0.1065,0.0496,0.0238,0.0000,0.0000,0.1000,0.0266,0.0399,9.5209,11.3014
17.6560,0.0000,0.0000,0.1519,-0.1905,-0.0020,0.3039,-0.3948,-0.0041,0.2429,-0.3960,0.1082,0.2429,-0.4464,0.1077,0.3117,-0.5125,0.1074,0.2633,0.0000,0.1059,0.0492,0.0237,0.0000,0.0000,0.1000,0.0266,0.0399,9.5213,11.3019
17.6640,0.0000,0.0000,0.1519,-0.1904,-0.0020,0.3039,-0.3948,-0.0042,0.2431,-0.3959,0.1082,0.2431,-0.4464,0.1077,0.3120,-0.5124,0.1074,0.2636,0.0000,0.1054,0.0489,0.0236,0.0000,0.0000,0.1000,0.0266,0.0399,9.5215,11.3021
17.6720,0.0000,0.0000,0.1519,-0.1903,-0.0020,0.3040,-0.3947,-0.0042,0.2434,-0.3959,0.1082,0.2434,-0.4463,0.1077,0.3123,-0.5124,0.1074,0.2640,0.0000,0.1048,0.0485,0.0234,0.0000,0.0000,0.1000,0.0266,0.0399,9.5218,11.3025
17.6800,0.0000,0.0000,0.1519,-0.1902,-0.0020,0.3041,-0.3947,-0.0042,0.2436,-0.3959,0.1082,0.2436,-0.4462,0.1077,0.3126,-0.5124,0.1074,0.2644,0.0000,0.1043,0.0481,0.0233,0.0000,0.0000,0.1000,0.0266,0.0399,9.5222,11.3029
17.6880,0.0000,0.0000,0.1519,-0.1902,-0.0020,0.3042,-0.3947,-0.0041,0.2439,-0.3959,0.1082,0.2439,-0.4461,0.1077,0.3129,-0.5123,0.1074,0.2647,0.0000,0.1037,0.0478,0.0232,0.0000,0.0000,0.1000,0.0266,0.0399,9.5226,11.3034
17.6960,0.0000,0.0000,0.1519,-0.1901,-0.0020,0.3043,-0.3947,-0.0041,0.2441,-0.3958,0.1082,0.2441,-0.4460,0.1077,0.3132,-0.5123,0.1074,0.2651,0.0000,0.1032,0.0474,0.0230,0.0000,0.0000,0.1000,0.0266,0.0399,9.5230,11.3038
17.7040,0.0000,0.0000,0.1519,-0.1900,-0.0020,0.3044,-0.3946,-0.0041,0.2444,-0.3958,0.1082,0.2444,-0.4459,0.1077,0.3135,-0.5122,0.1074,0.2654,0.0000,0.1026,0.0471,0.0229,0.0000,0.0000,0.1000,0.0266,0.0399,9.5233,11.3042
17.7120,0.0000,0.0000,0.1519,-0.1899,-0.0020,0.3045,-0.3946,-0.0041,0.2446,-0.3958,0.1082,0.2446,-0.4458,0.1077,0.3138,-0.5122,0.1074,0.2658,0.0000,0.1021,0.0467,0.0228,0.0000,0.0000,0.1000,0.0266,0.0399,9.5237,11.3046
17.7200,0.0000,0.0000,0.1519,-0.1899,-0.0020,0.3046,-0.3946,-0.0041,0.2449,-0.3958,0.1082,0.2449,-0.4457,0.1077,0.3141,-0.5121,0.1074,0.2661,0.0000,0.1016,0.0464,0.0227,0.0000,0.0000,0.1000,0.0266,0.0399,9.5240,11.3050
17.7280,0.0000,0.0000,0.1519,-0.1898,-0.0020,0.3047,-0.3945,-0.0041,0.2451,-0.3957,0.1082,0.2451,-0.4456,0.1077,0.3144,-0.5121,0.1074,0.2665,0.0000,0.1011,0.0460,0.0225,0.0000,0.0000,0.1000,0.0266,0.0399,9.5244,11.3054
17.7360,0.0000,0.0000,0.1519,-0.1897,-0.0020,0.3048,-0.3945,-0.0041,0.2454,-0.3957,0.1082,0.2454,-0.4455,0.1077,0.3147,-0.5120,0.1074,0.2669,0.0000,0.1005,0.0457,0.0224,0.0000,0.0000,0.1000,0.0266,0.0399,9.5248,11.3059
17.7440,0.0000,0.0000,0.1519,-0.1896,-0.0020,0.3049,-0.3945,-0.0041,0.2456,-0.3957,0.1082,0.2456,-0.4454,0.1077,0.3150,-0.5120,0.1074,0.2672,0.0000,0.1000,0.0453,0.0223,0.0000,0.0000,0.1000,0.0266,0.0399,9.5251,11.3062
17.7520,0.0000,0.0000,0.1519,-0.1896,-0.0020,0.3049,-0.3945,-0.0041,0.2459,-0.3957,0.1082,0.2459,-0.4453,0.1077,0.3153,-0.5119,0.1074,0.2676,0.0000,0.0995,0.0450,0.0222,0.0000,0.0000,0.1000,0.0266,0.0399,9.5253,11.3065
17.7600,0.0000,0.0000,0.1519,-0.1895,-0.0020,0.3050,-0.3944,-0.0042,0.2461,-0.3956,0.1082,0.2461,-0.4453,0.1077,0.3155,-0.5119,0.1074,0.2679,0.0000,0.0990,0.0446,0.0220,0.0000,0.0000,0.1000,0.0266,0.0399,9.5256,11.3069
17.7680,0.0000,0.0000,0.1519,-0.1894,-0.0020,0.3051,-0.3944,-0.0041,0.2464,-0.3956,0.1082,0.2464,-0.4452,0.1077,0.3159,-0.5118,0.1074,0.2683,0.0000,0.0984,0.0442,0.0219,0.0000,0.0000,0.1000,0.0266,0.0399,9.5261,11.3074
17.7760,0.0000,0.0000,0.1519,-0.1894,-0.0020,0.3052,-0.3944,-0.0041,0.2466,-0.3956,0.1082,0.2466,-0.4451,0.1077,0.3161,-0.5118,0.1074,0.2686,0.0000,0.0979,0.0439,0.0218,0.0000,0.0000,0.1000,0.0266,0.0399,9.5265,11.3078
17.7840,0.0000,0.0000,0.1519,-0.1893,-0.0020,0.3053,-0.3944,-0.0041,0.2468,-0.3955,0.1082,0.2468,-0.4450,0.1077,0.3164,-0.5117,0.1074,0.2689,0.0000,0.0975,0.0436,0.0217,0.0000,0.0000,0.1000,0.0266,0.0399,9.5268,11.3081
17.7920,0.0000,0.0000,0.1519,-0.1892,-0.0020,0.3054,-0.3943,-0.0041,0.2471,-0.3955,0.1082,0.2471,-0.4449,0.1077,0.3167,-0.5117,0.1074,0.2693,0.0000,0.0969,0.0433,0.0216,0.0000,0.0000,0.1000,0.0266,0.0399,9.5271,11.3085
17.8000,0.0000,0.0000,0.1519,-0.1891,-0.0020,0.3055,-0.3943,-0.0041,0.2473,-0.3955,0.1082,0.2473,-0.4448,0.1077,0.3170,-0.5116,0.1074,0.2696,0.0000,0.0965,0.0429,0.0215,0.0000,0.0000,0.1000,0.0266,0.0399,9.5274,11.3088
17.8080,0.0000,0.0000,0.1519,-0.1891,-0.0020,0.3056,-0.3943,-0.0041,0.2476,-0.3954,0.1082,0.2476,-0.4447,0.1077,0.3172,-0.5116,0.1074,0.2700,0.0000,0.0960,0.0426,0.0214,0.0000,0.0000,0.1000,0.0266,0.0399,9.5277,11.3092
17.8160,0.0000,0.0000,0.1519,-0.1890,-0.0020,0.3057,-0.3942,-0.0041,0.2478,-0.3954,0.1082,0.2478,-0.4446,0.1077,0.3175,-0.5115,0.1074,0.2703,0.0000,0.0955,0.0423,0.0212,0.0000,0.0000,0.1000,0.0266,0.0399,9.5280,11.3096
17.8240,0.0000,0.0000,0.1519,-0.1889,-0.0020,0.3057,-0.3942,-0.0041,0.2481,-0.3954,0.1082,0.2481,-0.4445,0.1077,0.3178,-0.5115,0.1074,0.2707,0.0000,0.0950,0.0419,0.0211,0.0000,0.0000,0.1000,0.0266,0.0399,9.5283,11.3099
17.8320,0.0000,0.0000,0.1519,-0.1889,-0.0020,0.3058,-0.3942,-0.0041,0.2483,-0.3954,0.1082,0.2483,-0.4444,0.1077,0.3181,-0.5114,0.1074,0.2710,0.0000,0.0945,0.0416,0.0210,0.0000,0.0000,0.1000,0.0266,0.0399,9.5286,11.3103
17.8400,0.0000,0.0000,0.1519,-0.1888,-0.0020,0.3059,-0.3942,-0.0041,0.2485,-0.3953,0.1082,0.2485,-0.4444,0.1077,0.3184,-0.5114,0.1074,0.2714,0.0000,0.0940,0.0413,0.0209,0.0000,0.0000,0.1000,0.0266,0.0399,9.5289,11.3105
17.8480,0.0000,0.0000,0.1519,-0.1887,-0.0020,0.3060,-0.3941,-0.0041,0.2488,-0.3953,0.1082,0.2488,-0.4443,0.1077,0.3187,-0.5113,0.1074,0.2717,0.0000,0.0935,0.0409,0.0208,0.0000,0.0000,0.1000,0.0266,0.0399,9.5292,11.3109
17.8560,0.0000,0.0000,0.1519,-0.1886,-0.0020,0.3061,-0.3941,-0.0041,0.2490,-0.3953,0.1082,0.2490,-0.4442,0.1077,0.3190,-0.5113,0.1074,0.2721,0.0000,0.0930,0.0406,0.0207,0.0000,0.0000,0.1000,0.0266,0.0399,9.5295,11.3113
17.8640,0.0000,0.0000,0.1519,-0.1886,-0.0020,0.3062,-0.3941,-0.0041,0.2493,-0.3953,0.1082,0.2493,-0.4441,0.1077,0.3193,-0.5112,0.1074,0.2724,0.0000,0.0926,0.0403,0.0206,0.0000,0.0000,0.1000,0.0266,0.0399,9.5298,11.3116
17.8720,0.0000,0.0000,0.1519,-0.1885,-0.0020,0.3063,-0.3940,-0.0041,0.2495,-0.3952,0.1082,0.2495,-0.4440,0.1077,0.3195,-0.5112,0.1074,0.2727,0.0000,0.0921,0.0399,0.0205,0.0000,0.0000,0.1000,0.0266,0.0399,9.5301,11.3120
17.8800,0.0000,0.0000,0.1519,-0.1884,-0.0020,0.3064,-0.3940,-0.0041,0.2497,-0.3952,0.1082,0.2497,-0.4439,0.1077,0.3198,-0.5111,0.1074,0.2731,0.0000,0.0917,0.0396,0.0204,0.0000,0.0000,0.1000,0.0266,0.0399,9.5305,11.3124
17.8880,0.0000,0.0000,0.1519,-0.1884,-0.0020,0.3064,-0.3940,-0.0041,0.2499,-0.3952,0.1082,0.2499,-0.4438,0.1077,0.3201,-0.5111,0.1074,0.2734,0.0000,0.0913,0.0393,0.0203,0.0000,0.0000,0.1000,0.0266,0.0399,9.5308,11.3127
17.8960,0.0000,0.0000,0.1519,-0.1883,-0.0020,0.3065,-0.3939,-0.0041,0.2502,-0.3951,0.1082,0.2502,-0.4437,0.1077,0.3204,-0.5110,0.1074,0.2737,0.0000,0.0908,0.0390,0.0201,0.0000,0.0000,0.1000,0.0266,0.0399,9.5310,11.3130
17.9040,0.0000,0.0000,0.1519,-0.1882,-0.0020,0.3066,-0.3939,-0.0041,0.2504,-0.3951,0.1082,0.2504,-0.4436,0.1077,0.3206,-0.5110,0.1074,0.2740,0.0000,0.0904,0.0387,0.0201,0.0000,0.0000,0.1000,0.0266,0.0399,9.5313,11.3133
17.9120,0.0000,0.0000,0.1519,-0.1881,-0.0020,0.3067,-0.3939,-0.0041,0.2506,-0.3951,0.1082,0.2506,-0.4435,0.1077,0.3209,-0.5109,0.1074,0.2743,0.0000,0.0899,0.0384,0.0200,0.0000,0.0000,0.1000,0.0266,0.0399,9.5316,11.3137
17.9200,0.0000,0.0000,0.1519,-0.1881,-0.0020,0.3068,-0.3939,-0.0041,0.2509,-0.3950,0.1082,0.2509,-0.4434,0.1077,0.3212,-0.5109,0.1074,0.2747,0.0000,0.0895,0.0380,0.0198,0.0000,0.0000,0.1000,0.0266,0.0399,9.5320,11.3141
17.9280,0.0000,0.0000,0.1519,-0.1880,-0.0020,0.3069,-0.3938,-0.0041,0.2511,-0.3950,0.1082,0.2511,-0.4434,0.1077,0.3214,-0.5108,0.1074,0.2750,0.0000,0.0891,0.0377,0.0197,0.0000,0.0000,0.1000,0.0266,0.0399,9.5322,11.3144
17.9360,0.0000,0.0000,0.1519,-0.1879,-0.0020,0.3070,-0.3938,-0.0041,0.2513,-0.3950,0.1082,0.2513,-0.4433,0.1077,0.3217,-0.5108,0.1074,0.2754,0.0000,0.0886,0.0374,0.0196,0.0000,0.0000,0.1000,0.0266,0.0399,9.5325,11.3148
17.9440,0.0000,0.0000,0.1519,-0.1879,-0.0020,0.3070,-0.3938,-0.0041,0.2516,-0.3949,0.1082,0.2516,-0.4432,0.1077,0.3220,-0.5107,0.1074,0.2757,0.0000,0.0882,0.0371,0.0195,0.0000,0.0000,0.1000,0.0266,0.0399,9.5327,11.3150
17.9520,0.0000,0.0000,0.1519,-0.1878,-0.0020,0.3071,-0.3937,-0.0041,0.2518,-0.3949,0.1082,0.2518,-0.4431,0.1077,0.3223,-0.5107,0.1074,0.2760,0.0000,0.0878,0.0368,0.0194,0.0000,0.0000,0.1000,0.0266,0.0399,9.5331,11.3154
17.9600,0.0000,0.0000,0.1519,-0.1877,-0.0020,0.3072,-0.3937,-0.0041,0.2520,-0.3949,0.1082,0.2520,-0.4430,0.1077,0.3225,-0.5106,0.1074,0.2763,0.0000,0.0874,0.0365,0.0193,0.0000,0.0000,0.1000,0.0266,0.0399,9.5333,11.3157
17.9680,0.0000,0.0000,0.1519,-0.1876,-0.0020,0.3073,-0.3937,-0.0041,0.2523,-0.3948,0.1082,0.2523,-0.4429,0.1077,0.3228,-0.5106,0.1074,0.2767,0.0000,0.0869,0.0361,0.0192,0.0000,0.0000,0.1000,0.0266,0.0399,9.5337,11.3161
17.9760,0.0000,0.0000,0.1519,-0.1876,-0.0020,0.3074,-0.3936,-0.0041,0.2525,-0.3948,0.1082,0.2525,-0.4428,0.1077,0.3231,-0.5105,0.1074,0.2770,0.0000,0.0865,0.0358,0.0192,0.0000,0.0000,0.1000,0.0266,0.0399,9.5339,11.3163
17.9840,0.0000,0.0000,0.1519,-0.1875,-0.0020,0.3075,-0.3936,-0.0041,0.2527,-0.3948,0.1082,0.2527,-0.4427,0.1077,0.3233,-0.5105,0.1074,0.2773,0.0000,0.0861,0.0355,0.0191,0.0000,0.0000,0.1000,0.0266,0.0399,9.5342,11.3167
17.9920,0.0000,0.0000,0.1519,-0.1874,-0.0020,0.3075,-0.3936,-0.0041,0.2529,-0.3947,0.1082,0.2529,-0.4426,0.1077,0.3235,-0.5104,0.1074,0.2776,0.0000,0.0858,0.0353,0.0190,0.0000,0.0000,0.1000,0.0266,0.0399,9.5345,11.3170
18.0000,0.0000,0.0000,0.1519,-0.1874,-0.0020,0.3076,-0.3935,-0.0041,0.2531,-0.3947,0.1082,0.2531,-0.4426,0.1077,0.3238,-0.5104,0.1074,0.2779,0.0000,0.0854,0.0350,0.0189,0.0000,0.0000,0.1000,0.0266,0.0399,9.5348,11.3174
18.0080,0.0000,0.0000,0.1519,-0.1873,-0.0020,0.3077,-0.3935,-0.0041,0.2533,-0.3947,0.1082,0.2533,-0.4425,0.1077,0.3240,-0.5103,0.1074,0.2782,0.0000,0.0850,0.0347,0.0188,0.0000,0.0000,0.1000,0.0266,0.0399,9.5351,11.3177
18.0160,0.0000,0.0000,0.1519,-0.1872,-0.0020,0.3078,-0.3935,-0.0041,0.2536,-0.3946,0.1082,0.2536,-0.4424,0.1077,0.3243,-0.5103,0.1074,0.2785,0.0000,0.0846,0.0344,0.0187,0.0000,0.0000,0.1000,0.0266,0.0399,9.5354,11.3180
18.0240,0.0000,0.0000,0.1519,-0.1872,-0.0020,0.3079,-0.3934,-0.0041,0.2538,-0.3946,0.1082,0.2538,-0.4423,0.1077,0.3246,-0.5102,0.1074,0.2788,0.0000,0.0843,0.0341,0.0186,0.0000,0.0000,0.1000,0.0266,0.0399,9.5356,11.3183
18.0320,0.0000,0.0000,0.1519,-0.1871,-0.0020,0.3080,-0.3934,-0.0041,0.2540,-0.3946,0.1082,0.2540,-0.4422,0.1077,0.3248,-0.5102,0.1074,0.2791,0.0000,0.0839,0.0338,0.0186,0.0000,0.0000,0.1000,0.0266,0.0399,9.5359,11.3186
18.0400,0.0000,0.0000,0.1519,-0.1870,-0.0020,0.3080,-0.3934,-0.0041,0.2542,-0.3946,0.1082,0.2542,-0.4421,0.1077,0.3250,-0.5101,0.1074,0.2794,0.0000,0.0836,0.0335,0.0185,0.0000,0.0000,0.1000,0.0266,0.0399,9.5361,11.3189
18.0480,0.0000,0.0000,0.1519,-0.1870,-0.0020,0.3081,-0.3933,-0.0041,0.2544,-0.3945,0.1082,0.2544,-0.4420,0.1077,0.3253,-0.5101,0.1074,0.2797,0.0000,0.0832,0.0332,0.0184,0.0000,0.0000,0.1000,0.0266,0.0399,9.5364,11.3192
18.0560,0.0000,0.0000,0.1519,-0.1869,-0.0020,0.3082,-0.3933,-0.0041,0.2546,-0.3945,0.1082,0.2546,-0.4420,0.1077,0.3256,-0.5100,0.1074,0.2800,0.0000,0.0829,0.0329,0.0183,0.0000,0.0000,0.1000,0.0266,0.0399,9.5367,11.3195
18.0640,0.0000,0.0000,0.1519,-0.1868,-0.0020,0.3083,-0.3933,-0.0041,0.2548,-0.3945,0.1082,0.2548,-0.4419,0.1077,0.3258,-0.5100,0.1074,0.2803,0.0000,0.0826,0.0327,0.0182,0.0000,0.0000,0.1000,0.0266,0.0399,9.5369,11.3198
18.0720,0.0000,0.0000,0.1519,-0.1868,-0.0020,0.3083,-0.3932,-0.0041,0.2550,-0.3944,0.1082,0.2550,-0.4418,0.1077,0.3260,-0.5099,0.1074,0.2806,0.0000,0.0822,0.0324,0.0182,0.0000,0.0000,0.1000,0.0266,0.0399,9.5371,11.3200
18.0800,0.0000,0.0000,0.1519,-0.1867,-0.0020,0.3084,-0.3932,-0.0041,0.2553,-0.3944,0.1082,0.2553,-0.4417,0.1077,0.3263,-0.5099,0.1074,0.2809,0.0000,0.0819,0.0321,0.0181,0.0000,0.0000,0.1000,0.0266,0.0399,9.5373,11.3202
18.0880,0.0000,0.0000,0.1519,-0.1866,-0.0020,0.3085,-0.3932,-0.0041,0.2555,-0.3944,0.1082,0.2555,-0.4416,0.1077,0.3265,-0.5098,0.1074,0.2812,0.0000,0.0816,0.0318,0.0180,0.0000,0.0000,0.1000,0.0266,0.0399,9.5377,11.3206
18.0960,0.0000,0.0000,0.1519,-0.1866,-0.0020,0.3086,-0.3931,-0.0041,0.2557,-0.3943,0.1082,0.2557,-0.4415,0.1077,0.3267,-0.5098,0.1074,0.2814,0.0000,0.0813,0.0316,0.0179,0.0000,0.0000,0.1000,0.0266,0.0399,9.5379,11.3208
18.1040,0.0000,0.0000,0.1519,-0.1865,-0.0020,0.3087,-0.3931,-0.0041,0.2559,-0.3943,0.1082,0.2559,-0.4415,0.1077,0.3270,-0.5097,0.1074,0.2817,0.0000,0.0810,0.0313,0.0179,0.0000,0.0000,0.1000,0.0266,0.0399,9.5380,11.3210
18.1120,0.0000,0.0000,0.1519,-0.1865,-0.0020,0.3087,-0.3931,-0.0041,0.2561,-0.3943,0.1082,0.2561,-0.4414,0.1077,0.3272,-0.5097,0.1074,0.2820,0.0000,0.0807,0.0310,0.0178,0.0000,0.0000,0.1000,0.0266,0.0399,9.5383,11.3214
18.1200,0.0000,0.0000,0.1519,-0.1864,-0.0020,0.3088,-0.3930,-0.0041,0.2563,-0.3942,0.1082,0.2563,-0.4413,0.1077,0.3275,-0.5096,0.1074,0.2823,0.0000,0.0804,0.0307,0.0177,0.0000,0.0000,0.1000,0.0266,0.0399,9.5386,11.3217
18.1280,0.0000,0.0000,0.1519,-0.1863,-0.0020,0.3089,-0.3930,-0.0041,0.2565,-0.3942,0.1082,0.2565,-0.4412,0.1077,0.3277,-0.5096,0.1074,0.2826,0.0000,0.0801,0.0305,0.0177,0.0000,0.0000,0.1000,0.0266,0.0399,9.5388,11.3219
18.1360,0.0000,0.0000,0.1519,-0.1863,-0.0020,0.3090,-0.3930,-0.0041,0.2567,-0.3942,0.1082,0.2567,-0.4411,0.1077,0.3279,-0.5095,0.1074,0.2828,0.0000,0.0799,0.0302,0.0176,0.0000,0.0000,0.1000,0.0266,0.0399,9.5390,11.3221
18.1440,0.0000,0.0000,0.1519,-0.1862,-0.0019,0.3090,-0.3930,-0.0041,0.2568,-0.3941,0.1082,0.2568,-0.4411,0.1077,0.3281,-0.5095,0.1074,0.2831,0.0000,0.0796,0.0299,0.0175,0.0000,0.0000,0.1000,0.0266,0.0399,9.5393,11.3225
18.1520,0.0000,0.0000,0.1519,-0.1861,-0.0020,0.3091,-0.3929,-0.0041,0.2571,-0.3941,0.1082,0.2571,-0.4410,0.1077,0.3284,-0.5094,0.1074,0.2834,0.0000,0.0793,0.0297,0.0175,0.0000,0.0000,0.1000,0.0266,0.0399,9.5395,11.3227
18.1600,0.0000,0.0000,0.1519,-0.1861,-0.0020,0.3092,-0.3929,-0.0041,0.2572,-0.3941,0.1082,0.2572,-0.4409,0.1077,0.3286,-0.5094,0.1074,0.2836,0.0000,0.0791,0.0294,0.0174,0.0000,0.0000,0.1000,0.0266,0.0399,9.5397,11.3229
18.1680,0.0000,0.0000,0.1519,-0.1860,-0.0020,0.3093,-0.3929,-0.0041,0.2574,-0.3940,0.1082,0.2574,-0.4408,0.1077,0.3288,-0.5093,0.1074,0.2840,0.0000,0.0788,0.0291,0.0173,0.0000,0.0000,0.1000,0.0266,0.0399,9.5399,11.3232
18.1760,0.0000,0.0000,0.1519,-0.1859,-0.0020,0.3093,-0.3928,-0.0041,0.2576,-0.3940,0.1082,0.2576,-0.4407,0.1077,0.3291,-0.5093,0.1074,0.2842,0.0000,0.0785,0.0289,0.0173,0.0000,0.0000,0.1000,0.0266,0.0399,9.5401,11.3235
18.1840,0.0000,0.0000,0.1519,-0.1859,-0.0020,0.3094,-0.3928,-0.0041,0.2578,-0.3940,0.1082,0.2578,-0.4406,0.1077,0.3293,-0.5092,0.1074,0.2845,0.0000,0.0783,0.0286,0.0172,0.0000,0.0000,0.1000,0.0266,0.0399,9.5404,11.3238
18.1920,0.0000,0.0000,0.1519,-0.1858,-0.0020,0.3095,-0.3928,-0.0041,0.2580,-0.3939,0.1082,0.2580,-0.4406,0.1077,0.3295,-0.5092,0.1074,0.2848,0.0000,0.0781,0.0283,0.0172,0.0000,0.0000,0.1000,0.0266,0.0399,9.5406,11.3240
18.2000,0.0000,0.0000,0.1519,-0.1858,-0.0020,0.3096,-0.3927,-0.0041,0.2582,-0.3939,0.1082,0.2582,-0.4405,0.1077,0.3297,-0.5091,0.1074,0.2850,0.0000,0.0778,0.0281,0.0171,0.0000,0.0000,0.1000,0.0266,0.0399,9.5409,11.3243
18.2080,0.0000,0.0000,0.1519,-0.1857,-0.0020,0.3096,-0.3927,-0.0041,0.2584,-0.3939,0.1082,0.2584,-0.4404,0.1077,0.3300,-0.5091,0.1074,0.2853,0.0000,0.0776,0.0278,0.0171,0.0000,0.0000,0.1000,0.0266,0.0399,9.5411,11.3245
18.2160,0.0000,0.0000,0.1519,-0.1856,-0.0020,0.3097,-0.3927,-0.0041,0.2586,-0.3938,0.1082,0.2586,-0.4403,0.1077,0.3302,-0.5090,0.1074,0.2856,0.0000,0.0773,0.0275,0.0170,0.0000,0.0000,0.1000,0.0266,0.0399,9.5414,11.3248
18.2240,0.0000,0.0000,0.1519,-0.1856,-0.0019,0.3098,-0.3926,-0.0041,0.2588,-0.3938,0.1082,0.2588,-0.4402,0.1077,0.3304,-0.5090,0.1074,0.2858,0.0000,0.0772,0.0273,0.0170,0.0000,0.0000,0.1000,0.0266,0.0399,9.5415,11.3250
18.2320,0.0000,0.0000,0.1519,-0.1855,-0.0020,0.3099,-0.3926,-0.0041,0.2590,-0.3938,0.1082,0.2590,-0.4402,0.1077,0.3306,-0.5089,0.1074,0.2861,0.0000,0.0769,0.0270,0.0169,0.0000,0.0000,0.1000,0.0266,0.0399,9.5417,11.3253
18.2400,0.0000,0.0000,0.1519,-0.1854,-0.0019,0.3099,-0.3926,-0.0041,0.2592,-0.3937,0.1082,0.2592,-0.4401,0.1078,0.3309,-0.5088,0.1074,0.2864,0.0000,0.0767,0.0267,0.0169,0.0000,0.0000,0.1000,0.0266,0.0399,9.5420,11.3256
18.2480,0.0000,0.0000,0.1519,-0.1854,-0.0019,0.3100,-0.3925,-0.0041,0.2594,-0.3937,0.1082,0.2594,-0.4400,0.1077,0.3311,-0.5088,0.1074,0.2867,0.0000,0.0765,0.0264,0.0168,0.0000,0.0000,0.1000,0.0266,0.0399,9.5422,11.3258
18.2560,0.0000,0.0000,0.1519,-0.1853,-0.0019,0.3101,-0.3925,-0.0041,0.2595,-0.3937,0.1082,0.2595,-0.4399,0.1077,0.3313,-0.5088,0.1074,0.2869,0.0000,0.0764,0.0262,0.0168,0.0000,0.0000,0.1000,0.0266,0.0399,9.5424,11.3260
18.2640,0.0000,0.0000,0.1519,-0.1853,-0.0019,0.3101,-0.3925,-0.0041,0.2597,-0.3936,0.1082,0.2597,-0.4398,0.1077,0.3315,-0.5087,0.1074,0.2871,0.0000,0.0762,0.0260,0.0167,0.0000,0.0000,0.1000,0.0266,0.0399,9.5426,11.3263
18.2720,0.0000,0.0000,0.1519,-0.1852,-0.0019,0.3102,-0.3924,-0.0041,0.2599,-0.3936,0.1082,0.2599,-0.4398,0.1077,0.3317,-0.5087,0.1074,0.2874,0.0000,0.0760,0.0257,0.0167,0.0000,0.0000,0.1000,0.0266,0.0399,9.5429,11.3266
18.2800,0.0000,0.0000,0.1519,-0.1851,-0.0019,0.3103,-0.3924,-0.0041,0.2601,-0.3936,0.1082,0.2601,-0.4397,0.1077,0.3319,-0.5086,0.1074,0.2876,0.0000,0.0759,0.0255,0.0166,0.0000,0.0000,0.1000,0.0266,0.0399,9.5431,11.3268
18.2880,0.0000,0.0000,0.1519,-0.1851,-0.0019,0.3103,-0.3924,-0.0041,0.2602,-0.3935,0.1082,0.2602,-0.4396,0.1077,0.3321,-0.5086,0.1074,0.2879,0.0000,0.0757,0.0252,0.0166,0.0000,0.0000,0.1000,0.0266,0.0399,9.5433,11.3271
18.2960,0.0000,0.0000,0.1519,-0.1850,-0.0019,0.3104,-0.3923,-0.0041,0.2604,-0.3935,0.1082,0.2604,-0.4395,0.1077,0.3323,-0.5085,0.1074,0.2881,0.0000,0.0756,0.0250,0.0166,0.0000,0.0000,0.1000,0.0266,0.0399,9.5436,11.3274
18.3040,0.0000,0.0000,0.1519,-0.1850,-0.0019,0.3105,-0.3923,-0.0041,0.2606,-0.3935,0.1082,0.2606,-0.4395,0.1077,0.3325,-0.5085,0.1074,0.2883,0.0000,0.0754,0.0247,0.0165,0.0000,0.0000,0.1000,0.0266,0.0399,9.5438,11.3276
18.3120,0.0000,0.0000,0.1519,-0.1849,-0.0019,0.3105,-0.3923,-0.0041,0.2607,-0.3934,0.1082,0.2607,-0.4394,0.1077,0.3327,-0.5084,0.1074,0.2886,0.0000,0.0753,0.0245,0.0165,0.0000,0.0000,0.1000,0.0266,0.0399,9.5440,11.3279
18.3200,0.0000,0.0000,0.1519,-0.1848,-0.0019,0.3106,-0.3922,-0.0041,0.2609,-0.3934,0.1082,0.2609,-0.4393,0.1077,0.3329,-0.5084,0.1074,0.2888,0.0000,0.0751,0.0242,0.0165,0.0000,0.0000,0.1000,0.0266,0.0399,9.5442,11.3281
18.3280,0.0000,0.0000,0.1519,-0.1848,-0.0019,0.3107,-0.3922,-0.0041,0.2611,-0.3934,0.1082,0.2611,-0.4392,0.1078,0.3331,-0.5083,0.1074,0.2891,0.0000,0.0750,0.0239,0.0164,0.0000,0.0000,0.1000,0.0266,0.0399,9.5445,11.3284
18.3360,0.0000,0.0000,0.1519,-0.1847,-0.0019,0.3108,-0.3922,-0.0041,0.2613,-0.3933,0.1082,0.2613,-0.4392,0.1077,0.3333,-0.5083,0.1074,0.2893,0.0000,0.0749,0.0237,0.0164,0.0000,0.0000,0.1000,0.0266,0.0399,9.5446,11.3286
18.3440,0.0000,0.0000,0.1519,-0.1847,-0.0019,0.3108,-0.3921,-0.0041,0.2615,-0.3933,0.1082,0.2615,-0.4391,0.1077,0.3335,-0.5082,0.1074,0.2896,0.0000,0.0748,0.0234,0.0164,0.0000,0.0000,0.1000,0.0266,0.0399,9.5447,11.3287
18.3520,0.0000,0.0000,0.1519,-0.1846,-0.0019,0.3109,-0.3921,-0.0041,0.2616,-0.3933,0.1082,0.2616,-0.4390,0.1078,0.3337,-0.5082,0.1074,0.2898,0.0000,0.0747,0.0231,0.0163,0.0000,0.0000,0.1000,0.0266,0.0399,9.5450,11.3290
18.3600,0.0000,0.0000,0.1519,-0.1846,-0.0019,0.3110,-0.3921,-0.0041,0.2618,-0.3932,0.1082,0.2618,-0.4389,0.1077,0.3339,-0.5081,0.1074,0.2901,0.0000,0.0746,0.0229,0.0163,0.0000,0.0000,0.1000,0.0266,0.0399,9.5451,11.3291
18.3680,0.0000,0.0000,0.1519,-0.1845,-0.0019,0.3110,-0.3920,-0.0041,0.2620,-0.3932,0.1082,0.2620,-0.4389,0.1077,0.3341,-0.5081,0.1074,0.2902,0.0000,0.0745,0.0226,0.0163,0.0000,0.0000,0.1000,0.0266,0.0399,9.5454,11.3295
18.3760,0.0000,0.0000,0.1519,-0.1845,-0.0019,0.3111,-0.3920,-0.0041,0.2621,-0.3932,0.1082,0.2621,-0.4388,0.1078,0.3343,-0.5080,0.1074,0.2905,0.0000,0.0744,0.0224,0.0163,0.0000,0.0000,0.1000,0.0266,0.0399,9.5455,11.3296
18.3840,0.0000,0.0000,0.1519,-0.1844,-0.0019,0.3111,-0.3920,-0.0041,0.2623,-0.3931,0.1082,0.2623,-0.4387,0.1077,0.3344,-0.5080,0.1074,0.2907,0.0000,0.0744,0.0221,0.0163,0.0000,0.0000,0.1000,0.0266,0.0399,9.5457,11.3298
18.3920,0.0000,0.0000,0.1519,-0.1843,-0.0019,0.3112,-0.3919,-0.0041,0.2625,-0.3931,0.1082,0.2625,-0.4387,0.1077,0.3346,-0.5079,0.1074,0.2909,0.0000,0.0743,0.0218,0.0162,0.0000,0.0000,0.1000,0.0266,0.0399,9.5459,11.3301
18.4000,0.0000,0.0000,0.1519,-0.1843,-0.0019,0.3113,-0.3919,-0.0041,0.2626,-0.3931,0.1082,0.2626,-0.4386,0.1078,0.3348,-0.5079,0.1074,0.2911,0.0000,0.0742,0.0216,0.0162,0.0000,0.0000,0.1000,0.0266,0.0399,9.5461,11.3303
18.4080,0.0000,0.0000,0.1519,-0.1842,-0.0019,0.3113,-0.3919,-0.0041,0.2628,-0.3930,0.1082,0.2628,-0.4385,0.1078,0.3350,-0.5078,0.1074,0.2914,0.0000,0.0742,0.0213,0.0162,0.0000,0.0000,0.1000,0.0266,0.0399,9.5464,11.3306
18.4160,0.0000,0.0000,0.1519,-0.1842,-0.0019,0.3114,-0.3918,-0.0041,0.2629,-0.3930,0.1082,0.2629,-0.4384,0.1078,0.3352,-0.5078,0.1074,0.2916,0.0000,0.0741,0.0211,0.0162,0.0000,0.0000,0.1000,0.0266,0.0399,9.5466,11.3308
18.4240,0.0000,0.0000,0.1519,-0.1841,-0.0019,0.3115,-0.3918,-0.0041,0.2631,-0.3930,0.1082,0.2631,-0.4384,0.1078,0.3354,-0.5077,0.1074,0.2918,0.0000,0.0741,0.0208,0.0162,0.0000,0.0000,0.1000,0.0266,0.0399,9.5467,11.3310
18.4320,0.0000,0.0000,0.1519,-0.1841,-0.0019,0.3115,-0.3918,-0.0041,0.2633,-0.3929,0.1082,0.2633,-0.4383,0.1078,0.3356,-0.5077,0.1074,0.2921,0.0000,0.0740,0.0204,0.0162,0.0000,0.0000,0.1000,0.0266,0.0399,9.5469,11.3312
18.4400,0.0000,0.0000,0.1519,-0.1840,-0.0019,0.3116,-0.3917,-0.0041,0.2634,-0.3929,0.1082,0.2634,-0.4382,0.1077,0.3357,-0.5076,0.1074,0.2923,0.0000,0.0740,0.0202,0.0161,0.0000,0.0000,0.1000,0.0266,0.0399,9.5471,11.3315
18.4480,0.0000,0.0000,0.1519,-0.1840,-0.0019,0.3117,-0.3917,-0.0041,0.2636,-0.3929,0.1082,0.2636,-0.4382,0.1077,0.3359,-0.5076,0.1074,0.2925,0.0000,0.0740,0.0199,0.0161,0.0000,0.0000,0.1000,0.0266,0.0399,9.5472,11.3315
18.4560,0.0000,0.0000,0.1519,-0.1839,-0.0019,0.3117,-0.3917,-0.0041,0.2637,-0.3928,0.1082,0.2637,-0.4381,0.1077,0.3361,-0.5075,0.1074,0.2927,0.0000,0.0740,0.0197,0.0161,0.0000,0.0000,0.1000,0.0266,0.0399,9.5475,11.3318
18.4640,0.0000,0.0000,0.1519,-0.1838,-0.0019,0.3118,-0.3916,-0.0041,0.2639,-0.3928,0.1082,0.2639,-0.4380,0.1078,0.3363,-0.5075,0.1074,0.2929,0.0000,0.0740,0.0193,0.0161,0.0000,0.0000,0.1000,0.0266,0.0399,9.5476,11.3320
18.4720,0.0000,0.0000,0.1519,-0.1838,-0.0019,0.3118,-0.3916,-0.0041,0.2640,-0.3928,0.1082,0.2640,-0.4379,0.1078,0.3365,-0.5074,0.1074,0.2931,0.0000,0.0740,0.0191,0.0161,0.0000,0.0000,0.1000,0.0266,0.0399,9.5479,11.3324
18.4800,0.0000,0.0000,0.1519,-0.1837,-0.0019,0.3119,-0.3916,-0.0041,0.2642,-0.3928,0.1082,0.2642,-0.4379,0.1078,0.3367,-0.5074,0.1074,0.2934,0.0000,0.0740,0.0187,0.0161,0.0000,0.0000,0.1000,0.0266,0.0399,9.5480,11.3325
18.4880,0.0000,0.0000,0.1519,-0.1837,-0.0019,0.3120,-0.3915,-0.0041,0.2643,-0.3927,0.1082,0.2643,-0.4378,0.1077,0.3368,-0.5073,0.1074,0.2936,0.0000,0.0740,0.0185,0.0161,0.0000,0.0000,0.1000,0.0266,0.0399,9.5482,11.3327
18.4960,0.0000,0.0000,0.1519,-0.1836,-0.0019,0.3120,-0.3915,-0.0041,0.2645,-0.3927,0.1082,0.2645,-0.4377,0.1078,0.3370,-0.5073,0.1074,0.2938,0.0000,0.0740,0.0182,0.0161,0.0000,0.0000,0.1000,0.0266,0.0399,9.5484,11.3329
18.5040,0.0000,0.0000,0.1519,-0.1836,-0.0019,0.3121,-0.3915,-0.0041,0.2647,-0.3926,0.1082,0.2647,-0.4377,0.1078,0.3372,-0.5072,0.1074,0.2940,0.0000,0.0740,0.0179,0.0161,0.0000,0.0000,0.1000,0.0266,0.0399,9.5487,11.3333
18.5120,0.0000,0.0000,0.1519,-0.1835,-0.0019,0.3122,-0.3914,-0.0041,0.2648,-0.3926,0.1082,0.2648,-0.4376,0.1078,0.3374,-0.5072,0.1074,0.2942,0.0000,0.0741,0.0175,0.0161,0.0000,0.0000,0.1000,0.0266,0.0399,9.5488,11.3334
18.5200,0.0000,0.0000,0.1519,-0.1835,-0.0019,0.3122,-0.3914,-0.0041,0.2649,-0.3926,0.1082,0.2649,-0.4375,0.1078,0.3375,-0.5071,0.1074,0.2944,0.0000,0.0741,0.0173,0.0161,0.0000,0.0000,0.1000,0.0266,0.0399,9.5491,11.3337
18.5280,0.0000,0.0000,0.1519,-0.1834,-0.0019,0.3123,-0.3914,-0.0041,0.2651,-0.3926,0.1083,0.2651,-0.4375,0.1078,0.3377,-0.5071,0.1074,0.2946,0.0000,0.0741,0.0169,0.0161,0.0000,0.0000,0.1000,0.0266,0.0399,9.5492,11.3338
18.5360,0.0000,0.0000,0.1519,-0.1834,-0.0019,0.3123,-0.3913,-0.0041,0.2653,-0.3925,0.1082,0.2653,-0.4374,0.1078,0.3379,-0.5070,0.1074,0.2948,0.0000,0.0742,0.0166,0.0161,0.0000,0.0000,0.1000,0.0266,0.0399,9.5495,11.3341
18.5440,0.0000,0.0000,0.1519,-0.1833,-0.0019,0.3124,-0.3913,-0.0041,0.2654,-0.3925,0.1082,0.2654,-0.4373,0.1078,0.3380,-0.5070,0.1074,0.2950,0.0000,0.0743,0.0162,0.0161,0.0000,0.0000,0.1000,0.0266,0.0399,9.5496,11.3343
18.5520,0.0000,0.0000,0.1519,-0.1832,-0.0019,0.3125,-0.3913,-0.0041,0.2656,-0.3924,0.1082,0.2656,-0.4372,0.1078,0.3382,-0.5069,0.1074,0.2952,0.0000,0.0744,0.0159,0.0161,0.0000,0.0000,0.1000,0.0266,0.0399,9.5498,11.3345
18.5600,0.0000,0.0000,0.1519,-0.1832,-0.0019,0.3125,-0.3912,-0.0041,0.2657,-0.3924,0.1082,0.2657,-0.4372,0.1078,0.3384,-0.5069,0.1074,0.2955,0.0000,0.0744,0.0155,0.0161,0.0000,0.0000,0.1000,0.0266,0.0399,9.5499,11.3347
18.5680,0.0000,0.0000,0.1519,-0.1831,-0.0019,0.3126,-0.3912,-0.0041,0.2659,-0.3924,0.1082,0.2659,-0.4371,0.1078,0.3386,-0.5068,0.1074,0.2957,0.0000,0.0745,0.0151,0.0162,0.0000,0.0000,0.1000,0.0266,0.0399,9.5502,11.3350
18.5760,0.0000,0.0000,0.1519,-0.1831,-0.0019,0.3126,-0.3912,-0.0041,0.2660,-0.3923,0.1082,0.2660,-0.4370,0.1078,0.3387,-0.5068,0.1074,0.2959,0.0000,0.0746,0.0147,0.0162,0.0000,0.0000,0.1000,0.0266,0.0399,9.5503,11.3351
18.5840,0.0000,0.0000,0.1519,-0.1830,-0.0019,0.3127,-0.3911,-0.0041,0.2662,-0.3923,0.1082,0.2662,-0.4369,0.1078,0.3389,-0.5068,0.1074,0.2961,0.0000,0.0747,0.0144,0.0162,0.0000,0.0000,0.1000,0.0266,0.0399,9.5506,11.3354
18.5920,0.0000,0.0000,0.1519,-0.1830,-0.0019,0.3128,-0.3911,-0.0041,0.2663,-0.3923,0.1082,0.2663,-0.4369,0.1078,0.3391,-0.5067,0.1074,0.2963,0.0000,0.0748,0.0140,0.0162,0.0000,0.0000,0.1000,0.0266,0.0399,9.5507,11.3356
18.6000,0.0000,0.0000,0.1519,-0.1829,-0.0019,0.3128,-0.3911,-0.0041,0.2665,-0.3922,0.1082,0.2665,-0.4368,0.1078,0.3393,-0.5067,0.1074,0.2965,0.0000,0.0749,0.0135,0.0162,0.0000,0.0000,0.1000,0.0266,0.0399,9.5510,11.3359
18.6080,0.0000,0.0000,0.1519,-0.1829,-0.0019,0.3129,-0.3910,-0.0041,0.2666,-0.3922,0.1082,0.2666,-0.4367,0.1078,0.3394,-0.5066,0.1074,0.2967,0.0000,0.0750,0.0132,0.0162,0.0000,0.0000,0.1000,0.0266,0.0399,9.5512,11.3361
18.6160,0.0000,0.0000,0.1519,-0.1828,-0.0019,0.3130,-0.3910,-0.0041,0.2667,-0.3922,0.1082,0.2667,-0.4367,0.1078,0.3396,-0.5066,0.1074,0.2969,0.0000,0.0751,0.0128,0.0162,0.0000,0.0000,0.1000,0.0266,0.0399,9.5514,11.3364
18.6240,0.0000,0.0000,0.1519,-0.1828,-0.0019,0.3130,-0.3910,-0.0041,0.2669,-0.3921,0.1082,0.2669,-0.4366,0.1078,0.3397,-0.5065,0.1074,0.2971,0.0000,0.0752,0.0123,0.0163,0.0000,0.0000,0.1000,0.0266,0.0399,9.5516,11.3366
18.6320,0.0000,0.0000,0.1519,-0.1827,-0.0019,0.3131,-0.3909,-0.0041,0.2670,-0.3921,0.1082,0.2670,-0.4365,0.1078,0.3399,-0.5065,0.1074,0.2972,0.0000,0.0753,0.0120,0.0163,0.0000,0.0000,0.1000,0.0266,0.0399,9.5519,11.3369
18.6400,0.0000,0.0000,0.1519,-0.1827,-0.0019,0.3131,-0.3909,-0.0041,0.2672,-0.3921,0.1082,0.2672,-0.4365,0.1078,0.3401,-0.5064,0.1074,0.2975,0.0000,0.0754,0.0114,0.0163,0.0000,0.0000,0.1000,0.0266,0.0399,9.5521,11.3372
18.6480,0.0000,0.0000,0.1519,-0.1826,-0.0019,0.3132,-0.3908,-0.0041,0.2673,-0.3920,0.1082,0.2673,-0.4364,0.1078,0.3402,-0.5064,0.1074,0.2976,0.0000,0.0756,0.0110,0.0163,0.0000,0.0000,0.1000,0.0266,0.0399,9.5523,11.3374
18.6560,0.0000,0.0000,0.1519,-0.1825,-0.0019,0.3133,-0.3908,-0.0041,0.2675,-0.3920,0.1083,0.2675,-0.4363,0.1078,0.3404,-0.5063,0.1075,0.2978,0.0000,0.0757,0.0105,0.0163,0.0000,0.0000,0.1000,0.0266,0.0399,9.5526,11.3377
18.6640,0.0000,0.0000,0.1519,-0.1825,-0.0019,0.3133,-0.3908,-0.0041,0.2676,-0.3919,0.1082,0.2676,-0.4362,0.1078,0.3406,-0.5062,0.1074,0.2980,0.0000,0.0758,0.0099,0.0163,0.0000,0.0000,0.1000,0.0266,0.0399,9.5528,11.3379
18.6720,0.0000,0.0000,0.1519,-0.1824,-0.0019,0.3134,-0.3907,-0.0041,0.2677,-0.3919,0.1083,0.2677,-0.4362,0.1078,0.3407,-0.5062,0.1075,0.2982,0.0000,0.0759,0.0094,0.0164,0.0000,0.0000,0.1000,0.0266,0.0399,9.5531,11.3383
18.6800,0.0000,0.0000,0.1519,-0.1824,-0.0019,0.3135,-0.3907,-0.0041,0.2679,-0.3919,0.1082,0.2679,-0.4361,0.1078,0.3409,-0.5061,0.1074,0.2984,0.0000,0.0760,0.0090,0.0164,0.0000,0.0000,0.1000,0.0266,0.0399,9.5532,11.3385
18.6880,0.0000,0.0000,0.1519,-0.1823,-0.0019,0.3135,-0.3907,-0.0041,0.2680,-0.3918,0.1082,0.2680,-0.4360,0.1078,0.3410,-0.5061,0.1074,0.2986,0.0000,0.0762,0.0083,0.0164,0.0000,0.0000,0.1000,0.0266,0.0399,9.5533,11.3386
18.6960,0.0000,0.0000,0.1519,-0.1823,-0.0019,0.3136,-0.3906,-0.0041,0.2681,-0.3918,0.1082,0.2681,-0.4360,0.1078,0.3412,-0.5060,0.1074,0.2988,0.0000,0.0763,0.0079,0.0164,0.0000,0.0000,0.1000,0.0266,0.0399,9.5537,11.3390
18.7040,0.0000,0.0000,0.1519,-0.1822,-0.0019,0.3136,-0.3906,-0.0041,0.2683,-0.3918,0.1082,0.2683,-0.4359,0.1078,0.3414,-0.5060,0.1074,0.2990,0.0000,0.0765,0.0072,0.0164,0.0000,0.0000,0.1000,0.0266,0.0399,9.5538,11.3391
18.7120,0.0000,0.0000,0.1519,-0.1822,-0.0019,0.3137,-0.3905,-0.0041,0.2684,-0.3917,0.1082,0.2684,-0.4358,0.1078,0.3415,-0.5059,0.1074,0.2992,0.0000,0.0766,0.0066,0.0165,0.0000,0.0000,0.1000,0.0266,0.0399,9.5540,11.3393
18.7200,0.0000,0.0000,0.1519,-0.1821,-0.0019,0.3138,-0.3905,-0.0041,0.2686,-0.3917,0.1082,0.2686,-0.4358,0.1078,0.3417,-0.5059,0.1074,0.2994,0.0000,0.0768,0.0059,0.0165,0.0000,0.0000,0.1000,0.0266,0.0399,9.5543,11.3397
18.7280,0.0000,0.0000,0.1519,-0.1821,-0.0019,0.3138,-0.3905,-0.0041,0.2687,-0.3916,0.1082,0.2687,-0.4357,0.1078,0.3418,-0.5058,0.1074,0.2996,0.0000,0.0769,0.0052,0.0165,0.0000,0.0000,0.1000,0.0266,0.0399,9.5545,11.3399
18.7360,0.0000,0.0000,0.1519,-0.1820,-0.0019,0.3139,-0.3904,-0.0041,0.2689,-0.3916,0.1082,0.2689,-0.4356,0.1078,0.3420,-0.5058,0.1074,0.2998,0.0000,0.0770,0.0046,0.0165,0.0000,0.0000,0.1000,0.0266,0.0399,9.5546,11.3400
18.7440,0.0000,0.0000,0.1519,-0.1819,-0.0019,0.3139,-0.3904,-0.0041,0.2690,-0.3916,0.1082,0.2690,-0.4355,0.1078,0.3422,-0.5057,0.1074,0.3000,0.0000,0.0772,0.0037,0.0165,0.0000,0.0000,0.1000,0.0266,0.0399,9.5548,11.3403
18.7520,0.0000,0.0000,0.1519,-0.1819,-0.0019,0.3140,-0.3904,-0.0041,0.2692,-0.3915,0.1083,0.2692,-0.4355,0.1078,0.3423,-0.5057,0.1075,0.3002,0.0000,0.0773,0.0030,0.0165,0.0000,0.0000,0.1000,0.0266,0.0399,9.5552,11.3407
18.7600,0.0000,0.0000,0.1519,-0.1818,-0.0019,0.3141,-0.3903,-0.0041,0.2693,-0.3915,0.1083,0.2693,-0.4354,0.1078,0.3425,-0.5056,0.1075,0.3004,0.0000,0.0774,0.0022,0.0165,0.0000,0.0000,0.1000,0.0266,0.0399,9.5553,11.3409
18.7680,0.0000,0.0000,0.1519,-0.1818,-0.0019,0.3141,-0.3903,-0.0041,0.2694,-0.3915,0.1082,0.2694,-0.4353,0.1078,0.3427,-0.5056,0.1074,0.3006,0.0000,0.0775,0.0013,0.0166,0.0000,0.0000,0.1000,0.0266,0.0399,9.5555,11.3411
18.7760,0.0000,0.0000,0.1519,-0.1817,-0.0019,0.3142,-0.3902,-0.0041,0.2696,-0.3914,0.1082,0.2696,-0.4353,0.1078,0.3428,-0.5055,0.1074,0.3007,0.0000,0.0776,0.0006,0.0166,0.0000,0.0000,0.1000,0.0266,0.0399,9.5557,11.3413
18.7840,0.0000,0.0000,0.1519,-0.1817,-0.0019,0.3142,-0.3902,-0.0041,0.2697,-0.3914,0.1082,0.2697,-0.4352,0.1078,0.3430,-0.5055,0.1074,0.3009,0.0000,0.0777,-0.0003,0.0166,0.0000,0.0000,0.1000,0.0266,0.0399,9.5560,11.3416
18.7920,0.0000,0.0000,0.1519,-0.1816,-0.0019,0.3143,-0.3902,-0.0041,0.2699,-0.3913,0.1082,0.2699,-0.4351,0.1078,0.3431,-0.5054,0.1074,0.3011,0.0000,0.0778,-0.0013,0.0166,0.0000,0.0000,0.1000,0.0266,0.0399,9.5562,11.3419
18.8000,0.0000,0.0000,0.1519,-0.1816,-0.0019,0.3144,-0.3901,-0.0041,0.2700,-0.3913,0.1082,0.2700,-0.4350,0.1078,0.3433,-0.5054,0.1074,0.3013,0.0000,0.0778,-0.0022,0.0166,0.0000,0.0000,0.1000,0.0266,0.0399,9.5563,11.3420
18.8080,0.0000,0.0000,0.1519,-0.1815,-0.0019,0.3144,-0.3901,-0.0041,0.2701,-0.3913,0.1082,0.2701,-0.4350,0.1078,0.3435,-0.5053,0.1074,0.3015,0.0000,0.0779,-0.0033,0.0165,0.0000,0.0000,0.1000,0.0266,0.0399,9.5566,11.3423
18.8160,0.0000,0.0000,0.1519,-0.1814,-0.0019,0.3145,-0.3900,-0.0041,0.2703,-0.3912,0.1083,0.2703,-0.4349,0.1078,0.3436,-0.5053,0.1075,0.3017,0.0000,0.0779,-0.0044,0.0165,0.0000,0.0000,0.1000,0.0266,0.0399,9.5569,11.3427
18.8240,0.0000,0.0000,0.1519,-0.1814,-0.0019,0.3146,-0.3900,-0.0041,0.2704,-0.3912,0.1082,0.2704,-0.4348,0.1078,0.3438,-0.5052,0.1074,0.3019,0.0000,0.0779,-0.0055,0.0165,0.0000,0.0000,0.1000,0.0266,0.0399,9.5571,11.3429
18.8320,0.0000,0.0000,0.1519,-0.1813,-0.0019,0.3146,-0.3900,-0.0041,0.2705,-0.3912,0.1082,0.2705,-0.4348,0.1078,0.3439,-0.5052,0.1074,0.3021,0.0000,0.0778,-0.0064,0.0165,0.0000,0.0000,0.1000,0.0266,0.0399,9.5573,11.3431
18.8400,0.0000,0.0000,0.1519,-0.1813,-0.0019,0.3147,-0.3899,-0.0041,0.2707,-0.3911,0.1082,0.2707,-0.4347,0.1078,0.3440,-0.5051,0.1074,0.3022,0.0000,0.0777,-0.0074,0.0164,0.0000,0.0000,0.1000,0.0266,0.0399,9.5576,11.3435
18.8480,0.0000,0.0000,0.1519,-0.1812,-0.0019,0.3147,-0.3899,-0.0041,0.2708,-0.3911,0.1082,0.2708,-0.4346,0.1078,0.3442,-0.5050,0.1074,0.3024,0.0000,0.0776,-0.0088,0.0164,0.0000,0.0000,0.1000,0.0266,0.0399,9.5578,11.3438
18.8560,0.0000,0.0000,0.1519,-0.1812,-0.0019,0.3148,-0.3899,-0.0041,0.2709,-0.3910,0.1082,0.2709,-0.4345,0.1078,0.3444,-0.5050,0.1074,0.3026,0.0000,0.0775,-0.0100,0.0163,0.0000,0.0000,0.1000,0.0266,0.0399,9.5580,11.3440
18.8640,0.0000,0.0000,0.1519,-0.1811,-0.0019,0.3149,-0.3898,-0.0041,0.2711,-0.3910,0.1082,0.2711,-0.4345,0.1078,0.3445,-0.5049,0.1074,0.3028,0.0000,0.0773,-0.0113,0.0163,0.0000,0.0000,0.1000,0.0266,0.0399,9.5582,11.3442
18.8720,0.0000,0.0000,0.1519,-0.1811,-0.0019,0.3149,-0.3898,-0.0041,0.2712,-0.3910,0.1082,0.2712,-0.4344,0.1078,0.3447,-0.5049,0.1074,0.3030,0.0000,0.0770,-0.0127,0.0162,0.0000,0.0000,0.1000,0.0266,0.0399,9.5585,11.3445
18.8800,0.0000,0.0000,0.1519,-0.1810,-0.0019,0.3150,-0.3897,-0.0041,0.2714,-0.3909,0.1082,0.2714,-0.4343,0.1078,0.3448,-0.5048,0.1074,0.3032,0.0000,0.0768,-0.0141,0.0161,0.0000,0.0000,0.1000,0.0266,0.0399,9.5588,11.3448
18.8880,0.0000,0.0000,0.1519,-0.1809,-0.0019,0.3151,-0.3897,-0.0041,0.2715,-0.3909,0.1083,0.2715,-0.4342,0.1078,0.3450,-0.5048,0.1075,0.3034,0.0000,0.0764,-0.0156,0.0160,0.0000,0.0000,0.1000,0.0266,0.0399,9.5590,11.3451
18.8960,0.0000,0.0000,0.1519,-0.1809,-0.0019,0.3151,-0.3896,-0.0041,0.2716,-0.3908,0.1083,0.2716,-0.4342,0.1078,0.3451,-0.5047,0.1075,0.3035,0.0000,0.0760,-0.0170,0.0159,0.0000,0.0000,0.1000,0.0266,0.0399,9.5593,11.3454
18.9040,0.0000,0.0000,0.1519,-0.1808,-0.0019,0.3152,-0.3896,-0.0041,0.2718,-0.3908,0.1083,0.2718,-0.4341,0.1078,0.3453,-0.5047,0.1075,0.3037,0.0000,0.0755,-0.0187,0.0157,0.0000,0.0000,0.1000,0.0266,0.0399,9.5596,11.3458
18.9120,0.0000,0.0000,0.1519,-0.1808,-0.0019,0.3153,-0.3896,-0.0041,0.2719,-0.3907,0.1083,0.2719,-0.4340,0.1078,0.3455,-0.5046,0.1075,0.3039,0.0000,0.0750,-0.0204,0.0156,0.0000,0.0000,0.1000,0.0266,0.0399,9.5598,11.3460
18.9200,0.0000,0.0000,0.1519,-0.1807,-0.0019,0.3153,-0.3895,-0.0041,0.2721,-0.3907,0.1082,0.2721,-0.4339,0.1078,0.3457,-0.5046,0.1074,0.3042,0.0000,0.0743,-0.0223,0.0154,0.0000,0.0000,0.1000,0.0266,0.0399,9.5600,11.3462
18.9280,0.0000,0.0000,0.1519,-0.1806,-0.0019,0.3154,-0.3895,-0.0041,0.2722,-0.3906,0.1083,0.2722,-0.4339,0.1078,0.3458,-0.5045,0.1075,0.3043,0.0000,0.0736,-0.0241,0.0152,0.0000,0.0000,0.1000,0.0266,0.0399,9.5603,11.3466
18.9360,0.0000,0.0000,0.1519,-0.1806,-0.0019,0.3155,-0.3894,-0.0041,0.2724,-0.3906,0.1083,0.2724,-0.4338,0.1078,0.3460,-0.5044,0.1075,0.3045,0.0000,0.0729,-0.0258,0.0150,0.0000,0.0000,0.1000,0.0266,0.0399,9.5606,11.3469
18.9440,0.0000,0.0000,0.1519,-0.1805,-0.0019,0.3155,-0.3894,-0.0041,0.2725,-0.3906,0.1082,0.2725,-0.4337,0.1078,0.3461,-0.5044,0.1074,0.3047,0.0000,0.0721,-0.0274,0.0148,0.0000,0.0000,0.1000,0.0266,0.0399,9.5608,11.3472
18.9520,0.0000,0.0000,0.1519,-0.1805,-0.0019,0.3156,-0.3893,-0.0041,0.2726,-0.3905,0.1083,0.2726,-0.4337,0.1078,0.3463,-0.5043,0.1075,0.3049,0.0000,0.0711,-0.0294,0.0146,0.0000,0.0000,0.1000,0.0266,0.0399,9.5610,11.3474
18.9600,0.0000,0.0000,0.1519,-0.1804,-0.0019,0.3156,-0.3893,-0.0041,0.2727,-0.3905,0.1082,0.2727,-0.4336,0.1078,0.3464,-0.5043,0.1074,0.3050,0.0000,0.0704,-0.0308,0.0144,0.0000,0.0000,0.1000,0.0266,0.0399,9.5612,11.3476
18.9680,0.0000,0.0000,0.1519,-0.1804,-0.0019,0.3157,-0.3893,-0.0041,0.2729,-0.3904,0.1083,0.2729,-0.4335,0.1078,0.3465,-0.5042,0.1075,0.3052,0.0000,0.0691,-0.0329,0.0141,0.0000,0.0000,0.1000,0.0266,0.0399,9.5616,11.3481
18.9760,0.0000,0.0000,0.1519,-0.1803,-0.0019,0.3158,-0.3892,-0.0041,0.2730,-0.3904,0.1082,0.2730,-0.4334,0.1078,0.3467,-0.5042,0.1074,0.3054,0.0000,0.0679,-0.0349,0.0138,0.0000,0.0000,0.1000,0.0266,0.0399,9.5617,11.3483
18.9840,0.0000,0.0000,0.1519,-0.1803,-0.0019,0.3158,-0.3892,-0.0041,0.2731,-0.3904,0.1083,0.2731,-0.4334,0.1078,0.3468,-0.5041,0.1075,0.3056,0.0000,0.0667,-0.0368,0.0135,0.0000,0.0000,0.1000,0.0266,0.0399,9.5620,11.3486
18.9920,0.0000,0.0000,0.1519,-0.1802,-0.0019,0.3159,-0.3891,-0.0041,0.2733,-0.3903,0.1083,0.2733,-0.4333,0.1078,0.3470,-0.5041,0.1075,0.3058,0.0000,0.0651,-0.0390,0.0131,0.0000,0.0000,0.1000,0.0266,0.0399,9.5622,11.3488
19.0000,0.0000,0.0000,0.1519,-0.1801,-0.0019,0.3159,-0.3891,-0.0041,0.2734,-0.3903,0.1083,0.2734,-0.4332,0.1078,0.3472,-0.5040,0.1075,0.3059,0.0000,0.0636,-0.0409,0.0127,0.0000,0.0000,0.1000,0.0266,0.0399,9.5625,11.3491
19.0080,0.0000,0.0000,0.1519,-0.1801,-0.0019,0.3160,-0.3891,-0.0041,0.2736,-0.3902,0.1082,0.2736,-0.4331,0.1078,0.3473,-0.5039,0.1074,0.3061,0.0000,0.0618,-0.0433,0.0123,0.0000,0.0000,0.1000,0.0266,0.0399,9.5627,11.3493
19.0160,0.0000,0.0000,0.1519,-0.1800,-0.0019,0.3161,-0.3890,-0.0041,0.2736,-0.3902,0.1083,0.2736,-0.4331,0.1078,0.3474,-0.5039,0.1075,0.3063,0.0000,0.0606,-0.0446,0.0120,0.0000,0.0000,0.1000,0.0266,0.0399,9.5629,11.3496
19.0240,0.0000,0.0000,0.1519,-0.1800,-0.0019,0.3161,-0.3890,-0.0041,0.2738,-0.3901,0.1083,0.2738,-0.4330,0.1078,0.3476,-0.5038,0.1075,0.3065,0.0000,0.0585,-0.0470,0.0115,0.0000,0.0000,0.1000,0.0266,0.0399,9.5632,11.3500
19.0320,0.0000,0.0000,0.1519,-0.1799,-0.0019,0.3162,-0.3889,-0.0041,0.2739,-0.3901,0.1083,0.2739,-0.4329,0.1078,0.3478,-0.5038,0.1075,0.3067,0.0000,0.0565,-0.0491,0.0110,0.0000,0.0000,0.1000,0.0266,0.0399,9.5635,11.3503
19.0400,0.0000,0.0000,0.1519,-0.1799,-0.0019,0.3163,-0.3889,-0.0041,0.2740,-0.3901,0.1083,0.2740,-0.4329,0.1078,0.3479,-0.5037,0.1075,0.3068,0.0000,0.0548,-0.0507,0.0106,0.0000,0.0000,0.1000,0.0266,0.0399,9.5639,11.3507
19.0480,0.0000,0.0000,0.1519,-0.1798,-0.0019,0.3163,-0.3888,-0.0041,0.2742,-0.3900,0.1083,0.2742,-0.4328,0.1078,0.3481,-0.5037,0.1075,0.3070,0.0000,0.0524,-0.0530,0.0101,0.0000,0.0000,0.1000,0.0266,0.0399,9.5640,11.3509
19.0560,0.0000,0.0000,0.1519,-0.1797,-0.0019,0.3164,-0.3888,-0.0041,0.2743,-0.3900,0.1083,0.2743,-0.4327,0.1078,0.3482,-0.5036,0.1075,0.3072,0.0000,0.0501,-0.0550,0.0096,0.0000,0.0000,0.1000,0.0266,0.0399,9.5643,11.3512
19.0640,0.0000,0.0000,0.1519,-0.1797,-0.0019,0.3164,-0.3888,-0.0041,0.2744,-0.3899,0.1083,0.2744,-0.4327,0.1078,0.3483,-0.5036,0.1075,0.3073,0.0000,0.0482,-0.0566,0.0091,0.0000,0.0000,0.1000,0.0266,0.0399,9.5645,11.3514
19.0720,0.0000,0.0000,0.1519,-0.1796,-0.0019,0.3165,-0.3887,-0.0041,0.2745,-0.3899,0.1083,0.2745,-0.4326,0.1078,0.3484,-0.5035,0.1075,0.3075,0.0000,0.0462,-0.0582,0.0087,0.0000,0.0000,0.1000,0.0266,0.0399,9.5647,11.3517
19.0800,0.0000,0.0000,0.1519,-0.1796,-0.0019,0.3166,-0.3887,-0.0041,0.2747,-0.3898,0.1083,0.2747,-0.4325,0.1078,0.3486,-0.5034,0.1075,0.3076,0.0000,0.0439,-0.0598,0.0081,0.0000,0.0000,0.1000,0.0266,0.0399,9.5651,11.3521
19.0880,0.0000,0.0000,0.1519,-0.1795,-0.0019,0.3166,-0.3886,-0.0041,0.2748,-0.3898,0.1083,0.2748,-0.4324,0.1078,0.3487,-0.5034,0.1075,0.3078,0.0000,0.0416,-0.0614,0.0076,0.0000,0.0000,0.1000,0.0266,0.0399,9.5653,11.3524
19.0960,0.0000,0.0000,0.1519,-0.1795,-0.0019,0.3167,-0.3886,-0.0041,0.2749,-0.3898,0.1083,0.2749,-0.4324,0.1078,0.3489,-0.5033,0.1075,0.3080,0.0000,0.0388,-0.0633,0.0070,0.0000,0.0000,0.1000,0.0266,0.0399,9.5656,11.3527
19.1040,0.0000,0.0000,0.1519,-0.1794,-0.0019,0.3167,-0.3885,-0.0041,0.2750,-0.3897,0.1083,0.2750,-0.4323,0.1078,0.3490,-0.5033,0.1075,0.3081,0.0000,0.0369,-0.0645,0.0065,0.0000,0.0000,0.1000,0.0266,0.0399,9.5659,11.3531
19.1120,0.0000,0.0000,0.1519,-0.1794,-0.0019,0.3168,-0.3885,-0.0041,0.2751,-0.3897,0.1083,0.2751,-0.4322,0.1078,0.3491,-0.5032,0.1075,0.3082,0.0000,0.0348,-0.0657,0.0061,0.0000,0.0000,0.1000,0.0266,0.0399,9.5663,11.3535
19.1200,0.0000,0.0000,0.1519,-0.1793,-0.0019,0.3169,-0.3885,-0.0041,0.2753,-0.3896,0.1083,0.2753,-0.4322,0.1078,0.3493,-0.5032,0.1075,0.3084,0.0000,0.0317,-0.0674,0.0054,0.0000,0.0000,0.1000,0.0266,0.0399,9.5664,11.3536
19.1280,0.0000,0.0000,0.1519,-0.1793,-0.0019,0.3169,-0.3884,-0.0041,0.2754,-0.3896,0.1083,0.2754,-0.4321,0.1078,0.3494,-0.5031,0.1075,0.3086,0.0000,0.0292,-0.0687,0.0048,0.0000,0.0000,0.1000,0.0266,0.0399,9.5667,11.3540
19.1360,0.0000,0.0000,0.1519,-0.1792,-0.0019,0.3170,-0.3884,-0.0041,0.2755,-0.3895,0.1083,0.2755,-0.4320,0.1078,0.3495,-0.5031,0.1075,0.3087,0.0000,0.0268,-0.0699,0.0043,0.0000,0.0000,0.1000,0.0266,0.0399,9.5670,11.3543
19.1440,0.0000,0.0000,0.1519,-0.1791,-0.0019,0.3170,-0.3883,-0.0041,0.2756,-0.3895,0.1083,0.2756,-0.4320,0.1078,0.3497,-0.5030,0.1075,0.3089,0.0000,0.0242,-0.0710,0.0037,0.0000,0.0000,0.1000,0.0266,0.0399,9.5673,11.3546
19.1520,0.0000,0.0000,0.1519,-0.1791,-0.0019,0.3171,-0.3883,-0.0041,0.2757,-0.3895,0.1083,0.2757,-0.4319,0.1078,0.3498,-0.5029,0.1075,0.3091,0.0000,0.0215,-0.0722,0.0031,0.0000,0.0000,0.1000,0.0266,0.0399,9.5675,11.3549
19.1600,0.0000,0.0000,0.1519,-0.1790,-0.0019,0.3172,-0.3882,-0.0041,0.2759,-0.3894,0.1083,0.2759,-0.4318,0.1078,0.3499,-0.5029,0.1075,0.3092,0.0000,0.0189,-0.0732,0.0025,0.0000,0.0000,0.1000,0.0266,0.0399,9.5678,11.3553
19.1680,0.0000,0.0000,0.1519,-0.1790,-0.0019,0.3172,-0.3882,-0.0041,0.2760,-0.3894,0.1083,0.2760,-0.4318,0.1078,0.3500,-0.5028,0.1075,0.3094,0.0000,0.0168,-0.0739,0.0021,0.0000,0.0000,0.1000,0.0266,0.0399,9.5681,11.3555
19.1760,0.0000,0.0000,0.1519,-0.1789,-0.0019,0.3173,-0.3881,-0.0041,0.2761,-0.3893,0.1082,0.2761,-0.4317,0.1078,0.3502,-0.5028,0.1074,0.3095,0.0000,0.0140,-0.0749,0.0015,0.0000,0.0000,0.1000,0.0266,0.0399,9.5683,11.3558
19.1840,0.0000,0.0000,0.1519,-0.1789,-0.0019,0.3173,-0.3881,-0.0041,0.2762,-0.3893,0.1083,0.2762,-0.4316,0.1078,0.3503,-0.5027,0.1075,0.3097,0.0000,0.0116,-0.0755,0.0009,0.0000,0.0000,0.1000,0.0266,0.0399,9.5687,11.3563
19.1920,0.0000,0.0000,0.1519,-0.1788,-0.0019,0.3174,-0.3881,-0.0041,0.2763,-0.3892,0.1083,0.2763,-0.4316,0.1078,0.3504,-0.5027,0.1075,0.3098,0.0000,0.0099,-0.0760,0.0006,0.0000,0.0000,0.1000,0.0266,0.0399,9.5689,11.3565
19.2000,0.0000,0.0000,0.1519,-0.1788,-0.0019,0.3174,-0.3880,-0.0041,0.2764,-0.3892,0.1083,0.2764,-0.4315,0.1078,0.3506,-0.5026,0.1075,0.3100,0.0000,0.0068,-0.0767,-0.0001,0.0000,0.0000,0.1000,0.0266,0.0399,9.5691,11.3567
19.2080,0.0000,0.0000,0.1519,-0.1787,-0.0019,0.3175,-0.3880,-0.0041,0.2765,-0.3891,0.1083,0.2765,-0.4314,0.1078,0.3507,-0.5026,0.1075,0.3101,0.0000,0.0048,-0.0771,-0.0005,0.0000,0.0000,0.1000,0.0266,0.0399,9.5696,11.3573
19.2160,0.0000,0.0000,0.1519,-0.1787,-0.0019,0.3176,-0.3879,-0.0041,0.2766,-0.3891,0.1083,0.2766,-0.4313,0.1078,0.3508,-0.5025,0.1075,0.3103,0.0000,0.0026,-0.0775,-0.0010,0.0000,0.0000,0.1000,0.0266,0.0399,9.5698,11.3575
19.2240,0.0000,0.0000,0.1519,-0.1786,-0.0019,0.3176,-0.3879,-0.0041,0.2768,-0.3891,0.1083,0.2768,-0.4313,0.1078,0.3510,-0.5024,0.1075,0.3105,0.0000,0.0001,-0.0779,-0.0016,0.0000,0.0000,0.1000,0.0266,0.0399,9.5700,11.3578
19.2320,0.0000,0.0000,0.1519,-0.1785,-0.0019,0.3177,-0.3878,-0.0041,0.2769,-0.3890,0.1083,0.2769,-0.4312,0.1078,0.3511,-0.5024,0.1075,0.3106,0.0000,-0.0018,-0.0781,-0.0019,0.0000,0.0000,0.1000,0.0266,0.0399,9.5704,11.3582
19.2400,0.0000,0.0000,0.1519,-0.1785,-0.0019,0.3177,-0.3878,-0.0041,0.2770,-0.3890,0.1083,0.2770,-0.4311,0.1078,0.3512,-0.5023,0.1075,0.3107,0.0000,-0.0039,-0.0783,-0.0024,0.0000,0.0000,0.1000,0.0266,0.0399,9.5706,11.3585
19.2480,0.0000,0.0000,0.1519,-0.1784,-0.0019,0.3178,-0.3877,-0.0041,0.2771,-0.3889,0.1083,0.2771,-0.4311,0.1078,0.3513,-0.5023,0.1075,0.3109,0.0000,-0.0057,-0.0784,-0.0028,0.0000,0.0000,0.1000,0.0266,0.0399,9.5709,11.3588
19.2560,0.0000,0.0000,0.1519,-0.1784,-0.0019,0.3179,-0.3877,-0.0041,0.2772,-0.3889,0.1083,0.2772,-0.4310,0.1078,0.3514,-0.5022,0.1075,0.3110,0.0000,-0.0079,-0.0785,-0.0033,0.0000,0.0000,0.1000,0.0266,0.0399,9.5712,11.3591
19.2640,0.0000,0.0000,0.1519,-0.1783,-0.0019,0.3179,-0.3877,-0.0041,0.2773,-0.3888,0.1083,0.2773,-0.4309,0.1078,0.3515,-0.5022,0.1075,0.3112,0.0000,-0.0095,-0.0785,-0.0036,0.0000,0.0000,0.1000,0.0266,0.0399,9.5716,11.3596
19.2720,0.0000,0.0000,0.1519,-0.1783,-0.0019,0.3180,-0.3876,-0.0041,0.2774,-0.3888,0.1083,0.2774,-0.4309,0.1078,0.3517,-0.5021,0.1075,0.3113,0.0000,-0.0112,-0.0784,-0.0040,0.0000,0.0000,0.1000,0.0266,0.0399,9.5718,11.3598
19.2800,0.0000,0.0000,0.1519,-0.1782,-0.0019,0.3180,-0.3876,-0.0041,0.2775,-0.3887,0.1083,0.2775,-0.4308,0.1078,0.3518,-0.5021,0.1075,0.3115,0.0000,-0.0132,-0.0783,-0.0044,0.0000,0.0000,0.1000,0.0266,0.0399,9.5721,11.3602
19.2880,0.0000,0.0000,0.1519,-0.1782,-0.0019,0.3181,-0.3875,-0.0041,0.2776,-0.3887,0.1083,0.2776,-0.4307,0.1078,0.3519,-0.5020,0.1075,0.3116,0.0000,-0.0145,-0.0782,-0.0047,0.0000,0.0000,0.1000,0.0266,0.0399,9.5725,11.3606
19.2960,0.0000,0.0000,0.1519,-0.1781,-0.0019,0.3182,-0.3875,-0.0041,0.2777,-0.3887,0.1083,0.2777,-0.4307,0.1078,0.3520,-0.5020,0.1075,0.3117,0.0000,-0.0161,-0.0780,-0.0050,0.0000,0.0000,0.1000,0.0266,0.0399,9.5728,11.3610
19.3040,0.0000,0.0000,0.1519,-0.1780,-0.0019,0.3182,-0.3874,-0.0041,0.2779,-0.3886,0.1083,0.2779,-0.4306,0.1078,0.3522,-0.5019,0.1075,0.3119,0.0000,-0.0179,-0.0777,-0.0054,0.0000,0.0000,0.1000,0.0266,0.0399,9.5732,11.3615
19.3120,0.0000,0.0000,0.1519,-0.1780,-0.0019,0.3183,-0.3874,-0.0041,0.2780,-0.3886,0.1083,0.2780,-0.4305,0.1078,0.3523,-0.5018,0.1075,0.3120,0.0000,-0.0194,-0.0775,-0.0057,0.0000,0.0000,0.1000,0.0266,0.0399,9.5734,11.3618
19.3200,0.0000,0.0000,0.1519,-0.1779,-0.0019,0.3183,-0.3873,-0.0041,0.2780,-0.3885,0.1083,0.2780,-0.4305,0.1078,0.3524,-0.5018,0.1075,0.3121,0.0000,-0.0205,-0.0772,-0.0059,0.0000,0.0000,0.1000,0.0266,0.0399,9.5737,11.3621
19.3280,0.0000,0.0000,0.1519,-0.1779,-0.0019,0.3184,-0.3873,-0.0041,0.2782,-0.3885,0.1083,0.2782,-0.4304,0.1078,0.3525,-0.5017,0.1075,0.3123,0.0000,-0.0219,-0.0769,-0.0062,0.0000,0.0000,0.1000,0.0266,0.0399,9.5740,11.3624
19.3360,0.0000,0.0000,0.1519,-0.1778,-0.0019,0.3185,-0.3872,-0.0041,0.2783,-0.3884,0.1083,0.2783,-0.4303,0.1078,0.3526,-0.5017,0.1075,0.3124,0.0000,-0.0232,-0.0765,-0.0065,0.0000,0.0000,0.1000,0.0266,0.0399,9.5744,11.3628
19.3440,0.0000,0.0000,0.1519,-0.1778,-0.0019,0.3185,-0.3872,-0.0041,0.2784,-0.3884,0.1083,0.2784,-0.4303,0.1078,0.3527,-0.5016,0.1075,0.3125,0.0000,-0.0243,-0.0762,-0.0067,0.0000,0.0000,0.1000,0.0266,0.0399,9.5747,11.3632
19.3520,0.0000,0.0000,0.1519,-0.1777,-0.0019,0.3186,-0.3871,-0.0041,0.2785,-0.3883,0.1083,0.2785,-0.4302,0.1078,0.3528,-0.5016,0.1075,0.3127,0.0000,-0.0254,-0.0759,-0.0070,0.0000,0.0000,0.1000,0.0266,0.0399,9.5750,11.3635
19.3600,0.0000,0.0000,0.1519,-0.1777,-0.0019,0.3186,-0.3871,-0.0041,0.2785,-0.3883,0.1083,0.2785,-0.4301,0.1078,0.3529,-0.5015,0.1075,0.3128,0.0000,-0.0262,-0.0755,-0.0071,0.0000,0.0000,0.1000,0.0266,0.0399,9.5753,11.3639
19.3680,0.0000,0.0000,0.1519,-0.1776,-0.0019,0.3187,-0.3871,-0.0041,0.2787,-0.3882,0.1083,0.2787,-0.4301,0.1078,0.3531,-0.5015,0.1075,0.3129,0.0000,-0.0275,-0.0751,-0.0074,0.0000,0.0000,0.1000,0.0266,0.0399,9.5756,11.3643
19.3760,0.0000,0.0000,0.1519,-0.1776,-0.0019,0.3187,-0.3870,-0.0041,0.2788,-0.3882,0.1083,0.2788,-0.4300,0.1078,0.3532,-0.5014,0.1075,0.3131,0.0000,-0.0285,-0.0747,-0.0076,0.0000,0.0000,0.1000,0.0266,0.0399,9.5759,11.3646
19.3840,0.0000,0.0000,0.1519,-0.1775,-0.0019,0.3188,-0.3870,-0.0041,0.2788,-0.3881,0.1083,0.2788,-0.4299,0.1078,0.3533,-0.5013,0.1075,0.3132,0.0000,-0.0292,-0.0743,-0.0077,0.0000,0.0000,0.1000,0.0266,0.0399,9.5763,11.3651
19.3920,0.0000,0.0000,0.1519,-0.1775,-0.0019,0.3189,-0.3869,-0.0041,0.2789,-0.3881,0.1083,0.2789,-0.4299,0.1078,0.3534,-0.5013,0.1075,0.3133,0.0000,-0.0301,-0.0738,-0.0079,0.0000,0.0000,0.1000,0.0266,0.0399,9.5766,11.3654
19.4000,0.0000,0.0000,0.1519,-0.1774,-0.0019,0.3189,-0.3869,-0.0041,0.2791,-0.3880,0.1083,0.2791,-0.4298,0.1078,0.3535,-0.5012,0.1075,0.3135,0.0000,-0.0312,-0.0733,-0.0081,0.0000,0.0000,0.1000,0.0266,0.0399,9.5770,11.3658
19.4080,0.0000,0.0000,0.1519,-0.1773,-0.0019,0.3190,-0.3868,-0.0040,0.2791,-0.3880,0.1083,0.2791,-0.4297,0.1079,0.3536,-0.5012,0.1075,0.3135,0.0000,-0.0317,-0.0729,-0.0082,0.0000,0.0000,0.1000,0.0266,0.0399,9.5773,11.3663
19.4160,0.0000,0.0000,0.1519,-0.1773,-0.0019,0.3190,-0.3868,-0.0041,0.2792,-0.3880,0.1083,0.2792,-0.4297,0.1078,0.3537,-0.5011,0.1075,0.3137,0.0000,-0.0325,-0.0724,-0.0084,0.0000,0.0000,0.1000,0.0266,0.0399,9.5776,11.3666
19.4240,0.0000,0.0000,0.1519,-0.1772,-0.0019,0.3191,-0.3867,-0.0041,0.2793,-0.3879,0.1083,0.2793,-0.4296,0.1079,0.3538,-0.5011,0.1075,0.3138,0.0000,-0.0333,-0.0720,-0.0085,0.0000,0.0000,0.1000,0.0266,0.0399,9.5779,11.3669
19.4320,0.0000,0.0000,0.1519,-0.1772,-0.0019,0.3191,-0.3867,-0.0041,0.2794,-0.3879,0.1083,0.2794,-0.4295,0.1078,0.3539,-0.5010,0.1075,0.3139,0.0000,-0.0341,-0.0715,-0.0087,0.0000,0.0000,0.1000,0.0266,0.0399,9.5781,11.3672
19.4400,0.0000,0.0000,0.1519,-0.1771,-0.0019,0.3192,-0.3866,-0.0041,0.2795,-0.3878,0.1083,0.2795,-0.4295,0.1078,0.3540,-0.5010,0.1075,0.3141,0.0000,-0.0347,-0.0710,-0.0088,0.0000,0.0000,0.1000,0.0266,0.0399,9.5785,11.3676
19.4480,0.0000,0.0000,0.1519,-0.1771,-0.0019,0.3192,-0.3866,-0.0041,0.2797,-0.3878,0.1083,0.2797,-0.4294,0.1078,0.3542,-0.5009,0.1075,0.3142,0.0000,-0.0355,-0.0705,-0.0090,0.0000,0.0000,0.1000,0.0266,0.0399,9.5787,11.3678
19.4560,0.0000,0.0000,0.1519,-0.1770,-0.0019,0.3193,-0.3866,-0.0041,0.2798,-0.3877,0.1083,0.2798,-0.4293,0.1079,0.3543,-0.5009,0.1075,0.3144,0.0000,-0.0361,-0.0700,-0.0091,0.0000,0.0000,0.1000,0.0266,0.0399,9.5790,11.3682
19.4640,0.0000,0.0000,0.1519,-0.1770,-0.0019,0.3194,-0.3865,-0.0041,0.2798,-0.3877,0.1083,0.2798,-0.4293,0.1078,0.3544,-0.5008,0.1075,0.3145,0.0000,-0.0366,-0.0695,-0.0092,0.0000,0.0000,0.1000,0.0266,0.0399,9.5793,11.3686
19.4720,0.0000,0.0000,0.1519,-0.1769,-0.0019,0.3194,-0.3865,-0.0041,0.2799,-0.3877,0.1083,0.2799,-0.4292,0.1078,0.3545,-0.5007,0.1075,0.3146,0.0000,-0.0372,-0.0690,-0.0093,0.0000,0.0000,0.1000,0.0266,0.0399,9.5796,11.3689
19.4800,0.0000,0.0000,0.1519,-0.1769,-0.0019,0.3195,-0.3864,-0.0041,0.2801,-0.3876,0.1083,0.2801,-0.4291,0.1078,0.3546,-0.5007,0.1075,0.3148,0.0000,-0.0378,-0.0685,-0.0094,0.0000,0.0000,0.1000,0.0266,0.0399,9.5800,11.3693
19.4880,0.0000,0.0000,0.1519,-0.1768,-0.0019,0.3195,-0.3864,-0.0041,0.2801,-0.3876,0.1083,0.2801,-0.4291,0.1079,0.3547,-0.5006,0.1075,0.3148,0.0000,-0.0381,-0.0682,-0.0095,0.0000,0.0000,0.1000,0.0266,0.0399,9.5804,11.3698
19.4960,0.0000,0.0000,0.1519,-0.1768,-0.0019,0.3196,-0.3863,-0.0041,0.2802,-0.3875,0.1083,0.2802,-0.4290,0.1078,0.3548,-0.5006,0.1075,0.3150,0.0000,-0.0386,-0.0677,-0.0096,0.0000,0.0000,0.1000,0.0266,0.0399,9.5806,11.3701
19.5040,0.0000,0.0000,0.1519,-0.1767,-0.0019,0.3196,-0.3863,-0.0041,0.2803,-0.3875,0.1083,0.2803,-0.4290,0.1079,0.3549,-0.5005,0.1075,0.3151,0.0000,-0.0390,-0.0672,-0.0097,0.0000,0.0000,0.1000,0.0266,0.0399,9.5810,11.3705
19.5120,0.0000,0.0000,0.1519,-0.1766,-0.0019,0.3197,-0.3862,-0.0040,0.2804,-0.3874,0.1083,0.2804,-0.4289,0.1079,0.3550,-0.5005,0.1075,0.3152,0.0000,-0.0394,-0.0667,-0.0098,0.0000,0.0000,0.1000,0.0266,0.0399,9.5814,11.3709
19.5200,0.0000,0.0000,0.1519,-0.1766,-0.0019,0.3198,-0.3862,-0.0040,0.2805,-0.3874,0.1083,0.2805,-0.4288,0.1079,0.3551,-0.5004,0.1075,0.3153,0.0000,-0.0398,-0.0663,-0.0098,0.0000,0.0000,0.1000,0.0266,0.0399,9.5817,11.3713
19.5280,0.0000,0.0000,0.1519,-0.1765,-0.0019,0.3198,-0.3861,-0.0041,0.2806,-0.3873,0.1083,0.2806,-0.4288,0.1078,0.3552,-0.5004,0.1075,0.3154,0.0000,-0.0402,-0.0659,-0.0099,0.0000,0.0000,0.1000,0.0266,0.0399,9.5820,11.3716
19.5360,0.0000,0.0000,0.1519,-0.1765,-0.0019,0.3199,-0.3861,-0.0041,0.2807,-0.3873,0.1083,0.2807,-0.4287,0.1079,0.3553,-0.5003,0.1075,0.3156,0.0000,-0.0406,-0.0654,-0.0100,0.0000,0.0000,0.1000,0.0266,0.0399,9.5823,11.3720
19.5440,0.0000,0.0000,0.1519,-0.1764,-0.0018,0.3199,-0.3861,-0.0040,0.2808,-0.3872,0.1083,0.2808,-0.4286,0.1079,0.3554,-0.5003,0.1075,0.3157,0.0000,-0.0409,-0.0650,-0.0101,0.0000,0.0000,0.1000,0.0266,0.0399,9.5827,11.3724
19.5520,0.0000,0.0000,0.1519,-0.1764,-0.0019,0.3200,-0.3860,-0.0041,0.2809,-0.3872,0.1083,0.2809,-0.4286,0.1079,0.3556,-0.5002,0.1075,0.3159,0.0000,-0.0414,-0.0644,-0.0101,0.0000,0.0000,0.1000,0.0266,0.0399,9.5828,11.3726
19.5600,0.0000,0.0000,0.1519,-0.1763,-0.0019,0.3200,-0.3860,-0.0041,0.2810,-0.3871,0.1083,0.2810,-0.4285,0.1078,0.3557,-0.5001,0.1075,0.3160,0.0000,-0.0417,-0.0640,-0.0102,0.0000,0.0000,0.1000,0.0266,0.0399,9.5832,11.3730
19.5680,0.0000,0.0000,0.1519,-0.1763,-0.0019,0.3201,-0.3859,-0.0041,0.2811,-0.3871,0.1083,0.2811,-0.4284,0.1079,0.3558,-0.5001,0.1075,0.3161,0.0000,-0.0421,-0.0635,-0.0103,0.0000,0.0000,0.1000,0.0266,0.0399,9.5834,11.3733
19.5760,0.0000,0.0000,0.1519,-0.1762,-0.0018,0.3202,-0.3859,-0.0040,0.2812,-0.3870,0.1083,0.2812,-0.4284,0.1079,0.3559,-0.5000,0.1075,0.3163,0.0000,-0.0424,-0.0631,-0.0103,0.0000,0.0000,0.1000,0.0266,0.0399,9.5838,11.3737
19.5840,0.0000,0.0000,0.1519,-0.1762,-0.0019,0.3202,-0.3858,-0.0041,0.2813,-0.3870,0.1083,0.2813,-0.4283,0.1079,0.3560,-0.5000,0.1075,0.3164,0.0000,-0.0428,-0.0626,-0.0104,0.0000,0.0000,0.1000,0.0266,0.0399,9.5840,11.3740
19.5920,0.0000,0.0000,0.1519,-0.1761,-0.0018,0.3203,-0.3858,-0.0040,0.2814,-0.3870,0.1083,0.2814,-0.4282,0.1079,0.3561,-0.4999,0.1075,0.3165,0.0000,-0.0429,-0.0623,-0.0104,0.0000,0.0000,0.1000,0.0266,0.0399,9.5844,11.3744
19.6000,0.0000,0.0000,0.1519,-0.1761,-0.0019,0.3203,-0.3857,-0.0041,0.2815,-0.3869,0.1083,0.2815,-0.4282,0.1079,0.3562,-0.4999,0.1075,0.3167,0.0000,-0.0432,-0.0618,-0.0105,0.0000,0.0000,0.1000,0.0266,0.0399,9.5847,11.3747
19.6080,0.0000,0.0000,0.1519,-0.1760,-0.0018,0.3204,-0.3857,-0.0041,0.2816,-0.3869,0.1083,0.2816,-0.4281,0.1079,0.3563,-0.4998,0.1075,0.3168,0.0000,-0.0434,-0.0615,-0.0105,0.0000,0.0000,0.1000,0.0266,0.0399,9.5850,11.3751
19.6160,0.0000,0.0000,0.1519,-0.1759,-0.0018,0.3204,-0.3856,-0.0040,0.2817,-0.3868,0.1083,0.2817,-0.4280,0.1079,0.3565,-0.4997,0.1075,0.3169,0.0000,-0.0437,-0.0610,-0.0106,0.0000,0.0000,0.1000,0.0266,0.0399,9.5854,11.3756
19.6240,0.0000,0.0000,0.1519,-0.1759,-0.0018,0.3205,-0.3856,-0.0040,0.2818,-0.3868,0.1083,0.2818,-0.4280,0.1079,0.3565,-0.4997,0.1075,0.3170,0.0000,-0.0438,-0.0608,-0.0106,0.0000,0.0000,0.1000,0.0266,0.0399,9.5857,11.3759
19.6320,0.0000,0.0000,0.1519,-0.1758,-0.0019,0.3206,-0.3855,-0.0041,0.2819,-0.3867,0.1083,0.2819,-0.4279,0.1078,0.3567,-0.4996,0.1075,0.3171,0.0000,-0.0441,-0.0604,-0.0106,0.0000,0.0000,0.1000,0.0266,0.0399,9.5859,11.3762
19.6400,0.0000,0.0000,0.1519,-0.1758,-0.0018,0.3206,-0.3855,-0.0040,0.2820,-0.3867,0.1083,0.2820,-0.4278,0.1079,0.3567,-0.4996,0.1075,0.3173,0.0000,-0.0443,-0.0600,-0.0107,0.0000,0.0000,0.1000,0.0266,0.0399,9.5863,11.3766
19.6480,0.0000,0.0000,0.1519,-0.1757,-0.0018,0.3207,-0.3854,-0.0041,0.2821,-0.3866,0.1083,0.2821,-0.4278,0.1079,0.3569,-0.4995,0.1075,0.3174,0.0000,-0.0446,-0.0595,-0.0107,0.0000,0.0000,0.1000,0.0266,0.0399,9.5866,11.3770
19.6560,0.0000,0.0000,0.1519,-0.1757,-0.0018,0.3207,-0.3854,-0.0040,0.2822,-0.3866,0.1083,0.2822,-0.4277,0.1079,0.3570,-0.4995,0.1075,0.3175,0.0000,-0.0447,-0.0592,-0.0108,0.0000,0.0000,0.1000,0.0266,0.0399,9.5869,11.3773
19.6640,0.0000,0.0000,0.1519,-0.1756,-0.0018,0.3208,-0.3854,-0.0041,0.2823,-0.3865,0.1083,0.2823,-0.4276,0.1079,0.3571,-0.4994,0.1075,0.3177,0.0000,-0.0450,-0.0588,-0.0108,0.0000,0.0000,0.1000,0.0266,0.0399,9.5872,11.3776
19.6720,0.0000,0.0000,0.1519,-0.1756,-0.0018,0.3208,-0.3853,-0.0040,0.2824,-0.3865,0.1083,0.2824,-0.4276,0.1079,0.3572,-0.4994,0.1075,0.3178,0.0000,-0.0451,-0.0585,-0.0108,0.0000,0.0000,0.1000,0.0266,0.0399,9.5875,11.3780
19.6800,0.0000,0.0000,0.1519,-0.1755,-0.0018,0.3209,-0.3853,-0.0041,0.2825,-0.3864,0.1083,0.2825,-0.4275,0.1079,0.3574,-0.4993,0.1075,0.3180,0.0000,-0.0454,-0.0581,-0.0109,0.0000,0.0000,0.1000,0.0266,0.0399,9.5878,11.3783
19.6880,0.0000,0.0000,0.1519,-0.1754,-0.0018,0.3210,-0.3852,-0.0040,0.2826,-0.3864,0.1083,0.2826,-0.4274,0.1079,0.3575,-0.4992,0.1075,0.3181,0.0000,-0.0455,-0.0578,-0.0109,0.0000,0.0000,0.1000,0.0266,0.0399,9.5881,11.3787
19.6960,0.0000,0.0000,0.1519,-0.1754,-0.0018,0.3210,-0.3852,-0.0040,0.2827,-0.3863,0.1083,0.2827,-0.4273,0.1079,0.3576,-0.4992,0.1075,0.3182,0.0000,-0.0457,-0.0574,-0.0109,0.0000,0.0000,0.1000,0.0266,0.0399,9.5885,11.3791
19.7040,0.0000,0.0000,0.1519,-0.1753,-0.0018,0.3211,-0.3851,-0.0041,0.2828,-0.3863,0.1083,0.2828,-0.4273,0.1079,0.3577,-0.4991,0.1075,0.3183,0.0000,-0.0458,-0.0572,-0.0110,0.0000,0.0000,0.1000,0.0266,0.0399,9.5887,11.3794
19.7120,0.0000,0.0000,0.1519,-0.1753,-0.0018,0.3211,-0.3851,-0.0041,0.2829,-0.3863,0.1083,0.2829,-0.4272,0.1079,0.3578,-0.4991,0.1075,0.3185,0.0000,-0.0460,-0.0569,-0.0110,0.0000,0.0000,0.1000,0.0266,0.0399,9.5891,11.3798
19.7200,0.0000,0.0000,0.1519,-0.1752,-0.0018,0.3212,-0.3850,-0.0041,0.2830,-0.3862,0.1083,0.2830,-0.4272,0.1079,0.3579,-0.4990,0.1075,0.3186,0.0000,-0.0462,-0.0565,-0.0110,0.0000,0.0000,0.1000,0.0266,0.0399,9.5893,11.3800
19.7280,0.0000,0.0000,0.1519,-0.1752,-0.0018,0.3212,-0.3850,-0.0040,0.2831,-0.3862,0.1083,0.2831,-0.4271,0.1079,0.3580,-0.4989,0.1075,0.3187,0.0000,-0.0463,-0.0563,-0.0110,0.0000,0.0000,0.1000,0.0266,0.0399,9.5897,11.3805
19.7360,0.0000,0.0000,0.1519,-0.1751,-0.0018,0.3213,-0.3849,-0.0040,0.2832,-0.3861,0.1083,0.2832,-0.4270,0.1079,0.3581,-0.4989,0.1075,0.3189,0.0000,-0.0464,-0.0560,-0.0111,0.0000,0.0000,0.1000,0.0266,0.0399,9.5900,11.3809
19.7440,0.0000,0.0000,0.1519,-0.1751,-0.0018,0.3213,-0.3849,-0.0040,0.2833,-0.3861,0.1083,0.2833,-0.4270,0.1079,0.3582,-0.4988,0.1075,0.3190,0.0000,-0.0466,-0.0557,-0.0111,0.0000,0.0000,0.1000,0.0266,0.0399,9.5903,11.3812
19.7520,0.0000,0.0000,0.1519,-0.1750,-0.0018,0.3214,-0.3848,-0.0040,0.2834,-0.3860,0.1083,0.2834,-0.4269,0.1079,0.3583,-0.4988,0.1075,0.3191,0.0000,-0.0467,-0.0555,-0.0111,0.0000,0.0000,0.1000,0.0266,0.0399,9.5906,11.3816
19.7600,0.0000,0.0000,0.1519,-0.1750,-0.0018,0.3215,-0.3848,-0.0040,0.2835,-0.3860,0.1083,0.2835,-0.4268,0.1079,0.3584,-0.4987,0.1075,0.3192,0.0000,-0.0468,-0.0551,-0.0111,0.0000,0.0000,0.1000,0.0266,0.0399,9.5909,11.3820
19.7680,0.0000,0.0000,0.1519,-0.1749,-0.0018,0.3215,-0.3847,-0.0040,0.2836,-0.3859,0.1083,0.2836,-0.4267,0.1079,0.3586,-0.4987,0.1075,0.3194,0.0000,-0.0470,-0.0549,-0.0112,0.0000,0.0000,0.1000,0.0266,0.0399,9.5912,11.3823
19.7760,0.0000,0.0000,0.1519,-0.1748,-0.0018,0.3216,-0.3847,-0.0040,0.2837,-0.3859,0.1083,0.2837,-0.4267,0.1079,0.3587,-0.4986,0.1075,0.3195,0.0000,-0.0471,-0.0547,-0.0112,0.0000,0.0000,0.1000,0.0266,0.0399,9.5915,11.3826
19.7840,0.0000,0.0000,0.1519,-0.1748,-0.0018,0.3216,-0.3846,-0.0040,0.2838,-0.3858,0.1083,0.2838,-0.4266,0.1079,0.3588,-0.4985,0.1075,0.3197,0.0000,-0.0473,-0.0544,-0.0112,0.0000,0.0000,0.1000,0.0266,0.0399,9.5918,11.3830
19.7920,0.0000,0.0000,0.1519,-0.1747,-0.0018,0.3217,-0.3846,-0.0040,0.2839,-0.3858,0.1083,0.2839,-0.4265,0.1079,0.3589,-0.4985,0.1075,0.3198,0.0000,-0.0474,-0.0541,-0.0112,0.0000,0.0000,0.1000,0.0266,0.0399,9.5921,11.3833
19.8000,0.0000,0.0000,0.1519,-0.1747,-0.0018,0.3218,-0.3845,-0.0040,0.2840,-0.3857,0.1083,0.2840,-0.4265,0.1079,0.3590,-0.4984,0.1075,0.3199,0.0000,-0.0475,-0.0539,-0.0113,0.0000,0.0000,0.1000,0.0266,0.0399,9.5924,11.3836
19.8080,0.0000,0.0000,0.1519,-0.1746,-0.0018,0.3218,-0.3845,-0.0040,0.2841,-0.3857,0.1083,0.2841,-0.4264,0.1079,0.3591,-0.4984,0.1075,0.3201,0.0000,-0.0477,-0.0537,-0.0113,0.0000,0.0000,0.1000,0.0266,0.0399,9.5926,11.3839
19.8160,0.0000,0.0000,0.1519,-0.1746,-0.0018,0.3219,-0.3844,-0.0040,0.2842,-0.3856,0.1083,0.2842,-0.4263,0.1079,0.3593,-0.4983,0.1075,0.3202,0.0000,-0.0478,-0.0534,-0.0113,0.0000,0.0000,0.1000,0.0266,0.0399,9.5930,11.3843
19.8240,0.0000,0.0000,0.1519,-0.1745,-0.0018,0.3219,-0.3844,-0.0040,0.2843,-0.3856,0.1083,0.2843,-0.4263,0.1079,0.3594,-0.4983,0.1075,0.3203,0.0000,-0.0479,-0.0532,-0.0113,0.0000,0.0000,0.1000,0.0266,0.0399,9.5933,11.3847
19.8320,0.0000,0.0000,0.1519,-0.1745,-0.0018,0.3220,-0.3844,-0.0040,0.2844,-0.3855,0.1083,0.2844,-0.4262,0.1079,0.3594,-0.4982,0.1075,0.3204,0.0000,-0.0480,-0.0530,-0.0113,0.0000,0.0000,0.1000,0.0266,0.0399,9.5936,11.3850
19.8400,0.0000,0.0000,0.1519,-0.1744,-0.0018,0.3220,-0.3843,-0.0040,0.2845,-0.3855,0.1083,0.2845,-0.4261,0.1079,0.3596,-0.4981,0.1075,0.3206,0.0000,-0.0481,-0.0528,-0.0114,0.0000,0.0000,0.1000,0.0266,0.0399,9.5938,11.3853
19.8480,0.0000,0.0000,0.1519,-0.1743,-0.0018,0.3221,-0.3843,-0.0040,0.2846,-0.3854,0.1083,0.2846,-0.4261,0.1079,0.3597,-0.4981,0.1075,0.3207,0.0000,-0.0482,-0.0526,-0.0114,0.0000,0.0000,0.1000,0.0266,0.0399,9.5942,11.3858
19.8560,0.0000,0.0000,0.1519,-0.1743,-0.0018,0.3221,-0.3842,-0.0040,0.2847,-0.3854,0.1083,0.2847,-0.4260,0.1079,0.3598,-0.4980,0.1075,0.3208,0.0000,-0.0483,-0.0525,-0.0114,0.0000,0.0000,0.1000,0.0266,0.0399,9.5945,11.3861
19.8640,0.0000,0.0000,0.1519,-0.1742,-0.0018,0.3222,-0.3842,-0.0040,0.2848,-0.3853,0.1083,0.2848,-0.4259,0.1079,0.3599,-0.4980,0.1075,0.3209,0.0000,-0.0484,-0.0523,-0.0114,0.0000,0.0000,0.1000,0.0266,0.0399,9.5949,11.3865
19.8720,0.0000,0.0000,0.1519,-0.1742,-0.0018,0.3223,-0.3841,-0.0040,0.2849,-0.3853,0.1083,0.2849,-0.4259,0.1079,0.3600,-0.4979,0.1075,0.3210,0.0000,-0.0485,-0.0521,-0.0114,0.0000,0.0000,0.1000,0.0266,0.0399,9.5950,11.3867
19.8800,0.0000,0.0000,0.1519,-0.1741,-0.0018,0.3223,-0.3841,-0.0040,0.2850,-0.3853,0.1083,0.2850,-0.4258,0.1079,0.3601,-0.4979,0.1075,0.3212,0.0000,-0.0486,-0.0519,-0.0115,0.0000,0.0000,0.1000,0.0266,0.0399,9.5954,11.3872
19.8880,0.0000,0.0000,0.1519,-0.1741,-0.0018,0.3224,-0.3840,-0.0040,0.2851,-0.3852,0.1083,0.2851,-0.4257,0.1079,0.3602,-0.4978,0.1075,0.3213,0.0000,-0.0487,-0.0518,-0.0115,0.0000,0.0000,0.1000,0.0266,0.0399,9.5957,11.3875
19.8960,0.0000,0.0000,0.1519,-0.1740,-0.0018,0.3224,-0.3840,-0.0040,0.2852,-0.3852,0.1083,0.2852,-0.4257,0.1079,0.3603,-0.4978,0.1075,0.3214,0.0000,-0.0488,-0.0516,-0.0115,0.0000,0.0000,0.1000,0.0266,0.0399,9.5960,11.3878
19.9040,0.0000,0.0000,0.1519,-0.1740,-0.0018,0.3225,-0.3839,-0.0040,0.2853,-0.3851,0.1083,0.2853,-0.4256,0.1079,0.3604,-0.4977,0.1075,0.3216,0.0000,-0.0490,-0.0514,-0.0115,0.0000,0.0000,0.1000,0.0266,0.0399,9.5962,11.3881
19.9120,0.0000,0.0000,0.1519,-0.1739,-0.0018,0.3225,-0.3839,-0.0040,0.2854,-0.3851,0.1083,0.2854,-0.4255,0.1079,0.3605,-0.4976,0.1075,0.3217,0.0000,-0.0491,-0.0513,-0.0115,0.0000,0.0000,0.1000,0.0266,0.0399,9.5966,11.3885
19.9200,0.0000,0.0000,0.1519,-0.1739,-0.0018,0.3226,-0.3838,-0.0040,0.2855,-0.3850,0.1083,0.2855,-0.4255,0.1079,0.3606,-0.4976,0.1075,0.3218,0.0000,-0.0492,-0.0511,-0.0116,0.0000,0.0000,0.1000,0.0266,0.0399,9.5968,11.3888
19.9280,0.0000,0.0000,0.1519,-0.1738,-0.0018,0.3227,-0.3838,-0.0040,0.2856,-0.3850,0.1083,0.2856,-0.4254,0.1079,0.3607,-0.4975,0.1075,0.3220,0.0000,-0.0493,-0.0510,-0.0116,0.0000,0.0000,0.1000,0.0266,0.0399,9.5971,11.3891
19.9360,0.0000,0.0000,0.1519,-0.1737,-0.0018,0.3227,-0.3837,-0.0040,0.2857,-0.3849,0.1083,0.2857,-0.4253,0.1079,0.3609,-0.4975,0.1075,0.3221,0.0000,-0.0494,-0.0509,-0.0116,0.0000,0.0000,0.1000,0.0266,0.0399,9.5975,11.3896
19.9440,0.0000,0.0000,0.1519,-0.1737,-0.0018,0.3228,-0.3837,-0.0040,0.2858,-0.3849,0.1083,0.2858,-0.4253,0.1079,0.3610,-0.4974,0.1075,0.3222,0.0000,-0.0495,-0.0507,-0.0116,0.0000,0.0000,0.1000,0.0266,0.0399,9.5978,11.3899
19.9520,0.0000,0.0000,0.1519,-0.1736,-0.0018,0.3228,-0.3836,-0.0040,0.2859,-0.3848,0.1083,0.2859,-0.4252,0.1079,0.3610,-0.4974,0.1075,0.3223,0.0000,-0.0496,-0.0506,-0.0116,0.0000,0.0000,0.1000,0.0266,0.0399,9.5981,11.3903
19.9600,0.0000,0.0000,0.1519,-0.1736,-0.0018,0.3229,-0.3836,-0.0040,0.2860,-0.3848,0.1083,0.2860,-0.4251,0.1079,0.3612,-0.4973,0.1075,0.3225,0.0000,-0.0497,-0.0505,-0.0117,0.0000,0.0000,0.1000,0.0266,0.0399,9.5984,11.3907
19.9680,0.0000,0.0000,0.1519,-0.1735,-0.0018,0.3229,-0.3835,-0.0040,0.2861,-0.3847,0.1083,0.2861,-0.4250,0.1079,0.3613,-0.4972,0.1075,0.3226,0.0000,-0.0498,-0.0503,-0.0117,0.0000,0.0000,0.1000,0.0266,0.0399,9.5987,11.3910
19.9760,0.0000,0.0000,0.1519,-0.1735,-0.0018,0.3230,-0.3835,-0.0040,0.2862,-0.3847,0.1083,0.2862,-0.4250,0.1079,0.3614,-0.4972,0.1075,0.3227,0.0000,-0.0500,-0.0502,-0.0117,0.0000,0.0000,0.1000,0.0266,0.0399,9.5988,11.3911
19.9840,0.0000,0.0000,0.1519,-0.1734,-0.0018,0.3230,-0.3835,-0.0040,0.2862,-0.3846,0.1083,0.2862,-0.4249,0.1079,0.3615,-0.4971,0.1075,0.3228,0.0000,-0.0500,-0.0501,-0.0117,0.0000,0.0000,0.1000,0.0266,0.0399,9.5993,11.3917
19.9920,0.0000,0.0000,0.1519,-0.1734,-0.0018,0.3231,-0.3834,-0.0040,0.2863,-0.3846,0.1083,0.2863,-0.4249,0.1079,0.3616,-0.4971,0.1075,0.3230,0.0000,-0.0502,-0.0500,-0.0118,0.0000,0.0000,0.1000,0.0266,0.0399,9.5995,11.3919
20.0000,0.0000,0.0000,0.1519,-0.1733,-0.0018,0.3232,-0.3834,-0.0040,0.2865,-0.3845,0.1083,0.2865,-0.4248,0.1079,0.3617,-0.4970,0.1075,0.3231,0.0000,-0.0503,-0.0499,-0.0118,0.0000,0.0000,0.1000,0.0266,0.0399,9.5999,11.3923
20.0080,0.0000,0.0000,0.1519,-0.1732,-0.0018,0.3232,-0.3833,-0.0040,0.2866,-0.3845,0.1083,0.2866,-0.4247,0.1079,0.3618,-0.4969,0.1075,0.3232,0.0000,-0.0504,-0.0498,-0.0118,0.0000,0.0000,0.1000,0.0266,0.0399,9.6001,11.3925
20.0160,0.0000,0.0000,0.1519,-0.1732,-0.0018,0.3233,-0.3833,-0.0040,0.2867,-0.3844,0.1083,0.2867,-0.4247,0.1079,0.3619,-0.4969,0.1075,0.3234,0.0000,-0.0505,-0.0497,-0.0118,0.0000,0.0000,0.1000,0.0266,0.0399,9.6004,11.3929
20.0240,0.0000,0.0000,0.1519,-0.1731,-0.0018,0.3233,-0.3832,-0.0040,0.2868,-0.3844,0.1083,0.2868,-0.4246,0.1079,0.3621,-0.4968,0.1075,0.3235,0.0000,-0.0507,-0.0496,-0.0119,0.0000,0.0000,0.1000,0.0266,0.0399,9.6007,11.3932
20.0320,0.0000,0.0000,0.1519,-0.1731,-0.0018,0.3234,-0.3832,-0.0040,0.2869,-0.3843,0.1083,0.2869,-0.4245,0.1079,0.3622,-0.4968,0.1075,0.3237,0.0000,-0.0508,-0.0495,-0.0119,0.0000,0.0000,0.1000,0.0266,0.0399,9.6009,11.3936
20.0400,0.0000,0.0000,0.1519,-0.1730,-0.0018,0.3234,-0.3831,-0.0040,0.2870,-0.3843,0.1083,0.2870,-0.4244,0.1079,0.3623,-0.4967,0.1075,0.3238,0.0000,-0.0509,-0.0494,-0.0119,0.0000,0.0000,0.1000,0.0266,0.0399,9.6013,11.3940
20.0480,0.0000,0.0000,0.1519,-0.1730,-0.0018,0.3235,-0.3831,-0.0040,0.2871,-0.3842,0.1083,0.2871,-0.4244,0.1079,0.3624,-0.4966,0.1076,0.3239,0.0000,-0.0510,-0.0493,-0.0119,0.0000,0.0000,0.1000,0.0266,0.0399,9.6015,11.3943
20.0560,0.0000,0.0000,0.1519,-0.1729,-0.0018,0.3236,-0.3830,-0.0040,0.2872,-0.3842,0.1083,0.2872,-0.4243,0.1079,0.3625,-0.4966,0.1075,0.3241,0.0000,-0.0512,-0.0493,-0.0120,0.0000,0.0000,0.1000,0.0266,0.0399,9.6018,11.3946
20.0640,0.0000,0.0000,0.1519,-0.1729,-0.0018,0.3236,-0.3830,-0.0040,0.2873,-0.3842,0.1083,0.2873,-0.4242,0.1079,0.3626,-0.4965,0.1075,0.3241,0.0000,-0.0512,-0.0492,-0.0120,0.0000,0.0000,0.1000,0.0266,0.0399,9.6021,11.3949
20.0720,0.0000,0.0000,0.1519,-0.1728,-0.0018,0.3237,-0.3829,-0.0040,0.2874,-0.3841,0.1083,0.2874,-0.4242,0.1079,0.3627,-0.4965,0.1075,0.3243,0.0000,-0.0514,-0.0491,-0.0120,0.0000,0.0000,0.1000,0.0266,0.0399,9.6025,11.3953
20.0800,0.0000,0.0000,0.1519,-0.1727,-0.0018,0.3237,-0.3829,-0.0040,0.2875,-0.3840,0.1083,0.2875,-0.4241,0.1079,0.3628,-0.4964,0.1075,0.3244,0.0000,-0.0515,-0.0491,-0.0120,0.0000,0.0000,0.1000,0.0266,0.0399,9.6028,11.3957
20.0880,0.0000,0.0000,0.1519,-0.1727,-0.0018,0.3238,-0.3828,-0.0040,0.2876,-0.3840,0.1083,0.2876,-0.4240,0.1079,0.3629,-0.4964,0.1075,0.3245,0.0000,-0.0516,-0.0490,-0.0120,0.0000,0.0000,0.1000,0.0266,0.0399,9.6031,11.3960
20.0960,0.0000,0.0000,0.1519,-0.1726,-0.0018,0.3238,-0.3828,-0.0040,0.2877,-0.3839,0.1083,0.2877,-0.4239,0.1079,0.3631,-0.4963,0.1075,0.3247,0.0000,-0.0517,-0.0489,-0.0121,0.0000,0.0000,0.1000,0.0266,0.0399,9.6034,11.3964
20.1040,0.0000,0.0000,0.1519,-0.1726,-0.0018,0.3239,-0.3827,-0.0040,0.2877,-0.3839,0.1083,0.2877,-0.4239,0.1079,0.3632,-0.4962,0.1075,0.3248,0.0000,-0.0518,-0.0489,-0.0121,0.0000,0.0000,0.1000,0.0266,0.0399,9.6036,11.3967
20.1120,0.0000,0.0000,0.1519,-0.1725,-0.0018,0.3239,-0.3827,-0.0040,0.2878,-0.3839,0.1083,0.2878,-0.4238,0.1079,0.3633,-0.4962,0.1075,0.3249,0.0000,-0.0520,-0.0488,-0.0121,0.0000,0.0000,0.1000,0.0266,0.0399,9.6039,11.3970
20.1200,0.0000,0.0000,0.1519,-0.1725,-0.0018,0.3240,-0.3826,-0.0040,0.2879,-0.3838,0.1083,0.2879,-0.4238,0.1079,0.3634,-0.4961,0.1076,0.3250,0.0000,-0.0520,-0.0488,-0.0121,0.0000,0.0000,0.1000,0.0266,0.0399,9.6042,11.3974
20.1280,0.0000,0.0000,0.1519,-0.1724,-0.0018,0.3241,-0.3826,-0.0040,0.2880,-0.3838,0.1083,0.2880,-0.4237,0.1079,0.3635,-0.4961,0.1075,0.3252,0.0000,-0.0522,-0.0487,-0.0122,0.0000,0.0000,0.1000,0.0266,0.0399,9.6045,11.3977
20.1360,0.0000,0.0000,0.1519,-0.1724,-0.0018,0.3241,-0.3825,-0.0040,0.2881,-0.3837,0.1083,0.2881,-0.4236,0.1079,0.3636,-0.4960,0.1075,0.3253,0.0000,-0.0523,-0.0487,-0.0122,0.0000,0.0000,0.1000,0.0266,0.0399,9.6047,11.3980
20.1440,0.0000,0.0000,0.1519,-0.1723,-0.0018,0.3242,-0.3825,-0.0040,0.2882,-0.3837,0.1083,0.2882,-0.4235,0.1079,0.3637,-0.4960,0.1075,0.3254,0.0000,-0.0525,-0.0486,-0.0122,0.0000,0.0000,0.1000,0.0266,0.0399,9.6050,11.3983
20.1520,0.0000,0.0000,0.1519,-0.1722,-0.0018,0.3242,-0.3824,-0.0040,0.2883,-0.3836,0.1083,0.2883,-0.4235,0.1079,0.3638,-0.4959,0.1076,0.3256,0.0000,-0.0526,-0.0486,-0.0123,0.0000,0.0000,0.1000,0.0266,0.0399,9.6053,11.3987
20.1600,0.0000,0.0000,0.1519,-0.1722,-0.0018,0.3243,-0.3824,-0.0040,0.2885,-0.3836,0.1083,0.2885,-0.4234,0.1079,0.3639,-0.4958,0.1075,0.3257,0.0000,-0.0528,-0.0486,-0.0123,0.0000,0.0000,0.1000,0.0266,0.0399,9.6056,11.3989
20.1680,0.0000,0.0000,0.1519,-0.1721,-0.0018,0.3243,-0.3823,-0.0040,0.2885,-0.3835,0.1083,0.2885,-0.4233,0.1079,0.3640,-0.4958,0.1076,0.3258,0.0000,-0.0529,-0.0485,-0.0123,0.0000,0.0000,0.1000,0.0266,0.0399,9.6059,11.3994
20.1760,0.0000,0.0000,0.1519,-0.1721,-0.0018,0.3244,-0.3823,-0.0040,0.2886,-0.3835,0.1083,0.2886,-0.4233,0.1079,0.3641,-0.4957,0.1075,0.3259,0.0000,-0.0530,-0.0485,-0.0123,0.0000,0.0000,0.1000,0.0266,0.0399,9.6063,11.3997
20.1840,0.0000,0.0000,0.1519,-0.1720,-0.0018,0.3244,-0.3822,-0.0040,0.2887,-0.3834,0.1083,0.2887,-0.4232,0.1079,0.3642,-0.4957,0.1076,0.3261,0.0000,-0.0531,-0.0485,-0.0124,0.0000,0.0000,0.1000,0.0266,0.0399,9.6065,11.4001
20.1920,0.0000,0.0000,0.1519,-0.1720,-0.0018,0.3245,-0.3822,-0.0040,0.2888,-0.3834,0.1083,0.2888,-0.4231,0.1079,0.3643,-0.4956,0.1075,0.3262,0.0000,-0.0532,-0.0484,-0.0124,0.0000,0.0000,0.1000,0.0266,0.0399,9.6069,11.4004
20.2000,0.0000,0.0000,0.1519,-0.1719,-0.0018,0.3246,-0.3821,-0.0040,0.2889,-0.3833,0.1083,0.2889,-0.4231,0.1079,0.3644,-0.4955,0.1076,0.3263,0.0000,-0.0533,-0.0484,-0.0124,0.0000,0.0000,0.1000,0.0266,0.0399,9.6071,11.4008
20.2080,0.0000,0.0000,0.1519,-0.1718,-0.0018,0.3246,-0.3821,-0.0040,0.2890,-0.3833,0.1083,0.2890,-0.4230,0.1079,0.3645,-0.4955,0.1075,0.3264,0.0000,-0.0535,-0.0484,-0.0124,0.0000,0.0000,0.1000,0.0266,0.0399,9.6075,11.4011
20.2160,0.0000,0.0000,0.1519,-0.1718,-0.0018,0.3247,-0.3820,-0.0040,0.2891,-0.3832,0.1083,0.2891,-0.4229,0.1079,0.3647,-0.4954,0.1075,0.3265,0.0000,-0.0536,-0.0484,-0.0125,0.0000,0.0000,0.1000,0.0266,0.0399,9.6076,11.4013
20.2240,0.0000,0.0000,0.1519,-0.1717,-0.0018,0.3247,-0.3820,-0.0040,0.2892,-0.3832,0.1083,0.2892,-0.4229,0.1079,0.3648,-0.4954,0.1076,0.3267,0.0000,-0.0537,-0.0483,-0.0125,0.0000,0.0000,0.1000,0.0266,0.0399,9.6080,11.4017
20.2320,0.0000,0.0000,0.1519,-0.1717,-0.0018,0.3248,-0.3820,-0.0040,0.2893,-0.3831,0.1084,0.2893,-0.4228,0.1079,0.3649,-0.4953,0.1076,0.3268,0.0000,-0.0539,-0.0483,-0.0125,0.0000,0.0000,0.1000,0.0266,0.0399,9.6082,11.4020
20.2400,0.0000,0.0000,0.1519,-0.1716,-0.0018,0.3248,-0.3819,-0.0040,0.2894,-0.3831,0.1083,0.2894,-0.4227,0.1079,0.3650,-0.4953,0.1075,0.3269,0.0000,-0.0540,-0.0483,-0.0126,0.0000,0.0000,0.1000,0.0266,0.0399,9.6084,11.4022
20.2480,0.0000,0.0000,0.1519,-0.1716,-0.0018,0.3249,-0.3819,-0.0040,0.2895,-0.3830,0.1083,0.2895,-0.4227,0.1079,0.3651,-0.4952,0.1075,0.3271,0.0000,-0.0541,-0.0483,-0.0126,0.0000,0.0000,0.1000,0.0266,0.0399,9.6087,11.4026
20.2560,0.0000,0.0000,0.1519,-0.1715,-0.0018,0.3249,-0.3818,-0.0040,0.2896,-0.3830,0.1083,0.2896,-0.4226,0.1079,0.3652,-0.4951,0.1076,0.3272,0.0000,-0.0543,-0.0483,-0.0126,0.0000,0.0000,0.1000,0.0266,0.0399,9.6090,11.4030
20.2640,0.0000,0.0000,0.1519,-0.1715,-0.0018,0.3250,-0.3818,-0.0040,0.2897,-0.3829,0.1083,0.2897,-0.4225,0.1079,0.3653,-0.4951,0.1075,0.3273,0.0000,-0.0544,-0.0483,-0.0127,0.0000,0.0000,0.1000,0.0266,0.0399,9.6092,11.4032
20.2720,0.0000,0.0000,0.1519,-0.1714,-0.0018,0.3251,-0.3817,-0.0040,0.2898,-0.3829,0.1083,0.2898,-0.4224,0.1079,0.3654,-0.4950,0.1076,0.3275,0.0000,-0.0546,-0.0483,-0.0127,0.0000,0.0000,0.1000,0.0266,0.0399,9.6095,11.4035
20.2800,0.0000,0.0000,0.1519,-0.1713,-0.0018,0.3251,-0.3817,-0.0040,0.2899,-0.3828,0.1083,0.2899,-0.4224,0.1079,0.3655,-0.4950,0.1075,0.3276,0.0000,-0.0548,-0.0483,-0.0127,0.0000,0.0000,0.1000,0.0266,0.0399,9.6097,11.4038
20.2880,0.0000,0.0000,0.1519,-0.1713,-0.0018,0.3252,-0.3816,-0.0040,0.2900,-0.3828,0.1083,0.2900,-0.4223,0.1079,0.3656,-0.4949,0.1075,0.3277,0.0000,-0.0549,-0.0483,-0.0128,0.0000,0.0000,0.1000,0.0266,0.0399,9.6101,11.4042
20.2960,0.0000,0.0000,0.1519,-0.1712,-0.0018,0.3252,-0.3816,-0.0040,0.2901,-0.3827,0.1084,0.2901,-0.4222,0.1079,0.3657,-0.4948,0.1076,0.3278,0.0000,-0.0550,-0.0483,-0.0128,0.0000,0.0000,0.1000,0.0266,0.0399,9.6105,11.4047
20.3040,0.0000,0.0000,0.1519,-0.1712,-0.0018,0.3253,-0.3815,-0.0040,0.2902,-0.3827,0.1083,0.2902,-0.4222,0.1079,0.3659,-0.4948,0.1076,0.3280,0.0000,-0.0552,-0.0483,-0.0128,0.0000,0.0000,0.1000,0.0266,0.0399,9.6107,11.4048
20.3120,0.0000,0.0000,0.1519,-0.1711,-0.0018,0.3253,-0.3815,-0.0040,0.2903,-0.3826,0.1083,0.2903,-0.4221,0.1079,0.3659,-0.4947,0.1076,0.3281,0.0000,-0.0552,-0.0483,-0.0128,0.0000,0.0000,0.1000,0.0266,0.0399,9.6110,11.4053
20.3200,0.0000,0.0000,0.1519,-0.1711,-0.0018,0.3254,-0.3814,-0.0040,0.2904,-0.3826,0.1083,0.2904,-0.4220,0.1079,0.3661,-0.4947,0.1076,0.3282,0.0000,-0.0554,-0.0483,-0.0129,0.0000,0.0000,0.1000,0.0266,0.0399,9.6112,11.4055
20.3280,0.0000,0.0000,0.1519,-0.1710,-0.0018,0.3254,-0.3814,-0.0040,0.2905,-0.3825,0.1083,0.2905,-0.4220,0.1079,0.3662,-0.4946,0.1075,0.3283,0.0000,-0.0556,-0.0483,-0.0129,0.0000,0.0000,0.1000,0.0266,0.0399,9.6115,11.4059
20.3360,0.0000,0.0000,0.1519,-0.1710,-0.0018,0.3255,-0.3813,-0.0040,0.2906,-0.3825,0.1083,0.2906,-0.4219,0.1079,0.3663,-0.4945,0.1076,0.3285,0.0000,-0.0557,-0.0483,-0.0129,0.0000,0.0000,0.1000,0.0266,0.0399,9.6119,11.4063
20.3440,0.0000,0.0000,0.1519,-0.1709,-0.0018,0.3256,-0.3813,-0.0040,0.2907,-0.3824,0.1084,0.2907,-0.4218,0.1079,0.3664,-0.4945,0.1076,0.3286,0.0000,-0.0559,-0.0483,-0.0130,0.0000,0.0000,0.1000,0.0266,0.0399,9.6122,11.4066
20.3520,0.0000,0.0000,0.1519,-0.1708,-0.0018,0.3256,-0.3812,-0.0040,0.2908,-0.3824,0.1083,0.2908,-0.4218,0.1079,0.3665,-0.4944,0.1076,0.3287,0.0000,-0.0560,-0.0484,-0.0130,0.0000,0.0000,0.1000,0.0266,0.0399,9.6123,11.4068
20.3600,0.0000,0.0000,0.1519,-0.1708,-0.0018,0.3257,-0.3812,-0.0040,0.2908,-0.3823,0.1084,0.2908,-0.4217,0.1079,0.3666,-0.4944,0.1076,0.3288,0.0000,-0.0561,-0.0484,-0.0130,0.0000,0.0000,0.1000,0.0266,0.0399,9.6127,11.4073
20.3680,0.0000,0.0000,0.1519,-0.1707,-0.0018,0.3257,-0.3811,-0.0040,0.2909,-0.3823,0.1083,0.2909,-0.4216,0.1079,0.3667,-0.4943,0.1076,0.3290,0.0000,-0.0563,-0.0484,-0.0131,0.0000,0.0000,0.1000,0.0266,0.0399,9.6128,11.4074
20.3760,0.0000,0.0000,0.1519,-0.1707,-0.0018,0.3258,-0.3811,-0.0040,0.2910,-0.3823,0.1083,0.2910,-0.4216,0.1079,0.3668,-0.4943,0.1076,0.3291,0.0000,-0.0565,-0.0484,-0.0131,0.0000,0.0000,0.1000,0.0266,0.0399,9.6131,11.4077
20.3840,0.0000,0.0000,0.1519,-0.1706,-0.0018,0.3258,-0.3810,-0.0040,0.2912,-0.3822,0.1084,0.2912,-0.4215,0.1079,0.3669,-0.4942,0.1076,0.3292,0.0000,-0.0567,-0.0484,-0.0131,0.0000,0.0000,0.1000,0.0266,0.0399,9.6134,11.4081
20.3920,0.0000,0.0000,0.1519,-0.1706,-0.0018,0.3259,-0.3810,-0.0040,0.2912,-0.3822,0.1083,0.2912,-0.4214,0.1079,0.3670,-0.4941,0.1076,0.3294,0.0000,-0.0568,-0.0485,-0.0132,0.0000,0.0000,0.1000,0.0266,0.0399,9.6137,11.4084
20.4000,0.0000,0.0000,0.1519,-0.1705,-0.0018,0.3259,-0.3809,-0.0040,0.2913,-0.3821,0.1084,0.2913,-0.4213,0.1079,0.3671,-0.4941,0.1076,0.3295,0.0000,-0.0569,-0.0485,-0.0132,0.0000,0.0000,0.1000,0.0266,0.0399,9.6141,11.4088
20.4080,0.0000,0.0000,0.1519,-0.1705,-0.0018,0.3260,-0.3809,-0.0040,0.2914,-0.3821,0.1084,0.2914,-0.4213,0.1079,0.3672,-0.4940,0.1076,0.3296,0.0000,-0.0570,-0.0485,-0.0132,0.0000,0.0000,0.1000,0.0266,0.0399,9.6144,11.4092
20.4160,0.0000,0.0000,0.1519,-0.1704,-0.0018,0.3260,-0.3808,-0.0040,0.2915,-0.3820,0.1084,0.2915,-0.4212,0.1079,0.3673,-0.4940,0.1076,0.3297,0.0000,-0.0572,-0.0485,-0.0133,0.0000,0.0000,0.1000,0.0266,0.0399,9.6146,11.4095
20.4240,0.0000,0.0000,0.1519,-0.1703,-0.0018,0.3261,-0.3808,-0.0040,0.2916,-0.3820,0.1083,0.2916,-0.4211,0.1079,0.3674,-0.4939,0.1076,0.3298,0.0000,-0.0574,-0.0486,-0.0133,0.0000,0.0000,0.1000,0.0266,0.0399,9.6149,11.4097
20.4320,0.0000,0.0000,0.1519,-0.1703,-0.0018,0.3262,-0.3807,-0.0040,0.2917,-0.3819,0.1083,0.2917,-0.4211,0.1079,0.3675,-0.4938,0.1076,0.3300,0.0000,-0.0575,-0.0486,-0.0133,0.0000,0.0000,0.1000,0.0266,0.0399,9.6152,11.4101
20.4400,0.0000,0.0000,0.1519,-0.1702,-0.0018,0.3262,-0.3807,-0.0040,0.2918,-0.3819,0.1084,0.2918,-0.4210,0.1079,0.3677,-0.4938,0.1076,0.3301,0.0000,-0.0577,-0.0486,-0.0134,0.0000,0.0000,0.1000,0.0266,0.0399,9.6155,11.4104
20.4480,0.0000,0.0000,0.1519,-0.1702,-0.0018,0.3263,-0.3806,-0.0040,0.2920,-0.3818,0.1083,0.2920,-0.4209,0.1079,0.3678,-0.4937,0.1076,0.3303,0.0000,-0.0579,-0.0487,-0.0134,0.0000,0.0000,0.1000,0.0266,0.0399,9.6155,11.4105
20.4560,0.0000,0.0000,0.1519,-0.1701,-0.0018,0.3263,-0.3806,-0.0040,0.2921,-0.3817,0.1084,0.2921,-0.4208,0.1080,0.3679,-0.4936,0.1076,0.3304,0.0000,-0.0581,-0.0487,-0.0135,0.0000,0.0000,0.1000,0.0266,0.0399,9.6159,11.4110
20.4640,0.0000,0.0000,0.1519,-0.1700,-0.0018,0.3264,-0.3805,-0.0040,0.2922,-0.3817,0.1083,0.2922,-0.4208,0.1079,0.3680,-0.4936,0.1076,0.3306,0.0000,-0.0583,-0.0488,-0.0135,0.0000,0.0000,0.1000,0.0266,0.0399,9.6161,11.4111
20.4720,0.0000,0.0000,0.1519,-0.1700,-0.0018,0.3264,-0.3805,-0.0040,0.2922,-0.3817,0.1083,0.2922,-0.4207,0.1079,0.3681,-0.4935,0.1076,0.3307,0.0000,-0.0584,-0.0488,-0.0135,0.0000,0.0000,0.1000,0.0266,0.0399,9.6163,11.4114
20.4800,0.0000,0.0000,0.1519,-0.1699,-0.0018,0.3265,-0.3804,-0.0040,0.2923,-0.3816,0.1084,0.2923,-0.4206,0.1079,0.3683,-0.4935,0.1076,0.3308,0.0000,-0.0586,-0.0489,-0.0136,0.0000,0.0000,0.1000,0.0266,0.0399,9.6166,11.4117
20.4880,0.0000,0.0000,0.1519,-0.1699,-0.0018,0.3265,-0.3804,-0.0040,0.2924,-0.3816,0.1083,0.2924,-0.4206,0.1079,0.3684,-0.4934,0.1076,0.3309,0.0000,-0.0587,-0.0489,-0.0136,0.0000,0.0000,0.1000,0.0266,0.0399,9.6169,11.4121
20.4960,0.0000,0.0000,0.1519,-0.1698,-0.0018,0.3266,-0.3803,-0.0040,0.2926,-0.3815,0.1084,0.2926,-0.4205,0.1080,0.3685,-0.4933,0.1076,0.3311,0.0000,-0.0590,-0.0490,-0.0137,0.0000,0.0000,0.1000,0.0266,0.0399,9.6172,11.4124
20.5040,0.0000,0.0000,0.1519,-0.1698,-0.0018,0.3267,-0.3803,-0.0040,0.2926,-0.3815,0.1084,0.2926,-0.4204,0.1080,0.3686,-0.4933,0.1076,0.3312,0.0000,-0.0591,-0.0490,-0.0137,0.0000,0.0000,0.1000,0.0266,0.0399,9.6174,11.4127
20.5120,0.0000,0.0000,0.1519,-0.1697,-0.0018,0.3267,-0.3802,-0.0040,0.2927,-0.3814,0.1084,0.2927,-0.4204,0.1079,0.3687,-0.4932,0.1076,0.3313,0.0000,-0.0592,-0.0490,-0.0137,0.0000,0.0000,0.1000,0.0266,0.0399,9.6177,11.4131
20.5200,0.0000,0.0000,0.1519,-0.1697,-0.0018,0.3268,-0.3802,-0.0040,0.2928,-0.3814,0.1084,0.2928,-0.4203,0.1079,0.3688,-0.4932,0.1076,0.3314,0.0000,-0.0594,-0.0491,-0.0138,0.0000,0.0000,0.1000,0.0266,0.0399,9.6180,11.4134
20.5280,0.0000,0.0000,0.1519,-0.1696,-0.0018,0.3268,-0.3801,-0.0040,0.2929,-0.3813,0.1083,0.2929,-0.4202,0.1079,0.3689,-0.4931,0.1076,0.3315,0.0000,-0.0596,-0.0491,-0.0138,0.0000,0.0000,0.1000,0.0266,0.0399,9.6183,11.4137
20.5360,0.0000,0.0000,0.1519,-0.1695,-0.0018,0.3269,-0.3801,-0.0040,0.2930,-0.3813,0.1084,0.2930,-0.4201,0.1079,0.3690,-0.4930,0.1076,0.3317,0.0000,-0.0597,-0.0492,-0.0138,0.0000,0.0000,0.1000,0.0266,0.0399,9.6185,11.4140
20.5440,0.0000,0.0000,0.1519,-0.1695,-0.0018,0.3269,-0.3800,-0.0040,0.2931,-0.3812,0.1084,0.2931,-0.4201,0.1079,0.3691,-0.4930,0.1076,0.3318,0.0000,-0.0599,-0.0492,-0.0139,0.0000,0.0000,0.1000,0.0266,0.0399,9.6188,11.4144
20.5520,0.0000,0.0000,0.1519,-0.1694,-0.0018,0.3270,-0.3800,-0.0040,0.2932,-0.3812,0.1084,0.2932,-0.4200,0.1080,0.3692,-0.4929,0.1076,0.3319,0.0000,-0.0600,-0.0492,-0.0139,0.0000,0.0000,0.1000,0.0266,0.0399,9.6192,11.4148
20.5600,0.0000,0.0000,0.1519,-0.1694,-0.0018,0.3270,-0.3799,-0.0040,0.2933,-0.3811,0.1084,0.2933,-0.4199,0.1079,0.3693,-0.4929,0.1076,0.3321,0.0000,-0.0602,-0.0493,-0.0139,0.0000,0.0000,0.1000,0.0266,0.0399,9.6194,11.4150
20.5680,0.0000,0.0000,0.1519,-0.1693,-0.0018,0.3271,-0.3799,-0.0040,0.2934,-0.3811,0.1084,0.2934,-0.4199,0.1080,0.3694,-0.4928,0.1076,0.3322,0.0000,-0.0604,-0.0494,-0.0140,0.0000,0.0000,0.1000,0.0266,0.0399,9.6197,11.4154
20.5760,0.0000,0.0000,0.1519,-0.1693,-0.0018,0.3272,-0.3798,-0.0040,0.2935,-0.3810,0.1084,0.2935,-0.4198,0.1080,0.3695,-0.4927,0.1076,0.3323,0.0000,-0.0606,-0.0494,-0.0140,0.0000,0.0000,0.1000,0.0266,0.0399,9.6199,11.4156
20.5840,0.0000,0.0000,0.1519,-0.1692,-0.0018,0.3272,-0.3798,-0.0040,0.2936,-0.3810,0.1084,0.2936,-0.4197,0.1080,0.3696,-0.4927,0.1076,0.3324,0.0000,-0.0608,-0.0495,-0.0141,0.0000,0.0000,0.1000,0.0266,0.0399,9.6202,11.4160
20.5920,0.0000,0.0000,0.1519,-0.1691,-0.0018,0.3273,-0.3797,-0.0040,0.2937,-0.3809,0.1084,0.2937,-0.4196,0.1079,0.3698,-0.4926,0.1076,0.3326,0.0000,-0.0609,-0.0495,-0.0141,0.0000,0.0000,0.1000,0.0266,0.0399,9.6205,11.4163
20.6000,0.0000,0.0000,0.1519,-0.1691,-0.0018,0.3273,-0.3797,-0.0040,0.2938,-0.3809,0.1084,0.2938,-0.4196,0.1080,0.3699,-0.4926,0.1076,0.3327,0.0000,-0.0611,-0.0496,-0.0141,0.0000,0.0000,0.1000,0.0266,0.0399,9.6206,11.4165
20.6080,0.0000,0.0000,0.1519,-0.1690,-0.0018,0.3274,-0.3796,-0.0040,0.2939,-0.3808,0.1084,0.2939,-0.4195,0.1080,0.3700,-0.4925,0.1076,0.3328,0.0000,-0.0613,-0.0497,-0.0142,0.0000,0.0000,0.1000,0.0266,0.0399,9.6209,11.4168
20.6160,0.0000,0.0000,0.1519,-0.1690,-0.0018,0.3274,-0.3796,-0.0040,0.2940,-0.3808,0.1084,0.2940,-0.4194,0.1080,0.3701,-0.4924,0.1076,0.3330,0.0000,-0.0615,-0.0497,-0.0142,0.0000,0.0000,0.1000,0.0266,0.0399,9.6212,11.4171
20.6240,0.0000,0.0000,0.1519,-0.1689,-0.0018,0.3275,-0.3795,-0.0040,0.2941,-0.3807,0.1084,0.2941,-0.4194,0.1080,0.3702,-0.4924,0.1076,0.3331,0.0000,-0.0616,-0.0498,-0.0143,0.0000,0.0000,0.1000,0.0266,0.0399,9.6214,11.4174
20.6320,0.0000,0.0000,0.1519,-0.1689,-0.0018,0.3275,-0.3795,-0.0040,0.2942,-0.3807,0.1084,0.2942,-0.4193,0.1080,0.3703,-0.4923,0.1076,0.3332,0.0000,-0.0617,-0.0498,-0.0143,0.0000,0.0000,0.1000,0.0266,0.0399,9.6218,11.4178
20.6400,0.0000,0.0000,0.1519,-0.1688,-0.0018,0.3276,-0.3794,-0.0040,0.2942,-0.3806,0.1084,0.2942,-0.4192,0.1080,0.3703,-0.4923,0.1076,0.3333,0.0000,-0.0619,-0.0499,-0.0143,0.0000,0.0000,0.1000,0.0266,0.0399,9.6220,11.4181
20.6480,0.0000,0.0000,0.1519,-0.1687,-0.0018,0.3277,-0.3793,-0.0040,0.2944,-0.3805,0.1084,0.2944,-0.4191,0.1080,0.3706,-0.4922,0.1076,0.3335,0.0000,-0.0621,-0.0500,-0.0144,0.0000,0.0000,0.1000,0.0266,0.0399,9.6223,11.4184
20.6560,0.0000,0.0000,0.1519,-0.1687,-0.0018,0.3277,-0.3793,-0.0040,0.2945,-0.3805,0.1083,0.2945,-0.4191,0.1079,0.3706,-0.4921,0.1076,0.3336,0.0000,-0.0624,-0.0501,-0.0144,0.0000,0.0000,0.1000,0.0266,0.0399,9.6227,11.4189
20.6640,0.0000,0.0000,0.1519,-0.1686,-0.0018,0.3278,-0.3792,-0.0040,0.2946,-0.3804,0.1084,0.2946,-0.4190,0.1080,0.3708,-0.4920,0.1076,0.3338,0.0000,-0.0626,-0.0501,-0.0145,0.0000,0.0000,0.1000,0.0266,0.0399,9.6231,11.4194
20.6720,0.0000,0.0000,0.1519,-0.1686,-0.0018,0.3278,-0.3792,-0.0040,0.2946,-0.3804,0.1084,0.2946,-0.4190,0.1080,0.3708,-0.4920,0.1076,0.3338,0.0000,-0.0626,-0.0501,-0.0145,0.0000,0.0000,0.1000,0.0266,0.0399,9.6231,11.4194
20.6800,0.0000,0.0000,0.1519,-0.1685,-0.0018,0.3279,-0.3791,-0.0040,0.2948,-0.3803,0.1084,0.2948,-0.4188,0.1080,0.3710,-0.4919,0.1076,0.3340,0.0000,-0.0630,-0.0503,-0.0146,0.0000,0.0000,0.1000,0.0266,0.0399,9.6235,11.4199
20.6880,0.0000,0.0000,0.1519,-0.1684,-0.0018,0.3280,-0.3791,-0.0040,0.2949,-0.3803,0.1084,0.2949,-0.4188,0.1080,0.3711,-0.4919,0.1076,0.3342,0.0000,-0.0632,-0.0504,-0.0146,0.0000,0.0000,0.1000,0.0266,0.0399,9.6238,11.4201
20.6960,0.0000,0.0000,0.1519,-0.1684,-0.0018,0.3280,-0.3790,-0.0040,0.2950,-0.3802,0.1084,0.2950,-0.4187,0.1080,0.3712,-0.4918,0.1076,0.3343,0.0000,-0.0633,-0.0504,-0.0146,0.0000,0.0000,0.1000,0.0266,0.0399,9.6241,11.4205
20.7040,0.0000,0.0000,0.1519,-0.1683,-0.0018,0.3281,-0.3790,-0.0040,0.2951,-0.3802,0.1084,0.2951,-0.4186,0.1080,0.3713,-0.4917,0.1076,0.3344,0.0000,-0.0634,-0.0505,-0.0147,0.0000,0.0000,0.1000,0.0266,0.0399,9.6243,11.4208
20.7120,0.0000,0.0000,0.1519,-0.1683,-0.0018,0.3281,-0.3789,-0.0040,0.2952,-0.3801,0.1083,0.2952,-0.4186,0.1079,0.3714,-0.4917,0.1076,0.3345,0.0000,-0.0636,-0.0505,-0.0147,0.0000,0.0000,0.1000,0.0266,0.0399,9.6246,11.4211
20.7200,0.0000,0.0000,0.1519,-0.1682,-0.0018,0.3282,-0.3789,-0.0040,0.2953,-0.3801,0.1084,0.2953,-0.4185,0.1080,0.3715,-0.4916,0.1076,0.3346,0.0000,-0.0638,-0.0506,-0.0147,0.0000,0.0000,0.1000,0.0266,0.0399,9.6248,11.4214
20.7280,0.0000,0.0000,0.1519,-0.1682,-0.0018,0.3282,-0.3788,-0.0040,0.2954,-0.3800,0.1084,0.2954,-0.4184,0.1080,0.3716,-0.4916,0.1076,0.3347,0.0000,-0.0640,-0.0507,-0.0148,0.0000,0.0000,0.1000,0.0266,0.0399,9.6251,11.4217
20.7360,0.0000,0.0000,0.1519,-0.1681,-0.0018,0.3283,-0.3788,-0.0040,0.2954,-0.3800,0.1084,0.2954,-0.4184,0.1080,0.3717,-0.4915,0.1076,0.3348,0.0000,-0.0641,-0.0507,-0.0148,0.0000,0.0000,0.1000,0.0266,0.0399,9.6253,11.4220
20.7440,0.0000,0.0000,0.1519,-0.1681,-0.0018,0.3283,-0.3788,-0.0040,0.2955,-0.3799,0.1084,0.2955,-0.4183,0.1080,0.3717,-0.4915,0.1076,0.3349,0.0000,-0.0642,-0.0508,-0.0149,0.0000,0.0000,0.1000,0.0266,0.0399,9.6257,11.4224
20.7520,0.0000,0.0000,0.1519,-0.1680,-0.0018,0.3284,-0.3787,-0.0040,0.2956,-0.3799,0.1084,0.2956,-0.4182,0.1080,0.3718,-0.4914,0.1076,0.3350,0.0000,-0.0644,-0.0508,-0.0149,0.0000,0.0000,0.1000,0.0266,0.0399,9.6259,11.4226
20.7600,0.0000,0.0000,0.1519,-0.1680,-0.0018,0.3284,-0.3787,-0.0040,0.2957,-0.3798,0.1084,0.2957,-0.4182,0.1080,0.3719,-0.4914,0.1076,0.3351,0.0000,-0.0645,-0.0509,-0.0149,0.0000,0.0000,0.1000,0.0266,0.0399,9.6262,11.4230
20.7680,0.0000,0.0000,0.1519,-0.1679,-0.0018,0.3285,-0.3786,-0.0040,0.2958,-0.3798,0.1084,0.2958,-0.4181,0.1080,0.3720,-0.4913,0.1076,0.3352,0.0000,-0.0647,-0.0510,-0.0150,0.0000,0.0000,0.1000,0.0266,0.0399,9.6264,11.4232
20.7760,0.0000,0.0000,0.1519,-0.1679,-0.0018,0.3285,-0.3786,-0.0040,0.2958,-0.3798,0.1084,0.2958,-0.4181,0.1080,0.3721,-0.4912,0.1076,0.3354,0.0000,-0.0649,-0.0510,-0.0150,0.0000,0.0000,0.1000,0.0266,0.0399,9.6266,11.4234
20.7840,0.0000,0.0000,0.1519,-0.1678,-0.0018,0.3286,-0.3785,-0.0040,0.2959,-0.3797,0.1084,0.2959,-0.4180,0.1080,0.3722,-0.4912,0.1076,0.3355,0.0000,-0.0651,-0.0511,-0.0150,0.0000,0.0000,0.1000,0.0266,0.0399,9.6268,11.4237
20.7920,0.0000,0.0000,0.1519,-0.1678,-0.0018,0.3286,-0.3785,-0.0040,0.2960,-0.3797,0.1084,0.2960,-0.4179,0.1080,0.3723,-0.4911,0.1076,0.3356,0.0000,-0.0652,-0.0511,-0.0151,0.0000,0.0000,0.1000,0.0266,0.0399,9.6271,11.4240
20.8000,0.0000,0.0000,0.1519,-0.1677,-0.0018,0.3287,-0.3784,-0.0040,0.2961,-0.3796,0.1084,0.2961,-0.4179,0.1080,0.3724,-0.4911,0.1076,0.3357,0.0000,-0.0654,-0.0512,-0.0151,0.0000,0.0000,0.1000,0.0266,0.0399,9.6273,11.4242
20.8080,0.0000,0.0000,0.1519,-0.1676,-0.0018,0.3287,-0.3784,-0.0040,0.2962,-0.3796,0.1084,0.2962,-0.4178,0.1080,0.3725,-0.4910,0.1076,0.3358,0.0000,-0.0655,-0.0513,-0.0152,0.0000,0.0000,0.1000,0.0266,0.0399,9.6275,11.4245
20.8160,0.0000,0.0000,0.1519,-0.1676,-0.0018,0.3287,-0.3783,-0.0040,0.2963,-0.3795,0.1084,0.2963,-0.4177,0.1080,0.3726,-0.4910,0.1076,0.3359,0.0000,-0.0657,-0.0514,-0.0152,0.0000,0.0000,0.1000,0.0266,0.0399,9.6278,11.4248
20.8240,0.0000,0.0000,0.1519,-0.1675,-0.0018,0.3288,-0.3783,-0.0040,0.2963,-0.3795,0.1084,0.2963,-0.4177,0.1080,0.3727,-0.4909,0.1076,0.3360,0.0000,-0.0658,-0.0514,-0.0152,0.0000,0.0000,0.1000,0.0266,0.0399,9.6281,11.4251
20.8320,0.0000,0.0000,0.1519,-0.1675,-0.0018,0.3288,-0.3783,-0.0040,0.2964,-0.3794,0.1084,0.2964,-0.4176,0.1080,0.3728,-0.4909,0.1076,0.3361,0.0000,-0.0660,-0.0515,-0.0153,0.0000,0.0000,0.1000,0.0266,0.0399,9.6283,11.4254
20.8400,0.0000,0.0000,0.1519,-0.1674,-0.0018,0.3289,-0.3782,-0.0040,0.2965,-0.3794,0.1084,0.2965,-0.4175,0.1080,0.3729,-0.4908,0.1076,0.3362,0.0000,-0.0662,-0.0516,-0.0153,0.0000,0.0000,0.1000,0.0266,0.0399,9.6286,11.4257
20.8480,0.0000,0.0000,0.1519,-0.1674,-0.0018,0.3289,-0.3782,-0.0040,0.2966,-0.3793,0.1084,0.2966,-0.4175,0.1080,0.3729,-0.4908,0.1076,0.3363,0.0000,-0.0663,-0.0516,-0.0153,0.0000,0.0000,0.1000,0.0266,0.0399,9.6288,11.4260
20.8560,0.0000,0.0000,0.1519,-0.1673,-0.0018,0.3290,-0.3781,-0.0040,0.2966,-0.3793,0.1084,0.2966,-0.4174,0.1080,0.3730,-0.4907,0.1076,0.3364,0.0000,-0.0664,-0.0517,-0.0154,0.0000,0.0000,0.1000,0.0266,0.0399,9.6292,11.4264
20.8640,0.0000,0.0000,0.1519,-0.1673,-0.0018,0.3290,-0.3781,-0.0040,0.2967,-0.3793,0.1084,0.2967,-0.4174,0.1080,0.3731,-0.4907,0.1076,0.3365,0.0000,-0.0665,-0.0517,-0.0154,0.0000,0.0000,0.1000,0.0266,0.0399,9.6293,11.4266
20.8720,0.0000,0.0000,0.1519,-0.1673,-0.0018,0.3291,-0.3780,-0.0040,0.2968,-0.3792,0.1084,0.2968,-0.4173,0.1080,0.3732,-0.4906,0.1076,0.3366,0.0000,-0.0667,-0.0518,-0.0154,0.0000,0.0000,0.1000,0.0266,0.0399,9.6296,11.4269
20.8800,0.0000,0.0000,0.1519,-0.1672,-0.0018,0.3291,-0.3780,-0.0040,0.2969,-0.3792,0.1084,0.2969,-0.4173,0.1080,0.3732,-0.4906,0.1076,0.3367,0.0000,-0.0668,-0.0519,-0.0155,0.0000,0.0000,0.1000,0.0266,0.0399,9.6299,11.4273
20.8880,0.0000,0.0000,0.1519,-0.1672,-0.0018,0.3292,-0.3780,-0.0040,0.2969,-0.3791,0.1084,0.2969,-0.4172,0.1080,0.3733,-0.4905,0.1076,0.3368,0.0000,-0.0670,-0.0519,-0.0155,0.0000,0.0000,0.1000,0.0266,0.0399,9.6300,11.4274
20.8960,0.0000,0.0000,0.1519,-0.1671,-0.0018,0.3292,-0.3779,-0.0040,0.2970,-0.3791,0.1084,0.2970,-0.4172,0.1080,0.3734,-0.4905,0.1076,0.3369,0.0000,-0.0671,-0.0520,-0.0155,0.0000,0.0000,0.1000,0.0266,0.0399,9.6303,11.4278
20.9040,0.0000,0.0000,0.1519,-0.1671,-0.0018,0.3292,-0.3779,-0.0040,0.2971,-0.3791,0.1084,0.2971,-0.4171,0.1080,0.3735,-0.4904,0.1076,0.3370,0.0000,-0.0673,-0.0521,-0.0156,0.0000,0.0000,0.1000,0.0266,0.0399,9.6305,11.4279
20.9120,0.0000,0.0000,0.1519,-0.1670,-0.0018,0.3293,-0.3778,-0.0040,0.2972,-0.3790,0.1084,0.2972,-0.4170,0.1080,0.3736,-0.4904,0.1076,0.3371,0.0000,-0.0674,-0.0521,-0.0156,0.0000,0.0000,0.1000,0.0266,0.0399,9.6308,11.4283
20.9200,0.0000,0.0000,0.1519,-0.1670,-0.0018,0.3293,-0.3778,-0.0040,0.2972,-0.3790,0.1084,0.2972,-0.4170,0.1080,0.3736,-0.4903,0.1076,0.3372,0.0000,-0.0676,-0.0522,-0.0156,0.0000,0.0000,0.1000,0.0266,0.0399,9.6311,11.4286
20.9280,0.0000,0.0000,0.1519,-0.1669,-0.0018,0.3294,-0.3777,-0.0040,0.2973,-0.3789,0.1084,0.2973,-0.4169,0.1080,0.3737,-0.4903,0.1076,0.3372,0.0000,-0.0677,-0.0522,-0.0156,0.0000,0.0000,0.1000,0.0266,0.0399,9.6312,11.4289
20.9360,0.0000,0.0000,0.1519,-0.1669,-0.0018,0.3294,-0.3777,-0.0040,0.2974,-0.3789,0.1084,0.2974,-0.4169,0.1080,0.3738,-0.4902,0.1076,0.3373,0.0000,-0.0678,-0.0523,-0.0157,0.0000,0.0000,0.1000,0.0266,0.0399,9.6315,11.4291
20.9440,0.0000,0.0000,0.1519,-0.1668,-0.0018,0.3295,-0.3777,-0.0040,0.2974,-0.3788,0.1084,0.2974,-0.4168,0.1080,0.3738,-0.4902,0.1076,0.3374,0.0000,-0.0679,-0.0523,-0.0157,0.0000,0.0000,0.1000,0.0266,0.0399,9.6317,11.4294
20.9520,0.0000,0.0000,0.1519,-0.1668,-0.0017,0.3295,-0.3776,-0.0040,0.2975,-0.3788,0.1084,0.2975,-0.4168,0.1080,0.3739,-0.4901,0.1076,0.3375,0.0000,-0.0681,-0.0524,-0.0157,0.0000,0.0000,0.1000,0.0266,0.0399,9.6321,11.4298
20.9600,0.0000,0.0000,0.1519,-0.1668,-0.0017,0.3295,-0.3776,-0.0039,0.2975,-0.3788,0.1084,0.2975,-0.4167,0.1080,0.3740,-0.4901,0.1076,0.3376,0.0000,-0.0682,-0.0524,-0.0158,0.0000,0.0000,0.1000,0.0266,0.0399,9.6323,11.4301
20.9680,0.0000,0.0000,0.1519,-0.1667,-0.0017,0.3296,-0.3775,-0.0040,0.2976,-0.3787,0.1084,0.2976,-0.4167,0.1080,0.3741,-0.4900,0.1076,0.3376,0.0000,-0.0683,-0.0525,-0.0158,0.0000,0.0000,0.1000,0.0266,0.0399,9.6326,11.4305
20.9760,0.0000,0.0000,0.1519,-0.1667,-0.0018,0.3296,-0.3775,-0.0040,0.2977,-0.3787,0.1084,0.2977,-0.4166,0.1080,0.3741,-0.4900,0.1076,0.3377,0.0000,-0.0684,-0.0525,-0.0158,0.0000,0.0000,0.1000,0.0266,0.0399,9.6328,11.4307
20.9840,0.0000,0.0000,0.1519,-0.1666,-0.0018,0.3297,-0.3775,-0.0040,0.2977,-0.3786,0.1084,0.2977,-0.4166,0.1080,0.3742,-0.4899,0.1076,0.3378,0.0000,-0.0685,-0.0526,-0.0158,0.0000,0.0000,0.1000,0.0266,0.0399,9.6330,11.4309
20.9920,0.0000,0.0000,0.1519,-0.1666,-0.0017,0.3297,-0.3774,-0.0040,0.2978,-0.3786,0.1084,0.2978,-0.4165,0.1080,0.3743,-0.4899,0.1076,0.3379,0.0000,-0.0686,-0.0526,-0.0159,0.0000,0.0000,0.1000,0.0266,0.0399,9.6333,11.4312
21.0000,0.0000,0.0000,0.1519,-0.1665,-0.0017,0.3297,-0.3774,-0.0040,0.2979,-0.3786,0.1084,0.2979,-0.4165,0.1080,0.3743,-0.4898,0.1076,0.3379,0.0000,-0.0688,-0.0527,-0.0159,0.0000,0.0000,0.1000,0.0266,0.0399,9.6335,11.4315
21.0080,0.0000,0.0000,0.1519,-0.1665,-0.0018,0.3298,-0.3773,-0.0040,0.2979,-0.3785,0.1084,0.2979,-0.4164,0.1080,0.3744,-0.4898,0.1076,0.3380,0.0000,-0.0689,-0.0527,-0.0159,0.0000,0.0000,0.1000,0.0266,0.0399,9.6337,11.4317
21.0160,0.0000,0.0000,0.1519,-0.1665,-0.0018,0.3298,-0.3773,-0.0040,0.2980,-0.3785,0.1084,0.2980,-0.4164,0.1080,0.3744,-0.4898,0.1076,0.3381,0.0000,-0.0690,-0.0528,-0.0159,0.0000,0.0000,0.1000,0.0266,0.0399,9.6339,11.4319
21.0240,0.0000,0.0000,0.1519,-0.1664,-0.0018,0.3298,-0.3773,-0.0040,0.2980,-0.3785,0.1084,0.2980,-0.4163,0.1080,0.3745,-0.4897,0.1076,0.3382,0.0000,-0.0691,-0.0528,-0.0160,0.0000,0.0000,0.1000,0.0266,0.0399,9.6341,11.4322
21.0320,0.0000,0.0000,0.1519,-0.1664,-0.0018,0.3299,-0.3772,-0.0040,0.2981,-0.3784,0.1084,0.2981,-0.4163,0.1080,0.3746,-0.4897,0.1076,0.3382,0.0000,-0.0692,-0.0529,-0.0160,0.0000,0.0000,0.1000,0.0266,0.0399,9.6344,11.4325
21.0400,0.0000,0.0000,0.1519,-0.1663,-0.0017,0.3299,-0.3772,-0.0040,0.2981,-0.3784,0.1084,0.2981,-0.4162,0.1080,0.3746,-0.4896,0.1076,0.3383,0.0000,-0.0693,-0.0529,-0.0160,0.0000,0.0000,0.1000,0.0266,0.0399,9.6346,11.4328
21.0480,0.0000,0.0000,0.1519,-0.1663,-0.0017,0.3300,-0.3772,-0.0040,0.2982,-0.3783,0.1084,0.2982,-0.4162,0.1080,0.3747,-0.4896,0.1076,0.3383,0.0000,-0.0694,-0.0530,-0.0160,0.0000,0.0000,0.1000,0.0266,0.0399,9.6349,11.4331
21.0560,0.0000,0.0000,0.1519,-0.1663,-0.0018,0.3300,-0.3771,-0.0040,0.2982,-0.3783,0.1084,0.2982,-0.4162,0.1080,0.3747,-0.4896,0.1076,0.3384,0.0000,-0.0695,-0.0530,-0.0161,0.0000,0.0000,0.1000,0.0266,0.0399,9.6351,11.4334
21.0640,0.0000,0.0000,0.1519,-0.1662,-0.0017,0.3300,-0.3771,-0.0040,0.2983,-0.3783,0.1084,0.2983,-0.4161,0.1080,0.3748,-0.4895,0.1076,0.3385,0.0000,-0.0696,-0.0530,-0.0161,0.0000,0.0000,0.1000,0.0266,0.0399,9.6355,11.4338
21.0720,0.0000,0.0000,0.1519,-0.1662,-0.0017,0.3301,-0.3771,-0.0040,0.2983,-0.3782,0.1084,0.2983,-0.4161,0.1080,0.3748,-0.4895,0.1076,0.3385,0.0000,-0.0696,-0.0530,-0.0161,0.0000,0.0000,0.1000,0.0266,0.0399,9.6357,11.4340
21.0800,0.0000,0.0000,0.1519,-0.1662,-0.0017,0.3301,-0.3770,-0.0040,0.2984,-0.3782,0.1084,0.2984,-0.4160,0.1080,0.3749,-0.4894,0.1076,0.3386,0.0000,-0.0698,-0.0531,-0.0161,0.0000,0.0000,0.1000,0.0266,0.0399,9.6359,11.4343
21.0880,0.0000,0.0000,0.1519,-0.1661,-0.0017,0.3301,-0.3770,-0.0040,0.2984,-0.3782,0.1084,0.2984,-0.4160,0.1080,0.3749,-0.4894,0.1076,0.3386,0.0000,-0.0698,-0.0531,-0.0161,0.0000,0.0000,0.1000,0.0266,0.0399,9.6361,11.4346
21.0960,0.0000,0.0000,0.1519,-0.1661,-0.0018,0.3302,-0.3769,-0.0040,0.2985,-0.3781,0.1084,0.2985,-0.4159,0.1080,0.3750,-0.4894,0.1076,0.3387,0.0000,-0.0700,-0.0532,-0.0162,0.0000,0.0000,0.1000,0.0266,0.0399,9.6363,11.4348
21.1040,0.0000,0.0000,0.1519,-0.1660,-0.0017,0.3302,-0.3769,-0.0040,0.2985,-0.3781,0.1084,0.2985,-0.4159,0.1080,0.3751,-0.4893,0.1076,0.3388,0.0000,-0.0700,-0.0532,-0.0162,0.0000,0.0000,0.1000,0.0266,0.0399,9.6366,11.4351
21.1120,0.0000,0.0000,0.1519,-0.1660,-0.0018,0.3302,-0.3769,-0.0040,0.2986,-0.3781,0.1084,0.2986,-0.4158,0.1080,0.3751,-0.4893,0.1076,0.3389,0.0000,-0.0702,-0.0533,-0.0162,0.0000,0.0000,0.1000,0.0266,0.0399,9.6368,11.4353
21.1200,0.0000,0.0000,0.1519,-0.1660,-0.0017,0.3303,-0.3768,-0.0039,0.2986,-0.3780,0.1084,0.2986,-0.4158,0.1080,0.3752,-0.4892,0.1076,0.3389,0.0000,-0.0703,-0.0533,-0.0163,0.0000,0.0000,0.1000,0.0266,0.0399,9.6371,11.4357
21.1280,0.0000,0.0000,0.1519,-0.1659,-0.0017,0.3303,-0.3768,-0.0040,0.2987,-0.3780,0.1084,0.2987,-0.4158,0.1080,0.3752,-0.4892,0.1076,0.3390,0.0000,-0.0703,-0.0534,-0.0163,0.0000,0.0000,0.1000,0.0266,0.0399,9.6373,11.4360
21.1360,0.0000,0.0000,0.1519,-0.1659,-0.0017,0.3303,-0.3768,-0.0039,0.2987,-0.3780,0.1084,0.2987,-0.4157,0.1080,0.3753,-0.4892,0.1076,0.3390,0.0000,-0.0704,-0.0534,-0.0163,0.0000,0.0000,0.1000,0.0266,0.0399,9.6375,11.4362
21.1440,0.0000,0.0000,0.1519,-0.1659,-0.0017,0.3304,-0.3767,-0.0039,0.2987,-0.3779,0.1084,0.2987,-0.4157,0.1080,0.3753,-0.4891,0.1076,0.3391,0.0000,-0.0705,-0.0534,-0.0163,0.0000,0.0000,0.1000,0.0266,0.0399,9.6379,11.4366
21.1520,0.0000,0.0000,0.1519,-0.1658,-0.0017,0.3304,-0.3767,-0.0040,0.2988,-0.3779,0.1084,0.2988,-0.4156,0.1080,0.3753,-0.4891,0.1076,0.3391,0.0000,-0.0705,-0.0534,-0.0163,0.0000,0.0000,0.1000,0.0266,0.0399,9.6381,11.4369
21.1600,0.0000,0.0000,0.1519,-0.1658,-0.0017,0.3304,-0.3767,-0.0040,0.2989,-0.3779,0.1084,0.2989,-0.4156,0.1080,0.3754,-0.4891,0.1076,0.3392,0.0000,-0.0707,-0.0535,-0.0163,0.0000,0.0000,0.1000,0.0266,0.0399,9.6383,11.4371
21.1680,0.0000,0.0000,0.1519,-0.1658,-0.0017,0.3305,-0.3766,-0.0040,0.2989,-0.3778,0.1084,0.2989,-0.4156,0.1080,0.3754,-0.4890,0.1076,0.3392,0.0000,-0.0707,-0.0535,-0.0164,0.0000,0.0000,0.1000,0.0266,0.0399,9.6386,11.4374
21.1760,0.0000,0.0000,0.1519,-0.1657,-0.0017,0.3305,-0.3766,-0.0039,0.2989,-0.3778,0.1084,0.2989,-0.4155,0.1080,0.3755,-0.4890,0.1076,0.3393,0.0000,-0.0708,-0.0535,-0.0164,0.0000,0.0000,0.1000,0.0266,0.0399,9.6388,11.4377
21.1840,0.0000,0.0000,0.1519,-0.1657,-0.0017,0.3305,-0.3766,-0.0040,0.2990,-0.3778,0.1084,0.2990,-0.4155,0.1080,0.3755,-0.4889,0.1076,0.3393,0.0000,-0.0709,-0.0536,-0.0164,0.0000,0.0000,0.1000,0.0266,0.0399,9.6391,11.4380
21.1920,0.0000,0.0000,0.1519,-0.1657,-0.0017,0.3306,-0.3766,-0.0040,0.2990,-0.3777,0.1084,0.2990,-0.4155,0.1080,0.3756,-0.4889,0.1076,0.3394,0.0000,-0.0710,-0.0536,-0.0164,0.0000,0.0000,0.1000,0.0266,0.0399,9.6392,11.4381
21.2000,0.0000,0.0000,0.1519,-0.1656,-0.0017,0.3306,-0.3765,-0.0039,0.2990,-0.3777,0.1084,0.2990,-0.4154,0.1080,0.3756,-0.4889,0.1076,0.3394,0.0000,-0.0710,-0.0536,-0.0164,0.0000,0.0000,0.1000,0.0266,0.0399,9.6396,11.4386
21.2080,0.0000,0.0000,0.1519,-0.1656,-0.0017,0.3306,-0.3765,-0.0040,0.2991,-0.3777,0.1084,0.2991,-0.4154,0.1080,0.3757,-0.4888,0.1076,0.3395,0.0000,-0.0711,-0.0537,-0.0165,0.0000,0.0000,0.1000,0.0266,0.0399,9.6397,11.4387
21.2160,0.0000,0.0000,0.1519,-0.1656,-0.0017,0.3307,-0.3765,-0.0039,0.2991,-0.3776,0.1084,0.2991,-0.4153,0.1080,0.3757,-0.4888,0.1076,0.3396,0.0000,-0.0712,-0.0537,-0.0165,0.0000,0.0000,0.1000,0.0266,0.0399,9.6400,11.4390
21.2240,0.0000,0.0000,0.1519,-0.1655,-0.0017,0.3307,-0.3764,-0.0040,0.2992,-0.3776,0.1084,0.2992,-0.4153,0.1080,0.3757,-0.4888,0.1076,0.3396,0.0000,-0.0713,-0.0538,-0.0165,0.0000,0.0000,0.1000,0.0266,0.0399,9.6402,11.4393
21.2320,0.0000,0.0000,0.1519,-0.1655,-0.0017,0.3307,-0.3764,-0.0040,0.2992,-0.3776,0.1084,0.2992,-0.4153,0.1080,0.3758,-0.4887,0.1076,0.3396,0.0000,-0.0713,-0.0538,-0.0165,0.0000,0.0000,0.1000,0.0266,0.0399,9.6404,11.4396
21.2400,0.0000,0.0000,0.1519,-0.1655,-0.0017,0.3307,-0.3764,-0.0040,0.2992,-0.3775,0.1084,0.2992,-0.4152,0.1080,0.3758,-0.4887,0.1076,0.3397,0.0000,-0.0714,-0.0538,-0.0165,0.0000,0.0000,0.1000,0.0266,0.0399,9.6407,11.4399
21.2480,0.0000,0.0000,0.1519,-0.1654,-0.0017,0.3308,-0.3763,-0.0040,0.2993,-0.3775,0.1084,0.2993,-0.4152,0.1080,0.3758,-0.4887,0.1076,0.3397,0.0000,-0.0714,-0.0538,-0.0165,0.0000,0.0000,0.1000,0.0266,0.0399,9.6410,11.4403
21.2560,0.0000,0.0000,0.1519,-0.1654,-0.0017,0.3308,-0.3763,-0.0040,0.2993,-0.3775,0.1084,0.2993,-0.4152,0.1080,0.3759,-0.4886,0.1076,0.3397,0.0000,-0.0715,-0.0538,-0.0165,0.0000,0.0000,0.1000,0.0266,0.0399,9.6413,11.4406
21.2640,0.0000,0.0000,0.1519,-0.1654,-0.0017,0.3308,-0.3763,-0.0039,0.2993,-0.3775,0.1084,0.2993,-0.4151,0.1080,0.3759,-0.4886,0.1076,0.3397,0.0000,-0.0715,-0.0538,-0.0165,0.0000,0.0000,0.1000,0.0266,0.0399,9.6415,11.4408
21.2720,0.0000,0.0000,0.1519,-0.1654,-0.0017,0.3308,-0.3762,-0.0040,0.2993,-0.3774,0.1084,0.2993,-0.4151,0.1080,0.3759,-0.4886,0.1076,0.3398,0.0000,-0.0716,-0.0538,-0.0166,0.0000,0.0000,0.1000,0.0266,0.0399,9.6417,11.4411
21.2800,0.0000,0.0000,0.1519,-0.1653,-0.0017,0.3309,-0.3762,-0.0040,0.2994,-0.3774,0.1084,0.2994,-0.4151,0.1080,0.3760,-0.4886,0.1076,0.3398,0.0000,-0.0716,-0.0539,-0.0166,0.0000,0.0000,0.1000,0.0266,0.0399,9.6419,11.4413
21.2880,0.0000,0.0000,0.1519,-0.1653,-0.0017,0.3309,-0.3762,-0.0040,0.2994,-0.3774,0.1084,0.2994,-0.4150,0.1080,0.3760,-0.4885,0.1076,0.3399,0.0000,-0.0717,-0.0539,-0.0166,0.0000,0.0000,0.1000,0.0266,0.0399,9.6421,11.4416
21.2960,0.0000,0.0000,0.1519,-0.1653,-0.0017,0.3309,-0.3762,-0.0039,0.2994,-0.3773,0.1084,0.2994,-0.4150,0.1080,0.3760,-0.4885,0.1076,0.3399,0.0000,-0.0718,-0.0539,-0.0166,0.0000,0.0000,0.1000,0.0266,0.0399,9.6424,11.4419
21.3040,0.0000,0.0000,0.1519,-0.1652,-0.0017,0.3310,-0.3761,-0.0040,0.2995,-0.3773,0.1084,0.2995,-0.4150,0.1080,0.3760,-0.4885,0.1076,0.3399,0.0000,-0.0718,-0.0539,-0.0166,0.0000,0.0000,0.1000,0.0266,0.0399,9.6427,11.4422
21.3120,0.0000,0.0000,0.1519,-0.1652,-0.0017,0.3310,-0.3761,-0.0040,0.2995,-0.3773,0.1084,0.2995,-0.4149,0.1080,0.3761,-0.4884,0.1076,0.3399,0.0000,-0.0718,-0.0539,-0.0166,0.0000,0.0000,0.1000,0.0266,0.0399,9.6429,11.4424
21.3200,0.0000,0.0000,0.1519,-0.1652,-0.0017,0.3310,-0.3761,-0.0039,0.2995,-0.3773,0.1084,0.2995,-0.4149,0.1080,0.3761,-0.4884,0.1076,0.3400,0.0000,-0.0718,-0.0539,-0.0166,0.0000,0.0000,0.1000,0.0266,0.0399,9.6432,11.4428
21.3280,0.0000,0.0000,0.1519,-0.1652,-0.0017,0.3310,-0.3760,-0.0039,0.2995,-0.3772,0.1084,0.2995,-0.4149,0.1080,0.3761,-0.4884,0.1076,0.3400,0.0000,-0.0719,-0.0540,-0.0166,0.0000,0.0000,0.1000,0.0266,0.0399,9.6435,11.4432
21.3360,0.0000,0.0000,0.1519,-0.1651,-0.0017,0.3310,-0.3760,-0.0039,0.2995,-0.3772,0.1084,0.2995,-0.4149,0.1080,0.3761,-0.4884,0.1076,0.3400,0.0000,-0.0719,-0.0540,-0.0166,0.0000,0.0000,0.1000,0.0266,0.0399,9.6436,11.4433
21.3440,0.0000,0.0000,0.1519,-0.1651,-0.0017,0.3311,-0.3760,-0.0039,0.2996,-0.3772,0.1084,0.2996,-0.4148,0.1080,0.3762,-0.4883,0.1076,0.3400,0.0000,-0.0720,-0.0540,-0.0167,0.0000,0.0000,0.1000,0.0266,0.0399,9.6440,11.4437
21.3520,0.0000,0.0000,0.1519,-0.1651,-0.0017,0.3311,-0.3760,-0.0039,0.2996,-0.3771,0.1084,0.2996,-0.4148,0.1080,0.3762,-0.4883,0.1076,0.3401,0.0000,-0.0720,-0.0540,-0.0167,0.0000,0.0000,0.1000,0.0266,0.0399,9.6441,11.4439
21.3600,0.0000,0.0000,0.1519,-0.1651,-0.0017,0.3311,-0.3760,-0.0039,0.2996,-0.3771,0.1084,0.2996,-0.4148,0.1080,0.3762,-0.4883,0.1076,0.3401,0.0000,-0.0720,-0.0540,-0.0167,0.0000,0.0000,0.1000,0.0266,0.0399,9.6444,11.4442
21.3680,0.0000,0.0000,0.1519,-0.1650,-0.0017,0.3312,-0.3759,-0.0040,0.2996,-0.3771,0.1084,0.2996,-0.4147,0.1080,0.3763,-0.4882,0.1076,0.3401,0.0000,-0.0721,-0.0540,-0.0167,0.0000,0.0000,0.1000,0.0266,0.0399,9.6446,11.4445
21.3760,0.0000,0.0000,0.1519,-0.1650,-0.0017,0.3312,-0.3759,-0.0039,0.2996,-0.3771,0.1084,0.2996,-0.4147,0.1080,0.3762,-0.4882,0.1076,0.3401,0.0000,-0.0721,-0.0540,-0.0167,0.0000,0.0000,0.1000,0.0266,0.0399,9.6448,11.4447
21.3840,0.0000,0.0000,0.1519,-0.1650,-0.0017,0.3312,-0.3759,-0.0039,0.2997,-0.3770,0.1084,0.2997,-0.4147,0.1080,0.3763,-0.4882,0.1076,0.3402,0.0000,-0.0722,-0.0541,-0.0167,0.0000,0.0000,0.1000,0.0266,0.0399,9.6450,11.4450
21.3920,0.0000,0.0000,0.1519,-0.1650,-0.0017,0.3312,-0.3759,-0.0039,0.2997,-0.3770,0.1084,0.2997,-0.4147,0.1080,0.3763,-0.4882,0.1076,0.3402,0.0000,-0.0722,-0.0541,-0.0167,0.0000,0.0000,0.1000,0.0266,0.0399,9.6452,11.4452
21.4000,0.0000,0.0000,0.1519,-0.1649,-0.0017,0.3312,-0.3758,-0.0040,0.2997,-0.3770,0.1084,0.2997,-0.4146,0.1080,0.3763,-0.4881,0.1076,0.3402,0.0000,-0.0723,-0.0541,-0.0167,0.0000,0.0000,0.1000,0.0266,0.0399,9.6455,11.4455
21.4080,0.0000,0.0000,0.1519,-0.1649,-0.0017,0.3313,-0.3758,-0.0040,0.2998,-0.3770,0.1084,0.2998,-0.4146,0.1080,0.3764,-0.4881,0.1076,0.3403,0.0000,-0.0723,-0.0541,-0.0167,0.0000,0.0000,0.1000,0.0266,0.0399,9.6456,11.4457
21.4160,0.0000,0.0000,0.1519,-0.1649,-0.0017,0.3313,-0.3758,-0.0039,0.2998,-0.3769,0.1084,0.2998,-0.4146,0.1080,0.3764,-0.4881,0.1076,0.3403,0.0000,-0.0723,-0.0541,-0.0167,0.0000,0.0000,0.1000,0.0266,0.0399,9.6460,11.4462
21.4240,0.0000,0.0000,0.1519,-0.1648,-0.0017,0.3313,-0.3757,-0.0040,0.2998,-0.3769,0.1084,0.2998,-0.4145,0.1080,0.3764,-0.4881,0.1076,0.3403,0.0000,-0.0723,-0.0541,-0.0168,0.0000,0.0000,0.1000,0.0266,0.0399,9.6462,11.4464
21.4320,0.0000,0.0000,0.1519,-0.1648,-0.0017,0.3313,-0.3757,-0.0040,0.2998,-0.3769,0.1084,0.2998,-0.4145,0.1080,0.3764,-0.4880,0.1076,0.3403,0.0000,-0.0723,-0.0541,-0.0168,0.0000,0.0000,0.1000,0.0266,0.0399,9.6466,11.4468
21.4400,0.0000,0.0000,0.1519,-0.1648,-0.0017,0.3314,-0.3757,-0.0039,0.2998,-0.3769,0.1084,0.2998,-0.4145,0.1080,0.3764,-0.4880,0.1076,0.3403,0.0000,-0.0724,-0.0541,-0.0168,0.0000,0.0000,0.1000,0.0266,0.0399,9.6468,11.4470
21.4480,0.0000,0.0000,0.1519,-0.1648,-0.0017,0.3314,-0.3757,-0.0039,0.2998,-0.3768,0.1084,0.2998,-0.4145,0.1080,0.3764,-0.4880,0.1076,0.3403,0.0000,-0.0723,-0.0541,-0.0168,0.0000,0.0000,0.1000,0.0266,0.0399,9.6471,11.4474
21.4560,0.0000,0.0000,0.1519,-0.1648,-0.0017,0.3314,-0.3756,-0.0039,0.2998,-0.3768,0.1084,0.2998,-0.4145,0.1080,0.3764,-0.4880,0.1076,0.3403,0.0000,-0.0723,-0.0540,-0.0168,0.0000,0.0000,0.1000,0.0266,0.0399,9.6474,11.4478
21.4640,0.0000,0.0000,0.1519,-0.1647,-0.0017,0.3314,-0.3756,-0.0040,0.2998,-0.3768,0.1084,0.2998,-0.4145,0.1080,0.3764,-0.4880,0.1076,0.3403,0.0000,-0.0724,-0.0541,-0.0168,0.0000,0.0000,0.1000,0.0266,0.0399,9.6475,11.4478
21.4720,0.0000,0.0000,0.1519,-0.1647,-0.0017,0.3314,-0.3756,-0.0040,0.2999,-0.3768,0.1084,0.2999,-0.4144,0.1080,0.3765,-0.4879,0.1076,0.3403,0.0000,-0.0724,-0.0541,-0.0168,0.0000,0.0000,0.1000,0.0266,0.0399,9.6477,11.4481
21.4800,0.0000,0.0000,0.1519,-0.1647,-0.0017,0.3314,-0.3756,-0.0039,0.2999,-0.3768,0.1084,0.2999,-0.4144,0.1080,0.3765,-0.4879,0.1076,0.3403,0.0000,-0.0724,-0.0541,-0.0168,0.0000,0.0000,0.1000,0.0266,0.0399,9.6480,11.4485
21.4880,0.0000,0.0000,0.1519,-0.1647,-0.0017,0.3315,-0.3756,-0.0039,0.2999,-0.3767,0.1084,0.2999,-0.4144,0.1080,0.3764,-0.4879,0.1076,0.3403,0.0000,-0.0724,-0.0540,-0.0168,0.0000,0.0000,0.1000,0.0266,0.0399,9.6483,11.4488
21.4960,0.0000,0.0000,0.1519,-0.1647,-0.0017,0.3315,-0.3755,-0.0039,0.2999,-0.3767,0.1084,0.2999,-0.4144,0.1080,0.3765,-0.4879,0.1076,0.3403,0.0000,-0.0724,-0.0540,-0.0168,0.0000,0.0000,0.1000,0.0266,0.0399,9.6485,11.4491
21.5040,0.0000,0.0000,0.1519,-0.1646,-0.0017,0.3315,-0.3755,-0.0039,0.2999,-0.3767,0.1084,0.2999,-0.4143,0.1080,0.3765,-0.4878,0.1076,0.3404,0.0000,-0.0724,-0.0540,-0.0168,0.0000,0.0000,0.1000,0.0266,0.0399,9.6488,11.4494
21.5120,0.0000,0.0000,0.1519,-0.1646,-0.0017,0.3315,-0.3755,-0.0039,0.2999,-0.3767,0.1084,0.2999,-0.4143,0.1080,0.3765,-0.4878,0.1076,0.3404,0.0000,-0.0724,-0.0540,-0.0168,0.0000,0.0000,0.1000,0.0266,0.0399,9.6490,11.4496
21.5200,0.0000,0.0000,0.1519,-0.1646,-0.0017,0.3315,-0.3755,-0.0039,0.2999,-0.3767,0.1084,0.2999,-0.4143,0.1080,0.3765,-0.4878,0.1076,0.3404,0.0000,-0.0724,-0.0540,-0.0168,0.0000,0.0000,0.1000,0.0266,0.0399,9.6492,11.4499
21.5280,0.0000,0.0000,0.1519,-0.1646,-0.0017,0.3315,-0.3755,-0.0039,0.2999,-0.3766,0.1084,0.2999,-0.4143,0.1080,0.3765,-0.4878,0.1076,0.3403,0.0000,-0.0723,-0.0540,-0.0168,0.0000,0.0000,0.1000,0.0266,0.0399,9.6495,11.4502
21.5360,0.0000,0.0000,0.1519,-0.1646,-0.0017,0.3316,-0.3754,-0.0039,0.2999,-0.3766,0.1084,0.2999,-0.4143,0.1080,0.3765,-0.4878,0.1076,0.3403,0.0000,-0.0723,-0.0539,-0.0168,0.0000,0.0000,0.1000,0.0266,0.0399,9.6497,11.4505
21.5440,0.0000,0.0000,0.1519,-0.1646,-0.0017,0.3316,-0.3754,-0.0039,0.2999,-0.3766,0.1084,0.2999,-0.4143,0.1080,0.3765,-0.4878,0.1076,0.3403,0.0000,-0.0723,-0.0540,-0.0168,0.0000,0.0000,0.1000,0.0266,0.0399,9.6500,11.4508
21.5520,0.0000,0.0000,0.1519,-0.1645,-0.0017,0.3316,-0.3754,-0.0039,0.2999,-0.3766,0.1084,0.2999,-0.4143,0.1080,0.3765,-0.4877,0.1076,0.3403,0.0000,-0.0723,-0.0540,-0.0168,0.0000,0.0000,0.1000,0.0266,0.0399,9.6502,11.4510
21.5600,0.0000,0.0000,0.1519,-0.1645,-0.0017,0.3316,-0.3754,-0.0039,0.2999,-0.3766,0.1084,0.2999,-0.4142,0.1080,0.3765,-0.4877,0.1076,0.3403,0.0000,-0.0723,-0.0539,-0.0168,0.0000,0.0000,0.1000,0.0266,0.0399,9.6505,11.4513
21.5680,0.0000,0.0000,0.1519,-0.1645,-0.0017,0.3316,-0.3754,-0.0039,0.2999,-0.3766,0.1084,0.2999,-0.4142,0.1080,0.3765,-0.4877,0.1076,0.3403,0.0000,-0.0723,-0.0539,-0.0168,0.0000,0.0000,0.1000,0.0266,0.0399,9.6507,11.4516
21.5760,0.0000,0.0000,0.1519,-0.1645,-0.0017,0.3316,-0.3753,-0.0039,0.2999,-0.3765,0.1084,0.2999,-0.4142,0.1080,0.3765,-0.4877,0.1076,0.3403,0.0000,-0.0723,-0.0539,-0.0168,0.0000,0.0000,0.1000,0.0266,0.0399,9.6510,11.4520
21.5840,0.0000,0.0000,0.1519,-0.1645,-0.0017,0.3317,-0.3753,-0.0039,0.2999,-0.3765,0.1084,0.2999,-0.4142,0.1080,0.3764,-0.4877,0.1076,0.3403,0.0000,-0.0722,-0.0538,-0.0167,0.0000,0.0000,0.1000,0.0266,0.0399,9.6513,11.4523
21.5920,0.0000,0.0000,0.1519,-0.1644,-0.0017,0.3317,-0.3753,-0.0040,0.2999,-0.3765,0.1084,0.2999,-0.4142,0.1080,0.3765,-0.4877,0.1076,0.3403,0.0000,-0.0722,-0.0539,-0.0168,0.0000,0.0000,0.1000,0.0266,0.0399,9.6515,11.4525
21.6000,0.0000,0.0000,0.1519,-0.1644,-0.0017,0.3317,-0.3753,-0.0039,0.2999,-0.3765,0.1084,0.2999,-0.4142,0.1080,0.3765,-0.4876,0.1076,0.3403,0.0000,-0.0722,-0.0538,-0.0167,0.0000,0.0000,0.1000,0.0266,0.0399,9.6518,11.4529
21.6080,0.0000,0.0000,0.1519,-0.1644,-0.0017,0.3317,-0.3753,-0.0039,0.2999,-0.3765,0.1084,0.2999,-0.4142,0.1080,0.3764,-0.4876,0.1076,0.3403,0.0000,-0.0722,-0.0538,-0.0167,0.0000,0.0000,0.1000,0.0266,0.0399,9.6520,11.4531
21.6160,0.0000,0.0000,0.1519,-0.1644,-0.0017,0.3317,-0.3753,-0.0039,0.2999,-0.3764,0.1084,0.2999,-0.4141,0.1080,0.3764,-0.4876,0.1076,0.3403,0.0000,-0.0722,-0.0538,-0.0167,0.0000,0.0000,0.1000,0.0266,0.0399,9.6523,11.4534
21.6240,0.0000,0.0000,0.1519,-0.1644,-0.0017,0.3317,-0.3752,-0.0039,0.2999,-0.3764,0.1084,0.2999,-0.4141,0.1080,0.3764,-0.4876,0.1076,0.3402,0.0000,-0.0721,-0.0538,-0.0167,0.0000,0.0000,0.1000,0.0266,0.0399,9.6524,11.4536
21.6320,0.0000,0.0000,0.1519,-0.1644,-0.0017,0.3317,-0.3752,-0.0039,0.2999,-0.3764,0.1084,0.2999,-0.4141,0.1080,0.3764,-0.4876,0.1076,0.3402,0.0000,-0.0721,-0.0537,-0.0167,0.0000,0.0000,0.1000,0.0266,0.0399,9.6526,11.4539
21.6400,0.0000,0.0000,0.1519,-0.1644,-0.0017,0.3317,-0.3752,-0.0039,0.2998,-0.3764,0.1084,0.2998,-0.4141,0.1080,0.3764,-0.4876,0.1076,0.3402,0.0000,-0.0721,-0.0537,-0.0167,0.0000,0.0000,0.1000,0.0266,0.0399,9.6529,11.4542
21.6480,0.0000,0.0000,0.1519,-0.1644,-0.0017,0.3318,-0.3752,-0.0039,0.2999,-0.3764,0.1084,0.2999,-0.4141,0.1080,0.3764,-0.4876,0.1076,0.3402,0.0000,-0.0721,-0.0537,-0.0167,0.0000,0.0000,0.1000,0.0266,0.0399,9.6531,11.4545
21.6560,0.0000,0.0000,0.1519,-0.1643,-0.0017,0.3318,-0.3752,-0.0039,0.2999,-0.3764,0.1084,0.2999,-0.4141,0.1080,0.3764,-0.4875,0.1076,0.3402,0.0000,-0.0720,-0.0537,-0.0167,0.0000,0.0000,0.1000,0.0266,0.0399,9.6534,11.4548
21.6640,0.0000,0.0000,0.1519,-0.1643,-0.0017,0.3318,-0.3752,-0.0040,0.2998,-0.3764,0.1084,0.2998,-0.4141,0.1080,0.3764,-0.4876,0.1076,0.3401,0.0000,-0.0720,-0.0536,-0.0167,0.0000,0.0000,0.1000,0.0266,0.0399,9.6536,11.4550
21.6720,0.0000,0.0000,0.1519,-0.1643,-0.0017,0.3318,-0.3751,-0.0039,0.2998,-0.3763,0.1084,0.2998,-0.4141,0.1080,0.3764,-0.4875,0.1076,0.3401,0.0000,-0.0719,-0.0536,-0.0167,0.0000,0.0000,0.1000,0.0266,0.0399,9.6539,11.4554
21.6800,0.0000,0.0000,0.1519,-0.1643,-0.0017,0.3318,-0.3751,-0.0039,0.2998,-0.3763,0.1084,0.2998,-0.4141,0.1080,0.3763,-0.4875,0.1076,0.3401,0.0000,-0.0718,-0.0535,-0.0167,0.0000,0.0000,0.1000,0.0266,0.0399,9.6542,11.4557
21.6880,0.0000,0.0000,0.1519,-0.1643,-0.0017,0.3318,-0.3751,-0.0039,0.2998,-0.3763,0.1084,0.2998,-0.4141,0.1080,0.3763,-0.4875,0.1076,0.3401,0.0000,-0.0718,-0.0535,-0.0167,0.0000,0.0000,0.1000,0.0266,0.0399,9.6544,11.4559
21.6960,0.0000,0.0000,0.1519,-0.1643,-0.0017,0.3318,-0.3751,-0.0039,0.2998,-0.3763,0.1084,0.2998,-0.4141,0.1080,0.3763,-0.4875,0.1076,0.3401,0.0000,-0.0718,-0.0535,-0.0167,0.0000,0.0000,0.1000,0.0266,0.0399,9.6547,11.4563
21.7040,0.0000,0.0000,0.1519,-0.1643,-0.0017,0.3318,-0.3751,-0.0040,0.2997,-0.3763,0.1084,0.2997,-0.4141,0.1080,0.3762,-0.4875,0.1076,0.3400,0.0000,-0.0716,-0.0534,-0.0166,0.0000,0.0000,0.1000,0.0266,0.0399,9.6549,11.4566
21.7120,0.0000,0.0000,0.1519,-0.1643,-0.0017,0.3318,-0.3751,-0.0039,0.2997,-0.3763,0.1084,0.2997,-0.4141,0.1080,0.3762,-0.4875,0.1077,0.3399,0.0000,-0.0716,-0.0534,-0.0166,0.0000,0.0000,0.1000,0.0266,0.0399,9.6553,11.4570
21.7200,0.0000,0.0000,0.1519,-0.1643,-0.0017,0.3318,-0.3751,-0.0039,0.2997,-0.3762,0.1084,0.2997,-0.4141,0.1080,0.3762,-0.4875,0.1076,0.3399,0.0000,-0.0716,-0.0533,-0.0166,0.0000,0.0000,0.1000,0.0266,0.0399,9.6555,11.4572
21.7280,0.0000,0.0000,0.1519,-0.1643,-0.0017,0.3318,-0.3751,-0.0039,0.2997,-0.3762,0.1084,0.2997,-0.4141,0.1080,0.3762,-0.4875,0.1076,0.3399,0.0000,-0.0715,-0.0533,-0.0166,0.0000,0.0000,0.1000,0.0266,0.0399,9.6557,11.4575
21.7360,0.0000,0.0000,0.1519,-0.1642,-0.0017,0.3319,-0.3750,-0.0039,0.2997,-0.3762,0.1084,0.2997,-0.4141,0.1080,0.3762,-0.4875,0.1076,0.3399,0.0000,-0.0715,-0.0533,-0.0166,0.0000,0.0000,0.1000,0.0266,0.0399,9.6560,11.4578
21.7440,0.0000,0.0000,0.1519,-0.1642,-0.0017,0.3319,-0.3750,-0.0039,0.2996,-0.3762,0.1084,0.2996,-0.4141,0.1080,0.3762,-0.4875,0.1076,0.3398,0.0000,-0.0714,-0.0532,-0.0166,0.0000,0.0000,0.1000,0.0266,0.0399,9.6561,11.4580
21.7520,0.0000,0.0000,0.1519,-0.1642,-0.0017,0.3319,-0.3750,-0.0039,0.2996,-0.3762,0.1084,0.2996,-0.4141,0.1080,0.3761,-0.4875,0.1076,0.3398,0.0000,-0.0713,-0.0532,-0.0166,0.0000,0.0000,0.1000,0.0266,0.0399,9.6564,11.4583
21.7600,0.0000,0.0000,0.1519,-0.1642,-0.0017,0.3319,-0.3750,-0.0039,0.2996,-0.3762,0.1084,0.2996,-0.4140,0.1080,0.3761,-0.4874,0.1076,0.3398,0.0000,-0.0713,-0.0531,-0.0166,0.0000,0.0000,0.1000,0.0266,0.0399,9.6567,11.4587
21.7680,0.0000,0.0000,0.1519,-0.1642,-0.0017,0.3319,-0.3750,-0.0039,0.2996,-0.3762,0.1084,0.2996,-0.4140,0.1080,0.3761,-0.4874,0.1077,0.3397,0.0000,-0.0712,-0.0531,-0.0165,0.0000,0.0000,0.1000,0.0266,0.0399,9.6570,11.4590
21.7760,0.0000,0.0000,0.1519,-0.1642,-0.0017,0.3319,-0.3750,-0.0039,0.2996,-0.3762,0.1084,0.2996,-0.4140,0.1080,0.3760,-0.4874,0.1076,0.3397,0.0000,-0.0711,-0.0530,-0.0165,0.0000,0.0000,0.1000,0.0266,0.0399,9.6571,11.4592
21.7840,0.0000,0.0000,0.1519,-0.1642,-0.0017,0.3319,-0.3750,-0.0039,0.2995,-0.3762,0.1084,0.2995,-0.4140,0.1080,0.3760,-0.4874,0.1077,0.3397,0.0000,-0.0711,-0.0530,-0.0165,0.0000,0.0000,0.1000,0.0266,0.0399,9.6575,11.4596
21.7920,0.0000,0.0000,0.1519,-0.1642,-0.0017,0.3319,-0.3750,-0.0039,0.2995,-0.3761,0.1084,0.2995,-0.4140,0.1080,0.3760,-0.4874,0.1076,0.3396,0.0000,-0.0710,-0.0530,-0.0165,0.0000,0.0000,0.1000,0.0266,0.0399,9.6577,11.4598
21.8000,0.0000,0.0000,0.1519,-0.1642,-0.0017,0.3319,-0.3750,-0.0039,0.2995,-0.3761,0.1084,0.2995,-0.4140,0.1080,0.3760,-0.4874,0.1076,0.3396,0.0000,-0.0709,-0.0529,-0.0165,0.0000,0.0000,0.1000,0.0266,0.0399,9.6579,11.4601
21.8080,0.0000,0.0000,0.1519,-0.1642,-0.0017,0.3319,-0.3749,-0.0039,0.2994,-0.3761,0.1084,0.2994,-0.4140,0.1080,0.3759,-0.4874,0.1076,0.3395,0.0000,-0.0708,-0.0528,-0.0165,0.0000,0.0000,0.1000,0.0266,0.0399,9.6583,11.4605
21.8160,0.0000,0.0000,0.1519,-0.1642,-0.0017,0.3319,-0.3749,-0.0039,0.2994,-0.3761,0.1084,0.2994,-0.4141,0.1080,0.3759,-0.4874,0.1076,0.3395,0.0000,-0.0707,-0.0527,-0.0164,0.0000,0.0000,0.1000,0.0266,0.0399,9.6586,11.4608
21.8240,0.0000,0.0000,0.1519,-0.1642,-0.0017,0.3319,-0.3749,-0.0039,0.2994,-0.3761,0.1084,0.2994,-0.4141,0.1080,0.3758,-0.4874,0.1076,0.3394,0.0000,-0.0706,-0.0527,-0.0164,0.0000,0.0000,0.1000,0.0266,0.0399,9.6588,11.4611
21.8320,0.0000,0.0000,0.1519,-0.1642,-0.0017,0.3319,-0.3749,-0.0039,0.2993,-0.3761,0.1084,0.2993,-0.4141,0.1080,0.3758,-0.4874,0.1076,0.3394,0.0000,-0.0705,-0.0526,-0.0164,0.0000,0.0000,0.1000,0.0266,0.0399,9.6591,11.4615
21.8400,0.0000,0.0000,0.1519,-0.1642,-0.0017,0.3319,-0.3749,-0.0039,0.2993,-0.3761,0.1084,0.2993,-0.4141,0.1080,0.3757,-0.4874,0.1077,0.3393,0.0000,-0.0704,-0.0526,-0.0164,0.0000,0.0000,0.1000,0.0266,0.0399,9.6594,11.4618
21.8480,0.0000,0.0000,0.1519,-0.1642,-0.0017,0.3319,-0.3749,-0.0039,0.2993,-0.3761,0.1084,0.2993,-0.4141,0.1080,0.3757,-0.4874,0.1076,0.3393,0.0000,-0.0703,-0.0525,-0.0164,0.0000,0.0000,0.1000,0.0266,0.0399,9.6596,11.4621
21.8560,0.0000,0.0000,0.1519,-0.1642,-0.0017,0.3319,-0.3749,-0.0039,0.2993,-0.3761,0.1084,0.2993,-0.4141,0.1080,0.3757,-0.4874,0.1076,0.3392,0.0000,-0.0703,-0.0525,-0.0163,0.0000,0.0000,0.1000,0.0266,0.0399,9.6598,11.4623
21.8640,0.0000,0.0000,0.1519,-0.1642,-0.0017,0.3319,-0.3749,-0.0039,0.2992,-0.3761,0.1084,0.2992,-0.4141,0.1080,0.3757,-0.4874,0.1076,0.3392,0.0000,-0.0702,-0.0524,-0.0163,0.0000,0.0000,0.1000,0.0266,0.0399,9.6600,11.4626
21.8720,0.0000,0.0000,0.1519,-0.1642,-0.0017,0.3319,-0.3749,-0.0039,0.2992,-0.3761,0.1084,0.2992,-0.4141,0.1080,0.3756,-0.4874,0.1076,0.3391,0.0000,-0.0701,-0.0524,-0.0163,0.0000,0.0000,0.1000,0.0266,0.0399,9.6603,11.4629
21.8800,0.0000,0.0000,0.1519,-0.1642,-0.0017,0.3319,-0.3749,-0.0039,0.2992,-0.3761,0.1084,0.2992,-0.4141,0.1080,0.3756,-0.4874,0.1076,0.3391,0.0000,-0.0701,-0.0523,-0.0163,0.0000,0.0000,0.1000,0.0266,0.0399,9.6604,11.4631
21.8880,0.0000,0.0000,0.1519,-0.1641,-0.0017,0.3319,-0.3749,-0.0039,0.2992,-0.3760,0.1084,0.2992,-0.4141,0.1080,0.3756,-0.4874,0.1077,0.3391,0.0000,-0.0700,-0.0523,-0.0163,0.0000,0.0000,0.1000,0.0266,0.0399,9.6609,11.4636
21.8960,0.0000,0.0000,0.1519,-0.1642,-0.0017,0.3319,-0.3748,-0.0039,0.2991,-0.3760,0.1084,0.2991,-0.4141,0.1080,0.3755,-0.4874,0.1076,0.3390,0.0000,-0.0699,-0.0522,-0.0162,0.0000,0.0000,0.1000,0.0266,0.0399,9.6611,11.4638
21.9040,0.0000,0.0000,0.1519,-0.1642,-0.0017,0.3319,-0.3748,-0.0039,0.2991,-0.3760,0.1084,0.2991,-0.4141,0.1080,0.3755,-0.4874,0.1076,0.3389,0.0000,-0.0698,-0.0521,-0.0162,0.0000,0.0000,0.1000,0.0266,0.0399,9.6613,11.4641
21.9120,0.0000,0.0000,0.1519,-0.1642,-0.0017,0.3319,-0.3748,-0.0039,0.2990,-0.3760,0.1084,0.2990,-0.4141,0.1080,0.3754,-0.4874,0.1076,0.3389,0.0000,-0.0696,-0.0520,-0.0162,0.0000,0.0000,0.1000,0.0266,0.0399,9.6616,11.4645
21.9200,0.0000,0.0000,0.1519,-0.1642,-0.0017,0.3319,-0.3748,-0.0039,0.2990,-0.3760,0.1084,0.2990,-0.4141,0.1080,0.3754,-0.4874,0.1076,0.3388,0.0000,-0.0696,-0.0520,-0.0162,0.0000,0.0000,0.1000,0.0266,0.0399,9.6618,11.4647
21.9280,0.0000,0.0000,0.1519,-0.1642,-0.0017,0.3319,-0.3748,-0.0040,0.2989,-0.3760,0.1084,0.2989,-0.4141,0.1080,0.3753,-0.4874,0.1076,0.3387,0.0000,-0.0694,-0.0519,-0.0161,0.0000,0.0000,0.1000,0.0266,0.0399,9.6621,11.4650
21.9360,0.0000,0.0000,0.1519,-0.1642,-0.0017,0.3319,-0.3748,-0.0039,0.2989,-0.3760,0.1084,0.2989,-0.4141,0.1080,0.3753,-0.4874,0.1076,0.3387,0.0000,-0.0693,-0.0519,-0.0161,0.0000,0.0000,0.1000,0.0266,0.0399,9.6623,11.4652
21.9440,0.0000,0.0000,0.1519,-0.1642,-0.0017,0.3319,-0.3748,-0.0039,0.2989,-0.3760,0.1084,0.2989,-0.4141,0.1080,0.3752,-0.4874,0.1076,0.3386,0.0000,-0.0693,-0.0518,-0.0161,0.0000,0.0000,0.1000,0.0266,0.0399,9.6626,11.4656
21.9520,0.0000,0.0000,0.1519,-0.1641,-0.0017,0.3319,-0.3748,-0.0039,0.2989,-0.3760,0.1084,0.2989,-0.4141,0.1080,0.3752,-0.4874,0.1076,0.3386,0.0000,-0.0692,-0.0518,-0.0161,0.0000,0.0000,0.1000,0.0266,0.0399,9.6628,11.4658
21.9600,0.0000,0.0000,0.1519,-0.1642,-0.0017,0.3319,-0.3748,-0.0039,0.2988,-0.3760,0.1084,0.2988,-0.4141,0.1080,0.3752,-0.4874,0.1076,0.3385,0.0000,-0.0691,-0.0517,-0.0161,0.0000,0.0000,0.1000,0.0266,0.0399,9.6631,11.4661
21.9680,0.0000,0.0000,0.1519,-0.1641,-0.0017,0.3320,-0.3748,-0.0039,0.2988,-0.3760,0.1084,0.2988,-0.4141,0.1080,0.3751,-0.4874,0.1076,0.3385,0.0000,-0.0690,-0.0516,-0.0161,0.0000,0.0000,0.1000,0.0266,0.0399,9.6633,11.4664
21.9760,0.0000,0.0000,0.1519,-0.1642,-0.0017,0.3319,-0.3748,-0.0039,0.2987,-0.3760,0.1084,0.2987,-0.4142,0.1080,0.3751,-0.4874,0.1076,0.3384,0.0000,-0.0689,-0.0516,-0.0160,0.0000,0.0000,0.1000,0.0266,0.0399,9.6635,11.4666
21.9840,0.0000,0.0000,0.1519,-0.1641,-0.0017,0.3319,-0.3748,-0.0039,0.2987,-0.3760,0.1084,0.2987,-0.4142,0.1080,0.3750,-0.4874,0.1076,0.3384,0.0000,-0.0688,-0.0515,-0.0160,0.0000,0.0000,0.1000,0.0266,0.0399,9.6638,11.4670
21.9920,0.0000,0.0000,0.1519,-0.1641,-0.0017,0.3320,-0.3748,-0.0039,0.2987,-0.3760,0.1084,0.2987,-0.4142,0.1080,0.3750,-0.4874,0.1076,0.3383,0.0000,-0.0687,-0.0514,-0.0160,0.0000,0.0000,0.1000,0.0266,0.0399,9.6641,11.4673
22.0000,0.0000,0.0000,0.1519,-0.1641,-0.0017,0.3320,-0.3748,-0.0039,0.2986,-0.3759,0.1084,0.2986,-0.4142,0.1080,0.3749,-0.4874,0.1076,0.3383,0.0000,-0.0686,-0.0513,-0.0160,0.0000,0.0000,0.1000,0.0266,0.0399,9.6643,11.4676
22.0080,0.0000,0.0000,0.1519,-0.1641,-0.0017,0.3319,-0.3748,-0.0040,0.2986,-0.3759,0.1084,0.2986,-0.4142,0.1080,0.3749,-0.4874,0.1076,0.3382,0.0000,-0.0685,-0.0513,-0.0159,0.0000,0.0000,0.1000,0.0266,0.0399,9.6645,11.4679
22.0160,0.0000,0.0000,0.1519,-0.1642,-0.0017,0.3319,-0.3748,-0.0039,0.2985,-0.3759,0.1084,0.2985,-0.4142,0.1080,0.3748,-0.4874,0.1076,0.3381,0.0000,-0.0683,-0.0512,-0.0159,0.0000,0.0000,0.1000,0.0266,0.0399,9.6649,11.4682
22.0240,0.0000,0.0000,0.1519,-0.1642,-0.0017,0.3319,-0.3748,-0.0039,0.2985,-0.3759,0.1084,0.2985,-0.4142,0.1080,0.3748,-0.4874,0.1076,0.3381,0.0000,-0.0682,-0.0511,-0.0159,0.0000,0.0000,0.1000,0.0266,0.0399,9.6651,11.4686
22.0320,0.0000,0.0000,0.1519,-0.1642,-0.0017,0.3319,-0.3748,-0.0039,0.2985,-0.3759,0.1084,0.2985,-0.4142,0.1080,0.3747,-0.4874,0.1076,0.3380,0.0000,-0.0681,-0.0510,-0.0159,0.0000,0.0000,0.1000,0.0266,0.0399,9.6654,11.4689
22.0400,0.0000,0.0000,0.1519,-0.1642,-0.0017,0.3319,-0.3747,-0.0039,0.2984,-0.3759,0.1084,0.2984,-0.4142,0.1080,0.3747,-0.4874,0.1076,0.3379,0.0000,-0.0680,-0.0510,-0.0158,0.0000,0.0000,0.1000,0.0266,0.0399,9.6656,11.4691
22.0480,0.0000,0.0000,0.1519,-0.1642,-0.0017,0.3319,-0.3747,-0.0039,0.2984,-0.3759,0.1084,0.2984,-0.4142,0.1080,0.3747,-0.4874,0.1076,0.3379,0.0000,-0.0679,-0.0509,-0.0158,0.0000,0.0000,0.1000,0.0266,0.0399,9.6658,11.4694
22.0560,0.0000,0.0000,0.1519,-0.1642,-0.0017,0.3319,-0.3747,-0.0039,0.2983,-0.3759,0.1084,0.2983,-0.4143,0.1080,0.3746,-0.4874,0.1076,0.3378,0.0000,-0.0678,-0.0508,-0.0158,0.0000,0.0000,0.1000,0.0266,0.0399,9.6661,11.4697
22.0640,0.0000,0.0000,0.1519,-0.1642,-0.0017,0.3319,-0.3747,-0.0039,0.2983,-0.3759,0.1084,0.2983,-0.4143,0.1080,0.3745,-0.4874,0.1076,0.3377,0.0000,-0.0677,-0.0508,-0.0158,0.0000,0.0000,0.1000,0.0266,0.0399,9.6664,11.4701
22.0720,0.0000,0.0000,0.1519,-0.1642,-0.0017,0.3319,-0.3747,-0.0039,0.2982,-0.3759,0.1084,0.2982,-0.4143,0.1080,0.3745,-0.4874,0.1076,0.3377,0.0000,-0.0675,-0.0507,-0.0157,0.0000,0.0000,0.1000,0.0266,0.0399,9.6666,11.4703
22.0800,0.0000,0.0000,0.1519,-0.1642,-0.0017,0.3319,-0.3747,-0.0039,0.2982,-0.3759,0.1084,0.2982,-0.4143,0.1080,0.3744,-0.4874,0.1076,0.3376,0.0000,-0.0674,-0.0506,-0.0157,0.0000,0.0000,0.1000,0.0266,0.0399,9.6669,11.4707
22.0880,0.0000,0.0000,0.1519,-0.1642,-0.0017,0.3319,-0.3747,-0.0039,0.2982,-0.3759,0.1084,0.2982,-0.4143,0.1080,0.3744,-0.4874,0.1076,0.3375,0.0000,-0.0673,-0.0505,-0.0157,0.0000,0.0000,0.1000,0.0266,0.0399,9.6671,11.4709
22.0960,0.0000,0.0000,0.1519,-0.1642,-0.0017,0.3319,-0.3747,-0.0040,0.2981,-0.3759,0.1084,0.2981,-0.4143,0.1080,0.3743,-0.4875,0.1076,0.3374,0.0000,-0.0671,-0.0504,-0.0157,0.0000,0.0000,0.1000,0.0266,0.0399,9.6674,11.4712
22.1040,0.0000,0.0000,0.1519,-0.1642,-0.0017,0.3319,-0.3747,-0.0039,0.2981,-0.3759,0.1084,0.2981,-0.4143,0.1080,0.3743,-0.4874,0.1076,0.3374,0.0000,-0.0671,-0.0504,-0.0156,0.0000,0.0000,0.1000,0.0266,0.0399,9.6676,11.4715
22.1120,0.0000,0.0000,0.1519,-0.1642,-0.0017,0.3319,-0.3747,-0.0039,0.2980,-0.3759,0.1084,0.2980,-0.4143,0.1080,0.3742,-0.4875,0.1076,0.3373,0.0000,-0.0669,-0.0503,-0.0156,0.0000,0.0000,0.1000,0.0266,0.0399,9.6678,11.4717
22.1200,0.0000,0.0000,0.1519,-0.1642,-0.0017,0.3319,-0.3747,-0.0039,0.2980,-0.3759,0.1084,0.2980,-0.4144,0.1080,0.3742,-0.4875,0.1076,0.3372,0.0000,-0.0668,-0.0502,-0.0156,0.0000,0.0000,0.1000,0.0266,0.0399,9.6681,11.4720
22.1280,0.0000,0.0000,0.1519,-0.1642,-0.0017,0.3319,-0.3747,-0.0039,0.2979,-0.3759,0.1084,0.2979,-0.4144,0.1080,0.3741,-0.4875,0.1076,0.3371,0.0000,-0.0666,-0.0501,-0.0155,0.0000,0.0000,0.1000,0.0266,0.0399,9.6683,11.4723
22.1360,0.0000,0.0000,0.1519,-0.1642,-0.0017,0.3319,-0.3747,-0.0039,0.2978,-0.3759,0.1084,0.2978,-0.4144,0.1080,0.3740,-0.4875,0.1076,0.3371,0.0000,-0.0665,-0.0500,-0.0155,0.0000,0.0000,0.1000,0.0266,0.0399,9.6686,11.4727
22.1440,0.0000,0.0000,0.1519,-0.1642,-0.0017,0.3319,-0.3747,-0.0039,0.2978,-0.3759,0.1084,0.2978,-0.4144,0.1080,0.3739,-0.4875,0.1076,0.3369,0.0000,-0.0663,-0.0499,-0.0155,0.0000,0.0000,0.1000,0.0266,0.0399,9.6689,11.4729
22.1520,0.0000,0.0000,0.1519,-0.1642,-0.0017,0.3319,-0.3747,-0.0039,0.2977,-0.3759,0.1084,0.2977,-0.4145,0.1080,0.3739,-0.4875,0.1076,0.3369,0.0000,-0.0661,-0.0498,-0.0154,0.0000,0.0000,0.1000,0.0266,0.0399,9.6692,11.4733
22.1600,0.0000,0.0000,0.1519,-0.1642,-0.0017,0.3319,-0.3747,-0.0039,0.2977,-0.3759,0.1084,0.2977,-0.4145,0.1080,0.3738,-0.4875,0.1076,0.3368,0.0000,-0.0660,-0.0498,-0.0154,0.0000,0.0000,0.1000,0.0266,0.0399,9.6694,11.4735
22.1680,0.0000,0.0000,0.1519,-0.1642,-0.0017,0.3319,-0.3747,-0.0039,0.2976,-0.3759,0.1084,0.2976,-0.4145,0.1080,0.3737,-0.4875,0.1076,0.3367,0.0000,-0.0659,-0.0497,-0.0154,0.0000,0.0000,0.1000,0.0266,0.0399,9.6696,11.4738
22.1760,0.0000,0.0000,0.1519,-0.1643,-0.0017,0.3318,-0.3747,-0.0039,0.2975,-0.3759,0.1084,0.2975,-0.4145,0.1080,0.3737,-0.4876,0.1076,0.3366,0.0000,-0.0657,-0.0496,-0.0153,0.0000,0.0000,0.1000,0.0266,0.0399,9.6698,11.4741
22.1840,0.0000,0.0000,0.1519,-0.1643,-0.0017,0.3318,-0.3747,-0.0039,0.2975,-0.3759,0.1084,0.2975,-0.4145,0.1080,0.3736,-0.4876,0.1076,0.3365,0.0000,-0.0656,-0.0495,-0.0153,0.0000,0.0000,0.1000,0.0266,0.0399,9.6701,11.4744
22.1920,0.0000,0.0000,0.1519,-0.1643,-0.0017,0.3318,-0.3747,-0.0039,0.2974,-0.3759,0.1084,0.2974,-0.4146,0.1080,0.3735,-0.4876,0.1076,0.3364,0.0000,-0.0654,-0.0494,-0.0153,0.0000,0.0000,0.1000,0.0266,0.0399,9.6702,11.4746
22.2000,0.0000,0.0000,0.1519,-0.1643,-0.0017,0.3318,-0.3747,-0.0039,0.2973,-0.3759,0.1084,0.2973,-0.4146,0.1080,0.3734,-0.4876,0.1076,0.3363,0.0000,-0.0652,-0.0492,-0.0152,0.0000,0.0000,0.1000,0.0266,0.0399,9.6706,11.4750
22.2080,0.0000,0.0000,0.1519,-0.1643,-0.0017,0.3318,-0.3747,-0.0039,0.2973,-0.3759,0.1084,0.2973,-0.4146,0.1080,0.3733,-0.4876,0.1076,0.3362,0.0000,-0.0650,-0.0491,-0.0152,0.0000,0.0000,0.1000,0.0266,0.0399,9.6709,11.4754
22.2160,0.0000,0.0000,0.1519,-0.1643,-0.0017,0.3318,-0.3747,-0.0039,0.2972,-0.3759,0.1084,0.2972,-0.4146,0.1080,0.3733,-0.4876,0.1076,0.3361,0.0000,-0.0648,-0.0490,-0.0151,0.0000,0.0000,0.1000,0.0266,0.0399,9.6712,11.4757
22.2240,0.0000,0.0000,0.1519,-0.1643,-0.0017,0.3318,-0.3747,-0.0039,0.2971,-0.3759,0.1084,0.2971,-0.4147,0.1080,0.3732,-0.4876,0.1076,0.3360,0.0000,-0.0647,-0.0489,-0.0151,0.0000,0.0000,0.1000,0.0266,0.0399,9.6714,11.4759
22.2320,0.0000,0.0000,0.1519,-0.1643,-0.0017,0.3318,-0.3747,-0.0039,0.2971,-0.3759,0.1084,0.2971,-0.4147,0.1080,0.3731,-0.4876,0.1076,0.3359,0.0000,-0.0645,-0.0489,-0.0151,0.0000,0.0000,0.1000,0.0266,0.0399,9.6717,11.4763
22.2400,0.0000,0.0000,0.1519,-0.1644,-0.0017,0.3318,-0.3747,-0.0039,0.2970,-0.3759,0.1084,0.2970,-0.4147,0.1080,0.3730,-0.4877,0.1076,0.3358,0.0000,-0.0643,-0.0487,-0.0150,0.0000,0.0000,0.1000,0.0266,0.0399,9.6720,11.4766
22.2480,0.0000,0.0000,0.1519,-0.1644,-0.0017,0.3317,-0.3748,-0.0039,0.2969,-0.3759,0.1084,0.2969,-0.4147,0.1080,0.3730,-0.4877,0.1076,0.3357,0.0000,-0.0642,-0.0486,-0.0150,0.0000,0.0000,0.1000,0.0266,0.0399,9.6722,11.4768
22.2560,0.0000,0.0000,0.1519,-0.1644,-0.0017,0.3317,-0.3748,-0.0039,0.2969,-0.3759,0.1084,0.2969,-0.4148,0.1080,0.3729,-0.4877,0.1076,0.3356,0.0000,-0.0640,-0.0485,-0.0150,0.0000,0.0000,0.1000,0.0266,0.0399,9.6724,11.4771
22.2640,0.0000,0.0000,0.1519,-0.1644,-0.0017,0.3317,-0.3748,-0.0039,0.2968,-0.3759,0.1084,0.2968,-0.4148,0.1080,0.3728,-0.4877,0.1076,0.3355,0.0000,-0.0638,-0.0484,-0.0149,0.0000,0.0000,0.1000,0.0266,0.0399,9.6725,11.4773
22.2720,0.0000,0.0000,0.1519,-0.1644,-0.0017,0.3317,-0.3748,-0.0039,0.2967,-0.3759,0.1084,0.2967,-0.4148,0.1080,0.3727,-0.4877,0.1076,0.3354,0.0000,-0.0637,-0.0483,-0.0149,0.0000,0.0000,0.1000,0.0266,0.0399,9.6728,11.4776
22.2800,0.0000,0.0000,0.1519,-0.1644,-0.0017,0.3317,-0.3748,-0.0039,0.2966,-0.3760,0.1084,0.2966,-0.4149,0.1080,0.3726,-0.4878,0.1076,0.3353,0.0000,-0.0634,-0.0482,-0.0148,0.0000,0.0000,0.1000,0.0266,0.0399,9.6730,11.4779
22.2880,0.0000,0.0000,0.1519,-0.1645,-0.0017,0.3317,-0.3748,-0.0039,0.2966,-0.3760,0.1084,0.2966,-0.4149,0.1080,0.3725,-0.4878,0.1076,0.3352,0.0000,-0.0632,-0.0481,-0.0148,0.0000,0.0000,0.1000,0.0266,0.0399,9.6733,11.4782
22.2960,0.0000,0.0000,0.1519,-0.1645,-0.0017,0.3316,-0.3748,-0.0039,0.2965,-0.3760,0.1084,0.2965,-0.4149,0.1080,0.3724,-0.4878,0.1076,0.3351,0.0000,-0.0630,-0.0480,-0.0147,0.0000,0.0000,0.1000,0.0266,0.0399,9.6735,11.4785
22.3040,0.0000,0.0000,0.1519,-0.1645,-0.0017,0.3316,-0.3748,-0.0039,0.2964,-0.3760,0.1084,0.2964,-0.4150,0.1080,0.3723,-0.4878,0.1076,0.3349,0.0000,-0.0628,-0.0479,-0.0147,0.0000,0.0000,0.1000,0.0266,0.0399,9.6738,11.4788
22.3120,0.0000,0.0000,0.1519,-0.1645,-0.0017,0.3316,-0.3748,-0.0039,0.2963,-0.3760,0.1084,0.2963,-0.4150,0.1080,0.3722,-0.4878,0.1076,0.3348,0.0000,-0.0626,-0.0477,-0.0146,0.0000,0.0000,0.1000,0.0266,0.0399,9.6741,11.4791
22.3200,0.0000,0.0000,0.1519,-0.1645,-0.0017,0.3316,-0.3748,-0.0039,0.2962,-0.3760,0.1084,0.2962,-0.4150,0.1080,0.3721,-0.4879,0.1076,0.3347,0.0000,-0.0624,-0.0476,-0.0146,0.0000,0.0000,0.1000,0.0266,0.0399,9.6743,11.4794
22.3280,0.0000,0.0000,0.1519,-0.1646,-0.0017,0.3316,-0.3748,-0.0039,0.2962,-0.3760,0.1084,0.2962,-0.4151,0.1080,0.3720,-0.4879,0.1077,0.3346,0.0000,-0.0622,-0.0475,-0.0146,0.0000,0.0000,0.1000,0.0266,0.0399,9.6746,11.4797
22.3360,0.0000,0.0000,0.1519,-0.1646,-0.0017,0.3316,-0.3748,-0.0039,0.2961,-0.3760,0.1084,0.2961,-0.4151,0.1080,0.3720,-0.4879,0.1076,0.3345,0.0000,-0.0621,-0.0474,-0.0145,0.0000,0.0000,0.1000,0.0266,0.0399,9.6748,11.4799
22.3440,0.0000,0.0000,0.1519,-0.1646,-0.0017,0.3315,-0.3748,-0.0039,0.2960,-0.3760,0.1084,0.2960,-0.4151,0.1080,0.3719,-0.4879,0.1076,0.3344,0.0000,-0.0618,-0.0473,-0.0145,0.0000,0.0000,0.1000,0.0266,0.0399,9.6750,11.4802
22.3520,0.0000,0.0000,0.1519,-0.1646,-0.0017,0.3315,-0.3748,-0.0039,0.2959,-0.3760,0.1084,0.2959,-0.4151,0.1080,0.3718,-0.4879,0.1076,0.3343,0.0000,-0.0617,-0.0472,-0.0144,0.0000,0.0000,0.1000,0.0266,0.0399,9.6753,11.4805
22.3600,0.0000,0.0000,0.1519,-0.1646,-0.0017,0.3315,-0.3749,-0.0039,0.2958,-0.3760,0.1084,0.2958,-0.4152,0.1080,0.3717,-0.4880,0.1076,0.3341,0.0000,-0.0615,-0.0470,-0.0144,0.0000,0.0000,0.1000,0.0266,0.0399,9.6756,11.4808
22.3680,0.0000,0.0000,0.1519,-0.1646,-0.0017,0.3315,-0.3749,-0.0039,0.2958,-0.3760,0.1084,0.2958,-0.4152,0.1080,0.3716,-0.4880,0.1076,0.3340,0.0000,-0.0612,-0.0469,-0.0143,0.0000,0.0000,0.1000,0.0266,0.0399,9.6758,11.4811
22.3760,0.0000,0.0000,0.1519,-0.1647,-0.0017,0.3315,-0.3749,-0.0039,0.2957,-0.3761,0.1084,0.2957,-0.4153,0.1080,0.3715,-0.4880,0.1076,0.3339,0.0000,-0.0610,-0.0468,-0.0143,0.0000,0.0000,0.1000,0.0266,0.0399,9.6760,11.4813
22.3840,0.0000,0.0000,0.1519,-0.1647,-0.0017,0.3315,-0.3749,-0.0039,0.2956,-0.3761,0.1084,0.2956,-0.4153,0.1080,0.3714,-0.4880,0.1076,0.3337,0.0000,-0.0608,-0.0467,-0.0142,0.0000,0.0000,0.1000,0.0266,0.0399,9.6762,11.4816
22.3920,0.0000,0.0000,0.1519,-0.1647,-0.0017,0.3314,-0.3749,-0.0039,0.2955,-0.3761,0.1084,0.2955,-0.4153,0.1080,0.3713,-0.4881,0.1076,0.3336,0.0000,-0.0606,-0.0466,-0.0142,0.0000,0.0000,0.1000,0.0266,0.0399,9.6765,11.4819
22.4000,0.0000,0.0000,0.1519,-0.1647,-0.0017,0.3314,-0.3749,-0.0039,0.2954,-0.3761,0.1084,0.2954,-0.4154,0.1080,0.3712,-0.4881,0.1076,0.3335,0.0000,-0.0604,-0.0464,-0.0142,0.0000,0.0000,0.1000,0.0266,0.0399,9.6767,11.4822
22.4080,0.0000,0.0000,0.1519,-0.1648,-0.0017,0.3314,-0.3749,-0.0039,0.2953,-0.3761,0.1084,0.2953,-0.4154,0.1080,0.3711,-0.4881,0.1076,0.3333,0.0000,-0.0602,-0.0463,-0.0141,0.0000,0.0000,0.1000,0.0266,0.0399,9.6770,11.4825
22.4160,0.0000,0.0000,0.1519,-0.1648,-0.0017,0.3314,-0.3749,-0.0039,0.2952,-0.3761,0.1084,0.2952,-0.4154,0.1080,0.3710,-0.4881,0.1076,0.3332,0.0000,-0.0599,-0.0462,-0.0140,0.0000,0.0000,0.1000,0.0266,0.0399,9.6773,11.4829
22.4240,0.0000,0.0000,0.1519,-0.1648,-0.0017,0.3314,-0.3749,-0.0039,0.2951,-0.3761,0.1084,0.2951,-0.4155,0.1080,0.3709,-0.4882,0.1076,0.3331,0.0000,-0.0597,-0.0461,-0.0140,0.0000,0.0000,0.1000,0.0266,0.0399,9.6774,11.4830
22.4320,0.0000,0.0000,0.1519,-0.1648,-0.0017,0.3313,-0.3750,-0.0039,0.2950,-0.3761,0.1084,0.2950,-0.4155,0.1080,0.3707,-0.4882,0.1076,0.3329,0.0000,-0.0595,-0.0459,-0.0140,0.0000,0.0000,0.1000,0.0266,0.0399,9.6777,11.4834
22.4400,0.0000,0.0000,0.1519,-0.1649,-0.0017,0.3313,-0.3750,-0.0039,0.2949,-0.3761,0.1084,0.2949,-0.4156,0.1080,0.3706,-0.4882,0.1076,0.3328,0.0000,-0.0593,-0.0458,-0.0139,0.0000,0.0000,0.1000,0.0266,0.0399,9.6780,11.4837
22.4480,0.0000,0.0000,0.1519,-0.1649,-0.0017,0.3313,-0.3750,-0.0039,0.2949,-0.3762,0.1084,0.2949,-0.4156,0.1080,0.3705,-0.4882,0.1076,0.3327,0.0000,-0.0591,-0.0457,-0.0139,0.0000,0.0000,0.1000,0.0266,0.0399,9.6783,11.4840
22.4560,0.0000,0.0000,0.1519,-0.1649,-0.0017,0.3313,-0.3750,-0.0039,0.2948,-0.3762,0.1084,0.2948,-0.4156,0.1080,0.3704,-0.4883,0.1076,0.3326,0.0000,-0.0588,-0.0456,-0.0138,0.0000,0.0000,0.1000,0.0266,0.0399,9.6784,11.4842
22.4640,0.0000,0.0000,0.1519,-0.1649,-0.0017,0.3312,-0.3750,-0.0039,0.2947,-0.3762,0.1084,0.2947,-0.4157,0.1080,0.3703,-0.4883,0.1076,0.3324,0.0000,-0.0586,-0.0454,-0.0138,0.0000,0.0000,0.1000,0.0266,0.0399,9.6786,11.4844
22.4720,0.0000,0.0000,0.1519,-0.1649,-0.0017,0.3312,-0.3750,-0.0039,0.2946,-0.3762,0.1084,0.2946,-0.4157,0.1080,0.3702,-0.4883,0.1076,0.3323,0.0000,-0.0584,-0.0453,-0.0137,0.0000,0.0000,0.1000,0.0266,0.0399,9.6789,11.4848
22.4800,0.0000,0.0000,0.1519,-0.1650,-0.0017,0.3312,-0.3750,-0.0039,0.2945,-0.3762,0.1084,0.2945,-0.4158,0.1080,0.3701,-0.4883,0.1076,0.3321,0.0000,-0.0582,-0.0452,-0.0137,0.0000,0.0000,0.1000,0.0266,0.0399,9.6791,11.4850
22.4880,0.0000,0.0000,0.1519,-0.1650,-0.0017,0.3312,-0.3750,-0.0039,0.2944,-0.3762,0.1084,0.2944,-0.4158,0.1080,0.3700,-0.4884,0.1076,0.3320,0.0000,-0.0579,-0.0450,-0.0136,0.0000,0.0000,0.1000,0.0266,0.0399,9.6794,11.4853
22.4960,0.0000,0.0000,0.1519,-0.1650,-0.0017,0.3311,-0.3751,-0.0039,0.2943,-0.3762,0.1084,0.2943,-0.4159,0.1080,0.3699,-0.4884,0.1076,0.3319,0.0000,-0.0577,-0.0449,-0.0135,0.0000,0.0000,0.1000,0.0266,0.0399,9.6796,11.4857
22.5040,0.0000,0.0000,0.1519,-0.1650,-0.0017,0.3311,-0.3751,-0.0039,0.2942,-0.3762,0.1084,0.2942,-0.4159,0.1080,0.3698,-0.4884,0.1076,0.3317,0.0000,-0.0575,-0.0448,-0.0135,0.0000,0.0000,0.1000,0.0266,0.0399,9.6799,11.4860
22.5120,0.0000,0.0000,0.1519,-0.1651,-0.0017,0.3311,-0.3751,-0.0039,0.2941,-0.3763,0.1084,0.2941,-0.4159,0.1080,0.3697,-0.4884,0.1076,0.3316,0.0000,-0.0573,-0.0447,-0.0135,0.0000,0.0000,0.1000,0.0266,0.0399,9.6800,11.4861
22.5200,0.0000,0.0000,0.1519,-0.1651,-0.0017,0.3311,-0.3751,-0.0039,0.2940,-0.3763,0.1084,0.2940,-0.4160,0.1080,0.3696,-0.4885,0.1076,0.3315,0.0000,-0.0570,-0.0445,-0.0134,0.0000,0.0000,0.1000,0.0266,0.0399,9.6803,11.4864
22.5280,0.0000,0.0000,0.1519,-0.1651,-0.0017,0.3310,-0.3751,-0.0039,0.2939,-0.3763,0.1084,0.2939,-0.4160,0.1080,0.3694,-0.4885,0.1076,0.3313,0.0000,-0.0568,-0.0444,-0.0134,0.0000,0.0000,0.1000,0.0266,0.0399,9.6805,11.4866
22.5360,0.0000,0.0000,0.1519,-0.1652,-0.0017,0.3310,-0.3751,-0.0039,0.2938,-0.3763,0.1084,0.2938,-0.4161,0.1080,0.3693,-0.4885,0.1076,0.3312,0.0000,-0.0565,-0.0443,-0.0133,0.0000,0.0000,0.1000,0.0266,0.0399,9.6806,11.4868
22.5440,0.0000,0.0000,0.1519,-0.1652,-0.0017,0.3310,-0.3751,-0.0039,0.2937,-0.3763,0.1084,0.2937,-0.4161,0.1080,0.3692,-0.4886,0.1076,0.3310,0.0000,-0.0563,-0.0442,-0.0133,0.0000,0.0000,0.1000,0.0266,0.0399,9.6809,11.4871
22.5520,0.0000,0.0000,0.1519,-0.1652,-0.0017,0.3310,-0.3751,-0.0040,0.2936,-0.3763,0.1084,0.2936,-0.4161,0.1080,0.3691,-0.4886,0.1076,0.3309,0.0000,-0.0561,-0.0440,-0.0132,0.0000,0.0000,0.1000,0.0266,0.0399,9.6811,11.4874
22.5600,0.0000,0.0000,0.1519,-0.1652,-0.0017,0.3310,-0.3752,-0.0039,0.2935,-0.3763,0.1084,0.2935,-0.4162,0.1080,0.3690,-0.4886,0.1076,0.3308,0.0000,-0.0559,-0.0439,-0.0132,0.0000,0.0000,0.1000,0.0266,0.0399,9.6813,11.4876
22.5680,0.0000,0.0000,0.1519,-0.1653,-0.0017,0.3309,-0.3752,-0.0039,0.2934,-0.3764,0.1084,0.2934,-0.4162,0.1080,0.3689,-0.4886,0.1076,0.3306,0.0000,-0.0557,-0.0438,-0.0131,0.0000,0.0000,0.1000,0.0266,0.0399,9.6815,11.4879
22.5760,0.0000,0.0000,0.1519,-0.1653,-0.0017,0.3309,-0.3752,-0.0039,0.2933,-0.3764,0.1084,0.2933,-0.4163,0.1080,0.3688,-0.4887,0.1076,0.3305,0.0000,-0.0554,-0.0437,-0.0130,0.0000,0.0000,0.1000,0.0266,0.0399,9.6818,11.4881
22.5840,0.0000,0.0000,0.1519,-0.1653,-0.0017,0.3309,-0.3752,-0.0039,0.2932,-0.3764,0.1084,0.2932,-0.4163,0.1080,0.3686,-0.4887,0.1076,0.3303,0.0000,-0.0551,-0.0435,-0.0130,0.0000,0.0000,0.1000,0.0266,0.0399,9.6821,11.4885
22.5920,0.0000,0.0000,0.1519,-0.1654,-0.0017,0.3308,-0.3752,-0.0039,0.2931,-0.3764,0.1084,0.2931,-0.4164,0.1080,0.3685,-0.4887,0.1076,0.3301,0.0000,-0.0549,-0.0434,-0.0129,0.0000,0.0000,0.1000,0.0266,0.0399,9.6823,11.4888
22.6000,0.0000,0.0000,0.1519,-0.1654,-0.0017,0.3308,-0.3752,-0.0040,0.2930,-0.3764,0.1084,0.2930,-0.4164,0.1080,0.3684,-0.4888,0.1076,0.3300,0.0000,-0.0547,-0.0433,-0.0129,0.0000,0.0000,0.1000,0.0266,0.0399,9.6824,11.4889
22.6080,0.0000,0.0000,0.1519,-0.1654,-0.0017,0.3308,-0.3753,-0.0039,0.2929,-0.3764,0.1084,0.2929,-0.4165,0.1080,0.3683,-0.4888,0.1076,0.3298,0.0000,-0.0544,-0.0431,-0.0128,0.0000,0.0000,0.1000,0.0266,0.0399,9.6827,11.4893
22.6160,0.0000,0.0000,0.1519,-0.1654,-0.0017,0.3308,-0.3753,-0.0039,0.2928,-0.3765,0.1084,0.2928,-0.4165,0.1080,0.3682,-0.4888,0.1076,0.3297,0.0000,-0.0542,-0.0430,-0.0128,0.0000,0.0000,0.1000,0.0266,0.0399,9.6828,11.4894
22.6240,0.0000,0.0000,0.1519,-0.1655,-0.0017,0.3307,-0.3753,-0.0039,0.2927,-0.3765,0.1084,0.2927,-0.4166,0.1080,0.3680,-0.4889,0.1076,0.3296,0.0000,-0.0540,-0.0429,-0.0127,0.0000,0.0000,0.1000,0.0266,0.0399,9.6831,11.4897
22.6320,0.0000,0.0000,0.1519,-0.1655,-0.0017,0.3307,-0.3753,-0.0039,0.2926,-0.3765,0.1084,0.2926,-0.4166,0.1080,0.3679,-0.4889,0.1076,0.3294,0.0000,-0.0537,-0.0427,-0.0127,0.0000,0.0000,0.1000,0.0266,0.0399,9.6832,11.4899
22.6400,0.0000,0.0000,0.1519,-0.1655,-0.0017,0.3307,-0.3753,-0.0039,0.2925,-0.3765,0.1084,0.2925,-0.4166,0.1080,0.3678,-0.4889,0.1076,0.3293,0.0000,-0.0535,-0.0426,-0.0126,0.0000,0.0000,0.1000,0.0266,0.0399,9.6834,11.4901
22.6480,0.0000,0.0000,0.1519,-0.1656,-0.0017,0.3307,-0.3753,-0.0039,0.2924,-0.3765,0.1084,0.2924,-0.4167,0.1080,0.3677,-0.4889,0.1076,0.3292,0.0000,-0.0533,-0.0425,-0.0126,0.0000,0.0000,0.1000,0.0266,0.0399,9.6835,11.4903
22.6560,0.0000,0.0000,0.1519,-0.1656,-0.0017,0.3306,-0.3754,-0.0039,0.2923,-0.3765,0.1084,0.2923,-0.4167,0.1080,0.3675,-0.4890,0.1076,0.3290,0.0000,-0.0530,-0.0424,-0.0125,0.0000,0.0000,0.1000,0.0266,0.0399,9.6838,11.4906
22.6640,0.0000,0.0000,0.1519,-0.1656,-0.0017,0.3306,-0.3754,-0.0039,0.2922,-0.3765,0.1084,0.2922,-0.4168,0.1080,0.3674,-0.4890,0.1076,0.3288,0.0000,-0.0527,-0.0422,-0.0125,0.0000,0.0000,0.1000,0.0266,0.0399,9.6841,11.4909
22.6720,0.0000,0.0000,0.1519,-0.1657,-0.0017,0.3306,-0.3754,-0.0040,0.2920,-0.3766,0.1084,0.2920,-0.4169,0.1080,0.3673,-0.4891,0.1076,0.3286,0.0000,-0.0525,-0.0421,-0.0124,0.0000,0.0000,0.1000,0.0266,0.0399,9.6841,11.4909
22.6800,0.0000,0.0000,0.1519,-0.1657,-0.0017,0.3305,-0.3754,-0.0039,0.2919,-0.3766,0.1084,0.2919,-0.4169,0.1080,0.3671,-0.4891,0.1076,0.3285,0.0000,-0.0522,-0.0420,-0.0123,0.0000,0.0000,0.1000,0.0266,0.0399,9.6844,11.4912
22.6880,0.0000,0.0000,0.1519,-0.1657,-0.0017,0.3305,-0.3754,-0.0039,0.2918,-0.3766,0.1084,0.2918,-0.4170,0.1080,0.3670,-0.4891,0.1076,0.3283,0.0000,-0.0520,-0.0419,-0.0123,0.0000,0.0000,0.1000,0.0266,0.0399,9.6847,11.4916
22.6960,0.0000,0.0000,0.1519,-0.1658,-0.0017,0.3305,-0.3754,-0.0040,0.2917,-0.3766,0.1084,0.2917,-0.4170,0.1080,0.3669,-0.4892,0.1076,0.3281,0.0000,-0.0517,-0.0417,-0.0122,0.0000,0.0000,0.1000,0.0266,0.0399,9.6849,11.4918
22.7040,0.0000,0.0000,0.1519,-0.1658,-0.0017,0.3304,-0.3755,-0.0039,0.2916,-0.3766,0.1084,0.2916,-0.4171,0.1080,0.3667,-0.4892,0.1076,0.3280,0.0000,-0.0514,-0.0416,-0.0122,0.0000,0.0000,0.1000,0.0266,0.0399,9.6852,11.4922
22.7120,0.0000,0.0000,0.1519,-0.1658,-0.0017,0.3304,-0.3755,-0.0040,0.2914,-0.3767,0.1084,0.2914,-0.4171,0.1080,0.3666,-0.4892,0.1076,0.3278,0.0000,-0.0512,-0.0415,-0.0121,0.0000,0.0000,0.1000,0.0266,0.0399,9.6852,11.4923
22.7200,0.0000,0.0000,0.1519,-0.1659,-0.0017,0.3304,-0.3755,-0.0039,0.2913,-0.3767,0.1084,0.2913,-0.4172,0.1080,0.3665,-0.4893,0.1076,0.3276,0.0000,-0.0509,-0.0413,-0.0121,0.0000,0.0000,0.1000,0.0266,0.0399,9.6855,11.4926
22.7280,0.0000,0.0000,0.1519,-0.1659,-0.0017,0.3303,-0.3755,-0.0039,0.2912,-0.3767,0.1084,0.2912,-0.4172,0.1080,0.3663,-0.4893,0.1076,0.3275,0.0000,-0.0507,-0.0412,-0.0120,0.0000,0.0000,0.1000,0.0266,0.0399,9.6857,11.4928
22.7360,0.0000,0.0000,0.1519,-0.1659,-0.0017,0.3303,-0.3756,-0.0039,0.2911,-0.3767,0.1084,0.2911,-0.4173,0.1080,0.3662,-0.4893,0.1076,0.3273,0.0000,-0.0504,-0.0411,-0.0120,0.0000,0.0000,0.1000,0.0266,0.0399,9.6858,11.4929
22.7440,0.0000,0.0000,0.1519,-0.1660,-0.0017,0.3303,-0.3756,-0.0040,0.2910,-0.3768,0.1084,0.2910,-0.4173,0.1080,0.3661,-0.4894,0.1076,0.3271,0.0000,-0.0502,-0.0410,-0.0119,0.0000,0.0000,0.1000,0.0266,0.0399,9.6860,11.4932
22.7520,0.0000,0.0000,0.1519,-0.1660,-0.0018,0.3302,-0.3756,-0.0040,0.2909,-0.3768,0.1084,0.2909,-0.4174,0.1080,0.3659,-0.4894,0.1076,0.3270,0.0000,-0.0499,-0.0408,-0.0118,0.0000,0.0000,0.1000,0.0266,0.0399,9.6861,11.4933
22.7600,0.0000,0.0000,0.1519,-0.1661,-0.0017,0.3302,-0.3756,-0.0040,0.2908,-0.3768,0.1084,0.2908,-0.4174,0.1080,0.3658,-0.4895,0.1076,0.3268,0.0000,-0.0497,-0.0407,-0.0118,0.0000,0.0000,0.1000,0.0266,0.0399,9.6863,11.4936
22.7680,0.0000,0.0000,0.1519,-0.1661,-0.0017,0.3302,-0.3756,-0.0039,0.2906,-0.3768,0.1084,0.2906,-0.4175,0.1080,0.3657,-0.4895,0.1076,0.3266,0.0000,-0.0494,-0.0406,-0.0117,0.0000,0.0000,0.1000,0.0266,0.0399,9.6866,11.4938
22.7760,0.0000,0.0000,0.1519,-0.1661,-0.0017,0.3301,-0.3757,-0.0040,0.2905,-0.3768,0.1084,0.2905,-0.4175,0.1080,0.3655,-0.4895,0.1076,0.3265,0.0000,-0.0491,-0.0405,-0.0117,0.0000,0.0000,0.1000,0.0266,0.0399,9.6867,11.4940
22.7840,0.0000,0.0000,0.1519,-0.1662,-0.0017,0.3301,-0.3757,-0.0040,0.2904,-0.3769,0.1084,0.2904,-0.4176,0.1080,0.3654,-0.4896,0.1076,0.3263,0.0000,-0.0489,-0.0404,-0.0116,0.0000,0.0000,0.1000,0.0266,0.0399,9.6869,11.4942
22.7920,0.0000,0.0000,0.1519,-0.1662,-0.0017,0.3301,-0.3757,-0.0040,0.2903,-0.3769,0.1084,0.2903,-0.4177,0.1080,0.3653,-0.4896,0.1076,0.3261,0.0000,-0.0486,-0.0402,-0.0116,0.0000,0.0000,0.1000,0.0266,0.0399,9.6871,11.4944
22.8000,0.0000,0.0000,0.1519,-0.1662,-0.0017,0.3300,-0.3757,-0.0039,0.2902,-0.3769,0.1084,0.2902,-0.4177,0.1080,0.3651,-0.4896,0.1076,0.3260,0.0000,-0.0484,-0.0401,-0.0115,0.0000,0.0000,0.1000,0.0266,0.0399,9.6872,11.4946
22.8080,0.0000,0.0000,0.1519,-0.1663,-0.0017,0.3300,-0.3758,-0.0039,0.2900,-0.3769,0.1084,0.2900,-0.4178,0.1080,0.3650,-0.4897,0.1076,0.3258,0.0000,-0.0481,-0.0400,-0.0114,0.0000,0.0000,0.1000,0.0266,0.0399,9.6874,11.4948
22.8160,0.0000,0.0000,0.1519,-0.1663,-0.0018,0.3299,-0.3758,-0.0040,0.2899,-0.3770,0.1084,0.2899,-0.4178,0.1079,0.3648,-0.4897,0.1076,0.3256,0.0000,-0.0479,-0.0399,-0.0114,0.0000,0.0000,0.1000,0.0266,0.0399,9.6874,11.4948
22.8240,0.0000,0.0000,0.1519,-0.1664,-0.0017,0.3299,-0.3758,-0.0039,0.2898,-0.3770,0.1084,0.2898,-0.4179,0.1080,0.3647,-0.4898,0.1076,0.3254,0.0000,-0.0476,-0.0398,-0.0113,0.0000,0.0000,0.1000,0.0266,0.0399,9.6877,11.4951
22.8320,0.0000,0.0000,0.1519,-0.1664,-0.0017,0.3299,-0.3758,-0.0039,0.2897,-0.3770,0.1084,0.2897,-0.4179,0.1080,0.3646,-0.4898,0.1076,0.3253,0.0000,-0.0474,-0.0397,-0.0113,0.0000,0.0000,0.1000,0.0266,0.0399,9.6879,11.4954
22.8400,0.0000,0.0000,0.1519,-0.1664,-0.0017,0.3298,-0.3758,-0.0039,0.2895,-0.3770,0.1084,0.2895,-0.4180,0.1080,0.3644,-0.4898,0.1076,0.3251,0.0000,-0.0471,-0.0396,-0.0112,0.0000,0.0000,0.1000,0.0266,0.0399,9.6880,11.4955
22.8480,0.0000,0.0000,0.1519,-0.1665,-0.0017,0.3298,-0.3759,-0.0039,0.2894,-0.3770,0.1084,0.2894,-0.4181,0.1080,0.3643,-0.4899,0.1076,0.3249,0.0000,-0.0468,-0.0395,-0.0112,0.0000,0.0000,0.1000,0.0266,0.0399,9.6882,11.4957
22.8560,0.0000,0.0000,0.1519,-0.1665,-0.0017,0.3298,-0.3759,-0.0039,0.2893,-0.3771,0.1084,0.2893,-0.4181,0.1080,0.3642,-0.4899,0.1076,0.3248,0.0000,-0.0466,-0.0394,-0.0111,0.0000,0.0000,0.1000,0.0266,0.0399,9.6883,11.4959
22.8640,0.0000,0.0000,0.1519,-0.1666,-0.0018,0.3297,-0.3759,-0.0040,0.2892,-0.3771,0.1084,0.2892,-0.4182,0.1080,0.3640,-0.4900,0.1076,0.3246,0.0000,-0.0464,-0.0393,-0.0111,0.0000,0.0000,0.1000,0.0266,0.0399,9.6883,11.4959
22.8720,0.0000,0.0000,0.1519,-0.1666,-0.0017,0.3297,-0.3759,-0.0039,0.2891,-0.3771,0.1084,0.2891,-0.4182,0.1080,0.3639,-0.4900,0.1076,0.3244,0.0000,-0.0462,-0.0392,-0.0110,0.0000,0.0000,0.1000,0.0266,0.0399,9.6886,11.4963
22.8800,0.0000,0.0000,0.1519,-0.1666,-0.0018,0.3297,-0.3759,-0.0040,0.2890,-0.3771,0.1084,0.2890,-0.4183,0.1080,0.3637,-0.4900,0.1076,0.3243,0.0000,-0.0459,-0.0391,-0.0110,0.0000,0.0000,0.1000,0.0266,0.0399,9.6887,11.4963
22.8880,0.0000,0.0000,0.1519,-0.1667,-0.0018,0.3296,-0.3760,-0.0040,0.2889,-0.3772,0.1084,0.2889,-0.4183,0.1080,0.3636,-0.4901,0.1076,0.3241,0.0000,-0.0457,-0.0390,-0.0109,0.0000,0.0000,0.1000,0.0266,0.0399,9.6888,11.4964
22.8960,0.0000,0.0000,0.1519,-0.1667,-0.0017,0.3296,-0.3760,-0.0039,0.2888,-0.3772,0.1084,0.2888,-0.4184,0.1080,0.3635,-0.4901,0.1076,0.3240,0.0000,-0.0455,-0.0389,-0.0109,0.0000,0.0000,0.1000,0.0266,0.0399,9.6890,11.4967
22.9040,0.0000,0.0000,0.1519,-0.1667,-0.0017,0.3296,-0.3760,-0.0039,0.2886,-0.3772,0.1084,0.2886,-0.4184,0.1080,0.3634,-0.4901,0.1076,0.3238,0.0000,-0.0453,-0.0388,-0.0108,0.0000,0.0000,0.1000,0.0266,0.0399,9.6891,11.4968
22.9120,0.0000,0.0000,0.1519,-0.1668,-0.0018,0.3295,-0.3760,-0.0040,0.2885,-0.3772,0.1084,0.2885,-0.4185,0.1080,0.3632,-0.4902,0.1076,0.3236,0.0000,-0.0450,-0.0388,-0.0108,0.0000,0.0000,0.1000,0.0266,0.0399,9.6892,11.4969
22.9200,0.0000,0.0000,0.1519,-0.1668,-0.0018,0.3295,-0.3761,-0.0040,0.2884,-0.3772,0.1084,0.2884,-0.4185,0.1079,0.3631,-0.4902,0.1076,0.3235,0.0000,-0.0448,-0.0387,-0.0107,0.0000,0.0000,0.1000,0.0266,0.0399,9.6893,11.4971
22.9280,0.0000,0.0000,0.1519,-0.1668,-0.0017,0.3294,-0.3761,-0.0039,0.2883,-0.3773,0.1084,0.2883,-0.4186,0.1080,0.3630,-0.4902,0.1076,0.3233,0.0000,-0.0446,-0.0386,-0.0107,0.0000,0.0000,0.1000,0.0266,0.0399,9.6896,11.4974
22.9360,0.0000,0.0000,0.1519,-0.1669,-0.0017,0.3294,-0.3761,-0.0039,0.2882,-0.3773,0.1084,0.2882,-0.4186,0.1080,0.3628,-0.4903,0.1076,0.3231,0.0000,-0.0443,-0.0385,-0.0106,0.0000,0.0000,0.1000,0.0266,0.0399,9.6897,11.4976
22.9440,0.0000,0.0000,0.1519,-0.1669,-0.0018,0.3294,-0.3761,-0.0040,0.2881,-0.3773,0.1084,0.2881,-0.4187,0.1079,0.3627,-0.4903,0.1076,0.3230,0.0000,-0.0441,-0.0384,-0.0106,0.0000,0.0000,0.1000,0.0266,0.0399,9.6898,11.4976
22.9520,0.0000,0.0000,0.1519,-0.1670,-0.0018,0.3293,-0.3761,-0.0039,0.2879,-0.3773,0.1084,0.2879,-0.4188,0.1080,0.3626,-0.4904,0.1076,0.3228,0.0000,-0.0439,-0.0384,-0.0105,0.0000,0.0000,0.1000,0.0266,0.0399,9.6900,11.4978
22.9600,0.0000,0.0000,0.1519,-0.1670,-0.0018,0.3293,-0.3762,-0.0040,0.2878,-0.3773,0.1084,0.2878,-0.4188,0.1080,0.3624,-0.4904,0.1076,0.3226,0.0000,-0.0436,-0.0383,-0.0105,0.0000,0.0000,0.1000,0.0266,0.0399,9.6901,11.4980
22.9680,0.0000,0.0000,0.1519,-0.1670,-0.0018,0.3293,-0.3762,-0.0039,0.2877,-0.3774,0.1084,0.2877,-0.4189,0.1080,0.3623,-0.4904,0.1076,0.3225,0.0000,-0.0435,-0.0382,-0.0104,0.0000,0.0000,0.1000,0.0266,0.0399,9.6903,11.4982
22.9760,0.0000,0.0000,0.1519,-0.1671,-0.0017,0.3292,-0.3762,-0.0039,0.2876,-0.3774,0.1084,0.2876,-0.4189,0.1080,0.3622,-0.4905,0.1076,0.3223,0.0000,-0.0432,-0.0382,-0.0104,0.0000,0.0000,0.1000,0.0266,0.0399,9.6903,11.4983
22.9840,0.0000,0.0000,0.1519,-0.1671,-0.0018,0.3292,-0.3762,-0.0040,0.2875,-0.3774,0.1084,0.2875,-0.4190,0.1079,0.3620,-0.4905,0.1076,0.3221,0.0000,-0.0430,-0.0381,-0.0103,0.0000,0.0000,0.1000,0.0266,0.0399,9.6905,11.4984
22.9920,0.0000,0.0000,0.1519,-0.1671,-0.0018,0.3292,-0.3762,-0.0039,0.2874,-0.3774,0.1084,0.2874,-0.4190,0.1080,0.3619,-0.4905,0.1076,0.3220,0.0000,-0.0428,-0.0380,-0.0103,0.0000,0.0000,0.1000,0.0266,0.0399,9.6906,11.4986
23.0000,0.0000,0.0000,0.1519,-0.1672,-0.0018,0.3291,-0.3763,-0.0040,0.2873,-0.3774,0.1084,0.2873,-0.4191,0.1079,0.3618,-0.4906,0.1076,0.3219,0.0000,-0.0426,-0.0380,-0.0103,0.0000,0.0000,0.1000,0.0266,0.0399,9.6907,11.4987
23.0080,0.0000,0.0000,0.1519,-0.1672,-0.0018,0.3291,-0.3763,-0.0040,0.2872,-0.3775,0.1084,0.2872,-0.4191,0.1079,0.3617,-0.4906,0.1076,0.3217,0.0000,-0.0424,-0.0379,-0.0102,0.0000,0.0000,0.1000,0.0266,0.0399,9.6909,11.4989
23.0160,0.0000,0.0000,0.1519,-0.1672,-0.0018,0.3291,-0.3763,-0.0040,0.2871,-0.3775,0.1084,0.2871,-0.4192,0.1079,0.3615,-0.4906,0.1076,0.3215,0.0000,-0.0422,-0.0379,-0.0102,0.0000,0.0000,0.1000,0.0266,0.0399,9.6909,11.4990
23.0240,0.0000,0.0000,0.1519,-0.1673,-0.0018,0.3290,-0.3763,-0.0040,0.2870,-0.3775,0.1084,0.2870,-0.4192,0.1079,0.3614,-0.4907,0.1076,0.3214,0.0000,-0.0420,-0.0378,-0.0101,0.0000,0.0000,0.1000,0.0266,0.0399,9.6911,11.4991
23.0320,0.0000,0.0000,0.1519,-0.1673,-0.0018,0.3290,-0.3763,-0.0040,0.2869,-0.3775,0.1084,0.2869,-0.4193,0.1080,0.3613,-0.4907,0.1076,0.3213,0.0000,-0.0418,-0.0378,-0.0101,0.0000,0.0000,0.1000,0.0266,0.0399,9.6912,11.4993
23.0400,0.0000,0.0000,0.1519,-0.1673,-0.0018,0.3290,-0.3764,-0.0040,0.2868,-0.3775,0.1084,0.2868,-0.4193,0.1079,0.3612,-0.4907,0.1076,0.3211,0.0000,-0.0416,-0.0378,-0.0101,0.0000,0.0000,0.1000,0.0266,0.0399,9.6913,11.4994
23.0480,0.0000,0.0000,0.1519,-0.1674,-0.0017,0.3290,-0.3764,-0.0039,0.2866,-0.3776,0.1084,0.2866,-0.4193,0.1080,0.3611,-0.4908,0.1076,0.3209,0.0000,-0.0414,-0.0377,-0.0100,0.0000,0.0000,0.1000,0.0266,0.0399,9.6915,11.4997
23.0560,0.0000,0.0000,0.1519,-0.1674,-0.0018,0.3289,-0.3764,-0.0040,0.2865,-0.3776,0.1084,0.2865,-0.4194,0.1080,0.3609,-0.4908,0.1076,0.3208,0.0000,-0.0412,-0.0377,-0.0100,0.0000,0.0000,0.1000,0.0266,0.0399,9.6916,11.4997
23.0640,0.0000,0.0000,0.1519,-0.1674,-0.0018,0.3289,-0.3764,-0.0040,0.2864,-0.3776,0.1084,0.2864,-0.4195,0.1079,0.3608,-0.4908,0.1076,0.3207,0.0000,-0.0411,-0.0377,-0.0099,0.0000,0.0000,0.1000,0.0266,0.0399,9.6916,11.4997
23.0720,0.0000,0.0000,0.1519,-0.1675,-0.0018,0.3288,-0.3764,-0.0039,0.2863,-0.3776,0.1084,0.2863,-0.4195,0.1080,0.3607,-0.4909,0.1076,0.3205,0.0000,-0.0408,-0.0376,-0.0099,0.0000,0.0000,0.1000,0.0266,0.0399,9.6918,11.5001
23.0800,0.0000,0.0000,0.1519,-0.1675,-0.0018,0.3288,-0.3764,-0.0040,0.2862,-0.3776,0.1084,0.2862,-0.4196,0.1079,0.3606,-0.4909,0.1076,0.3203,0.0000,-0.0406,-0.0376,-0.0099,0.0000,0.0000,0.1000,0.0266,0.0399,9.6920,11.5002
23.0880,0.0000,0.0000,0.1519,-0.1675,-0.0018,0.3288,-0.3765,-0.0039,0.2861,-0.3776,0.1084,0.2861,-0.4196,0.1080,0.3604,-0.4909,0.1076,0.3202,0.0000,-0.0404,-0.0376,-0.0098,0.0000,0.0000,0.1000,0.0266,0.0399,9.6921,11.5004
23.0960,0.0000,0.0000,0.1519,-0.1676,-0.0018,0.3288,-0.3765,-0.0040,0.2860,-0.3777,0.1084,0.2860,-0.4196,0.1079,0.3603,-0.4909,0.1076,0.3200,0.0000,-0.0402,-0.0375,-0.0098,0.0000,0.0000,0.1000,0.0266,0.0399,9.6923,11.5006
23.1040,0.0000,0.0000,0.1519,-0.1676,-0.0018,0.3287,-0.3765,-0.0040,0.2859,-0.3777,0.1084,0.2859,-0.4197,0.1080,0.3602,-0.4910,0.1076,0.3198,0.0000,-0.0400,-0.0375,-0.0097,0.0000,0.0000,0.1000,0.0266,0.0399,9.6924,11.5007
23.1120,0.0000,0.0000,0.1519,-0.1676,-0.0018,0.3287,-0.3765,-0.0040,0.2858,-0.3777,0.1084,0.2858,-0.4197,0.1080,0.3601,-0.4910,0.1076,0.3197,0.0000,-0.0399,-0.0375,-0.0097,0.0000,0.0000,0.1000,0.0266,0.0399,9.6925,11.5009
23.1200,0.0000,0.0000,0.1519,-0.1677,-0.0018,0.3287,-0.3765,-0.0040,0.2857,-0.3777,0.1084,0.2857,-0.4198,0.1079,0.3599,-0.4911,0.1076,0.3196,0.0000,-0.0397,-0.0375,-0.0097,0.0000,0.0000,0.1000,0.0266,0.0399,9.6925,11.5009
23.1280,0.0000,0.0000,0.1519,-0.1677,-0.0018,0.3286,-0.3766,-0.0040,0.2856,-0.3777,0.1084,0.2856,-0.4198,0.1079,0.3598,-0.4911,0.1076,0.3194,0.0000,-0.0395,-0.0375,-0.0096,0.0000,0.0000,0.1000,0.0266,0.0399,9.6928,11.5012
23.1360,0.0000,0.0000,0.1519,-0.1677,-0.0018,0.3286,-0.3766,-0.0040,0.2855,-0.3778,0.1084,0.2855,-0.4199,0.1079,0.3597,-0.4911,0.1076,0.3193,0.0000,-0.0394,-0.0375,-0.0096,0.0000,0.0000,0.1000,0.0266,0.0399,9.6927,11.5011
23.1440,0.0000,0.0000,0.1519,-0.1678,-0.0018,0.3286,-0.3766,-0.0040,0.2854,-0.3778,0.1084,0.2854,-0.4199,0.1079,0.3596,-0.4911,0.1076,0.3192,0.0000,-0.0392,-0.0375,-0.0096,0.0000,0.0000,0.1000,0.0266,0.0399,9.6930,11.5014
23.1520,0.0000,0.0000,0.1519,-0.1678,-0.0018,0.3286,-0.3766,-0.0039,0.2853,-0.3778,0.1084,0.2853,-0.4199,0.1080,0.3595,-0.4911,0.1076,0.3191,0.0000,-0.0390,-0.0375,-0.0095,0.0000,0.0000,0.1000,0.0266,0.0399,9.6932,11.5016
23.1600,0.0000,0.0000,0.1519,-0.1678,-0.0018,0.3285,-0.3766,-0.0040,0.2852,-0.3778,0.1084,0.2852,-0.4200,0.1079,0.3594,-0.4912,0.1076,0.3189,0.0000,-0.0388,-0.0375,-0.0095,0.0000,0.0000,0.1000,0.0266,0.0399,9.6933,11.5017
23.1680,0.0000,0.0000,0.1519,-0.1679,-0.0018,0.3285,-0.3766,-0.0039,0.2851,-0.3778,0.1084,0.2851,-0.4201,0.1080,0.3592,-0.4912,0.1076,0.3187,0.0000,-0.0386,-0.0375,-0.0095,0.0000,0.0000,0.1000,0.0266,0.0399,9.6935,11.5020
23.1760,0.0000,0.0000,0.1519,-0.1679,-0.0018,0.3285,-0.3767,-0.0039,0.2850,-0.3778,0.1084,0.2850,-0.4201,0.1080,0.3591,-0.4912,0.1076,0.3186,0.0000,-0.0385,-0.0375,-0.0094,0.0000,0.0000,0.1000,0.0266,0.0399,9.6935,11.5021
23.1840,0.0000,0.0000,0.1519,-0.1679,-0.0018,0.3284,-0.3767,-0.0040,0.2849,-0.3778,0.1084,0.2849,-0.4201,0.1079,0.3590,-0.4913,0.1076,0.3184,0.0000,-0.0383,-0.0375,-0.0094,0.0000,0.0000,0.1000,0.0266,0.0399,9.6936,11.5022
23.1920,0.0000,0.0000,0.1519,-0.1680,-0.0018,0.3284,-0.3767,-0.0039,0.2848,-0.3779,0.1084,0.2848,-0.4202,0.1080,0.3589,-0.4913,0.1076,0.3182,0.0000,-0.0381,-0.0375,-0.0094,0.0000,0.0000,0.1000,0.0266,0.0399,9.6939,11.5025
23.2000,0.0000,0.0000,0.1519,-0.1680,-0.0018,0.3284,-0.3767,-0.0040,0.2847,-0.3779,0.1084,0.2847,-0.4202,0.1079,0.3588,-0.4913,0.1076,0.3181,0.0000,-0.0379,-0.0375,-0.0093,0.0000,0.0000,0.1000,0.0266,0.0399,9.6939,11.5025
23.2080,0.0000,0.0000,0.1519,-0.1680,-0.0018,0.3283,-0.3767,-0.0040,0.2846,-0.3779,0.1084,0.2846,-0.4203,0.1079,0.3587,-0.4914,0.1076,0.3180,0.0000,-0.0378,-0.0376,-0.0093,0.0000,0.0000,0.1000,0.0266,0.0399,9.6941,11.5027
23.2160,0.0000,0.0000,0.1519,-0.1680,-0.0018,0.3283,-0.3767,-0.0040,0.2845,-0.3779,0.1084,0.2845,-0.4203,0.1079,0.3585,-0.4914,0.1076,0.3178,0.0000,-0.0376,-0.0376,-0.0093,0.0000,0.0000,0.1000,0.0266,0.0399,9.6942,11.5029
23.2240,0.0000,0.0000,0.1519,-0.1681,-0.0018,0.3283,-0.3767,-0.0040,0.2844,-0.3779,0.1084,0.2844,-0.4204,0.1079,0.3584,-0.4914,0.1076,0.3177,0.0000,-0.0374,-0.0376,-0.0092,0.0000,0.0000,0.1000,0.0266,0.0399,9.6943,11.5030
23.2320,0.0000,0.0000,0.1519,-0.1681,-0.0018,0.3283,-0.3768,-0.0040,0.2843,-0.3779,0.1084,0.2843,-0.4204,0.1079,0.3583,-0.4914,0.1076,0.3176,0.0000,-0.0373,-0.0377,-0.0092,0.0000,0.0000,0.1000,0.0266,0.0399,9.6945,11.5032
23.2400,0.0000,0.0000,0.1519,-0.1681,-0.0018,0.3282,-0.3768,-0.0039,0.2842,-0.3779,0.1084,0.2842,-0.4204,0.1080,0.3582,-0.4915,0.1076,0.3174,0.0000,-0.0371,-0.0377,-0.0092,0.0000,0.0000,0.1000,0.0266,0.0399,9.6947,11.5035
23.2480,0.0000,0.0000,0.1519,-0.1682,-0.0018,0.3282,-0.3768,-0.0040,0.2841,-0.3780,0.1084,0.2841,-0.4205,0.1079,0.3581,-0.4915,0.1076,0.3173,0.0000,-0.0369,-0.0377,-0.0091,0.0000,0.0000,0.1000,0.0266,0.0399,9.6948,11.5036
23.2560,0.0000,0.0000,0.1519,-0.1682,-0.0018,0.3282,-0.3768,-0.0040,0.2840,-0.3780,0.1084,0.2840,-0.4205,0.1079,0.3580,-0.4915,0.1076,0.3171,0.0000,-0.0367,-0.0378,-0.0091,0.0000,0.0000,0.1000,0.0266,0.0399,9.6949,11.5037
23.2640,0.0000,0.0000,0.1519,-0.1682,-0.0018,0.3282,-0.3768,-0.0040,0.2839,-0.3780,0.1084,0.2839,-0.4206,0.1079,0.3578,-0.4915,0.1076,0.3170,0.0000,-0.0366,-0.0378,-0.0091,0.0000,0.0000,0.1000,0.0266,0.0399,9.6952,11.5040
23.2720,0.0000,0.0000,0.1519,-0.1683,-0.0018,0.3281,-0.3768,-0.0040,0.2838,-0.3780,0.1084,0.2838,-0.4206,0.1079,0.3577,-0.4916,0.1076,0.3168,0.0000,-0.0364,-0.0379,-0.0090,0.0000,0.0000,0.1000,0.0266,0.0399,9.6951,11.5039
23.2800,0.0000,0.0000,0.1519,-0.1683,-0.0018,0.3281,-0.3769,-0.0040,0.2837,-0.3780,0.1084,0.2837,-0.4207,0.1079,0.3576,-0.4916,0.1076,0.3167,0.0000,-0.0362,-0.0380,-0.0090,0.0000,0.0000,0.1000,0.0266,0.0399,9.6953,11.5041
23.2880,0.0000,0.0000,0.1519,-0.1683,-0.0018,0.3281,-0.3769,-0.0040,0.2836,-0.3780,0.1084,0.2836,-0.4207,0.1079,0.3575,-0.4916,0.1076,0.3165,0.0000,-0.0361,-0.0381,-0.0090,0.0000,0.0000,0.1000,0.0266,0.0399,9.6953,11.5042
23.2960,0.0000,0.0000,0.1519,-0.1683,-0.0018,0.3280,-0.3769,-0.0040,0.2835,-0.3781,0.1084,0.2835,-0.4208,0.1079,0.3574,-0.4917,0.1076,0.3164,0.0000,-0.0359,-0.0381,-0.0090,0.0000,0.0000,0.1000,0.0266,0.0399,9.6955,11.5044
23.3040,0.0000,0.0000,0.1519,-0.1684,-0.0018,0.3280,-0.3769,-0.0040,0.2834,-0.3781,0.1084,0.2834,-0.4208,0.1079,0.3573,-0.4917,0.1076,0.3163,0.0000,-0.0358,-0.0382,-0.0089,0.0000,0.0000,0.1000,0.0266,0.0399,9.6956,11.5045
23.3120,0.0000,0.0000,0.1519,-0.1684,-0.0018,0.3280,-0.3769,-0.0040,0.2833,-0.3781,0.1084,0.2833,-0.4208,0.1079,0.3572,-0.4917,0.1076,0.3162,0.0000,-0.0356,-0.0383,-0.0089,0.0000,0.0000,0.1000,0.0266,0.0399,9.6957,11.5046
23.3200,0.0000,0.0000,0.1519,-0.1684,-0.0018,0.3280,-0.3769,-0.0039,0.2832,-0.3781,0.1084,0.2832,-0.4209,0.1080,0.3571,-0.4917,0.1076,0.3160,0.0000,-0.0354,-0.0383,-0.0089,0.0000,0.0000,0.1000,0.0266,0.0399,9.6959,11.5049
23.3280,0.0000,0.0000,0.1519,-0.1685,-0.0018,0.3279,-0.3769,-0.0040,0.2831,-0.3781,0.1084,0.2831,-0.4209,0.1079,0.3569,-0.4918,0.1076,0.3159,0.0000,-0.0353,-0.0385,-0.0089,0.0000,0.0000,0.1000,0.0266,0.0399,9.6960,11.5050
23.3360,0.0000,0.0000,0.1519,-0.1685,-0.0018,0.3279,-0.3769,-0.0040,0.2830,-0.3781,0.1084,0.2830,-0.4210,0.1079,0.3568,-0.4918,0.1076,0.3157,0.0000,-0.0351,-0.0386,-0.0088,0.0000,0.0000,0.1000,0.0266,0.0399,9.6961,11.5051
23.3440,0.0000,0.0000,0.1519,-0.1685,-0.0018,0.3279,-0.3770,-0.0040,0.2829,-0.3781,0.1084,0.2829,-0.4210,0.1079,0.3567,-0.4918,0.1076,0.3156,0.0000,-0.0349,-0.0387,-0.0088,0.0000,0.0000,0.1000,0.0266,0.0399,9.6963,11.5053
23.3520,0.0000,0.0000,0.1519,-0.1685,-0.0018,0.3279,-0.3770,-0.0040,0.2828,-0.3781,0.1084,0.2828,-0.4210,0.1079,0.3566,-0.4918,0.1076,0.3155,0.0000,-0.0348,-0.0387,-0.0088,0.0000,0.0000,0.1000,0.0266,0.0399,9.6965,11.5056
23.3600,0.0000,0.0000,0.1519,-0.1686,-0.0018,0.3278,-0.3770,-0.0040,0.2827,-0.3782,0.1084,0.2827,-0.4211,0.1079,0.3565,-0.4919,0.1076,0.3153,0.0000,-0.0346,-0.0389,-0.0087,0.0000,0.0000,0.1000,0.0266,0.0399,9.6965,11.5056
23.3680,0.0000,0.0000,0.1519,-0.1686,-0.0018,0.3278,-0.3770,-0.0040,0.2826,-0.3782,0.1084,0.2826,-0.4211,0.1079,0.3564,-0.4919,0.1076,0.3152,0.0000,-0.0344,-0.0390,-0.0087,0.0000,0.0000,0.1000,0.0266,0.0399,9.6967,11.5058
23.3760,0.0000,0.0000,0.1519,-0.1686,-0.0018,0.3278,-0.3770,-0.0039,0.2825,-0.3782,0.1084,0.2825,-0.4211,0.1080,0.3563,-0.4919,0.1076,0.3150,0.0000,-0.0342,-0.0391,-0.0087,0.0000,0.0000,0.1000,0.0266,0.0399,9.6969,11.5061
23.3840,0.0000,0.0000,0.1519,-0.1687,-0.0018,0.3277,-0.3770,-0.0040,0.2824,-0.3782,0.1084,0.2824,-0.4212,0.1079,0.3561,-0.4920,0.1076,0.3149,0.0000,-0.0340,-0.0393,-0.0087,0.0000,0.0000,0.1000,0.0266,0.0399,9.6970,11.5061
23.3920,0.0000,0.0000,0.1519,-0.1687,-0.0018,0.3277,-0.3770,-0.0040,0.2823,-0.3782,0.1084,0.2823,-0.4212,0.1079,0.3560,-0.4920,0.1076,0.3147,0.0000,-0.0339,-0.0394,-0.0086,0.0000,0.0000,0.1000,0.0266,0.0399,9.6971,11.5063
23.4000,0.0000,0.0000,0.1519,-0.1687,-0.0018,0.3277,-0.3770,-0.0040,0.2822,-0.3782,0.1084,0.2822,-0.4213,0.1079,0.3559,-0.4920,0.1076,0.3146,0.0000,-0.0337,-0.0395,-0.0086,0.0000,0.0000,0.1000,0.0266,0.0399,9.6973,11.5066
23.4080,0.0000,0.0000,0.1519,-0.1687,-0.0018,0.3277,-0.3771,-0.0039,0.2821,-0.3782,0.1084,0.2821,-0.4213,0.1079,0.3558,-0.4920,0.1076,0.3145,0.0000,-0.0335,-0.0397,-0.0086,0.0000,0.0000,0.1000,0.0266,0.0399,9.6976,11.5069
23.4160,0.0000,0.0000,0.1519,-0.1688,-0.0018,0.3276,-0.3771,-0.0039,0.2820,-0.3782,0.1084,0.2820,-0.4214,0.1079,0.3557,-0.4920,0.1076,0.3143,0.0000,-0.0333,-0.0399,-0.0085,0.0000,0.0000,0.1000,0.0266,0.0399,9.6977,11.5070
23.4240,0.0000,0.0000,0.1519,-0.1688,-0.0018,0.3276,-0.3771,-0.0040,0.2819,-0.3783,0.1084,0.2819,-0.4214,0.1079,0.3556,-0.4921,0.1076,0.3142,0.0000,-0.0331,-0.0400,-0.0085,0.0000,0.0000,0.1000,0.0266,0.0399,9.6977,11.5070
23.4320,0.0000,0.0000,0.1519,-0.1688,-0.0018,0.3276,-0.3771,-0.0040,0.2818,-0.3783,0.1084,0.2818,-0.4214,0.1079,0.3555,-0.4921,0.1076,0.3140,0.0000,-0.0329,-0.0402,-0.0085,0.0000,0.0000,0.1000,0.0266,0.0399,9.6979,11.5072
23.4400,0.0000,0.0000,0.1519,-0.1688,-0.0018,0.3275,-0.3771,-0.0040,0.2818,-0.3783,0.1084,0.2818,-0.4215,0.1079,0.3554,-0.4921,0.1076,0.3139,0.0000,-0.0328,-0.0404,-0.0085,0.0000,0.0000,0.1000,0.0266,0.0399,9.6979,11.5072
23.4480,0.0000,0.0000,0.1519,-0.1689,-0.0018,0.3275,-0.3771,-0.0040,0.2817,-0.3783,0.1084,0.2817,-0.4215,0.1079,0.3553,-0.4921,0.1076,0.3138,0.0000,-0.0326,-0.0405,-0.0084,0.0000,0.0000,0.1000,0.0266,0.0399,9.6981,11.5075
23.4560,0.0000,0.0000,0.1519,-0.1689,-0.0018,0.3275,-0.3771,-0.0040,0.2816,-0.3783,0.1084,0.2816,-0.4215,0.1079,0.3552,-0.4922,0.1076,0.3137,0.0000,-0.0324,-0.0407,-0.0084,0.0000,0.0000,0.1000,0.0266,0.0399,9.6982,11.5075
23.4640,0.0000,0.0000,0.1519,-0.1689,-0.0018,0.3275,-0.3771,-0.0040,0.2815,-0.3783,0.1084,0.2815,-0.4216,0.1079,0.3551,-0.4922,0.1076,0.3135,0.0000,-0.0322,-0.0409,-0.0084,0.0000,0.0000,0.1000,0.0266,0.0399,9.6983,11.5077
23.4720,0.0000,0.0000,0.1519,-0.1689,-0.0018,0.3275,-0.3772,-0.0040,0.2814,-0.3783,0.1084,0.2814,-0.4216,0.1079,0.3550,-0.4922,0.1076,0.3134,0.0000,-0.0320,-0.0411,-0.0083,0.0000,0.0000,0.1000,0.0266,0.0399,9.6984,11.5078
23.4800,0.0000,0.0000,0.1519,-0.1690,-0.0018,0.3274,-0.3772,-0.0040,0.2813,-0.3783,0.1084,0.2813,-0.4217,0.1079,0.3549,-0.4922,0.1076,0.3133,0.0000,-0.0318,-0.0413,-0.0083,0.0000,0.0000,0.1000,0.0266,0.0399,9.6985,11.5079
23.4880,0.0000,0.0000,0.1519,-0.1690,-0.0018,0.3274,-0.3772,-0.0040,0.2812,-0.3784,0.1084,0.2812,-0.4217,0.1079,0.3548,-0.4922,0.1076,0.3132,0.0000,-0.0316,-0.0415,-0.0083,0.0000,0.0000,0.1000,0.0266,0.0399,9.6987,11.5082
23.4960,0.0000,0.0000,0.1519,-0.1690,-0.0018,0.3274,-0.3772,-0.0040,0.2811,-0.3784,0.1084,0.2811,-0.4217,0.1079,0.3546,-0.4923,0.1076,0.3130,0.0000,-0.0313,-0.0417,-0.0082,0.0000,0.0000,0.1000,0.0266,0.0399,9.6989,11.5084
23.5040,0.0000,0.0000,0.1519,-0.1690,-0.0018,0.3274,-0.3772,-0.0040,0.2810,-0.3784,0.1084,0.2810,-0.4218,0.1079,0.3545,-0.4923,0.1076,0.3129,0.0000,-0.0311,-0.0419,-0.0082,0.0000,0.0000,0.1000,0.0266,0.0399,9.6991,11.5086
23.5120,0.0000,0.0000,0.1519,-0.1691,-0.0018,0.3273,-0.3772,-0.0040,0.2809,-0.3784,0.1084,0.2809,-0.4218,0.1079,0.3544,-0.4923,0.1076,0.3127,0.0000,-0.0308,-0.0423,-0.0082,0.0000,0.0000,0.1000,0.0266,0.0399,9.6992,11.5087
23.5200,0.0000,0.0000,0.1519,-0.1691,-0.0018,0.3273,-0.3772,-0.0040,0.2808,-0.3784,0.1084,0.2808,-0.4218,0.1079,0.3543,-0.4923,0.1076,0.3126,0.0000,-0.0305,-0.0425,-0.0081,0.0000,0.0000,0.1000,0.0266,0.0399,9.6994,11.5090
23.5280,0.0000,0.0000,0.1519,-0.1691,-0.0018,0.3273,-0.3772,-0.0040,0.2807,-0.3784,0.1084,0.2807,-0.4219,0.1079,0.3542,-0.4924,0.1076,0.3124,0.0000,-0.0302,-0.0428,-0.0081,0.0000,0.0000,0.1000,0.0266,0.0399,9.6995,11.5092
23.5360,0.0000,0.0000,0.1519,-0.1691,-0.0018,0.3273,-0.3772,-0.0040,0.2806,-0.3784,0.1084,0.2806,-0.4219,0.1079,0.3541,-0.4924,0.1076,0.3123,0.0000,-0.0300,-0.0430,-0.0080,0.0000,0.0000,0.1000,0.0266,0.0399,9.6997,11.5094
23.5440,0.0000,0.0000,0.1519,-0.1692,-0.0018,0.3272,-0.3772,-0.0040,0.2806,-0.3784,0.1084,0.2806,-0.4220,0.1079,0.3540,-0.4924,0.1076,0.3122,0.0000,-0.0297,-0.0433,-0.0080,0.0000,0.0000,0.1000,0.0266,0.0399,9.6998,11.5095
23.5520,0.0000,0.0000,0.1519,-0.1692,-0.0018,0.3272,-0.3773,-0.0040,0.2805,-0.3784,0.1084,0.2805,-0.4220,0.1079,0.3539,-0.4924,0.1076,0.3121,0.0000,-0.0294,-0.0435,-0.0080,0.0000,0.0000,0.1000,0.0266,0.0399,9.6999,11.5096
23.5600,0.0000,0.0000,0.1519,-0.1692,-0.0018,0.3272,-0.3773,-0.0040,0.2804,-0.3784,0.1084,0.2804,-0.4220,0.1079,0.3538,-0.4924,0.1076,0.3119,0.0000,-0.0291,-0.0438,-0.0079,0.0000,0.0000,0.1000,0.0266,0.0399,9.7001,11.5099
23.5680,0.0000,0.0000,0.1519,-0.1693,-0.0018,0.3272,-0.3773,-0.0040,0.2803,-0.3785,0.1084,0.2803,-0.4221,0.1079,0.3536,-0.4925,0.1076,0.3118,0.0000,-0.0287,-0.0442,-0.0079,0.0000,0.0000,0.1000,0.0266,0.0399,9.7002,11.5100
23.5760,0.0000,0.0000,0.1519,-0.1693,-0.0018,0.3271,-0.3773,-0.0040,0.2802,-0.3785,0.1084,0.2802,-0.4221,0.1079,0.3535,-0.4925,0.1076,0.3117,0.0000,-0.0284,-0.0444,-0.0078,0.0000,0.0000,0.1000,0.0266,0.0399,9.7005,11.5103
23.5840,0.0000,0.0000,0.1519,-0.1693,-0.0018,0.3271,-0.3773,-0.0040,0.2801,-0.3785,0.1084,0.2801,-0.4221,0.1079,0.3534,-0.4925,0.1076,0.3115,0.0000,-0.0280,-0.0447,-0.0077,0.0000,0.0000,0.1000,0.0266,0.0399,9.7007,11.5105
23.5920,0.0000,0.0000,0.1519,-0.1693,-0.0018,0.3271,-0.3773,-0.0040,0.2800,-0.3785,0.1084,0.2800,-0.4222,0.1079,0.3533,-0.4925,0.1076,0.3114,0.0000,-0.0277,-0.0450,-0.0077,0.0000,0.0000,0.1000,0.0266,0.0399,9.7008,11.5107
23.6000,0.0000,0.0000,0.1519,-0.1693,-0.0018,0.3271,-0.3773,-0.0040,0.2799,-0.3785,0.1084,0.2799,-0.4222,0.1079,0.3532,-0.4925,0.1076,0.3113,0.0000,-0.0273,-0.0452,-0.0076,0.0000,0.0000,0.1000,0.0266,0.0399,9.7010,11.5109
23.6080,0.0000,0.0000,0.1519,-0.1694,-0.0018,0.3271,-0.3773,-0.0040,0.2798,-0.3785,0.1084,0.2798,-0.4222,0.1079,0.3531,-0.4925,0.1076,0.3112,0.0000,-0.0269,-0.0455,-0.0076,0.0000,0.0000,0.1000,0.0266,0.0399,9.7012,11.5111
23.6160,0.0000,0.0000,0.1519,-0.1694,-0.0018,0.3270,-0.3773,-0.0040,0.2797,-0.3785,0.1084,0.2797,-0.4223,0.1079,0.3530,-0.4926,0.1076,0.3110,0.0000,-0.0265,-0.0458,-0.0075,0.0000,0.0000,0.1000,0.0266,0.0399,9.7014,11.5113
23.6240,0.0000,0.0000,0.1519,-0.1694,-0.0018,0.3270,-0.3773,-0.0040,0.2797,-0.3785,0.1084,0.2797,-0.4223,0.1079,0.3529,-0.4926,0.1076,0.3109,0.0000,-0.0260,-0.0461,-0.0074,0.0000,0.0000,0.1000,0.0266,0.0399,9.7015,11.5115
23.6320,0.0000,0.0000,0.1519,-0.1694,-0.0018,0.3270,-0.3773,-0.0040,0.2796,-0.3785,0.1084,0.2796,-0.4223,0.1079,0.3528,-0.4926,0.1076,0.3107,0.0000,-0.0256,-0.0464,-0.0074,0.0000,0.0000,0.1000,0.0266,0.0399,9.7018,11.5119
23.6400,0.0000,0.0000,0.1519,-0.1694,-0.0018,0.3270,-0.3773,-0.0040,0.2795,-0.3785,0.1084,0.2795,-0.4224,0.1079,0.3527,-0.4926,0.1076,0.3106,0.0000,-0.0249,-0.0468,-0.0073,0.0000,0.0000,0.1000,0.0266,0.0399,9.7019,11.5120
23.6480,0.0000,0.0000,0.1519,-0.1695,-0.0018,0.3270,-0.3773,-0.0039,0.2794,-0.3785,0.1084,0.2794,-0.4224,0.1079,0.3526,-0.4926,0.1076,0.3105,0.0000,-0.0245,-0.0470,-0.0072,0.0000,0.0000,0.1000,0.0266,0.0399,9.7022,11.5123
23.6560,0.0000,0.0000,0.1519,-0.1695,-0.0018,0.3269,-0.3773,-0.0040,0.2793,-0.3785,0.1084,0.2793,-0.4224,0.1079,0.3525,-0.4927,0.1076,0.3103,0.0000,-0.0239,-0.0473,-0.0071,0.0000,0.0000,0.1000,0.0266,0.0399,9.7023,11.5125
23.6640,0.0000,0.0000,0.1519,-0.1695,-0.0018,0.3269,-0.3773,-0.0040,0.2792,-0.3785,0.1084,0.2792,-0.4225,0.1079,0.3524,-0.4927,0.1076,0.3102,0.0000,-0.0234,-0.0476,-0.0070,0.0000,0.0000,0.1000,0.0266,0.0399,9.7025,11.5126
23.6720,0.0000,0.0000,0.1519,-0.1695,-0.0018,0.3269,-0.3774,-0.0040,0.2791,-0.3785,0.1084,0.2791,-0.4225,0.1079,0.3523,-0.4927,0.1076,0.3101,0.0000,-0.0228,-0.0479,-0.0069,0.0000,0.0000,0.1000,0.0266,0.0399,9.7026,11.5128
23.6800,0.0000,0.0000,0.1519,-0.1696,-0.0018,0.3269,-0.3774,-0.0040,0.2790,-0.3785,0.1084,0.2790,-0.4225,0.1079,0.3522,-0.4927,0.1076,0.3100,0.0000,-0.0221,-0.0483,-0.0068,0.0000,0.0000,0.1000,0.0266,0.0399,9.7028,11.5130
23.6880,0.0000,0.0000,0.1519,-0.1696,-0.0018,0.3269,-0.3774,-0.0040,0.2789,-0.3785,0.1084,0.2789,-0.4226,0.1079,0.3521,-0.4927,0.1076,0.3098,0.0000,-0.0214,-0.0485,-0.0066,0.0000,0.0000,0.1000,0.0266,0.0399,9.7031,11.5134
23.6960,0.0000,0.0000,0.1519,-0.1696,-0.0018,0.3268,-0.3774,-0.0040,0.2789,-0.3785,0.1084,0.2789,-0.4226,0.1079,0.3520,-0.4927,0.1076,0.3097,0.0000,-0.0207,-0.0488,-0.0065,0.0000,0.0000,0.1000,0.0266,0.0399,9.7033,11.5136
23.7040,0.0000,0.0000,0.1519,-0.1696,-0.0018,0.3268,-0.3774,-0.0040,0.2788,-0.3785,0.1084,0.2788,-0.4226,0.1079,0.3519,-0.4927,0.1076,0.3096,0.0000,-0.0200,-0.0491,-0.0064,0.0000,0.0000,0.1000,0.0266,0.0399,9.7035,11.5138
23.7120,0.0000,0.0000,0.1519,-0.1696,-0.0018,0.3268,-0.3774,-0.0040,0.2787,-0.3785,0.1084,0.2787,-0.4226,0.1079,0.3518,-0.4928,0.1076,0.3095,0.0000,-0.0194,-0.0493,-0.0063,0.0000,0.0000,0.1000,0.0266,0.0399,9.7037,11.5140
23.7200,0.0000,0.0000,0.1519,-0.1696,-0.0018,0.3268,-0.3774,-0.0040,0.2786,-0.3785,0.1084,0.2786,-0.4227,0.1079,0.3517,-0.4928,0.1076,0.3093,0.0000,-0.0186,-0.0495,-0.0061,0.0000,0.0000,0.1000,0.0266,0.0399,9.7039,11.5143
23.7280,0.0000,0.0000,0.1519,-0.1697,-0.0018,0.3268,-0.3774,-0.0040,0.2785,-0.3786,0.1084,0.2785,-0.4227,0.1079,0.3516,-0.4928,0.1076,0.3092,0.0000,-0.0177,-0.0498,-0.0060,0.0000,0.0000,0.1000,0.0266,0.0399,9.7040,11.5144
23.7360,0.0000,0.0000,0.1519,-0.1697,-0.0018,0.3268,-0.3774,-0.0040,0.2785,-0.3786,0.1084,0.2785,-0.4227,0.1079,0.3515,-0.4928,0.1075,0.3091,0.0000,-0.0170,-0.0499,-0.0058,0.0000,0.0000,0.1000,0.0266,0.0399,9.7042,11.5146
23.7440,0.0000,0.0000,0.1519,-0.1697,-0.0018,0.3267,-0.3774,-0.0040,0.2784,-0.3786,0.1084,0.2784,-0.4227,0.1079,0.3514,-0.4928,0.1076,0.3090,0.0000,-0.0160,-0.0501,-0.0057,0.0000,0.0000,0.1000,0.0266,0.0399,9.7044,11.5150
23.7520,0.0000,0.0000,0.1519,-0.1697,-0.0018,0.3267,-0.3774,-0.0040,0.2783,-0.3786,0.1084,0.2783,-0.4228,0.1079,0.3513,-0.4928,0.1076,0.3088,0.0000,-0.0150,-0.0503,-0.0055,0.0000,0.0000,0.1000,0.0266,0.0399,9.7047,11.5153
23.7600,0.0000,0.0000,0.1519,-0.1697,-0.0018,0.3267,-0.3774,-0.0040,0.2782,-0.3786,0.1084,0.2782,-0.4228,0.1079,0.3512,-0.4928,0.1076,0.3088,0.0000,-0.0143,-0.0504,-0.0053,0.0000,0.0000,0.1000,0.0266,0.0399,9.7049,11.5155
23.7680,0.0000,0.0000,0.1519,-0.1697,-0.0018,0.3267,-0.3774,-0.0040,0.2781,-0.3786,0.1084,0.2781,-0.4228,0.1079,0.3511,-0.4928,0.1076,0.3086,0.0000,-0.0134,-0.0505,-0.0052,0.0000,0.0000,0.1000,0.0266,0.0399,9.7052,11.5158
23.7760,0.0000,0.0000,0.1519,-0.1698,-0.0018,0.3267,-0.3774,-0.0040,0.2781,-0.3786,0.1084,0.2781,-0.4228,0.1079,0.3510,-0.4929,0.1076,0.3085,0.0000,-0.0123,-0.0506,-0.0050,0.0000,0.0000,0.1000,0.0266,0.0399,9.7054,11.5160
23.7840,0.0000,0.0000,0.1519,-0.1698,-0.0018,0.3267,-0.3774,-0.0040,0.2780,-0.3785,0.1084,0.2780,-0.4229,0.1079,0.3509,-0.4929,0.1076,0.3084,0.0000,-0.0115,-0.0507,-0.0048,0.0000,0.0000,0.1000,0.0266,0.0399,9.7056,11.5163
23.7920,0.0000,0.0000,0.1519,-0.1698,-0.0018,0.3267,-0.3774,-0.0040,0.2779,-0.3786,0.1084,0.2779,-0.4229,0.1079,0.3508,-0.4929,0.1076,0.3083,0.0000,-0.0102,-0.0507,-0.0046,0.0000,0.0000,0.1000,0.0266,0.0399,9.7058,11.5166
23.8000,0.0000,0.0000,0.1519,-0.1698,-0.0018,0.3266,-0.3774,-0.0040,0.2779,-0.3785,0.1084,0.2779,-0.4229,0.1079,0.3508,-0.4929,0.1076,0.3082,0.0000,-0.0095,-0.0507,-0.0044,0.0000,0.0000,0.1000,0.0266,0.0399,9.7062,11.5170
23.8080,0.0000,0.0000,0.1519,-0.1698,-0.0018,0.3266,-0.3774,-0.0040,0.2778,-0.3785,0.1084,0.2778,-0.4229,0.1079,0.3507,-0.4929,0.1076,0.3081,0.0000,-0.0081,-0.0507,-0.0042,0.0000,0.0000,0.1000,0.0266,0.0399,9.7063,11.5171
23.8160,0.0000,0.0000,0.1519,-0.1698,-0.0018,0.3266,-0.3774,-0.0040,0.2777,-0.3785,0.1084,0.2777,-0.4230,0.1079,0.3506,-0.4929,0.1076,0.3080,0.0000,-0.0070,-0.0507,-0.0039,0.0000,0.0000,0.1000,0.0266,0.0399,9.7065,11.5174
23.8240,0.0000,0.0000,0.1519,-0.1698,-0.0018,0.3266,-0.3774,-0.0040,0.2776,-0.3785,0.1084,0.2776,-0.4230,0.1079,0.3505,-0.4929,0.1076,0.3078,0.0000,-0.0055,-0.0506,-0.0036,0.0000,0.0000,0.1000,0.0266,0.0399,9.7068,11.5178
23.8320,0.0000,0.0000,0.1519,-0.1698,-0.0018,0.3266,-0.3774,-0.0040,0.2775,-0.3785,0.1084,0.2775,-0.4230,0.1079,0.3504,-0.4929,0.1076,0.3077,0.0000,-0.0044,-0.0505,-0.0034,0.0000,0.0000,0.1000,0.0266,0.0399,9.7070,11.5180
23.8400,0.0000,0.0000,0.1519,-0.1698,-0.0018,0.3266,-0.3774,-0.0040,0.2775,-0.3785,0.1084,0.2775,-0.4230,0.1079,0.3503,-0.4929,0.1076,0.3076,0.0000,-0.0033,-0.0503,-0.0032,0.0000,0.0000,0.1000,0.0266,0.0399,9.7073,11.5184
23.8480,0.0000,0.0000,0.1519,-0.1699,-0.0018,0.3266,-0.3774,-0.0040,0.2774,-0.3785,0.1084,0.2774,-0.4230,0.1079,0.3502,-0.4929,0.1076,0.3075,0.0000,-0.0019,-0.0501,-0.0029,0.0000,0.0000,0.1000,0.0266,0.0399,9.7075,11.5186
23.8560,0.0000,0.0000,0.1519,-0.1699,-0.0018,0.3266,-0.3774,-0.0040,0.2773,-0.3785,0.1084,0.2773,-0.4231,0.1079,0.3501,-0.4929,0.1076,0.3074,0.0000,-0.0007,-0.0499,-0.0027,0.0000,0.0000,0.1000,0.0266,0.0399,9.7077,11.5188
23.8640,0.0000,0.0000,0.1519,-0.1699,-0.0018,0.3265,-0.3774,-0.0040,0.2773,-0.3785,0.1084,0.2773,-0.4231,0.1079,0.3501,-0.4929,0.1076,0.3073,0.0000,0.0004,-0.0497,-0.0024,0.0000,0.0000,0.1000,0.0266,0.0399,9.7079,11.5191
23.8720,0.0000,0.0000,0.1519,-0.1699,-0.0018,0.3265,-0.3773,-0.0040,0.2772,-0.3785,0.1084,0.2772,-0.4231,0.1079,0.3500,-0.4929,0.1076,0.3072,0.0000,0.0015,-0.0495,-0.0022,0.0000,0.0000,0.1000,0.0266,0.0399,9.7082,11.5194
23.8800,0.0000,0.0000,0.1519,-0.1699,-0.0018,0.3265,-0.3773,-0.0040,0.2771,-0.3785,0.1084,0.2771,-0.4231,0.1079,0.3499,-0.4929,0.1076,0.3071,0.0000,0.0027,-0.0491,-0.0020,0.0000,0.0000,0.1000,0.0266,0.0399,9.7085,11.5197
23.8880,0.0000,0.0000,0.1519,-0.1699,-0.0018,0.3265,-0.3773,-0.0040,0.2771,-0.3785,0.1084,0.2771,-0.4231,0.1079,0.3498,-0.4929,0.1076,0.3070,0.0000,0.0039,-0.0488,-0.0017,0.0000,0.0000,0.1000,0.0266,0.0399,9.7087,11.5200
23.8960,0.0000,0.0000,0.1519,-0.1699,-0.0018,0.3265,-0.3773,-0.0040,0.2770,-0.3785,0.1084,0.2770,-0.4231,0.1079,0.3497,-0.4930,0.1076,0.3069,0.0000,0.0056,-0.0483,-0.0013,0.0000,0.0000,0.1000,0.0266,0.0399,9.7090,11.5204
23.9040,0.0000,0.0000,0.1519,-0.1699,-0.0018,0.3265,-0.3773,-0.0040,0.2769,-0.3785,0.1084,0.2769,-0.4232,0.1079,0.3496,-0.4930,0.1076,0.3068,0.0000,0.0070,-0.0479,-0.0010,0.0000,0.0000,0.1000,0.0266,0.0399,9.7091,11.5205
23.9120,0.0000,0.0000,0.1519,-0.1699,-0.0018,0.3265,-0.3773,-0.0040,0.2769,-0.3785,0.1084,0.2769,-0.4232,0.1079,0.3496,-0.4930,0.1076,0.3067,0.0000,0.0083,-0.0474,-0.0008,0.0000,0.0000,0.1000,0.0266,0.0399,9.7095,11.5210
23.9200,0.0000,0.0000,0.1519,-0.1700,-0.0018,0.3265,-0.3773,-0.0040,0.2768,-0.3785,0.1084,0.2768,-0.4232,0.1079,0.3495,-0.4930,0.1076,0.3066,0.0000,0.0096,-0.0470,-0.0005,0.0000,0.0000,0.1000,0.0266,0.0399,9.7095,11.5210
23.9280,0.0000,0.0000,0.1519,-0.1700,-0.0018,0.3265,-0.3773,-0.0040,0.2767,-0.3785,0.1084,0.2767,-0.4232,0.1079,0.3494,-0.4930,0.1076,0.3065,0.0000,0.0111,-0.0463,-0.0002,0.0000,0.0000,0.1000,0.0266,0.0399,9.7099,11.5214
23.9360,0.0000,0.0000,0.1519,-0.1700,-0.0018,0.3265,-0.3773,-0.0040,0.2767,-0.3785,0.1084,0.2767,-0.4232,0.1079,0.3494,-0.4930,0.1076,0.3064,0.0000,0.0120,-0.0460,0.0000,0.0000,0.0000,0.1000,0.0266,0.0399,9.7102,11.5218
23.9440,0.0000,0.0000,0.1519,-0.1700,-0.0018,0.3265,-0.3773,-0.0040,0.2766,-0.3785,0.1084,0.2766,-0.4233,0.1079,0.3493,-0.4930,0.1076,0.3063,0.0000,0.0138,-0.0451,0.0004,0.0000,0.0000,0.1000,0.0266,0.0399,9.7104,11.5220
23.9520,0.0000,0.0000,0.1519,-0.1700,-0.0018,0.3265,-0.3773,-0.0039,0.2765,-0.3785,0.1084,0.2765,-0.4233,0.1079,0.3492,-0.4930,0.1076,0.3062,0.0000,0.0150,-0.0445,0.0007,0.0000,0.0000,0.1000,0.0266,0.0399,9.7108,11.5225
23.9600,0.0000,0.0000,0.1519,-0.1700,-0.0018,0.3264,-0.3773,-0.0040,0.2765,-0.3785,0.1084,0.2765,-0.4233,0.1079,0.3491,-0.4930,0.1076,0.3061,0.0000,0.0166,-0.0437,0.0010,0.0000,0.0000,0.1000,0.0266,0.0399,9.7110,11.5227
23.9680,0.0000,0.0000,0.1519,-0.1700,-0.0018,0.3264,-0.3773,-0.0040,0.2764,-0.3785,0.1084,0.2764,-0.4233,0.1079,0.3490,-0.4930,0.1076,0.3060,0.0000,0.0176,-0.0432,0.0013,0.0000,0.0000,0.1000,0.0266,0.0399,9.7112,11.5230
23.9760,0.0000,0.0000,0.1519,-0.1700,-0.0018,0.3264,-0.3773,-0.0039,0.2764,-0.3784,0.1084,0.2764,-0.4233,0.1079,0.3490,-0.4930,0.1076,0.3059,0.0000,0.0187,-0.0425,0.0015,0.0000,0.0000,0.1000,0.0266,0.0399,9.7116,11.5234
23.9840,0.0000,0.0000,0.1519,-0.1700,-0.0018,0.3264,-0.3773,-0.0040,0.2763,-0.3785,0.1084,0.2763,-0.4233,0.1079,0.3489,-0.4930,0.1076,0.3058,0.0000,0.0201,-0.0418,0.0018,0.0000,0.0000,0.1000,0.0266,0.0399,9.7116,11.5235
23.9920,0.0000,0.0000,0.1519,-0.1700,-0.0018,0.3264,-0.3773,-0.0040,0.2762,-0.3784,0.1084,0.2762,-0.4233,0.1079,0.3488,-0.4930,0.1076,0.3058,0.0000,0.0210,-0.0412,0.0020,0.0000,0.0000,0.1000,0.0266,0.0399,9.7119,11.5238
24.0000,0.0000,0.0000,0.1519,-0.1700,-0.0018,0.3264,-0.3773,-0.0040,0.2762,-0.3784,0.1084,0.2762,-0.4233,0.1079,0.3487,-0.4930,0.1076,0.3056,0.0000,0.0225,-0.0402,0.0024,0.0000,0.0000,0.1000,0.0266,0.0399,9.7122,11.5242
24.0080,0.0000,0.0000,0.1519,-0.1700,-0.0018,0.3264,-0.3773,-0.0040,0.2761,-0.3784,0.1084,0.2761,-0.4234,0.1079,0.3487,-0.4930,0.1076,0.3056,0.0000,0.0236,-0.0394,0.0026,0.0000,0.0000,0.1000,0.0266,0.0399,9.7125,11.5245
24.0160,0.0000,0.0000,0.1519,-0.1700,-0.0018,0.3264,-0.3772,-0.0040,0.2761,-0.3784,0.1084,0.2761,-0.4234,0.1079,0.3486,-0.4930,0.1076,0.3055,0.0000,0.0248,-0.0386,0.0029,0.0000,0.0000,0.1000,0.0266,0.0399,9.7127,11.5248
24.0240,0.0000,0.0000,0.1519,-0.1700,-0.0018,0.3264,-0.3772,-0.0040,0.2760,-0.3784,0.1084,0.2760,-0.4234,0.1079,0.3485,-0.4930,0.1076,0.3054,0.0000,0.0262,-0.0376,0.0032,0.0000,0.0000,0.1000,0.0266,0.0399,9.7129,11.5251
24.0320,0.0000,0.0000,0.1519,-0.1701,-0.0018,0.3264,-0.3772,-0.0040,0.2759,-0.3784,0.1084,0.2759,-0.4234,0.1079,0.3484,-0.4930,0.1076,0.3053,0.0000,0.0272,-0.0368,0.0035,0.0000,0.0000,0.1000,0.0266,0.0399,9.7133,11.5254
24.0400,0.0000,0.0000,0.1519,-0.1701,-0.0018,0.3264,-0.3772,-0.0040,0.2758,-0.3784,0.1084,0.2758,-0.4234,0.1079,0.3484,-0.4930,0.1076,0.3052,0.0000,0.0286,-0.0357,0.0038,0.0000,0.0000,0.1000,0.0266,0.0399,9.7135,11.5258
24.0480,0.0000,0.0000,0.1519,-0.1701,-0.0018,0.3264,-0.3772,-0.0040,0.2758,-0.3784,0.1084,0.2758,-0.4234,0.1079,0.3483,-0.4930,0.1076,0.3051,0.0000,0.0298,-0.0346,0.0041,0.0000,0.0000,0.1000,0.0266,0.0399,9.7137,11.5260
24.0560,0.0000,0.0000,0.1519,-0.1701,-0.0018,0.3264,-0.3772,-0.0039,0.2757,-0.3784,0.1084,0.2757,-0.4235,0.1079,0.3482,-0.4930,0.1076,0.3049,0.0000,0.0311,-0.0335,0.0044,0.0000,0.0000,0.1000,0.0266,0.0399,9.7141,11.5264
24.0640,0.0000,0.0000,0.1519,-0.1701,-0.0018,0.3263,-0.3772,-0.0040,0.2756,-0.3784,0.1084,0.2756,-0.4235,0.1079,0.3481,-0.4930,0.1076,0.3048,0.0000,0.0321,-0.0324,0.0047,0.0000,0.0000,0.1000,0.0266,0.0399,9.7143,11.5267
24.0720,0.0000,0.0000,0.1519,-0.1701,-0.0018,0.3263,-0.3772,-0.0040,0.2756,-0.3784,0.1084,0.2756,-0.4235,0.1079,0.3480,-0.4930,0.1076,0.3048,0.0000,0.0331,-0.0315,0.0049,0.0000,0.0000,0.1000,0.0266,0.0399,9.7145,11.5270
24.0800,0.0000,0.0000,0.1519,-0.1701,-0.0018,0.3263,-0.3772,-0.0040,0.2755,-0.3784,0.1084,0.2755,-0.4235,0.1079,0.3480,-0.4930,0.1076,0.3047,0.0000,0.0340,-0.0306,0.0051,0.0000,0.0000,0.1000,0.0266,0.0399,9.7148,11.5272
24.0880,0.0000,0.0000,0.1519,-0.1701,-0.0018,0.3263,-0.3772,-0.0040,0.2754,-0.3784,0.1084,0.2754,-0.4235,0.1079,0.3479,-0.4930,0.1076,0.3046,0.0000,0.0350,-0.0295,0.0054,0.0000,0.0000,0.1000,0.0266,0.0399,9.7150,11.5275
24.0960,0.0000,0.0000,0.1519,-0.1701,-0.0018,0.3263,-0.3772,-0.0040,0.2754,-0.3784,0.1084,0.2754,-0.4235,0.1079,0.3478,-0.4930,0.1076,0.3045,0.0000,0.0360,-0.0284,0.0056,0.0000,0.0000,0.1000,0.0266,0.0399,9.7153,11.5278
24.1040,0.0000,0.0000,0.1519,-0.1701,-0.0018,0.3263,-0.3772,-0.0040,0.2753,-0.3784,0.1084,0.2753,-0.4236,0.1079,0.3477,-0.4930,0.1076,0.3044,0.0000,0.0367,-0.0276,0.0058,0.0000,0.0000,0.1000,0.0266,0.0399,9.7154,11.5280
24.1120,0.0000,0.0000,0.1519,-0.1701,-0.0018,0.3263,-0.3772,-0.0040,0.2753,-0.3784,0.1084,0.2753,-0.4236,0.1079,0.3477,-0.4930,0.1076,0.3043,0.0000,0.0375,-0.0264,0.0060,0.0000,0.0000,0.1000,0.0266,0.0399,9.7158,11.5285
24.1200,0.0000,0.0000,0.1519,-0.1701,-0.0018,0.3263,-0.3772,-0.0040,0.2752,-0.3784,0.1084,0.2752,-0.4236,0.1079,0.3476,-0.4930,0.1076,0.3042,0.0000,0.0383,-0.0255,0.0062,0.0000,0.0000,0.1000,0.0266,0.0399,9.7160,11.5287
24.1280,0.0000,0.0000,0.1519,-0.1702,-0.0018,0.3263,-0.3772,-0.0040,0.2751,-0.3783,0.1084,0.2751,-0.4236,0.1079,0.3475,-0.4930,0.1076,0.3041,0.0000,0.0391,-0.0244,0.0064,0.0000,0.0000,0.1000,0.0266,0.0399,9.7162,11.5289
24.1360,0.0000,0.0000,0.1519,-0.1702,-0.0018,0.3263,-0.3772,-0.0040,0.2751,-0.3783,0.1084,0.2751,-0.4236,0.1079,0.3474,-0.4930,0.1076,0.3040,0.0000,0.0397,-0.0235,0.0066,0.0000,0.0000,0.1000,0.0266,0.0399,9.7166,11.5294
24.1440,0.0000,0.0000,0.1519,-0.1702,-0.0018,0.3263,-0.3772,-0.0040,0.2750,-0.3783,0.1084,0.2750,-0.4236,0.1079,0.3474,-0.4930,0.1076,0.3039,0.0000,0.0404,-0.0225,0.0068,0.0000,0.0000,0.1000,0.0266,0.0399,9.7167,11.5296
24.1520,0.0000,0.0000,0.1519,-0.1702,-0.0018,0.3263,-0.3771,-0.0040,0.2749,-0.3783,0.1084,0.2749,-0.4236,0.1079,0.3473,-0.4930,0.1076,0.3038,0.0000,0.0410,-0.0214,0.0070,0.0000,0.0000,0.1000,0.0266,0.0399,9.7171,11.5299
24.1600,0.0000,0.0000,0.1519,-0.1702,-0.0018,0.3263,-0.3771,-0.0040,0.2749,-0.3783,0.1084,0.2749,-0.4237,0.1079,0.3472,-0.4930,0.1076,0.3037,0.0000,0.0417,-0.0203,0.0072,0.0000,0.0000,0.1000,0.0266,0.0399,9.7172,11.5301
24.1680,0.0000,0.0000,0.1519,-0.1702,-0.0018,0.3262,-0.3771,-0.0040,0.2748,-0.3783,0.1084,0.2748,-0.4237,0.1079,0.3471,-0.4930,0.1076,0.3036,0.0000,0.0422,-0.0193,0.0073,0.0000,0.0000,0.1000,0.0266,0.0399,9.7176,11.5305
24.1760,0.0000,0.0000,0.1519,-0.1702,-0.0018,0.3262,-0.3771,-0.0040,0.2748,-0.3783,0.1084,0.2748,-0.4237,0.1079,0.3471,-0.4930,0.1076,0.3035,0.0000,0.0426,-0.0187,0.0074,0.0000,0.0000,0.1000,0.0266,0.0399,9.7178,11.5308
24.1840,0.0000,0.0000,0.1519,-0.1702,-0.0018,0.3262,-0.3771,-0.0040,0.2747,-0.3783,0.1084,0.2747,-0.4237,0.1079,0.3469,-0.4931,0.1076,0.3034,0.0000,0.0432,-0.0174,0.0076,0.0000,0.0000,0.1000,0.0266,0.0399,9.7180,11.5311
24.1920,0.0000,0.0000,0.1519,-0.1702,-0.0018,0.3262,-0.3771,-0.0040,0.2746,-0.3783,0.1084,0.2746,-0.4237,0.1079,0.3468,-0.4930,0.1076,0.3033,0.0000,0.0437,-0.0162,0.0078,0.0000,0.0000,0.1000,0.0266,0.0399,9.7185,11.5316
24.2000,0.0000,0.0000,0.1519,-0.1702,-0.0018,0.3262,-0.3771,-0.0040,0.2746,-0.3783,0.1084,0.2746,-0.4237,0.1079,0.3468,-0.4931,0.1076,0.3032,0.0000,0.0440,-0.0156,0.0079,0.0000,0.0000,0.1000,0.0266,0.0399,9.7186,11.5318
24.2080,0.0000,0.0000,0.1519,-0.1702,-0.0018,0.3262,-0.3771,-0.0040,0.2745,-0.3783,0.1084,0.2745,-0.4237,0.1079,0.3467,-0.4930,0.1076,0.3031,0.0000,0.0443,-0.0149,0.0080,0.0000,0.0000,0.1000,0.0266,0.0399,9.7189,11.5321
24.2160,0.0000,0.0000,0.1519,-0.1702,-0.0018,0.3262,-0.3771,-0.0040,0.2744,-0.3783,0.1084,0.2744,-0.4237,0.1079,0.3467,-0.4930,0.1076,0.3030,0.0000,0.0446,-0.0140,0.0081,0.0000,0.0000,0.1000,0.0266,0.0399,9.7192,11.5325
24.2240,0.0000,0.0000,0.1519,-0.1702,-0.0018,0.3262,-0.3771,-0.0040,0.2744,-0.3783,0.1084,0.2744,-0.4238,0.1079,0.3466,-0.4931,0.1076,0.3029,0.0000,0.0449,-0.0131,0.0082,0.0000,0.0000,0.1000,0.0266,0.0399,9.7193,11.5326
24.2320,0.0000,0.0000,0.1519,-0.1702,-0.0018,0.3262,-0.3771,-0.0040,0.2743,-0.3783,0.1084,0.2743,-0.4238,0.1079,0.3465,-0.4931,0.1076,0.3028,0.0000,0.0452,-0.0121,0.0083,0.0000,0.0000,0.1000,0.0266,0.0399,9.7196,11.5330
24.2400,0.0000,0.0000,0.1519,-0.1703,-0.0018,0.3262,-0.3771,-0.0040,0.2742,-0.3783,0.1084,0.2742,-0.4238,0.1079,0.3464,-0.4931,0.1076,0.3027,0.0000,0.0454,-0.0115,0.0084,0.0000,0.0000,0.1000,0.0266,0.0399,9.7198,11.5332
24.2480,0.0000,0.0000,0.1519,-0.1703,-0.0018,0.3262,-0.3771,-0.0040,0.2742,-0.3783,0.1084,0.2742,-0.4238,0.1079,0.3464,-0.4931,0.1076,0.3026,0.0000,0.0456,-0.0108,0.0084,0.0000,0.0000,0.1000,0.0266,0.0399,9.7200,11.5334
24.2560,0.0000,0.0000,0.1519,-0.1703,-0.0018,0.3262,-0.3771,-0.0040,0.2741,-0.3782,0.1084,0.2741,-0.4238,0.1079,0.3463,-0.4931,0.1076,0.3025,0.0000,0.0457,-0.0101,0.0085,0.0000,0.0000,0.1000,0.0266,0.0399,9.7204,11.5339
24.2640,0.0000,0.0000,0.1519,-0.1703,-0.0018,0.3262,-0.3771,-0.0040,0.2740,-0.3782,0.1084,0.2740,-0.4239,0.1079,0.3462,-0.4931,0.1076,0.3024,0.0000,0.0460,-0.0091,0.0086,0.0000,0.0000,0.1000,0.0266,0.0399,9.7205,11.5340
24.2720,0.0000,0.0000,0.1519,-0.1703,-0.0018,0.3262,-0.3770,-0.0040,0.2740,-0.3782,0.1084,0.2740,-0.4239,0.1079,0.3461,-0.4931,0.1076,0.3023,0.0000,0.0461,-0.0085,0.0086,0.0000,0.0000,0.1000,0.0266,0.0399,9.7208,11.5344
24.2800,0.0000,0.0000,0.1519,-0.1703,-0.0018,0.3262,-0.3770,-0.0040,0.2739,-0.3782,0.1084,0.2739,-0.4239,0.1079,0.3461,-0.4931,0.1076,0.3023,0.0000,0.0462,-0.0080,0.0087,0.0000,0.0000,0.1000,0.0266,0.0399,9.7211,11.5347
24.2880,0.0000,0.0000,0.1519,-0.1703,-0.0018,0.3261,-0.3770,-0.0040,0.2739,-0.3782,0.1084,0.2739,-0.4239,0.1079,0.3460,-0.4931,0.1076,0.3021,0.0000,0.0463,-0.0071,0.0088,0.0000,0.0000,0.1000,0.0266,0.0399,9.7213,11.5349
24.2960,0.0000,0.0000,0.1519,-0.1703,-0.0018,0.3261,-0.3770,-0.0040,0.2738,-0.3782,0.1084,0.2738,-0.4239,0.1079,0.3459,-0.4931,0.1076,0.3021,0.0000,0.0463,-0.0066,0.0088,0.0000,0.0000,0.1000,0.0266,0.0399,9.7215,11.5353
24.3040,0.0000,0.0000,0.1519,-0.1703,-0.0018,0.3261,-0.3770,-0.0040,0.2738,-0.3782,0.1084,0.2738,-0.4239,0.1079,0.3458,-0.4931,0.1076,0.3020,0.0000,0.0464,-0.0060,0.0088,0.0000,0.0000,0.1000,0.0266,0.0399,9.7219,11.5356
24.3120,0.0000,0.0000,0.1519,-0.1703,-0.0018,0.3261,-0.3770,-0.0040,0.2737,-0.3782,0.1084,0.2737,-0.4239,0.1079,0.3457,-0.4931,0.1076,0.3019,0.0000,0.0465,-0.0052,0.0089,0.0000,0.0000,0.1000,0.0266,0.0399,9.7220,11.5358
24.3200,0.0000,0.0000,0.1519,-0.1703,-0.0018,0.3261,-0.3770,-0.0040,0.2736,-0.3782,0.1084,0.2736,-0.4240,0.1079,0.3457,-0.4931,0.1076,0.3017,0.0000,0.0465,-0.0045,0.0089,0.0000,0.0000,0.1000,0.0266,0.0399,9.7222,11.5361
24.3280,0.0000,0.0000,0.1519,-0.1703,-0.0018,0.3261,-0.3770,-0.0040,0.2736,-0.3782,0.1084,0.2736,-0.4240,0.1079,0.3456,-0.4931,0.1076,0.3017,0.0000,0.0465,-0.0041,0.0090,0.0000,0.0000,0.1000,0.0266,0.0399,9.7225,11.5364
24.3360,0.0000,0.0000,0.1519,-0.1704,-0.0018,0.3261,-0.3770,-0.0040,0.2735,-0.3782,0.1084,0.2735,-0.4240,0.1079,0.3455,-0.4931,0.1076,0.3016,0.0000,0.0465,-0.0035,0.0090,0.0000,0.0000,0.1000,0.0266,0.0399,9.7227,11.5367
24.3440,0.0000,0.0000,0.1519,-0.1704,-0.0018,0.3261,-0.3770,-0.0039,0.2734,-0.3782,0.1084,0.2734,-0.4240,0.1079,0.3454,-0.4931,0.1076,0.3015,0.0000,0.0465,-0.0029,0.0090,0.0000,0.0000,0.1000,0.0266,0.0399,9.7231,11.5371
24.3520,0.0000,0.0000,0.1519,-0.1704,-0.0018,0.3261,-0.3770,-0.0040,0.2734,-0.3782,0.1084,0.2734,-0.4240,0.1079,0.3454,-0.4931,0.1076,0.3014,0.0000,0.0465,-0.0024,0.0090,0.0000,0.0000,0.1000,0.0266,0.0399,9.7231,11.5372
24.3600,0.0000,0.0000,0.1519,-0.1704,-0.0018,0.3261,-0.3770,-0.0040,0.2733,-0.3782,0.1084,0.2733,-0.4240,0.1079,0.3453,-0.4931,0.1076,0.3013,0.0000,0.0464,-0.0018,0.0091,0.0000,0.0000,0.1000,0.0266,0.0399,9.7235,11.5376
24.3680,0.0000,0.0000,0.1519,-0.1704,-0.0018,0.3261,-0.3770,-0.0040,0.2732,-0.3782,0.1084,0.2732,-0.4240,0.1079,0.3452,-0.4931,0.1076,0.3012,0.0000,0.0464,-0.0012,0.0091,0.0000,0.0000,0.1000,0.0266,0.0399,9.7238,11.5380
24.3760,0.0000,0.0000,0.1519,-0.1704,-0.0018,0.3260,-0.3770,-0.0040,0.2731,-0.3781,0.1084,0.2731,-0.4241,0.1079,0.3451,-0.4931,0.1076,0.3010,0.0000,0.0463,-0.0006,0.0091,0.0000,0.0000,0.1000,0.0266,0.0399,9.7241,11.5383
24.3840,0.0000,0.0000,0.1519,-0.1704,-0.0018,0.3261,-0.3769,-0.0040,0.2731,-0.3781,0.1084,0.2731,-0.4241,0.1079,0.3450,-0.4931,0.1076,0.3010,0.0000,0.0462,-0.0003,0.0091,0.0000,0.0000,0.1000,0.0266,0.0399,9.7244,11.5387
24.3920,0.0000,0.0000,0.1519,-0.1704,-0.0018,0.3260,-0.3769,-0.0040,0.2730,-0.3781,0.1084,0.2730,-0.4241,0.1079,0.3450,-0.4931,0.1076,0.3009,0.0000,0.0462,0.0001,0.0091,0.0000,0.0000,0.1000,0.0266,0.0399,9.7246,11.5389
24.4000,0.0000,0.0000,0.1519,-0.1704,-0.0018,0.3260,-0.3769,-0.0040,0.2730,-0.3781,0.1084,0.2730,-0.4241,0.1079,0.3449,-0.4931,0.1076,0.3008,0.0000,0.0461,0.0005,0.0091,0.0000,0.0000,0.1000,0.0266,0.0399,9.7248,11.5392
24.4080,0.0000,0.0000,0.1519,-0.1704,-0.0018,0.3260,-0.3769,-0.0040,0.2729,-0.3781,0.1084,0.2729,-0.4241,0.1079,0.3448,-0.4931,0.1076,0.3007,0.0000,0.0460,0.0009,0.0091,0.0000,0.0000,0.1000,0.0266,0.0399,9.7250,11.5394
24.4160,0.0000,0.0000,0.1519,-0.1704,-0.0018,0.3260,-0.3769,-0.0039,0.2728,-0.3781,0.1084,0.2728,-0.4241,0.1079,0.3447,-0.4931,0.1076,0.3006,0.0000,0.0459,0.0014,0.0091,0.0000,0.0000,0.1000,0.0266,0.0399,9.7254,11.5399
24.4240,0.0000,0.0000,0.1519,-0.1704,-0.0018,0.3260,-0.3769,-0.0040,0.2728,-0.3781,0.1084,0.2728,-0.4241,0.1079,0.3446,-0.4931,0.1075,0.3005,0.0000,0.0458,0.0018,0.0091,0.0000,0.0000,0.1000,0.0266,0.0399,9.7255,11.5400
24.4320,0.0000,0.0000,0.1519,-0.1704,-0.0018,0.3260,-0.3769,-0.0039,0.2727,-0.3781,0.1084,0.2727,-0.4241,0.1079,0.3446,-0.4931,0.1076,0.3004,0.0000,0.0457,0.0022,0.0091,0.0000,0.0000,0.1000,0.0266,0.0399,9.7259,11.5405
24.4400,0.0000,0.0000,0.1519,-0.1704,-0.0018,0.3260,-0.3769,-0.0040,0.2726,-0.3781,0.1084,0.2726,-0.4242,0.1079,0.3445,-0.4931,0.1076,0.3003,0.0000,0.0456,0.0026,0.0091,0.0000,0.0000,0.1000,0.0266,0.0399,9.7262,11.5408
24.4480,0.0000,0.0000,0.1519,-0.1704,-0.0018,0.3260,-0.3769,-0.0040,0.2726,-0.3781,0.1084,0.2726,-0.4242,0.1079,0.3444,-0.4931,0.1076,0.3002,0.0000,0.0455,0.0029,0.0091,0.0000,0.0000,0.1000,0.0266,0.0399,9.7264,11.5411
24.4560,0.0000,0.0000,0.1519,-0.1705,-0.0018,0.3260,-0.3769,-0.0040,0.2725,-0.3781,0.1084,0.2725,-0.4242,0.1079,0.3443,-0.4931,0.1076,0.3001,0.0000,0.0454,0.0033,0.0091,0.0000,0.0000,0.1000,0.0266,0.0399,9.7265,11.5412
24.4640,0.0000,0.0000,0.1519,-0.1705,-0.0018,0.3260,-0.3769,-0.0040,0.2725,-0.3781,0.1084,0.2725,-0.4242,0.1079,0.3443,-0.4931,0.1076,0.3000,0.0000,0.0453,0.0036,0.0091,0.0000,0.0000,0.1000,0.0266,0.0399,9.7268,11.5415
24.4720,0.0000,0.0000,0.1519,-0.1705,-0.0018,0.3260,-0.3769,-0.0040,0.2724,-0.3781,0.1084,0.2724,-0.4242,0.1079,0.3442,-0.4931,0.1076,0.2999,0.0000,0.0453,0.0038,0.0091,0.0000,0.0000,0.1000,0.0266,0.0399,9.7270,11.5417
24.4800,0.0000,0.0000,0.1519,-0.1705,-0.0018,0.3260,-0.3769,-0.0040,0.2723,-0.3781,0.1084,0.2723,-0.4242,0.1079,0.3441,-0.4931,0.1076,0.2998,0.0000,0.0451,0.0042,0.0091,0.0000,0.0000,0.1000,0.0266,0.0399,9.7273,11.5422
24.4880,0.0000,0.0000,0.1519,-0.1705,-0.0018,0.3260,-0.3769,-0.0040,0.2723,-0.3780,0.1084,0.2723,-0.4242,0.1079,0.3441,-0.4931,0.1076,0.2997,0.0000,0.0450,0.0044,0.0091,0.0000,0.0000,0.1000,0.0266,0.0399,9.7276,11.5425
24.4960,0.0000,0.0000,0.1519,-0.1705,-0.0018,0.3259,-0.3769,-0.0040,0.2722,-0.3780,0.1084,0.2722,-0.4243,0.1079,0.3440,-0.4931,0.1076,0.2996,0.0000,0.0449,0.0047,0.0091,0.0000,0.0000,0.1000,0.0266,0.0399,9.7278,11.5427
24.5040,0.0000,0.0000,0.1519,-0.1705,-0.0018,0.3259,-0.3769,-0.0040,0.2722,-0.3780,0.1084,0.2722,-0.4243,0.1079,0.3439,-0.4931,0.1076,0.2995,0.0000,0.0448,0.0051,0.0091,0.0000,0.0000,0.1000,0.0266,0.0399,9.7281,11.5430
24.5120,0.0000,0.0000,0.1519,-0.1705,-0.0018,0.3259,-0.3768,-0.0039,0.2721,-0.3780,0.1084,0.2721,-0.4243,0.1079,0.3438,-0.4931,0.1076,0.2994,0.0000,0.0447,0.0054,0.0091,0.0000,0.0000,0.1000,0.0266,0.0399,9.7284,11.5434
24.5200,0.0000,0.0000,0.1519,-0.1705,-0.0018,0.3259,-0.3768,-0.0040,0.2720,-0.3780,0.1084,0.2720,-0.4243,0.1079,0.3437,-0.4931,0.1076,0.2993,0.0000,0.0446,0.0056,0.0091,0.0000,0.0000,0.1000,0.0266,0.0399,9.7286,11.5436
24.5280,0.0000,0.0000,0.1519,-0.1705,-0.0018,0.3259,-0.3768,-0.0040,0.2720,-0.3780,0.1084,0.2720,-0.4243,0.1079,0.3437,-0.4931,0.1076,0.2992,0.0000,0.0445,0.0059,0.0091,0.0000,0.0000,0.1000,0.0266,0.0399,9.7288,11.5439
24.5360,0.0000,0.0000,0.1519,-0.1705,-0.0018,0.3259,-0.3768,-0.0040,0.2719,-0.3780,0.1084,0.2719,-0.4243,0.1079,0.3436,-0.4931,0.1076,0.2991,0.0000,0.0444,0.0061,0.0091,0.0000,0.0000,0.1000,0.0266,0.0399,9.7290,11.5442
24.5440,0.0000,0.0000,0.1519,-0.1705,-0.0018,0.3259,-0.3768,-0.0040,0.2718,-0.3780,0.1084,0.2718,-0.4243,0.1079,0.3435,-0.4931,0.1076,0.2990,0.0000,0.0443,0.0064,0.0091,0.0000,0.0000,0.1000,0.0266,0.0399,9.7293,11.5445
24.5520,0.0000,0.0000,0.1519,-0.1705,-0.0018,0.3259,-0.3768,-0.0040,0.2718,-0.3780,0.1084,0.2718,-0.4243,0.1079,0.3434,-0.4931,0.1076,0.2990,0.0000,0.0442,0.0066,0.0090,0.0000,0.0000,0.1000,0.0266,0.0399,9.7296,11.5448
24.5600,0.0000,0.0000,0.1519,-0.1706,-0.0018,0.3259,-0.3768,-0.0040,0.2717,-0.3780,0.1084,0.2717,-0.4244,0.1079,0.3433,-0.4931,0.1076,0.2988,0.0000,0.0440,0.0069,0.0090,0.0000,0.0000,0.1000,0.0266,0.0399,9.7298,11.5451
24.5680,0.0000,0.0000,0.1519,-0.1706,-0.0018,0.3259,-0.3768,-0.0040,0.2716,-0.3780,0.1084,0.2716,-0.4244,0.1079,0.3433,-0.4931,0.1076,0.2987,0.0000,0.0439,0.0071,0.0090,0.0000,0.0000,0.1000,0.0266,0.0399,9.7301,11.5454
24.5760,0.0000,0.0000,0.1519,-0.1706,-0.0018,0.3259,-0.3768,-0.0040,0.2716,-0.3780,0.1084,0.2716,-0.4244,0.1079,0.3432,-0.4931,0.1076,0.2986,0.0000,0.0438,0.0073,0.0090,0.0000,0.0000,0.1000,0.0266,0.0399,9.7303,11.5457
24.5840,0.0000,0.0000,0.1519,-0.1706,-0.0018,0.3259,-0.3768,-0.0040,0.2715,-0.3780,0.1084,0.2715,-0.4244,0.1079,0.3431,-0.4931,0.1076,0.2986,0.0000,0.0438,0.0075,0.0090,0.0000,0.0000,0.1000,0.0266,0.0399,9.7305,11.5459
24.5920,0.0000,0.0000,0.1519,-0.1706,-0.0018,0.3259,-0.3768,-0.0039,0.2715,-0.3780,0.1084,0.2715,-0.4244,0.1079,0.3430,-0.4931,0.1076,0.2985,0.0000,0.0436,0.0077,0.0090,0.0000,0.0000,0.1000,0.0266,0.0399,9.7308,11.5463
24.6000,0.0000,0.0000,0.1519,-0.1706,-0.0018,0.3258,-0.3768,-0.0040,0.2714,-0.3779,0.1084,0.2714,-0.4244,0.1079,0.3430,-0.4931,0.1076,0.2984,0.0000,0.0436,0.0079,0.0090,0.0000,0.0000,0.1000,0.0266,0.0399,9.7310,11.5465
24.6080,0.0000,0.0000,0.1519,-0.1706,-0.0018,0.3258,-0.3768,-0.0040,0.2713,-0.3779,0.1084,0.2713,-0.4244,0.1079,0.3429,-0.4931,0.1076,0.2983,0.0000,0.0435,0.0081,0.0090,0.0000,0.0000,0.1000,0.0266,0.0399,9.7313,11.5469
24.6160,0.0000,0.0000,0.1519,-0.1706,-0.0018,0.3258,-0.3768,-0.0040,0.2713,-0.3779,0.1084,0.2713,-0.4245,0.1079,0.3428,-0.4931,0.1076,0.2982,0.0000,0.0434,0.0083,0.0090,0.0000,0.0000,0.1000,0.0266,0.0399,9.7315,11.5471
24.6240,0.0000,0.0000,0.1519,-0.1706,-0.0018,0.3258,-0.3767,-0.0040,0.2712,-0.3779,0.1084,0.2712,-0.4245,0.1079,0.3428,-0.4931,0.1076,0.2981,0.0000,0.0433,0.0085,0.0090,0.0000,0.0000,0.1000,0.0266,0.0399,9.7317,11.5474
24.6320,0.0000,0.0000,0.1519,-0.1706,-0.0018,0.3258,-0.3767,-0.0040,0.2712,-0.3779,0.1084,0.2712,-0.4245,0.1079,0.3427,-0.4931,0.1076,0.2980,0.0000,0.0432,0.0086,0.0090,0.0000,0.0000,0.1000,0.0266,0.0399,9.7320,11.5477
24.6400,0.0000,0.0000,0.1519,-0.1706,-0.0018,0.3258,-0.3767,-0.0039,0.2711,-0.3779,0.1084,0.2711,-0.4245,0.1079,0.3426,-0.4931,0.1076,0.2979,0.0000,0.0431,0.0088,0.0090,0.0000,0.0000,0.1000,0.0266,0.0399,9.7323,11.5480
24.6480,0.0000,0.0000,0.1519,-0.1706,-0.0018,0.3258,-0.3767,-0.0040,0.2710,-0.3779,0.1084,0.2710,-0.4245,0.1079,0.3425,-0.4931,0.1076,0.2978,0.0000,0.0431,0.0090,0.0090,0.0000,0.0000,0.1000,0.0266,0.0399,9.7324,11.5482
24.6560,0.0000,0.0000,0.1519,-0.1707,-0.0018,0.3258,-0.3767,-0.0040,0.2710,-0.3779,0.1084,0.2710,-0.4245,0.1079,0.3425,-0.4931,0.1076,0.2977,0.0000,0.0430,0.0092,0.0090,0.0000,0.0000,0.1000,0.0266,0.0399,9.7326,11.5484
24.6640,0.0000,0.0000,0.1519,-0.1707,-0.0018,0.3258,-0.3767,-0.0040,0.2709,-0.3779,0.1084,0.2709,-0.4245,0.1079,0.3424,-0.4931,0.1076,0.2976,0.0000,0.0429,0.0093,0.0089,0.0000,0.0000,0.1000,0.0266,0.0399,9.7329,11.5488
24.6720,0.0000,0.0000,0.1519,-0.1707,-0.0018,0.3258,-0.3767,-0.0040,0.2708,-0.3779,0.1084,0.2708,-0.4246,0.1079,0.3423,-0.4931,0.1076,0.2975,0.0000,0.0428,0.0095,0.0089,0.0000,0.0000,0.1000,0.0266,0.0399,9.7332,11.5491
24.6800,0.0000,0.0000,0.1519,-0.1707,-0.0018,0.3258,-0.3767,-0.0040,0.2708,-0.3779,0.1084,0.2708,-0.4246,0.1079,0.3422,-0.4931,0.1076,0.2974,0.0000,0.0428,0.0097,0.0089,0.0000,0.0000,0.1000,0.0266,0.0399,9.7335,11.5495
24.6880,0.0000,0.0000,0.1519,-0.1707,-0.0018,0.3258,-0.3767,-0.0039,0.2707,-0.3779,0.1084,0.2707,-0.4246,0.1079,0.3422,-0.4931,0.1076,0.2973,0.0000,0.0427,0.0098,0.0089,0.0000,0.0000,0.1000,0.0266,0.0399,9.7338,11.5498
24.6960,0.0000,0.0000,0.1519,-0.1707,-0.0018,0.3258,-0.3767,-0.0039,0.2707,-0.3779,0.1084,0.2707,-0.4246,0.1079,0.3421,-0.4931,0.1076,0.2972,0.0000,0.0426,0.0099,0.0089,0.0000,0.0000,0.1000,0.0266,0.0399,9.7340,11.5501
24.7040,0.0000,0.0000,0.1519,-0.1707,-0.0018,0.3258,-0.3767,-0.0040,0.2706,-0.3779,0.1084,0.2706,-0.4246,0.1079,0.3420,-0.4931,0.1075,0.2972,0.0000,0.0426,0.0101,0.0089,0.0000,0.0000,0.1000,0.0266,0.0399,9.7341,11.5502
24.7120,0.0000,0.0000,0.1519,-0.1707,-0.0018,0.3258,-0.3767,-0.0040,0.2705,-0.3778,0.1084,0.2705,-0.4246,0.1079,0.3419,-0.4931,0.1076,0.2971,0.0000,0.0425,0.0102,0.0089,0.0000,0.0000,0.1000,0.0266,0.0399,9.7344,11.5506
24.7200,0.0000,0.0000,0.1519,-0.1707,-0.0018,0.3257,-0.3767,-0.0039,0.2705,-0.3778,0.1084,0.2705,-0.4246,0.1079,0.3418,-0.4931,0.1076,0.2969,0.0000,0.0425,0.0104,0.0089,0.0000,0.0000,0.1000,0.0266,0.0399,9.7347,11.5509
24.7280,0.0000,0.0000,0.1519,-0.1707,-0.0018,0.3257,-0.3766,-0.0039,0.2704,-0.3778,0.1084,0.2704,-0.4246,0.1079,0.3418,-0.4931,0.1076,0.2969,0.0000,0.0424,0.0105,0.0089,0.0000,0.0000,0.1000,0.0266,0.0399,9.7350,11.5513
24.7360,0.0000,0.0000,0.1519,-0.1707,-0.0018,0.3257,-0.3766,-0.0040,0.2704,-0.3778,0.1084,0.2704,-0.4246,0.1079,0.3417,-0.4931,0.1076,0.2968,0.0000,0.0424,0.0107,0.0089,0.0000,0.0000,0.1000,0.0266,0.0399,9.7352,11.5516
24.7440,0.0000,0.0000,0.1519,-0.1707,-0.0018,0.3257,-0.3766,-0.0039,0.2703,-0.3778,0.1084,0.2703,-0.4247,0.1079,0.3416,-0.4931,0.1076,0.2967,0.0000,0.0423,0.0108,0.0089,0.0000,0.0000,0.1000,0.0266,0.0399,9.7354,11.5518
24.7520,0.0000,0.0000,0.1519,-0.1707,-0.0018,0.3257,-0.3766,-0.0040,0.2702,-0.3778,0.1084,0.2702,-0.4247,0.1079,0.3415,-0.4931,0.1076,0.2966,0.0000,0.0423,0.0110,0.0089,0.0000,0.0000,0.1000,0.0266,0.0399,9.7357,11.5521
24.7600,0.0000,0.0000,0.1519,-0.1707,-0.0018,0.3257,-0.3766,-0.0040,0.2702,-0.3778,0.1084,0.2702,-0.4247,0.1079,0.3415,-0.4931,0.1076,0.2965,0.0000,0.0422,0.0111,0.0089,0.0000,0.0000,0.1000,0.0266,0.0399,9.7360,11.5524
24.7680,0.0000,0.0000,0.1519,-0.1707,-0.0018,0.3257,-0.3766,-0.0040,0.2701,-0.3778,0.1084,0.2701,-0.4247,0.1079,0.3414,-0.4931,0.1076,0.2964,0.0000,0.0422,0.0112,0.0089,0.0000,0.0000,0.1000,0.0266,0.0399,9.7362,11.5527
24.7760,0.0000,0.0000,0.1519,-0.1707,-0.0018,0.3257,-0.3766,-0.0040,0.2700,-0.3778,0.1084,0.2700,-0.4247,0.1079,0.3413,-0.4931,0.1076,0.2963,0.0000,0.0421,0.0113,0.0089,0.0000,0.0000,0.1000,0.0266,0.0399,9.7364,11.5530
24.7840,0.0000,0.0000,0.1519,-0.1708,-0.0018,0.3257,-0.3766,-0.0040,0.2700,-0.3778,0.1084,0.2700,-0.4247,0.1079,0.3412,-0.4931,0.1076,0.2962,0.0000,0.0421,0.0115,0.0089,0.0000,0.0000,0.1000,0.0266,0.0399,9.7366,11.5533
24.7920,0.0000,0.0000,0.1519,-0.1708,-0.0018,0.3257,-0.3766,-0.0040,0.2699,-0.3778,0.1084,0.2699,-0.4247,0.1079,0.3412,-0.4931,0.1076,0.2961,0.0000,0.0421,0.0116,0.0089,0.0000,0.0000,0.1000,0.0266,0.0399,9.7369,11.5535
24.8000,0.0000,0.0000,0.1519,-0.1708,-0.0018,0.3257,-0.3766,-0.0040,0.2698,-0.3778,0.1084,0.2698,-0.4248,0.1079,0.3411,-0.4931,0.1076,0.2960,0.0000,0.0420,0.0117,0.0089,0.0000,0.0000,0.1000,0.0266,0.0399,9.7372,11.5539
24.8080,0.0000,0.0000,0.1519,-0.1708,-0.0018,0.3257,-0.3766,-0.0039,0.2698,-0.3777,0.1084,0.2698,-0.4248,0.1079,0.3410,-0.4931,0.1076,0.2959,0.0000,0.0420,0.0118,0.0089,0.0000,0.0000,0.1000,0.0266,0.0399,9.7374,11.5542
24.8160,0.0000,0.0000,0.1519,-0.1708,-0.0018,0.3257,-0.3766,-0.0040,0.2697,-0.3777,0.1084,0.2697,-0.4248,0.1079,0.3409,-0.4931,0.1076,0.2958,0.0000,0.0420,0.0120,0.0089,0.0000,0.0000,0.1000,0.0266,0.0399,9.7377,11.5545
24.8240,0.0000,0.0000,0.1519,-0.1708,-0.0018,0.3257,-0.3765,-0.0040,0.2697,-0.3777,0.1084,0.2697,-0.4248,0.1079,0.3409,-0.4931,0.1076,0.2957,0.0000,0.0419,0.0121,0.0089,0.0000,0.0000,0.1000,0.0266,0.0399,9.7380,11.5549
24.8320,0.0000,0.0000,0.1519,-0.1708,-0.0018,0.3256,-0.3765,-0.0040,0.2696,-0.3777,0.1084,0.2696,-0.4248,0.1079,0.3408,-0.4931,0.1076,0.2956,0.0000,0.0419,0.0122,0.0089,0.0000,0.0000,0.1000,0.0266,0.0399,9.7381,11.5550
24.8400,0.0000,0.0000,0.1519,-0.1708,-0.0018,0.3256,-0.3765,-0.0040,0.2695,-0.3777,0.1084,0.2695,-0.4248,0.1079,0.3407,-0.4931,0.1076,0.2955,0.0000,0.0419,0.0123,0.0089,0.0000,0.0000,0.1000,0.0266,0.0399,9.7384,11.5554
24.8480,0.0000,0.0000,0.1519,-0.1708,-0.0018,0.3256,-0.3765,-0.0040,0.2695,-0.3777,0.1084,0.2695,-0.4248,0.1079,0.3406,-0.4931,0.1076,0.2954,0.0000,0.0419,0.0124,0.0089,0.0000,0.0000,0.1000,0.0266,0.0399,9.7386,11.5556
24.8560,0.0000,0.0000,0.1519,-0.1708,-0.0018,0.3256,-0.3765,-0.0039,0.2694,-0.3777,0.1084,0.2694,-0.4248,0.1079,0.3405,-0.4931,0.1076,0.2953,0.0000,0.0419,0.0126,0.0089,0.0000,0.0000,0.1000,0.0266,0.0399,9.7390,11.5560
24.8640,0.0000,0.0000,0.1519,-0.1708,-0.0018,0.3256,-0.3765,-0.0040,0.2693,-0.3777,0.1084,0.2693,-0.4249,0.1079,0.3405,-0.4931,0.1076,0.2952,0.0000,0.0419,0.0127,0.0089,0.0000,0.0000,0.1000,0.0266,0.0399,9.7391,11.5562
24.8720,0.0000,0.0000,0.1519,-0.1708,-0.0018,0.3256,-0.3765,-0.0039,0.2693,-0.3777,0.1084,0.2693,-0.4249,0.1079,0.3404,-0.4931,0.1076,0.2951,0.0000,0.0418,0.0128,0.0089,0.0000,0.0000,0.1000,0.0266,0.0399,9.7395,11.5566
24.8800,0.0000,0.0000,0.1519,-0.1708,-0.0018,0.3256,-0.3765,-0.0040,0.2692,-0.3777,0.1084,0.2692,-0.4249,0.1079,0.3403,-0.4931,0.1076,0.2950,0.0000,0.0419,0.0129,0.0089,0.0000,0.0000,0.1000,0.0266,0.0399,9.7397,11.5568
24.8880,0.0000,0.0000,0.1519,-0.1709,-0.0018,0.3256,-0.3765,-0.0040,0.2691,-0.3777,0.1084,0.2691,-0.4249,0.1079,0.3402,-0.4931,0.1076,0.2949,0.0000,0.0419,0.0130,0.0089,0.0000,0.0000,0.1000,0.0266,0.0399,9.7398,11.5571
24.8960,0.0000,0.0000,0.1519,-0.1709,-0.0018,0.3256,-0.3765,-0.0040,0.2691,-0.3777,0.1084,0.2691,-0.4249,0.1079,0.3402,-0.4931,0.1076,0.2948,0.0000,0.0419,0.0131,0.0089,0.0000,0.0000,0.1000,0.0266,0.0399,9.7401,11.5573
24.9040,0.0000,0.0000,0.1519,-0.1709,-0.0018,0.3256,-0.3765,-0.0039,0.2690,-0.3777,0.1084,0.2690,-0.4249,0.1079,0.3401,-0.4931,0.1076,0.2947,0.0000,0.0418,0.0132,0.0090,0.0000,0.0000,0.1000,0.0266,0.0399,9.7404,11.5578
24.9120,0.0000,0.0000,0.1519,-0.1709,-0.0018,0.3256,-0.3765,-0.0040,0.2689,-0.3777,0.1084,0.2689,-0.4249,0.1079,0.3400,-0.4931,0.1076,0.2946,0.0000,0.0419,0.0133,0.0090,0.0000,0.0000,0.1000,0.0266,0.0399,9.7406,11.5579
24.9200,0.0000,0.0000,0.1519,-0.1709,-0.0018,0.3256,-0.3765,-0.0039,0.2689,-0.3776,0.1084,0.2689,-0.4249,0.1079,0.3399,-0.4931,0.1076,0.2945,0.0000,0.0418,0.0134,0.0090,0.0000,0.0000,0.1000,0.0266,0.0399,9.7409,11.5584
24.9280,0.0000,0.0000,0.1519,-0.1709,-0.0018,0.3256,-0.3764,-0.0040,0.2688,-0.3776,0.1084,0.2688,-0.4250,0.1079,0.3399,-0.4931,0.1076,0.2944,0.0000,0.0419,0.0135,0.0090,0.0000,0.0000,0.1000,0.0266,0.0399,9.7411,11.5586
24.9360,0.0000,0.0000,0.1519,-0.1709,-0.0018,0.3255,-0.3764,-0.0040,0.2687,-0.3776,0.1084,0.2687,-0.4250,0.1079,0.3398,-0.4931,0.1076,0.2943,0.0000,0.0419,0.0137,0.0090,0.0000,0.0000,0.1000,0.0266,0.0399,9.7414,11.5589
24.9440,0.0000,0.0000,0.1519,-0.1709,-0.0018,0.3255,-0.3764,-0.0040,0.2687,-0.3776,0.1084,0.2687,-0.4250,0.1079,0.3397,-0.4931,0.1076,0.2943,0.0000,0.0419,0.0137,0.0090,0.0000,0.0000,0.1000,0.0266,0.0399,9.7415,11.5591
24.9520,0.0000,0.0000,0.1519,-0.1709,-0.0018,0.3255,-0.3764,-0.0040,0.2686,-0.3776,0.1084,0.2686,-0.4250,0.1079,0.3396,-0.4931,0.1076,0.2941,0.0000,0.0419,0.0138,0.0090,0.0000,0.0000,0.1000,0.0266,0.0399,9.7418,11.5594
24.9600,0.0000,0.0000,0.1519,-0.1709,-0.0018,0.3255,-0.3764,-0.0039,0.2686,-0.3776,0.1084,0.2686,-0.4250,0.1079,0.3395,-0.4931,0.1076,0.2940,0.0000,0.0419,0.0139,0.0090,0.0000,0.0000,0.1000,0.0266,0.0399,9.7421,11.5598
24.9680,0.0000,0.0000,0.1519,-0.1709,-0.0018,0.3255,-0.3764,-0.0040,0.2685,-0.3776,0.1084,0.2685,-0.4250,0.1079,0.3395,-0.4931,0.1076,0.2940,0.0000,0.0419,0.0140,0.0090,0.0000,0.0000,0.1000,0.0266,0.0399,9.7423,11.5600
24.9760,0.0000,0.0000,0.1519,-0.1709,-0.0018,0.3255,-0.3764,-0.0040,0.2685,-0.3776,0.1084,0.2685,-0.4250,0.1079,0.3394,-0.4931,0.1076,0.2939,0.0000,0.0419,0.0141,0.0090,0.0000,0.0000,0.1000,0.0266,0.0399,9.7426,11.5604
24.9840,0.0000,0.0000,0.1519,-0.1710,-0.0018,0.3255,-0.3764,-0.0040,0.2684,-0.3776,0.1084,0.2684,-0.4251,0.1079,0.3393,-0.4931,0.1076,0.2938,0.0000,0.0420,0.0142,0.0090,0.0000,0.0000,0.1000,0.0266,0.0399,9.7427,11.5605
24.9920,0.0000,0.0000,0.1519,-0.1709,-0.0018,0.3255,-0.3764,-0.0040,0.2683,-0.3776,0.1084,0.2683,-0.4251,0.1079,0.3392,-0.4931,0.1076,0.2937,0.0000,0.0420,0.0143,0.0090,0.0000,0.0000,0.1000,0.0266,0.0399,9.7431,11.5609
25.0000,0.0000,0.0000,0.1519,-0.1710,-0.0018,0.3255,-0.3764,-0.0040,0.2682,-0.3776,0.1084,0.2682,-0.4251,0.1079,0.3391,-0.4931,0.1076,0.2935,0.0000,0.0421,0.0145,0.0091,0.0000,0.0000,0.1000,0.0266,0.0399,9.7431,11.5610
25.0080,0.0000,0.0000,0.1519,-0.1710,-0.0018,0.3255,-0.3764,-0.0040,0.2682,-0.3776,0.1084,0.2682,-0.4251,0.1079,0.3391,-0.4931,0.1076,0.2935,0.0000,0.0420,0.0145,0.0091,0.0000,0.0000,0.1000,0.0266,0.0399,9.7435,11.5614
25.0160,0.0000,0.0000,0.1519,-0.1710,-0.0018,0.3255,-0.3764,-0.0039,0.2681,-0.3775,0.1084,0.2681,-0.4251,0.1079,0.3390,-0.4931,0.1076,0.2934,0.0000,0.0421,0.0146,0.0091,0.0000,0.0000,0.1000,0.0266,0.0399,9.7438,11.5618
25.0240,0.0000,0.0000,0.1519,-0.1710,-0.0018,0.3255,-0.3764,-0.0039,0.2681,-0.3775,0.1084,0.2681,-0.4251,0.1079,0.3389,-0.4931,0.1076,0.2933,0.0000,0.0421,0.0147,0.0091,0.0000,0.0000,0.1000,0.0266,0.0399,9.7440,11.5620
25.0320,0.0000,0.0000,0.1519,-0.1710,-0.0018,0.3255,-0.3763,-0.0040,0.2680,-0.3775,0.1084,0.2680,-0.4251,0.1079,0.3389,-0.4931,0.1076,0.2932,0.0000,0.0421,0.0148,0.0091,0.0000,0.0000,0.1000,0.0266,0.0399,9.7442,11.5623
25.0400,0.0000,0.0000,0.1519,-0.1710,-0.0018,0.3254,-0.3763,-0.0040,0.2679,-0.3775,0.1084,0.2679,-0.4251,0.1079,0.3388,-0.4931,0.1076,0.2931,0.0000,0.0422,0.0149,0.0091,0.0000,0.0000,0.1000,0.0266,0.0399,9.7444,11.5625
25.0480,0.0000,0.0000,0.1519,-0.1710,-0.0018,0.3254,-0.3763,-0.0039,0.2679,-0.3775,0.1084,0.2679,-0.4252,0.1079,0.3387,-0.4931,0.1076,0.2930,0.0000,0.0422,0.0150,0.0091,0.0000,0.0000,0.1000,0.0266,0.0399,9.7446,11.5628
25.0560,0.0000,0.0000,0.1519,-0.1710,-0.0018,0.3254,-0.3763,-0.0040,0.2678,-0.3775,0.1084,0.2678,-0.4252,0.1079,0.3386,-0.4931,0.1076,0.2929,0.0000,0.0422,0.0151,0.0091,0.0000,0.0000,0.1000,0.0266,0.0399,9.7449,11.5631
25.0640,0.0000,0.0000,0.1519,-0.1710,-0.0018,0.3254,-0.3763,-0.0040,0.2678,-0.3775,0.1084,0.2678,-0.4252,0.1079,0.3386,-0.4931,0.1076,0.2928,0.0000,0.0423,0.0152,0.0091,0.0000,0.0000,0.1000,0.0266,0.0399,9.7451,11.5634
25.0720,0.0000,0.0000,0.1519,-0.1710,-0.0018,0.3254,-0.3763,-0.0039,0.2677,-0.3775,0.1084,0.2677,-0.4252,0.1079,0.3385,-0.4931,0.1076,0.2927,0.0000,0.0423,0.0153,0.0092,0.0000,0.0000,0.1000,0.0266,0.0399,9.7454,11.5637
25.0800,0.0000,0.0000,0.1519,-0.1710,-0.0018,0.3254,-0.3763,-0.0040,0.2676,-0.3775,0.1084,0.2676,-0.4252,0.1079,0.3384,-0.4931,0.1076,0.2926,0.0000,0.0424,0.0154,0.0092,0.0000,0.0000,0.1000,0.0266,0.0399,9.7455,11.5639
25.0880,0.0000,0.0000,0.1519,-0.1710,-0.0018,0.3254,-0.3763,-0.0039,0.2676,-0.3775,0.1084,0.2676,-0.4252,0.1079,0.3383,-0.4931,0.1076,0.2925,0.0000,0.0424,0.0155,0.0092,0.0000,0.0000,0.1000,0.0266,0.0399,9.7459,11.5643
25.0960,0.0000,0.0000,0.1519,-0.1710,-0.0018,0.3254,-0.3763,-0.0039,0.2675,-0.3775,0.1084,0.2675,-0.4252,0.1079,0.3383,-0.4931,0.1076,0.2925,0.0000,0.0424,0.0155,0.0092,0.0000,0.0000,0.1000,0.0266,0.0399,9.7462,11.5647
25.1040,0.0000,0.0000,0.1519,-0.1711,-0.0018,0.3254,-0.3763,-0.0040,0.2674,-0.3775,0.1084,0.2674,-0.4252,0.1079,0.3382,-0.4931,0.1076,0.2923,0.0000,0.0425,0.0157,0.0092,0.0000,0.0000,0.1000,0.0266,0.0399,9.7464,11.5649
25.1120,0.0000,0.0000,0.1519,-0.1711,-0.0018,0.3254,-0.3763,-0.0040,0.2674,-0.3774,0.1084,0.2674,-0.4252,0.1079,0.3381,-0.4931,0.1076,0.2922,0.0000,0.0425,0.0157,0.0092,0.0000,0.0000,0.1000,0.0266,0.0399,9.7467,11.5652
25.1200,0.0000,0.0000,0.1519,-0.1711,-0.0018,0.3254,-0.3763,-0.0040,0.2673,-0.3774,0.1084,0.2673,-0.4253,0.1079,0.3380,-0.4931,0.1076,0.2921,0.0000,0.0426,0.0158,0.0092,0.0000,0.0000,0.1000,0.0266,0.0399,9.7469,11.5655
25.1280,0.0000,0.0000,0.1519,-0.1711,-0.0018,0.3254,-0.3762,-0.0039,0.2673,-0.3774,0.1084,0.2673,-0.4253,0.1079,0.3380,-0.4931,0.1076,0.2921,0.0000,0.0426,0.0159,0.0093,0.0000,0.0000,0.1000,0.0266,0.0399,9.7473,11.5660
25.1360,0.0000,0.0000,0.1519,-0.1711,-0.0018,0.3254,-0.3762,-0.0040,0.2672,-0.3774,0.1084,0.2672,-0.4253,0.1079,0.3379,-0.4931,0.1075,0.2919,0.0000,0.0427,0.0160,0.0093,0.0000,0.0000,0.1000,0.0266,0.0399,9.7473,11.5659
25.1440,0.0000,0.0000,0.1519,-0.1711,-0.0018,0.3254,-0.3762,-0.0040,0.2671,-0.3774,0.1084,0.2671,-0.4253,0.1079,0.3378,-0.4931,0.1076,0.2919,0.0000,0.0427,0.0161,0.0093,0.0000,0.0000,0.1000,0.0266,0.0399,9.7475,11.5662
25.1520,0.0000,0.0000,0.1519,-0.1711,-0.0018,0.3253,-0.3762,-0.0040,0.2671,-0.3774,0.1084,0.2671,-0.4253,0.1079,0.3377,-0.4931,0.1076,0.2917,0.0000,0.0428,0.0162,0.0093,0.0000,0.0000,0.1000,0.0266,0.0399,9.7477,11.5665
25.1600,0.0000,0.0000,0.1519,-0.1711,-0.0018,0.3254,-0.3762,-0.0039,0.2670,-0.3774,0.1084,0.2670,-0.4253,0.1079,0.3377,-0.4931,0.1076,0.2917,0.0000,0.0428,0.0163,0.0093,0.0000,0.0000,0.1000,0.0266,0.0399,9.7481,11.5669
25.1680,0.0000,0.0000,0.1519,-0.1711,-0.0018,0.3253,-0.3762,-0.0040,0.2670,-0.3774,0.1084,0.2670,-0.4253,0.1079,0.3376,-0.4931,0.1075,0.2916,0.0000,0.0429,0.0164,0.0093,0.0000,0.0000,0.1000,0.0266,0.0399,9.7483,11.5672
25.1760,0.0000,0.0000,0.1519,-0.1711,-0.0018,0.3253,-0.3762,-0.0040,0.2669,-0.3774,0.1084,0.2669,-0.4253,0.1079,0.3375,-0.4931,0.1076,0.2915,0.0000,0.0430,0.0165,0.0094,0.0000,0.0000,0.1000,0.0266,0.0399,9.7486,11.5676
25.1840,0.0000,0.0000,0.1519,-0.1711,-0.0018,0.3253,-0.3762,-0.0039,0.2668,-0.3774,0.1084,0.2668,-0.4253,0.1079,0.3374,-0.4931,0.1076,0.2914,0.0000,0.0430,0.0166,0.0094,0.0000,0.0000,0.1000,0.0266,0.0399,9.7489,11.5679
25.1920,0.0000,0.0000,0.1519,-0.1711,-0.0018,0.3253,-0.3762,-0.0039,0.2668,-0.3774,0.1084,0.2668,-0.4254,0.1079,0.3373,-0.4931,0.1076,0.2913,0.0000,0.0431,0.0167,0.0094,0.0000,0.0000,0.1000,0.0266,0.0399,9.7491,11.5681
25.2000,0.0000,0.0000,0.1519,-0.1711,-0.0018,0.3253,-0.3762,-0.0040,0.2667,-0.3774,0.1084,0.2667,-0.4254,0.1079,0.3373,-0.4931,0.1076,0.2912,0.0000,0.0432,0.0168,0.0094,0.0000,0.0000,0.1000,0.0266,0.0399,9.7493,11.5684
25.2080,0.0000,0.0000,0.1519,-0.1712,-0.0018,0.3253,-0.3762,-0.0040,0.2667,-0.3773,0.1084,0.2667,-0.4254,0.1079,0.3372,-0.4931,0.1076,0.2911,0.0000,0.0432,0.0168,0.0094,0.0000,0.0000,0.1000,0.0266,0.0399,9.7495,11.5686
25.2160,0.0000,0.0000,0.1519,-0.1712,-0.0018,0.3253,-0.3762,-0.0039,0.2666,-0.3773,0.1084,0.2666,-0.4254,0.1079,0.3371,-0.4931,0.1076,0.2910,0.0000,0.0433,0.0169,0.0094,0.0000,0.0000,0.1000,0.0266,0.0399,9.7497,11.5689
25.2240,0.0000,0.0000,0.1519,-0.1712,-0.0018,0.3253,-0.3761,-0.0039,0.2665,-0.3773,0.1084,0.2665,-0.4254,0.1079,0.3370,-0.4931,0.1076,0.2908,0.0000,0.0434,0.0171,0.0095,0.0000,0.0000,0.1000,0.0266,0.0399,9.7502,11.5695
25.2320,0.0000,0.0000,0.1519,-0.1712,-0.0018,0.3253,-0.3761,-0.0039,0.2665,-0.3773,0.1084,0.2665,-0.4254,0.1079,0.3370,-0.4931,0.1076,0.2908,0.0000,0.0434,0.0171,0.0095,0.0000,0.0000,0.1000,0.0266,0.0399,9.7502,11.5695
25.2400,0.0000,0.0000,0.1519,-0.1712,-0.0018,0.3253,-0.3761,-0.0039,0.2663,-0.3773,0.1084,0.2663,-0.4254,0.1079,0.3368,-0.4931,0.1076,0.2906,0.0000,0.0435,0.0173,0.0095,0.0000,0.0000,0.1000,0.0266,0.0399,9.7507,11.5700
25.2480,0.0000,0.0000,0.1519,-0.1712,-0.0018,0.3253,-0.3761,-0.0040,0.2663,-0.3773,0.1084,0.2663,-0.4255,0.1079,0.3368,-0.4931,0.1076,0.2905,0.0000,0.0436,0.0174,0.0095,0.0000,0.0000,0.1000,0.0266,0.0399,9.7509,11.5703
25.2560,0.0000,0.0000,0.1519,-0.1712,-0.0018,0.3253,-0.3761,-0.0040,0.2662,-0.3773,0.1084,0.2662,-0.4255,0.1079,0.3367,-0.4931,0.1076,0.2904,0.0000,0.0437,0.0175,0.0096,0.0000,0.0000,0.1000,0.0266,0.0399,9.7511,11.5705
25.2640,0.0000,0.0000,0.1519,-0.1712,-0.0018,0.3253,-0.3761,-0.0040,0.2662,-0.3773,0.1084,0.2662,-0.4255,0.1079,0.3366,-0.4931,0.1076,0.2904,0.0000,0.0437,0.0175,0.0096,0.0000,0.0000,0.1000,0.0266,0.0399,9.7514,11.5708
25.2720,0.0000,0.0000,0.1519,-0.1712,-0.0018,0.3252,-0.3761,-0.0039,0.2661,-0.3773,0.1084,0.2661,-0.4255,0.1079,0.3365,-0.4931,0.1076,0.2903,0.0000,0.0438,0.0176,0.0096,0.0000,0.0000,0.1000,0.0266,0.0399,9.7517,11.5712
25.2800,0.0000,0.0000,0.1519,-0.1712,-0.0018,0.3252,-0.3761,-0.0039,0.2661,-0.3772,0.1084,0.2661,-0.4255,0.1079,0.3365,-0.4930,0.1076,0.2902,0.0000,0.0438,0.0177,0.0096,0.0000,0.0000,0.1000,0.0266,0.0399,9.7520,11.5716
25.2880,0.0000,0.0000,0.1519,-0.1712,-0.0018,0.3252,-0.3761,-0.0040,0.2660,-0.3773,0.1084,0.2660,-0.4255,0.1079,0.3364,-0.4931,0.1076,0.2901,0.0000,0.0440,0.0178,0.0096,0.0000,0.0000,0.1000,0.0266,0.0399,9.7521,11.5717
25.2960,0.0000,0.0000,0.1519,-0.1712,-0.0018,0.3252,-0.3761,-0.0039,0.2659,-0.3772,0.1084,0.2659,-0.4255,0.1079,0.3363,-0.4930,0.1076,0.2900,0.0000,0.0440,0.0179,0.0096,0.0000,0.0000,0.1000,0.0266,0.0399,9.7525,11.5722
25.3040,0.0000,0.0000,0.1519,-0.1712,-0.0018,0.3252,-0.3760,-0.0039,0.2659,-0.3772,0.1084,0.2659,-0.4255,0.1079,0.3363,-0.4930,0.1076,0.2899,0.0000,0.0441,0.0179,0.0097,0.0000,0.0000,0.1000,0.0266,0.0399,9.7526,11.5723
25.3120,0.0000,0.0000,0.1519,-0.1712,-0.0018,0.3252,-0.3760,-0.0040,0.2658,-0.3772,0.1084,0.2658,-0.4255,0.1079,0.3362,-0.4930,0.1076,0.2899,0.0000,0.0441,0.0180,0.0097,0.0000,0.0000,0.1000,0.0266,0.0399,9.7527,11.5725
25.3200,0.0000,0.0000,0.1519,-0.1712,-0.0018,0.3252,-0.3760,-0.0040,0.2658,-0.3772,0.1084,0.2658,-0.4255,0.1079,0.3361,-0.4930,0.1076,0.2897,0.0000,0.0442,0.0181,0.0097,0.0000,0.0000,0.1000,0.0266,0.0399,9.7530,11.5728
25.3280,0.0000,0.0000,0.1519,-0.1712,-0.0018,0.3252,-0.3760,-0.0040,0.2657,-0.3772,0.1084,0.2657,-0.4256,0.1079,0.3361,-0.4930,0.1076,0.2897,0.0000,0.0443,0.0182,0.0097,0.0000,0.0000,0.1000,0.0266,0.0399,9.7532,11.5731
25.3360,0.0000,0.0000,0.1519,-0.1713,-0.0018,0.3252,-0.3760,-0.0039,0.2657,-0.3772,0.1084,0.2657,-0.4256,0.1079,0.3360,-0.4930,0.1076,0.2896,0.0000,0.0443,0.0183,0.0097,0.0000,0.0000,0.1000,0.0266,0.0399,9.7536,11.5735
25.3440,0.0000,0.0000,0.1519,-0.1713,-0.0018,0.3252,-0.3760,-0.0040,0.2656,-0.3772,0.1084,0.2656,-0.4256,0.1079,0.3359,-0.4930,0.1076,0.2895,0.0000,0.0444,0.0183,0.0098,0.0000,0.0000,0.1000,0.0266,0.0399,9.7537,11.5736
25.3520,0.0000,0.0000,0.1519,-0.1713,-0.0018,0.3252,-0.3760,-0.0039,0.2656,-0.3772,0.1084,0.2656,-0.4256,0.1079,0.3359,-0.4930,0.1076,0.2894,0.0000,0.0445,0.0184,0.0098,0.0000,0.0000,0.1000,0.0266,0.0399,9.7539,11.5739
25.3600,0.0000,0.0000,0.1519,-0.1713,-0.0018,0.3252,-0.3760,-0.0039,0.2655,-0.3772,0.1084,0.2655,-0.4256,0.1079,0.3358,-0.4930,0.1076,0.2894,0.0000,0.0445,0.0185,0.0098,0.0000,0.0000,0.1000,0.0266,0.0399,9.7542,11.5742
25.3680,0.0000,0.0000,0.1519,-0.1713,-0.0018,0.3252,-0.3760,-0.0039,0.2655,-0.3772,0.1084,0.2655,-0.4256,0.1079,0.3358,-0.4930,0.1076,0.2893,0.0000,0.0446,0.0185,0.0098,0.0000,0.0000,0.1000,0.0266,0.0399,9.7544,11.5745
25.3760,0.0000,0.0000,0.1519,-0.1713,-0.0018,0.3252,-0.3760,-0.0039,0.2654,-0.3771,0.1084,0.2654,-0.4256,0.1079,0.3357,-0.4930,0.1076,0.2892,0.0000,0.0446,0.0186,0.0098,0.0000,0.0000,0.1000,0.0266,0.0399,9.7546,11.5747
25.3840,0.0000,0.0000,0.1519,-0.1713,-0.0018,0.3252,-0.3760,-0.0040,0.2654,-0.3771,0.1084,0.2654,-0.4256,0.1079,0.3357,-0.4930,0.1076,0.2892,0.0000,0.0447,0.0187,0.0098,0.0000,0.0000,0.1000,0.0266,0.0399,9.7547,11.5749
25.3920,0.0000,0.0000,0.1519,-0.1713,-0.0018,0.3252,-0.3760,-0.0040,0.2654,-0.3771,0.1084,0.2654,-0.4256,0.1079,0.3356,-0.4930,0.1076,0.2891,0.0000,0.0447,0.0187,0.0099,0.0000,0.0000,0.1000,0.0266,0.0399,9.7549,11.5751
25.4000,0.0000,0.0000,0.1519,-0.1713,-0.0018,0.3252,-0.3759,-0.0040,0.2653,-0.3771,0.1084,0.2653,-0.4256,0.1079,0.3356,-0.4930,0.1076,0.2890,0.0000,0.0448,0.0188,0.0099,0.0000,0.0000,0.1000,0.0266,0.0399,9.7551,11.5753
25.4080,0.0000,0.0000,0.1519,-0.1713,-0.0018,0.3252,-0.3759,-0.0040,0.2653,-0.3771,0.1084,0.2653,-0.4256,0.1079,0.3355,-0.4930,0.1076,0.2890,0.0000,0.0449,0.0188,0.0099,0.0000,0.0000,0.1000,0.0266,0.0399,9.7553,11.5755
25.4160,0.0000,0.0000,0.1519,-0.1713,-0.0018,0.3252,-0.3759,-0.0039,0.2652,-0.3771,0.1084,0.2652,-0.4256,0.1079,0.3354,-0.4930,0.1076,0.2889,0.0000,0.0449,0.0189,0.0099,0.0000,0.0000,0.1000,0.0266,0.0399,9.7556,11.5759
25.4240,0.0000,0.0000,0.1519,-0.1713,-0.0018,0.3252,-0.3759,-0.0039,0.2652,-0.3771,0.1084,0.2652,-0.4256,0.1079,0.3354,-0.4930,0.1076,0.2888,0.0000,0.0450,0.0190,0.0099,0.0000,0.0000,0.1000,0.0266,0.0399,9.7559,11.5763
25.4320,0.0000,0.0000,0.1519,-0.1713,-0.0018,0.3252,-0.3759,-0.0039,0.2651,-0.3771,0.1084,0.2651,-0.4256,0.1079,0.3353,-0.4930,0.1076,0.2888,0.0000,0.0450,0.0190,0.0099,0.0000,0.0000,0.1000,0.0266,0.0399,9.7561,11.5765
25.4400,0.0000,0.0000,0.1519,-0.1713,-0.0018,0.3252,-0.3759,-0.0040,0.2651,-0.3771,0.1084,0.2651,-0.4256,0.1079,0.3353,-0.4930,0.1076,0.2887,0.0000,0.0451,0.0191,0.0099,0.0000,0.0000,0.1000,0.0266,0.0399,9.7562,11.5767
25.4480,0.0000,0.0000,0.1519,-0.1713,-0.0018,0.3252,-0.3759,-0.0039,0.2651,-0.3771,0.1084,0.2651,-0.4256,0.1079,0.3352,-0.4930,0.1076,0.2886,0.0000,0.0451,0.0192,0.0100,0.0000,0.0000,0.1000,0.0266,0.0399,9.7565,11.5770
25.4560,0.0000,0.0000,0.1519,-0.1713,-0.0018,0.3252,-0.3759,-0.0039,0.2650,-0.3770,0.1084,0.2650,-0.4256,0.1079,0.3352,-0.4930,0.1076,0.2886,0.0000,0.0452,0.0192,0.0100,0.0000,0.0000,0.1000,0.0266,0.0399,9.7567,11.5772
25.4640,0.0000,0.0000,0.1519,-0.1713,-0.0018,0.3252,-0.3759,-0.0039,0.2650,-0.3770,0.1084,0.2650,-0.4256,0.1079,0.3352,-0.4930,0.1076,0.2886,0.0000,0.0452,0.0192,0.0100,0.0000,0.0000,0.1000,0.0266,0.0399,9.7569,11.5774
25.4720,0.0000,0.0000,0.1519,-0.1713,-0.0018,0.3252,-0.3759,-0.0040,0.2650,-0.3770,0.1084,0.2650,-0.4256,0.1079,0.3351,-0.4930,0.1076,0.2885,0.0000,0.0453,0.0193,0.0100,0.0000,0.0000,0.1000,0.0266,0.0399,9.7570,11.5775
25.4800,0.0000,0.0000,0.1519,-0.1713,-0.0018,0.3252,-0.3758,-0.0040,0.2650,-0.3770,0.1084,0.2650,-0.4256,0.1079,0.3351,-0.4930,0.1076,0.2885,0.0000,0.0453,0.0193,0.0100,0.0000,0.0000,0.1000,0.0266,0.0399,9.7571,11.5777
25.4880,0.0000,0.0000,0.1519,-0.1713,-0.0018,0.3252,-0.3758,-0.0040,0.2649,-0.3770,0.1084,0.2649,-0.4256,0.1079,0.3351,-0.4930,0.1076,0.2884,0.0000,0.0453,0.0194,0.0100,0.0000,0.0000,0.1000,0.0266,0.0399,9.7574,11.5780
25.4960,0.0000,0.0000,0.1519,-0.1713,-0.0018,0.3252,-0.3758,-0.0039,0.2649,-0.3770,0.1084,0.2649,-0.4256,0.1079,0.3350,-0.4929,0.1076,0.2883,0.0000,0.0454,0.0194,0.0100,0.0000,0.0000,0.1000,0.0266,0.0399,9.7576,11.5783
25.5040,0.0000,0.0000,0.1519,-0.1713,-0.0018,0.3252,-0.3758,-0.0040,0.2649,-0.3770,0.1084,0.2649,-0.4257,0.1079,0.3350,-0.4929,0.1076,0.2883,0.0000,0.0454,0.0195,0.0100,0.0000,0.0000,0.1000,0.0266,0.0399,9.7577,11.5784
25.5120,0.0000,0.0000,0.1519,-0.1713,-0.0018,0.3252,-0.3758,-0.0039,0.2648,-0.3770,0.1084,0.2648,-0.4256,0.1079,0.3349,-0.4929,0.1076,0.2882,0.0000,0.0455,0.0195,0.0100,0.0000,0.0000,0.1000,0.0266,0.0399,9.7580,11.5787
25.5200,0.0000,0.0000,0.1519,-0.1713,-0.0018,0.3252,-0.3758,-0.0039,0.2648,-0.3770,0.1084,0.2648,-0.4256,0.1079,0.3349,-0.4929,0.1076,0.2882,0.0000,0.0455,0.0196,0.0100,0.0000,0.0000,0.1000,0.0266,0.0399,9.7582,11.5790
25.5280,0.0000,0.0000,0.1519,-0.1713,-0.0018,0.3252,-0.3758,-0.0039,0.2648,-0.3770,0.1084,0.2648,-0.4256,0.1079,0.3349,-0.4929,0.1076,0.2881,0.0000,0.0455,0.0196,0.0101,0.0000,0.0000,0.1000,0.0266,0.0399,9.7584,11.5792
25.5360,0.0000,0.0000,0.1519,-0.1713,-0.0018,0.3252,-0.3758,-0.0040,0.2647,-0.3770,0.1084,0.2647,-0.4257,0.1079,0.3348,-0.4929,0.1076,0.2881,0.0000,0.0456,0.0197,0.0101,0.0000,0.0000,0.1000,0.0266,0.0399,9.7585,11.5794
25.5440,0.0000,0.0000,0.1519,-0.1713,-0.0018,0.3252,-0.3758,-0.0039,0.2647,-0.3769,0.1084,0.2647,-0.4257,0.1079,0.3348,-0.4929,0.1076,0.2880,0.0000,0.0456,0.0197,0.0101,0.0000,0.0000,0.1000,0.0266,0.0399,9.7588,11.5798
25.5520,0.0000,0.0000,0.1519,-0.1713,-0.0018,0.3252,-0.3758,-0.0040,0.2646,-0.3769,0.1084,0.2646,-0.4257,0.1079,0.3347,-0.4929,0.1076,0.2880,0.0000,0.0457,0.0198,0.0101,0.0000,0.0000,0.1000,0.0266,0.0399,9.7588,11.5798
25.5600,0.0000,0.0000,0.1519,-0.1713,-0.0018,0.3252,-0.3758,-0.0040,0.2646,-0.3769,0.1084,0.2646,-0.4257,0.1079,0.3347,-0.4929,0.1076,0.2880,0.0000,0.0457,0.0198,0.0101,0.0000,0.0000,0.1000,0.0266,0.0399,9.7590,11.5800
25.5680,0.0000,0.0000,0.1519,-0.1713,-0.0018,0.3252,-0.3757,-0.0039,0.2646,-0.3769,0.1084,0.2646,-0.4256,0.1079,0.3347,-0.4929,0.1076,0.2879,0.0000,0.0457,0.0198,0.0101,0.0000,0.0000,0.1000,0.0266,0.0399,9.7594,11.5804
25.5760,0.0000,0.0000,0.1519,-0.1713,-0.0018,0.3252,-0.3757,-0.0039,0.2646,-0.3769,0.1084,0.2646,-0.4257,0.1079,0.3347,-0.4929,0.1076,0.2879,0.0000,0.0457,0.0199,0.0101,0.0000,0.0000,0.1000,0.0266,0.0399,9.7595,11.5806
25.5840,0.0000,0.0000,0.1519,-0.1713,-0.0018,0.3252,-0.3757,-0.0040,0.2646,-0.3769,0.1084,0.2646,-0.4257,0.1079,0.3346,-0.4929,0.1076,0.2879,0.0000,0.0458,0.0199,0.0101,0.0000,0.0000,0.1000,0.0266,0.0399,9.7596,11.5807
25.5920,0.0000,0.0000,0.1519,-0.1713,-0.0018,0.3252,-0.3757,-0.0039,0.2645,-0.3769,0.1084,0.2645,-0.4256,0.1079,0.3346,-0.4929,0.1076,0.2878,0.0000,0.0458,0.0199,0.0101,0.0000,0.0000,0.1000,0.0266,0.0399,9.7599,11.5810
25.6000,0.0000,0.0000,0.1519,-0.1713,-0.0018,0.3252,-0.3757,-0.0039,0.2645,-0.3769,0.1084,0.2645,-0.4257,0.1079,0.3346,-0.4929,0.1076,0.2878,0.0000,0.0459,0.0200,0.0101,0.0000,0.0000,0.1000,0.0266,0.0399,9.7600,11.5812
25.6080,0.0000,0.0000,0.1519,-0.1713,-0.0018,0.3252,-0.3757,-0.0039,0.2645,-0.3769,0.1084,0.2645,-0.4256,0.1079,0.3345,-0.4929,0.1076,0.2877,0.0000,0.0459,0.0200,0.0102,0.0000,0.0000,0.1000,0.0266,0.0399,9.7602,11.5815
25.6160,0.0000,0.0000,0.1519,-0.1713,-0.0018,0.3252,-0.3757,-0.0040,0.2645,-0.3769,0.1084,0.2645,-0.4256,0.1079,0.3345,-0.4928,0.1076,0.2877,0.0000,0.0459,0.0200,0.0102,0.0000,0.0000,0.1000,0.0266,0.0399,9.7604,11.5816
25.6240,0.0000,0.0000,0.1519,-0.1713,-0.0018,0.3252,-0.3757,-0.0040,0.2645,-0.3769,0.1084,0.2645,-0.4256,0.1079,0.3345,-0.4928,0.1076,0.2877,0.0000,0.0459,0.0201,0.0102,0.0000,0.0000,0.1000,0.0266,0.0399,9.7605,11.5818
25.6320,0.0000,0.0000,0.1519,-0.1712,-0.0018,0.3252,-0.3756,-0.0039,0.2645,-0.3768,0.1084,0.2645,-0.4256,0.1079,0.3345,-0.4928,0.1076,0.2877,0.0000,0.0459,0.0201,0.0102,0.0000,0.0000,0.1000,0.0266,0.0399,9.7609,11.5822
25.6400,0.0000,0.0000,0.1519,-0.1713,-0.0018,0.3252,-0.3757,-0.0040,0.2644,-0.3768,0.1084,0.2644,-0.4256,0.1079,0.3344,-0.4928,0.1076,0.2876,0.0000,0.0460,0.0201,0.0102,0.0000,0.0000,0.1000,0.0266,0.0399,9.7609,11.5822
25.6480,0.0000,0.0000,0.1519,-0.1713,-0.0018,0.3252,-0.3756,-0.0039,0.2644,-0.3768,0.1084,0.2644,-0.4256,0.1079,0.3344,-0.4928,0.1076,0.2876,0.0000,0.0460,0.0202,0.0102,0.0000,0.0000,0.1000,0.0266,0.0399,9.7611,11.5825
25.6560,0.0000,0.0000,0.1519,-0.1712,-0.0018,0.3252,-0.3756,-0.0039,0.2644,-0.3768,0.1084,0.2644,-0.4256,0.1079,0.3344,-0.4928,0.1076,0.2876,0.0000,0.0459,0.0201,0.0102,0.0000,0.0000,0.1000,0.0266,0.0399,9.7613,11.5828
25.6640,0.0000,0.0000,0.1519,-0.1712,-0.0018,0.3252,-0.3756,-0.0040,0.2644,-0.3768,0.1084,0.2644,-0.4256,0.1079,0.3344,-0.4928,0.1076,0.2875,0.0000,0.0460,0.0202,0.0102,0.0000,0.0000,0.1000,0.0266,0.0399,9.7614,11.5828
25.6720,0.0000,0.0000,0.1519,-0.1712,-0.0018,0.3252,-0.3756,-0.0039,0.2644,-0.3768,0.1084,0.2644,-0.4256,0.1079,0.3344,-0.4928,0.1076,0.2875,0.0000,0.0460,0.0202,0.0102,0.0000,0.0000,0.1000,0.0266,0.0399,9.7617,11.5832
25.6800,0.0000,0.0000,0.1519,-0.1712,-0.0018,0.3252,-0.3756,-0.0040,0.2644,-0.3768,0.1084,0.2644,-0.4256,0.1079,0.3344,-0.4928,0.1075,0.2875,0.0000,0.0460,0.0202,0.0102,0.0000,0.0000,0.1000,0.0266,0.0399,9.7618,11.5833
25.6880,0.0000,0.0000,0.1519,-0.1712,-0.0018,0.3252,-0.3756,-0.0040,0.2644,-0.3768,0.1084,0.2644,-0.4256,0.1079,0.3344,-0.4928,0.1076,0.2875,0.0000,0.0459,0.0202,0.0102,0.0000,0.0000,0.1000,0.0266,0.0399,9.7619,11.5834
25.6960,0.0000,0.0000,0.1519,-0.1712,-0.0018,0.3253,-0.3756,-0.0039,0.2644,-0.3767,0.1084,0.2644,-0.4256,0.1079,0.3344,-0.4928,0.1076,0.2875,0.0000,0.0460,0.0202,0.0102,0.0000,0.0000,0.1000,0.0266,0.0399,9.7622,11.5838
25.7040,0.0000,0.0000,0.1519,-0.1712,-0.0018,0.3253,-0.3756,-0.0039,0.2644,-0.3767,0.1084,0.2644,-0.4256,0.1079,0.3344,-0.4927,0.1076,0.2875,0.0000,0.0460,0.0202,0.0102,0.0000,0.0000,0.1000,0.0266,0.0399,9.7624,11.5840
25.7120,0.0000,0.0000,0.1519,-0.1712,-0.0018,0.3253,-0.3755,-0.0040,0.2644,-0.3767,0.1084,0.2644,-0.4256,0.1079,0.3343,-0.4927,0.1076,0.2874,0.0000,0.0460,0.0202,0.0102,0.0000,0.0000,0.1000,0.0266,0.0399,9.7625,11.5841
25.7200,0.0000,0.0000,0.1519,-0.1712,-0.0018,0.3253,-0.3755,-0.0040,0.2644,-0.3767,0.1084,0.2644,-0.4256,0.1079,0.3343,-0.4927,0.1076,0.2874,0.0000,0.0460,0.0202,0.0102,0.0000,0.0000,0.1000,0.0266,0.0399,9.7627,11.5845
25.7280,0.0000,0.0000,0.1519,-0.1712,-0.0018,0.3253,-0.3755,-0.0039,0.2643,-0.3767,0.1084,0.2643,-0.4256,0.1079,0.3343,-0.4927,0.1076,0.2874,0.0000,0.0460,0.0203,0.0102,0.0000,0.0000,0.1000,0.0266,0.0399,9.7629,11.5847
25.7360,0.0000,0.0000,0.1519,-0.1712,-0.0018,0.3253,-0.3755,-0.0039,0.2644,-0.3767,0.1084,0.2644,-0.4256,0.1079,0.3343,-0.4927,0.1076,0.2874,0.0000,0.0459,0.0202,0.0102,0.0000,0.0000,0.1000,0.0266,0.0399,9.7631,11.5849
25.7440,0.0000,0.0000,0.1519,-0.1712,-0.0018,0.3253,-0.3755,-0.0039,0.2643,-0.3767,0.1084,0.2643,-0.4255,0.1079,0.3343,-0.4927,0.1076,0.2874,0.0000,0.0460,0.0203,0.0102,0.0000,0.0000,0.1000,0.0266,0.0399,9.7633,11.5851
25.7520,0.0000,0.0000,0.1519,-0.1711,-0.0018,0.3253,-0.3755,-0.0039,0.2643,-0.3767,0.1084,0.2643,-0.4255,0.1079,0.3343,-0.4927,0.1076,0.2874,0.0000,0.0459,0.0203,0.0102,0.0000,0.0000,0.1000,0.0266,0.0399,9.7636,11.5855
25.7600,0.0000,0.0000,0.1519,-0.1711,-0.0018,0.3253,-0.3755,-0.0040,0.2643,-0.3767,0.1084,0.2643,-0.4255,0.1079,0.3343,-0.4927,0.1076,0.2874,0.0000,0.0459,0.0203,0.0102,0.0000,0.0000,0.1000,0.0266,0.0399,9.7636,11.5854
25.7680,0.0000,0.0000,0.1519,-0.1711,-0.0018,0.3253,-0.3755,-0.0039,0.2643,-0.3766,0.1084,0.2643,-0.4255,0.1079,0.3343,-0.4926,0.1076,0.2874,0.0000,0.0459,0.0203,0.0102,0.0000,0.0000,0.1000,0.0266,0.0399,9.7639,11.5859
25.7760,0.0000,0.0000,0.1519,-0.1711,-0.0018,0.3253,-0.3754,-0.0039,0.2644,-0.3766,0.1084,0.2644,-0.4255,0.1079,0.3343,-0.4926,0.1076,0.2874,0.0000,0.0458,0.0202,0.0102,0.0000,0.0000,0.1000,0.0266,0.0399,9.7641,11.5861
25.7840,0.0000,0.0000,0.1519,-0.1711,-0.0018,0.3254,-0.3754,-0.0039,0.2644,-0.3766,0.1084,0.2644,-0.4255,0.1079,0.3343,-0.4926,0.1076,0.2874,0.0000,0.0458,0.0202,0.0102,0.0000,0.0000,0.1000,0.0266,0.0399,9.7642,11.5862
25.7920,0.0000,0.0000,0.1519,-0.1711,-0.0018,0.3254,-0.3754,-0.0040,0.2644,-0.3766,0.1084,0.2644,-0.4255,0.1079,0.3343,-0.4926,0.1076,0.2874,0.0000,0.0458,0.0202,0.0102,0.0000,0.0000,0.1000,0.0266,0.0399,9.7643,11.5863
25.8000,0.0000,0.0000,0.1519,-0.1711,-0.0018,0.3254,-0.3754,-0.0039,0.2644,-0.3766,0.1084,0.2644,-0.4255,0.1079,0.3343,-0.4926,0.1076,0.2874,0.0000,0.0458,0.0202,0.0102,0.0000,0.0000,0.1000,0.0266,0.0399,9.7645,11.5866
25.8080,0.0000,0.0000,0.1519,-0.1711,-0.0018,0.3254,-0.3754,-0.0039,0.2644,-0.3766,0.1084,0.2644,-0.4255,0.1079,0.3343,-0.4926,0.1076,0.2874,0.0000,0.0458,0.0202,0.0101,0.0000,0.0000,0.1000,0.0266,0.0399,9.7647,11.5868
25.8160,0.0000,0.0000,0.1519,-0.1711,-0.0018,0.3254,-0.3754,-0.0039,0.2644,-0.3766,0.1084,0.2644,-0.4254,0.1079,0.3343,-0.4926,0.1076,0.2874,0.0000,0.0457,0.0202,0.0101,0.0000,0.0000,0.1000,0.0266,0.0399,9.7649,11.5871
25.8240,0.0000,0.0000,0.1519,-0.1710,-0.0018,0.3254,-0.3754,-0.0040,0.2644,-0.3765,0.1084,0.2644,-0.4254,0.1079,0.3343,-0.4926,0.1076,0.2874,0.0000,0.0457,0.0202,0.0101,0.0000,0.0000,0.1000,0.0266,0.0399,9.7651,11.5873
25.8320,0.0000,0.0000,0.1519,-0.1710,-0.0018,0.3254,-0.3754,-0.0039,0.2644,-0.3765,0.1084,0.2644,-0.4254,0.1079,0.3343,-0.4926,0.1076,0.2874,0.0000,0.0457,0.0202,0.0101,0.0000,0.0000,0.1000,0.0266,0.0399,9.7653,11.5875
25.8400,0.0000,0.0000,0.1519,-0.1710,-0.0018,0.3254,-0.3753,-0.0039,0.2644,-0.3765,0.1084,0.2644,-0.4254,0.1079,0.3344,-0.4925,0.1076,0.2874,0.0000,0.0456,0.0202,0.0101,0.0000,0.0000,0.1000,0.0266,0.0399,9.7656,11.5879
25.8480,0.0000,0.0000,0.1519,-0.1710,-0.0018,0.3254,-0.3753,-0.0039,0.2644,-0.3765,0.1084,0.2644,-0.4254,0.1079,0.3344,-0.4925,0.1076,0.2874,0.0000,0.0457,0.0202,0.0101,0.0000,0.0000,0.1000,0.0266,0.0399,9.7656,11.5879
25.8560,0.0000,0.0000,0.1519,-0.1710,-0.0018,0.3255,-0.3753,-0.0039,0.2644,-0.3765,0.1084,0.2644,-0.4254,0.1079,0.3344,-0.4925,0.1076,0.2875,0.0000,0.0456,0.0202,0.0101,0.0000,0.0000,0.1000,0.0266,0.0399,9.7659,11.5882
25.8640,0.0000,0.0000,0.1519,-0.1710,-0.0018,0.3255,-0.3753,-0.0039,0.2644,-0.3765,0.1084,0.2644,-0.4254,0.1079,0.3344,-0.4925,0.1076,0.2875,0.0000,0.0456,0.0202,0.0101,0.0000,0.0000,0.1000,0.0266,0.0399,9.7659,11.5883
25.8720,0.0000,0.0000,0.1519,-0.1710,-0.0018,0.3255,-0.3753,-0.0039,0.2645,-0.3765,0.1084,0.2645,-0.4254,0.1079,0.3344,-0.4925,0.1076,0.2875,0.0000,0.0455,0.0201,0.0101,0.0000,0.0000,0.1000,0.0266,0.0399,9.7662,11.5886
25.8800,0.0000,0.0000,0.1519,-0.1709,-0.0018,0.3255,-0.3753,-0.0039,0.2645,-0.3764,0.1084,0.2645,-0.4253,0.1079,0.3345,-0.4925,0.1076,0.2875,0.0000,0.0454,0.0201,0.0101,0.0000,0.0000,0.1000,0.0266,0.0399,9.7663,11.5888
25.8880,0.0000,0.0000,0.1519,-0.1709,-0.0018,0.3255,-0.3752,-0.0039,0.2645,-0.3764,0.1084,0.2645,-0.4253,0.1079,0.3345,-0.4924,0.1076,0.2876,0.0000,0.0453,0.0200,0.0101,0.0000,0.0000,0.1000,0.0266,0.0399,9.7665,11.5890
25.8960,0.0000,0.0000,0.1519,-0.1709,-0.0018,0.3255,-0.3752,-0.0039,0.2646,-0.3764,0.1084,0.2646,-0.4253,0.1079,0.3345,-0.4924,0.1076,0.2876,0.0000,0.0453,0.0200,0.0100,0.0000,0.0000,0.1000,0.0266,0.0399,9.7666,11.5890
25.9040,0.0000,0.0000,0.1519,-0.1709,-0.0018,0.3256,-0.3752,-0.0039,0.2646,-0.3764,0.1084,0.2646,-0.4253,0.1079,0.3345,-0.4924,0.1076,0.2877,0.0000,0.0452,0.0200,0.0100,0.0000,0.0000,0.1000,0.0266,0.0399,9.7668,11.5893
25.9120,0.0000,0.0000,0.1519,-0.1709,-0.0018,0.3256,-0.3752,-0.0039,0.2646,-0.3764,0.1084,0.2646,-0.4253,0.1079,0.3346,-0.4924,0.1076,0.2877,0.0000,0.0452,0.0199,0.0100,0.0000,0.0000,0.1000,0.0266,0.0399,9.7668,11.5893
25.9200,0.0000,0.0000,0.1519,-0.1709,-0.0018,0.3256,-0.3752,-0.0039,0.2646,-0.3764,0.1084,0.2646,-0.4252,0.1079,0.3346,-0.4924,0.1076,0.2877,0.0000,0.0451,0.0199,0.0100,0.0000,0.0000,0.1000,0.0266,0.0399,9.7671,11.5896
25.9280,0.0000,0.0000,0.1519,-0.1709,-0.0018,0.3256,-0.3752,-0.0039,0.2646,-0.3764,0.1084,0.2646,-0.4252,0.1079,0.3346,-0.4924,0.1076,0.2877,0.0000,0.0451,0.0199,0.0100,0.0000,0.0000,0.1000,0.0266,0.0399,9.7671,11.5897
25.9360,0.0000,0.0000,0.1519,-0.1708,-0.0018,0.3256,-0.3752,-0.0039,0.2647,-0.3764,0.1084,0.2647,-0.4252,0.1079,0.3346,-0.4924,0.1076,0.2878,0.0000,0.0450,0.0198,0.0100,0.0000,0.0000,0.1000,0.0266,0.0399,9.7673,11.5899
25.9440,0.0000,0.0000,0.1519,-0.1708,-0.0018,0.3256,-0.3752,-0.0039,0.2647,-0.3763,0.1084,0.2647,-0.4252,0.1079,0.3347,-0.4924,0.1076,0.2878,0.0000,0.0449,0.0198,0.0100,0.0000,0.0000,0.1000,0.0266,0.0399,9.7674,11.5900
25.9520,0.0000,0.0000,0.1519,-0.1708,-0.0018,0.3257,-0.3751,-0.0039,0.2647,-0.3763,0.1084,0.2647,-0.4252,0.1079,0.3347,-0.4923,0.1076,0.2878,0.0000,0.0449,0.0197,0.0099,0.0000,0.0000,0.1000,0.0266,0.0399,9.7676,11.5903
25.9600,0.0000,0.0000,0.1519,-0.1708,-0.0018,0.3257,-0.3751,-0.0039,0.2647,-0.3763,0.1084,0.2647,-0.4252,0.1079,0.3347,-0.4923,0.1076,0.2879,0.0000,0.0448,0.0197,0.0099,0.0000,0.0000,0.1000,0.0266,0.0399,9.7677,11.5904
25.9680,0.0000,0.0000,0.1519,-0.1708,-0.0018,0.3257,-0.3751,-0.0039,0.2648,-0.3763,0.1084,0.2648,-0.4251,0.1079,0.3348,-0.4923,0.1076,0.2879,0.0000,0.0447,0.0197,0.0099,0.0000,0.0000,0.1000,0.0266,0.0399,9.7679,11.5907
25.9760,0.0000,0.0000,0.1519,-0.1707,-0.0018,0.3257,-0.3751,-0.0039,0.2648,-0.3763,0.1084,0.2648,-0.4251,0.1079,0.3348,-0.4923,0.1076,0.2880,0.0000,0.0446,0.0196,0.0099,0.0000,0.0000,0.1000,0.0266,0.0399,9.7680,11.5908
25.9840,0.0000,0.0000,0.1519,-0.1707,-0.0018,0.3257,-0.3751,-0.0040,0.2649,-0.3763,0.1084,0.2649,-0.4251,0.1079,0.3349,-0.4923,0.1076,0.2880,0.0000,0.0446,0.0196,0.0099,0.0000,0.0000,0.1000,0.0266,0.0399,9.7681,11.5909
25.9920,0.0000,0.0000,0.1519,-0.1707,-0.0018,0.3257,-0.3751,-0.0039,0.2649,-0.3763,0.1084,0.2649,-0.4251,0.1079,0.3349,-0.4923,0.1076,0.2880,0.0000,0.0445,0.0195,0.0099,0.0000,0.0000,0.1000,0.0266,0.0399,9.7683,11.5911
26.0000,0.0000,0.0000,0.1519,-0.1707,-0.0018,0.3258,-0.3751,-0.0039,0.2649,-0.3762,0.1084,0.2649,-0.4250,0.1079,0.3349,-0.4922,0.1076,0.2881,0.0000,0.0444,0.0195,0.0098,0.0000,0.0000,0.1000,0.0266,0.0399,9.7685,11.5914
26.0080,0.0000,0.0000,0.1519,-0.1707,-0.0018,0.3258,-0.3751,-0.0039,0.2650,-0.3762,0.1084,0.2650,-0.4250,0.1079,0.3350,-0.4922,0.1076,0.2881,0.0000,0.0443,0.0194,0.0098,0.0000,0.0000,0.1000,0.0266,0.0399,9.7686,11.5915
26.0160,0.0000,0.0000,0.1519,-0.1706,-0.0018,0.3258,-0.3750,-0.0039,0.2650,-0.3762,0.1084,0.2650,-0.4250,0.1079,0.3350,-0.4922,0.1076,0.2882,0.0000,0.0442,0.0194,0.0098,0.0000,0.0000,0.1000,0.0266,0.0399,9.7688,11.5918
26.0240,0.0000,0.0000,0.1519,-0.1706,-0.0018,0.3258,-0.3750,-0.0039,0.2650,-0.3762,0.1084,0.2650,-0.4250,0.1079,0.3350,-0.4922,0.1076,0.2882,0.0000,0.0442,0.0193,0.0098,0.0000,0.0000,0.1000,0.0266,0.0399,9.7690,11.5919
26.0320,0.0000,0.0000,0.1519,-0.1706,-0.0018,0.3258,-0.3750,-0.0039,0.2651,-0.3762,0.1084,0.2651,-0.4250,0.1079,0.3351,-0.4922,0.1076,0.2883,0.0000,0.0441,0.0193,0.0098,0.0000,0.0000,0.1000,0.0266,0.0399,9.7692,11.5922
26.0400,0.0000,0.0000,0.1519,-0.1706,-0.0018,0.3259,-0.3750,-0.0039,0.2651,-0.3762,0.1084,0.2651,-0.4249,0.1079,0.3351,-0.4921,0.1076,0.2883,0.0000,0.0440,0.0192,0.0097,0.0000,0.0000,0.1000,0.0266,0.0399,9.7693,11.5924
26.0480,0.0000,0.0000,0.1519,-0.1706,-0.0018,0.3259,-0.3750,-0.0039,0.2651,-0.3762,0.1084,0.2651,-0.4249,0.1079,0.3352,-0.4921,0.1076,0.2884,0.0000,0.0439,0.0192,0.0097,0.0000,0.0000,0.1000,0.0266,0.0399,9.7694,11.5925
26.0560,0.0000,0.0000,0.1519,-0.1705,-0.0018,0.3259,-0.3750,-0.0039,0.2652,-0.3761,0.1084,0.2652,-0.4249,0.1079,0.3352,-0.4921,0.1076,0.2885,0.0000,0.0438,0.0191,0.0097,0.0000,0.0000,0.1000,0.0266,0.0399,9.7696,11.5927
26.0640,0.0000,0.0000,0.1519,-0.1705,-0.0018,0.3259,-0.3749,-0.0039,0.2652,-0.3761,0.1084,0.2652,-0.4249,0.1079,0.3353,-0.4921,0.1076,0.2885,0.0000,0.0438,0.0191,0.0097,0.0000,0.0000,0.1000,0.0266,0.0399,9.7697,11.5928
26.0720,0.0000,0.0000,0.1519,-0.1705,-0.0018,0.3259,-0.3749,-0.0039,0.2653,-0.3761,0.1084,0.2653,-0.4248,0.1079,0.3353,-0.4921,0.1076,0.2886,0.0000,0.0437,0.0190,0.0097,0.0000,0.0000,0.1000,0.0266,0.0399,9.7699,11.5930
26.0800,0.0000,0.0000,0.1519,-0.1705,-0.0018,0.3260,-0.3749,-0.0039,0.2653,-0.3761,0.1084,0.2653,-0.4248,0.1079,0.3354,-0.4921,0.1076,0.2886,0.0000,0.0435,0.0189,0.0096,0.0000,0.0000,0.1000,0.0266,0.0399,9.7701,11.5932
26.0880,0.0000,0.0000,0.1519,-0.1705,-0.0018,0.3260,-0.3749,-0.0040,0.2654,-0.3761,0.1084,0.2654,-0.4248,0.1079,0.3354,-0.4920,0.1076,0.2887,0.0000,0.0435,0.0189,0.0096,0.0000,0.0000,0.1000,0.0266,0.0399,9.7701,11.5933
26.0960,0.0000,0.0000,0.1519,-0.1704,-0.0018,0.3260,-0.3749,-0.0039,0.2654,-0.3761,0.1084,0.2654,-0.4248,0.1079,0.3355,-0.4920,0.1076,0.2887,0.0000,0.0434,0.0188,0.0096,0.0000,0.0000,0.1000,0.0266,0.0399,9.7703,11.5935
26.1040,0.0000,0.0000,0.1519,-0.1704,-0.0018,0.3260,-0.3749,-0.0039,0.2655,-0.3760,0.1084,0.2655,-0.4247,0.1079,0.3356,-0.4920,0.1076,0.2888,0.0000,0.0432,0.0187,0.0096,0.0000,0.0000,0.1000,0.0266,0.0399,9.7706,11.5938
26.1120,0.0000,0.0000,0.1519,-0.1704,-0.0018,0.3261,-0.3748,-0.0039,0.2655,-0.3760,0.1084,0.2655,-0.4247,0.1079,0.3356,-0.4920,0.1076,0.2889,0.0000,0.0432,0.0187,0.0095,0.0000,0.0000,0.1000,0.0266,0.0399,9.7707,11.5940
26.1200,0.0000,0.0000,0.1519,-0.1704,-0.0018,0.3261,-0.3748,-0.0039,0.2656,-0.3760,0.1084,0.2656,-0.4247,0.1079,0.3357,-0.4920,0.1076,0.2890,0.0000,0.0430,0.0186,0.0095,0.0000,0.0000,0.1000,0.0266,0.0399,9.7707,11.5939
26.1280,0.0000,0.0000,0.1519,-0.1703,-0.0018,0.3261,-0.3748,-0.0039,0.2656,-0.3760,0.1084,0.2656,-0.4247,0.1079,0.3357,-0.4919,0.1076,0.2890,0.0000,0.0429,0.0185,0.0095,0.0000,0.0000,0.1000,0.0266,0.0399,9.7709,11.5942
26.1360,0.0000,0.0000,0.1519,-0.1703,-0.0018,0.3261,-0.3748,-0.0040,0.2657,-0.3760,0.1084,0.2657,-0.4246,0.1079,0.3358,-0.4919,0.1076,0.2891,0.0000,0.0428,0.0184,0.0095,0.0000,0.0000,0.1000,0.0266,0.0399,9.7710,11.5943
26.1440,0.0000,0.0000,0.1519,-0.1703,-0.0018,0.3262,-0.3748,-0.0039,0.2657,-0.3760,0.1084,0.2657,-0.4246,0.1079,0.3358,-0.4919,0.1076,0.2892,0.0000,0.0427,0.0184,0.0094,0.0000,0.0000,0.1000,0.0266,0.0399,9.7712,11.5946
26.1520,0.0000,0.0000,0.1519,-0.1703,-0.0018,0.3262,-0.3748,-0.0039,0.2658,-0.3759,0.1084,0.2658,-0.4246,0.1079,0.3359,-0.4919,0.1076,0.2892,0.0000,0.0426,0.0183,0.0094,0.0000,0.0000,0.1000,0.0266,0.0399,9.7713,11.5947
26.1600,0.0000,0.0000,0.1519,-0.1702,-0.0018,0.3262,-0.3747,-0.0039,0.2658,-0.3759,0.1084,0.2658,-0.4245,0.1079,0.3360,-0.4919,0.1076,0.2893,0.0000,0.0425,0.0182,0.0094,0.0000,0.0000,0.1000,0.0266,0.0399,9.7715,11.5949
26.1680,0.0000,0.0000,0.1519,-0.1702,-0.0018,0.3262,-0.3747,-0.0039,0.2659,-0.3759,0.1084,0.2659,-0.4245,0.1079,0.3360,-0.4918,0.1076,0.2894,0.0000,0.0424,0.0181,0.0094,0.0000,0.0000,0.1000,0.0266,0.0399,9.7716,11.5950
26.1760,0.0000,0.0000,0.1519,-0.1702,-0.0018,0.3262,-0.3747,-0.0039,0.2659,-0.3759,0.1084,0.2659,-0.4245,0.1079,0.3361,-0.4918,0.1076,0.2895,0.0000,0.0423,0.0180,0.0093,0.0000,0.0000,0.1000,0.0266,0.0399,9.7717,11.5952
26.1840,0.0000,0.0000,0.1519,-0.1702,-0.0018,0.3263,-0.3747,-0.0039,0.2660,-0.3759,0.1084,0.2660,-0.4245,0.1079,0.3362,-0.4918,0.1076,0.2895,0.0000,0.0422,0.0180,0.0093,0.0000,0.0000,0.1000,0.0266,0.0399,9.7719,11.5954
26.1920,0.0000,0.0000,0.1519,-0.1701,-0.0018,0.3263,-0.3747,-0.0039,0.2660,-0.3759,0.1084,0.2660,-0.4244,0.1079,0.3362,-0.4918,0.1076,0.2896,0.0000,0.0421,0.0179,0.0093,0.0000,0.0000,0.1000,0.0266,0.0399,9.7720,11.5956
26.2000,0.0000,0.0000,0.1519,-0.1701,-0.0018,0.3263,-0.3747,-0.0039,0.2661,-0.3758,0.1084,0.2661,-0.4244,0.1079,0.3363,-0.4918,0.1076,0.2897,0.0000,0.0419,0.0178,0.0093,0.0000,0.0000,0.1000,0.0266,0.0399,9.7721,11.5957
26.2080,0.0000,0.0000,0.1519,-0.1701,-0.0018,0.3263,-0.3747,-0.0039,0.2661,-0.3758,0.1084,0.2661,-0.4244,0.1079,0.3363,-0.4917,0.1076,0.2898,0.0000,0.0419,0.0177,0.0092,0.0000,0.0000,0.1000,0.0266,0.0399,9.7722,11.5958
26.2160,0.0000,0.0000,0.1519,-0.1701,-0.0018,0.3264,-0.3746,-0.0039,0.2662,-0.3758,0.1084,0.2662,-0.4243,0.1079,0.3364,-0.4917,0.1076,0.2899,0.0000,0.0417,0.0176,0.0092,0.0000,0.0000,0.1000,0.0266,0.0399,9.7724,11.5960
26.2240,0.0000,0.0000,0.1519,-0.1700,-0.0018,0.3264,-0.3746,-0.0039,0.2663,-0.3758,0.1084,0.2663,-0.4243,0.1079,0.3365,-0.4917,0.1076,0.2899,0.0000,0.0416,0.0176,0.0092,0.0000,0.0000,0.1000,0.0266,0.0399,9.7726,11.5962
26.2320,0.0000,0.0000,0.1519,-0.1700,-0.0018,0.3264,-0.3746,-0.0039,0.2663,-0.3758,0.1084,0.2663,-0.4243,0.1079,0.3365,-0.4917,0.1076,0.2900,0.0000,0.0415,0.0175,0.0092,0.0000,0.0000,0.1000,0.0266,0.0399,9.7726,11.5963
26.2400,0.0000,0.0000,0.1519,-0.1700,-0.0018,0.3264,-0.3746,-0.0039,0.2663,-0.3758,0.1084,0.2663,-0.4243,0.1079,0.3366,-0.4917,0.1076,0.2900,0.0000,0.0414,0.0175,0.0091,0.0000,0.0000,0.1000,0.0266,0.0399,9.7728,11.5965
26.2480,0.0000,0.0000,0.1519,-0.1700,-0.0018,0.3265,-0.3746,-0.0039,0.2664,-0.3757,0.1084,0.2664,-0.4242,0.1079,0.3367,-0.4916,0.1076,0.2901,0.0000,0.0413,0.0174,0.0091,0.0000,0.0000,0.1000,0.0266,0.0399,9.7730,11.5967
26.2560,0.0000,0.0000,0.1519,-0.1699,-0.0018,0.3265,-0.3745,-0.0039,0.2665,-0.3757,0.1084,0.2665,-0.4242,0.1079,0.3367,-0.4916,0.1076,0.2902,0.0000,0.0412,0.0173,0.0091,0.0000,0.0000,0.1000,0.0266,0.0399,9.7731,11.5969
26.2640,0.0000,0.0000,0.1519,-0.1699,-0.0018,0.3265,-0.3745,-0.0039,0.2665,-0.3757,0.1084,0.2665,-0.4242,0.1079,0.3368,-0.4916,0.1076,0.2903,0.0000,0.0410,0.0172,0.0090,0.0000,0.0000,0.1000,0.0266,0.0399,9.7732,11.5970
26.2720,0.0000,0.0000,0.1519,-0.1699,-0.0018,0.3266,-0.3745,-0.0039,0.2666,-0.3757,0.1084,0.2666,-0.4241,0.1079,0.3369,-0.4916,0.1076,0.2904,0.0000,0.0409,0.0171,0.0090,0.0000,0.0000,0.1000,0.0266,0.0399,9.7732,11.5971
26.2800,0.0000,0.0000,0.1519,-0.1698,-0.0018,0.3266,-0.3745,-0.0039,0.2667,-0.3757,0.1084,0.2667,-0.4241,0.1079,0.3370,-0.4915,0.1076,0.2905,0.0000,0.0408,0.0170,0.0090,0.0000,0.0000,0.1000,0.0266,0.0399,9.7734,11.5972
26.2880,0.0000,0.0000,0.1519,-0.1698,-0.0018,0.3266,-0.3745,-0.0039,0.2668,-0.3757,0.1084,0.2668,-0.4241,0.1079,0.3371,-0.4915,0.1076,0.2906,0.0000,0.0406,0.0169,0.0089,0.0000,0.0000,0.1000,0.0266,0.0399,9.7735,11.5974
26.2960,0.0000,0.0000,0.1519,-0.1698,-0.0018,0.3266,-0.3745,-0.0039,0.2668,-0.3757,0.1084,0.2668,-0.4240,0.1079,0.3371,-0.4915,0.1076,0.2907,0.0000,0.0405,0.0168,0.0089,0.0000,0.0000,0.1000,0.0266,0.0399,9.7736,11.5975
26.3040,0.0000,0.0000,0.1519,-0.1698,-0.0018,0.3267,-0.3744,-0.0039,0.2669,-0.3756,0.1084,0.2669,-0.4240,0.1079,0.3372,-0.4915,0.1076,0.2908,0.0000,0.0404,0.0167,0.0089,0.0000,0.0000,0.1000,0.0266,0.0399,9.7738,11.5977
26.3120,0.0000,0.0000,0.1519,-0.1697,-0.0018,0.3267,-0.3744,-0.0039,0.2669,-0.3756,0.1084,0.2669,-0.4240,0.1079,0.3373,-0.4915,0.1076,0.2909,0.0000,0.0403,0.0166,0.0089,0.0000,0.0000,0.1000,0.0266,0.0399,9.7739,11.5978
26.3200,0.0000,0.0000,0.1519,-0.1697,-0.0018,0.3267,-0.3744,-0.0039,0.2670,-0.3756,0.1084,0.2670,-0.4239,0.1079,0.3374,-0.4914,0.1076,0.2910,0.0000,0.0402,0.0165,0.0088,0.0000,0.0000,0.1000,0.0266,0.0399,9.7739,11.5978
26.3280,0.0000,0.0000,0.1519,-0.1697,-0.0018,0.3267,-0.3744,-0.0039,0.2671,-0.3756,0.1084,0.2671,-0.4239,0.1079,0.3374,-0.4914,0.1076,0.2911,0.0000,0.0401,0.0164,0.0088,0.0000,0.0000,0.1000,0.0266,0.0399,9.7741,11.5980
26.3360,0.0000,0.0000,0.1519,-0.1697,-0.0018,0.3268,-0.3744,-0.0039,0.2671,-0.3756,0.1084,0.2671,-0.4239,0.1079,0.3375,-0.4914,0.1076,0.2912,0.0000,0.0400,0.0163,0.0088,0.0000,0.0000,0.1000,0.0266,0.0399,9.7742,11.5982
26.3440,0.0000,0.0000,0.1519,-0.1696,-0.0018,0.3268,-0.3744,-0.0039,0.2672,-0.3756,0.1084,0.2672,-0.4238,0.1079,0.3376,-0.4914,0.1076,0.2913,0.0000,0.0398,0.0162,0.0087,0.0000,0.0000,0.1000,0.0266,0.0399,9.7742,11.5982
26.3520,0.0000,0.0000,0.1519,-0.1696,-0.0018,0.3268,-0.3744,-0.0039,0.2673,-0.3755,0.1084,0.2673,-0.4238,0.1079,0.3377,-0.4913,0.1076,0.2914,0.0000,0.0397,0.0161,0.0087,0.0000,0.0000,0.1000,0.0266,0.0399,9.7744,11.5984
26.3600,0.0000,0.0000,0.1519,-0.1696,-0.0018,0.3269,-0.3743,-0.0039,0.2674,-0.3755,0.1084,0.2674,-0.4238,0.1079,0.3378,-0.4913,0.1076,0.2915,0.0000,0.0396,0.0160,0.0087,0.0000,0.0000,0.1000,0.0266,0.0399,9.7745,11.5986
26.3680,0.0000,0.0000,0.1519,-0.1695,-0.0018,0.3269,-0.3743,-0.0039,0.2675,-0.3755,0.1084,0.2675,-0.4237,0.1079,0.3379,-0.4913,0.1076,0.2916,0.0000,0.0394,0.0159,0.0086,0.0000,0.0000,0.1000,0.0266,0.0399,9.7747,11.5988
26.3760,0.0000,0.0000,0.1519,-0.1695,-0.0018,0.3269,-0.3743,-0.0039,0.2675,-0.3755,0.1084,0.2675,-0.4237,0.1079,0.3380,-0.4913,0.1076,0.2917,0.0000,0.0393,0.0158,0.0086,0.0000,0.0000,0.1000,0.0266,0.0399,9.7747,11.5988
26.3840,0.0000,0.0000,0.1519,-0.1695,-0.0018,0.3269,-0.3743,-0.0039,0.2676,-0.3755,0.1084,0.2676,-0.4237,0.1079,0.3381,-0.4913,0.1076,0.2918,0.0000,0.0392,0.0157,0.0086,0.0000,0.0000,0.1000,0.0266,0.0399,9.7747,11.5988
26.3920,0.0000,0.0000,0.1519,-0.1694,-0.0018,0.3270,-0.3743,-0.0039,0.2677,-0.3754,0.1084,0.2677,-0.4236,0.1079,0.3381,-0.4912,0.1076,0.2919,0.0000,0.0390,0.0156,0.0085,0.0000,0.0000,0.1000,0.0266,0.0399,9.7749,11.5991
26.4000,0.0000,0.0000,0.1519,-0.1694,-0.0018,0.3270,-0.3742,-0.0039,0.2678,-0.3754,0.1084,0.2678,-0.4236,0.1079,0.3382,-0.4912,0.1076,0.2920,0.0000,0.0389,0.0154,0.0085,0.0000,0.0000,0.1000,0.0266,0.0399,9.7750,11.5991
26.4080,0.0000,0.0000,0.1519,-0.1694,-0.0018,0.3270,-0.3742,-0.0039,0.2678,-0.3754,0.1084,0.2678,-0.4236,0.1079,0.3383,-0.4912,0.1076,0.2921,0.0000,0.0388,0.0153,0.0085,0.0000,0.0000,0.1000,0.0266,0.0399,9.7749,11.5991
26.4160,0.0000,0.0000,0.1519,-0.1693,-0.0018,0.3271,-0.3742,-0.0039,0.2679,-0.3754,0.1084,0.2679,-0.4235,0.1079,0.3384,-0.4911,0.1076,0.2923,0.0000,0.0386,0.0152,0.0084,0.0000,0.0000,0.1000,0.0266,0.0399,9.7752,11.5994
26.4240,0.0000,0.0000,0.1519,-0.1693,-0.0018,0.3271,-0.3742,-0.0039,0.2680,-0.3754,0.1084,0.2680,-0.4235,0.1079,0.3385,-0.4911,0.1076,0.2923,0.0000,0.0386,0.0151,0.0084,0.0000,0.0000,0.1000,0.0266,0.0399,9.7752,11.5994
26.4320,0.0000,0.0000,0.1519,-0.1693,-0.0018,0.3271,-0.3742,-0.0040,0.2681,-0.3754,0.1084,0.2681,-0.4234,0.1079,0.3386,-0.4911,0.1076,0.2925,0.0000,0.0384,0.0150,0.0084,0.0000,0.0000,0.1000,0.0266,0.0399,9.7752,11.5994
26.4400,0.0000,0.0000,0.1519,-0.1693,-0.0018,0.3272,-0.3742,-0.0039,0.2681,-0.3753,0.1084,0.2681,-0.4234,0.1079,0.3387,-0.4911,0.1076,0.2926,0.0000,0.0383,0.0149,0.0084,0.0000,0.0000,0.1000,0.0266,0.0399,9.7754,11.5997
26.4480,0.0000,0.0000,0.1519,-0.1692,-0.0018,0.3272,-0.3741,-0.0039,0.2682,-0.3753,0.1084,0.2682,-0.4234,0.1079,0.3388,-0.4911,0.1076,0.2927,0.0000,0.0382,0.0148,0.0083,0.0000,0.0000,0.1000,0.0266,0.0399,9.7754,11.5997
26.4560,0.0000,0.0000,0.1519,-0.1692,-0.0018,0.3272,-0.3741,-0.0039,0.2683,-0.3753,0.1084,0.2683,-0.4233,0.1079,0.3389,-0.4910,0.1076,0.2928,0.0000,0.0381,0.0147,0.0083,0.0000,0.0000,0.1000,0.0266,0.0399,9.7754,11.5997
26.4640,0.0000,0.0000,0.1519,-0.1692,-0.0018,0.3272,-0.3741,-0.0039,0.2684,-0.3753,0.1084,0.2684,-0.4233,0.1079,0.3390,-0.4910,0.1076,0.2929,0.0000,0.0380,0.0146,0.0083,0.0000,0.0000,0.1000,0.0266,0.0399,9.7755,11.5998
26.4720,0.0000,0.0000,0.1519,-0.1691,-0.0018,0.3273,-0.3741,-0.0039,0.2685,-0.3753,0.1084,0.2685,-0.4233,0.1079,0.3391,-0.4910,0.1076,0.2930,0.0000,0.0378,0.0144,0.0082,0.0000,0.0000,0.1000,0.0266,0.0399,9.7757,11.6000
26.4800,0.0000,0.0000,0.1519,-0.1691,-0.0018,0.3273,-0.3741,-0.0039,0.2685,-0.3753,0.1084,0.2685,-0.4232,0.1079,0.3391,-0.4910,0.1076,0.2931,0.0000,0.0377,0.0143,0.0082,0.0000,0.0000,0.1000,0.0266,0.0399,9.7758,11.6001
26.4880,0.0000,0.0000,0.1519,-0.1691,-0.0018,0.3273,-0.3741,-0.0039,0.2686,-0.3753,0.1084,0.2686,-0.4232,0.1079,0.3392,-0.4910,0.1076,0.2932,0.0000,0.0377,0.0142,0.0082,0.0000,0.0000,0.1000,0.0266,0.0399,9.7757,11.6000
26.4960,0.0000,0.0000,0.1519,-0.1690,-0.0018,0.3274,-0.3741,-0.0039,0.2687,-0.3752,0.1084,0.2687,-0.4232,0.1079,0.3393,-0.4909,0.1076,0.2933,0.0000,0.0376,0.0141,0.0082,0.0000,0.0000,0.1000,0.0266,0.0399,9.7758,11.6002
26.5040,0.0000,0.0000,0.1519,-0.1690,-0.0018,0.3274,-0.3740,-0.0039,0.2688,-0.3752,0.1084,0.2688,-0.4231,0.1079,0.3394,-0.4909,0.1076,0.2935,0.0000,0.0374,0.0140,0.0081,0.0000,0.0000,0.1000,0.0266,0.0399,9.7759,11.6002
26.5120,0.0000,0.0000,0.1519,-0.1690,-0.0018,0.3274,-0.3740,-0.0039,0.2689,-0.3752,0.1084,0.2689,-0.4231,0.1079,0.3395,-0.4909,0.1076,0.2936,0.0000,0.0373,0.0139,0.0081,0.0000,0.0000,0.1000,0.0266,0.0399,9.7760,11.6003
26.5200,0.0000,0.0000,0.1519,-0.1690,-0.0018,0.3274,-0.3740,-0.0039,0.2689,-0.3752,0.1084,0.2689,-0.4231,0.1079,0.3396,-0.4909,0.1076,0.2937,0.0000,0.0373,0.0138,0.0081,0.0000,0.0000,0.1000,0.0266,0.0399,9.7759,11.6003
26.5280,0.0000,0.0000,0.1519,-0.1689,-0.0018,0.3275,-0.3740,-0.0039,0.2690,-0.3752,0.1084,0.2690,-0.4230,0.1079,0.3397,-0.4908,0.1076,0.2938,0.0000,0.0371,0.0136,0.0080,0.0000,0.0000,0.1000,0.0266,0.0399,9.7760,11.6003
26.5360,0.0000,0.0000,0.1519,-0.1689,-0.0018,0.3275,-0.3740,-0.0039,0.2691,-0.3752,0.1084,0.2691,-0.4230,0.1079,0.3398,-0.4908,0.1076,0.2939,0.0000,0.0371,0.0136,0.0080,0.0000,0.0000,0.1000,0.0266,0.0399,9.7762,11.6006
26.5440,0.0000,0.0000,0.1519,-0.1689,-0.0018,0.3275,-0.3740,-0.0039,0.2692,-0.3751,0.1084,0.2692,-0.4230,0.1079,0.3399,-0.4908,0.1076,0.2940,0.0000,0.0370,0.0134,0.0080,0.0000,0.0000,0.1000,0.0266,0.0399,9.7761,11.6005
26.5520,0.0000,0.0000,0.1519,-0.1688,-0.0018,0.3275,-0.3740,-0.0039,0.2692,-0.3751,0.1084,0.2692,-0.4229,0.1079,0.3400,-0.4908,0.1076,0.2941,0.0000,0.0369,0.0133,0.0080,0.0000,0.0000,0.1000,0.0266,0.0399,9.7761,11.6004
26.5600,0.0000,0.0000,0.1519,-0.1688,-0.0018,0.3276,-0.3739,-0.0039,0.2693,-0.3751,0.1084,0.2693,-0.4229,0.1079,0.3400,-0.4908,0.1076,0.2942,0.0000,0.0368,0.0132,0.0080,0.0000,0.0000,0.1000,0.0266,0.0399,9.7762,11.6006
26.5680,0.0000,0.0000,0.1519,-0.1688,-0.0018,0.3276,-0.3739,-0.0039,0.2694,-0.3751,0.1084,0.2694,-0.4228,0.1079,0.3401,-0.4907,0.1076,0.2943,0.0000,0.0367,0.0131,0.0079,0.0000,0.0000,0.1000,0.0266,0.0399,9.7764,11.6008
26.5760,0.0000,0.0000,0.1519,-0.1688,-0.0018,0.3276,-0.3739,-0.0039,0.2695,-0.3751,0.1084,0.2695,-0.4228,0.1079,0.3402,-0.4907,0.1076,0.2944,0.0000,0.0366,0.0130,0.0079,0.0000,0.0000,0.1000,0.0266,0.0399,9.7764,11.6009
26.5840,0.0000,0.0000,0.1519,-0.1687,-0.0018,0.3277,-0.3739,-0.0039,0.2695,-0.3751,0.1084,0.2695,-0.4228,0.1079,0.3403,-0.4907,0.1076,0.2945,0.0000,0.0365,0.0129,0.0079,0.0000,0.0000,0.1000,0.0266,0.0399,9.7765,11.6009
26.5920,0.0000,0.0000,0.1519,-0.1687,-0.0018,0.3277,-0.3739,-0.0039,0.2696,-0.3751,0.1084,0.2696,-0.4227,0.1079,0.3404,-0.4907,0.1076,0.2946,0.0000,0.0365,0.0127,0.0079,0.0000,0.0000,0.1000,0.0266,0.0399,9.7765,11.6010
26.6000,0.0000,0.0000,0.1519,-0.1687,-0.0018,0.3277,-0.3739,-0.0039,0.2697,-0.3750,0.1084,0.2697,-0.4227,0.1079,0.3404,-0.4906,0.1076,0.2947,0.0000,0.0364,0.0127,0.0078,0.0000,0.0000,0.1000,0.0266,0.0399,9.7766,11.6010
26.6080,0.0000,0.0000,0.1519,-0.1686,-0.0018,0.3277,-0.3738,-0.0039,0.2698,-0.3750,0.1084,0.2698,-0.4227,0.1079,0.3406,-0.4906,0.1076,0.2948,0.0000,0.0363,0.0125,0.0078,0.0000,0.0000,0.1000,0.0266,0.0399,9.7766,11.6011
26.6160,0.0000,0.0000,0.1519,-0.1686,-0.0018,0.3278,-0.3738,-0.0039,0.2698,-0.3750,0.1084,0.2698,-0.4226,0.1079,0.3407,-0.4906,0.1076,0.2950,0.0000,0.0362,0.0124,0.0078,0.0000,0.0000,0.1000,0.0266,0.0399,9.7767,11.6012
26.6240,0.0000,0.0000,0.1519,-0.1686,-0.0018,0.3278,-0.3738,-0.0039,0.2699,-0.3750,0.1084,0.2699,-0.4226,0.1079,0.3407,-0.4906,0.1076,0.2950,0.0000,0.0361,0.0123,0.0078,0.0000,0.0000,0.1000,0.0266,0.0399,9.7769,11.6014
26.6320,0.0000,0.0000,0.1519,-0.1685,-0.0018,0.3278,-0.3738,-0.0039,0.2700,-0.3750,0.1084,0.2700,-0.4226,0.1079,0.3408,-0.4905,0.1076,0.2951,0.0000,0.0361,0.0122,0.0077,0.0000,0.0000,0.1000,0.0266,0.0399,9.7769,11.6014
26.6400,0.0000,0.0000,0.1519,-0.1685,-0.0018,0.3279,-0.3738,-0.0039,0.2701,-0.3750,0.1084,0.2701,-0.4225,0.1079,0.3409,-0.4905,0.1076,0.2953,0.0000,0.0360,0.0121,0.0077,0.0000,0.0000,0.1000,0.0266,0.0399,9.7769,11.6014
26.6480,0.0000,0.0000,0.1519,-0.1685,-0.0018,0.3279,-0.3738,-0.0039,0.2701,-0.3749,0.1084,0.2701,-0.4225,0.1079,0.3410,-0.4905,0.1076,0.2953,0.0000,0.0360,0.0120,0.0077,0.0000,0.0000,0.1000,0.0266,0.0399,9.7770,11.6015
26.6560,0.0000,0.0000,0.1519,-0.1685,-0.0018,0.3279,-0.3737,-0.0039,0.2702,-0.3749,0.1084,0.2702,-0.4225,0.1079,0.3410,-0.4905,0.1076,0.2954,0.0000,0.0359,0.0119,0.0077,0.0000,0.0000,0.1000,0.0266,0.0399,9.7771,11.6016
26.6640,0.0000,0.0000,0.1519,-0.1684,-0.0018,0.3279,-0.3737,-0.0039,0.2703,-0.3749,0.1084,0.2703,-0.4224,0.1079,0.3411,-0.4905,0.1076,0.2955,0.0000,0.0358,0.0118,0.0077,0.0000,0.0000,0.1000,0.0266,0.0399,9.7772,11.6018
26.6720,0.0000,0.0000,0.1519,-0.1684,-0.0018,0.3280,-0.3737,-0.0039,0.2704,-0.3749,0.1084,0.2704,-0.4224,0.1079,0.3413,-0.4904,0.1076,0.2957,0.0000,0.0358,0.0116,0.0077,0.0000,0.0000,0.1000,0.0266,0.0399,9.7770,11.6016
26.6800,0.0000,0.0000,0.1519,-0.1684,-0.0018,0.3280,-0.3737,-0.0039,0.2704,-0.3749,0.1084,0.2704,-0.4224,0.1079,0.3413,-0.4904,0.1076,0.2958,0.0000,0.0357,0.0115,0.0076,0.0000,0.0000,0.1000,0.0266,0.0399,9.7773,11.6019
26.6880,0.0000,0.0000,0.1519,-0.1683,-0.0018,0.3280,-0.3737,-0.0039,0.2705,-0.3749,0.1084,0.2705,-0.4223,0.1079,0.3414,-0.4904,0.1076,0.2959,0.0000,0.0357,0.0114,0.0076,0.0000,0.0000,0.1000,0.0266,0.0399,9.7774,11.6020
26.6960,0.0000,0.0000,0.1519,-0.1683,-0.0018,0.3281,-0.3737,-0.0039,0.2706,-0.3748,0.1084,0.2706,-0.4223,0.1079,0.3415,-0.4904,0.1076,0.2960,0.0000,0.0356,0.0112,0.0076,0.0000,0.0000,0.1000,0.0266,0.0399,9.7774,11.6021
26.7040,0.0000,0.0000,0.1519,-0.1683,-0.0018,0.3281,-0.3737,-0.0039,0.2706,-0.3748,0.1084,0.2706,-0.4223,0.1079,0.3416,-0.4904,0.1076,0.2961,0.0000,0.0356,0.0111,0.0076,0.0000,0.0000,0.1000,0.0266,0.0399,9.7773,11.6019
26.7120,0.0000,0.0000,0.1519,-0.1683,-0.0018,0.3281,-0.3736,-0.0039,0.2707,-0.3748,0.1084,0.2707,-0.4222,0.1079,0.3417,-0.4903,0.1076,0.2961,0.0000,0.0355,0.0110,0.0076,0.0000,0.0000,0.1000,0.0266,0.0399,9.7776,11.6022
26.7200,0.0000,0.0000,0.1519,-0.1682,-0.0018,0.3281,-0.3736,-0.0039,0.2708,-0.3748,0.1084,0.2708,-0.4222,0.1079,0.3418,-0.4903,0.1076,0.2963,0.0000,0.0355,0.0109,0.0076,0.0000,0.0000,0.1000,0.0266,0.0399,9.7775,11.6022
26.7280,0.0000,0.0000,0.1519,-0.1682,-0.0018,0.3282,-0.3736,-0.0039,0.2708,-0.3748,0.1084,0.2708,-0.4222,0.1079,0.3418,-0.4903,0.1076,0.2964,0.0000,0.0355,0.0108,0.0075,0.0000,0.0000,0.1000,0.0266,0.0399,9.7775,11.6022
26.7360,0.0000,0.0000,0.1519,-0.1682,-0.0018,0.3282,-0.3736,-0.0039,0.2709,-0.3748,0.1084,0.2709,-0.4221,0.1079,0.3419,-0.4903,0.1076,0.2965,0.0000,0.0354,0.0107,0.0075,0.0000,0.0000,0.1000,0.0266,0.0399,9.7777,11.6024
26.7440,0.0000,0.0000,0.1519,-0.1682,-0.0018,0.3282,-0.3736,-0.0039,0.2710,-0.3747,0.1084,0.2710,-0.4221,0.1079,0.3420,-0.4902,0.1076,0.2965,0.0000,0.0354,0.0106,0.0075,0.0000,0.0000,0.1000,0.0266,0.0399,9.7779,11.6026
26.7520,0.0000,0.0000,0.1519,-0.1681,-0.0018,0.3282,-0.3736,-0.0039,0.2711,-0.3747,0.1084,0.2711,-0.4221,0.1079,0.3421,-0.4902,0.1076,0.2966,0.0000,0.0353,0.0104,0.0075,0.0000,0.0000,0.1000,0.0266,0.0399,9.7778,11.6025
26.7600,0.0000,0.0000,0.1519,-0.1681,-0.0018,0.3283,-0.3735,-0.0039,0.2711,-0.3747,0.1084,0.2711,-0.4220,0.1079,0.3422,-0.4902,0.1076,0.2968,0.0000,0.0353,0.0103,0.0075,0.0000,0.0000,0.1000,0.0266,0.0399,9.7779,11.6026
26.7680,0.0000,0.0000,0.1519,-0.1681,-0.0018,0.3283,-0.3735,-0.0039,0.2712,-0.3747,0.1084,0.2712,-0.4220,0.1079,0.3422,-0.4902,0.1076,0.2968,0.0000,0.0353,0.0102,0.0075,0.0000,0.0000,0.1000,0.0266,0.0399,9.7780,11.6028
26.7760,0.0000,0.0000,0.1519,-0.1680,-0.0018,0.3283,-0.3735,-0.0039,0.2713,-0.3747,0.1084,0.2713,-0.4220,0.1079,0.3423,-0.4901,0.1076,0.2969,0.0000,0.0352,0.0100,0.0074,0.0000,0.0000,0.1000,0.0266,0.0399,9.7781,11.6029
26.7840,0.0000,0.0000,0.1519,-0.1680,-0.0018,0.3283,-0.3735,-0.0039,0.2713,-0.3747,0.1084,0.2713,-0.4219,0.1079,0.3424,-0.4901,0.1076,0.2971,0.0000,0.0352,0.0099,0.0074,0.0000,0.0000,0.1000,0.0266,0.0399,9.7781,11.6029
26.7920,0.0000,0.0000,0.1519,-0.1680,-0.0018,0.3284,-0.3735,-0.0039,0.2714,-0.3747,0.1084,0.2714,-0.4219,0.1079,0.3425,-0.4901,0.1076,0.2972,0.0000,0.0352,0.0098,0.0074,0.0000,0.0000,0.1000,0.0266,0.0399,9.7782,11.6030
26.8000,0.0000,0.0000,0.1519,-0.1680,-0.0018,0.3284,-0.3735,-0.0039,0.2715,-0.3746,0.1084,0.2715,-0.4219,0.1079,0.3425,-0.4901,0.1076,0.2972,0.0000,0.0352,0.0097,0.0074,0.0000,0.0000,0.1000,0.0266,0.0399,9.7784,11.6032
26.8080,0.0000,0.0000,0.1519,-0.1679,-0.0018,0.3284,-0.3734,-0.0039,0.2715,-0.3746,0.1084,0.2715,-0.4218,0.1079,0.3426,-0.4901,0.1076,0.2973,0.0000,0.0352,0.0096,0.0074,0.0000,0.0000,0.1000,0.0266,0.0399,9.7784,11.6032
26.8160,0.0000,0.0000,0.1519,-0.1679,-0.0018,0.3284,-0.3734,-0.0039,0.2716,-0.3746,0.1084,0.2716,-0.4218,0.1079,0.3427,-0.4900,0.1076,0.2974,0.0000,0.0352,0.0094,0.0074,0.0000,0.0000,0.1000,0.0266,0.0399,9.7785,11.6033
26.8240,0.0000,0.0000,0.1519,-0.1679,-0.0018,0.3285,-0.3734,-0.0039,0.2717,-0.3746,0.1084,0.2717,-0.4218,0.1079,0.3428,-0.4900,0.1076,0.2975,0.0000,0.0352,0.0093,0.0074,0.0000,0.0000,0.1000,0.0266,0.0399,9.7784,11.6033
26.8320,0.0000,0.0000,0.1519,-0.1678,-0.0018,0.3285,-0.3734,-0.0039,0.2717,-0.3746,0.1084,0.2717,-0.4217,0.1079,0.3429,-0.4900,0.1076,0.2976,0.0000,0.0351,0.0091,0.0074,0.0000,0.0000,0.1000,0.0266,0.0399,9.7786,11.6035
26.8400,0.0000,0.0000,0.1519,-0.1678,-0.0018,0.3285,-0.3734,-0.0039,0.2718,-0.3746,0.1084,0.2718,-0.4217,0.1079,0.3429,-0.4900,0.1076,0.2977,0.0000,0.0351,0.0090,0.0074,0.0000,0.0000,0.1000,0.0266,0.0399,9.7787,11.6036
26.8480,0.0000,0.0000,0.1519,-0.1678,-0.0018,0.3286,-0.3734,-0.0039,0.2719,-0.3745,0.1084,0.2719,-0.4217,0.1079,0.3430,-0.4900,0.1076,0.2978,0.0000,0.0351,0.0089,0.0073,0.0000,0.0000,0.1000,0.0266,0.0399,9.7788,11.6037
26.8560,0.0000,0.0000,0.1519,-0.1678,-0.0018,0.3286,-0.3733,-0.0039,0.2719,-0.3745,0.1084,0.2719,-0.4216,0.1079,0.3431,-0.4899,0.1076,0.2979,0.0000,0.0351,0.0087,0.0073,0.0000,0.0000,0.1000,0.0266,0.0399,9.7788,11.6038
26.8640,0.0000,0.0000,0.1519,-0.1677,-0.0018,0.3286,-0.3733,-0.0039,0.2720,-0.3745,0.1084,0.2720,-0.4216,0.1079,0.3432,-0.4899,0.1076,0.2980,0.0000,0.0351,0.0086,0.0073,0.0000,0.0000,0.1000,0.0266,0.0399,9.7790,11.6039
26.8720,0.0000,0.0000,0.1519,-0.1677,-0.0018,0.3286,-0.3733,-0.0039,0.2720,-0.3745,0.1084,0.2720,-0.4216,0.1079,0.3432,-0.4899,0.1076,0.2980,0.0000,0.0351,0.0085,0.0073,0.0000,0.0000,0.1000,0.0266,0.0399,9.7791,11.6041
26.8800,0.0000,0.0000,0.1519,-0.1677,-0.0018,0.3287,-0.3733,-0.0039,0.2721,-0.3745,0.1084,0.2721,-0.4215,0.1079,0.3433,-0.4899,0.1076,0.2981,0.0000,0.0351,0.0083,0.0073,0.0000,0.0000,0.1000,0.0266,0.0399,9.7791,11.6041
26.8880,0.0000,0.0000,0.1519,-0.1677,-0.0018,0.3287,-0.3733,-0.0039,0.2722,-0.3744,0.1084,0.2722,-0.4215,0.1079,0.3434,-0.4898,0.1076,0.2982,0.0000,0.0351,0.0081,0.0073,0.0000,0.0000,0.1000,0.0266,0.0399,9.7792,11.6042
26.8960,0.0000,0.0000,0.1519,-0.1676,-0.0018,0.3287,-0.3733,-0.0039,0.2722,-0.3744,0.1084,0.2722,-0.4215,0.1079,0.3435,-0.4898,0.1076,0.2983,0.0000,0.0351,0.0080,0.0073,0.0000,0.0000,0.1000,0.0266,0.0399,9.7793,11.6044
26.9040,0.0000,0.0000,0.1519,-0.1676,-0.0018,0.3287,-0.3732,-0.0039,0.2723,-0.3744,0.1084,0.2723,-0.4214,0.1079,0.3435,-0.4898,0.1076,0.2984,0.0000,0.0351,0.0078,0.0073,0.0000,0.0000,0.1000,0.0266,0.0399,9.7795,11.6046
26.9120,0.0000,0.0000,0.1519,-0.1676,-0.0018,0.3288,-0.3732,-0.0039,0.2724,-0.3744,0.1084,0.2724,-0.4214,0.1079,0.3436,-0.4898,0.1076,0.2985,0.0000,0.0351,0.0077,0.0073,0.0000,0.0000,0.1000,0.0266,0.0399,9.7796,11.6047
26.9200,0.0000,0.0000,0.1519,-0.1675,-0.0018,0.3288,-0.3732,-0.0039,0.2724,-0.3744,0.1084,0.2724,-0.4214,0.1079,0.3437,-0.4897,0.1076,0.2986,0.0000,0.0351,0.0075,0.0073,0.0000,0.0000,0.1000,0.0266,0.0399,9.7796,11.6047
26.9280,0.0000,0.0000,0.1519,-0.1675,-0.0018,0.3288,-0.3732,-0.0039,0.2725,-0.3744,0.1084,0.2725,-0.4213,0.1079,0.3438,-0.4897,0.1076,0.2987,0.0000,0.0351,0.0073,0.0073,0.0000,0.0000,0.1000,0.0266,0.0399,9.7796,11.6047
26.9360,0.0000,0.0000,0.1519,-0.1675,-0.0018,0.3288,-0.3732,-0.0039,0.2726,-0.3744,0.1084,0.2726,-0.4213,0.1079,0.3438,-0.4897,0.1076,0.2988,0.0000,0.0351,0.0072,0.0072,0.0000,0.0000,0.1000,0.0266,0.0399,9.7797,11.6048
26.9440,0.0000,0.0000,0.1519,-0.1675,-0.0018,0.3289,-0.3731,-0.0039,0.2727,-0.3743,0.1084,0.2727,-0.4213,0.1079,0.3439,-0.4897,0.1076,0.2989,0.0000,0.0352,0.0069,0.0072,0.0000,0.0000,0.1000,0.0266,0.0399,9.7799,11.6050
26.9520,0.0000,0.0000,0.1519,-0.1674,-0.0018,0.3289,-0.3731,-0.0039,0.2727,-0.3743,0.1084,0.2727,-0.4213,0.1079,0.3440,-0.4897,0.1076,0.2990,0.0000,0.0352,0.0068,0.0072,0.0000,0.0000,0.1000,0.0266,0.0399,9.7799,11.6050
26.9600,0.0000,0.0000,0.1519,-0.1674,-0.0018,0.3289,-0.3731,-0.0039,0.2728,-0.3743,0.1084,0.2728,-0.4212,0.1079,0.3441,-0.4896,0.1076,0.2991,0.0000,0.0352,0.0065,0.0072,0.0000,0.0000,0.1000,0.0266,0.0399,9.7799,11.6051
26.9680,0.0000,0.0000,0.1519,-0.1674,-0.0018,0.3289,-0.3731,-0.0039,0.2728,-0.3743,0.1084,0.2728,-0.4212,0.1079,0.3441,-0.4896,0.1076,0.2991,0.0000,0.0352,0.0064,0.0072,0.0000,0.0000,0.1000,0.0266,0.0399,9.7801,11.6053
26.9760,0.0000,0.0000,0.1519,-0.1674,-0.0018,0.3290,-0.3731,-0.0039,0.2729,-0.3743,0.1084,0.2729,-0.4211,0.1080,0.3442,-0.4896,0.1076,0.2992,0.0000,0.0352,0.0062,0.0072,0.0000,0.0000,0.1000,0.0266,0.0399,9.7803,11.6055
26.9840,0.0000,0.0000,0.1519,-0.1673,-0.0018,0.3290,-0.3731,-0.0039,0.2730,-0.3742,0.1084,0.2730,-0.4211,0.1079,0.3443,-0.4896,0.1076,0.2993,0.0000,0.0353,0.0059,0.0072,0.0000,0.0000,0.1000,0.0266,0.0399,9.7803,11.6055
26.9920,0.0000,0.0000,0.1519,-0.1673,-0.0018,0.3290,-0.3731,-0.0039,0.2731,-0.3742,0.1084,0.2731,-0.4211,0.1079,0.3444,-0.4895,0.1076,0.2994,0.0000,0.0353,0.0057,0.0072,0.0000,0.0000,0.1000,0.0266,0.0399,9.7803,11.6055
27.0000,0.0000,0.0000,0.1519,-0.1673,-0.0018,0.3291,-0.3730,-0.0039,0.2731,-0.3742,0.1084,0.2731,-0.4210,0.1079,0.3444,-0.4895,0.1076,0.2995,0.0000,0.0353,0.0056,0.0072,0.0000,0.0000,0.1000,0.0266,0.0399,9.7805,11.6058
27.0080,0.0000,0.0000,0.1519,-0.1672,-0.0018,0.3291,-0.3730,-0.0039,0.2732,-0.3742,0.1084,0.2732,-0.4210,0.1079,0.3445,-0.4895,0.1076,0.2996,0.0000,0.0353,0.0053,0.0072,0.0000,0.0000,0.1000,0.0266,0.0399,9.7805,11.6058
27.0160,0.0000,0.0000,0.1519,-0.1672,-0.0018,0.3291,-0.3730,-0.0039,0.2732,-0.3742,0.1084,0.2732,-0.4210,0.1079,0.3446,-0.4895,0.1076,0.2997,0.0000,0.0354,0.0051,0.0071,0.0000,0.0000,0.1000,0.0266,0.0399,9.7806,11.6059
27.0240,0.0000,0.0000,0.1519,-0.1672,-0.0018,0.3291,-0.3730,-0.0039,0.2733,-0.3742,0.1084,0.2733,-0.4209,0.1079,0.3447,-0.4894,0.1076,0.2998,0.0000,0.0354,0.0048,0.0071,0.0000,0.0000,0.1000,0.0266,0.0399,9.7807,11.6060
27.0320,0.0000,0.0000,0.1519,-0.1672,-0.0018,0.3292,-0.3730,-0.0039,0.2734,-0.3741,0.1084,0.2734,-0.4209,0.1079,0.3448,-0.4894,0.1076,0.2999,0.0000,0.0355,0.0045,0.0071,0.0000,0.0000,0.1000,0.0266,0.0399,9.7806,11.6059
27.0400,0.0000,0.0000,0.1519,-0.1671,-0.0018,0.3292,-0.3729,-0.0039,0.2734,-0.3741,0.1084,0.2734,-0.4209,0.1079,0.3448,-0.4894,0.1076,0.3000,0.0000,0.0354,0.0043,0.0071,0.0000,0.0000,0.1000,0.0266,0.0399,9.7809,11.6062
27.0480,0.0000,0.0000,0.1519,-0.1671,-0.0018,0.3292,-0.3729,-0.0039,0.2735,-0.3741,0.1084,0.2735,-0.4208,0.1079,0.3449,-0.4894,0.1076,0.3001,0.0000,0.0355,0.0041,0.0071,0.0000,0.0000,0.1000,0.0266,0.0399,9.7809,11.6063
27.0560,0.0000,0.0000,0.1519,-0.1671,-0.0018,0.3292,-0.3729,-0.0039,0.2736,-0.3741,0.1084,0.2736,-0.4208,0.1079,0.3450,-0.4894,0.1076,0.3002,0.0000,0.0355,0.0037,0.0071,0.0000,0.0000,0.1000,0.0266,0.0399,9.7809,11.6063
27.0640,0.0000,0.0000,0.1519,-0.1670,-0.0017,0.3293,-0.3729,-0.0039,0.2736,-0.3741,0.1084,0.2736,-0.4208,0.1080,0.3451,-0.4893,0.1076,0.3003,0.0000,0.0355,0.0035,0.0071,0.0000,0.0000,0.1000,0.0266,0.0399,9.7812,11.6066
27.0720,0.0000,0.0000,0.1519,-0.1670,-0.0018,0.3293,-0.3729,-0.0039,0.2737,-0.3741,0.1084,0.2737,-0.4207,0.1079,0.3452,-0.4893,0.1076,0.3004,0.0000,0.0355,0.0031,0.0071,0.0000,0.0000,0.1000,0.0266,0.0399,9.7811,11.6064
27.0800,0.0000,0.0000,0.1519,-0.1670,-0.0017,0.3293,-0.3729,-0.0039,0.2738,-0.3740,0.1084,0.2738,-0.4207,0.1080,0.3452,-0.4893,0.1076,0.3005,0.0000,0.0355,0.0028,0.0070,0.0000,0.0000,0.1000,0.0266,0.0399,9.7813,11.6068
27.0880,0.0000,0.0000,0.1519,-0.1669,-0.0018,0.3294,-0.3728,-0.0039,0.2738,-0.3740,0.1084,0.2738,-0.4207,0.1079,0.3453,-0.4892,0.1076,0.3005,0.0000,0.0355,0.0025,0.0070,0.0000,0.0000,0.1000,0.0266,0.0399,9.7814,11.6069
27.0960,0.0000,0.0000,0.1519,-0.1669,-0.0018,0.3294,-0.3728,-0.0039,0.2739,-0.3740,0.1084,0.2739,-0.4206,0.1079,0.3454,-0.4892,0.1076,0.3006,0.0000,0.0355,0.0022,0.0070,0.0000,0.0000,0.1000,0.0266,0.0399,9.7815,11.6070
27.1040,0.0000,0.0000,0.1519,-0.1669,-0.0018,0.3294,-0.3728,-0.0039,0.2740,-0.3740,0.1084,0.2740,-0.4206,0.1079,0.3454,-0.4892,0.1076,0.3007,0.0000,0.0355,0.0019,0.0070,0.0000,0.0000,0.1000,0.0266,0.0399,9.7815,11.6070
27.1120,0.0000,0.0000,0.1519,-0.1669,-0.0018,0.3294,-0.3728,-0.0039,0.2740,-0.3740,0.1084,0.2740,-0.4206,0.1079,0.3455,-0.4892,0.1076,0.3008,0.0000,0.0355,0.0017,0.0070,0.0000,0.0000,0.1000,0.0266,0.0399,9.7817,11.6072
27.1200,0.0000,0.0000,0.1519,-0.1668,-0.0018,0.3295,-0.3728,-0.0039,0.2741,-0.3739,0.1084,0.2741,-0.4205,0.1079,0.3456,-0.4892,0.1076,0.3009,0.0000,0.0355,0.0013,0.0069,0.0000,0.0000,0.1000,0.0266,0.0399,9.7818,11.6074
27.1280,0.0000,0.0000,0.1519,-0.1668,-0.0018,0.3295,-0.3727,-0.0039,0.2741,-0.3739,0.1084,0.2741,-0.4205,0.1079,0.3457,-0.4891,0.1076,0.3009,0.0000,0.0355,0.0009,0.0069,0.0000,0.0000,0.1000,0.0266,0.0399,9.7819,11.6075
27.1360,0.0000,0.0000,0.1519,-0.1668,-0.0017,0.3295,-0.3727,-0.0039,0.2742,-0.3739,0.1084,0.2742,-0.4205,0.1080,0.3457,-0.4891,0.1076,0.3010,0.0000,0.0354,0.0006,0.0069,0.0000,0.0000,0.1000,0.0266,0.0399,9.7822,11.6078
27.1440,0.0000,0.0000,0.1519,-0.1668,-0.0018,0.3295,-0.3727,-0.0039,0.2743,-0.3739,0.1084,0.2743,-0.4204,0.1079,0.3458,-0.4891,0.1076,0.3011,0.0000,0.0354,0.0002,0.0068,0.0000,0.0000,0.1000,0.0266,0.0399,9.7821,11.6078
27.1520,0.0000,0.0000,0.1519,-0.1667,-0.0018,0.3296,-0.3727,-0.0039,0.2743,-0.3739,0.1084,0.2743,-0.4204,0.1079,0.3459,-0.4891,0.1076,0.3012,0.0000,0.0354,-0.0002,0.0068,0.0000,0.0000,0.1000,0.0266,0.0399,9.7822,11.6078
27.1600,0.0000,0.0000,0.1519,-0.1667,-0.0017,0.3296,-0.3727,-0.0039,0.2744,-0.3738,0.1084,0.2744,-0.4204,0.1079,0.3459,-0.4890,0.1076,0.3013,0.0000,0.0353,-0.0005,0.0068,0.0000,0.0000,0.1000,0.0266,0.0399,9.7825,11.6081
27.1680,0.0000,0.0000,0.1519,-0.1667,-0.0018,0.3296,-0.3726,-0.0039,0.2744,-0.3738,0.1084,0.2744,-0.4203,0.1079,0.3460,-0.4890,0.1076,0.3014,0.0000,0.0353,-0.0010,0.0067,0.0000,0.0000,0.1000,0.0266,0.0399,9.7825,11.6082
27.1760,0.0000,0.0000,0.1519,-0.1666,-0.0018,0.3296,-0.3726,-0.0039,0.2745,-0.3738,0.1084,0.2745,-0.4203,0.1079,0.3461,-0.4890,0.1076,0.3014,0.0000,0.0352,-0.0014,0.0067,0.0000,0.0000,0.1000,0.0266,0.0399,9.7826,11.6083
27.1840,0.0000,0.0000,0.1519,-0.1666,-0.0017,0.3297,-0.3726,-0.0039,0.2745,-0.3738,0.1084,0.2745,-0.4203,0.1080,0.3461,-0.4890,0.1076,0.3015,0.0000,0.0351,-0.0018,0.0067,0.0000,0.0000,0.1000,0.0266,0.0399,9.7828,11.6085
27.1920,0.0000,0.0000,0.1519,-0.1666,-0.0017,0.3297,-0.3726,-0.0039,0.2746,-0.3738,0.1084,0.2746,-0.4202,0.1079,0.3462,-0.4889,0.1076,0.3016,0.0000,0.0350,-0.0022,0.0066,0.0000,0.0000,0.1000,0.0266,0.0399,9.7829,11.6087
27.2000,0.0000,0.0000,0.1519,-0.1666,-0.0018,0.3297,-0.3726,-0.0039,0.2747,-0.3738,0.1084,0.2747,-0.4202,0.1079,0.3463,-0.4889,0.1076,0.3017,0.0000,0.0349,-0.0027,0.0066,0.0000,0.0000,0.1000,0.0266,0.0399,9.7830,11.6088
27.2080,0.0000,0.0000,0.1519,-0.1665,-0.0017,0.3297,-0.3726,-0.0039,0.2747,-0.3737,0.1084,0.2747,-0.4202,0.1079,0.3463,-0.4889,0.1076,0.3017,0.0000,0.0348,-0.0031,0.0065,0.0000,0.0000,0.1000,0.0266,0.0399,9.7831,11.6090
27.2160,0.0000,0.0000,0.1519,-0.1665,-0.0017,0.3298,-0.3725,-0.0039,0.2748,-0.3737,0.1084,0.2748,-0.4202,0.1079,0.3464,-0.4889,0.1076,0.3018,0.0000,0.0347,-0.0035,0.0065,0.0000,0.0000,0.1000,0.0266,0.0399,9.7833,11.6091
27.2240,0.0000,0.0000,0.1519,-0.1665,-0.0017,0.3298,-0.3725,-0.0039,0.2748,-0.3737,0.1084,0.2748,-0.4201,0.1079,0.3465,-0.4888,0.1076,0.3019,0.0000,0.0345,-0.0041,0.0064,0.0000,0.0000,0.1000,0.0266,0.0399,9.7833,11.6092
27.2320,0.0000,0.0000,0.1519,-0.1664,-0.0017,0.3298,-0.3725,-0.0039,0.2749,-0.3737,0.1084,0.2749,-0.4201,0.1079,0.3465,-0.4888,0.1076,0.3020,0.0000,0.0343,-0.0047,0.0063,0.0000,0.0000,0.1000,0.0266,0.0399,9.7835,11.6093
27.2400,0.0000,0.0000,0.1519,-0.1664,-0.0017,0.3298,-0.3725,-0.0039,0.2750,-0.3737,0.1084,0.2750,-0.4201,0.1079,0.3466,-0.4888,0.1076,0.3021,0.0000,0.0342,-0.0052,0.0063,0.0000,0.0000,0.1000,0.0266,0.0399,9.7836,11.6095
27.2480,0.0000,0.0000,0.1519,-0.1664,-0.0017,0.3299,-0.3725,-0.0039,0.2750,-0.3736,0.1084,0.2750,-0.4200,0.1079,0.3466,-0.4888,0.1076,0.3021,0.0000,0.0340,-0.0056,0.0062,0.0000,0.0000,0.1000,0.0266,0.0399,9.7837,11.6096
27.2560,0.0000,0.0000,0.1519,-0.1664,-0.0018,0.3299,-0.3724,-0.0039,0.2751,-0.3736,0.1084,0.2751,-0.4200,0.1079,0.3467,-0.4888,0.1076,0.3022,0.0000,0.0338,-0.0061,0.0061,0.0000,0.0000,0.1000,0.0266,0.0399,9.7838,11.6098
27.2640,0.0000,0.0000,0.1519,-0.1663,-0.0017,0.3299,-0.3724,-0.0039,0.2751,-0.3736,0.1084,0.2751,-0.4200,0.1080,0.3468,-0.4887,0.1076,0.3023,0.0000,0.0335,-0.0068,0.0060,0.0000,0.0000,0.1000,0.0266,0.0399,9.7841,11.6101
27.2720,0.0000,0.0000,0.1519,-0.1663,-0.0018,0.3299,-0.3724,-0.0039,0.2752,-0.3736,0.1084,0.2752,-0.4199,0.1079,0.3468,-0.4887,0.1076,0.3024,0.0000,0.0333,-0.0072,0.0060,0.0000,0.0000,0.1000,0.0266,0.0399,9.7841,11.6100
27.2800,0.0000,0.0000,0.1519,-0.1663,-0.0017,0.3300,-0.3724,-0.0039,0.2752,-0.3736,0.1084,0.2752,-0.4199,0.1079,0.3469,-0.4887,0.1076,0.3024,0.0000,0.0330,-0.0078,0.0059,0.0000,0.0000,0.1000,0.0266,0.0399,9.7842,11.6102
27.2880,0.0000,0.0000,0.1519,-0.1663,-0.0017,0.3300,-0.3724,-0.0039,0.2753,-0.3735,0.1084,0.2753,-0.4199,0.1079,0.3470,-0.4887,0.1076,0.3025,0.0000,0.0328,-0.0083,0.0058,0.0000,0.0000,0.1000,0.0266,0.0399,9.7844,11.6104
27.2960,0.0000,0.0000,0.1519,-0.1662,-0.0017,0.3300,-0.3723,-0.0039,0.2753,-0.3735,0.1084,0.2753,-0.4198,0.1079,0.3470,-0.4886,0.1076,0.3026,0.0000,0.0324,-0.0091,0.0057,0.0000,0.0000,0.1000,0.0266,0.0399,9.7845,11.6105
27.3040,0.0000,0.0000,0.1519,-0.1662,-0.0017,0.3301,-0.3723,-0.0039,0.2754,-0.3735,0.1084,0.2754,-0.4198,0.1080,0.3471,-0.4886,0.1076,0.3027,0.0000,0.0321,-0.0096,0.0056,0.0000,0.0000,0.1000,0.0266,0.0399,9.7847,11.6108
27.3120,0.0000,0.0000,0.1519,-0.1662,-0.0017,0.3301,-0.3723,-0.0039,0.2755,-0.3735,0.1084,0.2755,-0.4198,0.1079,0.3472,-0.4886,0.1076,0.3028,0.0000,0.0317,-0.0103,0.0054,0.0000,0.0000,0.1000,0.0266,0.0399,9.7848,11.6109
27.3200,0.0000,0.0000,0.1519,-0.1662,-0.0017,0.3301,-0.3723,-0.0039,0.2755,-0.3735,0.1084,0.2755,-0.4197,0.1079,0.3472,-0.4886,0.1076,0.3028,0.0000,0.0315,-0.0106,0.0054,0.0000,0.0000,0.1000,0.0266,0.0399,9.7850,11.6112
27.3280,0.0000,0.0000,0.1519,-0.1661,-0.0017,0.3301,-0.3723,-0.0039,0.2755,-0.3734,0.1084,0.2755,-0.4197,0.1080,0.3473,-0.4885,0.1076,0.3029,0.0000,0.0310,-0.0113,0.0053,0.0000,0.0000,0.1000,0.0266,0.0399,9.7852,11.6114
27.3360,0.0000,0.0000,0.1519,-0.1661,-0.0017,0.3302,-0.3722,-0.0039,0.2756,-0.3734,0.1084,0.2756,-0.4197,0.1079,0.3474,-0.4885,0.1076,0.3030,0.0000,0.0304,-0.0122,0.0051,0.0000,0.0000,0.1000,0.0266,0.0399,9.7853,11.6116
27.3440,0.0000,0.0000,0.1519,-0.1661,-0.0017,0.3302,-0.3722,-0.0039,0.2756,-0.3734,0.1084,0.2756,-0.4197,0.1079,0.3474,-0.4885,0.1076,0.3030,0.0000,0.0303,-0.0123,0.0050,0.0000,0.0000,0.1000,0.0266,0.0399,9.7854,11.6117
27.3520,0.0000,0.0000,0.1519,-0.1660,-0.0017,0.3302,-0.3722,-0.0039,0.2757,-0.3734,0.1084,0.2757,-0.4196,0.1079,0.3474,-0.4884,0.1076,0.3031,0.0000,0.0299,-0.0129,0.0049,0.0000,0.0000,0.1000,0.0266,0.0399,9.7857,11.6121
27.3600,0.0000,0.0000,0.1519,-0.1660,-0.0017,0.3302,-0.3722,-0.0039,0.2757,-0.3734,0.1084,0.2757,-0.4196,0.1080,0.3475,-0.4884,0.1076,0.3031,0.0000,0.0294,-0.0136,0.0048,0.0000,0.0000,0.1000,0.0266,0.0399,9.7858,11.6121
27.3680,0.0000,0.0000,0.1519,-0.1660,-0.0017,0.3302,-0.3722,-0.0039,0.2758,-0.3733,0.1084,0.2758,-0.4196,0.1080,0.3475,-0.4884,0.1076,0.3032,0.0000,0.0291,-0.0139,0.0047,0.0000,0.0000,0.1000,0.0266,0.0399,9.7861,11.6125
27.3760,0.0000,0.0000,0.1519,-0.1660,-0.0017,0.3303,-0.3721,-0.0039,0.2758,-0.3733,0.1084,0.2758,-0.4195,0.1079,0.3475,-0.4884,0.1076,0.3032,0.0000,0.0289,-0.0141,0.0046,0.0000,0.0000,0.1000,0.0266,0.0399,9.7863,11.6127
27.3840,0.0000,0.0000,0.1519,-0.1659,-0.0017,0.3303,-0.3721,-0.0039,0.2759,-0.3733,0.1084,0.2759,-0.4195,0.1079,0.3476,-0.4884,0.1076,0.3033,0.0000,0.0282,-0.0149,0.0045,0.0000,0.0000,0.1000,0.0266,0.0399,9.7863,11.6128
27.3920,0.0000,0.0000,0.1519,-0.1659,-0.0017,0.3303,-0.3721,-0.0039,0.2759,-0.3733,0.1084,0.2759,-0.4195,0.1079,0.3477,-0.4883,0.1076,0.3033,0.0000,0.0278,-0.0154,0.0044,0.0000,0.0000,0.1000,0.0266,0.0399,9.7864,11.6129
27.4000,0.0000,0.0000,0.1519,-0.1659,-0.0017,0.3303,-0.3721,-0.0039,0.2759,-0.3733,0.1084,0.2759,-0.4194,0.1080,0.3477,-0.4883,0.1076,0.3034,0.0000,0.0273,-0.0159,0.0042,0.0000,0.0000,0.1000,0.0266,0.0399,9.7867,11.6132
27.4080,0.0000,0.0000,0.1519,-0.1659,-0.0017,0.3304,-0.3721,-0.0039,0.2760,-0.3732,0.1084,0.2760,-0.4194,0.1079,0.3477,-0.4883,0.1076,0.3034,0.0000,0.0271,-0.0161,0.0042,0.0000,0.0000,0.1000,0.0266,0.0399,9.7868,11.6133
27.4160,0.0000,0.0000,0.1519,-0.1658,-0.0017,0.3304,-0.3720,-0.0039,0.2760,-0.3732,0.1084,0.2760,-0.4194,0.1079,0.3478,-0.4883,0.1076,0.3035,0.0000,0.0263,-0.0170,0.0040,0.0000,0.0000,0.1000,0.0266,0.0399,9.7870,11.6136
27.4240,0.0000,0.0000,0.1519,-0.1658,-0.0017,0.3304,-0.3720,-0.0039,0.2761,-0.3732,0.1084,0.2761,-0.4194,0.1079,0.3478,-0.4883,0.1076,0.3035,0.0000,0.0260,-0.0173,0.0039,0.0000,0.0000,0.1000,0.0266,0.0399,9.7871,11.6137
27.4320,0.0000,0.0000,0.1519,-0.1658,-0.0017,0.3304,-0.3720,-0.0039,0.2761,-0.3732,0.1084,0.2761,-0.4193,0.1080,0.3479,-0.4882,0.1076,0.3036,0.0000,0.0252,-0.0180,0.0037,0.0000,0.0000,0.1000,0.0266,0.0399,9.7874,11.6141
27.4400,0.0000,0.0000,0.1519,-0.1658,-0.0017,0.3304,-0.3720,-0.0039,0.2761,-0.3732,0.1085,0.2761,-0.4193,0.1080,0.3479,-0.4882,0.1076,0.3036,0.0000,0.0249,-0.0184,0.0036,0.0000,0.0000,0.1000,0.0266,0.0399,9.7876,11.6143
27.4480,0.0000,0.0000,0.1519,-0.1657,-0.0017,0.3305,-0.3720,-0.0039,0.2762,-0.3731,0.1084,0.2762,-0.4193,0.1079,0.3480,-0.4882,0.1076,0.3037,0.0000,0.0239,-0.0193,0.0033,0.0000,0.0000,0.1000,0.0266,0.0399,9.7876,11.6143
27.4560,0.0000,0.0000,0.1519,-0.1657,-0.0017,0.3305,-0.3719,-0.0039,0.2762,-0.3731,0.1084,0.2762,-0.4193,0.1080,0.3480,-0.4882,0.1076,0.3037,0.0000,0.0239,-0.0192,0.0033,0.0000,0.0000,0.1000,0.0266,0.0399,9.7880,11.6147
27.4640,0.0000,0.0000,0.1519,-0.1657,-0.0017,0.3305,-0.3719,-0.0039,0.2762,-0.3731,0.1085,0.2762,-0.4192,0.1080,0.3480,-0.4881,0.1077,0.3038,0.0000,0.0234,-0.0196,0.0032,0.0000,0.0000,0.1000,0.0266,0.0399,9.7881,11.6150
27.4720,0.0000,0.0000,0.1519,-0.1657,-0.0017,0.3305,-0.3719,-0.0039,0.2763,-0.3731,0.1084,0.2763,-0.4192,0.1079,0.3481,-0.4881,0.1076,0.3038,0.0000,0.0227,-0.0203,0.0030,0.0000,0.0000,0.1000,0.0266,0.0399,9.7881,11.6149
27.4800,0.0000,0.0000,0.1519,-0.1657,-0.0017,0.3306,-0.3719,-0.0039,0.2763,-0.3731,0.1084,0.2763,-0.4192,0.1079,0.3481,-0.4881,0.1076,0.3039,0.0000,0.0225,-0.0204,0.0030,0.0000,0.0000,0.1000,0.0266,0.0399,9.7883,11.6152
27.4880,0.0000,0.0000,0.1519,-0.1656,-0.0017,0.3306,-0.3719,-0.0039,0.2763,-0.3731,0.1084,0.2763,-0.4192,0.1079,0.3481,-0.4881,0.1076,0.3039,0.0000,0.0222,-0.0206,0.0029,0.0000,0.0000,0.1000,0.0266,0.0399,9.7886,11.6156
27.4960,0.0000,0.0000,0.1519,-0.1656,-0.0017,0.3306,-0.3719,-0.0039,0.2764,-0.3730,0.1084,0.2764,-0.4191,0.1080,0.3482,-0.4881,0.1076,0.3040,0.0000,0.0211,-0.0216,0.0026,0.0000,0.0000,0.1000,0.0266,0.0399,9.7887,11.6156
27.5040,0.0000,0.0000,0.1519,-0.1656,-0.0017,0.3306,-0.3718,-0.0039,0.2764,-0.3730,0.1084,0.2764,-0.4191,0.1079,0.3482,-0.4880,0.1076,0.3040,0.0000,0.0208,-0.0217,0.0026,0.0000,0.0000,0.1000,0.0266,0.0399,9.7888,11.6158
27.5120,0.0000,0.0000,0.1519,-0.1656,-0.0017,0.3306,-0.3718,-0.0039,0.2764,-0.3730,0.1084,0.2764,-0.4191,0.1080,0.3482,-0.4880,0.1076,0.3040,0.0000,0.0207,-0.0217,0.0026,0.0000,0.0000,0.1000,0.0266,0.0399,9.7893,11.6163
27.5200,0.0000,0.0000,0.1519,-0.1656,-0.0017,0.3306,-0.3718,-0.0039,0.2764,-0.3730,0.1084,0.2764,-0.4191,0.1080,0.3483,-0.4880,0.1076,0.3040,0.0000,0.0203,-0.0220,0.0025,0.0000,0.0000,0.1000,0.0266,0.0399,9.7892,11.6163
27.5280,0.0000,0.0000,0.1519,-0.1655,-0.0017,0.3307,-0.3718,-0.0039,0.2765,-0.3730,0.1084,0.2765,-0.4191,0.1080,0.3483,-0.4880,0.1076,0.3041,0.0000,0.0197,-0.0225,0.0023,0.0000,0.0000,0.1000,0.0266,0.0399,9.7894,11.6165
27.5360,0.0000,0.0000,0.1519,-0.1655,-0.0017,0.3307,-0.3718,-0.0039,0.2765,-0.3729,0.1084,0.2765,-0.4190,0.1079,0.3483,-0.4880,0.1076,0.3041,0.0000,0.0199,-0.0222,0.0024,0.0000,0.0000,0.1000,0.0266,0.0399,9.7897,11.6169
27.5440,0.0000,0.0000,0.1519,-0.1655,-0.0017,0.3307,-0.3717,-0.0039,0.2765,-0.3729,0.1084,0.2765,-0.4190,0.1080,0.3483,-0.4879,0.1076,0.3041,0.0000,0.0192,-0.0227,0.0022,0.0000,0.0000,0.1000,0.0266,0.0399,9.7900,11.6172
27.5520,0.0000,0.0000,0.1519,-0.1655,-0.0017,0.3307,-0.3717,-0.0039,0.2765,-0.3729,0.1084,0.2765,-0.4190,0.1080,0.3484,-0.4879,0.1076,0.3041,0.0000,0.0188,-0.0230,0.0021,0.0000,0.0000,0.1000,0.0266,0.0399,9.7900,11.6172
27.5600,0.0000,0.0000,0.1519,-0.1655,-0.0017,0.3307,-0.3717,-0.0039,0.2765,-0.3729,0.1084,0.2765,-0.4190,0.1080,0.3483,-0.4879,0.1076,0.3041,0.0000,0.0192,-0.0226,0.0022,0.0000,0.0000,0.1000,0.0266,0.0399,9.7904,11.6177
27.5680,0.0000,0.0000,0.1519,-0.1655,-0.0017,0.3307,-0.3717,-0.0039,0.2765,-0.3729,0.1084,0.2765,-0.4190,0.1079,0.3484,-0.4879,0.1076,0.3041,0.0000,0.0187,-0.0229,0.0021,0.0000,0.0000,0.1000,0.0266,0.0399,9.7905,11.6178
27.5760,0.0000,0.0000,0.1519,-0.1654,-0.0017,0.3308,-0.3717,-0.0039,0.2766,-0.3729,0.1084,0.2766,-0.4190,0.1080,0.3484,-0.4879,0.1076,0.3042,0.0000,0.0185,-0.0230,0.0020,0.0000,0.0000,0.1000,0.0266,0.0399,9.7908,11.6181
27.5840,0.0000,0.0000,0.1519,-0.1654,-0.0017,0.3308,-0.3717,-0.0039,0.2765,-0.3728,0.1084,0.2765,-0.4189,0.1080,0.3484,-0.4879,0.1076,0.3041,0.0000,0.0187,-0.0228,0.0021,0.0000,0.0000,0.1000,0.0266,0.0399,9.7910,11.6184
27.5920,0.0000,0.0000,0.1519,-0.1654,-0.0017,0.3308,-0.3716,-0.0039,0.2766,-0.3728,0.1084,0.2766,-0.4189,0.1080,0.3484,-0.4878,0.1076,0.3041,0.0000,0.0184,-0.0230,0.0020,0.0000,0.0000,0.1000,0.0266,0.0399,9.7913,11.6187
27.6000,0.0000,0.0000,0.1519,-0.1654,-0.0017,0.3308,-0.3716,-0.0039,0.2766,-0.3728,0.1084,0.2766,-0.4189,0.1080,0.3484,-0.4878,0.1076,0.3042,0.0000,0.0182,-0.0231,0.0020,0.0000,0.0000,0.1000,0.0266,0.0399,9.7913,11.6188
27.6080,0.0000,0.0000,0.1519,-0.1654,-0.0017,0.3308,-0.3716,-0.0039,0.2766,-0.3728,0.1084,0.2766,-0.4189,0.1079,0.3484,-0.4878,0.1076,0.3042,0.0000,0.0180,-0.0232,0.0019,0.0000,0.0000,0.1000,0.0266,0.0399,9.7916,11.6192
27.6160,0.0000,0.0000,0.1519,-0.1654,-0.0017,0.3308,-0.3716,-0.0039,0.2766,-0.3728,0.1084,0.2766,-0.4189,0.1079,0.3484,-0.4878,0.1076,0.3042,0.0000,0.0180,-0.0231,0.0019,0.0000,0.0000,0.1000,0.0266,0.0399,9.7917,11.6193
27.6240,0.0000,0.0000,0.1519,-0.1654,-0.0017,0.3308,-0.3716,-0.0039,0.2766,-0.3728,0.1084,0.2766,-0.4189,0.1080,0.3485,-0.4878,0.1076,0.3042,0.0000,0.0173,-0.0235,0.0018,0.0000,0.0000,0.1000,0.0266,0.0399,9.7920,11.6197
27.6320,0.0000,0.0000,0.1519,-0.1653,-0.0017,0.3308,-0.3716,-0.0039,0.2766,-0.3728,0.1084,0.2766,-0.4189,0.1080,0.3484,-0.4878,0.1076,0.3042,0.0000,0.0176,-0.0232,0.0019,0.0000,0.0000,0.1000,0.0266,0.0399,9.7922,11.6198
27.6400,0.0000,0.0000,0.1519,-0.1653,-0.0017,0.3309,-0.3715,-0.0039,0.2766,-0.3727,0.1084,0.2766,-0.4188,0.1080,0.3484,-0.4878,0.1076,0.3042,0.0000,0.0173,-0.0234,0.0018,0.0000,0.0000,0.1000,0.0266,0.0399,9.7925,11.6202
27.6480,0.0000,0.0000,0.1519,-0.1653,-0.0017,0.3309,-0.3715,-0.0039,0.2766,-0.3727,0.1084,0.2766,-0.4188,0.1080,0.3484,-0.4877,0.1076,0.3042,0.0000,0.0174,-0.0233,0.0018,0.0000,0.0000,0.1000,0.0266,0.0399,9.7926,11.6203
27.6560,0.0000,0.0000,0.1519,-0.1653,-0.0017,0.3309,-0.3715,-0.0039,0.2766,-0.3727,0.1084,0.2766,-0.4188,0.1080,0.3485,-0.4877,0.1076,0.3042,0.0000,0.0170,-0.0236,0.0017,0.0000,0.0000,0.1000,0.0266,0.0399,9.7928,11.6206
27.6640,0.0000,0.0000,0.1519,-0.1653,-0.0017,0.3309,-0.3715,-0.0039,0.2767,-0.3727,0.1084,0.2767,-0.4188,0.1079,0.3485,-0.4877,0.1076,0.3042,0.0000,0.0168,-0.0237,0.0017,0.0000,0.0000,0.1000,0.0266,0.0399,9.7929,11.6207
27.6720,0.0000,0.0000,0.1519,-0.1653,-0.0017,0.3309,-0.3715,-0.0039,0.2767,-0.3727,0.1084,0.2767,-0.4188,0.1080,0.3485,-0.4877,0.1076,0.3043,0.0000,0.0165,-0.0238,0.0016,0.0000,0.0000,0.1000,0.0266,0.0399,9.7932,11.6210
27.6800,0.0000,0.0000,0.1519,-0.1653,-0.0017,0.3309,-0.3715,-0.0039,0.2767,-0.3727,0.1084,0.2767,-0.4188,0.1079,0.3485,-0.4877,0.1076,0.3042,0.0000,0.0166,-0.0237,0.0016,0.0000,0.0000,0.1000,0.0266,0.0399,9.7934,11.6212
27.6880,0.0000,0.0000,0.1519,-0.1652,-0.0017,0.3309,-0.3715,-0.0039,0.2767,-0.3726,0.1085,0.2767,-0.4187,0.1080,0.3485,-0.4877,0.1077,0.3043,0.0000,0.0163,-0.0238,0.0016,0.0000,0.0000,0.1000,0.0266,0.0399,9.7937,11.6217
27.6960,0.0000,0.0000,0.1519,-0.1652,-0.0017,0.3310,-0.3714,-0.0039,0.2767,-0.3726,0.1084,0.2767,-0.4187,0.1080,0.3485,-0.4876,0.1076,0.3043,0.0000,0.0162,-0.0238,0.0015,0.0000,0.0000,0.1000,0.0266,0.0399,9.7939,11.6219
27.7040,0.0000,0.0000,0.1519,-0.1652,-0.0017,0.3310,-0.3714,-0.0039,0.2767,-0.3726,0.1084,0.2767,-0.4187,0.1080,0.3485,-0.4876,0.1076,0.3043,0.0000,0.0160,-0.0239,0.0015,0.0000,0.0000,0.1000,0.0266,0.0399,9.7941,11.6221
27.7120,0.0000,0.0000,0.1519,-0.1652,-0.0017,0.3310,-0.3714,-0.0039,0.2767,-0.3726,0.1084,0.2767,-0.4187,0.1080,0.3485,-0.4876,0.1076,0.3042,0.0000,0.0164,-0.0236,0.0016,0.0000,0.0000,0.1000,0.0266,0.0399,9.7943,11.6224
27.7200,0.0000,0.0000,0.1519,-0.1652,-0.0017,0.3310,-0.3714,-0.0039,0.2767,-0.3726,0.1084,0.2767,-0.4187,0.1079,0.3485,-0.4876,0.1076,0.3043,0.0000,0.0160,-0.0238,0.0015,0.0000,0.0000,0.1000,0.0266,0.0399,9.7944,11.6225
27.7280,0.0000,0.0000,0.1519,-0.1652,-0.0017,0.3310,-0.3714,-0.0039,0.2767,-0.3726,0.1085,0.2767,-0.4187,0.1080,0.3485,-0.4876,0.1077,0.3042,0.0000,0.0163,-0.0235,0.0016,0.0000,0.0000,0.1000,0.0266,0.0399,9.7947,11.6228
27.7360,0.0000,0.0000,0.1519,-0.1652,-0.0017,0.3310,-0.3714,-0.0039,0.2767,-0.3725,0.1084,0.2767,-0.4187,0.1080,0.3485,-0.4876,0.1076,0.3043,0.0000,0.0160,-0.0237,0.0015,0.0000,0.0000,0.1000,0.0266,0.0399,9.7950,11.6232
27.7440,0.0000,0.0000,0.1519,-0.1652,-0.0017,0.3310,-0.3714,-0.0039,0.2767,-0.3725,0.1084,0.2767,-0.4187,0.1080,0.3485,-0.4876,0.1076,0.3042,0.0000,0.0161,-0.0236,0.0015,0.0000,0.0000,0.1000,0.0266,0.0399,9.7950,11.6232
27.7520,0.0000,0.0000,0.1519,-0.1651,-0.0017,0.3310,-0.3713,-0.0039,0.2767,-0.3725,0.1085,0.2767,-0.4186,0.1080,0.3485,-0.4876,0.1077,0.3043,0.0000,0.0158,-0.0237,0.0015,0.0000,0.0000,0.1000,0.0266,0.0399,9.7953,11.6236
27.7600,0.0000,0.0000,0.1519,-0.1651,-0.0017,0.3310,-0.3713,-0.0039,0.2767,-0.3725,0.1084,0.2767,-0.4186,0.1080,0.3485,-0.4875,0.1076,0.3043,0.0000,0.0159,-0.0237,0.0015,0.0000,0.0000,0.1000,0.0266,0.0399,9.7953,11.6236
27.7680,0.0000,0.0000,0.1519,-0.1651,-0.0017,0.3311,-0.3713,-0.0039,0.2768,-0.3725,0.1085,0.2768,-0.4186,0.1080,0.3486,-0.4875,0.1077,0.3043,0.0000,0.0150,-0.0241,0.0013,0.0000,0.0000,0.1000,0.0266,0.0399,9.7956,11.6240
27.7760,0.0000,0.0000,0.1519,-0.1651,-0.0017,0.3311,-0.3713,-0.0039,0.2768,-0.3725,0.1084,0.2768,-0.4186,0.1080,0.3486,-0.4875,0.1076,0.3043,0.0000,0.0151,-0.0240,0.0013,0.0000,0.0000,0.1000,0.0266,0.0399,9.7957,11.6241
27.7840,0.0000,0.0000,0.1519,-0.1651,-0.0017,0.3311,-0.3713,-0.0039,0.2767,-0.3725,0.1084,0.2767,-0.4186,0.1079,0.3486,-0.4875,0.1076,0.3043,0.0000,0.0152,-0.0240,0.0013,0.0000,0.0000,0.1000,0.0266,0.0399,9.7957,11.6241
27.7920,0.0000,0.0000,0.1519,-0.1651,-0.0017,0.3311,-0.3713,-0.0039,0.2768,-0.3725,0.1084,0.2768,-0.4186,0.1080,0.3486,-0.4875,0.1076,0.3043,0.0000,0.0148,-0.0241,0.0012,0.0000,0.0000,0.1000,0.0266,0.0399,9.7961,11.6245
27.8000,0.0000,0.0000,0.1519,-0.1651,-0.0017,0.3311,-0.3713,-0.0039,0.2767,-0.3724,0.1084,0.2767,-0.4186,0.1080,0.3485,-0.4875,0.1076,0.3043,0.0000,0.0153,-0.0237,0.0014,0.0000,0.0000,0.1000,0.0266,0.0399,9.7963,11.6248
27.8080,0.0000,0.0000,0.1519,-0.1650,-0.0017,0.3311,-0.3712,-0.0039,0.2768,-0.3724,0.1084,0.2768,-0.4185,0.1080,0.3486,-0.4875,0.1076,0.3043,0.0000,0.0146,-0.0242,0.0012,0.0000,0.0000,0.1000,0.0266,0.0399,9.7965,11.6250
27.8160,0.0000,0.0000,0.1519,-0.1650,-0.0017,0.3311,-0.3712,-0.0039,0.2768,-0.3724,0.1085,0.2768,-0.4185,0.1080,0.3486,-0.4875,0.1076,0.3043,0.0000,0.0151,-0.0238,0.0013,0.0000,0.0000,0.1000,0.0266,0.0399,9.7967,11.6252
27.8240,0.0000,0.0000,0.1519,-0.1650,-0.0017,0.3311,-0.3712,-0.0039,0.2768,-0.3724,0.1085,0.2768,-0.4185,0.1080,0.3486,-0.4874,0.1077,0.3043,0.0000,0.0147,-0.0239,0.0012,0.0000,0.0000,0.1000,0.0266,0.0399,9.7970,11.6256
27.8320,0.0000,0.0000,0.1519,-0.1650,-0.0017,0.3312,-0.3712,-0.0039,0.2768,-0.3724,0.1084,0.2768,-0.4185,0.1080,0.3486,-0.4874,0.1076,0.3043,0.0000,0.0146,-0.0240,0.0012,0.0000,0.0000,0.1000,0.0266,0.0399,9.7971,11.6258
27.8400,0.0000,0.0000,0.1519,-0.1650,-0.0017,0.3312,-0.3712,-0.0039,0.2768,-0.3724,0.1085,0.2768,-0.4185,0.1080,0.3486,-0.4874,0.1076,0.3043,0.0000,0.0149,-0.0238,0.0013,0.0000,0.0000,0.1000,0.0266,0.0399,9.7973,11.6260
27.8480,0.0000,0.0000,0.1519,-0.1650,-0.0017,0.3312,-0.3712,-0.0039,0.2768,-0.3723,0.1084,0.2768,-0.4185,0.1080,0.3486,-0.4874,0.1076,0.3043,0.0000,0.0147,-0.0238,0.0012,0.0000,0.0000,0.1000,0.0266,0.0399,9.7976,11.6264
27.8560,0.0000,0.0000,0.1519,-0.1650,-0.0017,0.3312,-0.3712,-0.0039,0.2768,-0.3723,0.1084,0.2768,-0.4185,0.1080,0.3486,-0.4874,0.1076,0.3043,0.0000,0.0149,-0.0236,0.0013,0.0000,0.0000,0.1000,0.0266,0.0399,9.7977,11.6265
27.8640,0.0000,0.0000,0.1519,-0.1650,-0.0017,0.3312,-0.3711,-0.0039,0.2768,-0.3723,0.1085,0.2768,-0.4185,0.1080,0.3486,-0.4874,0.1077,0.3043,0.0000,0.0147,-0.0237,0.0012,0.0000,0.0000,0.1000,0.0266,0.0399,9.7981,11.6270
27.8720,0.0000,0.0000,0.1519,-0.1650,-0.0017,0.3312,-0.3711,-0.0039,0.2767,-0.3723,0.1084,0.2767,-0.4185,0.1080,0.3485,-0.4874,0.1076,0.3042,0.0000,0.0152,-0.0233,0.0014,0.0000,0.0000,0.1000,0.0266,0.0399,9.7982,11.6271
27.8800,0.0000,0.0000,0.1519,-0.1649,-0.0017,0.3312,-0.3711,-0.0039,0.2768,-0.3723,0.1084,0.2768,-0.4184,0.1080,0.3485,-0.4873,0.1076,0.3043,0.0000,0.0151,-0.0233,0.0013,0.0000,0.0000,0.1000,0.0266,0.0399,9.7985,11.6275
27.8880,0.0000,0.0000,0.1519,-0.1649,-0.0017,0.3312,-0.3711,-0.0039,0.2768,-0.3723,0.1084,0.2768,-0.4184,0.1080,0.3486,-0.4873,0.1076,0.3043,0.0000,0.0148,-0.0235,0.0013,0.0000,0.0000,0.1000,0.0266,0.0399,9.7986,11.6276
27.8960,0.0000,0.0000,0.1519,-0.1649,-0.0017,0.3312,-0.3711,-0.0039,0.2768,-0.3723,0.1084,0.2768,-0.4184,0.1080,0.3485,-0.4873,0.1076,0.3042,0.0000,0.0151,-0.0232,0.0014,0.0000,0.0000,0.1000,0.0266,0.0399,9.7988,11.6278
27.9040,0.0000,0.0000,0.1519,-0.1649,-0.0017,0.3313,-0.3711,-0.0039,0.2768,-0.3722,0.1084,0.2768,-0.4184,0.1080,0.3486,-0.4873,0.1076,0.3043,0.0000,0.0147,-0.0234,0.0012,0.0000,0.0000,0.1000,0.0266,0.0399,9.7991,11.6282
27.9120,0.0000,0.0000,0.1519,-0.1649,-0.0017,0.3313,-0.3711,-0.0039,0.2768,-0.3722,0.1085,0.2768,-0.4184,0.1080,0.3486,-0.4873,0.1076,0.3043,0.0000,0.0148,-0.0233,0.0013,0.0000,0.0000,0.1000,0.0266,0.0399,9.7992,11.6283
27.9200,0.0000,0.0000,0.1519,-0.1649,-0.0017,0.3313,-0.3710,-0.0039,0.2768,-0.3722,0.1084,0.2768,-0.4184,0.1080,0.3486,-0.4873,0.1076,0.3043,0.0000,0.0145,-0.0234,0.0012,0.0000,0.0000,0.1000,0.0266,0.0399,9.7995,11.6286
27.9280,0.0000,0.0000,0.1519,-0.1649,-0.0017,0.3313,-0.3710,-0.0039,0.2768,-0.3722,0.1085,0.2768,-0.4184,0.1080,0.3486,-0.4873,0.1076,0.3043,0.0000,0.0144,-0.0235,0.0012,0.0000,0.0000,0.1000,0.0266,0.0399,9.7996,11.6288
27.9360,0.0000,0.0000,0.1519,-0.1649,-0.0017,0.3313,-0.3710,-0.0039,0.2768,-0.3722,0.1085,0.2768,-0.4184,0.1080,0.3486,-0.4872,0.1077,0.3043,0.0000,0.0146,-0.0233,0.0012,0.0000,0.0000,0.1000,0.0266,0.0399,9.7998,11.6291
27.9440,0.0000,0.0000,0.1519,-0.1648,-0.0017,0.3313,-0.3710,-0.0039,0.2768,-0.3722,0.1084,0.2768,-0.4183,0.1080,0.3486,-0.4872,0.1076,0.3043,0.0000,0.0141,-0.0236,0.0011,0.0000,0.0000,0.1000,0.0266,0.0399,9.8000,11.6292
27.9520,0.0000,0.0000,0.1519,-0.1648,-0.0017,0.3313,-0.3710,-0.0039,0.2768,-0.3722,0.1085,0.2768,-0.4183,0.1080,0.3486,-0.4872,0.1076,0.3043,0.0000,0.0141,-0.0235,0.0011,0.0000,0.0000,0.1000,0.0266,0.0399,9.8002,11.6295
27.9600,0.0000,0.0000,0.1519,-0.1648,-0.0017,0.3313,-0.3710,-0.0039,0.2768,-0.3721,0.1084,0.2768,-0.4183,0.1080,0.3486,-0.4872,0.1076,0.3043,0.0000,0.0142,-0.0234,0.0012,0.0000,0.0000,0.1000,0.0266,0.0399,9.8004,11.6298
27.9680,0.0000,0.0000,0.1519,-0.1648,-0.0017,0.3314,-0.3710,-0.0039,0.2768,-0.3721,0.1084,0.2768,-0.4183,0.1080,0.3486,-0.4872,0.1076,0.3043,0.0000,0.0139,-0.0236,0.0011,0.0000,0.0000,0.1000,0.0266,0.0399,9.8005,11.6299
27.9760,0.0000,0.0000,0.1519,-0.1648,-0.0017,0.3314,-0.3709,-0.0039,0.2768,-0.3721,0.1084,0.2768,-0.4183,0.1080,0.3486,-0.4872,0.1076,0.3043,0.0000,0.0138,-0.0235,0.0011,0.0000,0.0000,0.1000,0.0266,0.0399,9.8008,11.6302
27.9840,0.0000,0.0000,0.1519,-0.1648,-0.0017,0.3314,-0.3709,-0.0039,0.2768,-0.3721,0.1084,0.2768,-0.4183,0.1080,0.3486,-0.4872,0.1076,0.3043,0.0000,0.0137,-0.0236,0.0010,0.0000,0.0000,0.1000,0.0266,0.0399,9.8009,11.6304
27.9920,0.0000,0.0000,0.1519,-0.1648,-0.0017,0.3314,-0.3709,-0.0039,0.2768,-0.3721,0.1084,0.2768,-0.4183,0.1080,0.3486,-0.4871,0.1076,0.3043,0.0000,0.0136,-0.0236,0.0010,0.0000,0.0000,0.1000,0.0266,0.0399,9.8012,11.6307
28.0000,0.0000,0.0000,0.1519,-0.1648,-0.0017,0.3314,-0.3709,-0.0039,0.2768,-0.3721,0.1085,0.2768,-0.4183,0.1080,0.3486,-0.4871,0.1076,0.3043,0.0000,0.0138,-0.0234,0.0011,0.0000,0.0000,0.1000,0.0266,0.0399,9.8014,11.6309
28.0080,0.0000,0.0000,0.1519,-0.1647,-0.0017,0.3314,-0.3709,-0.0039,0.2769,-0.3721,0.1084,0.2769,-0.4182,0.1080,0.3486,-0.4871,0.1076,0.3043,0.0000,0.0136,-0.0235,0.0010,0.0000,0.0000,0.1000,0.0266,0.0399,9.8016,11.6312
28.0160,0.0000,0.0000,0.1519,-0.1647,-0.0017,0.3314,-0.3709,-0.0039,0.2768,-0.3721,0.1085,0.2768,-0.4183,0.1080,0.3486,-0.4871,0.1076,0.3043,0.0000,0.0141,-0.0231,0.0012,0.0000,0.0000,0.1000,0.0266,0.0399,9.8018,11.6314
28.0240,0.0000,0.0000,0.1519,-0.1647,-0.0017,0.3314,-0.3709,-0.0039,0.2769,-0.3720,0.1085,0.2769,-0.4182,0.1080,0.3486,-0.4871,0.1076,0.3043,0.0000,0.0134,-0.0235,0.0010,0.0000,0.0000,0.1000,0.0266,0.0399,9.8019,11.6316
28.0320,0.0000,0.0000,0.1519,-0.1647,-0.0017,0.3314,-0.3708,-0.0039,0.2768,-0.3720,0.1084,0.2768,-0.4182,0.1080,0.3486,-0.4871,0.1076,0.3043,0.0000,0.0138,-0.0232,0.0011,0.0000,0.0000,0.1000,0.0266,0.0399,9.8021,11.6319
28.0400,0.0000,0.0000,0.1519,-0.1647,-0.0017,0.3314,-0.3708,-0.0039,0.2768,-0.3720,0.1084,0.2768,-0.4182,0.1080,0.3486,-0.4871,0.1076,0.3043,0.0000,0.0138,-0.0231,0.0011,0.0000,0.0000,0.1000,0.0266,0.0399,9.8024,11.6321
28.0480,0.0000,0.0000,0.1519,-0.1647,-0.0017,0.3315,-0.3708,-0.0039,0.2768,-0.3720,0.1084,0.2768,-0.4182,0.1080,0.3486,-0.4871,0.1076,0.3043,0.0000,0.0138,-0.0231,0.0011,0.0000,0.0000,0.1000,0.0266,0.0399,9.8026,11.6324
28.0560,0.0000,0.0000,0.1519,-0.1647,-0.0017,0.3315,-0.3708,-0.0039,0.2769,-0.3720,0.1084,0.2769,-0.4182,0.1080,0.3486,-0.4871,0.1076,0.3043,0.0000,0.0136,-0.0232,0.0010,0.0000,0.0000,0.1000,0.0266,0.0399,9.8026,11.6324
28.0640,0.0000,0.0000,0.1519,-0.1647,-0.0017,0.3315,-0.3708,-0.0039,0.2769,-0.3720,0.1084,0.2769,-0.4182,0.1079,0.3486,-0.4870,0.1076,0.3043,0.0000,0.0133,-0.0233,0.0010,0.0000,0.0000,0.1000,0.0266,0.0399,9.8029,11.6328
28.0720,0.0000,0.0000,0.1519,-0.1647,-0.0017,0.3315,-0.3708,-0.0039,0.2768,-0.3720,0.1085,0.2768,-0.4182,0.1080,0.3486,-0.4870,0.1077,0.3043,0.0000,0.0135,-0.0231,0.0010,0.0000,0.0000,0.1000,0.0266,0.0399,9.8031,11.6330
28.0800,0.0000,0.0000,0.1519,-0.1646,-0.0017,0.3315,-0.3708,-0.0039,0.2769,-0.3719,0.1085,0.2769,-0.4181,0.1080,0.3486,-0.4870,0.1076,0.3043,0.0000,0.0134,-0.0232,0.0010,0.0000,0.0000,0.1000,0.0266,0.0399,9.8034,11.6333
28.0880,0.0000,0.0000,0.1519,-0.1646,-0.0017,0.3315,-0.3707,-0.0039,0.2769,-0.3719,0.1084,0.2769,-0.4181,0.1080,0.3486,-0.4870,0.1076,0.3043,0.0000,0.0134,-0.0230,0.0010,0.0000,0.0000,0.1000,0.0266,0.0399,9.8036,11.6336
28.0960,0.0000,0.0000,0.1519,-0.1646,-0.0017,0.3315,-0.3707,-0.0039,0.2769,-0.3719,0.1085,0.2769,-0.4181,0.1080,0.3486,-0.4870,0.1076,0.3043,0.0000,0.0135,-0.0230,0.0010,0.0000,0.0000,0.1000,0.0266,0.0399,9.8036,11.6337
28.1040,0.0000,0.0000,0.1519,-0.1646,-0.0017,0.3315,-0.3707,-0.0039,0.2769,-0.3719,0.1085,0.2769,-0.4181,0.1080,0.3486,-0.4870,0.1076,0.3043,0.0000,0.0134,-0.0229,0.0010,0.0000,0.0000,0.1000,0.0266,0.0399,9.8040,11.6341
28.1120,0.0000,0.0000,0.1519,-0.1646,-0.0017,0.3315,-0.3707,-0.0039,0.2768,-0.3719,0.1084,0.2768,-0.4181,0.1080,0.3486,-0.4870,0.1076,0.3042,0.0000,0.0137,-0.0227,0.0011,0.0000,0.0000,0.1000,0.0266,0.0399,9.8041,11.6342
28.1200,0.0000,0.0000,0.1519,-0.1646,-0.0017,0.3315,-0.3707,-0.0039,0.2768,-0.3719,0.1084,0.2768,-0.4181,0.1080,0.3486,-0.4869,0.1076,0.3042,0.0000,0.0138,-0.0226,0.0011,0.0000,0.0000,0.1000,0.0266,0.0399,9.8044,11.6346
28.1280,0.0000,0.0000,0.1519,-0.1646,-0.0017,0.3316,-0.3707,-0.0039,0.2769,-0.3719,0.1084,0.2769,-0.4181,0.1080,0.3486,-0.4869,0.1076,0.3043,0.0000,0.0133,-0.0229,0.0010,0.0000,0.0000,0.1000,0.0266,0.0399,9.8044,11.6346
28.1360,0.0000,0.0000,0.1519,-0.1646,-0.0017,0.3316,-0.3707,-0.0039,0.2768,-0.3718,0.1084,0.2768,-0.4181,0.1079,0.3486,-0.4869,0.1076,0.3042,0.0000,0.0136,-0.0226,0.0011,0.0000,0.0000,0.1000,0.0266,0.0399,9.8047,11.6350
28.1440,0.0000,0.0000,0.1519,-0.1646,-0.0017,0.3316,-0.3707,-0.0039,0.2769,-0.3718,0.1084,0.2769,-0.4181,0.1080,0.3486,-0.4869,0.1076,0.3042,0.0000,0.0135,-0.0227,0.0010,0.0000,0.0000,0.1000,0.0266,0.0399,9.8049,11.6352
28.1520,0.0000,0.0000,0.1519,-0.1645,-0.0017,0.3316,-0.3706,-0.0039,0.2769,-0.3718,0.1084,0.2769,-0.4181,0.1079,0.3486,-0.4869,0.1076,0.3042,0.0000,0.0135,-0.0227,0.0010,0.0000,0.0000,0.1000,0.0266,0.0399,9.8050,11.6353
28.1600,0.0000,0.0000,0.1519,-0.1645,-0.0017,0.3316,-0.3706,-0.0039,0.2768,-0.3718,0.1084,0.2768,-0.4181,0.1080,0.3486,-0.4869,0.1076,0.3042,0.0000,0.0137,-0.0224,0.0011,0.0000,0.0000,0.1000,0.0266,0.0399,9.8053,11.6356
28.1680,0.0000,0.0000,0.1519,-0.1645,-0.0017,0.3316,-0.3706,-0.0039,0.2768,-0.3718,0.1085,0.2768,-0.4181,0.1080,0.3486,-0.4869,0.1077,0.3042,0.0000,0.0140,-0.0222,0.0012,0.0000,0.0000,0.1000,0.0266,0.0399,9.8055,11.6359
28.1760,0.0000,0.0000,0.1519,-0.1645,-0.0017,0.3316,-0.3706,-0.0039,0.2769,-0.3718,0.1084,0.2769,-0.4180,0.1080,0.3486,-0.4869,0.1076,0.3042,0.0000,0.0134,-0.0226,0.0010,0.0000,0.0000,0.1000,0.0266,0.0399,9.8055,11.6359
28.1840,0.0000,0.0000,0.1519,-0.1645,-0.0017,0.3316,-0.3706,-0.0039,0.2769,-0.3718,0.1084,0.2769,-0.4180,0.1079,0.3486,-0.4869,0.1076,0.3042,0.0000,0.0135,-0.0224,0.0011,0.0000,0.0000,0.1000,0.0266,0.0399,9.8058,11.6363
28.1920,0.0000,0.0000,0.1519,-0.1645,-0.0017,0.3316,-0.3706,-0.0039,0.2769,-0.3718,0.1085,0.2769,-0.4180,0.1080,0.3486,-0.4868,0.1077,0.3042,0.0000,0.0134,-0.0224,0.0010,0.0000,0.0000,0.1000,0.0266,0.0399,9.8060,11.6365
28.2000,0.0000,0.0000,0.1519,-0.1645,-0.0017,0.3316,-0.3706,-0.0039,0.2769,-0.3717,0.1085,0.2769,-0.4180,0.1080,0.3486,-0.4868,0.1076,0.3042,0.0000,0.0133,-0.0224,0.0010,0.0000,0.0000,0.1000,0.0266,0.0399,9.8063,11.6368
28.2080,0.0000,0.0000,0.1519,-0.1645,-0.0017,0.3316,-0.3706,-0.0039,0.2769,-0.3717,0.1085,0.2769,-0.4180,0.1080,0.3486,-0.4868,0.1076,0.3042,0.0000,0.0134,-0.0223,0.0011,0.0000,0.0000,0.1000,0.0266,0.0399,9.8063,11.6369
28.2160,0.0000,0.0000,0.1519,-0.1645,-0.0017,0.3317,-0.3705,-0.0039,0.2769,-0.3717,0.1085,0.2769,-0.4180,0.1080,0.3486,-0.4868,0.1076,0.3042,0.0000,0.0135,-0.0222,0.0011,0.0000,0.0000,0.1000,0.0266,0.0399,9.8066,11.6372
28.2240,0.0000,0.0000,0.1519,-0.1645,-0.0017,0.3317,-0.3705,-0.0039,0.2769,-0.3717,0.1084,0.2769,-0.4180,0.1080,0.3486,-0.4868,0.1076,0.3042,0.0000,0.0136,-0.0221,0.0011,0.0000,0.0000,0.1000,0.0266,0.0399,9.8068,11.6375
28.2320,0.0000,0.0000,0.1519,-0.1644,-0.0017,0.3317,-0.3705,-0.0039,0.2768,-0.3717,0.1084,0.2768,-0.4180,0.1080,0.3486,-0.4868,0.1076,0.3042,0.0000,0.0139,-0.0219,0.0012,0.0000,0.0000,0.1000,0.0266,0.0399,9.8070,11.6377
28.2400,0.0000,0.0000,0.1519,-0.1644,-0.0017,0.3317,-0.3705,-0.0039,0.2769,-0.3717,0.1085,0.2769,-0.4179,0.1080,0.3486,-0.4868,0.1076,0.3042,0.0000,0.0134,-0.0221,0.0011,0.0000,0.0000,0.1000,0.0266,0.0399,9.8073,11.6381
28.2480,0.0000,0.0000,0.1519,-0.1644,-0.0017,0.3317,-0.3705,-0.0039,0.2768,-0.3717,0.1085,0.2768,-0.4179,0.1080,0.3486,-0.4868,0.1076,0.3041,0.0000,0.0139,-0.0217,0.0012,0.0000,0.0000,0.1000,0.0266,0.0399,9.8075,11.6383
28.2560,0.0000,0.0000,0.1519,-0.1644,-0.0017,0.3317,-0.3705,-0.0039,0.2769,-0.3716,0.1085,0.2769,-0.4179,0.1080,0.3486,-0.4867,0.1076,0.3042,0.0000,0.0137,-0.0218,0.0011,0.0000,0.0000,0.1000,0.0266,0.0399,9.8077,11.6385
28.2640,0.0000,0.0000,0.1519,-0.1644,-0.0017,0.3317,-0.3705,-0.0039,0.2768,-0.3716,0.1084,0.2768,-0.4179,0.1080,0.3485,-0.4867,0.1076,0.3041,0.0000,0.0140,-0.0215,0.0012,0.0000,0.0000,0.1000,0.0266,0.0399,9.8078,11.6387
28.2720,0.0000,0.0000,0.1519,-0.1644,-0.0017,0.3317,-0.3704,-0.0039,0.2769,-0.3716,0.1085,0.2769,-0.4179,0.1080,0.3486,-0.4867,0.1076,0.3042,0.0000,0.0136,-0.0218,0.0011,0.0000,0.0000,0.1000,0.0266,0.0399,9.8080,11.6389
28.2800,0.0000,0.0000,0.1519,-0.1644,-0.0017,0.3317,-0.3704,-0.0039,0.2769,-0.3716,0.1085,0.2769,-0.4179,0.1080,0.3486,-0.4867,0.1076,0.3041,0.0000,0.0136,-0.0217,0.0011,0.0000,0.0000,0.1000,0.0266,0.0399,9.8082,11.6392
28.2880,0.0000,0.0000,0.1519,-0.1644,-0.0017,0.3318,-0.3704,-0.0039,0.2769,-0.3716,0.1084,0.2769,-0.4179,0.1080,0.3486,-0.4867,0.1076,0.3042,0.0000,0.0132,-0.0220,0.0010,0.0000,0.0000,0.1000,0.0266,0.0399,9.8083,11.6392
28.2960,0.0000,0.0000,0.1519,-0.1643,-0.0017,0.3318,-0.3704,-0.0039,0.2769,-0.3716,0.1084,0.2769,-0.4179,0.1080,0.3486,-0.4867,0.1076,0.3042,0.0000,0.0131,-0.0220,0.0010,0.0000,0.0000,0.1000,0.0266,0.0399,9.8085,11.6395
28.3040,0.0000,0.0000,0.1519,-0.1643,-0.0017,0.3318,-0.3704,-0.0039,0.2769,-0.3716,0.1085,0.2769,-0.4179,0.1080,0.3486,-0.4867,0.1076,0.3042,0.0000,0.0129,-0.0221,0.0010,0.0000,0.0000,0.1000,0.0266,0.0399,9.8086,11.6396
28.3120,0.0000,0.0000,0.1519,-0.1643,-0.0017,0.3318,-0.3704,-0.0039,0.2769,-0.3716,0.1084,0.2769,-0.4179,0.1080,0.3486,-0.4867,0.1076,0.3042,0.0000,0.0131,-0.0219,0.0010,0.0000,0.0000,0.1000,0.0266,0.0399,9.8089,11.6400
28.3200,0.0000,0.0000,0.1519,-0.1643,-0.0017,0.3318,-0.3704,-0.0039,0.2769,-0.3716,0.1084,0.2769,-0.4178,0.1080,0.3486,-0.4867,0.1076,0.3042,0.0000,0.0130,-0.0219,0.0010,0.0000,0.0000,0.1000,0.0266,0.0399,9.8089,11.6400
28.3280,0.0000,0.0000,0.1519,-0.1643,-0.0017,0.3318,-0.3704,-0.0039,0.2769,-0.3715,0.1084,0.2769,-0.4178,0.1080,0.3486,-0.4866,0.1076,0.3042,0.0000,0.0127,-0.0221,0.0009,0.0000,0.0000,0.1000,0.0266,0.0399,9.8092,11.6403
28.3360,0.0000,0.0000,0.1519,-0.1643,-0.0017,0.3318,-0.3703,-0.0039,0.2769,-0.3715,0.1085,0.2769,-0.4178,0.1080,0.3486,-0.4866,0.1077,0.3042,0.0000,0.0126,-0.0220,0.0009,0.0000,0.0000,0.1000,0.0266,0.0399,9.8094,11.6407
28.3440,0.0000,0.0000,0.1519,-0.1643,-0.0017,0.3318,-0.3703,-0.0039,0.2769,-0.3715,0.1084,0.2769,-0.4178,0.1080,0.3486,-0.4866,0.1076,0.3042,0.0000,0.0124,-0.0222,0.0008,0.0000,0.0000,0.1000,0.0266,0.0399,9.8094,11.6407
28.3520,0.0000,0.0000,0.1519,-0.1643,-0.0017,0.3318,-0.3703,-0.0039,0.2769,-0.3715,0.1084,0.2769,-0.4178,0.1079,0.3486,-0.4866,0.1076,0.3042,0.0000,0.0128,-0.0219,0.0010,0.0000,0.0000,0.1000,0.0266,0.0399,9.8096,11.6408
28.3600,0.0000,0.0000,0.1519,-0.1643,-0.0017,0.3318,-0.3703,-0.0039,0.2769,-0.3715,0.1085,0.2769,-0.4178,0.1080,0.3486,-0.4866,0.1076,0.3042,0.0000,0.0126,-0.0219,0.0009,0.0000,0.0000,0.1000,0.0266,0.0399,9.8099,11.6412
28.3680,0.0000,0.0000,0.1519,-0.1642,-0.0017,0.3319,-0.3703,-0.0039,0.2770,-0.3715,0.1084,0.2770,-0.4178,0.1080,0.3487,-0.4866,0.1076,0.3042,0.0000,0.0121,-0.0221,0.0008,0.0000,0.0000,0.1000,0.0266,0.0399,9.8101,11.6415
28.3760,0.0000,0.0000,0.1519,-0.1642,-0.0017,0.3319,-0.3703,-0.0039,0.2769,-0.3715,0.1085,0.2769,-0.4178,0.1080,0.3486,-0.4866,0.1077,0.3042,0.0000,0.0125,-0.0219,0.0009,0.0000,0.0000,0.1000,0.0266,0.0399,9.8103,11.6417
28.3840,0.0000,0.0000,0.1519,-0.1642,-0.0017,0.3319,-0.3703,-0.0039,0.2769,-0.3714,0.1085,0.2769,-0.4177,0.1080,0.3486,-0.4865,0.1077,0.3042,0.0000,0.0125,-0.0218,0.0009,0.0000,0.0000,0.1000,0.0266,0.0399,9.8106,11.6421
28.3920,0.0000,0.0000,0.1519,-0.1642,-0.0017,0.3319,-0.3703,-0.0039,0.2769,-0.3714,0.1085,0.2769,-0.4177,0.1080,0.3486,-0.4865,0.1077,0.3042,0.0000,0.0125,-0.0217,0.0009,0.0000,0.0000,0.1000,0.0266,0.0399,9.8107,11.6422
28.4000,0.0000,0.0000,0.1519,-0.1642,-0.0017,0.3319,-0.3702,-0.0039,0.2769,-0.3714,0.1085,0.2769,-0.4177,0.1080,0.3486,-0.4865,0.1077,0.3042,0.0000,0.0122,-0.0219,0.0008,0.0000,0.0000,0.1000,0.0266,0.0399,9.8109,11.6424
28.4080,0.0000,0.0000,0.1519,-0.1642,-0.0017,0.3319,-0.3702,-0.0039,0.2769,-0.3714,0.1085,0.2769,-0.4177,0.1080,0.3486,-0.4865,0.1076,0.3042,0.0000,0.0127,-0.0216,0.0009,0.0000,0.0000,0.1000,0.0266,0.0399,9.8111,11.6427
28.4160,0.0000,0.0000,0.1519,-0.1642,-0.0017,0.3319,-0.3702,-0.0039,0.2769,-0.3714,0.1084,0.2769,-0.4177,0.1080,0.3486,-0.4865,0.1076,0.3042,0.0000,0.0125,-0.0216,0.0009,0.0000,0.0000,0.1000,0.0266,0.0399,9.8113,11.6429
28.4240,0.0000,0.0000,0.1519,-0.1642,-0.0017,0.3319,-0.3702,-0.0039,0.2769,-0.3714,0.1084,0.2769,-0.4177,0.1080,0.3486,-0.4865,0.1076,0.3042,0.0000,0.0123,-0.0217,0.0009,0.0000,0.0000,0.1000,0.0266,0.0399,9.8114,11.6431
28.4320,0.0000,0.0000,0.1519,-0.1642,-0.0017,0.3319,-0.3702,-0.0039,0.2769,-0.3714,0.1085,0.2769,-0.4177,0.1080,0.3486,-0.4865,0.1077,0.3042,0.0000,0.0125,-0.0215,0.0009,0.0000,0.0000,0.1000,0.0266,0.0399,9.8117,11.6434
28.4400,0.0000,0.0000,0.1519,-0.1641,-0.0017,0.3320,-0.3702,-0.0039,0.2770,-0.3713,0.1085,0.2770,-0.4177,0.1080,0.3486,-0.4864,0.1077,0.3042,0.0000,0.0119,-0.0218,0.0008,0.0000,0.0000,0.1000,0.0266,0.0399,9.8120,11.6438
28.4480,0.0000,0.0000,0.1519,-0.1641,-0.0017,0.3320,-0.3702,-0.0039,0.2769,-0.3713,0.1085,0.2769,-0.4177,0.1080,0.3486,-0.4865,0.1076,0.3042,0.0000,0.0122,-0.0216,0.0008,0.0000,0.0000,0.1000,0.0266,0.0399,9.8119,11.6437
28.4560,0.0000,0.0000,0.1519,-0.1641,-0.0017,0.3320,-0.3701,-0.0039,0.2770,-0.3713,0.1085,0.2770,-0.4177,0.1080,0.3486,-0.4864,0.1076,0.3042,0.0000,0.0121,-0.0216,0.0008,0.0000,0.0000,0.1000,0.0266,0.0399,9.8122,11.6440
28.4640,0.0000,0.0000,0.1519,-0.1641,-0.0017,0.3320,-0.3701,-0.0039,0.2769,-0.3713,0.1084,0.2769,-0.4176,0.1080,0.3486,-0.4864,0.1076,0.3042,0.0000,0.0121,-0.0216,0.0008,0.0000,0.0000,0.1000,0.0266,0.0399,9.8123,11.6442
28.4720,0.0000,0.0000,0.1519,-0.1641,-0.0017,0.3320,-0.3701,-0.0039,0.2770,-0.3713,0.1085,0.2770,-0.4176,0.1080,0.3487,-0.4864,0.1076,0.3042,0.0000,0.0118,-0.0217,0.0007,0.0000,0.0000,0.1000,0.0266,0.0399,9.8125,11.6443
28.4800,0.0000,0.0000,0.1519,-0.1641,-0.0017,0.3320,-0.3701,-0.0039,0.2770,-0.3713,0.1085,0.2770,-0.4176,0.1080,0.3486,-0.4864,0.1076,0.3042,0.0000,0.0120,-0.0215,0.0008,0.0000,0.0000,0.1000,0.0266,0.0399,9.8127,11.6447
28.4880,0.0000,0.0000,0.1519,-0.1641,-0.0017,0.3320,-0.3701,-0.0039,0.2770,-0.3713,0.1085,0.2770,-0.4176,0.1080,0.3486,-0.4864,0.1076,0.3042,0.0000,0.0121,-0.0215,0.0008,0.0000,0.0000,0.1000,0.0266,0.0399,9.8128,11.6448
28.4960,0.0000,0.0000,0.1519,-0.1641,-0.0017,0.3320,-0.3701,-0.0039,0.2770,-0.3713,0.1085,0.2770,-0.4176,0.1080,0.3487,-0.4864,0.1076,0.3042,0.0000,0.0115,-0.0217,0.0007,0.0000,0.0000,0.1000,0.0266,0.0399,9.8131,11.6451
28.5040,0.0000,0.0000,0.1519,-0.1641,-0.0017,0.3320,-0.3701,-0.0039,0.2770,-0.3712,0.1085,0.2770,-0.4176,0.1080,0.3486,-0.4864,0.1077,0.3042,0.0000,0.0119,-0.0215,0.0008,0.0000,0.0000,0.1000,0.0266,0.0399,9.8133,11.6454
28.5120,0.0000,0.0000,0.1519,-0.1640,-0.0017,0.3320,-0.3701,-0.0039,0.2770,-0.3712,0.1084,0.2770,-0.4176,0.1080,0.3486,-0.4864,0.1076,0.3042,0.0000,0.0117,-0.0215,0.0008,0.0000,0.0000,0.1000,0.0266,0.0399,9.8135,11.6455
28.5200,0.0000,0.0000,0.1519,-0.1640,-0.0017,0.3320,-0.3700,-0.0039,0.2770,-0.3712,0.1085,0.2770,-0.4176,0.1080,0.3486,-0.4863,0.1076,0.3042,0.0000,0.0118,-0.0214,0.0008,0.0000,0.0000,0.1000,0.0266,0.0399,9.8136,11.6457
28.5280,0.0000,0.0000,0.1519,-0.1640,-0.0017,0.3321,-0.3700,-0.0039,0.2770,-0.3712,0.1085,0.2770,-0.4175,0.1080,0.3487,-0.4863,0.1076,0.3042,0.0000,0.0113,-0.0217,0.0006,0.0000,0.0000,0.1000,0.0266,0.0399,9.8139,11.6460
28.5360,0.0000,0.0000,0.1519,-0.1640,-0.0017,0.3321,-0.3700,-0.0039,0.2770,-0.3712,0.1084,0.2770,-0.4175,0.1080,0.3487,-0.4863,0.1076,0.3042,0.0000,0.0116,-0.0214,0.0007,0.0000,0.0000,0.1000,0.0266,0.0399,9.8141,11.6463
28.5440,0.0000,0.0000,0.1519,-0.1640,-0.0017,0.3321,-0.3700,-0.0039,0.2770,-0.3712,0.1085,0.2770,-0.4175,0.1080,0.3486,-0.4863,0.1076,0.3042,0.0000,0.0118,-0.0213,0.0008,0.0000,0.0000,0.1000,0.0266,0.0399,9.8142,11.6464
28.5520,0.0000,0.0000,0.1519,-0.1640,-0.0017,0.3321,-0.3700,-0.0039,0.2770,-0.3712,0.1085,0.2770,-0.4175,0.1080,0.3486,-0.4863,0.1076,0.3042,0.0000,0.0117,-0.0213,0.0008,0.0000,0.0000,0.1000,0.0266,0.0399,9.8146,11.6469
28.5600,0.0000,0.0000,0.1519,-0.1640,-0.0017,0.3321,-0.3700,-0.0039,0.2770,-0.3712,0.1084,0.2770,-0.4175,0.1080,0.3486,-0.4863,0.1076,0.3041,0.0000,0.0119,-0.0211,0.0008,0.0000,0.0000,0.1000,0.0266,0.0399,9.8146,11.6470
28.5680,0.0000,0.0000,0.1519,-0.1640,-0.0017,0.3321,-0.3700,-0.0039,0.2770,-0.3711,0.1085,0.2770,-0.4175,0.1080,0.3487,-0.4863,0.1076,0.3042,0.0000,0.0115,-0.0213,0.0007,0.0000,0.0000,0.1000,0.0266,0.0399,9.8149,11.6472
28.5760,0.0000,0.0000,0.1519,-0.1640,-0.0017,0.3321,-0.3699,-0.0039,0.2770,-0.3711,0.1084,0.2770,-0.4175,0.1080,0.3486,-0.4863,0.1076,0.3041,0.0000,0.0118,-0.0211,0.0008,0.0000,0.0000,0.1000,0.0266,0.0399,9.8150,11.6474
28.5840,0.0000,0.0000,0.1519,-0.1640,-0.0017,0.3321,-0.3699,-0.0039,0.2770,-0.3711,0.1085,0.2770,-0.4175,0.1080,0.3486,-0.4862,0.1076,0.3041,0.0000,0.0119,-0.0210,0.0008,0.0000,0.0000,0.1000,0.0266,0.0399,9.8152,11.6476
28.5920,0.0000,0.0000,0.1519,-0.1639,-0.0017,0.3321,-0.3699,-0.0039,0.2770,-0.3711,0.1085,0.2770,-0.4175,0.1080,0.3487,-0.4862,0.1076,0.3042,0.0000,0.0113,-0.0212,0.0007,0.0000,0.0000,0.1000,0.0266,0.0399,9.8154,11.6479
28.6000,0.0000,0.0000,0.1519,-0.1639,-0.0017,0.3321,-0.3699,-0.0039,0.2770,-0.3711,0.1085,0.2770,-0.4175,0.1080,0.3487,-0.4862,0.1076,0.3042,0.0000,0.0114,-0.0212,0.0007,0.0000,0.0000,0.1000,0.0266,0.0399,9.8155,11.6480
28.6080,0.0000,0.0000,0.1519,-0.1639,-0.0017,0.3322,-0.3699,-0.0039,0.2770,-0.3711,0.1085,0.2770,-0.4174,0.1080,0.3487,-0.4862,0.1077,0.3042,0.0000,0.0110,-0.0213,0.0006,0.0000,0.0000,0.1000,0.0266,0.0399,9.8159,11.6484
28.6160,0.0000,0.0000,0.1519,-0.1639,-0.0017,0.3322,-0.3699,-0.0039,0.2770,-0.3711,0.1085,0.2770,-0.4174,0.1080,0.3487,-0.4862,0.1076,0.3042,0.0000,0.0114,-0.0211,0.0007,0.0000,0.0000,0.1000,0.0266,0.0399,9.8158,11.6484
28.6240,0.0000,0.0000,0.1519,-0.1639,-0.0017,0.3322,-0.3699,-0.0039,0.2770,-0.3710,0.1084,0.2770,-0.4174,0.1080,0.3487,-0.4862,0.1076,0.3042,0.0000,0.0108,-0.0214,0.0006,0.0000,0.0000,0.1000,0.0266,0.0399,9.8161,11.6488
28.6320,0.0000,0.0000,0.1519,-0.1639,-0.0017,0.3322,-0.3699,-0.0039,0.2770,-0.3710,0.1085,0.2770,-0.4174,0.1080,0.3487,-0.4862,0.1076,0.3042,0.0000,0.0112,-0.0211,0.0007,0.0000,0.0000,0.1000,0.0266,0.0399,9.8163,11.6490
28.6400,0.0000,0.0000,0.1519,-0.1639,-0.0017,0.3322,-0.3698,-0.0039,0.2770,-0.3710,0.1085,0.2770,-0.4174,0.1080,0.3487,-0.4861,0.1077,0.3042,0.0000,0.0107,-0.0213,0.0006,0.0000,0.0000,0.1000,0.0266,0.0399,9.8165,11.6493
28.6480,0.0000,0.0000,0.1519,-0.1638,-0.0017,0.3322,-0.3698,-0.0039,0.2770,-0.3710,0.1085,0.2770,-0.4174,0.1080,0.3487,-0.4861,0.1076,0.3042,0.0000,0.0107,-0.0213,0.0006,0.0000,0.0000,0.1000,0.0266,0.0399,9.8167,11.6494
28.6560,0.0000,0.0000,0.1519,-0.1638,-0.0017,0.3322,-0.3698,-0.0039,0.2770,-0.3710,0.1085,0.2770,-0.4174,0.1080,0.3487,-0.4861,0.1076,0.3042,0.0000,0.0106,-0.0213,0.0005,0.0000,0.0000,0.1000,0.0266,0.0399,9.8169,11.6497
28.6640,0.0000,0.0000,0.1519,-0.1638,-0.0017,0.3322,-0.3698,-0.0039,0.2770,-0.3710,0.1085,0.2770,-0.4173,0.1080,0.3487,-0.4861,0.1077,0.3042,0.0000,0.0106,-0.0212,0.0005,0.0000,0.0000,0.1000,0.0266,0.0399,9.8172,11.6501
28.6720,0.0000,0.0000,0.1519,-0.1638,-0.0017,0.3323,-0.3698,-0.0039,0.2770,-0.3710,0.1085,0.2770,-0.4173,0.1080,0.3487,-0.4861,0.1076,0.3042,0.0000,0.0107,-0.0211,0.0006,0.0000,0.0000,0.1000,0.0266,0.0399,9.8173,11.6502
28.6800,0.0000,0.0000,0.1519,-0.1638,-0.0017,0.3323,-0.3698,-0.0039,0.2771,-0.3709,0.1085,0.2771,-0.4173,0.1080,0.3487,-0.4861,0.1077,0.3042,0.0000,0.0103,-0.0213,0.0005,0.0000,0.0000,0.1000,0.0266,0.0399,9.8176,11.6505
28.6880,0.0000,0.0000,0.1519,-0.1638,-0.0017,0.3323,-0.3698,-0.0039,0.2770,-0.3709,0.1085,0.2770,-0.4173,0.1080,0.3487,-0.4861,0.1076,0.3042,0.0000,0.0107,-0.0210,0.0006,0.0000,0.0000,0.1000,0.0266,0.0399,9.8178,11.6508
28.6960,0.0000,0.0000,0.1519,-0.1638,-0.0017,0.3323,-0.3698,-0.0039,0.2770,-0.3709,0.1085,0.2770,-0.4173,0.1080,0.3487,-0.4861,0.1076,0.3041,0.0000,0.0109,-0.0209,0.0006,0.0000,0.0000,0.1000,0.0266,0.0399,9.8178,11.6508
28.7040,0.0000,0.0000,0.1519,-0.1638,-0.0017,0.3323,-0.3697,-0.0039,0.2770,-0.3709,0.1085,0.2770,-0.4173,0.1080,0.3487,-0.4860,0.1076,0.3041,0.0000,0.0108,-0.0208,0.0006,0.0000,0.0000,0.1000,0.0266,0.0399,9.8181,11.6512
28.7120,0.0000,0.0000,0.1519,-0.1638,-0.0017,0.3323,-0.3697,-0.0039,0.2770,-0.3709,0.1085,0.2770,-0.4173,0.1080,0.3487,-0.4860,0.1077,0.3041,0.0000,0.0109,-0.0208,0.0006,0.0000,0.0000,0.1000,0.0266,0.0399,9.8182,11.6512
28.7200,0.0000,0.0000,0.1519,-0.1638,-0.0017,0.3323,-0.3697,-0.0039,0.2771,-0.3709,0.1085,0.2771,-0.4173,0.1080,0.3487,-0.4860,0.1076,0.3042,0.0000,0.0103,-0.0211,0.0005,0.0000,0.0000,0.1000,0.0266,0.0399,9.8184,11.6515
28.7280,0.0000,0.0000,0.1519,-0.1638,-0.0017,0.3323,-0.3697,-0.0039,0.2770,-0.3709,0.1085,0.2770,-0.4173,0.1080,0.3487,-0.4860,0.1077,0.3041,0.0000,0.0110,-0.0206,0.0006,0.0000,0.0000,0.1000,0.0266,0.0399,9.8186,11.6518
28.7360,0.0000,0.0000,0.1519,-0.1637,-0.0017,0.3323,-0.3697,-0.0039,0.2771,-0.3709,0.1085,0.2771,-0.4173,0.1080,0.3487,-0.4860,0.1077,0.3042,0.0000,0.0100,-0.0212,0.0004,0.0000,0.0000,0.1000,0.0266,0.0399,9.8186,11.6518
28.7440,0.0000,0.0000,0.1519,-0.1637,-0.0017,0.3323,-0.3697,-0.0039,0.2771,-0.3708,0.1085,0.2771,-0.4172,0.1080,0.3487,-0.4860,0.1076,0.3042,0.0000,0.0100,-0.0211,0.0004,0.0000,0.0000,0.1000,0.0266,0.0399,9.8189,11.6521
28.7520,0.0000,0.0000,0.1519,-0.1637,-0.0017,0.3323,-0.3697,-0.0039,0.2771,-0.3708,0.1085,0.2771,-0.4172,0.1080,0.3487,-0.4860,0.1077,0.3042,0.0000,0.0101,-0.0210,0.0004,0.0000,0.0000,0.1000,0.0266,0.0399,9.8190,11.6523
28.7600,0.0000,0.0000,0.1519,-0.1637,-0.0017,0.3324,-0.3696,-0.0039,0.2771,-0.3708,0.1085,0.2771,-0.4172,0.1080,0.3487,-0.4860,0.1076,0.3042,0.0000,0.0100,-0.0210,0.0004,0.0000,0.0000,0.1000,0.0266,0.0399,9.8192,11.6525
28.7680,0.0000,0.0000,0.1519,-0.1637,-0.0017,0.3324,-0.3696,-0.0039,0.2771,-0.3708,0.1085,0.2771,-0.4172,0.1080,0.3487,-0.4860,0.1076,0.3042,0.0000,0.0102,-0.0208,0.0005,0.0000,0.0000,0.1000,0.0266,0.0399,9.8194,11.6528
28.7760,0.0000,0.0000,0.1519,-0.1637,-0.0017,0.3324,-0.3696,-0.0039,0.2771,-0.3708,0.1085,0.2771,-0.4172,0.1080,0.3487,-0.4859,0.1076,0.3042,0.0000,0.0102,-0.0208,0.0005,0.0000,0.0000,0.1000,0.0266,0.0399,9.8196,11.6530
28.7840,0.0000,0.0000,0.1519,-0.1637,-0.0017,0.3324,-0.3696,-0.0039,0.2771,-0.3708,0.1085,0.2771,-0.4172,0.1080,0.3487,-0.4859,0.1077,0.3042,0.0000,0.0099,-0.0209,0.0004,0.0000,0.0000,0.1000,0.0266,0.0399,9.8198,11.6533
28.7920,0.0000,0.0000,0.1519,-0.1637,-0.0017,0.3324,-0.3696,-0.0039,0.2771,-0.3708,0.1085,0.2771,-0.4172,0.1080,0.3487,-0.4859,0.1076,0.3041,0.0000,0.0103,-0.0207,0.0005,0.0000,0.0000,0.1000,0.0266,0.0399,9.8199,11.6533
28.8000,0.0000,0.0000,0.1519,-0.1636,-0.0017,0.3324,-0.3696,-0.0039,0.2771,-0.3708,0.1085,0.2771,-0.4172,0.1080,0.3487,-0.4859,0.1077,0.3042,0.0000,0.0101,-0.0206,0.0005,0.0000,0.0000,0.1000,0.0266,0.0399,9.8204,11.6539
28.8080,0.0000,0.0000,0.1519,-0.1636,-0.0017,0.3324,-0.3696,-0.0039,0.2771,-0.3707,0.1085,0.2771,-0.4172,0.1080,0.3487,-0.4859,0.1076,0.3041,0.0000,0.0102,-0.0206,0.0005,0.0000,0.0000,0.1000,0.0266,0.0399,9.8204,11.6540
28.8160,0.0000,0.0000,0.1519,-0.1636,-0.0017,0.3324,-0.3695,-0.0039,0.2771,-0.3707,0.1085,0.2771,-0.4172,0.1080,0.3487,-0.4859,0.1076,0.3041,0.0000,0.0103,-0.0205,0.0005,0.0000,0.0000,0.1000,0.0266,0.0399,9.8208,11.6544
28.8240,0.0000,0.0000,0.1519,-0.1636,-0.0017,0.3324,-0.3695,-0.0039,0.2771,-0.3707,0.1085,0.2771,-0.4171,0.1080,0.3487,-0.4859,0.1077,0.3041,0.0000,0.0101,-0.0205,0.0005,0.0000,0.0000,0.1000,0.0266,0.0399,9.8209,11.6546
28.8320,0.0000,0.0000,0.1519,-0.1636,-0.0017,0.3324,-0.3695,-0.0039,0.2771,-0.3707,0.1085,0.2771,-0.4171,0.1080,0.3487,-0.4859,0.1076,0.3041,0.0000,0.0103,-0.0204,0.0005,0.0000,0.0000,0.1000,0.0266,0.0399,9.8210,11.6547
28.8400,0.0000,0.0000,0.1519,-0.1636,-0.0017,0.3325,-0.3695,-0.0039,0.2771,-0.3707,0.1085,0.2771,-0.4171,0.1080,0.3487,-0.4858,0.1076,0.3041,0.0000,0.0102,-0.0204,0.0005,0.0000,0.0000,0.1000,0.0266,0.0399,9.8213,11.6550
28.8480,0.0000,0.0000,0.1519,-0.1636,-0.0017,0.3325,-0.3695,-0.0039,0.2771,-0.3707,0.1085,0.2771,-0.4171,0.1080,0.3487,-0.4858,0.1076,0.3041,0.0000,0.0105,-0.0202,0.0006,0.0000,0.0000,0.1000,0.0266,0.0399,9.8214,11.6551
28.8560,0.0000,0.0000,0.1519,-0.1636,-0.0017,0.3325,-0.3695,-0.0039,0.2771,-0.3707,0.1085,0.2771,-0.4171,0.1080,0.3487,-0.4858,0.1076,0.3041,0.0000,0.0100,-0.0204,0.0005,0.0000,0.0000,0.1000,0.0266,0.0399,9.8216,11.6554
28.8640,0.0000,0.0000,0.1519,-0.1636,-0.0017,0.3325,-0.3695,-0.0039,0.2771,-0.3707,0.1085,0.2771,-0.4171,0.1080,0.3487,-0.4858,0.1077,0.3041,0.0000,0.0100,-0.0204,0.0005,0.0000,0.0000,0.1000,0.0266,0.0399,9.8218,11.6556
28.8720,0.0000,0.0000,0.1519,-0.1635,-0.0017,0.3325,-0.3695,-0.0039,0.2771,-0.3706,0.1085,0.2771,-0.4171,0.1080,0.3487,-0.4858,0.1077,0.3042,0.0000,0.0095,-0.0206,0.0004,0.0000,0.0000,0.1000,0.0266,0.0399,9.8218,11.6557
28.8800,0.0000,0.0000,0.1519,-0.1635,-0.0017,0.3325,-0.3694,-0.0039,0.2771,-0.3706,0.1085,0.2771,-0.4171,0.1080,0.3487,-0.4858,0.1077,0.3041,0.0000,0.0097,-0.0204,0.0004,0.0000,0.0000,0.1000,0.0266,0.0399,9.8221,11.6560
28.8880,0.0000,0.0000,0.1519,-0.1635,-0.0017,0.3325,-0.3694,-0.0039,0.2771,-0.3706,0.1085,0.2771,-0.4171,0.1080,0.3487,-0.4858,0.1077,0.3042,0.0000,0.0096,-0.0205,0.0004,0.0000,0.0000,0.1000,0.0266,0.0399,9.8221,11.6560
28.8960,0.0000,0.0000,0.1519,-0.1635,-0.0017,0.3325,-0.3694,-0.0039,0.2771,-0.3706,0.1084,0.2771,-0.4170,0.1080,0.3487,-0.4858,0.1076,0.3042,0.0000,0.0093,-0.0206,0.0003,0.0000,0.0000,0.1000,0.0266,0.0399,9.8224,11.6564
28.9040,0.0000,0.0000,0.1519,-0.1635,-0.0017,0.3325,-0.3694,-0.0039,0.2771,-0.3706,0.1085,0.2771,-0.4170,0.1080,0.3487,-0.4857,0.1077,0.3042,0.0000,0.0092,-0.0206,0.0003,0.0000,0.0000,0.1000,0.0266,0.0399,9.8226,11.6566
28.9120,0.0000,0.0000,0.1519,-0.1635,-0.0017,0.3326,-0.3694,-0.0039,0.2771,-0.3706,0.1085,0.2771,-0.4170,0.1080,0.3487,-0.4857,0.1076,0.3042,0.0000,0.0092,-0.0205,0.0003,0.0000,0.0000,0.1000,0.0266,0.0399,9.8228,11.6569
28.9200,0.0000,0.0000,0.1519,-0.1635,-0.0017,0.3326,-0.3694,-0.0039,0.2771,-0.3706,0.1085,0.2771,-0.4170,0.1080,0.3487,-0.4857,0.1076,0.3041,0.0000,0.0096,-0.0203,0.0004,0.0000,0.0000,0.1000,0.0266,0.0399,9.8230,11.6570
28.9280,0.0000,0.0000,0.1519,-0.1635,-0.0017,0.3326,-0.3694,-0.0039,0.2771,-0.3706,0.1085,0.2771,-0.4170,0.1080,0.3487,-0.4857,0.1076,0.3042,0.0000,0.0094,-0.0204,0.0003,0.0000,0.0000,0.1000,0.0266,0.0399,9.8231,11.6572
28.9360,0.0000,0.0000,0.1519,-0.1634,-0.0017,0.3326,-0.3693,-0.0039,0.2771,-0.3705,0.1085,0.2771,-0.4170,0.1080,0.3487,-0.4857,0.1077,0.3042,0.0000,0.0091,-0.0204,0.0003,0.0000,0.0000,0.1000,0.0266,0.0399,9.8236,11.6578
28.9440,0.0000,0.0000,0.1519,-0.1634,-0.0017,0.3326,-0.3693,-0.0039,0.2771,-0.3705,0.1085,0.2771,-0.4170,0.1080,0.3487,-0.4857,0.1077,0.3042,0.0000,0.0092,-0.0203,0.0003,0.0000,0.0000,0.1000,0.0266,0.0399,9.8236,11.6578
28.9520,0.0000,0.0000,0.1519,-0.1634,-0.0017,0.3326,-0.3693,-0.0039,0.2771,-0.3705,0.1085,0.2771,-0.4170,0.1080,0.3487,-0.4857,0.1077,0.3042,0.0000,0.0091,-0.0204,0.0003,0.0000,0.0000,0.1000,0.0266,0.0399,9.8239,11.6581
28.9600,0.0000,0.0000,0.1519,-0.1634,-0.0017,0.3326,-0.3693,-0.0039,0.2771,-0.3705,0.1085,0.2771,-0.4170,0.1080,0.3487,-0.4857,0.1077,0.3042,0.0000,0.0091,-0.0203,0.0003,0.0000,0.0000,0.1000,0.0266,0.0399,9.8239,11.6582
28.9680,0.0000,0.0000,0.1519,-0.1634,-0.0017,0.3326,-0.3693,-0.0039,0.2772,-0.3705,0.1085,0.2772,-0.4169,0.1080,0.3487,-0.4856,0.1077,0.3042,0.0000,0.0089,-0.0204,0.0002,0.0000,0.0000,0.1000,0.0266,0.0399,9.8243,11.6586
28.9760,0.0000,0.0000,0.1519,-0.1634,-0.0017,0.3326,-0.3693,-0.0039,0.2771,-0.3705,0.1085,0.2771,-0.4169,0.1080,0.3487,-0.4856,0.1076,0.3041,0.0000,0.0092,-0.0202,0.0003,0.0000,0.0000,0.1000,0.0266,0.0399,9.8243,11.6587
28.9840,0.0000,0.0000,0.1519,-0.1634,-0.0017,0.3326,-0.3693,-0.0039,0.2771,-0.3705,0.1085,0.2771,-0.4169,0.1080,0.3487,-0.4856,0.1076,0.3041,0.0000,0.0093,-0.0201,0.0003,0.0000,0.0000,0.1000,0.0266,0.0399,9.8245,11.6589
28.9920,0.0000,0.0000,0.1519,-0.1634,-0.0017,0.3327,-0.3693,-0.0039,0.2772,-0.3704,0.1085,0.2772,-0.4169,0.1080,0.3487,-0.4856,0.1076,0.3042,0.0000,0.0089,-0.0202,0.0003,0.0000,0.0000,0.1000,0.0266,0.0399,9.8248,11.6592
29.0000,0.0000,0.0000,0.1519,-0.1634,-0.0017,0.3327,-0.3692,-0.0039,0.2772,-0.3704,0.1085,0.2772,-0.4169,0.1080,0.3487,-0.4856,0.1076,0.3042,0.0000,0.0089,-0.0202,0.0003,0.0000,0.0000,0.1000,0.0266,0.0399,9.8249,11.6594
29.0080,0.0000,0.0000,0.1519,-0.1633,-0.0017,0.3327,-0.3692,-0.0039,0.2772,-0.3704,0.1085,0.2772,-0.4169,0.1080,0.3488,-0.4856,0.1076,0.3042,0.0000,0.0087,-0.0202,0.0002,0.0000,0.0000,0.1000,0.0266,0.0399,9.8251,11.6596
29.0160,0.0000,0.0000,0.1519,-0.1633,-0.0017,0.3327,-0.3692,-0.0039,0.2772,-0.3704,0.1085,0.2772,-0.4169,0.1080,0.3487,-0.4856,0.1077,0.3041,0.0000,0.0089,-0.0201,0.0003,0.0000,0.0000,0.1000,0.0266,0.0399,9.8253,11.6599
29.0240,0.0000,0.0000,0.1519,-0.1633,-0.0017,0.3327,-0.3692,-0.0039,0.2772,-0.3704,0.1085,0.2772,-0.4169,0.1080,0.3488,-0.4856,0.1077,0.3042,0.0000,0.0084,-0.0203,0.0002,0.0000,0.0000,0.1000,0.0266,0.0399,9.8255,11.6601
29.0320,0.0000,0.0000,0.1519,-0.1633,-0.0017,0.3327,-0.3692,-0.0039,0.2772,-0.3704,0.1085,0.2772,-0.4169,0.1080,0.3488,-0.4855,0.1077,0.3041,0.0000,0.0087,-0.0201,0.0002,0.0000,0.0000,0.1000,0.0266,0.0399,9.8257,11.6604
29.0400,0.0000,0.0000,0.1519,-0.1633,-0.0017,0.3327,-0.3692,-0.0039,0.2772,-0.3704,0.1085,0.2772,-0.4168,0.1080,0.3488,-0.4855,0.1077,0.3042,0.0000,0.0084,-0.0202,0.0002,0.0000,0.0000,0.1000,0.0266,0.0399,9.8257,11.6604
29.0480,0.0000,0.0000,0.1519,-0.1633,-0.0017,0.3327,-0.3692,-0.0039,0.2772,-0.3704,0.1085,0.2772,-0.4168,0.1080,0.3488,-0.4855,0.1077,0.3042,0.0000,0.0086,-0.0201,0.0002,0.0000,0.0000,0.1000,0.0266,0.0399,9.8260,11.6608
29.0560,0.0000,0.0000,0.1519,-0.1633,-0.0017,0.3327,-0.3692,-0.0039,0.2772,-0.3703,0.1085,0.2772,-0.4168,0.1080,0.3488,-0.4855,0.1077,0.3042,0.0000,0.0084,-0.0201,0.0002,0.0000,0.0000,0.1000,0.0266,0.0399,9.8262,11.6610
29.0640,0.0000,0.0000,0.1519,-0.1633,-0.0017,0.3328,-0.3691,-0.0039,0.2772,-0.3703,0.1085,0.2772,-0.4168,0.1080,0.3488,-0.4855,0.1076,0.3042,0.0000,0.0080,-0.0203,0.0001,0.0000,0.0000,0.1000,0.0266,0.0399,9.8264,11.6612
29.0720,0.0000,0.0000,0.1519,-0.1633,-0.0017,0.3328,-0.3691,-0.0039,0.2772,-0.3703,0.1085,0.2772,-0.4168,0.1080,0.3488,-0.4855,0.1077,0.3042,0.0000,0.0081,-0.0202,0.0001,0.0000,0.0000,0.1000,0.0266,0.0399,9.8265,11.6613
29.0800,0.0000,0.0000,0.1519,-0.1632,-0.0017,0.3328,-0.3691,-0.0039,0.2772,-0.3703,0.1085,0.2772,-0.4168,0.1080,0.3488,-0.4855,0.1077,0.3042,0.0000,0.0082,-0.0201,0.0001,0.0000,0.0000,0.1000,0.0266,0.0399,9.8268,11.6616
29.0880,0.0000,0.0000,0.1519,-0.1632,-0.0017,0.3328,-0.3691,-0.0039,0.2772,-0.3703,0.1085,0.2772,-0.4168,0.1080,0.3488,-0.4855,0.1077,0.3042,0.0000,0.0082,-0.0200,0.0001,0.0000,0.0000,0.1000,0.0266,0.0399,9.8270,11.6619
29.0960,0.0000,0.0000,0.1519,-0.1632,-0.0017,0.3328,-0.3691,-0.0039,0.2772,-0.3703,0.1085,0.2772,-0.4168,0.1080,0.3488,-0.4854,0.1076,0.3042,0.0000,0.0081,-0.0200,0.0001,0.0000,0.0000,0.1000,0.0266,0.0399,9.8271,11.6621
29.1040,0.0000,0.0000,0.1519,-0.1632,-0.0017,0.3328,-0.3691,-0.0039,0.2772,-0.3703,0.1085,0.2772,-0.4168,0.1080,0.3488,-0.4854,0.1077,0.3041,0.0000,0.0084,-0.0198,0.0002,0.0000,0.0000,0.1000,0.0266,0.0399,9.8275,11.6625
29.1120,0.0000,0.0000,0.1519,-0.1632,-0.0017,0.3328,-0.3691,-0.0039,0.2772,-0.3702,0.1085,0.2772,-0.4167,0.1080,0.3488,-0.4854,0.1077,0.3041,0.0000,0.0084,-0.0198,0.0002,0.0000,0.0000,0.1000,0.0266,0.0399,9.8276,11.6627
29.1200,0.0000,0.0000,0.1519,-0.1632,-0.0017,0.3328,-0.3690,-0.0039,0.2772,-0.3702,0.1085,0.2772,-0.4167,0.1080,0.3488,-0.4854,0.1077,0.3041,0.0000,0.0084,-0.0196,0.0002,0.0000,0.0000,0.1000,0.0266,0.0399,9.8280,11.6631
29.1280,0.0000,0.0000,0.1519,-0.1632,-0.0017,0.3328,-0.3690,-0.0039,0.2772,-0.3702,0.1085,0.2772,-0.4167,0.1080,0.3487,-0.4854,0.1076,0.3041,0.0000,0.0086,-0.0195,0.0002,0.0000,0.0000,0.1000,0.0266,0.0399,9.8280,11.6632
29.1360,0.0000,0.0000,0.1519,-0.1632,-0.0017,0.3328,-0.3690,-0.0039,0.2772,-0.3702,0.1085,0.2772,-0.4167,0.1080,0.3488,-0.4854,0.1077,0.3041,0.0000,0.0084,-0.0196,0.0002,0.0000,0.0000,0.1000,0.0266,0.0399,9.8283,11.6635
29.1440,0.0000,0.0000,0.1519,-0.1632,-0.0017,0.3328,-0.3690,-0.0039,0.2772,-0.3702,0.1085,0.2772,-0.4167,0.1080,0.3488,-0.4854,0.1077,0.3041,0.0000,0.0082,-0.0196,0.0002,0.0000,0.0000,0.1000,0.0266,0.0399,9.8285,11.6637
29.1520,0.0000,0.0000,0.1519,-0.1631,-0.0017,0.3329,-0.3690,-0.0039,0.2772,-0.3702,0.1085,0.2772,-0.4167,0.1080,0.3488,-0.4854,0.1076,0.3042,0.0000,0.0079,-0.0198,0.0001,0.0000,0.0000,0.1000,0.0266,0.0399,9.8284,11.6636
29.1600,0.0000,0.0000,0.1519,-0.1631,-0.0017,0.3329,-0.3690,-0.0039,0.2772,-0.3702,0.1085,0.2772,-0.4167,0.1080,0.3488,-0.4853,0.1077,0.3042,0.0000,0.0075,-0.0199,-0.0000,0.0000,0.0000,0.1000,0.0266,0.0399,9.8288,11.6641
29.1680,0.0000,0.0000,0.1519,-0.1631,-0.0017,0.3329,-0.3690,-0.0039,0.2772,-0.3702,0.1085,0.2772,-0.4167,0.1080,0.3488,-0.4853,0.1076,0.3042,0.0000,0.0078,-0.0198,0.0001,0.0000,0.0000,0.1000,0.0266,0.0399,9.8288,11.6641
29.1760,0.0000,0.0000,0.1519,-0.1631,-0.0017,0.3329,-0.3690,-0.0039,0.2772,-0.3701,0.1085,0.2772,-0.4166,0.1080,0.3488,-0.4853,0.1076,0.3042,0.0000,0.0074,-0.0199,-0.0000,0.0000,0.0000,0.1000,0.0266,0.0399,9.8290,11.6643
29.1840,0.0000,0.0000,0.1519,-0.1631,-0.0017,0.3329,-0.3689,-0.0039,0.2772,-0.3701,0.1085,0.2772,-0.4166,0.1080,0.3488,-0.4853,0.1077,0.3042,0.0000,0.0077,-0.0197,0.0000,0.0000,0.0000,0.1000,0.0266,0.0399,9.8293,11.6647
29.1920,0.0000,0.0000,0.1519,-0.1631,-0.0017,0.3329,-0.3689,-0.0039,0.2772,-0.3701,0.1085,0.2772,-0.4166,0.1080,0.3488,-0.4853,0.1077,0.3042,0.0000,0.0076,-0.0197,0.0000,0.0000,0.0000,0.1000,0.0266,0.0399,9.8293,11.6647
29.2000,0.0000,0.0000,0.1519,-0.1631,-0.0017,0.3329,-0.3689,-0.0039,0.2773,-0.3701,0.1085,0.2773,-0.4166,0.1080,0.3488,-0.4853,0.1076,0.3042,0.0000,0.0073,-0.0198,-0.0000,0.0000,0.0000,0.1000,0.0266,0.0399,9.8296,11.6650
29.2080,0.0000,0.0000,0.1519,-0.1631,-0.0017,0.3329,-0.3689,-0.0039,0.2773,-0.3701,0.1085,0.2773,-0.4166,0.1080,0.3488,-0.4853,0.1076,0.3042,0.0000,0.0073,-0.0198,-0.0000,0.0000,0.0000,0.1000,0.0266,0.0399,9.8297,11.6652
29.2160,0.0000,0.0000,0.1519,-0.1630,-0.0017,0.3329,-0.3689,-0.0039,0.2773,-0.3701,0.1085,0.2773,-0.4166,0.1080,0.3488,-0.4853,0.1076,0.3042,0.0000,0.0073,-0.0197,-0.0000,0.0000,0.0000,0.1000,0.0266,0.0399,9.8300,11.6655
29.2240,0.0000,0.0000,0.1519,-0.1630,-0.0017,0.3330,-0.3689,-0.0039,0.2773,-0.3701,0.1085,0.2773,-0.4166,0.1080,0.3488,-0.4852,0.1076,0.3042,0.0000,0.0072,-0.0197,-0.0000,0.0000,0.0000,0.1000,0.0266,0.0399,9.8301,11.6657
29.2320,0.0000,0.0000,0.1519,-0.1630,-0.0017,0.3330,-0.3689,-0.0039,0.2772,-0.3700,0.1085,0.2772,-0.4166,0.1080,0.3488,-0.4852,0.1077,0.3041,0.0000,0.0074,-0.0195,0.0000,0.0000,0.0000,0.1000,0.0266,0.0399,9.8305,11.6661
29.2400,0.0000,0.0000,0.1519,-0.1630,-0.0017,0.3330,-0.3689,-0.0039,0.2773,-0.3700,0.1085,0.2773,-0.4166,0.1080,0.3488,-0.4852,0.1077,0.3042,0.0000,0.0074,-0.0196,-0.0000,0.0000,0.0000,0.1000,0.0266,0.0399,9.8305,11.6662
29.2480,0.0000,0.0000,0.1519,-0.1630,-0.0017,0.3330,-0.3688,-0.0039,0.2773,-0.3700,0.1085,0.2773,-0.4165,0.1080,0.3488,-0.4852,0.1077,0.3042,0.0000,0.0072,-0.0196,-0.0000,0.0000,0.0000,0.1000,0.0266,0.0399,9.8308,11.6666
29.2560,0.0000,0.0000,0.1519,-0.1630,-0.0017,0.3330,-0.3688,-0.0039,0.2773,-0.3700,0.1085,0.2773,-0.4165,0.1080,0.3488,-0.4852,0.1077,0.3042,0.0000,0.0070,-0.0197,-0.0001,0.0000,0.0000,0.1000,0.0266,0.0399,9.8310,11.6668
29.2640,0.0000,0.0000,0.1519,-0.1630,-0.0017,0.3330,-0.3688,-0.0039,0.2773,-0.3700,0.1085,0.2773,-0.4165,0.1080,0.3488,-0.4852,0.1077,0.3042,0.0000,0.0071,-0.0195,-0.0000,0.0000,0.0000,0.1000,0.0266,0.0399,9.8311,11.6669
29.2720,0.0000,0.0000,0.1519,-0.1630,-0.0017,0.3330,-0.3688,-0.0039,0.2773,-0.3700,0.1085,0.2773,-0.4165,0.1080,0.3488,-0.4852,0.1077,0.3042,0.0000,0.0071,-0.0195,-0.0001,0.0000,0.0000,0.1000,0.0266,0.0399,9.8314,11.6673
29.2800,0.0000,0.0000,0.1519,-0.1630,-0.0017,0.3330,-0.3688,-0.0039,0.2773,-0.3700,0.1085,0.2773,-0.4165,0.1080,0.3488,-0.4852,0.1077,0.3041,0.0000,0.0072,-0.0194,-0.0000,0.0000,0.0000,0.1000,0.0266,0.0399,9.8316,11.6675
29.2880,0.0000,0.0000,0.1519,-0.1629,-0.0017,0.3330,-0.3688,-0.0039,0.2773,-0.3699,0.1085,0.2773,-0.4165,0.1080,0.3488,-0.4851,0.1077,0.3042,0.0000,0.0069,-0.0195,-0.0001,0.0000,0.0000,0.1000,0.0266,0.0399,9.8317,11.6677
29.2960,0.0000,0.0000,0.1519,-0.1629,-0.0017,0.3330,-0.3688,-0.0039,0.2773,-0.3699,0.1085,0.2773,-0.4165,0.1080,0.3488,-0.4851,0.1076,0.3041,0.0000,0.0071,-0.0194,-0.0001,0.0000,0.0000,0.1000,0.0266,0.0399,9.8319,11.6679
29.3040,0.0000,0.0000,0.1519,-0.1629,-0.0017,0.3331,-0.3687,-0.0039,0.2773,-0.3699,0.1085,0.2773,-0.4165,0.1080,0.3488,-0.4851,0.1077,0.3042,0.0000,0.0067,-0.0195,-0.0001,0.0000,0.0000,0.1000,0.0266,0.0399,9.8321,11.6682
29.3120,0.0000,0.0000,0.1519,-0.1629,-0.0017,0.3331,-0.3687,-0.0039,0.2773,-0.3699,0.1085,0.2773,-0.4165,0.1080,0.3488,-0.4851,0.1077,0.3042,0.0000,0.0068,-0.0194,-0.0001,0.0000,0.0000,0.1000,0.0266,0.0399,9.8323,11.6684
29.3200,0.0000,0.0000,0.1519,-0.1629,-0.0017,0.3331,-0.3687,-0.0039,0.2773,-0.3699,0.1085,0.2773,-0.4165,0.1080,0.3488,-0.4851,0.1077,0.3041,0.0000,0.0069,-0.0193,-0.0001,0.0000,0.0000,0.1000,0.0266,0.0399,9.8324,11.6685
29.3280,0.0000,0.0000,0.1519,-0.1629,-0.0017,0.3331,-0.3687,-0.0039,0.2773,-0.3699,0.1085,0.2773,-0.4164,0.1080,0.3488,-0.4851,0.1076,0.3042,0.0000,0.0067,-0.0194,-0.0001,0.0000,0.0000,0.1000,0.0266,0.0399,9.8326,11.6687
29.3360,0.0000,0.0000,0.1519,-0.1629,-0.0017,0.3331,-0.3687,-0.0039,0.2773,-0.3699,0.1085,0.2773,-0.4164,0.1080,0.3488,-0.4851,0.1077,0.3042,0.0000,0.0067,-0.0193,-0.0001,0.0000,0.0000,0.1000,0.0266,0.0399,9.8328,11.6689
29.3440,0.0000,0.0000,0.1519,-0.1629,-0.0017,0.3331,-0.3687,-0.0039,0.2773,-0.3699,0.1085,0.2773,-0.4164,0.1080,0.3488,-0.4851,0.1076,0.3042,0.0000,0.0064,-0.0194,-0.0002,0.0000,0.0000,0.1000,0.0266,0.0399,9.8329,11.6691
29.3520,0.0000,0.0000,0.1519,-0.1629,-0.0017,0.3331,-0.3687,-0.0039,0.2773,-0.3698,0.1085,0.2773,-0.4164,0.1080,0.3488,-0.4850,0.1077,0.3042,0.0000,0.0064,-0.0194,-0.0002,0.0000,0.0000,0.1000,0.0266,0.0399,9.8332,11.6694
29.3600,0.0000,0.0000,0.1519,-0.1629,-0.0017,0.3331,-0.3687,-0.0039,0.2773,-0.3698,0.1085,0.2773,-0.4164,0.1080,0.3488,-0.4850,0.1077,0.3041,0.0000,0.0068,-0.0191,-0.0001,0.0000,0.0000,0.1000,0.0266,0.0399,9.8334,11.6697
29.3680,0.0000,0.0000,0.1519,-0.1628,-0.0017,0.3331,-0.3686,-0.0039,0.2773,-0.3698,0.1085,0.2773,-0.4164,0.1080,0.3489,-0.4850,0.1077,0.3042,0.0000,0.0062,-0.0194,-0.0002,0.0000,0.0000,0.1000,0.0266,0.0399,9.8337,11.6701
29.3760,0.0000,0.0000,0.1519,-0.1628,-0.0017,0.3331,-0.3686,-0.0039,0.2773,-0.3698,0.1085,0.2773,-0.4164,0.1080,0.3488,-0.4850,0.1077,0.3041,0.0000,0.0069,-0.0190,-0.0001,0.0000,0.0000,0.1000,0.0266,0.0399,9.8338,11.6702
29.3840,0.0000,0.0000,0.1519,-0.1628,-0.0017,0.3332,-0.3686,-0.0039,0.2773,-0.3698,0.1085,0.2773,-0.4164,0.1080,0.3488,-0.4850,0.1077,0.3041,0.0000,0.0068,-0.0190,-0.0001,0.0000,0.0000,0.1000,0.0266,0.0399,9.8341,11.6706
29.3920,0.0000,0.0000,0.1519,-0.1628,-0.0017,0.3332,-0.3686,-0.0039,0.2773,-0.3698,0.1085,0.2773,-0.4164,0.1080,0.3488,-0.4850,0.1077,0.3041,0.0000,0.0068,-0.0189,-0.0001,0.0000,0.0000,0.1000,0.0266,0.0399,9.8343,11.6708
29.4000,0.0000,0.0000,0.1519,-0.1628,-0.0017,0.3332,-0.3686,-0.0039,0.2773,-0.3698,0.1085,0.2773,-0.4163,0.1080,0.3488,-0.4850,0.1077,0.3041,0.0000,0.0068,-0.0189,-0.0001,0.0000,0.0000,0.1000,0.0266,0.0399,9.8345,11.6710
29.4080,0.0000,0.0000,0.1519,-0.1628,-0.0017,0.3332,-0.3686,-0.0039,0.2773,-0.3698,0.1085,0.2773,-0.4163,0.1080,0.3488,-0.4850,0.1077,0.3041,0.0000,0.0070,-0.0187,-0.0000,0.0000,0.0000,0.1000,0.0266,0.0399,9.8347,11.6712
29.4160,0.0000,0.0000,0.1519,-0.1628,-0.0017,0.3332,-0.3686,-0.0039,0.2773,-0.3697,0.1085,0.2773,-0.4163,0.1080,0.3488,-0.4850,0.1077,0.3041,0.0000,0.0068,-0.0188,-0.0001,0.0000,0.0000,0.1000,0.0266,0.0399,9.8348,11.6713
29.4240,0.0000,0.0000,0.1519,-0.1628,-0.0017,0.3332,-0.3685,-0.0039,0.2773,-0.3697,0.1085,0.2773,-0.4163,0.1080,0.3488,-0.4849,0.1077,0.3041,0.0000,0.0066,-0.0188,-0.0001,0.0000,0.0000,0.1000,0.0266,0.0399,9.8350,11.6716
29.4320,0.0000,0.0000,0.1519,-0.1628,-0.0017,0.3332,-0.3685,-0.0039,0.2773,-0.3697,0.1085,0.2773,-0.4163,0.1080,0.3488,-0.4849,0.1076,0.3041,0.0000,0.0069,-0.0186,-0.0000,0.0000,0.0000,0.1000,0.0266,0.0399,9.8351,11.6718
29.4400,0.0000,0.0000,0.1519,-0.1627,-0.0017,0.3332,-0.3685,-0.0039,0.2773,-0.3697,0.1085,0.2773,-0.4163,0.1080,0.3488,-0.4849,0.1077,0.3041,0.0000,0.0064,-0.0188,-0.0002,0.0000,0.0000,0.1000,0.0266,0.0399,9.8354,11.6721
29.4480,0.0000,0.0000,0.1519,-0.1627,-0.0017,0.3332,-0.3685,-0.0039,0.2773,-0.3697,0.1085,0.2773,-0.4163,0.1080,0.3488,-0.4849,0.1077,0.3041,0.0000,0.0066,-0.0187,-0.0001,0.0000,0.0000,0.1000,0.0266,0.0399,9.8356,11.6724
29.4560,0.0000,0.0000,0.1519,-0.1627,-0.0017,0.3332,-0.3685,-0.0039,0.2773,-0.3697,0.1085,0.2773,-0.4163,0.1080,0.3488,-0.4849,0.1077,0.3041,0.0000,0.0064,-0.0187,-0.0001,0.0000,0.0000,0.1000,0.0266,0.0399,9.8356,11.6724
29.4640,0.0000,0.0000,0.1519,-0.1627,-0.0017,0.3333,-0.3685,-0.0039,0.2773,-0.3697,0.1085,0.2773,-0.4163,0.1080,0.3489,-0.4849,0.1077,0.3041,0.0000,0.0060,-0.0189,-0.0002,0.0000,0.0000,0.1000,0.0266,0.0399,9.8359,11.6727
29.4720,0.0000,0.0000,0.1519,-0.1627,-0.0017,0.3333,-0.3685,-0.0039,0.2773,-0.3697,0.1085,0.2773,-0.4162,0.1080,0.3488,-0.4849,0.1077,0.3041,0.0000,0.0061,-0.0188,-0.0002,0.0000,0.0000,0.1000,0.0266,0.0399,9.8360,11.6728
29.4800,0.0000,0.0000,0.1519,-0.1627,-0.0017,0.3333,-0.3685,-0.0039,0.2774,-0.3696,0.1085,0.2774,-0.4162,0.1080,0.3489,-0.4848,0.1076,0.3042,0.0000,0.0059,-0.0189,-0.0003,0.0000,0.0000,0.1000,0.0266,0.0399,9.8362,11.6731
29.4880,0.0000,0.0000,0.1519,-0.1627,-0.0017,0.3333,-0.3684,-0.0039,0.2773,-0.3696,0.1085,0.2773,-0.4162,0.1080,0.3488,-0.4848,0.1077,0.3041,0.0000,0.0064,-0.0186,-0.0001,0.0000,0.0000,0.1000,0.0266,0.0399,9.8365,11.6734
29.4960,0.0000,0.0000,0.1519,-0.1627,-0.0017,0.3333,-0.3684,-0.0039,0.2773,-0.3696,0.1085,0.2773,-0.4162,0.1080,0.3489,-0.4848,0.1076,0.3041,0.0000,0.0060,-0.0187,-0.0002,0.0000,0.0000,0.1000,0.0266,0.0399,9.8366,11.6736
29.5040,0.0000,0.0000,0.1519,-0.1627,-0.0017,0.3333,-0.3684,-0.0039,0.2773,-0.3696,0.1085,0.2773,-0.4162,0.1080,0.3488,-0.4848,0.1076,0.3041,0.0000,0.0062,-0.0186,-0.0002,0.0000,0.0000,0.1000,0.0266,0.0399,9.8368,11.6738
29.5120,0.0000,0.0000,0.1519,-0.1626,-0.0017,0.3333,-0.3684,-0.0039,0.2773,-0.3696,0.1085,0.2773,-0.4162,0.1080,0.3488,-0.4848,0.1076,0.3041,0.0000,0.0062,-0.0185,-0.0002,0.0000,0.0000,0.1000,0.0266,0.0399,9.8370,11.6741
29.5200,0.0000,0.0000,0.1519,-0.1626,-0.0017,0.3333,-0.3684,-0.0039,0.2773,-0.3696,0.1085,0.2773,-0.4162,0.1080,0.3488,-0.4848,0.1077,0.3041,0.0000,0.0062,-0.0185,-0.0002,0.0000,0.0000,0.1000,0.0266,0.0399,9.8373,11.6744
29.5280,0.0000,0.0000,0.1519,-0.1626,-0.0017,0.3333,-0.3684,-0.0039,0.2773,-0.3696,0.1085,0.2773,-0.4162,0.1080,0.3488,-0.4848,0.1077,0.3041,0.0000,0.0063,-0.0184,-0.0001,0.0000,0.0000,0.1000,0.0266,0.0399,9.8375,11.6746
29.5360,0.0000,0.0000,0.1519,-0.1626,-0.0017,0.3333,-0.3684,-0.0039,0.2774,-0.3695,0.1085,0.2774,-0.4162,0.1080,0.3488,-0.4848,0.1077,0.3041,0.0000,0.0059,-0.0185,-0.0002,0.0000,0.0000,0.1000,0.0266,0.0399,9.8377,11.6749
29.5440,0.0000,0.0000,0.1519,-0.1626,-0.0017,0.3334,-0.3683,-0.0039,0.2774,-0.3695,0.1085,0.2774,-0.4161,0.1080,0.3488,-0.4848,0.1077,0.3041,0.0000,0.0059,-0.0184,-0.0002,0.0000,0.0000,0.1000,0.0266,0.0399,9.8378,11.6751
29.5520,0.0000,0.0000,0.1519,-0.1626,-0.0017,0.3334,-0.3683,-0.0039,0.2774,-0.3695,0.1085,0.2774,-0.4161,0.1080,0.3489,-0.4847,0.1077,0.3041,0.0000,0.0057,-0.0185,-0.0003,0.0000,0.0000,0.1000,0.0266,0.0399,9.8381,11.6754
29.5600,0.0000,0.0000,0.1519,-0.1626,-0.0017,0.3334,-0.3683,-0.0039,0.2774,-0.3695,0.1085,0.2774,-0.4161,0.1080,0.3489,-0.4847,0.1077,0.3041,0.0000,0.0054,-0.0186,-0.0003,0.0000,0.0000,0.1000,0.0266,0.0399,9.8382,11.6755
29.5680,0.0000,0.0000,0.1519,-0.1626,-0.0017,0.3334,-0.3683,-0.0039,0.2773,-0.3695,0.1085,0.2773,-0.4161,0.1080,0.3488,-0.4847,0.1077,0.3041,0.0000,0.0060,-0.0183,-0.0002,0.0000,0.0000,0.1000,0.0266,0.0399,9.8384,11.6758
29.5760,0.0000,0.0000,0.1519,-0.1625,-0.0017,0.3334,-0.3683,-0.0039,0.2774,-0.3695,0.1085,0.2774,-0.4161,0.1080,0.3489,-0.4847,0.1077,0.3041,0.0000,0.0054,-0.0185,-0.0003,0.0000,0.0000,0.1000,0.0266,0.0399,9.8387,11.6761
29.5840,0.0000,0.0000,0.1519,-0.1625,-0.0017,0.3334,-0.3683,-0.0039,0.2774,-0.3694,0.1085,0.2774,-0.4161,0.1080,0.3488,-0.4847,0.1077,0.3041,0.0000,0.0057,-0.0183,-0.0003,0.0000,0.0000,0.1000,0.0266,0.0399,9.8390,11.6766
29.5920,0.0000,0.0000,0.1519,-0.1625,-0.0017,0.3334,-0.3683,-0.0039,0.2774,-0.3694,0.1085,0.2774,-0.4161,0.1080,0.3488,-0.4847,0.1077,0.3041,0.0000,0.0057,-0.0182,-0.0003,0.0000,0.0000,0.1000,0.0266,0.0399,9.8392,11.6767
29.6000,0.0000,0.0000,0.1519,-0.1625,-0.0017,0.3334,-0.3682,-0.0039,0.2774,-0.3694,0.1085,0.2774,-0.4161,0.1080,0.3489,-0.4847,0.1076,0.3041,0.0000,0.0057,-0.0182,-0.0003,0.0000,0.0000,0.1000,0.0266,0.0399,9.8392,11.6767
29.6080,0.0000,0.0000,0.1519,-0.1625,-0.0017,0.3334,-0.3682,-0.0039,0.2774,-0.3694,0.1085,0.2774,-0.4160,0.1080,0.3488,-0.4846,0.1077,0.3041,0.0000,0.0057,-0.0181,-0.0003,0.0000,0.0000,0.1000,0.0266,0.0399,9.8396,11.6772
29.6160,0.0000,0.0000,0.1519,-0.1625,-0.0017,0.3334,-0.3682,-0.0039,0.2774,-0.3694,0.1085,0.2774,-0.4160,0.1080,0.3488,-0.4846,0.1077,0.3041,0.0000,0.0057,-0.0181,-0.0002,0.0000,0.0000,0.1000,0.0266,0.0399,9.8396,11.6772
29.6240,0.0000,0.0000,0.1519,-0.1625,-0.0017,0.3335,-0.3682,-0.0039,0.2774,-0.3694,0.1085,0.2774,-0.4160,0.1080,0.3489,-0.4846,0.1077,0.3041,0.0000,0.0053,-0.0183,-0.0003,0.0000,0.0000,0.1000,0.0266,0.0399,9.8399,11.6775
29.6320,0.0000,0.0000,0.1519,-0.1625,-0.0017,0.3335,-0.3682,-0.0039,0.2774,-0.3694,0.1085,0.2774,-0.4160,0.1080,0.3488,-0.4846,0.1077,0.3041,0.0000,0.0058,-0.0179,-0.0002,0.0000,0.0000,0.1000,0.0266,0.0399,9.8401,11.6778
29.6400,0.0000,0.0000,0.1519,-0.1625,-0.0017,0.3335,-0.3682,-0.0039,0.2774,-0.3694,0.1085,0.2774,-0.4160,0.1080,0.3489,-0.4846,0.1077,0.3041,0.0000,0.0054,-0.0181,-0.0003,0.0000,0.0000,0.1000,0.0266,0.0399,9.8402,11.6779
29.6480,0.0000,0.0000,0.1519,-0.1625,-0.0017,0.3335,-0.3682,-0.0039,0.2774,-0.3694,0.1085,0.2774,-0.4160,0.1080,0.3488,-0.4846,0.1077,0.3041,0.0000,0.0057,-0.0179,-0.0002,0.0000,0.0000,0.1000,0.0266,0.0399,9.8404,11.6782
29.6560,0.0000,0.0000,0.1519,-0.1624,-0.0017,0.3335,-0.3682,-0.0039,0.2774,-0.3694,0.1085,0.2774,-0.4160,0.1080,0.3488,-0.4846,0.1077,0.3041,0.0000,0.0058,-0.0178,-0.0002,0.0000,0.0000,0.1000,0.0266,0.0399,9.8405,11.6783
29.6640,0.0000,0.0000,0.1519,-0.1624,-0.0017,0.3335,-0.3682,-0.0039,0.2774,-0.3693,0.1085,0.2774,-0.4160,0.1080,0.3488,-0.4846,0.1077,0.3041,0.0000,0.0059,-0.0177,-0.0002,0.0000,0.0000,0.1000,0.0266,0.0399,9.8407,11.6786
29.6720,0.0000,0.0000,0.1519,-0.1624,-0.0017,0.3335,-0.3681,-0.0039,0.2774,-0.3693,0.1085,0.2774,-0.4160,0.1080,0.3488,-0.4846,0.1077,0.3040,0.0000,0.0060,-0.0177,-0.0002,0.0000,0.0000,0.1000,0.0266,0.0399,9.8409,11.6787
29.6800,0.0000,0.0000,0.1519,-0.1624,-0.0017,0.3335,-0.3681,-0.0039,0.2774,-0.3693,0.1085,0.2774,-0.4160,0.1080,0.3488,-0.4846,0.1077,0.3040,0.0000,0.0059,-0.0177,-0.0002,0.0000,0.0000,0.1000,0.0266,0.0399,9.8409,11.6788
29.6880,0.0000,0.0000,0.1519,-0.1624,-0.0017,0.3335,-0.3681,-0.0039,0.2773,-0.3693,0.1085,0.2773,-0.4160,0.1080,0.3488,-0.4845,0.1077,0.3040,0.0000,0.0063,-0.0174,-0.0001,0.0000,0.0000,0.1000,0.0266,0.0399,9.8412,11.6792
29.6960,0.0000,0.0000,0.1519,-0.1624,-0.0017,0.3335,-0.3681,-0.0039,0.2773,-0.3693,0.1085,0.2773,-0.4160,0.1080,0.3488,-0.4845,0.1077,0.3040,0.0000,0.0061,-0.0175,-0.0001,0.0000,0.0000,0.1000,0.0266,0.0399,9.8413,11.6793
29.7040,0.0000,0.0000,0.1519,-0.1624,-0.0017,0.3335,-0.3681,-0.0039,0.2773,-0.3693,0.1085,0.2773,-0.4160,0.1080,0.3488,-0.4845,0.1076,0.3040,0.0000,0.0064,-0.0173,-0.0001,0.0000,0.0000,0.1000,0.0266,0.0399,9.8414,11.6794
29.7120,0.0000,0.0000,0.1519,-0.1624,-0.0017,0.3335,-0.3681,-0.0039,0.2773,-0.3693,0.1085,0.2773,-0.4160,0.1080,0.3488,-0.4845,0.1077,0.3040,0.0000,0.0064,-0.0172,-0.0001,0.0000,0.0000,0.1000,0.0266,0.0399,9.8417,11.6798
29.7200,0.0000,0.0000,0.1519,-0.1624,-0.0017,0.3335,-0.3681,-0.0039,0.2773,-0.3693,0.1085,0.2773,-0.4159,0.1080,0.3488,-0.4845,0.1077,0.3040,0.0000,0.0061,-0.0173,-0.0001,0.0000,0.0000,0.1000,0.0266,0.0399,9.8418,11.6799
29.7280,0.0000,0.0000,0.1519,-0.1624,-0.0017,0.3335,-0.3681,-0.0038,0.2773,-0.3693,0.1085,0.2773,-0.4159,0.1080,0.3488,-0.4845,0.1077,0.3040,0.0000,0.0061,-0.0173,-0.0001,0.0000,0.0000,0.1000,0.0266,0.0399,9.8420,11.6801
29.7360,0.0000,0.0000,0.1519,-0.1624,-0.0017,0.3335,-0.3681,-0.0039,0.2773,-0.3693,0.1085,0.2773,-0.4160,0.1080,0.3488,-0.4845,0.1077,0.3040,0.0000,0.0067,-0.0170,0.0000,0.0000,0.0000,0.1000,0.0266,0.0399,9.8420,11.6802
29.7440,0.0000,0.0000,0.1519,-0.1624,-0.0017,0.3335,-0.3681,-0.0039,0.2773,-0.3692,0.1085,0.2773,-0.4159,0.1080,0.3488,-0.4845,0.1077,0.3039,0.0000,0.0067,-0.0169,0.0000,0.0000,0.0000,0.1000,0.0266,0.0399,9.8422,11.6804
29.7520,0.0000,0.0000,0.1519,-0.1624,-0.0017,0.3336,-0.3681,-0.0039,0.2773,-0.3692,0.1085,0.2773,-0.4159,0.1080,0.3488,-0.4845,0.1077,0.3039,0.0000,0.0067,-0.0169,0.0000,0.0000,0.0000,0.1000,0.0266,0.0399,9.8423,11.6805
29.7600,0.0000,0.0000,0.1519,-0.1624,-0.0017,0.3336,-0.3681,-0.0039,0.2773,-0.3692,0.1085,0.2773,-0.4159,0.1080,0.3487,-0.4845,0.1077,0.3039,0.0000,0.0068,-0.0168,0.0001,0.0000,0.0000,0.1000,0.0266,0.0399,9.8425,11.6808
29.7680,0.0000,0.0000,0.1519,-0.1624,-0.0017,0.3336,-0.3680,-0.0039,0.2773,-0.3692,0.1085,0.2773,-0.4159,0.1080,0.3487,-0.4845,0.1076,0.3039,0.0000,0.0070,-0.0167,0.0001,0.0000,0.0000,0.1000,0.0266,0.0399,9.8426,11.6809
29.7760,0.0000,0.0000,0.1519,-0.1624,-0.0017,0.3336,-0.3680,-0.0039,0.2773,-0.3692,0.1085,0.2773,-0.4159,0.1080,0.3487,-0.4845,0.1077,0.3039,0.0000,0.0073,-0.0165,0.0002,0.0000,0.0000,0.1000,0.0266,0.0399,9.8428,11.6811
29.7840,0.0000,0.0000,0.1519,-0.1624,-0.0017,0.3336,-0.3680,-0.0039,0.2773,-0.3692,0.1085,0.2773,-0.4159,0.1080,0.3487,-0.4845,0.1077,0.3039,0.0000,0.0073,-0.0164,0.0002,0.0000,0.0000,0.1000,0.0266,0.0399,9.8429,11.6812
29.7920,0.0000,0.0000,0.1519,-0.1623,-0.0017,0.3336,-0.3680,-0.0039,0.2773,-0.3692,0.1085,0.2773,-0.4159,0.1080,0.3487,-0.4844,0.1077,0.3039,0.0000,0.0072,-0.0164,0.0002,0.0000,0.0000,0.1000,0.0266,0.0399,9.8432,11.6816
29.8000,0.0000,0.0000,0.1519,-0.1623,-0.0017,0.3336,-0.3680,-0.0039,0.2773,-0.3692,0.1085,0.2773,-0.4159,0.1080,0.3487,-0.4844,0.1077,0.3039,0.0000,0.0073,-0.0163,0.0002,0.0000,0.0000,0.1000,0.0266,0.0399,9.8432,11.6816
29.8080,0.0000,0.0000,0.1519,-0.1623,-0.0017,0.3336,-0.3680,-0.0039,0.2773,-0.3692,0.1085,0.2773,-0.4159,0.1080,0.3487,-0.4844,0.1077,0.3039,0.0000,0.0075,-0.0162,0.0002,0.0000,0.0000,0.1000,0.0266,0.0399,9.8433,11.6817
29.8160,0.0000,0.0000,0.1519,-0.1623,-0.0017,0.3336,-0.3680,-0.0039,0.2773,-0.3692,0.1085,0.2773,-0.4159,0.1080,0.3487,-0.4844,0.1077,0.3039,0.0000,0.0074,-0.0162,0.0002,0.0000,0.0000,0.1000,0.0266,0.0399,9.8436,11.6821
29.8240,0.0000,0.0000,0.1519,-0.1623,-0.0017,0.3336,-0.3680,-0.0039,0.2773,-0.3692,0.1085,0.2773,-0.4159,0.1080,0.3487,-0.4844,0.1077,0.3039,0.0000,0.0074,-0.0162,0.0002,0.0000,0.0000,0.1000,0.0266,0.0399,9.8436,11.6821
29.8320,0.0000,0.0000,0.1519,-0.1623,-0.0017,0.3336,-0.3680,-0.0038,0.2773,-0.3691,0.1085,0.2773,-0.4159,0.1080,0.3487,-0.4844,0.1077,0.3038,0.0000,0.0074,-0.0161,0.0002,0.0000,0.0000,0.1000,0.0266,0.0399,9.8439,11.6824
29.8400,0.0000,0.0000,0.1519,-0.1623,-0.0017,0.3336,-0.3680,-0.0039,0.2773,-0.3691,0.1085,0.2773,-0.4159,0.1080,0.3487,-0.4844,0.1077,0.3039,0.0000,0.0071,-0.0163,0.0001,0.0000,0.0000,0.1000,0.0266,0.0399,9.8439,11.6825
29.8480,0.0000,0.0000,0.1519,-0.1623,-0.0017,0.3336,-0.3680,-0.0039,0.2773,-0.3691,0.1085,0.2773,-0.4159,0.1080,0.3487,-0.4844,0.1077,0.3039,0.0000,0.0073,-0.0161,0.0002,0.0000,0.0000,0.1000,0.0266,0.0399,9.8441,11.6826
29.8560,0.0000,0.0000,0.1519,-0.1623,-0.0017,0.3336,-0.3679,-0.0039,0.2773,-0.3691,0.1085,0.2773,-0.4159,0.1080,0.3487,-0.4844,0.1077,0.3038,0.0000,0.0075,-0.0159,0.0002,0.0000,0.0000,0.1000,0.0266,0.0399,9.8443,11.6829
29.8640,0.0000,0.0000,0.1519,-0.1623,-0.0017,0.3336,-0.3679,-0.0039,0.2773,-0.3691,0.1085,0.2773,-0.4159,0.1080,0.3487,-0.4844,0.1076,0.3038,0.0000,0.0074,-0.0160,0.0002,0.0000,0.0000,0.1000,0.0266,0.0399,9.8442,11.6828
29.8720,0.0000,0.0000,0.1519,-0.1623,-0.0017,0.3336,-0.3679,-0.0039,0.2773,-0.3691,0.1085,0.2773,-0.4159,0.1080,0.3487,-0.4844,0.1076,0.3038,0.0000,0.0075,-0.0159,0.0003,0.0000,0.0000,0.1000,0.0266,0.0399,9.8444,11.6831
29.8800,0.0000,0.0000,0.1519,-0.1623,-0.0017,0.3336,-0.3679,-0.0039,0.2773,-0.3691,0.1085,0.2773,-0.4158,0.1080,0.3487,-0.4844,0.1077,0.3038,0.0000,0.0077,-0.0158,0.0003,0.0000,0.0000,0.1000,0.0266,0.0399,9.8446,11.6833
29.8880,0.0000,0.0000,0.1519,-0.1623,-0.0017,0.3336,-0.3679,-0.0039,0.2773,-0.3691,0.1085,0.2773,-0.4158,0.1080,0.3487,-0.4844,0.1077,0.3038,0.0000,0.0076,-0.0157,0.0003,0.0000,0.0000,0.1000,0.0266,0.0399,9.8447,11.6835
29.8960,0.0000,0.0000,0.1519,-0.1623,-0.0017,0.3337,-0.3679,-0.0038,0.2773,-0.3691,0.1085,0.2773,-0.4158,0.1080,0.3487,-0.4843,0.1077,0.3038,0.0000,0.0074,-0.0159,0.0002,0.0000,0.0000,0.1000,0.0266,0.0399,9.8448,11.6836
29.9040,0.0000,0.0000,0.1519,-0.1622,-0.0017,0.3337,-0.3679,-0.0039,0.2773,-0.3691,0.1085,0.2773,-0.4158,0.1080,0.3487,-0.4843,0.1077,0.3038,0.0000,0.0073,-0.0159,0.0002,0.0000,0.0000,0.1000,0.0266,0.0399,9.8449,11.6836
29.9120,0.0000,0.0000,0.1519,-0.1622,-0.0017,0.3337,-0.3679,-0.0039,0.2773,-0.3691,0.1085,0.2773,-0.4158,0.1080,0.3487,-0.4843,0.1077,0.3038,0.0000,0.0073,-0.0158,0.0002,0.0000,0.0000,0.1000,0.0266,0.0399,9.8451,11.6839
29.9200,0.0000,0.0000,0.1519,-0.1622,-0.0017,0.3337,-0.3679,-0.0039,0.2773,-0.3691,0.1085,0.2773,-0.4158,0.1080,0.3487,-0.4843,0.1077,0.3038,0.0000,0.0076,-0.0157,0.0003,0.0000,0.0000,0.1000,0.0266,0.0399,9.8452,11.6841
29.9280,0.0000,0.0000,0.1519,-0.1622,-0.0017,0.3337,-0.3679,-0.0039,0.2773,-0.3691,0.1085,0.2773,-0.4158,0.1080,0.3487,-0.4843,0.1077,0.3038,0.0000,0.0072,-0.0159,0.0002,0.0000,0.0000,0.1000,0.0266,0.0399,9.8452,11.6840
29.9360,0.0000,0.0000,0.1519,-0.1622,-0.0017,0.3337,-0.3679,-0.0039,0.2773,-0.3690,0.1085,0.2773,-0.4158,0.1080,0.3487,-0.4843,0.1076,0.3038,0.0000,0.0073,-0.0158,0.0002,0.0000,0.0000,0.1000,0.0266,0.0399,9.8453,11.6842
29.9440,0.0000,0.0000,0.1519,-0.1622,-0.0017,0.3337,-0.3679,-0.0038,0.2773,-0.3690,0.1085,0.2773,-0.4158,0.1080,0.3487,-0.4843,0.1077,0.3038,0.0000,0.0075,-0.0156,0.0003,0.0000,0.0000,0.1000,0.0266,0.0399,9.8456,11.6846
29.9520,0.0000,0.0000,0.1519,-0.1622,-0.0017,0.3337,-0.3678,-0.0039,0.2773,-0.3690,0.1085,0.2773,-0.4158,0.1080,0.3487,-0.4843,0.1077,0.3038,0.0000,0.0073,-0.0157,0.0002,0.0000,0.0000,0.1000,0.0266,0.0399,9.8456,11.6846
29.9600,0.0000,0.0000,0.1519,-0.1622,-0.0017,0.3337,-0.3678,-0.0038,0.2773,-0.3690,0.1085,0.2773,-0.4158,0.1080,0.3487,-0.4843,0.1077,0.3038,0.0000,0.0071,-0.0158,0.0002,0.0000,0.0000,0.1000,0.0266,0.0399,9.8459,11.6848
29.9680,0.0000,0.0000,0.1519,-0.1622,-0.0017,0.3337,-0.3678,-0.0038,0.2772,-0.3690,0.1085,0.2772,-0.4158,0.1080,0.3486,-0.4843,0.1077,0.3038,0.0000,0.0079,-0.0153,0.0004,0.0000,0.0000,0.1000,0.0266,0.0399,9.8460,11.6850
29.9760,0.0000,0.0000,0.1519,-0.1622,-0.0017,0.3337,-0.3678,-0.0039,0.2772,-0.3690,0.1085,0.2772,-0.4158,0.1080,0.3486,-0.4843,0.1077,0.3037,0.0000,0.0080,-0.0152,0.0004,0.0000,0.0000,0.1000,0.0266,0.0399,9.8462,11.6853
29.9840,0.0000,0.0000,0.1519,-0.1622,-0.0017,0.3337,-0.3678,-0.0039,0.2772,-0.3690,0.1085,0.2772,-0.4158,0.1080,0.3486,-0.4843,0.1077,0.3037,0.0000,0.0080,-0.0152,0.0004,0.0000,0.0000,0.1000,0.0266,0.0399,9.8462,11.6853
29.9920,0.0000,0.0000,0.1519,-0.1622,-0.0017,0.3337,-0.3678,-0.0039,0.2772,-0.3690,0.1085,0.2772,-0.4158,0.1080,0.3486,-0.4843,0.1077,0.3037,0.0000,0.0083,-0.0149,0.0005,0.0000,0.0000,0.1000,0.0266,0.0399,9.8465,11.6856
30.0000,0.0000,0.0000,0.1519,-0.1622,-0.0017,0.3337,-0.3678,-0.0039,0.2772,-0.3690,0.1085,0.2772,-0.4158,0.1080,0.3486,-0.4843,0.1077,0.3037,0.0000,0.0083,-0.0148,0.0005,0.0000,0.0000,0.1000,0.0266,0.0399,9.8467,11.6859
30.0080,0.0000,0.0000,0.1519,-0.1622,-0.0017,0.3337,-0.3678,-0.0038,0.2772,-0.3690,0.1085,0.2772,-0.4158,0.1080,0.3486,-0.4842,0.1077,0.3037,0.0000,0.0085,-0.0147,0.0005,0.0000,0.0000,0.1000,0.0266,0.0399,9.8469,11.6861
30.0160,0.0000,0.0000,0.1519,-0.1622,-0.0017,0.3337,-0.3678,-0.0039,0.2772,-0.3690,0.1085,0.2772,-0.4157,0.1080,0.3486,-0.4842,0.1077,0.3037,0.0000,0.0084,-0.0147,0.0005,0.0000,0.0000,0.1000,0.0266,0.0399,9.8470,11.6862
30.0240,0.0000,0.0000,0.1519,-0.1622,-0.0017,0.3337,-0.3678,-0.0039,0.2772,-0.3689,0.1085,0.2772,-0.4157,0.1080,0.3486,-0.4842,0.1077,0.3037,0.0000,0.0087,-0.0145,0.0006,0.0000,0.0000,0.1000,0.0266,0.0399,9.8471,11.6864
30.0320,0.0000,0.0000,0.1519,-0.1621,-0.0017,0.3338,-0.3678,-0.0039,0.2772,-0.3689,0.1085,0.2772,-0.4157,0.1080,0.3486,-0.4842,0.1077,0.3037,0.0000,0.0084,-0.0146,0.0005,0.0000,0.0000,0.1000,0.0266,0.0399,9.8472,11.6865
30.0400,0.0000,0.0000,0.1519,-0.1621,-0.0017,0.3338,-0.3677,-0.0039,0.2772,-0.3689,0.1085,0.2772,-0.4157,0.1080,0.3486,-0.4842,0.1077,0.3037,0.0000,0.0084,-0.0146,0.0005,0.0000,0.0000,0.1000,0.0266,0.0399,9.8473,11.6866
30.0480,0.0000,0.0000,0.1519,-0.1621,-0.0017,0.3338,-0.3677,-0.0039,0.2772,-0.3689,0.1085,0.2772,-0.4157,0.1080,0.3486,-0.4842,0.1077,0.3037,0.0000,0.0085,-0.0146,0.0005,0.0000,0.0000,0.1000,0.0266,0.0399,9.8473,11.6866
30.0560,0.0000,0.0000,0.1519,-0.1621,-0.0017,0.3338,-0.3677,-0.0038,0.2772,-0.3689,0.1085,0.2772,-0.4157,0.1080,0.3486,-0.4842,0.1077,0.3037,0.0000,0.0079,-0.0148,0.0004,0.0000,0.0000,0.1000,0.0266,0.0399,9.8476,11.6870
30.0640,0.0000,0.0000,0.1519,-0.1621,-0.0017,0.3338,-0.3677,-0.0039,0.2773,-0.3689,0.1085,0.2773,-0.4157,0.1080,0.3486,-0.4842,0.1077,0.3037,0.0000,0.0079,-0.0148,0.0004,0.0000,0.0000,0.1000,0.0266,0.0399,9.8477,11.6871
30.0720,0.0000,0.0000,0.1519,-0.1621,-0.0017,0.3338,-0.3677,-0.0039,0.2772,-0.3689,0.1085,0.2772,-0.4157,0.1080,0.3486,-0.4842,0.1077,0.3037,0.0000,0.0083,-0.0146,0.0005,0.0000,0.0000,0.1000,0.0266,0.0399,9.8478,11.6872
30.0800,0.0000,0.0000,0.1519,-0.1621,-0.0017,0.3338,-0.3677,-0.0039,0.2772,-0.3689,0.1085,0.2772,-0.4157,0.1080,0.3486,-0.4842,0.1077,0.3037,0.0000,0.0081,-0.0147,0.0004,0.0000,0.0000,0.1000,0.0266,0.0399,9.8478,11.6872
30.0880,0.0000,0.0000,0.1519,-0.1621,-0.0017,0.3338,-0.3677,-0.0039,0.2773,-0.3689,0.1085,0.2773,-0.4157,0.1080,0.3486,-0.4842,0.1076,0.3037,0.0000,0.0079,-0.0148,0.0004,0.0000,0.0000,0.1000,0.0266,0.0399,9.8479,11.6873
30.0960,0.0000,0.0000,0.1519,-0.1621,-0.0017,0.3338,-0.3677,-0.0039,0.2773,-0.3689,0.1085,0.2773,-0.4157,0.1080,0.3486,-0.4842,0.1077,0.3037,0.0000,0.0079,-0.0147,0.0004,0.0000,0.0000,0.1000,0.0266,0.0399,9.8481,11.6876
30.1040,0.0000,0.0000,0.1519,-0.1621,-0.0017,0.3338,-0.3677,-0.0039,0.2773,-0.3689,0.1085,0.2773,-0.4157,0.1080,0.3486,-0.4842,0.1077,0.3037,0.0000,0.0078,-0.0148,0.0004,0.0000,0.0000,0.1000,0.0266,0.0399,9.8482,11.6877
30.1120,0.0000,0.0000,0.1519,-0.1621,-0.0017,0.3338,-0.3677,-0.0039,0.2773,-0.3689,0.1085,0.2773,-0.4157,0.1080,0.3486,-0.4841,0.1077,0.3037,0.0000,0.0076,-0.0148,0.0003,0.0000,0.0000,0.1000,0.0266,0.0399,9.8482,11.6877
30.1200,0.0000,0.0000,0.1519,-0.1621,-0.0017,0.3338,-0.3677,-0.0039,0.2772,-0.3688,0.1085,0.2772,-0.4157,0.1080,0.3486,-0.4841,0.1077,0.3037,0.0000,0.0080,-0.0146,0.0004,0.0000,0.0000,0.1000,0.0266,0.0399,9.8485,11.6880
30.1280,0.0000,0.0000,0.1519,-0.1621,-0.0017,0.3338,-0.3677,-0.0039,0.2773,-0.3688,0.1085,0.2773,-0.4156,0.1080,0.3486,-0.4841,0.1077,0.3037,0.0000,0.0078,-0.0147,0.0004,0.0000,0.0000,0.1000,0.0266,0.0399,9.8486,11.6882
30.1360,0.0000,0.0000,0.1519,-0.1621,-0.0017,0.3338,-0.3677,-0.0039,0.2773,-0.3688,0.1085,0.2773,-0.4156,0.1080,0.3486,-0.4841,0.1077,0.3037,0.0000,0.0077,-0.0147,0.0004,0.0000,0.0000,0.1000,0.0266,0.0399,9.8485,11.6880
30.1440,0.0000,0.0000,0.1519,-0.1620,-0.0017,0.3338,-0.3676,-0.0039,0.2773,-0.3688,0.1085,0.2773,-0.4156,0.1080,0.3486,-0.4841,0.1077,0.3037,0.0000,0.0079,-0.0145,0.0004,0.0000,0.0000,0.1000,0.0266,0.0399,9.8488,11.6884
30.1520,0.0000,0.0000,0.1519,-0.1620,-0.0017,0.3338,-0.3676,-0.0039,0.2773,-0.3688,0.1085,0.2773,-0.4156,0.1080,0.3486,-0.4841,0.1077,0.3037,0.0000,0.0079,-0.0145,0.0004,0.0000,0.0000,0.1000,0.0266,0.0399,9.8489,11.6886
30.1600,0.0000,0.0000,0.1519,-0.1620,-0.0017,0.3338,-0.3676,-0.0038,0.2773,-0.3688,0.1085,0.2773,-0.4156,0.1080,0.3486,-0.4841,0.1077,0.3037,0.0000,0.0078,-0.0146,0.0004,0.0000,0.0000,0.1000,0.0266,0.0399,9.8490,11.6887
30.1680,0.0000,0.0000,0.1519,-0.1620,-0.0017,0.3339,-0.3676,-0.0039,0.2773,-0.3688,0.1085,0.2773,-0.4156,0.1080,0.3486,-0.4841,0.1077,0.3037,0.0000,0.0079,-0.0145,0.0004,0.0000,0.0000,0.1000,0.0266,0.0399,9.8492,11.6889
30.1760,0.0000,0.0000,0.1519,-0.1620,-0.0017,0.3339,-0.3676,-0.0039,0.2772,-0.3688,0.1085,0.2772,-0.4156,0.1080,0.3486,-0.4841,0.1077,0.3037,0.0000,0.0081,-0.0143,0.0005,0.0000,0.0000,0.1000,0.0266,0.0399,9.8493,11.6890
30.1840,0.0000,0.0000,0.1519,-0.1620,-0.0017,0.3339,-0.3676,-0.0039,0.2772,-0.3688,0.1085,0.2772,-0.4156,0.1080,0.3486,-0.4841,0.1077,0.3037,0.0000,0.0080,-0.0143,0.0004,0.0000,0.0000,0.1000,0.0266,0.0399,9.8493,11.6890
30.1920,0.0000,0.0000,0.1519,-0.1620,-0.0017,0.3339,-0.3676,-0.0039,0.2772,-0.3688,0.1085,0.2772,-0.4156,0.1080,0.3486,-0.4841,0.1076,0.3037,0.0000,0.0081,-0.0142,0.0005,0.0000,0.0000,0.1000,0.0266,0.0399,9.8495,11.6893
30.2000,0.0000,0.0000,0.1519,-0.1620,-0.0017,0.3339,-0.3676,-0.0039,0.2773,-0.3688,0.1085,0.2773,-0.4156,0.1080,0.3486,-0.4841,0.1077,0.3037,0.0000,0.0080,-0.0142,0.0004,0.0000,0.0000,0.1000,0.0266,0.0399,9.8497,11.6895
30.2080,0.0000,0.0000,0.1519,-0.1620,-0.0017,0.3339,-0.3676,-0.0039,0.2772,-0.3688,0.1085,0.2772,-0.4156,0.1080,0.3486,-0.4841,0.1077,0.3036,0.0000,0.0082,-0.0141,0.0005,0.0000,0.0000,0.1000,0.0266,0.0399,9.8498,11.6897
30.2160,0.0000,0.0000,0.1519,-0.1620,-0.0017,0.3339,-0.3676,-0.0039,0.2773,-0.3688,0.1085,0.2773,-0.4156,0.1080,0.3486,-0.4841,0.1077,0.3037,0.0000,0.0079,-0.0143,0.0004,0.0000,0.0000,0.1000,0.0266,0.0399,9.8498,11.6896
30.2240,0.0000,0.0000,0.1519,-0.1620,-0.0017,0.3339,-0.3676,-0.0039,0.2772,-0.3687,0.1085,0.2772,-0.4156,0.1080,0.3486,-0.4840,0.1077,0.3036,0.0000,0.0082,-0.0140,0.0005,0.0000,0.0000,0.1000,0.0266,0.0399,9.8501,11.6900
30.2320,0.0000,0.0000,0.1519,-0.1620,-0.0017,0.3339,-0.3676,-0.0039,0.2772,-0.3687,0.1085,0.2772,-0.4156,0.1080,0.3486,-0.4840,0.1077,0.3036,0.0000,0.0084,-0.0138,0.0006,0.0000,0.0000,0.1000,0.0266,0.0399,9.8502,11.6902
30.2400,0.0000,0.0000,0.1519,-0.1620,-0.0017,0.3339,-0.3676,-0.0039,0.2772,-0.3687,0.1085,0.2772,-0.4156,0.1080,0.3486,-0.4840,0.1077,0.3036,0.0000,0.0083,-0.0139,0.0005,0.0000,0.0000,0.1000,0.0266,0.0399,9.8502,11.6901
30.2480,0.0000,0.0000,0.1519,-0.1620,-0.0017,0.3339,-0.3675,-0.0039,0.2772,-0.3687,0.1085,0.2772,-0.4156,0.1080,0.3486,-0.4840,0.1077,0.3036,0.0000,0.0081,-0.0140,0.0005,0.0000,0.0000,0.1000,0.0266,0.0399,9.8504,11.6904
30.2560,0.0000,0.0000,0.1519,-0.1620,-0.0017,0.3339,-0.3675,-0.0039,0.2772,-0.3687,0.1085,0.2772,-0.4156,0.1080,0.3486,-0.4840,0.1077,0.3036,0.0000,0.0082,-0.0139,0.0005,0.0000,0.0000,0.1000,0.0266,0.0399,9.8506,11.6907
30.2640,0.0000,0.0000,0.1519,-0.1620,-0.0017,0.3339,-0.3675,-0.0039,0.2772,-0.3687,0.1085,0.2772,-0.4156,0.1080,0.3486,-0.4840,0.1077,0.3036,0.0000,0.0083,-0.0138,0.0005,0.0000,0.0000,0.1000,0.0266,0.0399,9.8506,11.6906
30.2720,0.0000,0.0000,0.1519,-0.1620,-0.0017,0.3339,-0.3675,-0.0039,0.2773,-0.3687,0.1085,0.2773,-0.4155,0.1080,0.3486,-0.4840,0.1077,0.3037,0.0000,0.0079,-0.0141,0.0004,0.0000,0.0000,0.1000,0.0266,0.0399,9.8507,11.6907
30.2800,0.0000,0.0000,0.1519,-0.1619,-0.0017,0.3339,-0.3675,-0.0039,0.2773,-0.3687,0.1085,0.2773,-0.4155,0.1080,0.3486,-0.4840,0.1077,0.3036,0.0000,0.0079,-0.0140,0.0004,0.0000,0.0000,0.1000,0.0266,0.0399,9.8509,11.6910
30.2880,0.0000,0.0000,0.1519,-0.1619,-0.0017,0.3339,-0.3675,-0.0039,0.2772,-0.3687,0.1085,0.2772,-0.4155,0.1080,0.3486,-0.4840,0.1077,0.3036,0.0000,0.0083,-0.0137,0.0005,0.0000,0.0000,0.1000,0.0266,0.0399,9.8510,11.6911
30.2960,0.0000,0.0000,0.1519,-0.1619,-0.0017,0.3339,-0.3675,-0.0039,0.2772,-0.3687,0.1085,0.2772,-0.4155,0.1080,0.3486,-0.4840,0.1077,0.3036,0.0000,0.0082,-0.0137,0.0005,0.0000,0.0000,0.1000,0.0266,0.0399,9.8511,11.6913
30.3040,0.0000,0.0000,0.1519,-0.1619,-0.0017,0.3340,-0.3675,-0.0039,0.2772,-0.3687,0.1085,0.2772,-0.4155,0.1080,0.3486,-0.4840,0.1077,0.3036,0.0000,0.0083,-0.0136,0.0005,0.0000,0.0000,0.1000,0.0266,0.0399,9.8513,11.6915
30.3120,0.0000,0.0000,0.1519,-0.1619,-0.0017,0.3340,-0.3675,-0.0039,0.2772,-0.3687,0.1085,0.2772,-0.4155,0.1080,0.3486,-0.4840,0.1077,0.3036,0.0000,0.0082,-0.0137,0.0005,0.0000,0.0000,0.1000,0.0266,0.0399,9.8514,11.6916
30.3200,0.0000,0.0000,0.1519,-0.1619,-0.0017,0.3340,-0.3675,-0.0039,0.2773,-0.3686,0.1085,0.2773,-0.4155,0.1080,0.3486,-0.4840,0.1077,0.3036,0.0000,0.0079,-0.0138,0.0005,0.0000,0.0000,0.1000,0.0266,0.0399,9.8515,11.6917
30.3280,0.0000,0.0000,0.1519,-0.1619,-0.0017,0.3340,-0.3675,-0.0039,0.2772,-0.3686,0.1085,0.2772,-0.4155,0.1080,0.3486,-0.4840,0.1077,0.3036,0.0000,0.0083,-0.0136,0.0005,0.0000,0.0000,0.1000,0.0266,0.0399,9.8516,11.6918
30.3360,0.0000,0.0000,0.1519,-0.1619,-0.0017,0.3340,-0.3675,-0.0039,0.2772,-0.3686,0.1085,0.2772,-0.4155,0.1080,0.3486,-0.4839,0.1077,0.3036,0.0000,0.0083,-0.0135,0.0005,0.0000,0.0000,0.1000,0.0266,0.0399,9.8518,11.6920
30.3440,0.0000,0.0000,0.1519,-0.1619,-0.0017,0.3340,-0.3675,-0.0039,0.2772,-0.3686,0.1085,0.2772,-0.4155,0.1080,0.3486,-0.4839,0.1077,0.3036,0.0000,0.0082,-0.0136,0.0005,0.0000,0.0000,0.1000,0.0266,0.0399,9.8518,11.6921
30.3520,0.0000,0.0000,0.1519,-0.1619,-0.0017,0.3340,-0.3674,-0.0039,0.2773,-0.3686,0.1085,0.2773,-0.4155,0.1080,0.3486,-0.4839,0.1077,0.3036,0.0000,0.0079,-0.0137,0.0005,0.0000,0.0000,0.1000,0.0266,0.0399,9.8519,11.6922
30.3600,0.0000,0.0000,0.1519,-0.1619,-0.0017,0.3340,-0.3674,-0.0039,0.2772,-0.3686,0.1085,0.2772,-0.4155,0.1080,0.3485,-0.4839,0.1077,0.3036,0.0000,0.0084,-0.0133,0.0006,0.0000,0.0000,0.1000,0.0266,0.0399,9.8521,11.6925
30.3680,0.0000,0.0000,0.1519,-0.1619,-0.0017,0.3340,-0.3674,-0.0039,0.2772,-0.3686,0.1085,0.2772,-0.4155,0.1080,0.3486,-0.4839,0.1077,0.3036,0.0000,0.0082,-0.0135,0.0005,0.0000,0.0000,0.1000,0.0266,0.0399,9.8523,11.6926
30.3760,0.0000,0.0000,0.1519,-0.1619,-0.0017,0.3340,-0.3674,-0.0039,0.2773,-0.3686,0.1085,0.2773,-0.4155,0.1080,0.3486,-0.4839,0.1077,0.3036,0.0000,0.0079,-0.0136,0.0005,0.0000,0.0000,0.1000,0.0266,0.0399,9.8523,11.6926
30.3840,0.0000,0.0000,0.1519,-0.1619,-0.0017,0.3340,-0.3674,-0.0039,0.2772,-0.3686,0.1085,0.2772,-0.4155,0.1080,0.3486,-0.4839,0.1077,0.3036,0.0000,0.0083,-0.0134,0.0006,0.0000,0.0000,0.1000,0.0266,0.0399,9.8524,11.6928
30.3920,0.0000,0.0000,0.1519,-0.1619,-0.0017,0.3340,-0.3674,-0.0039,0.2772,-0.3686,0.1085,0.2772,-0.4155,0.1080,0.3486,-0.4839,0.1077,0.3036,0.0000,0.0082,-0.0134,0.0005,0.0000,0.0000,0.1000,0.0266,0.0399,9.8525,11.6930
30.4000,0.0000,0.0000,0.1519,-0.1619,-0.0017,0.3340,-0.3674,-0.0039,0.2772,-0.3686,0.1085,0.2772,-0.4154,0.1080,0.3486,-0.4839,0.1077,0.3036,0.0000,0.0080,-0.0135,0.0005,0.0000,0.0000,0.1000,0.0266,0.0399,9.8525,11.6930
30.4080,0.0000,0.0000,0.1519,-0.1618,-0.0017,0.3340,-0.3674,-0.0039,0.2772,-0.3686,0.1085,0.2772,-0.4154,0.1080,0.3486,-0.4839,0.1077,0.3036,0.0000,0.0081,-0.0133,0.0005,0.0000,0.0000,0.1000,0.0266,0.0399,9.8529,11.6934
30.4160,0.0000,0.0000,0.1519,-0.1618,-0.0017,0.3340,-0.3674,-0.0039,0.2773,-0.3685,0.1085,0.2773,-0.4154,0.1080,0.3486,-0.4839,0.1077,0.3036,0.0000,0.0079,-0.0134,0.0005,0.0000,0.0000,0.1000,0.0266,0.0399,9.8530,11.6936
30.4240,0.0000,0.0000,0.1519,-0.1618,-0.0017,0.3340,-0.3674,-0.0039,0.2772,-0.3685,0.1085,0.2772,-0.4154,0.1080,0.3486,-0.4839,0.1077,0.3036,0.0000,0.0081,-0.0133,0.0005,0.0000,0.0000,0.1000,0.0266,0.0399,9.8531,11.6937
30.4320,0.0000,0.0000,0.1519,-0.1618,-0.0017,0.3340,-0.3674,-0.0039,0.2773,-0.3685,0.1085,0.2773,-0.4154,0.1080,0.3486,-0.4839,0.1077,0.3036,0.0000,0.0078,-0.0135,0.0005,0.0000,0.0000,0.1000,0.0266,0.0399,9.8530,11.6936
30.4400,0.0000,0.0000,0.1519,-0.1618,-0.0017,0.3341,-0.3673,-0.0039,0.2773,-0.3685,0.1085,0.2773,-0.4154,0.1080,0.3486,-0.4838,0.1076,0.3036,0.0000,0.0080,-0.0133,0.0005,0.0000,0.0000,0.1000,0.0266,0.0399,9.8533,11.6939
30.4480,0.0000,0.0000,0.1519,-0.1618,-0.0017,0.3341,-0.3673,-0.0039,0.2772,-0.3685,0.1085,0.2772,-0.4154,0.1080,0.3485,-0.4838,0.1077,0.3036,0.0000,0.0082,-0.0131,0.0006,0.0000,0.0000,0.1000,0.0266,0.0399,9.8535,11.6941
30.4560,0.0000,0.0000,0.1519,-0.1618,-0.0017,0.3341,-0.3673,-0.0039,0.2773,-0.3685,0.1085,0.2773,-0.4154,0.1080,0.3486,-0.4838,0.1077,0.3036,0.0000,0.0077,-0.0134,0.0004,0.0000,0.0000,0.1000,0.0266,0.0399,9.8536,11.6942
30.4640,0.0000,0.0000,0.1519,-0.1618,-0.0017,0.3341,-0.3673,-0.0039,0.2773,-0.3685,0.1085,0.2773,-0.4154,0.1080,0.3486,-0.4838,0.1077,0.3036,0.0000,0.0078,-0.0133,0.0005,0.0000,0.0000,0.1000,0.0266,0.0399,9.8537,11.6945
30.4720,0.0000,0.0000,0.1519,-0.1618,-0.0017,0.3341,-0.3673,-0.0038,0.2772,-0.3685,0.1085,0.2772,-0.4154,0.1080,0.3486,-0.4838,0.1077,0.3036,0.0000,0.0081,-0.0130,0.0006,0.0000,0.0000,0.1000,0.0266,0.0399,9.8540,11.6947
30.4800,0.0000,0.0000,0.1519,-0.1618,-0.0017,0.3341,-0.3673,-0.0039,0.2773,-0.3685,0.1085,0.2773,-0.4154,0.1080,0.3486,-0.4838,0.1077,0.3036,0.0000,0.0079,-0.0132,0.0005,0.0000,0.0000,0.1000,0.0266,0.0399,9.8539,11.6946
30.4880,0.0000,0.0000,0.1519,-0.1618,-0.0017,0.3341,-0.3673,-0.0039,0.2772,-0.3685,0.1085,0.2772,-0.4154,0.1080,0.3486,-0.4838,0.1077,0.3036,0.0000,0.0081,-0.0130,0.0005,0.0000,0.0000,0.1000,0.0266,0.0399,9.8541,11.6949
30.4960,0.0000,0.0000,0.1519,-0.1618,-0.0017,0.3341,-0.3673,-0.0038,0.2772,-0.3685,0.1085,0.2772,-0.4154,0.1080,0.3486,-0.4838,0.1077,0.3036,0.0000,0.0079,-0.0131,0.0005,0.0000,0.0000,0.1000,0.0266,0.0399,9.8543,11.6951
30.5040,0.0000,0.0000,0.1519,-0.1618,-0.0017,0.3341,-0.3673,-0.0039,0.2772,-0.3685,0.1085,0.2772,-0.4154,0.1080,0.3485,-0.4838,0.1077,0.3035,0.0000,0.0082,-0.0129,0.0006,0.0000,0.0000,0.1000,0.0266,0.0399,9.8542,11.6950
30.5120,0.0000,0.0000,0.1519,-0.1618,-0.0017,0.3341,-0.3673,-0.0039,0.2772,-0.3685,0.1085,0.2772,-0.4154,0.1080,0.3486,-0.4838,0.1077,0.3036,0.0000,0.0080,-0.0130,0.0005,0.0000,0.0000,0.1000,0.0266,0.0399,9.8543,11.6952
30.5200,0.0000,0.0000,0.1519,-0.1617,-0.0017,0.3341,-0.3673,-0.0039,0.2773,-0.3684,0.1085,0.2773,-0.4153,0.1080,0.3486,-0.4838,0.1077,0.3036,0.0000,0.0079,-0.0130,0.0005,0.0000,0.0000,0.1000,0.0266,0.0399,9.8546,11.6955
30.5280,0.0000,0.0000,0.1519,-0.1617,-0.0017,0.3341,-0.3673,-0.0039,0.2773,-0.3684,0.1085,0.2773,-0.4153,0.1080,0.3486,-0.4838,0.1077,0.3036,0.0000,0.0077,-0.0132,0.0005,0.0000,0.0000,0.1000,0.0266,0.0399,9.8546,11.6954
30.5360,0.0000,0.0000,0.1519,-0.1617,-0.0017,0.3341,-0.3673,-0.0039,0.2773,-0.3684,0.1085,0.2773,-0.4153,0.1080,0.3486,-0.4838,0.1077,0.3036,0.0000,0.0077,-0.0131,0.0005,0.0000,0.0000,0.1000,0.0266,0.0399,9.8547,11.6957
30.5440,0.0000,0.0000,0.1519,-0.1617,-0.0017,0.3341,-0.3672,-0.0039,0.2773,-0.3684,0.1085,0.2773,-0.4153,0.1080,0.3486,-0.4838,0.1077,0.3036,0.0000,0.0079,-0.0130,0.0005,0.0000,0.0000,0.1000,0.0266,0.0399,9.8548,11.6957
30.5520,0.0000,0.0000,0.1519,-0.1617,-0.0017,0.3341,-0.3672,-0.0039,0.2773,-0.3684,0.1085,0.2773,-0.4153,0.1080,0.3486,-0.4837,0.1077,0.3036,0.0000,0.0076,-0.0131,0.0004,0.0000,0.0000,0.1000,0.0266,0.0399,9.8549,11.6959
30.5600,0.0000,0.0000,0.1519,-0.1617,-0.0017,0.3341,-0.3672,-0.0039,0.2773,-0.3684,0.1085,0.2773,-0.4153,0.1080,0.3486,-0.4837,0.1077,0.3036,0.0000,0.0076,-0.0131,0.0004,0.0000,0.0000,0.1000,0.0266,0.0399,9.8550,11.6959
30.5680,0.0000,0.0000,0.1519,-0.1617,-0.0017,0.3341,-0.3672,-0.0038,0.2773,-0.3684,0.1085,0.2773,-0.4153,0.1080,0.3486,-0.4837,0.1077,0.3036,0.0000,0.0078,-0.0129,0.0005,0.0000,0.0000,0.1000,0.0266,0.0399,9.8552,11.6962
30.5760,0.0000,0.0000,0.1519,-0.1617,-0.0017,0.3342,-0.3672,-0.0038,0.2773,-0.3684,0.1085,0.2773,-0.4153,0.1080,0.3486,-0.4837,0.1077,0.3036,0.0000,0.0074,-0.0132,0.0004,0.0000,0.0000,0.1000,0.0266,0.0399,9.8553,11.6963
30.5840,0.0000,0.0000,0.1519,-0.1617,-0.0017,0.3342,-0.3672,-0.0038,0.2773,-0.3684,0.1085,0.2773,-0.4153,0.1080,0.3486,-0.4837,0.1077,0.3036,0.0000,0.0076,-0.0130,0.0004,0.0000,0.0000,0.1000,0.0266,0.0399,9.8554,11.6965
30.5920,0.0000,0.0000,0.1519,-0.1617,-0.0017,0.3342,-0.3672,-0.0038,0.2773,-0.3684,0.1085,0.2773,-0.4153,0.1080,0.3486,-0.4837,0.1077,0.3036,0.0000,0.0076,-0.0130,0.0004,0.0000,0.0000,0.1000,0.0266,0.0399,9.8555,11.6966
30.6000,0.0000,0.0000,0.1519,-0.1617,-0.0017,0.3342,-0.3672,-0.0038,0.2773,-0.3684,0.1085,0.2773,-0.4153,0.1080,0.3486,-0.4837,0.1077,0.3036,0.0000,0.0074,-0.0130,0.0004,0.0000,0.0000,0.1000,0.0266,0.0399,9.8557,11.6968
30.6080,0.0000,0.0000,0.1519,-0.1617,-0.0017,0.3342,-0.3672,-0.0038,0.2773,-0.3684,0.1085,0.2773,-0.4153,0.1080,0.3486,-0.4837,0.1077,0.3035,0.0000,0.0078,-0.0128,0.0005,0.0000,0.0000,0.1000,0.0266,0.0399,9.8557,11.6968
30.6160,0.0000,0.0000,0.1519,-0.1617,-0.0017,0.3342,-0.3672,-0.0039,0.2773,-0.3684,0.1085,0.2773,-0.4153,0.1080,0.3486,-0.4837,0.1077,0.3036,0.0000,0.0076,-0.0129,0.0005,0.0000,0.0000,0.1000,0.0266,0.0399,9.8558,11.6969
30.6240,0.0000,0.0000,0.1519,-0.1617,-0.0017,0.3342,-0.3672,-0.0039,0.2773,-0.3684,0.1085,0.2773,-0.4153,0.1080,0.3486,-0.4837,0.1077,0.3035,0.0000,0.0078,-0.0128,0.0005,0.0000,0.0000,0.1000,0.0266,0.0399,9.8559,11.6971
30.6320,0.0000,0.0000,0.1519,-0.1617,-0.0017,0.3342,-0.3672,-0.0038,0.2773,-0.3683,0.1085,0.2773,-0.4153,0.1080,0.3486,-0.4837,0.1077,0.3035,0.0000,0.0076,-0.0128,0.0005,0.0000,0.0000,0.1000,0.0266,0.0399,9.8561,11.6973
30.6400,0.0000,0.0000,0.1519,-0.1617,-0.0017,0.3342,-0.3672,-0.0039,0.2773,-0.3683,0.1085,0.2773,-0.4152,0.1080,0.3486,-0.4837,0.1077,0.3036,0.0000,0.0075,-0.0128,0.0004,0.0000,0.0000,0.1000,0.0266,0.0399,9.8562,11.6974
30.6480,0.0000,0.0000,0.1519,-0.1616,-0.0017,0.3342,-0.3671,-0.0039,0.2773,-0.3683,0.1085,0.2773,-0.4152,0.1080,0.3486,-0.4837,0.1077,0.3036,0.0000,0.0075,-0.0128,0.0004,0.0000,0.0000,0.1000,0.0266,0.0399,9.8563,11.6976
30.6560,0.0000,0.0000,0.1519,-0.1616,-0.0017,0.3342,-0.3671,-0.0039,0.2773,-0.3683,0.1085,0.2773,-0.4152,0.1080,0.3486,-0.4837,0.1077,0.3035,0.0000,0.0077,-0.0126,0.0005,0.0000,0.0000,0.1000,0.0266,0.0399,9.8564,11.6977
30.6640,0.0000,0.0000,0.1519,-0.1616,-0.0017,0.3342,-0.3671,-0.0038,0.2773,-0.3683,0.1085,0.2773,-0.4152,0.1080,0.3486,-0.4836,0.1077,0.3035,0.0000,0.0076,-0.0127,0.0005,0.0000,0.0000,0.1000,0.0266,0.0399,9.8565,11.6978
30.6720,0.0000,0.0000,0.1519,-0.1616,-0.0017,0.3342,-0.3671,-0.0039,0.2773,-0.3683,0.1085,0.2773,-0.4152,0.1080,0.3486,-0.4836,0.1077,0.3035,0.0000,0.0076,-0.0126,0.0005,0.0000,0.0000,0.1000,0.0266,0.0399,9.8567,11.6981
30.6800,0.0000,0.0000,0.1519,-0.1616,-0.0017,0.3342,-0.3671,-0.0039,0.2773,-0.3683,0.1085,0.2773,-0.4152,0.1080,0.3486,-0.4836,0.1077,0.3035,0.0000,0.0075,-0.0127,0.0005,0.0000,0.0000,0.1000,0.0266,0.0399,9.8567,11.6981
30.6880,0.0000,0.0000,0.1519,-0.1616,-0.0017,0.3342,-0.3671,-0.0039,0.2773,-0.3683,0.1085,0.2773,-0.4152,0.1080,0.3486,-0.4836,0.1077,0.3036,0.0000,0.0072,-0.0129,0.0004,0.0000,0.0000,0.1000,0.0266,0.0399,9.8568,11.6982
30.6960,0.0000,0.0000,0.1519,-0.1616,-0.0017,0.3342,-0.3671,-0.0039,0.2773,-0.3683,0.1085,0.2773,-0.4152,0.1080,0.3486,-0.4836,0.1077,0.3035,0.0000,0.0074,-0.0127,0.0004,0.0000,0.0000,0.1000,0.0266,0.0399,9.8571,11.6986
30.7040,0.0000,0.0000,0.1519,-0.1616,-0.0017,0.3342,-0.3671,-0.0038,0.2773,-0.3683,0.1085,0.2773,-0.4152,0.1080,0.3485,-0.4836,0.1077,0.3035,0.0000,0.0078,-0.0124,0.0005,0.0000,0.0000,0.1000,0.0266,0.0399,9.8572,11.6987
30.7120,0.0000,0.0000,0.1519,-0.1616,-0.0017,0.3342,-0.3671,-0.0039,0.2773,-0.3683,0.1085,0.2773,-0.4152,0.1080,0.3486,-0.4836,0.1077,0.3035,0.0000,0.0074,-0.0127,0.0004,0.0000,0.0000,0.1000,0.0266,0.0399,9.8571,11.6986
30.7200,0.0000,0.0000,0.1519,-0.1616,-0.0017,0.3343,-0.3671,-0.0038,0.2773,-0.3683,0.1085,0.2773,-0.4152,0.1080,0.3486,-0.4836,0.1077,0.3035,0.0000,0.0075,-0.0126,0.0004,0.0000,0.0000,0.1000,0.0266,0.0399,9.8574,11.6989
30.7280,0.0000,0.0000,0.1519,-0.1616,-0.0017,0.3343,-0.3671,-0.0039,0.2773,-0.3682,0.1085,0.2773,-0.4152,0.1080,0.3486,-0.4836,0.1077,0.3035,0.0000,0.0076,-0.0124,0.0005,0.0000,0.0000,0.1000,0.0266,0.0399,9.8575,11.6991
30.7360,0.0000,0.0000,0.1519,-0.1616,-0.0017,0.3343,-0.3671,-0.0038,0.2773,-0.3682,0.1085,0.2773,-0.4152,0.1080,0.3485,-0.4836,0.1077,0.3035,0.0000,0.0078,-0.0123,0.0005,0.0000,0.0000,0.1000,0.0266,0.0399,9.8576,11.6991
30.7440,0.0000,0.0000,0.1519,-0.1616,-0.0017,0.3343,-0.3671,-0.0039,0.2773,-0.3682,0.1085,0.2773,-0.4152,0.1080,0.3486,-0.4836,0.1077,0.3035,0.0000,0.0074,-0.0126,0.0004,0.0000,0.0000,0.1000,0.0266,0.0399,9.8575,11.6991
30.7520,0.0000,0.0000,0.1519,-0.1616,-0.0017,0.3343,-0.3670,-0.0039,0.2773,-0.3682,0.1085,0.2773,-0.4152,0.1080,0.3486,-0.4836,0.1076,0.3035,0.0000,0.0074,-0.0125,0.0004,0.0000,0.0000,0.1000,0.0266,0.0399,9.8578,11.6993
30.7600,0.0000,0.0000,0.1519,-0.1616,-0.0017,0.3343,-0.3670,-0.0039,0.2773,-0.3682,0.1085,0.2773,-0.4152,0.1080,0.3486,-0.4836,0.1077,0.3035,0.0000,0.0074,-0.0125,0.0004,0.0000,0.0000,0.1000,0.0266,0.0399,9.8579,11.6995
30.7680,0.0000,0.0000,0.1519,-0.1616,-0.0017,0.3343,-0.3670,-0.0039,0.2773,-0.3682,0.1085,0.2773,-0.4152,0.1080,0.3486,-0.4836,0.1077,0.3035,0.0000,0.0074,-0.0125,0.0004,0.0000,0.0000,0.1000,0.0266,0.0399,9.8579,11.6995
30.7760,0.0000,0.0000,0.1519,-0.1615,-0.0017,0.3343,-0.3670,-0.0038,0.2773,-0.3682,0.1085,0.2773,-0.4151,0.1080,0.3486,-0.4835,0.1077,0.3035,0.0000,0.0074,-0.0124,0.0005,0.0000,0.0000,0.1000,0.0266,0.0399,9.8582,11.6999
30.7840,0.0000,0.0000,0.1519,-0.1615,-0.0017,0.3343,-0.3670,-0.0039,0.2773,-0.3682,0.1085,0.2773,-0.4151,0.1080,0.3485,-0.4835,0.1077,0.3035,0.0000,0.0076,-0.0122,0.0005,0.0000,0.0000,0.1000,0.0266,0.0399,9.8582,11.6999
30.7920,0.0000,0.0000,0.1519,-0.1615,-0.0017,0.3343,-0.3670,-0.0039,0.2773,-0.3682,0.1085,0.2773,-0.4151,0.1080,0.3486,-0.4835,0.1077,0.3035,0.0000,0.0071,-0.0125,0.0004,0.0000,0.0000,0.1000,0.0266,0.0399,9.8583,11.7000
30.8000,0.0000,0.0000,0.1519,-0.1615,-0.0017,0.3343,-0.3670,-0.0038,0.2773,-0.3682,0.1085,0.2773,-0.4151,0.1080,0.3486,-0.4835,0.1077,0.3036,0.0000,0.0070,-0.0126,0.0004,0.0000,0.0000,0.1000,0.0266,0.0399,9.8584,11.7001
30.8080,0.0000,0.0000,0.1519,-0.1615,-0.0017,0.3343,-0.3670,-0.0038,0.2773,-0.3682,0.1085,0.2773,-0.4151,0.1080,0.3486,-0.4835,0.1077,0.3035,0.0000,0.0074,-0.0123,0.0005,0.0000,0.0000,0.1000,0.0266,0.0399,9.8585,11.7003
30.8160,0.0000,0.0000,0.1519,-0.1615,-0.0017,0.3343,-0.3670,-0.0038,0.2773,-0.3682,0.1085,0.2773,-0.4151,0.1080,0.3486,-0.4835,0.1077,0.3035,0.0000,0.0074,-0.0123,0.0005,0.0000,0.0000,0.1000,0.0266,0.0399,9.8586,11.7003
30.8240,0.0000,0.0000,0.1519,-0.1615,-0.0017,0.3343,-0.3670,-0.0038,0.2773,-0.3682,0.1085,0.2773,-0.4151,0.1080,0.3486,-0.4835,0.1077,0.3035,0.0000,0.0074,-0.0123,0.0005,0.0000,0.0000,0.1000,0.0266,0.0399,9.8586,11.7004
30.8320,0.0000,0.0000,0.1519,-0.1615,-0.0017,0.3343,-0.3670,-0.0039,0.2773,-0.3682,0.1085,0.2773,-0.4151,0.1080,0.3486,-0.4835,0.1077,0.3035,0.0000,0.0073,-0.0123,0.0004,0.0000,0.0000,0.1000,0.0266,0.0399,9.8587,11.7005
30.8400,0.0000,0.0000,0.1519,-0.1615,-0.0017,0.3343,-0.3670,-0.0038,0.2773,-0.3681,0.1085,0.2773,-0.4151,0.1080,0.3486,-0.4835,0.1077,0.3035,0.0000,0.0073,-0.0123,0.0004,0.0000,0.0000,0.1000,0.0266,0.0399,9.8590,11.7008
30.8480,0.0000,0.0000,0.1519,-0.1615,-0.0017,0.3343,-0.3670,-0.0039,0.2773,-0.3682,0.1085,0.2773,-0.4151,0.1080,0.3486,-0.4835,0.1077,0.3035,0.0000,0.0074,-0.0122,0.0005,0.0000,0.0000,0.1000,0.0266,0.0399,9.8589,11.7007
30.8560,0.0000,0.0000,0.1519,-0.1615,-0.0017,0.3343,-0.3670,-0.0039,0.2773,-0.3681,0.1085,0.2773,-0.4151,0.1080,0.3486,-0.4835,0.1077,0.3035,0.0000,0.0072,-0.0123,0.0004,0.0000,0.0000,0.1000,0.0266,0.0399,9.8591,11.7009
30.8640,0.0000,0.0000,0.1519,-0.1615,-0.0017,0.3343,-0.3670,-0.0039,0.2773,-0.3681,0.1085,0.2773,-0.4151,0.1080,0.3485,-0.4835,0.1077,0.3035,0.0000,0.0076,-0.0120,0.0005,0.0000,0.0000,0.1000,0.0266,0.0399,9.8592,11.7011
30.8720,0.0000,0.0000,0.1519,-0.1615,-0.0017,0.3343,-0.3669,-0.0039,0.2773,-0.3681,0.1085,0.2773,-0.4151,0.1080,0.3486,-0.4835,0.1077,0.3035,0.0000,0.0072,-0.0122,0.0004,0.0000,0.0000,0.1000,0.0266,0.0399,9.8593,11.7012
30.8800,0.0000,0.0000,0.1519,-0.1615,-0.0017,0.3344,-0.3669,-0.0039,0.2773,-0.3681,0.1085,0.2773,-0.4151,0.1080,0.3486,-0.4835,0.1077,0.3035,0.0000,0.0072,-0.0122,0.0004,0.0000,0.0000,0.1000,0.0266,0.0399,9.8593,11.7013
30.8880,0.0000,0.0000,0.1519,-0.1615,-0.0017,0.3344,-0.3669,-0.0039,0.2773,-0.3681,0.1085,0.2773,-0.4151,0.1080,0.3485,-0.4835,0.1077,0.3035,0.0000,0.0075,-0.0120,0.0005,0.0000,0.0000,0.1000,0.0266,0.0399,9.8596,11.7016
30.8960,0.0000,0.0000,0.1519,-0.1615,-0.0017,0.3344,-0.3669,-0.0038,0.2773,-0.3681,0.1085,0.2773,-0.4151,0.1080,0.3486,-0.4834,0.1077,0.3035,0.0000,0.0072,-0.0121,0.0004,0.0000,0.0000,0.1000,0.0266,0.0399,9.8597,11.7017
30.9040,0.0000,0.0000,0.1519,-0.1614,-0.0017,0.3344,-0.3669,-0.0038,0.2773,-0.3681,0.1085,0.2773,-0.4150,0.1080,0.3486,-0.4834,0.1077,0.3035,0.0000,0.0070,-0.0122,0.0004,0.0000,0.0000,0.1000,0.0266,0.0399,9.8599,11.7020
30.9120,0.0000,0.0000,0.1519,-0.1614,-0.0017,0.3344,-0.3669,-0.0039,0.2773,-0.3681,0.1085,0.2773,-0.4151,0.1080,0.3486,-0.4834,0.1077,0.3035,0.0000,0.0074,-0.0119,0.0005,0.0000,0.0000,0.1000,0.0266,0.0399,9.8600,11.7020
30.9200,0.0000,0.0000,0.1519,-0.1614,-0.0017,0.3344,-0.3669,-0.0038,0.2773,-0.3681,0.1085,0.2773,-0.4150,0.1080,0.3486,-0.4834,0.1077,0.3035,0.0000,0.0073,-0.0120,0.0005,0.0000,0.0000,0.1000,0.0266,0.0399,9.8601,11.7022
30.9280,0.0000,0.0000,0.1519,-0.1614,-0.0017,0.3344,-0.3669,-0.0038,0.2773,-0.3681,0.1085,0.2773,-0.4150,0.1080,0.3485,-0.4834,0.1077,0.3035,0.0000,0.0074,-0.0118,0.0005,0.0000,0.0000,0.1000,0.0266,0.0399,9.8603,11.7024
30.9360,0.0000,0.0000,0.1519,-0.1614,-0.0017,0.3344,-0.3669,-0.0038,0.2773,-0.3681,0.1085,0.2773,-0.4150,0.1080,0.3485,-0.4834,0.1077,0.3035,0.0000,0.0073,-0.0119,0.0005,0.0000,0.0000,0.1000,0.0266,0.0399,9.8603,11.7025
30.9440,0.0000,0.0000,0.1519,-0.1614,-0.0017,0.3344,-0.3669,-0.0038,0.2773,-0.3681,0.1085,0.2773,-0.4150,0.1080,0.3486,-0.4834,0.1077,0.3035,0.0000,0.0071,-0.0120,0.0004,0.0000,0.0000,0.1000,0.0266,0.0399,9.8604,11.7026
30.9520,0.0000,0.0000,0.1519,-0.1614,-0.0017,0.3344,-0.3669,-0.0039,0.2773,-0.3680,0.1085,0.2773,-0.4150,0.1080,0.3485,-0.4834,0.1077,0.3035,0.0000,0.0074,-0.0118,0.0005,0.0000,0.0000,0.1000,0.0266,0.0399,9.8605,11.7027
30.9600,0.0000,0.0000,0.1519,-0.1614,-0.0017,0.3344,-0.3669,-0.0039,0.2773,-0.3680,0.1085,0.2773,-0.4150,0.1080,0.3486,-0.4834,0.1077,0.3035,0.0000,0.0072,-0.0119,0.0005,0.0000,0.0000,0.1000,0.0266,0.0399,9.8607,11.7030
30.9680,0.0000,0.0000,0.1519,-0.1614,-0.0017,0.3344,-0.3668,-0.0039,0.2773,-0.3680,0.1085,0.2773,-0.4150,0.1080,0.3486,-0.4834,0.1077,0.3035,0.0000,0.0072,-0.0118,0.0005,0.0000,0.0000,0.1000,0.0266,0.0399,9.8608,11.7031
30.9760,0.0000,0.0000,0.1519,-0.1614,-0.0017,0.3344,-0.3669,-0.0039,0.2773,-0.3680,0.1085,0.2773,-0.4150,0.1080,0.3486,-0.4834,0.1077,0.3035,0.0000,0.0072,-0.0118,0.0005,0.0000,0.0000,0.1000,0.0266,0.0399,9.8607,11.7030
30.9840,0.0000,0.0000,0.1519,-0.1614,-0.0017,0.3344,-0.3668,-0.0039,0.2773,-0.3680,0.1085,0.2773,-0.4150,0.1080,0.3486,-0.4834,0.1077,0.3035,0.0000,0.0071,-0.0119,0.0004,0.0000,0.0000,0.1000,0.0266,0.0399,9.8609,11.7032
30.9920,0.0000,0.0000,0.1519,-0.1614,-0.0017,0.3344,-0.3668,-0.0039,0.2773,-0.3680,0.1085,0.2773,-0.4150,0.1080,0.3485,-0.4834,0.1077,0.3035,0.0000,0.0074,-0.0117,0.0005,0.0000,0.0000,0.1000,0.0266,0.0399,9.8611,11.7034
31.0000,0.0000,0.0000,0.1519,-0.1614,-0.0017,0.3344,-0.3668,-0.0038,0.2773,-0.3680,0.1085,0.2773,-0.4150,0.1080,0.3486,-0.4834,0.1077,0.3035,0.0000,0.0071,-0.0118,0.0004,0.0000,0.0000,0.1000,0.0266,0.0399,9.8611,11.7034
31.0080,0.0000,0.0000,0.1519,-0.1614,-0.0017,0.3344,-0.3668,-0.0039,0.2773,-0.3680,0.1085,0.2773,-0.4150,0.1080,0.3486,-0.4834,0.1077,0.3035,0.0000,0.0069,-0.0120,0.0004,0.0000,0.0000,0.1000,0.0266,0.0399,9.8611,11.7034
31.0160,0.0000,0.0000,0.1519,-0.1614,-0.0017,0.3344,-0.3668,-0.0039,0.2773,-0.3680,0.1085,0.2773,-0.4150,0.1080,0.3486,-0.4834,0.1077,0.3035,0.0000,0.0068,-0.0120,0.0004,0.0000,0.0000,0.1000,0.0266,0.0399,9.8612,11.7035
31.0240,0.0000,0.0000,0.1519,-0.1614,-0.0017,0.3345,-0.3668,-0.0038,0.2773,-0.3680,0.1085,0.2773,-0.4150,0.1080,0.3486,-0.4833,0.1077,0.3035,0.0000,0.0069,-0.0118,0.0004,0.0000,0.0000,0.1000,0.0266,0.0399,9.8615,11.7039
31.0320,0.0000,0.0000,0.1519,-0.1614,-0.0017,0.3345,-0.3668,-0.0039,0.2773,-0.3680,0.1085,0.2773,-0.4150,0.1080,0.3486,-0.4833,0.1077,0.3035,0.0000,0.0069,-0.0118,0.0004,0.0000,0.0000,0.1000,0.0266,0.0399,9.8614,11.7038
31.0400,0.0000,0.0000,0.1519,-0.1614,-0.0017,0.3345,-0.3668,-0.0038,0.2773,-0.3680,0.1085,0.2773,-0.4150,0.1080,0.3486,-0.4833,0.1077,0.3035,0.0000,0.0068,-0.0119,0.0004,0.0000,0.0000,0.1000,0.0266,0.0399,9.8615,11.7039
31.0480,0.0000,0.0000,0.1519,-0.1613,-0.0017,0.3345,-0.3668,-0.0039,0.2773,-0.3680,0.1085,0.2773,-0.4149,0.1080,0.3486,-0.4833,0.1077,0.3035,0.0000,0.0071,-0.0117,0.0004,0.0000,0.0000,0.1000,0.0266,0.0399,9.8618,11.7042
31.0560,0.0000,0.0000,0.1519,-0.1613,-0.0017,0.3345,-0.3668,-0.0039,0.2773,-0.3680,0.1085,0.2773,-0.4149,0.1080,0.3486,-0.4833,0.1077,0.3035,0.0000,0.0067,-0.0119,0.0004,0.0000,0.0000,0.1000,0.0266,0.0399,9.8617,11.7042
31.0640,0.0000,0.0000,0.1519,-0.1613,-0.0017,0.3345,-0.3668,-0.0038,0.2773,-0.3680,0.1085,0.2773,-0.4149,0.1080,0.3486,-0.4833,0.1077,0.3035,0.0000,0.0068,-0.0118,0.0004,0.0000,0.0000,0.1000,0.0266,0.0399,9.8619,11.7043
31.0720,0.0000,0.0000,0.1519,-0.1613,-0.0017,0.3345,-0.3668,-0.0039,0.2773,-0.3679,0.1085,0.2773,-0.4149,0.1080,0.3486,-0.4833,0.1077,0.3035,0.0000,0.0070,-0.0117,0.0004,0.0000,0.0000,0.1000,0.0266,0.0399,9.8620,11.7045
31.0800,0.0000,0.0000,0.1519,-0.1613,-0.0017,0.3345,-0.3668,-0.0038,0.2773,-0.3679,0.1085,0.2773,-0.4149,0.1080,0.3486,-0.4833,0.1077,0.3035,0.0000,0.0067,-0.0118,0.0004,0.0000,0.0000,0.1000,0.0266,0.0399,9.8622,11.7048
31.0880,0.0000,0.0000,0.1519,-0.1613,-0.0017,0.3345,-0.3668,-0.0038,0.2773,-0.3679,0.1085,0.2773,-0.4149,0.1080,0.3486,-0.4833,0.1077,0.3035,0.0000,0.0068,-0.0118,0.0004,0.0000,0.0000,0.1000,0.0266,0.0399,9.8621,11.7047
31.0960,0.0000,0.0000,0.1519,-0.1613,-0.0017,0.3345,-0.3667,-0.0038,0.2773,-0.3679,0.1085,0.2773,-0.4149,0.1080,0.3486,-0.4833,0.1077,0.3035,0.0000,0.0067,-0.0118,0.0004,0.0000,0.0000,0.1000,0.0266,0.0399,9.8623,11.7049
31.1040,0.0000,0.0000,0.1519,-0.1613,-0.0017,0.3345,-0.3667,-0.0039,0.2773,-0.3679,0.1085,0.2773,-0.4149,0.1080,0.3486,-0.4833,0.1077,0.3035,0.0000,0.0067,-0.0117,0.0004,0.0000,0.0000,0.1000,0.0266,0.0399,9.8624,11.7049
31.1120,0.0000,0.0000,0.1519,-0.1613,-0.0017,0.3345,-0.3667,-0.0038,0.2773,-0.3679,0.1085,0.2773,-0.4149,0.1080,0.3486,-0.4833,0.1077,0.3035,0.0000,0.0069,-0.0116,0.0004,0.0000,0.0000,0.1000,0.0266,0.0399,9.8625,11.7052
31.1200,0.0000,0.0000,0.1519,-0.1613,-0.0017,0.3345,-0.3667,-0.0039,0.2773,-0.3679,0.1085,0.2773,-0.4149,0.1080,0.3486,-0.4833,0.1077,0.3035,0.0000,0.0067,-0.0117,0.0004,0.0000,0.0000,0.1000,0.0266,0.0399,9.8625,11.7051
31.1280,0.0000,0.0000,0.1519,-0.1613,-0.0017,0.3345,-0.3667,-0.0038,0.2773,-0.3679,0.1085,0.2773,-0.4149,0.1080,0.3486,-0.4833,0.1077,0.3035,0.0000,0.0070,-0.0115,0.0004,0.0000,0.0000,0.1000,0.0266,0.0399,9.8628,11.7055
31.1360,0.0000,0.0000,0.1519,-0.1613,-0.0017,0.3345,-0.3667,-0.0038,0.2773,-0.3679,0.1085,0.2773,-0.4149,0.1080,0.3486,-0.4832,0.1077,0.3035,0.0000,0.0069,-0.0115,0.0004,0.0000,0.0000,0.1000,0.0266,0.0399,9.8629,11.7056
31.1440,0.0000,0.0000,0.1519,-0.1613,-0.0017,0.3345,-0.3667,-0.0039,0.2773,-0.3679,0.1085,0.2773,-0.4149,0.1080,0.3486,-0.4832,0.1077,0.3034,0.0000,0.0070,-0.0114,0.0004,0.0000,0.0000,0.1000,0.0266,0.0399,9.8630,11.7057
31.1520,0.0000,0.0000,0.1519,-0.1613,-0.0017,0.3345,-0.3667,-0.0039,0.2773,-0.3679,0.1085,0.2773,-0.4149,0.1080,0.3486,-0.4832,0.1077,0.3035,0.0000,0.0067,-0.0116,0.0004,0.0000,0.0000,0.1000,0.0266,0.0399,9.8630,11.7058
31.1600,0.0000,0.0000,0.1519,-0.1613,-0.0017,0.3345,-0.3667,-0.0038,0.2773,-0.3679,0.1085,0.2773,-0.4149,0.1080,0.3486,-0.4832,0.1077,0.3035,0.0000,0.0068,-0.0115,0.0004,0.0000,0.0000,0.1000,0.0266,0.0399,9.8631,11.7059
31.1680,0.0000,0.0000,0.1519,-0.1613,-0.0017,0.3345,-0.3667,-0.0039,0.2773,-0.3679,0.1085,0.2773,-0.4149,0.1080,0.3486,-0.4832,0.1077,0.3034,0.0000,0.0069,-0.0114,0.0004,0.0000,0.0000,0.1000,0.0266,0.0399,9.8633,11.7061
31.1760,0.0000,0.0000,0.1519,-0.1612,-0.0017,0.3346,-0.3667,-0.0038,0.2773,-0.3678,0.1085,0.2773,-0.4148,0.1080,0.3486,-0.4832,0.1077,0.3035,0.0000,0.0067,-0.0115,0.0004,0.0000,0.0000,0.1000,0.0266,0.0399,9.8635,11.7064
31.1840,0.0000,0.0000,0.1519,-0.1612,-0.0017,0.3346,-0.3667,-0.0038,0.2773,-0.3678,0.1085,0.2773,-0.4148,0.1080,0.3486,-0.4832,0.1077,0.3035,0.0000,0.0067,-0.0114,0.0004,0.0000,0.0000,0.1000,0.0266,0.0399,9.8635,11.7064
31.1920,0.0000,0.0000,0.1519,-0.1612,-0.0017,0.3346,-0.3667,-0.0039,0.2773,-0.3678,0.1085,0.2773,-0.4149,0.1080,0.3486,-0.4832,0.1077,0.3035,0.0000,0.0068,-0.0114,0.0004,0.0000,0.0000,0.1000,0.0266,0.0399,9.8635,11.7063
31.2000,0.0000,0.0000,0.1519,-0.1612,-0.0017,0.3346,-0.3666,-0.0038,0.2773,-0.3678,0.1085,0.2773,-0.4148,0.1080,0.3486,-0.4832,0.1077,0.3035,0.0000,0.0065,-0.0115,0.0003,0.0000,0.0000,0.1000,0.0266,0.0399,9.8638,11.7067
31.2080,0.0000,0.0000,0.1519,-0.1612,-0.0017,0.3346,-0.3666,-0.0038,0.2773,-0.3678,0.1085,0.2773,-0.4148,0.1080,0.3485,-0.4832,0.1077,0.3034,0.0000,0.0071,-0.0111,0.0005,0.0000,0.0000,0.1000,0.0266,0.0399,9.8638,11.7068
31.2160,0.0000,0.0000,0.1519,-0.1612,-0.0017,0.3346,-0.3666,-0.0039,0.2773,-0.3678,0.1085,0.2773,-0.4148,0.1080,0.3486,-0.4832,0.1077,0.3035,0.0000,0.0066,-0.0114,0.0004,0.0000,0.0000,0.1000,0.0266,0.0399,9.8638,11.7067
31.2240,0.0000,0.0000,0.1519,-0.1612,-0.0017,0.3346,-0.3666,-0.0039,0.2773,-0.3678,0.1085,0.2773,-0.4148,0.1080,0.3486,-0.4832,0.1077,0.3035,0.0000,0.0067,-0.0113,0.0004,0.0000,0.0000,0.1000,0.0266,0.0399,9.8641,11.7071
31.2320,0.0000,0.0000,0.1519,-0.1612,-0.0017,0.3346,-0.3666,-0.0039,0.2773,-0.3678,0.1085,0.2773,-0.4148,0.1080,0.3486,-0.4832,0.1077,0.3034,0.0000,0.0069,-0.0112,0.0004,0.0000,0.0000,0.1000,0.0266,0.0399,9.8641,11.7071
31.2400,0.0000,0.0000,0.1519,-0.1612,-0.0017,0.3346,-0.3666,-0.0038,0.2773,-0.3678,0.1085,0.2773,-0.4148,0.1080,0.3486,-0.4832,0.1077,0.3035,0.0000,0.0067,-0.0113,0.0004,0.0000,0.0000,0.1000,0.0266,0.0399,9.8642,11.7072
31.2480,0.0000,0.0000,0.1519,-0.1612,-0.0017,0.3346,-0.3666,-0.0039,0.2773,-0.3678,0.1085,0.2773,-0.4148,0.1080,0.3486,-0.4832,0.1077,0.3034,0.0000,0.0067,-0.0113,0.0004,0.0000,0.0000,0.1000,0.0266,0.0399,9.8643,11.7073
31.2560,0.0000,0.0000,0.1519,-0.1612,-0.0017,0.3346,-0.3666,-0.0039,0.2773,-0.3678,0.1085,0.2773,-0.4148,0.1080,0.3485,-0.4832,0.1077,0.3034,0.0000,0.0070,-0.0110,0.0005,0.0000,0.0000,0.1000,0.0266,0.0399,9.8645,11.7075
31.2640,0.0000,0.0000,0.1519,-0.1612,-0.0017,0.3346,-0.3666,-0.0039,0.2773,-0.3678,0.1085,0.2773,-0.4148,0.1080,0.3485,-0.4832,0.1077,0.3034,0.0000,0.0069,-0.0111,0.0004,0.0000,0.0000,0.1000,0.0266,0.0399,9.8645,11.7076
31.2720,0.0000,0.0000,0.1519,-0.1612,-0.0017,0.3346,-0.3666,-0.0038,0.2773,-0.3678,0.1085,0.2773,-0.4148,0.1080,0.3486,-0.4831,0.1077,0.3034,0.0000,0.0067,-0.0112,0.0004,0.0000,0.0000,0.1000,0.0266,0.0399,9.8646,11.7077
31.2800,0.0000,0.0000,0.1519,-0.1612,-0.0017,0.3346,-0.3666,-0.0039,0.2773,-0.3678,0.1085,0.2773,-0.4148,0.1080,0.3486,-0.4831,0.1077,0.3034,0.0000,0.0067,-0.0112,0.0004,0.0000,0.0000,0.1000,0.0266,0.0399,9.8647,11.7078
31.2880,0.0000,0.0000,0.1519,-0.1612,-0.0017,0.3346,-0.3666,-0.0038,0.2773,-0.3678,0.1085,0.2773,-0.4148,0.1080,0.3486,-0.4831,0.1077,0.3034,0.0000,0.0068,-0.0111,0.0004,0.0000,0.0000,0.1000,0.0266,0.0399,9.8649,11.7080
31.2960,0.0000,0.0000,0.1519,-0.1612,-0.0017,0.3346,-0.3666,-0.0038,0.2773,-0.3678,0.1085,0.2773,-0.4148,0.1080,0.3486,-0.4831,0.1077,0.3034,0.0000,0.0068,-0.0111,0.0004,0.0000,0.0000,0.1000,0.0266,0.0399,9.8649,11.7080
31.3040,0.0000,0.0000,0.1519,-0.1612,-0.0017,0.3346,-0.3666,-0.0039,0.2773,-0.3677,0.1085,0.2773,-0.4148,0.1080,0.3486,-0.4831,0.1077,0.3034,0.0000,0.0066,-0.0111,0.0004,0.0000,0.0000,0.1000,0.0266,0.0399,9.8650,11.7081
31.3120,0.0000,0.0000,0.1519,-0.1612,-0.0017,0.3346,-0.3666,-0.0038,0.2774,-0.3677,0.1085,0.2774,-0.4148,0.1080,0.3486,-0.4831,0.1077,0.3034,0.0000,0.0065,-0.0112,0.0004,0.0000,0.0000,0.1000,0.0266,0.0399,9.8651,11.7082
31.3200,0.0000,0.0000,0.1519,-0.1612,-0.0017,0.3346,-0.3665,-0.0039,0.2773,-0.3677,0.1085,0.2773,-0.4148,0.1080,0.3486,-0.4831,0.1077,0.3034,0.0000,0.0068,-0.0110,0.0004,0.0000,0.0000,0.1000,0.0266,0.0399,9.8653,11.7085
31.3280,0.0000,0.0000,0.1519,-0.1611,-0.0017,0.3346,-0.3665,-0.0038,0.2774,-0.3677,0.1085,0.2774,-0.4148,0.1080,0.3486,-0.4831,0.1077,0.3035,0.0000,0.0063,-0.0113,0.0003,0.0000,0.0000,0.1000,0.0266,0.0399,9.8652,11.7084
31.3360,0.0000,0.0000,0.1519,-0.1611,-0.0017,0.3346,-0.3665,-0.0038,0.2774,-0.3677,0.1085,0.2774,-0.4148,0.1080,0.3486,-0.4831,0.1077,0.3035,0.0000,0.0064,-0.0112,0.0003,0.0000,0.0000,0.1000,0.0266,0.0399,9.8653,11.7086
31.3440,0.0000,0.0000,0.1519,-0.1611,-0.0017,0.3346,-0.3665,-0.0038,0.2773,-0.3677,0.1085,0.2773,-0.4147,0.1080,0.3486,-0.4831,0.1077,0.3034,0.0000,0.0066,-0.0110,0.0004,0.0000,0.0000,0.1000,0.0266,0.0399,9.8655,11.7088
31.3520,0.0000,0.0000,0.1519,-0.1611,-0.0017,0.3347,-0.3665,-0.0038,0.2774,-0.3677,0.1085,0.2774,-0.4147,0.1080,0.3486,-0.4831,0.1077,0.3034,0.0000,0.0063,-0.0111,0.0003,0.0000,0.0000,0.1000,0.0266,0.0399,9.8657,11.7091
31.3600,0.0000,0.0000,0.1519,-0.1611,-0.0017,0.3347,-0.3665,-0.0039,0.2774,-0.3677,0.1085,0.2774,-0.4147,0.1080,0.3486,-0.4831,0.1077,0.3035,0.0000,0.0063,-0.0112,0.0003,0.0000,0.0000,0.1000,0.0266,0.0399,9.8656,11.7089
31.3680,0.0000,0.0000,0.1519,-0.1611,-0.0017,0.3347,-0.3665,-0.0038,0.2774,-0.3677,0.1085,0.2774,-0.4147,0.1080,0.3486,-0.4831,0.1077,0.3034,0.0000,0.0065,-0.0110,0.0004,0.0000,0.0000,0.1000,0.0266,0.0399,9.8658,11.7091
31.3760,0.0000,0.0000,0.1519,-0.1611,-0.0017,0.3347,-0.3665,-0.0038,0.2774,-0.3677,0.1085,0.2774,-0.4147,0.1080,0.3486,-0.4831,0.1077,0.3034,0.0000,0.0064,-0.0110,0.0004,0.0000,0.0000,0.1000,0.0266,0.0399,9.8658,11.7092
31.3840,0.0000,0.0000,0.1519,-0.1611,-0.0017,0.3347,-0.3665,-0.0038,0.2773,-0.3677,0.1085,0.2773,-0.4147,0.1080,0.3486,-0.4831,0.1077,0.3034,0.0000,0.0067,-0.0108,0.0004,0.0000,0.0000,0.1000,0.0266,0.0399,9.8661,11.7095
31.3920,0.0000,0.0000,0.1519,-0.1611,-0.0017,0.3347,-0.3665,-0.0039,0.2773,-0.3677,0.1085,0.2773,-0.4147,0.1080,0.3486,-0.4831,0.1077,0.3034,0.0000,0.0066,-0.0109,0.0004,0.0000,0.0000,0.1000,0.0266,0.0399,9.8660,11.7094
31.4000,0.0000,0.0000,0.1519,-0.1611,-0.0017,0.3347,-0.3665,-0.0039,0.2774,-0.3677,0.1085,0.2774,-0.4147,0.1080,0.3486,-0.4830,0.1077,0.3034,0.0000,0.0065,-0.0110,0.0004,0.0000,0.0000,0.1000,0.0266,0.0399,9.8661,11.7095
31.4080,0.0000,0.0000,0.1519,-0.1611,-0.0017,0.3347,-0.3665,-0.0038,0.2773,-0.3677,0.1085,0.2773,-0.4147,0.1080,0.3486,-0.4830,0.1077,0.3034,0.0000,0.0066,-0.0108,0.0004,0.0000,0.0000,0.1000,0.0266,0.0399,9.8663,11.7098
