timestamp,actual_TCP_pose_0,actual_TCP_pose_1,actual_TCP_pose_2,actual_TCP_pose_3,actual_TCP_pose_4,actual_TCP_pose_5,actual_TCP_speed_0,actual_TCP_speed_1,actual_TCP_speed_2,actual_TCP_speed_3,actual_TCP_speed_4,actual_TCP_speed_5
10792.464000,-0.122456,0.102135,0.257343,-2.102977,-2.286823,0.042952,-0.000009,-0.000005,0.000009,-0.000028,0.000051,0.000020
10792.472000,-0.122466,0.102130,0.257327,-2.102948,-2.286930,0.042884,-0.000009,-0.000005,0.000009,-0.000028,0.000051,0.000020
10792.480000,-0.122466,0.102130,0.257327,-2.102948,-2.286930,0.042884,-0.000009,-0.000005,0.000009,-0.000028,0.000051,0.000020
10792.488000,-0.122465,0.102129,0.257330,-2.102918,-2.286924,0.042899,-0.000009,-0.000005,0.000009,-0.000028,0.000051,0.000020
10792.520000,-0.122469,0.102132,0.257332,-2.102973,-2.286873,0.042898,-0.000009,-0.000005,0.000009,-0.000028,0.000051,0.000020
10792.528000,-0.122461,0.102132,0.257332,-2.102990,-2.286892,0.042858,-0.000009,-0.000005,0.000009,-0.000028,0.000051,0.000020
10792.536000,-0.122460,0.102134,0.257328,-2.102978,-2.286879,0.042910,-0.000009,-0.000005,0.000009,-0.000028,0.000051,0.000020
10792.544000,-0.122459,0.102132,0.257346,-2.102931,-2.286855,0.042966,-0.000009,-0.000005,0.000009,-0.000028,0.000051,0.000020
10792.552000,-0.122460,0.102131,0.257334,-2.102984,-2.286830,0.042940,-0.000009,-0.000005,0.000009,-0.000028,0.000051,0.000020
10792.560000,-0.122465,0.102128,0.257334,-2.102918,-2.286924,0.042925,-0.000009,-0.000005,0.000009,-0.000028,0.000051,0.000020
10792.568000,-0.122464,0.102134,0.257336,-2.102948,-2.286873,0.042898,-0.000009,-0.000005,0.000009,-0.000028,0.000051,0.000020
10792.576000,-0.122465,0.102129,0.257332,-2.102984,-2.286887,0.042924,-0.000009,-0.000005,0.000009,-0.000028,0.000051,0.000020
10792.584000,-0.122468,0.102129,0.257339,-2.102923,-2.286874,0.042953,-0.000009,-0.000005,0.000009,-0.000028,0.000051,0.000020
10792.592000,-0.122468,0.102127,0.257335,-2.102956,-2.286912,0.042950,-0.000009,-0.000005,0.000009,-0.000028,0.000051,0.000020
10792.600000,-0.122472,0.102135,0.257344,-2.102950,-2.286848,0.042926,-0.000262,-0.000025,-0.000266,0.000164,-0.002358,0.000022
10792.608000,-0.122469,0.102135,0.257331,-2.103003,-2.286879,0.042883,-0.000262,-0.000025,-0.000266,0.000164,-0.002358,0.000022
10792.616000,-0.122471,0.102132,0.257350,-2.102917,-2.286868,0.042914,-0.000212,-0.000021,-0.000211,0.000126,-0.001880,0.000021
10792.624000,-0.122471,0.102133,0.257329,-2.102987,-2.286917,0.042856,-0.000554,-0.000049,-0.000583,0.000385,-0.005129,0.000023
10792.632000,-0.122478,0.102132,0.257329,-2.103012,-2.286917,0.042803,-0.000419,-0.000038,-0.000437,0.000283,-0.003849,0.000022
10792.640000,-0.122475,0.102132,0.257347,-2.102912,-2.286917,0.042911,-0.000224,-0.000022,-0.000225,0.000135,-0.001995,0.000021
10792.648000,-0.122477,0.102132,0.257339,-2.103055,-2.286855,0.042883,-0.000156,-0.000017,-0.000150,0.000083,-0.001345,0.000021
10792.656000,-0.122494,0.102123,0.257367,-2.102881,-2.286914,0.042981,-0.000177,-0.000021,0.000228,-0.000040,0.000122,0.000029
10792.664000,-0.122481,0.102134,0.257381,-2.103034,-2.286751,0.043033,-0.000594,-0.000074,0.002830,-0.000782,0.008882,0.000088
10792.672000,-0.122496,0.102127,0.257421,-2.102820,-2.286766,0.043250,-0.000493,-0.000062,0.002351,-0.000654,0.007387,0.000076
10792.680000,-0.122510,0.102128,0.257413,-2.102865,-2.286703,0.043252,-0.001407,-0.000129,0.002408,-0.001509,0.017634,0.000032
10792.688000,-0.122511,0.102122,0.257411,-2.102788,-2.286786,0.043265,-0.000903,-0.000084,0.000878,-0.000412,0.004430,0.000035
10792.696000,-0.122504,0.102133,0.257417,-2.102851,-2.286658,0.043266,-0.000391,-0.000040,0.000295,0.000022,-0.000710,0.000035
10792.704000,-0.122514,0.102128,0.257421,-2.102777,-2.286772,0.043264,-0.000199,-0.000019,-0.000063,0.000074,-0.001254,0.000005
10792.712000,-0.122509,0.102132,0.257426,-2.102795,-2.286653,0.043360,-0.000424,-0.000038,0.000273,-0.000232,0.002410,0.000001
10792.720000,-0.122518,0.102130,0.257423,-2.102818,-2.286678,0.043254,-0.000838,-0.000071,-0.000177,0.000082,-0.001528,0.000003
10792.728000,-0.122522,0.102127,0.257444,-2.102762,-2.286674,0.043400,-0.000726,-0.000068,0.000874,-0.000325,0.003407,0.000020
10792.736000,-0.122528,0.102124,0.257445,-2.102759,-2.286699,0.043400,-0.000540,-0.000053,0.000940,-0.000353,0.003804,0.000020
10792.744000,-0.122526,0.102123,0.257438,-2.102823,-2.286687,0.043347,-0.000442,-0.000044,0.000851,-0.000308,0.003289,0.000019
10792.752000,-0.122531,0.102125,0.257429,-2.102772,-2.286767,0.043252,-0.000851,-0.000075,0.000090,0.000141,-0.002278,0.000017
10792.760000,-0.122534,0.102127,0.257448,-2.102724,-2.286686,0.043376,-0.000472,-0.000044,0.000302,-0.000055,0.000221,0.000012
10792.768000,-0.122545,0.102125,0.257457,-2.102784,-2.286644,0.043415,-0.000365,-0.000035,0.000345,-0.000105,0.000862,0.000011
10792.776000,-0.122558,0.102123,0.257461,-2.102696,-2.286656,0.043444,-0.001388,-0.000119,0.000631,-0.000477,0.005117,0.000004
10792.784000,-0.122554,0.102121,0.257480,-2.102626,-2.286664,0.043564,-0.001210,-0.000109,0.000909,-0.000297,0.002924,0.000024
10792.792000,-0.122559,0.102124,0.257490,-2.102637,-2.286619,0.043553,-0.000567,-0.000057,0.001557,-0.000742,0.008524,0.000022
10792.800000,-0.122566,0.102125,0.257495,-2.102677,-2.286583,0.043578,-0.001838,-0.000164,0.000626,0.000213,-0.003489,0.000044
10792.808000,-0.122576,0.102121,0.257488,-2.102719,-2.286602,0.043564,-0.000661,-0.000065,0.000871,-0.000123,0.000947,0.000031
10792.816000,-0.122577,0.102122,0.257492,-2.102639,-2.286595,0.043632,-0.001094,-0.000097,0.001044,-0.000561,0.006202,0.000014
10792.824000,-0.122587,0.102122,0.257500,-2.102573,-2.286576,0.043623,-0.001332,-0.000115,0.000463,-0.000238,0.002217,0.000011
10792.832000,-0.122598,0.102120,0.257503,-2.102626,-2.286608,0.043607,-0.000957,-0.000084,0.000302,-0.000068,0.000244,0.000013
10792.840000,-0.122601,0.102123,0.257520,-2.102663,-2.286484,0.043664,-0.001023,-0.000101,0.001831,-0.000477,0.005112,0.000049
10792.848000,-0.122607,0.102114,0.257543,-2.102579,-2.286506,0.043838,-0.000662,-0.000067,0.001400,-0.000452,0.004941,0.000032
10792.856000,-0.122623,0.102116,0.257547,-2.102544,-2.286493,0.043891,-0.002741,-0.000234,0.000818,-0.000358,0.003260,0.000022
10792.864000,-0.122622,0.102114,0.257550,-2.102543,-2.286494,0.043891,-0.001066,-0.000098,0.001399,-0.000610,0.006775,0.000025
10792.872000,-0.122627,0.102116,0.257549,-2.102566,-2.286462,0.043879,-0.000282,-0.000031,0.000734,-0.000170,0.001650,0.000022
10792.880000,-0.122641,0.102116,0.257559,-2.102549,-2.286444,0.043868,-0.002343,-0.000214,0.002219,-0.000556,0.005668,0.000063
10792.888000,-0.122652,0.102111,0.257591,-2.102509,-2.286403,0.044042,-0.001111,-0.000109,0.002254,-0.000808,0.009111,0.000046
10792.896000,-0.122657,0.102115,0.257593,-2.102471,-2.286358,0.044057,-0.001597,-0.000141,0.000374,0.000184,-0.003039,0.000032
10792.904000,-0.122664,0.102109,0.257595,-2.102539,-2.286410,0.044028,-0.000979,-0.000091,0.001044,-0.000283,0.002810,0.000029
10792.912000,-0.122673,0.102112,0.257609,-2.102489,-2.286353,0.044098,-0.001024,-0.000097,0.001356,-0.000419,0.004443,0.000034
10792.920000,-0.122691,0.102110,0.257639,-2.102405,-2.286317,0.044234,-0.002365,-0.000209,0.001816,-0.000751,0.008096,0.000036
10792.928000,-0.122705,0.102109,0.257662,-2.102388,-2.286244,0.044368,-0.002032,-0.000192,0.003547,-0.001385,0.015821,0.000066
10792.936000,-0.122705,0.102109,0.257658,-2.102336,-2.286325,0.044300,-0.000553,-0.000057,0.001047,-0.000176,0.001606,0.000034
10792.944000,-0.122714,0.102112,0.257647,-2.102389,-2.286298,0.044221,-0.001897,-0.000162,0.000194,0.000055,-0.001530,0.000019
10792.952000,-0.122731,0.102104,0.257677,-2.102332,-2.286239,0.044412,-0.001467,-0.000128,0.001521,-0.001048,0.012025,0.000005
10792.960000,-0.122734,0.102111,0.257694,-2.102367,-2.286139,0.044466,-0.002646,-0.000250,0.003509,-0.000695,0.007176,0.000106
10792.968000,-0.122757,0.102105,0.257716,-2.102249,-2.286203,0.044520,-0.001373,-0.000129,0.001645,-0.000344,0.003387,0.000050
10792.976000,-0.122761,0.102101,0.257709,-2.102213,-2.286192,0.044601,-0.001706,-0.000151,0.002230,-0.001439,0.016702,0.000011
10792.984000,-0.122770,0.102104,0.257726,-2.102281,-2.286129,0.044576,-0.002104,-0.000180,-0.000126,0.000355,-0.005238,0.000024
10792.992000,-0.122776,0.102107,0.257741,-2.102264,-2.286054,0.044657,-0.001001,-0.000100,0.002134,-0.000666,0.007405,0.000049
10793.000000,-0.122797,0.102099,0.257768,-2.102191,-2.286089,0.044726,-0.002760,-0.000248,0.001926,-0.000295,0.002371,0.000068
10793.008000,-0.122809,0.102103,0.257773,-2.102164,-2.286000,0.044808,-0.001925,-0.000169,0.001998,-0.001169,0.013342,0.000018
10793.016000,-0.122810,0.102100,0.257770,-2.102170,-2.286064,0.044805,-0.000871,-0.000081,0.001192,-0.000532,0.005887,0.000020
10793.024000,-0.122828,0.102099,0.257790,-2.102169,-2.286008,0.044796,-0.001916,-0.000174,0.001264,-0.000028,-0.000618,0.000055
10793.032000,-0.122846,0.102093,0.257823,-2.102087,-2.285949,0.045039,-0.000995,-0.000098,0.002651,-0.001276,0.014854,0.000034
10793.040000,-0.122866,0.102092,0.257825,-2.102046,-2.285986,0.044986,-0.002769,-0.000246,0.001874,-0.000510,0.005008,0.000054
10793.048000,-0.122870,0.102090,0.257838,-2.102032,-2.286000,0.045064,-0.001064,-0.000104,0.002072,-0.000718,0.008026,0.000044
10793.056000,-0.122881,0.102097,0.257842,-2.102027,-2.285936,0.045066,-0.002331,-0.000198,-0.000573,0.000754,-0.010173,0.000031
10793.064000,-0.122892,0.102092,0.257848,-2.102029,-2.285912,0.045147,-0.001973,-0.000187,0.003718,-0.001546,0.017794,0.000063
10793.072000,-0.122906,0.102088,0.257878,-2.101926,-2.285939,0.045203,-0.002632,-0.000230,0.000818,0.000100,-0.002339,0.000048
10793.080000,-0.122915,0.102091,0.257882,-2.102058,-2.285865,0.045226,-0.001766,-0.000169,0.002475,-0.000523,0.005401,0.000073
10793.088000,-0.122934,0.102088,0.257892,-2.101948,-2.285853,0.045259,-0.002188,-0.000196,0.002268,-0.000965,0.010733,0.000041
10793.096000,-0.122948,0.102089,0.257911,-2.101919,-2.285766,0.045394,-0.002093,-0.000183,0.001773,-0.001028,0.011579,0.000018
10793.104000,-0.122958,0.102083,0.257927,-2.101856,-2.285836,0.045433,-0.001156,-0.000123,0.003792,-0.001323,0.015273,0.000076
10793.112000,-0.122975,0.102091,0.257959,-2.101900,-2.285692,0.045503,-0.002282,-0.000206,0.001363,0.000007,-0.001154,0.000062
10793.120000,-0.122993,0.102086,0.257963,-2.101876,-2.285638,0.045599,-0.002151,-0.000190,0.002501,-0.001466,0.016887,0.000021
10793.128000,-0.123002,0.102085,0.257984,-2.101861,-2.285652,0.045651,-0.002894,-0.000257,0.001125,0.000220,-0.003926,0.000067
10793.136000,-0.123021,0.102080,0.258018,-2.101772,-2.285610,0.045751,-0.001439,-0.000145,0.003327,-0.000968,0.010872,0.000079
10793.144000,-0.123037,0.102077,0.258048,-2.101696,-2.285556,0.046003,-0.003876,-0.000335,0.001372,-0.000277,0.001887,0.000051
10793.152000,-0.123057,0.102081,0.258070,-2.101670,-2.285499,0.045968,-0.001872,-0.000191,0.004912,-0.001544,0.017688,0.000108
10793.160000,-0.123074,0.102073,0.258094,-2.101607,-2.285515,0.046102,-0.002533,-0.000223,0.000567,0.000382,-0.005755,0.000054
10793.168000,-0.123089,0.102073,0.258099,-2.101612,-2.285465,0.046157,-0.002880,-0.000272,0.005679,-0.002438,0.028312,0.000090
10793.176000,-0.123096,0.102073,0.258125,-2.101641,-2.285417,0.046235,-0.002488,-0.000232,0.003290,-0.000727,0.007924,0.000092
10793.184000,-0.123117,0.102073,0.258128,-2.101556,-2.285404,0.046214,-0.002166,-0.000190,0.002171,-0.001121,0.012966,0.000026
10793.192000,-0.123130,0.102075,0.258143,-2.101607,-2.285380,0.046290,-0.002872,-0.000260,0.003582,-0.001333,0.015243,0.000070
10793.200000,-0.123145,0.102069,0.258189,-2.101487,-2.285333,0.046455,-0.002170,-0.000195,0.001524,-0.000132,0.000860,0.000058
10793.208000,-0.123160,0.102071,0.258192,-2.101446,-2.285313,0.046495,-0.002242,-0.000207,0.004274,-0.002033,0.023954,0.000054
10793.216000,-0.123180,0.102071,0.258218,-2.101467,-2.285172,0.046621,-0.003350,-0.000285,0.000495,0.000127,-0.002553,0.000036
10793.224000,-0.123182,0.102070,0.258225,-2.101453,-2.285185,0.046672,-0.001652,-0.000163,0.004122,-0.001437,0.016807,0.000081
10793.232000,-0.123211,0.102060,0.258235,-2.101381,-2.285274,0.046647,-0.002464,-0.000211,-0.000454,0.000987,-0.012781,0.000047
10793.240000,-0.123227,0.102061,0.258258,-2.101326,-2.285212,0.046756,-0.003105,-0.000287,0.005555,-0.002520,0.029570,0.000078
10793.248000,-0.123235,0.102067,0.258278,-2.101352,-2.285131,0.046796,-0.003457,-0.000294,-0.000423,0.000968,-0.012835,0.000050
10793.256000,-0.123260,0.102062,0.258280,-2.101327,-2.285188,0.046783,-0.002659,-0.000246,0.004137,-0.001533,0.017704,0.000079
10793.264000,-0.123273,0.102054,0.258305,-2.101290,-2.285123,0.046960,-0.003346,-0.000287,0.001136,-0.000237,0.001856,0.000040
10793.272000,-0.123292,0.102054,0.258336,-2.101261,-2.285092,0.047054,-0.001960,-0.000191,0.003825,-0.001006,0.011441,0.000095
10793.280000,-0.123307,0.102057,0.258344,-2.101294,-2.285017,0.047056,-0.003173,-0.000278,0.002546,-0.001060,0.011899,0.000047
10793.288000,-0.123337,0.102051,0.258363,-2.101132,-2.285031,0.047193,-0.002972,-0.000254,0.001482,-0.000720,0.007872,0.000025
10793.296000,-0.123344,0.102050,0.258395,-2.101215,-2.284934,0.047300,-0.001771,-0.000177,0.004697,-0.001661,0.019468,0.000091
10793.304000,-0.123360,0.102053,0.258411,-2.101206,-2.284896,0.047327,-0.003141,-0.000268,0.001758,-0.000948,0.010609,0.000023
10793.312000,-0.123392,0.102045,0.258443,-2.101062,-2.284849,0.047520,-0.001880,-0.000180,0.004024,-0.001566,0.018326,0.000070
10793.320000,-0.123404,0.102047,0.258465,-2.101028,-2.284812,0.047600,-0.003627,-0.000329,0.002883,-0.000172,0.000813,0.000112
10793.328000,-0.123429,0.102044,0.258492,-2.101018,-2.284721,0.047775,-0.002666,-0.000244,0.004513,-0.002071,0.024278,0.000062
10793.336000,-0.123447,0.102042,0.258521,-2.101001,-2.284647,0.047860,-0.003429,-0.000290,-0.000044,0.000545,-0.007670,0.000040
10793.344000,-0.123457,0.102049,0.258530,-2.101036,-2.284602,0.047820,-0.001782,-0.000177,0.004007,-0.001098,0.012612,0.000096
10793.352000,-0.123485,0.102037,0.258557,-2.100865,-2.284637,0.047997,-0.004493,-0.000378,0.001559,-0.000974,0.010554,0.000017
10793.360000,-0.123512,0.102038,0.258582,-2.100883,-2.284576,0.048050,-0.002542,-0.000246,0.005270,-0.001726,0.019992,0.000111
10793.368000,-0.123518,0.102034,0.258597,-2.100817,-2.284614,0.048104,-0.002144,-0.000188,0.001000,-0.000021,-0.000449,0.000044
10793.376000,-0.123539,0.102039,0.258615,-2.100780,-2.284489,0.048214,-0.003848,-0.000362,0.007249,-0.002815,0.032831,0.000128
10793.384000,-0.123558,0.102034,0.258663,-2.100712,-2.284417,0.048405,-0.002299,-0.000203,0.001494,-0.000276,0.002603,0.000049
10793.392000,-0.123584,0.102033,0.258687,-2.100755,-2.284356,0.048459,-0.002295,-0.000222,0.004154,-0.000986,0.011073,0.000110
10793.400000,-0.123608,0.102027,0.258702,-2.100611,-2.284364,0.048583,-0.003286,-0.000281,0.002104,-0.001195,0.013562,0.000022
10793.408000,-0.123623,0.102026,0.258706,-2.100607,-2.284414,0.048553,-0.002474,-0.000238,0.004546,-0.001258,0.014331,0.000110
10793.416000,-0.123643,0.102026,0.258741,-2.100577,-2.284329,0.048715,-0.002300,-0.000204,0.003147,-0.001675,0.019640,0.000031
10793.424000,-0.123679,0.102025,0.258770,-2.100540,-2.284261,0.048811,-0.004201,-0.000397,0.007439,-0.002502,0.028869,0.000155
10793.432000,-0.123690,0.102020,0.258793,-2.100498,-2.284189,0.048949,-0.000997,-0.000081,-0.000052,-0.000093,0.000873,-0.000004
10793.440000,-0.123716,0.102019,0.258800,-2.100511,-2.284177,0.048975,-0.005618,-0.000515,0.007188,-0.002282,0.025780,0.000162
10793.448000,-0.123735,0.102017,0.258834,-2.100384,-2.284147,0.049099,-0.001646,-0.000155,0.002933,-0.001065,0.012341,0.000056
10793.456000,-0.123759,0.102013,0.258851,-2.100290,-2.284154,0.049194,-0.005518,-0.000518,0.008560,-0.002540,0.028828,0.000200
10793.464000,-0.123785,0.102011,0.258898,-2.100241,-2.284019,0.049438,-0.001914,-0.000174,0.002674,-0.001087,0.012565,0.000046
10793.472000,-0.123807,0.102013,0.258909,-2.100350,-2.283976,0.049345,-0.005471,-0.000511,0.007833,-0.002177,0.024466,0.000192
10793.480000,-0.123838,0.102008,0.258946,-2.100132,-2.283928,0.049616,-0.002596,-0.000230,0.003480,-0.001887,0.022119,0.000033
10793.488000,-0.123854,0.102009,0.258979,-2.100130,-2.283873,0.049684,-0.004144,-0.000387,0.005179,-0.000905,0.009453,0.000160
10793.496000,-0.123877,0.102007,0.259008,-2.100139,-2.283776,0.049871,-0.002905,-0.000270,0.005478,-0.002459,0.028892,0.000078
10793.504000,-0.123916,0.101997,0.259028,-2.100043,-2.283753,0.049958,-0.003874,-0.000328,0.000763,-0.000139,0.000542,0.000033
10793.512000,-0.123929,0.101998,0.259038,-2.100040,-2.283778,0.049956,-0.001592,-0.000152,0.002769,-0.000799,0.009102,0.000065
10793.520000,-0.123958,0.102001,0.259078,-2.100002,-2.283655,0.050119,-0.005906,-0.000531,0.006776,-0.002558,0.029129,0.000131
10793.528000,-0.123983,0.101989,0.259107,-2.099877,-2.283714,0.050241,-0.002113,-0.000196,0.003048,-0.000966,0.010973,0.000068
10793.536000,-0.124000,0.101994,0.259132,-2.099903,-2.283577,0.050350,-0.004936,-0.000450,0.005760,-0.001669,0.018573,0.000140
10793.544000,-0.124028,0.101992,0.259149,-2.099845,-2.283540,0.050433,-0.003011,-0.000263,0.002974,-0.001506,0.017379,0.000036
10793.552000,-0.124055,0.101987,0.259180,-2.099842,-2.283512,0.050501,-0.004330,-0.000410,0.005976,-0.001051,0.011120,0.000182
10793.560000,-0.124084,0.101987,0.259203,-2.099798,-2.283437,0.050662,-0.003424,-0.000297,0.003680,-0.002190,0.025610,0.000025
10793.568000,-0.124102,0.101986,0.259224,-2.099787,-2.283370,0.050758,-0.004872,-0.000453,0.006167,-0.001362,0.014769,0.000173
10793.576000,-0.124122,0.101983,0.259265,-2.099645,-2.283353,0.050882,-0.001521,-0.000150,0.003057,-0.000727,0.008208,0.000080
10793.584000,-0.124158,0.101980,0.259277,-2.099631,-2.283311,0.050976,-0.006053,-0.000555,0.007871,-0.002568,0.029095,0.000173
10793.592000,-0.124181,0.101976,0.259344,-2.099534,-2.283152,0.051250,-0.002139,-0.000191,0.001599,-0.000243,0.002226,0.000054
10793.600000,-0.124209,0.101975,0.259361,-2.099448,-2.283196,0.051289,-0.005618,-0.000515,0.007152,-0.002256,0.025450,0.000162
10793.608000,-0.124237,0.101970,0.259395,-2.099436,-2.283074,0.051480,-0.002271,-0.000203,0.002610,-0.001109,0.012737,0.000043
10793.616000,-0.124256,0.101973,0.259422,-2.099404,-2.283068,0.051493,-0.003987,-0.000352,0.001993,-0.000003,-0.001285,0.000089
10793.624000,-0.124283,0.101969,0.259449,-2.099414,-2.282970,0.051630,-0.003958,-0.000359,0.005979,-0.002735,0.031919,0.000084
10793.632000,-0.124325,0.101964,0.259509,-2.099233,-2.282911,0.051849,-0.004092,-0.000364,0.002562,-0.000240,0.001548,0.000097
10793.640000,-0.124350,0.101959,0.259500,-2.099273,-2.282955,0.051756,-0.004189,-0.000410,0.010171,-0.003793,0.044429,0.000185
10793.648000,-0.124383,0.101954,0.259561,-2.099162,-2.282809,0.052082,-0.004343,-0.000377,0.002289,-0.000688,0.007004,0.000062
10793.656000,-0.124400,0.101960,0.259597,-2.099113,-2.282728,0.052201,-0.003359,-0.000330,0.007615,-0.002427,0.028144,0.000163
10793.664000,-0.124432,0.101954,0.259643,-2.099033,-2.282644,0.052471,-0.004031,-0.000328,-0.000260,-0.000344,0.003117,-0.000018
10793.672000,-0.124462,0.101949,0.259678,-2.098950,-2.282608,0.052607,-0.003298,-0.000310,0.005821,-0.002094,0.024237,0.000113
10793.680000,-0.124487,0.101948,0.259692,-2.098922,-2.282634,0.052606,-0.003451,-0.000322,0.004103,-0.000633,0.006407,0.000132
10793.688000,-0.124518,0.101943,0.259734,-2.098840,-2.282518,0.052864,-0.003339,-0.000298,0.003785,-0.001571,0.017989,0.000065
10793.696000,-0.124552,0.101945,0.259754,-2.098782,-2.282479,0.052816,-0.004627,-0.000450,0.009090,-0.002514,0.028709,0.000218
10793.704000,-0.124577,0.101938,0.259780,-2.098778,-2.282451,0.052989,-0.002774,-0.000241,0.001645,-0.000522,0.005474,0.000041
10793.712000,-0.124602,0.101937,0.259803,-2.098761,-2.282322,0.053139,-0.005011,-0.000460,0.007302,-0.002762,0.031816,0.000136
10793.720000,-0.124629,0.101935,0.259833,-2.098699,-2.282367,0.053203,-0.003111,-0.000269,0.001329,-0.000264,0.002239,0.000045
10793.728000,-0.124654,0.101934,0.259858,-2.098687,-2.282300,0.053248,-0.004081,-0.000368,0.004634,-0.001627,0.018389,0.000096
10793.736000,-0.124695,0.101932,0.259907,-2.098613,-2.282108,0.053509,-0.004040,-0.000364,0.004514,-0.001567,0.017682,0.000095
10793.744000,-0.124720,0.101930,0.259946,-2.098562,-2.282110,0.053563,-0.003234,-0.000302,0.004265,-0.000925,0.010039,0.000120
10793.752000,-0.124744,0.101929,0.259995,-2.098449,-2.282043,0.053765,-0.005825,-0.000531,0.008741,-0.003727,0.043314,0.000138
10793.760000,-0.124781,0.101927,0.260027,-2.098398,-2.281932,0.053904,-0.003440,-0.000315,0.004002,-0.001024,0.011228,0.000105
10793.768000,-0.124808,0.101921,0.260062,-2.098361,-2.281923,0.054063,-0.004388,-0.000437,0.009911,-0.002592,0.029650,0.000244
10793.776000,-0.124845,0.101919,0.260111,-2.098243,-2.281794,0.054322,-0.004320,-0.000376,0.003405,-0.001563,0.017658,0.000053
10793.784000,-0.124880,0.101913,0.260128,-2.098182,-2.281783,0.054404,-0.004992,-0.000491,0.011122,-0.003360,0.038793,0.000248
10793.792000,-0.124908,0.101912,0.260174,-2.098123,-2.281691,0.054503,-0.002771,-0.000244,0.001516,-0.000183,0.001317,0.000056
10793.800000,-0.124942,0.101907,0.260214,-2.098016,-2.281631,0.054771,-0.005403,-0.000491,0.007231,-0.002844,0.032708,0.000129
10793.808000,-0.124968,0.101909,0.260247,-2.098014,-2.281520,0.054905,-0.002580,-0.000226,0.001236,-0.000090,0.000252,0.000050
10793.816000,-0.125005,0.101899,0.260275,-2.097980,-2.281542,0.055025,-0.005270,-0.000470,0.005481,-0.002093,0.023694,0.000105
10793.824000,-0.125032,0.101901,0.260306,-2.097918,-2.281474,0.055095,-0.003198,-0.000305,0.005398,-0.001441,0.016278,0.000134
10793.832000,-0.125068,0.101896,0.260353,-2.097798,-2.281370,0.055327,-0.004653,-0.000403,0.003085,-0.001331,0.014734,0.000056
10793.840000,-0.125104,0.101893,0.260388,-2.097824,-2.281235,0.055491,-0.005235,-0.000518,0.012443,-0.003985,0.046279,0.000263
10793.848000,-0.125140,0.101889,0.260437,-2.097631,-2.281218,0.055694,-0.003126,-0.000276,0.001930,-0.000342,0.003132,0.000064
10793.856000,-0.125169,0.101882,0.260461,-2.097603,-2.281190,0.055816,-0.005409,-0.000513,0.009876,-0.003364,0.038832,0.000201
10793.864000,-0.125197,0.101884,0.260509,-2.097554,-2.281053,0.055980,-0.002778,-0.000244,0.001613,-0.000257,0.002210,0.000056
10793.872000,-0.125220,0.101885,0.260542,-2.097493,-2.281016,0.056138,-0.005435,-0.000486,0.005342,-0.001760,0.019570,0.000120
10793.880000,-0.125266,0.101878,0.260594,-2.097379,-2.280920,0.056358,-0.003528,-0.000326,0.005484,-0.002045,0.023592,0.000103
10793.888000,-0.125304,0.101875,0.260641,-2.097264,-2.280822,0.056525,-0.004591,-0.000394,0.001513,-0.000210,0.001122,0.000060
10793.896000,-0.125330,0.101870,0.260679,-2.097220,-2.280750,0.056764,-0.004800,-0.000464,0.010641,-0.003898,0.045493,0.000197
10793.904000,-0.125363,0.101868,0.260707,-2.097183,-2.280683,0.056885,-0.003956,-0.000341,0.001394,-0.000142,0.000479,0.000058
10793.912000,-0.125389,0.101866,0.260726,-2.097147,-2.280671,0.056940,-0.004908,-0.000472,0.010259,-0.003603,0.041881,0.000200
10793.920000,-0.125430,0.101869,0.260776,-2.097064,-2.280497,0.057133,-0.003550,-0.000307,0.001441,-0.000235,0.001736,0.000053
10793.928000,-0.125460,0.101864,0.260819,-2.097029,-2.280462,0.057319,-0.005032,-0.000450,0.005001,-0.001672,0.018640,0.000110
10793.936000,-0.125501,0.101857,0.260870,-2.096947,-2.280347,0.057527,-0.005363,-0.000523,0.011367,-0.003494,0.040307,0.000250
10793.944000,-0.125540,0.101849,0.260909,-2.096751,-2.280380,0.057676,-0.003802,-0.000332,0.001745,-0.000151,0.000598,0.000070
10793.952000,-0.125565,0.101857,0.260940,-2.096844,-2.280180,0.057785,-0.005718,-0.000547,0.011320,-0.003875,0.044908,0.000227
10793.960000,-0.125598,0.101849,0.260996,-2.096693,-2.280127,0.058068,-0.003930,-0.000338,0.001743,-0.000506,0.004927,0.000050
10793.968000,-0.125638,0.101848,0.261020,-2.096644,-2.280127,0.058018,-0.004785,-0.000430,0.004844,-0.001513,0.016758,0.000113
10793.976000,-0.125675,0.101845,0.261072,-2.096593,-2.279993,0.058313,-0.004652,-0.000436,0.007462,-0.002384,0.027248,0.000162
10793.984000,-0.125708,0.101839,0.261099,-2.096568,-2.279996,0.058368,-0.004023,-0.000355,0.002648,-0.000555,0.005413,0.000082
10793.992000,-0.125743,0.101833,0.261138,-2.096505,-2.279874,0.058637,-0.006031,-0.000580,0.012254,-0.004118,0.047692,0.000249
10794.000000,-0.125778,0.101836,0.261180,-2.096396,-2.279780,0.058736,-0.003593,-0.000316,0.002449,-0.000692,0.007244,0.000065
10794.008000,-0.125813,0.101830,0.261212,-2.096362,-2.279801,0.058828,-0.005980,-0.000557,0.009070,-0.002864,0.032605,0.000200
10794.016000,-0.125851,0.101825,0.261260,-2.096312,-2.279667,0.059048,-0.003291,-0.000285,0.001760,-0.000587,0.006108,0.000044
10794.024000,-0.125887,0.101826,0.261315,-2.096122,-2.279567,0.059291,-0.005577,-0.000501,0.005645,-0.001760,0.019484,0.000132
10794.032000,-0.125922,0.101819,0.261355,-2.096098,-2.279490,0.059494,-0.004544,-0.000438,0.009207,-0.003007,0.034758,0.000192
10794.040000,-0.125963,0.101812,0.261403,-2.096024,-2.279411,0.059696,-0.004515,-0.000393,0.002319,-0.000556,0.005317,0.000071
10794.048000,-0.126000,0.101815,0.261432,-2.095979,-2.279305,0.059794,-0.005250,-0.000506,0.011129,-0.003911,0.045482,0.000215
10794.056000,-0.126030,0.101811,0.261473,-2.095897,-2.279245,0.059982,-0.003623,-0.000312,0.001521,-0.000391,0.003618,0.000047
10794.064000,-0.126080,0.101801,0.261522,-2.095788,-2.279155,0.060215,-0.005650,-0.000508,0.006065,-0.002111,0.023726,0.000127
10794.072000,-0.126115,0.101802,0.261561,-2.095783,-2.279069,0.060323,-0.004313,-0.000405,0.006905,-0.002155,0.024574,0.000153
10794.080000,-0.126157,0.101794,0.261608,-2.095632,-2.279016,0.060605,-0.004911,-0.000425,0.002684,-0.000909,0.009497,0.000065
10794.088000,-0.126196,0.101800,0.261645,-2.095564,-2.278883,0.060677,-0.005217,-0.000510,0.011567,-0.003691,0.042739,0.000245
10794.096000,-0.126228,0.101794,0.261675,-2.095488,-2.278885,0.060887,-0.004374,-0.000377,0.001637,-0.000290,0.002160,0.000060
10794.104000,-0.126267,0.101783,0.261713,-2.095406,-2.278827,0.061054,-0.005738,-0.000528,0.008070,-0.002766,0.031536,0.000166
10794.112000,-0.126298,0.101787,0.261746,-2.095426,-2.278740,0.061185,-0.003311,-0.000286,0.001329,-0.000234,0.001799,0.000048
10794.120000,-0.126345,0.101782,0.261794,-2.095347,-2.278655,0.061324,-0.005915,-0.000529,0.006223,-0.002278,0.025689,0.000124
10794.128000,-0.126383,0.101777,0.261843,-2.095243,-2.278570,0.061541,-0.005712,-0.000564,0.013297,-0.004159,0.048169,0.000285
10794.136000,-0.126427,0.101774,0.261906,-2.095124,-2.278441,0.061799,-0.005050,-0.000436,0.002730,-0.000968,0.010180,0.000064
10794.144000,-0.126469,0.101769,0.261963,-2.094975,-2.278362,0.062080,-0.005589,-0.000524,0.009190,-0.003099,0.035578,0.000189
10794.152000,-0.126513,0.101767,0.262011,-2.094901,-2.278227,0.062272,-0.004235,-0.000363,0.001830,-0.000695,0.007153,0.000043
10794.160000,-0.126554,0.101762,0.262052,-2.094863,-2.278161,0.062473,-0.005656,-0.000508,0.006063,-0.002113,0.023750,0.000127
10794.168000,-0.126583,0.101759,0.262102,-2.094753,-2.278069,0.062677,-0.004839,-0.000458,0.008014,-0.002319,0.026321,0.000187
10794.176000,-0.126633,0.101759,0.262139,-2.094740,-2.277945,0.062788,-0.004954,-0.000426,0.002309,-0.000747,0.007543,0.000060
10794.184000,-0.126668,0.101750,0.262171,-2.094695,-2.277954,0.062908,-0.005799,-0.000544,0.009692,-0.003272,0.037593,0.000199
10794.192000,-0.126716,0.101748,0.262231,-2.094567,-2.277844,0.063152,-0.004292,-0.000368,0.001724,-0.000537,0.005198,0.000048
10794.200000,-0.126751,0.101742,0.262281,-2.094436,-2.277783,0.063369,-0.005763,-0.000520,0.006282,-0.002053,0.022952,0.000139
10794.208000,-0.126790,0.101741,0.262349,-2.094299,-2.277635,0.063692,-0.005658,-0.000534,0.010209,-0.003592,0.041511,0.000199
10794.216000,-0.126841,0.101740,0.262408,-2.094233,-2.277481,0.063872,-0.004754,-0.000417,0.002670,-0.000449,0.003897,0.000091
10794.224000,-0.126879,0.101732,0.262457,-2.094193,-2.277441,0.064046,-0.006200,-0.000587,0.011567,-0.004133,0.047859,0.000221
10794.232000,-0.126931,0.101727,0.262520,-2.094045,-2.277281,0.064398,-0.004655,-0.000402,0.002925,-0.001279,0.014093,0.000052
10794.240000,-0.126968,0.101721,0.262556,-2.093997,-2.277258,0.064506,-0.004755,-0.000418,0.003087,-0.000786,0.007992,0.000087
10794.248000,-0.127002,0.101721,0.262603,-2.093940,-2.277141,0.064631,-0.005361,-0.000512,0.010117,-0.003283,0.037790,0.000213
10794.256000,-0.127043,0.101720,0.262657,-2.093845,-2.277011,0.064887,-0.004794,-0.000418,0.002655,-0.000683,0.006754,0.000077
10794.264000,-0.127080,0.101718,0.262684,-2.093866,-2.276982,0.064953,-0.006140,-0.000578,0.010266,-0.003287,0.037626,0.000220
10794.272000,-0.127123,0.101712,0.262740,-2.093731,-2.276891,0.065184,-0.004153,-0.000358,0.001795,-0.000486,0.004606,0.000053
10794.280000,-0.127165,0.101710,0.262775,-2.093688,-2.276817,0.065319,-0.006181,-0.000564,0.007665,-0.002498,0.028167,0.000167
10794.288000,-0.127210,0.101703,0.262855,-2.093502,-2.276670,0.065698,-0.006358,-0.000616,0.013273,-0.004308,0.049787,0.000276
10794.296000,-0.127263,0.101696,0.262906,-2.093368,-2.276635,0.065913,-0.005401,-0.000471,0.003536,-0.001242,0.013360,0.000080
10794.304000,-0.127308,0.101695,0.262958,-2.093323,-2.276506,0.066089,-0.006582,-0.000620,0.011249,-0.003687,0.042302,0.000236
10794.312000,-0.127353,0.101687,0.263002,-2.093200,-2.276427,0.066321,-0.004941,-0.000436,0.004091,-0.001437,0.015831,0.000088
10794.320000,-0.127394,0.101688,0.263042,-2.093172,-2.276316,0.066482,-0.005788,-0.000512,0.005032,-0.001820,0.020200,0.000104
10794.328000,-0.127440,0.101680,0.263116,-2.093006,-2.276219,0.066806,-0.006059,-0.000584,0.012236,-0.004006,0.046258,0.000253
10794.336000,-0.127491,0.101677,0.263185,-2.092927,-2.276053,0.067116,-0.005425,-0.000478,0.004371,-0.001507,0.016523,0.000096
10794.344000,-0.127529,0.101681,0.263232,-2.092818,-2.275958,0.067187,-0.005761,-0.000526,0.006975,-0.002155,0.024136,0.000159
10794.352000,-0.127580,0.101667,0.263278,-2.092763,-2.275933,0.067440,-0.005859,-0.000535,0.007738,-0.002711,0.030858,0.000156
10794.360000,-0.127621,0.101663,0.263347,-2.092641,-2.275773,0.067740,-0.005320,-0.000485,0.006001,-0.001667,0.018351,0.000149
10794.368000,-0.127674,0.101657,0.263386,-2.092557,-2.275737,0.067875,-0.006810,-0.000634,0.010750,-0.003690,0.042287,0.000217
10794.376000,-0.127711,0.101658,0.263447,-2.092476,-2.275538,0.068147,-0.004852,-0.000422,0.002769,-0.000789,0.008025,0.000075
10794.384000,-0.127750,0.101658,0.263481,-2.092445,-2.275452,0.068307,-0.006671,-0.000618,0.009982,-0.003383,0.038671,0.000205
10794.392000,-0.127806,0.101652,0.263539,-2.092292,-2.275366,0.068500,-0.005314,-0.000478,0.005572,-0.001817,0.020239,0.000123
10794.400000,-0.127849,0.101643,0.263567,-2.092244,-2.275344,0.068636,-0.005223,-0.000459,0.003506,-0.000982,0.010207,0.000093
10794.408000,-0.127895,0.101634,0.263626,-2.092152,-2.275248,0.068930,-0.006717,-0.000634,0.011543,-0.003737,0.042807,0.000244
10794.416000,-0.127935,0.101631,0.263680,-2.092025,-2.275194,0.069131,-0.004865,-0.000427,0.003224,-0.000925,0.009644,0.000085
10794.424000,-0.127985,0.101628,0.263731,-2.091910,-2.275151,0.069305,-0.006751,-0.000629,0.010269,-0.003282,0.037338,0.000222
10794.432000,-0.128021,0.101638,0.263798,-2.091855,-2.274869,0.069564,-0.006058,-0.000563,0.008987,-0.002826,0.032099,0.000197
10794.440000,-0.128079,0.101623,0.263851,-2.091778,-2.274818,0.069821,-0.005705,-0.000505,0.004737,-0.001578,0.017272,0.000107
10794.448000,-0.128128,0.101616,0.263909,-2.091644,-2.274727,0.070027,-0.006746,-0.000635,0.011457,-0.003819,0.043811,0.000235
10794.456000,-0.128177,0.101614,0.263973,-2.091543,-2.274591,0.070347,-0.005505,-0.000483,0.003954,-0.001305,0.014048,0.000092
10794.464000,-0.128226,0.101606,0.264024,-2.091449,-2.274519,0.070564,-0.006532,-0.000608,0.010024,-0.003275,0.037333,0.000212
10794.472000,-0.128267,0.101608,0.264080,-2.091403,-2.274388,0.070765,-0.006447,-0.000608,0.010809,-0.003409,0.038953,0.000234
10794.480000,-0.128322,0.101605,0.264117,-2.091282,-2.274308,0.070864,-0.005725,-0.000500,0.003519,-0.001058,0.010999,0.000091
10794.488000,-0.128362,0.101599,0.264192,-2.091210,-2.274125,0.071266,-0.006949,-0.000648,0.010801,-0.003535,0.040347,0.000227
10794.496000,-0.128419,0.101595,0.264243,-2.091119,-2.274082,0.071413,-0.005617,-0.000497,0.004937,-0.001790,0.019881,0.000101
10794.504000,-0.128464,0.101587,0.264296,-2.091015,-2.273998,0.071631,-0.006434,-0.000585,0.007658,-0.002433,0.027264,0.000170
10794.512000,-0.128513,0.101584,0.264369,-2.090884,-2.273856,0.071941,-0.006911,-0.000646,0.010932,-0.003510,0.040022,0.000234
10794.520000,-0.128568,0.101575,0.264438,-2.090726,-2.273740,0.072227,-0.005568,-0.000487,0.003782,-0.001283,0.013771,0.000087
10794.528000,-0.128617,0.101578,0.264496,-2.090612,-2.273615,0.072440,-0.006745,-0.000624,0.009873,-0.003257,0.037075,0.000207
10794.536000,-0.128665,0.101570,0.264533,-2.090511,-2.273561,0.072618,-0.005095,-0.000434,0.001468,-0.000409,0.003405,0.000048
10794.544000,-0.128715,0.101565,0.264578,-2.090487,-2.273482,0.072792,-0.005933,-0.000533,0.005382,-0.001343,0.014242,0.000146
10794.552000,-0.128769,0.101557,0.264652,-2.090295,-2.273385,0.073116,-0.007589,-0.000721,0.014224,-0.004845,0.055866,0.000283
10794.560000,-0.128811,0.101557,0.264696,-2.090264,-2.273298,0.073276,-0.005066,-0.000440,0.002774,-0.000835,0.008521,0.000073
10794.568000,-0.128860,0.101552,0.264741,-2.090168,-2.273194,0.073505,-0.006507,-0.000577,0.006315,-0.002454,0.027632,0.000117
10794.576000,-0.128906,0.101549,0.264807,-2.090051,-2.273039,0.073764,-0.006459,-0.000601,0.010008,-0.003353,0.038308,0.000206
10794.584000,-0.128966,0.101539,0.264869,-2.089959,-2.272943,0.074060,-0.005805,-0.000519,0.005313,-0.001554,0.016870,0.000130
10794.592000,-0.129012,0.101537,0.264940,-2.089812,-2.272782,0.074331,-0.007677,-0.000720,0.012780,-0.004283,0.049087,0.000260
10794.600000,-0.129066,0.101529,0.264977,-2.089774,-2.272716,0.074507,-0.005676,-0.000514,0.006106,-0.001803,0.019889,0.000145
10794.608000,-0.129114,0.101531,0.265030,-2.089693,-2.272572,0.074709,-0.006122,-0.000540,0.004710,-0.001501,0.016196,0.000111
10794.616000,-0.129164,0.101526,0.265100,-2.089562,-2.272487,0.074977,-0.007133,-0.000680,0.012979,-0.004048,0.046346,0.000280
10794.624000,-0.129212,0.101514,0.265144,-2.089571,-2.272448,0.075126,-0.005176,-0.000454,0.003162,-0.000738,0.007255,0.000094
10794.632000,-0.129248,0.101520,0.265132,-2.089599,-2.272446,0.074916,-0.006167,-0.000563,0.006990,-0.001896,0.020805,0.000175
10794.640000,-0.129306,0.101512,0.265220,-2.089399,-2.272287,0.075398,-0.006680,-0.000612,0.009078,-0.003118,0.035437,0.000184
10794.648000,-0.129364,0.101504,0.265292,-2.089287,-2.272196,0.075678,-0.006697,-0.000599,0.006581,-0.002217,0.024626,0.000142
10794.656000,-0.129418,0.101503,0.265369,-2.089174,-2.271992,0.076015,-0.007125,-0.000649,0.008854,-0.002926,0.032990,0.000188
10794.664000,-0.129468,0.101497,0.265430,-2.089036,-2.271868,0.076287,-0.006284,-0.000573,0.008167,-0.002875,0.032662,0.000162
10794.672000,-0.129520,0.101497,0.265488,-2.088967,-2.271769,0.076523,-0.006557,-0.000590,0.006786,-0.002137,0.023676,0.000154
10794.680000,-0.129579,0.101490,0.265584,-2.088746,-2.271553,0.076895,-0.007758,-0.000724,0.012386,-0.004144,0.047391,0.000253
10794.688000,-0.129634,0.101486,0.265681,-2.088560,-2.271355,0.077426,-0.007501,-0.000692,0.011163,-0.003961,0.045357,0.000216
10794.696000,-0.129697,0.101481,0.265766,-2.088438,-2.271170,0.077802,-0.006693,-0.000607,0.007776,-0.002472,0.027645,0.000172
10794.704000,-0.129761,0.101463,0.265834,-2.088188,-2.271174,0.078074,-0.007071,-0.000644,0.008689,-0.002908,0.032770,0.000183
10794.712000,-0.129809,0.101466,0.265881,-2.088183,-2.271031,0.078222,-0.006347,-0.000577,0.007770,-0.002573,0.028979,0.000165
10794.720000,-0.129865,0.101465,0.265942,-2.088098,-2.270857,0.078492,-0.006650,-0.000593,0.006302,-0.002113,0.023389,0.000137
10794.728000,-0.129924,0.101456,0.266009,-2.087911,-2.270790,0.078723,-0.007018,-0.000646,0.009451,-0.002955,0.033291,0.000209
10794.736000,-0.129982,0.101448,0.266068,-2.087868,-2.270638,0.079007,-0.006675,-0.000601,0.007079,-0.002302,0.025610,0.000156
10794.744000,-0.130028,0.101450,0.266126,-2.087808,-2.270519,0.079206,-0.006390,-0.000577,0.006816,-0.002027,0.022362,0.000161
10794.752000,-0.130078,0.101438,0.266195,-2.087586,-2.270472,0.079554,-0.007050,-0.000651,0.009922,-0.003218,0.036458,0.000211
10794.760000,-0.130136,0.101434,0.266247,-2.087548,-2.270349,0.079719,-0.006246,-0.000561,0.005746,-0.001538,0.016486,0.000149
10794.768000,-0.130191,0.101432,0.266322,-2.087427,-2.270218,0.079974,-0.006718,-0.000603,0.006815,-0.002171,0.024014,0.000153
10794.776000,-0.130250,0.101425,0.266385,-2.087318,-2.270102,0.080257,-0.007058,-0.000644,0.008813,-0.002867,0.032254,0.000189
10794.784000,-0.130301,0.101424,0.266427,-2.087310,-2.269985,0.080404,-0.006597,-0.000588,0.006044,-0.001882,0.020585,0.000141
10794.792000,-0.130353,0.101418,0.266492,-2.087166,-2.269912,0.080620,-0.007173,-0.000656,0.009137,-0.002971,0.033467,0.000196
10794.800000,-0.130418,0.101405,0.266574,-2.086959,-2.269772,0.081040,-0.007155,-0.000658,0.009671,-0.003096,0.034938,0.000209
10794.808000,-0.130466,0.101401,0.266630,-2.086876,-2.269711,0.081225,-0.006976,-0.000628,0.007569,-0.002565,0.028691,0.000159
10794.816000,-0.130515,0.101403,0.266627,-2.087033,-2.269637,0.081171,-0.006290,-0.000553,0.004479,-0.001316,0.013878,0.000113
10794.824000,-0.130571,0.101393,0.266676,-2.086906,-2.269583,0.081401,-0.007195,-0.000655,0.008460,-0.002623,0.029258,0.000191
10794.832000,-0.130623,0.101395,0.266747,-2.086770,-2.269432,0.081618,-0.006824,-0.000617,0.007405,-0.002246,0.024845,0.000171
10794.840000,-0.130680,0.101389,0.266801,-2.086651,-2.269359,0.081858,-0.006923,-0.000618,0.006653,-0.002208,0.024420,0.000145
10794.848000,-0.130743,0.101382,0.266885,-2.086513,-2.269212,0.082182,-0.007835,-0.000725,0.011603,-0.003916,0.044620,0.000235
10794.856000,-0.130800,0.101376,0.266964,-2.086361,-2.269020,0.082571,-0.007647,-0.000703,0.010838,-0.003792,0.043231,0.000213
10794.864000,-0.130863,0.101369,0.267085,-2.086102,-2.268822,0.083080,-0.007479,-0.000682,0.009744,-0.003396,0.038521,0.000194
10794.872000,-0.130924,0.101366,0.267186,-2.085940,-2.268536,0.083565,-0.007917,-0.000738,0.012573,-0.004252,0.048614,0.000252
10794.880000,-0.130987,0.101357,0.267253,-2.085760,-2.268451,0.083860,-0.007484,-0.000677,0.008890,-0.003165,0.035765,0.000175
10794.888000,-0.131045,0.101354,0.267321,-2.085669,-2.268270,0.084144,-0.006771,-0.000599,0.005804,-0.001998,0.021965,0.000124
10794.896000,-0.131103,0.101345,0.267358,-2.085619,-2.268248,0.084329,-0.007208,-0.000652,0.008085,-0.002609,0.029106,0.000177
10794.904000,-0.131153,0.101342,0.267415,-2.085538,-2.268106,0.084559,-0.006815,-0.000605,0.005973,-0.001930,0.021100,0.000135
10794.912000,-0.131208,0.101344,0.267458,-2.085490,-2.267999,0.084730,-0.007255,-0.000655,0.007996,-0.002529,0.028141,0.000178
10794.920000,-0.131274,0.101336,0.267538,-2.085340,-2.267864,0.085004,-0.007874,-0.000722,0.010703,-0.003598,0.040784,0.000219
10794.928000,-0.131338,0.101328,0.267613,-2.085200,-2.267741,0.085326,-0.007284,-0.000658,0.008289,-0.002776,0.031107,0.000174
10794.936000,-0.131393,0.101325,0.267700,-2.084984,-2.267560,0.085715,-0.007427,-0.000671,0.008568,-0.002912,0.032712,0.000177
10794.944000,-0.131448,0.101317,0.267762,-2.084908,-2.267425,0.085985,-0.007518,-0.000678,0.008410,-0.002896,0.032497,0.000172
10794.952000,-0.131515,0.101309,0.267835,-2.084751,-2.267340,0.086303,-0.007103,-0.000632,0.006450,-0.002144,0.023589,0.000141
10794.960000,-0.131575,0.101306,0.267895,-2.084636,-2.267240,0.086493,-0.007963,-0.000726,0.010026,-0.003332,0.037555,0.000209
10794.968000,-0.131640,0.101299,0.267954,-2.084551,-2.267124,0.086749,-0.007689,-0.000705,0.010095,-0.003264,0.036786,0.000215
10794.976000,-0.131702,0.101296,0.268017,-2.084459,-2.267025,0.086936,-0.007175,-0.000645,0.007438,-0.002347,0.025962,0.000167
10794.984000,-0.131744,0.101292,0.268070,-2.084454,-2.266915,0.087149,-0.007091,-0.000652,0.008830,-0.002386,0.026329,0.000218
10794.992000,-0.131796,0.101285,0.268086,-2.084378,-2.266885,0.087221,-0.006470,-0.000557,0.003343,-0.001304,0.013769,0.000071
10795.000000,-0.131853,0.101282,0.268151,-2.084313,-2.266736,0.087513,-0.007141,-0.000632,0.005511,-0.001507,0.015863,0.000144
10795.008000,-0.131922,0.101273,0.268214,-2.084126,-2.266725,0.087726,-0.008558,-0.000788,0.012042,-0.004058,0.046080,0.000244
10795.016000,-0.131985,0.101267,0.268271,-2.084068,-2.266553,0.087947,-0.007105,-0.000634,0.006831,-0.002327,0.025781,0.000144
10795.024000,-0.132051,0.101261,0.268368,-2.083906,-2.266379,0.088348,-0.007936,-0.000723,0.009443,-0.002890,0.032180,0.000213
10795.032000,-0.132112,0.101260,0.268467,-2.083737,-2.266142,0.088800,-0.008492,-0.000785,0.012850,-0.004475,0.051135,0.000249
10795.040000,-0.132186,0.101248,0.268590,-2.083467,-2.265932,0.089338,-0.008403,-0.000775,0.012333,-0.004265,0.048617,0.000242
10795.048000,-0.132253,0.101245,0.268688,-2.083264,-2.265738,0.089752,-0.008142,-0.000740,0.010264,-0.003606,0.040817,0.000202
10795.056000,-0.132324,0.101236,0.268785,-2.083056,-2.265540,0.090183,-0.008258,-0.000756,0.010992,-0.003714,0.042030,0.000223
10795.064000,-0.132392,0.101230,0.268873,-2.082907,-2.265354,0.090609,-0.008095,-0.000738,0.010115,-0.003332,0.037483,0.000212
10795.072000,-0.132448,0.101229,0.268940,-2.082781,-2.265216,0.090850,-0.007919,-0.000713,0.008486,-0.002786,0.031005,0.000182
10795.080000,-0.132505,0.101224,0.269002,-2.082688,-2.265061,0.091133,-0.007975,-0.000725,0.009271,-0.002859,0.031812,0.000208
10795.088000,-0.132581,0.101211,0.269083,-2.082543,-2.264934,0.091446,-0.008158,-0.000738,0.009561,-0.003284,0.036914,0.000194
10795.096000,-0.132644,0.101209,0.269148,-2.082395,-2.264826,0.091723,-0.007742,-0.000689,0.007331,-0.002553,0.028302,0.000152
10795.104000,-0.132704,0.101208,0.269212,-2.082375,-2.264616,0.091992,-0.007722,-0.000696,0.008382,-0.002711,0.030151,0.000182
10795.112000,-0.132754,0.101205,0.269266,-2.082276,-2.264510,0.092243,-0.007789,-0.000696,0.007869,-0.002746,0.030624,0.000160
10795.120000,-0.132823,0.101193,0.269321,-2.082131,-2.264518,0.092393,-0.007296,-0.000655,0.007143,-0.002138,0.023368,0.000168
10795.128000,-0.132885,0.101190,0.269394,-2.082052,-2.264351,0.092624,-0.008367,-0.000763,0.010313,-0.003315,0.037166,0.000221
10795.136000,-0.132958,0.101177,0.269486,-2.081845,-2.264210,0.093016,-0.008104,-0.000737,0.009668,-0.003064,0.034205,0.000211
10795.144000,-0.133018,0.101178,0.269564,-2.081777,-2.264029,0.093318,-0.008117,-0.000730,0.008900,-0.003028,0.033867,0.000184
10795.152000,-0.133076,0.101172,0.269627,-2.081674,-2.263893,0.093638,-0.008027,-0.000730,0.009641,-0.003028,0.033828,0.000212
10795.160000,-0.133134,0.101165,0.269683,-2.081517,-2.263831,0.093853,-0.007443,-0.000664,0.006683,-0.002034,0.022097,0.000157
10795.168000,-0.133204,0.101155,0.269766,-2.081327,-2.263707,0.094178,-0.008096,-0.000728,0.008527,-0.002763,0.030632,0.000185
10795.176000,-0.133261,0.101160,0.269847,-2.081282,-2.263413,0.094538,-0.008747,-0.000804,0.011987,-0.003932,0.044470,0.000249
10795.184000,-0.133344,0.101142,0.269930,-2.081038,-2.263397,0.094873,-0.008134,-0.000732,0.008585,-0.002758,0.030556,0.000188
10795.192000,-0.133409,0.101138,0.269993,-2.080999,-2.263249,0.095138,-0.008248,-0.000747,0.009130,-0.002791,0.030880,0.000207
10795.200000,-0.133462,0.101136,0.270059,-2.080900,-2.263143,0.095363,-0.008159,-0.000735,0.008686,-0.002772,0.030728,0.000191
10795.208000,-0.133535,0.101134,0.270159,-2.080718,-2.262861,0.095807,-0.008476,-0.000768,0.010078,-0.003391,0.038089,0.000207
10795.216000,-0.133610,0.101120,0.270231,-2.080533,-2.262770,0.096118,-0.008112,-0.000725,0.008009,-0.002717,0.030116,0.000168
10795.224000,-0.133675,0.101119,0.270299,-2.080421,-2.262619,0.096359,-0.008605,-0.000779,0.009986,-0.003273,0.036598,0.000211
10795.232000,-0.133740,0.101114,0.270381,-2.080328,-2.262415,0.096795,-0.008603,-0.000785,0.010781,-0.003440,0.038580,0.000232
10795.240000,-0.133806,0.101102,0.270442,-2.080123,-2.262409,0.096973,-0.008112,-0.000720,0.007288,-0.002475,0.027217,0.000155
10795.248000,-0.133874,0.101099,0.270517,-2.080000,-2.262222,0.097319,-0.008729,-0.000788,0.009690,-0.003189,0.035561,0.000205
10795.256000,-0.133940,0.101091,0.270591,-2.079881,-2.262068,0.097654,-0.008815,-0.000798,0.010275,-0.003431,0.038432,0.000213
10795.264000,-0.134014,0.101085,0.270654,-2.079745,-2.261975,0.097857,-0.008435,-0.000762,0.009539,-0.003136,0.034993,0.000202
10795.272000,-0.134085,0.101080,0.270760,-2.079652,-2.261715,0.098334,-0.008816,-0.000800,0.010691,-0.003603,0.040510,0.000218
10795.280000,-0.134155,0.101074,0.270836,-2.079472,-2.261602,0.098628,-0.008667,-0.000791,0.010850,-0.003475,0.038962,0.000232
10795.288000,-0.134224,0.101063,0.270918,-2.079309,-2.261510,0.098961,-0.008513,-0.000771,0.009846,-0.003209,0.035838,0.000209
10795.296000,-0.134294,0.101059,0.271005,-2.079161,-2.261291,0.099274,-0.008397,-0.000755,0.008830,-0.002851,0.031577,0.000192
10795.304000,-0.134352,0.101056,0.271080,-2.079089,-2.261136,0.099578,-0.008476,-0.000761,0.008917,-0.002996,0.033335,0.000186
10795.312000,-0.134419,0.101054,0.271132,-2.079038,-2.260999,0.099766,-0.008147,-0.000724,0.007401,-0.002429,0.026643,0.000162
10795.320000,-0.134489,0.101040,0.271200,-2.078869,-2.260927,0.100087,-0.008361,-0.000753,0.008817,-0.002750,0.030349,0.000197
10795.328000,-0.134553,0.101039,0.271271,-2.078728,-2.260801,0.100326,-0.008721,-0.000792,0.010577,-0.003485,0.039086,0.000220
10795.336000,-0.134624,0.101027,0.271346,-2.078576,-2.260665,0.100676,-0.008553,-0.000779,0.010446,-0.003336,0.037299,0.000224
10795.344000,-0.134695,0.101025,0.271442,-2.078437,-2.260490,0.101046,-0.008864,-0.000803,0.010601,-0.003582,0.040223,0.000216
10795.352000,-0.134762,0.101018,0.271530,-2.078278,-2.260290,0.101447,-0.009080,-0.000823,0.010900,-0.003681,0.041340,0.000222
10795.360000,-0.134835,0.101018,0.271605,-2.078161,-2.260108,0.101726,-0.009045,-0.000821,0.010972,-0.003647,0.040944,0.000226
10795.368000,-0.134911,0.101003,0.271703,-2.077929,-2.259966,0.102169,-0.009050,-0.000821,0.010958,-0.003697,0.041526,0.000223
10795.376000,-0.134978,0.101000,0.271772,-2.077870,-2.259824,0.102396,-0.008891,-0.000808,0.010734,-0.003451,0.038598,0.000229
10795.384000,-0.135056,0.100993,0.271864,-2.077693,-2.259661,0.102794,-0.008767,-0.000794,0.010142,-0.003273,0.036516,0.000216
10795.392000,-0.135119,0.100985,0.271947,-2.077554,-2.259513,0.103140,-0.008519,-0.000768,0.009022,-0.002792,0.030793,0.000202
10795.400000,-0.135190,0.100981,0.272019,-2.077449,-2.259345,0.103421,-0.008743,-0.000781,0.008591,-0.002875,0.031787,0.000181
10795.408000,-0.135257,0.100974,0.272090,-2.077336,-2.259196,0.103717,-0.008605,-0.000771,0.008524,-0.002699,0.029680,0.000189
10795.416000,-0.135330,0.100967,0.272165,-2.077149,-2.259102,0.103997,-0.009165,-0.000829,0.010509,-0.003481,0.038884,0.000219
10795.424000,-0.135404,0.100955,0.272266,-2.076891,-2.258958,0.104437,-0.008957,-0.000816,0.010907,-0.003420,0.038139,0.000237
10795.432000,-0.135479,0.100953,0.272344,-2.076834,-2.258733,0.104734,-0.009371,-0.000850,0.011341,-0.003804,0.042686,0.000231
10795.440000,-0.135552,0.100951,0.272451,-2.076660,-2.258520,0.105181,-0.008858,-0.000798,0.009486,-0.002982,0.032976,0.000209
10795.448000,-0.135628,0.100939,0.272530,-2.076480,-2.258409,0.105528,-0.008998,-0.000814,0.010751,-0.003752,0.042219,0.000210
10795.456000,-0.135692,0.100938,0.272600,-2.076388,-2.258227,0.105808,-0.009108,-0.000824,0.010622,-0.003509,0.039238,0.000221
10795.464000,-0.135769,0.100929,0.272682,-2.076172,-2.258126,0.106103,-0.009313,-0.000842,0.010599,-0.003454,0.038487,0.000224
10795.472000,-0.135852,0.100917,0.272777,-2.075998,-2.257940,0.106531,-0.009301,-0.000839,0.010313,-0.003430,0.038215,0.000214
10795.480000,-0.135926,0.100908,0.272859,-2.075864,-2.257798,0.106865,-0.009218,-0.000833,0.010199,-0.003250,0.036037,0.000221
10795.488000,-0.135990,0.100907,0.272936,-2.075746,-2.257616,0.107195,-0.008986,-0.000802,0.008889,-0.003067,0.034017,0.000181
10795.496000,-0.136064,0.100904,0.273002,-2.075646,-2.257452,0.107438,-0.009000,-0.000799,0.008316,-0.002869,0.031648,0.000171
10795.504000,-0.136135,0.100894,0.273074,-2.075501,-2.257322,0.107745,-0.009111,-0.000820,0.009559,-0.003012,0.033233,0.000211
10795.512000,-0.136202,0.100889,0.273148,-2.075441,-2.257155,0.108101,-0.009665,-0.000872,0.010851,-0.003618,0.040374,0.000224
10795.520000,-0.136288,0.100880,0.273237,-2.075253,-2.257030,0.108372,-0.009347,-0.000847,0.011051,-0.003691,0.041315,0.000226
10795.528000,-0.136373,0.100872,0.273338,-2.075029,-2.256817,0.108875,-0.009650,-0.000870,0.011113,-0.003909,0.043895,0.000216
10795.536000,-0.136446,0.100859,0.273418,-2.074869,-2.256700,0.109211,-0.009286,-0.000838,0.010569,-0.003607,0.040331,0.000213
10795.544000,-0.136512,0.100858,0.273493,-2.074699,-2.256541,0.109539,-0.009543,-0.000856,0.010081,-0.003460,0.038521,0.000204
10795.552000,-0.136581,0.100857,0.273593,-2.074599,-2.256272,0.109975,-0.009386,-0.000847,0.010248,-0.003241,0.035888,0.000223
10795.560000,-0.136655,0.100847,0.273661,-2.074430,-2.256197,0.110218,-0.009690,-0.000879,0.011601,-0.003833,0.042896,0.000239
10795.568000,-0.136740,0.100840,0.273756,-2.074311,-2.256017,0.110576,-0.009585,-0.000869,0.011333,-0.003690,0.041205,0.000237
10795.576000,-0.136810,0.100834,0.273858,-2.074131,-2.255797,0.111041,-0.009604,-0.000860,0.010058,-0.003443,0.038306,0.000204
10795.584000,-0.136894,0.100822,0.273945,-2.073896,-2.255678,0.111426,-0.009316,-0.000836,0.009782,-0.003291,0.036548,0.000202
10795.592000,-0.136972,0.100817,0.274021,-2.073789,-2.255479,0.111722,-0.009690,-0.000874,0.010930,-0.003644,0.040641,0.000225
10795.600000,-0.137045,0.100807,0.274102,-2.073612,-2.255373,0.112079,-0.009827,-0.000895,0.012240,-0.004032,0.045212,0.000251
10795.608000,-0.137128,0.100802,0.274201,-2.073484,-2.255153,0.112465,-0.009677,-0.000877,0.011390,-0.003757,0.041983,0.000235
10795.616000,-0.137206,0.100799,0.274288,-2.073343,-2.254946,0.112822,-0.009825,-0.000880,0.010349,-0.003576,0.039829,0.000207
10795.624000,-0.137282,0.100795,0.274379,-2.073158,-2.254713,0.113186,-0.009567,-0.000865,0.010980,-0.003575,0.039834,0.000230
10795.632000,-0.137355,0.100781,0.274452,-2.072988,-2.254670,0.113515,-0.009493,-0.000854,0.009948,-0.003174,0.035033,0.000216
10795.640000,-0.137432,0.100773,0.274547,-2.072800,-2.254495,0.113914,-0.009703,-0.000873,0.010389,-0.003376,0.037387,0.000220
10795.648000,-0.137511,0.100775,0.274639,-2.072721,-2.254219,0.114258,-0.009670,-0.000877,0.011449,-0.003676,0.040989,0.000242
10795.656000,-0.137592,0.100762,0.274717,-2.072519,-2.254137,0.114592,-0.009694,-0.000869,0.010017,-0.003315,0.036695,0.000210
10795.664000,-0.137667,0.100753,0.274815,-2.072330,-2.253962,0.115017,-0.009472,-0.000848,0.009280,-0.002967,0.032558,0.000203
10795.672000,-0.137744,0.100748,0.274884,-2.072264,-2.253756,0.115349,-0.009932,-0.000893,0.010880,-0.003662,0.040779,0.000222
10795.680000,-0.137826,0.100739,0.274963,-2.072057,-2.253667,0.115641,-0.009813,-0.000887,0.011103,-0.003560,0.039532,0.000236
10795.688000,-0.137901,0.100732,0.275057,-2.071870,-2.253491,0.116038,-0.010086,-0.000916,0.012167,-0.003998,0.044700,0.000250
10795.696000,-0.137982,0.100726,0.275165,-2.071753,-2.253204,0.116492,-0.009969,-0.000901,0.011427,-0.003798,0.042365,0.000234
10795.704000,-0.138064,0.100716,0.275253,-2.071559,-2.253104,0.116811,-0.009691,-0.000869,0.009932,-0.003227,0.035596,0.000212
10795.712000,-0.138138,0.100711,0.275330,-2.071396,-2.252953,0.117104,-0.009608,-0.000867,0.010467,-0.003298,0.036437,0.000227
10795.720000,-0.138216,0.100709,0.275400,-2.071279,-2.252794,0.117331,-0.009988,-0.000903,0.011532,-0.003810,0.042484,0.000237
10795.728000,-0.138292,0.100697,0.275498,-2.071108,-2.252645,0.117805,-0.009981,-0.000907,0.012047,-0.003923,0.043821,0.000250
10795.736000,-0.138377,0.100686,0.275601,-2.070919,-2.252470,0.118230,-0.010181,-0.000924,0.012179,-0.003991,0.044571,0.000251
10795.744000,-0.138457,0.100686,0.275694,-2.070718,-2.252272,0.118535,-0.010078,-0.000910,0.011469,-0.003772,0.041996,0.000237
10795.752000,-0.138537,0.100678,0.275791,-2.070597,-2.252036,0.118962,-0.009747,-0.000878,0.010479,-0.003324,0.036704,0.000226
10795.760000,-0.138611,0.100676,0.275860,-2.070558,-2.251861,0.119225,-0.010175,-0.000929,0.013069,-0.004203,0.047103,0.000271
10795.768000,-0.138687,0.100664,0.275957,-2.070389,-2.251712,0.119674,-0.010221,-0.000927,0.012376,-0.004162,0.046644,0.000247
10795.776000,-0.138781,0.100659,0.276054,-2.070116,-2.251544,0.120020,-0.010047,-0.000898,0.010337,-0.003620,0.040258,0.000203
10795.784000,-0.138859,0.100648,0.276155,-2.069947,-2.251307,0.120474,-0.010107,-0.000906,0.010654,-0.003612,0.040095,0.000216
10795.792000,-0.138935,0.100644,0.276223,-2.069854,-2.251156,0.120788,-0.009864,-0.000883,0.009966,-0.003280,0.036198,0.000209
10795.800000,-0.139023,0.100629,0.276321,-2.069613,-2.251032,0.121190,-0.009986,-0.000895,0.010303,-0.003491,0.038672,0.000209
10795.808000,-0.139096,0.100625,0.276396,-2.069506,-2.250861,0.121493,-0.010176,-0.000919,0.011685,-0.003928,0.043835,0.000235
10795.816000,-0.139174,0.100619,0.276494,-2.069308,-2.250703,0.121899,-0.010317,-0.000935,0.012413,-0.004153,0.046477,0.000249
10795.824000,-0.139261,0.100611,0.276602,-2.069101,-2.250477,0.122302,-0.010451,-0.000943,0.011994,-0.004100,0.045817,0.000237
10795.832000,-0.139348,0.100603,0.276686,-2.068973,-2.250314,0.122671,-0.010127,-0.000912,0.011219,-0.003762,0.041853,0.000227
10795.840000,-0.139425,0.100592,0.276785,-2.068757,-2.250137,0.123146,-0.010276,-0.000926,0.011478,-0.003877,0.043185,0.000230
10795.848000,-0.139506,0.100587,0.276875,-2.068584,-2.249979,0.123525,-0.010504,-0.000950,0.011883,-0.003764,0.041704,0.000254
10795.856000,-0.139590,0.100582,0.276962,-2.068473,-2.249747,0.123834,-0.010298,-0.000934,0.011933,-0.003728,0.041317,0.000257
10795.864000,-0.139682,0.100571,0.277069,-2.068311,-2.249548,0.124259,-0.010289,-0.000928,0.011478,-0.003755,0.041690,0.000238
10795.872000,-0.139761,0.100565,0.277157,-2.068140,-2.249389,0.124592,-0.010546,-0.000947,0.011395,-0.003874,0.043075,0.000228
10795.880000,-0.139847,0.100557,0.277250,-2.067936,-2.249224,0.125012,-0.010592,-0.000953,0.011556,-0.003830,0.042506,0.000237
10795.888000,-0.139927,0.100549,0.277343,-2.067786,-2.249036,0.125384,-0.010590,-0.000957,0.012118,-0.003998,0.044503,0.000248
10795.896000,-0.140020,0.100543,0.277443,-2.067617,-2.248796,0.125784,-0.010371,-0.000943,0.012449,-0.003894,0.043261,0.000266
10795.904000,-0.140105,0.100535,0.277537,-2.067412,-2.248687,0.126186,-0.010586,-0.000952,0.011544,-0.003894,0.043290,0.000232
10795.912000,-0.140188,0.100528,0.277637,-2.067308,-2.248439,0.126536,-0.010350,-0.000934,0.011864,-0.003980,0.044374,0.000238
10795.920000,-0.140266,0.100517,0.277734,-2.067010,-2.248303,0.126972,-0.010751,-0.000968,0.011741,-0.003881,0.043036,0.000241
10795.928000,-0.140354,0.100511,0.277821,-2.066899,-2.248133,0.127326,-0.010808,-0.000978,0.012698,-0.004229,0.047187,0.000255
10795.936000,-0.140437,0.100512,0.277931,-2.066745,-2.247854,0.127721,-0.010745,-0.000969,0.012320,-0.004134,0.046108,0.000246
10795.944000,-0.140524,0.100493,0.278026,-2.066565,-2.247720,0.128126,-0.010704,-0.000964,0.011646,-0.003771,0.041713,0.000244
10795.952000,-0.140602,0.100492,0.278116,-2.066395,-2.247534,0.128478,-0.010694,-0.000961,0.011394,-0.003704,0.040929,0.000238
10795.960000,-0.140682,0.100487,0.278205,-2.066294,-2.247346,0.128820,-0.010645,-0.000957,0.011378,-0.003654,0.040351,0.000241
10795.968000,-0.140780,0.100471,0.278294,-2.066051,-2.247245,0.129168,-0.010822,-0.000972,0.011634,-0.003950,0.043848,0.000232
10795.976000,-0.140866,0.100465,0.278397,-2.065869,-2.247022,0.129653,-0.010921,-0.000987,0.012335,-0.003978,0.044110,0.000257
10795.984000,-0.140964,0.100455,0.278495,-2.065695,-2.246835,0.130024,-0.010919,-0.000979,0.011554,-0.003922,0.043494,0.000231
10795.992000,-0.141043,0.100447,0.278596,-2.065501,-2.246626,0.130485,-0.010765,-0.000961,0.010510,-0.003498,0.038460,0.000217
10796.000000,-0.141128,0.100448,0.278668,-2.065437,-2.246392,0.130763,-0.010637,-0.000953,0.011151,-0.003758,0.041637,0.000224
10796.008000,-0.141209,0.100441,0.278758,-2.065241,-2.246239,0.131205,-0.010822,-0.000982,0.012964,-0.004141,0.046088,0.000270
10796.032000,-0.141484,0.100413,0.279048,-2.064673,-2.245702,0.132332,-0.011225,-0.001008,0.012289,-0.004235,0.047143,0.000239
10796.040000,-0.141571,0.100406,0.279159,-2.064516,-2.245425,0.132809,-0.011231,-0.001009,0.012163,-0.004114,0.045686,0.000242
10796.048000,-0.141658,0.100395,0.279252,-2.064318,-2.245267,0.133242,-0.011375,-0.001026,0.013196,-0.004527,0.050577,0.000256
10796.056000,-0.141756,0.100383,0.279347,-2.064102,-2.245140,0.133563,-0.011445,-0.001032,0.013169,-0.004548,0.050783,0.000253
10796.064000,-0.141851,0.100374,0.279465,-2.063884,-2.244932,0.133999,-0.011102,-0.000997,0.011858,-0.003968,0.043933,0.000239
10796.072000,-0.141924,0.100371,0.279544,-2.063784,-2.244716,0.134367,-0.011064,-0.000995,0.012284,-0.004229,0.047100,0.000238
10796.080000,-0.142007,0.100360,0.279639,-2.063589,-2.244590,0.134760,-0.010974,-0.000991,0.012728,-0.004270,0.047578,0.000252
10796.088000,-0.142096,0.100361,0.279749,-2.063462,-2.244260,0.135208,-0.011028,-0.000994,0.012299,-0.003990,0.044210,0.000254
10796.096000,-0.142196,0.100348,0.279849,-2.063260,-2.244128,0.135615,-0.011333,-0.001020,0.012863,-0.004479,0.050019,0.000245
10796.104000,-0.142294,0.100334,0.279950,-2.063059,-2.243934,0.135980,-0.011364,-0.001026,0.013130,-0.004450,0.049598,0.000257
10796.112000,-0.142380,0.100328,0.280055,-2.062835,-2.243748,0.136461,-0.011326,-0.001021,0.012846,-0.004313,0.047978,0.000255
10796.120000,-0.142465,0.100322,0.280142,-2.062692,-2.243539,0.136842,-0.011300,-0.001022,0.013368,-0.004524,0.050506,0.000261
10796.128000,-0.142557,0.100316,0.280265,-2.062485,-2.243291,0.137353,-0.011411,-0.001030,0.013317,-0.004496,0.050152,0.000261
10796.136000,-0.142644,0.100307,0.280367,-2.062335,-2.243077,0.137776,-0.011292,-0.001013,0.012166,-0.004165,0.046259,0.000238
10796.144000,-0.142745,0.100293,0.280443,-2.062140,-2.242945,0.138085,-0.011120,-0.000987,0.010401,-0.003719,0.041005,0.000198
10796.152000,-0.142826,0.100291,0.280524,-2.061979,-2.242765,0.138374,-0.010765,-0.000969,0.011656,-0.003749,0.041358,0.000243
10796.160000,-0.142911,0.100282,0.280633,-2.061789,-2.242593,0.138855,-0.011310,-0.001022,0.013035,-0.004290,0.047677,0.000263
10796.168000,-0.143001,0.100275,0.280738,-2.061665,-2.242355,0.139278,-0.011496,-0.001034,0.012767,-0.004328,0.048112,0.000251
10796.176000,-0.143093,0.100271,0.280850,-2.061412,-2.242129,0.139709,-0.011408,-0.001034,0.013708,-0.004518,0.050371,0.000274
10796.184000,-0.143184,0.100257,0.280948,-2.061210,-2.241940,0.140161,-0.011597,-0.001046,0.013546,-0.004700,0.052530,0.000256
10796.192000,-0.143280,0.100251,0.281042,-2.061095,-2.241707,0.140518,-0.011807,-0.001064,0.013536,-0.004641,0.051756,0.000260
10796.200000,-0.143368,0.100245,0.281166,-2.060855,-2.241476,0.141039,-0.011630,-0.001048,0.013335,-0.004507,0.050204,0.000261
10796.208000,-0.143470,0.100227,0.281272,-2.060579,-2.241312,0.141493,-0.011733,-0.001055,0.012985,-0.004428,0.049191,0.000253
10796.216000,-0.143560,0.100232,0.281383,-2.060424,-2.241003,0.141909,-0.011952,-0.001076,0.013243,-0.004334,0.047991,0.000269
10796.224000,-0.143657,0.100218,0.281467,-2.060280,-2.240879,0.142253,-0.011727,-0.001051,0.012156,-0.004024,0.044371,0.000247
10796.232000,-0.143750,0.100207,0.281571,-2.060072,-2.240714,0.142722,-0.011561,-0.001040,0.012911,-0.004414,0.049105,0.000250
10796.240000,-0.143845,0.100198,0.281690,-2.059825,-2.240471,0.143222,-0.011560,-0.001037,0.012514,-0.004301,0.047749,0.000242
10796.248000,-0.143938,0.100191,0.281779,-2.059714,-2.240301,0.143549,-0.011904,-0.001071,0.013472,-0.004659,0.051937,0.000256
10796.256000,-0.144032,0.100184,0.281873,-2.059492,-2.240139,0.143928,-0.011764,-0.001053,0.012550,-0.004413,0.049067,0.000236
10796.264000,-0.144130,0.100173,0.281979,-2.059310,-2.239887,0.144380,-0.011708,-0.001056,0.013273,-0.004380,0.048589,0.000266
10796.272000,-0.144218,0.100164,0.282087,-2.059070,-2.239681,0.144877,-0.011698,-0.001058,0.013850,-0.004633,0.051622,0.000271
10796.280000,-0.144313,0.100160,0.282192,-2.058970,-2.239468,0.145194,-0.011611,-0.001038,0.011999,-0.004121,0.045585,0.000233
10796.288000,-0.144407,0.100145,0.282295,-2.058736,-2.239240,0.145697,-0.011495,-0.001025,0.011186,-0.003742,0.041051,0.000226
10796.296000,-0.144501,0.100141,0.282400,-2.058533,-2.239046,0.146088,-0.011690,-0.001045,0.011793,-0.003906,0.042942,0.000240
10796.304000,-0.144593,0.100128,0.282493,-2.058361,-2.238895,0.146531,-0.012008,-0.001085,0.014131,-0.004769,0.053140,0.000274
10796.312000,-0.144693,0.100126,0.282611,-2.058120,-2.238655,0.146961,-0.012297,-0.001106,0.013905,-0.004815,0.053656,0.000263
10796.320000,-0.144799,0.100111,0.282726,-2.057907,-2.238428,0.147488,-0.012080,-0.001090,0.013928,-0.004687,0.052132,0.000271
10796.328000,-0.144884,0.100107,0.282834,-2.057745,-2.238198,0.147881,-0.012136,-0.001091,0.013491,-0.004560,0.050618,0.000263
10796.336000,-0.144987,0.100097,0.282939,-2.057579,-2.237965,0.148291,-0.011889,-0.001073,0.013573,-0.004430,0.049089,0.000274
10796.344000,-0.145078,0.100086,0.283046,-2.057398,-2.237775,0.148762,-0.011805,-0.001067,0.013446,-0.004277,0.047265,0.000278
10796.352000,-0.145171,0.100084,0.283150,-2.057180,-2.237561,0.149139,-0.011891,-0.001067,0.012475,-0.004063,0.044733,0.000255
10796.360000,-0.145269,0.100069,0.283254,-2.056984,-2.237378,0.149576,-0.011890,-0.001066,0.012385,-0.004058,0.044652,0.000252
10796.368000,-0.145376,0.100058,0.283342,-2.056792,-2.237250,0.149893,-0.012147,-0.001094,0.013667,-0.004576,0.050756,0.000268
10796.376000,-0.145466,0.100051,0.283450,-2.056640,-2.237009,0.150363,-0.012314,-0.001103,0.013241,-0.004583,0.050842,0.000252
10796.384000,-0.145565,0.100047,0.283571,-2.056391,-2.236763,0.150830,-0.012075,-0.001087,0.013704,-0.004639,0.051564,0.000265
10796.392000,-0.145667,0.100036,0.283657,-2.056255,-2.236593,0.151211,-0.012115,-0.001093,0.014057,-0.004708,0.052352,0.000274
10796.400000,-0.145762,0.100025,0.283780,-2.056004,-2.236344,0.151675,-0.012023,-0.001079,0.013060,-0.004471,0.049567,0.000251
10796.408000,-0.145858,0.100017,0.283871,-2.055850,-2.236154,0.152092,-0.012090,-0.001090,0.013715,-0.004575,0.050756,0.000269
10796.416000,-0.145944,0.100010,0.284005,-2.055587,-2.235840,0.152681,-0.012242,-0.001101,0.013715,-0.004695,0.052165,0.000261
10796.424000,-0.146057,0.100003,0.284109,-2.055417,-2.235654,0.153008,-0.012202,-0.001088,0.012357,-0.004361,0.048239,0.000231
10796.432000,-0.146146,0.099997,0.284202,-2.055300,-2.235426,0.153450,-0.012073,-0.001080,0.012370,-0.004110,0.045234,0.000248
10796.440000,-0.146244,0.099986,0.284294,-2.055093,-2.235254,0.153832,-0.012257,-0.001103,0.013679,-0.004583,0.050808,0.000267
10796.448000,-0.146343,0.099973,0.284394,-2.054874,-2.235100,0.154251,-0.012482,-0.001120,0.013709,-0.004747,0.052714,0.000258
10796.456000,-0.146446,0.099962,0.284523,-2.054656,-2.234814,0.154840,-0.012415,-0.001111,0.013436,-0.004807,0.053484,0.000243
10796.464000,-0.146536,0.099958,0.284621,-2.054414,-2.234599,0.155242,-0.012392,-0.001110,0.013324,-0.004577,0.050713,0.000254
10796.472000,-0.146641,0.099946,0.284737,-2.054181,-2.234406,0.155762,-0.012279,-0.001102,0.013719,-0.004824,0.053713,0.000252
10796.480000,-0.146742,0.099942,0.284844,-2.054018,-2.234150,0.156204,-0.012427,-0.001119,0.014343,-0.004900,0.054558,0.000271
10796.488000,-0.146840,0.099929,0.284968,-2.053731,-2.233913,0.156670,-0.012654,-0.001133,0.013457,-0.004635,0.051290,0.000256
10796.496000,-0.146936,0.099922,0.285066,-2.053591,-2.233740,0.157069,-0.012345,-0.001106,0.013203,-0.004466,0.049380,0.000256
10796.504000,-0.147044,0.099908,0.285174,-2.053371,-2.233531,0.157532,-0.012695,-0.001142,0.013837,-0.004518,0.049808,0.000278
10796.512000,-0.147143,0.099903,0.285285,-2.053166,-2.233279,0.157986,-0.012548,-0.001129,0.014061,-0.004717,0.052269,0.000273
10796.520000,-0.147239,0.099897,0.285414,-2.052898,-2.233014,0.158518,-0.012545,-0.001129,0.014190,-0.004795,0.053215,0.000272
10796.528000,-0.147350,0.099885,0.285520,-2.052758,-2.232788,0.158965,-0.012807,-0.001155,0.014925,-0.005024,0.055851,0.000286
10796.536000,-0.147453,0.099871,0.285640,-2.052493,-2.232551,0.159455,-0.012897,-0.001157,0.013950,-0.004769,0.052780,0.000266
10796.544000,-0.147554,0.099867,0.285748,-2.052296,-2.232337,0.159880,-0.012419,-0.001118,0.013846,-0.004580,0.050655,0.000273
10796.552000,-0.147664,0.099854,0.285858,-2.052117,-2.232091,0.160343,-0.012726,-0.001140,0.013630,-0.004674,0.051710,0.000259
10796.560000,-0.147751,0.099853,0.285981,-2.051883,-2.231811,0.160894,-0.012527,-0.001113,0.012253,-0.004302,0.047402,0.000230
10796.568000,-0.147851,0.099838,0.286065,-2.051711,-2.231709,0.161211,-0.012200,-0.001089,0.012045,-0.003976,0.043528,0.000242
10796.576000,-0.147957,0.099825,0.286161,-2.051511,-2.231518,0.161608,-0.012969,-0.001168,0.014556,-0.004803,0.053094,0.000287
10796.584000,-0.148050,0.099820,0.286271,-2.051355,-2.231269,0.162037,-0.012930,-0.001163,0.014600,-0.004992,0.055416,0.000275
10796.592000,-0.148162,0.099807,0.286417,-2.051031,-2.230998,0.162638,-0.012564,-0.001121,0.012568,-0.004256,0.046747,0.000245
10796.600000,-0.148254,0.099800,0.286513,-2.050873,-2.230830,0.163025,-0.013038,-0.001170,0.013689,-0.004414,0.048427,0.000279
10796.608000,-0.148361,0.099794,0.286620,-2.050715,-2.230551,0.163470,-0.012947,-0.001167,0.014633,-0.004778,0.052793,0.000290
10796.616000,-0.148466,0.099783,0.286733,-2.050466,-2.230362,0.163925,-0.013072,-0.001177,0.014597,-0.004794,0.052951,0.000288
10796.624000,-0.148572,0.099773,0.286859,-2.050222,-2.230098,0.164459,-0.013133,-0.001180,0.014497,-0.004878,0.053959,0.000279
10796.632000,-0.148679,0.099761,0.286975,-2.049968,-2.229878,0.164980,-0.013011,-0.001166,0.013799,-0.004601,0.050682,0.000270
10796.640000,-0.148784,0.099758,0.287081,-2.049818,-2.229604,0.165359,-0.012865,-0.001151,0.013311,-0.004459,0.049053,0.000260
10796.648000,-0.148894,0.099750,0.287197,-2.049613,-2.229384,0.165824,-0.013180,-0.001175,0.013454,-0.004685,0.051709,0.000251
10796.656000,-0.148993,0.099739,0.287297,-2.049461,-2.229169,0.166245,-0.013208,-0.001186,0.014543,-0.004917,0.054412,0.000277
10796.664000,-0.149104,0.099723,0.287399,-2.049232,-2.229033,0.166674,-0.013196,-0.001184,0.014317,-0.004828,0.053323,0.000275
10796.672000,-0.149207,0.099711,0.287516,-2.048997,-2.228808,0.167183,-0.013208,-0.001185,0.014672,-0.005120,0.056834,0.000268
10796.680000,-0.149313,0.099706,0.287644,-2.048822,-2.228514,0.167701,-0.013198,-0.001185,0.014385,-0.004805,0.053051,0.000279
10796.688000,-0.149415,0.099696,0.287753,-2.048561,-2.228305,0.168120,-0.012968,-0.001160,0.013500,-0.004558,0.050185,0.000260
10796.696000,-0.149511,0.099690,0.287858,-2.048377,-2.228080,0.168547,-0.013055,-0.001167,0.013525,-0.004558,0.050156,0.000261
10796.704000,-0.149614,0.099687,0.287965,-2.048221,-2.227798,0.168939,-0.012805,-0.001151,0.013959,-0.004513,0.049650,0.000280
10796.712000,-0.149725,0.099668,0.288089,-2.047946,-2.227643,0.169484,-0.013271,-0.001193,0.014820,-0.005008,0.055424,0.000281
10796.720000,-0.149831,0.099664,0.288196,-2.047796,-2.227343,0.169916,-0.013386,-0.001206,0.015411,-0.005196,0.057636,0.000291
10796.728000,-0.149942,0.099649,0.288334,-2.047480,-2.227134,0.170438,-0.013472,-0.001212,0.015353,-0.005241,0.058137,0.000286
10796.736000,-0.150051,0.099641,0.288450,-2.047275,-2.226883,0.170893,-0.013586,-0.001227,0.016280,-0.005582,0.062154,0.000299
10796.744000,-0.150156,0.099635,0.288582,-2.047046,-2.226611,0.171434,-0.013252,-0.001189,0.014466,-0.004868,0.053762,0.000276
10796.752000,-0.150271,0.099619,0.288683,-2.046813,-2.226468,0.171852,-0.013019,-0.001166,0.013899,-0.004724,0.052110,0.000263
10796.760000,-0.150370,0.099605,0.288796,-2.046640,-2.226235,0.172361,-0.013215,-0.001185,0.014259,-0.004809,0.053036,0.000272
10796.768000,-0.150472,0.099602,0.288902,-2.046401,-2.225967,0.172789,-0.013189,-0.001186,0.014791,-0.005014,0.055491,0.000278
10796.776000,-0.150585,0.099588,0.289030,-2.046185,-2.225711,0.173338,-0.013453,-0.001211,0.015197,-0.005110,0.056522,0.000288
10796.784000,-0.150693,0.099586,0.289157,-2.045923,-2.225447,0.173799,-0.013528,-0.001219,0.015777,-0.005321,0.059035,0.000296
10796.792000,-0.150795,0.099572,0.289269,-2.045754,-2.225220,0.174321,-0.013460,-0.001204,0.014222,-0.004833,0.053260,0.000269
10796.800000,-0.150898,0.099566,0.289387,-2.045461,-2.225001,0.174745,-0.013722,-0.001231,0.015057,-0.005154,0.057000,0.000280
10796.808000,-0.151017,0.099552,0.289511,-2.045246,-2.224746,0.175293,-0.013475,-0.001206,0.014427,-0.005009,0.055367,0.000265
10796.816000,-0.151117,0.099548,0.289640,-2.045039,-2.224443,0.175821,-0.013702,-0.001218,0.013598,-0.004836,0.053289,0.000245
10796.824000,-0.151233,0.099538,0.289738,-2.044874,-2.224206,0.176203,-0.013761,-0.001229,0.014211,-0.004838,0.053226,0.000269
10796.832000,-0.151333,0.099526,0.289830,-2.044680,-2.224057,0.176628,-0.013385,-0.001199,0.014443,-0.004923,0.054349,0.000270
10796.840000,-0.151450,0.099516,0.289964,-2.044380,-2.223807,0.177147,-0.013661,-0.001222,0.014434,-0.004946,0.054530,0.000269
10796.848000,-0.151559,0.099506,0.290088,-2.044212,-2.223496,0.177706,-0.013979,-0.001250,0.015164,-0.005332,0.059058,0.000272
10796.856000,-0.151670,0.099504,0.290197,-2.043956,-2.223263,0.178103,-0.013846,-0.001238,0.014874,-0.005195,0.057473,0.000269
10796.864000,-0.151780,0.099487,0.290305,-2.043756,-2.223053,0.178612,-0.013818,-0.001241,0.015679,-0.005416,0.060076,0.000285
10796.872000,-0.151884,0.099478,0.290442,-2.043490,-2.222793,0.179155,-0.013606,-0.001217,0.014464,-0.004955,0.054640,0.000269
10796.880000,-0.152004,0.099465,0.290566,-2.043249,-2.222530,0.179664,-0.013734,-0.001230,0.014775,-0.005070,0.055958,0.000273
10796.888000,-0.152107,0.099459,0.290676,-2.043024,-2.222313,0.180112,-0.013962,-0.001250,0.015075,-0.005209,0.057563,0.000276
10796.896000,-0.152232,0.099445,0.290796,-2.042800,-2.222099,0.180593,-0.013884,-0.001239,0.014476,-0.005034,0.055495,0.000265
10796.904000,-0.152338,0.099434,0.290922,-2.042549,-2.221797,0.181129,-0.014128,-0.001263,0.015111,-0.005288,0.058427,0.000272
10796.912000,-0.152450,0.099426,0.291033,-2.042368,-2.221552,0.181619,-0.014090,-0.001265,0.015646,-0.005319,0.058785,0.000290
10796.920000,-0.152569,0.099417,0.291161,-2.042127,-2.221292,0.182134,-0.013955,-0.001252,0.015300,-0.005150,0.056798,0.000288
10796.928000,-0.152673,0.099410,0.291282,-2.041942,-2.221041,0.182609,-0.014033,-0.001254,0.014764,-0.005004,0.055069,0.000278
10796.936000,-0.152792,0.099394,0.291401,-2.041697,-2.220834,0.183129,-0.013822,-0.001229,0.013574,-0.004692,0.051439,0.000252
10796.944000,-0.152901,0.099384,0.291499,-2.041527,-2.220596,0.183558,-0.013859,-0.001236,0.013920,-0.004688,0.051334,0.000266
10796.952000,-0.153015,0.099376,0.291604,-2.041252,-2.220396,0.183946,-0.014001,-0.001253,0.014908,-0.005091,0.056091,0.000277
10796.960000,-0.153134,0.099367,0.291710,-2.041062,-2.220188,0.184335,-0.014033,-0.001252,0.014320,-0.004865,0.053387,0.000269
10796.968000,-0.153242,0.099357,0.291857,-2.040774,-2.219876,0.184954,-0.013918,-0.001244,0.014713,-0.005076,0.055943,0.000269
10796.976000,-0.153347,0.099350,0.291973,-2.040629,-2.219621,0.185442,-0.014049,-0.001254,0.014657,-0.005082,0.055996,0.000267
10796.984000,-0.153454,0.099340,0.292092,-2.040322,-2.219414,0.185894,-0.013750,-0.001236,0.015290,-0.005028,0.055355,0.000294
10796.992000,-0.153568,0.099326,0.292211,-2.040107,-2.219187,0.186423,-0.014094,-0.001265,0.015823,-0.005428,0.060060,0.000288
10797.000000,-0.153680,0.099322,0.292350,-2.039901,-2.218828,0.186967,-0.014165,-0.001275,0.016307,-0.005451,0.060275,0.000305
10797.008000,-0.153792,0.099310,0.292457,-2.039695,-2.218633,0.187383,-0.014162,-0.001272,0.015857,-0.005328,0.058813,0.000296
10797.016000,-0.153909,0.099296,0.292590,-2.039353,-2.218393,0.187974,-0.013895,-0.001237,0.014090,-0.004978,0.054797,0.000251
10797.024000,-0.154012,0.099289,0.292690,-2.039213,-2.218163,0.188364,-0.014262,-0.001269,0.014481,-0.005147,0.056702,0.000256
10797.032000,-0.154130,0.099284,0.292807,-2.038996,-2.217870,0.188840,-0.013873,-0.001239,0.014589,-0.005000,0.055036,0.000268
10797.040000,-0.154240,0.099267,0.292907,-2.038864,-2.217682,0.189259,-0.014194,-0.001266,0.014858,-0.005233,0.057720,0.000264
10797.048000,-0.154351,0.099258,0.293037,-2.038546,-2.217385,0.189839,-0.014339,-0.001280,0.015493,-0.005562,0.061608,0.000265
10797.056000,-0.154476,0.099241,0.293171,-2.038308,-2.217191,0.190380,-0.014142,-0.001260,0.014582,-0.005169,0.056965,0.000257
10797.064000,-0.154583,0.099239,0.293284,-2.038078,-2.216908,0.190826,-0.014200,-0.001261,0.013578,-0.004612,0.050291,0.000257
10797.072000,-0.154694,0.099226,0.293398,-2.037858,-2.216669,0.191308,-0.014350,-0.001276,0.014007,-0.004826,0.052784,0.000259
10797.080000,-0.154817,0.099213,0.293515,-2.037644,-2.216442,0.191811,-0.014218,-0.001267,0.014341,-0.004862,0.053224,0.000269
10797.088000,-0.154930,0.099201,0.293636,-2.037431,-2.216190,0.192341,-0.014706,-0.001310,0.015243,-0.005448,0.060107,0.000264
10797.096000,-0.155049,0.099192,0.293747,-2.037189,-2.215979,0.192777,-0.014664,-0.001305,0.014630,-0.005064,0.055506,0.000267
10797.104000,-0.155152,0.099191,0.293869,-2.037011,-2.215649,0.193250,-0.014398,-0.001282,0.014884,-0.005271,0.058116,0.000261
10797.112000,-0.155271,0.099172,0.293979,-2.036677,-2.215530,0.193751,-0.014239,-0.001268,0.014198,-0.004814,0.052631,0.000266
10797.120000,-0.155392,0.099166,0.294119,-2.036431,-2.215199,0.194231,-0.014229,-0.001264,0.013964,-0.004910,0.053826,0.000250
10797.128000,-0.155504,0.099158,0.294211,-2.036313,-2.214968,0.194619,-0.014431,-0.001281,0.014316,-0.005146,0.056606,0.000248
10797.136000,-0.155616,0.099144,0.294320,-2.036081,-2.214804,0.195092,-0.014664,-0.001306,0.014822,-0.005120,0.056156,0.000270
10797.144000,-0.155734,0.099131,0.294447,-2.035888,-2.214516,0.195601,-0.014477,-0.001290,0.014739,-0.005104,0.056018,0.000267
10797.152000,-0.155853,0.099122,0.294552,-2.035671,-2.214275,0.196004,-0.014583,-0.001294,0.013885,-0.004815,0.052550,0.000254
10797.160000,-0.155971,0.099108,0.294670,-2.035451,-2.214073,0.196529,-0.014369,-0.001273,0.013425,-0.004697,0.051217,0.000244
10797.168000,-0.156081,0.099102,0.294786,-2.035226,-2.213772,0.197042,-0.014481,-0.001285,0.013961,-0.004879,0.053357,0.000252
10797.176000,-0.156205,0.099089,0.294885,-2.034976,-2.213606,0.197441,-0.014469,-0.001283,0.013724,-0.004815,0.052588,0.000247
10797.184000,-0.156323,0.099085,0.295025,-2.034756,-2.213235,0.198067,-0.014608,-0.001289,0.013378,-0.004908,0.053740,0.000228
10797.192000,-0.156431,0.099070,0.295149,-2.034457,-2.212986,0.198587,-0.014606,-0.001288,0.013007,-0.004724,0.051504,0.000226
10797.200000,-0.156547,0.099061,0.295231,-2.034273,-2.212839,0.198917,-0.014610,-0.001293,0.013533,-0.004788,0.052234,0.000242
10797.208000,-0.156665,0.099063,0.295329,-2.034173,-2.212548,0.199334,-0.014717,-0.001300,0.013645,-0.004885,0.053415,0.000239
10797.216000,-0.156793,0.099039,0.295434,-2.033851,-2.212433,0.199741,-0.014865,-0.001314,0.013962,-0.005110,0.055998,0.000236
10797.224000,-0.156909,0.099030,0.295542,-2.033651,-2.212191,0.200216,-0.014820,-0.001308,0.013796,-0.005113,0.056075,0.000229
10797.232000,-0.157019,0.099021,0.295655,-2.033453,-2.211925,0.200692,-0.014495,-0.001285,0.014130,-0.005036,0.055211,0.000246
10797.240000,-0.157134,0.099017,0.295758,-2.033339,-2.211637,0.201067,-0.014467,-0.001282,0.014029,-0.005004,0.054857,0.000244
10797.248000,-0.157254,0.099000,0.295883,-2.033036,-2.211425,0.201679,-0.014472,-0.001278,0.013447,-0.004897,0.053601,0.000229
10797.256000,-0.157370,0.098988,0.295989,-2.032810,-2.211208,0.202156,-0.014500,-0.001283,0.013810,-0.004975,0.054489,0.000238
10797.264000,-0.157492,0.098976,0.296090,-2.032618,-2.210994,0.202509,-0.014515,-0.001286,0.013929,-0.004970,0.054389,0.000243
10797.272000,-0.157602,0.098969,0.296220,-2.032320,-2.210721,0.203055,-0.014682,-0.001295,0.013469,-0.005023,0.055034,0.000221
10797.280000,-0.157721,0.098959,0.296319,-2.032105,-2.210515,0.203501,-0.014699,-0.001300,0.014089,-0.005202,0.057145,0.000233
10797.288000,-0.157844,0.098945,0.296421,-2.031928,-2.210303,0.203954,-0.014531,-0.001283,0.013349,-0.004841,0.052879,0.000229
10797.296000,-0.157963,0.098933,0.296536,-2.031667,-2.210097,0.204403,-0.014300,-0.001269,0.013708,-0.004739,0.051666,0.000249
10797.304000,-0.158070,0.098929,0.296653,-2.031502,-2.209787,0.204888,-0.014516,-0.001288,0.014412,-0.005125,0.056237,0.000249
10797.312000,-0.158193,0.098913,0.296755,-2.031265,-2.209609,0.205316,-0.014360,-0.001262,0.012037,-0.004410,0.047807,0.000208
10797.320000,-0.158307,0.098910,0.296854,-2.031040,-2.209356,0.205722,-0.014099,-0.001238,0.011630,-0.004192,0.045295,0.000206
10797.328000,-0.158417,0.098899,0.296950,-2.030914,-2.209094,0.206200,-0.014719,-0.001298,0.013117,-0.004699,0.051107,0.000230
10797.336000,-0.158540,0.098881,0.297043,-2.030721,-2.208940,0.206566,-0.014803,-0.001306,0.013592,-0.005053,0.055301,0.000223
10797.344000,-0.158657,0.098881,0.297163,-2.030465,-2.208627,0.207057,-0.014933,-0.001321,0.014133,-0.005073,0.055477,0.000243
10797.352000,-0.158779,0.098866,0.297283,-2.030235,-2.208436,0.207532,-0.014710,-0.001290,0.012025,-0.004449,0.048164,0.000205
10797.360000,-0.158892,0.098851,0.297364,-2.030111,-2.208227,0.207938,-0.014465,-0.001273,0.012708,-0.004738,0.051671,0.000210
10797.368000,-0.159010,0.098844,0.297476,-2.029866,-2.207987,0.208418,-0.014678,-0.001293,0.012769,-0.004531,0.049100,0.000228
10797.376000,-0.159123,0.098835,0.297590,-2.029609,-2.207754,0.208842,-0.014887,-0.001317,0.014461,-0.005322,0.058453,0.000237
10797.384000,-0.159242,0.098824,0.297714,-2.029403,-2.207456,0.209406,-0.014941,-0.001322,0.014402,-0.005230,0.057325,0.000241
10797.392000,-0.159366,0.098817,0.297819,-2.029155,-2.207203,0.209815,-0.014706,-0.001294,0.012901,-0.004717,0.051326,0.000219
10797.400000,-0.159483,0.098798,0.297912,-2.028929,-2.207077,0.210288,-0.014618,-0.001284,0.012275,-0.004498,0.048737,0.000210
10797.408000,-0.159602,0.098793,0.298011,-2.028750,-2.206853,0.210669,-0.014299,-0.001250,0.010792,-0.003894,0.041664,0.000195
10797.416000,-0.159719,0.098778,0.298120,-2.028558,-2.206595,0.211163,-0.014818,-0.001308,0.013608,-0.004968,0.054230,0.000228
10797.424000,-0.159835,0.098771,0.298216,-2.028315,-2.206405,0.211541,-0.014483,-0.001277,0.012546,-0.004356,0.047022,0.000230
10797.432000,-0.159950,0.098764,0.298328,-2.028166,-2.206121,0.212074,-0.014790,-0.001303,0.013149,-0.004722,0.051336,0.000228
10797.440000,-0.160071,0.098750,0.298426,-2.027940,-2.205892,0.212455,-0.014869,-0.001308,0.012928,-0.004731,0.051412,0.000219
10797.448000,-0.160184,0.098746,0.298537,-2.027700,-2.205631,0.212946,-0.014397,-0.001260,0.011494,-0.004284,0.046293,0.000193
10797.456000,-0.160307,0.098724,0.298623,-2.027476,-2.205526,0.213335,-0.014230,-0.001249,0.011057,-0.003807,0.040560,0.000211
10797.464000,-0.160424,0.098716,0.298712,-2.027316,-2.205348,0.213631,-0.014497,-0.001277,0.012385,-0.004318,0.046545,0.000226
10797.472000,-0.160547,0.098703,0.298811,-2.027177,-2.205124,0.214057,-0.014664,-0.001292,0.012682,-0.004488,0.048517,0.000226
10797.480000,-0.160653,0.098699,0.298925,-2.026932,-2.204857,0.214559,-0.015025,-0.001320,0.012889,-0.004787,0.052028,0.000213
10797.488000,-0.160776,0.098686,0.299037,-2.026696,-2.204601,0.215061,-0.014632,-0.001286,0.012473,-0.004565,0.049497,0.000211
10797.496000,-0.160883,0.098677,0.299140,-2.026484,-2.204370,0.215508,-0.014749,-0.001301,0.013460,-0.004881,0.053193,0.000227
10797.504000,-0.161003,0.098674,0.299239,-2.026276,-2.204086,0.215950,-0.014688,-0.001295,0.013393,-0.004902,0.053485,0.000222
10797.512000,-0.161125,0.098654,0.299350,-2.026039,-2.203941,0.216390,-0.014782,-0.001298,0.012721,-0.004758,0.051746,0.000207
10797.520000,-0.161244,0.098650,0.299447,-2.025880,-2.203654,0.216773,-0.014702,-0.001289,0.012237,-0.004585,0.049731,0.000200
10797.528000,-0.161359,0.098642,0.299526,-2.025721,-2.203513,0.217113,-0.014687,-0.001293,0.012905,-0.004676,0.050786,0.000219
10797.536000,-0.161473,0.098629,0.299632,-2.025489,-2.203264,0.217624,-0.014793,-0.001299,0.012635,-0.004654,0.050495,0.000211
10797.544000,-0.161594,0.098621,0.299743,-2.025356,-2.202936,0.218126,-0.014845,-0.001302,0.012729,-0.004840,0.052750,0.000201
10797.552000,-0.161706,0.098611,0.299844,-2.025075,-2.202764,0.218566,-0.014781,-0.001298,0.012912,-0.004853,0.052898,0.000207
10797.560000,-0.161827,0.098594,0.299942,-2.024846,-2.202592,0.218956,-0.014601,-0.001278,0.012221,-0.004794,0.052273,0.000183
10797.568000,-0.161952,0.098584,0.300032,-2.024621,-2.202366,0.219341,-0.014900,-0.001306,0.012520,-0.004798,0.052186,0.000196
10797.576000,-0.162068,0.098578,0.300136,-2.024471,-2.202105,0.219820,-0.014653,-0.001282,0.011983,-0.004530,0.049100,0.000193
10797.584000,-0.162185,0.098569,0.300238,-2.024228,-2.201859,0.220242,-0.014679,-0.001281,0.011124,-0.004134,0.044352,0.000189
10797.592000,-0.162301,0.098557,0.300319,-2.024039,-2.201680,0.220614,-0.014822,-0.001286,0.010465,-0.004185,0.044988,0.000160
10797.600000,-0.162420,0.098544,0.300399,-2.023847,-2.201527,0.220984,-0.014837,-0.001297,0.011386,-0.004173,0.044734,0.000197
10797.608000,-0.162540,0.098535,0.300499,-2.023699,-2.201262,0.221432,-0.014987,-0.001313,0.012154,-0.004477,0.048306,0.000205
10797.616000,-0.162659,0.098524,0.300599,-2.023488,-2.201006,0.221905,-0.014994,-0.001312,0.012377,-0.004793,0.052104,0.000190
10797.624000,-0.162777,0.098513,0.300696,-2.023250,-2.200829,0.222335,-0.015009,-0.001313,0.012050,-0.004552,0.049209,0.000195
10797.632000,-0.162898,0.098496,0.300789,-2.023009,-2.200650,0.222784,-0.014706,-0.001288,0.011697,-0.004291,0.046152,0.000199
10797.640000,-0.163008,0.098491,0.300879,-2.022854,-2.200426,0.223139,-0.014648,-0.001286,0.012154,-0.004395,0.047394,0.000209
10797.648000,-0.163129,0.098484,0.300990,-2.022617,-2.200217,0.223529,-0.015092,-0.001316,0.011720,-0.004613,0.049950,0.000178
10797.656000,-0.163241,0.098470,0.301087,-2.022425,-2.199958,0.224021,-0.014815,-0.001290,0.010643,-0.004041,0.043191,0.000177
10797.664000,-0.163364,0.098463,0.301158,-2.022269,-2.199841,0.224281,-0.014956,-0.001304,0.010866,-0.004000,0.042632,0.000189
10797.672000,-0.163478,0.098460,0.301251,-2.022173,-2.199519,0.224666,-0.015137,-0.001321,0.011726,-0.004437,0.047805,0.000190
10797.680000,-0.163603,0.098438,0.301370,-2.021834,-2.199342,0.225229,-0.014879,-0.001296,0.010714,-0.003984,0.042455,0.000184
10797.688000,-0.163726,0.098437,0.301458,-2.021706,-2.199092,0.225557,-0.015006,-0.001310,0.011334,-0.004196,0.044953,0.000192
10797.696000,-0.163841,0.098422,0.301553,-2.021499,-2.198869,0.226020,-0.015107,-0.001319,0.011825,-0.004491,0.048435,0.000190
10797.704000,-0.163960,0.098408,0.301650,-2.021255,-2.198688,0.226488,-0.015191,-0.001326,0.011610,-0.004377,0.047030,0.000190
10797.712000,-0.164083,0.098403,0.301738,-2.021132,-2.198446,0.226830,-0.015319,-0.001339,0.012486,-0.004831,0.052433,0.000191
10797.720000,-0.164213,0.098383,0.301844,-2.020860,-2.198265,0.227354,-0.015011,-0.001309,0.011592,-0.004509,0.048684,0.000179
10797.728000,-0.164328,0.098377,0.301918,-2.020666,-2.198095,0.227619,-0.014883,-0.001288,0.009764,-0.003911,0.041658,0.000152
10797.736000,-0.164446,0.098367,0.301982,-2.020595,-2.197891,0.227955,-0.014979,-0.001295,0.009926,-0.004087,0.043755,0.000145
10797.744000,-0.164563,0.098356,0.302056,-2.020392,-2.197774,0.228245,-0.014649,-0.001275,0.010514,-0.003970,0.042369,0.000175
10797.752000,-0.164683,0.098347,0.302166,-2.020153,-2.197564,0.228662,-0.014788,-0.001290,0.011229,-0.004217,0.045245,0.000185
10797.760000,-0.164803,0.098331,0.302252,-2.019970,-2.197369,0.229075,-0.014926,-0.001293,0.010259,-0.004230,0.045441,0.000147
10797.768000,-0.164923,0.098323,0.302340,-2.019781,-2.197162,0.229466,-0.014701,-0.001281,0.010820,-0.004088,0.043731,0.000178
10797.776000,-0.165039,0.098319,0.302410,-2.019706,-2.196912,0.229714,-0.014908,-0.001302,0.011757,-0.004479,0.048311,0.000186
10797.784000,-0.165155,0.098303,0.302521,-2.019430,-2.196728,0.230257,-0.015221,-0.001339,0.013685,-0.005092,0.055442,0.000216
10797.792000,-0.165279,0.098291,0.302618,-2.019219,-2.196528,0.230688,-0.014915,-0.001300,0.011333,-0.004423,0.047666,0.000173
10797.800000,-0.165403,0.098277,0.302711,-2.019000,-2.196342,0.231072,-0.014623,-0.001266,0.009651,-0.003900,0.041572,0.000146
10797.808000,-0.165517,0.098278,0.302807,-2.018868,-2.196003,0.231476,-0.014875,-0.001297,0.011586,-0.004513,0.048746,0.000176
10797.816000,-0.165633,0.098266,0.302870,-2.018730,-2.195863,0.231843,-0.014972,-0.001303,0.011526,-0.004604,0.049830,0.000167
10797.824000,-0.165751,0.098256,0.302980,-2.018466,-2.195621,0.232274,-0.014845,-0.001295,0.011386,-0.004316,0.046381,0.000182
10797.832000,-0.165872,0.098243,0.303073,-2.018268,-2.195435,0.232682,-0.015322,-0.001337,0.012202,-0.004775,0.051706,0.000182
10797.840000,-0.165991,0.098234,0.303151,-2.018062,-2.195233,0.233062,-0.015056,-0.001312,0.011490,-0.004444,0.047852,0.000178
10797.848000,-0.166107,0.098224,0.303237,-2.017871,-2.195052,0.233429,-0.015220,-0.001325,0.011433,-0.004493,0.048396,0.000172
10797.856000,-0.166243,0.098208,0.303309,-2.017736,-2.194885,0.233789,-0.015260,-0.001325,0.011084,-0.004452,0.047909,0.000162
10797.864000,-0.166362,0.098200,0.303406,-2.017536,-2.194669,0.234215,-0.014891,-0.001289,0.010113,-0.004128,0.044213,0.000147
10797.872000,-0.166486,0.098192,0.303505,-2.017390,-2.194347,0.234655,-0.015081,-0.001303,0.010327,-0.004392,0.047323,0.000136
10797.880000,-0.166600,0.098174,0.303561,-2.017132,-2.194309,0.234980,-0.014989,-0.001294,0.009431,-0.003892,0.041356,0.000138
10797.888000,-0.166719,0.098164,0.303632,-2.016999,-2.194138,0.235287,-0.014947,-0.001292,0.010060,-0.004252,0.045665,0.000136
10797.896000,-0.166839,0.098154,0.303728,-2.016784,-2.193874,0.235745,-0.015341,-0.001337,0.011945,-0.004724,0.051061,0.000175
10797.904000,-0.166964,0.098150,0.303822,-2.016608,-2.193627,0.236133,-0.015363,-0.001339,0.012105,-0.004798,0.051959,0.000175
10797.912000,-0.167093,0.098138,0.303912,-2.016428,-2.193429,0.236491,-0.015157,-0.001321,0.011321,-0.004291,0.045946,0.000182
10797.920000,-0.167212,0.098131,0.303998,-2.016309,-2.193164,0.236863,-0.015160,-0.001320,0.011566,-0.004556,0.049137,0.000171
10797.928000,-0.167329,0.098120,0.304084,-2.016087,-2.192980,0.237300,-0.015164,-0.001319,0.011329,-0.004450,0.047881,0.000170
10797.936000,-0.167453,0.098115,0.304182,-2.015857,-2.192724,0.237724,-0.015379,-0.001339,0.012077,-0.004803,0.052031,0.000173
10797.944000,-0.167579,0.098099,0.304276,-2.015638,-2.192544,0.238171,-0.015069,-0.001304,0.010122,-0.004123,0.044060,0.000147
10797.952000,-0.167706,0.098080,0.304357,-2.015459,-2.192355,0.238598,-0.015056,-0.001297,0.009359,-0.004005,0.042694,0.000126
10797.960000,-0.167810,0.098074,0.304424,-2.015262,-2.192221,0.238929,-0.014736,-0.001274,0.009439,-0.003765,0.039890,0.000146
10797.968000,-0.167941,0.098067,0.304492,-2.015139,-2.192061,0.239205,-0.014974,-0.001302,0.010812,-0.004157,0.044432,0.000170
10797.976000,-0.168062,0.098054,0.304584,-2.014951,-2.191825,0.239593,-0.015041,-0.001307,0.010950,-0.004282,0.045903,0.000166
10797.984000,-0.168191,0.098043,0.304679,-2.014731,-2.191579,0.240013,-0.015091,-0.001307,0.010234,-0.004132,0.044131,0.000150
10797.992000,-0.168313,0.098020,0.304759,-2.014482,-2.191476,0.240437,-0.015093,-0.001305,0.009791,-0.004011,0.042669,0.000142
10798.000000,-0.168425,0.098017,0.304838,-2.014361,-2.191208,0.240802,-0.014737,-0.001276,0.010389,-0.004332,0.046630,0.000139
10798.008000,-0.168549,0.098014,0.304925,-2.014168,-2.190965,0.241175,-0.014989,-0.001304,0.011003,-0.004267,0.045712,0.000169
10798.016000,-0.168656,0.098001,0.305016,-2.014014,-2.190751,0.241598,-0.014861,-0.001288,0.010317,-0.004156,0.044471,0.000150
10798.048000,-0.169138,0.097967,0.305287,-2.013434,-2.190045,0.242905,-0.015005,-0.001297,0.010155,-0.004164,0.044557,0.000143
10798.056000,-0.169260,0.097950,0.305377,-2.013147,-2.189884,0.243300,-0.014933,-0.001297,0.011234,-0.004604,0.049773,0.000151
10798.064000,-0.169385,0.097943,0.305474,-2.012969,-2.189602,0.243695,-0.014985,-0.001295,0.009935,-0.004139,0.044260,0.000136
10798.072000,-0.169499,0.097923,0.305547,-2.012747,-2.189504,0.244102,-0.014908,-0.001285,0.009474,-0.004049,0.043214,0.000125
10798.080000,-0.169619,0.097924,0.305626,-2.012652,-2.189204,0.244404,-0.014716,-0.001272,0.009440,-0.003790,0.040162,0.000142
10798.088000,-0.169744,0.097910,0.305689,-2.012493,-2.189095,0.244756,-0.015330,-0.001327,0.010308,-0.004125,0.043934,0.000153
10798.096000,-0.169868,0.097893,0.305793,-2.012235,-2.188893,0.245215,-0.015353,-0.001329,0.010414,-0.004257,0.045487,0.000147
10798.104000,-0.169994,0.097879,0.305873,-2.011996,-2.188709,0.245608,-0.015390,-0.001327,0.009365,-0.003905,0.041307,0.000133
10798.112000,-0.170113,0.097874,0.305928,-2.011898,-2.188524,0.245907,-0.014791,-0.001272,0.008600,-0.003644,0.038438,0.000121
10798.120000,-0.170231,0.097867,0.305994,-2.011767,-2.188314,0.246141,-0.014920,-0.001285,0.008957,-0.003743,0.039546,0.000128
10798.128000,-0.170348,0.097849,0.306077,-2.011519,-2.188183,0.246559,-0.015051,-0.001301,0.009572,-0.003880,0.041083,0.000142
10798.136000,-0.170467,0.097843,0.306164,-2.011432,-2.187917,0.247022,-0.015075,-0.001301,0.009721,-0.004083,0.043543,0.000132
10798.144000,-0.170586,0.097839,0.306233,-2.011269,-2.187728,0.247272,-0.015205,-0.001307,0.008941,-0.003820,0.040400,0.000122
10798.152000,-0.170704,0.097817,0.306297,-2.011039,-2.187668,0.247605,-0.015073,-0.001300,0.008987,-0.003632,0.038126,0.000138
10798.160000,-0.170821,0.097809,0.306380,-2.010841,-2.187477,0.247980,-0.015187,-0.001307,0.008939,-0.003769,0.039760,0.000126
10798.168000,-0.170943,0.097803,0.306459,-2.010745,-2.187212,0.248324,-0.015282,-0.001321,0.009836,-0.003965,0.042019,0.000146
10798.176000,-0.171068,0.097790,0.306526,-2.010538,-2.187062,0.248653,-0.015585,-0.001341,0.009358,-0.004002,0.042401,0.000126
10798.184000,-0.171188,0.097788,0.306606,-2.010417,-2.186742,0.249068,-0.015162,-0.001299,0.008164,-0.003570,0.037453,0.000110
10798.192000,-0.171305,0.097780,0.306690,-2.010205,-2.186569,0.249474,-0.015124,-0.001298,0.008400,-0.003596,0.037768,0.000117
10798.200000,-0.171421,0.097769,0.306751,-2.010044,-2.186389,0.249793,-0.015386,-0.001314,0.007662,-0.003527,0.036908,0.000095
10798.208000,-0.171555,0.097758,0.306826,-2.009878,-2.186214,0.250169,-0.015337,-0.001321,0.009529,-0.004005,0.042535,0.000130
10798.216000,-0.171686,0.097741,0.306896,-2.009685,-2.186048,0.250468,-0.015500,-0.001339,0.010190,-0.004224,0.045037,0.000140
10798.224000,-0.171804,0.097731,0.306957,-2.009537,-2.185924,0.250815,-0.015542,-0.001334,0.009085,-0.004059,0.043141,0.000110
10798.232000,-0.171925,0.097722,0.307034,-2.009362,-2.185730,0.251155,-0.015511,-0.001332,0.009479,-0.004289,0.045903,0.000107
10798.240000,-0.172049,0.097708,0.307092,-2.009185,-2.185612,0.251423,-0.015067,-0.001285,0.007150,-0.003332,0.034678,0.000088
10798.248000,-0.172164,0.097695,0.307162,-2.009000,-2.185407,0.251793,-0.015168,-0.001303,0.008521,-0.003661,0.038475,0.000117
10798.256000,-0.172284,0.097688,0.307240,-2.008898,-2.185167,0.252161,-0.015744,-0.001362,0.010920,-0.004568,0.049035,0.000142
10798.264000,-0.172417,0.097678,0.307321,-2.008614,-2.185039,0.252516,-0.015377,-0.001326,0.009612,-0.004029,0.042749,0.000131
10798.272000,-0.172530,0.097670,0.307421,-2.008441,-2.184724,0.253046,-0.015317,-0.001313,0.008610,-0.003837,0.040558,0.000107
10798.280000,-0.172656,0.097654,0.307481,-2.008261,-2.184577,0.253354,-0.015671,-0.001347,0.009449,-0.004184,0.044545,0.000114
10798.288000,-0.172770,0.097648,0.307554,-2.008129,-2.184327,0.253733,-0.015014,-0.001281,0.007474,-0.003546,0.037244,0.000084
10798.296000,-0.172892,0.097638,0.307622,-2.007956,-2.184164,0.254058,-0.015084,-0.001294,0.008406,-0.003666,0.038576,0.000111
10798.304000,-0.173012,0.097622,0.307685,-2.007794,-2.184043,0.254364,-0.015474,-0.001324,0.008213,-0.003726,0.039177,0.000100
10798.312000,-0.173134,0.097621,0.307758,-2.007674,-2.183804,0.254686,-0.014835,-0.001257,0.005551,-0.002769,0.028092,0.000068
10798.320000,-0.173257,0.097608,0.307808,-2.007475,-2.183658,0.254977,-0.015498,-0.001328,0.008035,-0.003475,0.036162,0.000113
10798.328000,-0.173385,0.097596,0.307866,-2.007348,-2.183519,0.255246,-0.015666,-0.001346,0.009164,-0.003993,0.042247,0.000117
10798.336000,-0.173508,0.097584,0.307941,-2.007147,-2.183361,0.255654,-0.015441,-0.001322,0.008393,-0.003804,0.040123,0.000101
10798.344000,-0.173625,0.097581,0.308019,-2.007018,-2.183085,0.256030,-0.015847,-0.001357,0.008395,-0.003704,0.038784,0.000110
10798.352000,-0.173755,0.097562,0.308088,-2.006843,-2.182920,0.256382,-0.015611,-0.001339,0.008897,-0.003978,0.042104,0.000107
10798.360000,-0.173879,0.097551,0.308151,-2.006690,-2.182753,0.256696,-0.015416,-0.001315,0.007730,-0.003670,0.038556,0.000085
10798.368000,-0.174007,0.097543,0.308199,-2.006563,-2.182610,0.256933,-0.015230,-0.001295,0.006720,-0.003267,0.033847,0.000076
10798.376000,-0.174119,0.097538,0.308272,-2.006376,-2.182406,0.257304,-0.015332,-0.001312,0.008099,-0.003632,0.038107,0.000101
10798.384000,-0.174256,0.097514,0.308340,-2.006168,-2.182285,0.257645,-0.015664,-0.001347,0.009202,-0.003959,0.041793,0.000120
10798.392000,-0.174375,0.097506,0.308406,-2.006042,-2.182074,0.258020,-0.015814,-0.001352,0.008351,-0.003870,0.040776,0.000095
10798.400000,-0.174500,0.097502,0.308475,-2.005883,-2.181864,0.258305,-0.015495,-0.001327,0.008025,-0.003513,0.036597,0.000108
10798.408000,-0.174627,0.097483,0.308543,-2.005686,-2.181761,0.258648,-0.015276,-0.001308,0.007793,-0.003415,0.035489,0.000106
10798.416000,-0.174741,0.097480,0.308610,-2.005545,-2.181583,0.258965,-0.015313,-0.001307,0.007018,-0.003154,0.032418,0.000096
10798.424000,-0.174872,0.097469,0.308662,-2.005418,-2.181412,0.259221,-0.015670,-0.001343,0.008427,-0.003712,0.038899,0.000109
10798.432000,-0.174997,0.097456,0.308752,-2.005268,-2.181151,0.259704,-0.015749,-0.001351,0.009036,-0.003995,0.042228,0.000111
10798.440000,-0.175121,0.097441,0.308813,-2.005049,-2.181043,0.260017,-0.015527,-0.001329,0.007865,-0.003453,0.035851,0.000107
10798.448000,-0.175247,0.097434,0.308893,-2.004897,-2.180798,0.260404,-0.015189,-0.001291,0.006273,-0.002995,0.030598,0.000079
10798.456000,-0.175367,0.097427,0.308920,-2.004811,-2.180727,0.260528,-0.015032,-0.001279,0.006254,-0.002920,0.029739,0.000084
10798.464000,-0.175489,0.097415,0.308989,-2.004629,-2.180552,0.260856,-0.015443,-0.001319,0.007525,-0.003398,0.035250,0.000097
10798.472000,-0.175618,0.097401,0.309026,-2.004532,-2.180478,0.261073,-0.015203,-0.001299,0.007515,-0.003373,0.035026,0.000097
10798.480000,-0.175746,0.097386,0.309114,-2.004242,-2.180257,0.261502,-0.015514,-0.001326,0.007781,-0.003571,0.037270,0.000094
10798.488000,-0.175863,0.097381,0.309183,-2.004132,-2.180033,0.261850,-0.015360,-0.001311,0.007727,-0.003634,0.038107,0.000086
10798.496000,-0.175988,0.097365,0.309250,-2.003927,-2.179890,0.262195,-0.015318,-0.001302,0.006982,-0.003531,0.036937,0.000065
10798.504000,-0.176100,0.097363,0.309286,-2.003876,-2.179700,0.262428,-0.015220,-0.001297,0.007095,-0.003340,0.034658,0.000084
10798.512000,-0.176228,0.097346,0.309345,-2.003663,-2.179599,0.262732,-0.015232,-0.001303,0.007903,-0.003607,0.037782,0.000094
10798.512000,-0.176228,0.097346,0.309345,-2.003663,-2.179599,0.262732,-0.015232,-0.001303,0.007903,-0.003607,0.037782,0.000094
10798.512000,-0.176228,0.097346,0.309345,-2.003663,-2.179599,0.262732,-0.015232,-0.001303,0.007903,-0.003607,0.037782,0.000094
10798.512000,-0.176228,0.097346,0.309345,-2.003663,-2.179599,0.262732,-0.015232,-0.001303,0.007903,-0.003607,0.037782,0.000094
10798.512000,-0.176228,0.097346,0.309345,-2.003663,-2.179599,0.262732,-0.015232,-0.001303,0.007903,-0.003607,0.037782,0.000094
10798.512000,-0.176228,0.097346,0.309345,-2.003663,-2.179599,0.262732,-0.015232,-0.001303,0.007903,-0.003607,0.037782,0.000094
10798.552000,-0.176845,0.097300,0.309628,-2.003024,-2.178721,0.264264,-0.015146,-0.001284,0.006447,-0.003408,0.035571,0.000052
10798.568000,-0.177102,0.097275,0.309728,-2.002706,-2.178447,0.264819,-0.015546,-0.001328,0.007722,-0.003525,0.036702,0.000094
10798.568000,-0.177102,0.097275,0.309728,-2.002706,-2.178447,0.264819,-0.015546,-0.001328,0.007722,-0.003525,0.036702,0.000094
10798.584000,-0.177351,0.097250,0.309863,-2.002291,-2.178091,0.265524,-0.015613,-0.001327,0.006517,-0.003184,0.032665,0.000075
10798.592000,-0.177478,0.097247,0.309904,-2.002252,-2.177890,0.265760,-0.015153,-0.001289,0.007054,-0.003506,0.036674,0.000068
10798.600000,-0.177592,0.097240,0.309956,-2.002123,-2.177734,0.266115,-0.015413,-0.001308,0.006645,-0.003375,0.035059,0.000063
10798.608000,-0.177721,0.097228,0.310021,-2.001923,-2.177581,0.266368,-0.015386,-0.001310,0.007173,-0.003486,0.036344,0.000075
10798.616000,-0.177846,0.097220,0.310073,-2.001840,-2.177386,0.266649,-0.015249,-0.001303,0.007761,-0.003517,0.036698,0.000094
10798.624000,-0.177970,0.097207,0.310128,-2.001657,-2.177322,0.266917,-0.015595,-0.001330,0.007855,-0.003738,0.039248,0.000082
10798.632000,-0.178092,0.097192,0.310192,-2.001463,-2.177159,0.267250,-0.015368,-0.001306,0.006555,-0.003250,0.033535,0.000069
10798.640000,-0.178206,0.097188,0.310251,-2.001342,-2.176921,0.267596,-0.015442,-0.001306,0.005733,-0.003106,0.031869,0.000049
10798.648000,-0.178332,0.097170,0.310296,-2.001216,-2.176815,0.267882,-0.015441,-0.001308,0.006012,-0.003136,0.032184,0.000058
10798.656000,-0.178461,0.097158,0.310344,-2.001057,-2.176691,0.268133,-0.015600,-0.001326,0.006678,-0.003274,0.033731,0.000073
10798.664000,-0.178584,0.097151,0.310391,-2.000976,-2.176470,0.268435,-0.015838,-0.001347,0.006925,-0.003373,0.034833,0.000076
10798.672000,-0.178725,0.097135,0.310452,-2.000791,-2.176320,0.268764,-0.015754,-0.001342,0.007520,-0.003698,0.038712,0.000073
10798.680000,-0.178841,0.097130,0.310516,-2.000551,-2.176184,0.269075,-0.015833,-0.001345,0.006829,-0.003419,0.035388,0.000068
10798.688000,-0.178968,0.097115,0.310577,-2.000400,-2.175987,0.269387,-0.015622,-0.001327,0.006648,-0.003363,0.034781,0.000065
10798.696000,-0.179090,0.097109,0.310640,-2.000312,-2.175765,0.269736,-0.015629,-0.001330,0.007342,-0.003606,0.037667,0.000072
10798.704000,-0.179223,0.097100,0.310682,-2.000201,-2.175637,0.269925,-0.015695,-0.001335,0.007118,-0.003506,0.036453,0.000072
10798.712000,-0.179347,0.097083,0.310722,-2.000094,-2.175531,0.270230,-0.015553,-0.001319,0.006472,-0.003374,0.034968,0.000056
10798.720000,-0.179474,0.097075,0.310774,-1.999902,-2.175358,0.270468,-0.015318,-0.001304,0.006939,-0.003375,0.035002,0.000073
10798.728000,-0.179591,0.097066,0.310826,-1.999746,-2.175245,0.270762,-0.015455,-0.001313,0.006553,-0.003284,0.033893,0.000066
10798.736000,-0.179718,0.097051,0.310874,-1.999678,-2.175105,0.271069,-0.015314,-0.001291,0.005109,-0.003012,0.030799,0.000031
10798.744000,-0.179843,0.097038,0.310931,-1.999467,-2.174914,0.271375,-0.015401,-0.001298,0.005125,-0.003038,0.031071,0.000030
10798.752000,-0.179965,0.097031,0.310970,-1.999354,-2.174758,0.271612,-0.015237,-0.001288,0.005247,-0.002869,0.029070,0.000048
10798.760000,-0.180082,0.097027,0.310994,-1.999305,-2.174651,0.271756,-0.015420,-0.001308,0.006357,-0.003226,0.033230,0.000063
10798.768000,-0.180215,0.097012,0.311044,-1.999109,-2.174594,0.271992,-0.015834,-0.001352,0.008143,-0.003856,0.040498,0.000083
10798.776000,-0.180343,0.096999,0.311101,-1.999011,-2.174362,0.272376,-0.015440,-0.001302,0.005849,-0.003497,0.036531,0.000022
10798.784000,-0.180465,0.096984,0.311158,-1.998796,-2.174240,0.272760,-0.015578,-0.001321,0.006109,-0.003158,0.032355,0.000059
10798.792000,-0.180583,0.096982,0.311201,-1.998671,-2.174062,0.272955,-0.015712,-0.001341,0.008026,-0.003850,0.040480,0.000078
10798.800000,-0.180706,0.096970,0.311255,-1.998561,-2.173866,0.273285,-0.015627,-0.001322,0.005903,-0.003203,0.032914,0.000048
10798.808000,-0.180828,0.096959,0.311303,-1.998468,-2.173721,0.273587,-0.015816,-0.001338,0.005957,-0.003226,0.033124,0.000049
10798.816000,-0.180962,0.096954,0.311377,-1.998300,-2.173479,0.273933,-0.016254,-0.001387,0.008555,-0.004068,0.042891,0.000083
10798.824000,-0.181084,0.096944,0.311411,-1.998132,-2.173395,0.274141,-0.015685,-0.001320,0.005097,-0.003124,0.032026,0.000023
10798.832000,-0.181226,0.096922,0.311459,-1.997948,-2.173299,0.274426,-0.016089,-0.001372,0.008044,-0.003876,0.040641,0.000078
10798.840000,-0.181342,0.096917,0.311505,-1.997849,-2.173081,0.274714,-0.016028,-0.001358,0.006857,-0.003728,0.039013,0.000044
10798.848000,-0.181469,0.096910,0.311562,-1.997744,-2.172870,0.275085,-0.015589,-0.001305,0.003627,-0.002601,0.025884,0.000008
10798.856000,-0.181603,0.096891,0.311593,-1.997606,-2.172820,0.275255,-0.016045,-0.001371,0.008503,-0.003984,0.041916,0.000087
10798.864000,-0.181718,0.096889,0.311642,-1.997457,-2.172633,0.275581,-0.016174,-0.001374,0.007742,-0.003993,0.042089,0.000057
10798.872000,-0.181854,0.096870,0.311710,-1.997205,-2.172484,0.275948,-0.015665,-0.001300,0.001944,-0.002294,0.022297,-0.000032
10798.880000,-0.181973,0.096868,0.311738,-1.997144,-2.172336,0.276141,-0.015883,-0.001352,0.007232,-0.003478,0.036008,0.000077
10798.888000,-0.182103,0.096857,0.311766,-1.997040,-2.172216,0.276321,-0.015761,-0.001317,0.003447,-0.002674,0.026710,-0.000004
10798.896000,-0.182238,0.096839,0.311806,-1.996891,-2.172108,0.276602,-0.015847,-0.001326,0.003343,-0.002476,0.024292,0.000008
10798.904000,-0.182366,0.096833,0.311864,-1.996767,-2.171862,0.276939,-0.016399,-0.001398,0.008470,-0.004128,0.043549,0.000075
10798.912000,-0.182494,0.096823,0.311915,-1.996594,-2.171722,0.277211,-0.015899,-0.001329,0.003490,-0.002704,0.027015,-0.000005
10798.920000,-0.182629,0.096804,0.311959,-1.996493,-2.171562,0.277512,-0.016117,-0.001365,0.005945,-0.003151,0.032076,0.000055
10798.928000,-0.182741,0.096804,0.311997,-1.996375,-2.171402,0.277739,-0.016171,-0.001372,0.007045,-0.003638,0.037842,0.000058
10798.936000,-0.182879,0.096792,0.312044,-1.996250,-2.171267,0.278014,-0.015836,-0.001333,0.004760,-0.002853,0.028705,0.000032
10798.944000,-0.183008,0.096780,0.312098,-1.996081,-2.171084,0.278375,-0.016106,-0.001364,0.006451,-0.003435,0.035473,0.000051
10798.952000,-0.183128,0.096769,0.312144,-1.995908,-2.170970,0.278624,-0.015989,-0.001342,0.004697,-0.003120,0.031872,0.000008
10798.960000,-0.183266,0.096754,0.312171,-1.995777,-2.170848,0.278854,-0.015813,-0.001328,0.004270,-0.002831,0.028472,0.000014
10798.968000,-0.183382,0.096748,0.312219,-1.995619,-2.170699,0.279133,-0.016277,-0.001379,0.006511,-0.003459,0.035683,0.000052
10798.976000,-0.183527,0.096729,0.312264,-1.995537,-2.170561,0.279398,-0.016274,-0.001378,0.006323,-0.003396,0.034928,0.000050
10798.984000,-0.183648,0.096720,0.312318,-1.995410,-2.170405,0.279730,-0.016421,-0.001385,0.005906,-0.003444,0.035511,0.000031
10798.992000,-0.183782,0.096712,0.312374,-1.995193,-2.170215,0.280083,-0.016255,-0.001375,0.006432,-0.003556,0.036863,0.000041
10799.000000,-0.183911,0.096699,0.312417,-1.995069,-2.170043,0.280317,-0.015992,-0.001349,0.005252,-0.003081,0.031322,0.000033
10799.008000,-0.184037,0.096691,0.312451,-1.994972,-2.169908,0.280540,-0.016140,-0.001360,0.005340,-0.003202,0.032731,0.000027
10799.016000,-0.184165,0.096687,0.312508,-1.994830,-2.169704,0.280880,-0.016424,-0.001392,0.006948,-0.003678,0.038243,0.000051
10799.024000,-0.184290,0.096672,0.312547,-1.994712,-2.169583,0.281183,-0.016598,-0.001405,0.006559,-0.003506,0.036136,0.000051
10799.032000,-0.184429,0.096655,0.312592,-1.994569,-2.169475,0.281415,-0.016458,-0.001388,0.005577,-0.003231,0.032941,0.000035
10799.040000,-0.184560,0.096648,0.312645,-1.994391,-2.169331,0.281705,-0.016572,-0.001398,0.005502,-0.003132,0.031727,0.000040
10799.048000,-0.184690,0.096640,0.312697,-1.994247,-2.169111,0.281994,-0.016629,-0.001402,0.005817,-0.003392,0.034808,0.000032
10799.056000,-0.184827,0.096625,0.312739,-1.994131,-2.168940,0.282347,-0.015950,-0.001337,0.004224,-0.002913,0.029417,0.000006
10799.064000,-0.184954,0.096615,0.312758,-1.994038,-2.168863,0.282509,-0.016326,-0.001380,0.005584,-0.002995,0.030132,0.000053
10799.072000,-0.185083,0.096605,0.312817,-1.993848,-2.168670,0.282810,-0.016680,-0.001420,0.007826,-0.003802,0.039521,0.000076
10799.080000,-0.185214,0.096588,0.312880,-1.993685,-2.168522,0.283140,-0.016330,-0.001377,0.005482,-0.003248,0.033180,0.000029
10799.088000,-0.185348,0.096573,0.312936,-1.993472,-2.168393,0.283464,-0.016454,-0.001386,0.004680,-0.002810,0.027920,0.000034
10799.096000,-0.185473,0.096567,0.312966,-1.993424,-2.168293,0.283645,-0.016568,-0.001401,0.006053,-0.003340,0.034153,0.000044
10799.104000,-0.185606,0.096558,0.313009,-1.993308,-2.168113,0.283932,-0.016490,-0.001398,0.006529,-0.003398,0.034841,0.000057
10799.112000,-0.185738,0.096542,0.313064,-1.993070,-2.167969,0.284211,-0.016856,-0.001424,0.006088,-0.003477,0.035686,0.000036
10799.120000,-0.185872,0.096537,0.313095,-1.993083,-2.167766,0.284531,-0.016727,-0.001409,0.005358,-0.003177,0.032219,0.000031
10799.128000,-0.186008,0.096520,0.313158,-1.992803,-2.167637,0.284889,-0.016771,-0.001419,0.006205,-0.003381,0.034559,0.000047
10799.136000,-0.186142,0.096516,0.313192,-1.992768,-2.167405,0.285095,-0.017105,-0.001446,0.006350,-0.003528,0.036220,0.000043
10799.144000,-0.186277,0.096499,0.313254,-1.992478,-2.167270,0.285491,-0.016728,-0.001403,0.004367,-0.003051,0.030772,0.000004
10799.152000,-0.186413,0.096484,0.313289,-1.992392,-2.167133,0.285781,-0.016801,-0.001413,0.005039,-0.003199,0.032462,0.000018
10799.160000,-0.186547,0.096474,0.313318,-1.992304,-2.167012,0.286005,-0.016721,-0.001407,0.004987,-0.003119,0.031526,0.000022
10799.168000,-0.186676,0.096469,0.313357,-1.992219,-2.166826,0.286181,-0.016831,-0.001420,0.005815,-0.003378,0.034535,0.000033
10799.176000,-0.186810,0.096459,0.313414,-1.992020,-2.166689,0.286509,-0.016750,-0.001416,0.006623,-0.003689,0.038242,0.000038
10799.184000,-0.186945,0.096448,0.313472,-1.991918,-2.166479,0.286862,-0.016797,-0.001418,0.006290,-0.003603,0.037220,0.000032
10799.192000,-0.187078,0.096436,0.313511,-1.991766,-2.166360,0.287098,-0.016860,-0.001424,0.006179,-0.003526,0.036278,0.000034
10799.200000,-0.187214,0.096425,0.313563,-1.991584,-2.166149,0.287412,-0.016686,-0.001407,0.006009,-0.003573,0.036914,0.000023
10799.208000,-0.187350,0.096413,0.313587,-1.991459,-2.166126,0.287603,-0.016861,-0.001426,0.006639,-0.003642,0.037625,0.000042
10799.216000,-0.187484,0.096402,0.313657,-1.991305,-2.165849,0.288007,-0.016956,-0.001440,0.007992,-0.004136,0.043414,0.000054
10799.224000,-0.187619,0.096384,0.313722,-1.991055,-2.165705,0.288381,-0.016820,-0.001430,0.007704,-0.003885,0.040443,0.000063
10799.232000,-0.187754,0.096376,0.313789,-1.990891,-2.165463,0.288707,-0.016816,-0.001418,0.005779,-0.003457,0.035476,0.000024
10799.240000,-0.187887,0.096367,0.313828,-1.990774,-2.165314,0.289000,-0.016585,-0.001399,0.005640,-0.003278,0.033413,0.000032
10799.248000,-0.188016,0.096353,0.313878,-1.990643,-2.165153,0.289350,-0.016962,-0.001429,0.005705,-0.003463,0.035514,0.000021
10799.256000,-0.188154,0.096341,0.313900,-1.990532,-2.165049,0.289516,-0.017065,-0.001441,0.006214,-0.003539,0.036335,0.000035
10799.264000,-0.188289,0.096334,0.313960,-1.990395,-2.164847,0.289836,-0.017253,-0.001460,0.006706,-0.003670,0.037801,0.000044
10799.272000,-0.188435,0.096314,0.314022,-1.990162,-2.164698,0.290224,-0.017118,-0.001446,0.006611,-0.003788,0.039263,0.000030
10799.280000,-0.188568,0.096303,0.314086,-1.989982,-2.164475,0.290611,-0.017091,-0.001439,0.005799,-0.003568,0.036698,0.000017
10799.288000,-0.188703,0.096297,0.314126,-1.989882,-2.164301,0.290810,-0.017182,-0.001452,0.006624,-0.003723,0.038465,0.000036
10799.296000,-0.188849,0.096284,0.314160,-1.989728,-2.164213,0.291054,-0.017129,-0.001448,0.006602,-0.003700,0.038202,0.000036
10799.304000,-0.188974,0.096274,0.314239,-1.989571,-2.163947,0.291526,-0.017183,-0.001452,0.006517,-0.003640,0.037476,0.000038
10799.312000,-0.189126,0.096253,0.314291,-1.989380,-2.163816,0.291845,-0.017292,-0.001466,0.007339,-0.003903,0.040504,0.000049
10799.320000,-0.189259,0.096246,0.314340,-1.989224,-2.163636,0.292115,-0.017348,-0.001468,0.006820,-0.003787,0.039143,0.000039
10799.328000,-0.189394,0.096237,0.314388,-1.989080,-2.163478,0.292398,-0.017080,-0.001439,0.005841,-0.003530,0.036235,0.000021
10799.336000,-0.189529,0.096225,0.314432,-1.988919,-2.163319,0.292660,-0.016691,-0.001403,0.004466,-0.002884,0.028698,0.000019
10799.344000,-0.189659,0.096214,0.314472,-1.988801,-2.163196,0.292930,-0.017237,-0.001447,0.004911,-0.003271,0.033149,0.000007
10799.352000,-0.189793,0.096202,0.314504,-1.988682,-2.163035,0.293185,-0.017186,-0.001453,0.006237,-0.003470,0.035422,0.000041
10799.360000,-0.189940,0.096181,0.314554,-1.988551,-2.162898,0.293507,-0.017171,-0.001453,0.006130,-0.003365,0.034151,0.000046
10799.368000,-0.190086,0.096181,0.314624,-1.988345,-2.162683,0.293788,-0.017077,-0.001450,0.007174,-0.003657,0.037619,0.000061
10799.376000,-0.190217,0.096164,0.314686,-1.988165,-2.162526,0.294199,-0.017422,-0.001484,0.008781,-0.004399,0.046278,0.000063
10799.384000,-0.190356,0.096152,0.314725,-1.988043,-2.162359,0.294441,-0.016403,-0.001378,0.004558,-0.002995,0.030112,0.000012
10799.392000,-0.190487,0.096152,0.314769,-1.987964,-2.162132,0.294684,-0.017146,-0.001454,0.007323,-0.003851,0.039921,0.000050
10799.400000,-0.190629,0.096138,0.314831,-1.987769,-2.161958,0.295112,-0.017373,-0.001479,0.008942,-0.004447,0.046875,0.000064
10799.408000,-0.190770,0.096116,0.314922,-1.987433,-2.161795,0.295562,-0.017316,-0.001469,0.007993,-0.004288,0.045046,0.000040
10799.416000,-0.190908,0.096105,0.314975,-1.987335,-2.161560,0.295914,-0.017087,-0.001442,0.006072,-0.003567,0.036616,0.000026
10799.424000,-0.191037,0.096102,0.315013,-1.987263,-2.161399,0.296109,-0.016961,-0.001428,0.005672,-0.003502,0.035934,0.000015
10799.432000,-0.191167,0.096095,0.315056,-1.987122,-2.161182,0.296405,-0.017241,-0.001460,0.007510,-0.004113,0.043031,0.000036
10799.440000,-0.191313,0.096078,0.315101,-1.986890,-2.161113,0.296698,-0.017108,-0.001449,0.007214,-0.003882,0.040304,0.000043
10799.440000,-0.191313,0.096078,0.315101,-1.986890,-2.161113,0.296698,-0.017108,-0.001449,0.007214,-0.003882,0.040304,0.000043
10799.456000,-0.191605,0.096050,0.315240,-1.986504,-2.160665,0.297521,-0.017195,-0.001451,0.006897,-0.004058,0.042415,0.000016
10799.464000,-0.191742,0.096038,0.315288,-1.986342,-2.160513,0.297815,-0.017529,-0.001479,0.006084,-0.003538,0.036109,0.000030
10799.472000,-0.191878,0.096026,0.315312,-1.986271,-2.160376,0.297985,-0.017491,-0.001487,0.008325,-0.004266,0.044668,0.000055
10799.480000,-0.192016,0.096008,0.315393,-1.986014,-2.160180,0.298457,-0.017438,-0.001475,0.006618,-0.003682,0.037804,0.000038
10799.480000,-0.192016,0.096008,0.315393,-1.986014,-2.160180,0.298457,-0.017438,-0.001475,0.006618,-0.003682,0.037804,0.000038
10799.496000,-0.192305,0.095992,0.315509,-1.985691,-2.159737,0.299131,-0.017377,-0.001476,0.008361,-0.004356,0.045786,0.000048
10799.504000,-0.192431,0.095992,0.315552,-1.985638,-2.159525,0.299398,-0.017131,-0.001443,0.006197,-0.003730,0.038565,0.000016
10799.512000,-0.192571,0.095971,0.315621,-1.985350,-2.159365,0.299822,-0.016796,-0.001413,0.005398,-0.003387,0.034601,0.000012
10799.520000,-0.192711,0.095957,0.315654,-1.985260,-2.159220,0.300098,-0.017575,-0.001484,0.006800,-0.003893,0.040293,0.000027
10799.528000,-0.192848,0.095938,0.315693,-1.985108,-2.159136,0.300353,-0.017269,-0.001458,0.006013,-0.003448,0.035092,0.000033
10799.536000,-0.192986,0.095934,0.315760,-1.984976,-2.158856,0.300721,-0.017579,-0.001487,0.006751,-0.003685,0.037775,0.000043
10799.544000,-0.193134,0.095920,0.315826,-1.984773,-2.158680,0.301055,-0.017741,-0.001506,0.007746,-0.003996,0.041362,0.000055
10799.552000,-0.193274,0.095908,0.315887,-1.984637,-2.158456,0.301430,-0.017781,-0.001509,0.007858,-0.004096,0.042547,0.000051
10799.560000,-0.193414,0.095900,0.315955,-1.984355,-2.158243,0.301828,-0.017826,-0.001512,0.007625,-0.003996,0.041352,0.000051
10799.568000,-0.193556,0.095890,0.316016,-1.984239,-2.158018,0.302198,-0.017894,-0.001515,0.007424,-0.004032,0.041787,0.000040
10799.576000,-0.193700,0.095876,0.316084,-1.983993,-2.157851,0.302578,-0.017944,-0.001526,0.008565,-0.004282,0.044662,0.000063
10799.584000,-0.193844,0.095858,0.316162,-1.983812,-2.157631,0.302994,-0.017859,-0.001515,0.008320,-0.004406,0.046196,0.000043
10799.592000,-0.193989,0.095849,0.316233,-1.983615,-2.157404,0.303328,-0.017699,-0.001491,0.006220,-0.003787,0.039008,0.000014
10799.600000,-0.194131,0.095832,0.316267,-1.983455,-2.157316,0.303624,-0.017241,-0.001456,0.006177,-0.003562,0.036434,0.000029
10799.608000,-0.194262,0.095838,0.316283,-1.983501,-2.157124,0.303716,-0.017551,-0.001478,0.006144,-0.003702,0.038058,0.000017
10799.616000,-0.194407,0.095809,0.316351,-1.983185,-2.157015,0.304143,-0.017509,-0.001484,0.007194,-0.003849,0.039691,0.000044
10799.624000,-0.194554,0.095801,0.316426,-1.983042,-2.156780,0.304499,-0.017864,-0.001515,0.007725,-0.004075,0.042250,0.000047
10799.632000,-0.194699,0.095797,0.316484,-1.982853,-2.156530,0.304815,-0.017757,-0.001503,0.007417,-0.004047,0.041997,0.000037
10799.640000,-0.194830,0.095780,0.316540,-1.982666,-2.156365,0.305237,-0.017649,-0.001495,0.007088,-0.003774,0.038759,0.000047
10799.648000,-0.194976,0.095768,0.316589,-1.982510,-2.156238,0.305460,-0.017424,-0.001476,0.007370,-0.003945,0.040871,0.000042
10799.656000,-0.195110,0.095753,0.316665,-1.982343,-2.155980,0.305900,-0.017901,-0.001519,0.008541,-0.004557,0.047953,0.000037
10799.664000,-0.195267,0.095744,0.316731,-1.982116,-2.155742,0.306243,-0.017857,-0.001513,0.007825,-0.004249,0.044333,0.000036
10799.672000,-0.195403,0.095728,0.316788,-1.981927,-2.155619,0.306576,-0.017525,-0.001481,0.006714,-0.003794,0.039055,0.000030
10799.680000,-0.195550,0.095712,0.316834,-1.981816,-2.155429,0.306940,-0.017630,-0.001483,0.005816,-0.003701,0.037991,0.000004
10799.688000,-0.195685,0.095700,0.316877,-1.981676,-2.155259,0.307296,-0.017741,-0.001491,0.005192,-0.003350,0.033787,0.000010
10799.696000,-0.195821,0.095693,0.316926,-1.981521,-2.155047,0.307557,-0.018242,-0.001542,0.007124,-0.003997,0.041218,0.000032
10799.704000,-0.195976,0.095678,0.316980,-1.981322,-2.154966,0.307846,-0.017982,-0.001524,0.008305,-0.004521,0.047499,0.000031
10799.712000,-0.196116,0.095676,0.317059,-1.981164,-2.154606,0.308310,-0.018118,-0.001533,0.008046,-0.004470,0.046893,0.000026
10799.720000,-0.196269,0.095656,0.317119,-1.980967,-2.154441,0.308663,-0.018143,-0.001535,0.007552,-0.004185,0.043472,0.000031
10799.728000,-0.196405,0.095642,0.317185,-1.980682,-2.154250,0.309054,-0.017902,-0.001514,0.007496,-0.004256,0.044409,0.000022
10799.736000,-0.196553,0.095625,0.317247,-1.980536,-2.154045,0.309444,-0.018121,-0.001535,0.007712,-0.004212,0.043768,0.000035
10799.744000,-0.196694,0.095619,0.317315,-1.980337,-2.153796,0.309832,-0.018285,-0.001552,0.008514,-0.004468,0.046720,0.000044
10799.752000,-0.196847,0.095608,0.317377,-1.980153,-2.153620,0.310160,-0.018222,-0.001543,0.007841,-0.004247,0.044150,0.000037
10799.760000,-0.197002,0.095591,0.317437,-1.979989,-2.153412,0.310526,-0.018015,-0.001522,0.006924,-0.003972,0.040984,0.000024
10799.768000,-0.197132,0.095583,0.317497,-1.979770,-2.153219,0.310875,-0.018456,-0.001561,0.007042,-0.003913,0.040109,0.000036
10799.776000,-0.197279,0.095574,0.317536,-1.979687,-2.153027,0.311160,-0.018319,-0.001553,0.008300,-0.004427,0.046242,0.000039
10799.784000,-0.197424,0.095559,0.317593,-1.979468,-2.152856,0.311481,-0.018263,-0.001543,0.007208,-0.004084,0.042225,0.000026
10799.792000,-0.197579,0.095546,0.317677,-1.979223,-2.152612,0.311934,-0.018380,-0.001554,0.007253,-0.004064,0.041929,0.000030
10799.800000,-0.197720,0.095532,0.317730,-1.979134,-2.152392,0.312289,-0.017987,-0.001523,0.007448,-0.004054,0.041915,0.000036
10799.808000,-0.197861,0.095521,0.317774,-1.978950,-2.152248,0.312627,-0.017746,-0.001505,0.007508,-0.003916,0.040339,0.000049
10799.816000,-0.198004,0.095508,0.317858,-1.978718,-2.152012,0.313022,-0.017999,-0.001524,0.007854,-0.004333,0.045230,0.000028
10799.824000,-0.198160,0.095489,0.317930,-1.978456,-2.151832,0.313452,-0.018203,-0.001543,0.007851,-0.004195,0.043486,0.000041
10799.832000,-0.198302,0.095485,0.317995,-1.978289,-2.151565,0.313828,-0.018159,-0.001538,0.008131,-0.004437,0.046400,0.000030
10799.840000,-0.198450,0.095468,0.318050,-1.978083,-2.151391,0.314188,-0.018030,-0.001517,0.005974,-0.003809,0.039088,0.000001
10799.848000,-0.198585,0.095455,0.318103,-1.977946,-2.151184,0.314503,-0.017996,-0.001519,0.006664,-0.003913,0.040277,0.000018
10799.856000,-0.198730,0.095444,0.318158,-1.977813,-2.151026,0.314855,-0.018112,-0.001536,0.008047,-0.004260,0.044284,0.000041
10799.864000,-0.198884,0.095428,0.318209,-1.977599,-2.150887,0.315138,-0.018255,-0.001554,0.009270,-0.004638,0.048644,0.000056
10799.872000,-0.199029,0.095426,0.318298,-1.977425,-2.150568,0.315607,-0.018284,-0.001546,0.007577,-0.004237,0.044012,0.000026
10799.880000,-0.199169,0.095419,0.318365,-1.977258,-2.150273,0.316003,-0.017931,-0.001517,0.007818,-0.004299,0.044848,0.000028
10799.888000,-0.199324,0.095403,0.318416,-1.977012,-2.150143,0.316261,-0.018424,-0.001557,0.007099,-0.003973,0.040801,0.000031
10799.896000,-0.199469,0.095383,0.318461,-1.976878,-2.150040,0.316596,-0.018534,-0.001577,0.009107,-0.004541,0.047387,0.000059
10799.904000,-0.199607,0.095374,0.318533,-1.976718,-2.149734,0.317044,-0.018646,-0.001588,0.009717,-0.004830,0.050783,0.000058
10799.912000,-0.199772,0.095348,0.318616,-1.976378,-2.149613,0.317427,-0.018504,-0.001578,0.009980,-0.004904,0.051647,0.000061
10799.920000,-0.199915,0.095346,0.318662,-1.976293,-2.149366,0.317752,-0.018413,-0.001560,0.007913,-0.004260,0.044159,0.000037
10799.928000,-0.200061,0.095335,0.318737,-1.976127,-2.149135,0.318145,-0.018179,-0.001548,0.009039,-0.004425,0.046117,0.000064
10799.936000,-0.200198,0.095322,0.318795,-1.975916,-2.148951,0.318488,-0.018153,-0.001538,0.008353,-0.004526,0.047408,0.000029
10799.944000,-0.200345,0.095311,0.318868,-1.975726,-2.148712,0.318871,-0.018392,-0.001556,0.007439,-0.004112,0.042425,0.000031
10799.952000,-0.200494,0.095299,0.318918,-1.975566,-2.148570,0.319186,-0.018283,-0.001545,0.007020,-0.003917,0.040156,0.000031
10799.960000,-0.200635,0.095287,0.318985,-1.975324,-2.148369,0.319525,-0.018326,-0.001547,0.006993,-0.004024,0.041427,0.000021
10799.968000,-0.200794,0.095269,0.319034,-1.975240,-2.148132,0.319923,-0.018656,-0.001577,0.007688,-0.004323,0.044841,0.000023
10799.976000,-0.200941,0.095262,0.319105,-1.974993,-2.147908,0.320315,-0.018839,-0.001602,0.009008,-0.004507,0.046861,0.000058
10799.984000,-0.201094,0.095244,0.319186,-1.974736,-2.147678,0.320772,-0.018747,-0.001588,0.008427,-0.004565,0.047640,0.000031
10799.992000,-0.201250,0.095232,0.319246,-1.974530,-2.147479,0.321158,-0.018569,-0.001565,0.007011,-0.004218,0.043672,0.000006
10800.000000,-0.201393,0.095222,0.319287,-1.974407,-2.147284,0.321421,-0.018628,-0.001574,0.007524,-0.004241,0.043876,0.000023
10800.008000,-0.201540,0.095211,0.319347,-1.974235,-2.147090,0.321739,-0.018796,-0.001592,0.008600,-0.004677,0.048949,0.000027
10800.016000,-0.201686,0.095199,0.319434,-1.974020,-2.146836,0.322215,-0.018589,-0.001578,0.009282,-0.004846,0.050998,0.000037
10800.024000,-0.201838,0.095179,0.319493,-1.973821,-2.146670,0.322566,-0.018796,-0.001594,0.008610,-0.004604,0.048050,0.000034
10800.032000,-0.201990,0.095171,0.319559,-1.973630,-2.146459,0.322926,-0.018929,-0.001601,0.008210,-0.004587,0.047855,0.000020
10800.056000,-0.202444,0.095125,0.319775,-1.972985,-2.145775,0.324171,-0.018977,-0.001612,0.009138,-0.004760,0.049788,0.000041
10800.064000,-0.202602,0.095118,0.319837,-1.972861,-2.145520,0.324584,-0.018800,-0.001595,0.008921,-0.004702,0.049201,0.000036
10800.072000,-0.202743,0.095104,0.319918,-1.972614,-2.145288,0.324965,-0.018489,-0.001565,0.008524,-0.004704,0.049355,0.000019
10800.080000,-0.202883,0.095096,0.319988,-1.972381,-2.145053,0.325363,-0.018783,-0.001593,0.008778,-0.004626,0.048299,0.000037
10800.088000,-0.203053,0.095084,0.320043,-1.972252,-2.144833,0.325696,-0.019084,-0.001617,0.008503,-0.004526,0.047018,0.000037
10800.096000,-0.203201,0.095067,0.320117,-1.972025,-2.144616,0.326151,-0.018993,-0.001605,0.008162,-0.004621,0.048217,0.000015
10800.104000,-0.203355,0.095059,0.320176,-1.971845,-2.144444,0.326460,-0.018964,-0.001604,0.008167,-0.004511,0.046909,0.000024
10800.112000,-0.203505,0.095041,0.320253,-1.971548,-2.144220,0.326935,-0.019034,-0.001611,0.008127,-0.004427,0.045862,0.000030
10800.120000,-0.203656,0.095031,0.320315,-1.971344,-2.144022,0.327296,-0.018792,-0.001592,0.009002,-0.004898,0.051533,0.000021
10800.128000,-0.203804,0.095025,0.320392,-1.971190,-2.143688,0.327714,-0.018853,-0.001598,0.009209,-0.004929,0.051876,0.000026
10800.136000,-0.203964,0.095005,0.320483,-1.970904,-2.143448,0.328183,-0.019035,-0.001605,0.007462,-0.004440,0.046087,0.000003
10800.144000,-0.204109,0.094993,0.320516,-1.970781,-2.143298,0.328501,-0.018904,-0.001591,0.006752,-0.004159,0.042816,-0.000000
10800.152000,-0.204266,0.094980,0.320560,-1.970649,-2.143095,0.328800,-0.018654,-0.001577,0.007793,-0.004351,0.045108,0.000021
10800.160000,-0.204415,0.094967,0.320635,-1.970450,-2.142842,0.329183,-0.018788,-0.001594,0.008944,-0.004705,0.049187,0.000035
10800.168000,-0.204571,0.094945,0.320712,-1.970143,-2.142695,0.329634,-0.019069,-0.001615,0.008485,-0.004626,0.048164,0.000026
10800.176000,-0.204720,0.094937,0.320786,-1.969946,-2.142451,0.330031,-0.019025,-0.001614,0.008855,-0.004665,0.048627,0.000036
10800.184000,-0.204869,0.094926,0.320836,-1.969758,-2.142235,0.330359,-0.018808,-0.001594,0.008264,-0.004398,0.045537,0.000035
10800.192000,-0.205024,0.094914,0.320889,-1.969685,-2.142014,0.330732,-0.018991,-0.001611,0.008470,-0.004375,0.045183,0.000046
10800.200000,-0.205180,0.094901,0.320981,-1.969377,-2.141806,0.331185,-0.019070,-0.001622,0.009560,-0.004785,0.049983,0.000052
10800.208000,-0.205331,0.094890,0.321050,-1.969248,-2.141534,0.331569,-0.019141,-0.001619,0.008700,-0.004809,0.050347,0.000017
10800.216000,-0.205484,0.094883,0.321107,-1.969070,-2.141273,0.331910,-0.018831,-0.001593,0.007976,-0.004346,0.044955,0.000028
10800.224000,-0.205628,0.094862,0.321178,-1.968809,-2.141150,0.332301,-0.019093,-0.001617,0.008394,-0.004513,0.046802,0.000031
10800.232000,-0.205783,0.094849,0.321235,-1.968617,-2.140934,0.332655,-0.018726,-0.001584,0.008391,-0.004635,0.048399,0.000018
10800.240000,-0.205945,0.094833,0.321338,-1.968320,-2.140633,0.333204,-0.019288,-0.001636,0.009685,-0.005182,0.054650,0.000022
10800.248000,-0.206094,0.094824,0.321388,-1.968198,-2.140399,0.333558,-0.019179,-0.001632,0.010567,-0.005321,0.056279,0.000042
10800.256000,-0.206255,0.094807,0.321465,-1.967930,-2.140177,0.333987,-0.019294,-0.001634,0.009087,-0.004982,0.052290,0.000016
10800.264000,-0.206398,0.094804,0.321553,-1.967730,-2.139880,0.334426,-0.019081,-0.001618,0.009519,-0.005046,0.053112,0.000025
10800.272000,-0.206559,0.094786,0.321624,-1.967509,-2.139670,0.334867,-0.019198,-0.001629,0.009954,-0.005191,0.054760,0.000030
10800.280000,-0.206705,0.094774,0.321679,-1.967268,-2.139436,0.335199,-0.019113,-0.001612,0.008050,-0.004727,0.049392,-0.000002
10800.288000,-0.206857,0.094759,0.321747,-1.967079,-2.139247,0.335648,-0.018971,-0.001599,0.007645,-0.004567,0.047558,-0.000005
10800.296000,-0.207009,0.094746,0.321784,-1.966972,-2.139042,0.335914,-0.019261,-0.001636,0.009419,-0.004832,0.050446,0.000041
10800.304000,-0.207162,0.094741,0.321874,-1.966786,-2.138678,0.336399,-0.019428,-0.001640,0.008392,-0.004827,0.050461,0.000003
10800.312000,-0.207320,0.094734,0.321956,-1.966536,-2.138434,0.336847,-0.019282,-0.001633,0.009360,-0.004958,0.052009,0.000027
10800.320000,-0.207483,0.094710,0.322025,-1.966228,-2.138266,0.337243,-0.019194,-0.001621,0.008369,-0.004787,0.050046,0.000004
10800.328000,-0.207641,0.094696,0.322089,-1.966076,-2.138025,0.337639,-0.019117,-0.001616,0.008427,-0.004718,0.049224,0.000012
10800.336000,-0.207783,0.094684,0.322171,-1.965818,-2.137801,0.338105,-0.019287,-0.001641,0.010354,-0.005135,0.053985,0.000049
10800.344000,-0.207945,0.094671,0.322253,-1.965649,-2.137482,0.338553,-0.019687,-0.001671,0.010250,-0.005315,0.056024,0.000031
10800.352000,-0.208109,0.094648,0.322332,-1.965312,-2.137344,0.338976,-0.019389,-0.001647,0.009342,-0.004787,0.049824,0.000042
10800.360000,-0.208254,0.094641,0.322404,-1.965184,-2.137069,0.339331,-0.019456,-0.001645,0.008521,-0.004710,0.048979,0.000017
10800.368000,-0.208402,0.094635,0.322487,-1.964889,-2.136799,0.339836,-0.019460,-0.001645,0.008362,-0.004595,0.047628,0.000021
10800.376000,-0.208560,0.094616,0.322556,-1.964719,-2.136565,0.340250,-0.019419,-0.001642,0.008537,-0.004730,0.049228,0.000015
10800.384000,-0.208718,0.094607,0.322638,-1.964471,-2.136258,0.340709,-0.019679,-0.001665,0.008945,-0.004892,0.051052,0.000018
10800.392000,-0.208877,0.094587,0.322700,-1.964223,-2.136083,0.341077,-0.019653,-0.001663,0.008567,-0.004681,0.048535,0.000022
10800.400000,-0.209031,0.094572,0.322797,-1.963986,-2.135813,0.341621,-0.019707,-0.001670,0.009495,-0.005075,0.053168,0.000022
10800.408000,-0.209195,0.094562,0.322852,-1.963812,-2.135591,0.341961,-0.019755,-0.001672,0.008860,-0.004782,0.049685,0.000024
10800.416000,-0.209345,0.094548,0.322931,-1.963582,-2.135321,0.342343,-0.019508,-0.001645,0.007781,-0.004574,0.047370,0.000000
10800.424000,-0.209508,0.094534,0.322990,-1.963430,-2.135122,0.342767,-0.019343,-0.001632,0.007861,-0.004517,0.046744,0.000007
10800.432000,-0.209667,0.094522,0.323031,-1.963235,-2.135006,0.343014,-0.019473,-0.001653,0.009835,-0.005037,0.052743,0.000036
10800.440000,-0.209809,0.094508,0.323122,-1.962973,-2.134713,0.343502,-0.019710,-0.001671,0.009958,-0.005282,0.055584,0.000020
10800.448000,-0.209975,0.094499,0.323197,-1.962808,-2.134454,0.343889,-0.019643,-0.001665,0.009561,-0.005040,0.052752,0.000026
10800.456000,-0.210131,0.094478,0.323286,-1.962529,-2.134176,0.344432,-0.019842,-0.001683,0.009300,-0.004844,0.050325,0.000035
10800.464000,-0.210286,0.094468,0.323347,-1.962333,-2.133983,0.344755,-0.019360,-0.001645,0.009527,-0.004790,0.049815,0.000045
10800.472000,-0.210443,0.094452,0.323429,-1.962092,-2.133743,0.345194,-0.019645,-0.001666,0.009886,-0.005235,0.055030,0.000020
10800.480000,-0.210609,0.094437,0.323522,-1.961849,-2.133428,0.345730,-0.019687,-0.001666,0.009136,-0.004962,0.051806,0.000017
10800.488000,-0.210756,0.094439,0.323583,-1.961737,-2.133150,0.346069,-0.019601,-0.001656,0.008872,-0.004898,0.051138,0.000011
10800.496000,-0.210909,0.094425,0.323660,-1.961420,-2.132950,0.346497,-0.020084,-0.001702,0.009712,-0.005064,0.052861,0.000031
10800.504000,-0.211073,0.094409,0.323717,-1.961251,-2.132738,0.346855,-0.019916,-0.001685,0.009342,-0.005072,0.053043,0.000015
10800.512000,-0.211242,0.094386,0.323808,-1.960937,-2.132525,0.347354,-0.019928,-0.001685,0.008953,-0.004931,0.051352,0.000013
10800.520000,-0.211392,0.094381,0.323900,-1.960793,-2.132135,0.347856,-0.019974,-0.001689,0.009355,-0.005126,0.053664,0.000011
10800.528000,-0.211557,0.094360,0.323958,-1.960480,-2.131983,0.348206,-0.019948,-0.001689,0.009882,-0.005369,0.056510,0.000008
10800.536000,-0.211717,0.094347,0.324024,-1.960311,-2.131787,0.348614,-0.020020,-0.001698,0.010323,-0.005393,0.056739,0.000023
10800.544000,-0.211882,0.094335,0.324131,-1.960033,-2.131422,0.349161,-0.020006,-0.001689,0.008958,-0.005083,0.053157,-0.000001
10800.552000,-0.212038,0.094321,0.324214,-1.959710,-2.131164,0.349652,-0.019946,-0.001682,0.008430,-0.004889,0.050889,-0.000004
10800.560000,-0.212192,0.094311,0.324260,-1.959629,-2.130915,0.349951,-0.019899,-0.001686,0.009894,-0.005253,0.055125,0.000018
10800.568000,-0.212355,0.094294,0.324335,-1.959407,-2.130710,0.350399,-0.019945,-0.001687,0.009382,-0.005127,0.053644,0.000010
10800.576000,-0.212510,0.094279,0.324419,-1.959148,-2.130424,0.350897,-0.020062,-0.001697,0.009141,-0.005023,0.052364,0.000011
10800.584000,-0.212678,0.094265,0.324487,-1.958898,-2.130225,0.351290,-0.020207,-0.001710,0.009680,-0.005237,0.054833,0.000013
10800.592000,-0.212847,0.094246,0.324545,-1.958683,-2.130028,0.351613,-0.019960,-0.001691,0.009799,-0.005243,0.054953,0.000015
10800.600000,-0.212994,0.094242,0.324610,-1.958539,-2.129742,0.352017,-0.020086,-0.001702,0.010091,-0.005340,0.056065,0.000018
10800.608000,-0.213160,0.094226,0.324723,-1.958240,-2.129414,0.352588,-0.019951,-0.001688,0.009426,-0.005133,0.053687,0.000010
10800.616000,-0.213321,0.094216,0.324793,-1.958003,-2.129183,0.353014,-0.019893,-0.001685,0.009883,-0.005256,0.055149,0.000016
10800.624000,-0.213490,0.094200,0.324857,-1.957853,-2.128948,0.353420,-0.019731,-0.001673,0.010185,-0.005321,0.055951,0.000020
10800.632000,-0.213637,0.094191,0.324913,-1.957624,-2.128767,0.353748,-0.019923,-0.001685,0.009534,-0.005195,0.054442,0.000008
10800.640000,-0.213794,0.094189,0.325029,-1.957397,-2.128269,0.354331,-0.020106,-0.001700,0.009774,-0.005321,0.055884,0.000006
10800.648000,-0.213958,0.094160,0.325109,-1.957074,-2.128115,0.354865,-0.020198,-0.001709,0.010221,-0.005542,0.058430,0.000003
10800.656000,-0.214116,0.094150,0.325173,-1.956878,-2.127895,0.355212,-0.020121,-0.001704,0.009953,-0.005295,0.055521,0.000015
10800.664000,-0.214282,0.094134,0.325271,-1.956559,-2.127582,0.355720,-0.020112,-0.001700,0.009584,-0.005282,0.055382,0.000002
10800.672000,-0.214432,0.094129,0.325366,-1.956367,-2.127241,0.356200,-0.019810,-0.001671,0.008463,-0.004838,0.050287,-0.000002
10800.680000,-0.214604,0.094108,0.325429,-1.956071,-2.127065,0.356599,-0.019839,-0.001671,0.008307,-0.004905,0.051075,-0.000014
10800.688000,-0.214771,0.094095,0.325478,-1.955962,-2.126858,0.356975,-0.020021,-0.001692,0.008887,-0.004888,0.050749,0.000010
10800.696000,-0.214928,0.094078,0.325549,-1.955712,-2.126655,0.357364,-0.020244,-0.001707,0.008115,-0.004680,0.048232,0.000001
10800.704000,-0.215090,0.094054,0.325641,-1.955412,-2.126437,0.357875,-0.020480,-0.001734,0.010461,-0.005638,0.059403,0.000004
10800.712000,-0.215253,0.094052,0.325725,-1.955161,-2.126117,0.358284,-0.019859,-0.001686,0.010583,-0.005389,0.056624,0.000027
10800.720000,-0.215413,0.094033,0.325788,-1.955014,-2.125890,0.358707,-0.020226,-0.001719,0.010975,-0.005511,0.057908,0.000033
10800.728000,-0.215574,0.094024,0.325884,-1.954716,-2.125587,0.359225,-0.020435,-0.001738,0.011771,-0.005827,0.061561,0.000035
10800.736000,-0.215741,0.094011,0.325978,-1.954471,-2.125275,0.359651,-0.020213,-0.001712,0.010009,-0.005310,0.055601,0.000014
10800.744000,-0.215904,0.094001,0.326060,-1.954264,-2.125005,0.360117,-0.020371,-0.001726,0.010423,-0.005434,0.057000,0.000019
10800.752000,-0.216063,0.093977,0.326135,-1.954001,-2.124766,0.360586,-0.020240,-0.001714,0.009905,-0.005265,0.055037,0.000014
10800.760000,-0.216222,0.093974,0.326218,-1.953753,-2.124440,0.361079,-0.020214,-0.001704,0.008647,-0.004986,0.051852,-0.000008
10800.768000,-0.216386,0.093961,0.326291,-1.953541,-2.124176,0.361489,-0.020654,-0.001748,0.010306,-0.005463,0.057248,0.000013
10800.776000,-0.216553,0.093935,0.326365,-1.953242,-2.123984,0.361979,-0.020802,-0.001763,0.010968,-0.005757,0.060629,0.000012
10800.784000,-0.216723,0.093921,0.326441,-1.953011,-2.123711,0.362470,-0.020750,-0.001759,0.010881,-0.005665,0.059554,0.000016
10800.792000,-0.216885,0.093913,0.326540,-1.952726,-2.123384,0.362945,-0.020647,-0.001743,0.009700,-0.005454,0.057191,-0.000010
10800.800000,-0.217051,0.093887,0.326618,-1.952477,-2.123179,0.363450,-0.020354,-0.001715,0.008643,-0.005081,0.052893,-0.000017
10800.808000,-0.217202,0.093887,0.326674,-1.952323,-2.122870,0.363815,-0.020392,-0.001720,0.009099,-0.005154,0.053738,-0.000007
10800.808000,-0.217202,0.093887,0.326674,-1.952323,-2.122870,0.363815,-0.020392,-0.001720,0.009099,-0.005154,0.053738,-0.000007
10800.808000,-0.217202,0.093887,0.326674,-1.952323,-2.122870,0.363815,-0.020392,-0.001720,0.009099,-0.005154,0.053738,-0.000007
10800.832000,-0.217699,0.093838,0.326927,-1.951542,-2.122108,0.365176,-0.020830,-0.001768,0.011302,-0.005779,0.060815,0.000021
10800.840000,-0.217866,0.093834,0.327009,-1.951306,-2.121822,0.365617,-0.020777,-0.001762,0.011280,-0.005787,0.060959,0.000018
10800.848000,-0.218025,0.093824,0.327100,-1.951073,-2.121484,0.366111,-0.020742,-0.001760,0.011184,-0.005655,0.059406,0.000026
10800.856000,-0.218199,0.093802,0.327173,-1.950780,-2.121276,0.366501,-0.020445,-0.001730,0.010241,-0.005477,0.057430,0.000005
10800.864000,-0.218363,0.093787,0.327280,-1.950508,-2.120943,0.367126,-0.020591,-0.001741,0.010066,-0.005486,0.057511,-0.000001
10800.872000,-0.218524,0.093775,0.327337,-1.950312,-2.120729,0.367506,-0.020767,-0.001760,0.010895,-0.005638,0.059191,0.000017
10800.880000,-0.218693,0.093760,0.327423,-1.950045,-2.120426,0.367978,-0.020742,-0.001755,0.010200,-0.005451,0.057018,0.000007
10800.888000,-0.218855,0.093746,0.327513,-1.949782,-2.120137,0.368470,-0.020880,-0.001768,0.010969,-0.005796,0.061025,0.000005
10800.896000,-0.219019,0.093735,0.327600,-1.949568,-2.119832,0.368972,-0.020793,-0.001757,0.010158,-0.005507,0.057677,0.000000
10800.904000,-0.219187,0.093721,0.327686,-1.949303,-2.119505,0.369469,-0.020734,-0.001755,0.010938,-0.005795,0.061069,0.000002
10800.912000,-0.219359,0.093702,0.327778,-1.948960,-2.119276,0.369943,-0.020712,-0.001750,0.010355,-0.005690,0.059851,-0.000010
10800.920000,-0.219524,0.093692,0.327862,-1.948770,-2.118943,0.370437,-0.020580,-0.001735,0.009497,-0.005390,0.056407,-0.000016
10800.928000,-0.219689,0.093680,0.327932,-1.948467,-2.118727,0.370832,-0.021027,-0.001777,0.010300,-0.005585,0.058489,-0.000001
10800.936000,-0.219858,0.093655,0.328001,-1.948272,-2.118466,0.371299,-0.020963,-0.001772,0.009652,-0.005278,0.054853,0.000003
10800.944000,-0.220022,0.093656,0.328087,-1.948053,-2.118160,0.371790,-0.020552,-0.001735,0.009652,-0.005262,0.054864,0.000001
10800.952000,-0.220189,0.093631,0.328171,-1.947787,-2.117945,0.372233,-0.021009,-0.001776,0.010334,-0.005577,0.058374,0.000000
10800.960000,-0.220361,0.093617,0.328250,-1.947531,-2.117661,0.372712,-0.021004,-0.001777,0.010126,-0.005349,0.055651,0.000013
10800.968000,-0.220533,0.093592,0.328308,-1.947345,-2.117508,0.373038,-0.020796,-0.001762,0.009593,-0.004958,0.051051,0.000028
10800.976000,-0.220688,0.093595,0.328417,-1.947034,-2.117125,0.373553,-0.020832,-0.001759,0.009624,-0.005296,0.055131,-0.000002
10800.984000,-0.220869,0.093565,0.328490,-1.946753,-2.116936,0.374068,-0.020647,-0.001747,0.010562,-0.005669,0.059545,-0.000003
10800.992000,-0.221027,0.093563,0.328572,-1.946584,-2.116556,0.374499,-0.020780,-0.001759,0.010625,-0.005565,0.058264,0.000010
10801.000000,-0.221201,0.093542,0.328664,-1.946309,-2.116344,0.374989,-0.020988,-0.001774,0.010504,-0.005668,0.059429,-0.000004
10801.008000,-0.221371,0.093530,0.328743,-1.946060,-2.116034,0.375446,-0.020575,-0.001745,0.011114,-0.005683,0.059683,0.000015
10801.016000,-0.221533,0.093511,0.328820,-1.945785,-2.115821,0.375935,-0.020892,-0.001763,0.009988,-0.005571,0.058336,-0.000015
10801.024000,-0.221701,0.093490,0.328913,-1.945456,-2.115583,0.376414,-0.020868,-0.001768,0.011082,-0.005850,0.061550,-0.000000
10801.032000,-0.221865,0.093495,0.329000,-1.945302,-2.115099,0.376958,-0.020839,-0.001758,0.010630,-0.005902,0.062296,-0.000023
10801.040000,-0.222030,0.093485,0.329085,-1.945015,-2.114789,0.377395,-0.020899,-0.001763,0.010190,-0.005662,0.059430,-0.000017
10801.048000,-0.222201,0.093462,0.329166,-1.944764,-2.114569,0.377848,-0.020775,-0.001759,0.011493,-0.006030,0.063719,-0.000003
10801.056000,-0.222376,0.093442,0.329230,-1.944552,-2.114370,0.378258,-0.020797,-0.001755,0.009870,-0.005484,0.057318,-0.000013
10801.064000,-0.222540,0.093432,0.329350,-1.944199,-2.114002,0.378858,-0.021219,-0.001793,0.010439,-0.005665,0.059275,-0.000006
10801.072000,-0.222718,0.093422,0.329412,-1.944012,-2.113718,0.379273,-0.021224,-0.001795,0.011259,-0.006001,0.063235,-0.000007
10801.080000,-0.222886,0.093409,0.329503,-1.943759,-2.113409,0.379753,-0.020959,-0.001777,0.011584,-0.005892,0.061989,0.000013
10801.088000,-0.223045,0.093395,0.329595,-1.943467,-2.113151,0.380282,-0.020767,-0.001755,0.011117,-0.005969,0.063036,-0.000013
10801.096000,-0.223214,0.093384,0.329688,-1.943223,-2.112792,0.380764,-0.021291,-0.001805,0.012558,-0.006405,0.067930,0.000003
10801.104000,-0.223385,0.093365,0.329775,-1.942925,-2.112549,0.381276,-0.021054,-0.001782,0.011304,-0.005920,0.062304,-0.000000
10801.112000,-0.223565,0.093343,0.329856,-1.942647,-2.112297,0.381769,-0.020912,-0.001765,0.010945,-0.006040,0.063814,-0.000026
10801.120000,-0.223727,0.093337,0.329930,-1.942441,-2.111984,0.382183,-0.020778,-0.001756,0.010359,-0.005565,0.058226,-0.000005
10801.128000,-0.223896,0.093319,0.330002,-1.942167,-2.111762,0.382635,-0.021075,-0.001779,0.009971,-0.005495,0.057308,-0.000011
10801.136000,-0.224064,0.093308,0.330113,-1.941831,-2.111377,0.383203,-0.021327,-0.001807,0.011597,-0.005967,0.062709,0.000007
10801.144000,-0.224245,0.093282,0.330182,-1.941584,-2.111196,0.383654,-0.021294,-0.001800,0.010274,-0.005519,0.057455,-0.000001
10801.152000,-0.224403,0.093270,0.330288,-1.941262,-2.110844,0.384256,-0.021241,-0.001788,0.009889,-0.005741,0.060193,-0.000037
10801.160000,-0.224573,0.093267,0.330362,-1.941069,-2.110498,0.384701,-0.021357,-0.001803,0.010712,-0.005792,0.060698,-0.000011
10801.168000,-0.224741,0.093247,0.330450,-1.940817,-2.110200,0.385225,-0.021447,-0.001812,0.011063,-0.005937,0.062341,-0.000011
10801.176000,-0.224921,0.093225,0.330546,-1.940511,-2.109970,0.385714,-0.021457,-0.001814,0.011320,-0.006059,0.063759,-0.000013
10801.184000,-0.225077,0.093225,0.330644,-1.940242,-2.109574,0.386180,-0.021255,-0.001797,0.010547,-0.005575,0.058114,0.000002
10801.192000,-0.225257,0.093208,0.330719,-1.940029,-2.109348,0.386610,-0.021313,-0.001804,0.011487,-0.005935,0.062317,0.000004
10801.200000,-0.225435,0.093186,0.330801,-1.939753,-2.109103,0.387115,-0.021163,-0.001789,0.010530,-0.005590,0.058305,-0.000001
10801.208000,-0.225599,0.093175,0.330895,-1.939524,-2.108770,0.387592,-0.021574,-0.001821,0.011128,-0.006074,0.063917,-0.000022
10801.216000,-0.225772,0.093153,0.330980,-1.939205,-2.108494,0.388122,-0.021588,-0.001830,0.011922,-0.006089,0.063973,0.000007
10801.224000,-0.225940,0.093147,0.331062,-1.938999,-2.108185,0.388543,-0.021291,-0.001798,0.010580,-0.005690,0.059456,-0.000008
10801.232000,-0.226118,0.093130,0.331145,-1.938746,-2.107915,0.389043,-0.021354,-0.001802,0.011095,-0.006054,0.063745,-0.000024
10801.240000,-0.226285,0.093119,0.331236,-1.938446,-2.107634,0.389533,-0.021361,-0.001804,0.010652,-0.005744,0.060072,-0.000011
10801.248000,-0.226458,0.093103,0.331339,-1.938121,-2.107297,0.390092,-0.021519,-0.001818,0.011763,-0.006308,0.066654,-0.000022
10801.256000,-0.226623,0.093085,0.331435,-1.937881,-2.106960,0.390639,-0.021324,-0.001797,0.010011,-0.005623,0.058678,-0.000024
10801.264000,-0.226801,0.093074,0.331504,-1.937661,-2.106722,0.391046,-0.021256,-0.001788,0.009741,-0.005647,0.059027,-0.000038
10801.272000,-0.226969,0.093067,0.331583,-1.937381,-2.106428,0.391484,-0.021422,-0.001809,0.011217,-0.005993,0.062976,-0.000014
10801.280000,-0.227141,0.093050,0.331665,-1.937118,-2.106138,0.391975,-0.021602,-0.001820,0.010401,-0.005819,0.060903,-0.000028
10801.288000,-0.227313,0.093031,0.331753,-1.936835,-2.105820,0.392493,-0.021954,-0.001852,0.011370,-0.006279,0.066170,-0.000033
10801.296000,-0.227496,0.093008,0.331856,-1.936522,-2.105501,0.393062,-0.021816,-0.001848,0.012621,-0.006533,0.069088,-0.000011
10801.304000,-0.227665,0.093004,0.331962,-1.936235,-2.105098,0.393610,-0.021941,-0.001856,0.012165,-0.006352,0.066943,-0.000011
10801.312000,-0.227829,0.092986,0.332058,-1.935907,-2.104792,0.394180,-0.021589,-0.001820,0.010318,-0.005760,0.060157,-0.000026
10801.320000,-0.228010,0.092982,0.332125,-1.935728,-2.104517,0.394560,-0.021728,-0.001832,0.011094,-0.006065,0.063720,-0.000026
10801.328000,-0.228177,0.092956,0.332211,-1.935392,-2.104303,0.395063,-0.021862,-0.001844,0.011029,-0.006063,0.063610,-0.000027
10801.336000,-0.228350,0.092953,0.332302,-1.935138,-2.103941,0.395560,-0.021440,-0.001808,0.010513,-0.005754,0.060134,-0.000020
10801.344000,-0.228528,0.092924,0.332387,-1.934873,-2.103689,0.396099,-0.022053,-0.001864,0.011811,-0.006212,0.065233,-0.000011
10801.352000,-0.228704,0.092911,0.332475,-1.934602,-2.103394,0.396604,-0.021878,-0.001847,0.011436,-0.006177,0.064923,-0.000024
10801.360000,-0.228883,0.092904,0.332575,-1.934276,-2.103062,0.397053,-0.021755,-0.001839,0.012031,-0.006290,0.066256,-0.000013
10801.368000,-0.229054,0.092881,0.332663,-1.934062,-2.102738,0.397619,-0.021495,-0.001809,0.010220,-0.005855,0.061314,-0.000042
10801.376000,-0.229229,0.092872,0.332740,-1.933784,-2.102426,0.398094,-0.021361,-0.001799,0.010431,-0.005838,0.061151,-0.000033
10801.384000,-0.229400,0.092854,0.332824,-1.933509,-2.102177,0.398568,-0.021499,-0.001818,0.011534,-0.005970,0.062545,-0.000004
10801.392000,-0.229566,0.092841,0.332924,-1.933195,-2.101826,0.399122,-0.021997,-0.001859,0.012592,-0.006653,0.070444,-0.000027
10801.400000,-0.229748,0.092824,0.333037,-1.932876,-2.101457,0.399763,-0.021881,-0.001846,0.011756,-0.006378,0.067264,-0.000033
10801.408000,-0.229929,0.092814,0.333110,-1.932674,-2.101144,0.400155,-0.021761,-0.001835,0.011267,-0.006165,0.064809,-0.000032
10801.416000,-0.230101,0.092795,0.333202,-1.932368,-2.100892,0.400674,-0.021735,-0.001836,0.011996,-0.006339,0.066815,-0.000022
10801.424000,-0.230270,0.092779,0.333299,-1.932089,-2.100554,0.401199,-0.021950,-0.001856,0.012488,-0.006515,0.068777,-0.000019
10801.432000,-0.230451,0.092766,0.333383,-1.931853,-2.100282,0.401691,-0.021680,-0.001835,0.012247,-0.006224,0.065420,-0.000002
10801.440000,-0.230622,0.092745,0.333508,-1.931404,-2.099935,0.402350,-0.021856,-0.001843,0.010827,-0.005912,0.061742,-0.000024
10801.448000,-0.230795,0.092743,0.333565,-1.931286,-2.099616,0.402690,-0.021742,-0.001832,0.011766,-0.006478,0.068515,-0.000045
10801.456000,-0.230973,0.092720,0.333670,-1.930912,-2.099330,0.403259,-0.021507,-0.001814,0.010786,-0.005881,0.061504,-0.000026
10801.464000,-0.231147,0.092707,0.333764,-1.930672,-2.099034,0.403799,-0.021943,-0.001853,0.011684,-0.006174,0.064774,-0.000018
10801.472000,-0.231320,0.092701,0.333860,-1.930397,-2.098676,0.404218,-0.021710,-0.001826,0.010364,-0.005872,0.061389,-0.000040
10801.480000,-0.231495,0.092675,0.333923,-1.930116,-2.098480,0.404697,-0.021751,-0.001827,0.010214,-0.005988,0.062746,-0.000057
10801.488000,-0.231663,0.092665,0.334011,-1.929877,-2.098131,0.405169,-0.021716,-0.001833,0.011079,-0.005866,0.061202,-0.000013
10801.496000,-0.231844,0.092640,0.334117,-1.929540,-2.097871,0.405731,-0.022067,-0.001861,0.011216,-0.006145,0.064368,-0.000033
10801.504000,-0.232017,0.092636,0.334224,-1.929288,-2.097415,0.406340,-0.021958,-0.001853,0.012067,-0.006424,0.067697,-0.000029
10801.512000,-0.232192,0.092623,0.334325,-1.928924,-2.097080,0.406884,-0.022122,-0.001867,0.011780,-0.006280,0.065934,-0.000025
10801.520000,-0.232379,0.092604,0.334412,-1.928667,-2.096815,0.407418,-0.022179,-0.001871,0.012215,-0.006524,0.068795,-0.000033
10801.528000,-0.232553,0.092585,0.334525,-1.928324,-2.096431,0.408038,-0.022231,-0.001873,0.011474,-0.006310,0.066269,-0.000040
10801.536000,-0.232725,0.092570,0.334618,-1.928017,-2.096143,0.408539,-0.022510,-0.001897,0.012453,-0.006803,0.071966,-0.000049
10801.544000,-0.232896,0.092575,0.334695,-1.927839,-2.095780,0.408924,-0.021992,-0.001852,0.011283,-0.006179,0.064851,-0.000037
10801.552000,-0.233072,0.092546,0.334797,-1.927521,-2.095468,0.409554,-0.022057,-0.001859,0.011231,-0.006112,0.063986,-0.000032
10801.560000,-0.233242,0.092541,0.334910,-1.927214,-2.095074,0.410119,-0.022008,-0.001852,0.011189,-0.006220,0.065319,-0.000045
10801.568000,-0.233429,0.092522,0.334982,-1.926931,-2.094842,0.410576,-0.021984,-0.001853,0.012054,-0.006490,0.068466,-0.000039
10801.576000,-0.233603,0.092508,0.335104,-1.926596,-2.094442,0.411189,-0.022097,-0.001857,0.010998,-0.006233,0.065452,-0.000053
10801.584000,-0.233787,0.092486,0.335185,-1.926271,-2.094148,0.411688,-0.022139,-0.001860,0.010597,-0.006140,0.064330,-0.000059
10801.592000,-0.233965,0.092471,0.335259,-1.925997,-2.093895,0.412132,-0.022293,-0.001882,0.012566,-0.006583,0.069368,-0.000028
10801.600000,-0.234135,0.092449,0.335338,-1.925747,-2.093634,0.412648,-0.021918,-0.001846,0.011204,-0.006176,0.064741,-0.000041
10801.608000,-0.234316,0.092441,0.335417,-1.925528,-2.093290,0.413126,-0.022083,-0.001861,0.012134,-0.006548,0.069068,-0.000042
10801.616000,-0.234498,0.092422,0.335535,-1.925163,-2.092934,0.413729,-0.022397,-0.001890,0.012936,-0.006869,0.072687,-0.000042
10801.624000,-0.234673,0.092413,0.335633,-1.924864,-2.092573,0.414261,-0.022275,-0.001879,0.012508,-0.006651,0.070185,-0.000038
10801.632000,-0.234848,0.092395,0.335703,-1.924609,-2.092269,0.414773,-0.022238,-0.001868,0.010871,-0.006248,0.065523,-0.000060
10801.640000,-0.235018,0.092379,0.335819,-1.924234,-2.091927,0.415356,-0.022062,-0.001858,0.011875,-0.006514,0.068652,-0.000050
10801.648000,-0.235202,0.092372,0.335920,-1.923943,-2.091554,0.415908,-0.022383,-0.001882,0.011324,-0.006352,0.066684,-0.000054
10801.656000,-0.235381,0.092349,0.336021,-1.923579,-2.091223,0.416489,-0.022617,-0.001906,0.012795,-0.006894,0.072892,-0.000050
10801.664000,-0.235558,0.092335,0.336129,-1.923248,-2.090893,0.417081,-0.022586,-0.001905,0.012250,-0.006508,0.068345,-0.000033
10801.672000,-0.235742,0.092319,0.336211,-1.923057,-2.090560,0.417575,-0.022472,-0.001897,0.012592,-0.006535,0.068660,-0.000024
10801.680000,-0.235920,0.092305,0.336312,-1.922727,-2.090216,0.418123,-0.022106,-0.001860,0.010701,-0.005935,0.061802,-0.000039
10801.688000,-0.236104,0.092286,0.336409,-1.922352,-2.089918,0.418647,-0.022319,-0.001874,0.010428,-0.006097,0.063684,-0.000064
10801.696000,-0.236281,0.092276,0.336477,-1.922119,-2.089624,0.419053,-0.022303,-0.001880,0.011275,-0.006030,0.062790,-0.000026
10801.704000,-0.236453,0.092262,0.336562,-1.921938,-2.089348,0.419550,-0.022065,-0.001854,0.010112,-0.005762,0.059811,-0.000045
10801.712000,-0.236641,0.092249,0.336661,-1.921571,-2.089029,0.420052,-0.022508,-0.001895,0.012218,-0.006636,0.069892,-0.000050
10801.720000,-0.236818,0.092234,0.336751,-1.921317,-2.088698,0.420561,-0.022527,-0.001902,0.013160,-0.006820,0.071974,-0.000033
10801.728000,-0.237007,0.092208,0.336854,-1.920979,-2.088386,0.421170,-0.022196,-0.001871,0.012256,-0.006576,0.069243,-0.000045
10801.736000,-0.237177,0.092204,0.336959,-1.920676,-2.087989,0.421707,-0.022436,-0.001890,0.012350,-0.006615,0.069634,-0.000044
10801.744000,-0.237351,0.092189,0.337071,-1.920342,-2.087595,0.422328,-0.022213,-0.001877,0.013667,-0.006970,0.073814,-0.000032
10801.752000,-0.237530,0.092175,0.337162,-1.920080,-2.087275,0.422899,-0.022334,-0.001882,0.012889,-0.006836,0.072266,-0.000047
10801.760000,-0.237710,0.092154,0.337270,-1.919666,-2.086960,0.423470,-0.022325,-0.001883,0.013645,-0.007186,0.076345,-0.000054
10801.768000,-0.237900,0.092131,0.337364,-1.919395,-2.086631,0.423990,-0.022525,-0.001901,0.013752,-0.007183,0.076191,-0.000048
10801.776000,-0.238071,0.092120,0.337472,-1.919117,-2.086267,0.424605,-0.022609,-0.001908,0.013776,-0.007180,0.076144,-0.000047
10801.784000,-0.238254,0.092104,0.337557,-1.918807,-2.085939,0.425107,-0.022511,-0.001888,0.011011,-0.006405,0.067184,-0.000075
10801.792000,-0.238427,0.092095,0.337654,-1.918460,-2.085621,0.425607,-0.022132,-0.001864,0.012071,-0.006481,0.068121,-0.000046
10801.800000,-0.238604,0.092082,0.337751,-1.918157,-2.085235,0.426190,-0.022496,-0.001889,0.011683,-0.006620,0.069706,-0.000072
10801.808000,-0.238793,0.092062,0.337840,-1.917844,-2.084934,0.426697,-0.022587,-0.001902,0.013035,-0.007013,0.074195,-0.000060
10801.816000,-0.238978,0.092043,0.337958,-1.917553,-2.084544,0.427317,-0.022723,-0.001918,0.014094,-0.007298,0.077428,-0.000048
10801.824000,-0.239154,0.092030,0.338060,-1.917239,-2.084201,0.427884,-0.022911,-0.001933,0.013711,-0.007120,0.075273,-0.000044
10801.832000,-0.239327,0.092023,0.338171,-1.916945,-2.083801,0.428459,-0.022295,-0.001870,0.011393,-0.006515,0.068532,-0.000075
10801.840000,-0.239508,0.092006,0.338240,-1.916674,-2.083536,0.428948,-0.022723,-0.001915,0.013574,-0.007092,0.075049,-0.000049
10801.848000,-0.239687,0.091994,0.338360,-1.916398,-2.083105,0.429561,-0.022454,-0.001893,0.013149,-0.006799,0.071683,-0.000037
10801.856000,-0.239881,0.091972,0.338457,-1.915962,-2.082835,0.430076,-0.022820,-0.001924,0.013825,-0.007203,0.076272,-0.000050
10801.864000,-0.240065,0.091957,0.338572,-1.915640,-2.082404,0.430724,-0.022739,-0.001914,0.012883,-0.006927,0.073096,-0.000059
10801.872000,-0.240251,0.091942,0.338688,-1.915271,-2.082016,0.431335,-0.022784,-0.001917,0.012777,-0.006912,0.072914,-0.000062
10801.880000,-0.240427,0.091929,0.338769,-1.915002,-2.081699,0.431847,-0.022374,-0.001876,0.011311,-0.006498,0.068268,-0.000078
10801.888000,-0.240604,0.091905,0.338879,-1.914648,-2.081363,0.432462,-0.022865,-0.001921,0.012301,-0.006847,0.072126,-0.000073
10801.896000,-0.240784,0.091891,0.338966,-1.914393,-2.081010,0.433001,-0.022762,-0.001912,0.012000,-0.006664,0.070005,-0.000067
10801.904000,-0.240971,0.091885,0.339058,-1.914131,-2.080638,0.433505,-0.022728,-0.001910,0.011810,-0.006458,0.067593,-0.000054
10801.912000,-0.241148,0.091861,0.339162,-1.913722,-2.080393,0.434059,-0.023013,-0.001937,0.012821,-0.006867,0.072240,-0.000056
10801.920000,-0.241327,0.091848,0.339262,-1.913447,-2.080019,0.434632,-0.022771,-0.001918,0.013417,-0.007074,0.074753,-0.000056
10801.928000,-0.241511,0.091832,0.339365,-1.913159,-2.079625,0.435221,-0.022602,-0.001896,0.011147,-0.006382,0.066768,-0.000073
10801.936000,-0.241698,0.091819,0.339450,-1.912844,-2.079311,0.435678,-0.022800,-0.001920,0.012914,-0.006834,0.071901,-0.000051
10801.944000,-0.241883,0.091806,0.339545,-1.912541,-2.079007,0.436195,-0.022736,-0.001910,0.012026,-0.006588,0.069083,-0.000061
10801.952000,-0.242062,0.091786,0.339652,-1.912214,-2.078615,0.436799,-0.022988,-0.001931,0.012542,-0.006934,0.073052,-0.000075
10801.960000,-0.242245,0.091780,0.339746,-1.911935,-2.078266,0.437342,-0.022912,-0.001925,0.012231,-0.006644,0.069680,-0.000058
10801.968000,-0.242433,0.091760,0.339849,-1.911585,-2.077919,0.437892,-0.022663,-0.001906,0.013411,-0.007208,0.076372,-0.000073
10801.976000,-0.242617,0.091744,0.339954,-1.911258,-2.077563,0.438484,-0.022751,-0.001906,0.011574,-0.006672,0.070120,-0.000088
10801.984000,-0.242795,0.091724,0.340062,-1.910897,-2.077209,0.439069,-0.022700,-0.001907,0.012464,-0.006868,0.072360,-0.000075
10801.992000,-0.242981,0.091707,0.340155,-1.910612,-2.076854,0.439655,-0.022908,-0.001927,0.012998,-0.006967,0.073405,-0.000063
10802.000000,-0.243160,0.091695,0.340270,-1.910218,-2.076489,0.440244,-0.022801,-0.001913,0.012160,-0.006820,0.071777,-0.000081
10802.008000,-0.243345,0.091675,0.340360,-1.909938,-2.076123,0.440792,-0.023134,-0.001945,0.013990,-0.007531,0.079934,-0.000082
10802.016000,-0.243522,0.091665,0.340471,-1.909587,-2.075740,0.441407,-0.023015,-0.001935,0.013408,-0.007172,0.075759,-0.000069
10802.024000,-0.243709,0.091647,0.340591,-1.909259,-2.075328,0.442043,-0.022996,-0.001927,0.011483,-0.006596,0.069073,-0.000084
10802.032000,-0.243893,0.091642,0.340701,-1.908938,-2.074906,0.442586,-0.023400,-0.001967,0.013317,-0.007098,0.074746,-0.000064
10802.056000,-0.244444,0.091589,0.341018,-1.907891,-2.073871,0.444389,-0.023103,-0.001938,0.011616,-0.006507,0.067950,-0.000070
10802.064000,-0.244633,0.091579,0.341085,-1.907670,-2.073539,0.444819,-0.023277,-0.001956,0.013325,-0.007134,0.075209,-0.000069
10802.072000,-0.244821,0.091558,0.341184,-1.907349,-2.073178,0.445384,-0.023173,-0.001942,0.012020,-0.006823,0.071637,-0.000088
10802.080000,-0.245008,0.091544,0.341300,-1.906999,-2.072797,0.446003,-0.023392,-0.001963,0.012905,-0.007123,0.075052,-0.000084
10802.088000,-0.245192,0.091522,0.341400,-1.906621,-2.072485,0.446593,-0.023094,-0.001936,0.011480,-0.006510,0.067959,-0.000077
10802.096000,-0.245376,0.091507,0.341500,-1.906319,-2.072137,0.447170,-0.023021,-0.001932,0.012210,-0.006743,0.070701,-0.000074
10802.104000,-0.245567,0.091498,0.341602,-1.906040,-2.071706,0.447692,-0.023111,-0.001942,0.013631,-0.007274,0.076867,-0.000075
10802.112000,-0.245753,0.091486,0.341730,-1.905683,-2.071246,0.448407,-0.023118,-0.001940,0.013777,-0.007464,0.079141,-0.000090
10802.120000,-0.245939,0.091458,0.341841,-1.905248,-2.070973,0.449007,-0.023170,-0.001941,0.012404,-0.007027,0.073992,-0.000096
10802.128000,-0.246119,0.091450,0.341931,-1.904965,-2.070603,0.449522,-0.023298,-0.001958,0.013795,-0.007349,0.077659,-0.000077
10802.136000,-0.246294,0.091435,0.342040,-1.904632,-2.070251,0.450141,-0.023343,-0.001955,0.011982,-0.006763,0.070829,-0.000085
10802.144000,-0.246491,0.091412,0.342160,-1.904243,-2.069886,0.450736,-0.022904,-0.001925,0.012577,-0.006697,0.070099,-0.000059
10802.152000,-0.246675,0.091397,0.342247,-1.903985,-2.069519,0.451250,-0.023377,-0.001960,0.013038,-0.007247,0.076455,-0.000095
10802.160000,-0.246864,0.091388,0.342373,-1.903602,-2.069066,0.451909,-0.023048,-0.001935,0.013065,-0.007033,0.074030,-0.000075
10802.168000,-0.247049,0.091366,0.342469,-1.903230,-2.068784,0.452461,-0.023059,-0.001929,0.011637,-0.006776,0.071078,-0.000102
10802.176000,-0.247235,0.091360,0.342550,-1.903028,-2.068421,0.452965,-0.023351,-0.001959,0.013054,-0.007042,0.074024,-0.000075
10802.184000,-0.247415,0.091335,0.342652,-1.902715,-2.068064,0.453515,-0.023316,-0.001951,0.011669,-0.006725,0.070361,-0.000095
10802.192000,-0.247606,0.091318,0.342751,-1.902353,-2.067744,0.454084,-0.023412,-0.001962,0.012050,-0.006773,0.070852,-0.000085
10802.200000,-0.247787,0.091309,0.342853,-1.902031,-2.067387,0.454626,-0.023432,-0.001968,0.013403,-0.007152,0.075232,-0.000074
10802.208000,-0.247985,0.091281,0.342963,-1.901654,-2.067022,0.455264,-0.023483,-0.001967,0.012588,-0.007081,0.074410,-0.000097
10802.216000,-0.248170,0.091275,0.343056,-1.901302,-2.066625,0.455834,-0.023670,-0.001982,0.012607,-0.007074,0.074286,-0.000095
10802.224000,-0.248357,0.091270,0.343160,-1.901026,-2.066224,0.456398,-0.023835,-0.001997,0.013368,-0.007361,0.077600,-0.000096
10802.232000,-0.248543,0.091242,0.343277,-1.900630,-2.065843,0.457082,-0.023655,-0.001977,0.011734,-0.006883,0.072089,-0.000109
10802.240000,-0.248738,0.091226,0.343372,-1.900296,-2.065481,0.457599,-0.023678,-0.001985,0.013815,-0.007561,0.079936,-0.000101
10802.248000,-0.248930,0.091212,0.343466,-1.900036,-2.065118,0.458121,-0.023631,-0.001983,0.013819,-0.007430,0.078398,-0.000088
10802.256000,-0.249117,0.091194,0.343581,-1.899653,-2.064745,0.458741,-0.023278,-0.001945,0.011576,-0.006801,0.071235,-0.000110
10802.264000,-0.249306,0.091177,0.343677,-1.899337,-2.064375,0.459331,-0.023466,-0.001959,0.011778,-0.006990,0.073403,-0.000121
10802.272000,-0.249476,0.091173,0.343784,-1.898999,-2.063981,0.459920,-0.023663,-0.001985,0.013760,-0.007358,0.077538,-0.000084
10802.280000,-0.249677,0.091156,0.343877,-1.898672,-2.063609,0.460464,-0.023673,-0.001981,0.013130,-0.007367,0.077706,-0.000109
10802.288000,-0.249866,0.091135,0.343985,-1.898343,-2.063239,0.461036,-0.023668,-0.001985,0.013155,-0.007084,0.074285,-0.000079
10802.296000,-0.250058,0.091110,0.344074,-1.897987,-2.062986,0.461588,-0.023870,-0.002003,0.014188,-0.007581,0.080002,-0.000090
10802.304000,-0.250248,0.091099,0.344184,-1.897644,-2.062545,0.462194,-0.023375,-0.001954,0.011569,-0.006683,0.069754,-0.000100
10802.312000,-0.250437,0.091085,0.344296,-1.897305,-2.062176,0.462785,-0.023864,-0.001998,0.013371,-0.007408,0.078044,-0.000104
10802.320000,-0.250625,0.091066,0.344394,-1.896943,-2.061830,0.463383,-0.023589,-0.001971,0.013213,-0.007565,0.080027,-0.000129
10802.328000,-0.250816,0.091058,0.344518,-1.896648,-2.061314,0.464006,-0.023505,-0.001970,0.014247,-0.007660,0.081092,-0.000101
10802.336000,-0.251012,0.091040,0.344606,-1.896280,-2.061016,0.464570,-0.023587,-0.001975,0.013435,-0.007403,0.078078,-0.000105
10802.344000,-0.251197,0.091029,0.344722,-1.895945,-2.060576,0.465221,-0.023910,-0.002001,0.013397,-0.007409,0.078048,-0.000105
10802.352000,-0.251371,0.091016,0.344839,-1.895571,-2.060181,0.465824,-0.023832,-0.001987,0.011972,-0.007103,0.074567,-0.000128
10802.360000,-0.251580,0.090974,0.344922,-1.895176,-2.059925,0.466412,-0.023947,-0.002008,0.014110,-0.007623,0.080407,-0.000101
10802.368000,-0.251770,0.090978,0.345038,-1.894939,-2.059442,0.467006,-0.023633,-0.001978,0.012743,-0.007041,0.073788,-0.000094
10802.376000,-0.251958,0.090950,0.345152,-1.894507,-2.059115,0.467628,-0.024059,-0.002012,0.013062,-0.007370,0.077470,-0.000114
10802.384000,-0.252164,0.090938,0.345227,-1.894270,-2.058766,0.468077,-0.023978,-0.002009,0.014047,-0.007601,0.080163,-0.000102
10802.392000,-0.252339,0.090918,0.345370,-1.893848,-2.058311,0.468838,-0.023720,-0.001983,0.012085,-0.006898,0.072064,-0.000104
10802.400000,-0.252534,0.090910,0.345468,-1.893476,-2.057961,0.469353,-0.023565,-0.001976,0.013539,-0.007190,0.075464,-0.000082
10802.408000,-0.252732,0.090892,0.345551,-1.893242,-2.057591,0.469839,-0.023861,-0.001999,0.013868,-0.007495,0.078941,-0.000100
10802.416000,-0.252915,0.090873,0.345677,-1.892819,-2.057204,0.470510,-0.023725,-0.001990,0.014513,-0.007685,0.081167,-0.000097
10802.424000,-0.253107,0.090868,0.345786,-1.892453,-2.056804,0.471116,-0.023798,-0.001989,0.013205,-0.007372,0.077590,-0.000113
10802.432000,-0.253307,0.090842,0.345877,-1.892180,-2.056452,0.471665,-0.023666,-0.001980,0.013424,-0.007423,0.078187,-0.000112
10802.440000,-0.253503,0.090825,0.345976,-1.891842,-2.056058,0.472285,-0.023280,-0.001941,0.011860,-0.007001,0.073465,-0.000129
10802.448000,-0.253681,0.090814,0.346065,-1.891526,-2.055727,0.472778,-0.023751,-0.001987,0.013831,-0.007606,0.080298,-0.000116
10802.456000,-0.253878,0.090788,0.346191,-1.891084,-2.055313,0.473483,-0.023407,-0.001954,0.013303,-0.007643,0.080881,-0.000142
10802.464000,-0.254061,0.090787,0.346323,-1.890762,-2.054788,0.474180,-0.023739,-0.001986,0.014664,-0.007970,0.084563,-0.000124
10802.472000,-0.254270,0.090764,0.346406,-1.890404,-2.054448,0.474700,-0.023693,-0.001986,0.015431,-0.008169,0.086836,-0.000117
10802.480000,-0.254445,0.090751,0.346524,-1.890052,-2.054057,0.475367,-0.023870,-0.001993,0.012613,-0.007190,0.075392,-0.000119
10802.488000,-0.254633,0.090747,0.346640,-1.889658,-2.053587,0.475929,-0.023890,-0.001997,0.014177,-0.007777,0.082241,-0.000123
10802.496000,-0.254831,0.090716,0.346750,-1.889274,-2.053244,0.476653,-0.023785,-0.001987,0.013685,-0.007630,0.080546,-0.000126
10802.504000,-0.255020,0.090695,0.346861,-1.888882,-2.052906,0.477222,-0.024090,-0.002013,0.014213,-0.007940,0.084036,-0.000137
10802.512000,-0.255207,0.090690,0.346962,-1.888573,-2.052476,0.477769,-0.023683,-0.001979,0.013832,-0.007672,0.081062,-0.000127
10802.520000,-0.255397,0.090678,0.347078,-1.888235,-2.052047,0.478372,-0.023904,-0.001994,0.012956,-0.007405,0.077890,-0.000131
10802.528000,-0.255591,0.090656,0.347195,-1.887845,-2.051640,0.479028,-0.023803,-0.001981,0.011595,-0.007009,0.073324,-0.000141
10802.536000,-0.255788,0.090642,0.347268,-1.887598,-2.051297,0.479534,-0.024158,-0.002020,0.014168,-0.007716,0.081352,-0.000117
10802.536000,-0.255788,0.090642,0.347268,-1.887598,-2.051297,0.479534,-0.024158,-0.002020,0.014168,-0.007716,0.081352,-0.000117
10802.536000,-0.255788,0.090642,0.347268,-1.887598,-2.051297,0.479534,-0.024158,-0.002020,0.014168,-0.007716,0.081352,-0.000117
10802.536000,-0.255788,0.090642,0.347268,-1.887598,-2.051297,0.479534,-0.024158,-0.002020,0.014168,-0.007716,0.081352,-0.000117
10802.536000,-0.255788,0.090642,0.347268,-1.887598,-2.051297,0.479534,-0.024158,-0.002020,0.014168,-0.007716,0.081352,-0.000117
10802.576000,-0.256751,0.090562,0.347852,-1.885691,-2.049204,0.482732,-0.024580,-0.002057,0.014953,-0.007970,0.084096,-0.000114
10802.576000,-0.256751,0.090562,0.347852,-1.885691,-2.049204,0.482732,-0.024580,-0.002057,0.014953,-0.007970,0.084096,-0.000114
10802.592000,-0.257126,0.090529,0.348068,-1.884978,-2.048452,0.483946,-0.024243,-0.002027,0.013890,-0.007541,0.079216,-0.000111
10802.592000,-0.257126,0.090529,0.348068,-1.884978,-2.048452,0.483946,-0.024243,-0.002027,0.013890,-0.007541,0.079216,-0.000111
10802.592000,-0.257126,0.090529,0.348068,-1.884978,-2.048452,0.483946,-0.024243,-0.002027,0.013890,-0.007541,0.079216,-0.000111
10802.616000,-0.257700,0.090478,0.348422,-1.883835,-2.047212,0.485864,-0.024022,-0.002003,0.012710,-0.007287,0.076365,-0.000131
10802.624000,-0.257893,0.090460,0.348500,-1.883551,-2.046882,0.486403,-0.024130,-0.002016,0.014036,-0.007660,0.080620,-0.000121
10802.632000,-0.258085,0.090447,0.348602,-1.883161,-2.046524,0.486978,-0.024259,-0.002020,0.013071,-0.007571,0.079627,-0.000148
10802.640000,-0.258286,0.090433,0.348715,-1.882837,-2.046091,0.487593,-0.024209,-0.002023,0.014345,-0.007729,0.081394,-0.000117
10802.648000,-0.258474,0.090414,0.348841,-1.882443,-2.045656,0.488266,-0.024785,-0.002068,0.014194,-0.007850,0.082615,-0.000132
10802.656000,-0.258674,0.090391,0.348944,-1.882018,-2.045297,0.488856,-0.024400,-0.002029,0.012760,-0.007667,0.080697,-0.000170
10802.664000,-0.258864,0.090372,0.349036,-1.881745,-2.044895,0.489429,-0.024494,-0.002047,0.014900,-0.008063,0.085123,-0.000131
10802.672000,-0.259054,0.090367,0.349168,-1.881335,-2.044422,0.490121,-0.024251,-0.002022,0.014342,-0.008010,0.084689,-0.000149
10802.680000,-0.259258,0.090349,0.349305,-1.880919,-2.043950,0.490802,-0.024174,-0.002020,0.015832,-0.008464,0.089952,-0.000143
10802.688000,-0.259448,0.090330,0.349431,-1.880444,-2.043523,0.491508,-0.024974,-0.002084,0.014410,-0.007975,0.083947,-0.000138
10802.696000,-0.259650,0.090311,0.349519,-1.880133,-2.043164,0.492090,-0.024222,-0.002010,0.012021,-0.007444,0.078170,-0.000177
10802.704000,-0.259841,0.090297,0.349629,-1.879754,-2.042758,0.492672,-0.024660,-0.002055,0.013566,-0.007691,0.080767,-0.000143
10802.712000,-0.260032,0.090288,0.349740,-1.879400,-2.042291,0.493324,-0.024705,-0.002056,0.012832,-0.007428,0.077705,-0.000142
10802.720000,-0.260235,0.090262,0.349850,-1.879053,-2.041924,0.493973,-0.024813,-0.002064,0.013066,-0.007648,0.080236,-0.000157
10802.728000,-0.260424,0.090255,0.349966,-1.878670,-2.041475,0.494611,-0.025093,-0.002087,0.013199,-0.007694,0.080689,-0.000156
10802.736000,-0.260622,0.090241,0.350059,-1.878365,-2.041075,0.495147,-0.024554,-0.002044,0.012577,-0.007239,0.075523,-0.000134
10802.744000,-0.260818,0.090222,0.350182,-1.877983,-2.040647,0.495783,-0.024798,-0.002064,0.013303,-0.007620,0.079878,-0.000146
10802.752000,-0.261024,0.090207,0.350269,-1.877634,-2.040315,0.496325,-0.024413,-0.002032,0.013568,-0.007742,0.081460,-0.000153
10802.760000,-0.261224,0.090183,0.350407,-1.877186,-2.039807,0.497073,-0.024773,-0.002063,0.013944,-0.007924,0.083403,-0.000156
10802.768000,-0.261430,0.090157,0.350507,-1.876786,-2.039480,0.497708,-0.024584,-0.002047,0.013172,-0.007578,0.079405,-0.000149
10802.776000,-0.261623,0.090161,0.350612,-1.876492,-2.039000,0.498206,-0.024396,-0.002030,0.012975,-0.007439,0.077897,-0.000144
10802.784000,-0.261809,0.090140,0.350728,-1.876059,-2.038594,0.498874,-0.024354,-0.002020,0.012373,-0.007582,0.079655,-0.000183
10802.792000,-0.262007,0.090118,0.350825,-1.875704,-2.038255,0.499517,-0.024544,-0.002046,0.015236,-0.008324,0.088102,-0.000155
10802.800000,-0.262207,0.090094,0.350940,-1.875312,-2.037852,0.500181,-0.024397,-0.002027,0.013070,-0.007728,0.081269,-0.000173
10802.808000,-0.262396,0.090088,0.351059,-1.875008,-2.037342,0.500836,-0.024233,-0.002020,0.014529,-0.007946,0.083795,-0.000143
10802.816000,-0.262599,0.090069,0.351148,-1.874601,-2.037057,0.501338,-0.024855,-0.002071,0.014404,-0.007968,0.083817,-0.000147
10802.824000,-0.262794,0.090050,0.351274,-1.874232,-2.036573,0.502039,-0.024688,-0.002058,0.014144,-0.007791,0.081778,-0.000139
10802.832000,-0.262988,0.090035,0.351394,-1.873865,-2.036131,0.502647,-0.024401,-0.002032,0.014297,-0.007939,0.083627,-0.000151
10802.840000,-0.263185,0.090010,0.351511,-1.873403,-2.035786,0.503330,-0.024413,-0.002029,0.012510,-0.007377,0.077094,-0.000158
10802.848000,-0.263387,0.090005,0.351605,-1.873129,-2.035365,0.503816,-0.024454,-0.002031,0.013166,-0.007699,0.080872,-0.000169
10802.856000,-0.263586,0.089992,0.351694,-1.872778,-2.034999,0.504369,-0.024734,-0.002059,0.013568,-0.007597,0.079500,-0.000141
10802.864000,-0.263769,0.089978,0.351823,-1.872440,-2.034538,0.505050,-0.024445,-0.002030,0.013136,-0.007682,0.080681,-0.000169
10802.872000,-0.263988,0.089947,0.351911,-1.872039,-2.034217,0.505634,-0.024791,-0.002062,0.013958,-0.007907,0.083091,-0.000160
10802.880000,-0.264179,0.089943,0.352038,-1.871611,-2.033705,0.506311,-0.024867,-0.002066,0.013368,-0.007738,0.081143,-0.000164
10802.888000,-0.264386,0.089928,0.352145,-1.871266,-2.033254,0.506966,-0.024874,-0.002066,0.014188,-0.008134,0.085766,-0.000177
10802.896000,-0.264577,0.089918,0.352252,-1.870905,-2.032854,0.507547,-0.025109,-0.002087,0.014169,-0.008013,0.084256,-0.000164
10802.904000,-0.264778,0.089886,0.352388,-1.870410,-2.032429,0.508291,-0.024904,-0.002065,0.013352,-0.008004,0.084257,-0.000195
10802.912000,-0.264975,0.089885,0.352479,-1.870193,-2.031973,0.508771,-0.024784,-0.002057,0.013961,-0.008081,0.085193,-0.000182
10802.920000,-0.265177,0.089854,0.352594,-1.869725,-2.031608,0.509450,-0.024786,-0.002061,0.014417,-0.008098,0.085288,-0.000167
10802.928000,-0.265381,0.089834,0.352685,-1.869417,-2.031242,0.509998,-0.024862,-0.002067,0.014850,-0.008330,0.087953,-0.000176
10802.936000,-0.265571,0.089821,0.352842,-1.868923,-2.030726,0.510794,-0.024849,-0.002066,0.014749,-0.008244,0.086950,-0.000171
10802.944000,-0.265776,0.089806,0.352953,-1.868529,-2.030301,0.511394,-0.024696,-0.002049,0.013825,-0.008073,0.085064,-0.000189
10802.952000,-0.265976,0.089790,0.353048,-1.868192,-2.029914,0.511997,-0.024645,-0.002042,0.012711,-0.007674,0.080465,-0.000188
10802.960000,-0.266168,0.089778,0.353144,-1.867857,-2.029487,0.512578,-0.024927,-0.002072,0.014720,-0.008180,0.086157,-0.000166
10802.968000,-0.266362,0.089763,0.353262,-1.867478,-2.029055,0.513248,-0.024607,-0.002043,0.013913,-0.007950,0.083636,-0.000174
10802.976000,-0.266568,0.089736,0.353375,-1.867054,-2.028664,0.513919,-0.024981,-0.002076,0.014637,-0.008222,0.086610,-0.000174
10802.984000,-0.266773,0.089717,0.353498,-1.866649,-2.028210,0.514583,-0.024769,-0.002056,0.014478,-0.008300,0.087618,-0.000191
10802.992000,-0.266973,0.089702,0.353587,-1.866323,-2.027809,0.515120,-0.024579,-0.002038,0.014333,-0.008302,0.087724,-0.000198
10803.000000,-0.267166,0.089690,0.353702,-1.865903,-2.027411,0.515786,-0.024999,-0.002076,0.014550,-0.008225,0.086634,-0.000179
10803.008000,-0.267363,0.089679,0.353826,-1.865533,-2.026909,0.516490,-0.024610,-0.002043,0.015427,-0.008615,0.091363,-0.000193
10803.016000,-0.267559,0.089660,0.353960,-1.865079,-2.026431,0.517150,-0.025095,-0.002081,0.014499,-0.008348,0.088057,-0.000195
10803.024000,-0.267767,0.089656,0.354066,-1.864751,-2.025956,0.517795,-0.025102,-0.002080,0.014843,-0.008524,0.090169,-0.000203
10803.032000,-0.267974,0.089611,0.354175,-1.864266,-2.025640,0.518459,-0.025042,-0.002073,0.012425,-0.007680,0.080291,-0.000200
10803.040000,-0.268174,0.089597,0.354276,-1.863883,-2.025196,0.519047,-0.025294,-0.002101,0.014164,-0.008014,0.083967,-0.000170
10803.048000,-0.268366,0.089591,0.354397,-1.863558,-2.024756,0.519684,-0.024871,-0.002062,0.012877,-0.007576,0.079097,-0.000174
10803.056000,-0.268563,0.089581,0.354499,-1.863248,-2.024288,0.520300,-0.025335,-0.002101,0.014163,-0.008069,0.084660,-0.000178
10803.064000,-0.268776,0.089569,0.354606,-1.862866,-2.023895,0.520898,-0.025289,-0.002100,0.014701,-0.008150,0.085606,-0.000168
10803.072000,-0.268978,0.089536,0.354721,-1.862405,-2.023556,0.521532,-0.025181,-0.002090,0.014300,-0.008106,0.085104,-0.000179
10803.080000,-0.269175,0.089519,0.354840,-1.862051,-2.023053,0.522194,-0.024902,-0.002063,0.013869,-0.008104,0.085215,-0.000197
10803.088000,-0.269379,0.089503,0.354951,-1.861625,-2.022666,0.522838,-0.025082,-0.002077,0.014257,-0.008315,0.087622,-0.000205
10803.096000,-0.269583,0.089499,0.355054,-1.861307,-2.022165,0.523397,-0.025083,-0.002077,0.014231,-0.008256,0.086953,-0.000201
10803.104000,-0.269783,0.089474,0.355177,-1.860820,-2.021811,0.524069,-0.024820,-0.002058,0.014919,-0.008411,0.088788,-0.000194
10803.112000,-0.269972,0.089459,0.355316,-1.860432,-2.021282,0.524803,-0.025010,-0.002067,0.013772,-0.008323,0.087790,-0.000227
10803.120000,-0.270178,0.089447,0.355414,-1.860095,-2.020815,0.525449,-0.025038,-0.002076,0.016022,-0.008869,0.094036,-0.000203
10803.128000,-0.270379,0.089422,0.355522,-1.859649,-2.020455,0.526103,-0.024919,-0.002064,0.014912,-0.008540,0.090263,-0.000210
10803.136000,-0.270576,0.089403,0.355651,-1.859283,-2.019976,0.526786,-0.024922,-0.002067,0.015073,-0.008431,0.088926,-0.000192
10803.144000,-0.270780,0.089395,0.355775,-1.858881,-2.019482,0.527461,-0.024979,-0.002068,0.014715,-0.008448,0.089174,-0.000208
10803.152000,-0.270982,0.089373,0.355883,-1.858444,-2.019089,0.528082,-0.024885,-0.002060,0.014694,-0.008469,0.089427,-0.000212
10803.160000,-0.271172,0.089361,0.356013,-1.858046,-2.018549,0.528819,-0.024743,-0.002049,0.015106,-0.008541,0.090302,-0.000206
10803.168000,-0.271375,0.089348,0.356158,-1.857553,-2.018077,0.529466,-0.024929,-0.002065,0.015363,-0.008613,0.091051,-0.000204
10803.176000,-0.271583,0.089317,0.356254,-1.857163,-2.017724,0.530083,-0.025390,-0.002103,0.015517,-0.008778,0.092754,-0.000213
10803.184000,-0.271769,0.089310,0.356381,-1.856776,-2.017252,0.530747,-0.025320,-0.002095,0.013978,-0.008130,0.085280,-0.000200
10803.192000,-0.271972,0.089297,0.356498,-1.856417,-2.016724,0.531431,-0.025108,-0.002073,0.013209,-0.008001,0.083911,-0.000216
10803.200000,-0.272189,0.089265,0.356575,-1.856010,-2.016456,0.531992,-0.025460,-0.002105,0.013563,-0.008115,0.085036,-0.000213
10803.208000,-0.272390,0.089266,0.356704,-1.855634,-2.015853,0.532697,-0.025215,-0.002081,0.013859,-0.008351,0.087961,-0.000231
10803.216000,-0.272599,0.089234,0.356810,-1.855205,-2.015513,0.533341,-0.025421,-0.002105,0.014809,-0.008453,0.088933,-0.000206
10803.224000,-0.272807,0.089229,0.356925,-1.854847,-2.014974,0.534044,-0.025447,-0.002101,0.013594,-0.008160,0.085610,-0.000219
10803.232000,-0.272994,0.089209,0.357064,-1.854420,-2.014488,0.534729,-0.025323,-0.002094,0.015437,-0.008850,0.093633,-0.000229
10803.240000,-0.273211,0.089190,0.357161,-1.854042,-2.014148,0.535285,-0.025338,-0.002096,0.014186,-0.008189,0.085891,-0.000202
10803.248000,-0.273406,0.089180,0.357268,-1.853668,-2.013660,0.535945,-0.025456,-0.002106,0.014923,-0.008477,0.089210,-0.000206
10803.256000,-0.273600,0.089160,0.357396,-1.853228,-2.013228,0.536632,-0.025744,-0.002130,0.014668,-0.008383,0.087982,-0.000204
10803.264000,-0.273808,0.089140,0.357523,-1.852741,-2.012803,0.537295,-0.025159,-0.002075,0.012637,-0.007794,0.081412,-0.000218
10803.272000,-0.274011,0.089126,0.357627,-1.852451,-2.012341,0.537917,-0.025242,-0.002085,0.013565,-0.008042,0.084229,-0.000211
10803.280000,-0.274213,0.089103,0.357730,-1.851987,-2.011948,0.538564,-0.025380,-0.002097,0.014474,-0.008424,0.088589,-0.000220
10803.288000,-0.274415,0.089084,0.357858,-1.851527,-2.011504,0.539232,-0.025204,-0.002084,0.014498,-0.008343,0.087668,-0.000211
10803.296000,-0.274626,0.089073,0.357976,-1.851178,-2.010976,0.539867,-0.025346,-0.002102,0.016487,-0.008865,0.093603,-0.000195
10803.304000,-0.274819,0.089062,0.358116,-1.850737,-2.010488,0.540627,-0.025466,-0.002100,0.013870,-0.008335,0.087577,-0.000234
10803.312000,-0.275026,0.089043,0.358225,-1.850323,-2.010047,0.541268,-0.025338,-0.002094,0.015629,-0.008868,0.093747,-0.000229
10803.320000,-0.275220,0.089024,0.358355,-1.849934,-2.009542,0.541979,-0.025153,-0.002073,0.014135,-0.008500,0.089603,-0.000245
10803.328000,-0.275423,0.089009,0.358465,-1.849470,-2.009111,0.542602,-0.025751,-0.002128,0.016016,-0.009050,0.095685,-0.000233
10803.336000,-0.275640,0.088975,0.358590,-1.848979,-2.008708,0.543353,-0.025671,-0.002121,0.014288,-0.008363,0.087680,-0.000221
10803.344000,-0.275841,0.088969,0.358692,-1.848668,-2.008209,0.543958,-0.025633,-0.002108,0.012992,-0.008261,0.086655,-0.000259
10803.352000,-0.276045,0.088956,0.358819,-1.848209,-2.007724,0.544662,-0.025618,-0.002114,0.014737,-0.008610,0.090623,-0.000234
10803.360000,-0.276247,0.088936,0.358914,-1.847810,-2.007353,0.545242,-0.025888,-0.002134,0.013714,-0.008288,0.086778,-0.000234
10803.368000,-0.276455,0.088928,0.359054,-1.847391,-2.006790,0.545983,-0.025655,-0.002121,0.015771,-0.008760,0.092284,-0.000213
10803.376000,-0.276653,0.088914,0.359180,-1.847016,-2.006265,0.546654,-0.026257,-0.002167,0.015535,-0.008915,0.093907,-0.000236
10803.384000,-0.276873,0.088879,0.359283,-1.846548,-2.005942,0.547333,-0.025528,-0.002103,0.013261,-0.008154,0.085350,-0.000240
10803.392000,-0.277084,0.088869,0.359374,-1.846267,-2.005455,0.547869,-0.025682,-0.002124,0.015620,-0.008664,0.091090,-0.000209
10803.400000,-0.277277,0.088858,0.359504,-1.845838,-2.004987,0.548548,-0.025721,-0.002120,0.014584,-0.008612,0.090584,-0.000243
10803.408000,-0.277491,0.088832,0.359629,-1.845347,-2.004577,0.549262,-0.025604,-0.002112,0.015395,-0.008882,0.093712,-0.000244
10803.416000,-0.277688,0.088817,0.359767,-1.844881,-2.004054,0.549994,-0.025864,-0.002132,0.014425,-0.008495,0.089112,-0.000235
10803.424000,-0.277900,0.088802,0.359874,-1.844477,-2.003635,0.550621,-0.025164,-0.002070,0.013747,-0.008412,0.088494,-0.000257
10803.432000,-0.278102,0.088778,0.359989,-1.844042,-2.003133,0.551307,-0.025742,-0.002120,0.014041,-0.008461,0.088764,-0.000247
10803.440000,-0.278306,0.088767,0.360107,-1.843621,-2.002671,0.551974,-0.025619,-0.002110,0.015435,-0.009038,0.095532,-0.000263
10803.448000,-0.278513,0.088742,0.360240,-1.843167,-2.002175,0.552733,-0.025527,-0.002105,0.015464,-0.008884,0.093698,-0.000245
10803.456000,-0.278710,0.088740,0.360353,-1.842839,-2.001682,0.553325,-0.025482,-0.002096,0.013257,-0.008157,0.085374,-0.000246
10803.464000,-0.278924,0.088710,0.360458,-1.842359,-2.001339,0.553994,-0.025767,-0.002122,0.015333,-0.008975,0.094696,-0.000260
10803.472000,-0.279135,0.088694,0.360571,-1.842006,-2.000836,0.554629,-0.025584,-0.002106,0.013506,-0.008200,0.085760,-0.000241
10803.480000,-0.279344,0.088683,0.360693,-1.841583,-2.000349,0.555320,-0.025649,-0.002116,0.016161,-0.009050,0.095550,-0.000240
10803.488000,-0.279546,0.088663,0.360802,-1.841189,-1.999960,0.555912,-0.026041,-0.002142,0.014550,-0.008738,0.091853,-0.000262
10803.496000,-0.279751,0.088644,0.360893,-1.840802,-1.999546,0.556504,-0.025587,-0.002100,0.011541,-0.007684,0.079834,-0.000258
10803.504000,-0.279952,0.088635,0.361010,-1.840396,-1.999041,0.557163,-0.025893,-0.002130,0.014742,-0.008770,0.092264,-0.000261
10803.512000,-0.280172,0.088614,0.361111,-1.839987,-1.998603,0.557789,-0.026226,-0.002153,0.012531,-0.008101,0.084417,-0.000265
10803.520000,-0.280383,0.088590,0.361234,-1.839534,-1.998150,0.558551,-0.026201,-0.002156,0.014573,-0.008704,0.091332,-0.000258
10803.528000,-0.280592,0.088582,0.361348,-1.839141,-1.997620,0.559188,-0.026198,-0.002154,0.015133,-0.008981,0.094584,-0.000270
10803.536000,-0.280805,0.088563,0.361471,-1.838696,-1.997139,0.559921,-0.026037,-0.002141,0.015257,-0.009027,0.095167,-0.000272
10803.544000,-0.281019,0.088553,0.361560,-1.838374,-1.996726,0.560450,-0.026110,-0.002142,0.014496,-0.008957,0.094413,-0.000293
10803.552000,-0.281209,0.088535,0.361680,-1.837930,-1.996250,0.561127,-0.025860,-0.002122,0.014167,-0.008736,0.091906,-0.000282
10803.560000,-0.281422,0.088524,0.361789,-1.837546,-1.995795,0.561794,-0.025780,-0.002113,0.014307,-0.008851,0.093316,-0.000292
10803.568000,-0.281631,0.088502,0.361888,-1.837179,-1.995347,0.562398,-0.025818,-0.002120,0.014245,-0.008656,0.090961,-0.000271
10803.576000,-0.281839,0.088480,0.362004,-1.836696,-1.994902,0.563072,-0.025908,-0.002124,0.013535,-0.008546,0.089666,-0.000285
10803.584000,-0.282038,0.088465,0.362123,-1.836261,-1.994381,0.563758,-0.025700,-0.002111,0.014726,-0.008827,0.092938,-0.000275
10803.592000,-0.282250,0.088437,0.362230,-1.835819,-1.994017,0.564384,-0.025700,-0.002108,0.013664,-0.008549,0.089714,-0.000283
10803.600000,-0.282456,0.088432,0.362326,-1.835497,-1.993520,0.565011,-0.025854,-0.002122,0.014321,-0.008670,0.091056,-0.000272
10803.608000,-0.282667,0.088409,0.362425,-1.835039,-1.993155,0.565614,-0.025296,-0.002074,0.013593,-0.008503,0.089352,-0.000285
10803.616000,-0.282873,0.088384,0.362545,-1.834597,-1.992672,0.566347,-0.025678,-0.002105,0.013728,-0.008632,0.090679,-0.000292
10803.624000,-0.283066,0.088393,0.362658,-1.834264,-1.992094,0.566964,-0.025873,-0.002116,0.013454,-0.008697,0.091491,-0.000310
10803.632000,-0.283280,0.088356,0.362782,-1.833752,-1.991690,0.567721,-0.025759,-0.002111,0.013918,-0.008684,0.091256,-0.000292
10803.640000,-0.283484,0.088345,0.362889,-1.833381,-1.991167,0.568366,-0.025699,-0.002107,0.014773,-0.008977,0.094662,-0.000294
10803.648000,-0.283692,0.088324,0.363011,-1.832910,-1.990699,0.569084,-0.025559,-0.002089,0.012344,-0.008287,0.086787,-0.000307
10803.656000,-0.283893,0.088310,0.363120,-1.832462,-1.990255,0.569745,-0.025723,-0.002103,0.012958,-0.008503,0.089213,-0.000308
10803.664000,-0.284103,0.088295,0.363205,-1.832122,-1.989835,0.570334,-0.025923,-0.002121,0.012434,-0.008190,0.085487,-0.000291
10803.672000,-0.284308,0.088279,0.363312,-1.831682,-1.989387,0.570965,-0.025892,-0.002119,0.012398,-0.008091,0.084317,-0.000281
10803.680000,-0.284503,0.088270,0.363428,-1.831328,-1.988823,0.571669,-0.025944,-0.002127,0.013880,-0.008468,0.088624,-0.000270
10803.688000,-0.284730,0.088243,0.363518,-1.830917,-1.988494,0.572233,-0.025947,-0.002123,0.011345,-0.007646,0.079120,-0.000270
10803.696000,-0.284928,0.088235,0.363619,-1.830557,-1.987962,0.572818,-0.026079,-0.002135,0.013829,-0.008673,0.090983,-0.000296
10803.704000,-0.285134,0.088209,0.363724,-1.830112,-1.987584,0.573484,-0.025666,-0.002100,0.011395,-0.007674,0.079536,-0.000274
10803.712000,-0.285341,0.088192,0.363811,-1.829734,-1.987167,0.574026,-0.025906,-0.002119,0.013195,-0.008475,0.088720,-0.000299
10803.720000,-0.285550,0.088174,0.363920,-1.829372,-1.986670,0.574758,-0.025629,-0.002096,0.013512,-0.008584,0.090091,-0.000302
10803.728000,-0.285760,0.088149,0.364020,-1.828920,-1.986275,0.575354,-0.025734,-0.002099,0.010732,-0.007808,0.081112,-0.000315
10803.736000,-0.285971,0.088134,0.364117,-1.828485,-1.985841,0.576045,-0.025355,-0.002073,0.013541,-0.008629,0.090703,-0.000309
10803.744000,-0.286168,0.088120,0.364207,-1.828144,-1.985399,0.576602,-0.025391,-0.002074,0.012042,-0.008072,0.084251,-0.000301
10803.752000,-0.286370,0.088111,0.364317,-1.827690,-1.984866,0.577249,-0.025500,-0.002081,0.013042,-0.008609,0.090469,-0.000326
10803.760000,-0.286579,0.088085,0.364423,-1.827309,-1.984432,0.577918,-0.025527,-0.002090,0.014867,-0.008980,0.094608,-0.000301
10803.768000,-0.286783,0.088079,0.364531,-1.826907,-1.983936,0.578563,-0.025038,-0.002044,0.013194,-0.008534,0.089744,-0.000316
10803.776000,-0.286984,0.088059,0.364646,-1.826455,-1.983482,0.579233,-0.025405,-0.002077,0.013413,-0.008500,0.089141,-0.000301
10803.784000,-0.287190,0.088030,0.364766,-1.825961,-1.983044,0.579965,-0.025294,-0.002064,0.012878,-0.008508,0.089294,-0.000324
10803.792000,-0.287397,0.088024,0.364840,-1.825655,-1.982597,0.580498,-0.025728,-0.002101,0.013315,-0.008577,0.089923,-0.000313
10803.800000,-0.287600,0.088005,0.364943,-1.825224,-1.982187,0.581043,-0.025406,-0.002074,0.013627,-0.008764,0.092207,-0.000326
10803.808000,-0.287814,0.087986,0.365040,-1.824798,-1.981771,0.581741,-0.025761,-0.002097,0.009957,-0.007559,0.078189,-0.000320
10803.816000,-0.288022,0.087963,0.365133,-1.824455,-1.981334,0.582334,-0.025557,-0.002085,0.012953,-0.008577,0.089971,-0.000329
10803.824000,-0.288220,0.087958,0.365239,-1.824037,-1.980809,0.583040,-0.025851,-0.002105,0.010408,-0.007672,0.079450,-0.000317
10803.832000,-0.288437,0.087937,0.365341,-1.823625,-1.980350,0.583695,-0.026020,-0.002120,0.012605,-0.008522,0.089197,-0.000334
10803.840000,-0.288643,0.087914,0.365442,-1.823181,-1.979905,0.584359,-0.026140,-0.002132,0.012503,-0.008375,0.087386,-0.000319
10803.848000,-0.288860,0.087908,0.365530,-1.822806,-1.979448,0.584910,-0.025901,-0.002107,0.010936,-0.007992,0.083146,-0.000336
10803.856000,-0.289061,0.087874,0.365632,-1.822377,-1.979026,0.585597,-0.026085,-0.002126,0.012691,-0.008575,0.089716,-0.000337
10803.864000,-0.289256,0.087866,0.365721,-1.821953,-1.978618,0.586152,-0.025777,-0.002097,0.011151,-0.008113,0.084565,-0.000344
10803.872000,-0.289463,0.087858,0.365821,-1.821597,-1.978086,0.586777,-0.025423,-0.002072,0.011507,-0.007903,0.082192,-0.000309
10803.880000,-0.289672,0.087838,0.365926,-1.821171,-1.977681,0.587431,-0.025625,-0.002089,0.012429,-0.008257,0.086198,-0.000315
10803.888000,-0.289879,0.087818,0.366014,-1.820799,-1.977260,0.588007,-0.025233,-0.002049,0.009762,-0.007608,0.078940,-0.000342
10803.896000,-0.290080,0.087804,0.366121,-1.820376,-1.976774,0.588638,-0.025382,-0.002067,0.011949,-0.008140,0.084933,-0.000322
10803.904000,-0.290290,0.087784,0.366171,-1.820127,-1.976444,0.589139,-0.025337,-0.002059,0.011543,-0.008225,0.085994,-0.000348
10803.912000,-0.290493,0.087761,0.366299,-1.819601,-1.975956,0.589879,-0.025584,-0.002084,0.011451,-0.007981,0.082979,-0.000321
10803.920000,-0.290702,0.087755,0.366375,-1.819287,-1.975546,0.590424,-0.025227,-0.002053,0.012816,-0.008506,0.089236,-0.000336
10803.928000,-0.290898,0.087738,0.366478,-1.818891,-1.975043,0.591068,-0.025255,-0.002049,0.010037,-0.007726,0.080282,-0.000348
10803.936000,-0.291109,0.087723,0.366557,-1.818510,-1.974627,0.591611,-0.025516,-0.002073,0.011889,-0.008370,0.087588,-0.000353
10803.944000,-0.291311,0.087704,0.366640,-1.818104,-1.974237,0.592218,-0.025297,-0.002051,0.010672,-0.008072,0.084275,-0.000366
10803.952000,-0.291507,0.087685,0.366765,-1.817595,-1.973743,0.592942,-0.025441,-0.002067,0.012431,-0.008564,0.089828,-0.000357
10803.960000,-0.291715,0.087684,0.366823,-1.817363,-1.973252,0.593448,-0.025708,-0.002087,0.011569,-0.008263,0.086303,-0.000353
10803.968000,-0.291920,0.087653,0.366928,-1.816905,-1.972837,0.594106,-0.025079,-0.002033,0.009640,-0.007642,0.079351,-0.000356
10803.976000,-0.292131,0.087631,0.367009,-1.816461,-1.972425,0.594693,-0.025422,-0.002060,0.010335,-0.008067,0.084140,-0.000378
10803.984000,-0.292329,0.087632,0.367092,-1.816159,-1.971946,0.595313,-0.025660,-0.002082,0.010685,-0.007933,0.082487,-0.000349
10803.992000,-0.292543,0.087604,0.367193,-1.815659,-1.971512,0.595947,-0.025619,-0.002076,0.010282,-0.007954,0.082736,-0.000366
10804.000000,-0.292755,0.087581,0.367269,-1.815296,-1.971173,0.596564,-0.025605,-0.002079,0.010856,-0.007930,0.082386,-0.000343
10804.008000,-0.292965,0.087567,0.367337,-1.814975,-1.970769,0.597046,-0.025823,-0.002096,0.010951,-0.008076,0.084015,-0.000355
10804.016000,-0.293157,0.087566,0.367450,-1.814585,-1.970208,0.597706,-0.025701,-0.002086,0.010635,-0.007791,0.080763,-0.000335
10804.024000,-0.293378,0.087527,0.367513,-1.814182,-1.969902,0.598254,-0.025444,-0.002062,0.010928,-0.008178,0.085343,-0.000372
10804.032000,-0.293573,0.087529,0.367608,-1.813813,-1.969393,0.598862,-0.025455,-0.002063,0.011004,-0.008113,0.084608,-0.000363
10804.040000,-0.293785,0.087496,0.367698,-1.813337,-1.969044,0.599500,-0.025586,-0.002075,0.011175,-0.008180,0.085281,-0.000363
10804.064000,-0.294396,0.087440,0.367959,-1.812158,-1.967674,0.601369,-0.025402,-0.002059,0.011417,-0.008309,0.086809,-0.000372
10804.072000,-0.294582,0.087456,0.368032,-1.811840,-1.967173,0.601900,-0.025114,-0.002035,0.011021,-0.008000,0.083410,-0.000354
10804.080000,-0.294795,0.087416,0.368134,-1.811434,-1.966762,0.602542,-0.024927,-0.002022,0.012712,-0.008642,0.090808,-0.000369
10804.088000,-0.294996,0.087406,0.368231,-1.811026,-1.966307,0.603146,-0.025242,-0.002045,0.011600,-0.008339,0.087240,-0.000372
10804.096000,-0.295199,0.087395,0.368305,-1.810674,-1.965875,0.603673,-0.024843,-0.002009,0.009319,-0.007552,0.078344,-0.000367
10804.104000,-0.295386,0.087371,0.368406,-1.810243,-1.965412,0.604330,-0.025329,-0.002055,0.011932,-0.008295,0.086603,-0.000355
10804.112000,-0.295597,0.087350,0.368469,-1.809906,-1.965088,0.604875,-0.025358,-0.002052,0.010354,-0.007993,0.083194,-0.000378
10804.120000,-0.295807,0.087335,0.368552,-1.809517,-1.964662,0.605425,-0.026008,-0.002108,0.011136,-0.008150,0.084691,-0.000363
10804.128000,-0.295998,0.087315,0.368663,-1.809066,-1.964169,0.606135,-0.025178,-0.002041,0.012015,-0.008422,0.088122,-0.000369
10804.136000,-0.296207,0.087312,0.368732,-1.808675,-1.963729,0.606691,-0.025694,-0.002071,0.007748,-0.007357,0.075834,-0.000398
10804.144000,-0.296415,0.087286,0.368798,-1.808319,-1.963346,0.607284,-0.025810,-0.002087,0.010051,-0.007941,0.082410,-0.000381
10804.152000,-0.296617,0.087283,0.368865,-1.807967,-1.962858,0.607822,-0.025815,-0.002083,0.009316,-0.007854,0.081493,-0.000399
10804.160000,-0.296820,0.087256,0.368962,-1.807538,-1.962435,0.608477,-0.025885,-0.002091,0.010418,-0.008178,0.085136,-0.000397
10804.168000,-0.297036,0.087231,0.369037,-1.807142,-1.962019,0.609030,-0.025844,-0.002091,0.010976,-0.008267,0.086096,-0.000387
10804.176000,-0.297224,0.087230,0.369121,-1.806781,-1.961565,0.609635,-0.025548,-0.002061,0.008536,-0.007480,0.077234,-0.000387
10804.184000,-0.297433,0.087212,0.369190,-1.806451,-1.961131,0.610223,-0.025351,-0.002047,0.010692,-0.008241,0.086074,-0.000400
10804.192000,-0.297626,0.087199,0.369282,-1.805993,-1.960722,0.610828,-0.025608,-0.002066,0.008885,-0.007622,0.078843,-0.000391
10804.200000,-0.297840,0.087173,0.369369,-1.805608,-1.960230,0.611471,-0.025670,-0.002074,0.010220,-0.008032,0.083484,-0.000391
10804.208000,-0.298040,0.087150,0.369471,-1.805115,-1.959801,0.612125,-0.025736,-0.002081,0.009343,-0.007586,0.078245,-0.000369
10804.216000,-0.298242,0.087157,0.369533,-1.804836,-1.959329,0.612599,-0.025328,-0.002041,0.009528,-0.007884,0.081981,-0.000403
10804.224000,-0.298447,0.087126,0.369590,-1.804505,-1.959012,0.613167,-0.025546,-0.002058,0.007882,-0.007367,0.075925,-0.000400
10804.232000,-0.298647,0.087109,0.369660,-1.804105,-1.958590,0.613702,-0.025483,-0.002059,0.010679,-0.008125,0.084588,-0.000388
10804.240000,-0.298845,0.087093,0.369764,-1.803663,-1.958074,0.614395,-0.025305,-0.002041,0.008652,-0.007456,0.076961,-0.000385
10804.248000,-0.299053,0.087070,0.369819,-1.803328,-1.957768,0.614910,-0.025556,-0.002060,0.010077,-0.008192,0.085385,-0.000419
10804.256000,-0.299255,0.087067,0.369896,-1.802980,-1.957237,0.615484,-0.025573,-0.002063,0.010320,-0.008090,0.084182,-0.000398
10804.264000,-0.299463,0.087041,0.369968,-1.802598,-1.956871,0.616068,-0.025605,-0.002065,0.009929,-0.008024,0.083403,-0.000405
10804.272000,-0.299667,0.087021,0.370062,-1.802167,-1.956391,0.616731,-0.025807,-0.002082,0.009509,-0.007859,0.081392,-0.000399
10804.280000,-0.299874,0.087017,0.370142,-1.801768,-1.955930,0.617277,-0.025199,-0.002028,0.008095,-0.007413,0.076551,-0.000404
10804.288000,-0.300069,0.086992,0.370219,-1.801423,-1.955511,0.617896,-0.025718,-0.002071,0.008344,-0.007526,0.077619,-0.000404
10804.296000,-0.300262,0.086978,0.370299,-1.800960,-1.955106,0.618467,-0.025609,-0.002063,0.008814,-0.007674,0.079358,-0.000406
10804.304000,-0.300481,0.086963,0.370337,-1.800685,-1.954756,0.618936,-0.025647,-0.002068,0.007985,-0.007213,0.073990,-0.000381
10804.312000,-0.300680,0.086956,0.370416,-1.800322,-1.954311,0.619462,-0.025892,-0.002086,0.007914,-0.007251,0.074362,-0.000387
10804.320000,-0.300891,0.086926,0.370436,-1.800035,-1.954074,0.619890,-0.025722,-0.002070,0.008094,-0.007486,0.077146,-0.000410
10804.328000,-0.301095,0.086914,0.370514,-1.799667,-1.953608,0.620470,-0.025526,-0.002055,0.008003,-0.007362,0.075776,-0.000401
10804.336000,-0.301303,0.086908,0.370586,-1.799303,-1.953176,0.621011,-0.025580,-0.002060,0.009428,-0.007798,0.080786,-0.000401
10804.344000,-0.301503,0.086889,0.370650,-1.798968,-1.952799,0.621580,-0.025477,-0.002050,0.009072,-0.007764,0.080457,-0.000412
10804.352000,-0.301717,0.086862,0.370719,-1.798566,-1.952343,0.622160,-0.025260,-0.002030,0.008958,-0.007891,0.082005,-0.000433
10804.360000,-0.301921,0.086839,0.370782,-1.798187,-1.951989,0.622736,-0.025297,-0.002037,0.009125,-0.007739,0.080161,-0.000408
10804.368000,-0.302123,0.086813,0.370872,-1.797735,-1.951549,0.623369,-0.025084,-0.002016,0.008718,-0.007821,0.081226,-0.000436
10804.376000,-0.302328,0.086817,0.370945,-1.797356,-1.951030,0.623916,-0.025290,-0.002030,0.009560,-0.008185,0.085395,-0.000448
10804.384000,-0.302533,0.086795,0.371020,-1.796980,-1.950600,0.624543,-0.024853,-0.001999,0.009546,-0.007907,0.082273,-0.000418
10804.392000,-0.302737,0.086782,0.371085,-1.796608,-1.950208,0.625070,-0.025098,-0.002012,0.007112,-0.007331,0.075644,-0.000437
10804.400000,-0.302939,0.086760,0.371134,-1.796226,-1.949842,0.625588,-0.025076,-0.002013,0.008834,-0.007867,0.081771,-0.000439
10804.408000,-0.303139,0.086749,0.371197,-1.795885,-1.949451,0.626128,-0.024689,-0.001981,0.008573,-0.007738,0.080445,-0.000437
10804.416000,-0.303335,0.086741,0.371281,-1.795538,-1.948938,0.626730,-0.025139,-0.002018,0.008088,-0.007509,0.077626,-0.000424
10804.424000,-0.303547,0.086709,0.371334,-1.795150,-1.948652,0.627236,-0.024891,-0.001998,0.009613,-0.008146,0.085033,-0.000447
10804.432000,-0.303733,0.086711,0.371417,-1.794790,-1.948109,0.627808,-0.025392,-0.002037,0.007634,-0.007452,0.076889,-0.000433
10804.440000,-0.303944,0.086677,0.371458,-1.794421,-1.947812,0.628356,-0.024835,-0.001992,0.008454,-0.007730,0.080258,-0.000441
10804.448000,-0.304163,0.086662,0.371501,-1.794079,-1.947412,0.628849,-0.025539,-0.002052,0.008306,-0.007608,0.078536,-0.000426
10804.456000,-0.304360,0.086652,0.371592,-1.793691,-1.946891,0.629512,-0.025477,-0.002042,0.007665,-0.007556,0.078045,-0.000445
10804.464000,-0.304579,0.086626,0.371656,-1.793268,-1.946543,0.630068,-0.025552,-0.002048,0.008323,-0.007868,0.081593,-0.000458
10804.472000,-0.304772,0.086615,0.371713,-1.792908,-1.946116,0.630620,-0.025443,-0.002040,0.008369,-0.007779,0.080590,-0.000447
10804.480000,-0.304982,0.086599,0.371770,-1.792631,-1.945702,0.631119,-0.025080,-0.002005,0.005663,-0.007046,0.072378,-0.000461
10804.488000,-0.305169,0.086593,0.371841,-1.792212,-1.945243,0.631673,-0.025090,-0.002007,0.007025,-0.007403,0.076456,-0.000455
10804.496000,-0.305371,0.086564,0.371889,-1.791860,-1.944934,0.632193,-0.025241,-0.002026,0.007948,-0.007466,0.076989,-0.000427
10804.504000,-0.305572,0.086554,0.371955,-1.791496,-1.944486,0.632774,-0.025177,-0.002021,0.008171,-0.007487,0.077252,-0.000422
10804.512000,-0.305769,0.086544,0.372025,-1.791184,-1.944025,0.633347,-0.025074,-0.002010,0.008585,-0.007693,0.079707,-0.000434
10804.520000,-0.305967,0.086529,0.372101,-1.790741,-1.943640,0.633882,-0.025330,-0.002029,0.008413,-0.007797,0.080848,-0.000452
10804.528000,-0.306167,0.086507,0.372180,-1.790364,-1.943165,0.634501,-0.024995,-0.002002,0.008243,-0.007669,0.079454,-0.000445
10804.536000,-0.306373,0.086484,0.372240,-1.789970,-1.942793,0.635093,-0.025174,-0.002016,0.007165,-0.007323,0.075404,-0.000441
10804.544000,-0.306569,0.086474,0.372304,-1.789583,-1.942367,0.635613,-0.025047,-0.002003,0.006509,-0.007215,0.074259,-0.000454
10804.552000,-0.306760,0.086454,0.372366,-1.789203,-1.941996,0.636159,-0.025098,-0.002009,0.006721,-0.007211,0.074144,-0.000446
10804.560000,-0.306969,0.086438,0.372428,-1.788823,-1.941546,0.636750,-0.025183,-0.002014,0.007775,-0.007726,0.080075,-0.000470
10804.568000,-0.307183,0.086419,0.372482,-1.788462,-1.941150,0.637254,-0.024727,-0.001974,0.007356,-0.007675,0.079694,-0.000483
10804.576000,-0.307380,0.086411,0.372525,-1.788202,-1.940660,0.637792,-0.025505,-0.002038,0.006019,-0.007173,0.073598,-0.000465
10804.584000,-0.307575,0.086389,0.372593,-1.787769,-1.940316,0.638371,-0.025715,-0.002058,0.006551,-0.007232,0.074132,-0.000451
10804.592000,-0.307770,0.086380,0.372639,-1.787415,-1.939896,0.638850,-0.025192,-0.002012,0.005486,-0.006929,0.070896,-0.000458
10804.600000,-0.307976,0.086360,0.372703,-1.787046,-1.939482,0.639413,-0.025526,-0.002039,0.006216,-0.007263,0.074615,-0.000470
10804.608000,-0.308169,0.086338,0.372790,-1.786614,-1.939046,0.640079,-0.025680,-0.002056,0.007611,-0.007520,0.077403,-0.000449
10804.616000,-0.308382,0.086329,0.372828,-1.786324,-1.938617,0.640570,-0.025507,-0.002035,0.004773,-0.006794,0.069243,-0.000467
10804.624000,-0.308565,0.086324,0.372894,-1.785974,-1.938210,0.641042,-0.025810,-0.002064,0.006464,-0.007164,0.073306,-0.000448
10804.632000,-0.308783,0.086299,0.372930,-1.785637,-1.937909,0.641562,-0.025340,-0.002024,0.006216,-0.007142,0.073259,-0.000458
10804.640000,-0.308982,0.086274,0.373006,-1.785212,-1.937435,0.642119,-0.025580,-0.002045,0.005896,-0.007018,0.071678,-0.000453
10804.648000,-0.309179,0.086265,0.373045,-1.784942,-1.937066,0.642629,-0.025390,-0.002028,0.006407,-0.007258,0.074563,-0.000466
10804.656000,-0.309380,0.086255,0.373097,-1.784568,-1.936655,0.643126,-0.025548,-0.002040,0.005579,-0.006984,0.071353,-0.000462
10804.664000,-0.309583,0.086234,0.373154,-1.784173,-1.936266,0.643691,-0.024957,-0.001986,0.004820,-0.006996,0.071814,-0.000497
10804.672000,-0.309786,0.086222,0.373196,-1.783800,-1.935870,0.644211,-0.025290,-0.002018,0.006542,-0.007316,0.075270,-0.000470
10804.680000,-0.310001,0.086196,0.373219,-1.783511,-1.935552,0.644679,-0.024992,-0.001991,0.005432,-0.007053,0.072382,-0.000482
10804.688000,-0.310191,0.086199,0.373288,-1.783138,-1.935040,0.645216,-0.025214,-0.002010,0.006070,-0.007171,0.073656,-0.000472
10804.696000,-0.310382,0.086181,0.373354,-1.782803,-1.934585,0.645828,-0.024898,-0.001986,0.007834,-0.007709,0.079942,-0.000476
10804.704000,-0.310583,0.086165,0.373405,-1.782420,-1.934226,0.646328,-0.025072,-0.002000,0.006119,-0.007076,0.072572,-0.000460
10804.712000,-0.310793,0.086124,0.373453,-1.782020,-1.933919,0.646913,-0.025147,-0.002005,0.005857,-0.007175,0.073675,-0.000481
10804.720000,-0.310988,0.086120,0.373487,-1.781752,-1.933514,0.647310,-0.024686,-0.001971,0.006120,-0.006986,0.071618,-0.000452
10804.728000,-0.311184,0.086101,0.373549,-1.781399,-1.933118,0.647891,-0.025143,-0.002002,0.004859,-0.006912,0.070686,-0.000486
10804.736000,-0.311388,0.086086,0.373579,-1.781093,-1.932812,0.648290,-0.025382,-0.002027,0.006120,-0.007050,0.072074,-0.000455
10804.744000,-0.311589,0.086076,0.373624,-1.780686,-1.932402,0.648774,-0.025304,-0.002017,0.006449,-0.007373,0.075886,-0.000485
10804.752000,-0.311789,0.086062,0.373684,-1.780400,-1.931933,0.649370,-0.025306,-0.002013,0.004136,-0.006729,0.068546,-0.000490
10804.760000,-0.311994,0.086037,0.373707,-1.780032,-1.931626,0.649873,-0.025288,-0.002011,0.004032,-0.006752,0.068818,-0.000498
10804.768000,-0.312207,0.086022,0.373721,-1.779725,-1.931280,0.650271,-0.025366,-0.002021,0.005840,-0.007211,0.073994,-0.000488
10804.776000,-0.312409,0.086011,0.373768,-1.779401,-1.930892,0.650808,-0.025468,-0.002024,0.004167,-0.006859,0.069998,-0.000506
10804.784000,-0.312617,0.085986,0.373815,-1.779075,-1.930509,0.651350,-0.025521,-0.002033,0.006555,-0.007508,0.077351,-0.000498
10804.792000,-0.312823,0.085975,0.373845,-1.778740,-1.930132,0.651728,-0.025249,-0.002011,0.007555,-0.007817,0.080991,-0.000503
10804.800000,-0.313026,0.085960,0.373907,-1.778384,-1.929732,0.652301,-0.025027,-0.001989,0.005080,-0.007064,0.072482,-0.000502
10804.808000,-0.313226,0.085932,0.373943,-1.778008,-1.929389,0.652834,-0.025076,-0.001998,0.007217,-0.007631,0.078871,-0.000494
10804.816000,-0.313422,0.085925,0.374002,-1.777668,-1.928928,0.653368,-0.025112,-0.001996,0.005555,-0.007229,0.074310,-0.000505
10804.824000,-0.313620,0.085908,0.374044,-1.777331,-1.928556,0.653878,-0.024724,-0.001965,0.006151,-0.007364,0.076002,-0.000504
10804.832000,-0.313816,0.085895,0.374106,-1.776929,-1.928082,0.654432,-0.025060,-0.001995,0.006175,-0.007274,0.074788,-0.000489
10804.840000,-0.314012,0.085875,0.374169,-1.776533,-1.927717,0.654969,-0.024994,-0.001991,0.006929,-0.007459,0.076898,-0.000485
10804.848000,-0.314203,0.085862,0.374214,-1.776198,-1.927333,0.655497,-0.024825,-0.001969,0.004342,-0.006948,0.071236,-0.000519
10804.856000,-0.314411,0.085857,0.374237,-1.775873,-1.926934,0.655952,-0.025040,-0.001987,0.004887,-0.007060,0.072434,-0.000512
10804.864000,-0.314619,0.085830,0.374265,-1.775552,-1.926595,0.656440,-0.024736,-0.001965,0.005151,-0.007058,0.072473,-0.000504
10804.872000,-0.314812,0.085808,0.374301,-1.775239,-1.926212,0.656936,-0.025100,-0.001996,0.006254,-0.007409,0.076311,-0.000505
10804.880000,-0.315028,0.085794,0.374350,-1.774829,-1.925852,0.657494,-0.025444,-0.002023,0.006696,-0.007643,0.078898,-0.000516
10804.888000,-0.315226,0.085776,0.374382,-1.774559,-1.925446,0.657983,-0.025306,-0.002012,0.005755,-0.007275,0.074701,-0.000506
10804.896000,-0.315426,0.085768,0.374419,-1.774210,-1.925069,0.658437,-0.025216,-0.001999,0.003459,-0.006683,0.068021,-0.000517
10804.904000,-0.315619,0.085753,0.374476,-1.773827,-1.924615,0.659020,-0.024983,-0.001988,0.005253,-0.006837,0.069735,-0.000472
10804.912000,-0.315815,0.085737,0.374508,-1.773503,-1.924251,0.659496,-0.025153,-0.001997,0.005092,-0.007100,0.072782,-0.000511
10804.920000,-0.316024,0.085714,0.374566,-1.773122,-1.923838,0.660045,-0.025291,-0.002011,0.005901,-0.007235,0.074199,-0.000497
10804.928000,-0.316226,0.085707,0.374588,-1.772861,-1.923488,0.660440,-0.025370,-0.002019,0.004130,-0.006484,0.065517,-0.000467
10804.936000,-0.316438,0.085691,0.374591,-1.772551,-1.923222,0.660796,-0.025377,-0.002015,0.003915,-0.006659,0.067595,-0.000498
10804.944000,-0.316627,0.085681,0.374635,-1.772297,-1.922788,0.661327,-0.024941,-0.001976,0.003198,-0.006532,0.066374,-0.000513
10804.952000,-0.316837,0.085650,0.374654,-1.771958,-1.922523,0.661807,-0.025088,-0.001993,0.004618,-0.006777,0.069009,-0.000490
10804.960000,-0.317042,0.085639,0.374677,-1.771669,-1.922132,0.662197,-0.025026,-0.001984,0.003401,-0.006597,0.067051,-0.000513
10804.968000,-0.317228,0.085637,0.374712,-1.771352,-1.921745,0.662682,-0.024992,-0.001979,0.004062,-0.006862,0.070146,-0.000523
10804.976000,-0.317442,0.085611,0.374745,-1.770982,-1.921359,0.663190,-0.024614,-0.001950,0.005366,-0.007254,0.074760,-0.000528
10804.984000,-0.317632,0.085592,0.374798,-1.770568,-1.921011,0.663693,-0.025027,-0.001984,0.005105,-0.007176,0.073680,-0.000525
10804.992000,-0.317833,0.085574,0.374856,-1.770210,-1.920563,0.664318,-0.024635,-0.001950,0.005018,-0.007203,0.074163,-0.000535
10805.000000,-0.318029,0.085565,0.374875,-1.769914,-1.920205,0.664750,-0.024691,-0.001957,0.005918,-0.007355,0.075849,-0.000521
10805.008000,-0.318228,0.085542,0.374914,-1.769553,-1.919822,0.665279,-0.024344,-0.001925,0.005121,-0.007298,0.075387,-0.000547
10805.016000,-0.318419,0.085528,0.374973,-1.769166,-1.919389,0.665887,-0.024547,-0.001945,0.005718,-0.007266,0.074865,-0.000519
10805.024000,-0.318619,0.085511,0.375004,-1.768807,-1.919029,0.666322,-0.024544,-0.001942,0.004421,-0.006978,0.071599,-0.000531
10805.032000,-0.318813,0.085501,0.375024,-1.768555,-1.918690,0.666713,-0.024514,-0.001942,0.004431,-0.006818,0.069722,-0.000511
10805.040000,-0.319012,0.085481,0.375044,-1.768242,-1.918360,0.667160,-0.025126,-0.001986,0.002059,-0.006403,0.064826,-0.000541
10805.048000,-0.319220,0.085456,0.375080,-1.767887,-1.918007,0.667611,-0.025070,-0.001988,0.003212,-0.006483,0.065627,-0.000509
10805.056000,-0.319415,0.085448,0.375091,-1.767647,-1.917649,0.668088,-0.024937,-0.001973,0.003973,-0.006908,0.070633,-0.000537
10805.064000,-0.319608,0.085422,0.375161,-1.767198,-1.917217,0.668706,-0.025272,-0.002002,0.003302,-0.006632,0.067284,-0.000524
10805.072000,-0.319813,0.085435,0.375156,-1.766960,-1.916828,0.669073,-0.025229,-0.001993,0.003163,-0.006727,0.068508,-0.000543
10805.080000,-0.320024,0.085406,0.375167,-1.766690,-1.916505,0.669495,-0.025156,-0.001992,0.004115,-0.006836,0.069677,-0.000522
10805.088000,-0.320225,0.085391,0.375189,-1.766352,-1.916140,0.669952,-0.025339,-0.002002,0.003464,-0.006899,0.070417,-0.000553
10805.096000,-0.320423,0.085375,0.375252,-1.765942,-1.915703,0.670523,-0.025048,-0.001984,0.003976,-0.006749,0.068703,-0.000518
10805.104000,-0.320634,0.085360,0.375251,-1.765697,-1.915408,0.670861,-0.024814,-0.001960,0.002695,-0.006565,0.066765,-0.000544
10805.112000,-0.320820,0.085339,0.375298,-1.765328,-1.915088,0.671376,-0.024603,-0.001946,0.002780,-0.006390,0.064769,-0.000520
10805.120000,-0.321028,0.085329,0.375299,-1.765082,-1.914689,0.671780,-0.024494,-0.001935,0.002981,-0.006547,0.066647,-0.000534
10805.128000,-0.321206,0.085315,0.375360,-1.764669,-1.914306,0.672366,-0.024773,-0.001961,0.003821,-0.006614,0.067233,-0.000510
10805.136000,-0.321407,0.085288,0.375385,-1.764368,-1.913990,0.672818,-0.024620,-0.001949,0.002240,-0.006052,0.060810,-0.000497
10805.144000,-0.321597,0.085271,0.375417,-1.763997,-1.913657,0.673312,-0.024689,-0.001950,0.002465,-0.006430,0.065218,-0.000538
10805.152000,-0.321783,0.085268,0.375452,-1.763743,-1.913175,0.673768,-0.024602,-0.001947,0.003011,-0.006304,0.063709,-0.000502
10805.160000,-0.321979,0.085247,0.375476,-1.763383,-1.912870,0.674224,-0.024408,-0.001926,0.002826,-0.006544,0.066632,-0.000542
10805.168000,-0.322183,0.085236,0.375497,-1.763079,-1.912527,0.674700,-0.025026,-0.001979,0.002711,-0.006366,0.064305,-0.000519
10805.176000,-0.322394,0.085222,0.375490,-1.762858,-1.912181,0.675057,-0.024766,-0.001956,0.003377,-0.006681,0.068050,-0.000537
10805.184000,-0.322580,0.085212,0.375521,-1.762492,-1.911830,0.675495,-0.024587,-0.001940,0.002218,-0.006292,0.063671,-0.000532
10805.192000,-0.322787,0.085186,0.375547,-1.762187,-1.911454,0.675985,-0.024875,-0.001962,0.002400,-0.006549,0.066526,-0.000556
10805.200000,-0.322978,0.085159,0.375580,-1.761767,-1.911155,0.676527,-0.025007,-0.001977,0.003147,-0.006600,0.066964,-0.000534
10805.208000,-0.323178,0.085155,0.375616,-1.761495,-1.910698,0.676964,-0.024577,-0.001939,0.001730,-0.006196,0.062554,-0.000538
10805.216000,-0.323371,0.085144,0.375643,-1.761173,-1.910313,0.677484,-0.024902,-0.001966,0.002379,-0.006367,0.064382,-0.000534
10805.224000,-0.323563,0.085126,0.375661,-1.760854,-1.909991,0.677902,-0.024925,-0.001968,0.001996,-0.006226,0.062739,-0.000530
10805.232000,-0.323759,0.085104,0.375712,-1.760445,-1.909593,0.678436,-0.025044,-0.001978,0.001723,-0.006159,0.061902,-0.000531
10805.240000,-0.323966,0.085077,0.375708,-1.760202,-1.909317,0.678874,-0.025208,-0.001990,-0.000285,-0.005614,0.055608,-0.000533
10805.248000,-0.324164,0.085078,0.375704,-1.759982,-1.908965,0.679224,-0.024963,-0.001971,0.000719,-0.005791,0.057714,-0.000522
10805.256000,-0.324363,0.085070,0.375699,-1.759711,-1.908679,0.679572,-0.025048,-0.001977,0.000031,-0.005579,0.055269,-0.000519
10805.264000,-0.324567,0.085060,0.375701,-1.759480,-1.908346,0.679907,-0.025045,-0.001973,0.001558,-0.006300,0.063613,-0.000557
10805.272000,-0.324771,0.085019,0.375728,-1.759126,-1.908057,0.680425,-0.024951,-0.001973,0.000646,-0.005621,0.055694,-0.000503
10805.280000,-0.324968,0.085021,0.375716,-1.758917,-1.907754,0.680704,-0.024833,-0.001961,0.001639,-0.006015,0.060308,-0.000519
10805.288000,-0.325160,0.085005,0.375743,-1.758629,-1.907367,0.681199,-0.024513,-0.001930,0.001411,-0.006189,0.062516,-0.000553
10805.296000,-0.325363,0.084976,0.375761,-1.758249,-1.907086,0.681661,-0.024838,-0.001957,0.001764,-0.006346,0.064167,-0.000558
10805.304000,-0.325548,0.084978,0.375782,-1.758016,-1.906651,0.682094,-0.024607,-0.001941,0.001943,-0.006162,0.062095,-0.000530
10805.312000,-0.325745,0.084950,0.375801,-1.757689,-1.906359,0.682548,-0.024353,-0.001919,0.002081,-0.006314,0.063948,-0.000547
10805.320000,-0.325943,0.084942,0.375820,-1.757428,-1.905947,0.683012,-0.024494,-0.001933,0.002548,-0.006276,0.063408,-0.000524
10805.328000,-0.326140,0.084925,0.375829,-1.757075,-1.905704,0.683410,-0.024584,-0.001937,0.002476,-0.006446,0.065385,-0.000549
10805.336000,-0.326327,0.084913,0.375849,-1.756806,-1.905338,0.683864,-0.024437,-0.001923,0.001858,-0.006286,0.063628,-0.000552
10805.344000,-0.326529,0.084886,0.375846,-1.756513,-1.905052,0.684281,-0.024531,-0.001930,-0.000740,-0.005496,0.054531,-0.000544
10805.352000,-0.326723,0.084880,0.375851,-1.756253,-1.904717,0.684632,-0.024447,-0.001929,0.000444,-0.005544,0.055008,-0.000508
10805.360000,-0.326931,0.084857,0.375823,-1.756019,-1.904534,0.684898,-0.024911,-0.001964,0.000421,-0.005751,0.057246,-0.000532
10805.368000,-0.327133,0.084839,0.375841,-1.755708,-1.904222,0.685346,-0.024687,-0.001947,0.001278,-0.005931,0.059357,-0.000526
10805.376000,-0.327336,0.084820,0.375839,-1.755443,-1.903912,0.685732,-0.024926,-0.001965,0.001373,-0.006081,0.061004,-0.000541
10805.384000,-0.327540,0.084800,0.375833,-1.755227,-1.903652,0.686137,-0.024904,-0.001962,0.001404,-0.006166,0.062008,-0.000551
10805.392000,-0.327729,0.084800,0.375848,-1.754885,-1.903230,0.686500,-0.024848,-0.001955,0.000744,-0.006003,0.060203,-0.000555
10805.400000,-0.327939,0.084785,0.375856,-1.754636,-1.902871,0.686961,-0.024891,-0.001959,0.000909,-0.006034,0.060527,-0.000553
10805.408000,-0.328141,0.084766,0.375849,-1.754363,-1.902552,0.687355,-0.024525,-0.001929,0.000694,-0.005928,0.059454,-0.000551
10805.416000,-0.328333,0.084754,0.375855,-1.754053,-1.902279,0.687734,-0.024318,-0.001908,0.000863,-0.006237,0.063166,-0.000587
10805.424000,-0.328533,0.084732,0.375866,-1.753790,-1.901950,0.688193,-0.024428,-0.001921,0.001258,-0.006133,0.061832,-0.000558
10805.432000,-0.328723,0.084715,0.375871,-1.753463,-1.901689,0.688597,-0.024539,-0.001930,0.000875,-0.005985,0.060089,-0.000552
10805.440000,-0.328922,0.084708,0.375881,-1.753249,-1.901297,0.688960,-0.024384,-0.001916,0.001404,-0.006221,0.062883,-0.000566
10805.448000,-0.329112,0.084693,0.375898,-1.752924,-1.900953,0.689403,-0.024272,-0.001905,0.000327,-0.005979,0.060186,-0.000575
10805.456000,-0.329305,0.084677,0.375894,-1.752673,-1.900630,0.689821,-0.024476,-0.001925,0.000797,-0.005922,0.059373,-0.000548
10805.464000,-0.329518,0.084660,0.375881,-1.752407,-1.900362,0.690106,-0.024190,-0.001905,0.001195,-0.005846,0.058537,-0.000526
10805.472000,-0.329718,0.084645,0.375876,-1.752160,-1.900059,0.690529,-0.024679,-0.001940,0.000932,-0.006046,0.060724,-0.000559
10805.480000,-0.329896,0.084638,0.375907,-1.751880,-1.899682,0.690984,-0.024352,-0.001916,0.000672,-0.005727,0.057143,-0.000529
10805.488000,-0.330098,0.084605,0.375899,-1.751557,-1.899448,0.691408,-0.024071,-0.001891,0.002066,-0.006361,0.064550,-0.000564
10805.496000,-0.330291,0.084589,0.375911,-1.751228,-1.899145,0.691812,-0.024321,-0.001911,0.000186,-0.005809,0.058146,-0.000559
10805.504000,-0.330488,0.084584,0.375926,-1.750968,-1.898717,0.692249,-0.024134,-0.001894,0.000441,-0.005898,0.059254,-0.000563
10805.512000,-0.330695,0.084553,0.375904,-1.750690,-1.898508,0.692578,-0.024846,-0.001955,-0.000283,-0.005599,0.055474,-0.000544
10805.520000,-0.330885,0.084543,0.375926,-1.750380,-1.898127,0.693018,-0.024373,-0.001913,0.000200,-0.005897,0.059139,-0.000570
10805.528000,-0.331062,0.084545,0.375946,-1.750116,-1.897737,0.693478,-0.024705,-0.001939,0.000679,-0.006061,0.060910,-0.000572
10805.536000,-0.331277,0.084515,0.375924,-1.749800,-1.897522,0.693805,-0.024773,-0.001947,-0.000263,-0.005672,0.056363,-0.000555
10805.544000,-0.331462,0.084500,0.375943,-1.749557,-1.897131,0.694263,-0.024736,-0.001946,-0.000559,-0.005454,0.053841,-0.000537
10805.552000,-0.331664,0.084482,0.375923,-1.749344,-1.896880,0.694618,-0.024937,-0.001960,-0.002912,-0.004850,0.046888,-0.000543
10805.560000,-0.331866,0.084470,0.375905,-1.749056,-1.896622,0.694951,-0.024601,-0.001931,-0.001193,-0.005441,0.053818,-0.000561
10805.568000,-0.332065,0.084463,0.375896,-1.748809,-1.896316,0.695305,-0.024617,-0.001937,-0.002109,-0.004830,0.046712,-0.000514
10805.576000,-0.332256,0.084444,0.375888,-1.748602,-1.896024,0.695605,-0.024552,-0.001931,-0.002378,-0.004798,0.046378,-0.000520
10805.584000,-0.332449,0.084412,0.375883,-1.748254,-1.895800,0.696007,-0.024402,-0.001919,-0.000881,-0.005354,0.052796,-0.000540
10805.592000,-0.332658,0.084405,0.375839,-1.748168,-1.895550,0.696281,-0.024225,-0.001906,-0.000275,-0.005392,0.053274,-0.000525
10805.600000,-0.332847,0.084397,0.375860,-1.747823,-1.895216,0.696712,-0.024204,-0.001898,0.000082,-0.005829,0.058413,-0.000571
10805.608000,-0.333050,0.084383,0.375849,-1.747589,-1.894909,0.697049,-0.024113,-0.001892,-0.000117,-0.005662,0.056498,-0.000557
10805.616000,-0.333232,0.084373,0.375842,-1.747351,-1.894614,0.697400,-0.024322,-0.001911,0.000097,-0.005620,0.055891,-0.000542
10805.624000,-0.333429,0.084345,0.375828,-1.747105,-1.894341,0.697803,-0.024042,-0.001884,-0.000194,-0.005799,0.058132,-0.000579
10805.632000,-0.333620,0.084335,0.375830,-1.746825,-1.894016,0.698178,-0.024125,-0.001891,0.000017,-0.005802,0.058113,-0.000571
10805.640000,-0.333820,0.084323,0.375836,-1.746494,-1.893710,0.698571,-0.024018,-0.001883,0.000152,-0.005798,0.058094,-0.000567
10805.648000,-0.333998,0.084302,0.375849,-1.746206,-1.893352,0.699015,-0.024038,-0.001886,-0.000058,-0.005676,0.056651,-0.000558
10805.656000,-0.334205,0.084276,0.375834,-1.746003,-1.893090,0.699402,-0.024310,-0.001907,-0.002145,-0.005115,0.050137,-0.000558
10805.664000,-0.334386,0.084282,0.375827,-1.745698,-1.892743,0.699772,-0.024624,-0.001928,-0.003131,-0.005011,0.048924,-0.000579
10805.672000,-0.334590,0.084256,0.375783,-1.745494,-1.892560,0.700017,-0.024416,-0.001916,-0.001579,-0.005254,0.051674,-0.000556
10805.680000,-0.334800,0.084241,0.375759,-1.745271,-1.892298,0.700371,-0.024743,-0.001941,-0.002268,-0.005090,0.049691,-0.000557
10805.688000,-0.334991,0.084214,0.375748,-1.745020,-1.892059,0.700723,-0.024567,-0.001930,-0.001971,-0.005048,0.049209,-0.000542
10805.696000,-0.335195,0.084203,0.375736,-1.744815,-1.891746,0.701061,-0.024590,-0.001929,-0.001909,-0.005217,0.051191,-0.000562
10805.704000,-0.335386,0.084193,0.375703,-1.744632,-1.891536,0.701357,-0.024907,-0.001957,-0.001855,-0.005086,0.049509,-0.000540
10805.712000,-0.335593,0.084170,0.375683,-1.744384,-1.891268,0.701704,-0.024442,-0.001918,-0.000395,-0.005618,0.055800,-0.000562
10805.720000,-0.335796,0.084159,0.375687,-1.744072,-1.890952,0.702080,-0.024567,-0.001926,-0.000805,-0.005554,0.055050,-0.000568
10805.728000,-0.335980,0.084150,0.375684,-1.743777,-1.890585,0.702497,-0.024055,-0.001885,-0.001676,-0.005188,0.051050,-0.000555
10805.736000,-0.336181,0.084137,0.375651,-1.743609,-1.890353,0.702784,-0.023839,-0.001865,-0.002110,-0.005147,0.050716,-0.000568
10805.744000,-0.336367,0.084122,0.375655,-1.743292,-1.890040,0.703189,-0.023963,-0.001877,0.000171,-0.005792,0.058012,-0.000570
10805.752000,-0.336551,0.084103,0.375668,-1.743048,-1.889702,0.703626,-0.024128,-0.001888,-0.000022,-0.005894,0.059154,-0.000590
10805.760000,-0.336744,0.084092,0.375657,-1.742790,-1.889408,0.703981,-0.024089,-0.001887,-0.000093,-0.005693,0.056804,-0.000566
10805.768000,-0.336932,0.084072,0.375659,-1.742463,-1.889127,0.704325,-0.024253,-0.001900,-0.002493,-0.004998,0.048790,-0.000559
10805.776000,-0.337132,0.084058,0.375620,-1.742333,-1.888877,0.704637,-0.024011,-0.001877,-0.003264,-0.004910,0.047951,-0.000579
10805.784000,-0.337321,0.084047,0.375594,-1.742086,-1.888648,0.704944,-0.024533,-0.001921,-0.001799,-0.005304,0.052218,-0.000574
10805.792000,-0.337521,0.084023,0.375569,-1.741839,-1.888412,0.705277,-0.023896,-0.001874,-0.001175,-0.005220,0.051408,-0.000545
10805.800000,-0.337721,0.084010,0.375555,-1.741626,-1.888096,0.705594,-0.024229,-0.001903,-0.001036,-0.005153,0.050451,-0.000528
10805.808000,-0.337924,0.083988,0.375543,-1.741363,-1.887883,0.705938,-0.024223,-0.001899,-0.000878,-0.005407,0.053427,-0.000557
10805.816000,-0.338113,0.083978,0.375513,-1.741172,-1.887593,0.706266,-0.024433,-0.001918,-0.002018,-0.004920,0.047719,-0.000531
10805.824000,-0.338304,0.083965,0.375488,-1.740976,-1.887362,0.706579,-0.024324,-0.001904,-0.002979,-0.004919,0.047868,-0.000568
10805.832000,-0.338491,0.083967,0.375478,-1.740761,-1.887016,0.706912,-0.024330,-0.001904,-0.003306,-0.004744,0.045867,-0.000557
10805.840000,-0.338690,0.083937,0.375434,-1.740554,-1.886852,0.707150,-0.024172,-0.001894,-0.002263,-0.005001,0.048819,-0.000554
10805.848000,-0.338878,0.083923,0.375428,-1.740344,-1.886543,0.707516,-0.024330,-0.001904,-0.002319,-0.005114,0.050089,-0.000571
10805.856000,-0.339076,0.083898,0.375422,-1.739930,-1.886313,0.707916,-0.024671,-0.001933,-0.001461,-0.005393,0.053110,-0.000574
10805.864000,-0.339272,0.083886,0.375413,-1.739742,-1.885990,0.708294,-0.024485,-0.001915,-0.002839,-0.005048,0.049286,-0.000580
10805.872000,-0.339466,0.083877,0.375375,-1.739562,-1.885743,0.708539,-0.024437,-0.001909,-0.002218,-0.005347,0.052763,-0.000599
10805.880000,-0.339669,0.083859,0.375342,-1.739318,-1.885525,0.708867,-0.024131,-0.001885,-0.003861,-0.004770,0.046274,-0.000584
10805.888000,-0.339862,0.083841,0.375312,-1.739100,-1.885243,0.709201,-0.024170,-0.001889,-0.004158,-0.004631,0.044641,-0.000576
10805.896000,-0.340064,0.083831,0.375259,-1.738949,-1.885003,0.709431,-0.024133,-0.001887,-0.002895,-0.004941,0.048179,-0.000572
10805.904000,-0.340250,0.083810,0.375259,-1.738654,-1.884732,0.709837,-0.023945,-0.001874,-0.002440,-0.004990,0.048771,-0.000563
10805.912000,-0.340445,0.083799,0.375237,-1.738450,-1.884452,0.710160,-0.023995,-0.001873,-0.002450,-0.005207,0.051317,-0.000593
10805.920000,-0.340637,0.083793,0.375199,-1.738221,-1.884202,0.710429,-0.024081,-0.001882,-0.003728,-0.004697,0.045419,-0.000571
10805.928000,-0.340827,0.083781,0.375192,-1.738018,-1.883863,0.710826,-0.023693,-0.001852,-0.002372,-0.004954,0.048471,-0.000559
10805.936000,-0.341034,0.083745,0.375139,-1.737769,-1.883762,0.711069,-0.023701,-0.001854,-0.003564,-0.004589,0.044259,-0.000553
10805.944000,-0.341216,0.083738,0.375132,-1.737520,-1.883463,0.711429,-0.023741,-0.001853,-0.002722,-0.005065,0.049775,-0.000587
10805.952000,-0.341416,0.083714,0.375094,-1.737328,-1.883242,0.711730,-0.023641,-0.001848,-0.002025,-0.005108,0.050224,-0.000568
10805.960000,-0.341597,0.083707,0.375092,-1.737056,-1.882907,0.712067,-0.023600,-0.001845,-0.003444,-0.004621,0.044661,-0.000555
10805.968000,-0.341789,0.083681,0.375074,-1.736848,-1.882694,0.712423,-0.023740,-0.001856,-0.002273,-0.005058,0.049608,-0.000570
10805.976000,-0.341977,0.083680,0.375034,-1.736674,-1.882406,0.712679,-0.024325,-0.001899,-0.003487,-0.004944,0.048169,-0.000595
10805.984000,-0.342173,0.083659,0.375019,-1.736419,-1.882132,0.713074,-0.023999,-0.001877,-0.003633,-0.004649,0.044831,-0.000563
10805.992000,-0.342385,0.083644,0.374968,-1.736175,-1.881949,0.713291,-0.024192,-0.001890,-0.004928,-0.004378,0.041703,-0.000572
10806.000000,-0.342566,0.083638,0.374948,-1.735966,-1.881640,0.713628,-0.024138,-0.001885,-0.006058,-0.004043,0.037902,-0.000568
10806.008000,-0.342769,0.083618,0.374887,-1.735866,-1.881428,0.713878,-0.023980,-0.001873,-0.005397,-0.004177,0.039469,-0.000564
10806.016000,-0.342965,0.083610,0.374830,-1.735757,-1.881214,0.714112,-0.024386,-0.001905,-0.003932,-0.004668,0.044931,-0.000574
10806.024000,-0.343168,0.083574,0.374799,-1.735417,-1.881058,0.714435,-0.023878,-0.001862,-0.003667,-0.004910,0.047941,-0.000602
10806.032000,-0.343351,0.083576,0.374786,-1.735195,-1.880735,0.714764,-0.024131,-0.001886,-0.005476,-0.004082,0.038298,-0.000553
10806.040000,-0.343542,0.083558,0.374738,-1.735083,-1.880524,0.714997,-0.023859,-0.001866,-0.002907,-0.004775,0.046288,-0.000556
10806.048000,-0.343744,0.083531,0.374694,-1.734882,-1.880410,0.715256,-0.024069,-0.001882,-0.003262,-0.004745,0.045862,-0.000563
10806.080000,-0.344489,0.083471,0.374592,-1.733927,-1.879391,0.716510,-0.023722,-0.001851,-0.004902,-0.004382,0.041910,-0.000578
10806.088000,-0.344685,0.083460,0.374559,-1.733685,-1.879136,0.716817,-0.023509,-0.001833,-0.003427,-0.004849,0.047335,-0.000590
10806.096000,-0.344873,0.083436,0.374543,-1.733489,-1.878806,0.717241,-0.023810,-0.001857,-0.005316,-0.004359,0.041633,-0.000589
10806.104000,-0.345071,0.083431,0.374498,-1.733239,-1.878607,0.717427,-0.023920,-0.001867,-0.004564,-0.004454,0.042625,-0.000574
10806.112000,-0.345250,0.083429,0.374460,-1.733078,-1.878360,0.717696,-0.024012,-0.001869,-0.004449,-0.004759,0.046193,-0.000612
10806.120000,-0.345435,0.083414,0.374435,-1.732888,-1.878073,0.718031,-0.023955,-0.001868,-0.005223,-0.004348,0.041451,-0.000584
10806.128000,-0.345644,0.083389,0.374367,-1.732774,-1.877921,0.718259,-0.024434,-0.001908,-0.005852,-0.004108,0.038469,-0.000570
10806.136000,-0.345829,0.083375,0.374333,-1.732537,-1.877687,0.718539,-0.023853,-0.001861,-0.004719,-0.004418,0.042248,-0.000576
10806.144000,-0.346026,0.083352,0.374292,-1.732334,-1.877510,0.718863,-0.024321,-0.001899,-0.005470,-0.004270,0.040370,-0.000580
10806.152000,-0.346219,0.083331,0.374246,-1.732132,-1.877306,0.719110,-0.024404,-0.001905,-0.005144,-0.004441,0.042304,-0.000591
10806.160000,-0.346415,0.083328,0.374205,-1.731945,-1.877042,0.719383,-0.024297,-0.001897,-0.005127,-0.004297,0.040661,-0.000571
10806.168000,-0.346592,0.083316,0.374186,-1.731718,-1.876766,0.719680,-0.024486,-0.001914,-0.005618,-0.004104,0.038354,-0.000561
10806.176000,-0.346791,0.083299,0.374141,-1.731502,-1.876571,0.719954,-0.024268,-0.001894,-0.006272,-0.003984,0.037109,-0.000571
10806.184000,-0.346984,0.083286,0.374089,-1.731365,-1.876324,0.720196,-0.024132,-0.001884,-0.006177,-0.003968,0.036966,-0.000566
10806.192000,-0.347173,0.083276,0.374024,-1.731242,-1.876167,0.720436,-0.024078,-0.001878,-0.005673,-0.004158,0.039177,-0.000575
10806.200000,-0.347370,0.083259,0.373975,-1.731052,-1.875943,0.720667,-0.023842,-0.001858,-0.006042,-0.004088,0.038490,-0.000581
10806.208000,-0.347566,0.083246,0.373940,-1.730855,-1.875710,0.720977,-0.023932,-0.001865,-0.005339,-0.004323,0.041145,-0.000587
10806.216000,-0.347753,0.083232,0.373906,-1.730608,-1.875442,0.721291,-0.023941,-0.001865,-0.005926,-0.004169,0.039383,-0.000588
10806.224000,-0.347943,0.083211,0.373863,-1.730401,-1.875262,0.721535,-0.023598,-0.001840,-0.004784,-0.004370,0.041771,-0.000577
10806.232000,-0.348136,0.083190,0.373819,-1.730218,-1.875036,0.721841,-0.023858,-0.001860,-0.005613,-0.004208,0.039832,-0.000582
10806.240000,-0.348329,0.083180,0.373783,-1.730003,-1.874780,0.722121,-0.023355,-0.001817,-0.006158,-0.004127,0.039151,-0.000596
10806.248000,-0.348517,0.083176,0.373710,-1.729923,-1.874561,0.722356,-0.023433,-0.001824,-0.005564,-0.004210,0.040048,-0.000585
10806.256000,-0.348709,0.083149,0.373659,-1.729667,-1.874427,0.722603,-0.023823,-0.001860,-0.006492,-0.003739,0.034406,-0.000550
10806.264000,-0.348898,0.083131,0.373625,-1.729496,-1.874176,0.722891,-0.023723,-0.001849,-0.005825,-0.004120,0.038863,-0.000580
10806.272000,-0.349087,0.083122,0.373585,-1.729335,-1.873902,0.723152,-0.023910,-0.001867,-0.006613,-0.003728,0.034249,-0.000553
10806.280000,-0.349270,0.083108,0.373547,-1.729111,-1.873702,0.723476,-0.023859,-0.001863,-0.006624,-0.003651,0.033360,-0.000543
10806.288000,-0.349468,0.083091,0.373472,-1.728980,-1.873575,0.723615,-0.023971,-0.001871,-0.005732,-0.004012,0.037462,-0.000560
10806.296000,-0.349660,0.083083,0.373433,-1.728810,-1.873352,0.723811,-0.024052,-0.001877,-0.006770,-0.003747,0.034420,-0.000560
10806.304000,-0.349854,0.083060,0.373389,-1.728632,-1.873157,0.724144,-0.024002,-0.001874,-0.006780,-0.003668,0.033508,-0.000550
10806.312000,-0.350043,0.083053,0.373324,-1.728499,-1.872977,0.724332,-0.024020,-0.001873,-0.006763,-0.003764,0.034635,-0.000563
10806.320000,-0.350240,0.083046,0.373250,-1.728363,-1.872815,0.724505,-0.024299,-0.001891,-0.006996,-0.003955,0.036798,-0.000596
10806.328000,-0.350441,0.083010,0.373208,-1.728144,-1.872585,0.724856,-0.024036,-0.001874,-0.006618,-0.003915,0.036378,-0.000579
10806.336000,-0.350651,0.082993,0.373126,-1.727996,-1.872479,0.725005,-0.023904,-0.001864,-0.006658,-0.003826,0.035385,-0.000569
10806.344000,-0.350840,0.082979,0.373071,-1.727868,-1.872274,0.725224,-0.023576,-0.001837,-0.005743,-0.004095,0.038600,-0.000577
10806.352000,-0.351023,0.082979,0.373010,-1.727700,-1.872092,0.725392,-0.023467,-0.001825,-0.004874,-0.004484,0.043152,-0.000600
10806.360000,-0.351212,0.082950,0.372979,-1.727465,-1.871820,0.725718,-0.023586,-0.001833,-0.006718,-0.004064,0.038324,-0.000608
10806.368000,-0.351391,0.082944,0.372919,-1.727298,-1.871644,0.725994,-0.023217,-0.001806,-0.007551,-0.003594,0.033048,-0.000576
10806.376000,-0.351581,0.082941,0.372842,-1.727202,-1.871468,0.726174,-0.023421,-0.001825,-0.006517,-0.003741,0.034584,-0.000558
10806.384000,-0.351767,0.082911,0.372817,-1.726937,-1.871271,0.726476,-0.023610,-0.001836,-0.005923,-0.004196,0.039780,-0.000598
10806.392000,-0.351960,0.082892,0.372772,-1.726753,-1.871003,0.726782,-0.023586,-0.001835,-0.006044,-0.004134,0.039073,-0.000594
10806.400000,-0.352145,0.082878,0.372718,-1.726565,-1.870808,0.727027,-0.023674,-0.001842,-0.007999,-0.003610,0.033070,-0.000592
10806.408000,-0.352329,0.082857,0.372652,-1.726465,-1.870660,0.727251,-0.023579,-0.001837,-0.006745,-0.003826,0.035505,-0.000577
10806.416000,-0.352521,0.082852,0.372587,-1.726309,-1.870490,0.727417,-0.023356,-0.001821,-0.004903,-0.004135,0.039054,-0.000555
10806.424000,-0.352717,0.082833,0.372544,-1.726156,-1.870280,0.727660,-0.023714,-0.001846,-0.006796,-0.003902,0.036355,-0.000589
10806.432000,-0.352901,0.082825,0.372495,-1.725965,-1.870077,0.727925,-0.023557,-0.001835,-0.006265,-0.003863,0.035907,-0.000565
10806.440000,-0.353084,0.082813,0.372454,-1.725735,-1.869841,0.728182,-0.023927,-0.001861,-0.007282,-0.003814,0.035280,-0.000593
10806.448000,-0.353281,0.082796,0.372389,-1.725595,-1.869692,0.728407,-0.023306,-0.001812,-0.006560,-0.003910,0.036600,-0.000585
10806.456000,-0.353467,0.082778,0.372334,-1.725447,-1.869464,0.728664,-0.023926,-0.001862,-0.006883,-0.003888,0.036092,-0.000589
10806.464000,-0.353650,0.082764,0.372286,-1.725250,-1.869260,0.728919,-0.024022,-0.001868,-0.007548,-0.003799,0.035080,-0.000600
10806.472000,-0.353851,0.082750,0.372195,-1.725134,-1.869103,0.729067,-0.024056,-0.001872,-0.007469,-0.003757,0.034559,-0.000591
10806.480000,-0.354044,0.082726,0.372151,-1.724953,-1.868879,0.729382,-0.024026,-0.001870,-0.007864,-0.003646,0.033293,-0.000590
10806.488000,-0.354239,0.082713,0.372083,-1.724797,-1.868735,0.729593,-0.023917,-0.001860,-0.009196,-0.003309,0.029512,-0.000592
10806.496000,-0.354436,0.082689,0.371987,-1.724695,-1.868634,0.729748,-0.023546,-0.001833,-0.008801,-0.003267,0.029121,-0.000575
10806.504000,-0.354614,0.082690,0.371920,-1.724550,-1.868468,0.729874,-0.023727,-0.001846,-0.007761,-0.003592,0.032773,-0.000582
10806.512000,-0.354808,0.082661,0.371857,-1.724437,-1.868320,0.730110,-0.023959,-0.001866,-0.007956,-0.003528,0.031927,-0.000578
10806.520000,-0.354995,0.082662,0.371826,-1.724216,-1.868016,0.730370,-0.023601,-0.001835,-0.006954,-0.003868,0.035993,-0.000593
10806.528000,-0.355184,0.082638,0.371758,-1.724101,-1.867865,0.730596,-0.023722,-0.001847,-0.008102,-0.003430,0.030887,-0.000572
10806.536000,-0.355370,0.082635,0.371677,-1.723974,-1.867722,0.730751,-0.023584,-0.001838,-0.007309,-0.003470,0.031345,-0.000550
10806.544000,-0.355558,0.082629,0.371641,-1.723805,-1.867503,0.730987,-0.023596,-0.001837,-0.007340,-0.003567,0.032497,-0.000565
10806.552000,-0.355744,0.082589,0.371602,-1.723557,-1.867311,0.731323,-0.023473,-0.001826,-0.008984,-0.003239,0.028830,-0.000579
10806.560000,-0.355929,0.082591,0.371518,-1.723491,-1.867121,0.731492,-0.023128,-0.001799,-0.008505,-0.003226,0.028792,-0.000563
10806.568000,-0.356119,0.082575,0.371433,-1.723369,-1.867018,0.731584,-0.023384,-0.001820,-0.007203,-0.003632,0.033314,-0.000571
10806.576000,-0.356302,0.082558,0.371392,-1.723184,-1.866821,0.731867,-0.023635,-0.001836,-0.007799,-0.003677,0.033805,-0.000597
10806.584000,-0.356484,0.082543,0.371343,-1.722965,-1.866600,0.732163,-0.023372,-0.001815,-0.007723,-0.003666,0.033773,-0.000595
10806.592000,-0.356676,0.082518,0.371264,-1.722869,-1.866444,0.732343,-0.023751,-0.001847,-0.009695,-0.003106,0.027210,-0.000585
10806.600000,-0.356858,0.082501,0.371214,-1.722677,-1.866271,0.732623,-0.023543,-0.001831,-0.009220,-0.003218,0.028567,-0.000585
10806.608000,-0.357057,0.082489,0.371137,-1.722556,-1.866090,0.732757,-0.023800,-0.001852,-0.008534,-0.003391,0.030404,-0.000582
10806.616000,-0.357244,0.082483,0.371070,-1.722379,-1.865861,0.733002,-0.023798,-0.001848,-0.009848,-0.003220,0.028543,-0.000606
10806.624000,-0.357437,0.082480,0.370978,-1.722298,-1.865700,0.733161,-0.023834,-0.001850,-0.010582,-0.003011,0.026155,-0.000603
10806.632000,-0.357622,0.082445,0.370907,-1.722141,-1.865597,0.733436,-0.024097,-0.001876,-0.008650,-0.003366,0.029988,-0.000581
10806.640000,-0.357819,0.082437,0.370831,-1.722024,-1.865421,0.733551,-0.023661,-0.001839,-0.008650,-0.003434,0.030992,-0.000595
10806.648000,-0.358012,0.082427,0.370748,-1.721864,-1.865277,0.733723,-0.023935,-0.001862,-0.010169,-0.002953,0.025361,-0.000579
10806.656000,-0.358202,0.082408,0.370671,-1.721741,-1.865132,0.733913,-0.023573,-0.001835,-0.009692,-0.002940,0.025305,-0.000563
10806.664000,-0.358381,0.082409,0.370597,-1.721691,-1.864924,0.734112,-0.023659,-0.001839,-0.009560,-0.003042,0.026470,-0.000572
10806.672000,-0.358580,0.082379,0.370521,-1.721522,-1.864791,0.734287,-0.023283,-0.001810,-0.007993,-0.003439,0.031132,-0.000575
10806.680000,-0.358757,0.082371,0.370477,-1.721362,-1.864586,0.734562,-0.023290,-0.001810,-0.008846,-0.003231,0.028773,-0.000577
10806.688000,-0.358947,0.082355,0.370396,-1.721250,-1.864424,0.734706,-0.023140,-0.001798,-0.010286,-0.002820,0.024146,-0.000572
10806.696000,-0.359125,0.082348,0.370318,-1.721134,-1.864318,0.734836,-0.023296,-0.001810,-0.009201,-0.003103,0.027306,-0.000572
10806.704000,-0.359318,0.082315,0.370238,-1.720981,-1.864223,0.735064,-0.023381,-0.001817,-0.009054,-0.003231,0.028734,-0.000584
10806.712000,-0.359503,0.082324,0.370177,-1.720870,-1.863958,0.735247,-0.023127,-0.001794,-0.009174,-0.003245,0.029046,-0.000593
10806.720000,-0.359680,0.082309,0.370111,-1.720703,-1.863818,0.735449,-0.023467,-0.001824,-0.009027,-0.003134,0.027573,-0.000569
10806.728000,-0.359876,0.082281,0.370018,-1.720596,-1.863711,0.735624,-0.023179,-0.001800,-0.009362,-0.003151,0.027923,-0.000586
10806.736000,-0.360059,0.082268,0.369937,-1.720448,-1.863596,0.735759,-0.023649,-0.001837,-0.008819,-0.003364,0.030161,-0.000592
10806.744000,-0.360260,0.082243,0.369873,-1.720278,-1.863441,0.736067,-0.024083,-0.001871,-0.010193,-0.003071,0.026660,-0.000597
10806.752000,-0.360447,0.082241,0.369797,-1.720174,-1.863212,0.736215,-0.023247,-0.001803,-0.010852,-0.002863,0.024647,-0.000599
10806.760000,-0.360630,0.082223,0.369686,-1.720122,-1.863192,0.736308,-0.023580,-0.001835,-0.012645,-0.002061,0.015224,-0.000546
10806.768000,-0.360812,0.082217,0.369605,-1.720023,-1.863023,0.736429,-0.023885,-0.001859,-0.010649,-0.002682,0.022200,-0.000560
10806.776000,-0.361007,0.082200,0.369511,-1.719932,-1.862896,0.736597,-0.023633,-0.001836,-0.010506,-0.002818,0.023910,-0.000576
10806.784000,-0.361209,0.082173,0.369413,-1.719839,-1.862773,0.736764,-0.023805,-0.001847,-0.010853,-0.002964,0.025581,-0.000608
10806.792000,-0.361389,0.082159,0.369347,-1.719626,-1.862618,0.736975,-0.023470,-0.001823,-0.011319,-0.002643,0.021986,-0.000582
10806.800000,-0.361587,0.082143,0.369243,-1.719592,-1.862532,0.737088,-0.023421,-0.001823,-0.011463,-0.002359,0.018672,-0.000547
10806.808000,-0.361766,0.082142,0.369165,-1.719480,-1.862389,0.737200,-0.023638,-0.001839,-0.009249,-0.003052,0.026522,-0.000564
10806.816000,-0.361954,0.082124,0.369105,-1.719323,-1.862227,0.737415,-0.023539,-0.001828,-0.009743,-0.003068,0.026795,-0.000586
10806.824000,-0.362150,0.082095,0.369006,-1.719245,-1.862153,0.737550,-0.022951,-0.001786,-0.009994,-0.002675,0.022431,-0.000543
10806.832000,-0.362336,0.082084,0.368918,-1.719171,-1.862023,0.737703,-0.023376,-0.001817,-0.009840,-0.002941,0.025367,-0.000572
10806.840000,-0.362517,0.082078,0.368854,-1.719022,-1.861834,0.737920,-0.023017,-0.001783,-0.009207,-0.003333,0.030101,-0.000609
10806.848000,-0.362702,0.082078,0.368781,-1.718886,-1.861610,0.738097,-0.023311,-0.001808,-0.010590,-0.002824,0.024116,-0.000584
10806.856000,-0.362880,0.082055,0.368703,-1.718762,-1.861517,0.738268,-0.023231,-0.001803,-0.010492,-0.002801,0.023859,-0.000578
10806.864000,-0.363074,0.082037,0.368611,-1.718654,-1.861354,0.738450,-0.022874,-0.001773,-0.010064,-0.003011,0.026443,-0.000596
10806.872000,-0.363257,0.082025,0.368543,-1.718514,-1.861139,0.738639,-0.023061,-0.001787,-0.009644,-0.003162,0.028090,-0.000601
10806.880000,-0.363448,0.082000,0.368457,-1.718357,-1.861062,0.738824,-0.023018,-0.001785,-0.009218,-0.003249,0.029088,-0.000598
10806.888000,-0.363636,0.081991,0.368353,-1.718314,-1.860949,0.738913,-0.022893,-0.001774,-0.011375,-0.002693,0.022814,-0.000598
10806.896000,-0.363807,0.081980,0.368299,-1.718107,-1.860774,0.739166,-0.023645,-0.001837,-0.012634,-0.002238,0.017239,-0.000571
10806.904000,-0.363993,0.081959,0.368192,-1.718012,-1.860741,0.739277,-0.023251,-0.001805,-0.010364,-0.002830,0.024159,-0.000578
10806.912000,-0.364187,0.081937,0.368100,-1.717913,-1.860582,0.739448,-0.023728,-0.001844,-0.010821,-0.002775,0.023332,-0.000582
10806.920000,-0.364381,0.081930,0.368014,-1.717809,-1.860441,0.739606,-0.023660,-0.001836,-0.011141,-0.002785,0.023523,-0.000596
10806.928000,-0.364562,0.081918,0.367923,-1.717747,-1.860299,0.739723,-0.023403,-0.001817,-0.010993,-0.002690,0.022497,-0.000579
10806.936000,-0.364752,0.081898,0.367832,-1.717614,-1.860195,0.739895,-0.023479,-0.001823,-0.010831,-0.002786,0.023576,-0.000586
10806.944000,-0.364940,0.081883,0.367748,-1.717550,-1.860068,0.740036,-0.023425,-0.001822,-0.010494,-0.002659,0.022057,-0.000556
10806.952000,-0.365137,0.081868,0.367648,-1.717431,-1.859992,0.740144,-0.023403,-0.001817,-0.011290,-0.002639,0.021919,-0.000583
10806.960000,-0.365320,0.081872,0.367565,-1.717371,-1.859770,0.740303,-0.023057,-0.001791,-0.012946,-0.001981,0.014489,-0.000551
10806.968000,-0.365512,0.081829,0.367430,-1.717348,-1.859819,0.740382,-0.022876,-0.001775,-0.011449,-0.002557,0.021190,-0.000581
10806.976000,-0.365682,0.081835,0.367366,-1.717227,-1.859565,0.740568,-0.023021,-0.001786,-0.009648,-0.003009,0.026275,-0.000580
10806.984000,-0.365866,0.081831,0.367274,-1.717128,-1.859459,0.740654,-0.022938,-0.001779,-0.010214,-0.002827,0.024232,-0.000575
10806.992000,-0.366050,0.081795,0.367198,-1.716933,-1.859369,0.740863,-0.022969,-0.001780,-0.011469,-0.002671,0.022489,-0.000598
10807.000000,-0.366237,0.081790,0.367106,-1.716856,-1.859195,0.741006,-0.023070,-0.001790,-0.012102,-0.002396,0.019265,-0.000580
10807.008000,-0.366405,0.081774,0.367011,-1.716810,-1.859092,0.741176,-0.023035,-0.001787,-0.011548,-0.002541,0.020932,-0.000581
10807.016000,-0.366600,0.081759,0.366928,-1.716634,-1.858977,0.741338,-0.023244,-0.001801,-0.010772,-0.002876,0.024709,-0.000600
10807.024000,-0.366774,0.081745,0.366872,-1.716465,-1.858779,0.741576,-0.023002,-0.001784,-0.011420,-0.002550,0.021037,-0.000579
10807.032000,-0.366951,0.081731,0.366781,-1.716342,-1.858686,0.741719,-0.022597,-0.001750,-0.012420,-0.002354,0.019009,-0.000590
10807.040000,-0.367140,0.081725,0.366648,-1.716350,-1.858593,0.741781,-0.023223,-0.001802,-0.014186,-0.001796,0.012331,-0.000567
10807.048000,-0.367325,0.081703,0.366545,-1.716305,-1.858522,0.741871,-0.023537,-0.001828,-0.012731,-0.002207,0.016880,-0.000571
10807.056000,-0.367518,0.081698,0.366424,-1.716263,-1.858447,0.741892,-0.023163,-0.001796,-0.011502,-0.002554,0.021017,-0.000581
10807.064000,-0.367706,0.081677,0.366342,-1.716115,-1.858334,0.742095,-0.023537,-0.001829,-0.013216,-0.002029,0.014822,-0.000563
10807.072000,-0.367882,0.081658,0.366236,-1.716063,-1.858251,0.742222,-0.023285,-0.001812,-0.013307,-0.001787,0.012086,-0.000533
10807.080000,-0.368083,0.081627,0.366129,-1.715954,-1.858215,0.742305,-0.023335,-0.001818,-0.013706,-0.001652,0.010500,-0.000528
10807.088000,-0.368257,0.081640,0.366048,-1.715952,-1.858012,0.742484,-0.023533,-0.001827,-0.012222,-0.002325,0.018217,-0.000571
10807.096000,-0.368445,0.081616,0.365945,-1.715865,-1.857922,0.742578,-0.023043,-0.001787,-0.012257,-0.002370,0.018959,-0.000583
10807.104000,-0.368615,0.081607,0.365853,-1.715755,-1.857835,0.742680,-0.023401,-0.001818,-0.013892,-0.001816,0.012425,-0.000558
10807.112000,-0.368810,0.081578,0.365740,-1.715667,-1.857794,0.742787,-0.023162,-0.001797,-0.013262,-0.002091,0.015711,-0.000577
10807.120000,-0.368996,0.081585,0.365601,-1.715703,-1.857739,0.742783,-0.022967,-0.001782,-0.012754,-0.002115,0.016032,-0.000564
10807.128000,-0.369176,0.081562,0.365531,-1.715562,-1.857596,0.742987,-0.023155,-0.001795,-0.012803,-0.002281,0.017908,-0.000589
10807.136000,-0.369363,0.081551,0.365410,-1.715561,-1.857511,0.743014,-0.023044,-0.001786,-0.013129,-0.002176,0.016753,-0.000586
10807.144000,-0.369549,0.081524,0.365310,-1.715442,-1.857448,0.743211,-0.023040,-0.001787,-0.013262,-0.002062,0.015416,-0.000574
10807.152000,-0.369734,0.081508,0.365204,-1.715298,-1.857387,0.743268,-0.022894,-0.001776,-0.013390,-0.002008,0.014853,-0.000572
10807.160000,-0.369916,0.081490,0.365127,-1.715195,-1.857231,0.743441,-0.022815,-0.001767,-0.011950,-0.002558,0.021224,-0.000602
10807.168000,-0.370098,0.081483,0.365033,-1.715121,-1.857064,0.743634,-0.022867,-0.001770,-0.012041,-0.002536,0.020956,-0.000601
10807.176000,-0.370282,0.081472,0.364935,-1.715041,-1.856950,0.743772,-0.022343,-0.001728,-0.012161,-0.002434,0.020002,-0.000596
10807.184000,-0.370452,0.081466,0.364829,-1.714985,-1.856850,0.743896,-0.022388,-0.001734,-0.014291,-0.001735,0.011956,-0.000570
10807.192000,-0.370635,0.081438,0.364697,-1.714911,-1.856879,0.743868,-0.022831,-0.001771,-0.014233,-0.001782,0.012288,-0.000570
10807.200000,-0.370818,0.081432,0.364599,-1.714872,-1.856720,0.744025,-0.023227,-0.001804,-0.012367,-0.002215,0.017029,-0.000563
10807.208000,-0.371000,0.081430,0.364518,-1.714742,-1.856551,0.744202,-0.022875,-0.001770,-0.012559,-0.002371,0.019051,-0.000596
10807.216000,-0.371188,0.081407,0.364401,-1.714657,-1.856482,0.744301,-0.023388,-0.001814,-0.015838,-0.001451,0.008299,-0.000575
10807.224000,-0.371366,0.081400,0.364287,-1.714645,-1.856429,0.744368,-0.023069,-0.001788,-0.012670,-0.002247,0.017507,-0.000580
10807.232000,-0.371556,0.081369,0.364168,-1.714565,-1.856433,0.744423,-0.023193,-0.001800,-0.012828,-0.002174,0.016594,-0.000574
10807.240000,-0.371743,0.081361,0.364044,-1.714551,-1.856343,0.744463,-0.023344,-0.001810,-0.013786,-0.001995,0.014512,-0.000581
10807.248000,-0.371927,0.081350,0.363952,-1.714504,-1.856221,0.744600,-0.023059,-0.001789,-0.013978,-0.001825,0.012650,-0.000565
10807.256000,-0.372135,0.081324,0.363800,-1.714499,-1.856256,0.744616,-0.023292,-0.001811,-0.014777,-0.001486,0.008619,-0.000542
10807.264000,-0.372320,0.081307,0.363700,-1.714396,-1.856135,0.744738,-0.022822,-0.001769,-0.012610,-0.002247,0.017589,-0.000580
10807.272000,-0.372496,0.081297,0.363587,-1.714332,-1.856062,0.744832,-0.022711,-0.001758,-0.013606,-0.002068,0.015632,-0.000591
10807.280000,-0.372685,0.081280,0.363486,-1.714210,-1.855978,0.744986,-0.022598,-0.001752,-0.013716,-0.001872,0.013378,-0.000567
10807.288000,-0.372855,0.081276,0.363369,-1.714186,-1.855881,0.744997,-0.022442,-0.001736,-0.014621,-0.001798,0.012672,-0.000590
10807.296000,-0.373030,0.081262,0.363272,-1.714095,-1.855747,0.745150,-0.022505,-0.001742,-0.012917,-0.002178,0.016940,-0.000584
10807.304000,-0.373208,0.081247,0.363172,-1.714025,-1.855644,0.745288,-0.022638,-0.001753,-0.013850,-0.001974,0.014572,-0.000587
10807.312000,-0.373390,0.081223,0.363066,-1.713901,-1.855617,0.745397,-0.022654,-0.001757,-0.013730,-0.001874,0.013363,-0.000567
10807.320000,-0.373566,0.081218,0.362975,-1.713846,-1.855441,0.745572,-0.022922,-0.001776,-0.013924,-0.001962,0.014303,-0.000585
10807.328000,-0.373760,0.081196,0.362853,-1.713844,-1.855387,0.745616,-0.022565,-0.001750,-0.014445,-0.001651,0.010837,-0.000561
10807.336000,-0.373927,0.081187,0.362737,-1.713773,-1.855365,0.745645,-0.022456,-0.001740,-0.015358,-0.001460,0.008727,-0.000567
10807.344000,-0.374108,0.081184,0.362613,-1.713744,-1.855293,0.745721,-0.022940,-0.001778,-0.015845,-0.001379,0.007603,-0.000568
10807.352000,-0.374296,0.081166,0.362485,-1.713695,-1.855285,0.745739,-0.023348,-0.001813,-0.014752,-0.001617,0.010104,-0.000560
10807.360000,-0.374481,0.081134,0.362362,-1.713681,-1.855237,0.745844,-0.022923,-0.001777,-0.014380,-0.001806,0.012483,-0.000578
10807.368000,-0.374664,0.081140,0.362252,-1.713675,-1.855100,0.745949,-0.022981,-0.001786,-0.016140,-0.001066,0.003897,-0.000531
10807.376000,-0.374854,0.081120,0.362105,-1.713608,-1.855121,0.745918,-0.022971,-0.001784,-0.015663,-0.001288,0.006471,-0.000547
10807.384000,-0.375032,0.081090,0.362005,-1.713518,-1.855097,0.746047,-0.022934,-0.001780,-0.014804,-0.001581,0.009857,-0.000560
10807.392000,-0.375211,0.081105,0.361883,-1.713508,-1.854965,0.746058,-0.022965,-0.001783,-0.014870,-0.001439,0.008180,-0.000541
10807.400000,-0.375400,0.081070,0.361760,-1.713521,-1.854928,0.746121,-0.022855,-0.001775,-0.014355,-0.001604,0.010110,-0.000548
10807.408000,-0.375580,0.081060,0.361632,-1.713449,-1.854889,0.746185,-0.022730,-0.001762,-0.015672,-0.001419,0.008119,-0.000569
10807.416000,-0.375752,0.081058,0.361533,-1.713434,-1.854767,0.746305,-0.022419,-0.001737,-0.015947,-0.001295,0.006826,-0.000563
10807.424000,-0.375934,0.081054,0.361383,-1.713429,-1.854739,0.746288,-0.022529,-0.001744,-0.013886,-0.001903,0.013755,-0.000579
10807.432000,-0.376130,0.081022,0.361256,-1.713362,-1.854734,0.746348,-0.022684,-0.001756,-0.013600,-0.002024,0.015068,-0.000585
10807.440000,-0.376305,0.081003,0.361156,-1.713263,-1.854645,0.746495,-0.022483,-0.001740,-0.015107,-0.001687,0.011329,-0.000591
10807.448000,-0.376487,0.080989,0.361020,-1.713216,-1.854625,0.746528,-0.022527,-0.001746,-0.016831,-0.001073,0.004233,-0.000561
10807.456000,-0.376658,0.080985,0.360906,-1.713191,-1.854532,0.746579,-0.022672,-0.001757,-0.014948,-0.001606,0.010273,-0.000571
10807.464000,-0.376842,0.080974,0.360771,-1.713208,-1.854457,0.746653,-0.022255,-0.001721,-0.013733,-0.002002,0.015012,-0.000590
10807.472000,-0.377017,0.080945,0.360675,-1.713095,-1.854415,0.746823,-0.022343,-0.001732,-0.015451,-0.001367,0.007643,-0.000557
10807.480000,-0.377204,0.080941,0.360541,-1.713114,-1.854339,0.746827,-0.022308,-0.001727,-0.015241,-0.001525,0.009501,-0.000573
10807.488000,-0.377392,0.080917,0.360429,-1.713013,-1.854268,0.746969,-0.021506,-0.001663,-0.015529,-0.001393,0.008338,-0.000571
10807.496000,-0.377554,0.080910,0.360297,-1.712996,-1.854229,0.746980,-0.022335,-0.001729,-0.016808,-0.001183,0.005604,-0.000578
10807.504000,-0.377738,0.080896,0.360153,-1.713036,-1.854207,0.746973,-0.022304,-0.001728,-0.015894,-0.001283,0.006702,-0.000560
10807.512000,-0.377914,0.080879,0.360035,-1.712970,-1.854159,0.747032,-0.022572,-0.001750,-0.014103,-0.001723,0.011591,-0.000559
10807.520000,-0.378107,0.080862,0.359923,-1.712862,-1.854090,0.747168,-0.022580,-0.001752,-0.015331,-0.001389,0.007761,-0.000553
10807.528000,-0.378285,0.080851,0.359799,-1.712870,-1.854037,0.747161,-0.022595,-0.001752,-0.017477,-0.000932,0.002575,-0.000562
10807.536000,-0.378463,0.080841,0.359664,-1.712837,-1.853997,0.747215,-0.022573,-0.001750,-0.016883,-0.001031,0.003683,-0.000555
10807.544000,-0.378652,0.080824,0.359509,-1.712831,-1.854049,0.747226,-0.022768,-0.001765,-0.016259,-0.001249,0.006103,-0.000564
10807.552000,-0.378841,0.080815,0.359365,-1.712875,-1.854000,0.747212,-0.022656,-0.001759,-0.015700,-0.001190,0.005397,-0.000536
10807.560000,-0.379012,0.080798,0.359264,-1.712784,-1.853911,0.747336,-0.022704,-0.001759,-0.016069,-0.001319,0.006944,-0.000568
10807.568000,-0.379207,0.080798,0.359101,-1.712842,-1.853920,0.747235,-0.022179,-0.001719,-0.016168,-0.001109,0.004701,-0.000545
10807.576000,-0.379387,0.080773,0.358957,-1.712860,-1.853946,0.747272,-0.022243,-0.001724,-0.016928,-0.000951,0.002877,-0.000548
10807.584000,-0.379555,0.080744,0.358838,-1.712792,-1.853945,0.747372,-0.022347,-0.001732,-0.016213,-0.001204,0.005746,-0.000559
10807.592000,-0.379739,0.080740,0.358712,-1.712800,-1.853843,0.747422,-0.022057,-0.001705,-0.014029,-0.001879,0.013641,-0.000585
10807.600000,-0.379925,0.080732,0.358572,-1.712792,-1.853803,0.747412,-0.022189,-0.001721,-0.015617,-0.001234,0.006110,-0.000543
10807.608000,-0.380085,0.080718,0.358485,-1.712733,-1.853700,0.747566,-0.022195,-0.001718,-0.016211,-0.001275,0.006654,-0.000571
10807.616000,-0.380264,0.080704,0.358354,-1.712678,-1.853673,0.747609,-0.022024,-0.001703,-0.015182,-0.001542,0.009773,-0.000575
10807.624000,-0.380444,0.080691,0.358208,-1.712692,-1.853643,0.747616,-0.022394,-0.001732,-0.016802,-0.001214,0.005899,-0.000581
10807.632000,-0.380623,0.080673,0.358102,-1.712589,-1.853562,0.747736,-0.022006,-0.001705,-0.015987,-0.001214,0.005981,-0.000555
10807.640000,-0.380799,0.080653,0.357959,-1.712589,-1.853568,0.747783,-0.021748,-0.001685,-0.014557,-0.001502,0.009358,-0.000550
10807.648000,-0.380958,0.080658,0.357848,-1.712558,-1.853478,0.747825,-0.022112,-0.001713,-0.017267,-0.000859,0.001860,-0.000546
10807.656000,-0.381144,0.080636,0.357704,-1.712579,-1.853480,0.747827,-0.022068,-0.001711,-0.018529,-0.000503,-0.002204,-0.000538
10807.664000,-0.381321,0.080612,0.357573,-1.712510,-1.853467,0.747905,-0.022228,-0.001721,-0.018217,-0.000771,0.000862,-0.000566
10807.672000,-0.381503,0.080603,0.357398,-1.712596,-1.853482,0.747855,-0.022179,-0.001717,-0.017021,-0.001038,0.003908,-0.000564
10807.680000,-0.381684,0.080604,0.357261,-1.712590,-1.853444,0.747817,-0.022603,-0.001751,-0.016536,-0.001147,0.004953,-0.000559
10807.688000,-0.381871,0.080583,0.357114,-1.712588,-1.853492,0.747825,-0.022410,-0.001735,-0.016829,-0.001104,0.004567,-0.000565
10807.696000,-0.382044,0.080567,0.356968,-1.712644,-1.853457,0.747820,-0.022261,-0.001724,-0.018344,-0.000729,0.000341,-0.000564
10807.704000,-0.382222,0.080548,0.356827,-1.712623,-1.853498,0.747821,-0.022343,-0.001734,-0.016752,-0.000954,0.002795,-0.000540
10807.712000,-0.382384,0.080546,0.356705,-1.712627,-1.853450,0.747884,-0.022239,-0.001723,-0.017175,-0.000927,0.002571,-0.000552
10807.720000,-0.382570,0.080531,0.356553,-1.712623,-1.853442,0.747831,-0.022314,-0.001731,-0.017444,-0.000789,0.000923,-0.000540
10807.728000,-0.382751,0.080508,0.356427,-1.712549,-1.853438,0.747885,-0.022585,-0.001750,-0.015144,-0.001508,0.009074,-0.000564
10807.736000,-0.382930,0.080493,0.356313,-1.712507,-1.853343,0.748006,-0.022292,-0.001724,-0.016269,-0.001353,0.007485,-0.000583
10807.744000,-0.383112,0.080472,0.356157,-1.712548,-1.853348,0.748043,-0.021881,-0.001694,-0.018276,-0.000690,0.000031,-0.000558
10807.752000,-0.383278,0.080466,0.356032,-1.712504,-1.853293,0.748058,-0.022248,-0.001721,-0.016470,-0.001255,0.006367,-0.000576
10807.760000,-0.383456,0.080444,0.355905,-1.712448,-1.853256,0.748118,-0.021945,-0.001697,-0.017499,-0.001043,0.004095,-0.000583
10807.768000,-0.383626,0.080445,0.355767,-1.712501,-1.853202,0.748178,-0.021865,-0.001691,-0.017517,-0.000931,0.002806,-0.000567
10807.776000,-0.383815,0.080424,0.355606,-1.712504,-1.853255,0.748098,-0.021956,-0.001696,-0.016750,-0.001295,0.006989,-0.000594
10807.784000,-0.383976,0.080429,0.355486,-1.712508,-1.853108,0.748140,-0.021758,-0.001682,-0.017391,-0.000974,0.003346,-0.000570
10807.792000,-0.384164,0.080389,0.355319,-1.712455,-1.853280,0.748099,-0.021624,-0.001672,-0.016455,-0.001179,0.005734,-0.000569
10807.800000,-0.384342,0.080375,0.355189,-1.712475,-1.853201,0.748170,-0.021793,-0.001687,-0.016850,-0.001055,0.004229,-0.000563
10807.808000,-0.384508,0.080375,0.355063,-1.712488,-1.853144,0.748201,-0.022022,-0.001705,-0.017844,-0.000784,0.001014,-0.000555
10807.816000,-0.384685,0.080367,0.354902,-1.712523,-1.853161,0.748144,-0.022306,-0.001727,-0.018456,-0.000697,-0.000089,-0.000561
10807.824000,-0.384861,0.080339,0.354790,-1.712412,-1.853102,0.748290,-0.021784,-0.001687,-0.018519,-0.000612,-0.000852,-0.000555
10807.832000,-0.385034,0.080340,0.354636,-1.712503,-1.853069,0.748239,-0.021874,-0.001691,-0.019297,-0.000536,-0.001712,-0.000570
10807.840000,-0.385222,0.080320,0.354433,-1.712611,-1.853206,0.748114,-0.022218,-0.001721,-0.019444,-0.000420,-0.003246,-0.000555
10807.848000,-0.385388,0.080303,0.354305,-1.712534,-1.853198,0.748157,-0.022224,-0.001721,-0.018355,-0.000705,0.000011,-0.000559
10807.856000,-0.385580,0.080300,0.354146,-1.712605,-1.853182,0.748134,-0.022378,-0.001736,-0.018891,-0.000432,-0.003237,-0.000535
10807.864000,-0.385756,0.080277,0.354007,-1.712597,-1.853193,0.748173,-0.022065,-0.001706,-0.017993,-0.000892,0.002261,-0.000576
10807.872000,-0.385938,0.080277,0.353839,-1.712622,-1.853220,0.748083,-0.022081,-0.001713,-0.019853,-0.000103,-0.006914,-0.000522
10807.880000,-0.386114,0.080255,0.353671,-1.712682,-1.853287,0.748012,-0.021719,-0.001681,-0.019090,-0.000446,-0.002757,-0.000550
10807.888000,-0.386290,0.080234,0.353547,-1.712649,-1.853207,0.748105,-0.022194,-0.001719,-0.018179,-0.000739,0.000402,-0.000558
10807.896000,-0.386470,0.080228,0.353384,-1.712660,-1.853237,0.748068,-0.021508,-0.001662,-0.016894,-0.001051,0.004278,-0.000566
10807.904000,-0.386643,0.080218,0.353246,-1.712675,-1.853228,0.748079,-0.021831,-0.001690,-0.018563,-0.000554,-0.001593,-0.000546
10807.912000,-0.386821,0.080197,0.353105,-1.712670,-1.853215,0.748084,-0.021507,-0.001662,-0.017860,-0.000861,0.002124,-0.000571
10807.920000,-0.386985,0.080195,0.352986,-1.712644,-1.853098,0.748157,-0.021351,-0.001649,-0.018632,-0.000689,0.000233,-0.000574
10807.928000,-0.387156,0.080169,0.352816,-1.712700,-1.853197,0.748132,-0.021595,-0.001672,-0.020037,-0.000187,-0.005689,-0.000545
10807.936000,-0.387334,0.080149,0.352671,-1.712639,-1.853202,0.748116,-0.021526,-0.001666,-0.017257,-0.000881,0.002276,-0.000552
10807.944000,-0.387505,0.080134,0.352545,-1.712607,-1.853173,0.748192,-0.021826,-0.001689,-0.017499,-0.000933,0.002782,-0.000566
10807.952000,-0.387676,0.080130,0.352408,-1.712669,-1.853094,0.748224,-0.021355,-0.001654,-0.018557,-0.000471,-0.002379,-0.000537
10807.960000,-0.387848,0.080118,0.352241,-1.712676,-1.853148,0.748153,-0.021762,-0.001686,-0.020384,-0.000093,-0.006860,-0.000541
10807.968000,-0.388025,0.080105,0.352083,-1.712747,-1.853159,0.748106,-0.022064,-0.001710,-0.019827,-0.000254,-0.005156,-0.000542
10807.976000,-0.388195,0.080102,0.351945,-1.712723,-1.853065,0.748156,-0.021696,-0.001678,-0.018922,-0.000560,-0.001449,-0.000560
10807.984000,-0.388369,0.080075,0.351792,-1.712751,-1.853165,0.748158,-0.021952,-0.001700,-0.020304,-0.000173,-0.006020,-0.000548
10807.992000,-0.388544,0.080064,0.351629,-1.712730,-1.853178,0.748115,-0.021824,-0.001694,-0.020993,0.000180,-0.010089,-0.000519
10808.000000,-0.388720,0.080053,0.351448,-1.712854,-1.853275,0.748015,-0.022048,-0.001713,-0.020162,0.000060,-0.008858,-0.000506
10808.008000,-0.388892,0.080034,0.351304,-1.712904,-1.853260,0.747967,-0.021905,-0.001703,-0.021797,0.000512,-0.013986,-0.000496
10808.016000,-0.389068,0.080017,0.351123,-1.712943,-1.853370,0.747930,-0.021394,-0.001663,-0.022788,0.000827,-0.017390,-0.000487
10808.024000,-0.389234,0.080024,0.350957,-1.713069,-1.853367,0.747809,-0.021543,-0.001670,-0.021211,0.000236,-0.010618,-0.000520
10808.032000,-0.389418,0.079984,0.350780,-1.713057,-1.853502,0.747808,-0.021875,-0.001693,-0.020198,-0.000288,-0.004649,-0.000562
10808.040000,-0.389587,0.079986,0.350642,-1.713043,-1.853456,0.747780,-0.021778,-0.001690,-0.019966,-0.000062,-0.007324,-0.000519
10808.048000,-0.389754,0.079969,0.350497,-1.713078,-1.853437,0.747802,-0.021442,-0.001659,-0.018209,-0.000653,-0.000331,-0.000551
10808.056000,-0.389932,0.079944,0.350336,-1.713095,-1.853529,0.747776,-0.021463,-0.001664,-0.021441,0.000231,-0.010498,-0.000529
10808.080000,-0.390442,0.079909,0.349856,-1.713215,-1.853601,0.747665,-0.021471,-0.001663,-0.019668,-0.000221,-0.005336,-0.000535
10808.088000,-0.390618,0.079897,0.349705,-1.713237,-1.853572,0.747650,-0.021530,-0.001665,-0.018976,-0.000580,-0.001176,-0.000566
10808.096000,-0.390778,0.079886,0.349592,-1.713203,-1.853469,0.747739,-0.021150,-0.001636,-0.018407,-0.000576,-0.001109,-0.000548
10808.104000,-0.390955,0.079868,0.349409,-1.713257,-1.853583,0.747632,-0.020867,-0.001615,-0.019966,-0.000101,-0.006461,-0.000533
10808.112000,-0.391123,0.079852,0.349241,-1.713306,-1.853651,0.747611,-0.021399,-0.001657,-0.020323,-0.000147,-0.006129,-0.000547
10808.120000,-0.391295,0.079843,0.349090,-1.713350,-1.853642,0.747596,-0.021832,-0.001689,-0.020322,-0.000270,-0.004869,-0.000562
10808.128000,-0.391465,0.079827,0.348923,-1.713361,-1.853692,0.747522,-0.021478,-0.001663,-0.020101,-0.000200,-0.005561,-0.000547
10808.136000,-0.391649,0.079819,0.348753,-1.713434,-1.853681,0.747481,-0.021916,-0.001699,-0.021141,0.000081,-0.009001,-0.000536
10808.144000,-0.391820,0.079803,0.348572,-1.713499,-1.853757,0.747429,-0.021589,-0.001675,-0.022472,0.000495,-0.013632,-0.000522
10808.152000,-0.391993,0.079784,0.348401,-1.713503,-1.853835,0.747325,-0.021628,-0.001677,-0.022174,0.000351,-0.011980,-0.000533
10808.160000,-0.392167,0.079777,0.348208,-1.713641,-1.853910,0.747247,-0.022035,-0.001711,-0.021795,0.000326,-0.011919,-0.000520
10808.168000,-0.392351,0.079765,0.348051,-1.713666,-1.853898,0.747197,-0.021655,-0.001679,-0.021096,0.000105,-0.009191,-0.000532
10808.176000,-0.392523,0.079750,0.347895,-1.713656,-1.853959,0.747181,-0.021735,-0.001685,-0.021000,0.000097,-0.009143,-0.000529
10808.184000,-0.392693,0.079745,0.347714,-1.713749,-1.854013,0.747098,-0.021487,-0.001663,-0.020802,-0.000063,-0.007156,-0.000549
10808.192000,-0.392877,0.079720,0.347522,-1.713825,-1.854136,0.747008,-0.021445,-0.001661,-0.020515,-0.000056,-0.007247,-0.000538
10808.200000,-0.393039,0.079702,0.347382,-1.713885,-1.854089,0.746987,-0.020884,-0.001617,-0.021191,0.000150,-0.009365,-0.000535
10808.208000,-0.393210,0.079693,0.347185,-1.713985,-1.854194,0.746867,-0.020692,-0.001603,-0.022730,0.000611,-0.014594,-0.000520
10808.216000,-0.393373,0.079687,0.346997,-1.714068,-1.854321,0.746755,-0.020935,-0.001624,-0.021824,0.000506,-0.013564,-0.000502
10808.224000,-0.393548,0.079666,0.346819,-1.714193,-1.854362,0.746671,-0.020956,-0.001624,-0.021572,0.000325,-0.011457,-0.000520
10808.232000,-0.393720,0.079648,0.346664,-1.714116,-1.854421,0.746651,-0.021287,-0.001652,-0.019804,-0.000052,-0.007314,-0.000513
10808.240000,-0.393883,0.079645,0.346499,-1.714227,-1.854432,0.746565,-0.021084,-0.001636,-0.020953,0.000259,-0.010799,-0.000507
10808.248000,-0.394051,0.079617,0.346337,-1.714234,-1.854504,0.746556,-0.020897,-0.001617,-0.021397,0.000130,-0.009131,-0.000545
10808.256000,-0.394220,0.079601,0.346198,-1.714208,-1.854490,0.746634,-0.020675,-0.001599,-0.020342,-0.000102,-0.006389,-0.000545
10808.264000,-0.394388,0.079610,0.346003,-1.714370,-1.854469,0.746499,-0.021460,-0.001660,-0.019720,-0.000357,-0.003794,-0.000556
10808.272000,-0.394555,0.079602,0.345838,-1.714373,-1.854528,0.746430,-0.020981,-0.001623,-0.023195,0.000558,-0.014098,-0.000540
10808.280000,-0.394731,0.079578,0.345661,-1.714439,-1.854618,0.746373,-0.021293,-0.001650,-0.021946,0.000313,-0.011458,-0.000531
10808.288000,-0.394903,0.079571,0.345496,-1.714525,-1.854592,0.746324,-0.021718,-0.001680,-0.017803,-0.000841,0.001625,-0.000561
10808.296000,-0.395082,0.079564,0.345301,-1.714666,-1.854693,0.746221,-0.020716,-0.001605,-0.024079,0.000954,-0.018606,-0.000512
10808.304000,-0.395243,0.079552,0.345136,-1.714700,-1.854755,0.746135,-0.021023,-0.001632,-0.022986,0.000796,-0.016993,-0.000495
10808.312000,-0.395415,0.079524,0.344939,-1.714755,-1.854924,0.746019,-0.021609,-0.001677,-0.021361,0.000251,-0.010949,-0.000517
10808.320000,-0.395578,0.079513,0.344766,-1.714818,-1.854985,0.745907,-0.020841,-0.001614,-0.021999,0.000347,-0.011667,-0.000531
10808.328000,-0.395753,0.079505,0.344579,-1.714929,-1.855041,0.745792,-0.021319,-0.001652,-0.021437,0.000229,-0.010551,-0.000525
10808.336000,-0.395928,0.079474,0.344425,-1.714883,-1.855127,0.745760,-0.021118,-0.001636,-0.021041,0.000070,-0.008607,-0.000538
10808.344000,-0.396095,0.079474,0.344250,-1.714993,-1.855108,0.745726,-0.020928,-0.001623,-0.022960,0.000667,-0.015431,-0.000514
10808.352000,-0.396261,0.079457,0.344074,-1.715039,-1.855181,0.745640,-0.020903,-0.001622,-0.022275,0.000579,-0.014443,-0.000503
10808.360000,-0.396432,0.079452,0.343884,-1.715187,-1.855282,0.745516,-0.021060,-0.001633,-0.020908,0.000184,-0.009964,-0.000515
10808.368000,-0.396598,0.079437,0.343711,-1.715263,-1.855349,0.745470,-0.020814,-0.001617,-0.022886,0.000869,-0.017810,-0.000480
10808.376000,-0.396757,0.079427,0.343531,-1.715356,-1.855435,0.745307,-0.020674,-0.001604,-0.022412,0.000666,-0.015378,-0.000496
10808.384000,-0.396928,0.079414,0.343355,-1.715415,-1.855487,0.745242,-0.020688,-0.001601,-0.021316,0.000172,-0.009618,-0.000535
10808.392000,-0.397095,0.079420,0.343189,-1.715471,-1.855467,0.745193,-0.020961,-0.001624,-0.020905,0.000191,-0.010030,-0.000514
10808.400000,-0.397257,0.079396,0.343018,-1.715535,-1.855566,0.745147,-0.020462,-0.001586,-0.022706,0.000695,-0.015602,-0.000503
10808.408000,-0.397424,0.079390,0.342833,-1.715626,-1.855590,0.745049,-0.020195,-0.001563,-0.022873,0.000695,-0.015462,-0.000512
10808.416000,-0.397580,0.079349,0.342674,-1.715651,-1.855697,0.745021,-0.020748,-0.001609,-0.023255,0.000776,-0.016639,-0.000507
10808.424000,-0.397749,0.079350,0.342465,-1.715732,-1.855863,0.744803,-0.020643,-0.001603,-0.025936,0.001497,-0.024915,-0.000489
10808.432000,-0.397923,0.079319,0.342285,-1.715823,-1.855919,0.744759,-0.021009,-0.001631,-0.022433,0.000592,-0.014668,-0.000504
10808.440000,-0.398084,0.079320,0.342088,-1.715912,-1.856034,0.744605,-0.021278,-0.001646,-0.020934,-0.000077,-0.006998,-0.000554
10808.448000,-0.398256,0.079304,0.341909,-1.716027,-1.856083,0.744584,-0.021085,-0.001634,-0.022887,0.000548,-0.014152,-0.000526
10808.456000,-0.398419,0.079298,0.341737,-1.716076,-1.856108,0.744497,-0.021118,-0.001634,-0.022326,0.000324,-0.011563,-0.000541
10808.464000,-0.398585,0.079286,0.341575,-1.716164,-1.856093,0.744469,-0.021069,-0.001634,-0.023444,0.000741,-0.016401,-0.000515
10808.472000,-0.398754,0.079266,0.341387,-1.716166,-1.856257,0.744365,-0.021054,-0.001632,-0.022219,0.000417,-0.012662,-0.000523
10808.480000,-0.398919,0.079269,0.341201,-1.716321,-1.856239,0.744261,-0.021143,-0.001637,-0.022171,0.000341,-0.011812,-0.000532
10808.488000,-0.399085,0.079254,0.341047,-1.716374,-1.856245,0.744217,-0.020826,-0.001613,-0.023045,0.000598,-0.014629,-0.000525
10808.496000,-0.399259,0.079229,0.340832,-1.716421,-1.856436,0.744088,-0.020922,-0.001623,-0.022592,0.000624,-0.015035,-0.000504
10808.504000,-0.399423,0.079221,0.340664,-1.716510,-1.856476,0.744014,-0.020999,-0.001629,-0.023117,0.000719,-0.016153,-0.000507
10808.512000,-0.399595,0.079189,0.340452,-1.716611,-1.856656,0.743849,-0.020520,-0.001591,-0.023743,0.000830,-0.017178,-0.000516
10808.520000,-0.399756,0.079204,0.340280,-1.716707,-1.856653,0.743784,-0.020311,-0.001572,-0.025092,0.001089,-0.020043,-0.000524
10808.528000,-0.399926,0.079168,0.340059,-1.716807,-1.856854,0.743614,-0.020525,-0.001593,-0.024390,0.001064,-0.019920,-0.000501
10808.536000,-0.400085,0.079156,0.339870,-1.716956,-1.856929,0.743483,-0.020469,-0.001587,-0.024190,0.000973,-0.018835,-0.000508
10808.544000,-0.400235,0.079162,0.339714,-1.716972,-1.856951,0.743444,-0.021077,-0.001635,-0.022063,0.000456,-0.013197,-0.000509
10808.552000,-0.400409,0.079133,0.339551,-1.717016,-1.856996,0.743449,-0.020677,-0.001602,-0.021476,0.000270,-0.010842,-0.000522
10808.560000,-0.400566,0.079138,0.339348,-1.717174,-1.857086,0.743222,-0.020044,-0.001555,-0.023192,0.000911,-0.018023,-0.000486
10808.568000,-0.400732,0.079121,0.339180,-1.717237,-1.857134,0.743155,-0.020834,-0.001619,-0.024225,0.001119,-0.020766,-0.000482
10808.576000,-0.400899,0.079095,0.338985,-1.717278,-1.857291,0.743098,-0.021052,-0.001632,-0.024530,0.000896,-0.018183,-0.000526
10808.584000,-0.401057,0.079103,0.338779,-1.717435,-1.857352,0.742925,-0.020623,-0.001598,-0.023874,0.000872,-0.017781,-0.000510
10808.592000,-0.401229,0.079080,0.338571,-1.717588,-1.857507,0.742762,-0.020776,-0.001614,-0.024598,0.001177,-0.021416,-0.000486
10808.600000,-0.401395,0.079066,0.338376,-1.717660,-1.857650,0.742627,-0.020766,-0.001611,-0.025097,0.001174,-0.021325,-0.000504
10808.608000,-0.401561,0.079053,0.338177,-1.717816,-1.857741,0.742498,-0.020845,-0.001619,-0.023832,0.000979,-0.019171,-0.000489
10808.616000,-0.401723,0.079047,0.337987,-1.717890,-1.857815,0.742356,-0.020903,-0.001622,-0.024802,0.001110,-0.020666,-0.000502
10808.624000,-0.401889,0.079026,0.337800,-1.717966,-1.857898,0.742264,-0.020673,-0.001605,-0.025389,0.001325,-0.023058,-0.000490
10808.632000,-0.402056,0.079011,0.337576,-1.718138,-1.858070,0.742092,-0.020684,-0.001606,-0.025413,0.001295,-0.022710,-0.000496
10808.640000,-0.402217,0.078994,0.337362,-1.718295,-1.858230,0.741909,-0.020154,-0.001564,-0.026134,0.001502,-0.024862,-0.000493
10808.648000,-0.402380,0.078982,0.337175,-1.718352,-1.858316,0.741794,-0.020498,-0.001589,-0.024411,0.000965,-0.018797,-0.000514
10808.656000,-0.402554,0.078979,0.336968,-1.718473,-1.858426,0.741611,-0.020680,-0.001602,-0.022778,0.000576,-0.014424,-0.000517
10808.664000,-0.402709,0.078966,0.336783,-1.718604,-1.858499,0.741524,-0.020270,-0.001573,-0.024779,0.001198,-0.021448,-0.000492
10808.672000,-0.402868,0.078950,0.336582,-1.718709,-1.858682,0.741398,-0.020244,-0.001572,-0.024703,0.001264,-0.022241,-0.000478
10808.680000,-0.403030,0.078938,0.336386,-1.718845,-1.858765,0.741263,-0.020228,-0.001564,-0.023925,0.000738,-0.016031,-0.000535
10808.688000,-0.403192,0.078917,0.336186,-1.718909,-1.858882,0.741141,-0.019929,-0.001544,-0.024691,0.001090,-0.020018,-0.000508
10808.696000,-0.403363,0.078900,0.335985,-1.718999,-1.859004,0.740996,-0.020034,-0.001556,-0.024643,0.001286,-0.022412,-0.000474
10808.704000,-0.403510,0.078904,0.335828,-1.719092,-1.858995,0.740920,-0.020039,-0.001553,-0.023283,0.000810,-0.016886,-0.000502
10808.712000,-0.403675,0.078885,0.335624,-1.719162,-1.859157,0.740779,-0.019863,-0.001537,-0.023810,0.000854,-0.017272,-0.000515
10808.720000,-0.403837,0.078894,0.335418,-1.719353,-1.859201,0.740593,-0.020317,-0.001577,-0.024393,0.001155,-0.021047,-0.000483
10808.728000,-0.403996,0.078863,0.335243,-1.719413,-1.859336,0.740565,-0.020826,-0.001614,-0.024486,0.000927,-0.018555,-0.000517
10808.736000,-0.404171,0.078851,0.335023,-1.719542,-1.859477,0.740376,-0.019867,-0.001540,-0.025601,0.001361,-0.023156,-0.000496
10808.744000,-0.404324,0.078849,0.334809,-1.719677,-1.859604,0.740173,-0.020341,-0.001581,-0.027186,0.001882,-0.029462,-0.000464
10808.752000,-0.404495,0.078830,0.334591,-1.719819,-1.859756,0.740022,-0.020215,-0.001566,-0.025241,0.001166,-0.021046,-0.000511
10808.760000,-0.404654,0.078814,0.334396,-1.719926,-1.859851,0.739896,-0.020215,-0.001571,-0.026453,0.001676,-0.027021,-0.000472
10808.768000,-0.404817,0.078795,0.334203,-1.719974,-1.859978,0.739732,-0.020696,-0.001604,-0.023933,0.000779,-0.016802,-0.000522
10808.776000,-0.404986,0.078782,0.333970,-1.720201,-1.860168,0.739570,-0.020067,-0.001556,-0.024367,0.001070,-0.019929,-0.000496
10808.784000,-0.405140,0.078776,0.333787,-1.720326,-1.860207,0.739447,-0.020215,-0.001572,-0.025721,0.001563,-0.025766,-0.000463
10808.792000,-0.405317,0.078756,0.333537,-1.720478,-1.860491,0.739187,-0.020146,-0.001564,-0.024870,0.001242,-0.021983,-0.000485
10808.800000,-0.405472,0.078746,0.333362,-1.720603,-1.860508,0.739098,-0.019468,-0.001510,-0.026932,0.001757,-0.027606,-0.000481
10808.808000,-0.405643,0.078723,0.333122,-1.720800,-1.860712,0.738875,-0.020006,-0.001555,-0.024667,0.001294,-0.022570,-0.000470
10808.816000,-0.405795,0.078721,0.332905,-1.720941,-1.860854,0.738674,-0.019812,-0.001539,-0.024251,0.001236,-0.021829,-0.000467
10808.824000,-0.405953,0.078708,0.332718,-1.720997,-1.860948,0.738570,-0.019257,-0.001493,-0.025061,0.001338,-0.022701,-0.000484
10808.832000,-0.406115,0.078686,0.332521,-1.721119,-1.861046,0.738469,-0.019873,-0.001540,-0.024163,0.000974,-0.018749,-0.000505
10808.840000,-0.406271,0.078679,0.332327,-1.721186,-1.861152,0.738337,-0.019400,-0.001503,-0.025166,0.001287,-0.022162,-0.000494
10808.848000,-0.406431,0.078679,0.332107,-1.721363,-1.861306,0.738139,-0.019944,-0.001545,-0.025318,0.001219,-0.021605,-0.000505
10808.856000,-0.406582,0.078668,0.331927,-1.721482,-1.861348,0.738047,-0.019877,-0.001537,-0.023009,0.000602,-0.014436,-0.000523
10808.864000,-0.406735,0.078652,0.331727,-1.721548,-1.861453,0.737942,-0.019213,-0.001487,-0.026056,0.001422,-0.023618,-0.000504
10808.872000,-0.406889,0.078645,0.331537,-1.721628,-1.861551,0.737813,-0.019736,-0.001529,-0.025999,0.001411,-0.023748,-0.000499
10808.880000,-0.407060,0.078618,0.331300,-1.721796,-1.861758,0.737590,-0.020015,-0.001553,-0.026581,0.001550,-0.025488,-0.000494
10808.888000,-0.407215,0.078601,0.331071,-1.721962,-1.861951,0.737373,-0.019137,-0.001486,-0.027973,0.002051,-0.030906,-0.000470
10808.896000,-0.407369,0.078614,0.330861,-1.722174,-1.862049,0.737135,-0.020176,-0.001569,-0.026723,0.001780,-0.028331,-0.000460
10808.904000,-0.407526,0.078593,0.330646,-1.722297,-1.862163,0.736999,-0.019781,-0.001532,-0.024726,0.001060,-0.019727,-0.000509
10808.912000,-0.407699,0.078583,0.330431,-1.722439,-1.862300,0.736855,-0.019900,-0.001549,-0.026800,0.001928,-0.029968,-0.000441
10808.920000,-0.407844,0.078574,0.330244,-1.722544,-1.862421,0.736735,-0.020106,-0.001557,-0.025388,0.001166,-0.021094,-0.000512
10808.928000,-0.408007,0.078554,0.330039,-1.722658,-1.862561,0.736558,-0.019388,-0.001505,-0.026841,0.001776,-0.027903,-0.000471
10808.936000,-0.408157,0.078554,0.329846,-1.722762,-1.862623,0.736406,-0.019607,-0.001522,-0.028638,0.002156,-0.032388,-0.000470
10808.944000,-0.408316,0.078520,0.329629,-1.722921,-1.862825,0.736260,-0.020137,-0.001563,-0.024195,0.001024,-0.019543,-0.000492
10808.952000,-0.408468,0.078514,0.329432,-1.722984,-1.862940,0.736100,-0.019201,-0.001488,-0.027951,0.001915,-0.029368,-0.000488
10808.960000,-0.408617,0.078512,0.329220,-1.723170,-1.863065,0.735903,-0.019643,-0.001526,-0.027062,0.001846,-0.028864,-0.000464
10808.968000,-0.408783,0.078498,0.328983,-1.723339,-1.863246,0.735702,-0.020104,-0.001559,-0.023419,0.000831,-0.017313,-0.000496
10808.976000,-0.408941,0.078462,0.328787,-1.723387,-1.863422,0.735588,-0.019011,-0.001480,-0.029539,0.002575,-0.037019,-0.000438
10808.984000,-0.409094,0.078469,0.328563,-1.723637,-1.863511,0.735397,-0.020203,-0.001570,-0.025407,0.001409,-0.024090,-0.000471
10808.992000,-0.409241,0.078453,0.328348,-1.723775,-1.863664,0.735207,-0.019567,-0.001516,-0.023664,0.000879,-0.017616,-0.000501
10809.000000,-0.409400,0.078457,0.328130,-1.723905,-1.863821,0.734943,-0.018863,-0.001468,-0.030991,0.002934,-0.041145,-0.000431
10809.008000,-0.409554,0.078446,0.327880,-1.724175,-1.864027,0.734733,-0.019675,-0.001528,-0.026951,0.001812,-0.028535,-0.000463
10809.016000,-0.409703,0.078433,0.327712,-1.724206,-1.864068,0.734642,-0.018974,-0.001470,-0.027001,0.001733,-0.027238,-0.000484
10809.024000,-0.409863,0.078418,0.327502,-1.724292,-1.864222,0.734446,-0.019650,-0.001529,-0.029649,0.002516,-0.036673,-0.000443
10809.032000,-0.410019,0.078393,0.327266,-1.724481,-1.864466,0.734244,-0.020338,-0.001579,-0.024660,0.001131,-0.020934,-0.000487
10809.040000,-0.410173,0.078387,0.327054,-1.724641,-1.864553,0.734083,-0.018994,-0.001478,-0.029801,0.002607,-0.037444,-0.000439
10809.048000,-0.410330,0.078358,0.326837,-1.724732,-1.864770,0.733929,-0.019962,-0.001553,-0.027659,0.001966,-0.030451,-0.000459
10809.056000,-0.410477,0.078353,0.326603,-1.724958,-1.864898,0.733691,-0.019190,-0.001490,-0.028693,0.002162,-0.032325,-0.000470
10809.064000,-0.410643,0.078347,0.326357,-1.725144,-1.865137,0.733442,-0.019290,-0.001504,-0.030958,0.002977,-0.041926,-0.000416
10809.072000,-0.410781,0.078347,0.326169,-1.725282,-1.865154,0.733339,-0.020633,-0.001599,-0.023167,0.000625,-0.015199,-0.000513
10809.080000,-0.410945,0.078325,0.325927,-1.725443,-1.865408,0.733078,-0.018895,-0.001469,-0.030674,0.002767,-0.039254,-0.000443
10809.088000,-0.411108,0.078293,0.325707,-1.725557,-1.865613,0.732904,-0.020153,-0.001571,-0.028708,0.002285,-0.034282,-0.000441
10809.096000,-0.411265,0.078302,0.325462,-1.725828,-1.865720,0.732634,-0.019096,-0.001482,-0.028152,0.002065,-0.031217,-0.000466
10809.104000,-0.411423,0.078285,0.325229,-1.725946,-1.865972,0.732373,-0.019149,-0.001495,-0.030985,0.003057,-0.042847,-0.000403
10809.112000,-0.411579,0.078264,0.325017,-1.726084,-1.866103,0.732216,-0.020043,-0.001555,-0.023207,0.000746,-0.016372,-0.000500
10809.120000,-0.411725,0.078272,0.324773,-1.726356,-1.866276,0.731921,-0.018922,-0.001475,-0.030039,0.002832,-0.040158,-0.000408
10809.128000,-0.411891,0.078253,0.324558,-1.726472,-1.866445,0.731760,-0.019359,-0.001503,-0.024890,0.001321,-0.022784,-0.000470
10809.136000,-0.412035,0.078229,0.324348,-1.726588,-1.866608,0.731654,-0.018103,-0.001407,-0.030947,0.002908,-0.040570,-0.000434
10809.144000,-0.412183,0.078228,0.324155,-1.726698,-1.866673,0.731452,-0.019019,-0.001479,-0.027780,0.002083,-0.031466,-0.000449
10809.152000,-0.412335,0.078223,0.323915,-1.726885,-1.866846,0.731265,-0.019395,-0.001503,-0.025373,0.001285,-0.022335,-0.000492
10809.160000,-0.412484,0.078211,0.323692,-1.727060,-1.867026,0.731042,-0.018172,-0.001418,-0.032091,0.003439,-0.046904,-0.000385
10809.168000,-0.412637,0.078185,0.323462,-1.727201,-1.867227,0.730831,-0.019550,-0.001524,-0.026303,0.001869,-0.029324,-0.000427
10809.176000,-0.412783,0.078187,0.323253,-1.727413,-1.867329,0.730671,-0.018933,-0.001473,-0.029399,0.002522,-0.036562,-0.000434
10809.184000,-0.412944,0.078157,0.323007,-1.727595,-1.867590,0.730385,-0.019327,-0.001515,-0.031289,0.003351,-0.046493,-0.000360
10809.192000,-0.413103,0.078165,0.322777,-1.727799,-1.867723,0.730127,-0.019714,-0.001529,-0.023377,0.000898,-0.018077,-0.000482
10809.200000,-0.413258,0.078130,0.322534,-1.727970,-1.868016,0.729909,-0.018578,-0.001453,-0.032370,0.003512,-0.047956,-0.000378
10809.208000,-0.413406,0.078140,0.322313,-1.728102,-1.868153,0.729651,-0.019295,-0.001502,-0.029279,0.002453,-0.035947,-0.000436
10809.216000,-0.413544,0.078137,0.322079,-1.728348,-1.868315,0.729435,-0.018263,-0.001423,-0.032685,0.003425,-0.046780,-0.000404
10809.224000,-0.413706,0.078127,0.321831,-1.728531,-1.868530,0.729141,-0.019125,-0.001492,-0.031246,0.003084,-0.043263,-0.000402
10809.232000,-0.413857,0.078097,0.321598,-1.728738,-1.868726,0.728990,-0.019857,-0.001539,-0.023186,0.000731,-0.016181,-0.000500
10809.240000,-0.414020,0.078074,0.321377,-1.728789,-1.868938,0.728736,-0.018843,-0.001468,-0.030088,0.002697,-0.038582,-0.000427
10809.248000,-0.414171,0.078071,0.321113,-1.729088,-1.869149,0.728441,-0.019906,-0.001548,-0.025322,0.001403,-0.024067,-0.000464
10809.256000,-0.414320,0.078048,0.320890,-1.729211,-1.869371,0.728239,-0.018023,-0.001400,-0.030740,0.002745,-0.038708,-0.000449
10809.264000,-0.414475,0.078044,0.320640,-1.729511,-1.869523,0.728018,-0.018872,-0.001471,-0.029494,0.002640,-0.038009,-0.000415
10809.272000,-0.414618,0.078058,0.320427,-1.729660,-1.869585,0.727768,-0.018622,-0.001444,-0.027843,0.002005,-0.030452,-0.000463
10809.280000,-0.414771,0.078029,0.320199,-1.729832,-1.869824,0.727567,-0.018203,-0.001421,-0.030404,0.003030,-0.042291,-0.000388
10809.288000,-0.414923,0.078011,0.319949,-1.730021,-1.870073,0.727307,-0.019169,-0.001484,-0.025401,0.001216,-0.021485,-0.000502
10809.296000,-0.415062,0.078000,0.319750,-1.730093,-1.870216,0.727169,-0.017586,-0.001366,-0.030602,0.002807,-0.039289,-0.000436
10809.304000,-0.415217,0.077991,0.319497,-1.730319,-1.870423,0.726930,-0.019219,-0.001494,-0.027032,0.001835,-0.028793,-0.000456
10809.312000,-0.415360,0.077993,0.319264,-1.730493,-1.870566,0.726641,-0.017675,-0.001372,-0.030634,0.002800,-0.039280,-0.000437
10809.320000,-0.415506,0.077982,0.319039,-1.730724,-1.870695,0.726450,-0.018542,-0.001448,-0.030182,0.002962,-0.041715,-0.000386
10809.328000,-0.415664,0.077949,0.318787,-1.730873,-1.871013,0.726174,-0.019270,-0.001495,-0.024663,0.001181,-0.021213,-0.000481
10809.336000,-0.415804,0.077947,0.318586,-1.731048,-1.871111,0.726022,-0.018441,-0.001438,-0.032253,0.003296,-0.045473,-0.000403
10809.344000,-0.415953,0.077955,0.318319,-1.731330,-1.871317,0.725691,-0.019298,-0.001496,-0.025918,0.001446,-0.024318,-0.000480
10809.352000,-0.416102,0.077934,0.318101,-1.731457,-1.871481,0.725504,-0.017953,-0.001398,-0.032213,0.003253,-0.044741,-0.000412
10809.360000,-0.416259,0.077910,0.317844,-1.731669,-1.871740,0.725259,-0.018888,-0.001472,-0.028584,0.002418,-0.035526,-0.000415
10809.368000,-0.416404,0.077901,0.317609,-1.731839,-1.871896,0.725022,-0.018495,-0.001434,-0.028361,0.002049,-0.030930,-0.000472
10809.376000,-0.416551,0.077886,0.317347,-1.732009,-1.872197,0.724679,-0.018516,-0.001447,-0.033834,0.003725,-0.050536,-0.000385
10809.384000,-0.416697,0.077875,0.317111,-1.732282,-1.872341,0.724441,-0.019258,-0.001496,-0.025095,0.001345,-0.023181,-0.000467
10809.392000,-0.416848,0.077857,0.316863,-1.732413,-1.872624,0.724184,-0.017938,-0.001399,-0.032926,0.003438,-0.046899,-0.000405
10809.400000,-0.416999,0.077863,0.316622,-1.732633,-1.872736,0.723915,-0.019065,-0.001485,-0.028044,0.002217,-0.033292,-0.000427
10809.408000,-0.417141,0.077823,0.316387,-1.732798,-1.873031,0.723727,-0.017239,-0.001343,-0.032888,0.003466,-0.046897,-0.000405
10809.416000,-0.417292,0.077827,0.316133,-1.733029,-1.873217,0.723423,-0.018150,-0.001417,-0.031276,0.003161,-0.043873,-0.000390
10809.424000,-0.417431,0.077814,0.315888,-1.733220,-1.873454,0.723178,-0.018572,-0.001440,-0.026704,0.001660,-0.026489,-0.000476
10809.432000,-0.417584,0.077810,0.315646,-1.733449,-1.873622,0.722880,-0.017542,-0.001372,-0.032284,0.003595,-0.048714,-0.000358
10809.440000,-0.417723,0.077803,0.315411,-1.733681,-1.873805,0.722643,-0.018995,-0.001474,-0.024806,0.001268,-0.022192,-0.000471
10809.448000,-0.417863,0.077773,0.315192,-1.733787,-1.874000,0.722476,-0.016960,-0.001319,-0.032467,0.003296,-0.044809,-0.000419
10809.456000,-0.418004,0.077783,0.314936,-1.734075,-1.874173,0.722135,-0.018764,-0.001461,-0.028588,0.002315,-0.034323,-0.000430
10809.456000,-0.418004,0.077783,0.314936,-1.734075,-1.874173,0.722135,-0.018764,-0.001461,-0.028588,0.002315,-0.034323,-0.000430
10809.464000,-0.418140,0.077776,0.314698,-1.734270,-1.874415,0.721872,-0.016939,-0.001321,-0.033938,0.003828,-0.051105,-0.000381
10809.480000,-0.418415,0.077743,0.314196,-1.734697,-1.874944,0.721303,-0.017249,-0.001344,-0.034566,0.003804,-0.050910,-0.000403
10809.488000,-0.418575,0.077726,0.313926,-1.734935,-1.875183,0.720997,-0.018034,-0.001411,-0.032159,0.003523,-0.048162,-0.000359
10809.496000,-0.418715,0.077724,0.313684,-1.735152,-1.875352,0.720681,-0.019385,-0.001502,-0.023018,0.000715,-0.015946,-0.000496
10809.504000,-0.418868,0.077698,0.313435,-1.735380,-1.875601,0.720478,-0.017907,-0.001406,-0.033514,0.004028,-0.054056,-0.000322
10809.512000,-0.419009,0.077688,0.313200,-1.735512,-1.875816,0.720214,-0.019495,-0.001513,-0.026079,0.001412,-0.024095,-0.000484
10809.520000,-0.419150,0.077689,0.312966,-1.735736,-1.875964,0.719941,-0.017544,-0.001367,-0.033108,0.003464,-0.047147,-0.000404
10809.528000,-0.419311,0.077676,0.312685,-1.735959,-1.876249,0.719622,-0.019470,-0.001512,-0.026874,0.001631,-0.026660,-0.000475
10809.536000,-0.419445,0.077658,0.312469,-1.736106,-1.876416,0.719469,-0.017693,-0.001371,-0.028990,0.002195,-0.032356,-0.000470
10809.544000,-0.419594,0.077665,0.312218,-1.736386,-1.876525,0.719184,-0.017879,-0.001399,-0.034129,0.003918,-0.052728,-0.000359
10809.552000,-0.419728,0.077633,0.311996,-1.736496,-1.876779,0.718980,-0.019041,-0.001476,-0.025513,0.001281,-0.022374,-0.000490
10809.560000,-0.419871,0.077623,0.311728,-1.736753,-1.877039,0.718634,-0.017166,-0.001338,-0.033732,0.003642,-0.049076,-0.000397
10809.568000,-0.420019,0.077625,0.311467,-1.736990,-1.877273,0.718320,-0.018832,-0.001466,-0.027127,0.001960,-0.030317,-0.000434
10809.576000,-0.420166,0.077607,0.311243,-1.737173,-1.877455,0.718142,-0.017429,-0.001356,-0.032364,0.003196,-0.044000,-0.000421
10809.584000,-0.420299,0.077608,0.310988,-1.737416,-1.877701,0.717789,-0.018301,-0.001431,-0.029374,0.002850,-0.040579,-0.000367
10809.592000,-0.420436,0.077594,0.310736,-1.737628,-1.877970,0.717526,-0.017947,-0.001394,-0.029538,0.002462,-0.035720,-0.000440
10809.600000,-0.420586,0.077573,0.310503,-1.737760,-1.878209,0.717265,-0.017421,-0.001363,-0.032569,0.003646,-0.049417,-0.000352
10809.608000,-0.420728,0.077560,0.310258,-1.738013,-1.878357,0.717001,-0.018760,-0.001458,-0.027464,0.001884,-0.029356,-0.000457
10809.616000,-0.420865,0.077553,0.310000,-1.738235,-1.878605,0.716722,-0.016906,-0.001319,-0.033268,0.003673,-0.049439,-0.000376
10809.624000,-0.421011,0.077533,0.309746,-1.738421,-1.878825,0.716443,-0.018452,-0.001437,-0.027706,0.002162,-0.032546,-0.000422
10809.632000,-0.421137,0.077526,0.309510,-1.738636,-1.879074,0.716185,-0.016815,-0.001308,-0.034003,0.003608,-0.048550,-0.000412
10809.640000,-0.421284,0.077505,0.309248,-1.738867,-1.879308,0.715897,-0.018619,-0.001455,-0.030613,0.002898,-0.041220,-0.000397
10809.648000,-0.421418,0.077523,0.308970,-1.739165,-1.879538,0.715528,-0.016720,-0.001302,-0.034666,0.003826,-0.051110,-0.000398
10809.656000,-0.421563,0.077509,0.308692,-1.739491,-1.879798,0.715154,-0.018104,-0.001422,-0.033284,0.003968,-0.053657,-0.000314
10809.664000,-0.421708,0.077477,0.308428,-1.739665,-1.880099,0.714884,-0.016990,-0.001326,-0.035570,0.004070,-0.054086,-0.000385
10809.672000,-0.421847,0.077472,0.308163,-1.739951,-1.880346,0.714528,-0.017640,-0.001384,-0.033267,0.003907,-0.052690,-0.000327
10809.680000,-0.421984,0.077462,0.307912,-1.740114,-1.880618,0.714199,-0.019143,-0.001487,-0.026758,0.001643,-0.026774,-0.000467
10809.688000,-0.422127,0.077450,0.307677,-1.740325,-1.880847,0.713936,-0.017021,-0.001333,-0.035197,0.004256,-0.056413,-0.000340
10809.696000,-0.422276,0.077433,0.307388,-1.740598,-1.881133,0.713591,-0.018691,-0.001454,-0.028460,0.002156,-0.032576,-0.000444
10809.704000,-0.422412,0.077434,0.307148,-1.740821,-1.881289,0.713329,-0.016597,-0.001291,-0.033568,0.003526,-0.047585,-0.000409
10809.712000,-0.422556,0.077425,0.306889,-1.741023,-1.881545,0.713066,-0.017753,-0.001390,-0.032223,0.003545,-0.048535,-0.000349
10809.720000,-0.422700,0.077395,0.306618,-1.741285,-1.881827,0.712730,-0.017342,-0.001350,-0.029941,0.002680,-0.038102,-0.000418
10809.728000,-0.422827,0.077399,0.306355,-1.741588,-1.882040,0.712411,-0.017604,-0.001377,-0.031858,0.003415,-0.046944,-0.000358
10809.736000,-0.422961,0.077397,0.306090,-1.741789,-1.882292,0.712038,-0.017798,-0.001382,-0.027633,0.001999,-0.030366,-0.000448
10809.744000,-0.423105,0.077375,0.305828,-1.742029,-1.882575,0.711739,-0.016885,-0.001319,-0.032468,0.003506,-0.047634,-0.000370
10809.752000,-0.423242,0.077365,0.305549,-1.742291,-1.882817,0.711406,-0.017894,-0.001390,-0.027868,0.002059,-0.031126,-0.000445
10809.760000,-0.423375,0.077353,0.305317,-1.742461,-1.883054,0.711166,-0.016255,-0.001274,-0.033613,0.004039,-0.053660,-0.000325
10809.768000,-0.423519,0.077350,0.305026,-1.742765,-1.883338,0.710794,-0.018464,-0.001432,-0.026353,0.001567,-0.025640,-0.000470
10809.776000,-0.423650,0.077321,0.304809,-1.742886,-1.883542,0.710594,-0.016090,-0.001256,-0.034242,0.003926,-0.052155,-0.000366
10809.784000,-0.423785,0.077324,0.304547,-1.743130,-1.883791,0.710279,-0.018162,-0.001420,-0.032047,0.003266,-0.045466,-0.000382
10809.792000,-0.423921,0.077319,0.304296,-1.743402,-1.883955,0.710005,-0.016383,-0.001271,-0.034773,0.003613,-0.048516,-0.000433
10809.800000,-0.424068,0.077299,0.304012,-1.743686,-1.884245,0.709646,-0.017593,-0.001378,-0.031947,0.003470,-0.047666,-0.000349
10809.808000,-0.424195,0.077310,0.303771,-1.743924,-1.884417,0.709337,-0.016280,-0.001265,-0.034896,0.003759,-0.050245,-0.000412
10809.816000,-0.424328,0.077294,0.303475,-1.744181,-1.884755,0.708946,-0.016976,-0.001332,-0.035661,0.004441,-0.058769,-0.000318
10809.824000,-0.424466,0.077275,0.303211,-1.744407,-1.885005,0.708641,-0.017793,-0.001380,-0.030097,0.002374,-0.034727,-0.000467
10809.832000,-0.424612,0.077253,0.302938,-1.744675,-1.885286,0.708314,-0.016383,-0.001283,-0.035981,0.004409,-0.058036,-0.000339
10809.840000,-0.424741,0.077252,0.302637,-1.745001,-1.885594,0.707911,-0.018052,-0.001405,-0.029726,0.002528,-0.036778,-0.000425
10809.848000,-0.424879,0.077240,0.302378,-1.745190,-1.885889,0.707590,-0.016036,-0.001253,-0.035587,0.004229,-0.055761,-0.000358
10809.856000,-0.425015,0.077239,0.302090,-1.745498,-1.886130,0.707255,-0.017350,-0.001356,-0.032259,0.003404,-0.046796,-0.000370
10809.864000,-0.425140,0.077213,0.301822,-1.745728,-1.886429,0.706870,-0.016151,-0.001259,-0.035411,0.004014,-0.053244,-0.000386
10809.872000,-0.425283,0.077205,0.301543,-1.745993,-1.886700,0.706553,-0.017030,-0.001335,-0.032018,0.003579,-0.048768,-0.000335
10809.880000,-0.425414,0.077192,0.301267,-1.746252,-1.887058,0.706167,-0.017297,-0.001346,-0.030011,0.002636,-0.037707,-0.000422
10809.888000,-0.425550,0.077200,0.301030,-1.746503,-1.887159,0.705895,-0.016318,-0.001279,-0.033886,0.004079,-0.054326,-0.000320
10809.896000,-0.425677,0.077188,0.300774,-1.746746,-1.887384,0.705642,-0.017836,-0.001383,-0.026630,0.001677,-0.026728,-0.000463
10809.904000,-0.425812,0.077171,0.300528,-1.746966,-1.887622,0.705376,-0.015809,-0.001238,-0.034649,0.004205,-0.055532,-0.000328
10809.912000,-0.425940,0.077158,0.300269,-1.747124,-1.887881,0.705052,-0.017757,-0.001379,-0.027676,0.001992,-0.030401,-0.000446
10809.920000,-0.426070,0.077153,0.300020,-1.747387,-1.888112,0.704736,-0.015461,-0.001205,-0.033910,0.003827,-0.050864,-0.000369
10809.928000,-0.426207,0.077131,0.299720,-1.747672,-1.888474,0.704362,-0.017826,-0.001393,-0.028910,0.002618,-0.037905,-0.000381
10809.936000,-0.426345,0.077104,0.299455,-1.747884,-1.888787,0.704034,-0.015530,-0.001212,-0.035146,0.004095,-0.054012,-0.000365
10809.944000,-0.426475,0.077116,0.299164,-1.748189,-1.889031,0.703634,-0.017074,-0.001341,-0.033866,0.004048,-0.054386,-0.000315
10809.952000,-0.426605,0.077097,0.298884,-1.748428,-1.889356,0.703233,-0.015710,-0.001224,-0.035254,0.003995,-0.052914,-0.000383
10809.960000,-0.426736,0.077106,0.298583,-1.748800,-1.889645,0.702805,-0.018111,-0.001419,-0.030994,0.003199,-0.044937,-0.000350
10809.968000,-0.426873,0.077073,0.298325,-1.749033,-1.889864,0.702526,-0.015664,-0.001223,-0.035858,0.004229,-0.055675,-0.000364
10809.976000,-0.426999,0.077062,0.298064,-1.749277,-1.890193,0.702237,-0.016969,-0.001332,-0.033044,0.003827,-0.051763,-0.000324
10809.984000,-0.427124,0.077065,0.297760,-1.749636,-1.890465,0.701796,-0.015624,-0.001219,-0.037154,0.004442,-0.058163,-0.000371
10809.992000,-0.427257,0.077064,0.297495,-1.749853,-1.890769,0.701431,-0.016197,-0.001277,-0.036786,0.005011,-0.065403,-0.000257
10810.000000,-0.427390,0.077053,0.297236,-1.750116,-1.890958,0.701081,-0.017574,-0.001366,-0.028906,0.002299,-0.033997,-0.000434
10810.008000,-0.427529,0.077039,0.296948,-1.750422,-1.891237,0.700773,-0.015909,-0.001248,-0.036044,0.004528,-0.059488,-0.000315
10810.016000,-0.427654,0.077038,0.296667,-1.750714,-1.891554,0.700370,-0.017904,-0.001395,-0.029547,0.002525,-0.036869,-0.000414
10810.024000,-0.427787,0.077006,0.296418,-1.750813,-1.891854,0.700057,-0.014653,-0.001145,-0.037366,0.004705,-0.060864,-0.000340
10810.032000,-0.427927,0.076991,0.296101,-1.751210,-1.892195,0.699679,-0.017756,-0.001389,-0.029894,0.002858,-0.040790,-0.000371
10810.040000,-0.428047,0.076986,0.295857,-1.751418,-1.892444,0.699380,-0.014607,-0.001139,-0.037189,0.004569,-0.059249,-0.000357
10810.048000,-0.428182,0.076963,0.295553,-1.751727,-1.892769,0.698949,-0.015570,-0.001226,-0.035853,0.004740,-0.061919,-0.000274
10810.056000,-0.428302,0.076969,0.295297,-1.751997,-1.892983,0.698618,-0.017055,-0.001325,-0.030223,0.002580,-0.037057,-0.000434
10810.064000,-0.428430,0.076959,0.295009,-1.752257,-1.893325,0.698206,-0.015573,-0.001222,-0.033379,0.004044,-0.053761,-0.000306
10810.072000,-0.428546,0.076954,0.294723,-1.752562,-1.893602,0.697828,-0.014787,-0.001157,-0.037682,0.004851,-0.062761,-0.000322
10810.080000,-0.428673,0.076929,0.294446,-1.752822,-1.893946,0.697453,-0.015773,-0.001240,-0.035458,0.004533,-0.059603,-0.000292
10810.088000,-0.428801,0.076927,0.294174,-1.753134,-1.894176,0.697143,-0.016190,-0.001262,-0.033839,0.003598,-0.048651,-0.000391
10810.096000,-0.428931,0.076937,0.293913,-1.753334,-1.894396,0.696753,-0.016027,-0.001259,-0.036291,0.004642,-0.061042,-0.000297
10810.104000,-0.429053,0.076914,0.293616,-1.753630,-1.894756,0.696394,-0.016358,-0.001273,-0.032280,0.003175,-0.043790,-0.000407
10810.112000,-0.429190,0.076902,0.293335,-1.753919,-1.895046,0.696041,-0.015685,-0.001233,-0.036653,0.004767,-0.062349,-0.000291
10810.120000,-0.429310,0.076901,0.293063,-1.754198,-1.895293,0.695642,-0.017598,-0.001371,-0.029090,0.002439,-0.035804,-0.000412
10810.128000,-0.429440,0.076875,0.292763,-1.754533,-1.895649,0.695229,-0.015206,-0.001199,-0.037189,0.005076,-0.065806,-0.000260
10810.136000,-0.429565,0.076875,0.292472,-1.754855,-1.895929,0.694849,-0.016706,-0.001306,-0.033313,0.003595,-0.049003,-0.000366
10810.144000,-0.429687,0.076888,0.292208,-1.755067,-1.896170,0.694440,-0.015363,-0.001204,-0.037591,0.004836,-0.063017,-0.000311
10810.152000,-0.429816,0.076864,0.291919,-1.755374,-1.896505,0.694121,-0.016623,-0.001300,-0.033412,0.003685,-0.050077,-0.000354
10810.160000,-0.429943,0.076837,0.291618,-1.755675,-1.896885,0.693733,-0.014935,-0.001169,-0.036855,0.004631,-0.060355,-0.000325
10810.168000,-0.430070,0.076827,0.291331,-1.755951,-1.897181,0.693274,-0.016515,-0.001295,-0.033097,0.003779,-0.051176,-0.000328
10810.176000,-0.430188,0.076821,0.291047,-1.756223,-1.897483,0.692920,-0.014788,-0.001156,-0.036068,0.004394,-0.057508,-0.000339
10810.184000,-0.430309,0.076813,0.290771,-1.756508,-1.897785,0.692582,-0.016674,-0.001308,-0.033295,0.003830,-0.051898,-0.000324
10810.192000,-0.430429,0.076801,0.290489,-1.756736,-1.898098,0.692180,-0.014783,-0.001151,-0.035709,0.004103,-0.054021,-0.000375
10810.200000,-0.430557,0.076806,0.290189,-1.757148,-1.898355,0.691759,-0.016548,-0.001299,-0.031654,0.003570,-0.048855,-0.000313
10810.208000,-0.430679,0.076787,0.289937,-1.757282,-1.898642,0.691446,-0.015061,-0.001173,-0.034506,0.003811,-0.050760,-0.000381
10810.216000,-0.430807,0.076777,0.289637,-1.757684,-1.898934,0.691032,-0.016615,-0.001302,-0.032264,0.003567,-0.048803,-0.000333
10810.224000,-0.430920,0.076778,0.289365,-1.757894,-1.899229,0.690674,-0.014585,-0.001135,-0.035391,0.004052,-0.053390,-0.000373
10810.232000,-0.431045,0.076763,0.289101,-1.758201,-1.899463,0.690360,-0.016088,-0.001264,-0.033697,0.004085,-0.054724,-0.000297
10810.240000,-0.431172,0.076743,0.288784,-1.758508,-1.899856,0.689904,-0.014675,-0.001146,-0.036629,0.004428,-0.057895,-0.000350
10810.248000,-0.431293,0.076752,0.288485,-1.758813,-1.900153,0.689422,-0.015688,-0.001235,-0.035459,0.004601,-0.060660,-0.000271
10810.256000,-0.431415,0.076746,0.288196,-1.759177,-1.900434,0.689037,-0.014737,-0.001153,-0.036863,0.004617,-0.060250,-0.000323
10810.264000,-0.431541,0.076714,0.287861,-1.759540,-1.900882,0.688575,-0.016335,-0.001284,-0.034159,0.004132,-0.055413,-0.000301
10810.272000,-0.431664,0.076704,0.287581,-1.759785,-1.901232,0.688158,-0.014956,-0.001170,-0.036807,0.004519,-0.059167,-0.000336
10810.280000,-0.431784,0.076708,0.287286,-1.760091,-1.901525,0.687774,-0.016363,-0.001280,-0.032855,0.003571,-0.048764,-0.000351
10810.288000,-0.431913,0.076689,0.286992,-1.760388,-1.901854,0.687364,-0.014925,-0.001170,-0.036524,0.004584,-0.060003,-0.000314
10810.296000,-0.432027,0.076676,0.286718,-1.760639,-1.902132,0.687006,-0.016087,-0.001255,-0.033245,0.003504,-0.047769,-0.000378
10810.304000,-0.432153,0.076675,0.286428,-1.760911,-1.902448,0.686606,-0.014878,-0.001169,-0.036954,0.004822,-0.062864,-0.000288
10810.312000,-0.432260,0.076680,0.286154,-1.761246,-1.902688,0.686178,-0.015968,-0.001247,-0.033931,0.003711,-0.050215,-0.000365
10810.320000,-0.432387,0.076668,0.285852,-1.761563,-1.903041,0.685772,-0.015139,-0.001194,-0.036904,0.005005,-0.065278,-0.000251
10810.328000,-0.432509,0.076641,0.285519,-1.761919,-1.903440,0.685259,-0.014334,-0.001125,-0.037974,0.004995,-0.064611,-0.000296
10810.336000,-0.432626,0.076641,0.285242,-1.762215,-1.903738,0.684868,-0.015223,-0.001200,-0.036486,0.004869,-0.063702,-0.000259
10810.344000,-0.432751,0.076618,0.284904,-1.762558,-1.904195,0.684395,-0.014519,-0.001137,-0.037688,0.004774,-0.062065,-0.000322
10810.344000,-0.432751,0.076618,0.284904,-1.762558,-1.904195,0.684395,-0.014519,-0.001137,-0.037688,0.004774,-0.062065,-0.000322
10810.360000,-0.432977,0.076604,0.284338,-1.763172,-1.904808,0.683604,-0.014387,-0.001129,-0.037195,0.004818,-0.062615,-0.000298
10810.368000,-0.433094,0.076593,0.284037,-1.763420,-1.905112,0.683181,-0.014103,-0.001108,-0.038353,0.005134,-0.066215,-0.000285
10810.376000,-0.433211,0.076582,0.283749,-1.763729,-1.905432,0.682808,-0.014524,-0.001141,-0.034520,0.004352,-0.057275,-0.000286
10810.384000,-0.433320,0.076575,0.283483,-1.764009,-1.905688,0.682427,-0.014409,-0.001133,-0.038279,0.005133,-0.066393,-0.000279
10810.392000,-0.433424,0.076588,0.283167,-1.764435,-1.905999,0.681913,-0.015241,-0.001200,-0.036067,0.004718,-0.062017,-0.000267
10810.400000,-0.433557,0.076556,0.282883,-1.764599,-1.906381,0.681559,-0.014363,-0.001127,-0.037294,0.004798,-0.062395,-0.000303
10810.408000,-0.433666,0.076536,0.282593,-1.764932,-1.906705,0.681196,-0.014850,-0.001165,-0.037075,0.004642,-0.060763,-0.000317
10810.416000,-0.433793,0.076543,0.282286,-1.765274,-1.906982,0.680737,-0.015021,-0.001176,-0.035643,0.004291,-0.056747,-0.000327
10810.424000,-0.433905,0.076534,0.281987,-1.765565,-1.907312,0.680320,-0.014328,-0.001123,-0.038187,0.004895,-0.063527,-0.000315
10810.432000,-0.434026,0.076514,0.281673,-1.765911,-1.907703,0.679849,-0.015746,-0.001238,-0.035136,0.004318,-0.057495,-0.000299
10810.440000,-0.434138,0.076515,0.281385,-1.766163,-1.908044,0.679430,-0.014390,-0.001128,-0.037528,0.004803,-0.062515,-0.000307
10810.448000,-0.434255,0.076522,0.281089,-1.766528,-1.908286,0.679014,-0.015699,-0.001229,-0.034525,0.003987,-0.053559,-0.000334
10810.456000,-0.434376,0.076495,0.280775,-1.766838,-1.908723,0.678563,-0.014297,-0.001121,-0.037068,0.004702,-0.061306,-0.000309
10810.464000,-0.434493,0.076486,0.280493,-1.767184,-1.908974,0.678201,-0.014078,-0.001106,-0.038864,0.005173,-0.066789,-0.000289
10810.472000,-0.434603,0.076492,0.280213,-1.767476,-1.909268,0.677800,-0.014809,-0.001163,-0.036296,0.004589,-0.060320,-0.000296
10810.480000,-0.434718,0.076467,0.279896,-1.767783,-1.909640,0.677373,-0.013801,-0.001083,-0.038302,0.005080,-0.065580,-0.000288
10810.488000,-0.434836,0.076457,0.279567,-1.768112,-1.910072,0.676778,-0.014687,-0.001158,-0.037103,0.004982,-0.064953,-0.000257
10810.496000,-0.434938,0.076457,0.279314,-1.768396,-1.910320,0.676455,-0.014024,-0.001100,-0.038154,0.004962,-0.064310,-0.000300
10810.504000,-0.435063,0.076417,0.278998,-1.768714,-1.910718,0.676016,-0.014520,-0.001146,-0.036400,0.004882,-0.063696,-0.000252
10810.512000,-0.435157,0.076435,0.278683,-1.769086,-1.911076,0.675499,-0.014028,-0.001104,-0.038360,0.005162,-0.066752,-0.000272
10810.520000,-0.435279,0.076418,0.278385,-1.769354,-1.911442,0.675105,-0.013684,-0.001079,-0.039130,0.005445,-0.069956,-0.000252
10810.528000,-0.435386,0.076397,0.278070,-1.769747,-1.911793,0.674608,-0.014118,-0.001112,-0.037242,0.004992,-0.064808,-0.000263
10810.536000,-0.435495,0.076409,0.277755,-1.770056,-1.912142,0.674115,-0.013829,-0.001088,-0.039294,0.005347,-0.068857,-0.000272
10810.544000,-0.435609,0.076412,0.277449,-1.770466,-1.912433,0.673646,-0.014473,-0.001141,-0.038336,0.005214,-0.067690,-0.000256
10810.552000,-0.435719,0.076397,0.277148,-1.770747,-1.912807,0.673219,-0.013477,-0.001059,-0.038240,0.005127,-0.066115,-0.000276
10810.560000,-0.435834,0.076374,0.276846,-1.771063,-1.913189,0.672823,-0.014161,-0.001117,-0.037996,0.005171,-0.067025,-0.000255
10810.568000,-0.435946,0.076361,0.276512,-1.771475,-1.913599,0.672277,-0.013836,-0.001087,-0.038713,0.005134,-0.066340,-0.000287
10810.576000,-0.436062,0.076350,0.276212,-1.771748,-1.913908,0.671837,-0.013740,-0.001082,-0.039634,0.005447,-0.070028,-0.000265
10810.584000,-0.436170,0.076376,0.275866,-1.772197,-1.914288,0.671265,-0.014588,-0.001145,-0.037181,0.004701,-0.061662,-0.000303
10810.592000,-0.436275,0.076336,0.275593,-1.772442,-1.914639,0.670914,-0.013498,-0.001061,-0.038519,0.005141,-0.066311,-0.000281
10810.600000,-0.436386,0.076340,0.275232,-1.772848,-1.915055,0.670305,-0.013529,-0.001070,-0.040752,0.005932,-0.075822,-0.000218
10810.608000,-0.436495,0.076335,0.274957,-1.773124,-1.915338,0.669961,-0.013952,-0.001096,-0.036972,0.004782,-0.062358,-0.000286
10810.616000,-0.436611,0.076315,0.274654,-1.773433,-1.915689,0.669538,-0.013525,-0.001065,-0.038601,0.005274,-0.067988,-0.000259
10810.624000,-0.436715,0.076320,0.274303,-1.773901,-1.916113,0.668965,-0.013741,-0.001082,-0.038227,0.005201,-0.067282,-0.000257
10810.632000,-0.436820,0.076315,0.273996,-1.774182,-1.916502,0.668432,-0.013182,-0.001040,-0.039356,0.005575,-0.071484,-0.000234
10810.640000,-0.436936,0.076274,0.273675,-1.774537,-1.916912,0.668003,-0.013780,-0.001085,-0.037440,0.004990,-0.064770,-0.000266
10810.648000,-0.437051,0.076274,0.273360,-1.774871,-1.917273,0.667531,-0.013615,-0.001076,-0.038433,0.005396,-0.069580,-0.000230
10810.656000,-0.437151,0.076277,0.273069,-1.775219,-1.917574,0.667091,-0.013148,-0.001034,-0.037836,0.005065,-0.065384,-0.000271
10810.664000,-0.437249,0.076274,0.272707,-1.775655,-1.918041,0.666472,-0.013064,-0.001034,-0.040375,0.005883,-0.075143,-0.000214
10810.672000,-0.437362,0.076259,0.272420,-1.775927,-1.918381,0.666079,-0.012818,-0.001013,-0.039905,0.005784,-0.073848,-0.000217
10810.680000,-0.437472,0.076248,0.272116,-1.776267,-1.918695,0.665608,-0.013523,-0.001064,-0.035821,0.004673,-0.060996,-0.000267
10810.688000,-0.437576,0.076235,0.271827,-1.776597,-1.919024,0.665185,-0.013094,-0.001034,-0.039059,0.005509,-0.070710,-0.000233
10810.696000,-0.437670,0.076219,0.271483,-1.776964,-1.919508,0.664656,-0.013037,-0.001030,-0.040560,0.005802,-0.074130,-0.000233
10810.704000,-0.437778,0.076223,0.271178,-1.777322,-1.919827,0.664156,-0.012940,-0.001019,-0.040196,0.005590,-0.071555,-0.000257
10810.712000,-0.437894,0.076200,0.270884,-1.777571,-1.920143,0.663759,-0.014070,-0.001107,-0.036550,0.004714,-0.061733,-0.000278
10810.720000,-0.437997,0.076205,0.270581,-1.777911,-1.920456,0.663355,-0.012903,-0.001014,-0.038159,0.005084,-0.065555,-0.000277
10810.728000,-0.438093,0.076206,0.270248,-1.778342,-1.920816,0.662761,-0.012763,-0.001010,-0.040390,0.005892,-0.075190,-0.000212
10810.736000,-0.438201,0.076173,0.269900,-1.778677,-1.921344,0.662257,-0.012759,-0.001010,-0.040886,0.005980,-0.076198,-0.000213
10810.744000,-0.438311,0.076181,0.269582,-1.779073,-1.921664,0.661748,-0.013188,-0.001041,-0.038519,0.005366,-0.069164,-0.000236
10810.752000,-0.438407,0.076180,0.269293,-1.779385,-1.921964,0.661314,-0.012753,-0.001008,-0.039571,0.005675,-0.072644,-0.000221
10810.760000,-0.438502,0.076170,0.268951,-1.779782,-1.922450,0.660738,-0.012535,-0.000988,-0.039259,0.005470,-0.070064,-0.000247
10810.768000,-0.438604,0.076168,0.268624,-1.780164,-1.922803,0.660227,-0.012290,-0.000973,-0.039201,0.005724,-0.073078,-0.000203
10810.776000,-0.438710,0.076146,0.268316,-1.780432,-1.923209,0.659734,-0.012294,-0.000969,-0.039029,0.005441,-0.069605,-0.000246
10810.784000,-0.438803,0.076159,0.267998,-1.780824,-1.923543,0.659239,-0.012849,-0.001014,-0.037583,0.005202,-0.067147,-0.000234
10810.792000,-0.438903,0.076139,0.267735,-1.781112,-1.923810,0.658919,-0.012648,-0.000995,-0.037686,0.005089,-0.065646,-0.000258
10810.800000,-0.438991,0.076127,0.267421,-1.781461,-1.924228,0.658399,-0.012337,-0.000973,-0.039209,0.005498,-0.070360,-0.000240
10810.808000,-0.439091,0.076113,0.267095,-1.781824,-1.924646,0.657893,-0.011914,-0.000942,-0.039032,0.005657,-0.072112,-0.000210
10810.816000,-0.439191,0.076119,0.266783,-1.782181,-1.924956,0.657380,-0.012191,-0.000962,-0.039942,0.005709,-0.072844,-0.000228
10810.824000,-0.439290,0.076098,0.266494,-1.782441,-1.925323,0.657012,-0.012374,-0.000976,-0.038087,0.005292,-0.067982,-0.000237
10810.832000,-0.439387,0.076102,0.266202,-1.782771,-1.925635,0.656526,-0.012525,-0.000987,-0.037945,0.005194,-0.066908,-0.000248
10810.840000,-0.439483,0.076083,0.265861,-1.783157,-1.926078,0.655999,-0.012302,-0.000972,-0.039354,0.005631,-0.072023,-0.000220
10810.848000,-0.439569,0.076082,0.265543,-1.783501,-1.926491,0.655461,-0.012054,-0.000954,-0.039984,0.005854,-0.074597,-0.000204
10810.856000,-0.439668,0.076084,0.265228,-1.783978,-1.926817,0.654945,-0.012037,-0.000949,-0.039989,0.005656,-0.072184,-0.000238
10810.864000,-0.439775,0.076070,0.264935,-1.784201,-1.927150,0.654571,-0.012785,-0.001012,-0.038190,0.005410,-0.069727,-0.000214
10810.872000,-0.439875,0.076058,0.264615,-1.784563,-1.927552,0.654041,-0.012222,-0.000961,-0.038146,0.005169,-0.066482,-0.000259
10810.880000,-0.439954,0.076062,0.264294,-1.784956,-1.927925,0.653510,-0.011957,-0.000949,-0.040166,0.005996,-0.076350,-0.000184
10810.888000,-0.440050,0.076053,0.263951,-1.785376,-1.928359,0.652952,-0.011871,-0.000941,-0.040514,0.006022,-0.076603,-0.000191
10810.896000,-0.440156,0.076032,0.263653,-1.785647,-1.928715,0.652485,-0.011798,-0.000933,-0.040199,0.005837,-0.074310,-0.000213
10810.904000,-0.440261,0.076033,0.263337,-1.785986,-1.929082,0.651999,-0.012603,-0.000998,-0.038830,0.005595,-0.071915,-0.000202
10810.912000,-0.440352,0.076005,0.263016,-1.786309,-1.929520,0.651503,-0.011905,-0.000938,-0.038521,0.005324,-0.068220,-0.000245
10810.920000,-0.440439,0.076012,0.262713,-1.786735,-1.929827,0.651048,-0.011682,-0.000928,-0.039924,0.006017,-0.076527,-0.000172
10810.928000,-0.440531,0.076026,0.262382,-1.787136,-1.930201,0.650469,-0.011768,-0.000928,-0.039459,0.005599,-0.071540,-0.000228
10810.936000,-0.440624,0.075998,0.262104,-1.787335,-1.930572,0.650083,-0.011583,-0.000917,-0.039303,0.005750,-0.073278,-0.000198
10810.944000,-0.440717,0.075997,0.261784,-1.787763,-1.930929,0.649545,-0.012136,-0.000959,-0.038612,0.005458,-0.070070,-0.000221
10810.952000,-0.440818,0.075963,0.261467,-1.788081,-1.931362,0.649067,-0.012016,-0.000949,-0.038153,0.005340,-0.068555,-0.000228
10810.960000,-0.440903,0.075995,0.261169,-1.788471,-1.931613,0.648639,-0.011620,-0.000915,-0.038800,0.005394,-0.069055,-0.000241
10810.968000,-0.441003,0.075962,0.260810,-1.788779,-1.932127,0.647979,-0.011368,-0.000899,-0.039342,0.005692,-0.072480,-0.000210
10810.976000,-0.441093,0.075962,0.260523,-1.789131,-1.932407,0.647609,-0.011304,-0.000889,-0.038641,0.005350,-0.068342,-0.000246
10810.984000,-0.441183,0.075957,0.260227,-1.789471,-1.932707,0.647151,-0.011566,-0.000912,-0.038126,0.005314,-0.068095,-0.000233
10810.992000,-0.441275,0.075951,0.259957,-1.789759,-1.933020,0.646805,-0.011727,-0.000923,-0.036330,0.004893,-0.063185,-0.000245
10811.000000,-0.441363,0.075953,0.259625,-1.790152,-1.933432,0.646272,-0.011575,-0.000911,-0.038379,0.005269,-0.067584,-0.000248
10811.008000,-0.441447,0.075939,0.259307,-1.790508,-1.933812,0.645734,-0.011201,-0.000892,-0.039962,0.006130,-0.077830,-0.000153
10811.016000,-0.441536,0.075937,0.258990,-1.790902,-1.934186,0.645209,-0.011150,-0.000880,-0.039263,0.005594,-0.071300,-0.000223
10811.024000,-0.441627,0.075929,0.258678,-1.791240,-1.934593,0.644687,-0.011163,-0.000887,-0.040414,0.006096,-0.077395,-0.000173
10811.032000,-0.441726,0.075915,0.258375,-1.791590,-1.934925,0.644262,-0.011717,-0.000926,-0.038791,0.005524,-0.070791,-0.000214
10811.040000,-0.441820,0.075908,0.258042,-1.791936,-1.935340,0.643728,-0.011910,-0.000938,-0.037117,0.005004,-0.064658,-0.000248
10811.048000,-0.441903,0.075919,0.257727,-1.792332,-1.935726,0.643128,-0.011425,-0.000906,-0.040012,0.005940,-0.075710,-0.000183
10811.056000,-0.441994,0.075891,0.257398,-1.792620,-1.936147,0.642656,-0.011087,-0.000876,-0.039382,0.005665,-0.072179,-0.000213
10811.064000,-0.442080,0.075882,0.257080,-1.792984,-1.936550,0.642165,-0.010917,-0.000862,-0.039337,0.005666,-0.072116,-0.000212
10811.072000,-0.442170,0.075884,0.256769,-1.793402,-1.936850,0.641623,-0.010864,-0.000859,-0.039734,0.005800,-0.073726,-0.000202
10811.080000,-0.442258,0.075858,0.256431,-1.793717,-1.937357,0.641125,-0.010675,-0.000843,-0.039076,0.005610,-0.071327,-0.000215
10811.088000,-0.442333,0.075876,0.256136,-1.794124,-1.937605,0.640620,-0.010517,-0.000833,-0.039159,0.005786,-0.073453,-0.000187
10811.096000,-0.442423,0.075865,0.255834,-1.794427,-1.938027,0.640172,-0.010471,-0.000829,-0.039042,0.005732,-0.072784,-0.000193
10811.104000,-0.442520,0.075843,0.255542,-1.794721,-1.938347,0.639745,-0.010914,-0.000867,-0.038651,0.005758,-0.073354,-0.000172
10811.112000,-0.442600,0.075848,0.255230,-1.795131,-1.938684,0.639216,-0.011051,-0.000869,-0.037970,0.005173,-0.066318,-0.000250
10811.120000,-0.442688,0.075825,0.254921,-1.795401,-1.939095,0.638768,-0.010588,-0.000836,-0.037653,0.005343,-0.068175,-0.000214
10811.128000,-0.442766,0.075839,0.254611,-1.795759,-1.939436,0.638270,-0.010784,-0.000850,-0.038872,0.005468,-0.069766,-0.000229
10811.136000,-0.442851,0.075820,0.254305,-1.796085,-1.939814,0.637819,-0.010597,-0.000835,-0.038181,0.005334,-0.068079,-0.000231
10811.144000,-0.442930,0.075837,0.254009,-1.796452,-1.940073,0.637338,-0.010357,-0.000814,-0.037204,0.005130,-0.065561,-0.000236
10811.152000,-0.443012,0.075825,0.253671,-1.796807,-1.940522,0.636776,-0.010519,-0.000830,-0.038980,0.005597,-0.071266,-0.000211
10811.160000,-0.443100,0.075800,0.253371,-1.797092,-1.940895,0.636290,-0.010237,-0.000809,-0.038345,0.005514,-0.070118,-0.000207
10811.168000,-0.443182,0.075791,0.253062,-1.797448,-1.941298,0.635819,-0.010359,-0.000818,-0.039169,0.005645,-0.071733,-0.000210
10811.176000,-0.443271,0.075788,0.252719,-1.797856,-1.941694,0.635282,-0.010198,-0.000804,-0.038608,0.005486,-0.069764,-0.000220
10811.184000,-0.443356,0.075781,0.252405,-1.798217,-1.942055,0.634790,-0.010147,-0.000802,-0.038918,0.005633,-0.071532,-0.000205
10811.192000,-0.443430,0.075779,0.252086,-1.798521,-1.942448,0.634230,-0.010105,-0.000799,-0.039033,0.005680,-0.072091,-0.000200
10811.200000,-0.443515,0.075763,0.251765,-1.798952,-1.942847,0.633763,-0.009982,-0.000792,-0.039162,0.005873,-0.074408,-0.000171
10811.208000,-0.443595,0.075757,0.251465,-1.799272,-1.943204,0.633271,-0.010187,-0.000805,-0.039576,0.005751,-0.072980,-0.000204
10811.216000,-0.443680,0.075752,0.251160,-1.799574,-1.943563,0.632784,-0.010025,-0.000790,-0.037546,0.005282,-0.067304,-0.000221
10811.224000,-0.443764,0.075767,0.250871,-1.799940,-1.943828,0.632315,-0.010831,-0.000854,-0.036841,0.005070,-0.065225,-0.000227
10811.232000,-0.443845,0.075751,0.250572,-1.800283,-1.944200,0.631908,-0.010616,-0.000836,-0.036661,0.005031,-0.064651,-0.000230
10811.240000,-0.443934,0.075725,0.250281,-1.800500,-1.944577,0.631464,-0.010099,-0.000794,-0.036963,0.005055,-0.064615,-0.000240
10811.248000,-0.444013,0.075725,0.249952,-1.800875,-1.944994,0.630879,-0.009942,-0.000786,-0.038057,0.005495,-0.069889,-0.000199
10811.256000,-0.444088,0.075717,0.249633,-1.801289,-1.945358,0.630400,-0.009846,-0.000774,-0.037631,0.005233,-0.066659,-0.000232
10811.264000,-0.444170,0.075720,0.249353,-1.801602,-1.945675,0.629965,-0.009900,-0.000781,-0.038551,0.005497,-0.069903,-0.000214
10811.272000,-0.444241,0.075706,0.249020,-1.801976,-1.946058,0.629426,-0.009831,-0.000775,-0.038239,0.005397,-0.068651,-0.000222
10811.280000,-0.444322,0.075712,0.248724,-1.802308,-1.946350,0.628947,-0.009775,-0.000772,-0.038450,0.005538,-0.070371,-0.000204
10811.288000,-0.444394,0.075709,0.248393,-1.802646,-1.946788,0.628346,-0.009707,-0.000763,-0.037759,0.005249,-0.066840,-0.000232
10811.296000,-0.444470,0.075712,0.248086,-1.803026,-1.947108,0.627880,-0.009477,-0.000748,-0.037519,0.005413,-0.068789,-0.000197
10811.304000,-0.444548,0.075685,0.247796,-1.803330,-1.947502,0.627421,-0.009324,-0.000735,-0.036772,0.005206,-0.066190,-0.000210
10811.312000,-0.444627,0.075689,0.247500,-1.803622,-1.947812,0.626979,-0.009394,-0.000740,-0.037409,0.005320,-0.067614,-0.000210
10811.320000,-0.444692,0.075688,0.247171,-1.804044,-1.948249,0.626394,-0.009449,-0.000749,-0.038526,0.005706,-0.072343,-0.000178
10811.328000,-0.444770,0.075670,0.246885,-1.804314,-1.948596,0.626009,-0.009451,-0.000744,-0.037940,0.005348,-0.067958,-0.000221
10811.336000,-0.444849,0.075650,0.246593,-1.804599,-1.948931,0.625564,-0.009372,-0.000741,-0.038288,0.005565,-0.070551,-0.000195
10811.344000,-0.444915,0.075671,0.246295,-1.804972,-1.949258,0.625038,-0.009414,-0.000741,-0.038260,0.005431,-0.068990,-0.000216
10811.352000,-0.444998,0.075649,0.245963,-1.805310,-1.949688,0.624518,-0.009383,-0.000742,-0.038691,0.005626,-0.071321,-0.000197
10811.360000,-0.445068,0.075646,0.245680,-1.805658,-1.950004,0.624098,-0.009328,-0.000735,-0.038174,0.005414,-0.068746,-0.000217
10811.368000,-0.445147,0.075641,0.245371,-1.806004,-1.950341,0.623610,-0.009275,-0.000737,-0.039108,0.005898,-0.074632,-0.000162
10811.376000,-0.445229,0.075647,0.245046,-1.806334,-1.950724,0.623041,-0.009345,-0.000737,-0.038770,0.005588,-0.070906,-0.000204
10811.384000,-0.445301,0.075634,0.244777,-1.806651,-1.951006,0.622689,-0.010376,-0.000814,-0.036028,0.004742,-0.061211,-0.000256
10811.392000,-0.445390,0.075628,0.244494,-1.806889,-1.951343,0.622245,-0.010025,-0.000788,-0.035383,0.004718,-0.060795,-0.000241
10811.400000,-0.445450,0.075617,0.244217,-1.807219,-1.951632,0.621859,-0.009766,-0.000767,-0.036497,0.004926,-0.063144,-0.000243
10811.408000,-0.445515,0.075628,0.243912,-1.807564,-1.951976,0.621349,-0.009313,-0.000738,-0.037635,0.005527,-0.070280,-0.000177
10811.416000,-0.445596,0.075607,0.243593,-1.807855,-1.952418,0.620815,-0.009177,-0.000717,-0.036250,0.004795,-0.061250,-0.000262
10811.424000,-0.445675,0.075589,0.243300,-1.808183,-1.952728,0.620423,-0.009089,-0.000717,-0.037403,0.005311,-0.067484,-0.000209
10811.432000,-0.445743,0.075582,0.243003,-1.808522,-1.953097,0.619944,-0.009051,-0.000714,-0.037649,0.005363,-0.068101,-0.000208
10811.440000,-0.445805,0.075596,0.242701,-1.808871,-1.953400,0.619412,-0.009061,-0.000714,-0.037974,0.005412,-0.068732,-0.000209
10811.448000,-0.445881,0.075589,0.242419,-1.809208,-1.953703,0.619019,-0.008772,-0.000691,-0.037541,0.005362,-0.068005,-0.000206
10811.456000,-0.445951,0.075577,0.242097,-1.809525,-1.954118,0.618515,-0.008934,-0.000702,-0.037968,0.005291,-0.067174,-0.000231
10811.464000,-0.446021,0.075586,0.241804,-1.809895,-1.954390,0.617996,-0.008755,-0.000692,-0.038076,0.005557,-0.070398,-0.000188
10811.472000,-0.446095,0.075557,0.241527,-1.810066,-1.954818,0.617595,-0.008928,-0.000701,-0.036208,0.004942,-0.063003,-0.000235
10811.480000,-0.446164,0.075565,0.241243,-1.810447,-1.955099,0.617169,-0.008990,-0.000709,-0.037206,0.005285,-0.067232,-0.000205
10811.488000,-0.446238,0.075566,0.240948,-1.810760,-1.955401,0.616714,-0.009028,-0.000711,-0.037421,0.005289,-0.067318,-0.000211
10811.496000,-0.446311,0.075560,0.240643,-1.811112,-1.955753,0.616226,-0.009061,-0.000713,-0.037926,0.005332,-0.067839,-0.000219
10811.504000,-0.446384,0.075542,0.240327,-1.811446,-1.956194,0.615721,-0.008876,-0.000702,-0.037737,0.005468,-0.069424,-0.000190
10811.512000,-0.446459,0.075532,0.240044,-1.811693,-1.956534,0.615260,-0.009339,-0.000732,-0.036826,0.004943,-0.063253,-0.000249
10811.520000,-0.446529,0.075532,0.239758,-1.812050,-1.956773,0.614866,-0.009233,-0.000725,-0.036662,0.004980,-0.063688,-0.000238
10811.528000,-0.446590,0.075551,0.239449,-1.812470,-1.957066,0.614321,-0.008949,-0.000702,-0.036843,0.005039,-0.064294,-0.000235
10811.536000,-0.446657,0.075533,0.239161,-1.812695,-1.957483,0.613883,-0.008864,-0.000696,-0.037322,0.005138,-0.065435,-0.000234
10811.544000,-0.446739,0.075518,0.238873,-1.812995,-1.957787,0.613445,-0.008705,-0.000686,-0.037553,0.005335,-0.067762,-0.000208
10811.552000,-0.446806,0.075526,0.238583,-1.813305,-1.958106,0.613010,-0.008735,-0.000687,-0.037667,0.005302,-0.067408,-0.000216
10811.560000,-0.446877,0.075521,0.238263,-1.813684,-1.958489,0.612480,-0.009169,-0.000718,-0.036755,0.004932,-0.063129,-0.000248
10811.568000,-0.446957,0.075503,0.238005,-1.813916,-1.958739,0.612181,-0.009349,-0.000734,-0.035800,0.004797,-0.061625,-0.000239
10811.576000,-0.447023,0.075493,0.237699,-1.814264,-1.959128,0.611648,-0.009001,-0.000704,-0.035779,0.004725,-0.060554,-0.000254
10811.584000,-0.447092,0.075484,0.237379,-1.814571,-1.959493,0.611154,-0.008541,-0.000672,-0.036097,0.005012,-0.063839,-0.000217
10811.592000,-0.447155,0.075491,0.237099,-1.814835,-1.959805,0.610676,-0.008503,-0.000669,-0.036865,0.005171,-0.065760,-0.000214
10811.600000,-0.447221,0.075479,0.236807,-1.815201,-1.960140,0.610247,-0.008366,-0.000660,-0.036977,0.005270,-0.066906,-0.000201
10811.608000,-0.447291,0.075468,0.236495,-1.815503,-1.960567,0.609803,-0.008355,-0.000657,-0.036879,0.005152,-0.065453,-0.000218
10811.616000,-0.447362,0.075474,0.236229,-1.815843,-1.960745,0.609356,-0.008839,-0.000695,-0.034950,0.004760,-0.061022,-0.000221
10811.624000,-0.447439,0.075455,0.235931,-1.816127,-1.961132,0.608922,-0.008898,-0.000694,-0.034792,0.004436,-0.057052,-0.000272
10811.632000,-0.447496,0.075446,0.235623,-1.816433,-1.961480,0.608463,-0.008276,-0.000647,-0.034712,0.004618,-0.058975,-0.000242
10811.640000,-0.447561,0.075478,0.235352,-1.816795,-1.961700,0.608016,-0.008129,-0.000638,-0.035576,0.004931,-0.062788,-0.000215
10811.648000,-0.447633,0.075447,0.235071,-1.817017,-1.962069,0.607599,-0.008163,-0.000639,-0.035926,0.004878,-0.062090,-0.000236
10811.656000,-0.447696,0.075452,0.234796,-1.817280,-1.962371,0.607170,-0.008239,-0.000646,-0.036611,0.005020,-0.063867,-0.000232
10811.664000,-0.447771,0.075438,0.234489,-1.817554,-1.962729,0.606775,-0.008800,-0.000688,-0.035590,0.004668,-0.059880,-0.000256
10811.672000,-0.447831,0.075429,0.234238,-1.817867,-1.962961,0.606407,-0.008615,-0.000670,-0.034583,0.004349,-0.055900,-0.000281
10811.680000,-0.447895,0.075429,0.233931,-1.818187,-1.963277,0.605950,-0.008352,-0.000655,-0.036335,0.004957,-0.063194,-0.000232
10811.688000,-0.447962,0.075429,0.233651,-1.818505,-1.963568,0.605519,-0.008141,-0.000638,-0.036263,0.004978,-0.063361,-0.000227
10811.696000,-0.448034,0.075409,0.233352,-1.818763,-1.963928,0.605072,-0.008128,-0.000638,-0.036600,0.005052,-0.064226,-0.000225
10811.704000,-0.448106,0.075426,0.233056,-1.819089,-1.964244,0.604561,-0.008972,-0.000705,-0.034488,0.004604,-0.059337,-0.000229
10811.712000,-0.448172,0.075394,0.232773,-1.819344,-1.964584,0.604175,-0.008570,-0.000666,-0.035660,0.004485,-0.057515,-0.000291
10811.720000,-0.448229,0.075412,0.232473,-1.819729,-1.964887,0.603630,-0.008017,-0.000632,-0.036362,0.005177,-0.065807,-0.000195
10811.728000,-0.448298,0.075383,0.232171,-1.819987,-1.965348,0.603175,-0.008098,-0.000631,-0.035835,0.004698,-0.059916,-0.000262
10811.736000,-0.448364,0.075383,0.231883,-1.820331,-1.965620,0.602751,-0.007883,-0.000618,-0.035658,0.004895,-0.062276,-0.000223
10811.744000,-0.448442,0.075378,0.231585,-1.820653,-1.965931,0.602289,-0.008166,-0.000637,-0.034390,0.004442,-0.056922,-0.000260
10811.752000,-0.448505,0.075367,0.231325,-1.820816,-1.966250,0.601938,-0.008424,-0.000658,-0.033473,0.004298,-0.055341,-0.000254
10811.760000,-0.448559,0.075375,0.231032,-1.821199,-1.966525,0.601441,-0.007986,-0.000624,-0.034626,0.004551,-0.058178,-0.000249
10811.768000,-0.448624,0.075372,0.230780,-1.821483,-1.966801,0.601099,-0.007728,-0.000605,-0.034965,0.004725,-0.060193,-0.000231
10811.776000,-0.448687,0.075363,0.230493,-1.821785,-1.967091,0.600676,-0.007607,-0.000595,-0.034556,0.004644,-0.059156,-0.000233
10811.784000,-0.448749,0.075376,0.230200,-1.822086,-1.967421,0.600151,-0.008202,-0.000639,-0.033612,0.004294,-0.055236,-0.000259
10811.792000,-0.448813,0.075365,0.229934,-1.822362,-1.967721,0.599769,-0.008396,-0.000654,-0.032353,0.003990,-0.051658,-0.000271
10811.800000,-0.448877,0.075350,0.229652,-1.822648,-1.968041,0.599335,-0.007905,-0.000616,-0.034284,0.004449,-0.056950,-0.000255
10811.808000,-0.448930,0.075355,0.229380,-1.822937,-1.968314,0.598960,-0.007581,-0.000589,-0.033903,0.004338,-0.055444,-0.000265
10811.816000,-0.448996,0.075339,0.229122,-1.823187,-1.968578,0.598616,-0.007450,-0.000583,-0.034780,0.004739,-0.060293,-0.000223
10811.824000,-0.449064,0.075324,0.228867,-1.823377,-1.968865,0.598255,-0.008754,-0.000681,-0.032309,0.003852,-0.050140,-0.000291
10811.832000,-0.449126,0.075334,0.228616,-1.823647,-1.969087,0.597908,-0.007820,-0.000607,-0.033208,0.004149,-0.053295,-0.000273
10811.840000,-0.449186,0.075340,0.228299,-1.823940,-1.969468,0.597385,-0.007885,-0.000613,-0.034632,0.004440,-0.056878,-0.000266
10811.848000,-0.449246,0.075319,0.228042,-1.824205,-1.969725,0.597051,-0.007768,-0.000605,-0.034244,0.004414,-0.056501,-0.000260
10811.856000,-0.449317,0.075298,0.227746,-1.824462,-1.970092,0.596615,-0.007671,-0.000600,-0.035572,0.004752,-0.060532,-0.000243
10811.864000,-0.449382,0.075308,0.227499,-1.824744,-1.970279,0.596295,-0.008489,-0.000663,-0.032816,0.004107,-0.053202,-0.000262
10811.872000,-0.449441,0.075291,0.227206,-1.825032,-1.970629,0.595781,-0.007996,-0.000626,-0.034017,0.004453,-0.057123,-0.000243
10811.880000,-0.449496,0.075301,0.226909,-1.825322,-1.970973,0.595324,-0.007723,-0.000605,-0.034544,0.004655,-0.059496,-0.000226
10811.888000,-0.449550,0.075292,0.226589,-1.825759,-1.971292,0.594811,-0.007514,-0.000590,-0.035675,0.004919,-0.062587,-0.000217
10811.896000,-0.449618,0.075286,0.226342,-1.825938,-1.971581,0.594470,-0.007046,-0.000552,-0.035526,0.004932,-0.062513,-0.000213
10811.904000,-0.449678,0.075307,0.226074,-1.826272,-1.971825,0.594051,-0.008510,-0.000661,-0.032181,0.003833,-0.049925,-0.000289
10811.912000,-0.449743,0.075290,0.225821,-1.826494,-1.972064,0.593760,-0.008039,-0.000621,-0.032972,0.003890,-0.050310,-0.000308
10811.920000,-0.449802,0.075283,0.225528,-1.826823,-1.972370,0.593268,-0.007398,-0.000577,-0.034314,0.004527,-0.057795,-0.000242
10811.928000,-0.449852,0.075284,0.225241,-1.827102,-1.972722,0.592809,-0.007343,-0.000569,-0.034618,0.004413,-0.056352,-0.000272
10811.936000,-0.449917,0.075272,0.224981,-1.827349,-1.972965,0.592493,-0.007206,-0.000558,-0.034259,0.004327,-0.055233,-0.000277
10811.944000,-0.449981,0.075268,0.224731,-1.827547,-1.973237,0.592120,-0.008116,-0.000632,-0.032020,0.003960,-0.051319,-0.000263
10811.952000,-0.450034,0.075263,0.224461,-1.827812,-1.973525,0.591740,-0.007365,-0.000573,-0.033631,0.004317,-0.055258,-0.000257
10811.960000,-0.450092,0.075246,0.224165,-1.828148,-1.973897,0.591290,-0.007110,-0.000556,-0.034615,0.004686,-0.059633,-0.000225
10811.968000,-0.450156,0.075256,0.223909,-1.828357,-1.974087,0.590909,-0.007032,-0.000546,-0.033823,0.004355,-0.055558,-0.000258
10811.976000,-0.450221,0.075249,0.223657,-1.828615,-1.974351,0.590577,-0.007982,-0.000621,-0.032835,0.004082,-0.052743,-0.000268
10811.984000,-0.450274,0.075249,0.223377,-1.828932,-1.974613,0.590099,-0.007205,-0.000555,-0.032089,0.003799,-0.048870,-0.000300
10811.992000,-0.450330,0.075244,0.223104,-1.829166,-1.974948,0.589776,-0.007110,-0.000554,-0.032980,0.004278,-0.054737,-0.000244
10812.000000,-0.450380,0.075233,0.222843,-1.829433,-1.975204,0.589348,-0.007031,-0.000546,-0.032999,0.004188,-0.053566,-0.000261
10812.000000,-0.450380,0.075233,0.222843,-1.829433,-1.975204,0.589348,-0.007031,-0.000546,-0.032999,0.004188,-0.053566,-0.000261
10812.016000,-0.450505,0.075219,0.222334,-1.829897,-1.975745,0.588693,-0.008376,-0.000650,-0.031305,0.003647,-0.047690,-0.000292
10812.024000,-0.450568,0.075208,0.222095,-1.830070,-1.975993,0.588315,-0.007470,-0.000578,-0.032145,0.003840,-0.049540,-0.000292
10812.032000,-0.450610,0.075218,0.221802,-1.830417,-1.976288,0.587897,-0.007089,-0.000550,-0.033965,0.004351,-0.055597,-0.000261
10812.040000,-0.450673,0.075207,0.221519,-1.830667,-1.976598,0.587493,-0.006861,-0.000535,-0.034422,0.004593,-0.058458,-0.000234
10812.048000,-0.450739,0.075206,0.221271,-1.830907,-1.976800,0.587108,-0.008389,-0.000648,-0.031192,0.003429,-0.045019,-0.000327
10812.056000,-0.450803,0.075194,0.221038,-1.831039,-1.977045,0.586860,-0.007550,-0.000584,-0.031832,0.003792,-0.049049,-0.000289
10812.064000,-0.450845,0.075206,0.220730,-1.831426,-1.977346,0.586378,-0.007025,-0.000546,-0.034013,0.004414,-0.056385,-0.000251
10812.088000,-0.451033,0.075186,0.219980,-1.832150,-1.978038,0.585386,-0.007391,-0.000566,-0.031668,0.003509,-0.045494,-0.000334
10812.096000,-0.451090,0.075176,0.219712,-1.832398,-1.978323,0.585006,-0.007364,-0.000573,-0.032465,0.004088,-0.052636,-0.000256
10812.104000,-0.451151,0.075178,0.219466,-1.832598,-1.978574,0.584640,-0.007278,-0.000563,-0.031630,0.003782,-0.048847,-0.000285
10812.112000,-0.451210,0.075184,0.219216,-1.832843,-1.978809,0.584278,-0.008139,-0.000626,-0.029668,0.003117,-0.041182,-0.000334
10812.120000,-0.451267,0.075171,0.218988,-1.833001,-1.979006,0.583994,-0.007102,-0.000548,-0.031100,0.003691,-0.047676,-0.000285
10812.128000,-0.451322,0.075164,0.218710,-1.833348,-1.979295,0.583596,-0.006806,-0.000525,-0.032896,0.004054,-0.051918,-0.000280
10812.136000,-0.451381,0.075161,0.218467,-1.833529,-1.979525,0.583268,-0.007450,-0.000579,-0.031521,0.003844,-0.049761,-0.000268
10812.144000,-0.451440,0.075171,0.218226,-1.833777,-1.979697,0.582975,-0.007413,-0.000570,-0.031439,0.003561,-0.046244,-0.000316
10812.152000,-0.451500,0.075138,0.217956,-1.833964,-1.980098,0.582591,-0.006960,-0.000541,-0.032298,0.004089,-0.052501,-0.000252
10812.160000,-0.451552,0.075148,0.217689,-1.834201,-1.980327,0.582177,-0.007085,-0.000544,-0.032055,0.003684,-0.047552,-0.000316
10812.168000,-0.451603,0.075129,0.217440,-1.834458,-1.980603,0.581892,-0.006467,-0.000503,-0.033013,0.004306,-0.054903,-0.000240
10812.176000,-0.451662,0.075117,0.217159,-1.834740,-1.980906,0.581429,-0.007718,-0.000596,-0.030652,0.003460,-0.045185,-0.000306
10812.184000,-0.451717,0.075135,0.216927,-1.834956,-1.981053,0.581122,-0.006878,-0.000532,-0.031830,0.003891,-0.050060,-0.000272
10812.192000,-0.451773,0.075126,0.216654,-1.835230,-1.981337,0.580711,-0.006787,-0.000524,-0.032653,0.004014,-0.051498,-0.000277
10812.200000,-0.451829,0.075130,0.216409,-1.835443,-1.981581,0.580413,-0.006973,-0.000542,-0.032828,0.004174,-0.053606,-0.000252
10812.208000,-0.451877,0.075130,0.216140,-1.835758,-1.981827,0.580037,-0.006702,-0.000514,-0.031876,0.003696,-0.047566,-0.000309
10812.216000,-0.451931,0.075110,0.215877,-1.835997,-1.982152,0.579642,-0.006970,-0.000542,-0.031821,0.004011,-0.051637,-0.000249
10812.224000,-0.451989,0.075111,0.215645,-1.836202,-1.982343,0.579350,-0.007178,-0.000549,-0.031068,0.003390,-0.044056,-0.000335
10812.232000,-0.452043,0.075107,0.215372,-1.836402,-1.982671,0.578937,-0.006786,-0.000525,-0.031768,0.003909,-0.050289,-0.000267
10812.240000,-0.452099,0.075103,0.215112,-1.836676,-1.982883,0.578583,-0.006668,-0.000510,-0.031257,0.003516,-0.045363,-0.000321
10812.248000,-0.452155,0.075100,0.214873,-1.836897,-1.983084,0.578265,-0.006943,-0.000538,-0.032277,0.003977,-0.051207,-0.000269
10812.256000,-0.452211,0.075090,0.214610,-1.837124,-1.983371,0.577890,-0.006666,-0.000510,-0.031113,0.003509,-0.045291,-0.000318
10812.264000,-0.452260,0.075111,0.214353,-1.837401,-1.983558,0.577565,-0.007314,-0.000564,-0.032087,0.003754,-0.048677,-0.000300
10812.272000,-0.452332,0.075087,0.214107,-1.837591,-1.983783,0.577241,-0.006811,-0.000524,-0.030379,0.003512,-0.045483,-0.000292
10812.280000,-0.452377,0.075071,0.213848,-1.837827,-1.984095,0.576888,-0.006427,-0.000494,-0.032481,0.003920,-0.050216,-0.000289
10812.288000,-0.452426,0.075080,0.213578,-1.838079,-1.984347,0.576463,-0.007179,-0.000556,-0.029296,0.003398,-0.044343,-0.000275
10812.296000,-0.452491,0.075072,0.213340,-1.838249,-1.984591,0.576205,-0.006891,-0.000526,-0.030716,0.003302,-0.042894,-0.000340
10812.304000,-0.452543,0.075087,0.213089,-1.838574,-1.984749,0.575808,-0.007352,-0.000572,-0.029753,0.003586,-0.046795,-0.000254
10812.312000,-0.452600,0.075072,0.212873,-1.838706,-1.984957,0.575566,-0.006665,-0.000508,-0.030032,0.003226,-0.041885,-0.000333
10812.320000,-0.452655,0.075046,0.212591,-1.838941,-1.985301,0.575162,-0.006256,-0.000483,-0.032535,0.004069,-0.052013,-0.000265
10812.328000,-0.452709,0.075053,0.212357,-1.839177,-1.985502,0.574834,-0.006978,-0.000539,-0.030240,0.003503,-0.045513,-0.000287
10812.336000,-0.452764,0.075046,0.212090,-1.839402,-1.985758,0.574538,-0.006479,-0.000494,-0.030232,0.003303,-0.042750,-0.000326
10812.344000,-0.452814,0.075059,0.211842,-1.839670,-1.985987,0.574138,-0.007480,-0.000581,-0.030129,0.003583,-0.046829,-0.000265
10812.352000,-0.452867,0.075039,0.211615,-1.839799,-1.986239,0.573863,-0.006253,-0.000475,-0.029208,0.003129,-0.040537,-0.000326
10812.360000,-0.452918,0.075037,0.211354,-1.840086,-1.986458,0.573474,-0.005897,-0.000453,-0.030560,0.003680,-0.047143,-0.000273
10812.368000,-0.452971,0.075031,0.211134,-1.840254,-1.986671,0.573228,-0.006554,-0.000498,-0.028678,0.002917,-0.038092,-0.000345
10812.376000,-0.453028,0.075025,0.210876,-1.840510,-1.986883,0.572941,-0.006279,-0.000480,-0.029994,0.003371,-0.043547,-0.000307
10812.384000,-0.453077,0.075038,0.210640,-1.840722,-1.987050,0.572625,-0.006578,-0.000503,-0.029864,0.003271,-0.042488,-0.000318
10812.392000,-0.453135,0.075017,0.210402,-1.840892,-1.987323,0.572310,-0.006451,-0.000492,-0.029911,0.003280,-0.042516,-0.000319
10812.400000,-0.453181,0.075020,0.210183,-1.841068,-1.987500,0.572024,-0.006130,-0.000471,-0.030626,0.003629,-0.046681,-0.000281
10812.408000,-0.453236,0.075018,0.209934,-1.841262,-1.987737,0.571660,-0.006504,-0.000496,-0.029476,0.003160,-0.041092,-0.000326
10812.416000,-0.453279,0.075014,0.209712,-1.841515,-1.987892,0.571411,-0.006424,-0.000491,-0.030157,0.003328,-0.043113,-0.000318
10812.424000,-0.453331,0.075015,0.209451,-1.841762,-1.988153,0.571028,-0.005877,-0.000453,-0.031097,0.003852,-0.049322,-0.000258
10812.432000,-0.453381,0.074997,0.209178,-1.841972,-1.988481,0.570599,-0.006438,-0.000491,-0.030112,0.003264,-0.042325,-0.000328
10812.440000,-0.453437,0.075012,0.208968,-1.842175,-1.988586,0.570399,-0.006751,-0.000516,-0.029592,0.003171,-0.041399,-0.000325
10812.448000,-0.453486,0.074998,0.208717,-1.842355,-1.988845,0.570081,-0.006036,-0.000461,-0.030559,0.003480,-0.044808,-0.000306
10812.456000,-0.453529,0.075004,0.208451,-1.842674,-1.989096,0.569685,-0.006332,-0.000489,-0.031317,0.003798,-0.048928,-0.000270
10812.464000,-0.453590,0.074983,0.208234,-1.842768,-1.989316,0.569476,-0.006209,-0.000472,-0.029110,0.003085,-0.040060,-0.000329
10812.472000,-0.453643,0.074980,0.207987,-1.843022,-1.989530,0.569127,-0.006957,-0.000531,-0.028051,0.002834,-0.037396,-0.000335
10812.480000,-0.453698,0.074958,0.207769,-1.843156,-1.989747,0.568903,-0.006422,-0.000485,-0.027479,0.002612,-0.034360,-0.000360
10812.488000,-0.453737,0.074983,0.207540,-1.843415,-1.989844,0.568611,-0.005770,-0.000443,-0.031393,0.003796,-0.048601,-0.000276
10812.496000,-0.453791,0.074980,0.207289,-1.843591,-1.990142,0.568216,-0.007756,-0.000589,-0.026558,0.002221,-0.030280,-0.000391
10812.496000,-0.453791,0.074980,0.207289,-1.843591,-1.990142,0.568216,-0.007756,-0.000589,-0.026558,0.002221,-0.030280,-0.000391
10812.512000,-0.453895,0.074963,0.206840,-1.843973,-1.990504,0.567661,-0.007476,-0.000572,-0.027491,0.002626,-0.035143,-0.000350
10812.520000,-0.453934,0.074972,0.206594,-1.844204,-1.990757,0.567372,-0.005902,-0.000453,-0.029910,0.003530,-0.045482,-0.000275
10812.528000,-0.453989,0.074976,0.206376,-1.844385,-1.990901,0.567074,-0.006966,-0.000533,-0.028789,0.003000,-0.039509,-0.000327
10812.536000,-0.454049,0.074957,0.206151,-1.844559,-1.991127,0.566853,-0.006013,-0.000460,-0.028686,0.003198,-0.041469,-0.000295
10812.544000,-0.454093,0.074949,0.205900,-1.844809,-1.991368,0.566508,-0.007146,-0.000544,-0.027111,0.002514,-0.033623,-0.000360
10812.552000,-0.454145,0.074948,0.205686,-1.844934,-1.991571,0.566189,-0.006935,-0.000531,-0.026958,0.002689,-0.035710,-0.000325
10812.560000,-0.454192,0.074937,0.205463,-1.845111,-1.991793,0.565938,-0.005710,-0.000432,-0.029562,0.003209,-0.041386,-0.000323
10812.568000,-0.454231,0.074951,0.205212,-1.845350,-1.991990,0.565578,-0.007725,-0.000590,-0.025994,0.002275,-0.031036,-0.000363
10812.576000,-0.454287,0.074947,0.205006,-1.845494,-1.992114,0.565387,-0.004945,-0.000372,-0.031174,0.003602,-0.045822,-0.000308
10812.584000,-0.454343,0.074925,0.204779,-1.845629,-1.992355,0.565138,-0.008203,-0.000625,-0.025622,0.002025,-0.028180,-0.000392
10812.592000,-0.454396,0.074922,0.204533,-1.845894,-1.992508,0.564842,-0.006610,-0.000494,-0.026883,0.002185,-0.029244,-0.000415
10812.600000,-0.454439,0.074903,0.204287,-1.846022,-1.992785,0.564540,-0.004887,-0.000374,-0.031133,0.003903,-0.049544,-0.000253
10812.608000,-0.454487,0.074912,0.204060,-1.846216,-1.992949,0.564224,-0.007481,-0.000569,-0.027289,0.002419,-0.032635,-0.000379
10812.616000,-0.454535,0.074908,0.203847,-1.846428,-1.993125,0.563952,-0.005686,-0.000433,-0.028874,0.003182,-0.041119,-0.000305
10812.624000,-0.454580,0.074910,0.203579,-1.846661,-1.993369,0.563589,-0.007121,-0.000543,-0.026669,0.002473,-0.033169,-0.000352
10812.632000,-0.454622,0.074915,0.203339,-1.846899,-1.993592,0.563296,-0.005710,-0.000438,-0.029722,0.003489,-0.044971,-0.000276
10812.640000,-0.454671,0.074906,0.203136,-1.847085,-1.993739,0.563073,-0.006600,-0.000499,-0.027828,0.002613,-0.034577,-0.000367
10812.648000,-0.454725,0.074892,0.202901,-1.847243,-1.993969,0.562773,-0.006358,-0.000487,-0.027670,0.002956,-0.038762,-0.000302
10812.656000,-0.454767,0.074897,0.202681,-1.847426,-1.994173,0.562504,-0.005645,-0.000426,-0.029649,0.003171,-0.040952,-0.000331
10812.664000,-0.454829,0.074888,0.202442,-1.847594,-1.994364,0.562225,-0.006549,-0.000499,-0.026668,0.002595,-0.034410,-0.000334
10812.672000,-0.454871,0.074901,0.202243,-1.847771,-1.994501,0.561975,-0.005526,-0.000414,-0.028609,0.002882,-0.037349,-0.000351
10812.680000,-0.454929,0.074870,0.202025,-1.847900,-1.994657,0.561813,-0.007570,-0.000574,-0.024231,0.001802,-0.025178,-0.000392
10812.688000,-0.454964,0.074884,0.201805,-1.848125,-1.994822,0.561510,-0.006091,-0.000457,-0.027561,0.002512,-0.033085,-0.000380
10812.696000,-0.455014,0.074887,0.201562,-1.848308,-1.995048,0.561150,-0.007882,-0.000601,-0.024298,0.001872,-0.026259,-0.000379
10812.704000,-0.455072,0.074866,0.201355,-1.848473,-1.995195,0.560958,-0.005579,-0.000419,-0.028011,0.002769,-0.036007,-0.000351
10812.712000,-0.455120,0.074869,0.201124,-1.848603,-1.995392,0.560670,-0.007003,-0.000531,-0.026478,0.002318,-0.031234,-0.000374
10812.720000,-0.455166,0.074863,0.200903,-1.848811,-1.995607,0.560419,-0.005733,-0.000433,-0.028186,0.002878,-0.037465,-0.000336
10812.728000,-0.455208,0.074876,0.200692,-1.848981,-1.995736,0.560179,-0.006776,-0.000513,-0.025707,0.002240,-0.030197,-0.000365
10812.736000,-0.455263,0.074869,0.200488,-1.849125,-1.995865,0.559933,-0.006218,-0.000470,-0.026445,0.002488,-0.032957,-0.000347
10812.744000,-0.455304,0.074848,0.200221,-1.849410,-1.996156,0.559582,-0.005321,-0.000402,-0.029010,0.003135,-0.040416,-0.000318
10812.752000,-0.455352,0.074864,0.200006,-1.849559,-1.996273,0.559392,-0.006627,-0.000505,-0.026359,0.002530,-0.033737,-0.000334
10812.760000,-0.455406,0.074837,0.199810,-1.849614,-1.996501,0.559203,-0.005233,-0.000390,-0.027225,0.002610,-0.033908,-0.000357
10812.768000,-0.455457,0.074843,0.199591,-1.849832,-1.996583,0.558926,-0.005774,-0.000440,-0.027446,0.002924,-0.038144,-0.000303
10812.776000,-0.455500,0.074840,0.199387,-1.849924,-1.996795,0.558672,-0.006066,-0.000456,-0.027351,0.002536,-0.033438,-0.000368
10812.784000,-0.455545,0.074829,0.199158,-1.850141,-1.997013,0.558405,-0.006193,-0.000473,-0.026363,0.002688,-0.035484,-0.000308
10812.792000,-0.455592,0.074836,0.198936,-1.850367,-1.997105,0.558184,-0.005261,-0.000391,-0.027262,0.002530,-0.032948,-0.000372
10812.800000,-0.455638,0.074837,0.198720,-1.850544,-1.997297,0.557919,-0.006343,-0.000481,-0.026866,0.002589,-0.034314,-0.000340
10812.808000,-0.455683,0.074835,0.198500,-1.850674,-1.997446,0.557688,-0.005404,-0.000401,-0.027650,0.002521,-0.032896,-0.000384
10812.816000,-0.455737,0.074827,0.198273,-1.850781,-1.997636,0.557419,-0.007035,-0.000531,-0.025572,0.002013,-0.027546,-0.000399
10812.824000,-0.455770,0.074821,0.198051,-1.850989,-1.997833,0.557204,-0.005171,-0.000383,-0.027082,0.002488,-0.032394,-0.000374
10812.832000,-0.455823,0.074802,0.197859,-1.851044,-1.997992,0.557011,-0.006377,-0.000483,-0.026191,0.002391,-0.031897,-0.000354
10812.840000,-0.455862,0.074819,0.197613,-1.851281,-1.998174,0.556625,-0.005883,-0.000441,-0.026011,0.002289,-0.030366,-0.000370
10812.848000,-0.455909,0.074808,0.197395,-1.851471,-1.998386,0.556376,-0.006625,-0.000500,-0.025395,0.002123,-0.028730,-0.000376
10812.856000,-0.455963,0.074789,0.197188,-1.851606,-1.998512,0.556176,-0.005841,-0.000440,-0.026601,0.002508,-0.033056,-0.000350
10812.864000,-0.456003,0.074808,0.196979,-1.851788,-1.998653,0.555907,-0.006500,-0.000486,-0.025045,0.001880,-0.025638,-0.000409
10812.872000,-0.456065,0.074789,0.196770,-1.851880,-1.998843,0.555777,-0.006582,-0.000497,-0.024239,0.001949,-0.026604,-0.000370
10812.880000,-0.456109,0.074809,0.196595,-1.852018,-1.998898,0.555574,-0.007181,-0.000539,-0.023471,0.001502,-0.021374,-0.000423
10812.888000,-0.456160,0.074797,0.196377,-1.852178,-1.999094,0.555263,-0.006654,-0.000506,-0.023727,0.002029,-0.027698,-0.000339
10812.896000,-0.456204,0.074786,0.196173,-1.852340,-1.999233,0.555118,-0.005126,-0.000378,-0.026434,0.002311,-0.030234,-0.000384
10812.904000,-0.456253,0.074781,0.195956,-1.852506,-1.999437,0.554857,-0.005544,-0.000422,-0.026592,0.002791,-0.036491,-0.000299
10812.912000,-0.456301,0.074776,0.195769,-1.852609,-1.999546,0.554719,-0.004550,-0.000331,-0.027707,0.002524,-0.032526,-0.000390
10812.920000,-0.456353,0.074779,0.195544,-1.852803,-1.999670,0.554472,-0.007075,-0.000535,-0.023772,0.001781,-0.024819,-0.000382
10812.928000,-0.456388,0.074777,0.195348,-1.852887,-1.999868,0.554215,-0.004974,-0.000365,-0.026838,0.002353,-0.030669,-0.000390
10812.936000,-0.456437,0.074772,0.195141,-1.853013,-2.000033,0.554031,-0.006209,-0.000471,-0.025259,0.002314,-0.030960,-0.000339
10812.944000,-0.456470,0.074786,0.194928,-1.853248,-2.000130,0.553769,-0.005357,-0.000394,-0.026147,0.002134,-0.028195,-0.000405
10812.952000,-0.456513,0.074780,0.194718,-1.853406,-2.000281,0.553512,-0.006791,-0.000512,-0.024218,0.001850,-0.025525,-0.000385
10812.960000,-0.456564,0.074774,0.194515,-1.853558,-2.000427,0.553335,-0.005626,-0.000420,-0.025523,0.002209,-0.029329,-0.000370
10812.968000,-0.456609,0.074764,0.194291,-1.853677,-2.000619,0.553027,-0.007143,-0.000533,-0.021874,0.001079,-0.016157,-0.000449
10812.976000,-0.456659,0.074750,0.194086,-1.853848,-2.000780,0.552896,-0.005396,-0.000404,-0.025682,0.002348,-0.030943,-0.000351
10812.984000,-0.456693,0.074760,0.193877,-1.853999,-2.000949,0.552595,-0.007145,-0.000536,-0.023097,0.001405,-0.020204,-0.000428
10812.992000,-0.456755,0.074739,0.193688,-1.854095,-2.001044,0.552485,-0.005315,-0.000400,-0.025931,0.002518,-0.033021,-0.000329
10813.000000,-0.456795,0.074754,0.193497,-1.854202,-2.001138,0.552267,-0.007935,-0.000594,-0.021601,0.000840,-0.013613,-0.000478
10813.008000,-0.456847,0.074750,0.193292,-1.854352,-2.001268,0.552065,-0.005002,-0.000376,-0.026202,0.002660,-0.034645,-0.000313
10813.016000,-0.456895,0.074724,0.193088,-1.854460,-2.001482,0.551863,-0.007026,-0.000527,-0.022866,0.001408,-0.020194,-0.000421
10813.024000,-0.456940,0.074733,0.192861,-1.854659,-2.001610,0.551598,-0.005856,-0.000433,-0.025213,0.001852,-0.024996,-0.000423
10813.032000,-0.456979,0.074737,0.192671,-1.854826,-2.001731,0.551436,-0.007481,-0.000564,-0.022182,0.001311,-0.019283,-0.000413
10813.040000,-0.457032,0.074729,0.192472,-1.854899,-2.001915,0.551209,-0.004914,-0.000367,-0.026254,0.002571,-0.033484,-0.000331
10813.048000,-0.457075,0.074711,0.192276,-1.855007,-2.002061,0.551002,-0.006886,-0.000517,-0.022776,0.001439,-0.020518,-0.000413
10813.056000,-0.457119,0.074712,0.192073,-1.855169,-2.002169,0.550846,-0.004838,-0.000355,-0.025768,0.002179,-0.028533,-0.000388
10813.064000,-0.457164,0.074714,0.191859,-1.855338,-2.002345,0.550579,-0.006380,-0.000479,-0.023820,0.001798,-0.024721,-0.000384
10813.072000,-0.457207,0.074713,0.191678,-1.855430,-2.002423,0.550414,-0.004866,-0.000354,-0.025682,0.002018,-0.026545,-0.000414
10813.080000,-0.457264,0.074701,0.191483,-1.855524,-2.002554,0.550291,-0.006372,-0.000477,-0.023558,0.001690,-0.023374,-0.000395
10813.088000,-0.457298,0.074686,0.191278,-1.855588,-2.002799,0.550077,-0.005230,-0.000381,-0.024206,0.001652,-0.022223,-0.000431
10813.096000,-0.457329,0.074706,0.191059,-1.855895,-2.002850,0.549814,-0.007756,-0.000587,-0.020997,0.001096,-0.016824,-0.000413
10813.104000,-0.457378,0.074704,0.190888,-1.855994,-2.002913,0.549663,-0.004739,-0.000345,-0.025016,0.001994,-0.026225,-0.000397
10813.112000,-0.457430,0.074679,0.190660,-1.856055,-2.003165,0.549424,-0.007101,-0.000535,-0.022203,0.001384,-0.020013,-0.000403
10813.120000,-0.457466,0.074699,0.190484,-1.856193,-2.003202,0.549257,-0.004662,-0.000339,-0.025014,0.001983,-0.026053,-0.000400
10813.128000,-0.457512,0.074687,0.190283,-1.856323,-2.003403,0.549066,-0.007349,-0.000553,-0.021996,0.001230,-0.018232,-0.000423
10813.136000,-0.457564,0.074691,0.190110,-1.856425,-2.003420,0.548948,-0.004951,-0.000357,-0.023847,0.001523,-0.020492,-0.000444
10813.144000,-0.457605,0.074687,0.189882,-1.856602,-2.003580,0.548701,-0.007374,-0.000556,-0.022390,0.001325,-0.019431,-0.000417
10813.152000,-0.457649,0.074679,0.189711,-1.856700,-2.003678,0.548567,-0.004648,-0.000339,-0.024558,0.001980,-0.026058,-0.000386
10813.160000,-0.457689,0.074680,0.189493,-1.856902,-2.003824,0.548332,-0.007329,-0.000550,-0.021245,0.001057,-0.016105,-0.000430
10813.168000,-0.457742,0.074654,0.189328,-1.856906,-2.003991,0.548207,-0.004583,-0.000334,-0.025061,0.002034,-0.026669,-0.000392
10813.176000,-0.457780,0.074667,0.189088,-1.857086,-2.004158,0.547940,-0.006204,-0.000464,-0.023431,0.001684,-0.023259,-0.000393
10813.184000,-0.457831,0.074662,0.188951,-1.857105,-2.004176,0.547932,-0.004660,-0.000339,-0.024746,0.001930,-0.025427,-0.000400
10813.192000,-0.457871,0.074667,0.188750,-1.857304,-2.004275,0.547687,-0.005221,-0.000390,-0.023906,0.002041,-0.027202,-0.000349
10813.200000,-0.457902,0.074669,0.188554,-1.857366,-2.004462,0.547480,-0.006662,-0.000490,-0.020284,0.000621,-0.010307,-0.000484
10813.208000,-0.457959,0.074646,0.188353,-1.857482,-2.004609,0.547257,-0.004979,-0.000376,-0.025316,0.002543,-0.033313,-0.000304
10813.216000,-0.457993,0.074659,0.188155,-1.857665,-2.004685,0.547081,-0.006578,-0.000482,-0.021810,0.000789,-0.012290,-0.000502
10813.224000,-0.458042,0.074649,0.187989,-1.857756,-2.004782,0.546970,-0.004477,-0.000335,-0.025384,0.002579,-0.033502,-0.000303
10813.232000,-0.458087,0.074650,0.187787,-1.857838,-2.004916,0.546806,-0.007302,-0.000543,-0.020658,0.000713,-0.011810,-0.000474
10813.240000,-0.458135,0.074637,0.187626,-1.857862,-2.005043,0.546648,-0.004685,-0.000340,-0.024669,0.001850,-0.024472,-0.000412
10813.248000,-0.458182,0.074633,0.187411,-1.858072,-2.005149,0.546460,-0.007115,-0.000538,-0.022161,0.001446,-0.020864,-0.000389
10813.256000,-0.458219,0.074632,0.187224,-1.858160,-2.005296,0.546230,-0.004574,-0.000334,-0.024791,0.002016,-0.026502,-0.000386
10813.264000,-0.458274,0.074623,0.187061,-1.858281,-2.005298,0.546178,-0.006771,-0.000503,-0.021405,0.001002,-0.015124,-0.000449
10813.272000,-0.458308,0.074629,0.186882,-1.858353,-2.005405,0.546055,-0.004326,-0.000315,-0.025283,0.002175,-0.028355,-0.000374
10813.280000,-0.458352,0.074627,0.186686,-1.858492,-2.005573,0.545891,-0.005451,-0.000406,-0.024513,0.001990,-0.026697,-0.000376
10813.288000,-0.458400,0.074637,0.186495,-1.858613,-2.005635,0.545708,-0.007056,-0.000518,-0.019361,0.000281,-0.006309,-0.000514
10813.296000,-0.458446,0.074619,0.186321,-1.858660,-2.005761,0.545549,-0.005512,-0.000413,-0.024485,0.002119,-0.028369,-0.000351
10813.304000,-0.458478,0.074637,0.186109,-1.858829,-2.005894,0.545313,-0.004426,-0.000318,-0.024214,0.001786,-0.023592,-0.000410
10813.312000,-0.458536,0.074613,0.185937,-1.858923,-2.005976,0.545185,-0.005442,-0.000412,-0.024142,0.002255,-0.030075,-0.000315
10813.320000,-0.458571,0.074615,0.185763,-1.859037,-2.006075,0.545041,-0.006239,-0.000454,-0.020114,0.000515,-0.008772,-0.000500
10813.328000,-0.458607,0.074624,0.185542,-1.859202,-2.006239,0.544755,-0.004437,-0.000331,-0.025421,0.002532,-0.032962,-0.000312
10813.336000,-0.458646,0.074609,0.185369,-1.859356,-2.006315,0.544665,-0.006557,-0.000480,-0.019910,0.000508,-0.008878,-0.000493
10813.344000,-0.458691,0.074614,0.185199,-1.859419,-2.006404,0.544473,-0.004568,-0.000336,-0.023985,0.002043,-0.026942,-0.000355
10813.352000,-0.458728,0.074605,0.185018,-1.859470,-2.006531,0.544352,-0.006204,-0.000453,-0.021188,0.000793,-0.012217,-0.000483
10813.360000,-0.458780,0.074589,0.184829,-1.859565,-2.006655,0.544222,-0.004421,-0.000327,-0.024426,0.002243,-0.029360,-0.000333
10813.368000,-0.458812,0.074609,0.184679,-1.859641,-2.006674,0.544103,-0.008013,-0.000593,-0.017933,-0.000113,-0.001965,-0.000534
10813.376000,-0.458857,0.074593,0.184475,-1.859790,-2.006842,0.543923,-0.004207,-0.000308,-0.024084,0.002118,-0.027696,-0.000346
10813.384000,-0.458894,0.074593,0.184280,-1.859929,-2.006917,0.543719,-0.007691,-0.000569,-0.018332,0.000059,-0.003942,-0.000517
10813.392000,-0.458949,0.074575,0.184143,-1.859923,-2.006993,0.543727,-0.004393,-0.000317,-0.024041,0.001811,-0.023922,-0.000400
10813.400000,-0.458997,0.074578,0.183959,-1.860001,-2.007062,0.543589,-0.006336,-0.000469,-0.021148,0.001033,-0.015338,-0.000437
10813.408000,-0.459037,0.074598,0.183773,-1.860152,-2.007140,0.543375,-0.006825,-0.000494,-0.018094,-0.000172,-0.000565,-0.000558
10813.416000,-0.459081,0.074604,0.183605,-1.860255,-2.007159,0.543324,-0.004775,-0.000349,-0.022902,0.001669,-0.022442,-0.000386
10813.424000,-0.459137,0.074569,0.183456,-1.860207,-2.007254,0.543273,-0.008435,-0.000623,-0.016392,-0.000561,0.003361,-0.000564
10813.432000,-0.459180,0.074566,0.183304,-1.860260,-2.007303,0.543197,-0.004687,-0.000342,-0.023766,0.001794,-0.023899,-0.000392
10813.440000,-0.459214,0.074574,0.183120,-1.860390,-2.007388,0.543027,-0.008378,-0.000623,-0.017004,-0.000247,-0.000552,-0.000527
10813.448000,-0.459264,0.074571,0.182945,-1.860471,-2.007467,0.542908,-0.004196,-0.000302,-0.024046,0.001864,-0.024519,-0.000391
10813.456000,-0.459305,0.074555,0.182749,-1.860547,-2.007626,0.542772,-0.007066,-0.000523,-0.019751,0.000525,-0.009420,-0.000481
10813.464000,-0.459343,0.074552,0.182568,-1.860662,-2.007744,0.542598,-0.004181,-0.000299,-0.023340,0.001655,-0.021905,-0.000407
10813.472000,-0.459391,0.074557,0.182388,-1.860734,-2.007825,0.542501,-0.006231,-0.000462,-0.021479,0.001148,-0.016747,-0.000427
10813.480000,-0.459427,0.074554,0.182211,-1.860899,-2.007868,0.542285,-0.006444,-0.000472,-0.019408,0.000462,-0.008315,-0.000486
10813.488000,-0.459471,0.074563,0.182030,-1.860955,-2.007962,0.542122,-0.005722,-0.000421,-0.021223,0.001123,-0.016167,-0.000427
10813.496000,-0.459516,0.074539,0.181862,-1.860974,-2.008095,0.542091,-0.007452,-0.000543,-0.016524,-0.000558,0.003866,-0.000575
10813.504000,-0.459561,0.074547,0.181673,-1.861143,-2.008151,0.541931,-0.005601,-0.000415,-0.021508,0.001371,-0.019235,-0.000391
10813.512000,-0.459605,0.074517,0.181517,-1.861120,-2.008257,0.541867,-0.008168,-0.000597,-0.015538,-0.000956,0.008441,-0.000612
10813.520000,-0.459656,0.074520,0.181340,-1.861224,-2.008306,0.541736,-0.004743,-0.000349,-0.022864,0.001777,-0.023809,-0.000365
10813.528000,-0.459689,0.074550,0.181175,-1.861365,-2.008310,0.541619,-0.008928,-0.000661,-0.015570,-0.000805,0.006111,-0.000580
10813.536000,-0.459735,0.074523,0.180998,-1.861404,-2.008472,0.541499,-0.004588,-0.000331,-0.021416,0.001300,-0.017783,-0.000408
10813.544000,-0.459775,0.074513,0.180805,-1.861557,-2.008620,0.541328,-0.007405,-0.000549,-0.017901,0.000118,-0.004591,-0.000495
10813.552000,-0.459806,0.074527,0.180637,-1.861667,-2.008626,0.541143,-0.003878,-0.000273,-0.022170,0.001415,-0.018798,-0.000415
10813.560000,-0.459849,0.074526,0.180445,-1.861751,-2.008776,0.541003,-0.006106,-0.000449,-0.020331,0.000846,-0.012958,-0.000446
10813.568000,-0.459883,0.074527,0.180272,-1.861841,-2.008822,0.540849,-0.003965,-0.000277,-0.022100,0.001226,-0.016476,-0.000447
10813.576000,-0.459926,0.074528,0.180119,-1.861886,-2.008869,0.540790,-0.004886,-0.000358,-0.021945,0.001515,-0.020661,-0.000383
10813.584000,-0.459963,0.074530,0.179931,-1.862039,-2.008911,0.540681,-0.005944,-0.000426,-0.019382,0.000200,-0.004748,-0.000536
10813.592000,-0.460021,0.074515,0.179784,-1.861983,-2.008986,0.540654,-0.004446,-0.000325,-0.022531,0.001733,-0.023144,-0.000364
10813.600000,-0.460058,0.074512,0.179590,-1.862086,-2.009138,0.540451,-0.008229,-0.000602,-0.015003,-0.001014,0.009105,-0.000605
10813.608000,-0.460124,0.074481,0.179470,-1.862040,-2.009147,0.540496,-0.005201,-0.000377,-0.020009,0.000832,-0.012295,-0.000445
10813.616000,-0.460156,0.074505,0.179293,-1.862210,-2.009184,0.540343,-0.007184,-0.000526,-0.016693,-0.000285,0.000551,-0.000532
10813.624000,-0.460199,0.074506,0.179148,-1.862195,-2.009236,0.540306,-0.003924,-0.000279,-0.021812,0.001462,-0.019477,-0.000394
10813.632000,-0.460248,0.074503,0.178973,-1.862321,-2.009287,0.540173,-0.006629,-0.000488,-0.018108,0.000287,-0.006318,-0.000475
10813.640000,-0.460286,0.074491,0.178832,-1.862312,-2.009383,0.540081,-0.003883,-0.000273,-0.022193,0.001372,-0.018287,-0.000423
10813.648000,-0.460323,0.074493,0.178663,-1.862410,-2.009415,0.540009,-0.005956,-0.000437,-0.018958,0.000609,-0.009966,-0.000448
10813.656000,-0.460359,0.074491,0.178470,-1.862544,-2.009522,0.539815,-0.003803,-0.000263,-0.020854,0.000971,-0.013256,-0.000455
10813.664000,-0.460409,0.074481,0.178302,-1.862634,-2.009594,0.539729,-0.006133,-0.000453,-0.019342,0.000773,-0.012136,-0.000428
10813.672000,-0.460448,0.074489,0.178161,-1.862649,-2.009624,0.539669,-0.008022,-0.000584,-0.013864,-0.001197,0.011466,-0.000605
10813.680000,-0.460494,0.074467,0.178002,-1.862619,-2.009765,0.539614,-0.005008,-0.000367,-0.021185,0.001342,-0.018607,-0.000389
10813.688000,-0.460531,0.074462,0.177821,-1.862771,-2.009808,0.539445,-0.007956,-0.000580,-0.014830,-0.001011,0.009197,-0.000602
10813.696000,-0.460574,0.074464,0.177662,-1.862837,-2.009852,0.539377,-0.003938,-0.000280,-0.021477,0.001377,-0.018445,-0.000399
10813.704000,-0.460618,0.074468,0.177526,-1.862896,-2.009797,0.539349,-0.007165,-0.000526,-0.016891,-0.000196,-0.000572,-0.000522
10813.712000,-0.460662,0.074470,0.177400,-1.862826,-2.009833,0.539337,-0.003815,-0.000268,-0.021342,0.001257,-0.016878,-0.000417
10813.720000,-0.460695,0.074479,0.177199,-1.863066,-2.009949,0.539173,-0.006675,-0.000494,-0.018383,0.000473,-0.008708,-0.000449
10813.728000,-0.460745,0.074450,0.177064,-1.863014,-2.009992,0.539165,-0.003975,-0.000275,-0.021062,0.000925,-0.012774,-0.000469
10813.736000,-0.460791,0.074430,0.176930,-1.862953,-2.010062,0.539155,-0.004245,-0.000307,-0.022095,0.001541,-0.020664,-0.000386
10813.744000,-0.460833,0.074440,0.176753,-1.863080,-2.010082,0.539010,-0.008840,-0.000646,-0.012734,-0.001660,0.016800,-0.000649
10813.752000,-0.460877,0.074424,0.176598,-1.863126,-2.010161,0.538969,-0.004293,-0.000309,-0.021398,0.001366,-0.018523,-0.000396
10813.760000,-0.460913,0.074439,0.176408,-1.863227,-2.010229,0.538798,-0.007610,-0.000556,-0.015460,-0.000692,0.005370,-0.000565
10813.768000,-0.460950,0.074415,0.176245,-1.863309,-2.010330,0.538678,-0.002550,-0.000171,-0.023612,0.001923,-0.024485,-0.000375
10813.776000,-0.460985,0.074438,0.176070,-1.863439,-2.010328,0.538601,-0.007750,-0.000566,-0.015313,-0.000810,0.006784,-0.000582
10813.784000,-0.461020,0.074438,0.175934,-1.863442,-2.010334,0.538552,-0.003698,-0.000253,-0.020468,0.000839,-0.011573,-0.000467
10813.792000,-0.461069,0.074437,0.175768,-1.863496,-2.010428,0.538482,-0.006442,-0.000472,-0.017538,0.000165,-0.004727,-0.000481
10813.800000,-0.461109,0.074413,0.175645,-1.863449,-2.010484,0.538468,-0.007075,-0.000510,-0.013944,-0.001050,0.010117,-0.000587
10813.808000,-0.461155,0.074417,0.175477,-1.863546,-2.010543,0.538310,-0.004591,-0.000335,-0.020267,0.001243,-0.017215,-0.000381
10813.816000,-0.461196,0.074430,0.175358,-1.863576,-2.010477,0.538349,-0.008517,-0.000620,-0.012056,-0.001685,0.017265,-0.000635
10813.824000,-0.461259,0.074416,0.175226,-1.863538,-2.010484,0.538340,-0.004083,-0.000292,-0.020604,0.001246,-0.016960,-0.000394
10813.832000,-0.461294,0.074424,0.175082,-1.863625,-2.010481,0.538298,-0.007526,-0.000550,-0.015515,-0.000650,0.004888,-0.000560
10813.840000,-0.461338,0.074423,0.174956,-1.863606,-2.010457,0.538268,-0.005223,-0.000371,-0.017511,0.000086,-0.003055,-0.000503
10813.848000,-0.461380,0.074410,0.174800,-1.863680,-2.010536,0.538264,-0.004727,-0.000338,-0.020773,0.000937,-0.013398,-0.000452
10813.856000,-0.461422,0.074408,0.174662,-1.863679,-2.010592,0.538188,-0.007144,-0.000520,-0.015375,-0.000590,0.004326,-0.000547
10813.864000,-0.461465,0.074395,0.174488,-1.863730,-2.010682,0.538073,-0.005265,-0.000379,-0.018652,0.000477,-0.007986,-0.000466
10813.872000,-0.461505,0.074400,0.174328,-1.863847,-2.010698,0.538037,-0.008336,-0.000609,-0.013616,-0.001294,0.012487,-0.000614
10813.880000,-0.461544,0.074407,0.174218,-1.863857,-2.010626,0.538010,-0.004227,-0.000300,-0.020903,0.001109,-0.015307,-0.000427
10813.888000,-0.461586,0.074397,0.174034,-1.863869,-2.010757,0.537904,-0.008781,-0.000644,-0.012884,-0.001437,0.014015,-0.000614
10813.896000,-0.461631,0.074408,0.173925,-1.863907,-2.010706,0.537944,-0.003747,-0.000262,-0.020122,0.001066,-0.014537,-0.000414
10813.904000,-0.461671,0.074385,0.173751,-1.863936,-2.010820,0.537836,-0.008047,-0.000589,-0.013926,-0.001056,0.009640,-0.000582
10813.912000,-0.461716,0.074389,0.173617,-1.863976,-2.010769,0.537814,-0.005854,-0.000418,-0.016299,-0.000293,0.001315,-0.000530
10813.920000,-0.461775,0.074370,0.173521,-1.863856,-2.010799,0.537945,-0.005717,-0.000417,-0.018488,0.000510,-0.008671,-0.000452
10813.928000,-0.461811,0.074371,0.173375,-1.863897,-2.010810,0.537831,-0.006788,-0.000489,-0.015537,-0.000691,0.005803,-0.000574
10813.936000,-0.461848,0.074395,0.173192,-1.864079,-2.010787,0.537731,-0.004131,-0.000293,-0.020493,0.001068,-0.014767,-0.000422
10813.944000,-0.461888,0.074370,0.173051,-1.864048,-2.010890,0.537683,-0.008286,-0.000604,-0.013202,-0.001404,0.013883,-0.000622
10813.952000,-0.461928,0.074355,0.172914,-1.864058,-2.010949,0.537659,-0.004035,-0.000288,-0.020438,0.001196,-0.016330,-0.000398
10813.960000,-0.461961,0.074380,0.172749,-1.864147,-2.010963,0.537549,-0.008608,-0.000633,-0.013640,-0.001186,0.010967,-0.000594
10813.968000,-0.462010,0.074361,0.172591,-1.864219,-2.010977,0.537508,-0.003876,-0.000269,-0.019782,0.000804,-0.011317,-0.000450
10813.976000,-0.462045,0.074363,0.172437,-1.864271,-2.011056,0.537412,-0.007919,-0.000582,-0.014776,-0.000746,0.005818,-0.000553
10813.984000,-0.462096,0.074357,0.172306,-1.864215,-2.011063,0.537381,-0.005737,-0.000407,-0.015969,-0.000426,0.003040,-0.000545
10813.992000,-0.462135,0.074361,0.172164,-1.864332,-2.011038,0.537407,-0.005214,-0.000377,-0.018266,0.000544,-0.008861,-0.000442
10814.000000,-0.462183,0.074366,0.172050,-1.864277,-2.010973,0.537426,-0.006986,-0.000499,-0.013655,-0.001264,0.012865,-0.000619
10814.008000,-0.462236,0.074346,0.171916,-1.864229,-2.011008,0.537444,-0.004188,-0.000297,-0.019740,0.000954,-0.013406,-0.000419
10814.016000,-0.462268,0.074332,0.171782,-1.864239,-2.011068,0.537419,-0.008625,-0.000628,-0.011581,-0.001825,0.018946,-0.000647
10814.024000,-0.462315,0.074343,0.171644,-1.864300,-2.011039,0.537427,-0.003654,-0.000253,-0.020002,0.000975,-0.013366,-0.000427
10814.032000,-0.462354,0.074339,0.171487,-1.864323,-2.011054,0.537327,-0.007373,-0.000536,-0.014247,-0.000893,0.007956,-0.000567
10814.040000,-0.462389,0.074340,0.171350,-1.864382,-2.011099,0.537283,-0.003560,-0.000245,-0.020196,0.000985,-0.013437,-0.000432
10814.048000,-0.462441,0.074325,0.171192,-1.864399,-2.011132,0.537261,-0.005087,-0.000364,-0.018572,0.000453,-0.007618,-0.000469
10814.056000,-0.462481,0.074317,0.171054,-1.864373,-2.011168,0.537246,-0.007720,-0.000558,-0.012445,-0.001486,0.015199,-0.000618
10814.064000,-0.462521,0.074339,0.170907,-1.864429,-2.011158,0.537216,-0.005296,-0.000379,-0.017211,0.000136,-0.003796,-0.000483
10814.088000,-0.462652,0.074327,0.170553,-1.864420,-2.011036,0.537307,-0.006076,-0.000436,-0.016307,-0.000322,0.001543,-0.000535
10814.096000,-0.462703,0.074315,0.170427,-1.864389,-2.011079,0.537329,-0.004129,-0.000282,-0.017984,0.000183,-0.003691,-0.000507
10814.104000,-0.462758,0.074299,0.170315,-1.864371,-2.011032,0.537424,-0.004606,-0.000328,-0.018725,0.000647,-0.009814,-0.000441
10814.112000,-0.462793,0.074299,0.170177,-1.864328,-2.011060,0.537376,-0.007219,-0.000520,-0.012502,-0.001343,0.013667,-0.000596
10814.120000,-0.462833,0.074289,0.170020,-1.864391,-2.011109,0.537345,-0.003557,-0.000249,-0.019671,0.001084,-0.014737,-0.000397
10814.128000,-0.462858,0.074313,0.169859,-1.864544,-2.011097,0.537157,-0.007278,-0.000525,-0.014125,-0.001049,0.009987,-0.000593
10814.136000,-0.462904,0.074298,0.169726,-1.864482,-2.011147,0.537178,-0.003484,-0.000239,-0.019992,0.000918,-0.012577,-0.000438
10814.144000,-0.462942,0.074305,0.169571,-1.864563,-2.011160,0.537122,-0.006606,-0.000479,-0.014488,-0.000605,0.004733,-0.000526
10814.152000,-0.462981,0.074278,0.169438,-1.864573,-2.011225,0.537133,-0.003684,-0.000254,-0.019013,0.000744,-0.010523,-0.000438
10814.160000,-0.463030,0.074297,0.169313,-1.864555,-2.011170,0.537155,-0.006124,-0.000441,-0.015422,-0.000398,0.002422,-0.000521
10814.168000,-0.463080,0.074284,0.169216,-1.864519,-2.011085,0.537235,-0.007749,-0.000558,-0.010468,-0.001877,0.020044,-0.000628
10814.176000,-0.463131,0.074268,0.169060,-1.864511,-2.011171,0.537193,-0.004315,-0.000303,-0.017539,0.000380,-0.006335,-0.000455
10814.184000,-0.463179,0.074287,0.168965,-1.864497,-2.011024,0.537304,-0.007582,-0.000541,-0.011248,-0.001905,0.020537,-0.000659
10814.192000,-0.463224,0.074267,0.168848,-1.864415,-2.011047,0.537351,-0.003676,-0.000252,-0.018317,0.000534,-0.007904,-0.000455
10814.200000,-0.463260,0.074273,0.168700,-1.864508,-2.010998,0.537281,-0.006492,-0.000468,-0.014174,-0.000747,0.006583,-0.000544
10814.208000,-0.463298,0.074275,0.168609,-1.864422,-2.010976,0.537354,-0.003446,-0.000233,-0.017679,0.000429,-0.006480,-0.000456
10814.216000,-0.463340,0.074265,0.168444,-1.864481,-2.011067,0.537283,-0.005332,-0.000382,-0.016608,0.000080,-0.003161,-0.000475
10814.224000,-0.463382,0.074274,0.168334,-1.864471,-2.010993,0.537320,-0.007389,-0.000531,-0.011906,-0.001548,0.016146,-0.000615
10814.232000,-0.463425,0.074264,0.168192,-1.864490,-2.011004,0.537237,-0.005326,-0.000381,-0.015950,-0.000090,-0.001030,-0.000485
10814.240000,-0.463466,0.074258,0.168073,-1.864457,-2.011002,0.537315,-0.008023,-0.000583,-0.011324,-0.001644,0.016970,-0.000611
10814.248000,-0.463511,0.074263,0.167961,-1.864475,-2.010946,0.537289,-0.004265,-0.000298,-0.017134,0.000261,-0.004829,-0.000465
10814.256000,-0.463564,0.074248,0.167816,-1.864483,-2.010982,0.537381,-0.006968,-0.000502,-0.012856,-0.001172,0.011646,-0.000578
10814.264000,-0.463601,0.074252,0.167728,-1.864454,-2.010912,0.537432,-0.004578,-0.000319,-0.016016,-0.000115,-0.000291,-0.000497
10814.272000,-0.463644,0.074256,0.167582,-1.864429,-2.010935,0.537370,-0.004859,-0.000343,-0.016968,0.000116,-0.003336,-0.000482
10814.280000,-0.463690,0.074247,0.167464,-1.864441,-2.010866,0.537441,-0.008278,-0.000594,-0.008791,-0.002451,0.026961,-0.000679
10814.288000,-0.463737,0.074228,0.167354,-1.864364,-2.010871,0.537503,-0.004762,-0.000337,-0.016131,0.000073,-0.002781,-0.000465
10814.296000,-0.463764,0.074246,0.167215,-1.864422,-2.010865,0.537478,-0.009336,-0.000674,-0.007374,-0.002971,0.032921,-0.000725
10814.304000,-0.463815,0.074233,0.167100,-1.864382,-2.010848,0.537494,-0.003402,-0.000234,-0.018291,0.000744,-0.010436,-0.000417
10814.312000,-0.463858,0.074217,0.166963,-1.864340,-2.010904,0.537518,-0.008676,-0.000631,-0.009793,-0.002096,0.022272,-0.000643
10814.320000,-0.463883,0.074250,0.166845,-1.864401,-2.010828,0.537460,-0.003454,-0.000229,-0.017019,0.000142,-0.002887,-0.000488
10814.328000,-0.463933,0.074224,0.166707,-1.864403,-2.010826,0.537520,-0.006956,-0.000504,-0.013236,-0.000949,0.008822,-0.000549
10814.336000,-0.463965,0.074235,0.166579,-1.864387,-2.010811,0.537479,-0.007069,-0.000499,-0.009631,-0.002151,0.023874,-0.000658
10814.344000,-0.464025,0.074218,0.166491,-1.864321,-2.010712,0.537651,-0.003822,-0.000265,-0.017024,0.000425,-0.006696,-0.000433
10814.352000,-0.464067,0.074203,0.166403,-1.864262,-2.010670,0.537761,-0.007928,-0.000568,-0.009548,-0.002237,0.024463,-0.000666
10814.360000,-0.464102,0.074217,0.166292,-1.864239,-2.010660,0.537750,-0.003232,-0.000217,-0.017292,0.000440,-0.006546,-0.000443
10814.368000,-0.464143,0.074207,0.166123,-1.864336,-2.010697,0.537714,-0.005733,-0.000406,-0.014731,-0.000651,0.005802,-0.000549
10814.376000,-0.464180,0.074219,0.166033,-1.864290,-2.010595,0.537755,-0.003227,-0.000210,-0.016366,0.000019,-0.001228,-0.000492
10814.384000,-0.464224,0.074205,0.165867,-1.864294,-2.010681,0.537666,-0.005104,-0.000367,-0.016469,0.000215,-0.004785,-0.000447
10814.392000,-0.464266,0.074211,0.165789,-1.864299,-2.010570,0.537793,-0.007854,-0.000562,-0.008695,-0.002357,0.026007,-0.000663
10814.400000,-0.464304,0.074197,0.165646,-1.864272,-2.010683,0.537734,-0.003707,-0.000259,-0.017302,0.000621,-0.009124,-0.000406
10814.408000,-0.464343,0.074197,0.165551,-1.864249,-2.010533,0.537831,-0.008589,-0.000614,-0.008563,-0.002726,0.030271,-0.000723
10814.416000,-0.464391,0.074225,0.165455,-1.864259,-2.010427,0.537910,-0.003991,-0.000272,-0.015842,-0.000055,-0.000748,-0.000484
10814.424000,-0.464446,0.074189,0.165326,-1.864157,-2.010444,0.537983,-0.006207,-0.000438,-0.013494,-0.001134,0.011616,-0.000597
10814.432000,-0.464489,0.074176,0.165236,-1.864075,-2.010389,0.538077,-0.005875,-0.000410,-0.011213,-0.001555,0.017035,-0.000606
10814.440000,-0.464529,0.074198,0.165127,-1.864077,-2.010327,0.538145,-0.005646,-0.000398,-0.013701,-0.000823,0.007986,-0.000549
10814.448000,-0.464583,0.074173,0.165031,-1.863948,-2.010292,0.538263,-0.008225,-0.000589,-0.008302,-0.002563,0.028390,-0.000687
10814.456000,-0.464615,0.074180,0.164905,-1.863983,-2.010261,0.538295,-0.003799,-0.000260,-0.016586,0.000219,-0.004097,-0.000458
10814.464000,-0.464666,0.074167,0.164810,-1.863954,-2.010184,0.538365,-0.006990,-0.000498,-0.011354,-0.001618,0.017218,-0.000615
10814.472000,-0.464700,0.074182,0.164694,-1.863936,-2.010149,0.538355,-0.003636,-0.000244,-0.016620,0.000091,-0.002376,-0.000484
10814.480000,-0.464753,0.074164,0.164581,-1.863920,-2.010117,0.538475,-0.006619,-0.000473,-0.012640,-0.001208,0.012278,-0.000582
10814.488000,-0.464793,0.074170,0.164479,-1.863884,-2.010025,0.538512,-0.007874,-0.000563,-0.008674,-0.002348,0.025883,-0.000661
10814.496000,-0.464848,0.074154,0.164382,-1.863799,-2.009978,0.538640,-0.004541,-0.000315,-0.015011,-0.000275,0.001692,-0.000496
10814.504000,-0.464887,0.074163,0.164245,-1.863804,-2.009968,0.538604,-0.006958,-0.000498,-0.011545,-0.001476,0.015445,-0.000595
10814.512000,-0.464932,0.074149,0.164157,-1.863757,-2.009885,0.538730,-0.004484,-0.000305,-0.014303,-0.000644,0.006380,-0.000542
10814.520000,-0.464979,0.074145,0.164049,-1.863728,-2.009850,0.538798,-0.006414,-0.000453,-0.011903,-0.001455,0.015495,-0.000606
10814.528000,-0.465022,0.074146,0.163947,-1.863650,-2.009810,0.538885,-0.007208,-0.000511,-0.009290,-0.002174,0.024069,-0.000653
10814.536000,-0.465069,0.074141,0.163850,-1.863591,-2.009693,0.538977,-0.004738,-0.000326,-0.014351,-0.000628,0.006035,-0.000539
10814.544000,-0.465106,0.074139,0.163744,-1.863577,-2.009676,0.539091,-0.007605,-0.000543,-0.009033,-0.002238,0.024646,-0.000654
10814.552000,-0.465155,0.074121,0.163631,-1.863451,-2.009656,0.539142,-0.004043,-0.000276,-0.015185,-0.000187,0.000848,-0.000488
10814.560000,-0.465203,0.074122,0.163548,-1.863411,-2.009568,0.539277,-0.005706,-0.000401,-0.012907,-0.001019,0.010389,-0.000561
10814.568000,-0.465235,0.074134,0.163425,-1.863441,-2.009474,0.539272,-0.005633,-0.000394,-0.011322,-0.001307,0.014026,-0.000565
10814.576000,-0.465285,0.074140,0.163341,-1.863365,-2.009389,0.539392,-0.005213,-0.000362,-0.013783,-0.000848,0.008542,-0.000560
10814.584000,-0.465335,0.074121,0.163248,-1.863227,-2.009343,0.539515,-0.007236,-0.000514,-0.009076,-0.002135,0.023539,-0.000639
10814.592000,-0.465385,0.074116,0.163139,-1.863256,-2.009252,0.539610,-0.003961,-0.000268,-0.014402,-0.000400,0.003562,-0.000504
10814.600000,-0.465423,0.074129,0.163045,-1.863214,-2.009203,0.539668,-0.006667,-0.000469,-0.010662,-0.001861,0.020463,-0.000642
10814.608000,-0.465462,0.074110,0.162957,-1.863115,-2.009135,0.539812,-0.004216,-0.000281,-0.014436,-0.000754,0.007929,-0.000569
10814.616000,-0.465504,0.074114,0.162837,-1.863076,-2.009100,0.539834,-0.005232,-0.000361,-0.013000,-0.001086,0.011519,-0.000580
10814.624000,-0.465547,0.074091,0.162724,-1.863042,-2.009099,0.539943,-0.007126,-0.000508,-0.009560,-0.001967,0.021489,-0.000624
10814.632000,-0.465593,0.074111,0.162625,-1.863047,-2.008967,0.540008,-0.004750,-0.000327,-0.013938,-0.000700,0.006909,-0.000540
10814.640000,-0.465637,0.074107,0.162544,-1.862967,-2.008869,0.540072,-0.007079,-0.000500,-0.009615,-0.002102,0.023248,-0.000651
10814.648000,-0.465678,0.074114,0.162452,-1.862924,-2.008772,0.540187,-0.004826,-0.000332,-0.012688,-0.000940,0.009867,-0.000545
10814.656000,-0.465732,0.074093,0.162357,-1.862768,-2.008787,0.540280,-0.005566,-0.000391,-0.012770,-0.000956,0.009654,-0.000546
10814.664000,-0.465770,0.074089,0.162249,-1.862766,-2.008715,0.540390,-0.006920,-0.000486,-0.008847,-0.002309,0.025924,-0.000667
10814.672000,-0.465814,0.074097,0.162142,-1.862757,-2.008648,0.540439,-0.005140,-0.000355,-0.013068,-0.000986,0.010296,-0.000564
10814.680000,-0.465860,0.074091,0.162076,-1.862650,-2.008478,0.540608,-0.007092,-0.000503,-0.008820,-0.002159,0.023921,-0.000637
10814.688000,-0.465902,0.074080,0.161943,-1.862699,-2.008494,0.540638,-0.004373,-0.000294,-0.013226,-0.000885,0.009448,-0.000555
10814.696000,-0.465947,0.074082,0.161876,-1.862512,-2.008425,0.540786,-0.005529,-0.000386,-0.012763,-0.001083,0.011288,-0.000570
10814.704000,-0.465986,0.074086,0.161768,-1.862524,-2.008327,0.540846,-0.005279,-0.000363,-0.012170,-0.001285,0.013974,-0.000591
10814.712000,-0.466033,0.074067,0.161665,-1.862458,-2.008264,0.540949,-0.004246,-0.000291,-0.014266,-0.000394,0.003303,-0.000497
10814.720000,-0.466080,0.074063,0.161563,-1.862375,-2.008219,0.541054,-0.007383,-0.000522,-0.008337,-0.002457,0.027528,-0.000676
10814.728000,-0.466126,0.074075,0.161513,-1.862256,-2.008060,0.541257,-0.003779,-0.000251,-0.013809,-0.000539,0.005393,-0.000512
10814.736000,-0.466162,0.074061,0.161368,-1.862240,-2.008114,0.541251,-0.005691,-0.000399,-0.011226,-0.001308,0.013982,-0.000563
10814.744000,-0.466190,0.074071,0.161299,-1.862234,-2.007947,0.541376,-0.003786,-0.000248,-0.013415,-0.000797,0.008661,-0.000548
10814.752000,-0.466245,0.074063,0.161174,-1.862198,-2.007909,0.541400,-0.004954,-0.000345,-0.012488,-0.000851,0.008643,-0.000522
10814.760000,-0.466283,0.074047,0.161100,-1.862067,-2.007900,0.541553,-0.007143,-0.000503,-0.007962,-0.002448,0.027534,-0.000665
10814.768000,-0.466328,0.074050,0.161016,-1.862005,-2.007767,0.541683,-0.004152,-0.000281,-0.013580,-0.000626,0.006275,-0.000519
10814.776000,-0.466376,0.074065,0.160937,-1.861983,-2.007600,0.541787,-0.007644,-0.000541,-0.008120,-0.002570,0.028827,-0.000690
10814.784000,-0.466423,0.074066,0.160852,-1.861923,-2.007490,0.541954,-0.004328,-0.000289,-0.012105,-0.001128,0.012511,-0.000566
10814.792000,-0.466466,0.074068,0.160745,-1.861838,-2.007460,0.542013,-0.006084,-0.000426,-0.010654,-0.001596,0.017422,-0.000597
10814.800000,-0.466513,0.074055,0.160687,-1.861702,-2.007345,0.542194,-0.006770,-0.000474,-0.008159,-0.002329,0.026250,-0.000651
10814.808000,-0.466559,0.074036,0.160594,-1.861596,-2.007287,0.542312,-0.003872,-0.000257,-0.014015,-0.000601,0.006138,-0.000530
10814.816000,-0.466606,0.074042,0.160492,-1.861582,-2.007177,0.542446,-0.007829,-0.000555,-0.006799,-0.002790,0.031454,-0.000688
10814.824000,-0.466644,0.074029,0.160417,-1.861493,-2.007115,0.542550,-0.005192,-0.000353,-0.010658,-0.001657,0.018681,-0.000614
10814.832000,-0.466700,0.074035,0.160357,-1.861369,-2.006927,0.542795,-0.005310,-0.000367,-0.011858,-0.001229,0.013224,-0.000571
10814.840000,-0.466744,0.074024,0.160273,-1.861244,-2.006835,0.542905,-0.007113,-0.000501,-0.007853,-0.002439,0.027429,-0.000660
10814.848000,-0.466803,0.074012,0.160209,-1.861136,-2.006721,0.543122,-0.005171,-0.000354,-0.011047,-0.001451,0.016087,-0.000588
10814.856000,-0.466845,0.074031,0.160132,-1.861081,-2.006560,0.543284,-0.006365,-0.000447,-0.009711,-0.001834,0.020240,-0.000610
10814.864000,-0.466884,0.074037,0.160032,-1.861052,-2.006501,0.543285,-0.005887,-0.000409,-0.010550,-0.001670,0.018459,-0.000609
10814.872000,-0.466932,0.074025,0.159969,-1.860937,-2.006385,0.543526,-0.004782,-0.000326,-0.012294,-0.001091,0.011792,-0.000562
10814.880000,-0.466971,0.074015,0.159862,-1.860867,-2.006348,0.543534,-0.005983,-0.000416,-0.010579,-0.001712,0.018941,-0.000617
10814.888000,-0.467022,0.073999,0.159765,-1.860782,-2.006301,0.543662,-0.004777,-0.000326,-0.012192,-0.001103,0.011926,-0.000561
10814.896000,-0.467058,0.073984,0.159661,-1.860725,-2.006291,0.543759,-0.006392,-0.000447,-0.009251,-0.002008,0.022404,-0.000628
10814.904000,-0.467103,0.074020,0.159595,-1.860694,-2.006028,0.543961,-0.005529,-0.000382,-0.010357,-0.001572,0.017404,-0.000587
10814.912000,-0.467149,0.073994,0.159490,-1.860627,-2.006044,0.544018,-0.005672,-0.000393,-0.010589,-0.001602,0.017710,-0.000599
10814.920000,-0.467199,0.074029,0.159446,-1.860495,-2.005842,0.544209,-0.006629,-0.000463,-0.008423,-0.002242,0.025252,-0.000646
10814.928000,-0.467240,0.073993,0.159337,-1.860394,-2.005875,0.544306,-0.005037,-0.000341,-0.010373,-0.001622,0.018309,-0.000600
10814.936000,-0.467291,0.073995,0.159287,-1.860242,-2.005668,0.544553,-0.006361,-0.000444,-0.008383,-0.002153,0.024244,-0.000629
10814.944000,-0.467339,0.073987,0.159226,-1.860184,-2.005524,0.544732,-0.005294,-0.000363,-0.009916,-0.001646,0.018452,-0.000589
10814.952000,-0.467384,0.074006,0.159154,-1.860153,-2.005311,0.544915,-0.005277,-0.000365,-0.010109,-0.001450,0.015976,-0.000558
10814.960000,-0.467433,0.073978,0.159072,-1.859977,-2.005285,0.545016,-0.006512,-0.000456,-0.007677,-0.002262,0.025515,-0.000627
10814.968000,-0.467474,0.073977,0.158995,-1.859920,-2.005234,0.545145,-0.004689,-0.000320,-0.011621,-0.001126,0.012242,-0.000549
10814.976000,-0.467518,0.073980,0.158922,-1.859857,-2.005083,0.545312,-0.006664,-0.000467,-0.008156,-0.002269,0.025543,-0.000642
10814.984000,-0.467564,0.073981,0.158824,-1.859784,-2.005000,0.545438,-0.004833,-0.000328,-0.011145,-0.001334,0.014793,-0.000572
10814.992000,-0.467608,0.073962,0.158769,-1.859624,-2.004932,0.545593,-0.005584,-0.000386,-0.010038,-0.001673,0.018642,-0.000596
10815.000000,-0.467653,0.073964,0.158688,-1.859603,-2.004760,0.545781,-0.006100,-0.000422,-0.008509,-0.002139,0.024221,-0.000633
10815.008000,-0.467707,0.073960,0.158608,-1.859450,-2.004681,0.545932,-0.004701,-0.000320,-0.010676,-0.001273,0.014067,-0.000547
10815.016000,-0.467736,0.073968,0.158536,-1.859426,-2.004557,0.546065,-0.005900,-0.000405,-0.008709,-0.002154,0.024542,-0.000643
10815.024000,-0.467784,0.073957,0.158474,-1.859280,-2.004393,0.546256,-0.004816,-0.000327,-0.011175,-0.001334,0.014807,-0.000573
10815.032000,-0.467823,0.073954,0.158371,-1.859230,-2.004354,0.546318,-0.005832,-0.000403,-0.009599,-0.001858,0.020834,-0.000616
10815.040000,-0.467865,0.073956,0.158293,-1.859117,-2.004275,0.546459,-0.006262,-0.000433,-0.008119,-0.002285,0.025969,-0.000647
10815.048000,-0.467918,0.073955,0.158237,-1.859005,-2.004052,0.546671,-0.006062,-0.000418,-0.008347,-0.002224,0.025325,-0.000644
10815.056000,-0.467970,0.073950,0.158176,-1.858900,-2.003916,0.546896,-0.005792,-0.000397,-0.008927,-0.002077,0.023625,-0.000636
10815.064000,-0.468020,0.073932,0.158113,-1.858768,-2.003831,0.547124,-0.006765,-0.000469,-0.006581,-0.002742,0.031434,-0.000682
10815.072000,-0.468057,0.073956,0.158051,-1.858653,-2.003647,0.547237,-0.004995,-0.000336,-0.009285,-0.001836,0.021024,-0.000607
10815.080000,-0.468101,0.073943,0.157965,-1.858588,-2.003618,0.547388,-0.006395,-0.000443,-0.008505,-0.002287,0.025950,-0.000659
10815.088000,-0.468152,0.073934,0.157927,-1.858455,-2.003415,0.547663,-0.005489,-0.000373,-0.008989,-0.002055,0.023516,-0.000636
10815.096000,-0.468195,0.073927,0.157844,-1.858310,-2.003338,0.547797,-0.005322,-0.000362,-0.009917,-0.001800,0.020401,-0.000619
10815.104000,-0.468244,0.073938,0.157767,-1.858252,-2.003181,0.547989,-0.007373,-0.000516,-0.006401,-0.002883,0.032899,-0.000699
10815.112000,-0.468284,0.073922,0.157685,-1.858138,-2.003125,0.548068,-0.004479,-0.000300,-0.011120,-0.001322,0.014832,-0.000572
10815.120000,-0.468342,0.073921,0.157621,-1.858080,-2.002912,0.548244,-0.006612,-0.000460,-0.007370,-0.002474,0.028147,-0.000658
10815.128000,-0.468387,0.073915,0.157563,-1.857883,-2.002828,0.548482,-0.005458,-0.000369,-0.008747,-0.002147,0.024697,-0.000647
10815.136000,-0.468435,0.073922,0.157498,-1.857791,-2.002670,0.548661,-0.004385,-0.000292,-0.011516,-0.001262,0.014145,-0.000574
10815.144000,-0.468475,0.073911,0.157403,-1.857768,-2.002550,0.548768,-0.007349,-0.000517,-0.005751,-0.002847,0.032421,-0.000673
10815.152000,-0.468517,0.073921,0.157345,-1.857631,-2.002460,0.548952,-0.004677,-0.000313,-0.009265,-0.001720,0.019725,-0.000588
10815.160000,-0.468573,0.073929,0.157297,-1.857497,-2.002256,0.549196,-0.005724,-0.000394,-0.008962,-0.001942,0.021953,-0.000614
10815.168000,-0.468615,0.073908,0.157234,-1.857348,-2.002149,0.549312,-0.007639,-0.000533,-0.004037,-0.003446,0.039827,-0.000730
10815.176000,-0.468665,0.073898,0.157176,-1.857198,-2.002013,0.549568,-0.004578,-0.000307,-0.010176,-0.001491,0.016887,-0.000574
10815.184000,-0.468712,0.073907,0.157102,-1.857128,-2.001880,0.549781,-0.007323,-0.000513,-0.006177,-0.002824,0.032168,-0.000683
10815.192000,-0.468750,0.073902,0.157037,-1.857034,-2.001750,0.549904,-0.005855,-0.000395,-0.006927,-0.002708,0.031552,-0.000693
10815.200000,-0.468798,0.073876,0.156961,-1.856857,-2.001669,0.550109,-0.004829,-0.000325,-0.009536,-0.001680,0.019117,-0.000588
10815.208000,-0.468840,0.073871,0.156900,-1.856772,-2.001556,0.550300,-0.008605,-0.000605,-0.002252,-0.004027,0.046580,-0.000778
10815.216000,-0.468891,0.073890,0.156865,-1.856658,-2.001276,0.550588,-0.004580,-0.000305,-0.009921,-0.001607,0.018363,-0.000588
10815.224000,-0.468941,0.073865,0.156795,-1.856508,-2.001244,0.550714,-0.006659,-0.000463,-0.006362,-0.002669,0.030550,-0.000663
10815.232000,-0.468985,0.073871,0.156732,-1.856387,-2.001120,0.550932,-0.006383,-0.000439,-0.005929,-0.002786,0.032191,-0.000673
10815.240000,-0.469030,0.073873,0.156652,-1.856342,-2.000958,0.551011,-0.004375,-0.000292,-0.010358,-0.001366,0.015416,-0.000557
10815.248000,-0.469081,0.073877,0.156606,-1.856179,-2.000814,0.551271,-0.007271,-0.000510,-0.005316,-0.002883,0.032914,-0.000668
10815.256000,-0.469123,0.073883,0.156547,-1.856091,-2.000618,0.551434,-0.004466,-0.000293,-0.009367,-0.001828,0.021226,-0.000613
10815.264000,-0.469169,0.073872,0.156476,-1.855976,-2.000520,0.551635,-0.006040,-0.000415,-0.006965,-0.002416,0.027719,-0.000639
10815.272000,-0.469210,0.073860,0.156411,-1.855825,-2.000406,0.551798,-0.007371,-0.000510,-0.003603,-0.003541,0.041166,-0.000737
10815.280000,-0.469260,0.073850,0.156370,-1.855666,-2.000254,0.552054,-0.003896,-0.000250,-0.009824,-0.001609,0.018762,-0.000590
10815.288000,-0.469309,0.073852,0.156299,-1.855551,-2.000100,0.552269,-0.006734,-0.000468,-0.006086,-0.002705,0.030971,-0.000662
10815.296000,-0.469353,0.073851,0.156254,-1.855446,-1.999892,0.552483,-0.006668,-0.000459,-0.005067,-0.003017,0.034937,-0.000689
10815.304000,-0.469400,0.073850,0.156198,-1.855300,-1.999791,0.552702,-0.005087,-0.000342,-0.008412,-0.002039,0.023513,-0.000619
10815.312000,-0.469463,0.073847,0.156160,-1.855109,-1.999566,0.552994,-0.007172,-0.000498,-0.005060,-0.003141,0.036250,-0.000709
10815.320000,-0.469515,0.073827,0.156107,-1.855046,-1.999362,0.553236,-0.005344,-0.000360,-0.007375,-0.002323,0.026938,-0.000639
10815.328000,-0.469560,0.073842,0.156071,-1.854822,-1.999198,0.553451,-0.005702,-0.000387,-0.007314,-0.002403,0.027759,-0.000650
10815.336000,-0.469607,0.073828,0.156010,-1.854686,-1.999089,0.553643,-0.006779,-0.000469,-0.004793,-0.003038,0.035133,-0.000684
10815.344000,-0.469656,0.073828,0.155950,-1.854545,-1.998937,0.553889,-0.005718,-0.000387,-0.006796,-0.002559,0.029718,-0.000663
10815.352000,-0.469703,0.073827,0.155914,-1.854408,-1.998767,0.554080,-0.006798,-0.000467,-0.004802,-0.003195,0.037125,-0.000714
10815.360000,-0.469755,0.073822,0.155868,-1.854313,-1.998539,0.554370,-0.006753,-0.000465,-0.004548,-0.003134,0.036361,-0.000695
10815.368000,-0.469806,0.073824,0.155847,-1.854113,-1.998361,0.554629,-0.005493,-0.000374,-0.007046,-0.002238,0.025767,-0.000612
10815.376000,-0.469856,0.073810,0.155792,-1.854010,-1.998216,0.554842,-0.006510,-0.000445,-0.005618,-0.002991,0.034718,-0.000703
10815.384000,-0.469893,0.073813,0.155702,-1.853883,-1.998165,0.554940,-0.005862,-0.000399,-0.006257,-0.002587,0.029961,-0.000651
10815.392000,-0.469938,0.073822,0.155655,-1.853821,-1.997937,0.555151,-0.005314,-0.000354,-0.007154,-0.002497,0.029174,-0.000666
10815.400000,-0.469988,0.073808,0.155590,-1.853606,-1.997879,0.555310,-0.006623,-0.000458,-0.004775,-0.002955,0.034168,-0.000670
10815.408000,-0.470032,0.073809,0.155558,-1.853489,-1.997684,0.555588,-0.005726,-0.000385,-0.005775,-0.002781,0.032499,-0.000674
10815.416000,-0.470085,0.073800,0.155485,-1.853337,-1.997556,0.555795,-0.006633,-0.000453,-0.004547,-0.003262,0.038063,-0.000720
10815.424000,-0.470136,0.073797,0.155457,-1.853180,-1.997345,0.556056,-0.006715,-0.000461,-0.004671,-0.003152,0.036629,-0.000703
10815.432000,-0.470187,0.073789,0.155422,-1.852984,-1.997140,0.556340,-0.005108,-0.000342,-0.007584,-0.002198,0.025491,-0.000624
10815.440000,-0.470234,0.073790,0.155384,-1.852886,-1.996934,0.556598,-0.005554,-0.000378,-0.007190,-0.002242,0.025781,-0.000618
10815.448000,-0.470273,0.073798,0.155302,-1.852797,-1.996858,0.556713,-0.006459,-0.000442,-0.003960,-0.003153,0.036763,-0.000683
10815.456000,-0.470328,0.073783,0.155282,-1.852604,-1.996638,0.557041,-0.005281,-0.000355,-0.006935,-0.002330,0.027043,-0.000628
10815.456000,-0.470328,0.073783,0.155282,-1.852604,-1.996638,0.557041,-0.005281,-0.000355,-0.006935,-0.002330,0.027043,-0.000628
10815.456000,-0.470328,0.073783,0.155282,-1.852604,-1.996638,0.557041,-0.005281,-0.000355,-0.006935,-0.002330,0.027043,-0.000628
10815.480000,-0.470468,0.073767,0.155131,-1.852136,-1.996203,0.557719,-0.005880,-0.000400,-0.006015,-0.002626,0.030439,-0.000652
10815.488000,-0.470520,0.073768,0.155092,-1.852017,-1.995974,0.558008,-0.006989,-0.000482,-0.003437,-0.003391,0.039466,-0.000709
10815.496000,-0.470569,0.073769,0.155057,-1.851824,-1.995776,0.558212,-0.005031,-0.000332,-0.006816,-0.002500,0.029357,-0.000658
10815.504000,-0.470614,0.073770,0.155028,-1.851686,-1.995575,0.558484,-0.005676,-0.000383,-0.005783,-0.002674,0.031170,-0.000655
10815.512000,-0.470651,0.073771,0.154969,-1.851603,-1.995417,0.558707,-0.006112,-0.000410,-0.004106,-0.003321,0.039106,-0.000722
10815.520000,-0.470700,0.073780,0.154933,-1.851428,-1.995210,0.558952,-0.004850,-0.000321,-0.007442,-0.002214,0.025850,-0.000625
10815.528000,-0.470747,0.073756,0.154890,-1.851231,-1.995133,0.559232,-0.007045,-0.000483,-0.003478,-0.003532,0.041244,-0.000737
10815.536000,-0.470798,0.073745,0.154839,-1.851083,-1.994943,0.559447,-0.006560,-0.000447,-0.003335,-0.003389,0.039673,-0.000708
10815.544000,-0.470850,0.073742,0.154787,-1.850902,-1.994801,0.559651,-0.006148,-0.000416,-0.005245,-0.003004,0.035078,-0.000698
10815.552000,-0.470905,0.073733,0.154758,-1.850680,-1.994597,0.559965,-0.006180,-0.000420,-0.004690,-0.003026,0.035307,-0.000684
10815.560000,-0.470950,0.073740,0.154738,-1.850558,-1.994341,0.560272,-0.005611,-0.000375,-0.005781,-0.002787,0.032643,-0.000677
10815.568000,-0.470999,0.073732,0.154684,-1.850398,-1.994199,0.560477,-0.006100,-0.000414,-0.004867,-0.002970,0.034657,-0.000680
10815.576000,-0.471048,0.073721,0.154667,-1.850211,-1.994000,0.560811,-0.006381,-0.000430,-0.003537,-0.003464,0.040730,-0.000730
10815.584000,-0.471091,0.073752,0.154606,-1.850126,-1.993752,0.561028,-0.006159,-0.000415,-0.004660,-0.003147,0.036894,-0.000707
10815.592000,-0.471151,0.073728,0.154590,-1.849884,-1.993562,0.561331,-0.006792,-0.000465,-0.003933,-0.003339,0.038932,-0.000717
10815.600000,-0.471196,0.073739,0.154541,-1.849795,-1.993373,0.561565,-0.006426,-0.000435,-0.003832,-0.003373,0.039588,-0.000723
10815.608000,-0.471249,0.073721,0.154518,-1.849583,-1.993167,0.561858,-0.005967,-0.000403,-0.004206,-0.003081,0.036120,-0.000682
10815.616000,-0.471301,0.073717,0.154471,-1.849435,-1.992996,0.562095,-0.005678,-0.000380,-0.004856,-0.002957,0.034730,-0.000680
10815.624000,-0.471348,0.073721,0.154442,-1.849233,-1.992784,0.562365,-0.005619,-0.000377,-0.005207,-0.002821,0.033053,-0.000666
10815.632000,-0.471390,0.073728,0.154400,-1.849107,-1.992596,0.562607,-0.005843,-0.000393,-0.004401,-0.003007,0.035270,-0.000675
10815.640000,-0.471447,0.073684,0.154388,-1.848842,-1.992499,0.562921,-0.006682,-0.000455,-0.002382,-0.003598,0.042205,-0.000718
10815.648000,-0.471497,0.073711,0.154364,-1.848729,-1.992183,0.563189,-0.006554,-0.000446,-0.002813,-0.003454,0.040500,-0.000706
10815.656000,-0.471549,0.073700,0.154310,-1.848557,-1.992023,0.563476,-0.006269,-0.000426,-0.003397,-0.003251,0.038083,-0.000687
10815.664000,-0.471594,0.073706,0.154313,-1.848352,-1.991765,0.563733,-0.006052,-0.000408,-0.003081,-0.003307,0.038920,-0.000689
10815.672000,-0.471649,0.073715,0.154286,-1.848190,-1.991533,0.564085,-0.005883,-0.000395,-0.003775,-0.003164,0.037234,-0.000685
10815.680000,-0.471693,0.073703,0.154243,-1.848044,-1.991376,0.564287,-0.006040,-0.000406,-0.003721,-0.003257,0.038318,-0.000700
10815.688000,-0.471746,0.073693,0.154221,-1.847843,-1.991178,0.564605,-0.006674,-0.000453,-0.002070,-0.003700,0.043538,-0.000729
10815.696000,-0.471797,0.073684,0.154209,-1.847601,-1.990976,0.564926,-0.006479,-0.000438,-0.002371,-0.003593,0.042292,-0.000719
10815.704000,-0.471839,0.073693,0.154169,-1.847505,-1.990760,0.565140,-0.006241,-0.000420,-0.003669,-0.003341,0.039268,-0.000714
10815.712000,-0.471896,0.073684,0.154165,-1.847291,-1.990576,0.565522,-0.006773,-0.000463,-0.002133,-0.003562,0.041727,-0.000704
10815.720000,-0.471946,0.073678,0.154144,-1.847040,-1.990368,0.565791,-0.006110,-0.000409,-0.003851,-0.003332,0.039235,-0.000719
10815.728000,-0.471992,0.073676,0.154103,-1.846928,-1.990134,0.566051,-0.005718,-0.000383,-0.004539,-0.002981,0.035003,-0.000676
10815.736000,-0.472037,0.073662,0.154066,-1.846729,-1.989981,0.566314,-0.006075,-0.000408,-0.003023,-0.003381,0.039828,-0.000702
10815.744000,-0.472077,0.073666,0.154012,-1.846617,-1.989794,0.566516,-0.005441,-0.000362,-0.004670,-0.002882,0.033900,-0.000663
10815.752000,-0.472124,0.073655,0.153989,-1.846419,-1.989655,0.566795,-0.006564,-0.000447,-0.002680,-0.003466,0.040619,-0.000705
10815.760000,-0.472180,0.073658,0.153990,-1.846240,-1.989324,0.567172,-0.006447,-0.000434,-0.002548,-0.003626,0.042732,-0.000732
10815.768000,-0.472219,0.073672,0.153950,-1.846083,-1.989143,0.567388,-0.006644,-0.000448,-0.002395,-0.003742,0.044112,-0.000748
10815.776000,-0.472274,0.073652,0.153906,-1.845940,-1.988954,0.567671,-0.006445,-0.000432,-0.002141,-0.003776,0.044629,-0.000748
10815.784000,-0.472325,0.073653,0.153911,-1.845685,-1.988722,0.568025,-0.006398,-0.000431,-0.002359,-0.003595,0.042364,-0.000721
10815.792000,-0.472372,0.073651,0.153872,-1.845528,-1.988560,0.568236,-0.006032,-0.000402,-0.003145,-0.003465,0.040951,-0.000723
10815.800000,-0.472428,0.073630,0.153875,-1.845242,-1.988310,0.568644,-0.006129,-0.000409,-0.002628,-0.003571,0.042198,-0.000726
10815.808000,-0.472472,0.073666,0.153843,-1.845154,-1.988036,0.568878,-0.006864,-0.000466,-0.001745,-0.003781,0.044470,-0.000735
10815.816000,-0.472524,0.073650,0.153826,-1.844928,-1.987842,0.569233,-0.007667,-0.000522,0.000777,-0.004603,0.054397,-0.000807
10815.824000,-0.472582,0.073636,0.153818,-1.844699,-1.987600,0.569576,-0.006458,-0.000437,-0.002197,-0.003583,0.042163,-0.000713
10815.832000,-0.472639,0.073631,0.153805,-1.844536,-1.987396,0.569871,-0.005347,-0.000351,-0.004405,-0.003062,0.036237,-0.000691
10815.840000,-0.472683,0.073635,0.153769,-1.844341,-1.987185,0.570116,-0.007164,-0.000490,-0.001322,-0.003857,0.045228,-0.000734
10815.848000,-0.472727,0.073622,0.153740,-1.844207,-1.986975,0.570383,-0.005282,-0.000348,-0.003713,-0.003058,0.036189,-0.000668
10815.856000,-0.472781,0.073613,0.153716,-1.843936,-1.986878,0.570723,-0.006983,-0.000475,-0.001710,-0.003856,0.045320,-0.000747
10815.864000,-0.472835,0.073619,0.153739,-1.843720,-1.986511,0.571090,-0.007397,-0.000502,-0.000062,-0.004391,0.051851,-0.000795
10815.872000,-0.472890,0.073612,0.153719,-1.843482,-1.986269,0.571386,-0.005573,-0.000365,-0.003587,-0.003372,0.040025,-0.000723
10815.880000,-0.472929,0.073610,0.153696,-1.843351,-1.986055,0.571744,-0.006376,-0.000427,-0.002414,-0.003661,0.043219,-0.000736
10815.888000,-0.472983,0.073610,0.153679,-1.843104,-1.985827,0.572019,-0.005901,-0.000391,-0.002586,-0.003530,0.041821,-0.000720
10815.896000,-0.473036,0.073600,0.153656,-1.842914,-1.985593,0.572365,-0.006637,-0.000449,-0.002041,-0.003706,0.043620,-0.000732
10815.904000,-0.473090,0.073591,0.153633,-1.842712,-1.985405,0.572632,-0.007126,-0.000484,-0.000966,-0.004075,0.048005,-0.000765
10815.912000,-0.473142,0.073594,0.153619,-1.842522,-1.985159,0.572928,-0.006482,-0.000434,-0.001633,-0.003869,0.045766,-0.000751
10815.920000,-0.473190,0.073607,0.153616,-1.842388,-1.984867,0.573263,-0.006259,-0.000417,-0.002417,-0.003704,0.043841,-0.000746
10815.928000,-0.473242,0.073598,0.153602,-1.842152,-1.984647,0.573596,-0.006684,-0.000455,-0.001268,-0.003688,0.043338,-0.000704
10815.936000,-0.473295,0.073605,0.153591,-1.842007,-1.984367,0.573934,-0.006796,-0.000458,-0.000579,-0.004078,0.048250,-0.000757
10815.944000,-0.473356,0.073571,0.153604,-1.841720,-1.984172,0.574329,-0.005153,-0.000336,-0.003799,-0.003110,0.036921,-0.000683
10815.952000,-0.473393,0.073594,0.153576,-1.841543,-1.983925,0.574547,-0.006262,-0.000417,-0.001628,-0.003821,0.045308,-0.000744
10815.960000,-0.473431,0.073584,0.153534,-1.841311,-1.983796,0.574828,-0.006719,-0.000448,-0.000301,-0.004268,0.050682,-0.000785
10815.968000,-0.473493,0.073574,0.153523,-1.841106,-1.983497,0.575244,-0.005663,-0.000371,-0.002829,-0.003545,0.042161,-0.000733
10815.976000,-0.473546,0.073579,0.153533,-1.840815,-1.983246,0.575551,-0.007428,-0.000506,0.000220,-0.004305,0.050732,-0.000771
10815.984000,-0.473600,0.073562,0.153514,-1.840654,-1.983003,0.575922,-0.007111,-0.000481,-0.000429,-0.004203,0.049620,-0.000774
10815.992000,-0.473659,0.073560,0.153525,-1.840371,-1.982719,0.576287,-0.006510,-0.000436,-0.001488,-0.003898,0.046119,-0.000753
10816.000000,-0.473713,0.073540,0.153510,-1.840184,-1.982476,0.576622,-0.006944,-0.000465,0.000558,-0.004446,0.052750,-0.000790
10816.008000,-0.473768,0.073539,0.153526,-1.839923,-1.982226,0.577034,-0.007158,-0.000485,0.000542,-0.004347,0.051378,-0.000771
10816.016000,-0.473821,0.073561,0.153534,-1.839662,-1.981886,0.577380,-0.006693,-0.000449,-0.000697,-0.004063,0.048092,-0.000759
10816.024000,-0.473881,0.073543,0.153530,-1.839475,-1.981646,0.577781,-0.006759,-0.000451,-0.000192,-0.004290,0.050916,-0.000786
10816.032000,-0.473927,0.073534,0.153509,-1.839214,-1.981496,0.578056,-0.006943,-0.000464,0.000317,-0.004464,0.053004,-0.000802
10816.040000,-0.473979,0.073535,0.153501,-1.839051,-1.981220,0.578407,-0.006123,-0.000405,-0.000851,-0.003941,0.046857,-0.000744
10816.048000,-0.474024,0.073550,0.153496,-1.838921,-1.980895,0.578731,-0.006057,-0.000402,-0.001378,-0.003735,0.044305,-0.000722
10816.056000,-0.474067,0.073547,0.153462,-1.838684,-1.980747,0.578981,-0.005587,-0.000364,-0.001444,-0.003755,0.044837,-0.000731
10816.064000,-0.474120,0.073536,0.153464,-1.838454,-1.980525,0.579351,-0.006425,-0.000428,-0.000843,-0.003996,0.047396,-0.000753
10816.096000,-0.474334,0.073520,0.153478,-1.837528,-1.979402,0.580793,-0.006328,-0.000420,-0.000239,-0.004079,0.048476,-0.000751
10816.104000,-0.474386,0.073511,0.153446,-1.837306,-1.979222,0.581079,-0.006521,-0.000433,0.000321,-0.004269,0.050764,-0.000768
10816.112000,-0.474444,0.073505,0.153483,-1.836998,-1.978938,0.581534,-0.006812,-0.000458,0.000368,-0.004238,0.050199,-0.000759
10816.120000,-0.474489,0.073502,0.153480,-1.836822,-1.978667,0.581877,-0.006757,-0.000453,0.001034,-0.004329,0.051365,-0.000756
10816.128000,-0.474551,0.073499,0.153514,-1.836532,-1.978333,0.582313,-0.006706,-0.000449,0.000006,-0.004176,0.049478,-0.000760
10816.136000,-0.474600,0.073478,0.153501,-1.836320,-1.978150,0.582639,-0.006586,-0.000440,0.000539,-0.004264,0.050630,-0.000760
10816.144000,-0.474662,0.073473,0.153522,-1.836010,-1.977832,0.583107,-0.005951,-0.000391,0.000310,-0.004098,0.048878,-0.000740
10816.152000,-0.474713,0.073502,0.153533,-1.835792,-1.977460,0.583432,-0.004782,-0.000312,-0.003093,-0.002888,0.034270,-0.000623
10816.160000,-0.474735,0.073507,0.153454,-1.835735,-1.977359,0.583522,-0.005926,-0.000391,-0.000712,-0.003833,0.045591,-0.000722
10816.168000,-0.474782,0.073485,0.153431,-1.835539,-1.977198,0.583839,-0.005579,-0.000368,-0.002846,-0.003329,0.039423,-0.000695
10816.176000,-0.474836,0.073467,0.153458,-1.835204,-1.976989,0.584274,-0.007464,-0.000502,0.002067,-0.004831,0.057307,-0.000816
10816.184000,-0.474907,0.073480,0.153490,-1.834957,-1.976582,0.584728,-0.007499,-0.000506,0.002042,-0.004797,0.056877,-0.000811
10816.192000,-0.474954,0.073472,0.153486,-1.834744,-1.976317,0.585091,-0.006225,-0.000411,-0.000446,-0.004062,0.048309,-0.000756
10816.200000,-0.474997,0.073477,0.153490,-1.834506,-1.976076,0.585360,-0.006175,-0.000406,0.000236,-0.004212,0.050230,-0.000764
10816.208000,-0.475059,0.073470,0.153510,-1.834289,-1.975731,0.585853,-0.006978,-0.000466,0.002450,-0.004751,0.056563,-0.000792
10816.216000,-0.475121,0.073457,0.153528,-1.833963,-1.975423,0.586280,-0.007225,-0.000479,0.002714,-0.005093,0.060753,-0.000848
10816.224000,-0.475176,0.073457,0.153534,-1.833681,-1.975191,0.586660,-0.006863,-0.000457,0.001045,-0.004543,0.054022,-0.000798
10816.232000,-0.475215,0.073454,0.153537,-1.833479,-1.974939,0.586993,-0.006062,-0.000399,0.000035,-0.004086,0.048687,-0.000747
10816.240000,-0.475267,0.073480,0.153528,-1.833343,-1.974582,0.587325,-0.007025,-0.000470,0.002046,-0.004628,0.055020,-0.000782
10816.248000,-0.475321,0.073481,0.153546,-1.833031,-1.974312,0.587736,-0.006538,-0.000433,0.001547,-0.004482,0.053454,-0.000773
10816.256000,-0.475376,0.073454,0.153576,-1.832798,-1.974032,0.588175,-0.006123,-0.000407,0.000218,-0.003952,0.046947,-0.000716
10816.264000,-0.475418,0.073451,0.153561,-1.832612,-1.973821,0.588461,-0.006578,-0.000435,0.001878,-0.004568,0.054481,-0.000779
10816.272000,-0.475479,0.073437,0.153562,-1.832335,-1.973573,0.588827,-0.007014,-0.000470,0.002042,-0.004618,0.054848,-0.000781
10816.280000,-0.475539,0.073434,0.153609,-1.832009,-1.973250,0.589265,-0.006612,-0.000443,0.001528,-0.004309,0.051160,-0.000740
10816.288000,-0.475599,0.073438,0.153651,-1.831720,-1.972898,0.589773,-0.006681,-0.000447,0.001822,-0.004409,0.052388,-0.000750
10816.296000,-0.475650,0.073438,0.153637,-1.831530,-1.972613,0.590074,-0.006786,-0.000447,0.002051,-0.004832,0.057725,-0.000823
10816.304000,-0.475697,0.073429,0.153649,-1.831257,-1.972378,0.590432,-0.006339,-0.000421,0.000429,-0.004105,0.048753,-0.000738
10816.312000,-0.475749,0.073420,0.153647,-1.830978,-1.972111,0.590825,-0.006644,-0.000445,0.000374,-0.004131,0.048904,-0.000742
10816.320000,-0.475799,0.073429,0.153659,-1.830757,-1.971830,0.591153,-0.006713,-0.000452,0.001240,-0.004207,0.049812,-0.000730
10816.328000,-0.475856,0.073423,0.153661,-1.830522,-1.971579,0.591540,-0.006513,-0.000434,0.000854,-0.004240,0.050367,-0.000750
10816.336000,-0.475906,0.073431,0.153677,-1.830346,-1.971235,0.591930,-0.006573,-0.000437,0.001247,-0.004333,0.051519,-0.000755
10816.344000,-0.475964,0.073415,0.153695,-1.830089,-1.970976,0.592335,-0.006606,-0.000435,0.001900,-0.004684,0.055944,-0.000802
10816.352000,-0.476010,0.073406,0.153706,-1.829783,-1.970753,0.592696,-0.006282,-0.000411,0.001806,-0.004540,0.054286,-0.000779
10816.360000,-0.476064,0.073388,0.153709,-1.829533,-1.970499,0.593025,-0.006069,-0.000397,0.000922,-0.004317,0.051573,-0.000765
10816.368000,-0.476112,0.073400,0.153748,-1.829262,-1.970167,0.593493,-0.007199,-0.000479,0.003716,-0.005071,0.060457,-0.000815
10816.376000,-0.476178,0.073373,0.153771,-1.828907,-1.969883,0.593948,-0.007110,-0.000473,0.003474,-0.005007,0.059664,-0.000811
10816.384000,-0.476234,0.073382,0.153779,-1.828692,-1.969584,0.594290,-0.006542,-0.000429,0.002189,-0.004724,0.056441,-0.000801
10816.392000,-0.476279,0.073388,0.153795,-1.828483,-1.969265,0.594707,-0.006438,-0.000423,0.001962,-0.004615,0.055141,-0.000788
10816.400000,-0.476329,0.073389,0.153818,-1.828222,-1.968895,0.595101,-0.005751,-0.000373,0.000050,-0.004056,0.048468,-0.000745
10816.408000,-0.476375,0.073372,0.153821,-1.827995,-1.968734,0.595437,-0.006652,-0.000439,0.001922,-0.004645,0.055384,-0.000794
10816.416000,-0.476431,0.073394,0.153838,-1.827731,-1.968366,0.595804,-0.006671,-0.000438,0.002736,-0.004864,0.058165,-0.000811
10816.424000,-0.476489,0.073375,0.153890,-1.827422,-1.967976,0.596419,-0.006944,-0.000459,0.003288,-0.005008,0.059798,-0.000819
10816.424000,-0.476489,0.073375,0.153890,-1.827422,-1.967976,0.596419,-0.006944,-0.000459,0.003288,-0.005008,0.059798,-0.000819
10816.440000,-0.476596,0.073376,0.153899,-1.826901,-1.967464,0.597070,-0.007079,-0.000469,0.003478,-0.005043,0.060171,-0.000819
10816.448000,-0.476660,0.073351,0.153942,-1.826610,-1.967141,0.597622,-0.006708,-0.000441,0.002605,-0.004835,0.057744,-0.000809
10816.456000,-0.476710,0.073356,0.153959,-1.826297,-1.966864,0.597956,-0.006534,-0.000427,0.003322,-0.004956,0.059360,-0.000811
10816.464000,-0.476767,0.073358,0.153990,-1.826028,-1.966513,0.598401,-0.007290,-0.000484,0.004323,-0.005254,0.062698,-0.000832
10816.472000,-0.476828,0.073345,0.154026,-1.825740,-1.966176,0.598835,-0.006166,-0.000400,0.002169,-0.004669,0.055940,-0.000794
10816.480000,-0.476877,0.073345,0.154041,-1.825442,-1.965926,0.599234,-0.006388,-0.000420,0.001843,-0.004493,0.053593,-0.000770
10816.488000,-0.476917,0.073356,0.154046,-1.825265,-1.965617,0.599547,-0.006981,-0.000462,0.002833,-0.004880,0.058169,-0.000810
10816.496000,-0.476974,0.073350,0.154073,-1.825000,-1.965309,0.600000,-0.006174,-0.000403,0.001924,-0.004510,0.053943,-0.000772
10816.504000,-0.477023,0.073346,0.154101,-1.824704,-1.965056,0.600392,-0.006623,-0.000438,0.002436,-0.004632,0.055222,-0.000777
10816.512000,-0.477073,0.073356,0.154110,-1.824506,-1.964697,0.600762,-0.007358,-0.000485,0.005066,-0.005538,0.066277,-0.000865
10816.520000,-0.477132,0.073328,0.154126,-1.824193,-1.964456,0.601214,-0.006886,-0.000452,0.003409,-0.005064,0.060520,-0.000828
10816.528000,-0.477192,0.073329,0.154177,-1.823843,-1.964087,0.601711,-0.007278,-0.000478,0.004868,-0.005567,0.066659,-0.000877
10816.536000,-0.477252,0.073325,0.154221,-1.823556,-1.963742,0.602169,-0.006654,-0.000436,0.003492,-0.004972,0.059484,-0.000809
10816.544000,-0.477301,0.073351,0.154243,-1.823348,-1.963357,0.602555,-0.006547,-0.000429,0.002993,-0.004781,0.057177,-0.000790
10816.552000,-0.477357,0.073301,0.154282,-1.823006,-1.963149,0.603012,-0.005774,-0.000370,0.002198,-0.004560,0.054751,-0.000776
10816.560000,-0.477405,0.073299,0.154283,-1.822755,-1.962883,0.603356,-0.007209,-0.000479,0.004355,-0.005191,0.061890,-0.000821
10816.568000,-0.477462,0.073298,0.154316,-1.822540,-1.962542,0.603826,-0.007338,-0.000490,0.004837,-0.005216,0.062129,-0.000810
10816.576000,-0.477527,0.073291,0.154381,-1.822146,-1.962177,0.604300,-0.006764,-0.000446,0.003921,-0.004987,0.059555,-0.000798
10816.584000,-0.477576,0.073288,0.154384,-1.821871,-1.961938,0.604647,-0.006904,-0.000451,0.004357,-0.005309,0.063568,-0.000846
10816.592000,-0.477631,0.073295,0.154441,-1.821584,-1.961552,0.605141,-0.006875,-0.000450,0.005170,-0.005391,0.064610,-0.000836
10816.600000,-0.477681,0.073313,0.154463,-1.821346,-1.961171,0.605585,-0.006797,-0.000443,0.004358,-0.005254,0.062977,-0.000837
10816.608000,-0.477736,0.073297,0.154506,-1.821011,-1.960851,0.606079,-0.007280,-0.000480,0.005409,-0.005525,0.066100,-0.000853
10816.608000,-0.477736,0.073297,0.154506,-1.821011,-1.960851,0.606079,-0.007280,-0.000480,0.005409,-0.005525,0.066100,-0.000853
10816.624000,-0.477858,0.073274,0.154585,-1.820370,-1.960190,0.606984,-0.006643,-0.000433,0.004186,-0.005146,0.061653,-0.000822
10816.632000,-0.477898,0.073288,0.154604,-1.820145,-1.959896,0.607349,-0.006345,-0.000409,0.003691,-0.005065,0.060828,-0.000824
10816.640000,-0.477955,0.073278,0.154647,-1.819787,-1.959566,0.607830,-0.006961,-0.000454,0.005727,-0.005541,0.066459,-0.000848
10816.648000,-0.478010,0.073268,0.154686,-1.819516,-1.959246,0.608286,-0.007261,-0.000478,0.006099,-0.005641,0.067533,-0.000854
10816.656000,-0.478069,0.073250,0.154735,-1.819174,-1.958890,0.608749,-0.007059,-0.000462,0.005019,-0.005483,0.065646,-0.000859
10816.664000,-0.478129,0.073260,0.154777,-1.818919,-1.958486,0.609165,-0.007061,-0.000463,0.005900,-0.005547,0.066440,-0.000843
10816.672000,-0.478178,0.073267,0.154825,-1.818633,-1.958131,0.609646,-0.006709,-0.000436,0.004693,-0.005287,0.063392,-0.000834
10816.680000,-0.478232,0.073262,0.154845,-1.818356,-1.957875,0.610029,-0.006822,-0.000448,0.005031,-0.005231,0.062599,-0.000812
10816.688000,-0.478275,0.073277,0.154852,-1.818170,-1.957561,0.610356,-0.006748,-0.000436,0.004436,-0.005384,0.064654,-0.000861
10816.696000,-0.478340,0.073249,0.154917,-1.817751,-1.957228,0.610939,-0.006958,-0.000452,0.005524,-0.005589,0.067061,-0.000865
10816.704000,-0.478394,0.073238,0.154946,-1.817494,-1.956922,0.611373,-0.007083,-0.000464,0.005028,-0.005441,0.065102,-0.000851
10816.712000,-0.478454,0.073232,0.154996,-1.817160,-1.956551,0.611825,-0.006868,-0.000444,0.005293,-0.005612,0.067382,-0.000877
10816.720000,-0.478503,0.073239,0.155028,-1.816907,-1.956202,0.612264,-0.006337,-0.000411,0.004005,-0.004984,0.059757,-0.000800
10816.728000,-0.478555,0.073236,0.155085,-1.816494,-1.955907,0.612721,-0.006539,-0.000424,0.004501,-0.005170,0.061983,-0.000819
10816.736000,-0.478601,0.073238,0.155091,-1.816260,-1.955620,0.613084,-0.006388,-0.000413,0.004116,-0.005072,0.060851,-0.000814
10816.744000,-0.478653,0.073221,0.155132,-1.815972,-1.955318,0.613577,-0.006689,-0.000435,0.005633,-0.005374,0.064439,-0.000822
10816.752000,-0.478720,0.073208,0.155189,-1.815612,-1.954936,0.614040,-0.007333,-0.000479,0.006210,-0.005816,0.069664,-0.000885
10816.760000,-0.478771,0.073227,0.155234,-1.815378,-1.954513,0.614520,-0.006937,-0.000451,0.006234,-0.005642,0.067706,-0.000854
10816.768000,-0.478828,0.073211,0.155286,-1.815029,-1.954201,0.615008,-0.006352,-0.000413,0.004126,-0.004925,0.058973,-0.000785
10816.776000,-0.478876,0.073216,0.155326,-1.814750,-1.953826,0.615435,-0.006861,-0.000445,0.006036,-0.005621,0.067482,-0.000857
10816.784000,-0.478939,0.073209,0.155384,-1.814395,-1.953499,0.615957,-0.007019,-0.000456,0.006419,-0.005760,0.069140,-0.000871
10816.792000,-0.478989,0.073219,0.155423,-1.814095,-1.953148,0.616358,-0.007247,-0.000475,0.005673,-0.005565,0.066578,-0.000856
10816.800000,-0.479049,0.073219,0.155462,-1.813823,-1.952778,0.616836,-0.007456,-0.000486,0.007354,-0.006061,0.072722,-0.000898
10816.808000,-0.479113,0.073185,0.155513,-1.813443,-1.952511,0.617347,-0.007018,-0.000454,0.006585,-0.005848,0.070234,-0.000883
10816.816000,-0.479165,0.073177,0.155577,-1.813118,-1.952069,0.617899,-0.006496,-0.000417,0.005703,-0.005498,0.066097,-0.000846
10816.824000,-0.479219,0.073187,0.155614,-1.812825,-1.951725,0.618288,-0.006702,-0.000431,0.005805,-0.005603,0.067330,-0.000862
10816.832000,-0.479275,0.073199,0.155678,-1.812506,-1.951328,0.618789,-0.006982,-0.000452,0.006159,-0.005707,0.068504,-0.000870
10816.840000,-0.479328,0.073174,0.155701,-1.812195,-1.951020,0.619238,-0.006857,-0.000442,0.006694,-0.005827,0.070038,-0.000877
10816.848000,-0.479382,0.073191,0.155740,-1.811890,-1.950668,0.619697,-0.006825,-0.000443,0.006094,-0.005543,0.066512,-0.000842
10816.856000,-0.479436,0.073170,0.155806,-1.811527,-1.950318,0.620237,-0.006678,-0.000429,0.006628,-0.005754,0.069227,-0.000866
10816.864000,-0.479498,0.073157,0.155884,-1.811126,-1.949921,0.620748,-0.007062,-0.000458,0.007228,-0.005889,0.070678,-0.000871
10816.872000,-0.479557,0.073164,0.155968,-1.810786,-1.949453,0.621336,-0.007208,-0.000467,0.007407,-0.006017,0.072240,-0.000890
10816.880000,-0.479612,0.073159,0.155980,-1.810520,-1.949160,0.621745,-0.007152,-0.000467,0.006610,-0.005727,0.068599,-0.000859
10816.888000,-0.479667,0.073162,0.156046,-1.810239,-1.948767,0.622208,-0.007220,-0.000468,0.007622,-0.006056,0.072722,-0.000891
10816.896000,-0.479720,0.073161,0.156112,-1.809846,-1.948362,0.622718,-0.006938,-0.000449,0.006540,-0.005730,0.068776,-0.000864
10816.904000,-0.479775,0.073156,0.156151,-1.809538,-1.948048,0.623166,-0.006573,-0.000422,0.006013,-0.005567,0.066919,-0.000851
10816.912000,-0.479828,0.073145,0.156196,-1.809224,-1.947687,0.623692,-0.005885,-0.000372,0.004628,-0.005135,0.061861,-0.000815
10816.920000,-0.479877,0.073164,0.156252,-1.808976,-1.947297,0.624142,-0.006336,-0.000408,0.005114,-0.005165,0.061998,-0.000804
10816.928000,-0.479923,0.073159,0.156274,-1.808638,-1.947008,0.624489,-0.007511,-0.000492,0.008094,-0.006070,0.072726,-0.000878
10816.936000,-0.479983,0.073167,0.156327,-1.808348,-1.946612,0.624965,-0.006950,-0.000451,0.005846,-0.005543,0.066440,-0.000851
10816.944000,-0.480042,0.073145,0.156401,-1.807997,-1.946227,0.625533,-0.006893,-0.000444,0.007317,-0.005898,0.070903,-0.000873
10816.952000,-0.480094,0.073148,0.156453,-1.807591,-1.945885,0.625993,-0.006819,-0.000437,0.006662,-0.005829,0.070101,-0.000881
10816.960000,-0.480155,0.073132,0.156526,-1.807270,-1.945486,0.626550,-0.006720,-0.000433,0.006648,-0.005681,0.068247,-0.000853
10816.968000,-0.480212,0.073140,0.156562,-1.806987,-1.945115,0.626979,-0.007625,-0.000498,0.007990,-0.006153,0.073715,-0.000897
10816.976000,-0.480279,0.073123,0.156657,-1.806598,-1.944695,0.627603,-0.007244,-0.000467,0.009009,-0.006339,0.076225,-0.000903
10816.984000,-0.480332,0.073113,0.156700,-1.806232,-1.944389,0.628075,-0.007605,-0.000495,0.008291,-0.006282,0.075311,-0.000913
10816.992000,-0.480390,0.073112,0.156768,-1.805878,-1.943971,0.628561,-0.006532,-0.000419,0.007415,-0.005727,0.068897,-0.000839
10817.000000,-0.480436,0.073135,0.156818,-1.805659,-1.943550,0.629035,-0.007563,-0.000494,0.008563,-0.006204,0.074384,-0.000890
10817.008000,-0.480489,0.073120,0.156880,-1.805288,-1.943238,0.629526,-0.006741,-0.000433,0.007055,-0.005764,0.069288,-0.000857
10817.016000,-0.480559,0.073100,0.156972,-1.804834,-1.942813,0.630113,-0.007388,-0.000477,0.009256,-0.006467,0.077739,-0.000920
10817.024000,-0.480604,0.073102,0.157020,-1.804521,-1.942470,0.630574,-0.006631,-0.000423,0.006911,-0.005822,0.070067,-0.000874
10817.032000,-0.480663,0.073104,0.157057,-1.804240,-1.942083,0.631047,-0.006823,-0.000439,0.007404,-0.005843,0.070205,-0.000861
10817.040000,-0.480709,0.073105,0.157125,-1.803912,-1.941708,0.631565,-0.006921,-0.000445,0.008079,-0.006021,0.072403,-0.000874
10817.048000,-0.480774,0.073107,0.157192,-1.803543,-1.941312,0.632062,-0.007719,-0.000502,0.009585,-0.006517,0.078206,-0.000919
10817.056000,-0.480836,0.073086,0.157263,-1.803132,-1.940948,0.632610,-0.007051,-0.000455,0.008363,-0.006064,0.072842,-0.000873
10817.064000,-0.480887,0.073090,0.157337,-1.802848,-1.940522,0.633082,-0.006841,-0.000439,0.008187,-0.006007,0.072250,-0.000869
10817.072000,-0.480946,0.073088,0.157391,-1.802507,-1.940109,0.633593,-0.007134,-0.000462,0.008448,-0.006050,0.072612,-0.000867
10817.080000,-0.480996,0.073077,0.157464,-1.802153,-1.939801,0.634081,-0.006723,-0.000428,0.008558,-0.006133,0.073890,-0.000883
10817.088000,-0.481053,0.073063,0.157519,-1.801818,-1.939395,0.634607,-0.006467,-0.000411,0.007081,-0.005758,0.069289,-0.000858
10817.096000,-0.481101,0.073079,0.157568,-1.801547,-1.939053,0.634968,-0.007201,-0.000465,0.008518,-0.006154,0.073888,-0.000885
10817.104000,-0.481171,0.073061,0.157670,-1.801050,-1.938657,0.635608,-0.007744,-0.000501,0.010918,-0.006847,0.082272,-0.000941
10817.112000,-0.481232,0.073056,0.157749,-1.800714,-1.938219,0.636181,-0.007203,-0.000462,0.008993,-0.006380,0.076712,-0.000914
10817.120000,-0.481283,0.073060,0.157811,-1.800396,-1.937752,0.636702,-0.006834,-0.000436,0.008115,-0.006094,0.073330,-0.000889
10817.128000,-0.481340,0.073064,0.157883,-1.800005,-1.937417,0.637232,-0.006748,-0.000428,0.008660,-0.006220,0.074974,-0.000897
10817.136000,-0.481400,0.073040,0.157967,-1.799612,-1.936982,0.637793,-0.007214,-0.000464,0.009593,-0.006430,0.077295,-0.000905
10817.144000,-0.481460,0.073051,0.158026,-1.799310,-1.936571,0.638329,-0.007655,-0.000495,0.010003,-0.006633,0.079649,-0.000930
10817.152000,-0.481512,0.073044,0.158109,-1.798938,-1.936165,0.638837,-0.007303,-0.000472,0.009066,-0.006286,0.075455,-0.000894
10817.160000,-0.481575,0.073035,0.158190,-1.798521,-1.935786,0.639355,-0.006725,-0.000430,0.008804,-0.006035,0.072585,-0.000857
10817.168000,-0.481626,0.073037,0.158258,-1.798222,-1.935359,0.639870,-0.006836,-0.000439,0.008506,-0.005992,0.072002,-0.000858
10817.176000,-0.481676,0.073056,0.158312,-1.797952,-1.934969,0.640321,-0.006944,-0.000443,0.008815,-0.006227,0.074950,-0.000894
10817.184000,-0.481735,0.073041,0.158386,-1.797563,-1.934583,0.640867,-0.007317,-0.000469,0.010344,-0.006614,0.079583,-0.000918
10817.192000,-0.481795,0.073022,0.158464,-1.797103,-1.934196,0.641412,-0.007413,-0.000474,0.010659,-0.006775,0.081523,-0.000939
10817.200000,-0.481847,0.073011,0.158534,-1.796776,-1.933775,0.641993,-0.006658,-0.000421,0.007955,-0.006065,0.073015,-0.000891
10817.208000,-0.481904,0.073020,0.158601,-1.796422,-1.933349,0.642496,-0.006904,-0.000438,0.010094,-0.006494,0.078266,-0.000905
10817.216000,-0.481975,0.072997,0.158706,-1.795944,-1.932895,0.643171,-0.007313,-0.000467,0.009941,-0.006645,0.079913,-0.000937
10817.224000,-0.482019,0.073016,0.158763,-1.795712,-1.932477,0.643633,-0.007172,-0.000455,0.010894,-0.006787,0.081815,-0.000936
10817.232000,-0.482079,0.072988,0.158842,-1.795289,-1.932132,0.644194,-0.007094,-0.000452,0.009671,-0.006486,0.078031,-0.000916
10817.232000,-0.482079,0.072988,0.158842,-1.795289,-1.932132,0.644194,-0.007094,-0.000452,0.009671,-0.006486,0.078031,-0.000916
10817.248000,-0.482192,0.072994,0.159012,-1.794517,-1.931281,0.645244,-0.006172,-0.000384,0.008341,-0.006058,0.073174,-0.000881
10817.256000,-0.482230,0.073020,0.159063,-1.794256,-1.930878,0.645690,-0.006409,-0.000399,0.009079,-0.006318,0.076376,-0.000908
10817.264000,-0.482288,0.073001,0.159150,-1.793868,-1.930454,0.646241,-0.006838,-0.000435,0.008870,-0.006193,0.074505,-0.000887
10817.272000,-0.482343,0.072991,0.159212,-1.793491,-1.930112,0.646744,-0.006850,-0.000436,0.010239,-0.006404,0.077124,-0.000885
10817.280000,-0.482408,0.072983,0.159326,-1.793084,-1.929642,0.647429,-0.007237,-0.000459,0.010500,-0.006778,0.081633,-0.000947
10817.288000,-0.482465,0.072982,0.159399,-1.792759,-1.929186,0.647931,-0.006814,-0.000428,0.011607,-0.006826,0.082442,-0.000924
10817.296000,-0.482515,0.072986,0.159479,-1.792368,-1.928782,0.648415,-0.006929,-0.000440,0.009352,-0.006352,0.076450,-0.000903
10817.304000,-0.482569,0.072975,0.159569,-1.791981,-1.928390,0.648989,-0.007210,-0.000455,0.011293,-0.006983,0.084223,-0.000963
10817.312000,-0.482637,0.072972,0.159657,-1.791536,-1.927933,0.649577,-0.007548,-0.000480,0.012283,-0.007179,0.086477,-0.000968
10817.320000,-0.482687,0.072999,0.159774,-1.791108,-1.927419,0.650133,-0.007143,-0.000454,0.010621,-0.006620,0.079718,-0.000915
10817.328000,-0.482748,0.072958,0.159843,-1.790748,-1.927064,0.650738,-0.006950,-0.000442,0.010595,-0.006487,0.078064,-0.000890
10817.336000,-0.482799,0.072955,0.159927,-1.790385,-1.926660,0.651262,-0.006559,-0.000413,0.009433,-0.006259,0.075438,-0.000885
10817.344000,-0.482851,0.072961,0.159997,-1.790025,-1.926211,0.651756,-0.007102,-0.000447,0.013169,-0.007205,0.087009,-0.000948
10817.352000,-0.482914,0.072960,0.160110,-1.789629,-1.925764,0.652363,-0.007279,-0.000467,0.008735,-0.006293,0.075497,-0.000910
10817.360000,-0.482972,0.072956,0.160187,-1.789205,-1.925345,0.652941,-0.006607,-0.000410,0.011952,-0.006884,0.083265,-0.000927
10817.368000,-0.483025,0.072949,0.160279,-1.788816,-1.924888,0.653478,-0.006781,-0.000426,0.008486,-0.006297,0.075829,-0.000922
10817.376000,-0.483083,0.072934,0.160364,-1.788398,-1.924494,0.654036,-0.007141,-0.000451,0.012882,-0.007098,0.085589,-0.000936
10817.384000,-0.483143,0.072947,0.160464,-1.788015,-1.924004,0.654632,-0.007602,-0.000483,0.011392,-0.007054,0.084862,-0.000973
10817.392000,-0.483203,0.072939,0.160548,-1.787640,-1.923570,0.655160,-0.007211,-0.000454,0.014065,-0.007371,0.088992,-0.000952
10817.400000,-0.483265,0.072937,0.160657,-1.787195,-1.923107,0.655835,-0.007296,-0.000459,0.011278,-0.007021,0.084610,-0.000972
10817.408000,-0.483321,0.072917,0.160760,-1.786769,-1.922650,0.656448,-0.006346,-0.000392,0.010905,-0.006601,0.079791,-0.000907
10817.416000,-0.483370,0.072924,0.160806,-1.786444,-1.922301,0.656916,-0.006304,-0.000389,0.010275,-0.006492,0.078482,-0.000907
10817.424000,-0.483415,0.072929,0.160941,-1.786003,-1.921774,0.657533,-0.006733,-0.000423,0.010849,-0.006565,0.079140,-0.000900
10817.432000,-0.483471,0.072937,0.160999,-1.785721,-1.921339,0.658029,-0.007346,-0.000466,0.011924,-0.006957,0.083754,-0.000940
10817.440000,-0.483533,0.072893,0.161082,-1.785243,-1.920989,0.658605,-0.006918,-0.000438,0.010870,-0.006595,0.079354,-0.000904
10817.448000,-0.483587,0.072913,0.161162,-1.784915,-1.920551,0.659096,-0.007384,-0.000468,0.012606,-0.007134,0.085913,-0.000952
10817.456000,-0.483632,0.072916,0.161254,-1.784501,-1.920138,0.659631,-0.006190,-0.000384,0.008476,-0.006047,0.072959,-0.000878
10817.464000,-0.483690,0.072913,0.161347,-1.784113,-1.919659,0.660233,-0.006814,-0.000425,0.012845,-0.007036,0.084979,-0.000929
10817.472000,-0.483747,0.072913,0.161432,-1.783732,-1.919249,0.660791,-0.007468,-0.000475,0.009390,-0.006629,0.079587,-0.000956
10817.480000,-0.483817,0.072894,0.161551,-1.783250,-1.918737,0.661435,-0.007319,-0.000459,0.015002,-0.007626,0.092063,-0.000973
10817.488000,-0.483873,0.072883,0.161631,-1.782861,-1.918343,0.662005,-0.007625,-0.000488,0.010176,-0.006736,0.080761,-0.000950
10817.488000,-0.483873,0.072883,0.161631,-1.782861,-1.918343,0.662005,-0.007625,-0.000488,0.010176,-0.006736,0.080761,-0.000950
10817.504000,-0.483985,0.072892,0.161843,-1.782080,-1.917365,0.663208,-0.006642,-0.000421,0.009413,-0.006101,0.073320,-0.000857
10817.512000,-0.484045,0.072888,0.161961,-1.781620,-1.916924,0.663798,-0.007306,-0.000465,0.013745,-0.007125,0.085770,-0.000916
10817.520000,-0.484098,0.072874,0.162041,-1.781293,-1.916506,0.664320,-0.007182,-0.000453,0.011397,-0.006883,0.082832,-0.000944
10817.528000,-0.484147,0.072898,0.162134,-1.780948,-1.915996,0.664806,-0.006625,-0.000410,0.011470,-0.006802,0.082165,-0.000930
10817.536000,-0.484204,0.072892,0.162213,-1.780489,-1.915602,0.665407,-0.006889,-0.000432,0.011555,-0.006767,0.081557,-0.000919
10817.544000,-0.484258,0.072869,0.162321,-1.780096,-1.915180,0.666027,-0.007023,-0.000439,0.012343,-0.007058,0.085107,-0.000950
10817.552000,-0.484317,0.072861,0.162401,-1.779694,-1.914764,0.666543,-0.007420,-0.000468,0.012275,-0.007133,0.085822,-0.000964
10817.560000,-0.484380,0.072848,0.162534,-1.779217,-1.914290,0.667258,-0.007366,-0.000460,0.014401,-0.007648,0.092278,-0.000998
10817.568000,-0.484443,0.072847,0.162622,-1.778745,-1.913833,0.667806,-0.006404,-0.000394,0.010829,-0.006652,0.080326,-0.000922
10817.576000,-0.484485,0.072863,0.162729,-1.778432,-1.913314,0.668357,-0.006152,-0.000378,0.011165,-0.006523,0.078855,-0.000888
10817.584000,-0.484533,0.072874,0.162802,-1.778122,-1.912875,0.668908,-0.006652,-0.000409,0.012325,-0.007047,0.085214,-0.000952
10817.592000,-0.484591,0.072855,0.162917,-1.777642,-1.912420,0.669513,-0.007355,-0.000459,0.014109,-0.007542,0.090969,-0.000987
10817.600000,-0.484655,0.072850,0.163041,-1.777190,-1.911925,0.670166,-0.007185,-0.000445,0.013520,-0.007513,0.090721,-0.001002
10817.608000,-0.484715,0.072842,0.163150,-1.776725,-1.911470,0.670759,-0.007142,-0.000446,0.012533,-0.007153,0.086200,-0.000963
10817.616000,-0.484764,0.072847,0.163234,-1.776368,-1.911003,0.671261,-0.007444,-0.000464,0.014984,-0.007761,0.093649,-0.001003
10817.624000,-0.484820,0.072841,0.163351,-1.775872,-1.910568,0.671910,-0.007506,-0.000472,0.012406,-0.007253,0.087270,-0.000985
10817.632000,-0.484890,0.072834,0.163480,-1.775442,-1.910013,0.672631,-0.007813,-0.000494,0.015352,-0.007798,0.093877,-0.000996
10817.640000,-0.484943,0.072823,0.163602,-1.775038,-1.909542,0.673191,-0.007086,-0.000443,0.011119,-0.006867,0.082626,-0.000952
10817.648000,-0.485007,0.072824,0.163709,-1.774565,-1.909062,0.673803,-0.006843,-0.000420,0.015533,-0.007670,0.092776,-0.000971
10817.656000,-0.485046,0.072825,0.163812,-1.774211,-1.908599,0.674415,-0.006580,-0.000404,0.007723,-0.006350,0.076507,-0.000963
10817.664000,-0.485109,0.072807,0.163927,-1.773716,-1.908110,0.675015,-0.007148,-0.000447,0.013950,-0.007322,0.088216,-0.000951
10817.672000,-0.485162,0.072821,0.164033,-1.773344,-1.907635,0.675581,-0.007457,-0.000470,0.009106,-0.006672,0.080021,-0.000977
10817.680000,-0.485228,0.072806,0.164133,-1.772886,-1.907164,0.676196,-0.007316,-0.000452,0.016722,-0.008084,0.097672,-0.001012
10817.688000,-0.485276,0.072799,0.164241,-1.772474,-1.906715,0.676846,-0.007106,-0.000440,0.010619,-0.007008,0.084394,-0.000997
10817.696000,-0.485339,0.072814,0.164346,-1.772048,-1.906202,0.677408,-0.007127,-0.000440,0.015259,-0.007715,0.093201,-0.000989
10817.704000,-0.485386,0.072820,0.164475,-1.771665,-1.905660,0.677988,-0.007110,-0.000438,0.017935,-0.008098,0.097969,-0.000979
10817.712000,-0.485450,0.072796,0.164591,-1.771138,-1.905261,0.678647,-0.007945,-0.000498,0.015136,-0.008001,0.096318,-0.001044
10817.720000,-0.485500,0.072795,0.164709,-1.770728,-1.904790,0.679199,-0.006322,-0.000384,0.016471,-0.007544,0.091397,-0.000921
10817.728000,-0.485559,0.072773,0.164826,-1.770250,-1.904314,0.679875,-0.006830,-0.000421,0.012476,-0.007124,0.085890,-0.000962
10817.736000,-0.485607,0.072780,0.164938,-1.769876,-1.903797,0.680407,-0.006067,-0.000363,0.015688,-0.007480,0.090724,-0.000935
10817.744000,-0.485664,0.072790,0.165070,-1.769378,-1.903276,0.681116,-0.007929,-0.000500,0.010161,-0.007111,0.085227,-0.001028
10817.752000,-0.485721,0.072780,0.165191,-1.768919,-1.902774,0.681783,-0.006704,-0.000408,0.016927,-0.007888,0.095490,-0.000973
10817.760000,-0.485780,0.072773,0.165299,-1.768490,-1.902249,0.682386,-0.007286,-0.000452,0.009977,-0.006957,0.083614,-0.001007
10817.768000,-0.485823,0.072790,0.165398,-1.768107,-1.901810,0.682962,-0.006570,-0.000396,0.016626,-0.007876,0.095467,-0.000982
10817.776000,-0.485878,0.072781,0.165513,-1.767671,-1.901317,0.683574,-0.007457,-0.000466,0.010297,-0.006965,0.083642,-0.000999
10817.784000,-0.485941,0.072765,0.165638,-1.767203,-1.900828,0.684244,-0.007199,-0.000441,0.017726,-0.008223,0.099402,-0.001011
10817.792000,-0.485999,0.072747,0.165774,-1.766717,-1.900312,0.684881,-0.007252,-0.000453,0.009959,-0.006806,0.081684,-0.000979
10817.800000,-0.486058,0.072747,0.165882,-1.766289,-1.899853,0.685491,-0.006571,-0.000397,0.014977,-0.007597,0.091897,-0.000979
10817.808000,-0.486109,0.072744,0.166014,-1.765837,-1.899399,0.686077,-0.006583,-0.000401,0.017411,-0.007814,0.094535,-0.000944
10817.816000,-0.486164,0.072742,0.166120,-1.765387,-1.898936,0.686650,-0.007740,-0.000480,0.014807,-0.007997,0.096289,-0.001056
10817.824000,-0.486222,0.072749,0.166275,-1.764882,-1.898361,0.687364,-0.006812,-0.000413,0.018267,-0.008194,0.099202,-0.000991
10817.832000,-0.486283,0.072751,0.166383,-1.764477,-1.897841,0.687983,-0.007403,-0.000455,0.013537,-0.007708,0.092903,-0.001043
10817.840000,-0.486329,0.072750,0.166506,-1.764044,-1.897345,0.688562,-0.006238,-0.000369,0.016903,-0.007923,0.096151,-0.000985
10817.848000,-0.486381,0.072746,0.166593,-1.763659,-1.896877,0.689155,-0.007357,-0.000454,0.010351,-0.007122,0.085621,-0.001029
10817.856000,-0.486436,0.072737,0.166733,-1.763201,-1.896393,0.689782,-0.006509,-0.000394,0.016006,-0.007643,0.092466,-0.000957
10817.864000,-0.486491,0.072740,0.166854,-1.762776,-1.895867,0.690393,-0.007553,-0.000475,0.009779,-0.006800,0.081439,-0.000983
10817.872000,-0.486558,0.072737,0.167015,-1.762242,-1.895267,0.691125,-0.007018,-0.000429,0.015448,-0.007749,0.093534,-0.000993
10817.880000,-0.486607,0.072715,0.167111,-1.761816,-1.894895,0.691678,-0.005902,-0.000349,0.016253,-0.007538,0.091421,-0.000932
10817.888000,-0.486666,0.072708,0.167232,-1.761345,-1.894404,0.692378,-0.007028,-0.000425,0.015770,-0.008011,0.096779,-0.001034
10817.896000,-0.486715,0.072720,0.167363,-1.760880,-1.893887,0.692942,-0.007241,-0.000446,0.015576,-0.007794,0.093935,-0.000996
10817.904000,-0.486777,0.072722,0.167473,-1.760473,-1.893341,0.693583,-0.007178,-0.000440,0.013851,-0.007596,0.091551,-0.001013
10817.912000,-0.486833,0.072707,0.167623,-1.759967,-1.892804,0.694287,-0.006127,-0.000362,0.016869,-0.007792,0.094479,-0.000962
10817.920000,-0.486878,0.072720,0.167689,-1.759618,-1.892399,0.694768,-0.007035,-0.000425,0.015401,-0.007956,0.096129,-0.001036
10817.928000,-0.486930,0.072717,0.167844,-1.759098,-1.891846,0.695465,-0.006521,-0.000387,0.017614,-0.008136,0.098606,-0.001004
10817.936000,-0.486991,0.072704,0.167953,-1.758658,-1.891364,0.696054,-0.007878,-0.000491,0.012727,-0.007605,0.091271,-0.001047
10817.944000,-0.487048,0.072700,0.168103,-1.758124,-1.890803,0.696782,-0.006550,-0.000386,0.018135,-0.008392,0.101764,-0.001038
10817.952000,-0.487106,0.072675,0.168212,-1.757640,-1.890406,0.697413,-0.006576,-0.000395,0.011342,-0.007097,0.085589,-0.000999
10817.960000,-0.487156,0.072703,0.168364,-1.757229,-1.889758,0.698081,-0.006835,-0.000408,0.018463,-0.008417,0.101925,-0.001032
10817.968000,-0.487215,0.072689,0.168520,-1.756645,-1.889232,0.698759,-0.007724,-0.000475,0.017233,-0.008371,0.100837,-0.001056
10817.976000,-0.487279,0.072667,0.168663,-1.756165,-1.888686,0.699491,-0.006891,-0.000413,0.017249,-0.008221,0.099363,-0.001030
10817.984000,-0.487325,0.072694,0.168795,-1.755769,-1.888077,0.700115,-0.006033,-0.000354,0.017232,-0.007831,0.094990,-0.000960
10817.992000,-0.487385,0.072678,0.168913,-1.755268,-1.887620,0.700756,-0.007065,-0.000428,0.014013,-0.007702,0.092865,-0.001031
10818.000000,-0.487439,0.072675,0.169052,-1.754771,-1.887115,0.701396,-0.006708,-0.000404,0.018339,-0.008147,0.098518,-0.000983
10818.008000,-0.487492,0.072659,0.169178,-1.754352,-1.886613,0.702053,-0.007239,-0.000438,0.014792,-0.007962,0.095979,-0.001056
10818.016000,-0.487540,0.072656,0.169292,-1.753879,-1.886157,0.702638,-0.006575,-0.000391,0.018050,-0.008200,0.099231,-0.001003
10818.024000,-0.487592,0.072678,0.169434,-1.753457,-1.885511,0.703297,-0.006972,-0.000422,0.012128,-0.007343,0.088455,-0.001022
10818.032000,-0.487653,0.072651,0.169579,-1.752884,-1.885022,0.704015,-0.006695,-0.000400,0.017693,-0.008170,0.098786,-0.001009
10818.040000,-0.487703,0.072663,0.169723,-1.752500,-1.884476,0.704657,-0.007189,-0.000436,0.015477,-0.007959,0.095951,-0.001035
10818.048000,-0.487759,0.072667,0.169838,-1.751982,-1.883953,0.705268,-0.007455,-0.000456,0.017990,-0.008344,0.100585,-0.001030
10818.056000,-0.487815,0.072640,0.169989,-1.751489,-1.883485,0.705939,-0.006743,-0.000405,0.018998,-0.008275,0.100009,-0.000988
10818.064000,-0.487875,0.072638,0.170107,-1.751006,-1.882955,0.706557,-0.006817,-0.000407,0.015021,-0.007895,0.095311,-0.001039
10818.072000,-0.487921,0.072661,0.170259,-1.750549,-1.882385,0.707154,-0.006540,-0.000387,0.018288,-0.008243,0.099790,-0.001006
10818.080000,-0.487984,0.072629,0.170385,-1.750059,-1.881906,0.707910,-0.007571,-0.000460,0.016075,-0.008309,0.100058,-0.001083
10818.104000,-0.488151,0.072646,0.170845,-1.748590,-1.880084,0.709973,-0.006801,-0.000407,0.015618,-0.007872,0.095030,-0.001017
10818.112000,-0.488196,0.072631,0.170959,-1.748125,-1.879691,0.710536,-0.006784,-0.000405,0.019206,-0.008420,0.101791,-0.001011
10818.120000,-0.488256,0.072640,0.171093,-1.747658,-1.879119,0.711180,-0.007636,-0.000469,0.012680,-0.007597,0.091175,-0.001052
10818.128000,-0.488316,0.072610,0.171271,-1.747077,-1.878570,0.711992,-0.006378,-0.000373,0.017684,-0.008201,0.099264,-0.001019
10818.136000,-0.488362,0.072608,0.171399,-1.746631,-1.878044,0.712609,-0.006724,-0.000395,0.019897,-0.008754,0.105957,-0.001055
10818.144000,-0.488420,0.072616,0.171550,-1.746084,-1.877483,0.713286,-0.006885,-0.000409,0.016917,-0.008229,0.099372,-0.001046
10818.152000,-0.488468,0.072620,0.171690,-1.745661,-1.876938,0.713902,-0.006652,-0.000392,0.019396,-0.008540,0.103353,-0.001030
10818.160000,-0.488527,0.072599,0.171817,-1.745151,-1.876441,0.714569,-0.007039,-0.000421,0.015180,-0.008000,0.096419,-0.001055
10818.168000,-0.488576,0.072600,0.171957,-1.744668,-1.875945,0.715213,-0.005787,-0.000334,0.016768,-0.007714,0.093465,-0.000956
10818.176000,-0.488625,0.072603,0.172110,-1.744219,-1.875306,0.715841,-0.006029,-0.000349,0.016166,-0.007800,0.094439,-0.000991
10818.184000,-0.488674,0.072610,0.172240,-1.743741,-1.874815,0.716465,-0.006563,-0.000384,0.018163,-0.008391,0.101533,-0.001041
10818.192000,-0.488722,0.072597,0.172393,-1.743225,-1.874309,0.717211,-0.006829,-0.000403,0.019149,-0.008603,0.104002,-0.001050
10818.200000,-0.488785,0.072590,0.172543,-1.742695,-1.873742,0.717868,-0.007039,-0.000423,0.014842,-0.007824,0.094187,-0.001032
10818.208000,-0.488834,0.072616,0.172702,-1.742253,-1.873116,0.718531,-0.006296,-0.000367,0.017939,-0.008150,0.098677,-0.001004
10818.216000,-0.488891,0.072585,0.172808,-1.741768,-1.872682,0.719134,-0.006577,-0.000384,0.019699,-0.008628,0.104390,-0.001039
10818.224000,-0.488945,0.072585,0.172966,-1.741250,-1.872112,0.719876,-0.007350,-0.000439,0.017684,-0.008582,0.103465,-0.001090
10818.232000,-0.489006,0.072582,0.173153,-1.740689,-1.871482,0.720624,-0.006841,-0.000400,0.020216,-0.008896,0.107605,-0.001075
10818.240000,-0.489057,0.072584,0.173302,-1.740207,-1.870911,0.721315,-0.006704,-0.000391,0.018584,-0.008569,0.103630,-0.001063
10818.248000,-0.489108,0.072587,0.173443,-1.739781,-1.870347,0.721965,-0.006319,-0.000369,0.017678,-0.008062,0.097496,-0.000995
10818.256000,-0.489156,0.072573,0.173588,-1.739243,-1.869881,0.722575,-0.006731,-0.000396,0.019826,-0.008635,0.104360,-0.001036
10818.264000,-0.489214,0.072593,0.173733,-1.738738,-1.869251,0.723271,-0.007002,-0.000417,0.016786,-0.008199,0.098879,-0.001047
10818.272000,-0.489269,0.072580,0.173884,-1.738193,-1.868677,0.723965,-0.006071,-0.000348,0.018310,-0.008230,0.099709,-0.001010
10818.280000,-0.489314,0.072593,0.174025,-1.737777,-1.868096,0.724638,-0.006633,-0.000385,0.019176,-0.008644,0.104619,-0.001061
10818.288000,-0.489372,0.072584,0.174188,-1.737187,-1.867510,0.725380,-0.006734,-0.000394,0.017482,-0.008355,0.100954,-0.001057
10818.296000,-0.489424,0.072568,0.174350,-1.736652,-1.866951,0.726113,-0.006511,-0.000375,0.019360,-0.008673,0.104978,-0.001061
10818.304000,-0.489483,0.072553,0.174503,-1.736119,-1.866382,0.726835,-0.006866,-0.000402,0.020987,-0.008962,0.108316,-0.001064
10818.312000,-0.489537,0.072564,0.174663,-1.735634,-1.865759,0.727504,-0.006662,-0.000387,0.016694,-0.008286,0.100094,-0.001069
10818.320000,-0.489585,0.072534,0.174816,-1.735076,-1.865314,0.728218,-0.005577,-0.000310,0.017257,-0.008025,0.097335,-0.001006
10818.328000,-0.489633,0.072553,0.174968,-1.734599,-1.864696,0.728808,-0.006319,-0.000361,0.019967,-0.008704,0.105398,-0.001050
10818.336000,-0.489682,0.072562,0.175107,-1.734134,-1.864112,0.729470,-0.007157,-0.000426,0.017690,-0.008420,0.101463,-0.001062
10818.344000,-0.489738,0.072551,0.175265,-1.733627,-1.863614,0.730141,-0.006521,-0.000372,0.018520,-0.008696,0.105245,-0.001094
10818.352000,-0.489787,0.072549,0.175401,-1.733112,-1.863080,0.730777,-0.006470,-0.000373,0.019953,-0.008669,0.104867,-0.001043
10818.360000,-0.489839,0.072528,0.175576,-1.732540,-1.862525,0.731527,-0.006363,-0.000363,0.020347,-0.008838,0.106989,-0.001064
10818.368000,-0.489894,0.072543,0.175714,-1.732155,-1.861884,0.732185,-0.006742,-0.000390,0.019599,-0.008820,0.106620,-0.001083
10818.376000,-0.489946,0.072546,0.175889,-1.731560,-1.861316,0.732882,-0.006450,-0.000367,0.020460,-0.008931,0.108155,-0.001079
10818.384000,-0.490000,0.072518,0.176052,-1.730990,-1.860771,0.733652,-0.006744,-0.000389,0.021087,-0.009087,0.109850,-0.001088
10818.392000,-0.490056,0.072516,0.176236,-1.730414,-1.860139,0.734378,-0.007140,-0.000415,0.021951,-0.009401,0.113542,-0.001120
10818.400000,-0.490112,0.072513,0.176397,-1.729922,-1.859503,0.735119,-0.006305,-0.000358,0.019128,-0.008638,0.104504,-0.001064
10818.408000,-0.490158,0.072538,0.176572,-1.729378,-1.858919,0.735800,-0.006455,-0.000369,0.019959,-0.008747,0.105828,-0.001060
10818.416000,-0.490216,0.072517,0.176734,-1.728846,-1.858353,0.736526,-0.006370,-0.000364,0.020469,-0.008791,0.106348,-0.001052
10818.424000,-0.490263,0.072503,0.176889,-1.728339,-1.857783,0.737216,-0.006446,-0.000371,0.018928,-0.008495,0.102597,-0.001042
10818.432000,-0.490318,0.072519,0.177041,-1.727821,-1.857155,0.737898,-0.006491,-0.000371,0.019533,-0.008742,0.105698,-0.001072
10818.440000,-0.490362,0.072520,0.177195,-1.727323,-1.856598,0.738589,-0.006621,-0.000378,0.020169,-0.008944,0.108163,-0.001091
10818.448000,-0.490413,0.072516,0.177378,-1.726764,-1.855989,0.739342,-0.006514,-0.000371,0.020926,-0.008992,0.108785,-0.001077
10818.456000,-0.490474,0.072497,0.177570,-1.726143,-1.855376,0.740098,-0.006149,-0.000343,0.020670,-0.008943,0.108322,-0.001077
10818.464000,-0.490520,0.072500,0.177709,-1.725655,-1.854844,0.740743,-0.006100,-0.000339,0.018794,-0.008663,0.104906,-0.001083
10818.472000,-0.490570,0.072497,0.177895,-1.725126,-1.854192,0.741507,-0.006927,-0.000400,0.020937,-0.009133,0.110264,-0.001102
10818.480000,-0.490624,0.072495,0.178070,-1.724554,-1.853549,0.742255,-0.006563,-0.000370,0.021454,-0.009250,0.111914,-0.001111
10818.488000,-0.490675,0.072480,0.178223,-1.723983,-1.853030,0.742931,-0.006229,-0.000349,0.020891,-0.008965,0.108489,-0.001074
10818.488000,-0.490675,0.072480,0.178223,-1.723983,-1.853030,0.742931,-0.006229,-0.000349,0.020891,-0.008965,0.108489,-0.001074
10818.504000,-0.490779,0.072491,0.178587,-1.722911,-1.851740,0.744425,-0.006703,-0.000385,0.020920,-0.009006,0.108764,-0.001080
10818.512000,-0.490831,0.072473,0.178727,-1.722392,-1.851206,0.745054,-0.006591,-0.000373,0.021019,-0.009165,0.110771,-0.001108
10818.520000,-0.490887,0.072478,0.178895,-1.721832,-1.850621,0.745811,-0.005962,-0.000334,0.019673,-0.008528,0.103186,-0.001029
10818.528000,-0.490930,0.072470,0.179094,-1.721274,-1.850006,0.746558,-0.006008,-0.000334,0.020344,-0.008745,0.105838,-0.001050
10818.536000,-0.490985,0.072479,0.179237,-1.720794,-1.849421,0.747196,-0.006616,-0.000375,0.021968,-0.009277,0.112143,-0.001101
10818.544000,-0.491036,0.072478,0.179419,-1.720234,-1.848761,0.747934,-0.006555,-0.000371,0.021817,-0.009214,0.111378,-0.001094
10818.552000,-0.491089,0.072473,0.179605,-1.719680,-1.848166,0.748684,-0.006042,-0.000339,0.020084,-0.008587,0.103845,-0.001028
10818.560000,-0.491140,0.072461,0.179776,-1.719098,-1.847572,0.749392,-0.006302,-0.000358,0.020693,-0.008750,0.105683,-0.001039
10818.568000,-0.491199,0.072451,0.179939,-1.718564,-1.847012,0.750097,-0.005994,-0.000334,0.020331,-0.008689,0.105082,-0.001040
10818.576000,-0.491240,0.072454,0.180107,-1.718090,-1.846421,0.750769,-0.006398,-0.000363,0.021434,-0.008936,0.107914,-0.001052
10818.584000,-0.491295,0.072446,0.180303,-1.717506,-1.845790,0.751517,-0.006249,-0.000349,0.021519,-0.009050,0.109410,-0.001073
10818.592000,-0.491340,0.072450,0.180450,-1.716968,-1.845215,0.752189,-0.005538,-0.000296,0.020235,-0.008771,0.106360,-0.001063
10818.600000,-0.491384,0.072446,0.180643,-1.716429,-1.844562,0.752968,-0.005669,-0.000304,0.020702,-0.008919,0.108122,-0.001077
10818.608000,-0.491434,0.072438,0.180812,-1.715922,-1.844002,0.753645,-0.006403,-0.000357,0.022329,-0.009312,0.112544,-0.001098
10818.616000,-0.491483,0.072443,0.180969,-1.715326,-1.843413,0.754307,-0.006098,-0.000331,0.022083,-0.009390,0.113725,-0.001124
10818.624000,-0.491534,0.072451,0.181152,-1.714774,-1.842744,0.755077,-0.005736,-0.000311,0.020826,-0.008859,0.107324,-0.001061
10818.632000,-0.491583,0.072441,0.181317,-1.714277,-1.842158,0.755793,-0.005872,-0.000322,0.021039,-0.008866,0.107299,-0.001055
10818.640000,-0.491624,0.072434,0.181484,-1.713739,-1.841600,0.756456,-0.006161,-0.000337,0.022188,-0.009358,0.113247,-0.001114
10818.648000,-0.491682,0.072447,0.181697,-1.713053,-1.840904,0.757290,-0.006443,-0.000356,0.022869,-0.009535,0.115325,-0.001126
10818.656000,-0.491733,0.072451,0.181887,-1.712533,-1.840222,0.758018,-0.006125,-0.000331,0.022376,-0.009475,0.114776,-0.001133
10818.664000,-0.491784,0.072424,0.182072,-1.711913,-1.839658,0.758785,-0.005963,-0.000322,0.021849,-0.009261,0.112125,-0.001107
10818.672000,-0.491827,0.072450,0.182222,-1.711460,-1.839008,0.759465,-0.006310,-0.000345,0.022744,-0.009521,0.115230,-0.001129
10818.680000,-0.491881,0.072430,0.182419,-1.710810,-1.838424,0.760226,-0.006222,-0.000340,0.022497,-0.009424,0.114011,-0.001118
10818.688000,-0.491936,0.072429,0.182616,-1.710188,-1.837764,0.760972,-0.006067,-0.000334,0.021744,-0.009043,0.109324,-0.001067
10818.696000,-0.491983,0.072401,0.182774,-1.709643,-1.837246,0.761692,-0.006242,-0.000338,0.022902,-0.009626,0.116428,-0.001144
10818.704000,-0.492027,0.072407,0.182950,-1.709145,-1.836579,0.762377,-0.006022,-0.000326,0.022149,-0.009300,0.112501,-0.001105
10818.712000,-0.492072,0.072428,0.183118,-1.708637,-1.835927,0.763067,-0.006117,-0.000329,0.022661,-0.009521,0.115263,-0.001133
10818.720000,-0.492120,0.072423,0.183314,-1.708113,-1.835286,0.763862,-0.005975,-0.000323,0.022044,-0.009221,0.111580,-0.001094
10818.728000,-0.492169,0.072412,0.183492,-1.707474,-1.834710,0.764619,-0.005471,-0.000283,0.021316,-0.009176,0.111314,-0.001112
10818.736000,-0.492220,0.072384,0.183669,-1.706880,-1.834107,0.765330,-0.005714,-0.000301,0.021876,-0.009312,0.112765,-0.001118
10818.744000,-0.492259,0.072416,0.183831,-1.706387,-1.833479,0.765983,-0.006031,-0.000322,0.022681,-0.009529,0.115363,-0.001135
10818.752000,-0.492308,0.072402,0.184011,-1.705838,-1.832897,0.766698,-0.005937,-0.000318,0.022322,-0.009359,0.113256,-0.001113
10818.760000,-0.492354,0.072398,0.184179,-1.705297,-1.832307,0.767408,-0.006133,-0.000335,0.022505,-0.009284,0.112176,-0.001091
10818.768000,-0.492397,0.072397,0.184363,-1.704735,-1.831676,0.768124,-0.005995,-0.000320,0.022655,-0.009490,0.114828,-0.001128
10818.776000,-0.492446,0.072414,0.184537,-1.704247,-1.830985,0.768818,-0.006354,-0.000349,0.023141,-0.009460,0.114273,-0.001105
10818.784000,-0.492498,0.072391,0.184726,-1.703573,-1.830423,0.769613,-0.006765,-0.000375,0.024467,-0.009939,0.119928,-0.001155
10818.792000,-0.492551,0.072401,0.184936,-1.702962,-1.829694,0.770405,-0.005795,-0.000300,0.022714,-0.009644,0.116874,-0.001159
10818.800000,-0.492591,0.072386,0.185103,-1.702391,-1.829094,0.771156,-0.005527,-0.000283,0.022005,-0.009406,0.114027,-0.001136
10818.808000,-0.492640,0.072380,0.185284,-1.701798,-1.828442,0.771892,-0.006379,-0.000344,0.023963,-0.009901,0.119638,-0.001166
10818.816000,-0.492689,0.072390,0.185471,-1.701273,-1.827754,0.772603,-0.006416,-0.000348,0.024016,-0.009826,0.118701,-0.001150
10818.824000,-0.492738,0.072378,0.185661,-1.700709,-1.827191,0.773361,-0.005461,-0.000279,0.021954,-0.009329,0.113066,-0.001123
10818.832000,-0.492779,0.072384,0.185846,-1.700105,-1.826549,0.774062,-0.005938,-0.000315,0.023945,-0.009651,0.116753,-0.001120
10818.840000,-0.492835,0.072370,0.186043,-1.699538,-1.825891,0.774828,-0.006182,-0.000332,0.024573,-0.009824,0.118711,-0.001133
10818.848000,-0.492882,0.072393,0.186224,-1.699051,-1.825178,0.775523,-0.005915,-0.000312,0.023864,-0.009654,0.116820,-0.001125
10818.856000,-0.492929,0.072377,0.186426,-1.698388,-1.824621,0.776275,-0.005429,-0.000271,0.025136,-0.009966,0.120916,-0.001149
10818.864000,-0.492970,0.072379,0.186652,-1.697765,-1.823885,0.777141,-0.005570,-0.000283,0.024239,-0.009779,0.118532,-0.001140
10818.872000,-0.493012,0.072378,0.186822,-1.697233,-1.823278,0.777802,-0.005775,-0.000293,0.024924,-0.010123,0.122688,-0.001185
10818.880000,-0.493062,0.072381,0.187030,-1.696591,-1.822601,0.778598,-0.005979,-0.000310,0.025667,-0.010164,0.123065,-0.001168
10818.888000,-0.493108,0.072372,0.187200,-1.696071,-1.822004,0.779297,-0.005781,-0.000304,0.025234,-0.009696,0.117284,-0.001090
10818.896000,-0.493162,0.072359,0.187405,-1.695448,-1.821329,0.780089,-0.006139,-0.000324,0.025167,-0.010024,0.121152,-0.001155
10818.904000,-0.493207,0.072368,0.187623,-1.694825,-1.820641,0.780857,-0.005841,-0.000298,0.027111,-0.010402,0.126003,-0.001170
10818.912000,-0.493253,0.072360,0.187826,-1.694230,-1.819962,0.781649,-0.006309,-0.000333,0.027754,-0.010560,0.127654,-0.001178
10818.920000,-0.493308,0.072348,0.188032,-1.693579,-1.819315,0.782481,-0.005727,-0.000296,0.024249,-0.009709,0.117436,-0.001124
10818.928000,-0.493347,0.072350,0.188240,-1.692941,-1.818618,0.783211,-0.004883,-0.000228,0.028220,-0.010389,0.126259,-0.001138
10818.936000,-0.493384,0.072365,0.188451,-1.692357,-1.817917,0.783984,-0.005723,-0.000293,0.026423,-0.010131,0.122673,-0.001140
10818.944000,-0.493436,0.072355,0.188641,-1.691770,-1.817286,0.784766,-0.006135,-0.000319,0.026255,-0.010344,0.125084,-0.001185
10818.952000,-0.493484,0.072353,0.188851,-1.691125,-1.816587,0.785554,-0.005621,-0.000280,0.028445,-0.010587,0.128306,-0.001166
10818.960000,-0.493524,0.072339,0.189042,-1.690587,-1.815993,0.786264,-0.005711,-0.000287,0.026361,-0.010314,0.124880,-0.001178
10818.968000,-0.493570,0.072338,0.189272,-1.689909,-1.815235,0.787113,-0.005668,-0.000283,0.025231,-0.010212,0.123657,-0.001194
10818.976000,-0.493614,0.072341,0.189469,-1.689293,-1.814565,0.787890,-0.005518,-0.000271,0.028953,-0.010712,0.129854,-0.001176
10818.984000,-0.493660,0.072335,0.189687,-1.688683,-1.813897,0.788713,-0.005482,-0.000272,0.025504,-0.010066,0.121918,-0.001158
10818.992000,-0.493697,0.072349,0.189891,-1.688098,-1.813157,0.789457,-0.005179,-0.000252,0.022846,-0.009524,0.115431,-0.001138
10819.000000,-0.493735,0.072340,0.190088,-1.687453,-1.812543,0.790213,-0.004867,-0.000227,0.027961,-0.010274,0.124763,-0.001125
10819.008000,-0.493779,0.072336,0.190291,-1.686854,-1.811900,0.790990,-0.005804,-0.000297,0.025697,-0.010047,0.121463,-0.001146
10819.016000,-0.493836,0.072324,0.190506,-1.686249,-1.811182,0.791773,-0.005143,-0.000244,0.028861,-0.010550,0.127953,-0.001149
10819.024000,-0.493864,0.072321,0.190711,-1.685604,-1.810556,0.792543,-0.005073,-0.000242,0.025779,-0.010005,0.121289,-0.001139
10819.032000,-0.493918,0.072326,0.190908,-1.685019,-1.809801,0.793331,-0.005610,-0.000279,0.025167,-0.010101,0.122223,-0.001175
10819.040000,-0.493963,0.072323,0.191135,-1.684401,-1.809108,0.794139,-0.005495,-0.000270,0.030555,-0.010839,0.131273,-0.001150
10819.048000,-0.494006,0.072339,0.191357,-1.683741,-1.808414,0.794877,-0.005666,-0.000284,0.025817,-0.010146,0.122753,-0.001164
10819.056000,-0.494044,0.072320,0.191567,-1.683103,-1.807799,0.795638,-0.004997,-0.000233,0.029422,-0.010611,0.128723,-0.001144
10819.064000,-0.494087,0.072318,0.191768,-1.682515,-1.807105,0.796419,-0.005478,-0.000270,0.027708,-0.010383,0.125658,-0.001151
10819.072000,-0.494137,0.072301,0.191992,-1.681848,-1.806409,0.797283,-0.005755,-0.000293,0.025467,-0.010020,0.121003,-0.001148
10819.080000,-0.494180,0.072317,0.192246,-1.681157,-1.805648,0.798107,-0.004953,-0.000233,0.028574,-0.010321,0.125130,-0.001114
10819.088000,-0.494221,0.072301,0.192414,-1.680621,-1.805040,0.798762,-0.005549,-0.000268,0.026592,-0.010513,0.127211,-0.001212
10819.096000,-0.494259,0.072302,0.192620,-1.680012,-1.804375,0.799561,-0.004837,-0.000220,0.028806,-0.010525,0.127676,-0.001148
10819.104000,-0.494308,0.072288,0.192846,-1.679342,-1.803680,0.800386,-0.005643,-0.000277,0.027302,-0.010520,0.127172,-0.001190
10819.112000,-0.494350,0.072293,0.193068,-1.678751,-1.802974,0.801143,-0.005010,-0.000238,0.023908,-0.009632,0.116572,-0.001126
10819.120000,-0.494380,0.072302,0.193291,-1.678137,-1.802273,0.801942,-0.004472,-0.000197,0.025601,-0.009834,0.119355,-0.001116
10819.128000,-0.494422,0.072295,0.193464,-1.677565,-1.801631,0.802661,-0.005638,-0.000277,0.026658,-0.010394,0.125624,-0.001186
10819.136000,-0.494464,0.072300,0.193683,-1.676929,-1.800942,0.803410,-0.005222,-0.000243,0.030654,-0.011012,0.133418,-0.001184
10819.144000,-0.494517,0.072290,0.193943,-1.676180,-1.800168,0.804329,-0.005319,-0.000253,0.025989,-0.010286,0.124444,-0.001188
10819.152000,-0.494558,0.072276,0.194132,-1.675630,-1.799495,0.805103,-0.004578,-0.000195,0.031470,-0.011033,0.133921,-0.001165
10819.160000,-0.494592,0.072287,0.194371,-1.674966,-1.798786,0.805880,-0.004905,-0.000226,0.026163,-0.010076,0.122028,-0.001143
10819.168000,-0.494639,0.072290,0.194542,-1.674382,-1.798161,0.806574,-0.005576,-0.000272,0.026137,-0.010302,0.124477,-0.001185
10819.176000,-0.494675,0.072285,0.194795,-1.673739,-1.797412,0.807387,-0.004550,-0.000202,0.028128,-0.010174,0.123338,-0.001102
10819.184000,-0.494720,0.072281,0.195010,-1.673094,-1.796742,0.808188,-0.005213,-0.000245,0.025498,-0.010169,0.122997,-0.001182
10819.192000,-0.494756,0.072291,0.195250,-1.672449,-1.795965,0.809021,-0.004847,-0.000212,0.029819,-0.010927,0.132511,-0.001197
10819.200000,-0.494804,0.072283,0.195476,-1.671766,-1.795256,0.809842,-0.005830,-0.000282,0.028258,-0.010957,0.132369,-0.001247
10819.208000,-0.494847,0.072281,0.195693,-1.671144,-1.794560,0.810603,-0.003504,-0.000121,0.030243,-0.010435,0.127064,-0.001094
10819.216000,-0.494877,0.072279,0.195919,-1.670502,-1.793906,0.811367,-0.005003,-0.000228,0.026755,-0.010354,0.125338,-0.001180
10819.224000,-0.494924,0.072266,0.196125,-1.669852,-1.793199,0.812171,-0.004954,-0.000221,0.025322,-0.010285,0.124517,-0.001212
10819.232000,-0.494957,0.072274,0.196356,-1.669212,-1.792479,0.813003,-0.004736,-0.000204,0.029161,-0.010783,0.130709,-0.001190
10819.240000,-0.495003,0.072274,0.196570,-1.668632,-1.791767,0.813731,-0.005218,-0.000247,0.025735,-0.010091,0.121935,-0.001159
10819.248000,-0.495043,0.072254,0.196796,-1.667980,-1.791079,0.814568,-0.003972,-0.000150,0.032540,-0.011030,0.133994,-0.001135
10819.256000,-0.495077,0.072270,0.196984,-1.667368,-1.790447,0.815240,-0.005472,-0.000260,0.027430,-0.010558,0.127520,-0.001196
10819.264000,-0.495120,0.072260,0.197229,-1.666674,-1.789675,0.816074,-0.004537,-0.000186,0.033329,-0.011439,0.138731,-0.001188
10819.272000,-0.495157,0.072279,0.197450,-1.666073,-1.788922,0.816879,-0.005029,-0.000225,0.027686,-0.010619,0.128525,-0.001204
10819.280000,-0.495205,0.072256,0.197709,-1.665297,-1.788156,0.817770,-0.004564,-0.000185,0.031649,-0.011351,0.137651,-0.001224
10819.288000,-0.495235,0.072246,0.197958,-1.664614,-1.787412,0.818671,-0.004956,-0.000215,0.028070,-0.010878,0.131654,-0.001242
10819.296000,-0.495272,0.072278,0.198201,-1.663998,-1.786578,0.819524,-0.004517,-0.000176,0.034277,-0.011892,0.144388,-0.001250
10819.304000,-0.495314,0.072241,0.198435,-1.663277,-1.785925,0.820343,-0.004655,-0.000198,0.026670,-0.010398,0.125864,-0.001193
10819.312000,-0.495354,0.072260,0.198624,-1.662703,-1.785284,0.820957,-0.004727,-0.000197,0.028535,-0.010904,0.132108,-0.001235
10819.320000,-0.495390,0.072268,0.198885,-1.662045,-1.784479,0.821865,-0.004720,-0.000199,0.030590,-0.011040,0.133728,-0.001196
10819.328000,-0.495435,0.072238,0.199094,-1.661357,-1.783831,0.822639,-0.005292,-0.000246,0.026622,-0.010422,0.125756,-0.001195
10819.336000,-0.495467,0.072253,0.199338,-1.660687,-1.783081,0.823445,-0.004004,-0.000146,0.032189,-0.011186,0.135818,-0.001178
10819.344000,-0.495506,0.072246,0.199569,-1.660034,-1.782361,0.824259,-0.005225,-0.000234,0.027592,-0.010826,0.130802,-0.001246
10819.352000,-0.495540,0.072239,0.199812,-1.659346,-1.781625,0.825092,-0.004353,-0.000168,0.032660,-0.011413,0.138353,-0.001206
10819.360000,-0.495580,0.072250,0.200053,-1.658706,-1.780845,0.825896,-0.004963,-0.000212,0.028314,-0.010962,0.132599,-0.001252
10819.368000,-0.495611,0.072246,0.200266,-1.658026,-1.780145,0.826734,-0.003427,-0.000102,0.031342,-0.011005,0.133861,-0.001174
10819.376000,-0.495644,0.072240,0.200498,-1.657410,-1.779425,0.827500,-0.004640,-0.000195,0.027301,-0.010486,0.126843,-0.001191
10819.384000,-0.495678,0.072257,0.200738,-1.656769,-1.778633,0.828317,-0.004359,-0.000164,0.033525,-0.011673,0.141573,-0.001231
10819.392000,-0.495718,0.072233,0.200980,-1.656011,-1.777938,0.829147,-0.004602,-0.000186,0.028265,-0.010870,0.131563,-0.001238
10819.400000,-0.495752,0.072237,0.201224,-1.655381,-1.777136,0.829999,-0.003880,-0.000132,0.033331,-0.011435,0.138784,-0.001192
10819.408000,-0.495783,0.072238,0.201457,-1.654697,-1.776465,0.830813,-0.004630,-0.000187,0.027829,-0.010843,0.131238,-0.001247
10819.416000,-0.495821,0.072236,0.201690,-1.653984,-1.775694,0.831586,-0.004127,-0.000144,0.034797,-0.011939,0.144827,-0.001244
10819.424000,-0.495855,0.072245,0.201956,-1.653323,-1.774846,0.832488,-0.004645,-0.000193,0.028129,-0.010663,0.128959,-0.001201
10819.432000,-0.495897,0.072220,0.202170,-1.652664,-1.774184,0.833285,-0.003566,-0.000102,0.034445,-0.011809,0.143457,-0.001233
10819.440000,-0.495926,0.072231,0.202398,-1.652036,-1.773461,0.834026,-0.004515,-0.000177,0.030026,-0.011151,0.134950,-0.001238
10819.448000,-0.495969,0.072240,0.202654,-1.651297,-1.772612,0.834943,-0.004080,-0.000141,0.033685,-0.011728,0.142242,-0.001239
10819.456000,-0.496004,0.072214,0.202897,-1.650591,-1.771974,0.835743,-0.003910,-0.000140,0.028384,-0.010530,0.127565,-0.001170
10819.464000,-0.496038,0.072229,0.203128,-1.649943,-1.771172,0.836601,-0.004750,-0.000196,0.027162,-0.010731,0.129684,-0.001245
10819.472000,-0.496067,0.072220,0.203389,-1.649230,-1.770411,0.837392,-0.003862,-0.000136,0.030416,-0.010789,0.130704,-0.001156
10819.480000,-0.496111,0.072221,0.203600,-1.648600,-1.769681,0.838227,-0.004963,-0.000213,0.028431,-0.010860,0.131068,-0.001228
10819.480000,-0.496111,0.072221,0.203600,-1.648600,-1.769681,0.838227,-0.004963,-0.000213,0.028431,-0.010860,0.131068,-0.001228
10819.496000,-0.496175,0.072224,0.204110,-1.647169,-1.768158,0.839905,-0.004446,-0.000179,0.026852,-0.010394,0.125619,-0.001189
10819.504000,-0.496199,0.072231,0.204339,-1.646552,-1.767437,0.840634,-0.003650,-0.000111,0.032857,-0.011414,0.138493,-0.001205
10819.512000,-0.496237,0.072223,0.204574,-1.645842,-1.766729,0.841451,-0.004864,-0.000204,0.028619,-0.010870,0.131183,-0.001225
10819.520000,-0.496270,0.072218,0.204815,-1.645247,-1.765924,0.842282,-0.003433,-0.000102,0.031867,-0.010990,0.133309,-0.001153
10819.528000,-0.496305,0.072222,0.205049,-1.644535,-1.765226,0.843042,-0.004771,-0.000203,0.027519,-0.010475,0.126343,-0.001181
10819.536000,-0.496332,0.072220,0.205272,-1.643924,-1.764541,0.843804,-0.003910,-0.000129,0.033795,-0.011588,0.140373,-0.001208
10819.544000,-0.496375,0.072213,0.205557,-1.643101,-1.763699,0.844746,-0.005014,-0.000211,0.029839,-0.011213,0.135219,-0.001252
10819.552000,-0.496403,0.072223,0.205795,-1.642510,-1.762941,0.845523,-0.003930,-0.000134,0.033169,-0.011350,0.137411,-0.001180
10819.560000,-0.496438,0.072223,0.205992,-1.641861,-1.762279,0.846231,-0.004568,-0.000174,0.029785,-0.011281,0.136334,-0.001272
10819.568000,-0.496470,0.072215,0.206298,-1.641077,-1.761405,0.847212,-0.003513,-0.000095,0.033452,-0.011692,0.141836,-0.001242
10819.576000,-0.496500,0.072221,0.206566,-1.640378,-1.760582,0.848062,-0.004335,-0.000159,0.028677,-0.011043,0.133521,-0.001262
10819.584000,-0.496533,0.072208,0.206812,-1.639681,-1.759836,0.848904,-0.003568,-0.000101,0.033319,-0.011597,0.140574,-0.001227
10819.592000,-0.496561,0.072217,0.207023,-1.639017,-1.759166,0.849645,-0.004326,-0.000155,0.029898,-0.011284,0.136439,-0.001271
10819.600000,-0.496595,0.072188,0.207298,-1.638286,-1.758364,0.850550,-0.003974,-0.000131,0.032050,-0.011475,0.138781,-0.001240
10819.608000,-0.496629,0.072209,0.207540,-1.637579,-1.757603,0.851353,-0.003892,-0.000127,0.030446,-0.011144,0.134859,-0.001227
10819.616000,-0.496653,0.072207,0.207831,-1.636851,-1.756721,0.852234,-0.003285,-0.000084,0.029953,-0.010940,0.132659,-0.001206
10819.624000,-0.496687,0.072208,0.208047,-1.636182,-1.756013,0.853043,-0.003883,-0.000118,0.032156,-0.011680,0.141409,-0.001279
10819.632000,-0.496716,0.072207,0.208313,-1.635442,-1.755241,0.853882,-0.003995,-0.000131,0.031430,-0.011392,0.137787,-0.001244
10819.640000,-0.496753,0.072198,0.208589,-1.634701,-1.754423,0.854815,-0.003776,-0.000111,0.035450,-0.012048,0.145823,-0.001246
10819.648000,-0.496780,0.072199,0.208834,-1.634018,-1.753694,0.855566,-0.003997,-0.000129,0.030771,-0.011388,0.137706,-0.001264
10819.656000,-0.496809,0.072211,0.209088,-1.633320,-1.752882,0.856403,-0.003471,-0.000086,0.035593,-0.012120,0.146890,-0.001259
10819.664000,-0.496836,0.072210,0.209360,-1.632585,-1.752052,0.857292,-0.004047,-0.000132,0.031055,-0.011455,0.138494,-0.001269
10819.672000,-0.496870,0.072205,0.209617,-1.631863,-1.751258,0.858122,-0.002949,-0.000045,0.035184,-0.012105,0.146963,-0.001273
10819.680000,-0.496896,0.072189,0.209853,-1.631209,-1.750568,0.858951,-0.003979,-0.000132,0.029479,-0.011027,0.133205,-0.001233
10819.688000,-0.496928,0.072196,0.210131,-1.630502,-1.749727,0.859793,-0.003344,-0.000077,0.035767,-0.012088,0.146436,-0.001247
10819.696000,-0.496962,0.072190,0.210376,-1.629747,-1.748948,0.860630,-0.003849,-0.000115,0.030213,-0.011420,0.138088,-0.001290
10819.704000,-0.496983,0.072201,0.210654,-1.629007,-1.748103,0.861520,-0.003013,-0.000053,0.034601,-0.011835,0.143523,-0.001237
10819.712000,-0.497010,0.072215,0.210901,-1.628338,-1.747353,0.862331,-0.003985,-0.000131,0.029829,-0.011077,0.133831,-0.001233
10819.720000,-0.497040,0.072193,0.211170,-1.627611,-1.746544,0.863198,-0.003206,-0.000063,0.035976,-0.012195,0.147745,-0.001262
10819.728000,-0.497072,0.072198,0.211438,-1.626860,-1.745717,0.864065,-0.003382,-0.000091,0.029628,-0.010797,0.130612,-0.001187
10819.736000,-0.497094,0.072187,0.211720,-1.626092,-1.744925,0.864929,-0.002570,-0.000024,0.032546,-0.011386,0.138177,-0.001215
10819.744000,-0.497121,0.072178,0.211921,-1.625436,-1.744254,0.865721,-0.003956,-0.000120,0.031022,-0.011582,0.139863,-0.001294
10819.752000,-0.497138,0.072214,0.212209,-1.624767,-1.743338,0.866564,-0.002879,-0.000036,0.035403,-0.012198,0.148014,-0.001285
10819.760000,-0.497172,0.072201,0.212515,-1.623876,-1.742484,0.867520,-0.003548,-0.000090,0.031477,-0.011578,0.140066,-0.001283
10819.768000,-0.497194,0.072184,0.212723,-1.623260,-1.741795,0.868275,-0.002898,-0.000045,0.032528,-0.011495,0.139279,-0.001235
10819.776000,-0.497225,0.072199,0.212972,-1.622599,-1.741045,0.869062,-0.003681,-0.000098,0.031521,-0.011646,0.140796,-0.001294
10819.784000,-0.497251,0.072181,0.213267,-1.621807,-1.740238,0.869972,-0.003174,-0.000067,0.032660,-0.011448,0.138494,-0.001219
10819.792000,-0.497282,0.072184,0.213514,-1.621183,-1.739424,0.870745,-0.003439,-0.000082,0.031583,-0.011531,0.139396,-0.001269
10819.800000,-0.497299,0.072183,0.213784,-1.620394,-1.738673,0.871575,-0.003174,-0.000062,0.032503,-0.011637,0.140807,-0.001263
10819.808000,-0.497325,0.072204,0.214044,-1.619695,-1.737818,0.872446,-0.003185,-0.000055,0.036219,-0.012424,0.150434,-0.001301
10819.808000,-0.497325,0.072204,0.214044,-1.619695,-1.737818,0.872446,-0.003185,-0.000055,0.036219,-0.012424,0.150434,-0.001301
10819.808000,-0.497325,0.072204,0.214044,-1.619695,-1.737818,0.872446,-0.003185,-0.000055,0.036219,-0.012424,0.150434,-0.001301
10819.808000,-0.497325,0.072204,0.214044,-1.619695,-1.737818,0.872446,-0.003185,-0.000055,0.036219,-0.012424,0.150434,-0.001301
10819.808000,-0.497325,0.072204,0.214044,-1.619695,-1.737818,0.872446,-0.003185,-0.000055,0.036219,-0.012424,0.150434,-0.001301
10819.808000,-0.497325,0.072204,0.214044,-1.619695,-1.737818,0.872446,-0.003185,-0.000055,0.036219,-0.012424,0.150434,-0.001301
10819.808000,-0.497325,0.072204,0.214044,-1.619695,-1.737818,0.872446,-0.003185,-0.000055,0.036219,-0.012424,0.150434,-0.001301
10819.856000,-0.497471,0.072203,0.215668,-1.615263,-1.732972,0.877547,-0.002650,-0.000027,0.032159,-0.011331,0.137268,-0.001217
10819.856000,-0.497471,0.072203,0.215668,-1.615263,-1.732972,0.877547,-0.002650,-0.000027,0.032159,-0.011331,0.137268,-0.001217
10819.856000,-0.497471,0.072203,0.215668,-1.615263,-1.732972,0.877547,-0.002650,-0.000027,0.032159,-0.011331,0.137268,-0.001217
10819.856000,-0.497471,0.072203,0.215668,-1.615263,-1.732972,0.877547,-0.002650,-0.000027,0.032159,-0.011331,0.137268,-0.001217
10819.856000,-0.497471,0.072203,0.215668,-1.615263,-1.732972,0.877547,-0.002650,-0.000027,0.032159,-0.011331,0.137268,-0.001217
10819.904000,-0.497608,0.072186,0.217306,-1.610772,-1.728083,0.882774,-0.003082,-0.000044,0.034829,-0.012281,0.148497,-0.001317
10819.912000,-0.497630,0.072187,0.217571,-1.610037,-1.727264,0.883612,-0.002625,-0.000008,0.035327,-0.012362,0.149712,-0.001320
10819.912000,-0.497630,0.072187,0.217571,-1.610037,-1.727264,0.883612,-0.002625,-0.000008,0.035327,-0.012362,0.149712,-0.001320
10819.912000,-0.497630,0.072187,0.217571,-1.610037,-1.727264,0.883612,-0.002625,-0.000008,0.035327,-0.012362,0.149712,-0.001320
10819.928000,-0.497670,0.072196,0.218125,-1.608512,-1.725596,0.885286,-0.002886,-0.000031,0.033832,-0.012023,0.145416,-0.001299
10819.928000,-0.497670,0.072196,0.218125,-1.608512,-1.725596,0.885286,-0.002886,-0.000031,0.033832,-0.012023,0.145416,-0.001299
10819.928000,-0.497670,0.072196,0.218125,-1.608512,-1.725596,0.885286,-0.002886,-0.000031,0.033832,-0.012023,0.145416,-0.001299
10819.960000,-0.497750,0.072199,0.219236,-1.605473,-1.722219,0.888844,-0.002355,0.000004,0.033796,-0.011772,0.142561,-0.001253
10819.968000,-0.497784,0.072164,0.219530,-1.604672,-1.721402,0.889757,-0.002235,0.000014,0.033525,-0.011766,0.142422,-0.001259
10819.968000,-0.497784,0.072164,0.219530,-1.604672,-1.721402,0.889757,-0.002235,0.000014,0.033525,-0.011766,0.142422,-0.001259
10819.984000,-0.497811,0.072201,0.220067,-1.603240,-1.719700,0.891420,-0.002745,-0.000020,0.034343,-0.012058,0.145779,-0.001289
10819.992000,-0.497838,0.072177,0.220356,-1.602482,-1.718908,0.892308,-0.002527,-0.000001,0.036805,-0.012453,0.150556,-0.001289
10819.992000,-0.497838,0.072177,0.220356,-1.602482,-1.718908,0.892308,-0.002527,-0.000001,0.036805,-0.012453,0.150556,-0.001289
10820.008000,-0.497873,0.072193,0.220916,-1.600951,-1.717246,0.894025,-0.002744,-0.000019,0.035996,-0.012242,0.147885,-0.001272
10820.016000,-0.497899,0.072181,0.221216,-1.600132,-1.716397,0.894923,-0.002011,0.000040,0.036101,-0.012416,0.150386,-0.001308
10820.024000,-0.497912,0.072183,0.221514,-1.599384,-1.715501,0.895823,-0.002182,0.000024,0.034317,-0.012084,0.146258,-0.001298
10820.032000,-0.497932,0.072197,0.221779,-1.598629,-1.714693,0.896689,-0.002254,0.000025,0.037520,-0.012706,0.153772,-0.001319
10820.040000,-0.497953,0.072163,0.222086,-1.597816,-1.713840,0.897629,-0.002499,0.000005,0.035793,-0.012451,0.150417,-0.001320
10820.048000,-0.497973,0.072167,0.222359,-1.596999,-1.713023,0.898407,-0.002422,0.000009,0.035039,-0.012284,0.148415,-0.001311
10820.056000,-0.497985,0.072177,0.222618,-1.596340,-1.712205,0.899265,-0.002181,0.000026,0.035717,-0.012268,0.148340,-0.001288
10820.064000,-0.498009,0.072170,0.222900,-1.595584,-1.711352,0.900157,-0.002642,-0.000002,0.036346,-0.012628,0.152446,-0.001336
10820.072000,-0.498025,0.072177,0.223188,-1.594781,-1.710532,0.900992,-0.001975,0.000040,0.035092,-0.012099,0.146367,-0.001276
10820.080000,-0.498030,0.072204,0.223503,-1.594022,-1.709531,0.901905,-0.001591,0.000068,0.035332,-0.012097,0.146618,-0.001272
10820.088000,-0.498053,0.072176,0.223753,-1.593241,-1.708859,0.902750,-0.002398,0.000010,0.035613,-0.012252,0.147947,-0.001286
10820.112000,-0.498097,0.072190,0.224631,-1.590940,-1.706257,0.905362,-0.001848,0.000059,0.037133,-0.012706,0.153758,-0.001333
10820.120000,-0.498111,0.072185,0.224912,-1.590228,-1.705421,0.906210,-0.002085,0.000044,0.036687,-0.012755,0.154196,-0.001355
10820.128000,-0.498123,0.072196,0.225229,-1.589414,-1.704506,0.907150,-0.001805,0.000059,0.036747,-0.012488,0.151083,-0.001301
10820.136000,-0.498141,0.072192,0.225532,-1.588585,-1.703658,0.908003,-0.001821,0.000056,0.036236,-0.012343,0.149267,-0.001288
10820.144000,-0.498153,0.072195,0.225811,-1.587821,-1.702816,0.908825,-0.001881,0.000060,0.036850,-0.012793,0.154722,-0.001358
10820.152000,-0.498170,0.072200,0.226111,-1.587019,-1.701945,0.909718,-0.001752,0.000062,0.036249,-0.012385,0.149802,-0.001297
10820.160000,-0.498190,0.072180,0.226417,-1.586215,-1.701104,0.910663,-0.001948,0.000050,0.036176,-0.012486,0.150842,-0.001317
10820.168000,-0.498201,0.072187,0.226708,-1.585427,-1.700216,0.911549,-0.001475,0.000088,0.037088,-0.012658,0.153189,-0.001325
10820.176000,-0.498215,0.072182,0.226980,-1.584685,-1.699378,0.912414,-0.001932,0.000051,0.035989,-0.012441,0.150269,-0.001314
10820.184000,-0.498228,0.072194,0.227296,-1.583799,-1.698466,0.913317,-0.001558,0.000078,0.035845,-0.012334,0.149186,-0.001300
10820.192000,-0.498232,0.072215,0.227598,-1.583063,-1.697492,0.914208,-0.001158,0.000106,0.035525,-0.012186,0.147654,-0.001285
10820.200000,-0.498245,0.072186,0.227865,-1.582261,-1.696754,0.915046,-0.001530,0.000086,0.036306,-0.012632,0.152768,-0.001344
10820.208000,-0.498257,0.072210,0.228167,-1.581491,-1.695815,0.915946,-0.001405,0.000096,0.036417,-0.012653,0.153156,-0.001347
10820.216000,-0.498273,0.072205,0.228460,-1.580676,-1.694948,0.916824,-0.000980,0.000127,0.036891,-0.012653,0.153329,-0.001334
10820.224000,-0.498281,0.072199,0.228777,-1.579893,-1.694059,0.917756,-0.001345,0.000101,0.036484,-0.012664,0.153227,-0.001347
10820.232000,-0.498290,0.072213,0.229043,-1.579168,-1.693251,0.918522,-0.001317,0.000106,0.038314,-0.012958,0.156791,-0.001346
10820.240000,-0.498309,0.072200,0.229363,-1.578335,-1.692346,0.919488,-0.001551,0.000084,0.037213,-0.012674,0.153140,-0.001322
10820.248000,-0.498324,0.072208,0.229653,-1.577555,-1.691457,0.920348,-0.001219,0.000109,0.037240,-0.012665,0.153227,-0.001323
10820.256000,-0.498327,0.072191,0.229968,-1.576765,-1.690549,0.921307,-0.001189,0.000115,0.037390,-0.012825,0.155104,-0.001349
10820.264000,-0.498341,0.072197,0.230277,-1.575890,-1.689680,0.922194,-0.001014,0.000125,0.037279,-0.012665,0.153242,-0.001322
10820.272000,-0.498348,0.072212,0.230564,-1.575133,-1.688804,0.923003,-0.000856,0.000142,0.037266,-0.012839,0.155498,-0.001359
10820.280000,-0.498355,0.072217,0.230850,-1.574360,-1.687914,0.923916,-0.001043,0.000122,0.036516,-0.012526,0.151584,-0.001319
10820.288000,-0.498368,0.072207,0.231157,-1.573537,-1.687049,0.924783,-0.001202,0.000114,0.037448,-0.012763,0.154282,-0.001334
10820.296000,-0.498373,0.072208,0.231489,-1.572640,-1.686117,0.925742,-0.001030,0.000131,0.037566,-0.012942,0.156557,-0.001368
10820.304000,-0.498380,0.072206,0.231759,-1.571864,-1.685337,0.926585,-0.000479,0.000166,0.038400,-0.012753,0.154476,-0.001306
10820.312000,-0.498387,0.072215,0.232056,-1.571131,-1.684407,0.927454,-0.001173,0.000118,0.036494,-0.012710,0.153652,-0.001355
10820.320000,-0.498394,0.072216,0.232358,-1.570342,-1.683520,0.928341,-0.000819,0.000147,0.038966,-0.013057,0.157957,-0.001346
10820.328000,-0.498406,0.072205,0.232698,-1.569400,-1.682566,0.929332,-0.000914,0.000138,0.038528,-0.012961,0.156676,-0.001339
10820.336000,-0.498414,0.072206,0.232983,-1.568584,-1.681709,0.930191,-0.000975,0.000136,0.037639,-0.012954,0.156580,-0.001366
10820.344000,-0.498417,0.072233,0.233296,-1.567794,-1.680717,0.931072,-0.000720,0.000159,0.039670,-0.013291,0.160833,-0.001371
10820.352000,-0.498424,0.072191,0.233620,-1.566943,-1.679866,0.932075,-0.000833,0.000149,0.038650,-0.013147,0.158854,-0.001371
10820.360000,-0.498437,0.072210,0.233930,-1.566086,-1.678923,0.932967,-0.000723,0.000152,0.037756,-0.012807,0.154837,-0.001334
10820.368000,-0.498436,0.072223,0.234230,-1.565289,-1.678027,0.933825,-0.000823,0.000150,0.038748,-0.013112,0.158496,-0.001363
10820.376000,-0.498442,0.072219,0.234558,-1.564461,-1.677066,0.934775,-0.000625,0.000160,0.038595,-0.012891,0.155845,-0.001324
10820.384000,-0.498454,0.072206,0.234856,-1.563643,-1.676240,0.935688,-0.000671,0.000156,0.038305,-0.012849,0.155256,-0.001324
10820.392000,-0.498451,0.072233,0.235137,-1.562864,-1.675362,0.936458,-0.000632,0.000158,0.037451,-0.012668,0.153169,-0.001317
10820.400000,-0.498457,0.072235,0.235456,-1.562056,-1.674423,0.937368,-0.000842,0.000144,0.037646,-0.012774,0.154315,-0.001330
10820.408000,-0.498462,0.072236,0.235766,-1.561192,-1.673505,0.938298,-0.000361,0.000178,0.038133,-0.012714,0.153796,-0.001305
10820.416000,-0.498461,0.072221,0.236049,-1.560427,-1.672683,0.939123,-0.000194,0.000185,0.036649,-0.012326,0.149124,-0.001276
10820.424000,-0.498460,0.072252,0.236362,-1.559640,-1.671769,0.939964,-0.000747,0.000146,0.037538,-0.012506,0.151052,-0.001280
10820.432000,-0.498466,0.072210,0.236672,-1.558756,-1.670971,0.940893,-0.000471,0.000172,0.038394,-0.012818,0.154812,-0.001314
10820.440000,-0.498469,0.072230,0.236960,-1.558044,-1.670066,0.941731,-0.000317,0.000181,0.037738,-0.012615,0.152486,-0.001297
10820.448000,-0.498470,0.072233,0.237230,-1.557342,-1.669212,0.942531,-0.000438,0.000170,0.037190,-0.012483,0.150809,-0.001287
10820.456000,-0.498477,0.072234,0.237559,-1.556457,-1.668300,0.943434,-0.000391,0.000181,0.039063,-0.012978,0.156785,-0.001325
10820.464000,-0.498479,0.072247,0.237882,-1.555585,-1.667333,0.944372,-0.000074,0.000207,0.038577,-0.013026,0.157599,-0.001354
10820.472000,-0.498476,0.072225,0.238210,-1.554735,-1.666420,0.945335,-0.000011,0.000212,0.038893,-0.013064,0.157966,-0.001350
10820.480000,-0.498478,0.072225,0.238519,-1.553901,-1.665567,0.946214,-0.000341,0.000189,0.039759,-0.013202,0.159388,-0.001346
10820.488000,-0.498480,0.072250,0.238849,-1.553040,-1.664561,0.947135,-0.000152,0.000206,0.039837,-0.013308,0.160860,-0.001368
10820.496000,-0.498479,0.072253,0.239159,-1.552249,-1.663620,0.948036,-0.000225,0.000200,0.040330,-0.013320,0.160908,-0.001353
10820.504000,-0.498482,0.072247,0.239468,-1.551395,-1.662752,0.948924,-0.000004,0.000218,0.039308,-0.013258,0.160287,-0.001375
10820.512000,-0.498482,0.072250,0.239814,-1.550525,-1.661766,0.949870,0.000063,0.000222,0.039393,-0.013241,0.160077,-0.001369
10820.520000,-0.498485,0.072234,0.240127,-1.549632,-1.660886,0.950785,0.000531,0.000254,0.039297,-0.013073,0.158196,-0.001341
10820.528000,-0.498479,0.072246,0.240429,-1.548864,-1.660005,0.951648,0.000287,0.000230,0.038268,-0.012732,0.153958,-0.001305
10820.536000,-0.498473,0.072238,0.240730,-1.548028,-1.659166,0.952468,0.000012,0.000223,0.039979,-0.013467,0.162641,-0.001393
10820.544000,-0.498474,0.072246,0.241057,-1.547175,-1.658168,0.953422,0.000188,0.000228,0.039367,-0.013061,0.157798,-0.001333
10820.552000,-0.498472,0.072248,0.241371,-1.546349,-1.657240,0.954325,0.000152,0.000232,0.039857,-0.013383,0.161667,-0.001381
10820.560000,-0.498468,0.072264,0.241698,-1.545514,-1.656280,0.955188,0.000322,0.000247,0.039838,-0.013454,0.162662,-0.001398
10820.568000,-0.498471,0.072246,0.242021,-1.544699,-1.655397,0.956116,0.000366,0.000255,0.042453,-0.013891,0.167777,-0.001398
10820.576000,-0.498466,0.072261,0.242338,-1.543864,-1.654469,0.956967,0.000068,0.000227,0.040496,-0.013451,0.162359,-0.001372
10820.584000,-0.498465,0.072262,0.242667,-1.542984,-1.653554,0.957877,0.000326,0.000253,0.041277,-0.013782,0.166487,-0.001415
10820.592000,-0.498462,0.072259,0.242977,-1.542206,-1.652607,0.958788,0.000591,0.000262,0.039749,-0.013192,0.159451,-0.001348
10820.600000,-0.498457,0.072260,0.243305,-1.541325,-1.651692,0.959696,0.000480,0.000261,0.041072,-0.013633,0.164677,-0.001392
10820.608000,-0.498452,0.072277,0.243631,-1.540472,-1.650680,0.960585,0.000651,0.000270,0.040304,-0.013370,0.161625,-0.001366
10820.616000,-0.498445,0.072285,0.243946,-1.539635,-1.649769,0.961544,0.000256,0.000242,0.039179,-0.013306,0.160697,-0.001388
10820.624000,-0.498443,0.072259,0.244261,-1.538708,-1.648899,0.962453,0.000796,0.000283,0.040398,-0.013436,0.162384,-0.001376
10820.632000,-0.498438,0.072275,0.244611,-1.537834,-1.647837,0.963405,0.000914,0.000289,0.039247,-0.013198,0.159628,-0.001367
10820.632000,-0.498438,0.072275,0.244611,-1.537834,-1.647837,0.963405,0.000914,0.000289,0.039247,-0.013198,0.159628,-0.001367
10820.648000,-0.498427,0.072266,0.245226,-1.536133,-1.646120,0.965118,0.000385,0.000254,0.039377,-0.013367,0.161284,-0.001391
10820.656000,-0.498420,0.072283,0.245574,-1.535259,-1.645057,0.966067,0.000936,0.000300,0.041834,-0.013792,0.166669,-0.001400
10820.664000,-0.498414,0.072289,0.245872,-1.534507,-1.644195,0.966916,0.000933,0.000297,0.040789,-0.013565,0.163951,-0.001389
10820.672000,-0.498408,0.072273,0.246203,-1.533621,-1.643262,0.967862,0.000800,0.000292,0.041335,-0.013844,0.167146,-0.001424
10820.680000,-0.498395,0.072289,0.246562,-1.532725,-1.642248,0.968785,0.001269,0.000319,0.040760,-0.013418,0.162265,-0.001362
10820.688000,-0.498388,0.072290,0.246879,-1.531853,-1.641322,0.969692,0.001284,0.000327,0.041222,-0.013740,0.166159,-0.001411
10820.696000,-0.498385,0.072274,0.247177,-1.531000,-1.640464,0.970565,0.001097,0.000313,0.043096,-0.013910,0.167920,-0.001380
10820.704000,-0.498373,0.072295,0.247537,-1.530146,-1.639408,0.971524,0.001174,0.000312,0.041004,-0.013429,0.162250,-0.001354
10820.712000,-0.498367,0.072293,0.247856,-1.529318,-1.638495,0.972376,0.001234,0.000320,0.041644,-0.013609,0.164395,-0.001369
10820.720000,-0.498350,0.072294,0.248202,-1.528393,-1.637583,0.973288,0.001622,0.000351,0.041267,-0.013659,0.165218,-0.001394
10820.728000,-0.498343,0.072308,0.248513,-1.527605,-1.636598,0.974191,0.001285,0.000320,0.040834,-0.013358,0.161395,-0.001346
10820.736000,-0.498330,0.072304,0.248858,-1.526716,-1.635674,0.975109,0.001964,0.000371,0.040569,-0.013320,0.161283,-0.001352
10820.744000,-0.498314,0.072303,0.249176,-1.525859,-1.634710,0.976006,0.001750,0.000356,0.040095,-0.013326,0.161210,-0.001366
10820.752000,-0.498298,0.072308,0.249510,-1.524961,-1.633781,0.976855,0.001653,0.000354,0.041176,-0.013642,0.164921,-0.001393
10820.760000,-0.498288,0.072303,0.249851,-1.524098,-1.632777,0.977861,0.001834,0.000366,0.041150,-0.013566,0.164042,-0.001379
10820.768000,-0.498274,0.072313,0.250168,-1.523215,-1.631836,0.978721,0.001906,0.000375,0.041505,-0.013729,0.166044,-0.001400
10820.776000,-0.498252,0.072330,0.250509,-1.522340,-1.630842,0.979687,0.001781,0.000365,0.041280,-0.013664,0.165242,-0.001394
10820.784000,-0.498239,0.072323,0.250855,-1.521419,-1.629869,0.980607,0.001796,0.000367,0.041480,-0.013707,0.165685,-0.001395
10820.792000,-0.498226,0.072312,0.251176,-1.520522,-1.628945,0.981551,0.002121,0.000389,0.041117,-0.013553,0.163933,-0.001378
10820.800000,-0.498211,0.072316,0.251506,-1.519715,-1.627989,0.982436,0.001794,0.000360,0.039668,-0.013237,0.159962,-0.001359
10820.808000,-0.498196,0.072321,0.251825,-1.518858,-1.627044,0.983292,0.001832,0.000363,0.040072,-0.013241,0.159976,-0.001347
10820.816000,-0.498179,0.072343,0.252159,-1.517993,-1.626024,0.984186,0.002259,0.000399,0.041407,-0.013544,0.163876,-0.001367
10820.824000,-0.498165,0.072317,0.252473,-1.517063,-1.625220,0.985107,0.001744,0.000360,0.040525,-0.013414,0.161934,-0.001364
10820.832000,-0.498146,0.072344,0.252777,-1.516322,-1.624198,0.985906,0.001932,0.000371,0.039938,-0.013227,0.159843,-0.001349
10820.840000,-0.498134,0.072337,0.253137,-1.515374,-1.623244,0.986896,0.002000,0.000384,0.041845,-0.013721,0.165732,-0.001384
10820.848000,-0.498115,0.072335,0.253474,-1.514495,-1.622220,0.987874,0.002489,0.000411,0.039991,-0.013155,0.159175,-0.001335
10820.856000,-0.498098,0.072334,0.253777,-1.513676,-1.621377,0.988647,0.002323,0.000392,0.038797,-0.012765,0.154350,-0.001294
10820.864000,-0.498071,0.072366,0.254089,-1.512888,-1.620405,0.989494,0.002175,0.000393,0.041014,-0.013446,0.162523,-0.001358
10820.872000,-0.498065,0.072352,0.254410,-1.512018,-1.619517,0.990359,0.002139,0.000385,0.040013,-0.013134,0.158662,-0.001327
10820.880000,-0.498042,0.072359,0.254762,-1.511086,-1.618539,0.991297,0.002092,0.000389,0.041040,-0.013511,0.163157,-0.001368
10820.888000,-0.498022,0.072353,0.255057,-1.510267,-1.617682,0.992077,0.002197,0.000397,0.041243,-0.013526,0.163310,-0.001364
10820.896000,-0.497999,0.072371,0.255368,-1.509462,-1.616748,0.992973,0.001972,0.000387,0.042150,-0.013891,0.167618,-0.001406
10820.904000,-0.497987,0.072365,0.255713,-1.508557,-1.615739,0.993895,0.002488,0.000417,0.040615,-0.013413,0.162112,-0.001364
10820.912000,-0.497964,0.072361,0.256048,-1.507688,-1.614828,0.994798,0.002414,0.000415,0.041265,-0.013594,0.164180,-0.001377
10820.920000,-0.497940,0.072369,0.256359,-1.506810,-1.613877,0.995687,0.002260,0.000405,0.041443,-0.013640,0.164638,-0.001379
10820.928000,-0.497918,0.072394,0.256696,-1.505992,-1.612873,0.996499,0.002617,0.000423,0.039951,-0.013131,0.158778,-0.001330
10820.936000,-0.497896,0.072389,0.257036,-1.505046,-1.611948,0.997432,0.002648,0.000431,0.041144,-0.013489,0.163024,-0.001362
10820.944000,-0.497879,0.072405,0.257328,-1.504273,-1.611049,0.998216,0.002804,0.000441,0.040910,-0.013401,0.162089,-0.001354
10820.952000,-0.497855,0.072396,0.257684,-1.503388,-1.610051,0.999195,0.002539,0.000424,0.042385,-0.013640,0.164676,-0.001349
10820.960000,-0.497840,0.072371,0.258020,-1.502490,-1.609141,1.000087,0.002934,0.000452,0.040448,-0.013368,0.161558,-0.001360
10820.968000,-0.497809,0.072398,0.258320,-1.501743,-1.608196,1.000914,0.003214,0.000465,0.038895,-0.012893,0.156118,-0.001320
10820.976000,-0.497785,0.072401,0.258645,-1.500853,-1.607279,1.001764,0.002762,0.000437,0.040487,-0.013271,0.160330,-0.001338
10820.984000,-0.497759,0.072400,0.259003,-1.499924,-1.606247,1.002717,0.002985,0.000463,0.041653,-0.013770,0.166387,-0.001400
10820.992000,-0.497743,0.072393,0.259331,-1.499065,-1.605312,1.003596,0.002784,0.000443,0.041179,-0.013494,0.162870,-0.001358
10821.000000,-0.497722,0.072400,0.259644,-1.498238,-1.604429,1.004433,0.002906,0.000449,0.040323,-0.013285,0.160454,-0.001346
10821.008000,-0.497693,0.072429,0.259976,-1.497417,-1.603438,1.005263,0.002543,0.000423,0.040171,-0.013282,0.160295,-0.001348
10821.016000,-0.497675,0.072425,0.260297,-1.496548,-1.602516,1.006148,0.003131,0.000469,0.040081,-0.013381,0.161778,-0.001375
10821.024000,-0.497649,0.072418,0.260622,-1.495681,-1.601572,1.007032,0.003416,0.000485,0.039370,-0.013073,0.158177,-0.001338
10821.032000,-0.497615,0.072432,0.260936,-1.494821,-1.600633,1.007898,0.003077,0.000471,0.041415,-0.013696,0.165436,-0.001392
10821.040000,-0.497596,0.072425,0.261266,-1.493862,-1.599665,1.008803,0.003017,0.000465,0.041057,-0.013606,0.164256,-0.001384
10821.048000,-0.497568,0.072436,0.261618,-1.493012,-1.598624,1.009725,0.003248,0.000481,0.041114,-0.013567,0.163903,-0.001377
10821.056000,-0.497542,0.072442,0.261917,-1.492169,-1.597674,1.010559,0.003515,0.000503,0.040478,-0.013568,0.164076,-0.001400
10821.064000,-0.497511,0.072436,0.262252,-1.491262,-1.596766,1.011480,0.003439,0.000499,0.041168,-0.013679,0.165293,-0.001398
10821.072000,-0.497487,0.072452,0.262577,-1.490375,-1.595831,1.012303,0.003534,0.000510,0.041398,-0.013850,0.167429,-0.001425
10821.080000,-0.497460,0.072465,0.262877,-1.489591,-1.594865,1.013097,0.003698,0.000506,0.038993,-0.013001,0.157370,-0.001337
10821.088000,-0.497424,0.072449,0.263217,-1.488694,-1.593996,1.013996,0.003825,0.000519,0.039711,-0.013196,0.159662,-0.001351
10821.096000,-0.497398,0.072464,0.263526,-1.487859,-1.593032,1.014860,0.003633,0.000512,0.040861,-0.013564,0.163966,-0.001385
10821.104000,-0.497374,0.072466,0.263857,-1.486947,-1.592101,1.015727,0.003766,0.000519,0.041153,-0.013464,0.162781,-0.001356
10821.112000,-0.497340,0.072460,0.264203,-1.486087,-1.591108,1.016648,0.003948,0.000533,0.040239,-0.013419,0.162323,-0.001378
10821.120000,-0.497306,0.072479,0.264509,-1.485269,-1.590136,1.017445,0.004066,0.000543,0.040392,-0.013440,0.162648,-0.001378
10821.128000,-0.497271,0.072489,0.264834,-1.484418,-1.589215,1.018285,0.003814,0.000526,0.041472,-0.013597,0.164343,-0.001371
10821.136000,-0.497246,0.072470,0.265162,-1.483548,-1.588267,1.019195,0.004123,0.000545,0.040346,-0.013343,0.161391,-0.001359
10821.144000,-0.497207,0.072493,0.265497,-1.482682,-1.587247,1.020053,0.003968,0.000531,0.039317,-0.013122,0.158730,-0.001348
10821.152000,-0.497179,0.072500,0.265780,-1.481892,-1.586437,1.020825,0.004034,0.000548,0.042300,-0.013874,0.167692,-0.001399
10821.160000,-0.497149,0.072486,0.266146,-1.480885,-1.585402,1.021830,0.004174,0.000554,0.041337,-0.013615,0.164587,-0.001379
10821.168000,-0.497111,0.072509,0.266474,-1.480035,-1.584400,1.022670,0.004345,0.000561,0.040033,-0.013262,0.160532,-0.001354
10821.176000,-0.497081,0.072505,0.266776,-1.479192,-1.583477,1.023482,0.004198,0.000553,0.040675,-0.013392,0.161912,-0.001356
10821.184000,-0.497045,0.072506,0.267126,-1.478269,-1.582521,1.024400,0.004266,0.000565,0.041186,-0.013712,0.165762,-0.001403
10821.192000,-0.497009,0.072548,0.267435,-1.477462,-1.581495,1.025191,0.004319,0.000562,0.040756,-0.013420,0.162395,-0.001361
10821.200000,-0.496977,0.072511,0.267778,-1.476539,-1.580559,1.026150,0.004408,0.000565,0.038991,-0.013103,0.158530,-0.001355
10821.208000,-0.496945,0.072531,0.268039,-1.475775,-1.579726,1.026887,0.004436,0.000564,0.039521,-0.013015,0.157494,-0.001320
10821.216000,-0.496908,0.072523,0.268384,-1.474915,-1.578796,1.027776,0.004429,0.000576,0.042184,-0.013726,0.165857,-0.001372
10821.224000,-0.496873,0.072530,0.268740,-1.473939,-1.577759,1.028671,0.004108,0.000543,0.039507,-0.013118,0.158457,-0.001336
10821.232000,-0.496840,0.072538,0.269033,-1.473136,-1.576864,1.029494,0.004529,0.000577,0.040118,-0.013262,0.160398,-0.001348
10821.240000,-0.496804,0.072537,0.269345,-1.472312,-1.575940,1.030341,0.004480,0.000570,0.039912,-0.013126,0.158692,-0.001327
10821.248000,-0.496767,0.072530,0.269685,-1.471383,-1.574979,1.031235,0.004699,0.000592,0.041352,-0.013452,0.162590,-0.001344
10821.256000,-0.496732,0.072546,0.270009,-1.470578,-1.574039,1.032045,0.004836,0.000589,0.040060,-0.012815,0.155062,-0.001261
10821.264000,-0.496691,0.072539,0.270347,-1.469660,-1.573110,1.032908,0.004429,0.000571,0.041036,-0.013349,0.161155,-0.001331
10821.272000,-0.496657,0.072569,0.270657,-1.468878,-1.572132,1.033682,0.004601,0.000585,0.040845,-0.013393,0.161859,-0.001348
10821.280000,-0.496618,0.072585,0.270984,-1.467988,-1.571169,1.034526,0.004838,0.000600,0.041453,-0.013313,0.161005,-0.001314
10821.288000,-0.496582,0.072555,0.271323,-1.467073,-1.570268,1.035411,0.005071,0.000613,0.039981,-0.013035,0.157709,-0.001307
10821.296000,-0.496535,0.072575,0.271658,-1.466224,-1.569298,1.036281,0.004847,0.000597,0.040446,-0.013065,0.157956,-0.001296
10821.304000,-0.496496,0.072596,0.271977,-1.465393,-1.568280,1.037084,0.004977,0.000612,0.040792,-0.013324,0.161162,-0.001338
10821.312000,-0.496460,0.072582,0.272306,-1.464472,-1.567378,1.037952,0.005079,0.000625,0.041494,-0.013596,0.164357,-0.001368
10821.320000,-0.496417,0.072586,0.272630,-1.463586,-1.566476,1.038769,0.005105,0.000624,0.040671,-0.013380,0.161788,-0.001352
10821.328000,-0.496372,0.072603,0.272951,-1.462823,-1.565507,1.039601,0.005373,0.000638,0.039158,-0.013025,0.157776,-0.001334
10821.336000,-0.496332,0.072597,0.273265,-1.461903,-1.564599,1.040418,0.005084,0.000625,0.041092,-0.013488,0.163000,-0.001358
10821.344000,-0.496295,0.072613,0.273596,-1.461051,-1.563589,1.041282,0.004958,0.000618,0.041076,-0.013574,0.163989,-0.001375
10821.352000,-0.496250,0.072613,0.273940,-1.460122,-1.562589,1.042183,0.005213,0.000631,0.039948,-0.013268,0.160460,-0.001353
10821.360000,-0.496217,0.072599,0.274228,-1.459317,-1.561737,1.043005,0.005248,0.000635,0.040126,-0.013331,0.161133,-0.001358
10821.368000,-0.496168,0.072615,0.274567,-1.458449,-1.560742,1.043871,0.005239,0.000635,0.040675,-0.013389,0.161811,-0.001351
10821.376000,-0.496127,0.072633,0.274899,-1.457561,-1.559775,1.044672,0.005214,0.000637,0.041268,-0.013544,0.163650,-0.001362
10821.384000,-0.496081,0.072644,0.275231,-1.456635,-1.558817,1.045498,0.005517,0.000656,0.039955,-0.013317,0.161158,-0.001364
10821.392000,-0.496041,0.072630,0.275551,-1.455793,-1.557887,1.046387,0.005571,0.000655,0.039795,-0.013093,0.158406,-0.001323
10821.400000,-0.496002,0.072630,0.275838,-1.455039,-1.556990,1.047178,0.005439,0.000659,0.041055,-0.013726,0.165833,-0.001405
10821.408000,-0.495954,0.072650,0.276177,-1.454127,-1.556003,1.047974,0.005487,0.000657,0.040824,-0.013484,0.162967,-0.001365
10821.416000,-0.495918,0.072622,0.276524,-1.453168,-1.555103,1.048900,0.005471,0.000650,0.040250,-0.013179,0.159178,-0.001321
10821.424000,-0.495869,0.072651,0.276819,-1.452414,-1.554182,1.049644,0.005928,0.000687,0.041177,-0.013386,0.161936,-0.001336
10821.432000,-0.495819,0.072664,0.277150,-1.451586,-1.553168,1.050503,0.005668,0.000669,0.040571,-0.013364,0.161568,-0.001349
10821.440000,-0.495774,0.072672,0.277472,-1.450668,-1.552217,1.051278,0.005632,0.000666,0.039733,-0.013288,0.160655,-0.001361
10821.448000,-0.495729,0.072674,0.277792,-1.449791,-1.551275,1.052157,0.005972,0.000685,0.038782,-0.012966,0.157002,-0.001332
10821.456000,-0.495679,0.072663,0.278111,-1.448907,-1.550331,1.053013,0.006010,0.000684,0.038531,-0.012782,0.154733,-0.001302
10821.464000,-0.495633,0.072679,0.278400,-1.448134,-1.549439,1.053779,0.005997,0.000695,0.040203,-0.013406,0.162151,-0.001370
10821.472000,-0.495592,0.072669,0.278734,-1.447227,-1.548476,1.054633,0.005830,0.000684,0.040382,-0.013420,0.162111,-0.001364
10821.480000,-0.495539,0.072691,0.279067,-1.446364,-1.547468,1.055482,0.006077,0.000704,0.040617,-0.013513,0.163393,-0.001377
10821.488000,-0.495488,0.072706,0.279359,-1.445548,-1.546572,1.056282,0.005942,0.000690,0.039544,-0.013267,0.160450,-0.001363
10821.496000,-0.495439,0.072709,0.279707,-1.444682,-1.545606,1.057088,0.005939,0.000687,0.040260,-0.013217,0.159747,-0.001328
10821.504000,-0.495396,0.072731,0.280007,-1.443858,-1.544664,1.057857,0.006067,0.000710,0.041857,-0.013880,0.167739,-0.001408
10821.512000,-0.495347,0.072742,0.280320,-1.442997,-1.543733,1.058666,0.006104,0.000697,0.038876,-0.012986,0.157198,-0.001330
10821.520000,-0.495306,0.072710,0.280618,-1.442122,-1.542936,1.059470,0.006245,0.000706,0.038807,-0.012934,0.156490,-0.001321
10821.528000,-0.495254,0.072718,0.280954,-1.441220,-1.541922,1.060314,0.006131,0.000705,0.040495,-0.013336,0.161123,-0.001342
10821.536000,-0.495203,0.072736,0.281283,-1.440379,-1.540926,1.061147,0.006137,0.000704,0.040312,-0.013255,0.160182,-0.001332
10821.544000,-0.495156,0.072725,0.281598,-1.439523,-1.540031,1.061953,0.006142,0.000703,0.039836,-0.013162,0.159011,-0.001328
10821.552000,-0.495107,0.072745,0.281905,-1.438704,-1.539115,1.062748,0.006353,0.000729,0.040644,-0.013611,0.164510,-0.001393
10821.560000,-0.495053,0.072740,0.282246,-1.437752,-1.538134,1.063608,0.006244,0.000712,0.040193,-0.013208,0.159565,-0.001325
10821.568000,-0.495004,0.072755,0.282564,-1.436950,-1.537142,1.064399,0.006396,0.000731,0.040840,-0.013573,0.163994,-0.001377
10821.576000,-0.494952,0.072765,0.282900,-1.436034,-1.536126,1.065295,0.006571,0.000738,0.039956,-0.013273,0.160541,-0.001349
10821.584000,-0.494898,0.072752,0.283200,-1.435136,-1.535266,1.066097,0.006952,0.000760,0.038617,-0.012902,0.156286,-0.001322
10821.592000,-0.494840,0.072761,0.283531,-1.434261,-1.534325,1.066851,0.006975,0.000770,0.040038,-0.013334,0.161373,-0.001359
10821.600000,-0.494789,0.072783,0.283854,-1.433438,-1.533280,1.067744,0.006538,0.000745,0.041141,-0.013700,0.165484,-0.001391
10821.608000,-0.494736,0.072770,0.284174,-1.432526,-1.532387,1.068574,0.006871,0.000768,0.040767,-0.013603,0.164434,-0.001386
10821.616000,-0.494684,0.072771,0.284492,-1.431640,-1.531440,1.069383,0.006847,0.000767,0.041029,-0.013660,0.165040,-0.001387
10821.624000,-0.494629,0.072784,0.284791,-1.430869,-1.530508,1.070152,0.006778,0.000748,0.038238,-0.012868,0.155683,-0.001323
10821.632000,-0.494570,0.072795,0.285134,-1.429920,-1.529518,1.070998,0.006827,0.000759,0.040020,-0.013278,0.160497,-0.001345
10821.640000,-0.494516,0.072811,0.285451,-1.429039,-1.528540,1.071836,0.006746,0.000757,0.040952,-0.013511,0.163215,-0.001359
10821.648000,-0.494458,0.072819,0.285774,-1.428195,-1.527547,1.072672,0.006884,0.000761,0.039281,-0.013122,0.158706,-0.001339
10821.656000,-0.494401,0.072826,0.286100,-1.427319,-1.526574,1.073486,0.006436,0.000733,0.040131,-0.013352,0.161126,-0.001351
10821.664000,-0.494352,0.072808,0.286409,-1.426438,-1.525702,1.074293,0.006907,0.000768,0.040477,-0.013404,0.161877,-0.001352
10821.672000,-0.494295,0.072831,0.286733,-1.425584,-1.524723,1.075097,0.006752,0.000749,0.038341,-0.012943,0.156441,-0.001331
10821.680000,-0.494239,0.072843,0.287041,-1.424689,-1.523815,1.075846,0.007168,0.000779,0.039980,-0.013036,0.157684,-0.001298
10821.688000,-0.494186,0.072855,0.287342,-1.423933,-1.522844,1.076647,0.007019,0.000773,0.039861,-0.013215,0.159757,-0.001336
10821.696000,-0.494128,0.072848,0.287663,-1.422999,-1.521976,1.077444,0.007040,0.000763,0.038344,-0.012612,0.152568,-0.001266
10821.704000,-0.494071,0.072846,0.287995,-1.422109,-1.520981,1.078270,0.007213,0.000786,0.039230,-0.013109,0.158491,-0.001335
10821.712000,-0.494010,0.072855,0.288321,-1.421264,-1.520019,1.079126,0.006955,0.000765,0.039698,-0.013039,0.157472,-0.001303
10821.712000,-0.494010,0.072855,0.288321,-1.421264,-1.520019,1.079126,0.006955,0.000765,0.039698,-0.013039,0.157472,-0.001303
10821.728000,-0.493896,0.072875,0.288938,-1.419569,-1.518192,1.080617,0.007440,0.000808,0.040042,-0.013349,0.161405,-0.001356
10821.736000,-0.493835,0.072892,0.289251,-1.418726,-1.517201,1.081462,0.007447,0.000813,0.041004,-0.013561,0.163908,-0.001366
10821.744000,-0.493777,0.072909,0.289573,-1.417881,-1.516234,1.082267,0.007355,0.000801,0.040410,-0.013324,0.161066,-0.001338
10821.752000,-0.493718,0.072895,0.289899,-1.416954,-1.515327,1.083038,0.007228,0.000790,0.039495,-0.013190,0.159340,-0.001339
10821.760000,-0.493655,0.072889,0.290223,-1.416101,-1.514387,1.083885,0.007528,0.000809,0.039699,-0.013049,0.157731,-0.001306
10821.768000,-0.493594,0.072906,0.290554,-1.415173,-1.513401,1.084697,0.007391,0.000802,0.040031,-0.013202,0.159479,-0.001323
10821.776000,-0.493533,0.072921,0.290863,-1.414358,-1.512451,1.085428,0.007418,0.000802,0.040248,-0.013107,0.158347,-0.001297
10821.784000,-0.493478,0.072925,0.291173,-1.413536,-1.511540,1.086232,0.007759,0.000827,0.039554,-0.013052,0.157899,-0.001312
10821.792000,-0.493408,0.072938,0.291516,-1.412643,-1.510544,1.087054,0.007713,0.000822,0.039314,-0.013000,0.157254,-0.001309
10821.800000,-0.493341,0.072942,0.291847,-1.411758,-1.509530,1.087889,0.007647,0.000823,0.039956,-0.013229,0.159866,-0.001331
10821.808000,-0.493292,0.072923,0.292154,-1.410860,-1.508669,1.088689,0.007521,0.000815,0.039403,-0.013223,0.159641,-0.001345
10821.816000,-0.493232,0.072941,0.292455,-1.410048,-1.507742,1.089434,0.007777,0.000830,0.038726,-0.013057,0.157875,-0.001338
10821.824000,-0.493171,0.072959,0.292764,-1.409238,-1.506800,1.090193,0.007783,0.000833,0.039492,-0.013184,0.159360,-0.001337
10821.832000,-0.493116,0.072947,0.293048,-1.408433,-1.505986,1.090938,0.007314,0.000784,0.037423,-0.012434,0.150183,-0.001253
10821.840000,-0.493062,0.072930,0.293367,-1.407529,-1.505074,1.091745,0.007688,0.000827,0.038837,-0.013140,0.158618,-0.001346
10821.848000,-0.492994,0.072961,0.293673,-1.406693,-1.504066,1.092524,0.007874,0.000840,0.039193,-0.013150,0.158882,-0.001339
10821.856000,-0.492922,0.072967,0.294004,-1.405771,-1.503069,1.093372,0.007986,0.000843,0.037880,-0.012836,0.155262,-0.001322
10821.864000,-0.492858,0.072988,0.294313,-1.404942,-1.502097,1.094115,0.007970,0.000835,0.037242,-0.012524,0.151589,-0.001281
10821.872000,-0.492795,0.073004,0.294586,-1.404124,-1.501226,1.094838,0.007887,0.000837,0.038118,-0.012923,0.156270,-0.001330
10821.880000,-0.492726,0.073007,0.294918,-1.403251,-1.500221,1.095678,0.007916,0.000843,0.038654,-0.013094,0.158237,-0.001345
10821.888000,-0.492668,0.073019,0.295226,-1.402376,-1.499335,1.096389,0.007930,0.000843,0.037421,-0.012967,0.156819,-0.001361
10821.896000,-0.492602,0.073007,0.295534,-1.401542,-1.498398,1.097241,0.008260,0.000867,0.037744,-0.012948,0.156657,-0.001348
10821.904000,-0.492545,0.072998,0.295833,-1.400686,-1.497526,1.097973,0.007990,0.000849,0.037910,-0.013004,0.157071,-0.001349
10821.912000,-0.492483,0.073012,0.296140,-1.399852,-1.496590,1.098788,0.007603,0.000821,0.038387,-0.013067,0.157595,-0.001342
10821.920000,-0.492420,0.073015,0.296460,-1.398968,-1.495614,1.099579,0.008010,0.000856,0.038687,-0.013286,0.160362,-0.001377
10821.928000,-0.492352,0.073030,0.296776,-1.398077,-1.494628,1.100339,0.008033,0.000847,0.037351,-0.012748,0.154052,-0.001317
10821.936000,-0.492284,0.073076,0.297058,-1.397345,-1.493672,1.101058,0.008054,0.000846,0.036999,-0.012634,0.152859,-0.001308
10821.944000,-0.492225,0.073046,0.297349,-1.396484,-1.492850,1.101848,0.008403,0.000882,0.038403,-0.013145,0.158897,-0.001362
10821.952000,-0.492166,0.073048,0.297647,-1.395583,-1.491958,1.102572,0.008085,0.000855,0.038468,-0.012963,0.156488,-0.001319
10821.960000,-0.492098,0.073062,0.297947,-1.394748,-1.491012,1.103318,0.008135,0.000861,0.037235,-0.012977,0.156775,-0.001365
10821.968000,-0.492031,0.073070,0.298268,-1.393900,-1.489996,1.104145,0.008099,0.000848,0.036387,-0.012514,0.151267,-0.001301
10821.976000,-0.491962,0.073089,0.298546,-1.393126,-1.489118,1.104816,0.008220,0.000869,0.037567,-0.013047,0.157630,-0.001367
10821.984000,-0.491898,0.073077,0.298890,-1.392123,-1.488135,1.105701,0.007843,0.000840,0.037215,-0.012969,0.156415,-0.001358
10821.992000,-0.491830,0.073105,0.299160,-1.391370,-1.487263,1.106386,0.007987,0.000844,0.036962,-0.012676,0.153082,-0.001311
10822.000000,-0.491767,0.073091,0.299484,-1.390416,-1.486300,1.107201,0.008382,0.000874,0.036273,-0.012703,0.153560,-0.001342
10822.008000,-0.491693,0.073114,0.299768,-1.389680,-1.485339,1.107988,0.008287,0.000855,0.034616,-0.012104,0.146530,-0.001280
10822.016000,-0.491632,0.073133,0.300025,-1.388875,-1.484480,1.108634,0.008436,0.000875,0.036100,-0.012561,0.151980,-0.001321
10822.024000,-0.491563,0.073119,0.300347,-1.387956,-1.483603,1.109445,0.008023,0.000853,0.037158,-0.012924,0.155909,-0.001351
10822.032000,-0.491504,0.073134,0.300632,-1.387170,-1.482660,1.110169,0.008012,0.000845,0.036021,-0.012563,0.151687,-0.001318
10822.040000,-0.491442,0.073149,0.300913,-1.386407,-1.481712,1.110882,0.008111,0.000844,0.034686,-0.012135,0.146725,-0.001280
10822.048000,-0.491378,0.073145,0.301180,-1.385538,-1.480872,1.111570,0.008158,0.000860,0.036794,-0.012770,0.154108,-0.001332
10822.056000,-0.491311,0.073159,0.301472,-1.384751,-1.479950,1.112385,0.008243,0.000866,0.037172,-0.012771,0.154166,-0.001320
10822.064000,-0.491244,0.073161,0.301771,-1.383859,-1.479048,1.113108,0.008091,0.000857,0.037314,-0.012836,0.154800,-0.001326
10822.072000,-0.491173,0.073171,0.302081,-1.383009,-1.478060,1.113863,0.008047,0.000846,0.036449,-0.012478,0.150549,-0.001284
10822.080000,-0.491108,0.073146,0.302384,-1.382122,-1.477200,1.114693,0.008267,0.000856,0.035548,-0.012154,0.146738,-0.001250
10822.088000,-0.491042,0.073184,0.302669,-1.381399,-1.476238,1.115369,0.008128,0.000850,0.035604,-0.012354,0.149126,-0.001288
10822.112000,-0.490844,0.073193,0.303507,-1.378961,-1.473656,1.117484,0.008175,0.000850,0.034533,-0.012098,0.146078,-0.001272
10822.120000,-0.490777,0.073220,0.303769,-1.378169,-1.472755,1.118199,0.008459,0.000879,0.036107,-0.012534,0.151372,-0.001307
10822.128000,-0.490709,0.073218,0.304075,-1.377288,-1.471817,1.118953,0.008348,0.000872,0.036140,-0.012560,0.151552,-0.001309
10822.136000,-0.490637,0.073238,0.304387,-1.376452,-1.470834,1.119701,0.008340,0.000870,0.035157,-0.012471,0.150583,-0.001325
10822.144000,-0.490571,0.073226,0.304678,-1.375578,-1.469925,1.120499,0.008463,0.000887,0.036177,-0.012809,0.154504,-0.001356
10822.152000,-0.490504,0.073245,0.304957,-1.374792,-1.469028,1.121191,0.008682,0.000893,0.035616,-0.012401,0.149843,-0.001297
10822.160000,-0.490434,0.073240,0.305237,-1.373969,-1.468162,1.121919,0.008605,0.000885,0.034758,-0.012250,0.147990,-0.001294
10822.168000,-0.490370,0.073222,0.305503,-1.373150,-1.467399,1.122623,0.008431,0.000864,0.033122,-0.011815,0.142744,-0.001262
10822.176000,-0.490300,0.073236,0.305777,-1.372371,-1.466397,1.123316,0.008426,0.000874,0.035122,-0.012319,0.148561,-0.001291
10822.184000,-0.490235,0.073263,0.306057,-1.371577,-1.465495,1.124028,0.008406,0.000878,0.035661,-0.012559,0.151427,-0.001321
10822.192000,-0.490172,0.073258,0.306336,-1.370738,-1.464610,1.124769,0.007966,0.000840,0.033605,-0.012194,0.146926,-0.001314
10822.200000,-0.490100,0.073287,0.306601,-1.369908,-1.463709,1.125453,0.008513,0.000885,0.034946,-0.012484,0.150649,-0.001331
10822.208000,-0.490029,0.073294,0.306906,-1.369103,-1.462792,1.126193,0.008635,0.000895,0.035517,-0.012521,0.151089,-0.001319
10822.216000,-0.489964,0.073302,0.307169,-1.368295,-1.461911,1.126878,0.008359,0.000874,0.034912,-0.012443,0.150032,-0.001321
10822.224000,-0.489902,0.073286,0.307454,-1.367482,-1.461042,1.127623,0.008887,0.000920,0.036798,-0.012825,0.154618,-0.001334
10822.232000,-0.489821,0.073330,0.307766,-1.366620,-1.460049,1.128296,0.008462,0.000873,0.034073,-0.012051,0.145495,-0.001274
10822.240000,-0.489763,0.073296,0.308005,-1.365847,-1.459340,1.129043,0.008812,0.000890,0.033312,-0.011669,0.141064,-0.001225
10822.248000,-0.489676,0.073315,0.308328,-1.364988,-1.458328,1.129767,0.008734,0.000895,0.034225,-0.012127,0.146384,-0.001283
10822.256000,-0.489613,0.073322,0.308594,-1.364162,-1.457471,1.130517,0.008719,0.000907,0.036165,-0.012760,0.153753,-0.001340
10822.264000,-0.489543,0.073312,0.308871,-1.363271,-1.456537,1.131214,0.008800,0.000912,0.035506,-0.012664,0.152602,-0.001342
10822.272000,-0.489472,0.073317,0.309159,-1.362489,-1.455633,1.131995,0.008748,0.000896,0.034321,-0.012115,0.146120,-0.001274
10822.280000,-0.489400,0.073355,0.309416,-1.361727,-1.454717,1.132605,0.008821,0.000904,0.034586,-0.012245,0.147764,-0.001292
10822.288000,-0.489330,0.073367,0.309681,-1.360916,-1.453842,1.133297,0.008685,0.000892,0.033798,-0.012129,0.146369,-0.001295
10822.296000,-0.489256,0.073357,0.309983,-1.360082,-1.452928,1.134076,0.009011,0.000923,0.035117,-0.012445,0.150119,-0.001313
10822.304000,-0.489185,0.073369,0.310252,-1.359261,-1.452059,1.134760,0.008842,0.000911,0.035064,-0.012458,0.150190,-0.001316
10822.312000,-0.489112,0.073411,0.310492,-1.358555,-1.451197,1.135345,0.009003,0.000916,0.033544,-0.012127,0.146571,-0.001306
10822.320000,-0.489042,0.073384,0.310794,-1.357658,-1.450338,1.136115,0.009014,0.000912,0.033072,-0.011916,0.143953,-0.001278
10822.328000,-0.488971,0.073392,0.311045,-1.356971,-1.449519,1.136753,0.008926,0.000908,0.033451,-0.012009,0.144970,-0.001282
10822.336000,-0.488906,0.073378,0.311308,-1.356088,-1.448679,1.137506,0.008648,0.000894,0.034352,-0.012251,0.147528,-0.001294
10822.344000,-0.488835,0.073396,0.311578,-1.355296,-1.447771,1.138209,0.008428,0.000872,0.033409,-0.011963,0.144079,-0.001268
10822.352000,-0.488762,0.073420,0.311860,-1.354539,-1.446822,1.138846,0.008866,0.000906,0.033366,-0.012065,0.145566,-0.001294
10822.360000,-0.488699,0.073414,0.312087,-1.353777,-1.446087,1.139463,0.008747,0.000897,0.033278,-0.012050,0.145264,-0.001292
10822.368000,-0.488621,0.073426,0.312385,-1.352927,-1.445112,1.140255,0.008939,0.000912,0.033747,-0.012078,0.145666,-0.001282
10822.376000,-0.488555,0.073433,0.312632,-1.352135,-1.444301,1.140864,0.008860,0.000909,0.033812,-0.012211,0.147180,-0.001305
10822.384000,-0.488482,0.073441,0.312900,-1.351401,-1.443391,1.141595,0.008826,0.000905,0.033488,-0.012110,0.145967,-0.001295
10822.392000,-0.488412,0.073449,0.313172,-1.350578,-1.442528,1.142246,0.008915,0.000905,0.032765,-0.011828,0.142710,-0.001265
10822.400000,-0.488344,0.073461,0.313424,-1.349777,-1.441645,1.142938,0.008791,0.000891,0.031296,-0.011560,0.139567,-0.001262
10822.408000,-0.488269,0.073453,0.313680,-1.348948,-1.440797,1.143609,0.009032,0.000915,0.032369,-0.011863,0.143130,-0.001285
10822.416000,-0.488193,0.073460,0.313969,-1.348126,-1.439875,1.144353,0.009027,0.000927,0.034200,-0.012402,0.149362,-0.001326
10822.424000,-0.488119,0.073498,0.314222,-1.347419,-1.438949,1.144971,0.009037,0.000926,0.033518,-0.012321,0.148537,-0.001335
10822.432000,-0.488044,0.073509,0.314493,-1.346563,-1.438053,1.145701,0.009248,0.000937,0.033730,-0.012154,0.146665,-0.001297
10822.440000,-0.487971,0.073504,0.314765,-1.345723,-1.437202,1.146389,0.009113,0.000920,0.032549,-0.011811,0.142557,-0.001268
10822.448000,-0.487905,0.073494,0.315004,-1.344953,-1.436427,1.147037,0.009199,0.000928,0.032837,-0.011855,0.143025,-0.001266
10822.456000,-0.487835,0.073500,0.315256,-1.344177,-1.435573,1.147720,0.009086,0.000922,0.033198,-0.011975,0.144328,-0.001275
10822.464000,-0.487759,0.073528,0.315527,-1.343398,-1.434626,1.148361,0.009064,0.000919,0.032972,-0.011909,0.143593,-0.001270
10822.472000,-0.487691,0.073501,0.315777,-1.342577,-1.433864,1.149115,0.008721,0.000886,0.031478,-0.011507,0.138633,-0.001238
10822.480000,-0.487610,0.073523,0.316056,-1.341805,-1.432938,1.149773,0.009089,0.000911,0.031550,-0.011447,0.138148,-0.001228
10822.488000,-0.487541,0.073549,0.316296,-1.341066,-1.432084,1.150351,0.008735,0.000880,0.029964,-0.011144,0.134522,-0.001220
10822.496000,-0.487473,0.073549,0.316530,-1.340325,-1.431284,1.151005,0.008847,0.000897,0.031152,-0.011535,0.139088,-0.001256
10822.504000,-0.487400,0.073545,0.316803,-1.339525,-1.430408,1.151720,0.008739,0.000895,0.032280,-0.011794,0.141948,-0.001265
10822.512000,-0.487334,0.073540,0.317055,-1.338701,-1.429574,1.152390,0.008860,0.000903,0.032099,-0.011761,0.141575,-0.001265
10822.520000,-0.487262,0.073543,0.317310,-1.337950,-1.428755,1.153023,0.008725,0.000884,0.030527,-0.011337,0.136569,-0.001234
10822.528000,-0.487192,0.073591,0.317544,-1.337263,-1.427865,1.153585,0.008608,0.000870,0.029824,-0.011074,0.133571,-0.001208
10822.536000,-0.487129,0.073568,0.317765,-1.336544,-1.427143,1.154241,0.008851,0.000891,0.030294,-0.011214,0.135214,-0.001219
10822.544000,-0.487053,0.073580,0.318032,-1.335692,-1.426258,1.154915,0.008941,0.000912,0.032063,-0.011865,0.142822,-0.001285
10822.552000,-0.486987,0.073595,0.318267,-1.334986,-1.425421,1.155515,0.009002,0.000920,0.032364,-0.011999,0.144417,-0.001301
10822.560000,-0.486906,0.073627,0.318534,-1.334203,-1.424480,1.156162,0.009098,0.000916,0.031027,-0.011547,0.139294,-0.001261
10822.568000,-0.486840,0.073601,0.318781,-1.333429,-1.423738,1.156880,0.008880,0.000901,0.031133,-0.011544,0.139010,-0.001252
10822.576000,-0.486772,0.073609,0.319009,-1.332676,-1.422968,1.157443,0.008764,0.000881,0.029619,-0.011013,0.132768,-0.001200
10822.584000,-0.486696,0.073624,0.319272,-1.331950,-1.422059,1.158106,0.009192,0.000926,0.032011,-0.011650,0.140353,-0.001245
10822.592000,-0.486617,0.073649,0.319547,-1.331147,-1.421127,1.158775,0.008889,0.000902,0.031049,-0.011554,0.139163,-0.001257
10822.600000,-0.486555,0.073649,0.319768,-1.330408,-1.420364,1.159387,0.009163,0.000914,0.029070,-0.011163,0.134814,-0.001251
10822.608000,-0.486486,0.073633,0.319992,-1.329634,-1.419636,1.159997,0.009010,0.000907,0.030194,-0.011342,0.136665,-0.001244
10822.616000,-0.486403,0.073653,0.320264,-1.328845,-1.418686,1.160702,0.009172,0.000928,0.031306,-0.011766,0.141700,-0.001289
10822.624000,-0.486335,0.073695,0.320474,-1.328213,-1.417892,1.161197,0.008870,0.000882,0.027803,-0.010665,0.128891,-0.001195
10822.624000,-0.486335,0.073695,0.320474,-1.328213,-1.417892,1.161197,0.008870,0.000882,0.027803,-0.010665,0.128891,-0.001195
10822.640000,-0.486195,0.073666,0.320989,-1.326590,-1.416293,1.162571,0.008991,0.000911,0.031745,-0.011574,0.139224,-0.001233
10822.648000,-0.486135,0.073654,0.321193,-1.325897,-1.415598,1.163163,0.008909,0.000894,0.029839,-0.011074,0.133349,-0.001200
10822.656000,-0.486061,0.073677,0.321448,-1.325156,-1.414679,1.163771,0.008806,0.000887,0.029268,-0.011063,0.133220,-0.001216
10822.664000,-0.485983,0.073706,0.321687,-1.324443,-1.413822,1.164401,0.009522,0.000950,0.030703,-0.011567,0.139528,-0.001272
10822.672000,-0.485911,0.073692,0.321929,-1.323604,-1.412993,1.165050,0.008945,0.000904,0.029333,-0.011328,0.136392,-0.001266
10822.680000,-0.485831,0.073710,0.322165,-1.322853,-1.412150,1.165676,0.009444,0.000942,0.030414,-0.011448,0.138018,-0.001256
10822.688000,-0.485759,0.073722,0.322409,-1.322080,-1.411299,1.166323,0.008889,0.000900,0.029829,-0.011335,0.136420,-0.001249
10822.696000,-0.485688,0.073729,0.322643,-1.321376,-1.410507,1.166946,0.009443,0.000944,0.030265,-0.011507,0.138715,-0.001272
10822.704000,-0.485617,0.073721,0.322883,-1.320640,-1.409675,1.167581,0.009286,0.000931,0.029745,-0.011406,0.137396,-0.001268
10822.712000,-0.485531,0.073751,0.323150,-1.319847,-1.408766,1.168241,0.009039,0.000912,0.029045,-0.011360,0.136827,-0.001281
10822.720000,-0.485469,0.073751,0.323364,-1.319106,-1.408018,1.168831,0.009200,0.000921,0.029488,-0.011266,0.135748,-0.001248
10822.728000,-0.485394,0.073765,0.323605,-1.318309,-1.407181,1.169419,0.008930,0.000903,0.028917,-0.011266,0.135637,-0.001265
10822.736000,-0.485332,0.073753,0.323811,-1.317663,-1.406470,1.170031,0.009196,0.000921,0.029923,-0.011267,0.135652,-0.001232
10822.744000,-0.485252,0.073791,0.324046,-1.316915,-1.405605,1.170563,0.008801,0.000890,0.028562,-0.011125,0.133941,-0.001249
10822.752000,-0.485190,0.073755,0.324268,-1.316184,-1.404880,1.171281,0.009203,0.000913,0.028527,-0.010869,0.131000,-0.001202
10822.760000,-0.485118,0.073807,0.324480,-1.315523,-1.404016,1.171734,0.008873,0.000884,0.027138,-0.010633,0.128249,-0.001202
10822.768000,-0.485033,0.073786,0.324761,-1.314694,-1.403104,1.172534,0.008885,0.000890,0.027832,-0.010817,0.130268,-0.001212
10822.776000,-0.484971,0.073797,0.324954,-1.313984,-1.402408,1.173041,0.009340,0.000936,0.030229,-0.011422,0.137476,-0.001250
10822.784000,-0.484899,0.073820,0.325186,-1.313245,-1.401578,1.173632,0.008633,0.000878,0.027759,-0.011044,0.132856,-0.001256
10822.792000,-0.484818,0.073817,0.325447,-1.312434,-1.400758,1.174273,0.009063,0.000900,0.027272,-0.010701,0.129037,-0.001210
10822.800000,-0.484745,0.073830,0.325659,-1.311761,-1.399934,1.174888,0.009326,0.000929,0.028948,-0.011126,0.134062,-0.001236
10822.808000,-0.484673,0.073815,0.325887,-1.310975,-1.399160,1.175507,0.009008,0.000904,0.028337,-0.011028,0.132680,-0.001233
10822.816000,-0.484591,0.073847,0.326143,-1.310268,-1.398252,1.176121,0.009295,0.000923,0.028752,-0.010990,0.132423,-0.001215
10822.824000,-0.484526,0.073839,0.326337,-1.309531,-1.397571,1.176698,0.008170,0.000836,0.026227,-0.010627,0.127667,-0.001221
10822.832000,-0.484448,0.073854,0.326577,-1.308745,-1.396712,1.177302,0.009302,0.000922,0.028754,-0.010921,0.131568,-0.001200
10822.840000,-0.484384,0.073851,0.326786,-1.308111,-1.395955,1.177880,0.008641,0.000867,0.027078,-0.010555,0.126971,-0.001181
10822.848000,-0.484307,0.073867,0.327014,-1.307343,-1.395171,1.178472,0.008826,0.000878,0.026763,-0.010448,0.125859,-0.001173
10822.856000,-0.484240,0.073873,0.327215,-1.306736,-1.394455,1.179017,0.009096,0.000891,0.026478,-0.010205,0.123147,-0.001138
10822.864000,-0.484169,0.073876,0.327416,-1.306012,-1.393680,1.179590,0.009542,0.000943,0.028756,-0.011025,0.132848,-0.001220
10822.872000,-0.484104,0.073877,0.327616,-1.305368,-1.392943,1.180145,0.008870,0.000885,0.027163,-0.010604,0.127611,-0.001187
10822.880000,-0.484025,0.073896,0.327851,-1.304601,-1.392133,1.180723,0.009234,0.000914,0.028031,-0.010740,0.129366,-0.001187
10822.888000,-0.483959,0.073894,0.328061,-1.303954,-1.391365,1.181288,0.008630,0.000863,0.027139,-0.010397,0.125007,-0.001145
10822.896000,-0.483877,0.073903,0.328317,-1.303126,-1.390562,1.181939,0.009126,0.000901,0.027313,-0.010477,0.126218,-0.001159
10822.904000,-0.483810,0.073919,0.328512,-1.302519,-1.389789,1.182441,0.009081,0.000897,0.027550,-0.010465,0.126041,-0.001148
10822.912000,-0.483736,0.073913,0.328730,-1.301762,-1.389056,1.183040,0.008804,0.000879,0.027192,-0.010500,0.126278,-0.001163
10822.920000,-0.483660,0.073925,0.328966,-1.301033,-1.388270,1.183620,0.008954,0.000894,0.027876,-0.010676,0.128375,-0.001174
10822.928000,-0.483590,0.073932,0.329182,-1.300329,-1.387498,1.184192,0.009018,0.000895,0.027738,-0.010545,0.126861,-0.001154
10822.936000,-0.483522,0.073952,0.329393,-1.299688,-1.386666,1.184761,0.008935,0.000891,0.027880,-0.010634,0.127874,-0.001165
10822.944000,-0.483454,0.073964,0.329607,-1.298970,-1.385943,1.185282,0.008709,0.000868,0.025743,-0.010307,0.124072,-0.001174
10822.952000,-0.483385,0.073934,0.329809,-1.298292,-1.385297,1.185889,0.008977,0.000876,0.025643,-0.009847,0.118704,-0.001090
10822.960000,-0.483314,0.073943,0.330024,-1.297592,-1.384483,1.186462,0.008796,0.000877,0.026247,-0.010379,0.124802,-0.001169
10822.968000,-0.483234,0.073980,0.330235,-1.296892,-1.383665,1.186983,0.009244,0.000920,0.027147,-0.010872,0.130850,-0.001238
10822.976000,-0.483164,0.073977,0.330453,-1.296175,-1.382885,1.187557,0.009051,0.000895,0.026754,-0.010383,0.124970,-0.001154
10822.984000,-0.483091,0.073983,0.330670,-1.295490,-1.382111,1.188170,0.008699,0.000873,0.025894,-0.010474,0.125895,-0.001198
10822.992000,-0.483017,0.073976,0.330892,-1.294764,-1.381323,1.188748,0.009195,0.000906,0.026403,-0.010389,0.125066,-0.001167
10823.000000,-0.482954,0.073995,0.331077,-1.294088,-1.380621,1.189274,0.008976,0.000883,0.026036,-0.010094,0.121545,-0.001122
10823.008000,-0.482881,0.074016,0.331281,-1.293428,-1.379869,1.189758,0.008615,0.000861,0.025805,-0.010256,0.123292,-0.001157
10823.016000,-0.482803,0.073992,0.331524,-1.292636,-1.379094,1.190458,0.009038,0.000896,0.026236,-0.010430,0.125437,-0.001178
10823.024000,-0.482737,0.074010,0.331718,-1.291980,-1.378285,1.190957,0.008921,0.000890,0.026547,-0.010508,0.126268,-0.001181
10823.032000,-0.482672,0.074013,0.331911,-1.291307,-1.377607,1.191498,0.008725,0.000869,0.025828,-0.010207,0.122661,-0.001146
10823.040000,-0.482590,0.074043,0.332134,-1.290612,-1.376809,1.192034,0.009462,0.000926,0.026882,-0.010426,0.125625,-0.001159
10823.048000,-0.482516,0.074051,0.332347,-1.289956,-1.376043,1.192588,0.008021,0.000801,0.023265,-0.009462,0.113762,-0.001085
10823.056000,-0.482455,0.074039,0.332527,-1.289327,-1.375400,1.193122,0.009479,0.000922,0.025756,-0.010173,0.122669,-0.001148
10823.064000,-0.482380,0.074053,0.332728,-1.288670,-1.374684,1.193608,0.008464,0.000830,0.022154,-0.009343,0.112646,-0.001104
10823.072000,-0.482318,0.074073,0.332902,-1.288037,-1.373943,1.194083,0.008814,0.000871,0.025537,-0.010023,0.120589,-0.001120
10823.080000,-0.482242,0.074066,0.333135,-1.287315,-1.373178,1.194731,0.008743,0.000870,0.025627,-0.010196,0.122523,-0.001148
10823.088000,-0.482179,0.074075,0.333318,-1.286689,-1.372465,1.195200,0.008535,0.000853,0.024825,-0.010066,0.120922,-0.001149
10823.096000,-0.482101,0.074097,0.333517,-1.285981,-1.371663,1.195789,0.009204,0.000908,0.025775,-0.010408,0.125280,-0.001188
10823.104000,-0.482022,0.074113,0.333734,-1.285252,-1.370839,1.196320,0.008927,0.000880,0.024496,-0.010044,0.120957,-0.001160
10823.112000,-0.481961,0.074083,0.333917,-1.284620,-1.370190,1.196933,0.008534,0.000842,0.023219,-0.009621,0.115755,-0.001118
10823.120000,-0.481894,0.074090,0.334112,-1.283898,-1.369481,1.197429,0.008942,0.000890,0.026230,-0.010384,0.124691,-0.001162
10823.128000,-0.481818,0.074114,0.334321,-1.283226,-1.368759,1.197913,0.008766,0.000871,0.024746,-0.010109,0.121525,-0.001160
10823.136000,-0.481753,0.074133,0.334496,-1.282664,-1.368031,1.198392,0.008451,0.000833,0.022791,-0.009486,0.114207,-0.001106
10823.144000,-0.481681,0.074110,0.334712,-1.281934,-1.367308,1.199030,0.009155,0.000908,0.026685,-0.010488,0.125947,-0.001167
10823.152000,-0.481610,0.074127,0.334920,-1.281233,-1.366538,1.199571,0.008904,0.000874,0.023581,-0.009829,0.118354,-0.001147
10823.160000,-0.481542,0.074148,0.335079,-1.280657,-1.365812,1.200023,0.008323,0.000824,0.022469,-0.009446,0.113648,-0.001107
10823.168000,-0.481474,0.074154,0.335292,-1.280015,-1.365074,1.200586,0.009264,0.000919,0.027311,-0.010627,0.127624,-0.001173
10823.176000,-0.481400,0.074132,0.335506,-1.279229,-1.364393,1.201150,0.008033,0.000806,0.022189,-0.009545,0.114558,-0.001130
10823.184000,-0.481334,0.074153,0.335683,-1.278607,-1.363666,1.201590,0.008469,0.000829,0.022273,-0.009244,0.111289,-0.001074
10823.192000,-0.481268,0.074168,0.335877,-1.277975,-1.362950,1.202132,0.008736,0.000867,0.025427,-0.010002,0.120100,-0.001112
10823.200000,-0.481193,0.074170,0.336062,-1.277320,-1.362232,1.202669,0.008757,0.000862,0.022789,-0.009732,0.117121,-0.001152
10823.208000,-0.481126,0.074169,0.336257,-1.276636,-1.361543,1.203208,0.008605,0.000841,0.023457,-0.009336,0.112315,-0.001051
10823.216000,-0.481060,0.074183,0.336442,-1.276029,-1.360833,1.203674,0.008591,0.000859,0.024477,-0.010096,0.121141,-0.001160
10823.224000,-0.480987,0.074209,0.336622,-1.275445,-1.360097,1.204132,0.008823,0.000861,0.022763,-0.009476,0.114179,-0.001104
10823.232000,-0.480928,0.074196,0.336794,-1.274773,-1.359438,1.204681,0.008750,0.000864,0.023997,-0.009804,0.117827,-0.001122
10823.240000,-0.480852,0.074205,0.336990,-1.274117,-1.358706,1.205173,0.008881,0.000874,0.023886,-0.009844,0.118362,-0.001134
10823.248000,-0.480789,0.074224,0.337161,-1.273528,-1.357996,1.205641,0.008638,0.000844,0.022044,-0.009335,0.112431,-0.001099
10823.256000,-0.480708,0.074208,0.337386,-1.272773,-1.357249,1.206254,0.008886,0.000881,0.024701,-0.010108,0.121327,-0.001155
10823.264000,-0.480641,0.074224,0.337574,-1.272131,-1.356490,1.206812,0.008438,0.000837,0.022851,-0.009610,0.115419,-0.001120
10823.272000,-0.480566,0.074232,0.337752,-1.271489,-1.355823,1.207262,0.008931,0.000863,0.021907,-0.009235,0.111366,-0.001086
10823.280000,-0.480495,0.074239,0.337938,-1.270853,-1.355158,1.207731,0.008625,0.000849,0.023209,-0.009546,0.114727,-0.001096
10823.288000,-0.480438,0.074234,0.338092,-1.270226,-1.354486,1.208245,0.008020,0.000784,0.018901,-0.008603,0.103646,-0.001060
10823.296000,-0.480361,0.074248,0.338287,-1.269598,-1.353749,1.208746,0.008622,0.000845,0.022710,-0.009366,0.112621,-0.001078
10823.304000,-0.480298,0.074274,0.338448,-1.269014,-1.353103,1.209190,0.008609,0.000857,0.023978,-0.009887,0.118667,-0.001134
10823.312000,-0.480235,0.074265,0.338629,-1.268313,-1.352370,1.209723,0.007475,0.000752,0.019490,-0.008895,0.106709,-0.001089
10823.320000,-0.480173,0.074268,0.338793,-1.267775,-1.351684,1.210217,0.009386,0.000918,0.026184,-0.010148,0.121892,-0.001112
10823.328000,-0.480100,0.074281,0.338996,-1.267091,-1.350937,1.210712,0.007753,0.000784,0.021709,-0.009380,0.112350,-0.001106
10823.336000,-0.480030,0.074290,0.339169,-1.266439,-1.350312,1.211192,0.008263,0.000806,0.021196,-0.008835,0.106306,-0.001025
10823.344000,-0.479965,0.074283,0.339352,-1.265821,-1.349630,1.211755,0.008525,0.000850,0.024730,-0.009844,0.117935,-0.001095
10823.352000,-0.479891,0.074304,0.339533,-1.265210,-1.348899,1.212215,0.008167,0.000793,0.019570,-0.008568,0.103235,-0.001029
10823.360000,-0.479833,0.074305,0.339688,-1.264623,-1.348289,1.212640,0.008533,0.000840,0.023210,-0.009418,0.113073,-0.001067
10823.368000,-0.479760,0.074304,0.339888,-1.263927,-1.347605,1.213164,0.008385,0.000842,0.024155,-0.009878,0.118259,-0.001119
10823.376000,-0.479691,0.074321,0.340074,-1.263324,-1.346836,1.213643,0.008328,0.000811,0.020817,-0.008806,0.105967,-0.001031
10823.384000,-0.479631,0.074330,0.340223,-1.262762,-1.346215,1.214103,0.007920,0.000783,0.020289,-0.008833,0.106099,-0.001050
10823.392000,-0.479556,0.074332,0.340425,-1.262077,-1.345514,1.214607,0.008576,0.000825,0.020669,-0.008661,0.104401,-0.001010
10823.400000,-0.479489,0.074342,0.340594,-1.261482,-1.344857,1.215093,0.007235,0.000717,0.017480,-0.008107,0.097429,-0.001003
10823.408000,-0.479428,0.074348,0.340743,-1.260926,-1.344213,1.215557,0.009116,0.000891,0.024493,-0.009790,0.117593,-0.001096
10823.416000,-0.479361,0.074341,0.340920,-1.260284,-1.343565,1.216002,0.007281,0.000729,0.017394,-0.008432,0.101202,-0.001067
10823.424000,-0.479296,0.074350,0.341095,-1.259630,-1.342906,1.216491,0.009010,0.000872,0.022259,-0.009308,0.112019,-0.001080
10823.432000,-0.479234,0.074348,0.341254,-1.259090,-1.342205,1.216995,0.007760,0.000796,0.022437,-0.009760,0.116556,-0.001147
10823.440000,-0.479161,0.074372,0.341427,-1.258446,-1.341499,1.217437,0.008111,0.000779,0.017673,-0.008096,0.097714,-0.001001
10823.448000,-0.479103,0.074388,0.341571,-1.257909,-1.340908,1.217835,0.008187,0.000805,0.021066,-0.008952,0.107523,-0.001046
10823.456000,-0.479035,0.074382,0.341740,-1.257301,-1.340255,1.218349,0.007371,0.000721,0.017502,-0.007873,0.094702,-0.000957
10823.464000,-0.478975,0.074367,0.341917,-1.256677,-1.339607,1.218836,0.007891,0.000764,0.018126,-0.008123,0.097789,-0.000986
10823.472000,-0.478905,0.074385,0.342061,-1.256105,-1.338994,1.219244,0.007991,0.000806,0.022115,-0.009499,0.113629,-0.001109
10823.480000,-0.478835,0.074415,0.342249,-1.255506,-1.338207,1.219736,0.009459,0.000892,0.021620,-0.008827,0.106677,-0.001014
10823.488000,-0.478770,0.074422,0.342408,-1.254918,-1.337596,1.220158,0.007253,0.000726,0.017866,-0.008394,0.100686,-0.001041
10823.496000,-0.478709,0.074411,0.342566,-1.254277,-1.336990,1.220615,0.010545,0.001015,0.028257,-0.010654,0.128026,-0.001138
10823.504000,-0.478647,0.074434,0.342729,-1.253748,-1.336327,1.221045,0.006940,0.000687,0.016239,-0.007747,0.093067,-0.000971
10823.512000,-0.478591,0.074421,0.342884,-1.253136,-1.335752,1.221500,0.010031,0.000963,0.026386,-0.010008,0.120331,-0.001075
10823.520000,-0.478523,0.074423,0.343034,-1.252611,-1.335146,1.221934,0.007214,0.000697,0.015044,-0.007352,0.088636,-0.000939
10823.528000,-0.478456,0.074452,0.343200,-1.252035,-1.334448,1.222364,0.008635,0.000828,0.020192,-0.008557,0.103130,-0.001002
10823.536000,-0.478385,0.074449,0.343356,-1.251480,-1.333899,1.222828,0.008039,0.000804,0.022420,-0.009269,0.110916,-0.001053
10823.544000,-0.478331,0.074456,0.343499,-1.250918,-1.333267,1.223255,0.008207,0.000791,0.018031,-0.008281,0.099815,-0.001021
10823.552000,-0.478257,0.074464,0.343648,-1.250301,-1.332624,1.223676,0.008329,0.000837,0.023869,-0.009772,0.116815,-0.001100
10823.560000,-0.478197,0.074491,0.343812,-1.249700,-1.331856,1.224109,0.009174,0.000879,0.021844,-0.009081,0.109412,-0.001048
10823.568000,-0.478127,0.074461,0.343984,-1.249034,-1.331268,1.224654,0.008268,0.000797,0.018878,-0.008333,0.100311,-0.001000
10823.576000,-0.478070,0.074484,0.344130,-1.248504,-1.330604,1.225081,0.008623,0.000854,0.023355,-0.009588,0.114844,-0.001085
10823.584000,-0.478004,0.074504,0.344277,-1.248063,-1.329963,1.225476,0.007209,0.000697,0.014806,-0.007337,0.088474,-0.000943
10823.592000,-0.477949,0.074490,0.344424,-1.247364,-1.329434,1.225895,0.009696,0.000938,0.024939,-0.009905,0.118978,-0.001099
10823.600000,-0.477884,0.074496,0.344575,-1.246876,-1.328819,1.226346,0.007380,0.000740,0.018585,-0.008535,0.102204,-0.001039
10823.608000,-0.477823,0.074502,0.344724,-1.246320,-1.328159,1.226819,0.008716,0.000836,0.020138,-0.008627,0.103884,-0.001015
10823.616000,-0.477763,0.074517,0.344849,-1.245804,-1.327581,1.227147,0.007820,0.000789,0.021296,-0.009272,0.110825,-0.001087
10823.624000,-0.477692,0.074502,0.345039,-1.245132,-1.326934,1.227727,0.008631,0.000833,0.020065,-0.008713,0.104801,-0.001031
10823.632000,-0.477636,0.074524,0.345187,-1.244583,-1.326274,1.228067,0.007499,0.000751,0.019348,-0.008633,0.103316,-0.001030
10823.640000,-0.477572,0.074539,0.345340,-1.244018,-1.325634,1.228517,0.008457,0.000825,0.020830,-0.008893,0.106787,-0.001037
10823.648000,-0.477502,0.074532,0.345507,-1.243402,-1.325036,1.229008,0.007957,0.000773,0.018061,-0.008252,0.099211,-0.001007
10823.656000,-0.477441,0.074538,0.345650,-1.242852,-1.324399,1.229458,0.008109,0.000802,0.021109,-0.008941,0.107086,-0.001032
10823.664000,-0.477393,0.074546,0.345766,-1.242350,-1.323869,1.229742,0.007575,0.000727,0.016075,-0.007475,0.090079,-0.000925
10823.672000,-0.477324,0.074550,0.345932,-1.241749,-1.323237,1.230230,0.008833,0.000862,0.022004,-0.009273,0.111267,-0.001070
10823.680000,-0.477256,0.074548,0.346092,-1.241147,-1.322654,1.230690,0.007519,0.000737,0.017848,-0.008021,0.096244,-0.000965
10823.688000,-0.477195,0.074553,0.346248,-1.240605,-1.321969,1.231132,0.008024,0.000788,0.019015,-0.008611,0.103284,-0.001040
10823.696000,-0.477124,0.074589,0.346393,-1.240055,-1.321286,1.231511,0.008515,0.000831,0.020881,-0.008954,0.107479,-0.001045
10823.704000,-0.477068,0.074585,0.346541,-1.239483,-1.320677,1.231927,0.007135,0.000711,0.016797,-0.008068,0.096677,-0.001007
10823.712000,-0.476998,0.074589,0.346708,-1.238881,-1.320060,1.232398,0.007783,0.000754,0.017158,-0.007942,0.095528,-0.000976
10823.720000,-0.476953,0.074588,0.346812,-1.238382,-1.319511,1.232796,0.007904,0.000785,0.020034,-0.008838,0.105786,-0.001045
10823.728000,-0.476878,0.074595,0.346971,-1.237823,-1.318867,1.233249,0.007171,0.000693,0.014466,-0.007257,0.087389,-0.000934
10823.736000,-0.476816,0.074595,0.347127,-1.237202,-1.318249,1.233677,0.008135,0.000801,0.020560,-0.008799,0.105381,-0.001021
10823.744000,-0.476746,0.074613,0.347279,-1.236672,-1.317604,1.234100,0.007182,0.000699,0.015012,-0.007472,0.089858,-0.000956
10823.752000,-0.476700,0.074596,0.347408,-1.236123,-1.317067,1.234510,0.006476,0.000653,0.015210,-0.007595,0.090829,-0.000964
10823.760000,-0.476645,0.074622,0.347515,-1.235645,-1.316496,1.234798,0.007882,0.000763,0.017700,-0.008019,0.096378,-0.000971
10823.768000,-0.476583,0.074647,0.347655,-1.235173,-1.315879,1.235232,0.006368,0.000647,0.015180,-0.007673,0.091756,-0.000979
10823.776000,-0.476519,0.074603,0.347808,-1.234527,-1.315347,1.235721,0.009471,0.000901,0.022782,-0.009004,0.108235,-0.000992
10823.784000,-0.476469,0.074633,0.347930,-1.234062,-1.314741,1.236048,0.006650,0.000663,0.014956,-0.007478,0.089583,-0.000952
10823.792000,-0.476394,0.074654,0.348095,-1.233468,-1.314087,1.236499,0.009227,0.000865,0.020140,-0.008313,0.100351,-0.000953
10823.800000,-0.476340,0.074644,0.348220,-1.232967,-1.313539,1.236893,0.006643,0.000687,0.018115,-0.008421,0.100289,-0.001018
10823.808000,-0.476276,0.074648,0.348352,-1.232400,-1.312978,1.237298,0.008718,0.000814,0.017857,-0.007712,0.093200,-0.000914
10823.816000,-0.476217,0.074671,0.348473,-1.231927,-1.312379,1.237673,0.006418,0.000665,0.017779,-0.008215,0.097820,-0.000989
10823.824000,-0.476174,0.074662,0.348565,-1.231458,-1.311940,1.238027,0.007989,0.000747,0.015874,-0.007107,0.085906,-0.000862
10823.832000,-0.476110,0.074677,0.348690,-1.230974,-1.311398,1.238325,0.007202,0.000730,0.019597,-0.008580,0.102340,-0.001001
10823.840000,-0.476068,0.074681,0.348801,-1.230539,-1.310806,1.238762,0.005829,0.000585,0.012437,-0.006709,0.080354,-0.000886
10823.848000,-0.476008,0.074679,0.348952,-1.229963,-1.310284,1.239145,0.006711,0.000671,0.016744,-0.007628,0.091183,-0.000916
10823.856000,-0.475950,0.074692,0.349095,-1.229430,-1.309669,1.239536,0.007916,0.000787,0.020544,-0.008826,0.105503,-0.001020
10823.864000,-0.475887,0.074685,0.349225,-1.228938,-1.309111,1.239979,0.006824,0.000656,0.013197,-0.006743,0.081198,-0.000874
10823.872000,-0.475834,0.074702,0.349338,-1.228437,-1.308560,1.240316,0.007939,0.000795,0.021311,-0.009055,0.108106,-0.001036
10823.880000,-0.475760,0.074703,0.349508,-1.227878,-1.307933,1.240769,0.007935,0.000745,0.015834,-0.007169,0.086560,-0.000873
10823.888000,-0.475714,0.074699,0.349627,-1.227313,-1.307362,1.241143,0.006411,0.000659,0.016791,-0.007961,0.094830,-0.000972
10823.896000,-0.475652,0.074691,0.349758,-1.226802,-1.306863,1.241542,0.007711,0.000724,0.015392,-0.006951,0.083875,-0.000844
10823.904000,-0.475605,0.074715,0.349857,-1.226326,-1.306310,1.241830,0.006453,0.000653,0.015045,-0.007635,0.091206,-0.000972
10823.912000,-0.475544,0.074743,0.349993,-1.225833,-1.305720,1.242188,0.009802,0.000927,0.023378,-0.009096,0.109435,-0.000988
10823.920000,-0.475481,0.074726,0.350153,-1.225303,-1.305091,1.242708,0.006204,0.000612,0.011993,-0.006704,0.080460,-0.000901
10823.928000,-0.475433,0.074720,0.350254,-1.224806,-1.304575,1.243087,0.009540,0.000906,0.022115,-0.008958,0.107676,-0.001002
10823.936000,-0.475374,0.074735,0.350376,-1.224252,-1.304093,1.243377,0.006277,0.000609,0.011324,-0.006418,0.077213,-0.000871
10823.944000,-0.475306,0.074756,0.350527,-1.223775,-1.303399,1.243803,0.007962,0.000751,0.016005,-0.007288,0.087911,-0.000887
10823.952000,-0.475243,0.074760,0.350666,-1.223226,-1.302841,1.244206,0.006729,0.000695,0.018326,-0.008473,0.100828,-0.001016
10823.960000,-0.475192,0.074756,0.350777,-1.222719,-1.302319,1.244551,0.007918,0.000745,0.015461,-0.007192,0.086784,-0.000887
10823.968000,-0.475130,0.074771,0.350904,-1.222235,-1.301754,1.244943,0.007335,0.000731,0.018216,-0.008192,0.097889,-0.000973
10823.976000,-0.475076,0.074758,0.351019,-1.221696,-1.301271,1.245314,0.005973,0.000581,0.009633,-0.006145,0.073979,-0.000875
10823.984000,-0.475020,0.074793,0.351124,-1.221280,-1.300704,1.245614,0.007497,0.000738,0.018097,-0.008052,0.096376,-0.000952
10823.992000,-0.474966,0.074791,0.351250,-1.220797,-1.300114,1.245992,0.006385,0.000661,0.016511,-0.008083,0.096210,-0.001002
10824.000000,-0.474915,0.074788,0.351362,-1.220316,-1.299664,1.246332,0.007467,0.000715,0.015912,-0.007243,0.087073,-0.000875
10824.008000,-0.474871,0.074786,0.351477,-1.219834,-1.299165,1.246698,0.006243,0.000651,0.017091,-0.008076,0.095975,-0.000978
10824.016000,-0.474805,0.074805,0.351608,-1.219385,-1.298563,1.247080,0.008192,0.000765,0.015936,-0.007207,0.087047,-0.000875
10824.024000,-0.474767,0.074812,0.351685,-1.218913,-1.298137,1.247358,0.006251,0.000625,0.013507,-0.007072,0.084615,-0.000915
10824.032000,-0.474706,0.074799,0.351822,-1.218380,-1.297613,1.247790,0.009496,0.000895,0.021550,-0.008655,0.104118,-0.000961
10824.040000,-0.474650,0.074813,0.351946,-1.217944,-1.297027,1.248141,0.006290,0.000621,0.012972,-0.006799,0.081472,-0.000883
10824.048000,-0.474593,0.074820,0.352039,-1.217479,-1.296517,1.248464,0.008354,0.000821,0.021651,-0.008856,0.105823,-0.000984
10824.056000,-0.474544,0.074830,0.352153,-1.217014,-1.295990,1.248803,0.006617,0.000635,0.011699,-0.006458,0.077787,-0.000866
10824.064000,-0.474491,0.074823,0.352268,-1.216440,-1.295438,1.249209,0.005886,0.000607,0.013339,-0.007332,0.087383,-0.000965
10824.072000,-0.474414,0.074837,0.352422,-1.215899,-1.294782,1.249631,0.008163,0.000766,0.015645,-0.007292,0.087992,-0.000899
10824.080000,-0.474375,0.074838,0.352508,-1.215435,-1.294348,1.249957,0.006223,0.000631,0.014302,-0.007354,0.087747,-0.000938
10824.088000,-0.474304,0.074860,0.352662,-1.214907,-1.293678,1.250319,0.009125,0.000864,0.021246,-0.008426,0.101275,-0.000924
10824.096000,-0.474257,0.074863,0.352769,-1.214460,-1.293185,1.250689,0.005417,0.000557,0.011391,-0.006715,0.080128,-0.000913
10824.120000,-0.474107,0.074873,0.353078,-1.213054,-1.291687,1.251678,0.007772,0.000757,0.017715,-0.008002,0.095846,-0.000954
10824.128000,-0.474044,0.074865,0.353201,-1.212572,-1.291204,1.252085,0.006337,0.000603,0.010116,-0.006007,0.072461,-0.000833
10824.136000,-0.474004,0.074864,0.353288,-1.212117,-1.290720,1.252404,0.005862,0.000578,0.010843,-0.006296,0.075487,-0.000856
10824.144000,-0.473939,0.074882,0.353395,-1.211710,-1.290211,1.252725,0.008059,0.000761,0.016321,-0.007364,0.088674,-0.000885
10824.152000,-0.473900,0.074875,0.353482,-1.211303,-1.289732,1.253073,0.005919,0.000578,0.010726,-0.006160,0.073940,-0.000835
10824.160000,-0.473854,0.074880,0.353580,-1.210893,-1.289251,1.253405,0.008098,0.000794,0.020086,-0.008508,0.101648,-0.000967
10824.168000,-0.473797,0.074896,0.353684,-1.210381,-1.288766,1.253685,0.006091,0.000587,0.010704,-0.006021,0.072427,-0.000811
10824.176000,-0.473752,0.074897,0.353785,-1.209933,-1.288244,1.254023,0.006076,0.000625,0.015108,-0.007502,0.089250,-0.000933
10824.184000,-0.473694,0.074889,0.353910,-1.209411,-1.287764,1.254393,0.007333,0.000684,0.012817,-0.006399,0.077297,-0.000819
10824.192000,-0.473645,0.074907,0.354015,-1.209017,-1.287222,1.254710,0.005972,0.000605,0.013888,-0.007016,0.083638,-0.000884
10824.200000,-0.473589,0.074916,0.354119,-1.208540,-1.286728,1.255049,0.007114,0.000715,0.017612,-0.008137,0.096989,-0.000974
10824.208000,-0.473541,0.074924,0.354225,-1.208112,-1.286198,1.255364,0.005825,0.000568,0.010696,-0.006007,0.072101,-0.000806
10824.216000,-0.473503,0.074908,0.354311,-1.207628,-1.285805,1.255698,0.006888,0.000700,0.017954,-0.008143,0.096864,-0.000959
10824.224000,-0.473427,0.074935,0.354464,-1.207128,-1.285117,1.256084,0.006559,0.000628,0.011407,-0.006322,0.076096,-0.000846
10824.232000,-0.473386,0.074941,0.354541,-1.206740,-1.284735,1.256381,0.006391,0.000645,0.014945,-0.007392,0.088148,-0.000920
10824.240000,-0.473324,0.074954,0.354682,-1.206183,-1.284125,1.256729,0.007414,0.000697,0.013333,-0.006681,0.080592,-0.000854
10824.248000,-0.473274,0.074942,0.354773,-1.205710,-1.283653,1.257086,0.006637,0.000661,0.015107,-0.007351,0.087757,-0.000908
10824.256000,-0.473229,0.074955,0.354853,-1.205349,-1.283163,1.257362,0.006142,0.000622,0.013916,-0.007203,0.085874,-0.000918
10824.264000,-0.473170,0.074963,0.354974,-1.204790,-1.282656,1.257723,0.006352,0.000616,0.011800,-0.006420,0.077083,-0.000848
10824.272000,-0.473132,0.074971,0.355041,-1.204458,-1.282211,1.258042,0.006534,0.000676,0.017579,-0.008178,0.097130,-0.000975
10824.280000,-0.473083,0.074967,0.355146,-1.203993,-1.281718,1.258364,0.005993,0.000582,0.010784,-0.006097,0.073200,-0.000819
10824.288000,-0.473031,0.074978,0.355242,-1.203515,-1.281255,1.258631,0.007151,0.000727,0.019517,-0.008430,0.100207,-0.000959
10824.296000,-0.472976,0.074976,0.355361,-1.203069,-1.280734,1.259026,0.005732,0.000557,0.009371,-0.005831,0.070076,-0.000817
10824.304000,-0.472944,0.074964,0.355416,-1.202686,-1.280359,1.259297,0.007645,0.000753,0.018937,-0.008104,0.096684,-0.000922
10824.312000,-0.472884,0.075003,0.355528,-1.202269,-1.279777,1.259605,0.006531,0.000643,0.013737,-0.006948,0.083148,-0.000879
10824.320000,-0.472843,0.074978,0.355621,-1.201758,-1.279385,1.259926,0.005898,0.000591,0.011831,-0.006651,0.079450,-0.000884
10824.328000,-0.472786,0.074983,0.355713,-1.201349,-1.278921,1.260257,0.007915,0.000724,0.013729,-0.006316,0.076515,-0.000774
10824.336000,-0.472724,0.075007,0.355841,-1.200877,-1.278325,1.260598,0.005953,0.000594,0.012615,-0.006639,0.079297,-0.000854
10824.344000,-0.472687,0.075016,0.355891,-1.200582,-1.277938,1.260853,0.005462,0.000549,0.011328,-0.006251,0.074635,-0.000823
10824.352000,-0.472644,0.075015,0.355966,-1.200185,-1.277518,1.261125,0.006180,0.000591,0.010751,-0.005935,0.071400,-0.000791
10824.360000,-0.472601,0.075027,0.356050,-1.199798,-1.277063,1.261376,0.005812,0.000597,0.014791,-0.007109,0.084501,-0.000864
10824.368000,-0.472557,0.075018,0.356146,-1.199363,-1.276615,1.261741,0.005438,0.000530,0.008789,-0.005609,0.067348,-0.000791
10824.376000,-0.472515,0.075027,0.356206,-1.198975,-1.276202,1.262006,0.005834,0.000587,0.012820,-0.006657,0.079411,-0.000849
10824.384000,-0.472458,0.075034,0.356347,-1.198469,-1.275601,1.262399,0.005782,0.000557,0.009983,-0.005697,0.068471,-0.000769
10824.392000,-0.472417,0.075032,0.356439,-1.198040,-1.275176,1.262684,0.005916,0.000583,0.011940,-0.006302,0.075386,-0.000814
10824.400000,-0.472364,0.075042,0.356529,-1.197620,-1.274698,1.263002,0.006013,0.000608,0.013207,-0.006989,0.083309,-0.000898
10824.408000,-0.472316,0.075048,0.356624,-1.197167,-1.274263,1.263249,0.006898,0.000654,0.013222,-0.006396,0.076913,-0.000796
10824.416000,-0.472272,0.075047,0.356703,-1.196789,-1.273818,1.263551,0.006399,0.000659,0.017365,-0.007867,0.093347,-0.000918
10824.424000,-0.472229,0.075045,0.356793,-1.196348,-1.273363,1.263879,0.005197,0.000507,0.008049,-0.005350,0.064238,-0.000765
10824.432000,-0.472180,0.075053,0.356879,-1.195963,-1.272955,1.264162,0.006886,0.000675,0.015723,-0.007191,0.085899,-0.000855
10824.440000,-0.472130,0.075065,0.356975,-1.195527,-1.272461,1.264452,0.005421,0.000523,0.008587,-0.005384,0.064726,-0.000755
10824.448000,-0.472099,0.075074,0.357024,-1.195226,-1.272035,1.264741,0.005646,0.000575,0.012844,-0.006717,0.079974,-0.000856
10824.456000,-0.472053,0.075080,0.357122,-1.194753,-1.271563,1.264997,0.005522,0.000557,0.011114,-0.006354,0.075834,-0.000848
10824.464000,-0.472010,0.075087,0.357192,-1.194353,-1.271169,1.265278,0.006453,0.000624,0.012351,-0.006412,0.076921,-0.000824
10824.472000,-0.471967,0.075094,0.357260,-1.194063,-1.270727,1.265550,0.006094,0.000617,0.013933,-0.007106,0.084646,-0.000894
10824.480000,-0.471920,0.075072,0.357370,-1.193548,-1.270254,1.265907,0.005401,0.000530,0.008626,-0.005682,0.068131,-0.000808
10824.488000,-0.471880,0.075101,0.357424,-1.193215,-1.269855,1.266138,0.007029,0.000700,0.017360,-0.007715,0.091940,-0.000896
10824.496000,-0.471829,0.075102,0.357525,-1.192800,-1.269370,1.266447,0.005688,0.000555,0.009917,-0.005851,0.070171,-0.000797
10824.504000,-0.471783,0.075117,0.357597,-1.192366,-1.268908,1.266724,0.005866,0.000603,0.014580,-0.007169,0.085199,-0.000880
10824.512000,-0.471729,0.075117,0.357710,-1.191939,-1.268440,1.267050,0.005524,0.000529,0.008744,-0.005342,0.064273,-0.000742
10824.512000,-0.471729,0.075117,0.357710,-1.191939,-1.268440,1.267050,0.005524,0.000529,0.008744,-0.005342,0.064273,-0.000742
10824.520000,-0.471692,0.075109,0.357776,-1.191547,-1.268054,1.267325,0.005865,0.000576,0.011769,-0.006181,0.073924,-0.000794
10824.536000,-0.471601,0.075125,0.357933,-1.190766,-1.267165,1.267876,0.005319,0.000524,0.009090,-0.005668,0.067901,-0.000788
10824.544000,-0.471570,0.075112,0.357977,-1.190443,-1.266825,1.268131,0.005365,0.000535,0.009732,-0.005941,0.071010,-0.000816
10824.552000,-0.471531,0.075108,0.358053,-1.190095,-1.266425,1.268476,0.004947,0.000490,0.008531,-0.005385,0.064418,-0.000750
10824.560000,-0.471496,0.075122,0.358089,-1.189766,-1.266094,1.268640,0.004835,0.000469,0.006670,-0.004914,0.059070,-0.000727
10824.568000,-0.471451,0.075106,0.358195,-1.189297,-1.265657,1.268940,0.005319,0.000525,0.009525,-0.005694,0.068101,-0.000776
10824.576000,-0.471417,0.075136,0.358225,-1.189056,-1.265300,1.269045,0.004404,0.000425,0.006487,-0.004357,0.052387,-0.000626
10824.584000,-0.471372,0.075151,0.358319,-1.188661,-1.264864,1.269388,0.005233,0.000518,0.009259,-0.005678,0.067953,-0.000782
10824.592000,-0.471332,0.075139,0.358389,-1.188312,-1.264496,1.269662,0.005348,0.000540,0.010935,-0.006157,0.073392,-0.000813
10824.600000,-0.471273,0.075150,0.358514,-1.187830,-1.263921,1.270032,0.006126,0.000595,0.011686,-0.006203,0.074298,-0.000802
10824.608000,-0.471241,0.075146,0.358566,-1.187517,-1.263530,1.270282,0.005511,0.000552,0.011619,-0.006177,0.073646,-0.000793
10824.616000,-0.471196,0.075142,0.358654,-1.187010,-1.263095,1.270601,0.005341,0.000528,0.009357,-0.005764,0.068937,-0.000794
10824.624000,-0.471154,0.075146,0.358719,-1.186638,-1.262687,1.270866,0.005281,0.000539,0.011880,-0.006306,0.074967,-0.000805
10824.632000,-0.471099,0.075169,0.358826,-1.186207,-1.262151,1.271156,0.005347,0.000530,0.009233,-0.005814,0.069548,-0.000808
10824.640000,-0.471059,0.075174,0.358874,-1.185891,-1.261804,1.271361,0.005076,0.000489,0.007224,-0.004992,0.060045,-0.000724
10824.648000,-0.471025,0.075185,0.358939,-1.185508,-1.261351,1.271685,0.005607,0.000551,0.009776,-0.005919,0.070886,-0.000811
10824.656000,-0.470983,0.075185,0.359006,-1.185133,-1.261016,1.271876,0.005120,0.000506,0.009302,-0.005521,0.066028,-0.000749
10824.664000,-0.470943,0.075186,0.359080,-1.184758,-1.260557,1.272149,0.005174,0.000509,0.008402,-0.005483,0.065675,-0.000774
10824.672000,-0.470917,0.075174,0.359121,-1.184428,-1.260269,1.272426,0.004744,0.000473,0.008635,-0.005253,0.062746,-0.000718
10824.680000,-0.470871,0.075181,0.359203,-1.184074,-1.259835,1.272664,0.005235,0.000518,0.008590,-0.005657,0.067690,-0.000800
10824.688000,-0.470834,0.075183,0.359242,-1.183788,-1.259458,1.272968,0.004499,0.000440,0.006489,-0.004682,0.056165,-0.000685
10824.696000,-0.470788,0.075205,0.359337,-1.183343,-1.259001,1.273175,0.005232,0.000532,0.011044,-0.006175,0.073511,-0.000809
10824.704000,-0.470762,0.075187,0.359377,-1.183004,-1.258688,1.273414,0.004888,0.000481,0.007464,-0.005186,0.062121,-0.000748
10824.712000,-0.470704,0.075199,0.359488,-1.182561,-1.258141,1.273750,0.005109,0.000511,0.009242,-0.005713,0.068210,-0.000785
10824.720000,-0.470673,0.075200,0.359533,-1.182245,-1.257838,1.273969,0.004761,0.000464,0.006614,-0.004911,0.058945,-0.000726
10824.728000,-0.470638,0.075214,0.359580,-1.181949,-1.257465,1.274205,0.005422,0.000556,0.012131,-0.006534,0.077666,-0.000839
10824.736000,-0.470594,0.075211,0.359661,-1.181547,-1.257070,1.274483,0.004587,0.000448,0.006552,-0.004760,0.057106,-0.000698
10824.744000,-0.470577,0.075219,0.359678,-1.181276,-1.256739,1.274686,0.005243,0.000537,0.011758,-0.006323,0.075144,-0.000811
10824.752000,-0.470527,0.075220,0.359774,-1.180856,-1.256341,1.274904,0.004717,0.000460,0.006479,-0.004863,0.058377,-0.000721
10824.760000,-0.470488,0.075233,0.359837,-1.180495,-1.255911,1.275190,0.004797,0.000485,0.009460,-0.005532,0.065936,-0.000741
10824.768000,-0.470446,0.075238,0.359902,-1.180189,-1.255515,1.275447,0.004445,0.000439,0.006952,-0.004764,0.057043,-0.000683
10824.776000,-0.470405,0.075254,0.359973,-1.179817,-1.255091,1.275667,0.004973,0.000501,0.009586,-0.005705,0.068038,-0.000770
10824.784000,-0.470369,0.075223,0.360037,-1.179461,-1.254759,1.276016,0.004775,0.000469,0.007031,-0.005048,0.060478,-0.000736
10824.792000,-0.470333,0.075249,0.360084,-1.179125,-1.254374,1.276170,0.004707,0.000470,0.008232,-0.005239,0.062588,-0.000728
10824.800000,-0.470304,0.075231,0.360139,-1.178777,-1.254052,1.276415,0.004738,0.000468,0.007361,-0.005093,0.060946,-0.000732
10824.808000,-0.470261,0.075264,0.360188,-1.178509,-1.253665,1.276577,0.004565,0.000443,0.005687,-0.004622,0.055578,-0.000702
10824.816000,-0.470233,0.075245,0.360230,-1.178158,-1.253309,1.276873,0.005127,0.000512,0.008938,-0.005713,0.068215,-0.000795
10824.824000,-0.470188,0.075248,0.360317,-1.177770,-1.252914,1.277136,0.004561,0.000446,0.006248,-0.004738,0.056829,-0.000703
10824.832000,-0.470158,0.075269,0.360333,-1.177567,-1.252598,1.277291,0.004901,0.000491,0.008776,-0.005507,0.065741,-0.000760
10824.840000,-0.470116,0.075262,0.360424,-1.177106,-1.252167,1.277581,0.004809,0.000475,0.007488,-0.005178,0.061968,-0.000743
10824.848000,-0.470076,0.075288,0.360477,-1.176776,-1.251727,1.277810,0.004926,0.000497,0.009519,-0.005673,0.067632,-0.000765
10824.856000,-0.470050,0.075268,0.360514,-1.176482,-1.251464,1.278036,0.004594,0.000452,0.006703,-0.004856,0.058176,-0.000709
10824.864000,-0.470006,0.075272,0.360587,-1.176112,-1.251073,1.278301,0.004766,0.000482,0.009327,-0.005514,0.065678,-0.000740
10824.872000,-0.469956,0.075288,0.360688,-1.175685,-1.250558,1.278609,0.004538,0.000450,0.007345,-0.004939,0.059063,-0.000701
10824.880000,-0.469942,0.075254,0.360702,-1.175392,-1.250373,1.278836,0.004669,0.000467,0.008179,-0.005213,0.062196,-0.000723
10824.888000,-0.469887,0.075290,0.360790,-1.175034,-1.249857,1.279052,0.004663,0.000461,0.007199,-0.005007,0.059928,-0.000720
10824.896000,-0.469863,0.075287,0.360810,-1.174812,-1.249565,1.279273,0.004238,0.000413,0.005609,-0.004365,0.052387,-0.000653
10824.904000,-0.469820,0.075301,0.360892,-1.174399,-1.249174,1.279483,0.004646,0.000466,0.008388,-0.005238,0.062497,-0.000721
10824.912000,-0.469794,0.075292,0.360926,-1.174087,-1.248860,1.279731,0.004214,0.000410,0.005440,-0.004317,0.051823,-0.000649
10824.920000,-0.469752,0.075309,0.360980,-1.173808,-1.248461,1.279939,0.004630,0.000463,0.008077,-0.005161,0.061614,-0.000717
10824.928000,-0.469720,0.075305,0.361026,-1.173468,-1.248148,1.280176,0.004599,0.000457,0.007648,-0.005051,0.060348,-0.000711
10824.936000,-0.469694,0.075297,0.361064,-1.173157,-1.247866,1.280355,0.004258,0.000414,0.005452,-0.004351,0.052229,-0.000655
10824.944000,-0.469655,0.075317,0.361114,-1.172864,-1.247513,1.280550,0.004339,0.000429,0.006727,-0.004664,0.055811,-0.000669
10824.952000,-0.469611,0.075303,0.361207,-1.172480,-1.247075,1.280915,0.004336,0.000433,0.006850,-0.004822,0.057606,-0.000694
10824.960000,-0.469580,0.075324,0.361239,-1.172171,-1.246766,1.281022,0.004134,0.000408,0.005637,-0.004423,0.052997,-0.000661
10824.968000,-0.469546,0.075310,0.361283,-1.171887,-1.246454,1.281299,0.004107,0.000403,0.005255,-0.004327,0.051875,-0.000656
10824.976000,-0.469512,0.075322,0.361335,-1.171573,-1.246046,1.281502,0.004083,0.000416,0.007194,-0.004857,0.057844,-0.000685
10824.984000,-0.469490,0.075329,0.361375,-1.171302,-1.245748,1.281691,0.002997,0.000317,0.004144,-0.004037,0.048018,-0.000631
10824.984000,-0.469490,0.075329,0.361375,-1.171302,-1.245748,1.281691,0.002997,0.000317,0.004144,-0.004037,0.048018,-0.000631
10825.000000,-0.469433,0.075327,0.361441,-1.170735,-1.245184,1.282087,0.003774,0.000390,0.006572,-0.004702,0.055923,-0.000675
10825.008000,-0.469391,0.075337,0.361510,-1.170434,-1.244793,1.282318,0.003926,0.000388,0.005581,-0.004216,0.050470,-0.000622
10825.016000,-0.469372,0.075339,0.361524,-1.170172,-1.244518,1.282487,0.003334,0.000349,0.004817,-0.004323,0.051452,-0.000663
10825.024000,-0.469339,0.075343,0.361582,-1.169869,-1.244169,1.282715,0.003294,0.000350,0.004596,-0.004466,0.053104,-0.000697
10825.032000,-0.469308,0.075338,0.361615,-1.169553,-1.243898,1.282918,0.003672,0.000367,0.004349,-0.004125,0.049376,-0.000646
10825.040000,-0.469289,0.075321,0.361641,-1.169312,-1.243632,1.283107,0.004114,0.000412,0.005968,-0.004629,0.055284,-0.000686
10825.048000,-0.469251,0.075366,0.361685,-1.169010,-1.243176,1.283261,0.003915,0.000388,0.005082,-0.004258,0.051005,-0.000647
10825.056000,-0.469217,0.075349,0.361750,-1.168671,-1.242880,1.283541,0.003568,0.000372,0.005560,-0.004553,0.054160,-0.000681
10825.064000,-0.469195,0.075358,0.361766,-1.168455,-1.242596,1.283697,0.003219,0.000329,0.003567,-0.003890,0.046471,-0.000625
10825.072000,-0.469165,0.075338,0.361809,-1.168095,-1.242290,1.283957,0.003923,0.000393,0.005285,-0.004434,0.052982,-0.000672
10825.080000,-0.469125,0.075382,0.361862,-1.167802,-1.241892,1.284079,0.001748,0.000217,0.000837,-0.003595,0.042489,-0.000653
10825.088000,-0.469109,0.075339,0.361879,-1.167536,-1.241705,1.284317,0.002938,0.000308,0.003150,-0.003846,0.045811,-0.000629
10825.096000,-0.469079,0.075355,0.361913,-1.167244,-1.241367,1.284555,0.003681,0.000372,0.004642,-0.004302,0.051386,-0.000668
10825.104000,-0.469042,0.075373,0.361952,-1.166977,-1.240997,1.284717,0.002411,0.000266,0.001937,-0.003660,0.043494,-0.000632
10825.112000,-0.469019,0.075373,0.361988,-1.166688,-1.240678,1.284958,0.003086,0.000326,0.002865,-0.004158,0.049556,-0.000698
10825.120000,-0.468992,0.075365,0.362017,-1.166421,-1.240445,1.285123,0.003552,0.000359,0.004725,-0.004131,0.049328,-0.000632
10825.128000,-0.468975,0.075372,0.362035,-1.166181,-1.240117,1.285253,0.002494,0.000275,0.002211,-0.003779,0.044883,-0.000645
10825.136000,-0.468936,0.075384,0.362090,-1.165834,-1.239797,1.285453,0.002741,0.000296,0.003009,-0.003920,0.046594,-0.000645
10825.144000,-0.468915,0.075396,0.362104,-1.165630,-1.239512,1.285635,0.003322,0.000332,0.003585,-0.003725,0.044624,-0.000595
10825.152000,-0.468894,0.075384,0.362126,-1.165368,-1.239251,1.285789,0.004048,0.000408,0.006189,-0.004651,0.055494,-0.000681
10825.160000,-0.468866,0.075390,0.362149,-1.165138,-1.238983,1.286002,0.002074,0.000234,0.001248,-0.003362,0.039916,-0.000598
10825.168000,-0.468836,0.075404,0.362175,-1.164861,-1.238663,1.286169,0.003384,0.000336,0.003293,-0.003752,0.044992,-0.000611
10825.176000,-0.468811,0.075414,0.362208,-1.164610,-1.238294,1.286376,0.002095,0.000247,0.001969,-0.003784,0.044768,-0.000651
10825.184000,-0.468796,0.075405,0.362211,-1.164396,-1.238087,1.286534,0.002856,0.000298,0.002517,-0.003702,0.044173,-0.000623
10825.192000,-0.468758,0.075390,0.362261,-1.164025,-1.237831,1.286739,0.002694,0.000281,0.001583,-0.003496,0.041766,-0.000616
10825.200000,-0.468743,0.075414,0.362273,-1.163827,-1.237536,1.286854,0.002044,0.000239,0.001745,-0.003630,0.042972,-0.000629
10825.208000,-0.468723,0.075389,0.362295,-1.163595,-1.237326,1.287068,0.004040,0.000395,0.005517,-0.004184,0.050131,-0.000618
10825.216000,-0.468699,0.075397,0.362310,-1.163382,-1.237060,1.287226,0.001225,0.000163,-0.001356,-0.002953,0.034923,-0.000605
10825.224000,-0.468674,0.075433,0.362329,-1.163154,-1.236733,1.287340,0.003023,0.000321,0.003509,-0.004111,0.048940,-0.000666
10825.232000,-0.468650,0.075385,0.362371,-1.162867,-1.236507,1.287629,0.002365,0.000252,0.001930,-0.003248,0.038665,-0.000555
10825.240000,-0.468641,0.075408,0.362338,-1.162711,-1.236333,1.287656,0.002314,0.000247,0.001159,-0.003220,0.038403,-0.000577
10825.248000,-0.468609,0.075440,0.362384,-1.162467,-1.235959,1.287812,0.003425,0.000351,0.004739,-0.004184,0.049900,-0.000640
10825.256000,-0.468591,0.075425,0.362413,-1.162174,-1.235681,1.288049,0.001910,0.000219,0.000404,-0.003263,0.038750,-0.000607
10825.264000,-0.468560,0.075432,0.362444,-1.161954,-1.235423,1.288216,0.003206,0.000336,0.004261,-0.004172,0.049666,-0.000652
10825.272000,-0.468532,0.075427,0.362489,-1.161674,-1.235068,1.288437,0.002957,0.000305,0.003037,-0.003679,0.043915,-0.000601
10825.280000,-0.468532,0.075421,0.362454,-1.161484,-1.234932,1.288532,0.002140,0.000235,0.000782,-0.003233,0.038488,-0.000590
10825.288000,-0.468492,0.075419,0.362525,-1.161097,-1.234537,1.288790,0.003070,0.000319,0.003850,-0.003915,0.046623,-0.000617
10825.296000,-0.468475,0.075420,0.362530,-1.160853,-1.234312,1.288933,0.001966,0.000222,0.000579,-0.003210,0.038134,-0.000591
10825.304000,-0.468450,0.075440,0.362544,-1.160684,-1.234020,1.289076,0.002896,0.000309,0.002863,-0.003993,0.047526,-0.000665
10825.312000,-0.468429,0.075432,0.362569,-1.160411,-1.233733,1.289290,0.002372,0.000258,0.001533,-0.003493,0.041550,-0.000614
10825.320000,-0.468408,0.075439,0.362565,-1.160204,-1.233520,1.289397,0.002705,0.000282,0.001817,-0.003529,0.042134,-0.000614
10825.328000,-0.468379,0.075448,0.362614,-1.159907,-1.233131,1.289643,0.002504,0.000272,0.002607,-0.003638,0.043221,-0.000604
10825.336000,-0.468369,0.075448,0.362607,-1.159695,-1.232988,1.289718,0.002221,0.000235,0.000580,-0.003040,0.036321,-0.000563
10825.344000,-0.468344,0.075445,0.362641,-1.159420,-1.232669,1.289944,0.003283,0.000336,0.004197,-0.003992,0.047603,-0.000621
10825.352000,-0.468328,0.075442,0.362671,-1.159178,-1.232402,1.290131,0.001396,0.000182,0.000550,-0.003201,0.037717,-0.000585
10825.360000,-0.468317,0.075436,0.362647,-1.159040,-1.232278,1.290235,0.003254,0.000327,0.003361,-0.003740,0.044738,-0.000603
10825.368000,-0.468290,0.075452,0.362675,-1.158792,-1.231959,1.290372,0.001030,0.000143,-0.001815,-0.002748,0.032482,-0.000581
10825.376000,-0.468277,0.075437,0.362679,-1.158608,-1.231755,1.290559,0.002604,0.000274,0.002296,-0.003451,0.041116,-0.000581
10825.384000,-0.468243,0.075461,0.362715,-1.158310,-1.231427,1.290704,0.003389,0.000339,0.003870,-0.003808,0.045574,-0.000600
10825.392000,-0.468233,0.075456,0.362711,-1.158096,-1.231190,1.290891,0.001307,0.000166,-0.000885,-0.002845,0.033677,-0.000569
10825.400000,-0.468215,0.075470,0.362713,-1.157937,-1.230968,1.290987,0.002963,0.000299,0.002745,-0.003471,0.041533,-0.000573
10825.408000,-0.468190,0.075455,0.362743,-1.157669,-1.230703,1.291220,0.001083,0.000147,-0.001677,-0.002754,0.032563,-0.000578
10825.416000,-0.468170,0.075458,0.362747,-1.157402,-1.230483,1.291310,0.002378,0.000252,0.001053,-0.003234,0.038594,-0.000583
10825.424000,-0.468161,0.075459,0.362739,-1.157242,-1.230261,1.291464,0.002925,0.000291,0.002695,-0.003248,0.038925,-0.000533
10825.432000,-0.468152,0.075466,0.362729,-1.157114,-1.230073,1.291577,0.001588,0.000186,-0.000417,-0.002863,0.034002,-0.000558
10825.440000,-0.468126,0.075469,0.362759,-1.156868,-1.229816,1.291732,0.002502,0.000258,0.001784,-0.003123,0.037324,-0.000538
10825.448000,-0.468103,0.075476,0.362779,-1.156652,-1.229609,1.291830,0.000555,0.000100,-0.002632,-0.002394,0.028197,-0.000540
10825.456000,-0.468096,0.075468,0.362757,-1.156468,-1.229388,1.291973,0.002203,0.000237,0.000661,-0.003155,0.037619,-0.000580
10825.464000,-0.468082,0.075448,0.362772,-1.156238,-1.229224,1.292102,0.002953,0.000294,0.002699,-0.003269,0.039164,-0.000536
10825.472000,-0.468057,0.075482,0.362778,-1.156033,-1.228922,1.292237,0.001200,0.000151,-0.001119,-0.002568,0.030434,-0.000525
10825.480000,-0.468046,0.075479,0.362770,-1.155952,-1.228741,1.292382,0.002509,0.000256,0.001833,-0.003027,0.036211,-0.000518
10825.488000,-0.468022,0.075468,0.362802,-1.155638,-1.228517,1.292557,0.000034,0.000057,-0.003749,-0.002156,0.025239,-0.000530
10825.496000,-0.468009,0.075460,0.362799,-1.155447,-1.228304,1.292708,0.002214,0.000237,0.000517,-0.003134,0.037380,-0.000581
10825.504000,-0.467987,0.075470,0.362809,-1.155203,-1.228066,1.292864,0.002859,0.000284,0.002398,-0.003174,0.038051,-0.000529
10825.512000,-0.467983,0.075470,0.362787,-1.155107,-1.227913,1.292995,0.001107,0.000144,-0.001553,-0.002558,0.030290,-0.000537
10825.520000,-0.467960,0.075487,0.362797,-1.154912,-1.227666,1.293040,0.002758,0.000280,0.001748,-0.003305,0.039569,-0.000575
10825.528000,-0.467949,0.075483,0.362796,-1.154722,-1.227425,1.293221,0.000290,0.000078,-0.003398,-0.002256,0.026510,-0.000539
10825.536000,-0.467930,0.075491,0.362814,-1.154447,-1.227166,1.293345,0.002874,0.000291,0.002291,-0.003391,0.040582,-0.000573
10825.544000,-0.467917,0.075492,0.362808,-1.154305,-1.226949,1.293502,0.000340,0.000082,-0.002893,-0.002271,0.026668,-0.000524
10825.552000,-0.467903,0.075481,0.362795,-1.154099,-1.226827,1.293597,0.002602,0.000269,0.001588,-0.003297,0.039397,-0.000577
10825.560000,-0.467887,0.075492,0.362801,-1.153956,-1.226561,1.293722,0.001616,0.000183,-0.000354,-0.002663,0.031691,-0.000519
10825.568000,-0.467871,0.075492,0.362801,-1.153756,-1.226340,1.293878,0.002058,0.000221,0.000151,-0.002938,0.035064,-0.000556
10825.576000,-0.467858,0.075494,0.362790,-1.153552,-1.226144,1.293988,0.000900,0.000122,-0.002078,-0.002310,0.027353,-0.000508
10825.584000,-0.467842,0.075493,0.362794,-1.153313,-1.225971,1.294120,0.001760,0.000195,-0.000476,-0.002753,0.032823,-0.000542
10825.592000,-0.467825,0.075494,0.362799,-1.153153,-1.225749,1.294274,0.001035,0.000132,-0.001688,-0.002318,0.027487,-0.000497
10825.600000,-0.467815,0.075498,0.362796,-1.152971,-1.225516,1.294390,0.001786,0.000200,-0.000004,-0.002865,0.034089,-0.000546
10825.608000,-0.467790,0.075495,0.362820,-1.152710,-1.225288,1.294529,0.001632,0.000183,0.000077,-0.002627,0.031237,-0.000497
10825.616000,-0.467797,0.075492,0.362773,-1.152575,-1.225167,1.294649,0.000836,0.000123,-0.002159,-0.002507,0.029602,-0.000546
10825.624000,-0.467774,0.075500,0.362781,-1.152426,-1.224943,1.294771,0.002394,0.000241,0.001625,-0.002799,0.033522,-0.000482
10825.632000,-0.467773,0.075482,0.362759,-1.152272,-1.224802,1.294945,0.001310,0.000156,-0.001170,-0.002493,0.029608,-0.000513
10825.640000,-0.467762,0.075494,0.362756,-1.152157,-1.224551,1.295027,0.001204,0.000149,-0.001559,-0.002492,0.029574,-0.000526
10825.648000,-0.467745,0.075488,0.362758,-1.151890,-1.224407,1.295118,0.001645,0.000181,-0.000298,-0.002532,0.030168,-0.000493
10825.648000,-0.467745,0.075488,0.362758,-1.151890,-1.224407,1.295118,0.001645,0.000181,-0.000298,-0.002532,0.030168,-0.000493
10825.648000,-0.467745,0.075488,0.362758,-1.151890,-1.224407,1.295118,0.001645,0.000181,-0.000298,-0.002532,0.030168,-0.000493
10825.648000,-0.467745,0.075488,0.362758,-1.151890,-1.224407,1.295118,0.001645,0.000181,-0.000298,-0.002532,0.030168,-0.000493
10825.648000,-0.467745,0.075488,0.362758,-1.151890,-1.224407,1.295118,0.001645,0.000181,-0.000298,-0.002532,0.030168,-0.000493
10825.648000,-0.467745,0.075488,0.362758,-1.151890,-1.224407,1.295118,0.001645,0.000181,-0.000298,-0.002532,0.030168,-0.000493
10825.648000,-0.467745,0.075488,0.362758,-1.151890,-1.224407,1.295118,0.001645,0.000181,-0.000298,-0.002532,0.030168,-0.000493
10825.648000,-0.467745,0.075488,0.362758,-1.151890,-1.224407,1.295118,0.001645,0.000181,-0.000298,-0.002532,0.030168,-0.000493
10825.648000,-0.467745,0.075488,0.362758,-1.151890,-1.224407,1.295118,0.001645,0.000181,-0.000298,-0.002532,0.030168,-0.000493
10825.720000,-0.467637,0.075535,0.362688,-1.150462,-1.222672,1.296103,0.002337,0.000235,0.001321,-0.002703,0.032419,-0.000474
10825.720000,-0.467637,0.075535,0.362688,-1.150462,-1.222672,1.296103,0.002337,0.000235,0.001321,-0.002703,0.032419,-0.000474
10825.736000,-0.467618,0.075532,0.362679,-1.150132,-1.222350,1.296284,0.002110,0.000215,0.000895,-0.002574,0.030838,-0.000463
10825.744000,-0.467621,0.075526,0.362643,-1.149986,-1.222202,1.296408,-0.001182,-0.000050,-0.006423,-0.001369,0.015699,-0.000467
10825.752000,-0.467603,0.075526,0.362640,-1.149839,-1.222025,1.296561,0.002009,0.000210,0.000413,-0.002644,0.031621,-0.000492
10825.760000,-0.467597,0.075544,0.362616,-1.149710,-1.221851,1.296600,-0.000888,-0.000027,-0.005702,-0.001446,0.016689,-0.000459
10825.768000,-0.467592,0.075514,0.362615,-1.149545,-1.221711,1.296749,0.001852,0.000196,0.000188,-0.002533,0.030264,-0.000478
10825.776000,-0.467588,0.075507,0.362590,-1.149375,-1.221553,1.296893,-0.000876,-0.000025,-0.005830,-0.001495,0.017262,-0.000472
10825.784000,-0.467582,0.075542,0.362557,-1.149289,-1.221395,1.296872,0.001879,0.000196,0.000312,-0.002468,0.029533,-0.000462
10825.792000,-0.467586,0.075522,0.362520,-1.149160,-1.221357,1.296973,-0.000988,-0.000036,-0.005987,-0.001367,0.015743,-0.000453
10825.800000,-0.467566,0.075521,0.362529,-1.149015,-1.221122,1.297127,0.002121,0.000218,0.000568,-0.002640,0.031616,-0.000487
10825.808000,-0.467571,0.075529,0.362499,-1.148922,-1.220969,1.297158,-0.001357,-0.000066,-0.006832,-0.001213,0.013831,-0.000451
10825.816000,-0.467560,0.075534,0.362473,-1.148770,-1.220847,1.297234,0.001811,0.000191,-0.000017,-0.002458,0.029404,-0.000471
10825.824000,-0.467535,0.075530,0.362501,-1.148512,-1.220593,1.297419,-0.001839,-0.000106,-0.007963,-0.001023,0.011452,-0.000451
10825.832000,-0.467542,0.075543,0.362455,-1.148496,-1.220482,1.297441,0.001669,0.000179,-0.000366,-0.002391,0.028587,-0.000470
10825.840000,-0.467535,0.075533,0.362439,-1.148323,-1.220350,1.297539,-0.001660,-0.000091,-0.007613,-0.001105,0.012470,-0.000456
10825.848000,-0.467532,0.075542,0.362411,-1.148223,-1.220208,1.297636,0.001728,0.000185,-0.000317,-0.002445,0.029232,-0.000478
10825.856000,-0.467518,0.075538,0.362406,-1.148004,-1.219996,1.297774,-0.002026,-0.000122,-0.008476,-0.000910,0.010095,-0.000447
10825.864000,-0.467523,0.075524,0.362368,-1.147925,-1.219920,1.297834,0.001782,0.000187,-0.000218,-0.002395,0.028664,-0.000466
10825.872000,-0.467509,0.075546,0.362364,-1.147797,-1.219763,1.297876,-0.001582,-0.000085,-0.007564,-0.001103,0.012489,-0.000454
10825.880000,-0.467499,0.075535,0.362342,-1.147609,-1.219616,1.298002,0.001922,0.000200,-0.000097,-0.002523,0.030217,-0.000487
10825.888000,-0.467496,0.075531,0.362326,-1.147467,-1.219441,1.298115,-0.001477,-0.000077,-0.007353,-0.001148,0.013048,-0.000456
10825.896000,-0.467496,0.075546,0.362280,-1.147406,-1.219313,1.298194,0.001449,0.000164,-0.001325,-0.002419,0.028869,-0.000507
10825.904000,-0.467500,0.075516,0.362255,-1.147247,-1.219193,1.298305,-0.000907,-0.000030,-0.006173,-0.001391,0.016063,-0.000465
10825.912000,-0.467483,0.075529,0.362235,-1.147072,-1.219061,1.298400,0.001491,0.000164,-0.000877,-0.002286,0.027302,-0.000466
10825.920000,-0.467469,0.075543,0.362233,-1.146964,-1.218836,1.298518,-0.001317,-0.000066,-0.006800,-0.001118,0.012743,-0.000433
10825.928000,-0.467479,0.075550,0.362185,-1.146889,-1.218750,1.298510,0.000762,0.000099,-0.001967,-0.001795,0.021331,-0.000407
10825.936000,-0.467485,0.075532,0.362144,-1.146789,-1.218713,1.298582,-0.000777,-0.000021,-0.006216,-0.001389,0.016126,-0.000467
10825.944000,-0.467470,0.075564,0.362125,-1.146692,-1.218498,1.298595,0.001337,0.000150,-0.001095,-0.002172,0.025941,-0.000452
10825.952000,-0.467472,0.075550,0.362097,-1.146562,-1.218400,1.298735,-0.001092,-0.000049,-0.006183,-0.001146,0.013149,-0.000418
10825.960000,-0.467470,0.075528,0.362069,-1.146423,-1.218320,1.298854,0.001404,0.000154,-0.000842,-0.002153,0.025716,-0.000440
10825.968000,-0.467473,0.075540,0.362035,-1.146349,-1.218176,1.298905,-0.000972,-0.000039,-0.006012,-0.001228,0.014138,-0.000428
10825.976000,-0.467470,0.075553,0.361991,-1.146280,-1.218051,1.298917,0.001029,0.000119,-0.001980,-0.001826,0.021828,-0.000416
10825.984000,-0.467471,0.075556,0.361947,-1.146209,-1.217987,1.298988,-0.000515,-0.000002,-0.005732,-0.001385,0.016198,-0.000452
10825.992000,-0.467473,0.075557,0.361911,-1.146140,-1.217845,1.298999,-0.000114,0.000022,-0.005170,-0.001247,0.014767,-0.000411
10826.000000,-0.467476,0.075541,0.361863,-1.145979,-1.217787,1.299124,-0.000222,0.000014,-0.005431,-0.001240,0.014642,-0.000418
10826.008000,-0.467483,0.075534,0.361813,-1.145951,-1.217756,1.299181,0.000571,0.000081,-0.003329,-0.001653,0.019683,-0.000427
10826.016000,-0.467481,0.075532,0.361807,-1.145803,-1.217589,1.299245,0.000072,0.000041,-0.004090,-0.001441,0.017016,-0.000410
10826.024000,-0.467487,0.075541,0.361742,-1.145770,-1.217536,1.299280,0.000566,0.000084,-0.003178,-0.001769,0.021010,-0.000443
10826.032000,-0.467477,0.075548,0.361737,-1.145664,-1.217358,1.299372,0.000166,0.000050,-0.003732,-0.001529,0.018062,-0.000415
10826.040000,-0.467483,0.075531,0.361691,-1.145528,-1.217310,1.299419,-0.000629,-0.000013,-0.005599,-0.001273,0.014813,-0.000425
10826.048000,-0.467473,0.075544,0.361672,-1.145447,-1.217160,1.299493,0.000198,0.000050,-0.003456,-0.001454,0.017193,-0.000391
10826.056000,-0.467475,0.075547,0.361628,-1.145407,-1.217115,1.299538,-0.000721,-0.000026,-0.006175,-0.001049,0.012224,-0.000404
10826.064000,-0.467497,0.075535,0.361555,-1.145404,-1.217058,1.299530,-0.000114,0.000019,-0.004453,-0.001122,0.013257,-0.000362
10826.072000,-0.467501,0.075532,0.361507,-1.145318,-1.217038,1.299570,-0.000912,-0.000042,-0.006753,-0.000960,0.011140,-0.000406
10826.080000,-0.467495,0.075544,0.361481,-1.145229,-1.216849,1.299680,0.000363,0.000058,-0.003638,-0.001320,0.015747,-0.000375
10826.088000,-0.467501,0.075536,0.361431,-1.145161,-1.216817,1.299739,-0.000868,-0.000035,-0.006550,-0.001119,0.012988,-0.000428
10826.096000,-0.467500,0.075557,0.361392,-1.145067,-1.216712,1.299741,0.000318,0.000061,-0.003769,-0.001550,0.018397,-0.000421
10826.104000,-0.467494,0.075560,0.361362,-1.144970,-1.216572,1.299798,-0.000953,-0.000053,-0.007649,-0.000683,0.007988,-0.000386
10826.112000,-0.467499,0.075533,0.361324,-1.144830,-1.216475,1.299914,-0.000134,0.000020,-0.005300,-0.001229,0.014552,-0.000412
10826.120000,-0.467488,0.075544,0.361315,-1.144702,-1.216333,1.299999,0.000158,0.000044,-0.003931,-0.001332,0.015794,-0.000385
10826.128000,-0.467492,0.075557,0.361271,-1.144633,-1.216224,1.299997,-0.001300,-0.000074,-0.006786,-0.000748,0.008478,-0.000364
10826.136000,-0.467496,0.075539,0.361221,-1.144535,-1.216144,1.300112,0.000286,0.000058,-0.003677,-0.001509,0.017896,-0.000410
10826.144000,-0.467507,0.075545,0.361155,-1.144548,-1.216095,1.300123,-0.001520,-0.000097,-0.007863,-0.000485,0.005407,-0.000352
10826.152000,-0.467504,0.075562,0.361108,-1.144489,-1.216013,1.300116,-0.000000,0.000022,-0.005546,-0.000968,0.011639,-0.000374
10826.160000,-0.467518,0.075541,0.361061,-1.144395,-1.216013,1.300193,-0.001217,-0.000069,-0.007671,-0.000766,0.008799,-0.000399
10826.168000,-0.467529,0.075538,0.360997,-1.144377,-1.215898,1.300257,-0.000267,0.000014,-0.005315,-0.001330,0.015650,-0.000429
10826.176000,-0.467520,0.075555,0.360978,-1.144243,-1.215750,1.300307,-0.000140,0.000023,-0.004716,-0.001350,0.015913,-0.000413
10826.184000,-0.467539,0.075540,0.360897,-1.144254,-1.215771,1.300286,-0.001185,-0.000077,-0.008599,-0.000388,0.004521,-0.000363
10826.192000,-0.467544,0.075538,0.360847,-1.144184,-1.215707,1.300356,-0.000196,0.000013,-0.005393,-0.001107,0.013119,-0.000392
10826.200000,-0.467549,0.075542,0.360805,-1.144090,-1.215632,1.300389,-0.000831,-0.000037,-0.006225,-0.000926,0.010743,-0.000382
10826.208000,-0.467555,0.075527,0.360760,-1.144052,-1.215587,1.300435,-0.000100,0.000013,-0.005541,-0.000877,0.010522,-0.000356
10826.216000,-0.467560,0.075558,0.360684,-1.144093,-1.215526,1.300429,-0.001325,-0.000092,-0.008992,-0.000190,0.002190,-0.000339
10826.224000,-0.467559,0.075531,0.360665,-1.143954,-1.215490,1.300504,-0.000468,-0.000014,-0.005568,-0.000826,0.009742,-0.000344
10826.232000,-0.467564,0.075533,0.360624,-1.143882,-1.215378,1.300543,-0.000432,-0.000003,-0.005528,-0.001151,0.013515,-0.000402
10826.240000,-0.467563,0.075552,0.360568,-1.143862,-1.215340,1.300549,-0.001286,-0.000100,-0.010015,0.000202,-0.002232,-0.000303
10826.248000,-0.467589,0.075551,0.360474,-1.143886,-1.215347,1.300527,-0.001048,-0.000065,-0.007560,-0.000477,0.005543,-0.000344
10826.256000,-0.467586,0.075530,0.360459,-1.143738,-1.215226,1.300663,-0.001344,-0.000080,-0.007450,-0.000668,0.007576,-0.000372
10826.264000,-0.467606,0.075534,0.360373,-1.143793,-1.215253,1.300615,-0.000841,-0.000055,-0.007809,-0.000309,0.003734,-0.000324
10826.272000,-0.467603,0.075546,0.360311,-1.143763,-1.215188,1.300624,-0.001285,-0.000088,-0.009168,-0.000257,0.003002,-0.000358
10826.280000,-0.467608,0.075540,0.360267,-1.143673,-1.215101,1.300690,-0.000765,-0.000035,-0.006323,-0.000830,0.009688,-0.000368
10826.288000,-0.467613,0.075529,0.360231,-1.143587,-1.215019,1.300773,-0.001148,-0.000064,-0.006978,-0.000728,0.008340,-0.000368
10826.296000,-0.467621,0.075544,0.360145,-1.143632,-1.215052,1.300715,-0.000845,-0.000060,-0.008527,-0.000131,0.001738,-0.000316
10826.304000,-0.467634,0.075526,0.360092,-1.143534,-1.215000,1.300800,-0.001196,-0.000073,-0.007627,-0.000546,0.006268,-0.000357
10826.312000,-0.467630,0.075539,0.360058,-1.143457,-1.214838,1.300848,-0.001375,-0.000086,-0.007580,-0.000537,0.006057,-0.000352
10826.320000,-0.467645,0.075526,0.359992,-1.143448,-1.214900,1.300838,-0.000789,-0.000045,-0.006582,-0.000497,0.005844,-0.000316
10826.328000,-0.467663,0.075520,0.359906,-1.143476,-1.214911,1.300834,-0.001625,-0.000116,-0.009177,-0.000089,0.000875,-0.000324
10826.336000,-0.467660,0.075552,0.359874,-1.143413,-1.214782,1.300854,-0.001026,-0.000062,-0.006538,-0.000505,0.005796,-0.000313
10826.344000,-0.467682,0.075538,0.359797,-1.143406,-1.214845,1.300843,-0.001591,-0.000104,-0.008084,-0.000401,0.004414,-0.000343
10826.352000,-0.467680,0.075552,0.359752,-1.143403,-1.214720,1.300866,-0.001072,-0.000075,-0.008060,-0.000164,0.001956,-0.000304
10826.360000,-0.467703,0.075538,0.359662,-1.143397,-1.214799,1.300858,-0.001537,-0.000110,-0.008796,-0.000063,0.000584,-0.000306
10826.368000,-0.467709,0.075516,0.359630,-1.143305,-1.214725,1.300951,-0.001590,-0.000108,-0.008397,-0.000288,0.003124,-0.000333
10826.376000,-0.467720,0.075510,0.359584,-1.143259,-1.214657,1.301017,-0.000953,-0.000051,-0.006191,-0.000687,0.007916,-0.000335
10826.384000,-0.467730,0.075542,0.359490,-1.143347,-1.214677,1.300929,-0.001931,-0.000154,-0.010908,0.000517,-0.006174,-0.000270
10826.392000,-0.467748,0.075521,0.359418,-1.143260,-1.214728,1.300956,-0.001402,-0.000092,-0.007997,-0.000360,0.004032,-0.000334
10826.400000,-0.467757,0.075532,0.359385,-1.143272,-1.214571,1.300977,-0.001489,-0.000102,-0.007445,-0.000194,0.002021,-0.000283
10826.408000,-0.467765,0.075536,0.359319,-1.143281,-1.214564,1.300984,-0.001616,-0.000104,-0.008133,-0.000467,0.005163,-0.000356
10826.416000,-0.467771,0.075534,0.359252,-1.143184,-1.214544,1.300997,-0.001057,-0.000074,-0.009228,-0.000168,0.002095,-0.000345
10826.424000,-0.467784,0.075545,0.359180,-1.143194,-1.214493,1.300990,-0.001872,-0.000133,-0.009488,-0.000073,0.000569,-0.000329
10826.432000,-0.467785,0.075546,0.359147,-1.143116,-1.214404,1.301023,-0.000896,-0.000047,-0.006233,-0.000691,0.008002,-0.000338
10826.440000,-0.467800,0.075505,0.359087,-1.143063,-1.214432,1.301129,-0.002022,-0.000161,-0.011445,0.000556,-0.006623,-0.000281
10826.448000,-0.467817,0.075538,0.358981,-1.143182,-1.214440,1.301027,-0.001597,-0.000114,-0.008850,-0.000069,0.000622,-0.000308
10826.456000,-0.467828,0.075517,0.358945,-1.143064,-1.214429,1.301124,-0.001051,-0.000059,-0.006705,-0.000654,0.007524,-0.000346
10826.464000,-0.467848,0.075530,0.358845,-1.143127,-1.214432,1.301023,-0.002128,-0.000167,-0.011241,0.000501,-0.006074,-0.000282
10826.472000,-0.467858,0.075511,0.358775,-1.143107,-1.214453,1.301089,-0.001644,-0.000116,-0.008868,-0.000104,0.000999,-0.000315
10826.480000,-0.467872,0.075534,0.358713,-1.143152,-1.214395,1.301044,-0.001477,-0.000095,-0.007916,-0.000463,0.005169,-0.000349
10826.488000,-0.467888,0.075530,0.358627,-1.143169,-1.214456,1.301045,-0.002491,-0.000199,-0.011506,0.000766,-0.009323,-0.000239
10826.496000,-0.467894,0.075525,0.358559,-1.143136,-1.214431,1.301051,-0.001415,-0.000096,-0.008775,-0.000273,0.003077,-0.000345
10826.504000,-0.467920,0.075514,0.358484,-1.143155,-1.214447,1.301040,-0.001904,-0.000142,-0.008899,0.000188,-0.002521,-0.000260
10826.512000,-0.467937,0.075511,0.358395,-1.143170,-1.214491,1.301037,-0.002028,-0.000144,-0.009719,-0.000061,0.000363,-0.000333
10826.520000,-0.467950,0.075522,0.358311,-1.143214,-1.214505,1.300977,-0.001706,-0.000134,-0.009696,0.000394,-0.004731,-0.000252
10826.528000,-0.467952,0.075525,0.358269,-1.143149,-1.214418,1.301053,-0.002026,-0.000145,-0.009510,-0.000007,-0.000282,-0.000316
10826.536000,-0.467963,0.075503,0.358216,-1.143069,-1.214371,1.301143,-0.001532,-0.000101,-0.007527,-0.000339,0.003674,-0.000312
10826.544000,-0.467983,0.075505,0.358125,-1.143178,-1.214456,1.301020,-0.002440,-0.000212,-0.012601,0.001364,-0.016123,-0.000168
10826.552000,-0.468006,0.075524,0.358020,-1.143213,-1.214491,1.300935,-0.002290,-0.000164,-0.009730,0.000008,-0.000584,-0.000318
10826.560000,-0.468019,0.075508,0.357971,-1.143204,-1.214477,1.300982,-0.002035,-0.000164,-0.009979,0.000655,-0.007908,-0.000210
10826.568000,-0.468039,0.075516,0.357869,-1.143287,-1.214551,1.300918,-0.002073,-0.000156,-0.010107,0.000271,-0.003481,-0.000285
10826.576000,-0.468057,0.075508,0.357785,-1.143293,-1.214585,1.300922,-0.001943,-0.000146,-0.009594,0.000247,-0.003171,-0.000273
10826.584000,-0.468077,0.075500,0.357712,-1.143316,-1.214637,1.300915,-0.003001,-0.000240,-0.011830,0.000959,-0.011808,-0.000210
10826.592000,-0.468084,0.075504,0.357637,-1.143326,-1.214616,1.300937,-0.001652,-0.000122,-0.009890,0.000096,-0.001235,-0.000314
10826.600000,-0.468111,0.075514,0.357528,-1.143395,-1.214701,1.300815,-0.002485,-0.000197,-0.010747,0.000735,-0.009027,-0.000218
10826.608000,-0.468135,0.075485,0.357454,-1.143426,-1.214731,1.300874,-0.002355,-0.000171,-0.009538,0.000078,-0.001448,-0.000298
10826.616000,-0.468148,0.075491,0.357375,-1.143490,-1.214739,1.300850,-0.002571,-0.000213,-0.012342,0.001068,-0.012799,-0.000212
10826.624000,-0.468156,0.075514,0.357309,-1.143468,-1.214681,1.300794,-0.002483,-0.000183,-0.010336,0.000216,-0.003053,-0.000299
10826.632000,-0.468185,0.075494,0.357219,-1.143507,-1.214736,1.300832,-0.001847,-0.000149,-0.010244,0.000575,-0.006866,-0.000236
10826.640000,-0.468200,0.075497,0.357132,-1.143567,-1.214814,1.300774,-0.003223,-0.000267,-0.013194,0.001393,-0.016856,-0.000175
10826.648000,-0.468210,0.075512,0.357061,-1.143535,-1.214791,1.300739,-0.001402,-0.000092,-0.007946,-0.000353,0.003946,-0.000331
10826.656000,-0.468238,0.075490,0.356968,-1.143611,-1.214900,1.300698,-0.003242,-0.000274,-0.013516,0.001600,-0.019234,-0.000148
10826.664000,-0.468256,0.075492,0.356883,-1.143658,-1.214934,1.300699,-0.001712,-0.000113,-0.009138,-0.000384,0.004227,-0.000375
10826.672000,-0.468270,0.075483,0.356816,-1.143641,-1.214894,1.300708,-0.002863,-0.000248,-0.013640,0.001606,-0.019089,-0.000155
10826.680000,-0.468293,0.075501,0.356709,-1.143772,-1.214977,1.300635,-0.003517,-0.000274,-0.011982,0.000902,-0.011437,-0.000220
10826.688000,-0.468308,0.075477,0.356634,-1.143708,-1.215068,1.300613,-0.001719,-0.000160,-0.012762,0.001287,-0.014835,-0.000194
10826.696000,-0.468333,0.075502,0.356529,-1.143832,-1.215111,1.300517,-0.004012,-0.000318,-0.012901,0.001241,-0.015575,-0.000185
10826.704000,-0.468351,0.075497,0.356455,-1.143850,-1.215127,1.300505,-0.001219,-0.000098,-0.009428,0.000318,-0.003607,-0.000261
10826.712000,-0.468377,0.075478,0.356355,-1.143928,-1.215268,1.300451,-0.003607,-0.000288,-0.012378,0.001185,-0.014728,-0.000181
10826.720000,-0.468398,0.075477,0.356270,-1.143970,-1.215265,1.300448,-0.002580,-0.000207,-0.012263,0.000810,-0.009839,-0.000256
10826.728000,-0.468417,0.075477,0.356173,-1.144059,-1.215344,1.300362,-0.002714,-0.000215,-0.010693,0.000817,-0.010117,-0.000198
10826.736000,-0.468434,0.075485,0.356097,-1.144094,-1.215351,1.300366,-0.003194,-0.000269,-0.013543,0.001527,-0.018375,-0.000163
10826.744000,-0.468460,0.075468,0.355987,-1.144187,-1.215478,1.300313,-0.002306,-0.000182,-0.011063,0.000619,-0.007570,-0.000252
10826.752000,-0.468479,0.075488,0.355937,-1.144170,-1.215413,1.300308,-0.002372,-0.000177,-0.009040,0.000321,-0.004319,-0.000235
10826.760000,-0.468499,0.075468,0.355820,-1.144260,-1.215537,1.300295,-0.002894,-0.000254,-0.014952,0.001743,-0.020603,-0.000175
10826.768000,-0.468527,0.075466,0.355735,-1.144294,-1.215616,1.300226,-0.003025,-0.000233,-0.010776,0.000659,-0.008451,-0.000227
10826.776000,-0.468545,0.075470,0.355655,-1.144317,-1.215638,1.300190,-0.002983,-0.000254,-0.013846,0.001547,-0.018479,-0.000171
10826.784000,-0.468572,0.075458,0.355546,-1.144424,-1.215751,1.300137,-0.002912,-0.000226,-0.011003,0.000716,-0.009038,-0.000225
10826.792000,-0.468598,0.075466,0.355440,-1.144542,-1.215833,1.300080,-0.002855,-0.000248,-0.013660,0.001631,-0.019390,-0.000150
10826.800000,-0.468619,0.075464,0.355350,-1.144568,-1.215902,1.300016,-0.003545,-0.000281,-0.012797,0.001091,-0.013586,-0.000213
10826.808000,-0.468637,0.075470,0.355267,-1.144630,-1.215907,1.299974,-0.002671,-0.000242,-0.014506,0.001902,-0.022374,-0.000132
10826.816000,-0.468660,0.075482,0.355148,-1.144758,-1.216030,1.299899,-0.003782,-0.000311,-0.014231,0.001592,-0.019418,-0.000168
10826.824000,-0.468683,0.075455,0.355065,-1.144733,-1.216136,1.299918,-0.002502,-0.000211,-0.012699,0.001186,-0.014127,-0.000202
10826.832000,-0.468708,0.075450,0.354956,-1.144868,-1.216233,1.299832,-0.003677,-0.000308,-0.014301,0.001747,-0.021141,-0.000143
10826.840000,-0.468733,0.075455,0.354858,-1.144949,-1.216288,1.299767,-0.002700,-0.000204,-0.011000,0.000441,-0.005738,-0.000278
10826.848000,-0.468763,0.075440,0.354745,-1.145052,-1.216398,1.299755,-0.002855,-0.000234,-0.012232,0.001124,-0.013641,-0.000194
10826.856000,-0.468783,0.075446,0.354667,-1.145070,-1.216457,1.299639,-0.003890,-0.000330,-0.015653,0.001986,-0.023931,-0.000144
10826.864000,-0.468807,0.075443,0.354549,-1.145158,-1.216536,1.299611,-0.002682,-0.000210,-0.011776,0.000699,-0.008655,-0.000258
10826.872000,-0.468830,0.075454,0.354458,-1.145254,-1.216578,1.299546,-0.003022,-0.000252,-0.013838,0.001370,-0.016459,-0.000203
10826.880000,-0.468849,0.075456,0.354358,-1.145308,-1.216664,1.299496,-0.003709,-0.000293,-0.013325,0.001137,-0.014184,-0.000221
10826.888000,-0.468874,0.075462,0.354264,-1.145375,-1.216732,1.299372,-0.002400,-0.000190,-0.011150,0.000697,-0.008530,-0.000239
10826.896000,-0.468901,0.075426,0.354172,-1.145422,-1.216826,1.299434,-0.004208,-0.000352,-0.015799,0.001993,-0.024170,-0.000145
10826.904000,-0.468935,0.075444,0.354050,-1.145551,-1.216933,1.299315,-0.003161,-0.000246,-0.011411,0.000826,-0.010429,-0.000217
10826.912000,-0.468956,0.075424,0.353949,-1.145608,-1.217053,1.299313,-0.003188,-0.000261,-0.012382,0.001300,-0.015854,-0.000163
10826.920000,-0.468995,0.075429,0.353822,-1.145751,-1.217189,1.299152,-0.003579,-0.000299,-0.014118,0.001695,-0.020520,-0.000147
10826.928000,-0.469011,0.075434,0.353720,-1.145867,-1.217253,1.299093,-0.003565,-0.000291,-0.013889,0.001433,-0.017493,-0.000187
10826.936000,-0.469036,0.075442,0.353625,-1.145984,-1.217349,1.299021,-0.003635,-0.000310,-0.014239,0.001958,-0.023601,-0.000102
10826.944000,-0.469065,0.075420,0.353498,-1.146112,-1.217547,1.298990,-0.003499,-0.000283,-0.014620,0.001300,-0.015859,-0.000238
10826.952000,-0.469102,0.075420,0.353367,-1.146243,-1.217640,1.298887,-0.003658,-0.000313,-0.014538,0.001999,-0.024054,-0.000104
10826.960000,-0.469122,0.075431,0.353272,-1.146346,-1.217719,1.298786,-0.003461,-0.000292,-0.014962,0.001729,-0.020792,-0.000171
10826.968000,-0.469154,0.075417,0.353166,-1.146404,-1.217823,1.298741,-0.003535,-0.000275,-0.012541,0.000936,-0.011824,-0.000232
10826.976000,-0.469181,0.075411,0.353055,-1.146542,-1.218018,1.298678,-0.003884,-0.000322,-0.014177,0.001752,-0.021348,-0.000135
10826.984000,-0.469214,0.075404,0.352940,-1.146612,-1.218104,1.298616,-0.003351,-0.000264,-0.012517,0.000980,-0.012234,-0.000225
10826.992000,-0.469242,0.075404,0.352827,-1.146717,-1.218184,1.298516,-0.004007,-0.000345,-0.016044,0.002267,-0.027245,-0.000104
10827.000000,-0.469273,0.075413,0.352722,-1.146866,-1.218270,1.298448,-0.003785,-0.000298,-0.012501,0.001135,-0.014285,-0.000191
10827.008000,-0.469304,0.075398,0.352601,-1.146960,-1.218429,1.298382,-0.003412,-0.000306,-0.017421,0.002362,-0.027916,-0.000140
10827.016000,-0.469328,0.075405,0.352496,-1.147036,-1.218525,1.298312,-0.004327,-0.000355,-0.014469,0.001833,-0.022519,-0.000126
10827.024000,-0.469353,0.075402,0.352404,-1.147108,-1.218553,1.298251,-0.002860,-0.000244,-0.014957,0.001489,-0.017690,-0.000220
10827.032000,-0.469382,0.075411,0.352270,-1.147274,-1.218749,1.298157,-0.004683,-0.000391,-0.016362,0.002247,-0.027382,-0.000112
10827.040000,-0.469428,0.075384,0.352131,-1.147441,-1.218894,1.298076,-0.003430,-0.000311,-0.017205,0.002516,-0.029726,-0.000104
10827.048000,-0.469429,0.075408,0.352067,-1.147419,-1.218900,1.298037,-0.004144,-0.000333,-0.014775,0.001512,-0.018689,-0.000197
10827.056000,-0.469467,0.075405,0.351932,-1.147589,-1.219112,1.297890,-0.004119,-0.000380,-0.018769,0.003307,-0.039194,-0.000005
10827.064000,-0.469498,0.075388,0.351805,-1.147697,-1.219225,1.297837,-0.004100,-0.000324,-0.014546,0.001283,-0.016024,-0.000232
10827.072000,-0.469525,0.075396,0.351711,-1.147823,-1.219316,1.297774,-0.004438,-0.000401,-0.019086,0.003237,-0.038531,-0.000026
10827.080000,-0.469571,0.075385,0.351549,-1.147999,-1.219550,1.297647,-0.004222,-0.000340,-0.014528,0.001576,-0.019501,-0.000176
10827.088000,-0.469582,0.075396,0.351457,-1.148103,-1.219601,1.297575,-0.003598,-0.000320,-0.017420,0.002432,-0.028867,-0.000124
10827.096000,-0.469628,0.075378,0.351316,-1.148262,-1.219783,1.297472,-0.004624,-0.000371,-0.014716,0.001681,-0.020916,-0.000159
10827.104000,-0.469671,0.075366,0.351167,-1.148461,-1.220028,1.297383,-0.003745,-0.000323,-0.016526,0.002149,-0.025721,-0.000144
10827.112000,-0.469701,0.075377,0.351050,-1.148603,-1.220104,1.297262,-0.003931,-0.000308,-0.013595,0.001151,-0.014481,-0.000224
10827.120000,-0.469733,0.075385,0.350928,-1.148710,-1.220262,1.297123,-0.004031,-0.000348,-0.016157,0.002352,-0.028287,-0.000090
10827.128000,-0.469759,0.075388,0.350808,-1.148828,-1.220358,1.297051,-0.004081,-0.000324,-0.013935,0.001369,-0.017079,-0.000194
10827.136000,-0.469784,0.075381,0.350712,-1.148966,-1.220462,1.297001,-0.003698,-0.000318,-0.015356,0.002128,-0.025559,-0.000107
10827.144000,-0.469829,0.075357,0.350559,-1.149094,-1.220749,1.296899,-0.004209,-0.000342,-0.013874,0.001699,-0.020977,-0.000130
10827.152000,-0.469841,0.075365,0.350482,-1.149154,-1.220751,1.296839,-0.003876,-0.000337,-0.017245,0.002341,-0.027990,-0.000132
10827.160000,-0.469876,0.075373,0.350344,-1.149346,-1.220912,1.296712,-0.004952,-0.000436,-0.019064,0.003251,-0.039011,-0.000016
10827.168000,-0.469917,0.075358,0.350192,-1.149531,-1.221155,1.296579,-0.004331,-0.000365,-0.016439,0.002239,-0.027118,-0.000118
10827.176000,-0.469962,0.075366,0.350034,-1.149763,-1.221344,1.296420,-0.004304,-0.000378,-0.017797,0.002779,-0.033278,-0.000065
10827.184000,-0.469997,0.075350,0.349904,-1.149936,-1.221562,1.296349,-0.004698,-0.000390,-0.015487,0.002213,-0.027105,-0.000086
10827.192000,-0.470024,0.075338,0.349805,-1.149956,-1.221653,1.296280,-0.003549,-0.000308,-0.017320,0.002136,-0.025429,-0.000175
10827.200000,-0.470065,0.075352,0.349647,-1.150194,-1.221849,1.296097,-0.004468,-0.000363,-0.015365,0.001811,-0.022319,-0.000158
10827.208000,-0.470093,0.075360,0.349551,-1.150328,-1.221950,1.296028,-0.004601,-0.000408,-0.018465,0.003126,-0.037434,-0.000021
10827.216000,-0.470132,0.075341,0.349400,-1.150463,-1.222151,1.295916,-0.003691,-0.000296,-0.014494,0.001334,-0.016428,-0.000223
10827.224000,-0.470156,0.075355,0.349294,-1.150594,-1.222248,1.295829,-0.004640,-0.000412,-0.018402,0.003192,-0.038241,-0.000006
10827.232000,-0.470193,0.075348,0.349172,-1.150747,-1.222380,1.295735,-0.003987,-0.000326,-0.015645,0.001671,-0.020421,-0.000198
10827.240000,-0.470221,0.075328,0.349055,-1.150843,-1.222572,1.295657,-0.003956,-0.000340,-0.015642,0.002292,-0.027609,-0.000083
10827.248000,-0.470269,0.075323,0.348899,-1.151060,-1.222806,1.295527,-0.005009,-0.000430,-0.018671,0.002908,-0.035109,-0.000064
10827.256000,-0.470297,0.075332,0.348762,-1.151233,-1.222977,1.295382,-0.003963,-0.000329,-0.015430,0.001853,-0.022542,-0.000157
10827.264000,-0.470342,0.075320,0.348610,-1.151438,-1.223228,1.295269,-0.005276,-0.000469,-0.020691,0.003670,-0.043959,0.000009
10827.272000,-0.470376,0.075336,0.348472,-1.151665,-1.223382,1.295104,-0.004075,-0.000336,-0.015934,0.001827,-0.022275,-0.000178
10827.280000,-0.470416,0.075310,0.348333,-1.151805,-1.223576,1.295041,-0.004654,-0.000414,-0.019863,0.003235,-0.038637,-0.000048
10827.288000,-0.470453,0.075310,0.348185,-1.151997,-1.223829,1.294901,-0.004904,-0.000405,-0.016442,0.002272,-0.027851,-0.000105
10827.296000,-0.470479,0.075305,0.348074,-1.152130,-1.223925,1.294816,-0.003828,-0.000332,-0.017345,0.002332,-0.027889,-0.000136
10827.304000,-0.470515,0.075312,0.347934,-1.152289,-1.224111,1.294670,-0.005143,-0.000438,-0.018013,0.002879,-0.034934,-0.000044
10827.312000,-0.470555,0.075312,0.347786,-1.152523,-1.224334,1.294557,-0.004185,-0.000348,-0.015940,0.001995,-0.024286,-0.000145
10827.320000,-0.470583,0.075298,0.347681,-1.152587,-1.224428,1.294445,-0.004530,-0.000404,-0.019980,0.003193,-0.038087,-0.000061
10827.328000,-0.470628,0.075292,0.347527,-1.152832,-1.224693,1.294315,-0.004897,-0.000415,-0.017166,0.002659,-0.032297,-0.000058
10827.336000,-0.470654,0.075321,0.347390,-1.152995,-1.224809,1.294200,-0.004612,-0.000414,-0.020444,0.003342,-0.039869,-0.000048
10827.344000,-0.470703,0.075275,0.347240,-1.153154,-1.225068,1.294101,-0.005134,-0.000426,-0.016978,0.002445,-0.029958,-0.000089
10827.352000,-0.470737,0.075285,0.347087,-1.153356,-1.225284,1.293882,-0.004999,-0.000440,-0.019198,0.003341,-0.040138,-0.000001
10827.360000,-0.470781,0.075273,0.346939,-1.153573,-1.225504,1.293825,-0.004602,-0.000373,-0.016132,0.001865,-0.022993,-0.000172
10827.368000,-0.470811,0.075291,0.346816,-1.153735,-1.225664,1.293667,-0.004678,-0.000397,-0.016571,0.002565,-0.031160,-0.000056
10827.376000,-0.470862,0.075276,0.346660,-1.153921,-1.225877,1.293563,-0.004273,-0.000340,-0.015062,0.001500,-0.018670,-0.000205
10827.384000,-0.470887,0.075294,0.346530,-1.154086,-1.225963,1.293420,-0.004152,-0.000338,-0.015352,0.001737,-0.021344,-0.000172
10827.392000,-0.470929,0.075267,0.346405,-1.154193,-1.226196,1.293326,-0.005028,-0.000445,-0.019393,0.003450,-0.041413,0.000013
10827.400000,-0.470961,0.075251,0.346266,-1.154350,-1.226380,1.293280,-0.004179,-0.000351,-0.017173,0.002133,-0.025809,-0.000162
10827.408000,-0.471004,0.075276,0.346106,-1.154581,-1.226583,1.293046,-0.005032,-0.000447,-0.020335,0.003538,-0.042402,-0.000002
10827.416000,-0.471043,0.075259,0.345974,-1.154762,-1.226746,1.292951,-0.004817,-0.000407,-0.017424,0.002578,-0.031322,-0.000082
10827.424000,-0.471076,0.075249,0.345836,-1.154907,-1.226947,1.292864,-0.004188,-0.000370,-0.019587,0.002827,-0.033702,-0.000117
10827.432000,-0.471115,0.075266,0.345688,-1.155158,-1.227144,1.292724,-0.005477,-0.000467,-0.018808,0.003134,-0.038073,-0.000020
10827.440000,-0.471148,0.075252,0.345544,-1.155283,-1.227337,1.292616,-0.004322,-0.000365,-0.017967,0.002308,-0.027882,-0.000155
10827.448000,-0.471188,0.075245,0.345397,-1.155495,-1.227548,1.292466,-0.005083,-0.000452,-0.020957,0.003571,-0.042765,-0.000017
10827.456000,-0.471237,0.075232,0.345228,-1.155769,-1.227906,1.292294,-0.005621,-0.000487,-0.019405,0.003506,-0.042423,0.000030
10827.464000,-0.471275,0.075234,0.345060,-1.155963,-1.228114,1.292139,-0.004441,-0.000390,-0.020713,0.002927,-0.034945,-0.000134
10827.472000,-0.471314,0.075251,0.344907,-1.156213,-1.228262,1.291967,-0.005413,-0.000450,-0.017771,0.002679,-0.032843,-0.000068
10827.480000,-0.471363,0.075230,0.344767,-1.156392,-1.228529,1.291828,-0.006017,-0.000539,-0.021857,0.004438,-0.053313,0.000122
10827.488000,-0.471387,0.075240,0.344630,-1.156554,-1.228703,1.291656,-0.004099,-0.000326,-0.016381,0.001457,-0.018001,-0.000260
10827.496000,-0.471433,0.075239,0.344482,-1.156789,-1.228897,1.291572,-0.005306,-0.000476,-0.020537,0.003946,-0.047317,0.000071
10827.504000,-0.471490,0.075244,0.344293,-1.157120,-1.229256,1.291340,-0.005054,-0.000434,-0.019399,0.003028,-0.036600,-0.000063
10827.512000,-0.471516,0.075227,0.344154,-1.157209,-1.229393,1.291253,-0.004049,-0.000342,-0.017511,0.002179,-0.026291,-0.000165
10827.520000,-0.471550,0.075224,0.344033,-1.157405,-1.229605,1.291117,-0.006034,-0.000540,-0.022534,0.004424,-0.053146,0.000097
10827.528000,-0.471586,0.075221,0.343888,-1.157628,-1.229816,1.290992,-0.004577,-0.000382,-0.018520,0.002317,-0.028122,-0.000169
10827.536000,-0.471632,0.075222,0.343709,-1.157847,-1.230050,1.290820,-0.004903,-0.000431,-0.020682,0.003318,-0.039799,-0.000055
10827.544000,-0.471678,0.075203,0.343559,-1.158032,-1.230308,1.290671,-0.005548,-0.000474,-0.018746,0.003251,-0.039506,0.000006
10827.552000,-0.471716,0.075204,0.343401,-1.158238,-1.230515,1.290542,-0.004234,-0.000365,-0.019709,0.002587,-0.030986,-0.000163
10827.560000,-0.471765,0.075176,0.343220,-1.158430,-1.230826,1.290402,-0.005622,-0.000497,-0.021818,0.003882,-0.046654,0.000018
10827.560000,-0.471765,0.075176,0.343220,-1.158430,-1.230826,1.290402,-0.005622,-0.000497,-0.021818,0.003882,-0.046654,0.000018
10827.576000,-0.471850,0.075208,0.342896,-1.158975,-1.231279,1.290018,-0.004438,-0.000395,-0.021231,0.003193,-0.038064,-0.000101
10827.584000,-0.471889,0.075181,0.342730,-1.159195,-1.231546,1.289934,-0.005304,-0.000456,-0.019261,0.003198,-0.038731,-0.000023
10827.592000,-0.471946,0.075171,0.342552,-1.159512,-1.231796,1.289727,-0.005426,-0.000479,-0.020711,0.003762,-0.045250,0.000033
10827.600000,-0.471973,0.075170,0.342414,-1.159636,-1.232035,1.289592,-0.004596,-0.000384,-0.018637,0.002333,-0.028327,-0.000169
10827.608000,-0.472012,0.075189,0.342262,-1.159915,-1.232262,1.289393,-0.005618,-0.000497,-0.020834,0.003956,-0.047643,0.000067
10827.616000,-0.472061,0.075186,0.342106,-1.160117,-1.232494,1.289218,-0.005662,-0.000477,-0.018549,0.003074,-0.037577,-0.000017
10827.624000,-0.472108,0.075165,0.341929,-1.160357,-1.232767,1.289095,-0.004707,-0.000403,-0.019575,0.002780,-0.033538,-0.000117
10827.632000,-0.472144,0.075188,0.341785,-1.160577,-1.232990,1.288896,-0.006146,-0.000549,-0.022682,0.004518,-0.054384,0.000114
10827.640000,-0.472191,0.075165,0.341616,-1.160830,-1.233261,1.288741,-0.004339,-0.000358,-0.017734,0.002062,-0.025117,-0.000190
10827.648000,-0.472227,0.075167,0.341456,-1.161022,-1.233498,1.288556,-0.005310,-0.000475,-0.022550,0.003929,-0.047045,0.000000
10827.656000,-0.472281,0.075166,0.341272,-1.161365,-1.233870,1.288336,-0.006241,-0.000549,-0.022021,0.004276,-0.051667,0.000093
10827.664000,-0.472327,0.075159,0.341094,-1.161652,-1.234103,1.288173,-0.004126,-0.000350,-0.019492,0.002317,-0.027848,-0.000205
10827.672000,-0.472372,0.075145,0.340932,-1.161829,-1.234385,1.288075,-0.005625,-0.000491,-0.021785,0.003736,-0.045041,-0.000006
10827.680000,-0.472420,0.075142,0.340763,-1.162125,-1.234705,1.287850,-0.005942,-0.000516,-0.020386,0.003833,-0.046461,0.000064
10827.688000,-0.472464,0.075129,0.340602,-1.162315,-1.234892,1.287733,-0.004610,-0.000395,-0.020994,0.002760,-0.033160,-0.000170
10827.696000,-0.472497,0.075139,0.340446,-1.162530,-1.235140,1.287585,-0.004852,-0.000404,-0.018225,0.002479,-0.030244,-0.000124
10827.704000,-0.472545,0.075114,0.340300,-1.162724,-1.235363,1.287475,-0.005459,-0.000485,-0.022161,0.003925,-0.047122,0.000015
10827.712000,-0.472585,0.075126,0.340130,-1.162935,-1.235574,1.287321,-0.004560,-0.000374,-0.018496,0.002117,-0.025844,-0.000203
10827.720000,-0.472632,0.075123,0.339947,-1.163187,-1.235875,1.287095,-0.005476,-0.000482,-0.021198,0.003806,-0.045848,0.000027
10827.728000,-0.472667,0.075125,0.339802,-1.163439,-1.236071,1.286897,-0.005543,-0.000490,-0.022745,0.003915,-0.047046,-0.000005
10827.736000,-0.472708,0.075129,0.339625,-1.163706,-1.236345,1.286743,-0.005454,-0.000467,-0.020529,0.003278,-0.039744,-0.000048
10827.744000,-0.472757,0.075124,0.339449,-1.163929,-1.236645,1.286546,-0.006053,-0.000544,-0.024176,0.004628,-0.055558,0.000084
10827.752000,-0.472819,0.075092,0.339239,-1.164274,-1.237033,1.286370,-0.005584,-0.000479,-0.021207,0.003393,-0.041087,-0.000049
10827.760000,-0.472853,0.075104,0.339081,-1.164499,-1.237245,1.286202,-0.005486,-0.000479,-0.021840,0.003672,-0.044262,-0.000019
10827.768000,-0.472894,0.075115,0.338915,-1.164741,-1.237460,1.285978,-0.006051,-0.000527,-0.022722,0.003991,-0.048252,0.000016
10827.776000,-0.472937,0.075088,0.338754,-1.164961,-1.237727,1.285893,-0.005113,-0.000441,-0.020734,0.003202,-0.038659,-0.000072
10827.784000,-0.472978,0.075094,0.338582,-1.165170,-1.237982,1.285696,-0.005447,-0.000479,-0.022354,0.003770,-0.045360,-0.000019
10827.792000,-0.473026,0.075096,0.338384,-1.165518,-1.238299,1.285492,-0.005755,-0.000499,-0.021860,0.003733,-0.045147,-0.000005
10827.800000,-0.473070,0.075086,0.338217,-1.165724,-1.238581,1.285307,-0.005744,-0.000504,-0.022554,0.003961,-0.047744,0.000013
10827.808000,-0.473121,0.075095,0.338007,-1.166020,-1.238883,1.285035,-0.005509,-0.000480,-0.022201,0.003691,-0.044511,-0.000027
10827.816000,-0.473169,0.075069,0.337838,-1.166323,-1.239181,1.284932,-0.005740,-0.000497,-0.021778,0.003684,-0.044564,-0.000012
10827.824000,-0.473212,0.075063,0.337671,-1.166567,-1.239474,1.284770,-0.005846,-0.000510,-0.021761,0.003924,-0.047435,0.000035
10827.832000,-0.473264,0.075072,0.337482,-1.166864,-1.239719,1.284558,-0.005634,-0.000487,-0.021625,0.003617,-0.043757,-0.000019
10827.840000,-0.473301,0.075072,0.337317,-1.167086,-1.240019,1.284360,-0.005623,-0.000487,-0.022198,0.003642,-0.044019,-0.000034
10827.848000,-0.473353,0.075062,0.337128,-1.167379,-1.240351,1.284159,-0.005988,-0.000526,-0.023086,0.004151,-0.050095,0.000034
10827.856000,-0.473400,0.075078,0.336946,-1.167702,-1.240593,1.283900,-0.005743,-0.000504,-0.022553,0.004003,-0.048294,0.000023
10827.864000,-0.473444,0.075061,0.336773,-1.167849,-1.240886,1.283759,-0.005032,-0.000437,-0.021774,0.003327,-0.040053,-0.000083
10827.872000,-0.473485,0.075063,0.336603,-1.168177,-1.241166,1.283564,-0.005872,-0.000519,-0.022822,0.004228,-0.050978,0.000057
10827.880000,-0.473548,0.075039,0.336392,-1.168550,-1.241600,1.283371,-0.006118,-0.000536,-0.021699,0.004222,-0.051108,0.000097
10827.888000,-0.473578,0.075037,0.336240,-1.168726,-1.241789,1.283227,-0.004811,-0.000416,-0.021121,0.003110,-0.037455,-0.000103
10827.896000,-0.473635,0.075027,0.336050,-1.168994,-1.242091,1.283043,-0.006055,-0.000522,-0.021567,0.003859,-0.046844,0.000033
10827.904000,-0.473674,0.075046,0.335878,-1.169305,-1.242384,1.282790,-0.005793,-0.000509,-0.022048,0.004054,-0.048973,0.000051
10827.912000,-0.473723,0.075029,0.335704,-1.169527,-1.242667,1.282648,-0.005316,-0.000473,-0.023399,0.003961,-0.047514,-0.000017
10827.920000,-0.473770,0.075015,0.335524,-1.169803,-1.242950,1.282488,-0.006037,-0.000531,-0.023206,0.004264,-0.051466,0.000053
10827.928000,-0.473817,0.075027,0.335321,-1.170170,-1.243349,1.282189,-0.006048,-0.000535,-0.023711,0.004413,-0.053200,0.000064
10827.936000,-0.473871,0.075025,0.335120,-1.170410,-1.243604,1.281961,-0.005213,-0.000451,-0.022679,0.003419,-0.041200,-0.000094
10827.944000,-0.473905,0.075015,0.334962,-1.170698,-1.243887,1.281827,-0.006259,-0.000541,-0.022755,0.004073,-0.049414,0.000035
10827.952000,-0.473962,0.074996,0.334764,-1.170982,-1.244284,1.281634,-0.006268,-0.000550,-0.023244,0.004399,-0.053182,0.000080
10827.960000,-0.474010,0.075002,0.334579,-1.171217,-1.244567,1.281419,-0.005317,-0.000457,-0.023319,0.003398,-0.040981,-0.000119
10827.968000,-0.474054,0.075019,0.334383,-1.171575,-1.244817,1.281164,-0.005520,-0.000478,-0.022123,0.003638,-0.044000,-0.000030
10827.976000,-0.474106,0.075000,0.334197,-1.171878,-1.245191,1.281003,-0.006429,-0.000573,-0.024130,0.004847,-0.058479,0.000135
10827.984000,-0.474151,0.074997,0.334009,-1.172116,-1.245461,1.280819,-0.005170,-0.000451,-0.023513,0.003561,-0.042805,-0.000096
10827.992000,-0.474189,0.074997,0.333833,-1.172395,-1.245718,1.280588,-0.006105,-0.000528,-0.023345,0.004023,-0.048745,0.000005
10828.000000,-0.474245,0.074987,0.333643,-1.172680,-1.246101,1.280410,-0.006476,-0.000579,-0.024995,0.004968,-0.059878,0.000129
10828.008000,-0.474290,0.075004,0.333442,-1.173020,-1.246362,1.280137,-0.006001,-0.000530,-0.024155,0.004364,-0.052646,0.000041
10828.016000,-0.474339,0.074977,0.333242,-1.173313,-1.246708,1.279979,-0.005987,-0.000520,-0.023432,0.004047,-0.048959,0.000006
10828.024000,-0.474389,0.074999,0.333050,-1.173600,-1.247034,1.279701,-0.006577,-0.000579,-0.024747,0.004731,-0.057238,0.000096
10828.032000,-0.474431,0.074979,0.332881,-1.173843,-1.247341,1.279523,-0.006060,-0.000525,-0.023337,0.004022,-0.048745,0.000006
10828.040000,-0.474484,0.074956,0.332674,-1.174140,-1.247661,1.279411,-0.005627,-0.000497,-0.024644,0.004143,-0.049803,-0.000020
10828.048000,-0.474536,0.074951,0.332466,-1.174462,-1.248040,1.279152,-0.006523,-0.000582,-0.025872,0.005009,-0.060346,0.000108
10828.056000,-0.474579,0.074948,0.332280,-1.174802,-1.248347,1.278953,-0.005956,-0.000522,-0.023675,0.004215,-0.050912,0.000030
10828.064000,-0.474630,0.074951,0.332084,-1.175034,-1.248611,1.278734,-0.005231,-0.000456,-0.023868,0.003645,-0.043841,-0.000090
10828.072000,-0.474678,0.074945,0.331873,-1.175381,-1.248986,1.278527,-0.006176,-0.000545,-0.024966,0.004507,-0.054375,0.000043
10828.080000,-0.474730,0.074941,0.331691,-1.175684,-1.249314,1.278293,-0.006423,-0.000560,-0.023798,0.004434,-0.053751,0.000072
10828.088000,-0.474770,0.074923,0.331513,-1.175909,-1.249555,1.278152,-0.005730,-0.000503,-0.025683,0.004102,-0.049335,-0.000062
10828.096000,-0.474818,0.074928,0.331315,-1.176214,-1.249900,1.277920,-0.006637,-0.000589,-0.026806,0.005010,-0.060399,0.000079
10828.104000,-0.474875,0.074939,0.331085,-1.176605,-1.250308,1.277599,-0.006591,-0.000583,-0.024879,0.004874,-0.058943,0.000120
10828.128000,-0.475028,0.074914,0.330479,-1.177575,-1.251371,1.276953,-0.006812,-0.000602,-0.025320,0.005020,-0.060754,0.000135
10828.136000,-0.475075,0.074905,0.330275,-1.177855,-1.251688,1.276739,-0.004997,-0.000432,-0.024459,0.003371,-0.040507,-0.000163
10828.144000,-0.475114,0.074901,0.330089,-1.178137,-1.251963,1.276568,-0.006438,-0.000562,-0.025137,0.004495,-0.054415,0.000039
10828.152000,-0.475175,0.074901,0.329865,-1.178546,-1.252390,1.276293,-0.006651,-0.000595,-0.026331,0.005222,-0.062969,0.000137
10828.160000,-0.475218,0.074910,0.329670,-1.178842,-1.252648,1.276064,-0.005284,-0.000466,-0.025644,0.003961,-0.047519,-0.000089
10828.168000,-0.475268,0.074899,0.329459,-1.179153,-1.253014,1.275851,-0.005884,-0.000519,-0.024911,0.004381,-0.052828,0.000021
10828.176000,-0.475324,0.074883,0.329243,-1.179470,-1.253449,1.275573,-0.006731,-0.000597,-0.026217,0.005088,-0.061475,0.000117
10828.184000,-0.475361,0.074897,0.329062,-1.179737,-1.253659,1.275400,-0.005047,-0.000430,-0.022380,0.003169,-0.038364,-0.000127
10828.192000,-0.475417,0.074895,0.328851,-1.180105,-1.253981,1.275155,-0.005923,-0.000515,-0.024900,0.004122,-0.049838,-0.000026
10828.200000,-0.475466,0.074872,0.328662,-1.180350,-1.254382,1.274922,-0.006774,-0.000603,-0.026636,0.005222,-0.063056,0.000129
10828.208000,-0.475515,0.074860,0.328454,-1.180608,-1.254690,1.274786,-0.005130,-0.000443,-0.024171,0.003492,-0.042060,-0.000127
10828.216000,-0.475564,0.074879,0.328240,-1.180969,-1.255004,1.274505,-0.006353,-0.000566,-0.026589,0.004970,-0.059917,0.000080
10828.224000,-0.475611,0.074879,0.328027,-1.181326,-1.255391,1.274250,-0.006692,-0.000589,-0.026466,0.004944,-0.059823,0.000083
10828.232000,-0.475658,0.074856,0.327848,-1.181569,-1.255651,1.274097,-0.005733,-0.000500,-0.025673,0.004088,-0.049288,-0.000060
10828.240000,-0.475717,0.074872,0.327592,-1.181993,-1.256095,1.273750,-0.006394,-0.000571,-0.027005,0.005070,-0.061111,0.000086
10828.248000,-0.475764,0.074857,0.327402,-1.182302,-1.256429,1.273549,-0.006426,-0.000574,-0.026950,0.005081,-0.061245,0.000090
10828.256000,-0.475816,0.074818,0.327195,-1.182549,-1.256802,1.273404,-0.005603,-0.000488,-0.025020,0.003967,-0.047836,-0.000062
10828.264000,-0.475859,0.074840,0.326979,-1.182934,-1.257141,1.273145,-0.006451,-0.000572,-0.026751,0.004949,-0.059736,0.000073
10828.272000,-0.475910,0.074850,0.326786,-1.183226,-1.257426,1.272868,-0.006512,-0.000573,-0.025556,0.004841,-0.058614,0.000094
10828.280000,-0.475947,0.074838,0.326601,-1.183475,-1.257739,1.272723,-0.005372,-0.000479,-0.026263,0.004298,-0.051560,-0.000043
10828.288000,-0.475996,0.074857,0.326372,-1.183878,-1.258100,1.272411,-0.006487,-0.000576,-0.027214,0.005064,-0.061135,0.000080
10828.296000,-0.476054,0.074840,0.326148,-1.184209,-1.258487,1.272203,-0.006376,-0.000562,-0.025157,0.004792,-0.058017,0.000098
10828.304000,-0.476089,0.074819,0.325984,-1.184407,-1.258761,1.272079,-0.005275,-0.000464,-0.025565,0.003997,-0.048036,-0.000076
10828.312000,-0.476153,0.074810,0.325724,-1.184847,-1.259207,1.271775,-0.006436,-0.000577,-0.027407,0.005223,-0.062926,0.000103
10828.320000,-0.476203,0.074799,0.325518,-1.185214,-1.259621,1.271516,-0.006685,-0.000603,-0.027726,0.005572,-0.067130,0.000160
10828.328000,-0.476256,0.074807,0.325289,-1.185527,-1.259958,1.271232,-0.005644,-0.000499,-0.027115,0.004389,-0.052760,-0.000051
10828.336000,-0.476313,0.074802,0.325039,-1.185961,-1.260397,1.270951,-0.006639,-0.000590,-0.027908,0.005191,-0.062664,0.000082
10828.344000,-0.476362,0.074796,0.324842,-1.186247,-1.260750,1.270740,-0.006266,-0.000558,-0.027387,0.004993,-0.060184,0.000060
10828.352000,-0.476402,0.074798,0.324634,-1.186541,-1.261067,1.270508,-0.005713,-0.000500,-0.026521,0.004251,-0.051247,-0.000055
10828.360000,-0.476459,0.074787,0.324409,-1.186910,-1.261451,1.270278,-0.006471,-0.000571,-0.026999,0.004926,-0.059545,0.000063
10828.368000,-0.476508,0.074812,0.324195,-1.187293,-1.261789,1.269961,-0.007054,-0.000631,-0.028803,0.005703,-0.068918,0.000154
10828.376000,-0.476556,0.074770,0.323976,-1.187588,-1.262153,1.269801,-0.005600,-0.000501,-0.027314,0.004584,-0.055033,-0.000020
10828.384000,-0.476606,0.074764,0.323752,-1.187922,-1.262591,1.269524,-0.006385,-0.000577,-0.028441,0.005412,-0.065109,0.000105
10828.392000,-0.476664,0.074756,0.323519,-1.188372,-1.263017,1.269301,-0.006822,-0.000610,-0.028010,0.005524,-0.066701,0.000145
10828.400000,-0.476704,0.074782,0.323309,-1.188653,-1.263273,1.269026,-0.005482,-0.000477,-0.025973,0.004010,-0.048381,-0.000083
10828.408000,-0.476760,0.074762,0.323087,-1.188987,-1.263649,1.268790,-0.006111,-0.000538,-0.026470,0.004658,-0.056287,0.000029
10828.416000,-0.476811,0.074753,0.322879,-1.189289,-1.264038,1.268511,-0.006575,-0.000588,-0.027251,0.005338,-0.064465,0.000135
10828.424000,-0.476858,0.074747,0.322663,-1.189592,-1.264379,1.268317,-0.005070,-0.000444,-0.025846,0.003854,-0.046316,-0.000111
10828.432000,-0.476903,0.074762,0.322434,-1.189997,-1.264710,1.268033,-0.006359,-0.000572,-0.027398,0.005320,-0.064173,0.000125
10828.440000,-0.476956,0.074726,0.322230,-1.190279,-1.265183,1.267820,-0.006410,-0.000576,-0.027936,0.005362,-0.064612,0.000115
10828.448000,-0.476995,0.074741,0.322020,-1.190580,-1.265431,1.267579,-0.005401,-0.000479,-0.027387,0.004332,-0.052039,-0.000070
10828.456000,-0.477048,0.074748,0.321779,-1.191009,-1.265834,1.267292,-0.006440,-0.000576,-0.028650,0.005311,-0.064049,0.000082
10828.464000,-0.477101,0.074723,0.321557,-1.191374,-1.266275,1.267101,-0.007128,-0.000638,-0.029473,0.005836,-0.070523,0.000159
10828.472000,-0.477149,0.074709,0.321337,-1.191620,-1.266631,1.266851,-0.005344,-0.000465,-0.026286,0.003938,-0.047449,-0.000107
10828.480000,-0.477201,0.074723,0.321096,-1.192059,-1.266984,1.266557,-0.006546,-0.000586,-0.028567,0.005416,-0.065349,0.000106
10828.488000,-0.477258,0.074730,0.320861,-1.192493,-1.267392,1.266245,-0.007132,-0.000646,-0.030295,0.006182,-0.074597,0.000198
10828.496000,-0.477299,0.074708,0.320627,-1.192742,-1.267767,1.266056,-0.005387,-0.000477,-0.027981,0.004342,-0.052139,-0.000087
10828.504000,-0.477354,0.074717,0.320389,-1.193162,-1.268237,1.265718,-0.006446,-0.000575,-0.028055,0.005272,-0.063687,0.000097
10828.512000,-0.477408,0.074720,0.320166,-1.193549,-1.268532,1.265501,-0.005480,-0.000481,-0.026335,0.004244,-0.051190,-0.000048
10828.520000,-0.477447,0.074706,0.319960,-1.193807,-1.268887,1.265277,-0.005832,-0.000516,-0.027724,0.004668,-0.056267,-0.000012
10828.528000,-0.477497,0.074709,0.319756,-1.194180,-1.269246,1.264993,-0.006731,-0.000610,-0.029730,0.005910,-0.071253,0.000164
10828.536000,-0.477549,0.074703,0.319516,-1.194538,-1.269663,1.264723,-0.005512,-0.000492,-0.028000,0.004633,-0.055688,-0.000030
10828.544000,-0.477592,0.074693,0.319293,-1.194852,-1.269985,1.264550,-0.005814,-0.000518,-0.028792,0.004830,-0.058120,-0.000017
10828.552000,-0.477657,0.074682,0.319047,-1.195257,-1.270455,1.264226,-0.006893,-0.000621,-0.029541,0.005907,-0.071325,0.000171
10828.560000,-0.477698,0.074676,0.318833,-1.195556,-1.270775,1.264068,-0.004922,-0.000428,-0.027143,0.003750,-0.045046,-0.000173
10828.568000,-0.477746,0.074677,0.318585,-1.195917,-1.271180,1.263771,-0.006323,-0.000567,-0.028956,0.005365,-0.064704,0.000084
10828.576000,-0.477794,0.074695,0.318370,-1.196322,-1.271542,1.263475,-0.007171,-0.000651,-0.031484,0.006367,-0.076847,0.000197
10828.584000,-0.477842,0.074677,0.318123,-1.196635,-1.271911,1.263215,-0.005580,-0.000502,-0.030219,0.004898,-0.058745,-0.000053
10828.592000,-0.477893,0.074671,0.317891,-1.197027,-1.272351,1.262935,-0.006890,-0.000620,-0.030529,0.005934,-0.071645,0.000145
10828.600000,-0.477949,0.074650,0.317649,-1.197357,-1.272753,1.262708,-0.005514,-0.000483,-0.028395,0.004331,-0.052154,-0.000099
10828.608000,-0.477995,0.074662,0.317417,-1.197725,-1.273072,1.262458,-0.006027,-0.000532,-0.029310,0.004840,-0.058389,-0.000029
10828.616000,-0.478050,0.074645,0.317168,-1.198123,-1.273533,1.262197,-0.006957,-0.000626,-0.030650,0.006013,-0.072620,0.000157
10828.624000,-0.478096,0.074638,0.316938,-1.198437,-1.273904,1.261898,-0.005188,-0.000465,-0.028716,0.004538,-0.054407,-0.000073
10828.632000,-0.478145,0.074639,0.316702,-1.198848,-1.274256,1.261690,-0.006629,-0.000599,-0.030208,0.005847,-0.070522,0.000138
10828.640000,-0.478199,0.074622,0.316467,-1.199171,-1.274713,1.261387,-0.006484,-0.000589,-0.030454,0.005848,-0.070431,0.000128
10828.648000,-0.478249,0.074608,0.316217,-1.199512,-1.275112,1.261127,-0.005386,-0.000482,-0.029141,0.004676,-0.056113,-0.000059
10828.656000,-0.478298,0.074615,0.315980,-1.199992,-1.275509,1.260840,-0.006510,-0.000587,-0.029740,0.005727,-0.069084,0.000131
10828.664000,-0.478350,0.074601,0.315741,-1.200264,-1.275939,1.260603,-0.005102,-0.000452,-0.028124,0.004286,-0.051446,-0.000100
10828.672000,-0.478375,0.074637,0.315549,-1.200570,-1.276128,1.260420,-0.005609,-0.000507,-0.029871,0.005085,-0.061091,-0.000002
10828.680000,-0.478438,0.074612,0.315266,-1.201022,-1.276683,1.260027,-0.006362,-0.000587,-0.031503,0.006181,-0.074275,0.000157
10828.688000,-0.478478,0.074604,0.315052,-1.201337,-1.277007,1.259812,-0.005141,-0.000465,-0.029201,0.004720,-0.056542,-0.000053
10828.696000,-0.478536,0.074602,0.314768,-1.201824,-1.277518,1.259491,-0.006041,-0.000540,-0.029752,0.005220,-0.062922,0.000031
10828.704000,-0.478576,0.074621,0.314530,-1.202177,-1.277868,1.259185,-0.006240,-0.000562,-0.030555,0.005534,-0.066725,0.000066
10828.712000,-0.478635,0.074581,0.314285,-1.202456,-1.278306,1.258981,-0.005700,-0.000513,-0.029984,0.005108,-0.061392,-0.000001
10828.720000,-0.478682,0.074606,0.314036,-1.202934,-1.278686,1.258651,-0.006442,-0.000589,-0.031830,0.006092,-0.073335,0.000131
10828.728000,-0.478723,0.074586,0.313808,-1.203261,-1.279070,1.258419,-0.005452,-0.000493,-0.029770,0.005024,-0.060317,-0.000011
10828.736000,-0.478773,0.074591,0.313558,-1.203618,-1.279453,1.258159,-0.006189,-0.000556,-0.030108,0.005461,-0.065884,0.000068
10828.744000,-0.478818,0.074586,0.313316,-1.204017,-1.279917,1.257855,-0.006441,-0.000584,-0.030701,0.005884,-0.070976,0.000131
10828.752000,-0.478869,0.074578,0.313084,-1.204325,-1.280296,1.257563,-0.005440,-0.000486,-0.029614,0.004798,-0.057695,-0.000047
10828.760000,-0.478913,0.074574,0.312846,-1.204719,-1.280644,1.257351,-0.006246,-0.000561,-0.030584,0.005524,-0.066644,0.000065
10828.768000,-0.478967,0.074574,0.312579,-1.205188,-1.281062,1.256999,-0.005848,-0.000536,-0.031361,0.005675,-0.068161,0.000064
10828.776000,-0.479006,0.074567,0.312333,-1.205510,-1.281453,1.256776,-0.005661,-0.000509,-0.030493,0.005118,-0.061550,-0.000014
10828.784000,-0.479055,0.074560,0.312101,-1.205849,-1.281864,1.256541,-0.006309,-0.000562,-0.029663,0.005410,-0.065421,0.000076
10828.792000,-0.479102,0.074556,0.311869,-1.206158,-1.282275,1.256238,-0.005395,-0.000488,-0.029944,0.005060,-0.060771,-0.000008
10828.800000,-0.479154,0.074566,0.311605,-1.206616,-1.282600,1.255971,-0.005828,-0.000528,-0.030856,0.005459,-0.065697,0.000042
10828.808000,-0.479198,0.074557,0.311361,-1.206950,-1.283039,1.255648,-0.006065,-0.000553,-0.031012,0.005782,-0.069624,0.000100
10828.816000,-0.479244,0.074553,0.311105,-1.207349,-1.283440,1.255384,-0.005632,-0.000506,-0.030609,0.005137,-0.061808,-0.000013
10828.824000,-0.479295,0.074538,0.310869,-1.207678,-1.283901,1.255155,-0.006273,-0.000572,-0.031760,0.005997,-0.072237,0.000118
10828.832000,-0.479339,0.074516,0.310625,-1.208069,-1.284308,1.254941,-0.005607,-0.000505,-0.030672,0.005183,-0.062314,-0.000006
10828.840000,-0.479392,0.074537,0.310346,-1.208514,-1.284729,1.254536,-0.006057,-0.000545,-0.031105,0.005512,-0.066467,0.000046
10828.848000,-0.479449,0.074502,0.310083,-1.208879,-1.285231,1.254298,-0.006104,-0.000546,-0.030766,0.005412,-0.065297,0.000039
10828.856000,-0.479486,0.074514,0.309869,-1.209184,-1.285484,1.254030,-0.005718,-0.000513,-0.031145,0.005214,-0.062754,-0.000015
10828.864000,-0.479538,0.074506,0.309616,-1.209548,-1.285921,1.253776,-0.005841,-0.000531,-0.031515,0.005608,-0.067454,0.000049
10828.872000,-0.479581,0.074484,0.309355,-1.209905,-1.286369,1.253529,-0.005707,-0.000515,-0.031040,0.005314,-0.063924,0.000008
10828.880000,-0.479624,0.074497,0.309116,-1.210297,-1.286715,1.253258,-0.005892,-0.000534,-0.031952,0.005588,-0.067240,0.000032
10828.888000,-0.479668,0.074500,0.308853,-1.210707,-1.287127,1.252946,-0.005890,-0.000532,-0.031251,0.005500,-0.066256,0.000039
10828.896000,-0.479719,0.074503,0.308589,-1.211111,-1.287550,1.252603,-0.005738,-0.000527,-0.032015,0.005766,-0.069293,0.000063
10828.904000,-0.479756,0.074516,0.308343,-1.211507,-1.287899,1.252349,-0.005457,-0.000498,-0.031537,0.005414,-0.065047,0.000010
10828.912000,-0.479819,0.074486,0.308062,-1.211888,-1.288450,1.252027,-0.005776,-0.000521,-0.031331,0.005438,-0.065497,0.000025
10828.920000,-0.479861,0.074478,0.307814,-1.212260,-1.288853,1.251751,-0.005684,-0.000513,-0.031220,0.005388,-0.064851,0.000018
10828.928000,-0.479909,0.074472,0.307563,-1.212597,-1.289229,1.251526,-0.005724,-0.000514,-0.031573,0.005324,-0.064111,-0.000006
10828.936000,-0.479951,0.074475,0.307316,-1.213023,-1.289598,1.251244,-0.005509,-0.000499,-0.031228,0.005339,-0.064201,0.000007
10828.944000,-0.479993,0.074458,0.307067,-1.213346,-1.290007,1.251021,-0.005465,-0.000504,-0.032054,0.005654,-0.067836,0.000039
10828.952000,-0.480043,0.074467,0.306791,-1.213784,-1.290435,1.250664,-0.005769,-0.000531,-0.032689,0.005908,-0.070999,0.000070
10828.960000,-0.480091,0.074451,0.306536,-1.214151,-1.290878,1.250384,-0.005387,-0.000486,-0.030552,0.005151,-0.061975,-0.000006
10828.968000,-0.480140,0.074441,0.306274,-1.214536,-1.291278,1.250134,-0.005742,-0.000521,-0.031096,0.005540,-0.066734,0.000053
10828.976000,-0.480189,0.074454,0.305996,-1.215009,-1.291760,1.249755,-0.005655,-0.000520,-0.032306,0.005799,-0.069704,0.000062
10828.984000,-0.480225,0.074439,0.305778,-1.215296,-1.292068,1.249581,-0.005433,-0.000496,-0.032614,0.005508,-0.066112,-0.000006
10828.992000,-0.480271,0.074435,0.305524,-1.215613,-1.292487,1.249268,-0.005639,-0.000518,-0.031861,0.005768,-0.069360,0.000071
10829.000000,-0.480315,0.074442,0.305256,-1.216110,-1.292917,1.248968,-0.005183,-0.000470,-0.031782,0.005172,-0.062094,-0.000044
10829.008000,-0.480349,0.074446,0.305025,-1.216354,-1.293242,1.248684,-0.005545,-0.000507,-0.031854,0.005615,-0.067550,0.000042
10829.016000,-0.480398,0.074430,0.304764,-1.216767,-1.293673,1.248431,-0.005317,-0.000487,-0.031252,0.005452,-0.065519,0.000029
10829.024000,-0.480439,0.074429,0.304504,-1.217100,-1.294108,1.248147,-0.005229,-0.000479,-0.031909,0.005409,-0.064941,-0.000001
10829.032000,-0.480484,0.074424,0.304246,-1.217501,-1.294541,1.247869,-0.005536,-0.000515,-0.033432,0.006025,-0.072317,0.000068
10829.040000,-0.480524,0.074424,0.303985,-1.217949,-1.294919,1.247563,-0.005592,-0.000516,-0.033485,0.005933,-0.071266,0.000049
10829.048000,-0.480580,0.074393,0.303696,-1.218300,-1.295484,1.247254,-0.005451,-0.000496,-0.031927,0.005485,-0.065955,0.000015
10829.056000,-0.480615,0.074397,0.303461,-1.218689,-1.295779,1.247048,-0.005673,-0.000517,-0.032895,0.005746,-0.069127,0.000034
10829.064000,-0.480669,0.074409,0.303170,-1.219136,-1.296261,1.246657,-0.005371,-0.000496,-0.032863,0.005753,-0.069078,0.000035
10829.072000,-0.480711,0.074390,0.302910,-1.219510,-1.296668,1.246395,-0.005276,-0.000481,-0.032853,0.005430,-0.065185,-0.000028
10829.080000,-0.480745,0.074414,0.302667,-1.219891,-1.296999,1.246111,-0.005184,-0.000476,-0.031819,0.005477,-0.065811,0.000017
10829.088000,-0.480792,0.074414,0.302388,-1.220264,-1.297447,1.245807,-0.005336,-0.000486,-0.032503,0.005463,-0.065711,-0.000007
10829.096000,-0.480830,0.074399,0.302156,-1.220583,-1.297806,1.245592,-0.005489,-0.000500,-0.032533,0.005604,-0.067455,0.000020
10829.104000,-0.480875,0.074407,0.301882,-1.221006,-1.298217,1.245263,-0.005072,-0.000468,-0.032646,0.005547,-0.066570,0.000002
10829.112000,-0.480911,0.074399,0.301639,-1.221324,-1.298608,1.244978,-0.005163,-0.000484,-0.034174,0.005959,-0.071408,0.000030
10829.120000,-0.480964,0.074393,0.301341,-1.221827,-1.299136,1.244638,-0.005395,-0.000501,-0.033014,0.005966,-0.071701,0.000073
10829.128000,-0.481008,0.074383,0.301071,-1.222169,-1.299550,1.244374,-0.005021,-0.000460,-0.032148,0.005371,-0.064497,-0.000015
10829.136000,-0.481044,0.074391,0.300838,-1.222531,-1.299862,1.244142,-0.005320,-0.000491,-0.033087,0.005793,-0.069633,0.000038
10829.144000,-0.481095,0.074379,0.300562,-1.222929,-1.300279,1.243817,-0.005466,-0.000501,-0.033649,0.005812,-0.069901,0.000024
10829.152000,-0.481141,0.074343,0.300290,-1.223292,-1.300828,1.243548,-0.005185,-0.000481,-0.033428,0.005797,-0.069541,0.000025
10829.160000,-0.481174,0.074365,0.300027,-1.223709,-1.301170,1.243225,-0.005078,-0.000471,-0.033335,0.005716,-0.068576,0.000013
10829.168000,-0.481220,0.074368,0.299753,-1.224124,-1.301598,1.242972,-0.005089,-0.000471,-0.032942,0.005686,-0.068280,0.000021
10829.176000,-0.481264,0.074360,0.299486,-1.224523,-1.302063,1.242621,-0.005012,-0.000464,-0.033173,0.005629,-0.067545,0.000002
10829.184000,-0.481304,0.074363,0.299229,-1.224880,-1.302433,1.242328,-0.004931,-0.000458,-0.033040,0.005605,-0.067253,0.000002
10829.192000,-0.481346,0.074359,0.298937,-1.225338,-1.302897,1.242015,-0.005108,-0.000483,-0.034594,0.006171,-0.073979,0.000060
10829.200000,-0.481389,0.074336,0.298669,-1.225731,-1.303383,1.241757,-0.005088,-0.000475,-0.034030,0.005899,-0.070750,0.000026
10829.208000,-0.481432,0.074332,0.298393,-1.226129,-1.303796,1.241473,-0.005166,-0.000473,-0.032685,0.005557,-0.066834,0.000007
10829.216000,-0.481470,0.074343,0.298151,-1.226502,-1.304155,1.241139,-0.005197,-0.000474,-0.032811,0.005515,-0.066380,-0.000005
10829.224000,-0.481510,0.074330,0.297880,-1.226922,-1.304605,1.240904,-0.005075,-0.000474,-0.034051,0.005920,-0.071036,0.000030
10829.232000,-0.481546,0.074340,0.297618,-1.227273,-1.305002,1.240564,-0.005174,-0.000480,-0.034081,0.005918,-0.071094,0.000030
10829.240000,-0.481591,0.074319,0.297353,-1.227656,-1.305464,1.240267,-0.004939,-0.000463,-0.034186,0.005916,-0.070917,0.000024
10829.248000,-0.481630,0.074323,0.297072,-1.228068,-1.305921,1.239983,-0.005112,-0.000474,-0.034563,0.005872,-0.070507,0.000005
10829.256000,-0.481675,0.074309,0.296795,-1.228474,-1.306345,1.239691,-0.005120,-0.000472,-0.033934,0.005761,-0.069222,0.000005
10829.264000,-0.481714,0.074308,0.296512,-1.228880,-1.306770,1.239360,-0.004882,-0.000459,-0.034720,0.005951,-0.071303,0.000014
10829.272000,-0.481749,0.074320,0.296235,-1.229273,-1.307224,1.239014,-0.005113,-0.000479,-0.035436,0.006149,-0.073783,0.000030
10829.280000,-0.481799,0.074293,0.295940,-1.229693,-1.307711,1.238723,-0.005129,-0.000472,-0.034466,0.005773,-0.069365,-0.000010
10829.288000,-0.481839,0.074307,0.295662,-1.230100,-1.308102,1.238404,-0.004832,-0.000437,-0.032423,0.005137,-0.061809,-0.000065
10829.296000,-0.481878,0.074285,0.295425,-1.230361,-1.308476,1.238192,-0.004925,-0.000454,-0.033757,0.005617,-0.067459,-0.000017
10829.304000,-0.481911,0.074306,0.295141,-1.230859,-1.308874,1.237858,-0.004865,-0.000451,-0.033931,0.005670,-0.068094,-0.000012
10829.312000,-0.481947,0.074301,0.294870,-1.231190,-1.309260,1.237596,-0.004679,-0.000433,-0.033725,0.005492,-0.065892,-0.000041
10829.320000,-0.481990,0.074266,0.294624,-1.231509,-1.309624,1.237394,-0.004846,-0.000456,-0.034807,0.006005,-0.071967,0.000022
10829.328000,-0.482025,0.074270,0.294338,-1.231912,-1.310086,1.237100,-0.004787,-0.000444,-0.033329,0.005606,-0.067320,-0.000004
10829.336000,-0.482065,0.074268,0.294063,-1.232347,-1.310542,1.236766,-0.004676,-0.000438,-0.033552,0.005721,-0.068619,0.000010
10829.344000,-0.482097,0.074268,0.293811,-1.232636,-1.310897,1.236522,-0.004994,-0.000466,-0.034538,0.005980,-0.071830,0.000029
10829.352000,-0.482142,0.074262,0.293512,-1.233126,-1.311353,1.236166,-0.004866,-0.000459,-0.035075,0.006092,-0.073057,0.000032
10829.360000,-0.482179,0.074264,0.293243,-1.233524,-1.311766,1.235881,-0.004457,-0.000420,-0.034405,0.005695,-0.068179,-0.000025
10829.368000,-0.482220,0.074265,0.292936,-1.233973,-1.312232,1.235557,-0.004958,-0.000462,-0.034791,0.005955,-0.071544,0.000017
10829.376000,-0.482248,0.074269,0.292702,-1.234257,-1.312604,1.235239,-0.004678,-0.000441,-0.035363,0.005974,-0.071600,-0.000001
10829.384000,-0.482282,0.074262,0.292438,-1.234669,-1.312989,1.234966,-0.004626,-0.000439,-0.035517,0.006030,-0.072235,0.000005
10829.392000,-0.482328,0.074255,0.292125,-1.235114,-1.313482,1.234654,-0.004268,-0.000406,-0.034568,0.005701,-0.068183,-0.000029
10829.400000,-0.482361,0.074242,0.291856,-1.235495,-1.313911,1.234367,-0.004558,-0.000429,-0.035133,0.005842,-0.069985,-0.000019
10829.408000,-0.482402,0.074231,0.291567,-1.235889,-1.314350,1.234091,-0.004698,-0.000435,-0.034376,0.005664,-0.067994,-0.000027
10829.416000,-0.482433,0.074252,0.291301,-1.236278,-1.314740,1.233728,-0.004265,-0.000399,-0.034002,0.005432,-0.065060,-0.000061
10829.424000,-0.482465,0.074254,0.291029,-1.236659,-1.315134,1.233455,-0.004554,-0.000436,-0.036106,0.006207,-0.074346,0.000020
10829.432000,-0.482505,0.074235,0.290723,-1.237122,-1.315670,1.233088,-0.004540,-0.000429,-0.035316,0.005917,-0.070917,-0.000009
10829.440000,-0.482550,0.074229,0.290421,-1.237557,-1.316169,1.232766,-0.004553,-0.000421,-0.034200,0.005524,-0.066327,-0.000047
10829.448000,-0.482582,0.074225,0.290160,-1.237923,-1.316562,1.232508,-0.004789,-0.000449,-0.035410,0.006026,-0.072370,0.000011
10829.456000,-0.482619,0.074239,0.289878,-1.238363,-1.316943,1.232188,-0.004620,-0.000433,-0.035554,0.005901,-0.070827,-0.000018
10829.464000,-0.482658,0.074223,0.289599,-1.238705,-1.317390,1.231908,-0.004747,-0.000445,-0.035233,0.006032,-0.072465,0.000019
10829.472000,-0.482686,0.074214,0.289329,-1.239079,-1.317841,1.231615,-0.004710,-0.000442,-0.036110,0.006061,-0.072733,-0.000005
10829.480000,-0.482727,0.074232,0.289039,-1.239530,-1.318207,1.231235,-0.004259,-0.000401,-0.034641,0.005632,-0.067506,-0.000042
10829.488000,-0.482764,0.074227,0.288757,-1.239924,-1.318661,1.230944,-0.004633,-0.000436,-0.035320,0.006004,-0.072117,0.000011
10829.496000,-0.482797,0.074201,0.288472,-1.240331,-1.319117,1.230694,-0.004334,-0.000409,-0.035812,0.005821,-0.069713,-0.000044
10829.504000,-0.482831,0.074202,0.288202,-1.240701,-1.319531,1.230397,-0.004622,-0.000438,-0.036398,0.006188,-0.074232,0.000010
10829.512000,-0.482863,0.074209,0.287916,-1.241098,-1.319956,1.230095,-0.004396,-0.000417,-0.035888,0.005979,-0.071672,-0.000014
10829.520000,-0.482900,0.074206,0.287610,-1.241532,-1.320426,1.229742,-0.004357,-0.000406,-0.035249,0.005648,-0.067760,-0.000057
10829.528000,-0.482940,0.074202,0.287308,-1.241926,-1.320883,1.229410,-0.004421,-0.000416,-0.035518,0.005885,-0.070616,-0.000019
10829.536000,-0.482972,0.074195,0.287031,-1.242348,-1.321261,1.229143,-0.004049,-0.000391,-0.036025,0.005959,-0.071265,-0.000025
10829.544000,-0.483004,0.074207,0.286731,-1.242808,-1.321756,1.228773,-0.004342,-0.000416,-0.036592,0.006177,-0.074036,0.000001
10829.552000,-0.483044,0.074193,0.286438,-1.243206,-1.322187,1.228486,-0.004382,-0.000404,-0.034919,0.005500,-0.066084,-0.000073
10829.560000,-0.483071,0.074192,0.286184,-1.243531,-1.322539,1.228216,-0.004126,-0.000384,-0.034302,0.005413,-0.064937,-0.000071
10829.568000,-0.483107,0.074193,0.285902,-1.243892,-1.322958,1.227909,-0.004548,-0.000433,-0.036675,0.006285,-0.075465,0.000022
10829.576000,-0.483144,0.074179,0.285595,-1.244374,-1.323466,1.227572,-0.004129,-0.000402,-0.036555,0.006245,-0.074742,0.000015
10829.584000,-0.483182,0.074186,0.285298,-1.244793,-1.323916,1.227233,-0.004128,-0.000393,-0.035391,0.005857,-0.070215,-0.000021
10829.592000,-0.483220,0.074147,0.285007,-1.245161,-1.324440,1.226961,-0.004265,-0.000400,-0.034667,0.005700,-0.068414,-0.000026
10829.600000,-0.483247,0.074179,0.284744,-1.245562,-1.324760,1.226647,-0.004266,-0.000403,-0.035340,0.005878,-0.070574,-0.000013
10829.608000,-0.483278,0.074170,0.284456,-1.245941,-1.325201,1.226342,-0.003809,-0.000366,-0.035101,0.005678,-0.067945,-0.000047
10829.616000,-0.483307,0.074170,0.284184,-1.246324,-1.325619,1.225986,-0.003721,-0.000358,-0.035092,0.005626,-0.067290,-0.000057
10829.624000,-0.483339,0.074171,0.283910,-1.246731,-1.325974,1.225773,-0.003828,-0.000370,-0.035226,0.005802,-0.069464,-0.000026
10829.632000,-0.483370,0.074145,0.283609,-1.247143,-1.326484,1.225469,-0.004074,-0.000392,-0.035303,0.005987,-0.071777,0.000008
10829.640000,-0.483405,0.074159,0.283317,-1.247563,-1.326922,1.225104,-0.003770,-0.000363,-0.034735,0.005691,-0.068146,-0.000032
10829.648000,-0.483432,0.074152,0.283044,-1.247947,-1.327308,1.224817,-0.003767,-0.000371,-0.036109,0.006083,-0.072741,-0.000002
10829.656000,-0.483463,0.074160,0.282748,-1.248346,-1.327769,1.224460,-0.003558,-0.000349,-0.036153,0.005843,-0.069793,-0.000050
10829.664000,-0.483494,0.074135,0.282454,-1.248756,-1.328245,1.224168,-0.003667,-0.000353,-0.035349,0.005633,-0.067367,-0.000064
10829.672000,-0.483526,0.074142,0.282188,-1.249137,-1.328590,1.223919,-0.003658,-0.000349,-0.034785,0.005469,-0.065466,-0.000076
10829.680000,-0.483550,0.074157,0.281905,-1.249526,-1.328961,1.223607,-0.003622,-0.000352,-0.035444,0.005774,-0.069087,-0.000039
10829.688000,-0.483585,0.074123,0.281599,-1.249903,-1.329494,1.223327,-0.003821,-0.000375,-0.036053,0.006137,-0.073467,0.000012
10829.696000,-0.483609,0.074155,0.281321,-1.250360,-1.329892,1.222953,-0.003655,-0.000353,-0.035452,0.005722,-0.068523,-0.000048
10829.704000,-0.483644,0.074139,0.281043,-1.250694,-1.330330,1.222676,-0.003510,-0.000340,-0.034729,0.005589,-0.066875,-0.000051
10829.712000,-0.483671,0.074124,0.280762,-1.251069,-1.330692,1.222407,-0.003117,-0.000309,-0.034321,0.005466,-0.065197,-0.000064
10829.720000,-0.483699,0.074124,0.280483,-1.251434,-1.331147,1.222104,-0.003050,-0.000313,-0.035951,0.005896,-0.070226,-0.000035
10829.728000,-0.483721,0.074135,0.280186,-1.251886,-1.331574,1.221737,-0.003209,-0.000323,-0.035417,0.005823,-0.069501,-0.000030
10829.736000,-0.483749,0.074120,0.279906,-1.252250,-1.332015,1.221446,-0.003237,-0.000320,-0.034070,0.005539,-0.066186,-0.000040
10829.744000,-0.483778,0.074117,0.279648,-1.252607,-1.332399,1.221189,-0.003214,-0.000316,-0.033994,0.005469,-0.065360,-0.000051
10829.752000,-0.483802,0.074127,0.279354,-1.253010,-1.332819,1.220833,-0.003169,-0.000317,-0.035384,0.005709,-0.068149,-0.000050
10829.760000,-0.483826,0.074095,0.279085,-1.253357,-1.333208,1.220665,-0.003107,-0.000310,-0.034787,0.005590,-0.066687,-0.000055
10829.768000,-0.483850,0.074105,0.278802,-1.253750,-1.333618,1.220315,-0.003207,-0.000319,-0.034648,0.005673,-0.067772,-0.000032
10829.776000,-0.483874,0.074132,0.278510,-1.254200,-1.333993,1.219959,-0.003133,-0.000312,-0.034181,0.005574,-0.066631,-0.000036
10829.784000,-0.483903,0.074085,0.278233,-1.254522,-1.334494,1.219769,-0.003091,-0.000304,-0.033401,0.005352,-0.063946,-0.000054
10829.792000,-0.483933,0.074109,0.277951,-1.254917,-1.334862,1.219365,-0.002890,-0.000295,-0.033730,0.005570,-0.066472,-0.000023
10829.800000,-0.483948,0.074111,0.277697,-1.255295,-1.335219,1.219141,-0.003156,-0.000321,-0.035371,0.005993,-0.071613,0.000007
10829.808000,-0.483972,0.074093,0.277440,-1.255602,-1.335619,1.218854,-0.003038,-0.000310,-0.035042,0.005867,-0.070036,-0.000008
10829.816000,-0.483995,0.074106,0.277164,-1.256003,-1.336064,1.218511,-0.002893,-0.000300,-0.035018,0.005890,-0.070274,-0.000003
10829.824000,-0.484029,0.074086,0.276867,-1.256434,-1.336513,1.218249,-0.002797,-0.000291,-0.034690,0.005784,-0.068941,-0.000014
10829.832000,-0.484043,0.074097,0.276610,-1.256775,-1.336884,1.217923,-0.002659,-0.000280,-0.034736,0.005737,-0.068339,-0.000025
10829.840000,-0.484067,0.074082,0.276322,-1.257190,-1.337315,1.217674,-0.002840,-0.000295,-0.034908,0.005850,-0.069773,-0.000007
10829.848000,-0.484088,0.074086,0.276045,-1.257541,-1.337728,1.217329,-0.003000,-0.000300,-0.033971,0.005562,-0.066487,-0.000030
10829.856000,-0.484109,0.074096,0.275773,-1.257925,-1.338093,1.217038,-0.002836,-0.000294,-0.034955,0.005833,-0.069615,-0.000011
10829.864000,-0.484136,0.074087,0.275476,-1.258372,-1.338577,1.216708,-0.002582,-0.000281,-0.035985,0.006126,-0.072925,0.000010
10829.872000,-0.484157,0.074091,0.275176,-1.258824,-1.339034,1.216367,-0.002718,-0.000283,-0.034958,0.005779,-0.068927,-0.000022
10829.880000,-0.484179,0.074087,0.274909,-1.259126,-1.339421,1.216089,-0.002832,-0.000283,-0.033876,0.005389,-0.064395,-0.000060
10829.888000,-0.484200,0.074074,0.274648,-1.259448,-1.339817,1.215828,-0.002623,-0.000273,-0.034581,0.005612,-0.066892,-0.000042
10829.896000,-0.484217,0.074083,0.274379,-1.259867,-1.340189,1.215541,-0.002693,-0.000282,-0.035279,0.005852,-0.069806,-0.000018
10829.904000,-0.484239,0.074075,0.274097,-1.260227,-1.340626,1.215231,-0.002577,-0.000270,-0.034300,0.005642,-0.067279,-0.000027
10829.912000,-0.484266,0.074078,0.273800,-1.260700,-1.341057,1.214921,-0.002408,-0.000258,-0.033740,0.005606,-0.066801,-0.000016
10829.920000,-0.484283,0.074071,0.273543,-1.261063,-1.341465,1.214640,-0.002425,-0.000260,-0.033986,0.005684,-0.067728,-0.000009
10829.928000,-0.484304,0.074076,0.273278,-1.261422,-1.341824,1.214329,-0.002417,-0.000256,-0.033937,0.005556,-0.066214,-0.000032
10829.936000,-0.484322,0.074070,0.273002,-1.261789,-1.342238,1.214024,-0.002285,-0.000249,-0.033724,0.005648,-0.067259,-0.000008
10829.944000,-0.484339,0.074066,0.272737,-1.262145,-1.342669,1.213738,-0.002241,-0.000245,-0.034170,0.005624,-0.066934,-0.000027
10829.952000,-0.484355,0.074075,0.272462,-1.262557,-1.343032,1.213457,-0.002304,-0.000243,-0.032992,0.005285,-0.062989,-0.000053
10829.960000,-0.484375,0.074071,0.272188,-1.262894,-1.343473,1.213154,-0.002477,-0.000259,-0.033218,0.005488,-0.065522,-0.000020
10829.968000,-0.484397,0.074048,0.271924,-1.263231,-1.343874,1.212892,-0.002318,-0.000252,-0.033761,0.005695,-0.067861,0.000001
10829.976000,-0.484405,0.074073,0.271656,-1.263645,-1.344234,1.212613,-0.002183,-0.000240,-0.034274,0.005652,-0.067298,-0.000024
10829.984000,-0.484427,0.074050,0.271384,-1.264000,-1.344689,1.212284,-0.002374,-0.000250,-0.033067,0.005419,-0.064647,-0.000029
10829.992000,-0.484448,0.074036,0.271140,-1.264275,-1.345048,1.212064,-0.002044,-0.000221,-0.032868,0.005192,-0.061742,-0.000069
10830.000000,-0.484462,0.074044,0.270867,-1.264675,-1.345427,1.211800,-0.001960,-0.000226,-0.034525,0.005762,-0.068472,-0.000013
10830.008000,-0.484477,0.074050,0.270616,-1.265016,-1.345783,1.211487,-0.002042,-0.000228,-0.033587,0.005567,-0.066251,-0.000019
10830.016000,-0.484495,0.074031,0.270337,-1.265372,-1.346233,1.211200,-0.001964,-0.000216,-0.033183,0.005262,-0.062549,-0.000065
10830.024000,-0.484510,0.074057,0.270064,-1.265823,-1.346534,1.210854,-0.001847,-0.000206,-0.032928,0.005219,-0.062023,-0.000065
10830.032000,-0.484522,0.074056,0.269816,-1.266082,-1.346934,1.210609,-0.001836,-0.000212,-0.033356,0.005497,-0.065353,-0.000025
10830.040000,-0.484544,0.074031,0.269534,-1.266488,-1.347389,1.210349,-0.001883,-0.000215,-0.033715,0.005521,-0.065625,-0.000032
10830.048000,-0.484553,0.074041,0.269278,-1.266827,-1.347723,1.210075,-0.001671,-0.000202,-0.033781,0.005642,-0.066976,-0.000012
10830.056000,-0.484571,0.074047,0.269016,-1.267228,-1.348128,1.209729,-0.001647,-0.000193,-0.032772,0.005273,-0.062606,-0.000050
10830.064000,-0.484585,0.074029,0.268747,-1.267574,-1.348536,1.209460,-0.001838,-0.000209,-0.033276,0.005387,-0.064044,-0.000044
10830.072000,-0.484592,0.074055,0.268477,-1.267949,-1.348872,1.209174,-0.001862,-0.000216,-0.034311,0.005687,-0.067665,-0.000018
10830.080000,-0.484607,0.074040,0.268239,-1.268226,-1.349248,1.208955,-0.001503,-0.000184,-0.033155,0.005369,-0.063690,-0.000045
10830.088000,-0.484623,0.074016,0.267934,-1.268649,-1.349757,1.208629,-0.001708,-0.000203,-0.033675,0.005597,-0.066489,-0.000016
10830.096000,-0.484636,0.074022,0.267684,-1.268958,-1.350061,1.208355,-0.001700,-0.000200,-0.033496,0.005485,-0.065166,-0.000032
10830.104000,-0.484652,0.074007,0.267412,-1.269320,-1.350514,1.208085,-0.001450,-0.000178,-0.033322,0.005322,-0.063078,-0.000060
10830.112000,-0.484660,0.074018,0.267144,-1.269735,-1.350867,1.207793,-0.001516,-0.000192,-0.033865,0.005760,-0.068371,0.000008
10830.144000,-0.484702,0.074029,0.266089,-1.271151,-1.352411,1.206618,-0.001402,-0.000182,-0.034260,0.005738,-0.068099,-0.000008
10830.152000,-0.484711,0.074017,0.265837,-1.271503,-1.352811,1.206340,-0.001386,-0.000169,-0.032688,0.005142,-0.060996,-0.000072
10830.160000,-0.484728,0.074011,0.265543,-1.271900,-1.353191,1.206071,-0.001380,-0.000171,-0.032107,0.005221,-0.061965,-0.000038
10830.168000,-0.484736,0.074017,0.265309,-1.272179,-1.353582,1.205800,-0.001263,-0.000162,-0.032799,0.005248,-0.062218,-0.000056
10830.168000,-0.484736,0.074017,0.265309,-1.272179,-1.353582,1.205800,-0.001263,-0.000162,-0.032799,0.005248,-0.062218,-0.000056
10830.176000,-0.484744,0.074021,0.265060,-1.272516,-1.353928,1.205550,-0.001211,-0.000160,-0.032663,0.005306,-0.062911,-0.000040
10830.192000,-0.484767,0.074003,0.264518,-1.273261,-1.354706,1.204984,-0.001265,-0.000159,-0.032266,0.005126,-0.060785,-0.000062
10830.200000,-0.484779,0.074013,0.264228,-1.273679,-1.355123,1.204666,-0.001417,-0.000168,-0.031563,0.004991,-0.059310,-0.000063
10830.208000,-0.484786,0.074007,0.263994,-1.273953,-1.355437,1.204430,-0.001224,-0.000151,-0.031817,0.004892,-0.058010,-0.000092
10830.216000,-0.484795,0.074017,0.263730,-1.274345,-1.355795,1.204143,-0.001292,-0.000168,-0.032899,0.005466,-0.064922,-0.000015
10830.224000,-0.484807,0.074004,0.263486,-1.274658,-1.356167,1.203900,-0.000943,-0.000137,-0.032145,0.005176,-0.061267,-0.000049
10830.232000,-0.484819,0.074016,0.263194,-1.275065,-1.356561,1.203544,-0.001200,-0.000158,-0.032262,0.005296,-0.062868,-0.000028
10830.240000,-0.484823,0.074010,0.262959,-1.275369,-1.356889,1.203320,-0.000810,-0.000124,-0.031502,0.005002,-0.059155,-0.000062
10830.240000,-0.484823,0.074010,0.262959,-1.275369,-1.356889,1.203320,-0.000810,-0.000124,-0.031502,0.005002,-0.059155,-0.000062
10830.256000,-0.484842,0.073990,0.262417,-1.276090,-1.357767,1.202707,-0.000780,-0.000126,-0.032247,0.005250,-0.062078,-0.000039
10830.256000,-0.484841,0.073993,0.262195,-1.276396,-1.358095,1.202485,-0.001265,-0.000159,-0.031424,0.005103,-0.060643,-0.000036
10830.272000,-0.484851,0.073999,0.261953,-1.276706,-1.358431,1.202198,-0.000740,-0.000116,-0.031489,0.004926,-0.058224,-0.000077
10830.272000,-0.484851,0.073999,0.261953,-1.276706,-1.358431,1.202198,-0.000740,-0.000116,-0.031489,0.004926,-0.058224,-0.000077
10830.288000,-0.484865,0.073993,0.261401,-1.277490,-1.359256,1.201651,-0.000555,-0.000107,-0.032154,0.005154,-0.060850,-0.000055
10830.296000,-0.484867,0.073998,0.261152,-1.277854,-1.359629,1.201286,-0.000923,-0.000134,-0.031085,0.005082,-0.060250,-0.000031
10830.304000,-0.484874,0.074001,0.260924,-1.278101,-1.359922,1.201080,-0.000729,-0.000118,-0.031411,0.005042,-0.059667,-0.000051
10830.312000,-0.484883,0.073982,0.260676,-1.278436,-1.360284,1.200869,-0.000769,-0.000125,-0.031794,0.005267,-0.062356,-0.000019
10830.320000,-0.484887,0.073986,0.260408,-1.278814,-1.360675,1.200584,-0.000535,-0.000102,-0.031984,0.005008,-0.059117,-0.000078
10830.328000,-0.484888,0.073980,0.260160,-1.279108,-1.361025,1.200336,-0.000714,-0.000119,-0.032132,0.005227,-0.061854,-0.000038
10830.336000,-0.484900,0.073973,0.259882,-1.279452,-1.361464,1.199995,-0.000679,-0.000114,-0.031440,0.005081,-0.060101,-0.000044
10830.344000,-0.484904,0.073991,0.259620,-1.279858,-1.361774,1.199719,-0.000409,-0.000090,-0.031188,0.004879,-0.057569,-0.000076
10830.352000,-0.484901,0.074000,0.259377,-1.280176,-1.362130,1.199452,-0.000553,-0.000114,-0.032726,0.005535,-0.065508,0.000002
10830.360000,-0.484908,0.073986,0.259121,-1.280468,-1.362539,1.199202,-0.000335,-0.000089,-0.032414,0.005168,-0.060965,-0.000061
10830.368000,-0.484902,0.073988,0.258877,-1.280795,-1.362865,1.198929,-0.000322,-0.000085,-0.031625,0.004979,-0.058734,-0.000071
10830.376000,-0.484903,0.073999,0.258636,-1.281111,-1.363156,1.198685,-0.000352,-0.000090,-0.031170,0.005055,-0.059709,-0.000041
10830.384000,-0.484910,0.073988,0.258372,-1.281506,-1.363522,1.198427,-0.000225,-0.000081,-0.031579,0.005094,-0.060081,-0.000048
10830.392000,-0.484919,0.073973,0.258097,-1.281852,-1.364025,1.198101,-0.000589,-0.000114,-0.031757,0.005388,-0.063818,0.000006
10830.400000,-0.484919,0.073978,0.257862,-1.282174,-1.364337,1.197877,-0.000442,-0.000090,-0.030049,0.004735,-0.055955,-0.000066
10830.408000,-0.484922,0.073974,0.257616,-1.282483,-1.364660,1.197600,-0.000227,-0.000077,-0.030563,0.004878,-0.057530,-0.000056
10830.416000,-0.484920,0.073997,0.257361,-1.282856,-1.365031,1.197256,-0.000124,-0.000076,-0.032325,0.005278,-0.062264,-0.000036
10830.424000,-0.484921,0.073981,0.257111,-1.283174,-1.365449,1.197043,-0.000095,-0.000063,-0.031348,0.004787,-0.056360,-0.000100
10830.432000,-0.484923,0.073990,0.256889,-1.283489,-1.365682,1.196797,-0.000079,-0.000056,-0.029623,0.004411,-0.051913,-0.000116
10830.440000,-0.484929,0.074000,0.256620,-1.283862,-1.366036,1.196507,-0.000174,-0.000071,-0.030856,0.004866,-0.057421,-0.000067
10830.448000,-0.484936,0.073946,0.256394,-1.284052,-1.366454,1.196337,-0.000043,-0.000062,-0.030929,0.004871,-0.057334,-0.000071
10830.456000,-0.484929,0.073974,0.256135,-1.284425,-1.366755,1.196059,-0.000080,-0.000067,-0.031080,0.004999,-0.058944,-0.000050
10830.464000,-0.484932,0.073993,0.255881,-1.284808,-1.367073,1.195748,0.000121,-0.000047,-0.029755,0.004675,-0.055017,-0.000070
10830.472000,-0.484934,0.073965,0.255631,-1.285119,-1.367534,1.195529,0.000031,-0.000059,-0.030348,0.004947,-0.058299,-0.000036
10830.480000,-0.484935,0.073974,0.255374,-1.285480,-1.367850,1.195214,0.000128,-0.000055,-0.031908,0.005218,-0.061456,-0.000035
10830.488000,-0.484928,0.073961,0.255146,-1.285747,-1.368217,1.194999,0.000290,-0.000044,-0.031220,0.005188,-0.061025,-0.000020
10830.496000,-0.484925,0.073992,0.254901,-1.286116,-1.368505,1.194676,0.000218,-0.000042,-0.030044,0.004811,-0.056622,-0.000053
10830.504000,-0.484920,0.074002,0.254670,-1.286429,-1.368858,1.194391,-0.000064,-0.000063,-0.030135,0.004840,-0.057158,-0.000048
10830.512000,-0.484924,0.073978,0.254400,-1.286740,-1.369226,1.194183,0.000430,-0.000021,-0.029687,0.004543,-0.053282,-0.000095
10830.520000,-0.484920,0.073966,0.254201,-1.286960,-1.369545,1.193983,0.000438,-0.000024,-0.029929,0.004716,-0.055350,-0.000069
10830.520000,-0.484920,0.073966,0.254201,-1.286960,-1.369545,1.193983,0.000438,-0.000024,-0.029929,0.004716,-0.055350,-0.000069
10830.528000,-0.484916,0.073976,0.253947,-1.287330,-1.369892,1.193716,0.000343,-0.000034,-0.030846,0.004933,-0.058002,-0.000056
10830.536000,-0.484905,0.074006,0.253705,-1.287610,-1.370181,1.193388,0.000232,-0.000040,-0.030313,0.004814,-0.056708,-0.000060
10830.552000,-0.484906,0.073976,0.253204,-1.288261,-1.370968,1.192876,0.000441,-0.000033,-0.031780,0.005300,-0.062363,-0.000015
10830.552000,-0.484906,0.073976,0.253204,-1.288261,-1.370968,1.192876,0.000441,-0.000033,-0.031780,0.005300,-0.062363,-0.000015
10830.568000,-0.484902,0.073976,0.252708,-1.288977,-1.371660,1.192376,0.000154,-0.000041,-0.029672,0.004622,-0.054449,-0.000076
10830.568000,-0.484902,0.073976,0.252708,-1.288977,-1.371660,1.192376,0.000154,-0.000041,-0.029672,0.004622,-0.054449,-0.000076
10830.584000,-0.484890,0.074000,0.252268,-1.289529,-1.372225,1.191863,0.000214,-0.000040,-0.029948,0.004792,-0.056503,-0.000052
10830.592000,-0.484893,0.073993,0.251988,-1.289952,-1.372650,1.191572,0.000453,-0.000022,-0.030185,0.004788,-0.056311,-0.000062
10830.600000,-0.484892,0.073977,0.251759,-1.290235,-1.372977,1.191340,0.000394,-0.000027,-0.030008,0.004818,-0.056698,-0.000050
10830.608000,-0.484882,0.073991,0.251547,-1.290474,-1.373259,1.191141,0.000455,-0.000014,-0.028898,0.004371,-0.051348,-0.000100
10830.616000,-0.484883,0.073992,0.251291,-1.290815,-1.373595,1.190876,0.000512,-0.000016,-0.029151,0.004621,-0.054329,-0.000060
10830.624000,-0.484881,0.073985,0.251086,-1.291053,-1.373883,1.190690,0.000741,0.000002,-0.028715,0.004554,-0.053406,-0.000061
10830.632000,-0.484877,0.073997,0.250827,-1.291435,-1.374283,1.190338,0.000776,0.000007,-0.029037,0.004489,-0.052608,-0.000084
10830.640000,-0.484864,0.073969,0.250628,-1.291666,-1.374549,1.190227,0.000920,0.000020,-0.028786,0.004369,-0.051060,-0.000100
10830.648000,-0.484861,0.073969,0.250385,-1.291906,-1.374924,1.189919,0.000807,0.000010,-0.029077,0.004469,-0.052331,-0.000089
10830.656000,-0.484860,0.073990,0.250136,-1.292304,-1.375164,1.189646,0.000778,-0.000000,-0.029713,0.004861,-0.057089,-0.000033
10830.664000,-0.484849,0.073988,0.249900,-1.292620,-1.375518,1.189416,0.001002,0.000022,-0.029508,0.004602,-0.053849,-0.000078
10830.672000,-0.484846,0.073985,0.249678,-1.292876,-1.375871,1.189190,0.000780,0.000008,-0.029292,0.004500,-0.052752,-0.000090
10830.680000,-0.484841,0.073968,0.249437,-1.293150,-1.376199,1.188992,0.000733,0.000007,-0.029329,0.004419,-0.051782,-0.000106
10830.688000,-0.484828,0.073976,0.249230,-1.293406,-1.376449,1.188752,0.001223,0.000038,-0.029251,0.004618,-0.053930,-0.000068
10830.696000,-0.484825,0.073988,0.248960,-1.293792,-1.376817,1.188428,0.000979,0.000020,-0.029531,0.004652,-0.054490,-0.000069
10830.704000,-0.484818,0.073967,0.248754,-1.294036,-1.377172,1.188274,0.000818,0.000013,-0.028998,0.004414,-0.051710,-0.000097
10830.704000,-0.484818,0.073967,0.248754,-1.294036,-1.377172,1.188274,0.000818,0.000013,-0.028998,0.004414,-0.051710,-0.000097
10830.720000,-0.484800,0.073977,0.248299,-1.294565,-1.377736,1.187753,0.000932,0.000021,-0.028843,0.004437,-0.051954,-0.000087
10830.728000,-0.484780,0.073992,0.248093,-1.294851,-1.377934,1.187551,0.001119,0.000035,-0.028230,0.004367,-0.051050,-0.000082
10830.736000,-0.484777,0.073976,0.247846,-1.295168,-1.378351,1.187335,0.000991,0.000021,-0.028929,0.004634,-0.054318,-0.000052
10830.744000,-0.484772,0.073993,0.247585,-1.295512,-1.378688,1.187031,0.000982,0.000027,-0.028046,0.004276,-0.050057,-0.000092
10830.752000,-0.484760,0.073994,0.247388,-1.295726,-1.378936,1.186838,0.000940,0.000024,-0.027566,0.004215,-0.049365,-0.000088
10830.760000,-0.484752,0.073989,0.247173,-1.295976,-1.379239,1.186620,0.001199,0.000036,-0.029035,0.004665,-0.054604,-0.000050
10830.768000,-0.484744,0.073985,0.246924,-1.296341,-1.379590,1.186346,0.001150,0.000031,-0.029184,0.004727,-0.055383,-0.000043
10830.776000,-0.484734,0.073972,0.246724,-1.296559,-1.379887,1.186184,0.001063,0.000038,-0.027258,0.004014,-0.046871,-0.000118
10830.784000,-0.484727,0.073980,0.246500,-1.296847,-1.380187,1.185902,0.000990,0.000028,-0.027252,0.004227,-0.049503,-0.000076
10830.792000,-0.484717,0.073990,0.246257,-1.297173,-1.380466,1.185705,0.001366,0.000053,-0.028636,0.004461,-0.052086,-0.000078
10830.800000,-0.484702,0.073984,0.246047,-1.297368,-1.380808,1.185456,0.001247,0.000045,-0.028565,0.004433,-0.051824,-0.000080
10830.808000,-0.484690,0.073976,0.245829,-1.297712,-1.381072,1.185260,0.001024,0.000035,-0.027311,0.004061,-0.047483,-0.000110
10830.816000,-0.484690,0.073970,0.245600,-1.297951,-1.381396,1.185018,0.000983,0.000034,-0.026671,0.003919,-0.045811,-0.000116
10830.824000,-0.484681,0.073990,0.245361,-1.298270,-1.381716,1.184762,0.001356,0.000053,-0.028337,0.004421,-0.051657,-0.000075
10830.832000,-0.484664,0.073991,0.245139,-1.298569,-1.382040,1.184517,0.001340,0.000053,-0.028026,0.004346,-0.050768,-0.000079
10830.840000,-0.484654,0.073985,0.244933,-1.298799,-1.382271,1.184362,0.001107,0.000042,-0.027222,0.004013,-0.046904,-0.000116
10830.848000,-0.484648,0.073981,0.244716,-1.299026,-1.382568,1.184125,0.001031,0.000035,-0.027059,0.004085,-0.047817,-0.000096
10830.856000,-0.484644,0.073969,0.244462,-1.299399,-1.382972,1.183858,0.001196,0.000042,-0.027499,0.004328,-0.050644,-0.000065
10830.864000,-0.484627,0.073999,0.244254,-1.299675,-1.383170,1.183633,0.001496,0.000074,-0.026643,0.003837,-0.044610,-0.000134
10830.872000,-0.484616,0.073998,0.244063,-1.299899,-1.383460,1.183422,0.001342,0.000055,-0.027340,0.004239,-0.049541,-0.000077
10830.880000,-0.484604,0.073978,0.243821,-1.300165,-1.383786,1.183202,0.001238,0.000047,-0.027695,0.004287,-0.050148,-0.000079
10830.888000,-0.484594,0.073994,0.243614,-1.300457,-1.384011,1.183031,0.001237,0.000050,-0.027117,0.004100,-0.047936,-0.000096
10830.896000,-0.484584,0.073978,0.243413,-1.300642,-1.384315,1.182815,0.001476,0.000066,-0.026848,0.004154,-0.048442,-0.000078
10830.904000,-0.484565,0.073998,0.243230,-1.300896,-1.384527,1.182571,0.001576,0.000070,-0.027457,0.004327,-0.050486,-0.000065
10830.912000,-0.484551,0.073996,0.242986,-1.301236,-1.384871,1.182372,0.001591,0.000080,-0.026633,0.003916,-0.045542,-0.000118
10830.920000,-0.484541,0.073997,0.242756,-1.301523,-1.385184,1.182115,0.001279,0.000057,-0.026083,0.003884,-0.045352,-0.000104
10830.928000,-0.484528,0.073971,0.242578,-1.301664,-1.385408,1.181983,0.001606,0.000077,-0.026999,0.004125,-0.048025,-0.000090
10830.936000,-0.484520,0.073975,0.242353,-1.301932,-1.385742,1.181739,0.001571,0.000074,-0.026895,0.004157,-0.048451,-0.000080
10830.944000,-0.484511,0.073985,0.242108,-1.302308,-1.386076,1.181406,0.001533,0.000074,-0.026942,0.004052,-0.047214,-0.000101
10830.952000,-0.484493,0.073993,0.241915,-1.302487,-1.386306,1.181278,0.001592,0.000083,-0.026255,0.003772,-0.043836,-0.000133
10830.960000,-0.484480,0.073992,0.241712,-1.302788,-1.386542,1.181060,0.001592,0.000082,-0.026171,0.003827,-0.044505,-0.000120
10830.968000,-0.484473,0.073994,0.241492,-1.303031,-1.386860,1.180862,0.001766,0.000091,-0.026827,0.004038,-0.046946,-0.000101
10830.976000,-0.484452,0.073991,0.241295,-1.303275,-1.387113,1.180652,0.001805,0.000092,-0.026864,0.004107,-0.047762,-0.000089
10830.984000,-0.484437,0.074001,0.241060,-1.303538,-1.387373,1.180456,0.001544,0.000082,-0.025871,0.003646,-0.042375,-0.000144
10830.992000,-0.484425,0.074002,0.240886,-1.303773,-1.387610,1.180279,0.001415,0.000069,-0.025714,0.003791,-0.044215,-0.000110
10831.000000,-0.484425,0.073985,0.240652,-1.304011,-1.387954,1.180036,0.001835,0.000103,-0.025496,0.003656,-0.042341,-0.000132
10831.008000,-0.484410,0.073987,0.240446,-1.304287,-1.388187,1.179851,0.001883,0.000107,-0.025941,0.003686,-0.042665,-0.000141
10831.016000,-0.484390,0.073992,0.240240,-1.304486,-1.388464,1.179645,0.001800,0.000097,-0.025676,0.003806,-0.044189,-0.000108
10831.024000,-0.484373,0.074007,0.240034,-1.304767,-1.388706,1.179397,0.001870,0.000104,-0.025254,0.003687,-0.042742,-0.000118
10831.032000,-0.484360,0.073989,0.239851,-1.304958,-1.388977,1.179252,0.001631,0.000093,-0.024704,0.003395,-0.039341,-0.000156
10831.040000,-0.484345,0.074003,0.239649,-1.305157,-1.389176,1.179044,0.001722,0.000096,-0.024653,0.003540,-0.041066,-0.000126
10831.048000,-0.484337,0.073985,0.239447,-1.305422,-1.389443,1.178919,0.002002,0.000115,-0.025658,0.003709,-0.042909,-0.000128
10831.056000,-0.484318,0.074010,0.239236,-1.305708,-1.389705,1.178634,0.001974,0.000114,-0.025807,0.003689,-0.042703,-0.000136
10831.064000,-0.484302,0.074011,0.239033,-1.305936,-1.389917,1.178477,0.001914,0.000113,-0.024485,0.003405,-0.039350,-0.000148
10831.072000,-0.484286,0.073979,0.238866,-1.306046,-1.390123,1.178468,0.001929,0.000110,-0.025369,0.003668,-0.042469,-0.000126
10831.080000,-0.484268,0.073994,0.238643,-1.306328,-1.390435,1.178153,0.002433,0.000147,-0.025597,0.003693,-0.042496,-0.000131
10831.088000,-0.484246,0.074013,0.238458,-1.306552,-1.390612,1.177954,0.002075,0.000124,-0.024730,0.003458,-0.039904,-0.000146
10831.096000,-0.484234,0.074022,0.238252,-1.306772,-1.390854,1.177710,0.002231,0.000138,-0.023809,0.003278,-0.037673,-0.000152
10831.104000,-0.484216,0.074025,0.238062,-1.306973,-1.391080,1.177572,0.001907,0.000117,-0.023802,0.003184,-0.036723,-0.000168
10831.112000,-0.484211,0.074000,0.237871,-1.307173,-1.391320,1.177418,0.001903,0.000108,-0.024818,0.003638,-0.042178,-0.000113
10831.120000,-0.484187,0.074010,0.237660,-1.307453,-1.391632,1.177197,0.002319,0.000132,-0.026496,0.004083,-0.047307,-0.000083
10831.128000,-0.484166,0.074012,0.237455,-1.307704,-1.391923,1.176951,0.002022,0.000118,-0.025054,0.003618,-0.041887,-0.000125
10831.136000,-0.484157,0.074015,0.237274,-1.307908,-1.392118,1.176844,0.001900,0.000118,-0.023703,0.003136,-0.036155,-0.000174
10831.144000,-0.484147,0.073990,0.237035,-1.308189,-1.392463,1.176607,0.001971,0.000120,-0.023850,0.003270,-0.037716,-0.000153
10831.152000,-0.484129,0.073995,0.236882,-1.308334,-1.392647,1.176478,0.001961,0.000111,-0.024809,0.003723,-0.043205,-0.000096
10831.160000,-0.484111,0.074010,0.236687,-1.308603,-1.392862,1.176234,0.002060,0.000125,-0.024054,0.003365,-0.038839,-0.000142
10831.168000,-0.484091,0.074005,0.236491,-1.308815,-1.393122,1.176065,0.002042,0.000120,-0.024604,0.003602,-0.041715,-0.000113
10831.168000,-0.484091,0.074005,0.236491,-1.308815,-1.393122,1.176065,0.002042,0.000120,-0.024604,0.003602,-0.041715,-0.000113
10831.184000,-0.484061,0.074025,0.236084,-1.309326,-1.393575,1.175659,0.002234,0.000144,-0.023133,0.003023,-0.034639,-0.000179
10831.192000,-0.484048,0.074020,0.235889,-1.309497,-1.393826,1.175471,0.002341,0.000148,-0.024261,0.003299,-0.037892,-0.000163
10831.200000,-0.484024,0.074003,0.235729,-1.309604,-1.394006,1.175392,0.002428,0.000151,-0.024848,0.003522,-0.040524,-0.000139
10831.208000,-0.484006,0.074011,0.235522,-1.309915,-1.394227,1.175207,0.002573,0.000165,-0.023754,0.003272,-0.037457,-0.000153
10831.216000,-0.483982,0.074005,0.235331,-1.310045,-1.394444,1.175078,0.002106,0.000136,-0.022653,0.002956,-0.033918,-0.000175
10831.224000,-0.483965,0.074013,0.235169,-1.310213,-1.394611,1.174914,0.002237,0.000143,-0.023141,0.003117,-0.035795,-0.000161
10831.232000,-0.483945,0.074002,0.234977,-1.310398,-1.394893,1.174736,0.002516,0.000161,-0.023375,0.003235,-0.037051,-0.000147
10831.240000,-0.483925,0.074034,0.234770,-1.310686,-1.395057,1.174506,0.002467,0.000163,-0.022593,0.002907,-0.033153,-0.000185
10831.248000,-0.483905,0.074040,0.234584,-1.310883,-1.395301,1.174311,0.002214,0.000137,-0.023151,0.003278,-0.037793,-0.000129
10831.256000,-0.483895,0.074019,0.234395,-1.311105,-1.395528,1.174175,0.002330,0.000157,-0.022147,0.002735,-0.031147,-0.000203
10831.264000,-0.483874,0.074013,0.234237,-1.311245,-1.395725,1.174070,0.002333,0.000158,-0.022037,0.002678,-0.030454,-0.000211
10831.272000,-0.483859,0.074001,0.234050,-1.311406,-1.395979,1.173913,0.002735,0.000182,-0.023236,0.003022,-0.034365,-0.000185
10831.280000,-0.483835,0.074031,0.233862,-1.311642,-1.396163,1.173709,0.002943,0.000199,-0.022994,0.002943,-0.033323,-0.000193
10831.288000,-0.483814,0.074034,0.233680,-1.311875,-1.396318,1.173568,0.002492,0.000168,-0.021825,0.002730,-0.031032,-0.000194
10831.296000,-0.483799,0.074030,0.233512,-1.312001,-1.396507,1.173410,0.002338,0.000159,-0.022358,0.002710,-0.030861,-0.000214
10831.304000,-0.483783,0.074021,0.233330,-1.312157,-1.396711,1.173262,0.002567,0.000175,-0.021630,0.002653,-0.030052,-0.000203
10831.312000,-0.483758,0.074032,0.233140,-1.312346,-1.396961,1.173061,0.002346,0.000152,-0.022710,0.003072,-0.035251,-0.000155
10831.320000,-0.483740,0.074043,0.232950,-1.312577,-1.397169,1.172907,0.002698,0.000180,-0.022820,0.002985,-0.033998,-0.000178
10831.328000,-0.483719,0.074053,0.232775,-1.312773,-1.397322,1.172723,0.002659,0.000174,-0.022276,0.003071,-0.035097,-0.000143
10831.336000,-0.483695,0.074049,0.232613,-1.312934,-1.397495,1.172607,0.002604,0.000179,-0.021385,0.002613,-0.029589,-0.000203
10831.344000,-0.483679,0.074022,0.232466,-1.312989,-1.397708,1.172580,0.002580,0.000176,-0.021061,0.002638,-0.029895,-0.000188
10831.352000,-0.483654,0.074037,0.232296,-1.313172,-1.397825,1.172426,0.002599,0.000171,-0.022692,0.003075,-0.035164,-0.000155
10831.360000,-0.483635,0.074041,0.232107,-1.313409,-1.398057,1.172196,0.002872,0.000195,-0.022621,0.002887,-0.032731,-0.000191
10831.368000,-0.483610,0.074051,0.231921,-1.313608,-1.398227,1.172015,0.003001,0.000207,-0.021698,0.002704,-0.030462,-0.000198
10831.376000,-0.483588,0.074044,0.231742,-1.313749,-1.398470,1.171883,0.002478,0.000166,-0.021854,0.002824,-0.032222,-0.000176
10831.384000,-0.483563,0.074057,0.231591,-1.313925,-1.398576,1.171778,0.002662,0.000181,-0.021854,0.002752,-0.031256,-0.000191
10831.392000,-0.483545,0.074040,0.231401,-1.314112,-1.398876,1.171601,0.002610,0.000173,-0.022420,0.003007,-0.034352,-0.000160
10831.400000,-0.483528,0.074061,0.231209,-1.314381,-1.399057,1.171369,0.002569,0.000170,-0.021986,0.002960,-0.033846,-0.000154
10831.408000,-0.483504,0.074058,0.231027,-1.314558,-1.399285,1.171185,0.002801,0.000194,-0.020853,0.002541,-0.028648,-0.000200
10831.416000,-0.483483,0.074064,0.230873,-1.314741,-1.399412,1.171099,0.002480,0.000168,-0.021172,0.002679,-0.030502,-0.000182
10831.424000,-0.483468,0.074052,0.230687,-1.314873,-1.399648,1.170971,0.002665,0.000182,-0.020831,0.002661,-0.030191,-0.000175
10831.432000,-0.483442,0.074054,0.230521,-1.315031,-1.399839,1.170799,0.002974,0.000205,-0.021480,0.002718,-0.030682,-0.000187
10831.440000,-0.483417,0.074042,0.230347,-1.315245,-1.400044,1.170738,0.002849,0.000192,-0.022395,0.002951,-0.033558,-0.000171
10831.448000,-0.483396,0.074041,0.230194,-1.315351,-1.400187,1.170563,0.002810,0.000197,-0.021098,0.002508,-0.028232,-0.000215
10831.456000,-0.483376,0.074051,0.230024,-1.315498,-1.400368,1.170435,0.002390,0.000169,-0.020404,0.002338,-0.026437,-0.000222
10831.464000,-0.483352,0.074061,0.229861,-1.315670,-1.400526,1.170260,0.002808,0.000198,-0.020639,0.002396,-0.026904,-0.000221
10831.472000,-0.483328,0.074062,0.229674,-1.315864,-1.400701,1.170129,0.002849,0.000196,-0.021552,0.002709,-0.030659,-0.000190
10831.480000,-0.483305,0.074063,0.229497,-1.316049,-1.400846,1.170043,0.002663,0.000185,-0.021639,0.002611,-0.029575,-0.000211
10831.488000,-0.483281,0.074066,0.229335,-1.316208,-1.401037,1.169871,0.003024,0.000213,-0.020787,0.002462,-0.027582,-0.000214
10831.496000,-0.483260,0.074072,0.229163,-1.316364,-1.401235,1.169710,0.002554,0.000182,-0.020027,0.002267,-0.025515,-0.000225
10831.504000,-0.483238,0.074055,0.229001,-1.316496,-1.401442,1.169610,0.002873,0.000208,-0.019201,0.002054,-0.022752,-0.000241
10831.512000,-0.483214,0.074068,0.228845,-1.316649,-1.401521,1.169525,0.002674,0.000191,-0.019577,0.002193,-0.024554,-0.000225
10831.520000,-0.483194,0.074062,0.228670,-1.316774,-1.401684,1.169353,0.002523,0.000180,-0.019855,0.002230,-0.025085,-0.000226
10831.528000,-0.483167,0.074073,0.228548,-1.316847,-1.401770,1.169301,0.003032,0.000220,-0.018605,0.001989,-0.021902,-0.000235
10831.536000,-0.483150,0.074058,0.228376,-1.317004,-1.401993,1.169154,0.002802,0.000198,-0.019862,0.002338,-0.026245,-0.000207
10831.544000,-0.483125,0.074063,0.228214,-1.317169,-1.402164,1.169040,0.003049,0.000218,-0.019572,0.002234,-0.024844,-0.000219
10831.552000,-0.483099,0.074085,0.228033,-1.317433,-1.402305,1.168843,0.002850,0.000203,-0.018411,0.002122,-0.023651,-0.000202
10831.560000,-0.483076,0.074079,0.227869,-1.317565,-1.402493,1.168744,0.002831,0.000197,-0.020927,0.002612,-0.029551,-0.000188
10831.568000,-0.483051,0.074071,0.227738,-1.317660,-1.402579,1.168695,0.003173,0.000222,-0.020295,0.002556,-0.028689,-0.000180
10831.576000,-0.483019,0.074086,0.227556,-1.317784,-1.402802,1.168522,0.002868,0.000207,-0.019039,0.002103,-0.023398,-0.000226
10831.584000,-0.483003,0.074085,0.227405,-1.317965,-1.402942,1.168367,0.002645,0.000190,-0.019542,0.002190,-0.024564,-0.000224
10831.592000,-0.482977,0.074094,0.227272,-1.318063,-1.402981,1.168307,0.002568,0.000185,-0.018485,0.002049,-0.022935,-0.000216
10831.600000,-0.482955,0.074077,0.227124,-1.318148,-1.403167,1.168236,0.002832,0.000204,-0.019199,0.002157,-0.024062,-0.000220
10831.608000,-0.482936,0.074073,0.226981,-1.318289,-1.403304,1.168130,0.003071,0.000214,-0.020105,0.002566,-0.028891,-0.000171
10831.616000,-0.482906,0.074093,0.226827,-1.318453,-1.403434,1.167962,0.003032,0.000212,-0.020131,0.002515,-0.028303,-0.000182
10831.624000,-0.482879,0.074123,0.226636,-1.318682,-1.403592,1.167779,0.002981,0.000215,-0.018754,0.002109,-0.023445,-0.000215
10831.632000,-0.482860,0.074096,0.226481,-1.318776,-1.403829,1.167661,0.002675,0.000193,-0.019106,0.002137,-0.023929,-0.000220
10831.640000,-0.482835,0.074089,0.226344,-1.318861,-1.403910,1.167672,0.002925,0.000207,-0.019601,0.002345,-0.026316,-0.000197
10831.648000,-0.482817,0.074101,0.226176,-1.319092,-1.404073,1.167448,0.002821,0.000204,-0.018732,0.002097,-0.023379,-0.000216
10831.656000,-0.482793,0.074105,0.226002,-1.319246,-1.404297,1.167299,0.002870,0.000206,-0.019148,0.002207,-0.024692,-0.000208
10831.664000,-0.482766,0.074098,0.225872,-1.319307,-1.404385,1.167223,0.002823,0.000200,-0.019374,0.002317,-0.026049,-0.000194
10831.672000,-0.482744,0.074116,0.225714,-1.319431,-1.404500,1.167078,0.002904,0.000208,-0.018969,0.002180,-0.024348,-0.000208
10831.680000,-0.482720,0.074123,0.225576,-1.319586,-1.404630,1.166982,0.002838,0.000207,-0.018012,0.001922,-0.021272,-0.000227
10831.688000,-0.482694,0.074120,0.225420,-1.319713,-1.404803,1.166839,0.002950,0.000215,-0.018329,0.001977,-0.021878,-0.000227
10831.696000,-0.482666,0.074115,0.225297,-1.319786,-1.404858,1.166853,0.003002,0.000217,-0.017913,0.002010,-0.022256,-0.000207
10831.704000,-0.482645,0.074123,0.225151,-1.319939,-1.404992,1.166716,0.003094,0.000228,-0.017972,0.001850,-0.020254,-0.000241
10831.712000,-0.482618,0.074107,0.224994,-1.319972,-1.405175,1.166617,0.003438,0.000250,-0.018489,0.002045,-0.022416,-0.000222
10831.720000,-0.482594,0.074112,0.224851,-1.320125,-1.405282,1.166560,0.003083,0.000226,-0.017917,0.001881,-0.020645,-0.000233
10831.728000,-0.482570,0.074118,0.224687,-1.320308,-1.405441,1.166367,0.002804,0.000205,-0.018573,0.001989,-0.022103,-0.000232
10831.736000,-0.482546,0.074108,0.224564,-1.320369,-1.405540,1.166318,0.003188,0.000230,-0.019155,0.002183,-0.024233,-0.000215
10831.744000,-0.482521,0.074111,0.224410,-1.320523,-1.405692,1.166182,0.003439,0.000254,-0.017592,0.001778,-0.019201,-0.000244
10831.752000,-0.482491,0.074122,0.224252,-1.320623,-1.405826,1.166070,0.003049,0.000226,-0.018097,0.001824,-0.019977,-0.000250
10831.760000,-0.482466,0.074112,0.224123,-1.320734,-1.405942,1.166033,0.003254,0.000240,-0.017603,0.001821,-0.019833,-0.000235
10831.768000,-0.482443,0.074126,0.223962,-1.320869,-1.406038,1.165909,0.002960,0.000222,-0.016818,0.001575,-0.017030,-0.000256
10831.776000,-0.482424,0.074100,0.223827,-1.320944,-1.406225,1.165817,0.003208,0.000240,-0.016962,0.001617,-0.017382,-0.000254
10831.784000,-0.482392,0.074134,0.223693,-1.321081,-1.406276,1.165735,0.003231,0.000241,-0.017020,0.001655,-0.017846,-0.000248
10831.792000,-0.482368,0.074124,0.223552,-1.321147,-1.406414,1.165650,0.003351,0.000248,-0.017629,0.001806,-0.019603,-0.000239
10831.800000,-0.482332,0.074163,0.223424,-1.321280,-1.406427,1.165511,0.003370,0.000243,-0.018534,0.002157,-0.023874,-0.000200
10831.808000,-0.482307,0.074165,0.223256,-1.321475,-1.406603,1.165379,0.003141,0.000235,-0.016471,0.001571,-0.016910,-0.000246
10831.816000,-0.482291,0.074145,0.223146,-1.321471,-1.406671,1.165345,0.002886,0.000220,-0.016341,0.001397,-0.014918,-0.000275
10831.824000,-0.482261,0.074143,0.223020,-1.321571,-1.406799,1.165314,0.003307,0.000252,-0.017418,0.001459,-0.015404,-0.000300
10831.832000,-0.482238,0.074142,0.222864,-1.321678,-1.406888,1.165208,0.003366,0.000256,-0.016780,0.001396,-0.014620,-0.000292
10831.840000,-0.482209,0.074139,0.222759,-1.321679,-1.406921,1.165190,0.003287,0.000246,-0.017305,0.001664,-0.017931,-0.000256
10831.848000,-0.482183,0.074135,0.222595,-1.321811,-1.407097,1.165063,0.003275,0.000244,-0.017407,0.001705,-0.018433,-0.000251
10831.856000,-0.482157,0.074129,0.222477,-1.321860,-1.407194,1.165033,0.003283,0.000244,-0.018109,0.001834,-0.019981,-0.000249
10831.864000,-0.482126,0.074160,0.222325,-1.321998,-1.407290,1.164871,0.003236,0.000243,-0.017100,0.001597,-0.017163,-0.000262
10831.872000,-0.482102,0.074151,0.222179,-1.322102,-1.407419,1.164803,0.003257,0.000246,-0.016587,0.001476,-0.015677,-0.000269
10831.880000,-0.482077,0.074162,0.222065,-1.322164,-1.407477,1.164755,0.003315,0.000247,-0.017306,0.001699,-0.018352,-0.000249
10831.888000,-0.482052,0.074177,0.221924,-1.322315,-1.407560,1.164628,0.003337,0.000242,-0.017893,0.002042,-0.022532,-0.000201
10831.896000,-0.482023,0.074146,0.221789,-1.322376,-1.407731,1.164565,0.003604,0.000263,-0.017985,0.002018,-0.022067,-0.000211
10831.904000,-0.481993,0.074170,0.221635,-1.322541,-1.407837,1.164438,0.003599,0.000269,-0.017106,0.001626,-0.017314,-0.000258
10831.912000,-0.481968,0.074179,0.221508,-1.322609,-1.407895,1.164355,0.003386,0.000258,-0.015612,0.001268,-0.013116,-0.000278
10831.920000,-0.481949,0.074171,0.221387,-1.322723,-1.408007,1.164267,0.003079,0.000239,-0.015317,0.001121,-0.011497,-0.000296
10831.928000,-0.481919,0.074175,0.221272,-1.322760,-1.408083,1.164253,0.003235,0.000244,-0.015992,0.001437,-0.015256,-0.000257
10831.936000,-0.481889,0.074179,0.221129,-1.322881,-1.408151,1.164171,0.003422,0.000256,-0.017578,0.001717,-0.018523,-0.000255
10831.936000,-0.481889,0.074179,0.221129,-1.322881,-1.408151,1.164171,0.003422,0.000256,-0.017578,0.001717,-0.018523,-0.000255
10831.952000,-0.481836,0.074159,0.220880,-1.322960,-1.408366,1.164065,0.003497,0.000266,-0.015792,0.001347,-0.014009,-0.000269
10831.960000,-0.481806,0.074167,0.220739,-1.323078,-1.408441,1.163994,0.003453,0.000264,-0.016258,0.001349,-0.014042,-0.000284
10831.968000,-0.481775,0.074170,0.220636,-1.323073,-1.408485,1.163947,0.003275,0.000251,-0.015231,0.001196,-0.012314,-0.000279
10831.976000,-0.481757,0.074160,0.220489,-1.323226,-1.408598,1.163903,0.003377,0.000254,-0.016653,0.001571,-0.016789,-0.000253
10831.984000,-0.481722,0.074153,0.220352,-1.323276,-1.408692,1.163818,0.004020,0.000302,-0.016350,0.001506,-0.015631,-0.000259
10831.992000,-0.481688,0.074190,0.220245,-1.323371,-1.408655,1.163755,0.003581,0.000273,-0.015489,0.001269,-0.013029,-0.000275
10832.000000,-0.481661,0.074176,0.220096,-1.323449,-1.408827,1.163639,0.003449,0.000260,-0.015943,0.001459,-0.015409,-0.000252
10832.008000,-0.481639,0.074183,0.219952,-1.323605,-1.408978,1.163505,0.003238,0.000246,-0.015859,0.001371,-0.014463,-0.000265
10832.016000,-0.481613,0.074181,0.219845,-1.323629,-1.409040,1.163521,0.003191,0.000256,-0.012777,0.000478,-0.003653,-0.000339
10832.024000,-0.481579,0.074200,0.219756,-1.323622,-1.409045,1.163473,0.003531,0.000278,-0.013549,0.000708,-0.006265,-0.000321
10832.032000,-0.481558,0.074199,0.219626,-1.323745,-1.409084,1.163419,0.003810,0.000293,-0.016185,0.001218,-0.012259,-0.000308
10832.040000,-0.481527,0.074205,0.219508,-1.323786,-1.409188,1.163342,0.003569,0.000283,-0.013243,0.000577,-0.004640,-0.000336
10832.048000,-0.481504,0.074197,0.219386,-1.323789,-1.409229,1.163298,0.003371,0.000263,-0.015105,0.001006,-0.009953,-0.000312
10832.056000,-0.481470,0.074204,0.219269,-1.323921,-1.409300,1.163253,0.003717,0.000283,-0.015929,0.001319,-0.013564,-0.000280
10832.064000,-0.481448,0.074200,0.219122,-1.323991,-1.409374,1.163210,0.003720,0.000289,-0.014524,0.000921,-0.008734,-0.000312
10832.072000,-0.481416,0.074196,0.219021,-1.324009,-1.409456,1.163168,0.003292,0.000256,-0.014044,0.000937,-0.009184,-0.000291
10832.080000,-0.481390,0.074189,0.218908,-1.324069,-1.409474,1.163157,0.003483,0.000271,-0.015139,0.001054,-0.010474,-0.000304
10832.088000,-0.481358,0.074204,0.218793,-1.324089,-1.409550,1.163104,0.003624,0.000285,-0.013775,0.000731,-0.006489,-0.000324
10832.096000,-0.481332,0.074211,0.218682,-1.324163,-1.409559,1.163012,0.003494,0.000269,-0.014591,0.001113,-0.011214,-0.000275
10832.104000,-0.481301,0.074217,0.218564,-1.324197,-1.409618,1.162994,0.003836,0.000295,-0.014987,0.001085,-0.010673,-0.000295
10832.112000,-0.481271,0.074207,0.218493,-1.324191,-1.409624,1.163040,0.003678,0.000285,-0.014679,0.001014,-0.009900,-0.000298
10832.120000,-0.481245,0.074211,0.218342,-1.324273,-1.409700,1.162941,0.003555,0.000279,-0.013789,0.000766,-0.006957,-0.000317
10832.128000,-0.481209,0.074237,0.218254,-1.324310,-1.409690,1.162860,0.003691,0.000290,-0.013911,0.000751,-0.006694,-0.000325
10832.144000,-0.481158,0.074218,0.218009,-1.324417,-1.409854,1.162790,0.003757,0.000291,-0.013616,0.000871,-0.008141,-0.000292
10832.152000,-0.481101,0.074241,0.217782,-1.324622,-1.409957,1.162651,0.003651,0.000279,-0.015114,0.001221,-0.012446,-0.000272
10832.168000,-0.481074,0.074214,0.217657,-1.324644,-1.410082,1.162624,0.003499,0.000279,-0.013298,0.000571,-0.004621,-0.000338
10832.176000,-0.481046,0.074243,0.217549,-1.324693,-1.410075,1.162581,0.003540,0.000275,-0.014325,0.000963,-0.009380,-0.000296
10832.184000,-0.481019,0.074233,0.217446,-1.324670,-1.410146,1.162559,0.003720,0.000289,-0.014271,0.000927,-0.008829,-0.000302
10832.192000,-0.480987,0.074233,0.217347,-1.324728,-1.410168,1.162508,0.003520,0.000280,-0.012178,0.000474,-0.003460,-0.000321
10832.200000,-0.480960,0.074222,0.217243,-1.324711,-1.410194,1.162531,0.004261,0.000328,-0.014997,0.001060,-0.010132,-0.000302
10832.208000,-0.480919,0.074253,0.217126,-1.324814,-1.410233,1.162435,0.004291,0.000329,-0.014320,0.001010,-0.009525,-0.000290
10832.216000,-0.480890,0.074243,0.217004,-1.324844,-1.410328,1.162401,0.003713,0.000294,-0.013301,0.000581,-0.004630,-0.000338
10832.216000,-0.480890,0.074243,0.217004,-1.324844,-1.410328,1.162401,0.003713,0.000294,-0.013301,0.000581,-0.004630,-0.000338
10832.232000,-0.480833,0.074255,0.216800,-1.324922,-1.410330,1.162350,0.003956,0.000317,-0.012531,0.000278,-0.000812,-0.000373
10832.240000,-0.480804,0.074251,0.216711,-1.324886,-1.410319,1.162385,0.003660,0.000294,-0.012674,0.000374,-0.002151,-0.000357
10832.248000,-0.480775,0.074248,0.216610,-1.324911,-1.410330,1.162374,0.004081,0.000319,-0.013705,0.000735,-0.006296,-0.000323
10832.256000,-0.480740,0.074260,0.216504,-1.324953,-1.410364,1.162364,0.003897,0.000308,-0.012183,0.000455,-0.003020,-0.000327
10832.264000,-0.480706,0.074270,0.216421,-1.324923,-1.410336,1.162325,0.003770,0.000304,-0.011766,0.000190,0.000143,-0.000364
10832.264000,-0.480706,0.074270,0.216421,-1.324923,-1.410336,1.162325,0.003770,0.000304,-0.011766,0.000190,0.000143,-0.000364
10832.280000,-0.480639,0.074278,0.216201,-1.324960,-1.410448,1.162254,0.003926,0.000312,-0.011358,0.000284,-0.000937,-0.000333
10832.288000,-0.480619,0.074261,0.216099,-1.325020,-1.410439,1.162269,0.003684,0.000294,-0.011978,0.000374,-0.002156,-0.000335
10832.288000,-0.480619,0.074261,0.216099,-1.325020,-1.410439,1.162269,0.003684,0.000294,-0.011978,0.000374,-0.002156,-0.000335
10832.304000,-0.480560,0.074260,0.215931,-1.324968,-1.410429,1.162276,0.003861,0.000312,-0.010751,0.000026,0.002164,-0.000363
10832.312000,-0.480532,0.074285,0.215799,-1.325080,-1.410463,1.162187,0.003586,0.000279,-0.014824,0.001014,-0.009977,-0.000302
10832.312000,-0.480532,0.074285,0.215799,-1.325080,-1.410463,1.162187,0.003586,0.000279,-0.014824,0.001014,-0.009977,-0.000302
10832.328000,-0.480467,0.074278,0.215611,-1.325108,-1.410524,1.162163,0.003629,0.000289,-0.012627,0.000463,-0.003269,-0.000338
10832.336000,-0.480436,0.074273,0.215499,-1.325115,-1.410592,1.162151,0.003729,0.000296,-0.011376,0.000355,-0.001921,-0.000319
10832.336000,-0.480436,0.074273,0.215499,-1.325115,-1.410592,1.162151,0.003729,0.000296,-0.011376,0.000355,-0.001921,-0.000319
10832.352000,-0.480375,0.074285,0.215322,-1.325161,-1.410591,1.162115,0.003482,0.000278,-0.011424,0.000349,-0.001989,-0.000320
10832.360000,-0.480347,0.074285,0.215227,-1.325123,-1.410608,1.162123,0.003975,0.000314,-0.012550,0.000487,-0.003373,-0.000332
10832.368000,-0.480316,0.074290,0.215087,-1.325212,-1.410662,1.162028,0.003906,0.000310,-0.012451,0.000448,-0.002938,-0.000336
10832.376000,-0.480287,0.074300,0.215000,-1.325278,-1.410618,1.162022,0.003622,0.000291,-0.010567,0.000132,0.000720,-0.000335
10832.384000,-0.480251,0.074301,0.214933,-1.325215,-1.410610,1.162051,0.003826,0.000299,-0.013618,0.000812,-0.007406,-0.000303
10832.392000,-0.480227,0.074287,0.214819,-1.325263,-1.410645,1.162058,0.004183,0.000335,-0.010716,0.000051,0.002041,-0.000359
10832.400000,-0.480200,0.074297,0.214721,-1.325228,-1.410677,1.162054,0.003481,0.000281,-0.011547,0.000254,-0.000828,-0.000342
10832.408000,-0.480167,0.074316,0.214649,-1.325279,-1.410576,1.162025,0.003918,0.000309,-0.011826,0.000463,-0.003134,-0.000313
10832.416000,-0.480137,0.074310,0.214575,-1.325164,-1.410611,1.162039,0.003513,0.000289,-0.010157,-0.000157,0.004183,-0.000377
10832.424000,-0.480107,0.074307,0.214492,-1.325166,-1.410580,1.162064,0.004027,0.000316,-0.012801,0.000615,-0.004906,-0.000316
10832.432000,-0.480077,0.074304,0.214387,-1.325193,-1.410624,1.162041,0.004096,0.000321,-0.012098,0.000554,-0.004146,-0.000305
10832.440000,-0.480039,0.074322,0.214307,-1.325187,-1.410592,1.162047,0.003971,0.000321,-0.011022,0.000036,0.002102,-0.000370
10832.440000,-0.480039,0.074322,0.214307,-1.325187,-1.410592,1.162047,0.003971,0.000321,-0.011022,0.000036,0.002102,-0.000370
10832.456000,-0.479980,0.074310,0.214110,-1.325204,-1.410623,1.162067,0.003940,0.000320,-0.010086,-0.000138,0.004199,-0.000373
10832.464000,-0.479953,0.074308,0.214013,-1.325219,-1.410662,1.162009,0.003555,0.000296,-0.010172,-0.000302,0.005980,-0.000406
10832.472000,-0.479925,0.074296,0.213946,-1.325134,-1.410642,1.162099,0.003842,0.000312,-0.010499,-0.000052,0.003095,-0.000369
10832.480000,-0.479898,0.074312,0.213841,-1.325203,-1.410619,1.162056,0.003873,0.000313,-0.010130,-0.000020,0.002704,-0.000351
10832.488000,-0.479860,0.074320,0.213759,-1.325209,-1.410607,1.162046,0.003993,0.000321,-0.010971,0.000100,0.001333,-0.000356
10832.496000,-0.479827,0.074325,0.213688,-1.325159,-1.410540,1.162057,0.003778,0.000311,-0.009525,-0.000313,0.006234,-0.000388
10832.504000,-0.479794,0.074343,0.213614,-1.325147,-1.410484,1.162085,0.003850,0.000305,-0.010714,0.000299,-0.001200,-0.000308
10832.512000,-0.479766,0.074323,0.213523,-1.325139,-1.410545,1.162076,0.003909,0.000311,-0.011041,0.000264,-0.000727,-0.000326
10832.520000,-0.479735,0.074353,0.213442,-1.325125,-1.410474,1.162063,0.003881,0.000323,-0.008626,-0.000622,0.010056,-0.000419
10832.528000,-0.479703,0.074342,0.213355,-1.325104,-1.410458,1.162068,0.004008,0.000320,-0.011997,0.000304,-0.001137,-0.000349
10832.536000,-0.479674,0.074335,0.213257,-1.325065,-1.410488,1.162101,0.004005,0.000338,-0.006757,-0.001081,0.015694,-0.000448
10832.544000,-0.479642,0.074350,0.213176,-1.325077,-1.410434,1.162094,0.003607,0.000300,-0.010282,-0.000312,0.006137,-0.000411
10832.552000,-0.479605,0.074366,0.213136,-1.324969,-1.410283,1.162155,0.004813,0.000380,-0.010597,0.000111,0.001646,-0.000346
10832.560000,-0.479572,0.074360,0.213052,-1.324944,-1.410278,1.162224,0.004173,0.000341,-0.008671,-0.000468,0.008328,-0.000392
10832.568000,-0.479541,0.074350,0.212995,-1.324903,-1.410247,1.162298,0.004542,0.000356,-0.012852,0.000543,-0.003748,-0.000333
10832.576000,-0.479506,0.074371,0.212896,-1.324960,-1.410259,1.162219,0.003686,0.000305,-0.007574,-0.000593,0.009563,-0.000379
10832.584000,-0.479481,0.074345,0.212820,-1.324888,-1.410267,1.162266,0.003493,0.000282,-0.012554,0.000403,-0.002630,-0.000345
10832.592000,-0.479455,0.074347,0.212729,-1.324847,-1.410267,1.162270,0.003752,0.000317,-0.006558,-0.000993,0.014470,-0.000423
10832.600000,-0.479419,0.074368,0.212644,-1.324913,-1.410204,1.162265,0.003336,0.000280,-0.008919,-0.000440,0.007522,-0.000390
10832.608000,-0.479389,0.074363,0.212575,-1.324834,-1.410233,1.162255,0.004239,0.000330,-0.014033,0.000880,-0.008021,-0.000304
10832.616000,-0.479361,0.074366,0.212470,-1.324855,-1.410240,1.162229,0.003588,0.000308,-0.005691,-0.001241,0.017398,-0.000443
10832.624000,-0.479328,0.074369,0.212412,-1.324847,-1.410161,1.162298,0.003955,0.000311,-0.013133,0.000676,-0.005709,-0.000313
10832.632000,-0.479295,0.074379,0.212343,-1.324774,-1.410065,1.162332,0.003763,0.000320,-0.006017,-0.001164,0.016562,-0.000439
10832.640000,-0.479262,0.074374,0.212268,-1.324720,-1.410014,1.162420,0.003468,0.000297,-0.007337,-0.000935,0.013623,-0.000436
10832.648000,-0.479230,0.074372,0.212211,-1.324644,-1.409932,1.162478,0.005135,0.000397,-0.010849,0.000471,-0.002585,-0.000285
10832.656000,-0.479199,0.074385,0.212155,-1.324562,-1.409820,1.162544,0.003448,0.000294,-0.007216,-0.000889,0.013035,-0.000423
10832.664000,-0.479170,0.074378,0.212099,-1.324466,-1.409737,1.162599,0.004618,0.000363,-0.011441,0.000365,-0.001565,-0.000322
10832.672000,-0.479138,0.074380,0.212021,-1.324442,-1.409709,1.162616,0.003293,0.000294,-0.005933,-0.001528,0.020750,-0.000504
10832.680000,-0.479100,0.074385,0.211985,-1.324308,-1.409599,1.162670,0.004288,0.000348,-0.009248,-0.000314,0.006513,-0.000381
10832.688000,-0.479072,0.074398,0.211857,-1.324429,-1.409625,1.162627,0.004436,0.000345,-0.013300,0.000778,-0.006687,-0.000301
10832.688000,-0.479072,0.074398,0.211857,-1.324429,-1.409625,1.162627,0.004436,0.000345,-0.013300,0.000778,-0.006687,-0.000301
10832.704000,-0.479005,0.074406,0.211706,-1.324348,-1.409626,1.162639,0.004476,0.000356,-0.012387,0.000302,-0.000858,-0.000364
10832.712000,-0.478971,0.074398,0.211635,-1.324304,-1.409577,1.162709,0.003827,0.000332,-0.005693,-0.001494,0.020638,-0.000492
10832.720000,-0.478947,0.074398,0.211551,-1.324263,-1.409626,1.162688,0.003641,0.000308,-0.008035,-0.000810,0.012205,-0.000435
10832.728000,-0.478909,0.074394,0.211507,-1.324163,-1.409429,1.162792,0.004092,0.000341,-0.008188,-0.000746,0.011676,-0.000429
10832.736000,-0.478880,0.074405,0.211448,-1.324133,-1.409367,1.162860,0.003439,0.000302,-0.005717,-0.001458,0.019972,-0.000484
10832.744000,-0.478846,0.074404,0.211420,-1.323959,-1.409199,1.162960,0.005038,0.000389,-0.013488,0.000834,-0.007034,-0.000299
10832.752000,-0.478813,0.074411,0.211342,-1.323964,-1.409144,1.163028,0.003495,0.000307,-0.003867,-0.001695,0.022868,-0.000470
10832.760000,-0.478776,0.074414,0.211313,-1.323778,-1.409059,1.163066,0.004926,0.000381,-0.013305,0.000804,-0.006733,-0.000299
10832.768000,-0.478743,0.074428,0.211230,-1.323785,-1.409013,1.163069,0.003574,0.000317,-0.002782,-0.002016,0.026828,-0.000498
10832.776000,-0.478708,0.074433,0.211170,-1.323752,-1.408879,1.163147,0.004237,0.000342,-0.010533,-0.000052,0.003302,-0.000371
10832.784000,-0.478683,0.074414,0.211082,-1.323672,-1.408881,1.163160,0.005354,0.000418,-0.010262,0.000196,0.000879,-0.000320
10832.784000,-0.478683,0.074414,0.211082,-1.323672,-1.408881,1.163160,0.005354,0.000418,-0.010262,0.000196,0.000879,-0.000320
10832.800000,-0.478613,0.074448,0.210979,-1.323594,-1.408673,1.163241,0.004955,0.000382,-0.012992,0.000795,-0.006628,-0.000290
10832.808000,-0.478581,0.074427,0.210914,-1.323465,-1.408679,1.163392,0.003397,0.000308,-0.003674,-0.002070,0.027406,-0.000536
10832.816000,-0.478548,0.074431,0.210864,-1.323334,-1.408554,1.163460,0.004648,0.000361,-0.011891,0.000620,-0.004680,-0.000287
10832.824000,-0.478520,0.074441,0.210797,-1.323357,-1.408481,1.163474,0.003309,0.000301,-0.002406,-0.002202,0.028953,-0.000520
10832.832000,-0.478491,0.074440,0.210739,-1.323227,-1.408412,1.163489,0.004141,0.000340,-0.009205,-0.000422,0.007749,-0.000399
10832.840000,-0.478454,0.074456,0.210687,-1.323178,-1.408277,1.163528,0.003729,0.000336,-0.001027,-0.002567,0.033637,-0.000548
10832.848000,-0.478425,0.074445,0.210658,-1.323058,-1.408173,1.163673,0.003986,0.000333,-0.006697,-0.000922,0.013735,-0.000414
10832.856000,-0.478391,0.074445,0.210614,-1.322957,-1.408068,1.163804,0.005068,0.000407,-0.006013,-0.000746,0.012167,-0.000364
10832.864000,-0.478358,0.074451,0.210542,-1.322869,-1.408032,1.163759,0.003864,0.000331,-0.005632,-0.001341,0.018775,-0.000460
10832.872000,-0.478321,0.074445,0.210509,-1.322763,-1.407921,1.163913,0.006182,0.000477,-0.010384,0.000332,-0.000322,-0.000302
10832.880000,-0.478283,0.074467,0.210463,-1.322689,-1.407725,1.163986,0.003911,0.000338,-0.004369,-0.001659,0.022678,-0.000481
10832.888000,-0.478256,0.074444,0.210389,-1.322663,-1.407722,1.164016,0.005088,0.000393,-0.012943,0.000753,-0.006040,-0.000297
10832.896000,-0.478224,0.074454,0.210352,-1.322515,-1.407597,1.164137,0.003888,0.000347,-0.002396,-0.002332,0.030862,-0.000547
10832.904000,-0.478183,0.074458,0.210298,-1.322423,-1.407511,1.164195,0.004167,0.000343,-0.008329,-0.000576,0.009627,-0.000401
10832.912000,-0.478153,0.074455,0.210232,-1.322389,-1.407437,1.164272,0.004544,0.000372,-0.007299,-0.000730,0.011707,-0.000399
10832.920000,-0.478110,0.074460,0.210201,-1.322247,-1.407355,1.164374,0.004112,0.000344,-0.005613,-0.001133,0.016358,-0.000420
10832.928000,-0.478085,0.074477,0.210119,-1.322238,-1.407269,1.164336,0.004596,0.000370,-0.011349,-0.000020,0.003122,-0.000393
10832.936000,-0.478048,0.074481,0.210079,-1.322127,-1.407133,1.164419,0.003828,0.000333,-0.002285,-0.001950,0.026151,-0.000469
10832.944000,-0.478015,0.074490,0.210028,-1.322060,-1.407041,1.164471,0.004131,0.000327,-0.013505,0.000604,-0.004739,-0.000339
10832.952000,-0.477981,0.074483,0.209974,-1.322002,-1.406948,1.164542,0.003803,0.000336,-0.000976,-0.002306,0.030465,-0.000496
10832.960000,-0.477956,0.074490,0.209960,-1.321847,-1.406773,1.164672,0.004139,0.000337,-0.011394,-0.000053,0.003278,-0.000398
10832.968000,-0.477920,0.074493,0.209897,-1.321752,-1.406702,1.164715,0.003519,0.000323,-0.000159,-0.002745,0.035686,-0.000553
10832.976000,-0.477883,0.074510,0.209886,-1.321596,-1.406450,1.164843,0.003667,0.000311,-0.005941,-0.001082,0.015501,-0.000419
10832.984000,-0.477853,0.074493,0.209818,-1.321544,-1.406437,1.164934,0.005865,0.000449,-0.009365,0.000416,-0.001560,-0.000251
10832.992000,-0.477822,0.074503,0.209771,-1.321438,-1.406358,1.165021,0.003622,0.000308,-0.006923,-0.000996,0.014441,-0.000433
10833.000000,-0.477792,0.074488,0.209719,-1.321371,-1.406265,1.165071,0.006005,0.000460,-0.009942,0.000455,-0.001942,-0.000263
10833.008000,-0.477757,0.074489,0.209668,-1.321232,-1.406190,1.165146,0.003131,0.000283,-0.004832,-0.001690,0.022618,-0.000497
10833.016000,-0.477722,0.074516,0.209589,-1.321239,-1.406114,1.165123,0.005539,0.000427,-0.010238,0.000425,-0.001829,-0.000276
10833.024000,-0.477697,0.074501,0.209530,-1.321183,-1.406050,1.165223,0.002989,0.000274,-0.005291,-0.001745,0.023229,-0.000522
10833.032000,-0.477658,0.074525,0.209507,-1.320989,-1.405916,1.165269,0.005085,0.000397,-0.008989,0.000090,0.001986,-0.000298
10833.040000,-0.477630,0.074515,0.209449,-1.321026,-1.405783,1.165361,0.003013,0.000278,-0.005784,-0.001762,0.023463,-0.000541
10833.048000,-0.477595,0.074526,0.209426,-1.320786,-1.405680,1.165424,0.004050,0.000346,-0.004252,-0.001547,0.021379,-0.000456
10833.056000,-0.477562,0.074517,0.209384,-1.320662,-1.405574,1.165551,0.004705,0.000378,-0.009599,-0.000211,0.005482,-0.000373
10833.064000,-0.477528,0.074529,0.209354,-1.320584,-1.405394,1.165700,0.003604,0.000324,-0.002119,-0.002293,0.030240,-0.000529
10833.072000,-0.477495,0.074512,0.209357,-1.320385,-1.405238,1.165823,0.005546,0.000429,-0.012327,0.000620,-0.004175,-0.000305
10833.080000,-0.477465,0.074503,0.209299,-1.320285,-1.405126,1.165940,0.003383,0.000305,-0.003593,-0.001997,0.026488,-0.000517
10833.088000,-0.477429,0.074527,0.209271,-1.320148,-1.404985,1.166004,0.005818,0.000455,-0.007142,-0.000241,0.006423,-0.000305
10833.096000,-0.477396,0.074525,0.209222,-1.320094,-1.404877,1.166092,0.003195,0.000298,-0.004515,-0.002228,0.029254,-0.000591
10833.104000,-0.477355,0.074533,0.209183,-1.319931,-1.404763,1.166162,0.004855,0.000400,-0.004625,-0.001290,0.018688,-0.000422
10833.112000,-0.477326,0.074548,0.209169,-1.319829,-1.404568,1.166266,0.002763,0.000258,-0.007240,-0.001533,0.020557,-0.000542
10833.120000,-0.477296,0.074539,0.209131,-1.319689,-1.404443,1.166407,0.005065,0.000412,-0.005395,-0.001041,0.015774,-0.000400
10833.128000,-0.477257,0.074541,0.209085,-1.319607,-1.404384,1.166461,0.003970,0.000326,-0.010712,-0.000195,0.004901,-0.000402
10833.136000,-0.477219,0.074551,0.209046,-1.319519,-1.404186,1.166588,0.003835,0.000338,-0.004242,-0.001914,0.025769,-0.000525
10833.144000,-0.477192,0.074547,0.209038,-1.319327,-1.404026,1.166715,0.005848,0.000454,-0.007428,-0.000068,0.004321,-0.000281
10833.152000,-0.477159,0.074564,0.208972,-1.319257,-1.403940,1.166684,0.003202,0.000291,-0.004394,-0.001877,0.024964,-0.000519
10833.152000,-0.477159,0.074564,0.208972,-1.319257,-1.403940,1.166684,0.003202,0.000291,-0.004394,-0.001877,0.024964,-0.000519
10833.168000,-0.477091,0.074556,0.208917,-1.318943,-1.403635,1.166992,0.003278,0.000302,-0.004128,-0.002168,0.028557,-0.000567
10833.176000,-0.477056,0.074553,0.208921,-1.318718,-1.403438,1.167146,0.005628,0.000450,-0.007226,-0.000659,0.011443,-0.000387
10833.184000,-0.477018,0.074559,0.208856,-1.318685,-1.403342,1.167170,0.003804,0.000329,-0.006075,-0.001419,0.019706,-0.000488
10833.192000,-0.476979,0.074567,0.208831,-1.318557,-1.403165,1.167308,0.004388,0.000373,-0.004951,-0.001588,0.022083,-0.000487
10833.200000,-0.476943,0.074580,0.208811,-1.318429,-1.403016,1.167418,0.005053,0.000416,-0.003379,-0.001503,0.021383,-0.000423
10833.200000,-0.476943,0.074580,0.208811,-1.318429,-1.403016,1.167418,0.005053,0.000416,-0.003379,-0.001503,0.021383,-0.000423
10833.216000,-0.476879,0.074570,0.208751,-1.318162,-1.402745,1.167630,0.005807,0.000455,-0.007229,-0.000270,0.006762,-0.000313
10833.224000,-0.476852,0.074581,0.208712,-1.318072,-1.402635,1.167731,0.003601,0.000322,-0.001876,-0.002267,0.029915,-0.000515
10833.232000,-0.476815,0.074596,0.208696,-1.317921,-1.402456,1.167810,0.005993,0.000472,-0.007007,-0.000464,0.009251,-0.000344
10833.240000,-0.476780,0.074586,0.208675,-1.317777,-1.402325,1.167975,0.003215,0.000290,-0.004868,-0.001729,0.023163,-0.000506
10833.248000,-0.476752,0.074589,0.208653,-1.317625,-1.402107,1.168051,0.005886,0.000469,-0.006653,-0.000718,0.012294,-0.000381
10833.256000,-0.476715,0.074597,0.208618,-1.317521,-1.401971,1.168154,0.003956,0.000350,0.000283,-0.002584,0.033953,-0.000508
10833.264000,-0.476682,0.074591,0.208613,-1.317281,-1.401800,1.168336,0.005387,0.000420,-0.010781,0.000317,-0.000592,-0.000312
10833.272000,-0.476646,0.074595,0.208577,-1.317206,-1.401670,1.168422,0.004011,0.000361,0.000968,-0.002968,0.038678,-0.000560
10833.280000,-0.476609,0.074597,0.208555,-1.317016,-1.401509,1.168549,0.004472,0.000369,-0.008425,-0.000688,0.011171,-0.000426
10833.288000,-0.476564,0.074597,0.208534,-1.316847,-1.401295,1.168693,0.005318,0.000436,-0.004091,-0.001395,0.020218,-0.000426
10833.296000,-0.476539,0.074603,0.208491,-1.316753,-1.401200,1.168777,0.003743,0.000324,-0.005600,-0.001456,0.020121,-0.000479
10833.304000,-0.476503,0.074612,0.208489,-1.316564,-1.400957,1.168945,0.005482,0.000444,-0.005627,-0.001040,0.015995,-0.000408
10833.312000,-0.476475,0.074614,0.208440,-1.316509,-1.400862,1.169020,0.003729,0.000337,-0.001488,-0.002533,0.033236,-0.000554
10833.320000,-0.476440,0.074611,0.208457,-1.316205,-1.400662,1.169179,0.005003,0.000407,-0.006723,-0.000846,0.013366,-0.000404
10833.328000,-0.476411,0.074599,0.208405,-1.316176,-1.400552,1.169273,0.003788,0.000340,-0.000096,-0.002649,0.034640,-0.000531
10833.336000,-0.476380,0.074613,0.208389,-1.315945,-1.400384,1.169342,0.005025,0.000409,-0.007542,-0.000748,0.012200,-0.000411
10833.344000,-0.476337,0.074628,0.208391,-1.315800,-1.400122,1.169520,0.003978,0.000361,0.001073,-0.003110,0.040408,-0.000583
10833.352000,-0.476308,0.074642,0.208389,-1.315632,-1.399903,1.169651,0.004778,0.000386,-0.010242,-0.000244,0.005936,-0.000400
10833.360000,-0.476279,0.074629,0.208323,-1.315536,-1.399815,1.169746,0.004039,0.000370,0.001355,-0.003350,0.043375,-0.000620
10833.368000,-0.476237,0.074640,0.208317,-1.315381,-1.399582,1.169874,0.004724,0.000398,-0.003078,-0.001798,0.024817,-0.000468
10833.376000,-0.476201,0.074638,0.208306,-1.315208,-1.399445,1.170057,0.004657,0.000395,-0.004831,-0.001684,0.023412,-0.000502
10833.384000,-0.476161,0.074650,0.208266,-1.315129,-1.399316,1.170084,0.004811,0.000408,-0.001909,-0.002118,0.028773,-0.000492
10833.392000,-0.476131,0.074651,0.208243,-1.314980,-1.399163,1.170232,0.004478,0.000369,-0.006016,-0.000996,0.014898,-0.000407
10833.400000,-0.476098,0.074647,0.208248,-1.314758,-1.398983,1.170388,0.003890,0.000344,-0.000664,-0.002451,0.032305,-0.000512
10833.408000,-0.476067,0.074629,0.208234,-1.314561,-1.398790,1.170563,0.005421,0.000445,-0.003458,-0.001541,0.022043,-0.000434
10833.416000,-0.476030,0.074661,0.208228,-1.314414,-1.398525,1.170686,0.004050,0.000362,-0.001502,-0.002589,0.034106,-0.000566
10833.424000,-0.475996,0.074643,0.208237,-1.314153,-1.398313,1.170864,0.005429,0.000448,-0.003682,-0.001609,0.022899,-0.000454
10833.432000,-0.475957,0.074668,0.208218,-1.314008,-1.398116,1.170961,0.004032,0.000361,0.001194,-0.002946,0.038416,-0.000547
10833.440000,-0.475930,0.074639,0.208226,-1.313750,-1.397908,1.171248,0.004587,0.000391,-0.003748,-0.001840,0.025246,-0.000496
10833.448000,-0.475893,0.074660,0.208210,-1.313642,-1.397724,1.171322,0.003944,0.000349,0.000368,-0.002585,0.033948,-0.000504
10833.456000,-0.475859,0.074675,0.208198,-1.313460,-1.397541,1.171415,0.004841,0.000407,-0.004364,-0.001695,0.023647,-0.000490
10833.464000,-0.475829,0.074670,0.208170,-1.313341,-1.397403,1.171573,0.003985,0.000359,0.000240,-0.002908,0.037942,-0.000570
10833.472000,-0.475790,0.074658,0.208151,-1.313149,-1.397214,1.171725,0.004965,0.000412,-0.002641,-0.001693,0.023633,-0.000434
10833.480000,-0.475755,0.074678,0.208149,-1.312985,-1.397000,1.171834,0.003852,0.000351,0.000190,-0.002981,0.038764,-0.000585
10833.488000,-0.475716,0.074674,0.208148,-1.312743,-1.396796,1.172027,0.005306,0.000441,-0.003487,-0.001746,0.024508,-0.000473
10833.496000,-0.475679,0.074686,0.208120,-1.312617,-1.396581,1.172124,0.004353,0.000387,0.001005,-0.003042,0.039774,-0.000573
10833.504000,-0.475651,0.074679,0.208114,-1.312432,-1.396383,1.172269,0.004744,0.000394,-0.006063,-0.001216,0.017736,-0.000451
10833.512000,-0.475607,0.074691,0.208135,-1.312177,-1.396163,1.172439,0.004150,0.000380,0.001141,-0.003400,0.044058,-0.000636
10833.520000,-0.475573,0.074689,0.208132,-1.311986,-1.395939,1.172606,0.004492,0.000399,0.001809,-0.003181,0.041542,-0.000574
10833.528000,-0.475539,0.074672,0.208124,-1.311756,-1.395709,1.172807,0.004000,0.000358,-0.002464,-0.002499,0.032974,-0.000578
10833.536000,-0.475493,0.074720,0.208086,-1.311715,-1.395559,1.172881,0.004439,0.000388,-0.000089,-0.002652,0.035087,-0.000534
10833.544000,-0.475462,0.074708,0.208097,-1.311427,-1.395317,1.173063,0.004060,0.000361,-0.000788,-0.002642,0.034747,-0.000552
10833.552000,-0.475432,0.074690,0.208093,-1.311256,-1.395135,1.173233,0.004253,0.000369,-0.002857,-0.002088,0.028087,-0.000513
10833.560000,-0.475401,0.074699,0.208077,-1.311018,-1.394976,1.173309,0.004028,0.000368,0.001921,-0.003352,0.043365,-0.000601
10833.568000,-0.475365,0.074697,0.208095,-1.310857,-1.394664,1.173566,0.004704,0.000402,-0.000827,-0.002292,0.030793,-0.000489
10833.576000,-0.475323,0.074726,0.208077,-1.310663,-1.394459,1.173678,0.003893,0.000360,0.000562,-0.003277,0.042423,-0.000630
10833.584000,-0.475286,0.074701,0.208107,-1.310413,-1.394201,1.173958,0.004275,0.000368,-0.001494,-0.002144,0.028756,-0.000480
10833.592000,-0.475255,0.074712,0.208090,-1.310224,-1.393968,1.174059,0.004665,0.000403,-0.000221,-0.002558,0.034032,-0.000520
10833.600000,-0.475219,0.074731,0.208107,-1.309995,-1.393763,1.174183,0.004345,0.000374,-0.002776,-0.002009,0.027180,-0.000496
10833.608000,-0.475185,0.074723,0.208101,-1.309810,-1.393527,1.174380,0.003694,0.000339,0.000156,-0.002973,0.038572,-0.000583
10833.616000,-0.475146,0.074737,0.208093,-1.309680,-1.393331,1.174516,0.004756,0.000399,-0.002342,-0.001816,0.025032,-0.000447
10833.624000,-0.475107,0.074735,0.208110,-1.309431,-1.393092,1.174704,0.004571,0.000405,0.001238,-0.003126,0.040926,-0.000582
10833.632000,-0.475077,0.074734,0.208091,-1.309233,-1.392896,1.174823,0.004626,0.000389,-0.004322,-0.001591,0.022236,-0.000466
10833.640000,-0.475041,0.074745,0.208086,-1.309051,-1.392687,1.174998,0.003961,0.000364,0.002130,-0.003431,0.044306,-0.000609
10833.648000,-0.475005,0.074747,0.208062,-1.308933,-1.392537,1.175129,0.004942,0.000415,-0.001478,-0.002046,0.027937,-0.000464
10833.656000,-0.474976,0.074729,0.208076,-1.308644,-1.392258,1.175363,0.003749,0.000346,0.000854,-0.003191,0.041243,-0.000602
10833.664000,-0.474940,0.074744,0.208122,-1.308394,-1.392003,1.175512,0.004699,0.000392,-0.003013,-0.001649,0.022953,-0.000435
10833.672000,-0.474906,0.074742,0.208104,-1.308222,-1.391782,1.175679,0.004005,0.000367,0.002412,-0.003438,0.044397,-0.000601
10833.680000,-0.474867,0.074749,0.208142,-1.307965,-1.391477,1.175928,0.004901,0.000413,-0.001201,-0.002108,0.028658,-0.000466
10833.688000,-0.474830,0.074767,0.208143,-1.307775,-1.391225,1.176027,0.004264,0.000388,0.002620,-0.003550,0.045927,-0.000617
10833.696000,-0.474801,0.074751,0.208155,-1.307505,-1.391007,1.176264,0.005071,0.000424,-0.002054,-0.001961,0.026972,-0.000466
10833.704000,-0.474766,0.074758,0.208147,-1.307318,-1.390851,1.176369,0.004318,0.000389,0.001725,-0.003328,0.043237,-0.000603
10833.712000,-0.474742,0.074746,0.208179,-1.307061,-1.390505,1.176655,0.005313,0.000443,-0.002065,-0.002009,0.027685,-0.000477
10833.720000,-0.474700,0.074753,0.208180,-1.306867,-1.390303,1.176819,0.004294,0.000382,0.001299,-0.003054,0.039864,-0.000564
10833.728000,-0.474660,0.074782,0.208201,-1.306593,-1.389978,1.176933,0.005367,0.000447,-0.002320,-0.001959,0.027131,-0.000476
10833.736000,-0.474623,0.074790,0.208205,-1.306452,-1.389752,1.177113,0.004193,0.000370,0.000703,-0.002771,0.036371,-0.000528
10833.744000,-0.474591,0.074793,0.208209,-1.306195,-1.389554,1.177240,0.003863,0.000355,0.002387,-0.003389,0.043737,-0.000591
10833.752000,-0.474560,0.074765,0.208202,-1.306005,-1.389425,1.177448,0.004217,0.000369,0.000303,-0.002607,0.034351,-0.000509
10833.760000,-0.474531,0.074768,0.208197,-1.305800,-1.389181,1.177629,0.004047,0.000373,0.002871,-0.003642,0.046891,-0.000624
10833.768000,-0.474484,0.074785,0.208241,-1.305541,-1.388836,1.177822,0.004858,0.000421,0.000188,-0.002804,0.037148,-0.000554
10833.776000,-0.474447,0.074797,0.208246,-1.305325,-1.388590,1.178022,0.004370,0.000403,0.003429,-0.004007,0.051574,-0.000678
10833.784000,-0.474409,0.074808,0.208258,-1.305083,-1.388296,1.178188,0.005073,0.000429,-0.000769,-0.002340,0.031602,-0.000497
10833.792000,-0.474375,0.074802,0.208283,-1.304868,-1.388032,1.178387,0.003983,0.000380,0.005088,-0.004455,0.056804,-0.000708
10833.800000,-0.474339,0.074802,0.208308,-1.304575,-1.387718,1.178578,0.004783,0.000413,0.000485,-0.002731,0.036192,-0.000530
10833.808000,-0.474312,0.074785,0.208322,-1.304326,-1.387521,1.178819,0.004093,0.000376,0.003223,-0.003653,0.047034,-0.000615
10833.816000,-0.474275,0.074798,0.208346,-1.304090,-1.387277,1.178977,0.004489,0.000385,-0.000242,-0.002364,0.031538,-0.000481
10833.824000,-0.474241,0.074800,0.208345,-1.303912,-1.387079,1.179141,0.004040,0.000367,0.002353,-0.003337,0.043169,-0.000582
10833.832000,-0.474211,0.074803,0.208396,-1.303604,-1.386757,1.179374,0.004796,0.000407,-0.000804,-0.002256,0.030392,-0.000480
10833.840000,-0.474170,0.074812,0.208374,-1.303471,-1.386577,1.179493,0.004683,0.000409,0.000857,-0.002898,0.038174,-0.000549
10833.848000,-0.474134,0.074827,0.208402,-1.303196,-1.386224,1.179725,0.004185,0.000385,0.003518,-0.003829,0.049280,-0.000640
10833.856000,-0.474108,0.074814,0.208428,-1.302918,-1.385975,1.179914,0.004669,0.000402,0.000336,-0.002573,0.034185,-0.000503
10833.864000,-0.474058,0.074827,0.208440,-1.302677,-1.385702,1.180134,0.004567,0.000410,0.002687,-0.003581,0.046453,-0.000620
10833.872000,-0.474026,0.074833,0.208463,-1.302465,-1.385376,1.180336,0.004692,0.000407,0.000925,-0.002819,0.037214,-0.000532
10833.880000,-0.473987,0.074848,0.208470,-1.302193,-1.385114,1.180463,0.004304,0.000392,0.003281,-0.003699,0.047752,-0.000623
10833.888000,-0.473954,0.074827,0.208519,-1.301918,-1.384875,1.180738,0.004859,0.000421,0.000930,-0.002882,0.038065,-0.000544
10833.896000,-0.473916,0.074828,0.208518,-1.301695,-1.384640,1.180944,0.004548,0.000408,0.002786,-0.003576,0.046367,-0.000616
10833.904000,-0.473884,0.074840,0.208559,-1.301457,-1.384338,1.181100,0.005208,0.000447,0.000472,-0.002828,0.037617,-0.000550
10833.912000,-0.473844,0.074853,0.208554,-1.301233,-1.384120,1.181253,0.004640,0.000413,0.002398,-0.003428,0.044628,-0.000600
10833.920000,-0.473813,0.074833,0.208602,-1.300946,-1.383822,1.181543,0.004302,0.000395,0.003764,-0.003890,0.050045,-0.000643
10833.928000,-0.473778,0.074856,0.208591,-1.300797,-1.383581,1.181621,0.004984,0.000431,0.000986,-0.002940,0.038863,-0.000554
10833.936000,-0.473745,0.074858,0.208627,-1.300548,-1.383271,1.181874,0.004439,0.000408,0.004032,-0.004068,0.052324,-0.000669
10833.944000,-0.473703,0.074852,0.208652,-1.300207,-1.383039,1.182108,0.005075,0.000440,0.001119,-0.003039,0.040120,-0.000569
10833.952000,-0.473665,0.074858,0.208673,-1.299978,-1.382695,1.182323,0.004611,0.000421,0.003796,-0.004041,0.052081,-0.000672
10833.960000,-0.473629,0.074850,0.208687,-1.299731,-1.382474,1.182510,0.004698,0.000415,0.002015,-0.003261,0.042593,-0.000580
10833.968000,-0.473588,0.074881,0.208715,-1.299455,-1.382151,1.182675,0.004548,0.000409,0.003056,-0.003660,0.047413,-0.000623
10833.976000,-0.473558,0.074863,0.208762,-1.299160,-1.381796,1.182998,0.004222,0.000390,0.004167,-0.004014,0.051521,-0.000653
10833.984000,-0.473523,0.074867,0.208783,-1.298898,-1.381511,1.183186,0.004924,0.000427,0.001205,-0.002991,0.039431,-0.000556
10833.992000,-0.473478,0.074885,0.208802,-1.298612,-1.381226,1.183369,0.004490,0.000409,0.003634,-0.003894,0.050227,-0.000648
10834.000000,-0.473450,0.074866,0.208846,-1.298323,-1.380942,1.183644,0.004444,0.000399,0.002882,-0.003525,0.045659,-0.000601
10834.008000,-0.473412,0.074887,0.208864,-1.298109,-1.380626,1.183818,0.004407,0.000401,0.003614,-0.003842,0.049529,-0.000638
10834.016000,-0.473380,0.074880,0.208889,-1.297815,-1.380357,1.184021,0.004101,0.000378,0.003975,-0.003860,0.049552,-0.000628
10834.024000,-0.473340,0.074894,0.208910,-1.297591,-1.380043,1.184226,0.004564,0.000409,0.002857,-0.003566,0.046252,-0.000611
10834.032000,-0.473308,0.074898,0.208943,-1.297257,-1.379815,1.184438,0.004365,0.000401,0.004046,-0.004015,0.051626,-0.000657
10834.040000,-0.473277,0.074881,0.208974,-1.296968,-1.379520,1.184685,0.004586,0.000411,0.002836,-0.003562,0.046195,-0.000610
10834.048000,-0.473238,0.074887,0.209007,-1.296661,-1.379208,1.184945,0.004461,0.000409,0.003981,-0.004027,0.051808,-0.000662
10834.056000,-0.473204,0.074889,0.209044,-1.296432,-1.378887,1.185119,0.004700,0.000413,0.001897,-0.003185,0.041657,-0.000569
10834.064000,-0.473167,0.074914,0.209050,-1.296249,-1.378599,1.185291,0.004863,0.000438,0.004136,-0.004043,0.052240,-0.000662
10834.072000,-0.473130,0.074900,0.209100,-1.295869,-1.378266,1.185572,0.004585,0.000418,0.004549,-0.004099,0.052740,-0.000657
10834.080000,-0.473095,0.074898,0.209144,-1.295593,-1.377929,1.185843,0.004448,0.000409,0.004936,-0.004210,0.054006,-0.000665
10834.088000,-0.473048,0.074910,0.209151,-1.295341,-1.377747,1.185973,0.005263,0.000455,0.001870,-0.003196,0.042113,-0.000574
10834.096000,-0.473014,0.074912,0.209190,-1.295060,-1.377364,1.186211,0.004836,0.000436,0.005049,-0.004126,0.053200,-0.000648
10834.104000,-0.472982,0.074918,0.209218,-1.294801,-1.377074,1.186442,0.004572,0.000415,0.005293,-0.004109,0.052840,-0.000635
10834.112000,-0.472943,0.074928,0.209285,-1.294479,-1.376692,1.186691,0.004355,0.000399,0.005070,-0.004105,0.052677,-0.000641
10834.120000,-0.472904,0.074927,0.209300,-1.294194,-1.376398,1.186900,0.005259,0.000459,0.002464,-0.003460,0.045328,-0.000605
10834.128000,-0.472859,0.074941,0.209347,-1.293897,-1.376068,1.187141,0.004749,0.000429,0.006422,-0.004288,0.055130,-0.000634
10834.136000,-0.472834,0.074941,0.209388,-1.293580,-1.375747,1.187405,0.004225,0.000387,0.005833,-0.004092,0.052433,-0.000613
10834.144000,-0.472794,0.074924,0.209419,-1.293325,-1.375489,1.187625,0.004804,0.000435,0.005051,-0.004185,0.053887,-0.000658
10834.152000,-0.472750,0.074935,0.209460,-1.293018,-1.375140,1.187844,0.005149,0.000450,0.004593,-0.003675,0.047845,-0.000577
10834.160000,-0.472716,0.074960,0.209502,-1.292733,-1.374810,1.188013,0.004732,0.000429,0.007089,-0.004411,0.056606,-0.000636
10834.168000,-0.472683,0.074946,0.209547,-1.292425,-1.374489,1.188299,0.004126,0.000382,0.004323,-0.003997,0.051229,-0.000642
10834.176000,-0.472645,0.074945,0.209595,-1.292115,-1.374168,1.188528,0.004838,0.000432,0.005584,-0.004009,0.051738,-0.000607
10834.184000,-0.472610,0.074947,0.209635,-1.291896,-1.373825,1.188818,0.005106,0.000450,0.004966,-0.003886,0.050401,-0.000605
10834.192000,-0.472573,0.074957,0.209670,-1.291569,-1.373503,1.189007,0.004285,0.000389,0.003536,-0.003712,0.047837,-0.000614
10834.200000,-0.472539,0.074972,0.209740,-1.291249,-1.373119,1.189256,0.004525,0.000415,0.007482,-0.004508,0.057661,-0.000640
10834.208000,-0.472506,0.074950,0.209759,-1.290985,-1.372873,1.189536,0.004371,0.000404,0.006425,-0.004408,0.056332,-0.000654
10834.216000,-0.472466,0.074956,0.209793,-1.290729,-1.372565,1.189728,0.004955,0.000440,0.003740,-0.003784,0.049072,-0.000624
10834.224000,-0.472423,0.074976,0.209844,-1.290413,-1.372202,1.189938,0.005150,0.000458,0.006937,-0.004301,0.055470,-0.000621
10834.232000,-0.472392,0.074974,0.209907,-1.290036,-1.371856,1.190194,0.004403,0.000403,0.005559,-0.004175,0.053532,-0.000637
10834.240000,-0.472357,0.074967,0.209940,-1.289749,-1.371526,1.190454,0.004650,0.000428,0.007651,-0.004735,0.060470,-0.000678
10834.248000,-0.472318,0.074983,0.210003,-1.289413,-1.371182,1.190717,0.004565,0.000421,0.007919,-0.004709,0.060116,-0.000664
10834.256000,-0.472282,0.074977,0.210053,-1.289114,-1.370826,1.190982,0.004840,0.000436,0.004754,-0.004099,0.052846,-0.000650
10834.264000,-0.472239,0.075000,0.210077,-1.288838,-1.370549,1.191157,0.005082,0.000455,0.007569,-0.004478,0.057596,-0.000634
10834.272000,-0.472213,0.075008,0.210150,-1.288536,-1.370096,1.191419,0.004578,0.000420,0.006314,-0.004432,0.056782,-0.000663
10834.280000,-0.472171,0.074994,0.210210,-1.288131,-1.369768,1.191706,0.004483,0.000419,0.007130,-0.004828,0.061540,-0.000711
10834.288000,-0.472131,0.074990,0.210263,-1.287826,-1.369445,1.191993,0.005290,0.000467,0.005856,-0.004117,0.053292,-0.000620
10834.296000,-0.472091,0.075006,0.210297,-1.287590,-1.369105,1.192201,0.005011,0.000445,0.004910,-0.003974,0.051418,-0.000622
10834.304000,-0.472061,0.074990,0.210380,-1.287149,-1.368734,1.192538,0.004511,0.000411,0.005307,-0.004163,0.053423,-0.000643
10834.312000,-0.472022,0.074996,0.210446,-1.286820,-1.368329,1.192805,0.004619,0.000431,0.009080,-0.005140,0.065367,-0.000708
10834.320000,-0.471985,0.075018,0.210491,-1.286524,-1.367942,1.193004,0.004323,0.000405,0.007406,-0.004759,0.060598,-0.000688
10834.328000,-0.471936,0.075027,0.210533,-1.286222,-1.367643,1.193212,0.005292,0.000478,0.008822,-0.004978,0.063802,-0.000689
10834.336000,-0.471901,0.075035,0.210602,-1.285846,-1.367178,1.193561,0.004696,0.000430,0.005789,-0.004433,0.056854,-0.000680
10834.344000,-0.471864,0.075021,0.210678,-1.285494,-1.366827,1.193864,0.005340,0.000487,0.011262,-0.005501,0.070157,-0.000710
10834.352000,-0.471828,0.075030,0.210742,-1.285133,-1.366431,1.194131,0.004690,0.000432,0.006360,-0.004624,0.059161,-0.000697
10834.360000,-0.471792,0.075046,0.210784,-1.284887,-1.366097,1.194330,0.004895,0.000446,0.009705,-0.004971,0.063467,-0.000657
10834.368000,-0.471756,0.075021,0.210847,-1.284484,-1.365788,1.194616,0.004878,0.000447,0.008470,-0.004940,0.063055,-0.000690
10834.376000,-0.471722,0.075034,0.210911,-1.284113,-1.365412,1.194862,0.004445,0.000410,0.005938,-0.004386,0.056098,-0.000664
10834.384000,-0.471678,0.075045,0.210944,-1.283879,-1.365075,1.195085,0.005165,0.000468,0.011644,-0.005287,0.067423,-0.000655
10834.392000,-0.471643,0.075054,0.211019,-1.283519,-1.364665,1.195366,0.004625,0.000425,0.006316,-0.004508,0.057704,-0.000676
10834.400000,-0.471603,0.075049,0.211069,-1.283172,-1.364344,1.195658,0.005136,0.000468,0.010104,-0.005186,0.066205,-0.000685
10834.408000,-0.471567,0.075032,0.211135,-1.282818,-1.363961,1.195971,0.004730,0.000434,0.006633,-0.004626,0.059156,-0.000688
10834.416000,-0.471522,0.075040,0.211194,-1.282453,-1.363559,1.196261,0.005048,0.000461,0.009009,-0.005047,0.064437,-0.000693
10834.424000,-0.471481,0.075062,0.211254,-1.282126,-1.363153,1.196488,0.004739,0.000435,0.007410,-0.004745,0.060628,-0.000686
10834.432000,-0.471445,0.075065,0.211345,-1.281700,-1.362703,1.196809,0.004938,0.000452,0.008707,-0.004997,0.063801,-0.000693
10834.440000,-0.471409,0.075065,0.211385,-1.281413,-1.362376,1.197028,0.004695,0.000431,0.007550,-0.004700,0.060040,-0.000672
10834.448000,-0.471373,0.075079,0.211430,-1.281126,-1.362028,1.197247,0.004600,0.000424,0.006320,-0.004579,0.058549,-0.000689
10834.456000,-0.471327,0.075082,0.211505,-1.280732,-1.361626,1.197568,0.005308,0.000487,0.010721,-0.005571,0.070992,-0.000739
10834.464000,-0.471300,0.075072,0.211581,-1.280363,-1.361285,1.197855,0.004529,0.000419,0.006564,-0.004608,0.058831,-0.000685
10834.472000,-0.471260,0.075065,0.211633,-1.280081,-1.360943,1.198146,0.005349,0.000487,0.013163,-0.005713,0.072655,-0.000687
10834.480000,-0.471226,0.075086,0.211696,-1.279744,-1.360543,1.198365,0.004832,0.000443,0.007447,-0.004804,0.061393,-0.000696
10834.488000,-0.471182,0.075089,0.211759,-1.279381,-1.360160,1.198655,0.005673,0.000517,0.011970,-0.005841,0.074462,-0.000751
10834.496000,-0.471137,0.075077,0.211836,-1.278993,-1.359754,1.198980,0.005162,0.000471,0.009743,-0.005230,0.066701,-0.000704
10834.504000,-0.471108,0.075086,0.211888,-1.278655,-1.359352,1.199238,0.005179,0.000474,0.009666,-0.005301,0.067595,-0.000720
10834.512000,-0.471057,0.075102,0.211972,-1.278265,-1.358926,1.199506,0.004984,0.000458,0.009115,-0.005162,0.065817,-0.000710
10834.520000,-0.471027,0.075089,0.212058,-1.277868,-1.358526,1.199822,0.004372,0.000404,0.006096,-0.004428,0.056518,-0.000665
10834.528000,-0.470980,0.075110,0.212113,-1.277589,-1.358139,1.200063,0.004846,0.000444,0.009450,-0.005040,0.064230,-0.000676
10834.536000,-0.470945,0.075115,0.212174,-1.277197,-1.357783,1.200356,0.004308,0.000398,0.006392,-0.004368,0.055768,-0.000644
10834.544000,-0.470906,0.075107,0.212251,-1.276853,-1.357407,1.200664,0.005326,0.000487,0.011656,-0.005610,0.071413,-0.000715
10834.552000,-0.470869,0.075122,0.212299,-1.276471,-1.357003,1.200910,0.004730,0.000436,0.007728,-0.004870,0.062118,-0.000698
10834.560000,-0.470827,0.075130,0.212395,-1.276100,-1.356525,1.201195,0.005474,0.000499,0.013318,-0.005885,0.074834,-0.000714
10834.568000,-0.470796,0.075108,0.212457,-1.275750,-1.356203,1.201525,0.004556,0.000422,0.007276,-0.004727,0.060240,-0.000684
10834.576000,-0.470754,0.075122,0.212535,-1.275391,-1.355791,1.201805,0.005174,0.000474,0.011642,-0.005522,0.070232,-0.000697
10834.584000,-0.470715,0.075137,0.212597,-1.275089,-1.355410,1.202051,0.005028,0.000463,0.009328,-0.005277,0.067226,-0.000725
10834.592000,-0.470678,0.075127,0.212684,-1.274640,-1.354959,1.202364,0.005485,0.000501,0.013073,-0.005887,0.074834,-0.000722
10834.600000,-0.470636,0.075125,0.212732,-1.274336,-1.354609,1.202636,0.005017,0.000462,0.009301,-0.005261,0.066987,-0.000722
10834.608000,-0.470602,0.075146,0.212812,-1.273887,-1.354151,1.202879,0.004664,0.000432,0.006660,-0.004794,0.061158,-0.000717
10834.616000,-0.470559,0.075151,0.212882,-1.273584,-1.353796,1.203196,0.005203,0.000477,0.010686,-0.005501,0.070022,-0.000724
10834.624000,-0.470518,0.075156,0.212964,-1.273184,-1.353310,1.203535,0.004695,0.000435,0.006876,-0.004857,0.061941,-0.000722
10834.632000,-0.470480,0.075130,0.213030,-1.272788,-1.353021,1.203839,0.005451,0.000500,0.011990,-0.005839,0.074212,-0.000746
10834.640000,-0.470442,0.075148,0.213149,-1.272343,-1.352441,1.204181,0.004683,0.000435,0.006935,-0.004873,0.062099,-0.000722
10834.648000,-0.470396,0.075154,0.213206,-1.272034,-1.352114,1.204450,0.005238,0.000482,0.010858,-0.005596,0.071168,-0.000736
10834.656000,-0.470361,0.075165,0.213285,-1.271577,-1.351650,1.204714,0.004734,0.000439,0.007561,-0.004962,0.063217,-0.000719
10834.664000,-0.470315,0.075176,0.213337,-1.271300,-1.351283,1.204952,0.005692,0.000521,0.013734,-0.006173,0.078441,-0.000755
10834.664000,-0.470315,0.075176,0.213337,-1.271300,-1.351283,1.204952,0.005692,0.000521,0.013734,-0.006173,0.078441,-0.000755
10834.680000,-0.470234,0.075159,0.213549,-1.270337,-1.350323,1.205727,0.005601,0.000513,0.013268,-0.006067,0.077046,-0.000748
10834.688000,-0.470192,0.075174,0.213637,-1.269974,-1.349894,1.206003,0.004698,0.000435,0.007677,-0.004944,0.062944,-0.000711
10834.688000,-0.470192,0.075174,0.213637,-1.269974,-1.349894,1.206003,0.004698,0.000435,0.007677,-0.004944,0.062944,-0.000711
10834.688000,-0.470192,0.075174,0.213637,-1.269974,-1.349894,1.206003,0.004698,0.000435,0.007677,-0.004944,0.062944,-0.000711
10834.712000,-0.470069,0.075178,0.213865,-1.268832,-1.348672,1.206921,0.005561,0.000507,0.014210,-0.006061,0.076936,-0.000717
10834.720000,-0.470038,0.075195,0.213936,-1.268521,-1.348222,1.207173,0.004648,0.000431,0.007288,-0.004879,0.062132,-0.000711
10834.720000,-0.470038,0.075195,0.213936,-1.268521,-1.348222,1.207173,0.004648,0.000431,0.007288,-0.004879,0.062132,-0.000711
10834.736000,-0.469956,0.075207,0.214100,-1.267671,-1.347388,1.207740,0.004696,0.000435,0.007483,-0.004934,0.062834,-0.000715
10834.744000,-0.469911,0.075203,0.214181,-1.267293,-1.346985,1.208100,0.005773,0.000527,0.014386,-0.006274,0.079664,-0.000752
10834.752000,-0.469879,0.075201,0.214260,-1.266974,-1.346533,1.208370,0.004681,0.000435,0.007460,-0.004965,0.063169,-0.000721
10834.760000,-0.469827,0.075208,0.214377,-1.266497,-1.346038,1.208753,0.005832,0.000531,0.015830,-0.006425,0.081489,-0.000734
10834.768000,-0.469796,0.075212,0.214424,-1.266119,-1.345708,1.208947,0.004758,0.000442,0.007785,-0.005046,0.064206,-0.000727
10834.776000,-0.469755,0.075216,0.214524,-1.265741,-1.345212,1.209318,0.005879,0.000536,0.016660,-0.006571,0.083272,-0.000735
10834.784000,-0.469716,0.075207,0.214588,-1.265355,-1.344837,1.209629,0.004879,0.000452,0.008244,-0.005179,0.065859,-0.000737
10834.792000,-0.469671,0.075224,0.214700,-1.264910,-1.344352,1.209915,0.006068,0.000552,0.016482,-0.006667,0.084553,-0.000759
10834.800000,-0.469633,0.075231,0.214789,-1.264498,-1.343843,1.210214,0.004901,0.000454,0.008462,-0.005199,0.066131,-0.000734
10834.808000,-0.469594,0.075242,0.214866,-1.264138,-1.343474,1.210507,0.006092,0.000560,0.018019,-0.007131,0.090219,-0.000798
10834.816000,-0.469557,0.075235,0.214962,-1.263689,-1.342984,1.210871,0.004727,0.000445,0.008897,-0.005431,0.068844,-0.000763
10834.816000,-0.469557,0.075235,0.214962,-1.263689,-1.342984,1.210871,0.004727,0.000445,0.008897,-0.005431,0.068844,-0.000763
10834.832000,-0.469471,0.075247,0.215143,-1.262856,-1.342102,1.211506,0.004629,0.000434,0.008805,-0.005258,0.066689,-0.000733
10834.840000,-0.469431,0.075264,0.215222,-1.262531,-1.341653,1.211772,0.005584,0.000514,0.015338,-0.006441,0.081560,-0.000751
10834.848000,-0.469400,0.075232,0.215306,-1.262114,-1.341275,1.212151,0.004813,0.000451,0.009353,-0.005458,0.069169,-0.000753
10834.856000,-0.469350,0.075239,0.215417,-1.261639,-1.340743,1.212492,0.005957,0.000549,0.015895,-0.006828,0.086400,-0.000806
10834.864000,-0.469303,0.075263,0.215493,-1.261224,-1.340285,1.212776,0.005013,0.000469,0.008985,-0.005575,0.070756,-0.000788
10834.872000,-0.469264,0.075273,0.215586,-1.260842,-1.339802,1.213115,0.006286,0.000576,0.017205,-0.007110,0.090052,-0.000820
10834.880000,-0.469230,0.075262,0.215685,-1.260377,-1.339385,1.213481,0.004784,0.000456,0.009486,-0.005827,0.073688,-0.000818
10834.888000,-0.469184,0.075288,0.215788,-1.259966,-1.338880,1.213699,0.005776,0.000537,0.017837,-0.007103,0.089673,-0.000796
10834.896000,-0.469143,0.075312,0.215861,-1.259632,-1.338446,1.213984,0.004651,0.000439,0.008626,-0.005417,0.068682,-0.000768
10834.904000,-0.469106,0.075257,0.215961,-1.259167,-1.338089,1.214348,0.005304,0.000489,0.014660,-0.006127,0.077460,-0.000710
10834.912000,-0.469068,0.075280,0.216039,-1.258825,-1.337595,1.214708,0.004618,0.000433,0.007927,-0.005141,0.065227,-0.000737
10834.920000,-0.469035,0.075272,0.216149,-1.258294,-1.337159,1.215014,0.005132,0.000493,0.015558,-0.007021,0.088280,-0.000849
10834.928000,-0.468991,0.075274,0.216255,-1.257832,-1.336667,1.215395,0.004608,0.000442,0.009636,-0.005774,0.072895,-0.000801
10834.936000,-0.468932,0.075310,0.216342,-1.257495,-1.336075,1.215715,0.005489,0.000512,0.015007,-0.006628,0.083743,-0.000795
10834.944000,-0.468897,0.075292,0.216441,-1.257000,-1.335666,1.216026,0.005338,0.000494,0.013887,-0.006178,0.078138,-0.000744
10834.952000,-0.468849,0.075312,0.216558,-1.256553,-1.335144,1.216364,0.005492,0.000503,0.012458,-0.005943,0.075420,-0.000747
10834.960000,-0.468814,0.075303,0.216669,-1.256072,-1.334646,1.216782,0.005373,0.000506,0.015920,-0.006853,0.086355,-0.000806
10834.968000,-0.468763,0.075316,0.216779,-1.255600,-1.334192,1.217084,0.004769,0.000460,0.014037,-0.006595,0.082933,-0.000815
10834.976000,-0.468726,0.075313,0.216854,-1.255286,-1.333774,1.217358,0.005931,0.000540,0.014119,-0.006329,0.080304,-0.000768
10834.984000,-0.468683,0.075310,0.216956,-1.254802,-1.333324,1.217691,0.005620,0.000516,0.010916,-0.005909,0.075062,-0.000790
10834.992000,-0.468650,0.075307,0.217073,-1.254379,-1.332810,1.218103,0.005097,0.000491,0.017407,-0.007271,0.091232,-0.000835
10835.000000,-0.468605,0.075330,0.217185,-1.253936,-1.332297,1.218375,0.005013,0.000476,0.012843,-0.006348,0.080057,-0.000808
10835.008000,-0.468561,0.075322,0.217293,-1.253455,-1.331850,1.218724,0.005996,0.000556,0.014841,-0.006919,0.087494,-0.000855
10835.016000,-0.468517,0.075332,0.217372,-1.253058,-1.331369,1.219034,0.005495,0.000510,0.011904,-0.006154,0.077952,-0.000803
10835.024000,-0.468473,0.075336,0.217494,-1.252600,-1.330836,1.219416,0.005070,0.000494,0.016753,-0.007430,0.093185,-0.000886
10835.032000,-0.468428,0.075331,0.217618,-1.252039,-1.330255,1.219831,0.005464,0.000513,0.014494,-0.006697,0.084478,-0.000821
10835.040000,-0.468384,0.075335,0.217729,-1.251629,-1.329807,1.220144,0.005269,0.000497,0.012812,-0.006446,0.081329,-0.000827
10835.048000,-0.468338,0.075344,0.217843,-1.251142,-1.329243,1.220528,0.005761,0.000532,0.015569,-0.006696,0.084603,-0.000788
10835.056000,-0.468295,0.075359,0.217937,-1.250738,-1.328799,1.220819,0.004612,0.000447,0.012985,-0.006388,0.080280,-0.000808
10835.064000,-0.468254,0.075367,0.218076,-1.250196,-1.328188,1.221250,0.005263,0.000514,0.019034,-0.007955,0.099650,-0.000912
10835.072000,-0.468207,0.075371,0.218181,-1.249760,-1.327711,1.221582,0.005035,0.000479,0.013061,-0.006437,0.081113,-0.000816
10835.080000,-0.468162,0.075388,0.218268,-1.249349,-1.327232,1.221867,0.006111,0.000557,0.015249,-0.006635,0.084103,-0.000789
10835.088000,-0.468127,0.075351,0.218364,-1.248847,-1.326825,1.222264,0.004771,0.000460,0.012549,-0.006404,0.080514,-0.000824
10835.096000,-0.468086,0.075366,0.218532,-1.248313,-1.326128,1.222743,0.005667,0.000533,0.017326,-0.007265,0.091429,-0.000837
10835.104000,-0.468040,0.075371,0.218620,-1.247879,-1.325735,1.222994,0.005369,0.000501,0.012907,-0.006285,0.079399,-0.000793
10835.112000,-0.467997,0.075383,0.218734,-1.247450,-1.325190,1.223317,0.005724,0.000535,0.016241,-0.007049,0.088854,-0.000832
10835.120000,-0.467956,0.075391,0.218855,-1.246927,-1.324629,1.223722,0.005016,0.000482,0.014689,-0.006838,0.085919,-0.000838
10835.120000,-0.467956,0.075391,0.218855,-1.246927,-1.324629,1.223722,0.005016,0.000482,0.014689,-0.006838,0.085919,-0.000838
10835.136000,-0.467864,0.075403,0.219094,-1.245957,-1.323598,1.224450,0.005291,0.000502,0.013727,-0.006728,0.084763,-0.000850
10835.144000,-0.467819,0.075414,0.219199,-1.245530,-1.323086,1.224760,0.005617,0.000522,0.014327,-0.006585,0.083188,-0.000805
10835.152000,-0.467786,0.075388,0.219305,-1.245065,-1.322622,1.225203,0.004975,0.000486,0.015831,-0.007289,0.091321,-0.000885
10835.160000,-0.467743,0.075391,0.219440,-1.244493,-1.322091,1.225565,0.005459,0.000520,0.015362,-0.007130,0.089656,-0.000872
10835.168000,-0.467696,0.075398,0.219543,-1.244074,-1.321574,1.225883,0.005617,0.000520,0.014553,-0.006535,0.082495,-0.000787
10835.176000,-0.467646,0.075430,0.219665,-1.243589,-1.320977,1.226237,0.005021,0.000488,0.014786,-0.007100,0.089110,-0.000884
10835.184000,-0.467608,0.075415,0.219798,-1.243094,-1.320393,1.226653,0.005788,0.000538,0.016806,-0.007011,0.088343,-0.000805
10835.192000,-0.467563,0.075431,0.219910,-1.242599,-1.319892,1.227027,0.004917,0.000477,0.014121,-0.006899,0.086596,-0.000866
10835.200000,-0.467515,0.075429,0.220046,-1.242091,-1.319368,1.227419,0.005884,0.000544,0.016585,-0.006947,0.087641,-0.000800
10835.208000,-0.467469,0.075433,0.220155,-1.241605,-1.318837,1.227786,0.004959,0.000472,0.012706,-0.006360,0.080056,-0.000810
10835.216000,-0.467428,0.075440,0.220295,-1.241087,-1.318209,1.228179,0.005363,0.000512,0.016810,-0.007277,0.091351,-0.000852
10835.224000,-0.467380,0.075450,0.220428,-1.240588,-1.317664,1.228537,0.005366,0.000498,0.014328,-0.006354,0.080168,-0.000759
10835.232000,-0.467336,0.075441,0.220535,-1.240135,-1.317247,1.228880,0.005073,0.000484,0.013872,-0.006628,0.083324,-0.000823
10835.240000,-0.467299,0.075460,0.220634,-1.239744,-1.316696,1.229179,0.005855,0.000542,0.017333,-0.007056,0.088921,-0.000796
10835.248000,-0.467262,0.075446,0.220726,-1.239298,-1.316303,1.229500,0.004988,0.000475,0.012696,-0.006364,0.080075,-0.000810
10835.256000,-0.467216,0.075462,0.220841,-1.238850,-1.315717,1.229872,0.005791,0.000540,0.016393,-0.007085,0.089241,-0.000831
10835.264000,-0.467167,0.075457,0.220972,-1.238288,-1.315243,1.230256,0.005426,0.000509,0.013439,-0.006540,0.082442,-0.000821
10835.272000,-0.467122,0.075468,0.221082,-1.237841,-1.314691,1.230615,0.005786,0.000536,0.014563,-0.006713,0.084741,-0.000820
10835.280000,-0.467081,0.075469,0.221213,-1.237278,-1.314094,1.230982,0.005094,0.000489,0.015818,-0.007020,0.088039,-0.000833
10835.288000,-0.467035,0.075467,0.221337,-1.236833,-1.313590,1.231372,0.005443,0.000509,0.013245,-0.006490,0.081820,-0.000818
10835.296000,-0.466982,0.075484,0.221454,-1.236380,-1.313049,1.231699,0.005919,0.000548,0.015368,-0.006866,0.086638,-0.000823
10835.304000,-0.466942,0.075480,0.221574,-1.235842,-1.312522,1.232102,0.005154,0.000496,0.015334,-0.007103,0.089086,-0.000864
10835.312000,-0.466903,0.075464,0.221715,-1.235262,-1.311970,1.232496,0.005408,0.000514,0.016718,-0.007207,0.090405,-0.000839
10835.320000,-0.466859,0.075490,0.221818,-1.234924,-1.311441,1.232827,0.006027,0.000561,0.015665,-0.007140,0.090001,-0.000864
10835.328000,-0.466816,0.075482,0.221948,-1.234350,-1.310891,1.233239,0.005260,0.000511,0.017402,-0.007635,0.095535,-0.000897
10835.336000,-0.466769,0.075504,0.222120,-1.233823,-1.310205,1.233666,0.005449,0.000518,0.017162,-0.007306,0.091666,-0.000844
10835.344000,-0.466724,0.075495,0.222234,-1.233317,-1.309761,1.234015,0.005680,0.000542,0.016645,-0.007565,0.094925,-0.000910
10835.352000,-0.466673,0.075512,0.222374,-1.232745,-1.309136,1.234385,0.005372,0.000512,0.016752,-0.007226,0.090648,-0.000842
10835.360000,-0.466636,0.075500,0.222507,-1.232248,-1.308578,1.234810,0.005395,0.000521,0.017856,-0.007686,0.096185,-0.000892
10835.368000,-0.466587,0.075514,0.222635,-1.231728,-1.308008,1.235201,0.005672,0.000541,0.017300,-0.007618,0.095546,-0.000898
10835.376000,-0.466536,0.075530,0.222772,-1.231212,-1.307395,1.235594,0.006271,0.000578,0.015373,-0.007086,0.089476,-0.000864
10835.384000,-0.466498,0.075517,0.222892,-1.230679,-1.306892,1.235973,0.005456,0.000525,0.017004,-0.007580,0.094953,-0.000899
10835.392000,-0.466450,0.075525,0.223041,-1.230179,-1.306344,1.236368,0.005746,0.000537,0.016328,-0.007068,0.088896,-0.000826
10835.400000,-0.466399,0.075553,0.223150,-1.229758,-1.305773,1.236693,0.006187,0.000571,0.015048,-0.006996,0.088344,-0.000857
10835.408000,-0.466361,0.075525,0.223266,-1.229235,-1.305298,1.237065,0.005433,0.000510,0.015988,-0.006833,0.085828,-0.000791
10835.416000,-0.466316,0.075528,0.223393,-1.228731,-1.304794,1.237415,0.006096,0.000563,0.015763,-0.007010,0.088362,-0.000835
10835.424000,-0.466264,0.075552,0.223532,-1.228220,-1.304184,1.237826,0.005655,0.000544,0.017719,-0.007853,0.098374,-0.000928
10835.432000,-0.466210,0.075572,0.223660,-1.227768,-1.303584,1.238150,0.006153,0.000566,0.016375,-0.007056,0.089008,-0.000825
10835.440000,-0.466159,0.075564,0.223805,-1.227135,-1.303001,1.238592,0.005535,0.000538,0.017488,-0.007980,0.099854,-0.000958
10835.440000,-0.466159,0.075564,0.223805,-1.227135,-1.303001,1.238592,0.005535,0.000538,0.017488,-0.007980,0.099854,-0.000958
10835.448000,-0.466120,0.075570,0.223946,-1.226637,-1.302379,1.238999,0.005729,0.000539,0.017027,-0.007305,0.091748,-0.000848
10835.448000,-0.466120,0.075570,0.223946,-1.226637,-1.302379,1.238999,0.005729,0.000539,0.017027,-0.007305,0.091748,-0.000848
10835.464000,-0.466030,0.075553,0.224193,-1.225597,-1.301333,1.239818,0.005537,0.000540,0.019130,-0.008210,0.102534,-0.000947
10835.472000,-0.465977,0.075579,0.224347,-1.225061,-1.300705,1.240123,0.006236,0.000573,0.016954,-0.007118,0.089719,-0.000816
10835.472000,-0.465977,0.075579,0.224347,-1.225061,-1.300705,1.240123,0.006236,0.000573,0.016954,-0.007118,0.089719,-0.000816
10835.496000,-0.465840,0.075566,0.224715,-1.223540,-1.299134,1.241296,0.005126,0.000508,0.018088,-0.008019,0.099957,-0.000942
10835.504000,-0.465796,0.075583,0.224870,-1.223039,-1.298508,1.241686,0.006138,0.000573,0.017540,-0.007551,0.094864,-0.000877
10835.512000,-0.465745,0.075602,0.225010,-1.222479,-1.297925,1.242052,0.005553,0.000549,0.020872,-0.008758,0.109189,-0.000993
10835.520000,-0.465696,0.075612,0.225183,-1.221864,-1.297221,1.242519,0.006070,0.000571,0.014888,-0.007406,0.093168,-0.000935
10835.528000,-0.465650,0.075597,0.225294,-1.221376,-1.296722,1.242866,0.005333,0.000531,0.019864,-0.008583,0.106890,-0.000991
10835.536000,-0.465612,0.075588,0.225439,-1.220799,-1.296120,1.243341,0.006220,0.000579,0.017640,-0.007542,0.094749,-0.000871
10835.544000,-0.465548,0.075616,0.225581,-1.220328,-1.295527,1.243688,0.006149,0.000560,0.014038,-0.006518,0.082386,-0.000796
10835.552000,-0.465514,0.075605,0.225724,-1.219696,-1.294900,1.244111,0.006281,0.000594,0.020567,-0.008324,0.104218,-0.000923
10835.560000,-0.465460,0.075613,0.225857,-1.219238,-1.294383,1.244485,0.005925,0.000549,0.015519,-0.006947,0.087406,-0.000827
10835.568000,-0.465407,0.075615,0.225985,-1.218723,-1.293865,1.244879,0.005920,0.000578,0.021598,-0.008951,0.111611,-0.001005
10835.576000,-0.465366,0.075624,0.226125,-1.218163,-1.293177,1.245268,0.005871,0.000549,0.016103,-0.007200,0.090424,-0.000855
10835.584000,-0.465315,0.075645,0.226263,-1.217680,-1.292602,1.245632,0.005703,0.000558,0.021604,-0.008773,0.109361,-0.000971
10835.592000,-0.465264,0.075648,0.226414,-1.217074,-1.292001,1.246036,0.006593,0.000615,0.020051,-0.008185,0.102733,-0.000915
10835.600000,-0.465214,0.075649,0.226560,-1.216630,-1.291393,1.246465,0.006403,0.000586,0.015594,-0.007044,0.088850,-0.000844
10835.608000,-0.465171,0.075652,0.226700,-1.216015,-1.290844,1.246834,0.006237,0.000599,0.020366,-0.008721,0.109019,-0.001003
10835.616000,-0.465113,0.075652,0.226847,-1.215431,-1.290239,1.247231,0.006452,0.000590,0.017118,-0.007186,0.090541,-0.000821
10835.624000,-0.465069,0.075658,0.226999,-1.214894,-1.289573,1.247683,0.006008,0.000580,0.019234,-0.008466,0.105783,-0.000990
10835.632000,-0.465010,0.075660,0.227145,-1.214329,-1.289001,1.248112,0.006649,0.000611,0.016793,-0.007470,0.094091,-0.000885
10835.640000,-0.464967,0.075669,0.227288,-1.213733,-1.288331,1.248565,0.006061,0.000579,0.018638,-0.008182,0.102377,-0.000956
10835.648000,-0.464924,0.075668,0.227433,-1.213243,-1.287798,1.248923,0.006608,0.000611,0.018867,-0.007840,0.098505,-0.000887
10835.656000,-0.464873,0.075667,0.227590,-1.212581,-1.287136,1.249386,0.005738,0.000564,0.019837,-0.008742,0.108925,-0.001019
10835.664000,-0.464824,0.075679,0.227741,-1.212023,-1.286527,1.249736,0.006662,0.000613,0.018132,-0.007645,0.096164,-0.000874
10835.672000,-0.464774,0.075692,0.227908,-1.211415,-1.285801,1.250163,0.005772,0.000563,0.020081,-0.008607,0.107316,-0.000987
10835.680000,-0.464711,0.075696,0.228072,-1.210858,-1.285161,1.250640,0.006663,0.000619,0.019866,-0.008114,0.101820,-0.000906
10835.688000,-0.464665,0.075695,0.228221,-1.210254,-1.284516,1.251086,0.005631,0.000553,0.020556,-0.008637,0.107554,-0.000975
10835.696000,-0.464618,0.075705,0.228383,-1.209703,-1.283914,1.251469,0.006623,0.000607,0.017700,-0.007456,0.093847,-0.000852
10835.704000,-0.464562,0.075701,0.228529,-1.209148,-1.283277,1.251903,0.005823,0.000570,0.021021,-0.008833,0.110000,-0.000997
10835.712000,-0.464507,0.075719,0.228681,-1.208544,-1.282710,1.252253,0.006619,0.000603,0.018092,-0.007368,0.092758,-0.000823
10835.720000,-0.464463,0.075707,0.228831,-1.207947,-1.282057,1.252746,0.005843,0.000569,0.020026,-0.008620,0.107430,-0.000989
10835.728000,-0.464407,0.075726,0.228974,-1.207472,-1.281431,1.253100,0.006810,0.000619,0.018927,-0.007534,0.094832,-0.000827
10835.736000,-0.464359,0.075738,0.229132,-1.206863,-1.280793,1.253554,0.005895,0.000570,0.018921,-0.008375,0.104560,-0.000980
10835.744000,-0.464308,0.075720,0.229300,-1.206240,-1.280221,1.253998,0.006737,0.000616,0.018714,-0.007597,0.095514,-0.000845
10835.752000,-0.464261,0.075732,0.229437,-1.205717,-1.279620,1.254350,0.005263,0.000539,0.022589,-0.009478,0.117446,-0.001063
10835.760000,-0.464207,0.075742,0.229601,-1.205124,-1.278957,1.254776,0.006673,0.000613,0.019786,-0.007808,0.098032,-0.000849
10835.768000,-0.464161,0.075734,0.229762,-1.204550,-1.278268,1.255233,0.005644,0.000560,0.020785,-0.008950,0.111246,-0.001024
10835.776000,-0.464093,0.075758,0.229941,-1.203906,-1.277626,1.255641,0.007055,0.000642,0.019664,-0.007812,0.098291,-0.000855
10835.784000,-0.464050,0.075746,0.230100,-1.203290,-1.276968,1.256131,0.006139,0.000591,0.019216,-0.008527,0.106423,-0.000997
10835.792000,-0.464004,0.075757,0.230233,-1.202780,-1.276364,1.256507,0.006906,0.000632,0.019425,-0.007856,0.098711,-0.000870
10835.800000,-0.463953,0.075773,0.230398,-1.202191,-1.275720,1.256894,0.006254,0.000596,0.019294,-0.008398,0.104947,-0.000972
10835.808000,-0.463899,0.075777,0.230558,-1.201631,-1.275061,1.257365,0.006845,0.000629,0.018819,-0.007860,0.098758,-0.000890
10835.816000,-0.463849,0.075765,0.230720,-1.200995,-1.274459,1.257793,0.006345,0.000595,0.018730,-0.007972,0.099778,-0.000910
10835.824000,-0.463796,0.075775,0.230868,-1.200427,-1.273808,1.258213,0.006781,0.000621,0.019077,-0.007728,0.097067,-0.000856
10835.832000,-0.463743,0.075787,0.231046,-1.199830,-1.273141,1.258620,0.006095,0.000591,0.021103,-0.008866,0.110445,-0.000999
10835.840000,-0.463688,0.075798,0.231184,-1.199272,-1.272499,1.259034,0.007049,0.000644,0.019749,-0.007957,0.099991,-0.000878
10835.848000,-0.463639,0.075789,0.231354,-1.198622,-1.271880,1.259491,0.006530,0.000616,0.019495,-0.008405,0.105101,-0.000966
10835.856000,-0.463582,0.075801,0.231505,-1.198103,-1.271252,1.259886,0.006811,0.000638,0.020614,-0.008593,0.107524,-0.000966
10835.864000,-0.463524,0.075801,0.231708,-1.197411,-1.270528,1.260374,0.006597,0.000625,0.021106,-0.008766,0.109462,-0.000981
10835.872000,-0.463477,0.075797,0.231839,-1.196893,-1.269948,1.260741,0.006172,0.000594,0.021743,-0.008802,0.109599,-0.000964
10835.880000,-0.463429,0.075818,0.232005,-1.196321,-1.269260,1.261155,0.006195,0.000584,0.019411,-0.008056,0.100661,-0.000901
10835.888000,-0.463377,0.075826,0.232160,-1.195753,-1.268639,1.261603,0.005324,0.000540,0.023587,-0.009405,0.116442,-0.001013
10835.896000,-0.463332,0.075827,0.232326,-1.195125,-1.268044,1.262023,0.006661,0.000614,0.019678,-0.007866,0.098619,-0.000860
10835.904000,-0.463277,0.075853,0.232496,-1.194542,-1.267284,1.262426,0.006105,0.000600,0.021829,-0.009335,0.116110,-0.001061
10835.912000,-0.463227,0.075810,0.232662,-1.193853,-1.266731,1.262958,0.007441,0.000680,0.020978,-0.008397,0.105356,-0.000919
10835.920000,-0.463166,0.075825,0.232840,-1.193200,-1.265910,1.263434,0.006049,0.000593,0.021527,-0.009163,0.113864,-0.001036
10835.928000,-0.463104,0.075857,0.233017,-1.192657,-1.265256,1.263806,0.007219,0.000656,0.019883,-0.007923,0.099585,-0.000866
10835.936000,-0.463059,0.075840,0.233166,-1.192038,-1.264641,1.264247,0.006943,0.000643,0.018527,-0.008133,0.101949,-0.000946
10835.944000,-0.463004,0.075829,0.233348,-1.191385,-1.264005,1.264697,0.006375,0.000618,0.024156,-0.009464,0.117553,-0.001008
10835.952000,-0.462949,0.075863,0.233509,-1.190838,-1.263299,1.265077,0.007131,0.000659,0.020440,-0.008434,0.105661,-0.000941
10835.960000,-0.462887,0.075896,0.233670,-1.190294,-1.262597,1.265473,0.006503,0.000639,0.024824,-0.010100,0.125470,-0.001107
10835.968000,-0.462847,0.075859,0.233848,-1.189570,-1.262005,1.265971,0.007281,0.000668,0.019991,-0.008276,0.103794,-0.000926
10835.976000,-0.462789,0.075870,0.233999,-1.189052,-1.261409,1.266351,0.006022,0.000597,0.023585,-0.009667,0.119869,-0.001062
10835.984000,-0.462728,0.075869,0.234205,-1.188332,-1.260591,1.266934,0.007566,0.000694,0.021389,-0.008671,0.108691,-0.000955
10835.992000,-0.462682,0.075875,0.234343,-1.187788,-1.259982,1.267317,0.006348,0.000618,0.021802,-0.009329,0.115962,-0.001057
10836.000000,-0.462619,0.075876,0.234555,-1.187078,-1.259206,1.267823,0.007511,0.000698,0.023301,-0.009224,0.115273,-0.000995
10836.008000,-0.462565,0.075893,0.234721,-1.186415,-1.258513,1.268205,0.007067,0.000661,0.020464,-0.008739,0.109248,-0.000994
10836.016000,-0.462508,0.075903,0.234900,-1.185799,-1.257808,1.268674,0.006658,0.000639,0.023672,-0.009412,0.117086,-0.001014
10836.024000,-0.462457,0.075905,0.235074,-1.185155,-1.257165,1.269130,0.007192,0.000664,0.021198,-0.008537,0.106846,-0.000934
10836.032000,-0.462396,0.075903,0.235251,-1.184546,-1.256409,1.269634,0.006604,0.000635,0.022734,-0.009323,0.115958,-0.001026
10836.040000,-0.462339,0.075923,0.235410,-1.183930,-1.255751,1.270016,0.007481,0.000682,0.020267,-0.008310,0.104281,-0.000923
10836.048000,-0.462280,0.075912,0.235602,-1.183247,-1.255035,1.270549,0.006909,0.000656,0.021683,-0.009178,0.114377,-0.001034
10836.056000,-0.462223,0.075927,0.235770,-1.182641,-1.254404,1.270927,0.007738,0.000701,0.020938,-0.008349,0.104841,-0.000909
10836.064000,-0.462171,0.075928,0.235954,-1.181997,-1.253655,1.271410,0.006704,0.000640,0.021657,-0.009134,0.113732,-0.001025
10836.072000,-0.462109,0.075939,0.236123,-1.181356,-1.253015,1.271783,0.007035,0.000671,0.024578,-0.009726,0.120999,-0.001042
10836.080000,-0.462059,0.075945,0.236284,-1.180772,-1.252286,1.272267,0.007338,0.000680,0.019891,-0.008643,0.108188,-0.000994
10836.088000,-0.462002,0.075938,0.236480,-1.180062,-1.251586,1.272772,0.006437,0.000634,0.025750,-0.010145,0.125649,-0.001078
10836.096000,-0.461948,0.075947,0.236640,-1.179469,-1.250938,1.273191,0.007667,0.000704,0.021247,-0.008749,0.109574,-0.000971
10836.104000,-0.461887,0.075947,0.236838,-1.178749,-1.250136,1.273655,0.006971,0.000669,0.023804,-0.009755,0.121246,-0.001070
10836.112000,-0.461830,0.075961,0.237016,-1.178131,-1.249446,1.274106,0.007823,0.000711,0.022390,-0.008685,0.108830,-0.000922
10836.120000,-0.461771,0.075985,0.237190,-1.177544,-1.248683,1.274541,0.007214,0.000676,0.021053,-0.009001,0.112401,-0.001022
10836.128000,-0.461710,0.075984,0.237359,-1.176903,-1.248059,1.274956,0.006837,0.000660,0.025120,-0.009912,0.123071,-0.001056
10836.128000,-0.461710,0.075984,0.237359,-1.176903,-1.248059,1.274956,0.006837,0.000660,0.025120,-0.009912,0.123071,-0.001056
10836.144000,-0.461593,0.075979,0.237737,-1.175574,-1.246607,1.275951,0.006897,0.000675,0.026061,-0.010518,0.130332,-0.001137
10836.152000,-0.461531,0.075990,0.237908,-1.174895,-1.245957,1.276414,0.007637,0.000698,0.021845,-0.008651,0.108308,-0.000932
10836.160000,-0.461477,0.075988,0.238070,-1.174280,-1.245270,1.276822,0.006462,0.000629,0.024494,-0.009711,0.120356,-0.001035
10836.168000,-0.461417,0.076004,0.238295,-1.173607,-1.244459,1.277331,0.007954,0.000722,0.022423,-0.008726,0.109350,-0.000928
10836.176000,-0.461360,0.076016,0.238447,-1.172982,-1.243760,1.277744,0.006760,0.000640,0.021310,-0.008904,0.110879,-0.000991
10836.184000,-0.461297,0.076029,0.238649,-1.172304,-1.243004,1.278176,0.006758,0.000655,0.026280,-0.010069,0.124833,-0.001046
10836.192000,-0.461241,0.076034,0.238847,-1.171612,-1.242248,1.278680,0.006999,0.000654,0.021360,-0.008709,0.108649,-0.000954
10836.200000,-0.461187,0.076026,0.239014,-1.170985,-1.241654,1.279107,0.006628,0.000648,0.025520,-0.010111,0.125229,-0.001076
10836.208000,-0.461130,0.076014,0.239200,-1.170344,-1.240955,1.279634,0.008120,0.000731,0.021464,-0.008466,0.106226,-0.000910
10836.216000,-0.461071,0.076021,0.239372,-1.169652,-1.240259,1.280037,0.006664,0.000649,0.023522,-0.009823,0.121751,-0.001086
10836.224000,-0.461010,0.076029,0.239553,-1.169096,-1.239545,1.280472,0.008216,0.000736,0.021599,-0.008386,0.105300,-0.000891
10836.232000,-0.460947,0.076057,0.239727,-1.168423,-1.238842,1.280909,0.007401,0.000689,0.022100,-0.009041,0.112816,-0.000992
10836.240000,-0.460888,0.076054,0.239904,-1.167839,-1.238159,1.281362,0.008139,0.000732,0.021457,-0.008481,0.106427,-0.000912
10836.248000,-0.460829,0.076065,0.240082,-1.167183,-1.237442,1.281799,0.007292,0.000686,0.022321,-0.009290,0.115725,-0.001029
10836.256000,-0.460763,0.076074,0.240279,-1.166512,-1.236694,1.282222,0.006723,0.000672,0.029855,-0.011321,0.139717,-0.001157
10836.264000,-0.460714,0.076047,0.240470,-1.165780,-1.236030,1.282773,0.007681,0.000714,0.022988,-0.009335,0.116356,-0.001016
10836.272000,-0.460650,0.076072,0.240691,-1.165103,-1.235185,1.283231,0.007269,0.000691,0.024095,-0.009771,0.121404,-0.001059
10836.280000,-0.460597,0.076058,0.240876,-1.164380,-1.234501,1.283746,0.007758,0.000726,0.025773,-0.009888,0.122967,-0.001028
10836.288000,-0.460525,0.076097,0.241071,-1.163695,-1.233693,1.284182,0.007859,0.000724,0.022857,-0.009212,0.115043,-0.000999
10836.296000,-0.460461,0.076101,0.241280,-1.163017,-1.232906,1.284639,0.007558,0.000723,0.027097,-0.010584,0.131298,-0.001113
10836.304000,-0.460404,0.076095,0.241463,-1.162354,-1.232213,1.285127,0.008052,0.000732,0.022059,-0.008833,0.110515,-0.000955
10836.312000,-0.460344,0.076095,0.241650,-1.161660,-1.231514,1.285568,0.007594,0.000724,0.025426,-0.010328,0.128193,-0.001118
10836.320000,-0.460282,0.076103,0.241854,-1.161012,-1.230686,1.286097,0.008003,0.000742,0.025199,-0.009729,0.121177,-0.001017
10836.328000,-0.460223,0.076114,0.242039,-1.160329,-1.229970,1.286519,0.007940,0.000734,0.023170,-0.009408,0.117336,-0.001023
10836.336000,-0.460164,0.076100,0.242235,-1.159649,-1.229259,1.287077,0.007596,0.000728,0.026864,-0.010603,0.131397,-0.001121
10836.344000,-0.460102,0.076106,0.242433,-1.158939,-1.228543,1.287488,0.007674,0.000720,0.025680,-0.009856,0.122446,-0.001022
10836.352000,-0.460038,0.076116,0.242650,-1.158195,-1.227700,1.288050,0.007790,0.000731,0.025331,-0.009979,0.124003,-0.001056
10836.360000,-0.459973,0.076128,0.242866,-1.157513,-1.226926,1.288530,0.007539,0.000718,0.026453,-0.010311,0.127848,-0.001080
10836.368000,-0.459906,0.076127,0.243056,-1.156795,-1.226110,1.289016,0.008448,0.000774,0.024009,-0.009577,0.119525,-0.001027
10836.376000,-0.459838,0.076158,0.243263,-1.156054,-1.225302,1.289465,0.007748,0.000738,0.026423,-0.010521,0.130534,-0.001121
10836.384000,-0.459766,0.076181,0.243487,-1.155367,-1.224462,1.289968,0.008153,0.000744,0.023418,-0.009186,0.114771,-0.000975
10836.392000,-0.459714,0.076158,0.243655,-1.154676,-1.223828,1.290441,0.007728,0.000732,0.025572,-0.010250,0.127213,-0.001097
10836.400000,-0.459654,0.076165,0.243846,-1.154019,-1.223110,1.290872,0.007973,0.000739,0.024475,-0.009610,0.119643,-0.001015
10836.408000,-0.459590,0.076161,0.244051,-1.153319,-1.222298,1.291418,0.007977,0.000744,0.024763,-0.009867,0.122690,-0.001052
10836.416000,-0.459522,0.076174,0.244237,-1.152639,-1.221649,1.291831,0.007611,0.000740,0.028981,-0.011299,0.139656,-0.001178
10836.424000,-0.459459,0.076194,0.244441,-1.151938,-1.220822,1.292273,0.008596,0.000783,0.023973,-0.009519,0.118909,-0.001018
10836.432000,-0.459390,0.076201,0.244630,-1.151316,-1.220083,1.292739,0.007451,0.000719,0.026655,-0.010649,0.131807,-0.001132
10836.440000,-0.459329,0.076183,0.244818,-1.150591,-1.219396,1.293248,0.008335,0.000772,0.026220,-0.010083,0.125404,-0.001046
10836.448000,-0.459263,0.076197,0.245045,-1.149844,-1.218520,1.293760,0.008030,0.000754,0.024730,-0.010169,0.126320,-0.001108
10836.456000,-0.459196,0.076193,0.245218,-1.149141,-1.217859,1.294231,0.007943,0.000770,0.030529,-0.011688,0.144376,-0.001198
10836.464000,-0.459127,0.076214,0.245464,-1.148355,-1.216909,1.294760,0.008793,0.000800,0.024249,-0.009631,0.120271,-0.001028
10836.472000,-0.459060,0.076229,0.245638,-1.147672,-1.216223,1.295164,0.007654,0.000730,0.027367,-0.010562,0.130785,-0.001092
10836.480000,-0.458997,0.076215,0.245870,-1.146956,-1.215426,1.295708,0.008188,0.000764,0.027247,-0.010293,0.127753,-0.001048
10836.488000,-0.458935,0.076224,0.246057,-1.146234,-1.214668,1.296187,0.007771,0.000729,0.024768,-0.009872,0.122531,-0.001049
10836.496000,-0.458868,0.076241,0.246264,-1.145608,-1.213819,1.296661,0.007961,0.000771,0.030464,-0.011663,0.144051,-0.001194
10836.504000,-0.458798,0.076251,0.246505,-1.144783,-1.212979,1.297180,0.008789,0.000797,0.023911,-0.009480,0.118403,-0.001010
10836.512000,-0.458729,0.076263,0.246705,-1.144057,-1.212156,1.297682,0.008316,0.000778,0.025905,-0.010374,0.128867,-0.001107
10836.520000,-0.458662,0.076260,0.246905,-1.143316,-1.211467,1.298143,0.008756,0.000803,0.026365,-0.010080,0.125515,-0.001039
10836.528000,-0.458601,0.076258,0.247090,-1.142686,-1.210781,1.298629,0.008677,0.000791,0.023380,-0.009552,0.119181,-0.001038
10836.536000,-0.458523,0.076275,0.247315,-1.141906,-1.209911,1.299074,0.008112,0.000775,0.028652,-0.011194,0.138491,-0.001166
10836.544000,-0.458463,0.076279,0.247518,-1.141231,-1.209131,1.299614,0.008924,0.000809,0.024367,-0.009643,0.120376,-0.001024
10836.552000,-0.458396,0.076282,0.247710,-1.140502,-1.208362,1.300039,0.008089,0.000776,0.027664,-0.011200,0.138534,-0.001197
10836.560000,-0.458331,0.076291,0.247932,-1.139774,-1.207541,1.300598,0.007927,0.000756,0.027797,-0.010831,0.134000,-0.001125
10836.568000,-0.458264,0.076295,0.248169,-1.138995,-1.206643,1.301132,0.008461,0.000787,0.025668,-0.010297,0.127892,-0.001098
10836.576000,-0.458195,0.076298,0.248363,-1.138243,-1.205912,1.301606,0.008391,0.000793,0.028012,-0.011006,0.136304,-0.001151
10836.584000,-0.458126,0.076322,0.248564,-1.137559,-1.205077,1.302077,0.008952,0.000816,0.025210,-0.009923,0.123705,-0.001047
10836.592000,-0.458056,0.076318,0.248787,-1.136763,-1.204281,1.302578,0.008691,0.000810,0.027022,-0.010710,0.132928,-0.001130
10836.600000,-0.457979,0.076327,0.249009,-1.136009,-1.203412,1.303091,0.008579,0.000803,0.027994,-0.010819,0.134131,-0.001117
10836.608000,-0.457916,0.076314,0.249224,-1.135273,-1.202624,1.303670,0.008555,0.000792,0.025723,-0.010198,0.126650,-0.001076
10836.616000,-0.457844,0.076314,0.249445,-1.134513,-1.201855,1.304179,0.008396,0.000793,0.028626,-0.011016,0.136274,-0.001130
10836.624000,-0.457772,0.076348,0.249657,-1.133771,-1.200985,1.304616,0.008804,0.000811,0.026600,-0.010310,0.128151,-0.001069
10836.632000,-0.457705,0.076348,0.249881,-1.133043,-1.200158,1.305098,0.008568,0.000794,0.026398,-0.010305,0.127916,-0.001073
10836.640000,-0.457639,0.076347,0.250076,-1.132300,-1.199391,1.305609,0.008862,0.000817,0.027036,-0.010403,0.129211,-0.001071
10836.648000,-0.457568,0.076360,0.250297,-1.131558,-1.198565,1.306062,0.008936,0.000818,0.025660,-0.010090,0.125538,-0.001059
10836.656000,-0.457494,0.076363,0.250504,-1.130800,-1.197770,1.306615,0.008655,0.000813,0.028062,-0.011007,0.136323,-0.001147
10836.664000,-0.457418,0.076368,0.250731,-1.130028,-1.196945,1.307153,0.009060,0.000818,0.025172,-0.009612,0.119844,-0.000987
10836.672000,-0.457353,0.076371,0.250938,-1.129318,-1.196182,1.307594,0.008871,0.000818,0.026495,-0.010367,0.128738,-0.001080
10836.680000,-0.457283,0.076386,0.251156,-1.128600,-1.195323,1.308070,0.008501,0.000806,0.029455,-0.011314,0.139833,-0.001155
10836.688000,-0.457212,0.076390,0.251379,-1.127802,-1.194512,1.308580,0.008857,0.000814,0.026437,-0.010224,0.127004,-0.001056
10836.696000,-0.457136,0.076397,0.251616,-1.127009,-1.193602,1.309153,0.008721,0.000818,0.028257,-0.011026,0.136495,-0.001142
10836.704000,-0.457062,0.076406,0.251824,-1.126279,-1.192774,1.309629,0.008986,0.000828,0.026978,-0.010487,0.130195,-0.001086
10836.712000,-0.456998,0.076404,0.252030,-1.125554,-1.192073,1.310099,0.009145,0.000838,0.026411,-0.010348,0.128600,-0.001079
10836.720000,-0.456926,0.076412,0.252246,-1.124807,-1.191226,1.310587,0.008228,0.000778,0.026658,-0.010717,0.132499,-0.001133
10836.728000,-0.456846,0.076431,0.252473,-1.124058,-1.190380,1.311073,0.009416,0.000855,0.027161,-0.010317,0.128367,-0.001050
10836.736000,-0.456779,0.076432,0.252667,-1.123333,-1.189587,1.311554,0.008951,0.000829,0.027526,-0.010688,0.132521,-0.001103
10836.744000,-0.456702,0.076446,0.252899,-1.122550,-1.188780,1.312064,0.009243,0.000854,0.028112,-0.010905,0.135288,-0.001125
10836.752000,-0.456629,0.076466,0.253099,-1.121857,-1.187905,1.312562,0.009264,0.000847,0.026850,-0.010427,0.129628,-0.001079
10836.760000,-0.456558,0.076433,0.253362,-1.120968,-1.187082,1.313181,0.009011,0.000844,0.029020,-0.011291,0.139642,-0.001162
10836.768000,-0.456480,0.076472,0.253572,-1.120284,-1.186214,1.313555,0.009584,0.000875,0.027962,-0.010723,0.133249,-0.001097
10836.776000,-0.456411,0.076475,0.253795,-1.119462,-1.185391,1.314081,0.009243,0.000844,0.027142,-0.010377,0.128915,-0.001059
10836.784000,-0.456339,0.076477,0.254025,-1.118753,-1.184589,1.314579,0.009217,0.000847,0.028106,-0.010676,0.132435,-0.001081
10836.792000,-0.456266,0.076477,0.254232,-1.118009,-1.183779,1.315127,0.009594,0.000870,0.027255,-0.010377,0.129045,-0.001055
10836.800000,-0.456184,0.076491,0.254451,-1.117243,-1.182970,1.315562,0.009348,0.000856,0.027670,-0.010607,0.131657,-0.001082
10836.808000,-0.456101,0.076487,0.254692,-1.116385,-1.182078,1.316122,0.009441,0.000864,0.027234,-0.010632,0.131977,-0.001100
10836.816000,-0.456020,0.076483,0.254931,-1.115582,-1.181187,1.316724,0.009336,0.000866,0.029168,-0.011205,0.138678,-0.001140
10836.824000,-0.455942,0.076515,0.255157,-1.114819,-1.180279,1.317160,0.009175,0.000850,0.029054,-0.011016,0.136385,-0.001110
10836.832000,-0.455873,0.076524,0.255360,-1.114085,-1.179508,1.317630,0.009410,0.000860,0.027709,-0.010589,0.131442,-0.001077
10836.840000,-0.455792,0.076540,0.255608,-1.113316,-1.178645,1.318179,0.009775,0.000898,0.028949,-0.011206,0.139034,-0.001151
10836.848000,-0.455719,0.076543,0.255833,-1.112604,-1.177771,1.318623,0.009626,0.000881,0.028618,-0.010867,0.134829,-0.001098
10836.856000,-0.455649,0.076530,0.256051,-1.111774,-1.176986,1.319184,0.009949,0.000907,0.027641,-0.010914,0.135532,-0.001138
10836.856000,-0.455649,0.076530,0.256051,-1.111774,-1.176986,1.319184,0.009949,0.000907,0.027641,-0.010914,0.135532,-0.001138
10836.864000,-0.455564,0.076546,0.256306,-1.111028,-1.176117,1.319728,0.009683,0.000894,0.029159,-0.011355,0.140652,-0.001168
10836.864000,-0.455564,0.076546,0.256306,-1.111028,-1.176117,1.319728,0.009683,0.000894,0.029159,-0.011355,0.140652,-0.001168
10836.888000,-0.455336,0.076565,0.256960,-1.108655,-1.173594,1.321165,0.009849,0.000910,0.029991,-0.011567,0.143198,-0.001179
10836.896000,-0.455263,0.076572,0.257182,-1.107885,-1.172739,1.321681,0.010117,0.000919,0.027818,-0.010915,0.135585,-0.001132
10836.904000,-0.455183,0.076561,0.257422,-1.107051,-1.171875,1.322278,0.009962,0.000911,0.028861,-0.011152,0.138225,-0.001139
10836.912000,-0.455098,0.076587,0.257657,-1.106258,-1.170949,1.322753,0.009845,0.000897,0.028574,-0.010863,0.134753,-0.001096
10836.920000,-0.455024,0.076587,0.257880,-1.105527,-1.170167,1.323252,0.009972,0.000909,0.028352,-0.010971,0.136086,-0.001122
10836.928000,-0.454936,0.076620,0.258117,-1.104720,-1.169261,1.323741,0.010042,0.000919,0.029561,-0.011302,0.140137,-0.001144
10836.936000,-0.454852,0.076621,0.258365,-1.103904,-1.168308,1.324294,0.010235,0.000938,0.029410,-0.011518,0.142779,-0.001188
10836.944000,-0.454775,0.076624,0.258593,-1.103073,-1.167478,1.324833,0.010089,0.000922,0.028844,-0.011213,0.139043,-0.001150
10836.952000,-0.454697,0.076611,0.258811,-1.102321,-1.166670,1.325367,0.010053,0.000921,0.029545,-0.011337,0.140389,-0.001148
10836.952000,-0.454697,0.076611,0.258811,-1.102321,-1.166670,1.325367,0.010053,0.000921,0.029545,-0.011337,0.140389,-0.001148
10836.968000,-0.454532,0.076645,0.259269,-1.100686,-1.164916,1.326350,0.010232,0.000929,0.028540,-0.011044,0.137066,-0.001129
10836.976000,-0.454449,0.076656,0.259519,-1.099925,-1.164026,1.326843,0.010003,0.000917,0.029487,-0.011310,0.140079,-0.001144
10836.984000,-0.454366,0.076668,0.259733,-1.099160,-1.163176,1.327330,0.010180,0.000924,0.028691,-0.010979,0.136234,-0.001111
10836.992000,-0.454288,0.076657,0.259967,-1.098343,-1.162265,1.327896,0.010340,0.000951,0.030089,-0.011814,0.146179,-0.001216
10837.000000,-0.454208,0.076664,0.260206,-1.097523,-1.161414,1.328398,0.010040,0.000917,0.028601,-0.011098,0.137480,-0.001133
10837.008000,-0.454128,0.076667,0.260425,-1.096717,-1.160626,1.328903,0.010359,0.000942,0.028248,-0.011145,0.138216,-0.001154
10837.016000,-0.454038,0.076693,0.260670,-1.095940,-1.159648,1.329435,0.010234,0.000931,0.028777,-0.011099,0.137614,-0.001128
10837.024000,-0.453957,0.076706,0.260888,-1.095157,-1.158793,1.329916,0.010690,0.000967,0.028690,-0.011273,0.139966,-0.001164
10837.032000,-0.453872,0.076706,0.261103,-1.094384,-1.157981,1.330439,0.010433,0.000943,0.028273,-0.010970,0.136177,-0.001121
10837.040000,-0.453786,0.076714,0.261331,-1.093560,-1.157110,1.330937,0.010420,0.000936,0.027566,-0.010646,0.132293,-0.001085
10837.048000,-0.453697,0.076725,0.261572,-1.092791,-1.156210,1.331432,0.010186,0.000916,0.027364,-0.010441,0.129699,-0.001053
10837.056000,-0.453614,0.076741,0.261807,-1.091982,-1.155360,1.331916,0.010464,0.000936,0.027502,-0.010482,0.130369,-0.001057
10837.064000,-0.453543,0.076725,0.261992,-1.091286,-1.154671,1.332387,0.010175,0.000931,0.029824,-0.011369,0.140656,-0.001139
10837.072000,-0.453452,0.076741,0.262249,-1.090454,-1.153704,1.332918,0.010303,0.000934,0.028603,-0.010972,0.136013,-0.001107
10837.080000,-0.453377,0.076732,0.262478,-1.089667,-1.152859,1.333467,0.010534,0.000962,0.029958,-0.011600,0.143537,-0.001176
10837.088000,-0.453292,0.076751,0.262713,-1.088835,-1.151992,1.333893,0.010683,0.000966,0.029526,-0.011258,0.139564,-0.001130
10837.096000,-0.453206,0.076751,0.262953,-1.088052,-1.151128,1.334463,0.010608,0.000955,0.028443,-0.010919,0.135465,-0.001102
10837.104000,-0.453118,0.076775,0.263172,-1.087296,-1.150260,1.334926,0.010751,0.000970,0.028969,-0.011190,0.138819,-0.001135
10837.112000,-0.453035,0.076762,0.263419,-1.086440,-1.149338,1.335519,0.010488,0.000946,0.028096,-0.010875,0.134843,-0.001104
10837.120000,-0.452949,0.076793,0.263624,-1.085728,-1.148544,1.335865,0.010521,0.000958,0.029914,-0.011467,0.141937,-0.001152
10837.128000,-0.452866,0.076779,0.263869,-1.084909,-1.147624,1.336514,0.010640,0.000963,0.029287,-0.011200,0.138736,-0.001123
10837.136000,-0.452780,0.076797,0.264095,-1.084088,-1.146798,1.336920,0.010606,0.000959,0.028490,-0.011091,0.137461,-0.001129
10837.144000,-0.452694,0.076810,0.264331,-1.083337,-1.145909,1.337447,0.010476,0.000954,0.029272,-0.011388,0.140914,-0.001157
10837.152000,-0.452611,0.076804,0.264557,-1.082508,-1.145066,1.338009,0.011381,0.001021,0.030173,-0.011479,0.142422,-0.001148
10837.160000,-0.452517,0.076818,0.264821,-1.081645,-1.144097,1.338562,0.010484,0.000971,0.031643,-0.012303,0.151718,-0.001243
10837.168000,-0.452428,0.076833,0.265052,-1.080907,-1.143247,1.339013,0.011332,0.001015,0.030142,-0.011356,0.140926,-0.001126
10837.176000,-0.452332,0.076846,0.265302,-1.080014,-1.142302,1.339545,0.011013,0.000990,0.029079,-0.011195,0.138871,-0.001129
10837.184000,-0.452246,0.076836,0.265515,-1.079253,-1.141546,1.340049,0.010983,0.001005,0.032405,-0.012226,0.150970,-0.001205
10837.192000,-0.452162,0.076851,0.265744,-1.078498,-1.140678,1.340510,0.011376,0.001012,0.028429,-0.010927,0.135825,-0.001103
10837.200000,-0.452072,0.076858,0.266001,-1.077650,-1.139753,1.341062,0.011163,0.001019,0.031875,-0.012251,0.151381,-0.001227
10837.208000,-0.451985,0.076867,0.266218,-1.076883,-1.138958,1.341481,0.011515,0.001014,0.027803,-0.010503,0.130824,-0.001046
10837.216000,-0.451895,0.076898,0.266433,-1.076144,-1.138036,1.341941,0.011284,0.001020,0.029994,-0.011744,0.145511,-0.001198
10837.224000,-0.451803,0.076883,0.266687,-1.075300,-1.137133,1.342574,0.010965,0.000995,0.031693,-0.011767,0.145438,-0.001143
10837.232000,-0.451705,0.076894,0.266928,-1.074401,-1.136242,1.343084,0.012088,0.001061,0.027850,-0.010801,0.134676,-0.001100
10837.240000,-0.451603,0.076902,0.267173,-1.073579,-1.135296,1.343588,0.010955,0.001013,0.032874,-0.012743,0.157011,-0.001278
10837.248000,-0.451521,0.076891,0.267382,-1.072768,-1.134498,1.344105,0.011608,0.001018,0.027305,-0.010327,0.128660,-0.001028
10837.256000,-0.451435,0.076904,0.267634,-1.071956,-1.133556,1.344650,0.011063,0.000995,0.028668,-0.011186,0.138559,-0.001135
10837.264000,-0.451338,0.076935,0.267871,-1.071200,-1.132689,1.345064,0.011684,0.001051,0.031287,-0.011940,0.147871,-0.001189
10837.272000,-0.451251,0.076934,0.268116,-1.070361,-1.131769,1.345591,0.011388,0.001017,0.029145,-0.011181,0.138675,-0.001120
10837.280000,-0.451157,0.076941,0.268356,-1.069547,-1.130928,1.346090,0.011537,0.001055,0.033268,-0.012728,0.157046,-0.001263
10837.288000,-0.451072,0.076939,0.268574,-1.068786,-1.130067,1.346616,0.012062,0.001060,0.027965,-0.010800,0.134469,-0.001092
10837.296000,-0.450974,0.076969,0.268806,-1.067981,-1.129148,1.347076,0.011192,0.001006,0.028832,-0.011318,0.140203,-0.001152
10837.304000,-0.450884,0.076967,0.269047,-1.067166,-1.128366,1.347574,0.011884,0.001058,0.030020,-0.011485,0.142498,-0.001146
10837.312000,-0.450796,0.076952,0.269274,-1.066325,-1.127454,1.348130,0.012120,0.001066,0.026783,-0.010792,0.134369,-0.001127
10837.320000,-0.450685,0.076983,0.269514,-1.065493,-1.126507,1.348604,0.011760,0.001055,0.030832,-0.011766,0.145697,-0.001168
10837.328000,-0.450595,0.077002,0.269740,-1.064770,-1.125660,1.349050,0.011956,0.001048,0.026909,-0.010543,0.131393,-0.001078
10837.336000,-0.450510,0.076992,0.269949,-1.063958,-1.124861,1.349563,0.010535,0.000967,0.031445,-0.011848,0.145927,-0.001155
10837.344000,-0.450421,0.076990,0.270209,-1.063161,-1.123977,1.350094,0.011625,0.001035,0.029850,-0.011193,0.138713,-0.001094
10837.352000,-0.450324,0.077028,0.270439,-1.062382,-1.122999,1.350564,0.011348,0.001012,0.028498,-0.011030,0.136754,-0.001108
10837.360000,-0.450227,0.077041,0.270681,-1.061538,-1.122136,1.351024,0.011608,0.001052,0.031737,-0.012207,0.150822,-0.001215
10837.368000,-0.450127,0.077053,0.270946,-1.060643,-1.121205,1.351548,0.011860,0.001047,0.028094,-0.010887,0.135347,-0.001098
10837.376000,-0.450040,0.077024,0.271161,-1.059846,-1.120389,1.352106,0.011676,0.001055,0.031235,-0.012081,0.149207,-0.001206
10837.384000,-0.449950,0.077043,0.271400,-1.059047,-1.119489,1.352585,0.011857,0.001047,0.027893,-0.010860,0.134907,-0.001097
10837.392000,-0.449861,0.077063,0.271613,-1.058297,-1.118600,1.353058,0.011724,0.001049,0.028738,-0.011458,0.141956,-0.001176
10837.400000,-0.449753,0.077076,0.271865,-1.057411,-1.117707,1.353544,0.011916,0.001061,0.030078,-0.011453,0.141952,-0.001132
10837.408000,-0.449662,0.077070,0.272087,-1.056640,-1.116835,1.354071,0.011841,0.001048,0.028062,-0.010986,0.136344,-0.001113
10837.416000,-0.449570,0.077077,0.272326,-1.055832,-1.115956,1.354584,0.011777,0.001068,0.031877,-0.012361,0.152526,-0.001233
10837.424000,-0.449475,0.077103,0.272552,-1.055059,-1.115040,1.355030,0.012055,0.001055,0.026983,-0.010510,0.130857,-0.001064
10837.432000,-0.449374,0.077116,0.272792,-1.054232,-1.114157,1.355536,0.011789,0.001070,0.031265,-0.012409,0.153186,-0.001261
10837.440000,-0.449274,0.077122,0.273043,-1.053427,-1.113231,1.356037,0.012658,0.001099,0.027524,-0.010543,0.131542,-0.001054
10837.448000,-0.449186,0.077116,0.273236,-1.052596,-1.112441,1.356523,0.011983,0.001070,0.028961,-0.011553,0.143084,-0.001183
10837.456000,-0.449074,0.077122,0.273470,-1.051787,-1.111584,1.356989,0.012277,0.001085,0.029248,-0.011278,0.139923,-0.001125
10837.464000,-0.448983,0.077124,0.273709,-1.050973,-1.110685,1.357538,0.011977,0.001047,0.026482,-0.010333,0.128587,-0.001044
10837.472000,-0.448877,0.077143,0.273930,-1.050199,-1.109855,1.357952,0.011707,0.001063,0.031890,-0.012343,0.152177,-0.001224
10837.480000,-0.448781,0.077158,0.274149,-1.049433,-1.108949,1.358450,0.012459,0.001080,0.026888,-0.010275,0.128173,-0.001023
10837.488000,-0.448686,0.077156,0.274388,-1.048637,-1.108081,1.358975,0.011347,0.001034,0.030795,-0.012157,0.149744,-0.001223
10837.496000,-0.448594,0.077163,0.274610,-1.047829,-1.107257,1.359425,0.012384,0.001096,0.030355,-0.011476,0.142220,-0.001122
10837.504000,-0.448502,0.077171,0.274830,-1.047043,-1.106387,1.359915,0.011795,0.001059,0.029455,-0.011709,0.144682,-0.001189
10837.512000,-0.448393,0.077204,0.275081,-1.046249,-1.105435,1.360362,0.012087,0.001082,0.030531,-0.011850,0.146551,-0.001181
10837.520000,-0.448301,0.077203,0.275312,-1.045402,-1.104561,1.360841,0.012869,0.001123,0.028338,-0.010990,0.136777,-0.001103
10837.528000,-0.448198,0.077210,0.275537,-1.044601,-1.103695,1.361359,0.011923,0.001071,0.030105,-0.011893,0.146904,-0.001200
10837.536000,-0.448097,0.077198,0.275785,-1.043758,-1.102786,1.361919,0.012772,0.001112,0.027988,-0.010770,0.134010,-0.001072
10837.544000,-0.447999,0.077233,0.276011,-1.042984,-1.101931,1.362314,0.011763,0.001063,0.029699,-0.012032,0.148475,-0.001236
10837.552000,-0.447903,0.077224,0.276240,-1.042165,-1.101055,1.362873,0.012528,0.001087,0.027091,-0.010382,0.129304,-0.001031
10837.560000,-0.447812,0.077244,0.276423,-1.041433,-1.100239,1.363267,0.012267,0.001081,0.028188,-0.011055,0.137146,-0.001113
10837.568000,-0.447702,0.077271,0.276666,-1.040667,-1.099333,1.363700,0.012806,0.001107,0.026369,-0.010341,0.129062,-0.001049
10837.576000,-0.447608,0.077252,0.276905,-1.039821,-1.098453,1.364288,0.012556,0.001107,0.028638,-0.011307,0.140204,-0.001143
10837.584000,-0.447504,0.077258,0.277144,-1.038988,-1.097594,1.364798,0.012494,0.001122,0.032565,-0.012444,0.153520,-0.001215
10837.592000,-0.447400,0.077285,0.277371,-1.038189,-1.096677,1.365221,0.012702,0.001113,0.028259,-0.011065,0.137449,-0.001113
10837.600000,-0.447292,0.077309,0.277618,-1.037403,-1.095800,1.365693,0.012242,0.001107,0.033077,-0.012666,0.156094,-0.001237
10837.608000,-0.447203,0.077287,0.277830,-1.036635,-1.095025,1.366170,0.013118,0.001133,0.026959,-0.010495,0.130868,-0.001054
10837.616000,-0.447110,0.077287,0.278044,-1.035841,-1.094234,1.366647,0.012063,0.001081,0.029791,-0.011822,0.145909,-0.001190
10837.624000,-0.447004,0.077324,0.278266,-1.035094,-1.093334,1.367039,0.013086,0.001124,0.026736,-0.010185,0.127228,-0.001007
10837.632000,-0.446901,0.077309,0.278477,-1.034330,-1.092508,1.367548,0.012547,0.001102,0.026678,-0.010957,0.136000,-0.001140
10837.640000,-0.446790,0.077339,0.278709,-1.033496,-1.091576,1.368007,0.012922,0.001115,0.026370,-0.010300,0.128465,-0.001037
10837.648000,-0.446701,0.077314,0.278918,-1.032682,-1.090811,1.368506,0.012391,0.001090,0.027477,-0.010951,0.135741,-0.001110
10837.656000,-0.446590,0.077349,0.279133,-1.031946,-1.089919,1.368956,0.012680,0.001123,0.030147,-0.011699,0.144760,-0.001158
10837.664000,-0.446492,0.077360,0.279371,-1.031079,-1.088953,1.369450,0.012587,0.001104,0.027082,-0.010963,0.136072,-0.001127
10837.672000,-0.446395,0.077371,0.279600,-1.030356,-1.088089,1.369897,0.012138,0.001093,0.031093,-0.012163,0.149897,-0.001205
10837.680000,-0.446302,0.077369,0.279835,-1.029555,-1.087312,1.370397,0.012838,0.001123,0.027581,-0.011017,0.136774,-0.001120
10837.688000,-0.446200,0.077403,0.280026,-1.028841,-1.086401,1.370793,0.012649,0.001117,0.028311,-0.011449,0.141837,-0.001172
10837.696000,-0.446099,0.077382,0.280265,-1.027974,-1.085599,1.371321,0.013165,0.001136,0.025926,-0.010420,0.129888,-0.001069
10837.704000,-0.446002,0.077387,0.280469,-1.027207,-1.084773,1.371762,0.012667,0.001116,0.027066,-0.011250,0.139391,-0.001175
10837.712000,-0.445895,0.077401,0.280699,-1.026416,-1.083883,1.372238,0.012740,0.001116,0.028256,-0.011051,0.137027,-0.001101
10837.720000,-0.445798,0.077403,0.280906,-1.025611,-1.083077,1.372698,0.013085,0.001140,0.025597,-0.010849,0.134888,-0.001153
10837.728000,-0.445692,0.077429,0.281101,-1.024928,-1.082212,1.373147,0.012821,0.001147,0.030426,-0.012388,0.152860,-0.001266
10837.736000,-0.445588,0.077447,0.281314,-1.024087,-1.081364,1.373546,0.012996,0.001123,0.026109,-0.010419,0.129787,-0.001060
10837.744000,-0.445489,0.077435,0.281537,-1.023270,-1.080499,1.374082,0.012205,0.001102,0.030442,-0.012324,0.151683,-0.001248
10837.752000,-0.445386,0.077454,0.281750,-1.022468,-1.079638,1.374497,0.012811,0.001105,0.025081,-0.010090,0.125755,-0.001033
10837.760000,-0.445285,0.077464,0.281966,-1.021677,-1.078719,1.375000,0.012340,0.001105,0.028462,-0.011918,0.147031,-0.001242
10837.768000,-0.445187,0.077479,0.282193,-1.020926,-1.077844,1.375460,0.012743,0.001112,0.026677,-0.010786,0.133903,-0.001103
10837.776000,-0.445080,0.077479,0.282409,-1.020067,-1.076944,1.375944,0.012963,0.001140,0.027246,-0.011349,0.140623,-0.001183
10837.784000,-0.444969,0.077490,0.282641,-1.019222,-1.076088,1.376431,0.012699,0.001138,0.030353,-0.012330,0.151985,-0.001252
10837.792000,-0.444877,0.077504,0.282832,-1.018474,-1.075245,1.376876,0.013116,0.001134,0.025514,-0.010461,0.130255,-0.001084
10837.800000,-0.444770,0.077506,0.283045,-1.017747,-1.074414,1.377300,0.012408,0.001110,0.029046,-0.011941,0.147212,-0.001223
10837.808000,-0.444675,0.077518,0.283240,-1.016960,-1.073602,1.377731,0.013083,0.001133,0.025507,-0.010540,0.131133,-0.001096
10837.816000,-0.444568,0.077523,0.283431,-1.016259,-1.072809,1.378171,0.012382,0.001113,0.029464,-0.012157,0.149720,-0.001246
10837.824000,-0.444468,0.077531,0.283648,-1.015461,-1.071925,1.378650,0.013091,0.001134,0.025226,-0.010541,0.131109,-0.001104
10837.832000,-0.444364,0.077546,0.283846,-1.014671,-1.071090,1.379059,0.012160,0.001092,0.029083,-0.011890,0.146442,-0.001210
10837.840000,-0.444264,0.077544,0.284077,-1.013855,-1.070213,1.379562,0.013027,0.001122,0.024969,-0.010165,0.126585,-0.001045
10837.848000,-0.444162,0.077558,0.284257,-1.013123,-1.069389,1.379994,0.012452,0.001109,0.027723,-0.011630,0.143525,-0.001209
10837.856000,-0.444055,0.077557,0.284505,-1.012263,-1.068464,1.380521,0.012861,0.001124,0.026893,-0.010873,0.134761,-0.001104
10837.864000,-0.443960,0.077575,0.284672,-1.011580,-1.067697,1.380921,0.012505,0.001091,0.024041,-0.010433,0.129492,-0.001118
10837.872000,-0.443846,0.077584,0.284898,-1.010711,-1.066844,1.381342,0.012418,0.001090,0.026822,-0.010810,0.133785,-0.001092
10837.880000,-0.443749,0.077600,0.285102,-1.009999,-1.065970,1.381797,0.012250,0.001064,0.024089,-0.009996,0.124170,-0.001037
10837.888000,-0.443652,0.077612,0.285284,-1.009303,-1.065215,1.382195,0.012466,0.001100,0.027044,-0.011147,0.137803,-0.001144
10837.896000,-0.443552,0.077613,0.285479,-1.008529,-1.064385,1.382603,0.012266,0.001064,0.023078,-0.009879,0.122785,-0.001049
10837.904000,-0.443459,0.077605,0.285663,-1.007796,-1.063632,1.383146,0.012230,0.001092,0.027630,-0.011552,0.142343,-0.001192
10837.912000,-0.443350,0.077628,0.285881,-1.007005,-1.062734,1.383535,0.012941,0.001118,0.024508,-0.010214,0.127048,-0.001064
10837.920000,-0.443248,0.077636,0.286075,-1.006269,-1.061949,1.383962,0.011845,0.001057,0.025891,-0.011155,0.137513,-0.001176
10837.928000,-0.443151,0.077654,0.286263,-1.005552,-1.061158,1.384363,0.012833,0.001110,0.024824,-0.010263,0.127568,-0.001061
10837.936000,-0.443055,0.077672,0.286460,-1.004846,-1.060279,1.384759,0.012295,0.001089,0.025644,-0.011112,0.137295,-0.001179
10837.944000,-0.442951,0.077669,0.286684,-1.003998,-1.059413,1.385268,0.012926,0.001111,0.024354,-0.009947,0.123843,-0.001020
10837.952000,-0.442845,0.077668,0.286894,-1.003217,-1.058602,1.385715,0.012726,0.001124,0.027012,-0.011348,0.140162,-0.001176
10837.960000,-0.442741,0.077666,0.287092,-1.002468,-1.057784,1.386187,0.013017,0.001123,0.024553,-0.010158,0.126288,-0.001049
10837.968000,-0.442643,0.077678,0.287291,-1.001649,-1.057002,1.386556,0.012521,0.001094,0.024730,-0.010500,0.130059,-0.001099
10837.976000,-0.442536,0.077696,0.287493,-1.000983,-1.056110,1.387033,0.013073,0.001130,0.024661,-0.010323,0.128284,-0.001074
10837.984000,-0.442432,0.077704,0.287690,-1.000164,-1.055285,1.387448,0.012824,0.001125,0.025730,-0.010990,0.135973,-0.001153
10837.992000,-0.442329,0.077711,0.287883,-0.999436,-1.054499,1.387898,0.013048,0.001131,0.025149,-0.010474,0.130004,-0.001083
10838.000000,-0.442228,0.077713,0.288084,-0.998666,-1.053650,1.388390,0.013093,0.001129,0.023310,-0.010169,0.126465,-0.001089
10838.008000,-0.442126,0.077734,0.288256,-0.997991,-1.052920,1.388683,0.012690,0.001104,0.024258,-0.010390,0.128851,-0.001095
10838.016000,-0.442018,0.077745,0.288475,-0.997223,-1.052015,1.389174,0.012946,0.001114,0.022622,-0.009905,0.123302,-0.001064
10838.024000,-0.441928,0.077745,0.288633,-0.996505,-1.051333,1.389556,0.012492,0.001104,0.025671,-0.011123,0.137309,-0.001174
10838.032000,-0.441811,0.077773,0.288851,-0.995747,-1.050381,1.389998,0.012936,0.001120,0.024396,-0.010307,0.127992,-0.001076
10838.040000,-0.441717,0.077764,0.289020,-0.995027,-1.049705,1.390392,0.012581,0.001096,0.023479,-0.010373,0.128550,-0.001114
10838.048000,-0.441606,0.077795,0.289199,-0.994237,-1.048776,1.390808,0.013026,0.001131,0.024471,-0.010547,0.130878,-0.001115
10838.056000,-0.441498,0.077793,0.289409,-0.993439,-1.047947,1.391278,0.012553,0.001089,0.023427,-0.010091,0.125221,-0.001066
10838.064000,-0.441400,0.077804,0.289605,-0.992678,-1.047045,1.391745,0.013033,0.001135,0.024802,-0.010745,0.133136,-0.001137
10838.072000,-0.441288,0.077823,0.289800,-0.991942,-1.046235,1.392150,0.012591,0.001094,0.023738,-0.010272,0.127375,-0.001087
10838.080000,-0.441199,0.077819,0.289991,-0.991181,-1.045485,1.392555,0.012745,0.001116,0.025196,-0.010813,0.133746,-0.001133
10838.088000,-0.441088,0.077834,0.290209,-0.990450,-1.044580,1.392979,0.013161,0.001136,0.023065,-0.010258,0.127496,-0.001108
10838.096000,-0.440991,0.077834,0.290379,-0.989670,-1.043817,1.393408,0.013037,0.001138,0.025104,-0.010852,0.134330,-0.001143
10838.104000,-0.440886,0.077858,0.290569,-0.988972,-1.043023,1.393797,0.012785,0.001097,0.021902,-0.009646,0.120111,-0.001037
10838.112000,-0.440787,0.077856,0.290737,-0.988269,-1.042294,1.394193,0.012950,0.001132,0.024193,-0.010872,0.134545,-0.001175
10838.120000,-0.440687,0.077853,0.290931,-0.987528,-1.041504,1.394655,0.012914,0.001109,0.022468,-0.009751,0.121309,-0.001035
10838.128000,-0.440577,0.077871,0.291111,-0.986800,-1.040659,1.395033,0.012426,0.001085,0.023074,-0.010342,0.128004,-0.001115
10838.136000,-0.440477,0.077872,0.291289,-0.986058,-1.039850,1.395425,0.012893,0.001111,0.021971,-0.009919,0.123263,-0.001079
10838.144000,-0.440374,0.077886,0.291473,-0.985357,-1.039095,1.395877,0.012573,0.001097,0.023198,-0.010393,0.128654,-0.001120
10838.152000,-0.440272,0.077908,0.291643,-0.984683,-1.038263,1.396275,0.012659,0.001089,0.021477,-0.009650,0.120033,-0.001048
10838.176000,-0.439967,0.077920,0.292188,-0.982458,-1.035993,1.397477,0.012294,0.001086,0.024570,-0.010912,0.134527,-0.001161
10838.184000,-0.439864,0.077951,0.292365,-0.981734,-1.035093,1.397874,0.012925,0.001115,0.021274,-0.010034,0.124705,-0.001121
10838.192000,-0.439754,0.077942,0.292558,-0.980998,-1.034309,1.398306,0.012447,0.001083,0.022609,-0.010163,0.125830,-0.001095
10838.200000,-0.439655,0.077965,0.292729,-0.980212,-1.033505,1.398642,0.012982,0.001126,0.023068,-0.010402,0.128966,-0.001125
10838.208000,-0.439557,0.077953,0.292904,-0.979553,-1.032774,1.399107,0.012725,0.001087,0.020372,-0.009310,0.115968,-0.001021
10838.216000,-0.439458,0.077982,0.293062,-0.978827,-1.031970,1.399440,0.012834,0.001113,0.021859,-0.010234,0.126935,-0.001134
10838.224000,-0.439357,0.077952,0.293260,-0.978058,-1.031266,1.399911,0.012496,0.001071,0.020938,-0.009279,0.115384,-0.000994
10838.232000,-0.439250,0.077987,0.293424,-0.977350,-1.030422,1.400298,0.012666,0.001115,0.023798,-0.011002,0.135770,-0.001200
10838.240000,-0.439146,0.077998,0.293624,-0.976639,-1.029577,1.400728,0.012966,0.001107,0.021385,-0.009438,0.117559,-0.001010
10838.248000,-0.439041,0.078011,0.293779,-0.975910,-1.028836,1.401072,0.012558,0.001100,0.022774,-0.010597,0.130965,-0.001162
10838.256000,-0.438947,0.078004,0.293937,-0.975264,-1.028115,1.401489,0.013330,0.001137,0.022191,-0.009670,0.120407,-0.001024
10838.264000,-0.438849,0.078020,0.294098,-0.974546,-1.027311,1.401844,0.012403,0.001093,0.023164,-0.010806,0.133275,-0.001183
10838.272000,-0.438735,0.078016,0.294297,-0.973773,-1.026523,1.402341,0.013030,0.001114,0.021617,-0.009544,0.118753,-0.001019
10838.280000,-0.438639,0.078029,0.294460,-0.973041,-1.025736,1.402710,0.012423,0.001095,0.023284,-0.010841,0.133652,-0.001184
10838.288000,-0.438541,0.078030,0.294623,-0.972390,-1.024976,1.403102,0.013157,0.001123,0.021778,-0.009569,0.119069,-0.001017
10838.296000,-0.438427,0.078071,0.294811,-0.971636,-1.024105,1.403446,0.012163,0.001069,0.021769,-0.010442,0.128919,-0.001163
10838.304000,-0.438323,0.078066,0.294975,-0.970940,-1.023350,1.403843,0.013042,0.001113,0.021083,-0.009467,0.117870,-0.001021
10838.312000,-0.438224,0.078081,0.295139,-0.970247,-1.022564,1.404214,0.012141,0.001070,0.022831,-0.010608,0.130757,-0.001155
10838.320000,-0.438120,0.078086,0.295326,-0.969470,-1.021797,1.404641,0.012624,0.001078,0.020163,-0.009187,0.114372,-0.001000
10838.328000,-0.438028,0.078084,0.295460,-0.968858,-1.021129,1.405019,0.012569,0.001104,0.022804,-0.010754,0.132654,-0.001182
10838.336000,-0.437924,0.078095,0.295645,-0.968084,-1.020336,1.405432,0.012842,0.001101,0.021210,-0.009566,0.118872,-0.001031
10838.344000,-0.437824,0.078107,0.295801,-0.967441,-1.019542,1.405800,0.012265,0.001088,0.023973,-0.011082,0.136297,-0.001198
10838.352000,-0.437718,0.078105,0.295979,-0.966652,-1.018761,1.406207,0.013469,0.001150,0.021800,-0.009784,0.121715,-0.001052
10838.360000,-0.437623,0.078124,0.296124,-0.966023,-1.018025,1.406564,0.012327,0.001067,0.020158,-0.009685,0.120016,-0.001081
10838.368000,-0.437515,0.078134,0.296302,-0.965323,-1.017233,1.406958,0.012956,0.001112,0.020606,-0.009702,0.120529,-0.001073
10838.376000,-0.437417,0.078155,0.296443,-0.964673,-1.016529,1.407221,0.011954,0.001020,0.017767,-0.008621,0.107396,-0.000974
10838.384000,-0.437314,0.078162,0.296631,-0.963906,-1.015688,1.407688,0.012438,0.001083,0.021137,-0.010144,0.125451,-0.001128
10838.392000,-0.437211,0.078159,0.296790,-0.963245,-1.015023,1.408052,0.013018,0.001107,0.020558,-0.009266,0.115395,-0.000998
10838.400000,-0.437114,0.078175,0.296931,-0.962580,-1.014275,1.408373,0.012573,0.001103,0.022713,-0.010680,0.131732,-0.001168
10838.408000,-0.437006,0.078181,0.297127,-0.961807,-1.013470,1.408818,0.012767,0.001088,0.020191,-0.009203,0.114539,-0.000998
10838.416000,-0.436922,0.078163,0.297252,-0.961188,-1.012829,1.409201,0.012551,0.001099,0.022168,-0.010542,0.130002,-0.001160
10838.424000,-0.436808,0.078203,0.297451,-0.960454,-1.012008,1.409517,0.013037,0.001111,0.020794,-0.009390,0.116856,-0.001011
10838.432000,-0.436712,0.078207,0.297593,-0.959824,-1.011267,1.409919,0.012286,0.001075,0.021457,-0.010262,0.126668,-0.001134
10838.440000,-0.436611,0.078207,0.297766,-0.959091,-1.010489,1.410314,0.013023,0.001111,0.020486,-0.009437,0.117353,-0.001027
10838.448000,-0.436502,0.078225,0.297910,-0.958404,-1.009732,1.410674,0.012689,0.001105,0.021129,-0.010316,0.127520,-0.001155
10838.456000,-0.436390,0.078233,0.298103,-0.957618,-1.008810,1.411126,0.012648,0.001085,0.020329,-0.009473,0.117566,-0.001035
10838.464000,-0.436291,0.078249,0.298247,-0.956953,-1.008137,1.411452,0.012230,0.001043,0.018081,-0.008804,0.109589,-0.000992
10838.472000,-0.436194,0.078257,0.298410,-0.956247,-1.007367,1.411833,0.012527,0.001085,0.020459,-0.009900,0.122538,-0.001103
10838.480000,-0.436089,0.078247,0.298583,-0.955569,-1.006619,1.412250,0.012517,0.001067,0.018486,-0.008966,0.111548,-0.001006
10838.488000,-0.435995,0.078262,0.298740,-0.954902,-1.005875,1.412586,0.012237,0.001077,0.022116,-0.010579,0.130226,-0.001162
10838.496000,-0.435904,0.078269,0.298882,-0.954284,-1.005213,1.412905,0.012701,0.001082,0.019147,-0.009103,0.113234,-0.001009
10838.504000,-0.435806,0.078275,0.299032,-0.953595,-1.004475,1.413327,0.012548,0.001094,0.020708,-0.010264,0.126735,-0.001155
10838.512000,-0.435704,0.078289,0.299196,-0.952906,-1.003749,1.413649,0.012748,0.001087,0.019212,-0.009164,0.113970,-0.001017
10838.520000,-0.435598,0.078291,0.299345,-0.952157,-1.003001,1.414037,0.012952,0.001121,0.021057,-0.010180,0.125939,-0.001131
10838.528000,-0.435506,0.078308,0.299497,-0.951543,-1.002228,1.414374,0.012788,0.001099,0.019715,-0.009664,0.119844,-0.001085
10838.528000,-0.435506,0.078308,0.299497,-0.951543,-1.002228,1.414374,0.012788,0.001099,0.019715,-0.009664,0.119844,-0.001085
10838.544000,-0.435291,0.078324,0.299812,-0.950115,-1.000718,1.415132,0.012832,0.001101,0.019567,-0.009591,0.118990,-0.001077
10838.552000,-0.435186,0.078333,0.299975,-0.949409,-0.999947,1.415510,0.012681,0.001083,0.018846,-0.009231,0.114705,-0.001037
10838.552000,-0.435186,0.078333,0.299975,-0.949409,-0.999947,1.415510,0.012681,0.001083,0.018846,-0.009231,0.114705,-0.001037
10838.568000,-0.434992,0.078347,0.300265,-0.948100,-0.998486,1.416225,0.012487,0.001067,0.018583,-0.009067,0.112645,-0.001016
10838.568000,-0.434992,0.078347,0.300265,-0.948100,-0.998486,1.416225,0.012487,0.001067,0.018583,-0.009067,0.112645,-0.001016
10838.584000,-0.434795,0.078361,0.300548,-0.946787,-0.997117,1.416921,0.012760,0.001095,0.018736,-0.009509,0.117967,-0.001087
10838.592000,-0.434686,0.078370,0.300715,-0.946083,-0.996301,1.417352,0.012925,0.001104,0.018452,-0.009349,0.116186,-0.001069
10838.600000,-0.434581,0.078375,0.300860,-0.945403,-0.995530,1.417746,0.012767,0.001096,0.018433,-0.009536,0.118268,-0.001100
10838.608000,-0.434484,0.078403,0.300985,-0.944762,-0.994823,1.418032,0.012433,0.001062,0.018188,-0.009058,0.112531,-0.001025
10838.616000,-0.434389,0.078395,0.301145,-0.944110,-0.994088,1.418379,0.012420,0.001062,0.018016,-0.009089,0.112821,-0.001035
10838.624000,-0.434285,0.078422,0.301273,-0.943464,-0.993345,1.418726,0.012713,0.001089,0.018603,-0.009410,0.116797,-0.001073
10838.632000,-0.434179,0.078430,0.301436,-0.942727,-0.992600,1.419096,0.012332,0.001051,0.018288,-0.008866,0.110195,-0.000987
10838.640000,-0.434082,0.078436,0.301577,-0.942025,-0.991892,1.419446,0.012631,0.001091,0.019569,-0.009824,0.121548,-0.001110
10838.648000,-0.433974,0.078432,0.301739,-0.941309,-0.991102,1.419856,0.012365,0.001063,0.018935,-0.009312,0.115352,-0.001041
10838.656000,-0.433883,0.078434,0.301863,-0.940686,-0.990451,1.420197,0.012600,0.001074,0.017547,-0.008993,0.111781,-0.001033
10838.664000,-0.433772,0.078444,0.302039,-0.939943,-0.989637,1.420573,0.012287,0.001057,0.018170,-0.009273,0.114860,-0.001057
10838.672000,-0.433681,0.078460,0.302188,-0.939289,-0.988860,1.420902,0.012085,0.001031,0.017078,-0.008718,0.108283,-0.000997
10838.680000,-0.433578,0.078473,0.302316,-0.938687,-0.988173,1.421256,0.012200,0.001052,0.017950,-0.009344,0.115677,-0.001076
10838.688000,-0.433478,0.078469,0.302456,-0.937995,-0.987513,1.421601,0.012346,0.001050,0.017760,-0.008741,0.108637,-0.000979
10838.696000,-0.433383,0.078488,0.302579,-0.937399,-0.986822,1.421896,0.011796,0.001014,0.017302,-0.008905,0.110302,-0.001019
10838.704000,-0.433282,0.078500,0.302736,-0.936689,-0.986056,1.422283,0.012380,0.001066,0.018840,-0.009421,0.116623,-0.001060
10838.712000,-0.433189,0.078517,0.302841,-0.936188,-0.985406,1.422554,0.011940,0.001014,0.016704,-0.008390,0.104376,-0.000952
10838.720000,-0.433086,0.078526,0.302974,-0.935511,-0.984717,1.422853,0.012051,0.001023,0.015212,-0.008427,0.104930,-0.001007
10838.728000,-0.432992,0.078525,0.303132,-0.934772,-0.984001,1.423249,0.011850,0.001018,0.017619,-0.008920,0.110488,-0.001010
10838.736000,-0.432899,0.078514,0.303262,-0.934162,-0.983327,1.423621,0.012039,0.001023,0.016855,-0.008447,0.105001,-0.000955
10838.744000,-0.432797,0.078544,0.303376,-0.933585,-0.982650,1.423892,0.012019,0.001023,0.015715,-0.008524,0.105995,-0.001005
10838.752000,-0.432699,0.078549,0.303534,-0.932891,-0.981956,1.424252,0.012132,0.001032,0.017234,-0.008627,0.107189,-0.000973
10838.760000,-0.432599,0.078554,0.303665,-0.932284,-0.981224,1.424626,0.012119,0.001035,0.017088,-0.008804,0.109247,-0.001007
10838.768000,-0.432512,0.078563,0.303779,-0.931716,-0.980600,1.424906,0.012144,0.001037,0.016854,-0.008799,0.109204,-0.001014
10838.776000,-0.432416,0.078558,0.303919,-0.931066,-0.979929,1.425221,0.011998,0.001018,0.015721,-0.008359,0.103960,-0.000975
10838.784000,-0.432317,0.078573,0.304043,-0.930404,-0.979222,1.425574,0.012248,0.001055,0.018387,-0.009342,0.115537,-0.001055
10838.792000,-0.432218,0.078589,0.304202,-0.929745,-0.978481,1.425877,0.012082,0.001035,0.017872,-0.008951,0.110885,-0.001005
10838.800000,-0.432126,0.078584,0.304289,-0.929249,-0.977939,1.426225,0.012535,0.001066,0.016323,-0.008825,0.109693,-0.001036
10838.808000,-0.432016,0.078603,0.304451,-0.928525,-0.977143,1.426590,0.012164,0.001030,0.015797,-0.008359,0.104065,-0.000972
10838.816000,-0.431925,0.078613,0.304569,-0.927929,-0.976471,1.426880,0.011773,0.001020,0.017958,-0.009301,0.114800,-0.001058
10838.824000,-0.431826,0.078614,0.304733,-0.927258,-0.975749,1.427285,0.012140,0.001036,0.017482,-0.008752,0.108550,-0.000982
10838.832000,-0.431734,0.078637,0.304823,-0.926703,-0.975180,1.427467,0.011927,0.001013,0.014475,-0.008385,0.104313,-0.001018
10838.840000,-0.431634,0.078649,0.304956,-0.926095,-0.974467,1.427773,0.012318,0.001043,0.015525,-0.008494,0.105747,-0.001004
10838.848000,-0.431543,0.078656,0.305107,-0.925394,-0.973695,1.428168,0.011934,0.001032,0.018137,-0.009326,0.115178,-0.001056
10838.856000,-0.431449,0.078645,0.305202,-0.924806,-0.973128,1.428518,0.012296,0.001050,0.017036,-0.008895,0.110312,-0.001021
10838.864000,-0.431347,0.078647,0.305337,-0.924177,-0.972391,1.428878,0.012183,0.001036,0.015432,-0.008584,0.106644,-0.001019
10838.872000,-0.431238,0.078679,0.305463,-0.923512,-0.971653,1.429175,0.011847,0.000999,0.014244,-0.007971,0.099388,-0.000953
10838.880000,-0.431139,0.078687,0.305610,-0.922801,-0.970930,1.429505,0.011598,0.001001,0.016780,-0.008966,0.110807,-0.001036
10838.888000,-0.431052,0.078681,0.305726,-0.922274,-0.970334,1.429821,0.012374,0.001053,0.016702,-0.008765,0.108822,-0.001008
10838.896000,-0.430960,0.078681,0.305829,-0.921687,-0.969689,1.430103,0.012367,0.001048,0.015571,-0.008535,0.106138,-0.001006
10838.904000,-0.430865,0.078699,0.305958,-0.921089,-0.968995,1.430440,0.011394,0.000965,0.013713,-0.007838,0.097533,-0.000943
10838.912000,-0.430776,0.078701,0.306091,-0.920446,-0.968305,1.430780,0.012365,0.001068,0.018345,-0.009601,0.118512,-0.001094
10838.920000,-0.430684,0.078702,0.306197,-0.919884,-0.967738,1.431083,0.011674,0.000995,0.014948,-0.008366,0.103781,-0.000992
10838.928000,-0.430583,0.078724,0.306309,-0.919273,-0.967107,1.431338,0.012135,0.001023,0.013917,-0.008098,0.100984,-0.000984
10838.936000,-0.430492,0.078738,0.306448,-0.918620,-0.966365,1.431663,0.012238,0.001057,0.017361,-0.009504,0.117380,-0.001109
10838.944000,-0.430395,0.078721,0.306591,-0.917988,-0.965688,1.432083,0.012351,0.001049,0.016683,-0.008675,0.107661,-0.000990
10838.952000,-0.430291,0.078760,0.306692,-0.917445,-0.964963,1.432292,0.012187,0.001032,0.015063,-0.008389,0.104356,-0.000995
10838.960000,-0.430196,0.078750,0.306827,-0.916790,-0.964360,1.432633,0.012209,0.001032,0.014987,-0.008293,0.103200,-0.000980
10838.968000,-0.430094,0.078766,0.306941,-0.916131,-0.963675,1.432934,0.011942,0.001025,0.016108,-0.008961,0.110865,-0.001055
10838.976000,-0.430009,0.078769,0.307071,-0.915549,-0.962990,1.433219,0.011725,0.000997,0.015515,-0.008310,0.103103,-0.000962
10838.984000,-0.429912,0.078774,0.307176,-0.914979,-0.962397,1.433546,0.011617,0.000984,0.014416,-0.008001,0.099463,-0.000945
10838.992000,-0.429820,0.078790,0.307282,-0.914381,-0.961779,1.433815,0.011913,0.001008,0.014247,-0.008148,0.101384,-0.000977
10839.000000,-0.429719,0.078799,0.307419,-0.913761,-0.961051,1.434170,0.011873,0.001011,0.015563,-0.008462,0.104971,-0.000986
10839.008000,-0.429632,0.078801,0.307521,-0.913197,-0.960464,1.434468,0.012032,0.001024,0.015052,-0.008535,0.105912,-0.001016
10839.016000,-0.429526,0.078819,0.307661,-0.912560,-0.959701,1.434760,0.012090,0.001024,0.014276,-0.008356,0.103892,-0.001011
10839.024000,-0.429428,0.078829,0.307771,-0.911951,-0.959053,1.435098,0.012085,0.001022,0.014825,-0.008294,0.103142,-0.000983
10839.032000,-0.429341,0.078825,0.307876,-0.911341,-0.958440,1.435413,0.011546,0.000981,0.014401,-0.008147,0.101120,-0.000968
10839.040000,-0.429243,0.078838,0.308004,-0.910731,-0.957769,1.435733,0.011837,0.001010,0.015052,-0.008535,0.105801,-0.001013
10839.048000,-0.429152,0.078849,0.308096,-0.910204,-0.957149,1.435961,0.011898,0.001008,0.014925,-0.008241,0.102382,-0.000968
10839.056000,-0.429063,0.078848,0.308208,-0.909598,-0.956557,1.436302,0.011509,0.000974,0.013397,-0.007897,0.098192,-0.000957
10839.064000,-0.428972,0.078846,0.308313,-0.909020,-0.955945,1.436594,0.011805,0.000997,0.013675,-0.008015,0.099697,-0.000969
10839.072000,-0.428867,0.078882,0.308435,-0.908391,-0.955171,1.436884,0.011597,0.000990,0.014716,-0.008409,0.104220,-0.001001
10839.080000,-0.428775,0.078881,0.308551,-0.907826,-0.954532,1.437194,0.011743,0.001000,0.014682,-0.008373,0.103833,-0.000996
