timestamp,actual_TCP_pose_0,actual_TCP_pose_1,actual_TCP_pose_2,actual_TCP_pose_3,actual_TCP_pose_4,actual_TCP_pose_5,actual_TCP_speed_0,actual_TCP_speed_1,actual_TCP_speed_2,actual_TCP_speed_3,actual_TCP_speed_4,actual_TCP_speed_5
21887.984000,-0.122455,0.102136,0.257326,-2.103171,-2.286816,0.042777,0.000003,0.000000,0.000007,-0.000002,0.000019,0.000000
21888.000000,-0.122458,0.102139,0.257341,-2.103151,-2.286767,0.042831,0.000003,0.000000,0.000007,-0.000002,0.000019,0.000000
21888.008000,-0.122454,0.102137,0.257329,-2.103129,-2.286798,0.042843,0.000003,0.000000,0.000007,-0.000002,0.000019,0.000000
21888.016000,-0.122458,0.102132,0.257327,-2.103103,-2.286879,0.042802,0.000003,0.000000,0.000007,-0.000002,0.000019,0.000000
21888.024000,-0.122457,0.102129,0.257322,-2.103103,-2.286937,0.042813,0.000003,0.000000,0.000007,-0.000002,0.000019,0.000000
21888.032000,-0.122458,0.102134,0.257332,-2.103154,-2.286855,0.042827,0.000003,0.000000,0.000007,-0.000002,0.000019,0.000000
21888.040000,-0.122467,0.102129,0.257325,-2.103086,-2.286917,0.042802,0.000003,0.000000,0.000007,-0.000002,0.000019,0.000000
21888.048000,-0.122463,0.102132,0.257340,-2.103080,-2.286856,0.042882,0.000003,0.000000,0.000007,-0.000002,0.000019,0.000000
21888.056000,-0.122461,0.102135,0.257319,-2.103147,-2.286872,0.042735,0.000003,0.000000,0.000007,-0.000002,0.000019,0.000000
21888.064000,-0.122459,0.102133,0.257328,-2.103089,-2.286892,0.042776,0.000003,0.000000,0.000007,-0.000002,0.000019,0.000000
21888.072000,-0.122463,0.102136,0.257322,-2.103176,-2.286823,0.042789,0.000003,0.000000,0.000007,-0.000002,0.000019,0.000000
21888.080000,-0.122462,0.102134,0.257320,-2.103133,-2.286885,0.042761,0.000003,0.000000,0.000007,-0.000002,0.000019,0.000000
21888.088000,-0.122456,0.102138,0.257321,-2.103119,-2.286840,0.042750,0.000003,0.000000,0.000007,-0.000002,0.000019,0.000000
21888.096000,-0.122460,0.102135,0.257325,-2.103113,-2.286891,0.042800,0.000003,0.000000,0.000007,-0.000002,0.000019,0.000000
21888.104000,-0.122458,0.102133,0.257324,-2.103102,-2.286879,0.042854,0.000003,0.000000,0.000007,-0.000002,0.000019,0.000000
21888.112000,-0.122459,0.102133,0.257321,-2.103108,-2.286885,0.042737,0.000003,0.000000,0.000007,-0.000002,0.000019,0.000000
21888.120000,-0.122456,0.102129,0.257332,-2.103091,-2.286868,0.042883,0.000003,0.000000,0.000007,-0.000002,0.000019,0.000000
21888.128000,-0.122453,0.102136,0.257335,-2.103050,-2.286848,0.042870,0.000083,0.000007,0.000095,-0.000063,0.000784,-0.000000
21888.136000,-0.122452,0.102140,0.257332,-2.103143,-2.286785,0.042842,0.000083,0.000007,0.000095,-0.000063,0.000784,-0.000000
21888.144000,-0.122446,0.102137,0.257323,-2.103157,-2.286829,0.042802,0.000083,0.000007,0.000095,-0.000063,0.000784,-0.000000
21888.152000,-0.122448,0.102134,0.257333,-2.103105,-2.286855,0.042881,0.000170,0.000014,0.000189,-0.000128,0.001606,-0.000001
21888.160000,-0.122432,0.102138,0.257324,-2.103116,-2.286810,0.042869,0.000930,0.000075,0.001014,-0.000704,0.008831,-0.000004
21888.168000,-0.122442,0.102134,0.257336,-2.103041,-2.286811,0.042925,0.000486,0.000039,0.000532,-0.000368,0.004606,-0.000002
21888.176000,-0.122440,0.102132,0.257320,-2.103196,-2.286818,0.042829,0.000266,0.000021,0.000293,-0.000201,0.002523,-0.000001
21888.184000,-0.122437,0.102135,0.257314,-2.103166,-2.286866,0.042723,0.000984,0.000081,-0.000736,0.000740,-0.008760,0.000011
21888.192000,-0.122425,0.102138,0.257313,-2.103160,-2.286915,0.042718,0.000973,0.000080,-0.001027,0.000978,-0.011660,0.000014
21888.200000,-0.122417,0.102135,0.257308,-2.103188,-2.286947,0.042703,0.000472,0.000039,-0.000458,0.000444,-0.005283,0.000006
21888.208000,-0.122420,0.102134,0.257315,-2.103138,-2.286891,0.042749,0.000584,0.000047,0.000067,0.000027,-0.000176,0.000002
21888.216000,-0.122415,0.102135,0.257329,-2.103179,-2.286855,0.042826,0.000347,0.000028,0.000385,-0.000266,0.003331,-0.000001
21888.224000,-0.122415,0.102138,0.257311,-2.103176,-2.286877,0.042721,0.000298,0.000024,0.000323,-0.000226,0.002829,-0.000001
21888.232000,-0.122413,0.102138,0.257319,-2.103184,-2.286860,0.042786,0.000181,0.000015,0.000197,-0.000137,0.001720,-0.000001
21888.240000,-0.122409,0.102138,0.257315,-2.103163,-2.286890,0.042746,0.000129,0.000010,0.000140,-0.000098,0.001223,-0.000001
21888.248000,-0.122401,0.102139,0.257260,-2.103281,-2.286963,0.042529,0.001164,0.000135,-0.005372,0.001585,-0.018652,-0.000120
21888.256000,-0.122390,0.102137,0.257247,-2.103224,-2.287037,0.042501,0.001318,0.000122,-0.001424,0.000158,-0.001439,-0.000050
21888.264000,-0.122382,0.102143,0.257259,-2.103267,-2.286974,0.042501,0.000907,0.000086,-0.001510,0.000450,-0.005133,-0.000035
21888.272000,-0.122378,0.102138,0.257256,-2.103209,-2.287050,0.042501,0.000630,0.000059,-0.001043,0.000394,-0.004571,-0.000020
21888.280000,-0.122380,0.102144,0.257256,-2.103286,-2.286968,0.042462,0.000652,0.000055,-0.000455,0.000364,-0.004251,0.000001
21888.288000,-0.122372,0.102138,0.257237,-2.103268,-2.287031,0.042487,0.000663,0.000055,-0.000289,0.000229,-0.002603,-0.000000
21888.296000,-0.122358,0.102143,0.257230,-2.103282,-2.287016,0.042459,0.001232,0.000117,-0.001851,0.000412,-0.004545,-0.000051
21888.304000,-0.122359,0.102139,0.257218,-2.103313,-2.287079,0.042404,0.000720,0.000068,-0.001078,0.000276,-0.003094,-0.000028
21888.312000,-0.122359,0.102142,0.257222,-2.103362,-2.287023,0.042392,0.000483,0.000045,-0.000783,0.000241,-0.002755,-0.000018
21888.320000,-0.122345,0.102145,0.257206,-2.103401,-2.287065,0.042244,0.000838,0.000074,-0.001143,0.000674,-0.007943,-0.000008
21888.328000,-0.122334,0.102148,0.257197,-2.103371,-2.287113,0.042189,0.001216,0.000104,-0.000545,0.000233,-0.002472,-0.000011
21888.336000,-0.122327,0.102144,0.257166,-2.103414,-2.287188,0.042106,0.001179,0.000122,-0.003507,0.001113,-0.013025,-0.000075
21888.344000,-0.122324,0.102147,0.257149,-2.103541,-2.287162,0.041998,0.000859,0.000085,-0.002105,0.000750,-0.008779,-0.000041
21888.352000,-0.122316,0.102145,0.257167,-2.103402,-2.287175,0.042133,0.001358,0.000118,-0.000431,-0.000073,0.001322,-0.000025
21888.360000,-0.122318,0.102146,0.257162,-2.103373,-2.287224,0.042053,0.000820,0.000072,-0.000614,0.000196,-0.002124,-0.000015
21888.368000,-0.122304,0.102144,0.257131,-2.103525,-2.287255,0.041955,0.000860,0.000093,-0.003414,0.001217,-0.014401,-0.000064
21888.376000,-0.122286,0.102149,0.257114,-2.103474,-2.287278,0.041876,0.001820,0.000166,-0.001662,0.000242,-0.002308,-0.000056
21888.384000,-0.122280,0.102147,0.257093,-2.103538,-2.287377,0.041738,0.001562,0.000138,-0.001952,0.001038,-0.012146,-0.000020
21888.392000,-0.122278,0.102153,0.257089,-2.103590,-2.287351,0.041684,0.001066,0.000097,-0.001657,0.000729,-0.008516,-0.000025
21888.400000,-0.122274,0.102150,0.257088,-2.103543,-2.287382,0.041672,0.000550,0.000054,-0.001479,0.000607,-0.007174,-0.000024
21888.408000,-0.122257,0.102154,0.257063,-2.103619,-2.287380,0.041589,0.001628,0.000154,-0.002161,0.000334,-0.003445,-0.000069
21888.416000,-0.122250,0.102157,0.257037,-2.103702,-2.287416,0.041479,0.001060,0.000110,-0.003128,0.000887,-0.010311,-0.000073
21888.424000,-0.122241,0.102154,0.257027,-2.103686,-2.287510,0.041410,0.002802,0.000238,-0.000816,0.000262,-0.002364,-0.000025
21888.432000,-0.122230,0.102156,0.257031,-2.103697,-2.287466,0.041425,0.001168,0.000103,-0.001101,0.000498,-0.005688,-0.000017
21888.440000,-0.122233,0.102153,0.257006,-2.103730,-2.287503,0.041345,0.001095,0.000114,-0.003371,0.001055,-0.012346,-0.000073
21888.448000,-0.122216,0.102157,0.256978,-2.103762,-2.287563,0.041209,0.001780,0.000161,-0.001281,-0.000004,0.000668,-0.000055
21888.456000,-0.122196,0.102159,0.256962,-2.103823,-2.287574,0.041153,0.001907,0.000179,-0.003639,0.001493,-0.017486,-0.000060
21888.464000,-0.122189,0.102164,0.256948,-2.103834,-2.287585,0.041072,0.000907,0.000086,-0.001683,0.000633,-0.007369,-0.000031
21888.472000,-0.122181,0.102160,0.256943,-2.103848,-2.287629,0.041109,0.001722,0.000160,-0.002171,0.000444,-0.004773,-0.000063
21888.480000,-0.122167,0.102163,0.256921,-2.103948,-2.287629,0.041026,0.001237,0.000120,-0.002569,0.000857,-0.009953,-0.000054
21888.488000,-0.122162,0.102159,0.256898,-2.103955,-2.287746,0.040852,0.001263,0.000117,-0.002402,0.001097,-0.012911,-0.000034
21888.496000,-0.122141,0.102168,0.256889,-2.103960,-2.287694,0.040825,0.002121,0.000195,-0.003011,0.001054,-0.012087,-0.000062
21888.504000,-0.122136,0.102162,0.256854,-2.103981,-2.287855,0.040660,0.001043,0.000100,-0.002192,0.000789,-0.009208,-0.000042
21888.512000,-0.122121,0.102168,0.256855,-2.104003,-2.287766,0.040690,0.001914,0.000165,-0.000121,-0.000429,0.005823,-0.000035
21888.520000,-0.122108,0.102168,0.256835,-2.104108,-2.287828,0.040604,0.001737,0.000163,-0.003343,0.001414,-0.016593,-0.000053
21888.528000,-0.122096,0.102174,0.256825,-2.104058,-2.287826,0.040500,0.001916,0.000167,-0.001622,0.000790,-0.009026,-0.000023
21888.536000,-0.122087,0.102166,0.256799,-2.104115,-2.287946,0.040480,0.001627,0.000163,-0.003923,0.001166,-0.013511,-0.000089
21888.544000,-0.122078,0.102167,0.256782,-2.104088,-2.287969,0.040401,0.001009,0.000094,-0.001386,0.000398,-0.004474,-0.000034
21888.552000,-0.122058,0.102176,0.256782,-2.104173,-2.287867,0.040324,0.002716,0.000231,-0.001295,0.000697,-0.007687,-0.000018
21888.560000,-0.122052,0.102170,0.256755,-2.104160,-2.288048,0.040224,0.001477,0.000138,-0.002448,0.000846,-0.009762,-0.000050
21888.568000,-0.122040,0.102172,0.256728,-2.104230,-2.288040,0.040156,0.001769,0.000159,-0.001220,0.000058,-0.000096,-0.000049
21888.576000,-0.122025,0.102174,0.256733,-2.104271,-2.288003,0.040156,0.002296,0.000201,-0.002298,0.001128,-0.013019,-0.000031
21888.584000,-0.122016,0.102173,0.256716,-2.104239,-2.288133,0.040033,0.000959,0.000093,-0.002609,0.001207,-0.014330,-0.000034
21888.592000,-0.122002,0.102173,0.256710,-2.104305,-2.288040,0.040102,0.002327,0.000222,-0.003499,0.000655,-0.007064,-0.000104
21888.600000,-0.121995,0.102173,0.256670,-2.104312,-2.288212,0.039883,0.001070,0.000105,-0.002303,0.000669,-0.007708,-0.000054
21888.608000,-0.121969,0.102182,0.256642,-2.104455,-2.288202,0.039680,0.003258,0.000278,-0.001137,0.000334,-0.003084,-0.000034
21888.616000,-0.121967,0.102177,0.256637,-2.104376,-2.288253,0.039682,0.001870,0.000187,-0.004566,0.001408,-0.016353,-0.000101
21888.624000,-0.121951,0.102181,0.256616,-2.104506,-2.288258,0.039610,0.001640,0.000146,-0.001296,0.000330,-0.003474,-0.000036
21888.632000,-0.121936,0.102183,0.256601,-2.104482,-2.288256,0.039533,0.002688,0.000254,-0.005002,0.001822,-0.021186,-0.000097
21888.640000,-0.121922,0.102182,0.256564,-2.104602,-2.288417,0.039310,0.001359,0.000130,-0.003547,0.001691,-0.020086,-0.000044
21888.648000,-0.121904,0.102180,0.256545,-2.104567,-2.288460,0.039323,0.002151,0.000195,-0.001946,0.000311,-0.003038,-0.000064
21888.656000,-0.121891,0.102188,0.256524,-2.104614,-2.288482,0.039135,0.002099,0.000194,-0.003607,0.001562,-0.018288,-0.000056
21888.664000,-0.121877,0.102188,0.256499,-2.104687,-2.288562,0.038959,0.002888,0.000247,-0.000551,-0.000138,0.002557,-0.000038
21888.672000,-0.121861,0.102188,0.256469,-2.104710,-2.288585,0.038904,0.002116,0.000212,-0.005252,0.001643,-0.019118,-0.000115
21888.680000,-0.121848,0.102188,0.256448,-2.104747,-2.288653,0.038807,0.000960,0.000091,-0.001866,0.000669,-0.007780,-0.000037
21888.688000,-0.121821,0.102194,0.256449,-2.104831,-2.288609,0.038792,0.003455,0.000319,-0.004749,0.001512,-0.017186,-0.000107
21888.696000,-0.121815,0.102193,0.256404,-2.104795,-2.288787,0.038535,0.001197,0.000112,-0.002097,0.000789,-0.009170,-0.000039
21888.704000,-0.121793,0.102195,0.256387,-2.104862,-2.288805,0.038517,0.004155,0.000374,-0.004473,0.001517,-0.017070,-0.000098
21888.712000,-0.121772,0.102201,0.256370,-2.104969,-2.288784,0.038396,0.002062,0.000189,-0.003395,0.001501,-0.017572,-0.000051
21888.720000,-0.121769,0.102192,0.256351,-2.104937,-2.288860,0.038396,0.002941,0.000248,0.000599,-0.000876,0.011544,-0.000036
21888.728000,-0.121749,0.102195,0.256325,-2.104960,-2.288939,0.038246,0.001399,0.000140,-0.003403,0.000993,-0.011491,-0.000079
21888.736000,-0.121730,0.102199,0.256291,-2.105000,-2.289035,0.038030,0.003156,0.000271,-0.001366,0.000451,-0.004527,-0.000036
21888.744000,-0.121714,0.102201,0.256276,-2.105041,-2.288997,0.037979,0.002935,0.000284,-0.005441,0.001477,-0.016823,-0.000134
21888.752000,-0.121700,0.102205,0.256257,-2.105135,-2.288989,0.037960,0.000981,0.000094,-0.001854,0.000612,-0.007083,-0.000039
21888.760000,-0.121678,0.102204,0.256239,-2.105169,-2.289082,0.037837,0.004221,0.000370,-0.003205,0.001216,-0.013473,-0.000067
21888.768000,-0.121671,0.102204,0.256219,-2.105241,-2.289106,0.037754,0.001487,0.000145,-0.003316,0.001177,-0.013751,-0.000065
21888.776000,-0.121645,0.102207,0.256187,-2.105297,-2.289110,0.037634,0.002599,0.000227,-0.000716,-0.000359,0.005218,-0.000056
21888.784000,-0.121626,0.102210,0.256171,-2.105314,-2.289183,0.037550,0.002330,0.000217,-0.004163,0.001743,-0.020399,-0.000068
21888.792000,-0.121612,0.102213,0.256160,-2.105347,-2.289164,0.037562,0.002502,0.000215,-0.000269,-0.000435,0.006087,-0.000043
21888.800000,-0.121589,0.102216,0.256143,-2.105375,-2.289193,0.037442,0.002569,0.000250,-0.005752,0.002034,-0.023766,-0.000113
21888.808000,-0.121573,0.102214,0.256095,-2.105424,-2.289384,0.037207,0.003178,0.000273,-0.001333,0.000421,-0.004169,-0.000037
21888.816000,-0.121559,0.102211,0.256085,-2.105380,-2.289447,0.037180,0.002669,0.000267,-0.006652,0.002132,-0.024835,-0.000143
21888.824000,-0.121542,0.102218,0.256050,-2.105516,-2.289456,0.036963,0.002561,0.000226,-0.001429,0.000146,-0.000940,-0.000054
21888.832000,-0.121503,0.102224,0.256022,-2.105607,-2.289472,0.036840,0.003671,0.000353,-0.008241,0.003248,-0.038163,-0.000143
21888.840000,-0.121495,0.102222,0.256001,-2.105600,-2.289546,0.036758,0.002315,0.000208,-0.001962,0.000353,-0.003501,-0.000062
21888.848000,-0.121474,0.102223,0.255972,-2.105643,-2.289620,0.036673,0.003448,0.000339,-0.008476,0.003071,-0.036013,-0.000162
21888.856000,-0.121450,0.102226,0.255932,-2.105787,-2.289666,0.036404,0.003445,0.000299,-0.001832,0.000501,-0.005023,-0.000052
21888.864000,-0.121424,0.102229,0.255898,-2.105820,-2.289702,0.036374,0.002867,0.000296,-0.008187,0.002372,-0.027610,-0.000189
21888.872000,-0.121408,0.102231,0.255861,-2.105954,-2.289793,0.036141,0.003522,0.000313,-0.003717,0.001512,-0.017277,-0.000068
21888.880000,-0.121380,0.102237,0.255850,-2.105953,-2.289791,0.036036,0.003939,0.000385,-0.008698,0.002850,-0.033150,-0.000185
21888.888000,-0.121365,0.102237,0.255803,-2.106040,-2.289912,0.035791,0.001215,0.000116,-0.002371,0.000822,-0.009552,-0.000048
21888.896000,-0.121336,0.102242,0.255773,-2.106067,-2.289966,0.035667,0.004136,0.000379,-0.006393,0.002686,-0.031293,-0.000106
21888.904000,-0.121322,0.102239,0.255762,-2.106122,-2.290029,0.035610,0.001844,0.000170,-0.002680,0.000989,-0.011395,-0.000052
21888.912000,-0.121308,0.102238,0.255752,-2.106059,-2.290041,0.035690,0.003288,0.000312,-0.004630,0.000767,-0.008070,-0.000144
21888.920000,-0.121285,0.102242,0.255715,-2.106231,-2.290119,0.035405,0.002468,0.000219,-0.003254,0.001716,-0.020127,-0.000035
21888.928000,-0.121257,0.102244,0.255683,-2.106185,-2.290205,0.035322,0.003946,0.000375,-0.006129,0.001423,-0.015822,-0.000167
21888.936000,-0.121244,0.102239,0.255665,-2.106208,-2.290285,0.035253,0.001771,0.000163,-0.002876,0.001236,-0.014434,-0.000046
21888.944000,-0.121213,0.102251,0.255644,-2.106315,-2.290263,0.035077,0.004675,0.000421,-0.004625,0.001325,-0.014556,-0.000117
21888.952000,-0.121200,0.102251,0.255601,-2.106355,-2.290304,0.034956,0.001757,0.000166,-0.003295,0.001261,-0.014715,-0.000060
21888.960000,-0.121178,0.102249,0.255583,-2.106427,-2.290385,0.034806,0.005037,0.000460,-0.005947,0.001756,-0.019624,-0.000144
21888.968000,-0.121155,0.102251,0.255551,-2.106440,-2.290508,0.034692,0.002087,0.000191,-0.003076,0.001242,-0.014409,-0.000054
21888.976000,-0.121134,0.102258,0.255522,-2.106548,-2.290486,0.034570,0.004989,0.000476,-0.007854,0.001724,-0.019078,-0.000219
21888.984000,-0.121102,0.102263,0.255472,-2.106576,-2.290625,0.034260,0.002521,0.000223,-0.003148,0.001669,-0.019540,-0.000034
21888.992000,-0.121088,0.102261,0.255438,-2.106691,-2.290668,0.034188,0.004580,0.000429,-0.006126,0.001254,-0.013571,-0.000178
21889.000000,-0.121064,0.102261,0.255411,-2.106689,-2.290747,0.034040,0.001972,0.000180,-0.002674,0.001001,-0.011509,-0.000052
21889.008000,-0.121034,0.102263,0.255377,-2.106806,-2.290820,0.033900,0.005940,0.000553,-0.008459,0.002440,-0.027561,-0.000205
21889.016000,-0.121011,0.102267,0.255348,-2.106853,-2.290843,0.033818,0.001796,0.000163,-0.002170,0.000777,-0.008858,-0.000045
21889.024000,-0.120997,0.102263,0.255310,-2.106849,-2.291003,0.033601,0.005299,0.000479,-0.005156,0.001282,-0.013799,-0.000142
21889.032000,-0.120967,0.102273,0.255265,-2.107023,-2.291054,0.033314,0.003167,0.000297,-0.005639,0.002177,-0.025371,-0.000103
21889.040000,-0.120952,0.102267,0.255220,-2.107086,-2.291179,0.033201,0.003851,0.000361,-0.004961,0.000905,-0.009583,-0.000151
21889.048000,-0.120917,0.102280,0.255198,-2.107127,-2.291137,0.033042,0.004501,0.000419,-0.008506,0.003752,-0.044120,-0.000128
21889.056000,-0.120901,0.102277,0.255148,-2.107178,-2.291303,0.032836,0.003353,0.000296,-0.002240,0.000455,-0.004450,-0.000070
21889.064000,-0.120872,0.102277,0.255137,-2.107173,-2.291296,0.032875,0.004050,0.000395,-0.008838,0.002902,-0.033728,-0.000188
21889.072000,-0.120851,0.102280,0.255092,-2.107353,-2.291412,0.032534,0.003909,0.000344,-0.003177,0.001186,-0.013197,-0.000067
21889.080000,-0.120818,0.102286,0.255067,-2.107376,-2.291434,0.032477,0.004038,0.000399,-0.009389,0.002955,-0.034349,-0.000206
21889.088000,-0.120806,0.102282,0.255018,-2.107473,-2.291569,0.032155,0.003405,0.000294,-0.001863,0.000735,-0.007914,-0.000040
21889.096000,-0.120769,0.102288,0.254998,-2.107474,-2.291623,0.032109,0.003852,0.000363,-0.006730,0.002394,-0.027743,-0.000135
21889.104000,-0.120739,0.102293,0.254931,-2.107638,-2.291718,0.031809,0.001946,0.000182,-0.003517,0.001450,-0.016975,-0.000059
21889.112000,-0.120713,0.102294,0.254912,-2.107671,-2.291754,0.031728,0.004435,0.000416,-0.007582,0.002722,-0.031545,-0.000151
21889.120000,-0.120693,0.102291,0.254856,-2.107756,-2.291956,0.031439,0.002183,0.000197,-0.002395,0.000835,-0.009435,-0.000051
21889.128000,-0.120656,0.102300,0.254818,-2.107845,-2.291940,0.031303,0.004482,0.000414,-0.006765,0.002506,-0.028951,-0.000132
21889.136000,-0.120624,0.102304,0.254776,-2.107967,-2.292074,0.031055,0.002101,0.000188,-0.002954,0.001459,-0.017099,-0.000037
21889.144000,-0.120592,0.102304,0.254740,-2.107966,-2.292154,0.031010,0.003719,0.000351,-0.005999,0.001771,-0.020190,-0.000142
21889.152000,-0.120571,0.102304,0.254707,-2.108101,-2.292220,0.030753,0.002915,0.000253,-0.003635,0.002311,-0.027289,-0.000018
21889.160000,-0.120537,0.102314,0.254675,-2.108159,-2.292198,0.030657,0.003271,0.000298,-0.003440,0.000823,-0.008888,-0.000096
21889.168000,-0.120526,0.102312,0.254638,-2.108180,-2.292301,0.030482,0.003452,0.000338,-0.008527,0.003324,-0.039148,-0.000151
21889.176000,-0.120486,0.102315,0.254595,-2.108271,-2.292429,0.030274,0.003558,0.000316,-0.003524,0.001385,-0.015725,-0.000068
21889.184000,-0.120470,0.102317,0.254580,-2.108335,-2.292416,0.030219,0.003147,0.000328,-0.009990,0.003330,-0.039166,-0.000206
21889.192000,-0.120440,0.102317,0.254543,-2.108374,-2.292513,0.030003,0.003611,0.000311,-0.001851,0.000705,-0.007493,-0.000042
21889.200000,-0.120414,0.102323,0.254507,-2.108519,-2.292560,0.029836,0.003439,0.000328,-0.007440,0.003069,-0.036119,-0.000123
21889.208000,-0.120377,0.102326,0.254448,-2.108597,-2.292643,0.029592,0.003436,0.000297,-0.001761,0.000533,-0.005439,-0.000048
21889.216000,-0.120359,0.102329,0.254429,-2.108570,-2.292778,0.029455,0.002967,0.000279,-0.006029,0.002624,-0.030904,-0.000093
21889.224000,-0.120325,0.102332,0.254376,-2.108665,-2.292824,0.029264,0.004064,0.000416,-0.010599,0.002841,-0.032824,-0.000260
21889.232000,-0.120302,0.102331,0.254335,-2.108829,-2.292922,0.029069,0.002754,0.000250,-0.004482,0.002235,-0.026328,-0.000055
21889.240000,-0.120270,0.102331,0.254297,-2.108813,-2.293013,0.028920,0.005348,0.000524,-0.011526,0.003501,-0.040494,-0.000262
21889.248000,-0.120243,0.102335,0.254264,-2.108856,-2.293086,0.028808,0.002650,0.000237,-0.002677,0.000986,-0.011140,-0.000055
21889.256000,-0.120212,0.102337,0.254216,-2.108923,-2.293212,0.028523,0.005160,0.000479,-0.007761,0.002684,-0.030855,-0.000163
21889.264000,-0.120179,0.102345,0.254181,-2.109060,-2.293196,0.028386,0.003264,0.000284,-0.001827,0.000465,-0.004646,-0.000054
21889.272000,-0.120143,0.102352,0.254139,-2.109117,-2.293255,0.028195,0.003998,0.000368,-0.006031,0.002363,-0.027409,-0.000111
21889.280000,-0.120119,0.102347,0.254090,-2.109234,-2.293440,0.027971,0.004291,0.000379,-0.003475,0.001147,-0.012599,-0.000082
21889.288000,-0.120082,0.102350,0.254056,-2.109221,-2.293506,0.027824,0.003591,0.000325,-0.004161,0.001475,-0.016756,-0.000088
21889.296000,-0.120048,0.102360,0.254007,-2.109453,-2.293539,0.027601,0.005225,0.000484,-0.007860,0.002706,-0.031142,-0.000165
21889.304000,-0.120021,0.102356,0.253974,-2.109376,-2.293674,0.027441,0.003647,0.000339,-0.005436,0.001823,-0.020902,-0.000117
21889.312000,-0.119984,0.102366,0.253914,-2.109619,-2.293718,0.027086,0.005542,0.000528,-0.009955,0.003094,-0.035612,-0.000225
21889.320000,-0.119954,0.102362,0.253860,-2.109575,-2.293915,0.026894,0.003695,0.000333,-0.004375,0.001654,-0.018911,-0.000086
21889.328000,-0.119918,0.102369,0.253802,-2.109722,-2.293991,0.026633,0.005698,0.000544,-0.009537,0.002467,-0.027876,-0.000245
21889.336000,-0.119884,0.102370,0.253728,-2.109861,-2.294198,0.026274,0.003219,0.000287,-0.003847,0.001769,-0.020527,-0.000058
21889.344000,-0.119850,0.102375,0.253702,-2.109969,-2.294177,0.026179,0.005572,0.000517,-0.007196,0.001768,-0.019536,-0.000194
21889.352000,-0.119828,0.102374,0.253677,-2.109937,-2.294250,0.026097,0.002047,0.000184,-0.002118,0.000721,-0.008103,-0.000047
21889.360000,-0.119789,0.102379,0.253636,-2.110056,-2.294297,0.025931,0.005719,0.000506,-0.004548,0.001352,-0.014626,-0.000116
21889.368000,-0.119770,0.102384,0.253610,-2.110056,-2.294406,0.025741,0.002937,0.000290,-0.007317,0.002679,-0.031481,-0.000140
21889.376000,-0.119729,0.102387,0.253578,-2.110123,-2.294423,0.025670,0.005305,0.000472,-0.004226,0.001029,-0.010800,-0.000120
21889.384000,-0.119704,0.102382,0.253524,-2.110219,-2.294613,0.025305,0.005084,0.000502,-0.012596,0.004555,-0.053442,-0.000244
21889.392000,-0.119663,0.102393,0.253481,-2.110334,-2.294595,0.025219,0.004175,0.000365,-0.001975,0.000165,-0.000679,-0.000079
21889.400000,-0.119632,0.102398,0.253442,-2.110496,-2.294635,0.024986,0.004881,0.000471,-0.011472,0.004691,-0.055345,-0.000193
21889.408000,-0.119604,0.102391,0.253385,-2.110529,-2.294864,0.024751,0.003862,0.000344,-0.003559,0.001222,-0.013631,-0.000080
21889.416000,-0.119563,0.102395,0.253308,-2.110644,-2.295014,0.024408,0.005560,0.000523,-0.008961,0.002805,-0.032129,-0.000204
21889.424000,-0.119523,0.102400,0.253261,-2.110699,-2.295128,0.024149,0.004042,0.000383,-0.007818,0.003024,-0.035363,-0.000143
21889.432000,-0.119491,0.102402,0.253209,-2.110805,-2.295243,0.023915,0.004995,0.000452,-0.004721,0.001017,-0.010685,-0.000139
21889.440000,-0.119456,0.102407,0.253155,-2.110933,-2.295325,0.023668,0.005367,0.000520,-0.011938,0.004460,-0.052286,-0.000225
21889.448000,-0.119428,0.102408,0.253105,-2.110969,-2.295503,0.023381,0.004593,0.000411,-0.004150,0.001178,-0.012832,-0.000107
21889.456000,-0.119381,0.102415,0.253040,-2.111233,-2.295541,0.023117,0.004771,0.000438,-0.007571,0.003218,-0.037584,-0.000125
21889.464000,-0.119335,0.102431,0.253005,-2.111347,-2.295554,0.022860,0.003947,0.000347,-0.003470,0.001449,-0.016436,-0.000064
21889.472000,-0.119303,0.102426,0.252957,-2.111381,-2.295701,0.022667,0.004758,0.000436,-0.006148,0.002007,-0.022816,-0.000138
21889.480000,-0.119267,0.102427,0.252904,-2.111498,-2.295828,0.022406,0.004693,0.000439,-0.008504,0.003430,-0.040130,-0.000149
21889.488000,-0.119237,0.102433,0.252868,-2.111556,-2.295862,0.022243,0.004356,0.000382,-0.002513,0.000431,-0.003855,-0.000085
21889.496000,-0.119200,0.102431,0.252829,-2.111571,-2.296015,0.022037,0.005438,0.000523,-0.011817,0.004540,-0.053261,-0.000217
21889.504000,-0.119160,0.102441,0.252771,-2.111731,-2.296078,0.021776,0.003450,0.000312,-0.003409,0.000880,-0.009561,-0.000092
21889.512000,-0.119133,0.102440,0.252725,-2.111771,-2.296231,0.021543,0.005494,0.000508,-0.008085,0.002850,-0.032799,-0.000168
21889.520000,-0.119088,0.102443,0.252664,-2.111849,-2.296370,0.021281,0.004096,0.000393,-0.008003,0.002688,-0.031196,-0.000170
21889.528000,-0.119053,0.102444,0.252611,-2.112002,-2.296453,0.021086,0.005022,0.000453,-0.004969,0.001349,-0.014746,-0.000131
21889.536000,-0.119016,0.102449,0.252569,-2.112062,-2.296573,0.020787,0.004486,0.000429,-0.009218,0.003457,-0.040445,-0.000175
21889.544000,-0.118983,0.102449,0.252513,-2.112166,-2.296657,0.020646,0.004302,0.000382,-0.003060,0.000632,-0.006292,-0.000095
21889.552000,-0.118946,0.102457,0.252471,-2.112278,-2.296696,0.020389,0.005458,0.000514,-0.010183,0.003979,-0.046525,-0.000186
21889.560000,-0.118902,0.102463,0.252420,-2.112382,-2.296779,0.020220,0.004243,0.000381,-0.004173,0.001251,-0.013845,-0.000103
21889.568000,-0.118870,0.102463,0.252360,-2.112471,-2.296930,0.019932,0.005886,0.000555,-0.010032,0.003329,-0.038416,-0.000218
21889.576000,-0.118828,0.102467,0.252298,-2.112571,-2.297038,0.019659,0.004240,0.000379,-0.004780,0.002017,-0.023210,-0.000084
21889.584000,-0.118797,0.102470,0.252247,-2.112705,-2.297128,0.019503,0.004584,0.000426,-0.005747,0.001209,-0.013074,-0.000167
21889.592000,-0.118760,0.102472,0.252185,-2.112733,-2.297266,0.019191,0.004671,0.000435,-0.007836,0.003062,-0.035672,-0.000145
21889.600000,-0.118717,0.102482,0.252140,-2.112849,-2.297336,0.018944,0.004645,0.000411,-0.003574,0.000962,-0.010233,-0.000097
21889.608000,-0.118683,0.102481,0.252084,-2.112952,-2.297420,0.018803,0.004730,0.000465,-0.010490,0.003311,-0.038485,-0.000233
21889.616000,-0.118642,0.102486,0.252039,-2.113077,-2.297527,0.018528,0.004759,0.000410,-0.003231,0.001596,-0.018050,-0.000049
21889.624000,-0.118606,0.102489,0.251998,-2.113096,-2.297630,0.018376,0.005537,0.000529,-0.010739,0.003755,-0.043720,-0.000220
21889.632000,-0.118574,0.102491,0.251938,-2.113234,-2.297725,0.018076,0.005243,0.000485,-0.008253,0.003169,-0.036808,-0.000156
21889.640000,-0.118534,0.102493,0.251892,-2.113299,-2.297877,0.017840,0.005537,0.000509,-0.007721,0.002698,-0.030974,-0.000163
21889.648000,-0.118499,0.102496,0.251833,-2.113373,-2.297984,0.017569,0.005737,0.000569,-0.013495,0.004248,-0.049451,-0.000300
21889.656000,-0.118449,0.102503,0.251750,-2.113507,-2.298126,0.017186,0.005073,0.000462,-0.006172,0.002088,-0.023723,-0.000136
21889.664000,-0.118411,0.102507,0.251700,-2.113653,-2.298203,0.017003,0.005922,0.000570,-0.012042,0.004181,-0.048735,-0.000248
21889.672000,-0.118361,0.102513,0.251635,-2.113825,-2.298278,0.016714,0.005126,0.000471,-0.007115,0.002498,-0.028696,-0.000150
21889.680000,-0.118327,0.102516,0.251583,-2.113872,-2.298411,0.016441,0.005028,0.000451,-0.005611,0.002145,-0.024512,-0.000111
21889.688000,-0.118295,0.102515,0.251546,-2.113914,-2.298539,0.016262,0.005652,0.000526,-0.009291,0.003517,-0.040882,-0.000179
21889.696000,-0.118249,0.102516,0.251488,-2.114017,-2.298678,0.016025,0.005078,0.000446,-0.004009,0.001522,-0.016964,-0.000085
21889.704000,-0.118206,0.102520,0.251441,-2.114133,-2.298805,0.015789,0.006044,0.000586,-0.013113,0.004667,-0.054573,-0.000263
21889.712000,-0.118152,0.102534,0.251373,-2.114312,-2.298858,0.015381,0.004264,0.000374,-0.003534,0.001404,-0.015790,-0.000070
21889.720000,-0.118121,0.102528,0.251310,-2.114411,-2.299079,0.015050,0.006246,0.000583,-0.009709,0.003289,-0.037857,-0.000209
21889.728000,-0.118074,0.102537,0.251241,-2.114603,-2.299147,0.014773,0.005743,0.000559,-0.012741,0.004494,-0.052591,-0.000258
21889.736000,-0.118031,0.102541,0.251184,-2.114694,-2.299272,0.014485,0.004993,0.000442,-0.003891,0.001098,-0.011785,-0.000103
21889.744000,-0.118003,0.102540,0.251130,-2.114783,-2.299425,0.014249,0.005428,0.000537,-0.012812,0.004204,-0.049075,-0.000276
21889.752000,-0.117955,0.102546,0.251055,-2.114852,-2.299579,0.013894,0.005100,0.000460,-0.005661,0.001968,-0.022305,-0.000124
21889.760000,-0.117903,0.102553,0.251002,-2.115029,-2.299606,0.013739,0.004923,0.000449,-0.006203,0.002092,-0.023838,-0.000137
21889.768000,-0.117866,0.102557,0.250932,-2.115067,-2.299811,0.013331,0.005525,0.000515,-0.008963,0.003260,-0.037792,-0.000180
21889.776000,-0.117825,0.102559,0.250886,-2.115189,-2.299888,0.013123,0.004814,0.000425,-0.003972,0.001418,-0.015765,-0.000088
21889.784000,-0.117784,0.102566,0.250828,-2.115297,-2.300032,0.012819,0.005764,0.000555,-0.011334,0.003669,-0.042558,-0.000250
21889.792000,-0.117742,0.102566,0.250763,-2.115397,-2.300139,0.012572,0.005305,0.000478,-0.006134,0.002300,-0.026293,-0.000124
21889.800000,-0.117697,0.102571,0.250690,-2.115569,-2.300270,0.012266,0.005241,0.000485,-0.007293,0.002296,-0.026159,-0.000169
21889.808000,-0.117652,0.102578,0.250632,-2.115643,-2.300376,0.011966,0.005920,0.000563,-0.010848,0.003693,-0.042845,-0.000230
21889.816000,-0.117608,0.102580,0.250571,-2.115783,-2.300501,0.011650,0.005062,0.000450,-0.004725,0.001699,-0.019090,-0.000103
21889.824000,-0.117569,0.102581,0.250516,-2.115884,-2.300610,0.011480,0.005538,0.000519,-0.008906,0.003018,-0.034815,-0.000192
21889.832000,-0.117527,0.102589,0.250446,-2.116024,-2.300732,0.011085,0.005071,0.000461,-0.006375,0.002306,-0.026418,-0.000133
21889.840000,-0.117478,0.102596,0.250387,-2.116124,-2.300839,0.010809,0.005733,0.000515,-0.006160,0.002158,-0.024444,-0.000134
21889.848000,-0.117432,0.102599,0.250336,-2.116206,-2.300984,0.010560,0.006180,0.000593,-0.012214,0.004243,-0.049447,-0.000253
21889.856000,-0.117385,0.102601,0.250269,-2.116376,-2.301085,0.010321,0.005346,0.000481,-0.005512,0.001796,-0.020140,-0.000128
21889.864000,-0.117346,0.102607,0.250203,-2.116425,-2.301247,0.009980,0.005768,0.000527,-0.007883,0.002952,-0.034056,-0.000157
21889.872000,-0.117292,0.102608,0.250128,-2.116664,-2.301340,0.009726,0.006105,0.000581,-0.010800,0.003430,-0.039576,-0.000244
21889.880000,-0.117254,0.102614,0.250070,-2.116729,-2.301465,0.009412,0.005030,0.000448,-0.004588,0.001486,-0.016496,-0.000109
21889.888000,-0.117218,0.102613,0.250008,-2.116798,-2.301621,0.009112,0.006455,0.000612,-0.011715,0.004099,-0.047616,-0.000244
21889.896000,-0.117163,0.102620,0.249937,-2.116938,-2.301745,0.008767,0.005306,0.000472,-0.005261,0.002006,-0.022758,-0.000107
21889.904000,-0.117121,0.102626,0.249889,-2.117007,-2.301846,0.008533,0.006209,0.000571,-0.008590,0.002999,-0.034441,-0.000183
21889.912000,-0.117073,0.102626,0.249823,-2.117135,-2.302040,0.008226,0.006151,0.000573,-0.009819,0.003521,-0.040771,-0.000202
21889.920000,-0.117027,0.102633,0.249773,-2.117298,-2.302078,0.008018,0.005512,0.000499,-0.006456,0.002253,-0.025653,-0.000140
21889.928000,-0.116985,0.102635,0.249703,-2.117350,-2.302215,0.007704,0.006455,0.000607,-0.010689,0.003634,-0.041984,-0.000230
21889.936000,-0.116930,0.102642,0.249617,-2.117545,-2.302400,0.007275,0.006035,0.000558,-0.008841,0.003143,-0.036248,-0.000185
21889.944000,-0.116881,0.102647,0.249556,-2.117701,-2.302513,0.007010,0.005658,0.000519,-0.007445,0.002480,-0.028313,-0.000166
21889.952000,-0.116835,0.102652,0.249503,-2.117813,-2.302606,0.006735,0.006342,0.000588,-0.009789,0.003619,-0.041956,-0.000196
21889.960000,-0.116789,0.102657,0.249447,-2.117882,-2.302762,0.006432,0.005231,0.000463,-0.004619,0.001698,-0.019061,-0.000100
21889.968000,-0.116744,0.102661,0.249380,-2.118078,-2.302837,0.006167,0.006103,0.000570,-0.009711,0.003322,-0.038368,-0.000209
21889.976000,-0.116693,0.102661,0.249324,-2.118120,-2.303020,0.005944,0.005921,0.000534,-0.007153,0.002832,-0.032613,-0.000137
21889.984000,-0.116641,0.102672,0.249255,-2.118271,-2.303099,0.005587,0.005630,0.000516,-0.006927,0.002074,-0.023383,-0.000169
21889.992000,-0.116603,0.102672,0.249189,-2.118325,-2.303268,0.005232,0.006626,0.000627,-0.012028,0.004304,-0.050091,-0.000246
21890.000000,-0.116557,0.102675,0.249106,-2.118488,-2.303471,0.004844,0.005485,0.000498,-0.006574,0.002333,-0.026632,-0.000141
21890.008000,-0.116508,0.102676,0.249048,-2.118533,-2.303630,0.004647,0.006358,0.000591,-0.009405,0.003109,-0.035683,-0.000210
21890.016000,-0.116459,0.102688,0.248974,-2.118794,-2.303663,0.004275,0.006384,0.000612,-0.012275,0.004083,-0.047435,-0.000267
21890.024000,-0.116404,0.102692,0.248904,-2.118852,-2.303863,0.003956,0.005357,0.000473,-0.004765,0.001816,-0.020470,-0.000099
21890.032000,-0.116367,0.102695,0.248852,-2.118948,-2.303938,0.003698,0.006286,0.000583,-0.009182,0.003112,-0.035769,-0.000201
21890.040000,-0.116318,0.102700,0.248786,-2.119086,-2.304088,0.003404,0.006322,0.000593,-0.010448,0.003584,-0.041478,-0.000224
21890.048000,-0.116268,0.102703,0.248708,-2.119234,-2.304248,0.003004,0.006103,0.000559,-0.008101,0.002827,-0.032416,-0.000174
21890.056000,-0.116219,0.102705,0.248615,-2.119416,-2.304445,0.002602,0.006840,0.000643,-0.011521,0.004015,-0.046536,-0.000243
21890.064000,-0.116164,0.102710,0.248551,-2.119512,-2.304575,0.002299,0.006391,0.000589,-0.009032,0.003221,-0.037102,-0.000190
21890.072000,-0.116119,0.102715,0.248479,-2.119676,-2.304698,0.001927,0.006091,0.000560,-0.008386,0.002946,-0.033859,-0.000179
21890.080000,-0.116057,0.102721,0.248399,-2.119805,-2.304890,0.001591,0.006383,0.000588,-0.009183,0.003306,-0.038149,-0.000191
21890.088000,-0.116011,0.102729,0.248337,-2.119910,-2.304975,0.001224,0.006067,0.000556,-0.008148,0.002897,-0.033286,-0.000173
21890.096000,-0.115954,0.102734,0.248266,-2.120081,-2.305105,0.000917,0.006709,0.000622,-0.010164,0.003612,-0.041750,-0.000213
21890.104000,-0.115905,0.102735,0.248189,-2.120211,-2.305329,0.000541,0.006449,0.000593,-0.008954,0.003162,-0.036381,-0.000190
21890.112000,-0.115852,0.102742,0.248108,-2.120389,-2.305438,0.000169,0.006394,0.000590,-0.009114,0.003139,-0.036104,-0.000198
21890.120000,-0.115802,0.102745,0.248033,-2.120535,-2.305624,-0.000180,0.006482,0.000603,-0.009816,0.003322,-0.038263,-0.000215
21890.128000,-0.115749,0.102752,0.247953,-2.120650,-2.305746,-0.000522,0.005984,0.000554,-0.008487,0.002803,-0.032134,-0.000191
21890.136000,-0.115703,0.102753,0.247891,-2.120738,-2.305896,-0.000787,0.006254,0.000577,-0.008985,0.003190,-0.036773,-0.000190
21890.144000,-0.115646,0.102766,0.247817,-2.120962,-2.305974,-0.001200,0.006272,0.000580,-0.009117,0.003181,-0.036668,-0.000195
21890.152000,-0.115601,0.102763,0.247765,-2.121000,-2.306125,-0.001408,0.006299,0.000580,-0.008806,0.003069,-0.035282,-0.000190
21890.160000,-0.115546,0.102771,0.247678,-2.121161,-2.306296,-0.001811,0.006639,0.000614,-0.009766,0.003451,-0.039825,-0.000207
21890.168000,-0.115494,0.102775,0.247597,-2.121353,-2.306450,-0.002173,0.006806,0.000634,-0.010717,0.003796,-0.043957,-0.000225
21890.176000,-0.115439,0.102779,0.247511,-2.121467,-2.306683,-0.002655,0.006457,0.000593,-0.008826,0.003165,-0.036433,-0.000186
21890.184000,-0.115392,0.102783,0.247437,-2.121630,-2.306831,-0.003003,0.006309,0.000581,-0.008747,0.003057,-0.035158,-0.000188
21890.192000,-0.115340,0.102789,0.247390,-2.121726,-2.306907,-0.003184,0.006419,0.000597,-0.009846,0.003404,-0.039304,-0.000212
21890.200000,-0.115292,0.102794,0.247313,-2.121823,-2.307067,-0.003583,0.006226,0.000569,-0.007960,0.002764,-0.031642,-0.000174
21890.208000,-0.115238,0.102797,0.247229,-2.122025,-2.307257,-0.003974,0.007002,0.000648,-0.010529,0.003844,-0.044511,-0.000216
21890.216000,-0.115178,0.102803,0.247159,-2.122167,-2.307355,-0.004292,0.006626,0.000613,-0.009661,0.003407,-0.039304,-0.000206
21890.224000,-0.115130,0.102806,0.247079,-2.122294,-2.307547,-0.004654,0.006799,0.000626,-0.009447,0.003310,-0.038076,-0.000203
21890.232000,-0.115076,0.102811,0.247006,-2.122396,-2.307713,-0.005039,0.006556,0.000612,-0.010469,0.003735,-0.043284,-0.000219
21890.240000,-0.115022,0.102817,0.246925,-2.122569,-2.307872,-0.005415,0.006861,0.000643,-0.011245,0.003923,-0.045452,-0.000239
21890.248000,-0.114964,0.102820,0.246829,-2.122726,-2.308068,-0.005845,0.006542,0.000605,-0.009446,0.003287,-0.037857,-0.000204
21890.256000,-0.114909,0.102827,0.246760,-2.122921,-2.308141,-0.006138,0.006618,0.000612,-0.009681,0.003462,-0.039992,-0.000204
21890.264000,-0.114856,0.102836,0.246672,-2.123071,-2.308329,-0.006607,0.006784,0.000623,-0.009660,0.003613,-0.041822,-0.000195
21890.272000,-0.114808,0.102836,0.246618,-2.123145,-2.308492,-0.006872,0.006526,0.000595,-0.008379,0.003062,-0.035206,-0.000175
21890.280000,-0.114759,0.102837,0.246530,-2.123389,-2.308675,-0.007304,0.006712,0.000614,-0.009001,0.003305,-0.038086,-0.000187
21890.288000,-0.114697,0.102848,0.246459,-2.123414,-2.308810,-0.007672,0.007124,0.000659,-0.010681,0.003894,-0.045084,-0.000221
21890.296000,-0.114641,0.102855,0.246378,-2.123723,-2.308924,-0.008067,0.006836,0.000629,-0.009742,0.003533,-0.040823,-0.000203
21890.304000,-0.114584,0.102863,0.246310,-2.123801,-2.309091,-0.008425,0.006895,0.000632,-0.009215,0.003249,-0.037360,-0.000198
21890.312000,-0.114529,0.102866,0.246212,-2.124039,-2.309266,-0.008897,0.006903,0.000640,-0.010217,0.003532,-0.040746,-0.000222
21890.320000,-0.114478,0.102866,0.246138,-2.124076,-2.309497,-0.009178,0.006782,0.000629,-0.010066,0.003456,-0.039853,-0.000220
21890.328000,-0.114424,0.102874,0.246059,-2.124272,-2.309655,-0.009608,0.006966,0.000643,-0.010046,0.003589,-0.041454,-0.000212
21890.336000,-0.114358,0.102882,0.245976,-2.124412,-2.309776,-0.009955,0.007017,0.000652,-0.010546,0.003632,-0.041931,-0.000230
21890.344000,-0.114314,0.102884,0.245894,-2.124515,-2.309998,-0.010358,0.006865,0.000630,-0.009429,0.003380,-0.038955,-0.000200
21890.352000,-0.114255,0.102889,0.245813,-2.124645,-2.310138,-0.010771,0.006814,0.000626,-0.009300,0.003233,-0.037164,-0.000203
21890.360000,-0.114201,0.102892,0.245757,-2.124777,-2.310225,-0.010982,0.006965,0.000639,-0.009641,0.003549,-0.040990,-0.000199
21890.368000,-0.114147,0.102899,0.245665,-2.124920,-2.310463,-0.011507,0.007256,0.000675,-0.011344,0.004060,-0.047052,-0.000238
21890.376000,-0.114091,0.102901,0.245587,-2.125074,-2.310573,-0.011801,0.006987,0.000652,-0.010846,0.003672,-0.042380,-0.000239
21890.384000,-0.114033,0.102907,0.245489,-2.125235,-2.310773,-0.012272,0.007315,0.000678,-0.010836,0.003781,-0.043636,-0.000234
21890.392000,-0.113968,0.102915,0.245403,-2.125436,-2.310963,-0.012666,0.007154,0.000662,-0.010700,0.003920,-0.045433,-0.000221
21890.400000,-0.113914,0.102921,0.245331,-2.125607,-2.311064,-0.013025,0.007034,0.000641,-0.009098,0.003368,-0.038802,-0.000189
21890.408000,-0.113858,0.102924,0.245242,-2.125792,-2.311266,-0.013499,0.007136,0.000662,-0.010753,0.003866,-0.044764,-0.000226
21890.416000,-0.113806,0.102928,0.245167,-2.125934,-2.311419,-0.013833,0.007075,0.000650,-0.009914,0.003654,-0.042242,-0.000205
21890.424000,-0.113744,0.102935,0.245087,-2.126022,-2.311652,-0.014289,0.006965,0.000641,-0.009436,0.003199,-0.036700,-0.000211
21890.432000,-0.113695,0.102937,0.245003,-2.126174,-2.311786,-0.014611,0.007428,0.000692,-0.011544,0.004059,-0.046980,-0.000247
21890.440000,-0.113628,0.102945,0.244917,-2.126372,-2.311944,-0.014989,0.007041,0.000652,-0.010326,0.003611,-0.041692,-0.000223
21890.448000,-0.113575,0.102958,0.244834,-2.126523,-2.312025,-0.015467,0.006957,0.000639,-0.009379,0.003225,-0.037039,-0.000207
21890.456000,-0.113523,0.102955,0.244776,-2.126575,-2.312219,-0.015721,0.007294,0.000675,-0.010781,0.003839,-0.044377,-0.000230
21890.464000,-0.113459,0.102965,0.244673,2.126541,2.312179,0.016178,0.007032,0.000651,-0.010403,0.003737,-0.043250,-0.000220
21890.472000,-0.113412,0.102962,0.244597,2.126346,2.311966,0.016530,0.007489,0.000690,-0.010492,0.003729,-0.043001,-0.000225
21890.480000,-0.113349,0.102972,0.244523,2.126292,2.311797,0.016887,0.007410,0.000691,-0.011613,0.004061,-0.047028,-0.000250
21890.488000,-0.113290,0.102973,0.244418,2.126020,2.311636,0.017345,0.007475,0.000697,-0.011687,0.004079,-0.047204,-0.000252
21890.496000,-0.113231,0.102979,0.244333,2.125882,2.311430,0.017759,0.007377,0.000678,-0.010125,0.003597,-0.041434,-0.000218
21890.504000,-0.113175,0.102989,0.244253,2.125773,2.311253,0.018132,0.007017,0.000649,-0.010025,0.003444,-0.039676,-0.000221
21890.512000,-0.113113,0.102997,0.244162,2.125644,2.311083,0.018492,0.007429,0.000691,-0.011521,0.004087,-0.047372,-0.000246
21890.520000,-0.113061,0.103005,0.244069,2.125444,2.310893,0.019040,0.007695,0.000713,-0.011432,0.004063,-0.047023,-0.000244
21890.528000,-0.112996,0.103002,0.243970,2.125198,2.310707,0.019498,0.007679,0.000711,-0.011490,0.004235,-0.049115,-0.000238
21890.536000,-0.112935,0.103010,0.243886,2.125066,2.310505,0.019847,0.007928,0.000737,-0.012237,0.004382,-0.050806,-0.000259
21890.544000,-0.112868,0.103022,0.243806,2.124970,2.310317,0.020245,0.007683,0.000708,-0.011078,0.004060,-0.047038,-0.000231
21890.552000,-0.112809,0.103025,0.243718,2.124782,2.310112,0.020688,0.007473,0.000684,-0.010204,0.003869,-0.044807,-0.000207
21890.560000,-0.112750,0.103027,0.243625,2.124586,2.309926,0.021144,0.007916,0.000728,-0.011277,0.004204,-0.048709,-0.000232
21890.568000,-0.112681,0.103031,0.243530,2.124340,2.309740,0.021628,0.008090,0.000751,-0.012558,0.004683,-0.054446,-0.000256
21890.576000,-0.112615,0.103045,0.243426,2.124255,2.309453,0.022163,0.008033,0.000741,-0.011657,0.004292,-0.049755,-0.000242
21890.584000,-0.112557,0.103044,0.243327,2.123943,2.309307,0.022702,0.007789,0.000716,-0.010985,0.004123,-0.047764,-0.000225
21890.592000,-0.112492,0.103053,0.243247,2.123803,2.309125,0.023114,0.007230,0.000664,-0.010014,0.003631,-0.041941,-0.000212
21890.600000,-0.112437,0.103055,0.243168,2.123592,2.308950,0.023516,0.007274,0.000670,-0.010196,0.003635,-0.041960,-0.000219
21890.608000,-0.112382,0.103058,0.243093,2.123468,2.308786,0.023835,0.007226,0.000669,-0.010488,0.003668,-0.042342,-0.000229
21890.616000,-0.112317,0.103071,0.243009,2.123350,2.308629,0.024246,0.007510,0.000694,-0.010787,0.003757,-0.043359,-0.000236
21890.624000,-0.112251,0.103072,0.242911,2.123148,2.308378,0.024651,0.007617,0.000707,-0.011261,0.003824,-0.044113,-0.000251
21890.632000,-0.112195,0.103076,0.242835,2.123004,2.308221,0.025010,0.007754,0.000720,-0.011678,0.004148,-0.048031,-0.000251
21890.640000,-0.112128,0.103084,0.242741,2.122884,2.308032,0.025409,0.007368,0.000686,-0.011049,0.003696,-0.042628,-0.000249
21890.648000,-0.112081,0.103086,0.242662,2.122640,2.307933,0.025808,0.007649,0.000711,-0.011561,0.004047,-0.046827,-0.000251
21890.656000,-0.112005,0.103101,0.242559,2.122553,2.307670,0.026315,0.007726,0.000712,-0.010987,0.003905,-0.045136,-0.000237
21890.664000,-0.111950,0.103100,0.242483,2.122376,2.307532,0.026634,0.008010,0.000740,-0.011895,0.004476,-0.052006,-0.000243
21890.672000,-0.111885,0.103111,0.242375,2.122207,2.307264,0.027211,0.008222,0.000764,-0.012725,0.004592,-0.053323,-0.000269
21890.680000,-0.111821,0.103117,0.242279,2.121950,2.307121,0.027679,0.008057,0.000746,-0.012190,0.004518,-0.052507,-0.000252
21890.688000,-0.111747,0.103123,0.242170,2.121752,2.306820,0.028164,0.008123,0.000744,-0.011251,0.004247,-0.049254,-0.000231
21890.696000,-0.111695,0.103126,0.242092,2.121582,2.306690,0.028602,0.007803,0.000725,-0.011818,0.004187,-0.048509,-0.000255
21890.704000,-0.111630,0.103130,0.241988,2.121435,2.306445,0.029018,0.008176,0.000758,-0.012282,0.004450,-0.051618,-0.000260
21890.712000,-0.111562,0.103139,0.241890,2.121219,2.306264,0.029539,0.008454,0.000782,-0.012568,0.004607,-0.053467,-0.000264
21890.720000,-0.111495,0.103142,0.241779,2.120950,2.306054,0.030129,0.008224,0.000765,-0.012644,0.004571,-0.053056,-0.000268
21890.728000,-0.111424,0.103149,0.241676,2.120781,2.305783,0.030546,0.008003,0.000734,-0.010817,0.003919,-0.045250,-0.000232
21890.736000,-0.111360,0.103160,0.241589,2.120628,2.305590,0.031011,0.007637,0.000704,-0.010842,0.003900,-0.045141,-0.000233
21890.744000,-0.111311,0.103156,0.241507,2.120368,2.305472,0.031452,0.008072,0.000740,-0.011049,0.004107,-0.047515,-0.000231
21890.752000,-0.111242,0.103166,0.241420,2.120282,2.305240,0.031864,0.008006,0.000743,-0.011938,0.004163,-0.048150,-0.000262
21890.760000,-0.111175,0.103171,0.241314,2.120069,2.305032,0.032306,0.008192,0.000760,-0.012455,0.004576,-0.053171,-0.000261
21890.768000,-0.111111,0.103181,0.241220,2.119913,2.304806,0.032786,0.007873,0.000729,-0.011719,0.004203,-0.048724,-0.000251
21890.776000,-0.111044,0.103188,0.241121,2.119697,2.304627,0.033360,0.008052,0.000741,-0.011390,0.004238,-0.049134,-0.000238
21890.784000,-0.110978,0.103195,0.241034,2.119541,2.304399,0.033733,0.007892,0.000731,-0.011504,0.003947,-0.045585,-0.000257
21890.792000,-0.110923,0.103195,0.240934,2.119311,2.304232,0.034227,0.008485,0.000788,-0.013152,0.004891,-0.056901,-0.000273
21890.800000,-0.110851,0.103202,0.240821,2.119060,2.303957,0.034792,0.008420,0.000776,-0.012028,0.004446,-0.051546,-0.000253
21890.808000,-0.110778,0.103213,0.240716,2.118931,2.303730,0.035244,0.008472,0.000787,-0.012685,0.004394,-0.050848,-0.000281
21890.816000,-0.110716,0.103216,0.240615,2.118732,2.303486,0.035713,0.008314,0.000772,-0.012752,0.004632,-0.053825,-0.000270
21890.824000,-0.110654,0.103222,0.240530,2.118507,2.303322,0.036166,0.008155,0.000747,-0.011062,0.004111,-0.047596,-0.000233
21890.832000,-0.110586,0.103232,0.240440,2.118391,2.303140,0.036602,0.008047,0.000740,-0.011292,0.004169,-0.048332,-0.000238
21890.840000,-0.110523,0.103232,0.240343,2.118164,2.302945,0.037018,0.008282,0.000762,-0.012019,0.004682,-0.054514,-0.000240
21890.848000,-0.110461,0.103237,0.240254,2.117966,2.302757,0.037497,0.008205,0.000757,-0.011899,0.004410,-0.051184,-0.000250
21890.856000,-0.110391,0.103249,0.240153,2.117799,2.302520,0.038028,0.008270,0.000763,-0.011911,0.004366,-0.050639,-0.000253
21890.864000,-0.110323,0.103255,0.240061,2.117673,2.302243,0.038456,0.008282,0.000767,-0.012339,0.004468,-0.051872,-0.000264
21890.872000,-0.110267,0.103253,0.239960,2.117318,2.302132,0.038991,0.008508,0.000790,-0.013167,0.004892,-0.056921,-0.000274
21890.880000,-0.110186,0.103265,0.239868,2.117220,2.301884,0.039376,0.008443,0.000781,-0.012444,0.004541,-0.052722,-0.000265
21890.888000,-0.110116,0.103275,0.239761,2.117044,2.301609,0.039937,0.008478,0.000788,-0.013029,0.004719,-0.054867,-0.000278
21890.896000,-0.110046,0.103282,0.239652,2.116849,2.301397,0.040496,0.008533,0.000795,-0.013280,0.004777,-0.055540,-0.000285
21890.904000,-0.109981,0.103288,0.239559,2.116661,2.301245,0.040893,0.008112,0.000754,-0.012334,0.004346,-0.050410,-0.000270
21890.912000,-0.109919,0.103288,0.239448,2.116352,2.301045,0.041430,0.008280,0.000763,-0.011820,0.004367,-0.050653,-0.000250
21890.920000,-0.109864,0.103295,0.239365,2.116192,2.300843,0.041855,0.008126,0.000756,-0.012323,0.004292,-0.049731,-0.000273
21890.928000,-0.109794,0.103300,0.239257,2.116017,2.300622,0.042322,0.008862,0.000829,-0.014289,0.005092,-0.059232,-0.000309
21890.936000,-0.109722,0.103311,0.239156,2.115910,2.300339,0.042813,0.008717,0.000818,-0.014285,0.005017,-0.058372,-0.000312
21890.944000,-0.109653,0.103311,0.239038,2.115560,2.300177,0.043349,0.008909,0.000826,-0.013575,0.005049,-0.058745,-0.000284
21890.952000,-0.109574,0.103326,0.238928,2.115430,2.299868,0.043895,0.008756,0.000809,-0.013187,0.005032,-0.058679,-0.000270
21890.960000,-0.109506,0.103330,0.238828,2.115177,2.299674,0.044415,0.008618,0.000800,-0.013280,0.004969,-0.057905,-0.000276
21890.968000,-0.109442,0.103331,0.238714,2.114901,2.299456,0.044990,0.008795,0.000816,-0.013591,0.005118,-0.059644,-0.000281
21890.976000,-0.109362,0.103343,0.238594,2.114681,2.299105,0.045633,0.008875,0.000826,-0.014015,0.005189,-0.060499,-0.000294
21890.984000,-0.109296,0.103351,0.238486,2.114466,2.298898,0.046204,0.008732,0.000813,-0.013457,0.004803,-0.055807,-0.000292
21890.992000,-0.109226,0.103356,0.238387,2.114284,2.298671,0.046630,0.008373,0.000775,-0.012278,0.004439,-0.051523,-0.000265
21891.000000,-0.109160,0.103359,0.238296,2.114095,2.298462,0.047043,0.008386,0.000778,-0.012753,0.004735,-0.055130,-0.000268
21891.008000,-0.109092,0.103368,0.238189,2.113896,2.298273,0.047573,0.008823,0.000819,-0.013459,0.004944,-0.057537,-0.000286
21891.016000,-0.109023,0.103369,0.238075,2.113649,2.297947,0.048111,0.008754,0.000815,-0.013659,0.004962,-0.057747,-0.000293
21891.024000,-0.108948,0.103376,0.237958,2.113332,2.297823,0.048722,0.008755,0.000812,-0.013080,0.004746,-0.055105,-0.000282
21891.032000,-0.108875,0.103388,0.237857,2.113237,2.297468,0.049201,0.008537,0.000792,-0.012845,0.004650,-0.054055,-0.000277
21891.040000,-0.108813,0.103392,0.237748,2.113001,2.297293,0.049732,0.008563,0.000800,-0.013461,0.004748,-0.055182,-0.000296
21891.048000,-0.108743,0.103400,0.237655,2.112784,2.297085,0.050250,0.008859,0.000828,-0.014126,0.005069,-0.059013,-0.000306
21891.056000,-0.108662,0.103407,0.237524,2.112582,2.296749,0.050772,0.009113,0.000844,-0.013877,0.005221,-0.060876,-0.000289
21891.064000,-0.108596,0.103416,0.237413,2.112316,2.296544,0.051422,0.008911,0.000826,-0.013371,0.004837,-0.056223,-0.000289
21891.072000,-0.108535,0.103417,0.237314,2.112097,2.296304,0.051903,0.008736,0.000808,-0.012944,0.004767,-0.055430,-0.000276
21891.080000,-0.108462,0.103419,0.237218,2.111919,2.296109,0.052314,0.008806,0.000817,-0.013262,0.004857,-0.056467,-0.000284
21891.088000,-0.108388,0.103431,0.237102,2.111710,2.295823,0.052860,0.009126,0.000849,-0.014273,0.005282,-0.061593,-0.000302
21891.096000,-0.108315,0.103435,0.237002,2.111479,2.295653,0.053350,0.009290,0.000864,-0.014500,0.005417,-0.063178,-0.000304
21891.104000,-0.108247,0.103446,0.236874,2.111255,2.295329,0.054069,0.009420,0.000863,-0.013288,0.005329,-0.062185,-0.000263
21891.112000,-0.108161,0.103456,0.236766,2.111016,2.295094,0.054614,0.008720,0.000803,-0.012462,0.004675,-0.054370,-0.000263
21891.120000,-0.108100,0.103459,0.236676,2.110801,2.294885,0.055053,0.008773,0.000813,-0.013108,0.004801,-0.055851,-0.000281
21891.128000,-0.108031,0.103461,0.236575,2.110585,2.294676,0.055517,0.008992,0.000834,-0.013719,0.005135,-0.059844,-0.000289
21891.136000,-0.107955,0.103474,0.236456,2.110403,2.294369,0.056168,0.008890,0.000824,-0.013321,0.004909,-0.057140,-0.000285
21891.144000,-0.107880,0.103480,0.236350,2.110204,2.294121,0.056606,0.009039,0.000839,-0.013692,0.004976,-0.057909,-0.000296
21891.152000,-0.107811,0.103485,0.236229,2.109927,2.293902,0.057231,0.008844,0.000820,-0.013280,0.004869,-0.056653,-0.000285
21891.160000,-0.107740,0.103492,0.236132,2.109702,2.293709,0.057681,0.009269,0.000859,-0.014183,0.005406,-0.063112,-0.000294
21891.168000,-0.107666,0.103497,0.236013,2.109427,2.293465,0.058306,0.009583,0.000894,-0.015209,0.005587,-0.065151,-0.000325
21891.176000,-0.107585,0.103506,0.235891,2.109221,2.293156,0.058904,0.009564,0.000889,-0.014914,0.005584,-0.065165,-0.000314
21891.184000,-0.107506,0.103516,0.235772,2.108982,2.292921,0.059448,0.009305,0.000861,-0.013913,0.005254,-0.061273,-0.000292
21891.192000,-0.107434,0.103522,0.235668,2.108790,2.292655,0.059953,0.009174,0.000848,-0.013610,0.005147,-0.060012,-0.000285
21891.200000,-0.107362,0.103526,0.235575,2.108620,2.292416,0.060431,0.008868,0.000828,-0.013839,0.004891,-0.056882,-0.000306
21891.208000,-0.107288,0.103538,0.235452,2.108375,2.292175,0.061065,0.009167,0.000853,-0.014408,0.005382,-0.062854,-0.000304
21891.216000,-0.107219,0.103542,0.235340,2.108097,2.291953,0.061609,0.009380,0.000876,-0.015038,0.005513,-0.064349,-0.000323
21891.224000,-0.107142,0.103547,0.235211,2.107799,2.291682,0.062235,0.008977,0.000833,-0.013428,0.004886,-0.056835,-0.000292
21891.232000,-0.107072,0.103555,0.235098,2.107584,2.291391,0.062792,0.009290,0.000861,-0.014157,0.005398,-0.063055,-0.000295
21891.240000,-0.106997,0.103561,0.234973,2.107377,2.291081,0.063365,0.009641,0.000900,-0.015607,0.005879,-0.068777,-0.000327
21891.248000,-0.106920,0.103573,0.234866,2.107222,2.290803,0.063920,0.009395,0.000873,-0.014493,0.005354,-0.062462,-0.000310
21891.256000,-0.106849,0.103572,0.234751,2.106915,2.290575,0.064453,0.009270,0.000857,-0.013771,0.005223,-0.060919,-0.000289
21891.264000,-0.106773,0.103577,0.234629,2.106648,2.290366,0.065022,0.009214,0.000854,-0.013737,0.005085,-0.059209,-0.000295
21891.272000,-0.106701,0.103589,0.234536,2.106477,2.290124,0.065550,0.009129,0.000846,-0.013698,0.005074,-0.059133,-0.000294
21891.280000,-0.106633,0.103592,0.234426,2.106240,2.289865,0.066094,0.009384,0.000866,-0.013900,0.005378,-0.062797,-0.000287
21891.288000,-0.106550,0.103602,0.234314,2.106024,2.289573,0.066623,0.009889,0.000919,-0.015529,0.005969,-0.069852,-0.000321
21891.296000,-0.106474,0.103610,0.234182,2.105769,2.289297,0.067339,0.009859,0.000919,-0.015791,0.006030,-0.070578,-0.000328
21891.304000,-0.106388,0.103621,0.234067,2.105545,2.289024,0.067908,0.009947,0.000921,-0.015562,0.006193,-0.072623,-0.000312
21891.312000,-0.106310,0.103625,0.233934,2.105156,2.288708,0.068654,0.009796,0.000909,-0.015244,0.005910,-0.069179,-0.000314
21891.320000,-0.106230,0.103635,0.233807,2.104935,2.288386,0.069330,0.009536,0.000887,-0.014897,0.005627,-0.065778,-0.000314
21891.328000,-0.106152,0.103641,0.233691,2.104690,2.288145,0.069886,0.009446,0.000879,-0.014886,0.005676,-0.066408,-0.000311
21891.336000,-0.106078,0.103648,0.233566,2.104382,2.287892,0.070575,0.009285,0.000858,-0.013716,0.005192,-0.060556,-0.000290
21891.344000,-0.105996,0.103651,0.233443,2.104180,2.287530,0.071069,0.009439,0.000878,-0.014657,0.005416,-0.063207,-0.000316
21891.352000,-0.105928,0.103657,0.233334,2.103859,2.287345,0.071662,0.009513,0.000889,-0.015086,0.005414,-0.063111,-0.000333
21891.360000,-0.105853,0.103667,0.233227,2.103666,2.287134,0.072174,0.009445,0.000884,-0.015199,0.005490,-0.064081,-0.000333
21891.368000,-0.105771,0.103677,0.233101,2.103493,2.286780,0.072785,0.009275,0.000868,-0.014969,0.005471,-0.063929,-0.000325
21891.376000,-0.105699,0.103682,0.232990,2.103252,2.286545,0.073353,0.009202,0.000855,-0.014105,0.005264,-0.061454,-0.000302
21891.384000,-0.105629,0.103689,0.232868,2.102966,2.286258,0.073975,0.009375,0.000873,-0.014655,0.005454,-0.063719,-0.000314
21891.392000,-0.105554,0.103695,0.232758,2.102701,2.286078,0.074475,0.009732,0.000914,-0.016345,0.006026,-0.070540,-0.000352
21891.400000,-0.105474,0.103700,0.232605,2.102379,2.285781,0.075205,0.009793,0.000913,-0.015657,0.005978,-0.069976,-0.000328
21891.408000,-0.105390,0.103712,0.232490,2.102205,2.285425,0.075786,0.009778,0.000904,-0.014672,0.005640,-0.065935,-0.000307
21891.416000,-0.105317,0.103716,0.232369,2.101892,2.285164,0.076408,0.009651,0.000893,-0.014681,0.005696,-0.066643,-0.000305
21891.424000,-0.105241,0.103724,0.232244,2.101649,2.284874,0.077068,0.009890,0.000918,-0.015351,0.005918,-0.069260,-0.000320
21891.432000,-0.105166,0.103727,0.232130,2.101369,2.284593,0.077625,0.010168,0.000949,-0.016490,0.006312,-0.073956,-0.000345
21891.440000,-0.105075,0.103738,0.232000,2.101134,2.284224,0.078260,0.009992,0.000931,-0.015850,0.006021,-0.070502,-0.000335
21891.448000,-0.104997,0.103750,0.231871,2.100890,2.283931,0.078945,0.009645,0.000897,-0.015053,0.005641,-0.065988,-0.000322
21891.456000,-0.104917,0.103756,0.231746,2.100618,2.283691,0.079579,0.009659,0.000901,-0.015432,0.005816,-0.068080,-0.000328
21891.464000,-0.104838,0.103765,0.231632,2.100353,2.283428,0.080172,0.009520,0.000893,-0.015800,0.005883,-0.068926,-0.000339
21891.472000,-0.104764,0.103771,0.231503,2.100150,2.283124,0.080754,0.010054,0.000939,-0.016338,0.006235,-0.073101,-0.000344
21891.480000,-0.104684,0.103773,0.231369,2.099777,2.282824,0.081430,0.009904,0.000923,-0.015889,0.006132,-0.071878,-0.000331
21891.488000,-0.104600,0.103788,0.231245,2.099517,2.282543,0.082139,0.009611,0.000898,-0.015439,0.005718,-0.066900,-0.000334
21891.496000,-0.104525,0.103792,0.231121,2.099302,2.282250,0.082668,0.009916,0.000925,-0.015800,0.005910,-0.069164,-0.000339
21891.504000,-0.104442,0.103801,0.230989,2.098977,2.281949,0.083340,0.009944,0.000930,-0.016359,0.006179,-0.072466,-0.000348
21891.512000,-0.104361,0.103811,0.230844,2.098746,2.281588,0.084067,0.009478,0.000881,-0.014691,0.005533,-0.064737,-0.000315
21891.520000,-0.104294,0.103812,0.230721,2.098419,2.281396,0.084674,0.009749,0.000902,-0.014701,0.005748,-0.067283,-0.000306
21891.528000,-0.104209,0.103821,0.230611,2.098167,2.281062,0.085227,0.009978,0.000935,-0.016356,0.006053,-0.070894,-0.000354
21891.536000,-0.104135,0.103827,0.230479,2.097941,2.280789,0.085847,0.009809,0.000914,-0.015748,0.006099,-0.071544,-0.000329
21891.544000,-0.104053,0.103837,0.230351,2.097676,2.280444,0.086506,0.009988,0.000921,-0.014885,0.005925,-0.069471,-0.000305
21891.552000,-0.103974,0.103843,0.230237,2.097378,2.280201,0.087137,0.010035,0.000928,-0.015328,0.006089,-0.071425,-0.000314
21891.560000,-0.103897,0.103851,0.230139,2.097215,2.279915,0.087649,0.009973,0.000927,-0.015755,0.006127,-0.071879,-0.000329
21891.568000,-0.103814,0.103861,0.230012,2.096898,2.279652,0.088345,0.009879,0.000918,-0.015482,0.005981,-0.070130,-0.000325
21891.576000,-0.103737,0.103860,0.229882,2.096577,2.279351,0.088915,0.010173,0.000949,-0.016390,0.006303,-0.073932,-0.000345
21891.584000,-0.103648,0.103875,0.229743,2.096282,2.279030,0.089650,0.009721,0.000905,-0.015372,0.005838,-0.068420,-0.000328
21891.592000,-0.103575,0.103880,0.229624,2.096033,2.278731,0.090269,0.010233,0.000954,-0.016390,0.006302,-0.073942,-0.000346
21891.600000,-0.103502,0.103888,0.229504,2.095812,2.278462,0.090847,0.009989,0.000936,-0.016622,0.006270,-0.073584,-0.000356
21891.608000,-0.103416,0.103894,0.229375,2.095570,2.278085,0.091468,0.010458,0.000978,-0.017131,0.006516,-0.076478,-0.000365
21891.616000,-0.103333,0.103903,0.229234,2.095252,2.277765,0.092178,0.010285,0.000958,-0.016523,0.006425,-0.075476,-0.000345
21891.624000,-0.103255,0.103908,0.229091,2.094926,2.277465,0.092904,0.010292,0.000961,-0.016644,0.006340,-0.074372,-0.000355
21891.632000,-0.103165,0.103919,0.228975,2.094670,2.277157,0.093533,0.010438,0.000973,-0.016815,0.006482,-0.076106,-0.000355
21891.640000,-0.103081,0.103926,0.228827,2.094351,2.276781,0.094285,0.010426,0.000975,-0.017220,0.006618,-0.077764,-0.000364
21891.648000,-0.102998,0.103932,0.228701,2.094055,2.276568,0.094902,0.010262,0.000960,-0.016979,0.006613,-0.077740,-0.000355
21891.656000,-0.102914,0.103943,0.228567,2.093773,2.276180,0.095678,0.010388,0.000968,-0.016588,0.006413,-0.075289,-0.000350
21891.664000,-0.102836,0.103947,0.228424,2.093373,2.275933,0.096361,0.010314,0.000967,-0.017113,0.006451,-0.075714,-0.000368
21891.672000,-0.102751,0.103953,0.228292,2.093087,2.275621,0.097032,0.010393,0.000968,-0.016571,0.006419,-0.075327,-0.000350
21891.680000,-0.102655,0.103966,0.228139,2.092834,2.275181,0.097836,0.010506,0.000978,-0.016815,0.006631,-0.077941,-0.000349
21891.688000,-0.102575,0.103973,0.228006,2.092571,2.274809,0.098467,0.010392,0.000968,-0.016709,0.006511,-0.076522,-0.000351
21891.696000,-0.102493,0.103981,0.227891,2.092311,2.274529,0.099150,0.009917,0.000925,-0.015809,0.006029,-0.070732,-0.000339
21891.704000,-0.102411,0.103987,0.227749,2.091965,2.274256,0.099777,0.010825,0.001010,-0.017491,0.006785,-0.079713,-0.000369
21891.712000,-0.102323,0.103995,0.227599,2.091605,2.273890,0.100579,0.010785,0.001003,-0.017297,0.006887,-0.081022,-0.000357
21891.720000,-0.102235,0.104007,0.227481,2.091357,2.273594,0.101206,0.010354,0.000961,-0.016204,0.006403,-0.075266,-0.000337
21891.728000,-0.102163,0.104011,0.227349,2.091059,2.273268,0.101904,0.010467,0.000974,-0.016586,0.006521,-0.076627,-0.000347
21891.736000,-0.102075,0.104023,0.227216,2.090819,2.272953,0.102570,0.010342,0.000963,-0.016494,0.006430,-0.075572,-0.000348
21891.744000,-0.101994,0.104023,0.227078,2.090416,2.272700,0.103214,0.010701,0.000995,-0.017100,0.006869,-0.080826,-0.000351
21891.752000,-0.101912,0.104032,0.226951,2.090142,2.272348,0.103936,0.011114,0.001038,-0.018309,0.007220,-0.084963,-0.000382
21891.760000,-0.101826,0.104038,0.226804,2.089796,2.271970,0.104713,0.010794,0.001013,-0.018248,0.007058,-0.083023,-0.000386
21891.768000,-0.101735,0.104053,0.226660,2.089560,2.271604,0.105431,0.010443,0.000978,-0.017320,0.006641,-0.078084,-0.000370
21891.776000,-0.101644,0.104060,0.226510,2.089239,2.271249,0.106126,0.010628,0.000991,-0.017284,0.006812,-0.080172,-0.000361
21891.784000,-0.101562,0.104067,0.226373,2.088909,2.270890,0.106886,0.010616,0.000990,-0.017196,0.006765,-0.079599,-0.000360
21891.792000,-0.101483,0.104071,0.226237,2.088574,2.270606,0.107568,0.010792,0.001013,-0.018179,0.006988,-0.082202,-0.000388
21891.800000,-0.101393,0.104084,0.226090,2.088303,2.270203,0.108368,0.010703,0.000999,-0.017273,0.006650,-0.078136,-0.000370
21891.808000,-0.101306,0.104090,0.225947,2.087945,2.269891,0.109047,0.010811,0.001004,-0.016958,0.006772,-0.079670,-0.000352
21891.816000,-0.101226,0.104100,0.225815,2.087674,2.269547,0.109833,0.010740,0.000997,-0.016947,0.006857,-0.080731,-0.000348
21891.824000,-0.101137,0.104108,0.225673,2.087336,2.269147,0.110566,0.010564,0.000985,-0.017169,0.006781,-0.079833,-0.000360
21891.832000,-0.101050,0.104114,0.225550,2.087079,2.268838,0.111168,0.010774,0.001006,-0.017524,0.006881,-0.080989,-0.000369
21891.840000,-0.100968,0.104122,0.225397,2.086707,2.268513,0.111952,0.010688,0.000997,-0.017121,0.006574,-0.077243,-0.000369
21891.848000,-0.100885,0.104127,0.225254,2.086281,2.268240,0.112710,0.010500,0.000982,-0.017439,0.006913,-0.081429,-0.000364
21891.856000,-0.100802,0.104136,0.225121,2.086097,2.267875,0.113325,0.010448,0.000982,-0.017670,0.006696,-0.078748,-0.000384
21891.864000,-0.100723,0.104148,0.224997,2.085860,2.267588,0.113921,0.010633,0.000996,-0.017719,0.006913,-0.081429,-0.000376
21891.872000,-0.100632,0.104154,0.224840,2.085470,2.267188,0.114732,0.010329,0.000965,-0.017152,0.006826,-0.080484,-0.000358
21891.880000,-0.100551,0.104161,0.224704,2.085187,2.266856,0.115492,0.010659,0.000996,-0.017643,0.007044,-0.083020,-0.000367
21891.888000,-0.100471,0.104166,0.224574,2.084856,2.266599,0.116078,0.010768,0.001006,-0.017508,0.006811,-0.080114,-0.000374
21891.896000,-0.100383,0.104179,0.224434,2.084598,2.266157,0.116900,0.011085,0.001036,-0.018341,0.007261,-0.085580,-0.000385
21891.904000,-0.100288,0.104190,0.224285,2.084256,2.265836,0.117588,0.011151,0.001038,-0.018276,0.007533,-0.088997,-0.000370
21891.912000,-0.100199,0.104194,0.224136,2.083875,2.265419,0.118442,0.011509,0.001072,-0.018937,0.007803,-0.092149,-0.000384
21891.920000,-0.100103,0.104206,0.223982,2.083539,2.265000,0.119290,0.011456,0.001072,-0.019152,0.007551,-0.089048,-0.000404
21891.928000,-0.100018,0.104212,0.223837,2.083209,2.264639,0.120022,0.011026,0.001026,-0.017772,0.007174,-0.084596,-0.000369
21891.936000,-0.099921,0.104218,0.223665,2.082793,2.264238,0.120885,0.011103,0.001031,-0.017712,0.007307,-0.086221,-0.000361
21891.944000,-0.099833,0.104231,0.223526,2.082472,2.263840,0.121772,0.010516,0.000983,-0.017286,0.006808,-0.080225,-0.000366
21891.952000,-0.099758,0.104236,0.223411,2.082176,2.263597,0.122329,0.010560,0.000987,-0.017411,0.006935,-0.081768,-0.000366
21891.960000,-0.099674,0.104242,0.223271,2.081877,2.263241,0.123022,0.010841,0.001015,-0.018036,0.007155,-0.084357,-0.000380
21891.968000,-0.099581,0.104254,0.223119,2.081601,2.262803,0.123802,0.010639,0.000994,-0.017522,0.006953,-0.082003,-0.000370
21891.976000,-0.099494,0.104262,0.222980,2.081220,2.262553,0.124528,0.011195,0.001043,-0.018121,0.007308,-0.086182,-0.000378
21891.984000,-0.099414,0.104267,0.222845,2.080898,2.262171,0.125220,0.011308,0.001061,-0.019085,0.007512,-0.088604,-0.000405
21891.992000,-0.099315,0.104280,0.222694,2.080623,2.261764,0.126014,0.011327,0.001057,-0.018752,0.007681,-0.090759,-0.000385
21892.000000,-0.099228,0.104283,0.222535,2.080169,2.261374,0.126848,0.011401,0.001066,-0.018963,0.007667,-0.090525,-0.000394
21892.008000,-0.099136,0.104297,0.222387,2.079838,2.261016,0.127664,0.011554,0.001080,-0.019381,0.007879,-0.093119,-0.000401
21892.016000,-0.099053,0.104299,0.222248,2.079502,2.260648,0.128384,0.011147,0.001043,-0.018591,0.007450,-0.087926,-0.000390
21892.024000,-0.098957,0.104308,0.222078,2.079083,2.260244,0.129269,0.011419,0.001063,-0.018466,0.007614,-0.089909,-0.000379
21892.032000,-0.098863,0.104319,0.221925,2.078765,2.259842,0.130047,0.011193,0.001047,-0.018744,0.007574,-0.089484,-0.000391
21892.040000,-0.098774,0.104326,0.221783,2.078389,2.259458,0.130840,0.011292,0.001060,-0.019272,0.007624,-0.090028,-0.000409
21892.048000,-0.098688,0.104333,0.221626,2.078015,2.259107,0.131675,0.011185,0.001043,-0.018229,0.007402,-0.087367,-0.000380
21892.056000,-0.098594,0.104345,0.221467,2.077686,2.258689,0.132424,0.011067,0.001030,-0.017900,0.007333,-0.086623,-0.000370
21892.064000,-0.098506,0.104353,0.221335,2.077427,2.258272,0.133166,0.011082,0.001038,-0.018781,0.007608,-0.089952,-0.000391
21892.072000,-0.098416,0.104365,0.221195,2.077070,2.257970,0.133968,0.011151,0.001043,-0.018671,0.007581,-0.089613,-0.000389
21892.080000,-0.098329,0.104367,0.221044,2.076637,2.257629,0.134722,0.011454,0.001073,-0.019192,0.007706,-0.091012,-0.000404
21892.088000,-0.098240,0.104375,0.220874,2.076246,2.257175,0.135633,0.010949,0.001025,-0.018359,0.007453,-0.088084,-0.000383
21892.096000,-0.098141,0.104383,0.220724,2.075910,2.256778,0.136373,0.011218,0.001041,-0.017684,0.007307,-0.086273,-0.000365
21892.104000,-0.098059,0.104392,0.220588,2.075615,2.256375,0.137123,0.011109,0.001035,-0.018096,0.007449,-0.088051,-0.000374
21892.112000,-0.097967,0.104404,0.220443,2.075338,2.255990,0.137833,0.011076,0.001036,-0.018418,0.007408,-0.087564,-0.000388
21892.120000,-0.097882,0.104408,0.220285,2.074875,2.255650,0.138718,0.011487,0.001073,-0.019051,0.007773,-0.091872,-0.000397
21892.128000,-0.097794,0.104418,0.220134,2.074538,2.255203,0.139588,0.011768,0.001102,-0.019922,0.008155,-0.096487,-0.000414
21892.136000,-0.097692,0.104431,0.219969,2.074169,2.254748,0.140494,0.011533,0.001077,-0.018916,0.007648,-0.090372,-0.000399
21892.144000,-0.097601,0.104437,0.219832,2.073818,2.254444,0.141165,0.010979,0.001025,-0.018069,0.007366,-0.087072,-0.000378
21892.152000,-0.097510,0.104447,0.219673,2.073417,2.254066,0.142071,0.011314,0.001057,-0.018779,0.007678,-0.090788,-0.000392
21892.160000,-0.097425,0.104451,0.219526,2.073060,2.253641,0.142784,0.011686,0.001100,-0.020275,0.008026,-0.094877,-0.000434
21892.168000,-0.097335,0.104464,0.219379,2.072771,2.253275,0.143557,0.011269,0.001059,-0.019343,0.007666,-0.090635,-0.000414
21892.176000,-0.097234,0.104477,0.219212,2.072402,2.252878,0.144449,0.011569,0.001081,-0.019246,0.007882,-0.093258,-0.000402
21892.184000,-0.097153,0.104478,0.219059,2.071955,2.252522,0.145253,0.011701,0.001096,-0.019785,0.008073,-0.095498,-0.000414
21892.192000,-0.097052,0.104489,0.218900,2.071635,2.252035,0.146068,0.011591,0.001082,-0.019221,0.007963,-0.094262,-0.000398
21892.200000,-0.096958,0.104495,0.218745,2.071178,2.251672,0.146933,0.011862,0.001109,-0.019792,0.008179,-0.096798,-0.000411
21892.208000,-0.096859,0.104508,0.218575,2.070813,2.251222,0.147851,0.011639,0.001087,-0.019272,0.007921,-0.093717,-0.000403
21892.216000,-0.096762,0.104518,0.218426,2.070496,2.250767,0.148652,0.011699,0.001098,-0.019885,0.007974,-0.094338,-0.000424
21892.224000,-0.096677,0.104523,0.218271,2.070062,2.250370,0.149450,0.011531,0.001082,-0.019623,0.007892,-0.093387,-0.000417
21892.232000,-0.096570,0.104537,0.218099,2.069744,2.249888,0.150328,0.012022,0.001118,-0.019405,0.008065,-0.095494,-0.000403
21892.240000,-0.096480,0.104543,0.217952,2.069350,2.249516,0.151169,0.011924,0.001117,-0.020068,0.008103,-0.095881,-0.000427
21892.248000,-0.096383,0.104551,0.217788,2.068896,2.249100,0.152058,0.011575,0.001087,-0.019885,0.008030,-0.095083,-0.000422
21892.256000,-0.096288,0.104563,0.217624,2.068520,2.248693,0.152933,0.011863,0.001107,-0.019511,0.008007,-0.094787,-0.000410
21892.264000,-0.096198,0.104572,0.217473,2.068202,2.248297,0.153775,0.011735,0.001094,-0.019384,0.008142,-0.096488,-0.000399
21892.272000,-0.096105,0.104578,0.217315,2.067792,2.247843,0.154585,0.011920,0.001118,-0.020395,0.008341,-0.098829,-0.000429
21892.280000,-0.096012,0.104584,0.217151,2.067377,2.247418,0.155479,0.011935,0.001116,-0.019726,0.008023,-0.094906,-0.000419
21892.288000,-0.095910,0.104591,0.216990,2.066970,2.246972,0.156330,0.012094,0.001124,-0.019531,0.008313,-0.098499,-0.000399
21892.296000,-0.095822,0.104604,0.216841,2.066639,2.246616,0.157150,0.012046,0.001124,-0.019798,0.008258,-0.097816,-0.000412
21892.304000,-0.095724,0.104610,0.216698,2.066252,2.246247,0.157924,0.011592,0.001083,-0.019075,0.007840,-0.092771,-0.000403
21892.312000,-0.095636,0.104623,0.216539,2.065868,2.245831,0.158808,0.011579,0.001089,-0.019996,0.008112,-0.096106,-0.000425
21892.320000,-0.095535,0.104631,0.216371,2.065482,2.245376,0.159616,0.012112,0.001128,-0.019854,0.008398,-0.099579,-0.000409
21892.328000,-0.095433,0.104641,0.216205,2.065093,2.244899,0.160532,0.012285,0.001152,-0.021029,0.008726,-0.103506,-0.000440
21892.336000,-0.095345,0.104648,0.216050,2.064702,2.244471,0.161367,0.012123,0.001133,-0.020327,0.008456,-0.100267,-0.000425
21892.344000,-0.095241,0.104658,0.215876,2.064248,2.244003,0.162331,0.012148,0.001129,-0.019812,0.008622,-0.102379,-0.000398
21892.352000,-0.095140,0.104667,0.215699,2.063814,2.243589,0.163299,0.012029,0.001124,-0.020006,0.008386,-0.099421,-0.000417
21892.360000,-0.095047,0.104679,0.215555,2.063478,2.243143,0.164117,0.011818,0.001106,-0.019862,0.008168,-0.096818,-0.000420
21892.368000,-0.094959,0.104686,0.215396,2.063083,2.242741,0.164980,0.012127,0.001135,-0.020396,0.008495,-0.100735,-0.000427
21892.376000,-0.094858,0.104693,0.215239,2.062698,2.242284,0.165735,0.011988,0.001122,-0.020183,0.008326,-0.098719,-0.000427
21892.384000,-0.094763,0.104703,0.215071,2.062282,2.241864,0.166687,0.012532,0.001176,-0.021442,0.008800,-0.104337,-0.000455
21892.392000,-0.094666,0.104712,0.214891,2.061891,2.241327,0.167639,0.012156,0.001137,-0.020428,0.008511,-0.100955,-0.000429
21892.400000,-0.094567,0.104724,0.214742,2.061549,2.240955,0.168403,0.011941,0.001113,-0.019598,0.008284,-0.098295,-0.000407
21892.408000,-0.094474,0.104734,0.214587,2.061144,2.240569,0.169245,0.012230,0.001142,-0.020285,0.008504,-0.100903,-0.000425
21892.416000,-0.094384,0.104736,0.214420,2.060696,2.240160,0.170123,0.012023,0.001122,-0.019929,0.008429,-0.099990,-0.000414
21892.424000,-0.094276,0.104748,0.214255,2.060245,2.239695,0.171068,0.012690,0.001184,-0.021023,0.008915,-0.105799,-0.000437
21892.432000,-0.094173,0.104761,0.214092,2.059915,2.239146,0.171964,0.012752,0.001183,-0.020621,0.009039,-0.107439,-0.000416
21892.440000,-0.094069,0.104771,0.213924,2.059497,2.238665,0.172925,0.012706,0.001184,-0.021147,0.009089,-0.108036,-0.000434
21892.448000,-0.093969,0.104778,0.213769,2.058991,2.238300,0.173792,0.012398,0.001160,-0.020846,0.008682,-0.103038,-0.000440
21892.456000,-0.093872,0.104790,0.213601,2.058621,2.237820,0.174728,0.012193,0.001141,-0.020456,0.008481,-0.100645,-0.000434
21892.464000,-0.093772,0.104797,0.213428,2.058149,2.237331,0.175701,0.012475,0.001169,-0.021422,0.009026,-0.107257,-0.000448
21892.472000,-0.093669,0.104805,0.213257,2.057768,2.236853,0.176491,0.012107,0.001139,-0.020997,0.008501,-0.100888,-0.000454
21892.480000,-0.093576,0.104812,0.213078,2.057232,2.236492,0.177518,0.012158,0.001137,-0.020218,0.008450,-0.100229,-0.000428
21892.488000,-0.093478,0.104821,0.212915,2.056851,2.236047,0.178347,0.012293,0.001149,-0.020663,0.008796,-0.104486,-0.000430
21892.496000,-0.093385,0.104827,0.212770,2.056526,2.235581,0.179128,0.012648,0.001191,-0.022003,0.008953,-0.106219,-0.000475
21892.504000,-0.093283,0.104840,0.212584,2.056092,2.235085,0.180137,0.012469,0.001165,-0.020873,0.008850,-0.105121,-0.000437
21892.512000,-0.093171,0.104854,0.212409,2.055673,2.234549,0.181115,0.012737,0.001187,-0.021127,0.009132,-0.108614,-0.000435
21892.520000,-0.093075,0.104857,0.212244,2.055156,2.234173,0.182039,0.012685,0.001182,-0.020666,0.008760,-0.103941,-0.000435
21892.528000,-0.092977,0.104869,0.212078,2.054742,2.233692,0.182927,0.012489,0.001172,-0.021404,0.008977,-0.106669,-0.000453
21892.536000,-0.092875,0.104880,0.211905,2.054367,2.233183,0.183926,0.012711,0.001185,-0.020897,0.008987,-0.106793,-0.000434
21892.544000,-0.092768,0.104891,0.211737,2.053941,2.232714,0.184787,0.012322,0.001159,-0.021550,0.009021,-0.107291,-0.000456
21892.552000,-0.092667,0.104902,0.211558,2.053504,2.232268,0.185743,0.012593,0.001182,-0.021643,0.009004,-0.106989,-0.000462
21892.560000,-0.092577,0.104905,0.211396,2.053036,2.231834,0.186625,0.012470,0.001164,-0.020718,0.008858,-0.105255,-0.000433
21892.568000,-0.092465,0.104917,0.211207,2.052588,2.231289,0.187617,0.012624,0.001182,-0.021420,0.009139,-0.108690,-0.000448
21892.576000,-0.092368,0.104927,0.211045,2.052181,2.230853,0.188562,0.012852,0.001204,-0.021724,0.009154,-0.108761,-0.000460
21892.584000,-0.092258,0.104941,0.210882,2.051811,2.230341,0.189434,0.012623,0.001178,-0.020969,0.008949,-0.106426,-0.000440
21892.592000,-0.092159,0.104948,0.210696,2.051293,2.229825,0.190437,0.012547,0.001169,-0.020784,0.009002,-0.107129,-0.000431
21892.600000,-0.092062,0.104952,0.210527,2.050880,2.229401,0.191310,0.012948,0.001217,-0.022163,0.009149,-0.108656,-0.000479
21892.608000,-0.091965,0.104963,0.210350,2.050458,2.228974,0.192251,0.012582,0.001171,-0.020355,0.008787,-0.104405,-0.000426
21892.616000,-0.091859,0.104976,0.210186,2.049965,2.228546,0.193195,0.012703,0.001179,-0.020434,0.009046,-0.107630,-0.000418
21892.624000,-0.091757,0.104985,0.210028,2.049616,2.227999,0.194047,0.012917,0.001203,-0.021125,0.009089,-0.108089,-0.000443
21892.632000,-0.091658,0.104991,0.209856,2.049131,2.227527,0.195057,0.012919,0.001201,-0.020901,0.009198,-0.109412,-0.000431
21892.640000,-0.091550,0.105003,0.209694,2.048678,2.227088,0.195979,0.012795,0.001194,-0.021164,0.009136,-0.108657,-0.000443
21892.648000,-0.091442,0.105014,0.209514,2.048242,2.226529,0.196941,0.012889,0.001202,-0.021386,0.009280,-0.110459,-0.000446
21892.656000,-0.091349,0.105022,0.209358,2.047803,2.226107,0.197842,0.012969,0.001213,-0.021607,0.009099,-0.108141,-0.000463
21892.664000,-0.091253,0.105030,0.209186,2.047380,2.225671,0.198717,0.012641,0.001183,-0.021399,0.009270,-0.110354,-0.000447
21892.672000,-0.091141,0.105039,0.209005,2.046897,2.225143,0.199718,0.012855,0.001201,-0.021386,0.009193,-0.109350,-0.000451
21892.680000,-0.091044,0.105050,0.208845,2.046442,2.224706,0.200664,0.013375,0.001250,-0.022115,0.009383,-0.111532,-0.000472
21892.688000,-0.090936,0.105061,0.208655,2.046025,2.224140,0.201641,0.012780,0.001198,-0.022117,0.009606,-0.114491,-0.000461
21892.696000,-0.090825,0.105071,0.208484,2.045579,2.223652,0.202563,0.013507,0.001257,-0.021920,0.009563,-0.113807,-0.000458
21892.704000,-0.090715,0.105082,0.208307,2.045114,2.223091,0.203574,0.013679,0.001281,-0.023011,0.009700,-0.115407,-0.000494
21892.712000,-0.090612,0.105091,0.208109,2.044565,2.222630,0.204639,0.012786,0.001200,-0.022244,0.009651,-0.115041,-0.000466
21892.720000,-0.090500,0.105105,0.207929,2.044163,2.222119,0.205639,0.013443,0.001250,-0.021629,0.009436,-0.112297,-0.000454
21892.728000,-0.090394,0.105112,0.207752,2.043627,2.221553,0.206647,0.013345,0.001243,-0.021959,0.009626,-0.114672,-0.000458
21892.736000,-0.090292,0.105120,0.207592,2.043244,2.221054,0.207521,0.013020,0.001218,-0.022031,0.009522,-0.113450,-0.000465
21892.744000,-0.090185,0.105128,0.207402,2.042659,2.220579,0.208610,0.013339,0.001242,-0.021657,0.009416,-0.112030,-0.000457
21892.752000,-0.090074,0.105144,0.207234,2.042297,2.220027,0.209552,0.013456,0.001250,-0.021856,0.009726,-0.115948,-0.000452
21892.760000,-0.089977,0.105149,0.207072,2.041787,2.219629,0.210434,0.013356,0.001246,-0.021959,0.009540,-0.113592,-0.000464
21892.768000,-0.089866,0.105159,0.206887,2.041322,2.219092,0.211416,0.013062,0.001219,-0.021528,0.009303,-0.110769,-0.000457
21892.776000,-0.089763,0.105168,0.206724,2.040964,2.218572,0.212347,0.014025,0.001309,-0.023296,0.010238,-0.122000,-0.000488
21892.784000,-0.089647,0.105183,0.206525,2.040360,2.218049,0.213470,0.013770,0.001289,-0.023218,0.009982,-0.118933,-0.000495
21892.792000,-0.089544,0.105191,0.206352,2.039934,2.217563,0.214448,0.013563,0.001267,-0.022612,0.009888,-0.117816,-0.000476
21892.800000,-0.089436,0.105199,0.206177,2.039476,2.217033,0.215393,0.013589,0.001267,-0.022310,0.009772,-0.116401,-0.000470
21892.808000,-0.089326,0.105212,0.205986,2.038984,2.216441,0.216446,0.013516,0.001270,-0.023208,0.009771,-0.116377,-0.000504
21892.816000,-0.089217,0.105223,0.205808,2.038491,2.215959,0.217438,0.013347,0.001242,-0.021726,0.009628,-0.114792,-0.000454
21892.824000,-0.089102,0.105234,0.205629,2.038055,2.215404,0.218433,0.014012,0.001303,-0.022717,0.010038,-0.119674,-0.000477
21892.832000,-0.088994,0.105246,0.205439,2.037508,2.214896,0.219554,0.013737,0.001278,-0.022451,0.010025,-0.119570,-0.000467
21892.840000,-0.088895,0.105252,0.205282,2.037078,2.214449,0.220382,0.013491,0.001263,-0.022637,0.009751,-0.116177,-0.000486
21892.848000,-0.088791,0.105260,0.205105,2.036634,2.213882,0.221353,0.013522,0.001261,-0.022206,0.009707,-0.115680,-0.000472
21892.856000,-0.088684,0.105267,0.204927,2.036096,2.213431,0.222362,0.013717,0.001284,-0.023035,0.010023,-0.119425,-0.000491
21892.864000,-0.088572,0.105279,0.204743,2.035676,2.212857,0.223269,0.013484,0.001264,-0.022641,0.009603,-0.114366,-0.000493
21892.872000,-0.088463,0.105290,0.204558,2.035146,2.212391,0.224297,0.013593,0.001269,-0.022565,0.009887,-0.117893,-0.000479
21892.880000,-0.088350,0.105305,0.204376,2.034696,2.211829,0.225377,0.013845,0.001297,-0.023461,0.010173,-0.121332,-0.000502
21892.888000,-0.088242,0.105309,0.204180,2.034149,2.211305,0.226372,0.013962,0.001301,-0.022709,0.009935,-0.118360,-0.000485
21892.896000,-0.088124,0.105324,0.203991,2.033634,2.210726,0.227524,0.014039,0.001301,-0.022609,0.010486,-0.125265,-0.000459
21892.904000,-0.088005,0.105336,0.203815,2.033154,2.210145,0.228521,0.014451,0.001348,-0.023840,0.010535,-0.125713,-0.000505
21892.912000,-0.087894,0.105345,0.203631,2.032659,2.209555,0.229604,0.013701,0.001280,-0.022742,0.009932,-0.118452,-0.000487
21892.920000,-0.087780,0.105357,0.203442,2.032115,2.209014,0.230663,0.013714,0.001276,-0.022267,0.009967,-0.118968,-0.000468
21892.928000,-0.087674,0.105367,0.203280,2.031706,2.208516,0.231565,0.013425,0.001252,-0.022072,0.009736,-0.116178,-0.000470
21892.936000,-0.087575,0.105370,0.203114,2.031199,2.208064,0.232469,0.013434,0.001256,-0.022334,0.009757,-0.116340,-0.000479
21892.944000,-0.087465,0.105384,0.202930,2.030719,2.207523,0.233544,0.013689,0.001272,-0.021880,0.009749,-0.116249,-0.000464
21892.952000,-0.087353,0.105393,0.202739,2.030239,2.206884,0.234556,0.013773,0.001286,-0.022789,0.010059,-0.120053,-0.000486
21892.960000,-0.087241,0.105407,0.202574,2.029775,2.206412,0.235538,0.014158,0.001323,-0.023726,0.010498,-0.125375,-0.000505
21892.968000,-0.087126,0.105416,0.202378,2.029244,2.205804,0.236613,0.013963,0.001300,-0.022882,0.010324,-0.123340,-0.000480
21892.976000,-0.087015,0.105430,0.202190,2.028756,2.205256,0.237726,0.014292,0.001332,-0.023560,0.010594,-0.126579,-0.000496
21892.984000,-0.086898,0.105440,0.202005,2.028233,2.204710,0.238747,0.013834,0.001294,-0.023224,0.010189,-0.121658,-0.000499
21892.992000,-0.086790,0.105448,0.201818,2.027655,2.204213,0.239793,0.013974,0.001299,-0.022589,0.010217,-0.122021,-0.000475
21893.000000,-0.086677,0.105460,0.201632,2.027148,2.203637,0.240880,0.014200,0.001323,-0.023063,0.010197,-0.121672,-0.000495
21893.008000,-0.086565,0.105468,0.201438,2.026655,2.203042,0.241904,0.014062,0.001318,-0.023701,0.010228,-0.122030,-0.000518
21893.016000,-0.086449,0.105484,0.201249,2.026167,2.202466,0.243011,0.014056,0.001307,-0.022921,0.010436,-0.124759,-0.000480
21893.024000,-0.086333,0.105489,0.201054,2.025569,2.201906,0.244015,0.014083,0.001315,-0.023199,0.010210,-0.121887,-0.000501
21893.032000,-0.086220,0.105503,0.200876,2.025100,2.201350,0.245086,0.013772,0.001283,-0.022605,0.010172,-0.121563,-0.000479
21893.040000,-0.086111,0.105514,0.200700,2.024636,2.200819,0.246054,0.014193,0.001322,-0.023163,0.010304,-0.123091,-0.000497
21893.048000,-0.085996,0.105523,0.200521,2.024141,2.200225,0.247103,0.014050,0.001303,-0.022384,0.010223,-0.122184,-0.000471
21893.056000,-0.085892,0.105525,0.200327,2.023535,2.199686,0.248125,0.013707,0.001283,-0.023032,0.010239,-0.122322,-0.000494
21893.064000,-0.085779,0.105540,0.200147,2.023051,2.199142,0.249193,0.013852,0.001290,-0.022519,0.010084,-0.120426,-0.000482
21893.072000,-0.085667,0.105550,0.199976,2.022619,2.198559,0.250135,0.014017,0.001307,-0.023147,0.010470,-0.125189,-0.000491
21893.080000,-0.085555,0.105561,0.199792,2.022057,2.198062,0.251228,0.014526,0.001353,-0.023796,0.010780,-0.128843,-0.000505
21893.088000,-0.085439,0.105576,0.199603,2.021545,2.197454,0.252327,0.014393,0.001336,-0.023052,0.010605,-0.126833,-0.000484
21893.096000,-0.085325,0.105585,0.199417,2.021034,2.196869,0.253369,0.013872,0.001292,-0.022734,0.010300,-0.123188,-0.000483
21893.104000,-0.085211,0.105591,0.199236,2.020500,2.196357,0.254311,0.014504,0.001358,-0.024305,0.010726,-0.128160,-0.000528
21893.112000,-0.085102,0.105604,0.199053,2.019954,2.195766,0.255421,0.013907,0.001298,-0.023269,0.010566,-0.126451,-0.000494
21893.120000,-0.084990,0.105614,0.198860,2.019467,2.195183,0.256467,0.014414,0.001344,-0.023641,0.010614,-0.126890,-0.000508
21893.128000,-0.084879,0.105623,0.198684,2.018938,2.194659,0.257481,0.014350,0.001334,-0.023251,0.010691,-0.127894,-0.000491
21893.136000,-0.084757,0.105636,0.198486,2.018359,2.194087,0.258634,0.014419,0.001345,-0.023723,0.010704,-0.127984,-0.000509
21893.144000,-0.084643,0.105645,0.198302,2.017855,2.193481,0.259658,0.014426,0.001344,-0.023592,0.010710,-0.128089,-0.000504
21893.152000,-0.084523,0.105657,0.198112,2.017318,2.192921,0.260704,0.014525,0.001359,-0.024570,0.011043,-0.132155,-0.000528
21893.160000,-0.084411,0.105666,0.197917,2.016807,2.192309,0.261772,0.014539,0.001352,-0.022916,0.010129,-0.120884,-0.000504
21893.168000,-0.084295,0.105678,0.197729,2.016259,2.191661,0.262922,0.014435,0.001348,-0.024291,0.011161,-0.133689,-0.000514
21893.176000,-0.084177,0.105690,0.197532,2.015667,2.191097,0.264042,0.015072,0.001399,-0.023667,0.010679,-0.127601,-0.000513
21893.184000,-0.084049,0.105701,0.197332,2.015097,2.190448,0.265191,0.014305,0.001332,-0.023683,0.011054,-0.132467,-0.000496
21893.192000,-0.083934,0.105710,0.197136,2.014526,2.189882,0.266305,0.015034,0.001395,-0.023835,0.010949,-0.130946,-0.000509
21893.200000,-0.083823,0.105725,0.196952,2.014032,2.189302,0.267402,0.014679,0.001368,-0.024178,0.011172,-0.133794,-0.000513
21893.208000,-0.083701,0.105732,0.196764,2.013444,2.188708,0.268489,0.014299,0.001324,-0.022345,0.010424,-0.124693,-0.000473
21893.216000,-0.083584,0.105747,0.196572,2.012934,2.188103,0.269567,0.014458,0.001346,-0.023928,0.011217,-0.134469,-0.000502
21893.224000,-0.083469,0.105755,0.196397,2.012452,2.187546,0.270515,0.014834,0.001377,-0.023471,0.010770,-0.128854,-0.000504
21893.232000,-0.083359,0.105767,0.196210,2.011862,2.186967,0.271700,0.014261,0.001328,-0.023264,0.010687,-0.127937,-0.000498
21893.240000,-0.083233,0.105780,0.196015,2.011368,2.186313,0.272711,0.015014,0.001394,-0.024082,0.011119,-0.133188,-0.000515
21893.248000,-0.083124,0.105791,0.195826,2.010749,2.185807,0.273843,0.014881,0.001387,-0.024765,0.011633,-0.139514,-0.000521
21893.256000,-0.082997,0.105803,0.195617,2.010246,2.185105,0.275033,0.014736,0.001362,-0.022704,0.010649,-0.127474,-0.000482
21893.264000,-0.082887,0.105808,0.195433,2.009593,2.184495,0.276193,0.014898,0.001381,-0.023153,0.010663,-0.127492,-0.000500
21893.272000,-0.082761,0.105824,0.195245,2.009072,2.183929,0.277224,0.014629,0.001358,-0.023613,0.011157,-0.133766,-0.000497
21893.280000,-0.082652,0.105832,0.195068,2.008537,2.183341,0.278241,0.015007,0.001391,-0.023088,0.010407,-0.124353,-0.000509
21893.288000,-0.082538,0.105840,0.194886,2.008006,2.182814,0.279252,0.014860,0.001386,-0.024503,0.011356,-0.136059,-0.000525
21893.296000,-0.082414,0.105857,0.194683,2.007495,2.182131,0.280400,0.015230,0.001411,-0.023291,0.010437,-0.124697,-0.000517
21893.304000,-0.082294,0.105867,0.194484,2.006869,2.181531,0.281579,0.014323,0.001326,-0.022653,0.010865,-0.130289,-0.000474
21893.312000,-0.082179,0.105875,0.194300,2.006277,2.180904,0.282651,0.014859,0.001378,-0.023283,0.010775,-0.129007,-0.000503
21893.320000,-0.082065,0.105888,0.194123,2.005778,2.180397,0.283669,0.014734,0.001369,-0.023690,0.011143,-0.133580,-0.000504
21893.328000,-0.081948,0.105898,0.193930,2.005213,2.179697,0.284820,0.015174,0.001400,-0.023284,0.011168,-0.133867,-0.000490
21893.336000,-0.081807,0.105913,0.193726,2.004620,2.179000,0.286029,0.015607,0.001441,-0.024487,0.012051,-0.144741,-0.000503
21893.344000,-0.081688,0.105920,0.193531,2.003993,2.178372,0.287225,0.015389,0.001428,-0.023981,0.010974,-0.131280,-0.000526
21893.352000,-0.081562,0.105934,0.193334,2.003401,2.177779,0.288312,0.014253,0.001327,-0.023301,0.010916,-0.130958,-0.000499
21893.360000,-0.081455,0.105942,0.193159,2.002893,2.177116,0.289379,0.015207,0.001408,-0.022994,0.010241,-0.122332,-0.000518
21893.368000,-0.081334,0.105958,0.192969,2.002357,2.176545,0.290500,0.014497,0.001352,-0.024113,0.011264,-0.135196,-0.000518
21893.376000,-0.081214,0.105968,0.192769,2.001685,2.175945,0.291682,0.015225,0.001406,-0.023078,0.010814,-0.129480,-0.000500
21893.384000,-0.081099,0.105975,0.192588,2.001184,2.175366,0.292664,0.015216,0.001418,-0.024947,0.011687,-0.140178,-0.000537
21893.392000,-0.080980,0.105989,0.192392,2.000639,2.174669,0.293816,0.015371,0.001428,-0.024334,0.011114,-0.133125,-0.000537
21893.400000,-0.080853,0.105999,0.192198,1.999999,2.174077,0.294961,0.014999,0.001388,-0.023767,0.011591,-0.139214,-0.000497
21893.408000,-0.080734,0.106007,0.191993,1.999365,2.173436,0.296136,0.015795,0.001456,-0.022851,0.010244,-0.122221,-0.000518
21893.416000,-0.080611,0.106025,0.191809,1.998894,2.172803,0.297227,0.014615,0.001364,-0.024352,0.011470,-0.137747,-0.000523
21893.424000,-0.080498,0.106031,0.191622,1.998288,2.172165,0.298354,0.015544,0.001435,-0.022742,0.010232,-0.122169,-0.000514
21893.432000,-0.080370,0.106045,0.191431,1.997716,2.171515,0.299476,0.014960,0.001395,-0.024855,0.011731,-0.140900,-0.000535
21893.440000,-0.080252,0.106055,0.191235,1.997130,2.170934,0.300586,0.015965,0.001476,-0.023487,0.010365,-0.123678,-0.000540
21893.448000,-0.080124,0.106067,0.191031,1.996558,2.170229,0.301754,0.014791,0.001371,-0.023708,0.011541,-0.138679,-0.000500
21893.456000,-0.080002,0.106080,0.190836,1.995955,2.169633,0.302908,0.015844,0.001465,-0.023186,0.010163,-0.121227,-0.000537
21893.464000,-0.079884,0.106088,0.190645,1.995339,2.169007,0.304011,0.015041,0.001397,-0.024256,0.011730,-0.140900,-0.000515
21893.472000,-0.079762,0.106100,0.190458,1.994740,2.168356,0.305160,0.015670,0.001444,-0.022618,0.010243,-0.122341,-0.000513
21893.480000,-0.079638,0.106111,0.190256,1.994202,2.167671,0.306335,0.015302,0.001429,-0.025309,0.011852,-0.142266,-0.000552
21893.488000,-0.079514,0.106125,0.190060,1.993562,2.167048,0.307442,0.015269,0.001407,-0.022459,0.010496,-0.125687,-0.000497
21893.496000,-0.079400,0.106136,0.189873,1.993053,2.166424,0.308560,0.015152,0.001402,-0.023683,0.011560,-0.138856,-0.000503
21893.504000,-0.079273,0.106145,0.189684,1.992423,2.165780,0.309653,0.015276,0.001410,-0.022715,0.010537,-0.126151,-0.000507
21893.512000,-0.079150,0.106157,0.189498,1.991826,2.165211,0.310736,0.015412,0.001426,-0.023817,0.011423,-0.137111,-0.000516
21893.520000,-0.079030,0.106167,0.189311,1.991240,2.164494,0.311930,0.014917,0.001381,-0.023828,0.011930,-0.143554,-0.000496
21893.528000,-0.078903,0.106181,0.189123,1.990692,2.163904,0.313015,0.015784,0.001465,-0.024648,0.011473,-0.137569,-0.000547
21893.536000,-0.078789,0.106190,0.188940,1.990113,2.163263,0.314060,0.014710,0.001367,-0.024333,0.012110,-0.145847,-0.000508
21893.544000,-0.078668,0.106206,0.188751,1.989534,2.162704,0.315206,0.015874,0.001468,-0.023971,0.011110,-0.133111,-0.000537
21893.552000,-0.078549,0.106209,0.188555,1.988904,2.162000,0.316336,0.015232,0.001414,-0.024583,0.012114,-0.145703,-0.000521
21893.560000,-0.078423,0.106220,0.188359,1.988321,2.161311,0.317484,0.015843,0.001465,-0.023923,0.011202,-0.134224,-0.000533
21893.568000,-0.078297,0.106235,0.188175,1.987681,2.160705,0.318671,0.015730,0.001458,-0.025123,0.012456,-0.149859,-0.000532
21893.576000,-0.078160,0.106248,0.187956,1.987083,2.159976,0.319895,0.016197,0.001501,-0.024198,0.010771,-0.128743,-0.000562
21893.584000,-0.078040,0.106259,0.187763,1.986470,2.159335,0.321041,0.015306,0.001414,-0.023904,0.011993,-0.144284,-0.000503
21893.592000,-0.077907,0.106272,0.187557,1.985882,2.158617,0.322231,0.016031,0.001481,-0.024220,0.011468,-0.137560,-0.000538
21893.600000,-0.077780,0.106286,0.187372,1.985268,2.157979,0.323381,0.015326,0.001418,-0.024145,0.012006,-0.144490,-0.000513
21893.608000,-0.077654,0.106297,0.187186,1.984654,2.157334,0.324493,0.016192,0.001491,-0.023477,0.010955,-0.131229,-0.000530
21893.616000,-0.077533,0.106305,0.186981,1.983960,2.156679,0.325699,0.015599,0.001442,-0.024429,0.012200,-0.146807,-0.000519
21893.624000,-0.077402,0.106320,0.186797,1.983520,2.155971,0.326788,0.016274,0.001500,-0.023770,0.011041,-0.132242,-0.000540
21893.632000,-0.077285,0.106331,0.186610,1.982873,2.155375,0.327926,0.015550,0.001437,-0.024266,0.012103,-0.145656,-0.000517
21893.640000,-0.077158,0.106341,0.186407,1.982173,2.154743,0.329125,0.016811,0.001554,-0.024776,0.011334,-0.135642,-0.000570
21893.648000,-0.077028,0.106353,0.186219,1.981599,2.154063,0.330239,0.016112,0.001488,-0.024840,0.012400,-0.149181,-0.000532
21893.656000,-0.076890,0.106368,0.186008,1.980959,2.153293,0.331533,0.016478,0.001516,-0.023493,0.010900,-0.130488,-0.000538
21893.664000,-0.076770,0.106379,0.185826,1.980421,2.152657,0.332602,0.016019,0.001491,-0.025756,0.012255,-0.147331,-0.000572
21893.672000,-0.076643,0.106391,0.185608,1.979732,2.151933,0.333871,0.015917,0.001471,-0.024073,0.011494,-0.138005,-0.000537
21893.680000,-0.076511,0.106399,0.185413,1.979063,2.151330,0.335002,0.016439,0.001519,-0.025235,0.012551,-0.150938,-0.000545
21893.688000,-0.076390,0.106411,0.185226,1.978422,2.150626,0.336148,0.015655,0.001447,-0.024417,0.012243,-0.147414,-0.000523
21893.696000,-0.076249,0.106427,0.185019,1.977871,2.149880,0.337377,0.015913,0.001471,-0.024387,0.011841,-0.142344,-0.000538
21893.704000,-0.076130,0.106435,0.184835,1.977266,2.149266,0.338426,0.015660,0.001452,-0.024830,0.012215,-0.147031,-0.000541
21893.712000,-0.075999,0.106452,0.184626,1.976683,2.148560,0.339613,0.016354,0.001513,-0.024902,0.011850,-0.142391,-0.000560
21893.720000,-0.075881,0.106460,0.184433,1.976009,2.147930,0.340791,0.015505,0.001433,-0.024026,0.011988,-0.144323,-0.000520
21893.728000,-0.075750,0.106474,0.184249,1.975444,2.147294,0.341886,0.016760,0.001545,-0.024391,0.011450,-0.137287,-0.000558
21893.736000,-0.075627,0.106483,0.184049,1.974764,2.146629,0.343068,0.016071,0.001485,-0.024632,0.012208,-0.146888,-0.000538
21893.744000,-0.075491,0.106492,0.183844,1.974095,2.145868,0.344313,0.016901,0.001548,-0.023601,0.011624,-0.139490,-0.000525
21893.752000,-0.075350,0.106508,0.183652,1.973482,2.145179,0.345487,0.017160,0.001584,-0.026059,0.012919,-0.155448,-0.000571
21893.760000,-0.075214,0.106520,0.183444,1.972728,2.144417,0.346858,0.016131,0.001487,-0.024539,0.012538,-0.151040,-0.000526
21893.768000,-0.075075,0.106537,0.183250,1.972200,2.143692,0.348001,0.016554,0.001526,-0.024080,0.011297,-0.135501,-0.000555
21893.776000,-0.074962,0.106541,0.183068,1.971521,2.143096,0.349073,0.015584,0.001437,-0.023629,0.011993,-0.144414,-0.000511
21893.784000,-0.074827,0.106558,0.182863,1.970918,2.142367,0.350264,0.016341,0.001505,-0.023400,0.010939,-0.131139,-0.000543
21893.792000,-0.074705,0.106571,0.182686,1.970365,2.141717,0.351356,0.015952,0.001468,-0.023921,0.012126,-0.146091,-0.000519
21893.800000,-0.074582,0.106579,0.182488,1.969640,2.141062,0.352614,0.016806,0.001550,-0.024837,0.012130,-0.145759,-0.000557
21893.808000,-0.074446,0.106593,0.182287,1.968997,2.140372,0.353839,0.016363,0.001506,-0.024118,0.012102,-0.145588,-0.000531
21893.816000,-0.074314,0.106606,0.182089,1.968372,2.139583,0.355043,0.016535,0.001526,-0.025449,0.013032,-0.157147,-0.000548
21893.824000,-0.074173,0.106620,0.181889,1.967710,2.138947,0.356228,0.016962,0.001561,-0.024303,0.011562,-0.138721,-0.000560
21893.832000,-0.074046,0.106628,0.181687,1.966986,2.138178,0.357513,0.015831,0.001457,-0.023947,0.012583,-0.151778,-0.000508
21893.840000,-0.073919,0.106638,0.181498,1.966303,2.137615,0.358596,0.017413,0.001604,-0.024463,0.011259,-0.134729,-0.000580
21893.848000,-0.073791,0.106654,0.181314,1.965821,2.136834,0.359719,0.015670,0.001447,-0.024273,0.012484,-0.150612,-0.000524
21893.856000,-0.073649,0.106666,0.181092,1.965122,2.136049,0.361044,0.017125,0.001576,-0.024135,0.011327,-0.135753,-0.000566
21893.864000,-0.073520,0.106677,0.180904,1.964433,2.135402,0.362210,0.016149,0.001490,-0.024761,0.012781,-0.154128,-0.000535
21893.872000,-0.073383,0.106693,0.180699,1.963792,2.134662,0.363460,0.017395,0.001596,-0.023763,0.011030,-0.132050,-0.000564
21893.880000,-0.073253,0.106703,0.180511,1.963199,2.133963,0.364588,0.015881,0.001461,-0.023979,0.012628,-0.152399,-0.000512
21893.888000,-0.073116,0.106719,0.180313,1.962550,2.133241,0.365823,0.017250,0.001583,-0.023396,0.010714,-0.128190,-0.000562
21893.896000,-0.072985,0.106727,0.180116,1.961813,2.132579,0.366973,0.015542,0.001440,-0.025101,0.013262,-0.160302,-0.000532
21893.904000,-0.072854,0.106739,0.179916,1.961188,2.131873,0.368142,0.017507,0.001611,-0.024256,0.011057,-0.132307,-0.000585
21893.912000,-0.072725,0.106751,0.179719,1.960502,2.131154,0.369366,0.015886,0.001469,-0.025419,0.013709,-0.165816,-0.000531
21893.920000,-0.072585,0.106763,0.179528,1.959933,2.130403,0.370513,0.017099,0.001565,-0.022819,0.010696,-0.128071,-0.000544
21893.928000,-0.072464,0.106771,0.179340,1.959209,2.129716,0.371733,0.016405,0.001516,-0.025936,0.013911,-0.168127,-0.000547
21893.936000,-0.072316,0.106791,0.179141,1.958637,2.129027,0.372873,0.017050,0.001569,-0.024106,0.011417,-0.137006,-0.000568
21893.944000,-0.072193,0.106798,0.178943,1.957911,2.128278,0.374098,0.016486,0.001519,-0.025139,0.013356,-0.161319,-0.000538
21893.952000,-0.072053,0.106813,0.178752,1.957337,2.127631,0.375173,0.017118,0.001574,-0.024590,0.012202,-0.146821,-0.000560
21893.960000,-0.071923,0.106821,0.178550,1.956624,2.126843,0.376420,0.016844,0.001552,-0.025097,0.012785,-0.154122,-0.000559
21893.968000,-0.071779,0.106840,0.178346,1.955988,2.126123,0.377703,0.016738,0.001540,-0.024979,0.013080,-0.157893,-0.000545
21893.976000,-0.071649,0.106852,0.178150,1.955258,2.125386,0.378994,0.017864,0.001639,-0.024375,0.011503,-0.137903,-0.000582
21893.984000,-0.071510,0.106861,0.177950,1.954545,2.124699,0.380141,0.016549,0.001527,-0.025078,0.013009,-0.156971,-0.000552
21893.992000,-0.071370,0.106878,0.177747,1.953987,2.123893,0.381349,0.018126,0.001665,-0.024323,0.010868,-0.129923,-0.000603
21894.000000,-0.071228,0.106891,0.177538,1.953231,2.123148,0.382631,0.016552,0.001527,-0.026270,0.014546,-0.176252,-0.000545
21894.008000,-0.071084,0.106904,0.177340,1.952529,2.122435,0.383844,0.017605,0.001611,-0.023624,0.011354,-0.136237,-0.000561
21894.016000,-0.070951,0.106913,0.177138,1.951867,2.121577,0.385121,0.017204,0.001588,-0.027199,0.014852,-0.179844,-0.000574
21894.024000,-0.070812,0.106930,0.176947,1.951249,2.120941,0.386245,0.017875,0.001632,-0.023525,0.011316,-0.135759,-0.000561
21894.032000,-0.070675,0.106937,0.176737,1.950503,2.120143,0.387528,0.016615,0.001524,-0.024717,0.013543,-0.163805,-0.000526
21894.040000,-0.070537,0.106950,0.176544,1.949836,2.119499,0.388670,0.017333,0.001590,-0.024389,0.012338,-0.148532,-0.000558
21894.048000,-0.070403,0.106964,0.176342,1.949090,2.118773,0.389962,0.016830,0.001545,-0.024838,0.013371,-0.161568,-0.000539
21894.056000,-0.070266,0.106979,0.176151,1.948532,2.117994,0.391147,0.017323,0.001588,-0.025114,0.013414,-0.162031,-0.000550
21894.064000,-0.070128,0.106990,0.175961,1.947786,2.117255,0.392392,0.018113,0.001659,-0.024185,0.011494,-0.137836,-0.000584
21894.072000,-0.069987,0.107006,0.175746,1.947137,2.116538,0.393636,0.016724,0.001532,-0.024165,0.013050,-0.157665,-0.000527
21894.080000,-0.069850,0.107015,0.175558,1.946444,2.115821,0.394769,0.018367,0.001677,-0.023546,0.011018,-0.131873,-0.000579
21894.088000,-0.069719,0.107022,0.175358,1.945677,2.115111,0.396026,0.016850,0.001551,-0.026095,0.014754,-0.178688,-0.000544
21894.096000,-0.069572,0.107043,0.175165,1.945071,2.114309,0.397242,0.018074,0.001648,-0.023379,0.011361,-0.136308,-0.000561
21894.104000,-0.069435,0.107049,0.174960,1.944306,2.113516,0.398536,0.017155,0.001584,-0.026825,0.014791,-0.179065,-0.000572
21894.112000,-0.069296,0.107066,0.174772,1.943733,2.112874,0.399594,0.017565,0.001606,-0.023382,0.011528,-0.138488,-0.000555
21894.120000,-0.069159,0.107078,0.174565,1.943016,2.112015,0.400920,0.017241,0.001578,-0.024063,0.012640,-0.152480,-0.000543
21894.128000,-0.069022,0.107090,0.174377,1.942370,2.111363,0.402022,0.017406,0.001593,-0.024822,0.013445,-0.162447,-0.000546
21894.136000,-0.068885,0.107102,0.174194,1.941627,2.110662,0.403264,0.018179,0.001656,-0.023473,0.011754,-0.141168,-0.000556
21894.144000,-0.068741,0.107116,0.173989,1.940953,2.109825,0.404527,0.017479,0.001598,-0.025937,0.015219,-0.184619,-0.000531
21894.152000,-0.068588,0.107132,0.173783,1.940170,2.109084,0.405840,0.019116,0.001746,-0.024839,0.012030,-0.144334,-0.000603
21894.160000,-0.068442,0.107146,0.173581,1.939461,2.108184,0.407181,0.017089,0.001566,-0.025531,0.014582,-0.176831,-0.000537
21894.168000,-0.068298,0.107156,0.173378,1.938755,2.107511,0.408330,0.018211,0.001673,-0.025208,0.012251,-0.147254,-0.000607
21894.176000,-0.068223,0.107166,0.173278,1.938432,2.107019,0.409071,0.012437,0.001150,-0.019124,0.010057,-0.121626,-0.000430
21894.184000,-0.068204,0.107168,0.173275,1.938366,2.107010,0.409183,0.011596,0.001079,-0.017215,0.007646,-0.091676,-0.000434
21894.192000,-0.068180,0.107167,0.173252,1.938103,2.106832,0.409447,0.012225,0.001127,-0.016379,0.006984,-0.083323,-0.000428
21894.200000,-0.068152,0.107171,0.173232,1.937948,2.106811,0.409670,0.011632,0.001094,-0.020323,0.010483,-0.126915,-0.000457
21894.208000,-0.068126,0.107176,0.173224,1.937972,2.106605,0.409806,0.011431,0.001055,-0.015323,0.006329,-0.075421,-0.000407
21894.216000,-0.068098,0.107178,0.173192,1.937861,2.106435,0.410061,0.010787,0.001013,-0.019027,0.010097,-0.122464,-0.000418
21894.224000,-0.068073,0.107180,0.173175,1.937737,2.106321,0.410228,0.011677,0.001084,-0.016676,0.007083,-0.084685,-0.000433
21894.232000,-0.068053,0.107179,0.173145,1.937561,2.106147,0.410485,0.010752,0.001005,-0.018062,0.009356,-0.113271,-0.000407
21894.240000,-0.068019,0.107172,0.173109,1.937376,2.106018,0.410646,0.008744,0.000797,-0.011230,0.005530,-0.066363,-0.000271
21894.248000,-0.068001,0.107180,0.173101,1.937304,2.105891,0.410916,0.004568,0.000399,-0.004950,0.003984,-0.048569,-0.000073
21894.256000,-0.067993,0.107185,0.173108,1.937354,2.105909,0.410914,0.001033,0.000095,-0.002726,0.002501,-0.030909,-0.000024
21894.264000,-0.067987,0.107185,0.173103,1.937292,2.105833,0.410973,0.001284,0.000111,0.000458,-0.001353,0.017219,-0.000032
21894.272000,-0.067995,0.107182,0.173101,1.937253,2.105886,0.410937,0.000078,0.000011,-0.001997,0.002138,-0.026620,-0.000005
21894.280000,-0.067986,0.107186,0.173104,1.937308,2.105855,0.410962,0.000864,0.000074,0.000723,-0.001400,0.017701,-0.000022
21894.288000,-0.067989,0.107181,0.173093,1.937220,2.105795,0.411039,-0.000039,0.000000,-0.001500,0.001660,-0.020690,-0.000001
21894.296000,-0.067988,0.107184,0.173104,1.937301,2.105892,0.410914,0.000529,0.000046,0.000321,-0.000731,0.009261,-0.000014
21894.304000,-0.067992,0.107182,0.173101,1.937212,2.105872,0.411015,-0.000123,-0.000008,-0.001355,0.001560,-0.019472,0.000001
21894.312000,-0.067991,0.107180,0.173103,1.937232,2.105888,0.410972,0.000170,0.000016,-0.000405,0.000315,-0.003880,-0.000005
21894.320000,-0.067989,0.107182,0.173103,1.937224,2.105825,0.410996,0.000619,0.000052,0.000959,-0.001491,0.018756,-0.000016
21894.328000,-0.067989,0.107183,0.173108,1.937312,2.105849,0.410930,-0.000400,-0.000031,-0.001840,0.002282,-0.028556,0.000008
21894.336000,-0.067991,0.107181,0.173102,1.937227,2.105848,0.410941,0.000699,0.000058,0.001320,-0.001938,0.024356,-0.000017
21894.344000,-0.067997,0.107184,0.173113,1.937278,2.105873,0.410978,-0.000346,-0.000027,-0.001602,0.001994,-0.024948,0.000007
21894.352000,-0.067991,0.107179,0.173112,1.937286,2.105882,0.410855,0.000518,0.000043,0.000864,-0.001302,0.016367,-0.000013
21894.360000,-0.067988,0.107183,0.173098,1.937231,2.105788,0.411044,-0.000177,-0.000013,-0.001082,0.001316,-0.016447,0.000004
21894.368000,-0.067995,0.107176,0.173100,1.937319,2.105857,0.410832,-0.002427,-0.000197,0.001815,-0.002974,0.036686,-0.000018
21894.376000,-0.067987,0.107180,0.173084,1.937277,2.105790,0.410926,0.005030,0.000526,-0.013398,0.003820,-0.045344,-0.000389
21894.384000,-0.067989,0.107178,0.173069,1.937256,2.105817,0.410936,0.000543,0.000066,-0.002436,0.000521,-0.006128,-0.000075
21894.392000,-0.068051,0.107174,0.173146,1.937510,2.106158,0.410495,-0.014376,-0.001316,0.020027,-0.010537,0.127084,0.000457
21894.400000,-0.068056,0.107174,0.173165,1.937529,2.106151,0.410452,-0.019220,-0.001768,0.027652,-0.014142,0.170532,0.000641
21894.408000,-0.068108,0.107172,0.173218,1.937778,2.106454,0.410016,-0.023540,-0.002160,0.033508,-0.017525,0.211508,0.000765
21894.416000,-0.068180,0.107167,0.173281,1.938156,2.106836,0.409372,-0.040398,-0.003703,0.056377,-0.028933,0.348813,0.001307
21894.424000,-0.068338,0.107156,0.173386,1.939147,2.107545,0.407945,-0.052345,-0.004728,0.067644,-0.038749,0.468858,0.001452
21894.432000,-0.068821,0.107113,0.173974,1.941342,2.110187,0.403870,-0.082901,-0.007521,0.109081,-0.059863,0.722926,0.002408
21894.440000,-0.069686,0.107026,0.175222,1.945629,2.114884,0.396195,-0.115575,-0.010569,0.162405,-0.086996,1.049997,0.003588
21894.448000,-0.070712,0.106933,0.176741,1.950668,2.120455,0.387176,-0.111007,-0.010214,0.161416,-0.082643,0.995542,0.003639
21894.456000,-0.071568,0.106853,0.178030,1.954832,2.125252,0.379495,-0.085583,-0.007890,0.127098,-0.065512,0.788956,0.002820
21894.464000,-0.072112,0.106806,0.178826,1.957815,2.128196,0.374280,-0.064026,-0.005888,0.094218,-0.048650,0.586436,0.002076
21894.472000,-0.072446,0.106782,0.179297,1.959710,2.130066,0.370938,-0.043470,-0.004079,0.064496,-0.033714,0.407283,0.002779
21894.480000,-0.072710,0.106752,0.179645,1.960950,2.131513,0.368632,-0.028288,-0.002686,0.041655,-0.021691,0.261625,0.002285
21894.488000,-0.072870,0.106736,0.179857,1.961612,2.132319,0.367406,-0.008986,-0.000905,0.011912,-0.006251,0.075207,0.001641
21894.496000,-0.072895,0.106726,0.179858,1.961505,2.132446,0.367330,0.006499,-0.000070,-0.012645,0.005424,-0.064914,0.010561
21894.504000,-0.072854,0.106730,0.179764,1.961232,2.132263,0.367805,-0.008286,-0.001485,0.007515,-0.004636,0.055754,0.011977
21894.512000,-0.072878,0.106735,0.179837,1.961664,2.132529,0.367193,-0.005035,-0.000818,0.011360,-0.005203,0.062984,0.005320
21894.520000,-0.072958,0.106722,0.179999,1.962109,2.133029,0.366320,-0.006126,-0.000708,0.008294,-0.005223,0.063296,0.002585
21894.528000,-0.073053,0.106713,0.180139,1.962415,2.133550,0.365628,-0.007466,-0.000808,0.013098,-0.005953,0.071537,0.001880
21894.536000,-0.073090,0.106704,0.180182,1.962502,2.133633,0.365435,-0.005245,-0.000572,0.008454,-0.003113,0.036928,0.001376
21894.544000,-0.073105,0.106706,0.180208,1.962640,2.133706,0.365235,-0.004249,-0.000448,0.005746,-0.002842,0.034084,0.001051
21894.552000,-0.073117,0.106708,0.180229,1.962801,2.133837,0.365018,-0.004915,-0.000519,0.009073,-0.003846,0.046141,0.000969
21894.560000,-0.073149,0.106704,0.180274,1.962908,2.133979,0.364809,-0.002529,-0.000270,0.003421,-0.001982,0.023929,0.000701
21894.568000,-0.073190,0.106699,0.180333,1.963085,2.134148,0.364517,-0.006600,-0.000661,0.011452,-0.005069,0.060802,0.000830
21894.576000,-0.073236,0.106692,0.180413,1.963231,2.134482,0.364056,-0.002835,-0.000296,0.004442,-0.002123,0.025500,0.000600
21894.584000,-0.073255,0.106696,0.180456,1.963479,2.134610,0.363796,-0.004593,-0.000452,0.006743,-0.003323,0.039913,0.000593
21894.592000,-0.073259,0.106700,0.180461,1.963577,2.134652,0.363737,-0.001635,-0.000177,0.002328,-0.001012,0.012086,0.000460
21894.600000,-0.073259,0.106693,0.180450,1.963387,2.134579,0.363848,-0.002235,-0.000240,0.004175,-0.001560,0.018601,0.000473
21894.608000,-0.073290,0.106687,0.180495,1.963523,2.134752,0.363600,-0.001276,-0.000141,0.002060,-0.001084,0.013075,0.000389
21894.616000,-0.073316,0.106687,0.180540,1.963701,2.134920,0.363280,-0.004838,-0.000458,0.006553,-0.003870,0.046731,0.000434
21894.624000,-0.073360,0.106683,0.180583,1.963990,2.135155,0.362833,-0.008690,-0.000805,0.011704,-0.006885,0.083110,0.000516
21894.632000,-0.073410,0.106678,0.180675,1.964292,2.135429,0.362307,-0.005620,-0.000558,0.010540,-0.004291,0.051367,0.000531
21894.640000,-0.073462,0.106670,0.180786,1.964485,2.135704,0.361825,-0.002731,-0.000284,0.005547,-0.002028,0.024185,0.000395
21894.648000,-0.073481,0.106675,0.180818,1.964607,2.135799,0.361663,-0.003826,-0.000375,0.006373,-0.002880,0.034576,0.000381
21894.656000,-0.073479,0.106671,0.180787,1.964565,2.135803,0.361732,0.000200,0.000033,-0.003191,0.000298,-0.003303,0.000122
21894.664000,-0.073467,0.106675,0.180753,1.964516,2.135762,0.361882,0.000254,0.000024,-0.001841,0.000323,-0.003773,0.000153
21894.672000,-0.073463,0.106675,0.180755,1.964486,2.135750,0.361887,0.000054,-0.000001,-0.000934,0.000145,-0.001691,0.000181
21894.680000,-0.073482,0.106668,0.180780,1.964511,2.135822,0.361778,0.000005,-0.000006,-0.000618,0.000092,-0.001075,0.000172
21894.688000,-0.073477,0.106673,0.180776,1.964521,2.135824,0.361850,0.000068,-0.000001,-0.000609,0.000088,-0.001012,0.000172
21894.696000,-0.073471,0.106673,0.180769,1.964562,2.135753,0.361809,0.000103,0.000003,-0.000626,0.000114,-0.001323,0.000153
21894.704000,-0.073470,0.106673,0.180771,1.964551,2.135737,0.361804,0.000080,0.000000,-0.000522,0.000095,-0.001108,0.000156
21894.712000,-0.073469,0.106675,0.180765,1.964550,2.135744,0.361841,0.000051,-0.000002,-0.000409,0.000071,-0.000821,0.000140
21894.720000,-0.073471,0.106677,0.180770,1.964489,2.135759,0.361875,0.000006,-0.000006,-0.000388,0.000123,-0.001491,0.000143
21894.728000,-0.073477,0.106669,0.180763,1.964451,2.135756,0.361882,-0.000149,-0.000019,-0.000670,0.000518,-0.006441,0.000147
21894.736000,-0.073468,0.106675,0.180762,1.964528,2.135685,0.361853,-0.000077,-0.000014,-0.000444,0.000282,-0.003498,0.000147
21894.744000,-0.073468,0.106678,0.180759,1.964524,2.135670,0.361945,-0.000042,-0.000010,-0.000328,0.000170,-0.002093,0.000128
21894.752000,-0.073475,0.106674,0.180764,1.964574,2.135664,0.361880,-0.000041,-0.000010,-0.000291,0.000149,-0.001835,0.000129
21894.760000,-0.073473,0.106674,0.180761,1.964519,2.135711,0.361905,-0.000043,-0.000011,-0.000274,0.000147,-0.001811,0.000129
21894.768000,-0.073470,0.106676,0.180763,1.964534,2.135677,0.361909,-0.000048,-0.000011,-0.000256,0.000143,-0.001763,0.000130
21894.776000,-0.073473,0.106671,0.180751,1.964426,2.135708,0.361964,-0.000084,-0.000014,-0.000088,0.000066,-0.000827,0.000114
21894.784000,-0.073466,0.106677,0.180751,1.964522,2.135662,0.361933,-0.000050,0.000004,-0.000073,0.000048,-0.000602,-0.000116
21894.792000,-0.073472,0.106675,0.180759,1.964484,2.135698,0.361935,-0.000042,0.000004,-0.000063,0.000036,-0.000454,-0.000116
21894.800000,-0.073468,0.106673,0.180755,1.964503,2.135624,0.361890,-0.000037,0.000005,-0.000057,0.000029,-0.000363,-0.000116
21894.808000,-0.073463,0.106677,0.180751,1.964518,2.135653,0.361916,-0.000032,0.000005,-0.000054,0.000025,-0.000311,-0.000116
21894.816000,-0.073460,0.106677,0.180742,1.964465,2.135621,0.361985,-0.000027,0.000006,-0.000050,0.000020,-0.000258,-0.000116
21894.824000,-0.073458,0.106678,0.180728,1.964396,2.135627,0.362056,0.000114,0.000020,-0.000394,0.000126,-0.001514,-0.000126
21894.832000,-0.073457,0.106676,0.180724,1.964409,2.135586,0.362075,0.000118,0.000020,-0.000393,0.000125,-0.001500,-0.000126
21894.840000,-0.073451,0.106675,0.180717,1.964384,2.135550,0.362086,0.000119,0.000020,-0.000390,0.000122,-0.001462,-0.000126
21894.848000,-0.073458,0.106676,0.180719,1.964402,2.135629,0.362035,0.000171,0.000054,-0.000390,0.000123,-0.001467,-0.000586
21894.856000,-0.073447,0.106683,0.180720,1.964456,2.135512,0.362093,0.000438,0.000238,-0.000388,0.000119,-0.001428,-0.003079
21894.864000,-0.073449,0.106684,0.180722,1.964535,2.135520,0.362023,0.001188,0.000752,-0.000388,0.000120,-0.001433,-0.010077
21894.872000,-0.073436,0.106690,0.180720,1.964648,2.135357,0.362037,0.000779,0.000483,-0.000329,0.000100,-0.001199,-0.006452
21894.880000,-0.073434,0.106692,0.180718,1.964605,2.135361,0.362048,0.000357,0.000202,-0.000284,0.000086,-0.001037,-0.002635
21894.888000,-0.073434,0.106689,0.180719,1.964592,2.135368,0.362042,0.000240,0.000128,-0.000252,0.000076,-0.000917,-0.001656
21894.896000,-0.073433,0.106690,0.180717,1.964580,2.135366,0.362111,0.000182,0.000094,-0.000225,0.000067,-0.000803,-0.001195
21894.904000,-0.073430,0.106688,0.180714,1.964551,2.135345,0.362079,0.000148,0.000075,-0.000199,0.000059,-0.000712,-0.000945
21894.912000,-0.073433,0.106688,0.180723,1.964603,2.135301,0.362082,0.000124,0.000061,-0.000187,0.000055,-0.000664,-0.000772
21894.920000,-0.073429,0.106690,0.180714,1.964633,2.135286,0.362099,0.000135,0.000055,-0.000182,0.000071,-0.000860,-0.000656
21894.928000,-0.073430,0.106689,0.180724,1.964526,2.135375,0.362087,0.000122,0.000048,-0.000169,0.000067,-0.000812,-0.000579
21894.936000,-0.073428,0.106693,0.180715,1.964564,2.135292,0.362141,0.000112,0.000043,-0.000161,0.000064,-0.000769,-0.000503
21894.944000,-0.073430,0.106688,0.180715,1.964535,2.135359,0.362105,0.000101,0.000038,-0.000148,0.000060,-0.000721,-0.000445
21894.952000,-0.073422,0.106693,0.180706,1.964601,2.135230,0.362189,0.000094,0.000035,-0.000142,0.000058,-0.000697,-0.000406
21894.960000,-0.073422,0.106692,0.180716,1.964532,2.135338,0.362159,0.000252,0.000045,-0.000219,0.000181,-0.002207,-0.000367
21894.968000,-0.073411,0.106695,0.180702,1.964525,2.135198,0.362260,0.000247,0.000043,-0.000212,0.000179,-0.002183,-0.000348
21894.976000,-0.073420,0.106689,0.180709,1.964478,2.135307,0.362258,0.000430,0.000056,-0.000303,0.000324,-0.003951,-0.000308
21894.984000,-0.073416,0.106689,0.180702,1.964484,2.135203,0.362304,0.000426,0.000054,-0.000295,0.000320,-0.003908,-0.000289
21894.992000,-0.073413,0.106691,0.180700,1.964411,2.135284,0.362321,0.000395,0.000052,-0.000275,0.000297,-0.003621,-0.000289
21895.000000,-0.073419,0.106691,0.180710,1.964497,2.135297,0.362211,0.000299,0.000044,-0.000220,0.000222,-0.002714,-0.000289
21895.008000,-0.073410,0.106691,0.180708,1.964510,2.135226,0.362219,0.000249,0.000040,-0.000194,0.000183,-0.002236,-0.000289
21895.016000,-0.073408,0.106693,0.180693,1.964456,2.135201,0.362326,0.000212,0.000037,-0.000169,0.000152,-0.001858,-0.000289
21895.024000,-0.073401,0.106692,0.180695,1.964368,2.135204,0.362369,0.000212,0.000037,-0.000169,0.000152,-0.001858,-0.000289
21895.032000,-0.073401,0.106694,0.180703,1.964391,2.135217,0.362413,0.000703,0.000077,-0.000416,0.000534,-0.006517,-0.000287
21895.040000,-0.073391,0.106694,0.180688,1.964343,2.135160,0.362484,0.000878,0.000091,-0.000506,0.000668,-0.008165,-0.000287
21895.048000,-0.073389,0.106695,0.180697,1.964383,2.135124,0.362458,0.000560,0.000065,-0.000337,0.000422,-0.005155,-0.000288
21895.056000,-0.073400,0.106691,0.180695,1.964308,2.135221,0.362436,0.000371,0.000049,-0.000239,0.000274,-0.003344,-0.000288
21895.064000,-0.073387,0.106694,0.180681,1.964293,2.135154,0.362503,0.000285,0.000042,-0.000195,0.000208,-0.002532,-0.000289
21895.072000,-0.073388,0.106693,0.180686,1.964348,2.135072,0.362463,0.000235,0.000038,-0.000164,0.000168,-0.002054,-0.000289
21895.080000,-0.073397,0.106693,0.180697,1.964379,2.135146,0.362452,0.000202,0.000036,-0.000147,0.000143,-0.001744,-0.000289
21895.088000,-0.073392,0.106695,0.180683,1.964286,2.135129,0.362577,0.000179,0.000034,-0.000135,0.000125,-0.001529,-0.000289
21895.096000,-0.073385,0.106693,0.180693,1.964414,2.135043,0.362448,0.000159,0.000032,-0.000120,0.000110,-0.001338,-0.000289
21895.104000,-0.073390,0.106693,0.180681,1.964308,2.135145,0.362509,0.000147,0.000031,-0.000113,0.000100,-0.001218,-0.000289
21895.112000,-0.073394,0.106691,0.180697,1.964325,2.135134,0.362487,0.000137,0.000030,-0.000108,0.000092,-0.001123,-0.000289
21895.120000,-0.073391,0.106693,0.180688,1.964344,2.135162,0.362488,0.000125,0.000028,-0.000096,0.000083,-0.001008,-0.000270
21895.128000,-0.073391,0.106691,0.180691,1.964375,2.135106,0.362452,0.000115,0.000026,-0.000093,0.000077,-0.000936,-0.000250
21895.136000,-0.073390,0.106693,0.180694,1.964333,2.135121,0.362509,0.000108,0.000024,-0.000090,0.000073,-0.000889,-0.000231
21895.144000,-0.073392,0.106697,0.180696,1.964410,2.135106,0.362466,0.000101,0.000022,-0.000087,0.000069,-0.000841,-0.000212
21895.152000,-0.073386,0.106696,0.180686,1.964360,2.135103,0.362518,0.000099,0.000022,-0.000086,0.000067,-0.000817,-0.000212
21895.160000,-0.073387,0.106695,0.180692,1.964393,2.135104,0.362442,0.000089,0.000020,-0.000077,0.000061,-0.000745,-0.000193
21895.168000,-0.073387,0.106696,0.180685,1.964349,2.135087,0.362513,0.000087,0.000020,-0.000076,0.000059,-0.000721,-0.000193
21895.176000,-0.073390,0.106691,0.180682,1.964306,2.135113,0.362522,0.000082,0.000018,-0.000074,0.000057,-0.000698,-0.000174
21895.184000,-0.073381,0.106695,0.180677,1.964322,2.135078,0.362527,0.000079,0.000018,-0.000073,0.000055,-0.000674,-0.000174
21895.192000,-0.073383,0.106696,0.180686,1.964403,2.135044,0.362522,0.000077,0.000018,-0.000072,0.000053,-0.000650,-0.000174
21895.200000,-0.073383,0.106694,0.180683,1.964389,2.135049,0.362511,0.000072,0.000016,-0.000071,0.000051,-0.000626,-0.000154
21895.208000,-0.073390,0.106692,0.180685,1.964337,2.135100,0.362544,0.000070,0.000016,-0.000069,0.000049,-0.000602,-0.000154
21895.216000,-0.073393,0.106691,0.180695,1.964314,2.135142,0.362456,0.000067,0.000016,-0.000068,0.000047,-0.000578,-0.000154
21895.224000,-0.073387,0.106693,0.180686,1.964383,2.135069,0.362501,0.000047,0.000013,-0.000023,0.000033,-0.000411,-0.000134
21895.232000,-0.073394,0.106694,0.180685,1.964321,2.135141,0.362548,0.000045,0.000012,-0.000022,0.000032,-0.000387,-0.000134
21895.240000,-0.073385,0.106695,0.180675,1.964311,2.135071,0.362563,0.000045,0.000012,-0.000022,0.000031,-0.000387,-0.000134
21895.248000,-0.073389,0.106690,0.180686,1.964288,2.135145,0.362515,0.000042,0.000012,-0.000021,0.000030,-0.000363,-0.000134
21895.256000,-0.073389,0.106692,0.180688,1.964337,2.135096,0.362511,0.000040,0.000011,-0.000021,0.000030,-0.000363,-0.000115
21895.264000,-0.073388,0.106692,0.180685,1.964367,2.135047,0.362512,0.000038,0.000011,-0.000019,0.000028,-0.000339,-0.000115
21895.272000,-0.073385,0.106696,0.180687,1.964331,2.135102,0.362568,0.000038,0.000011,-0.000019,0.000028,-0.000339,-0.000115
21895.280000,-0.073386,0.106692,0.180689,1.964313,2.135116,0.362478,0.000038,0.000011,-0.000019,0.000028,-0.000339,-0.000115
21895.288000,-0.073390,0.106692,0.180690,1.964337,2.135096,0.362511,0.000035,0.000010,-0.000018,0.000026,-0.000315,-0.000115
21895.296000,-0.073390,0.106697,0.180703,1.964423,2.135120,0.362442,0.000035,0.000010,-0.000018,0.000026,-0.000315,-0.000115
21895.304000,-0.073391,0.106697,0.180683,1.964328,2.135102,0.362592,0.000033,0.000009,-0.000018,0.000026,-0.000315,-0.000096
21895.312000,-0.073393,0.106692,0.180685,1.964319,2.135136,0.362540,0.000031,0.000009,-0.000017,0.000024,-0.000291,-0.000096
21895.320000,-0.073388,0.106695,0.180682,1.964388,2.135112,0.362532,0.000031,0.000009,-0.000017,0.000024,-0.000291,-0.000096
21895.328000,-0.073389,0.106695,0.180689,1.964364,2.135054,0.362545,0.000031,0.000009,-0.000017,0.000024,-0.000291,-0.000096
21895.336000,-0.073387,0.106690,0.180677,1.964278,2.135079,0.362562,0.000031,0.000009,-0.000017,0.000024,-0.000291,-0.000096
21895.344000,-0.073393,0.106690,0.180697,1.964362,2.135144,0.362428,0.000031,0.000009,-0.000017,0.000024,-0.000291,-0.000096
21895.352000,-0.073391,0.106691,0.180693,1.964318,2.135152,0.362473,0.000031,0.000009,-0.000017,0.000024,-0.000291,-0.000096
21895.360000,-0.073382,0.106694,0.180683,1.964357,2.135061,0.362490,0.000029,0.000007,-0.000017,0.000024,-0.000291,-0.000077
21895.368000,-0.073387,0.106697,0.180682,1.964350,2.135096,0.362554,0.000029,0.000007,-0.000017,0.000024,-0.000291,-0.000077
21895.376000,-0.073396,0.106689,0.180702,1.964345,2.135148,0.362414,0.000029,0.000007,-0.000017,0.000024,-0.000291,-0.000077
21895.384000,-0.073386,0.106697,0.180684,1.964356,2.135078,0.362568,0.000029,0.000007,-0.000017,0.000024,-0.000291,-0.000077
21895.392000,-0.073388,0.106693,0.180688,1.964383,2.135094,0.362475,0.000029,0.000007,-0.000017,0.000024,-0.000291,-0.000077
21895.400000,-0.073384,0.106694,0.180684,1.964356,2.135091,0.362496,0.000029,0.000007,-0.000017,0.000024,-0.000291,-0.000077
21895.408000,-0.073388,0.106691,0.180678,1.964274,2.135104,0.362560,0.000029,0.000007,-0.000017,0.000024,-0.000291,-0.000077
21895.416000,-0.073381,0.106698,0.180682,1.964365,2.135056,0.362550,0.000029,0.000007,-0.000017,0.000024,-0.000291,-0.000077
21895.424000,-0.073387,0.106694,0.180684,1.964339,2.135077,0.362545,0.000029,0.000007,-0.000017,0.000024,-0.000291,-0.000077
21895.432000,-0.073393,0.106693,0.180689,1.964316,2.135163,0.362543,0.000029,0.000007,-0.000017,0.000024,-0.000291,-0.000077
21895.440000,-0.073392,0.106696,0.180694,1.964357,2.135130,0.362520,0.000029,0.000007,-0.000017,0.000024,-0.000291,-0.000077
21895.448000,-0.073386,0.106692,0.180684,1.964252,2.135131,0.362540,0.000029,0.000007,-0.000017,0.000024,-0.000291,-0.000077
21895.456000,-0.073390,0.106692,0.180686,1.964331,2.135114,0.362496,0.000027,0.000006,-0.000017,0.000024,-0.000291,-0.000057
21895.464000,-0.073385,0.106696,0.180691,1.964377,2.135061,0.362484,0.000027,0.000006,-0.000017,0.000024,-0.000291,-0.000057
21895.472000,-0.073381,0.106697,0.180672,1.964305,2.135049,0.362642,0.000027,0.000006,-0.000017,0.000024,-0.000291,-0.000057
21895.480000,-0.073381,0.106696,0.180690,1.964406,2.135017,0.362518,0.000027,0.000006,-0.000017,0.000024,-0.000291,-0.000057
21895.488000,-0.073391,0.106692,0.180693,1.964326,2.135130,0.362454,0.000027,0.000006,-0.000017,0.000024,-0.000291,-0.000057
21895.496000,-0.073381,0.106699,0.180676,1.964304,2.135081,0.362653,0.000027,0.000006,-0.000017,0.000024,-0.000291,-0.000057
21895.504000,-0.073391,0.106692,0.180689,1.964335,2.135123,0.362514,0.000027,0.000006,-0.000017,0.000024,-0.000291,-0.000057
21895.512000,-0.073393,0.106691,0.180694,1.964358,2.135144,0.362453,0.000027,0.000006,-0.000017,0.000024,-0.000291,-0.000057
21895.520000,-0.073390,0.106694,0.180695,1.964383,2.135103,0.362516,0.000027,0.000006,-0.000017,0.000024,-0.000291,-0.000057
21895.528000,-0.073387,0.106695,0.180689,1.964361,2.135105,0.362522,0.000027,0.000006,-0.000017,0.000024,-0.000291,-0.000057
21895.536000,-0.073386,0.106695,0.180681,1.964329,2.135119,0.362530,0.000027,0.000006,-0.000017,0.000024,-0.000291,-0.000057
21895.544000,-0.073385,0.106694,0.180684,1.964294,2.135104,0.362555,0.000027,0.000006,-0.000017,0.000024,-0.000291,-0.000057
21895.552000,-0.073396,0.106686,0.180695,1.964313,2.135134,0.362443,0.000027,0.000006,-0.000017,0.000024,-0.000291,-0.000057
21895.560000,-0.073390,0.106697,0.180694,1.964402,2.135128,0.362484,0.000027,0.000006,-0.000017,0.000024,-0.000291,-0.000057
21895.568000,-0.073397,0.106689,0.180691,1.964303,2.135186,0.362469,0.000021,0.000002,-0.000017,0.000024,-0.000291,0.000000
21895.576000,-0.073391,0.106692,0.180682,1.964309,2.135120,0.362535,0.000021,0.000002,-0.000017,0.000024,-0.000291,0.000000
21895.584000,-0.073393,0.106690,0.180684,1.964269,2.135099,0.362576,0.000021,0.000002,-0.000017,0.000024,-0.000291,0.000000
21895.592000,-0.073386,0.106699,0.180695,1.964386,2.135110,0.362500,0.000021,0.000002,-0.000017,0.000024,-0.000291,0.000000
21895.600000,-0.073393,0.106691,0.180687,1.964298,2.135155,0.362483,0.000021,0.000002,-0.000017,0.000024,-0.000291,0.000000
21895.608000,-0.073392,0.106692,0.180685,1.964314,2.135131,0.362556,0.000021,0.000002,-0.000017,0.000024,-0.000291,0.000000
21895.616000,-0.073386,0.106691,0.180685,1.964325,2.135074,0.362497,0.000021,0.000002,-0.000017,0.000024,-0.000291,0.000000
21895.624000,-0.073388,0.106694,0.180684,1.964319,2.135056,0.362581,0.000021,0.000002,-0.000017,0.000024,-0.000291,0.000000
21895.632000,-0.073388,0.106691,0.180680,1.964256,2.135106,0.362542,0.000021,0.000002,-0.000017,0.000024,-0.000291,0.000000
21895.640000,-0.073384,0.106695,0.180684,1.964319,2.135080,0.362555,0.000019,0.000002,-0.000014,0.000020,-0.000248,0.000000
21895.648000,-0.073390,0.106691,0.180686,1.964304,2.135141,0.362530,0.000019,0.000002,-0.000014,0.000020,-0.000248,0.000000
21895.656000,-0.073387,0.106693,0.180682,1.964322,2.135109,0.362538,0.000019,0.000002,-0.000014,0.000020,-0.000248,0.000000
21895.664000,-0.073393,0.106691,0.180690,1.964276,2.135161,0.362521,0.000019,0.000002,-0.000014,0.000020,-0.000248,0.000000
21895.672000,-0.073390,0.106692,0.180686,1.964292,2.135099,0.362546,0.000016,0.000001,-0.000013,0.000018,-0.000225,0.000000
21895.680000,-0.073386,0.106693,0.180683,1.964349,2.135083,0.362509,0.000016,0.000001,-0.000013,0.000018,-0.000225,0.000000
21895.688000,-0.073393,0.106688,0.180692,1.964307,2.135111,0.362522,0.000016,0.000001,-0.000013,0.000018,-0.000225,0.000000
21895.696000,-0.073388,0.106692,0.180686,1.964319,2.135126,0.362499,0.000016,0.000001,-0.000013,0.000018,-0.000225,0.000000
21895.704000,-0.073386,0.106691,0.180681,1.964253,2.135133,0.362544,0.000016,0.000001,-0.000013,0.000018,-0.000225,0.000000
21895.712000,-0.073395,0.106690,0.180692,1.964370,2.135101,0.362468,0.000016,0.000001,-0.000013,0.000018,-0.000225,0.000000
21895.720000,-0.073394,0.106692,0.180694,1.964305,2.135172,0.362512,0.000013,0.000001,-0.000012,0.000016,-0.000201,0.000000
21895.728000,-0.073385,0.106694,0.180679,1.964327,2.135089,0.362547,0.000013,0.000001,-0.000012,0.000016,-0.000201,0.000000
21895.736000,-0.073395,0.106690,0.180698,1.964283,2.135195,0.362488,0.000013,0.000001,-0.000012,0.000016,-0.000201,0.000000
21895.744000,-0.073391,0.106693,0.180684,1.964318,2.135109,0.362562,0.000013,0.000001,-0.000012,0.000016,-0.000201,0.000000
21895.752000,-0.073383,0.106692,0.180687,1.964290,2.135087,0.362501,0.000013,0.000001,-0.000012,0.000016,-0.000201,0.000000
21895.760000,-0.073392,0.106690,0.180684,1.964245,2.135204,0.362512,0.000013,0.000001,-0.000012,0.000016,-0.000201,0.000000
21895.768000,-0.073395,0.106690,0.180689,1.964279,2.135190,0.362504,0.000013,0.000001,-0.000012,0.000016,-0.000201,0.000000
21895.776000,-0.073382,0.106695,0.180675,1.964316,2.135022,0.362590,0.000013,0.000001,-0.000011,0.000016,-0.000201,0.000000
21895.784000,-0.073394,0.106693,0.180695,1.964350,2.135145,0.362502,0.000013,0.000001,-0.000012,0.000016,-0.000201,0.000000
21895.792000,-0.073390,0.106689,0.180680,1.964237,2.135140,0.362562,0.000012,0.000001,-0.000009,0.000013,-0.000158,0.000000
21895.800000,-0.073386,0.106691,0.180684,1.964289,2.135141,0.362482,0.000012,0.000001,-0.000009,0.000013,-0.000158,0.000000
21895.808000,-0.073389,0.106691,0.180683,1.964224,2.135157,0.362569,0.000012,0.000001,-0.000009,0.000013,-0.000158,0.000000
21895.816000,-0.073392,0.106691,0.180689,1.964316,2.135154,0.362502,0.000012,0.000001,-0.000009,0.000013,-0.000158,0.000000
21895.824000,-0.073393,0.106692,0.180692,1.964332,2.135150,0.362516,0.000012,0.000001,-0.000009,0.000013,-0.000158,0.000000
21895.832000,-0.073391,0.106688,0.180694,1.964337,2.135084,0.362465,0.000012,0.000001,-0.000009,0.000013,-0.000158,0.000000
21895.840000,-0.073390,0.106693,0.180691,1.964311,2.135103,0.362574,0.000012,0.000001,-0.000009,0.000013,-0.000158,0.000000
21895.848000,-0.073388,0.106692,0.180686,1.964283,2.135119,0.362561,0.000012,0.000001,-0.000009,0.000013,-0.000158,0.000000
21895.856000,-0.073390,0.106690,0.180683,1.964228,2.135156,0.362544,0.000012,0.000001,-0.000009,0.000013,-0.000158,0.000000
21895.864000,-0.073391,0.106691,0.180686,1.964298,2.135159,0.362516,0.000012,0.000001,-0.000009,0.000013,-0.000158,0.000000
21895.872000,-0.073383,0.106696,0.180680,1.964356,2.135048,0.362586,0.000012,0.000001,-0.000009,0.000013,-0.000158,0.000000
21895.880000,-0.073392,0.106693,0.180690,1.964310,2.135181,0.362529,0.000009,0.000001,-0.000008,0.000011,-0.000134,0.000000
21895.888000,-0.073387,0.106695,0.180688,1.964319,2.135090,0.362596,0.000009,0.000001,-0.000008,0.000011,-0.000134,0.000000
21895.896000,-0.073392,0.106692,0.180687,1.964296,2.135133,0.362537,0.000009,0.000001,-0.000008,0.000011,-0.000134,0.000000
21895.904000,-0.073393,0.106692,0.180683,1.964281,2.135170,0.362538,0.000009,0.000001,-0.000008,0.000011,-0.000134,0.000000
21895.912000,-0.073386,0.106695,0.180681,1.964290,2.135100,0.362547,0.000009,0.000001,-0.000008,0.000011,-0.000134,0.000000
21895.920000,-0.073391,0.106690,0.180681,1.964244,2.135132,0.362618,0.000009,0.000001,-0.000008,0.000011,-0.000134,0.000000
21895.928000,-0.073389,0.106690,0.180686,1.964278,2.135104,0.362536,0.000009,0.000001,-0.000008,0.000011,-0.000134,0.000000
21895.936000,-0.073392,0.106693,0.180687,1.964329,2.135126,0.362566,0.000009,0.000001,-0.000008,0.000011,-0.000134,0.000000
21895.944000,-0.073387,0.106695,0.180689,1.964315,2.135106,0.362553,0.000009,0.000001,-0.000008,0.000011,-0.000134,0.000000
21895.952000,-0.073391,0.106691,0.180688,1.964334,2.135138,0.362446,0.000009,0.000001,-0.000008,0.000011,-0.000134,0.000000
21895.960000,-0.073388,0.106692,0.180688,1.964303,2.135140,0.362526,0.000009,0.000001,-0.000008,0.000011,-0.000134,0.000000
21895.968000,-0.073392,0.106691,0.180684,1.964314,2.135097,0.362541,0.000009,0.000001,-0.000008,0.000011,-0.000134,0.000000
21895.976000,-0.073382,0.106695,0.180684,1.964310,2.135096,0.362537,0.000009,0.000001,-0.000008,0.000011,-0.000134,0.000000
21895.984000,-0.073388,0.106692,0.180692,1.964284,2.135167,0.362480,0.000009,0.000001,-0.000008,0.000011,-0.000134,0.000000
21895.992000,-0.073386,0.106691,0.180685,1.964272,2.135068,0.362540,0.000009,0.000001,-0.000008,0.000011,-0.000134,0.000000
21896.000000,-0.073386,0.106695,0.180680,1.964315,2.135085,0.362612,0.000009,0.000001,-0.000008,0.000011,-0.000134,0.000000
21896.008000,-0.073388,0.106691,0.180679,1.964294,2.135076,0.362576,0.000009,0.000001,-0.000008,0.000011,-0.000134,0.000000
21896.016000,-0.073388,0.106693,0.180687,1.964336,2.135070,0.362532,0.000006,0.000001,-0.000006,0.000009,-0.000110,0.000000
21896.024000,-0.073397,0.106688,0.180686,1.964257,2.135188,0.362505,0.000006,0.000001,-0.000006,0.000009,-0.000110,0.000000
21896.032000,-0.073382,0.106695,0.180684,1.964312,2.135047,0.362588,0.000006,0.000001,-0.000006,0.000009,-0.000110,0.000000
21896.040000,-0.073391,0.106691,0.180683,1.964224,2.135157,0.362569,0.000006,0.000001,-0.000006,0.000009,-0.000110,0.000000
21896.048000,-0.073392,0.106694,0.180694,1.964286,2.135181,0.362530,0.000006,0.000001,-0.000006,0.000009,-0.000110,0.000000
21896.056000,-0.073387,0.106692,0.180685,1.964257,2.135111,0.362550,0.000006,0.000001,-0.000006,0.000009,-0.000110,0.000000
21896.064000,-0.073391,0.106694,0.180690,1.964314,2.135134,0.362560,0.000006,0.000001,-0.000006,0.000009,-0.000110,0.000000
21896.072000,-0.073386,0.106690,0.180684,1.964354,2.135080,0.362479,0.000006,0.000001,-0.000006,0.000009,-0.000110,0.000000
21896.080000,-0.073388,0.106691,0.180685,1.964260,2.135115,0.362558,0.000006,0.000001,-0.000006,0.000009,-0.000110,0.000000
21896.088000,-0.073389,0.106693,0.180682,1.964299,2.135139,0.362550,0.000006,0.000001,-0.000006,0.000009,-0.000110,0.000000
21896.096000,-0.073396,0.106693,0.180697,1.964402,2.135153,0.362487,0.000006,0.000001,-0.000006,0.000009,-0.000110,0.000000
21896.104000,-0.073388,0.106690,0.180685,1.964282,2.135138,0.362527,0.000007,0.000001,-0.000005,0.000007,-0.000091,0.000000
21896.112000,-0.073391,0.106692,0.180683,1.964282,2.135117,0.362557,0.000007,0.000001,-0.000005,0.000007,-0.000091,0.000000
21896.120000,-0.073392,0.106694,0.180689,1.964327,2.135128,0.362595,0.000007,0.000001,-0.000005,0.000007,-0.000091,0.000000
21896.128000,-0.073394,0.106691,0.180697,1.964298,2.135156,0.362483,0.000007,0.000001,-0.000005,0.000007,-0.000091,0.000000
21896.136000,-0.073392,0.106693,0.180683,1.964306,2.135147,0.362538,0.000007,0.000001,-0.000005,0.000007,-0.000091,0.000000
21896.144000,-0.073391,0.106691,0.180685,1.964259,2.135165,0.362507,0.000007,0.000001,-0.000005,0.000007,-0.000091,0.000000
21896.152000,-0.073387,0.106692,0.180681,1.964263,2.135172,0.362519,0.000007,0.000001,-0.000005,0.000007,-0.000091,0.000000
21896.160000,-0.073380,0.106695,0.180672,1.964250,2.135086,0.362625,0.000007,0.000001,-0.000005,0.000007,-0.000091,0.000000
21896.168000,-0.073388,0.106697,0.180693,1.964407,2.135112,0.362527,0.000007,0.000001,-0.000005,0.000007,-0.000091,0.000000
21896.176000,-0.073390,0.106691,0.180694,1.964284,2.135191,0.362454,0.000007,0.000001,-0.000005,0.000007,-0.000091,0.000000
21896.184000,-0.073389,0.106693,0.180684,1.964295,2.135081,0.362585,0.000007,0.000001,-0.000005,0.000007,-0.000091,0.000000
21896.192000,-0.073391,0.106693,0.180686,1.964286,2.135126,0.362574,0.000007,0.000001,-0.000005,0.000007,-0.000091,0.000000
21896.200000,-0.073384,0.106694,0.180691,1.964366,2.135080,0.362523,0.000007,0.000001,-0.000005,0.000007,-0.000091,0.000000
21896.208000,-0.073386,0.106696,0.180683,1.964345,2.135066,0.362596,0.000007,0.000001,-0.000005,0.000007,-0.000091,0.000000
21896.216000,-0.073395,0.106692,0.180695,1.964316,2.135188,0.362517,0.000007,0.000001,-0.000005,0.000007,-0.000091,0.000000
21896.224000,-0.073391,0.106688,0.180688,1.964305,2.135100,0.362477,0.000007,0.000001,-0.000005,0.000007,-0.000091,0.000000
21896.232000,-0.073391,0.106692,0.180687,1.964276,2.135136,0.362547,0.000007,0.000001,-0.000005,0.000007,-0.000091,0.000000
21896.240000,-0.073387,0.106691,0.180679,1.964231,2.135163,0.362557,0.000004,0.000000,-0.000004,0.000005,-0.000067,0.000000
21896.248000,-0.073386,0.106693,0.180685,1.964281,2.135141,0.362531,0.000004,0.000000,-0.000004,0.000005,-0.000067,0.000000
21896.256000,-0.073385,0.106694,0.180685,1.964359,2.135073,0.362535,0.000004,0.000000,-0.000004,0.000005,-0.000067,0.000000
21896.264000,-0.073389,0.106692,0.180686,1.964233,2.135171,0.362570,0.000004,0.000000,-0.000004,0.000005,-0.000067,0.000000
21896.272000,-0.073388,0.106692,0.180680,1.964290,2.135101,0.362575,0.000004,0.000000,-0.000004,0.000005,-0.000067,0.000000
21896.280000,-0.073393,0.106691,0.180687,1.964269,2.135158,0.362566,0.000004,0.000000,-0.000004,0.000005,-0.000067,0.000000
21896.288000,-0.073387,0.106695,0.180683,1.964287,2.135079,0.362629,0.000004,0.000000,-0.000004,0.000005,-0.000067,0.000000
21896.296000,-0.073384,0.106693,0.180678,1.964302,2.135088,0.362573,0.000004,0.000000,-0.000004,0.000005,-0.000067,0.000000
21896.304000,-0.073386,0.106693,0.180684,1.964338,2.135071,0.362537,0.000004,0.000000,-0.000004,0.000005,-0.000067,0.000000
21896.312000,-0.073385,0.106692,0.180672,1.964253,2.135106,0.362566,0.000004,0.000000,-0.000004,0.000005,-0.000067,0.000000
21896.320000,-0.073386,0.106692,0.180682,1.964272,2.135127,0.362531,0.000004,0.000000,-0.000004,0.000005,-0.000067,0.000000
21896.328000,-0.073389,0.106689,0.180682,1.964282,2.135103,0.362511,0.000004,0.000000,-0.000004,0.000005,-0.000067,0.000000
21896.336000,-0.073388,0.106692,0.180676,1.964284,2.135118,0.362562,0.000004,0.000000,-0.000004,0.000005,-0.000067,0.000000
21896.344000,-0.073386,0.106693,0.180686,1.964309,2.135095,0.362561,0.000004,0.000000,-0.000004,0.000005,-0.000067,0.000000
21896.352000,-0.073380,0.106693,0.180680,1.964314,2.135041,0.362556,0.000004,0.000000,-0.000004,0.000005,-0.000067,0.000000
21896.360000,-0.073391,0.106692,0.180694,1.964323,2.135136,0.362516,0.000004,0.000000,-0.000004,0.000005,-0.000067,0.000000
21896.368000,-0.073388,0.106693,0.180682,1.964342,2.135131,0.362501,0.000004,0.000000,-0.000004,0.000005,-0.000067,0.000000
21896.376000,-0.073383,0.106693,0.180681,1.964318,2.135075,0.362546,0.000004,0.000000,-0.000004,0.000005,-0.000067,0.000000
21896.384000,-0.073384,0.106691,0.180677,1.964250,2.135099,0.362554,0.000004,0.000000,-0.000004,0.000005,-0.000067,0.000000
21896.392000,-0.073395,0.106689,0.180689,1.964311,2.135139,0.362476,0.000004,0.000000,-0.000004,0.000005,-0.000067,0.000000
21896.400000,-0.073387,0.106692,0.180687,1.964305,2.135138,0.362497,0.000004,0.000000,-0.000004,0.000005,-0.000067,0.000000
21896.408000,-0.073389,0.106690,0.180681,1.964223,2.135147,0.362528,0.000004,0.000000,-0.000004,0.000005,-0.000067,0.000000
21896.416000,-0.073385,0.106695,0.180685,1.964364,2.135082,0.362552,0.000004,0.000000,-0.000004,0.000005,-0.000067,0.000000
21896.424000,-0.073388,0.106695,0.180685,1.964388,2.135108,0.362500,0.000004,0.000000,-0.000004,0.000005,-0.000067,0.000000
21896.432000,-0.073390,0.106690,0.180685,1.964245,2.135179,0.362538,0.000004,0.000000,-0.000004,0.000005,-0.000067,0.000000
21896.440000,-0.073382,0.106696,0.180676,1.964290,2.135028,0.362653,0.000004,0.000000,-0.000004,0.000005,-0.000067,0.000000
21896.448000,-0.073396,0.106689,0.180686,1.964304,2.135111,0.362547,0.000004,0.000000,-0.000004,0.000005,-0.000067,0.000000
21896.456000,-0.073384,0.106695,0.180684,1.964353,2.135066,0.362547,0.000004,0.000000,-0.000004,0.000005,-0.000067,0.000000
21896.464000,-0.073393,0.106689,0.180690,1.964290,2.135171,0.362493,0.000004,0.000000,-0.000004,0.000005,-0.000067,0.000000
21896.472000,-0.073385,0.106693,0.180681,1.964242,2.135099,0.362603,0.000004,0.000000,-0.000004,0.000005,-0.000067,0.000000
21896.480000,-0.073389,0.106694,0.180684,1.964318,2.135109,0.362562,0.000004,0.000000,-0.000004,0.000005,-0.000067,0.000000
21896.488000,-0.073392,0.106692,0.180692,1.964307,2.135195,0.362457,0.000004,0.000000,-0.000004,0.000005,-0.000067,0.000000
21896.496000,-0.073404,0.106689,0.180695,1.964283,2.135175,0.362546,0.000004,0.000000,-0.000004,0.000005,-0.000067,0.000000
21896.504000,-0.073391,0.106693,0.180685,1.964239,2.135151,0.362579,0.000004,0.000000,-0.000004,0.000005,-0.000067,0.000000
21896.512000,-0.073388,0.106692,0.180679,1.964309,2.135036,0.362571,0.000004,0.000000,-0.000004,0.000005,-0.000067,0.000000
21896.520000,-0.073387,0.106690,0.180682,1.964257,2.135132,0.362520,0.000004,0.000000,-0.000004,0.000005,-0.000067,0.000000
21896.528000,-0.073386,0.106693,0.180684,1.964282,2.135117,0.362557,0.000004,0.000000,-0.000004,0.000005,-0.000067,0.000000
21896.536000,-0.073389,0.106690,0.180691,1.964278,2.135104,0.362536,0.000004,0.000000,-0.000004,0.000005,-0.000067,0.000000
21896.544000,-0.073381,0.106695,0.180675,1.964341,2.134998,0.362590,0.000004,0.000000,-0.000004,0.000005,-0.000067,0.000000
21896.552000,-0.073382,0.106694,0.180679,1.964268,2.135051,0.362628,0.000004,0.000000,-0.000004,0.000005,-0.000067,0.000000
21896.560000,-0.073390,0.106691,0.180682,1.964245,2.135128,0.362585,0.000004,0.000000,-0.000004,0.000005,-0.000067,0.000000
21896.568000,-0.073393,0.106691,0.180677,1.964299,2.135085,0.362593,0.000004,0.000000,-0.000004,0.000005,-0.000067,0.000000
21896.576000,-0.073387,0.106696,0.180684,1.964344,2.135091,0.362570,0.000004,0.000000,-0.000004,0.000005,-0.000067,0.000000
21896.584000,-0.073384,0.106692,0.180682,1.964306,2.135063,0.362574,0.000004,0.000000,-0.000004,0.000005,-0.000067,0.000000
21896.592000,-0.073385,0.106691,0.180686,1.964301,2.135132,0.362513,0.000004,0.000000,-0.000004,0.000005,-0.000067,0.000000
21896.600000,-0.073390,0.106691,0.180684,1.964300,2.135107,0.362539,0.000004,0.000000,-0.000004,0.000005,-0.000067,0.000000
21896.608000,-0.073390,0.106694,0.180679,1.964316,2.135086,0.362616,0.000004,0.000000,-0.000004,0.000005,-0.000067,0.000000
21896.616000,-0.073388,0.106693,0.180685,1.964302,2.135088,0.362573,0.000004,0.000000,-0.000004,0.000005,-0.000067,0.000000
21896.624000,-0.073385,0.106697,0.180686,1.964356,2.135103,0.362542,0.000004,0.000000,-0.000004,0.000005,-0.000067,0.000000
21896.632000,-0.073389,0.106694,0.180690,1.964312,2.135123,0.362515,0.000004,0.000000,-0.000004,0.000005,-0.000067,0.000000
21896.640000,-0.073391,0.106692,0.180690,1.964335,2.135148,0.362488,0.000004,0.000000,-0.000004,0.000005,-0.000067,0.000000
21896.648000,-0.073389,0.106694,0.180692,1.964336,2.135104,0.362548,0.000004,0.000000,-0.000004,0.000005,-0.000067,0.000000
21896.656000,-0.073389,0.106692,0.180684,1.964237,2.135119,0.362592,0.000004,0.000000,-0.000004,0.000005,-0.000067,0.000000
21896.664000,-0.073388,0.106690,0.180676,1.964249,2.135102,0.362586,0.000004,0.000000,-0.000004,0.000005,-0.000067,0.000000
21896.672000,-0.073399,0.106689,0.180695,1.964259,2.135221,0.362492,0.000004,0.000000,-0.000004,0.000005,-0.000067,0.000000
21896.680000,-0.073383,0.106692,0.180676,1.964269,2.135068,0.362565,0.000004,0.000000,-0.000004,0.000005,-0.000067,0.000000
21896.688000,-0.073389,0.106694,0.180684,1.964295,2.135140,0.362574,0.000002,0.000000,-0.000003,0.000003,-0.000043,0.000000
21896.696000,-0.073387,0.106691,0.180680,1.964268,2.135097,0.362572,0.000002,0.000000,-0.000003,0.000003,-0.000043,0.000000
21896.704000,-0.073385,0.106692,0.180686,1.964342,2.135046,0.362538,0.000002,0.000000,-0.000003,0.000003,-0.000043,0.000000
21896.712000,-0.073395,0.106692,0.180692,1.964251,2.135194,0.362562,0.000002,0.000000,-0.000003,0.000003,-0.000043,0.000000
21896.720000,-0.073386,0.106696,0.180684,1.964312,2.135081,0.362604,0.000002,0.000000,-0.000003,0.000003,-0.000043,0.000000
21896.728000,-0.073384,0.106693,0.180683,1.964311,2.135068,0.362558,0.000002,0.000000,-0.000003,0.000003,-0.000043,0.000000
21896.736000,-0.073388,0.106692,0.180685,1.964331,2.135089,0.362523,0.000002,0.000000,-0.000003,0.000003,-0.000043,0.000000
21896.744000,-0.073387,0.106691,0.180682,1.964272,2.135068,0.362541,0.000002,0.000000,-0.000003,0.000003,-0.000043,0.000000
21896.752000,-0.073382,0.106693,0.180669,1.964243,2.135074,0.362628,0.000002,0.000000,-0.000003,0.000003,-0.000043,0.000000
21896.760000,-0.073392,0.106691,0.180682,1.964264,2.135149,0.362549,0.000002,0.000000,-0.000003,0.000003,-0.000043,0.000000
21896.768000,-0.073389,0.106696,0.180690,1.964383,2.135097,0.362479,0.000002,0.000000,-0.000003,0.000003,-0.000043,0.000000
21896.776000,-0.073388,0.106692,0.180685,1.964340,2.135069,0.362508,0.000002,0.000000,-0.000003,0.000003,-0.000043,0.000000
21896.784000,-0.073392,0.106691,0.180684,1.964332,2.135095,0.362560,0.000002,0.000000,-0.000003,0.000003,-0.000043,0.000000
21896.792000,-0.073383,0.106692,0.180673,1.964318,2.135079,0.362579,0.000002,0.000000,-0.000003,0.000003,-0.000043,0.000000
21896.800000,-0.073391,0.106691,0.180683,1.964292,2.135103,0.362579,0.000002,0.000000,-0.000003,0.000003,-0.000043,0.000000
21896.808000,-0.073390,0.106690,0.180687,1.964262,2.135138,0.362504,0.000002,0.000000,-0.000003,0.000003,-0.000043,0.000000
21896.816000,-0.073392,0.106690,0.180687,1.964275,2.135131,0.362538,0.000002,0.000000,-0.000003,0.000003,-0.000043,0.000000
21896.824000,-0.073383,0.106692,0.180678,1.964246,2.135074,0.362604,0.000002,0.000000,-0.000003,0.000003,-0.000043,0.000000
21896.832000,-0.073383,0.106695,0.180679,1.964294,2.135088,0.362622,0.000002,0.000000,-0.000003,0.000003,-0.000043,0.000000
21896.840000,-0.073388,0.106692,0.180686,1.964305,2.135137,0.362497,0.000002,0.000000,-0.000003,0.000003,-0.000043,0.000000
21896.848000,-0.073394,0.106692,0.180691,1.964315,2.135103,0.362549,0.000002,0.000000,-0.000003,0.000003,-0.000043,0.000000
21896.856000,-0.073387,0.106691,0.180684,1.964289,2.135065,0.362555,0.000002,0.000000,-0.000003,0.000003,-0.000043,0.000000
21896.864000,-0.073385,0.106693,0.180679,1.964311,2.135092,0.362533,0.000002,0.000000,-0.000003,0.000003,-0.000043,0.000000
21896.872000,-0.073388,0.106694,0.180684,1.964309,2.135129,0.362576,0.000002,0.000000,-0.000003,0.000003,-0.000043,0.000000
21896.880000,-0.073388,0.106692,0.180684,1.964242,2.135151,0.362555,0.000002,0.000000,-0.000003,0.000003,-0.000043,0.000000
21896.888000,-0.073390,0.106695,0.180694,1.964338,2.135190,0.362515,0.000002,0.000000,-0.000003,0.000003,-0.000043,0.000000
21896.896000,-0.073381,0.106696,0.180674,1.964260,2.135076,0.362651,0.000002,0.000000,-0.000003,0.000003,-0.000043,0.000000
21896.904000,-0.073395,0.106691,0.180688,1.964290,2.135151,0.362523,0.000002,0.000000,-0.000003,0.000003,-0.000043,0.000000
21896.912000,-0.073385,0.106693,0.180675,1.964303,2.135038,0.362625,0.000002,0.000000,-0.000003,0.000003,-0.000043,0.000000
21896.920000,-0.073390,0.106692,0.180688,1.964260,2.135174,0.362548,0.000002,0.000000,-0.000003,0.000003,-0.000043,0.000000
21896.928000,-0.073389,0.106694,0.180692,1.964352,2.135116,0.362496,0.000002,0.000000,-0.000003,0.000003,-0.000043,0.000000
21896.936000,-0.073389,0.106690,0.180678,1.964212,2.135169,0.362571,0.000002,0.000000,-0.000003,0.000003,-0.000043,0.000000
21896.944000,-0.073388,0.106691,0.180686,1.964300,2.135132,0.362513,0.000002,0.000000,-0.000003,0.000003,-0.000043,0.000000
21896.952000,-0.073386,0.106695,0.180685,1.964294,2.135134,0.362538,0.000002,0.000000,-0.000003,0.000003,-0.000043,0.000000
21896.960000,-0.073388,0.106694,0.180687,1.964319,2.135105,0.362529,0.000002,0.000000,-0.000003,0.000003,-0.000043,0.000000
21896.968000,-0.073392,0.106692,0.180688,1.964324,2.135107,0.362508,0.000002,0.000000,-0.000003,0.000003,-0.000043,0.000000
21896.976000,-0.073385,0.106695,0.180690,1.964312,2.135095,0.362508,0.000002,0.000000,-0.000003,0.000003,-0.000043,0.000000
21896.984000,-0.073389,0.106692,0.180688,1.964311,2.135118,0.362506,0.000002,0.000000,-0.000003,0.000003,-0.000043,0.000000
21896.992000,-0.073384,0.106694,0.180682,1.964317,2.135048,0.362568,0.000002,0.000000,-0.000003,0.000003,-0.000043,0.000000
21897.000000,-0.073385,0.106693,0.180682,1.964323,2.135080,0.362531,0.000002,0.000000,-0.000003,0.000003,-0.000043,0.000000
21897.008000,-0.073386,0.106693,0.180680,1.964309,2.135070,0.362587,0.000002,0.000000,-0.000003,0.000003,-0.000043,0.000000
21897.016000,-0.073386,0.106689,0.180677,1.964266,2.135092,0.362564,0.000002,0.000000,-0.000003,0.000003,-0.000043,0.000000
21897.024000,-0.073383,0.106693,0.180681,1.964295,2.135106,0.362559,0.000002,0.000000,-0.000003,0.000003,-0.000043,0.000000
21897.032000,-0.073390,0.106688,0.180684,1.964230,2.135099,0.362559,0.000003,0.000000,-0.000001,0.000002,-0.000024,0.000000
21897.040000,-0.073392,0.106692,0.180685,1.964329,2.135067,0.362577,0.000003,0.000000,-0.000001,0.000002,-0.000024,0.000000
21897.048000,-0.073385,0.106691,0.180684,1.964246,2.135155,0.362563,0.000003,0.000000,-0.000001,0.000002,-0.000024,0.000000
21897.056000,-0.073391,0.106690,0.180682,1.964266,2.135150,0.362554,0.000003,0.000000,-0.000001,0.000002,-0.000024,0.000000
21897.064000,-0.073391,0.106693,0.180684,1.964341,2.135079,0.362549,0.000003,0.000000,-0.000001,0.000002,-0.000024,0.000000
21897.072000,-0.073389,0.106690,0.180684,1.964298,2.135100,0.362526,0.000003,0.000000,-0.000001,0.000002,-0.000024,0.000000
21897.080000,-0.073383,0.106694,0.180683,1.964316,2.135098,0.362517,0.000003,0.000000,-0.000001,0.000002,-0.000024,0.000000
21897.088000,-0.073389,0.106691,0.180687,1.964317,2.135045,0.362563,0.000003,0.000000,-0.000001,0.000002,-0.000024,0.000000
21897.096000,-0.073386,0.106692,0.180680,1.964250,2.135133,0.362569,0.000003,0.000000,-0.000001,0.000002,-0.000024,0.000000
21897.104000,-0.073391,0.106691,0.180686,1.964312,2.135099,0.362569,0.000003,0.000000,-0.000001,0.000002,-0.000024,0.000000
21897.112000,-0.073385,0.106693,0.180683,1.964289,2.135099,0.362571,0.000003,0.000000,-0.000001,0.000002,-0.000024,0.000000
21897.120000,-0.073383,0.106691,0.180679,1.964307,2.135024,0.362526,0.000003,0.000000,-0.000001,0.000002,-0.000024,0.000000
21897.128000,-0.073387,0.106694,0.180687,1.964341,2.135075,0.362516,0.000003,0.000000,-0.000001,0.000002,-0.000024,0.000000
21897.136000,-0.073389,0.106697,0.180687,1.964307,2.135131,0.362576,0.000003,0.000000,-0.000001,0.000002,-0.000024,0.000000
21897.144000,-0.073386,0.106693,0.180676,1.964239,2.135126,0.362605,0.000003,0.000000,-0.000001,0.000002,-0.000024,0.000000
21897.152000,-0.073390,0.106691,0.180681,1.964241,2.135069,0.362620,0.000003,0.000000,-0.000001,0.000002,-0.000024,0.000000
21897.160000,-0.073391,0.106689,0.180684,1.964250,2.135154,0.362539,0.000003,0.000000,-0.000001,0.000002,-0.000024,0.000000
21897.168000,-0.073388,0.106692,0.180689,1.964311,2.135093,0.362532,0.000003,0.000000,-0.000001,0.000002,-0.000024,0.000000
21897.176000,-0.073392,0.106692,0.180692,1.964258,2.135176,0.362576,0.000003,0.000000,-0.000001,0.000002,-0.000024,0.000000
21897.184000,-0.073387,0.106687,0.180672,1.964241,2.135056,0.362574,0.000003,0.000000,-0.000001,0.000002,-0.000024,0.000000
21897.192000,-0.073392,0.106691,0.180689,1.964275,2.135186,0.362496,0.000003,0.000000,-0.000001,0.000002,-0.000024,0.000000
21897.200000,-0.073388,0.106693,0.180683,1.964280,2.135119,0.362586,0.000003,0.000000,-0.000001,0.000002,-0.000024,0.000000
21897.208000,-0.073390,0.106690,0.180684,1.964262,2.135141,0.362537,0.000003,0.000000,-0.000001,0.000002,-0.000024,0.000000
21897.216000,-0.073386,0.106693,0.180684,1.964324,2.135082,0.362535,0.000003,0.000000,-0.000001,0.000002,-0.000024,0.000000
21897.224000,-0.073393,0.106690,0.180689,1.964334,2.135118,0.362505,0.000003,0.000000,-0.000001,0.000002,-0.000024,0.000000
21897.232000,-0.073389,0.106689,0.180676,1.964214,2.135146,0.362601,0.000003,0.000000,-0.000001,0.000002,-0.000024,0.000000
21897.240000,-0.073392,0.106693,0.180687,1.964246,2.135134,0.362593,0.000003,0.000000,-0.000001,0.000002,-0.000024,0.000000
21897.248000,-0.073393,0.106690,0.180685,1.964282,2.135138,0.362527,0.000003,0.000000,-0.000001,0.000002,-0.000024,0.000000
21897.256000,-0.073389,0.106691,0.180679,1.964291,2.135127,0.362554,0.000003,0.000000,-0.000001,0.000002,-0.000024,0.000000
21897.264000,-0.073388,0.106692,0.180692,1.964324,2.135132,0.362483,0.000003,0.000000,-0.000001,0.000002,-0.000024,0.000000
21897.272000,-0.073385,0.106693,0.180684,1.964305,2.135086,0.362544,0.000003,0.000000,-0.000001,0.000002,-0.000024,0.000000
21897.280000,-0.073388,0.106693,0.180687,1.964323,2.135080,0.362530,0.000003,0.000000,-0.000001,0.000002,-0.000024,0.000000
21897.288000,-0.073384,0.106694,0.180686,1.964355,2.135039,0.362544,0.000003,0.000000,-0.000001,0.000002,-0.000024,0.000000
21897.296000,-0.073381,0.106693,0.180678,1.964343,2.135017,0.362531,0.000003,0.000000,-0.000001,0.000002,-0.000024,0.000000
21897.304000,-0.073389,0.106692,0.180687,1.964276,2.135136,0.362547,0.000003,0.000000,-0.000001,0.000002,-0.000024,0.000000
21897.312000,-0.073390,0.106692,0.180684,1.964298,2.135144,0.362583,0.000003,0.000000,-0.000001,0.000002,-0.000024,0.000000
21897.320000,-0.073385,0.106692,0.180681,1.964288,2.135089,0.362530,0.000003,0.000000,-0.000001,0.000002,-0.000024,0.000000
21897.328000,-0.073383,0.106694,0.180671,1.964279,2.135092,0.362607,0.000003,0.000000,-0.000001,0.000002,-0.000024,0.000000
21897.336000,-0.073396,0.106692,0.180693,1.964265,2.135180,0.362532,0.000003,0.000000,-0.000001,0.000002,-0.000024,0.000000
21897.344000,-0.073391,0.106693,0.180687,1.964320,2.135111,0.362566,0.000003,0.000000,-0.000001,0.000002,-0.000024,0.000000
21897.352000,-0.073385,0.106695,0.180683,1.964285,2.135133,0.362611,0.000003,0.000000,-0.000001,0.000002,-0.000024,0.000000
21897.360000,-0.073394,0.106689,0.180686,1.964211,2.135160,0.362529,0.000003,0.000000,-0.000001,0.000002,-0.000024,0.000000
21897.368000,-0.073386,0.106695,0.180688,1.964364,2.135078,0.362519,0.000003,0.000000,-0.000001,0.000002,-0.000024,0.000000
21897.376000,-0.073381,0.106694,0.180683,1.964344,2.135023,0.362539,0.000003,0.000000,-0.000001,0.000002,-0.000024,0.000000
21897.384000,-0.073393,0.106690,0.180684,1.964252,2.135161,0.362551,0.000003,0.000000,-0.000001,0.000002,-0.000024,0.000000
21897.392000,-0.073382,0.106695,0.180671,1.964298,2.135061,0.362619,0.000003,0.000000,-0.000001,0.000002,-0.000024,0.000000
21897.400000,-0.073383,0.106694,0.180685,1.964329,2.135036,0.362566,0.000003,0.000000,-0.000001,0.000002,-0.000024,0.000000
21897.408000,-0.073394,0.106691,0.180688,1.964283,2.135119,0.362561,0.000003,0.000000,-0.000001,0.000002,-0.000024,0.000000
21897.416000,-0.073387,0.106692,0.180678,1.964244,2.135101,0.362607,0.000003,0.000000,-0.000001,0.000002,-0.000024,0.000000
21897.424000,-0.073391,0.106690,0.180686,1.964322,2.135130,0.362507,0.000003,0.000000,-0.000001,0.000002,-0.000024,0.000000
21897.432000,-0.073385,0.106693,0.180677,1.964263,2.135071,0.362619,0.000003,0.000000,-0.000001,0.000002,-0.000024,0.000000
21897.440000,-0.073393,0.106690,0.180682,1.964296,2.135077,0.362580,0.000003,0.000000,-0.000001,0.000002,-0.000024,0.000000
21897.448000,-0.073388,0.106694,0.180682,1.964319,2.135105,0.362529,0.000003,0.000000,-0.000001,0.000002,-0.000024,0.000000
21897.456000,-0.073400,0.106686,0.180694,1.964270,2.135168,0.362465,0.000003,0.000000,-0.000001,0.000002,-0.000024,0.000000
21897.464000,-0.073389,0.106693,0.180692,1.964320,2.135107,0.362533,0.000003,0.000000,-0.000001,0.000002,-0.000024,0.000000
21897.472000,-0.073384,0.106692,0.180678,1.964296,2.135071,0.362544,0.000003,0.000000,-0.000001,0.000002,-0.000024,0.000000
21897.480000,-0.073386,0.106691,0.180681,1.964290,2.135091,0.362534,0.000003,0.000000,-0.000001,0.000002,-0.000024,0.000000
21897.488000,-0.073392,0.106690,0.180683,1.964282,2.135113,0.362553,0.000003,0.000000,-0.000001,0.000002,-0.000024,0.000000
21897.496000,-0.073396,0.106690,0.180695,1.964291,2.135152,0.362527,0.000003,0.000000,-0.000001,0.000002,-0.000024,0.000000
21897.504000,-0.073382,0.106693,0.180672,1.964263,2.135070,0.362619,0.000003,0.000000,-0.000001,0.000002,-0.000024,0.000000
21897.512000,-0.073383,0.106694,0.180680,1.964267,2.135100,0.362577,0.000003,0.000000,-0.000001,0.000002,-0.000024,0.000000
21897.520000,-0.073387,0.106694,0.180683,1.964294,2.135104,0.362555,0.000003,0.000000,-0.000001,0.000002,-0.000024,0.000000
21897.528000,-0.073387,0.106694,0.180680,1.964249,2.135140,0.362606,0.000003,0.000000,-0.000001,0.000002,-0.000024,0.000000
21897.536000,-0.073381,0.106695,0.180685,1.964335,2.135043,0.362554,0.000003,0.000000,-0.000001,0.000002,-0.000024,0.000000
21897.544000,-0.073392,0.106692,0.180692,1.964277,2.135132,0.362514,0.000003,0.000000,-0.000001,0.000002,-0.000024,0.000000
21897.552000,-0.073391,0.106692,0.180691,1.964307,2.135149,0.362542,0.000003,0.000000,-0.000001,0.000002,-0.000024,0.000000
21897.560000,-0.073385,0.106691,0.180680,1.964279,2.135075,0.362529,0.000003,0.000000,-0.000001,0.000002,-0.000024,0.000000
21897.568000,-0.073389,0.106695,0.180686,1.964349,2.135066,0.362571,0.000003,0.000000,-0.000001,0.000002,-0.000024,0.000000
21897.576000,-0.073388,0.106693,0.180691,1.964348,2.135061,0.362563,0.000003,0.000000,-0.000001,0.000002,-0.000024,0.000000
21897.584000,-0.073393,0.106690,0.180688,1.964261,2.135167,0.362511,0.000003,0.000000,-0.000001,0.000002,-0.000024,0.000000
21897.592000,-0.073383,0.106694,0.180681,1.964296,2.135127,0.362500,0.000003,0.000000,-0.000001,0.000002,-0.000024,0.000000
21897.600000,-0.073388,0.106692,0.180682,1.964229,2.135137,0.362579,0.000003,0.000000,-0.000001,0.000002,-0.000024,0.000000
21897.608000,-0.073386,0.106694,0.180682,1.964273,2.135132,0.362539,0.000003,0.000000,-0.000001,0.000002,-0.000024,0.000000
21897.616000,-0.073387,0.106696,0.180686,1.964317,2.135117,0.362599,0.000003,0.000000,-0.000001,0.000002,-0.000024,0.000000
21897.624000,-0.073392,0.106695,0.180684,1.964275,2.135178,0.362600,0.000003,0.000000,-0.000001,0.000002,-0.000024,0.000000
21897.632000,-0.073392,0.106693,0.180684,1.964283,2.135152,0.362576,0.000003,0.000000,-0.000001,0.000002,-0.000024,0.000000
21897.640000,-0.073394,0.106692,0.180691,1.964247,2.135160,0.362572,0.000003,0.000000,-0.000001,0.000002,-0.000024,0.000000
21897.648000,-0.073392,0.106690,0.180683,1.964232,2.135165,0.362561,0.000003,0.000000,-0.000001,0.000002,-0.000024,0.000000
21897.656000,-0.073394,0.106691,0.180692,1.964317,2.135156,0.362506,0.000003,0.000000,-0.000001,0.000002,-0.000024,0.000000
21897.664000,-0.073384,0.106691,0.180683,1.964236,2.135085,0.362577,0.000003,0.000000,-0.000001,0.000002,-0.000024,0.000000
21897.672000,-0.073388,0.106694,0.180684,1.964330,2.135097,0.362560,0.000003,0.000000,-0.000001,0.000002,-0.000024,0.000000
21897.680000,-0.073393,0.106690,0.180684,1.964270,2.135160,0.362570,0.000003,0.000000,-0.000001,0.000002,-0.000024,0.000000
21897.688000,-0.073388,0.106693,0.180677,1.964277,2.135121,0.362614,0.000003,0.000000,-0.000001,0.000002,-0.000024,0.000000
21897.696000,-0.073389,0.106696,0.180691,1.964337,2.135134,0.362530,0.000003,0.000000,-0.000001,0.000002,-0.000024,0.000000
21897.704000,-0.073391,0.106694,0.180695,1.964358,2.135123,0.362484,0.000003,0.000000,-0.000001,0.000002,-0.000024,0.000000
21897.712000,-0.073386,0.106693,0.180683,1.964296,2.135057,0.362611,0.000003,0.000000,-0.000001,0.000002,-0.000024,0.000000
21897.720000,-0.073391,0.106692,0.180692,1.964329,2.135143,0.362504,0.000003,0.000000,-0.000001,0.000002,-0.000024,0.000000
21897.728000,-0.073389,0.106693,0.180685,1.964312,2.135129,0.362552,0.000003,0.000000,-0.000001,0.000002,-0.000024,0.000000
21897.736000,-0.073382,0.106692,0.180680,1.964289,2.135064,0.362556,0.000003,0.000000,-0.000001,0.000002,-0.000024,0.000000
21897.744000,-0.073389,0.106692,0.180676,1.964291,2.135076,0.362601,0.000003,0.000000,-0.000001,0.000002,-0.000024,0.000000
21897.752000,-0.073385,0.106693,0.180681,1.964273,2.135136,0.362572,0.000003,0.000000,-0.000001,0.000002,-0.000024,0.000000
21897.760000,-0.073384,0.106692,0.180676,1.964244,2.135101,0.362607,0.000003,0.000000,-0.000001,0.000002,-0.000024,0.000000
21897.768000,-0.073394,0.106692,0.180689,1.964300,2.135166,0.362528,0.000003,0.000000,-0.000001,0.000002,-0.000024,0.000000
21897.776000,-0.073389,0.106694,0.180676,1.964310,2.135079,0.362628,0.000003,0.000000,-0.000001,0.000002,-0.000024,0.000000
21897.784000,-0.073391,0.106694,0.180684,1.964336,2.135107,0.362581,0.000003,0.000000,-0.000001,0.000002,-0.000024,0.000000
21897.792000,-0.073382,0.106693,0.180674,1.964263,2.135046,0.362644,0.000003,0.000000,-0.000001,0.000002,-0.000024,0.000000
21897.800000,-0.073392,0.106691,0.180693,1.964332,2.135141,0.362475,0.000003,0.000000,-0.000001,0.000002,-0.000024,0.000000
21897.808000,-0.073385,0.106690,0.180684,1.964245,2.135094,0.362569,0.000003,0.000000,-0.000001,0.000002,-0.000024,0.000000
21897.816000,-0.073387,0.106691,0.180683,1.964283,2.135084,0.362546,0.000003,0.000000,-0.000001,0.000002,-0.000024,0.000000
21897.824000,-0.073392,0.106687,0.180682,1.964215,2.135139,0.362564,0.000003,0.000000,-0.000001,0.000002,-0.000024,0.000000
21897.832000,-0.073386,0.106691,0.180675,1.964292,2.135102,0.362580,0.000003,0.000000,-0.000001,0.000002,-0.000024,0.000000
21897.840000,-0.073386,0.106693,0.180684,1.964290,2.135070,0.362564,0.000003,0.000000,-0.000001,0.000002,-0.000024,0.000000
21897.848000,-0.073392,0.106693,0.180691,1.964265,2.135179,0.362532,0.000003,0.000000,-0.000001,0.000002,-0.000024,0.000000
21897.856000,-0.073385,0.106698,0.180688,1.964335,2.135081,0.362574,0.000003,0.000000,-0.000001,0.000002,-0.000024,0.000000
21897.864000,-0.073390,0.106694,0.180679,1.964289,2.135108,0.362612,0.000003,0.000000,-0.000001,0.000002,-0.000024,0.000000
21897.872000,-0.073397,0.106692,0.180685,1.964276,2.135150,0.362621,0.000003,0.000000,-0.000001,0.000002,-0.000024,0.000000
21897.880000,-0.073385,0.106691,0.180677,1.964290,2.135066,0.362560,0.000003,0.000000,-0.000001,0.000002,-0.000024,0.000000
21897.888000,-0.073394,0.106689,0.180683,1.964254,2.135188,0.362530,0.000003,0.000000,-0.000001,0.000002,-0.000024,0.000000
21897.896000,-0.073391,0.106690,0.180686,1.964279,2.135165,0.362530,0.000003,0.000000,-0.000001,0.000002,-0.000024,0.000000
21897.904000,-0.073388,0.106692,0.180687,1.964298,2.135104,0.362530,0.000003,0.000000,-0.000001,0.000002,-0.000024,0.000000
21897.912000,-0.073392,0.106694,0.180688,1.964308,2.135154,0.362550,0.000003,0.000000,-0.000001,0.000002,-0.000024,0.000000
21897.920000,-0.073382,0.106695,0.180678,1.964293,2.135052,0.362603,0.000003,0.000000,-0.000001,0.000002,-0.000024,0.000000
21897.928000,-0.073382,0.106692,0.180667,1.964243,2.135015,0.362639,0.000003,0.000000,-0.000001,0.000002,-0.000024,0.000000
21897.936000,-0.073393,0.106692,0.180682,1.964273,2.135111,0.362598,0.000003,0.000000,-0.000001,0.000002,-0.000024,0.000000
21897.944000,-0.073391,0.106690,0.180685,1.964262,2.135117,0.362562,0.000003,0.000000,-0.000001,0.000002,-0.000024,0.000000
21897.952000,-0.073391,0.106691,0.180680,1.964265,2.135124,0.362575,0.000003,0.000000,-0.000001,0.000002,-0.000024,0.000000
21897.960000,-0.073396,0.106691,0.180695,1.964273,2.135164,0.362550,0.000003,0.000000,-0.000001,0.000002,-0.000024,0.000000
21897.968000,-0.073388,0.106691,0.180689,1.964309,2.135088,0.362524,0.000003,0.000000,-0.000001,0.000002,-0.000024,0.000000
21897.976000,-0.073390,0.106693,0.180683,1.964318,2.135134,0.362536,0.000003,0.000000,-0.000001,0.000002,-0.000024,0.000000
21897.984000,-0.073393,0.106689,0.180682,1.964243,2.135172,0.362525,0.000003,0.000000,-0.000001,0.000002,-0.000024,0.000000
21897.992000,-0.073390,0.106691,0.180679,1.964225,2.135132,0.362595,0.000003,0.000000,-0.000001,0.000002,-0.000024,0.000000
21898.000000,-0.073389,0.106690,0.180684,1.964248,2.135152,0.362535,0.000003,0.000000,-0.000001,0.000002,-0.000024,0.000000
21898.008000,-0.073388,0.106694,0.180681,1.964292,2.135081,0.362609,0.000003,0.000000,-0.000001,0.000002,-0.000024,0.000000
21898.016000,-0.073389,0.106692,0.180682,1.964303,2.135115,0.362551,0.000003,0.000000,-0.000001,0.000002,-0.000024,0.000000
21898.024000,-0.073389,0.106690,0.180687,1.964333,2.135108,0.362464,0.000003,0.000000,-0.000001,0.000002,-0.000024,0.000000
21898.032000,-0.073381,0.106694,0.180681,1.964274,2.135108,0.362565,0.000003,0.000000,-0.000001,0.000002,-0.000024,0.000000
21898.040000,-0.073386,0.106690,0.180686,1.964310,2.135053,0.362508,0.000000,0.000000,0.000000,0.000000,0.000000,0.000000
21898.048000,-0.073383,0.106693,0.180683,1.964315,2.135037,0.362523,0.000000,0.000000,0.000000,0.000000,0.000000,0.000000
21898.056000,-0.073387,0.106693,0.180682,1.964273,2.135112,0.362598,0.000000,0.000000,0.000000,0.000000,0.000000,0.000000
21898.064000,-0.073394,0.106692,0.180695,1.964334,2.135148,0.362488,0.000000,0.000000,0.000000,0.000000,0.000000,0.000000
21898.072000,-0.073386,0.106694,0.180685,1.964321,2.135058,0.362585,0.000000,0.000000,0.000000,0.000000,0.000000,0.000000
21898.080000,-0.073388,0.106693,0.180678,1.964336,2.135073,0.362565,0.000000,0.000000,0.000000,0.000000,0.000000,0.000000
21898.088000,-0.073387,0.106696,0.180694,1.964393,2.135114,0.362484,0.000000,0.000000,0.000000,0.000000,0.000000,0.000000
21898.096000,-0.073385,0.106691,0.180680,1.964283,2.135084,0.362546,0.000000,0.000000,0.000000,0.000000,0.000000,0.000000
21898.104000,-0.073390,0.106691,0.180682,1.964310,2.135063,0.362550,0.000000,0.000000,0.000000,0.000000,0.000000,0.000000
21898.112000,-0.073389,0.106692,0.180680,1.964281,2.135121,0.362590,0.000000,0.000000,0.000000,0.000000,0.000000,0.000000
21898.120000,-0.073390,0.106694,0.180688,1.964317,2.135083,0.362583,0.000000,0.000000,0.000000,0.000000,0.000000,0.000000
21898.128000,-0.073389,0.106691,0.180684,1.964312,2.135099,0.362570,0.000000,0.000000,0.000000,0.000000,0.000000,0.000000
21898.136000,-0.073387,0.106692,0.180685,1.964298,2.135079,0.362556,0.000000,0.000000,0.000000,0.000000,0.000000,0.000000
21898.144000,-0.073390,0.106689,0.180674,1.964210,2.135137,0.362584,0.000000,0.000000,0.000000,0.000000,0.000000,0.000000
21898.152000,-0.073382,0.106698,0.180682,1.964375,2.135077,0.362587,0.000000,0.000000,0.000000,0.000000,0.000000,0.000000
21898.160000,-0.073386,0.106693,0.180681,1.964239,2.135126,0.362605,0.000000,0.000000,0.000000,0.000000,0.000000,0.000000
21898.168000,-0.073389,0.106694,0.180684,1.964307,2.135127,0.362572,0.000000,0.000000,0.000000,0.000000,0.000000,0.000000
21898.176000,-0.073394,0.106691,0.180691,1.964330,2.135093,0.362555,0.000000,0.000000,0.000000,0.000000,0.000000,0.000000
21898.184000,-0.073382,0.106698,0.180682,1.964314,2.135088,0.362616,0.000000,0.000000,0.000000,0.000000,0.000000,0.000000
21898.192000,-0.073390,0.106694,0.180684,1.964289,2.135108,0.362612,0.000000,0.000000,0.000000,0.000000,0.000000,0.000000
21898.200000,-0.073389,0.106693,0.180682,1.964269,2.135103,0.362581,0.000000,0.000000,0.000000,0.000000,0.000000,0.000000
21898.208000,-0.073386,0.106695,0.180686,1.964321,2.135141,0.362548,0.000000,0.000000,0.000000,0.000000,0.000000,0.000000
21898.216000,-0.073388,0.106692,0.180686,1.964321,2.135138,0.362544,0.000000,0.000000,0.000000,0.000000,0.000000,0.000000
21898.224000,-0.073386,0.106692,0.180683,1.964280,2.135060,0.362596,0.000000,0.000000,0.000000,0.000000,0.000000,0.000000
21898.232000,-0.073394,0.106692,0.180688,1.964281,2.135121,0.362590,0.000000,0.000000,0.000000,0.000000,0.000000,0.000000
21898.240000,-0.073385,0.106691,0.180680,1.964310,2.135063,0.362550,0.000000,0.000000,0.000000,0.000000,0.000000,0.000000
21898.248000,-0.073386,0.106691,0.180684,1.964290,2.135091,0.362534,0.000000,0.000000,0.000000,0.000000,0.000000,0.000000
21898.256000,-0.073391,0.106691,0.180689,1.964298,2.135110,0.362567,0.000000,0.000000,0.000000,0.000000,0.000000,0.000000
21898.264000,-0.073385,0.106693,0.180687,1.964325,2.135078,0.362502,0.000000,0.000000,0.000000,0.000000,0.000000,0.000000
21898.272000,-0.073393,0.106690,0.180693,1.964300,2.135132,0.362513,0.000000,0.000000,0.000000,0.000000,0.000000,0.000000
21898.280000,-0.073388,0.106694,0.180678,1.964302,2.135122,0.362588,0.000000,0.000000,0.000000,0.000000,0.000000,0.000000
21898.288000,-0.073383,0.106697,0.180677,1.964325,2.135070,0.362606,0.000000,0.000000,0.000000,0.000000,0.000000,0.000000
21898.296000,-0.073392,0.106692,0.180678,1.964252,2.135169,0.362588,0.000000,0.000000,0.000000,0.000000,0.000000,0.000000
21898.304000,-0.073389,0.106689,0.180679,1.964226,2.135074,0.362610,0.000000,0.000000,0.000000,0.000000,0.000000,0.000000
21898.312000,-0.073394,0.106688,0.180690,1.964320,2.135150,0.362473,0.000000,0.000000,0.000000,0.000000,0.000000,0.000000
21898.320000,-0.073386,0.106692,0.180684,1.964312,2.135095,0.362537,0.000000,0.000000,0.000000,0.000000,0.000000,0.000000
21898.328000,-0.073389,0.106691,0.180689,1.964282,2.135057,0.362568,0.000000,0.000000,0.000000,0.000000,0.000000,0.000000
21898.336000,-0.073385,0.106694,0.180684,1.964327,2.135089,0.362547,0.000000,0.000000,0.000000,0.000000,0.000000,0.000000
21898.344000,-0.073393,0.106692,0.180688,1.964294,2.135159,0.362540,0.000000,0.000000,0.000000,0.000000,0.000000,0.000000
21898.352000,-0.073381,0.106694,0.180672,1.964243,2.135070,0.362596,0.000000,0.000000,0.000000,0.000000,0.000000,0.000000
21898.360000,-0.073391,0.106691,0.180690,1.964289,2.135155,0.362556,0.000000,0.000000,0.000000,0.000000,0.000000,0.000000
21898.368000,-0.073388,0.106692,0.180683,1.964216,2.135123,0.362602,0.000000,0.000000,0.000000,0.000000,0.000000,0.000000
21898.376000,-0.073389,0.106695,0.180682,1.964272,2.135115,0.362602,0.000000,0.000000,0.000000,0.000000,0.000000,0.000000
21898.384000,-0.073391,0.106692,0.180689,1.964321,2.135134,0.362512,0.000000,0.000000,0.000000,0.000000,0.000000,0.000000
21898.392000,-0.073388,0.106690,0.180683,1.964258,2.135108,0.362546,0.000000,0.000000,0.000000,0.000000,0.000000,0.000000
21898.400000,-0.073395,0.106692,0.180693,1.964312,2.135179,0.362500,0.000000,0.000000,0.000000,0.000000,0.000000,0.000000
21898.408000,-0.073386,0.106694,0.180685,1.964289,2.135158,0.362560,0.000000,0.000000,0.000000,0.000000,0.000000,0.000000
21898.416000,-0.073394,0.106694,0.180688,1.964307,2.135152,0.362546,0.000000,0.000000,0.000000,0.000000,0.000000,0.000000
21898.424000,-0.073387,0.106694,0.180683,1.964355,2.135039,0.362544,0.000000,0.000000,0.000000,0.000000,0.000000,0.000000
21898.432000,-0.073390,0.106692,0.180688,1.964295,2.135106,0.362559,0.000000,0.000000,0.000000,0.000000,0.000000,0.000000
21898.440000,-0.073385,0.106696,0.180679,1.964287,2.135075,0.362597,0.000000,0.000000,0.000000,0.000000,0.000000,0.000000
21898.448000,-0.073389,0.106696,0.180686,1.964370,2.135123,0.362556,0.000000,0.000000,0.000000,0.000000,0.000000,0.000000
21898.456000,-0.073386,0.106689,0.180684,1.964266,2.135116,0.362538,0.000000,0.000000,0.000000,0.000000,0.000000,0.000000
21898.464000,-0.073384,0.106692,0.180680,1.964252,2.135106,0.362566,0.000000,0.000000,0.000000,0.000000,0.000000,0.000000
21898.472000,-0.073389,0.106692,0.180687,1.964292,2.135123,0.362520,0.000000,0.000000,0.000000,0.000000,0.000000,0.000000
21898.480000,-0.073389,0.106690,0.180689,1.964271,2.135122,0.362522,0.000000,0.000000,0.000000,0.000000,0.000000,0.000000
21898.488000,-0.073390,0.106689,0.180687,1.964295,2.135093,0.362513,0.000000,0.000000,0.000000,0.000000,0.000000,0.000000
21898.496000,-0.073388,0.106693,0.180687,1.964314,2.135100,0.362545,0.000000,0.000000,0.000000,0.000000,0.000000,0.000000
21898.504000,-0.073386,0.106694,0.180689,1.964277,2.135142,0.362556,0.000000,0.000000,0.000000,0.000000,0.000000,0.000000
21898.512000,-0.073380,0.106695,0.180674,1.964262,2.135040,0.362607,0.000000,0.000000,0.000000,0.000000,0.000000,0.000000
21898.520000,-0.073390,0.106692,0.180691,1.964317,2.135125,0.362495,0.000000,0.000000,0.000000,0.000000,0.000000,0.000000
21898.528000,-0.073380,0.106691,0.180680,1.964306,2.135015,0.362485,0.000000,0.000000,0.000000,0.000000,0.000000,0.000000
21898.536000,-0.073385,0.106689,0.180678,1.964240,2.135088,0.362586,0.000000,0.000000,0.000000,0.000000,0.000000,0.000000
21898.544000,-0.073392,0.106692,0.180687,1.964293,2.135133,0.362562,0.000000,0.000000,0.000000,0.000000,0.000000,0.000000
21898.552000,-0.073391,0.106691,0.180688,1.964300,2.135132,0.362513,0.000000,0.000000,0.000000,0.000000,0.000000,0.000000
21898.560000,-0.073386,0.106690,0.180681,1.964267,2.135063,0.362557,0.000000,0.000000,0.000000,0.000000,0.000000,0.000000
21898.568000,-0.073395,0.106694,0.180693,1.964387,2.135137,0.362507,0.000000,0.000000,0.000000,0.000000,0.000000,0.000000
21898.576000,-0.073381,0.106695,0.180685,1.964279,2.135088,0.362574,0.000000,0.000000,0.000000,0.000000,0.000000,0.000000
21898.584000,-0.073385,0.106695,0.180684,1.964246,2.135164,0.362576,0.000000,0.000000,0.000000,0.000000,0.000000,0.000000
21898.592000,-0.073383,0.106696,0.180676,1.964303,2.135066,0.362603,0.000000,0.000000,0.000000,0.000000,0.000000,0.000000
21898.600000,-0.073394,0.106689,0.180694,1.964304,2.135132,0.362488,0.000000,0.000000,0.000000,0.000000,0.000000,0.000000
21898.608000,-0.073389,0.106694,0.180679,1.964265,2.135103,0.362605,0.000000,0.000000,0.000000,0.000000,0.000000,0.000000
21898.616000,-0.073389,0.106691,0.180681,1.964266,2.135160,0.362595,0.000000,0.000000,0.000000,0.000000,0.000000,0.000000
21898.624000,-0.073389,0.106691,0.180692,1.964301,2.135104,0.362506,0.000000,0.000000,0.000000,0.000000,0.000000,0.000000
21898.632000,-0.073389,0.106691,0.180692,1.964309,2.135137,0.362472,0.000000,0.000000,0.000000,0.000000,0.000000,0.000000
21898.640000,-0.073390,0.106693,0.180694,1.964329,2.135112,0.362493,0.000000,0.000000,0.000000,0.000000,0.000000,0.000000
21898.648000,-0.073390,0.106693,0.180682,1.964328,2.135064,0.362573,0.000000,0.000000,0.000000,0.000000,0.000000,0.000000
21898.656000,-0.073389,0.106692,0.180690,1.964271,2.135101,0.362552,0.000000,0.000000,0.000000,0.000000,0.000000,0.000000
21898.664000,-0.073391,0.106692,0.180687,1.964372,2.135057,0.362529,0.000000,0.000000,0.000000,0.000000,0.000000,0.000000
21898.672000,-0.073390,0.106692,0.180691,1.964274,2.135160,0.362517,0.000000,0.000000,0.000000,0.000000,0.000000,0.000000
21898.680000,-0.073387,0.106693,0.180674,1.964258,2.135124,0.362624,0.000000,0.000000,0.000000,0.000000,0.000000,0.000000
21898.688000,-0.073385,0.106693,0.180678,1.964262,2.135120,0.362567,0.000000,0.000000,0.000000,0.000000,0.000000,0.000000
21898.696000,-0.073392,0.106690,0.180692,1.964320,2.135104,0.362529,0.000000,0.000000,0.000000,0.000000,0.000000,0.000000
21898.704000,-0.073391,0.106690,0.180686,1.964305,2.135083,0.362540,0.000000,0.000000,0.000000,0.000000,0.000000,0.000000
21898.712000,-0.073384,0.106696,0.180687,1.964315,2.135102,0.362521,0.000000,0.000000,0.000000,0.000000,0.000000,0.000000
21898.720000,-0.073391,0.106691,0.180683,1.964281,2.135111,0.362549,0.000000,0.000000,0.000000,0.000000,0.000000,0.000000
21898.728000,-0.073390,0.106693,0.180688,1.964257,2.135146,0.362565,0.000000,0.000000,0.000000,0.000000,0.000000,0.000000
21898.736000,-0.073393,0.106693,0.180687,1.964274,2.135172,0.362591,0.000000,0.000000,0.000000,0.000000,0.000000,0.000000
21898.744000,-0.073390,0.106691,0.180685,1.964260,2.135115,0.362558,0.000000,0.000000,0.000000,0.000000,0.000000,0.000000
21898.752000,-0.073387,0.106695,0.180686,1.964359,2.135107,0.362551,0.000000,0.000000,0.000000,0.000000,0.000000,0.000000
21898.760000,-0.073390,0.106692,0.180691,1.964316,2.135129,0.362527,0.000000,0.000000,0.000000,0.000000,0.000000,0.000000
21898.768000,-0.073393,0.106690,0.180685,1.964259,2.135168,0.362540,0.000000,0.000000,0.000000,0.000000,0.000000,0.000000
21898.776000,-0.073389,0.106692,0.180682,1.964292,2.135072,0.362568,0.000000,0.000000,0.000000,0.000000,0.000000,0.000000
21898.784000,-0.073392,0.106690,0.180691,1.964268,2.135124,0.362550,0.000000,0.000000,0.000000,0.000000,0.000000,0.000000
21898.792000,-0.073387,0.106692,0.180683,1.964314,2.135066,0.362530,0.000000,0.000000,0.000000,0.000000,0.000000,0.000000
21898.800000,-0.073387,0.106691,0.180676,1.964307,2.135028,0.362559,0.000000,0.000000,0.000000,0.000000,0.000000,0.000000
21898.808000,-0.073389,0.106693,0.180684,1.964288,2.135124,0.362545,0.000000,0.000000,0.000000,0.000000,0.000000,0.000000
21898.816000,-0.073390,0.106694,0.180688,1.964278,2.135113,0.362549,0.000000,0.000000,0.000000,0.000000,0.000000,0.000000
21898.824000,-0.073384,0.106690,0.180674,1.964218,2.135115,0.362566,0.000000,0.000000,0.000000,0.000000,0.000000,0.000000
21898.832000,-0.073389,0.106693,0.180691,1.964370,2.135030,0.362550,0.000000,0.000000,0.000000,0.000000,0.000000,0.000000
21898.840000,-0.073386,0.106692,0.180684,1.964306,2.135088,0.362549,0.000000,0.000000,0.000000,0.000000,0.000000,0.000000
21898.848000,-0.073387,0.106695,0.180692,1.964278,2.135147,0.362564,0.000000,0.000000,0.000000,0.000000,0.000000,0.000000
21898.856000,-0.073388,0.106693,0.180687,1.964314,2.135100,0.362545,0.000000,0.000000,0.000000,0.000000,0.000000,0.000000
21898.864000,-0.073389,0.106690,0.180682,1.964260,2.135119,0.362591,0.000000,0.000000,0.000000,0.000000,0.000000,0.000000
21898.872000,-0.073394,0.106694,0.180687,1.964291,2.135165,0.362573,0.000000,0.000000,0.000000,0.000000,0.000000,0.000000
21898.880000,-0.073394,0.106690,0.180687,1.964255,2.135110,0.362574,0.000000,0.000000,0.000000,0.000000,0.000000,0.000000
21898.888000,-0.073387,0.106694,0.180682,1.964352,2.135115,0.362495,0.000000,0.000000,0.000000,0.000000,0.000000,0.000000
21898.896000,-0.073386,0.106689,0.180675,1.964253,2.135102,0.362562,0.000000,0.000000,0.000000,0.000000,0.000000,0.000000
21898.904000,-0.073387,0.106694,0.180680,1.964281,2.135065,0.362605,0.000000,0.000000,0.000000,0.000000,0.000000,0.000000
21898.912000,-0.073392,0.106692,0.180688,1.964309,2.135171,0.362488,0.000000,0.000000,0.000000,0.000000,0.000000,0.000000
21898.920000,-0.073389,0.106692,0.180681,1.964277,2.135087,0.362599,0.000000,0.000000,0.000000,0.000000,0.000000,0.000000
21898.928000,-0.073397,0.106694,0.180693,1.964373,2.135148,0.362504,0.000000,0.000000,0.000000,0.000000,0.000000,0.000000
21898.936000,-0.073388,0.106694,0.180687,1.964306,2.135067,0.362578,0.000000,0.000000,0.000000,0.000000,0.000000,0.000000
21898.944000,-0.073389,0.106692,0.180676,1.964259,2.135088,0.362580,0.000000,0.000000,0.000000,0.000000,0.000000,0.000000
21898.952000,-0.073389,0.106687,0.180686,1.964271,2.135143,0.362491,0.000000,0.000000,0.000000,0.000000,0.000000,0.000000
21898.960000,-0.073379,0.106696,0.180676,1.964328,2.135009,0.362588,0.000000,0.000000,0.000000,0.000000,0.000000,0.000000
21898.968000,-0.073383,0.106694,0.180678,1.964285,2.135074,0.362621,0.000000,0.000000,0.000000,0.000000,0.000000,0.000000
21898.976000,-0.073395,0.106693,0.180691,1.964301,2.135172,0.362536,0.000000,0.000000,0.000000,0.000000,0.000000,0.000000
21898.984000,-0.073386,0.106692,0.180685,1.964263,2.135122,0.362571,0.000000,0.000000,0.000000,0.000000,0.000000,0.000000
21898.992000,-0.073389,0.106694,0.180689,1.964294,2.135100,0.362522,0.000000,0.000000,0.000000,0.000000,0.000000,0.000000
21899.000000,-0.073392,0.106690,0.180686,1.964282,2.135113,0.362552,0.000000,0.000000,0.000000,0.000000,0.000000,0.000000
21899.008000,-0.073393,0.106690,0.180685,1.964247,2.135126,0.362556,0.000000,0.000000,0.000000,0.000000,0.000000,0.000000
21899.016000,-0.073392,0.106695,0.180682,1.964292,2.135115,0.362625,0.000000,0.000000,0.000000,0.000000,0.000000,0.000000
21899.024000,-0.073393,0.106690,0.180681,1.964226,2.135133,0.362599,0.000000,0.000000,0.000000,0.000000,0.000000,0.000000
21899.032000,-0.073382,0.106695,0.180677,1.964287,2.135045,0.362614,0.000000,0.000000,0.000000,0.000000,0.000000,0.000000
21899.040000,-0.073385,0.106695,0.180682,1.964369,2.135062,0.362562,0.000000,0.000000,0.000000,0.000000,0.000000,0.000000
21899.048000,-0.073386,0.106693,0.180688,1.964372,2.135053,0.362496,0.000000,0.000000,0.000000,0.000000,0.000000,0.000000
21899.056000,-0.073383,0.106695,0.180673,1.964291,2.135030,0.362657,0.000000,0.000000,0.000000,0.000000,0.000000,0.000000
21899.064000,-0.073394,0.106693,0.180691,1.964316,2.135163,0.362543,0.000000,0.000000,0.000000,0.000000,0.000000,0.000000
21899.072000,-0.073391,0.106690,0.180691,1.964316,2.135119,0.362486,0.000000,0.000000,0.000000,0.000000,0.000000,0.000000
21899.080000,-0.073394,0.106687,0.180690,1.964287,2.135106,0.362491,0.000000,0.000000,0.000000,0.000000,0.000000,0.000000
21899.088000,-0.073388,0.106693,0.180683,1.964294,2.135104,0.362555,0.000000,0.000000,0.000000,0.000000,0.000000,0.000000
21899.096000,-0.073388,0.106695,0.180686,1.964314,2.135110,0.362586,0.000000,0.000000,0.000000,0.000000,0.000000,0.000000
21899.104000,-0.073389,0.106693,0.180686,1.964286,2.135126,0.362574,0.000000,0.000000,0.000000,0.000000,0.000000,0.000000
21899.112000,-0.073392,0.106692,0.180687,1.964330,2.135143,0.362504,0.000000,0.000000,0.000000,0.000000,0.000000,0.000000
21899.120000,-0.073384,0.106693,0.180681,1.964251,2.135117,0.362636,0.000000,0.000000,0.000000,0.000000,0.000000,0.000000
21899.128000,-0.073385,0.106697,0.180685,1.964313,2.135138,0.362565,0.000000,0.000000,0.000000,0.000000,0.000000,0.000000
21899.136000,-0.073394,0.106688,0.180688,1.964281,2.135129,0.362485,0.000000,0.000000,0.000000,0.000000,0.000000,0.000000
21899.144000,-0.073389,0.106693,0.180697,1.964335,2.135119,0.362481,0.000000,0.000000,0.000000,0.000000,0.000000,0.000000
21899.152000,-0.073390,0.106693,0.180686,1.964319,2.135136,0.362540,0.000000,0.000000,0.000000,0.000000,0.000000,0.000000
21899.160000,-0.073389,0.106693,0.180685,1.964308,2.135120,0.362536,0.000000,0.000000,0.000000,0.000000,0.000000,0.000000
21899.168000,-0.073388,0.106692,0.180690,1.964344,2.135078,0.362524,0.000000,0.000000,0.000000,0.000000,0.000000,0.000000
21899.176000,-0.073393,0.106692,0.180689,1.964326,2.135143,0.362528,0.000000,0.000000,0.000000,0.000000,0.000000,0.000000
21899.184000,-0.073389,0.106695,0.180682,1.964271,2.135169,0.362583,0.000000,0.000000,0.000000,0.000000,0.000000,0.000000
21899.192000,-0.073389,0.106695,0.180683,1.964361,2.135109,0.362555,0.000000,0.000000,0.000000,0.000000,0.000000,0.000000
21899.200000,-0.073388,0.106693,0.180688,1.964294,2.135104,0.362555,0.000000,0.000000,0.000000,0.000000,0.000000,0.000000
21899.208000,-0.073386,0.106696,0.180682,1.964300,2.135093,0.362606,0.000000,0.000000,0.000000,0.000000,0.000000,0.000000
21899.216000,-0.073393,0.106687,0.180683,1.964201,2.135174,0.362536,0.000000,0.000000,0.000000,0.000000,0.000000,0.000000
21899.224000,-0.073395,0.106685,0.180690,1.964263,2.135131,0.362495,0.000000,0.000000,0.000000,0.000000,0.000000,0.000000
21899.232000,-0.073384,0.106694,0.180678,1.964304,2.135034,0.362592,0.000000,0.000000,0.000000,0.000000,0.000000,0.000000
21899.240000,-0.073390,0.106692,0.180692,1.964311,2.135093,0.362532,0.000000,0.000000,0.000000,0.000000,0.000000,0.000000
21899.248000,-0.073382,0.106690,0.180671,1.964259,2.135033,0.362623,0.000000,0.000000,0.000000,0.000000,0.000000,0.000000
21899.256000,-0.073383,0.106692,0.180672,1.964291,2.135051,0.362627,0.000000,0.000000,0.000000,0.000000,0.000000,0.000000
21899.264000,-0.073392,0.106692,0.180686,1.964236,2.135119,0.362593,0.000000,0.000000,0.000000,0.000000,0.000000,0.000000
21899.272000,-0.073393,0.106691,0.180691,1.964304,2.135142,0.362530,0.000000,0.000000,0.000000,0.000000,0.000000,0.000000
21899.280000,-0.073392,0.106689,0.180683,1.964237,2.135140,0.362562,0.000000,0.000000,0.000000,0.000000,0.000000,0.000000
21899.288000,-0.073390,0.106691,0.180682,1.964293,2.135074,0.362572,0.000000,0.000000,0.000000,0.000000,0.000000,0.000000
21899.296000,-0.073392,0.106691,0.180689,1.964284,2.135170,0.362514,0.000000,0.000000,0.000000,0.000000,0.000000,0.000000
21899.304000,-0.073382,0.106693,0.180674,1.964243,2.135074,0.362628,0.000000,0.000000,0.000000,0.000000,0.000000,0.000000
21899.312000,-0.073386,0.106692,0.180676,1.964271,2.135080,0.362611,0.000000,0.000000,0.000000,0.000000,0.000000,0.000000
21899.320000,-0.073391,0.106690,0.180683,1.964261,2.135166,0.362511,0.000000,0.000000,0.000000,0.000000,0.000000,0.000000
21899.328000,-0.073386,0.106695,0.180686,1.964287,2.135152,0.362524,0.000000,0.000000,0.000000,0.000000,0.000000,0.000000
21899.336000,-0.073387,0.106692,0.180685,1.964279,2.135085,0.362570,0.000000,0.000000,0.000000,0.000000,0.000000,0.000000
21899.344000,-0.073390,0.106693,0.180693,1.964347,2.135135,0.362486,0.000000,0.000000,0.000000,0.000000,0.000000,0.000000
21899.352000,-0.073393,0.106689,0.180689,1.964245,2.135145,0.362522,0.000000,0.000000,0.000000,0.000000,0.000000,0.000000
21899.360000,-0.073395,0.106690,0.180683,1.964260,2.135144,0.362565,0.000000,0.000000,0.000000,0.000000,0.000000,0.000000
21899.368000,-0.073386,0.106689,0.180685,1.964309,2.135057,0.362541,0.000000,0.000000,0.000000,0.000000,0.000000,0.000000
21899.376000,-0.073392,0.106689,0.180693,1.964279,2.135106,0.362540,0.000000,0.000000,0.000000,0.000000,0.000000,0.000000
21899.384000,-0.073385,0.106696,0.180687,1.964312,2.135081,0.362604,0.000000,0.000000,0.000000,0.000000,0.000000,0.000000
21899.392000,-0.073380,0.106698,0.180678,1.964330,2.135075,0.362590,0.000000,0.000000,0.000000,0.000000,0.000000,0.000000
21899.400000,-0.073386,0.106692,0.180686,1.964326,2.135105,0.362480,0.000000,0.000000,0.000000,0.000000,0.000000,0.000000
21899.408000,-0.073387,0.106693,0.180682,1.964294,2.135079,0.362581,0.000000,0.000000,0.000000,0.000000,0.000000,0.000000
21899.416000,-0.073386,0.106694,0.180681,1.964242,2.135133,0.362618,0.000000,0.000000,0.000000,0.000000,0.000000,0.000000
21899.424000,-0.073389,0.106694,0.180682,1.964258,2.135121,0.362591,0.000000,0.000000,0.000000,0.000000,0.000000,0.000000
21899.432000,-0.073387,0.106694,0.180682,1.964325,2.135067,0.362602,0.000000,0.000000,0.000000,0.000000,0.000000,0.000000
21899.440000,-0.073388,0.106692,0.180687,1.964284,2.135114,0.362528,0.000000,0.000000,0.000000,0.000000,0.000000,0.000000
21899.448000,-0.073390,0.106692,0.180681,1.964159,2.135193,0.362597,0.000000,0.000000,0.000000,0.000000,0.000000,0.000000
21899.456000,-0.073399,0.106693,0.180694,1.964316,2.135197,0.362558,0.000000,0.000000,0.000000,0.000000,0.000000,0.000000
21899.464000,-0.073385,0.106691,0.180678,1.964310,2.135063,0.362550,0.000000,0.000000,0.000000,0.000000,0.000000,0.000000
21899.472000,-0.073385,0.106692,0.180680,1.964250,2.135133,0.362569,0.000000,0.000000,0.000000,0.000000,0.000000,0.000000
21899.480000,-0.073386,0.106694,0.180677,1.964285,2.135099,0.362596,0.000000,0.000000,0.000000,0.000000,0.000000,0.000000
21899.488000,-0.073385,0.106690,0.180682,1.964248,2.135153,0.362534,0.000000,0.000000,0.000000,0.000000,0.000000,0.000000
21899.496000,-0.073387,0.106691,0.180688,1.964262,2.135138,0.362504,0.000000,0.000000,0.000000,0.000000,0.000000,0.000000
21899.504000,-0.073391,0.106688,0.180682,1.964268,2.135094,0.362568,0.000000,0.000000,0.000000,0.000000,0.000000,0.000000
21899.512000,-0.073390,0.106690,0.180691,1.964363,2.135069,0.362506,0.000000,0.000000,0.000000,0.000000,0.000000,0.000000
21899.520000,-0.073388,0.106689,0.180673,1.964211,2.135087,0.362636,0.000000,0.000000,0.000000,0.000000,0.000000,0.000000
21899.528000,-0.073389,0.106692,0.180682,1.964292,2.135072,0.362568,0.000000,0.000000,0.000000,0.000000,0.000000,0.000000
21899.536000,-0.073385,0.106693,0.180683,1.964261,2.135120,0.362567,0.000000,0.000000,0.000000,0.000000,0.000000,0.000000
21899.544000,-0.073386,0.106691,0.180681,1.964281,2.135111,0.362549,0.000000,0.000000,0.000000,0.000000,0.000000,0.000000
21899.552000,-0.073384,0.106692,0.180682,1.964275,2.135075,0.362553,0.000000,0.000000,0.000000,0.000000,0.000000,0.000000
21899.560000,-0.073384,0.106693,0.180677,1.964308,2.135009,0.362593,0.000000,0.000000,0.000000,0.000000,0.000000,0.000000
21899.568000,-0.073384,0.106695,0.180683,1.964330,2.135072,0.362586,0.000000,0.000000,0.000000,0.000000,0.000000,0.000000
21899.576000,-0.073381,0.106695,0.180669,1.964245,2.135029,0.362689,0.000000,0.000000,0.000000,0.000000,0.000000,0.000000
21899.584000,-0.073388,0.106694,0.180686,1.964337,2.135079,0.362574,0.000000,0.000000,0.000000,0.000000,0.000000,0.000000
21899.592000,-0.073387,0.106691,0.180682,1.964284,2.135055,0.362539,0.000000,0.000000,0.000000,0.000000,0.000000,0.000000
21899.600000,-0.073392,0.106690,0.180693,1.964330,2.135136,0.362467,0.000000,0.000000,0.000000,0.000000,0.000000,0.000000
21899.608000,-0.073383,0.106691,0.180680,1.964295,2.135037,0.362528,0.000000,0.000000,0.000000,0.000000,0.000000,0.000000
21899.616000,-0.073395,0.106688,0.180695,1.964246,2.135197,0.362474,0.000000,0.000000,0.000000,0.000000,0.000000,0.000000
21899.624000,-0.073392,0.106689,0.180689,1.964216,2.135169,0.362546,0.000000,0.000000,0.000000,0.000000,0.000000,0.000000
21899.632000,-0.073386,0.106692,0.180672,1.964194,2.135128,0.362641,0.000000,0.000000,0.000000,0.000000,0.000000,0.000000
21899.640000,-0.073381,0.106694,0.180680,1.964304,2.135059,0.362566,0.000000,0.000000,0.000000,0.000000,0.000000,0.000000
21899.648000,-0.073388,0.106691,0.180680,1.964259,2.135117,0.362587,0.000000,0.000000,0.000000,0.000000,0.000000,0.000000
21899.656000,-0.073383,0.106696,0.180687,1.964321,2.135061,0.362589,0.000000,0.000000,0.000000,0.000000,0.000000,0.000000
21899.664000,-0.073390,0.106692,0.180685,1.964315,2.135081,0.362608,0.000000,0.000000,0.000000,0.000000,0.000000,0.000000
21899.672000,-0.073384,0.106691,0.180672,1.964212,2.135117,0.362619,0.000000,0.000000,0.000000,0.000000,0.000000,0.000000
21899.680000,-0.073392,0.106688,0.180688,1.964288,2.135090,0.362558,0.000000,0.000000,0.000000,0.000000,0.000000,0.000000
21899.688000,-0.073387,0.106694,0.180682,1.964271,2.135110,0.362594,0.000000,0.000000,0.000000,0.000000,0.000000,0.000000
21899.696000,-0.073391,0.106694,0.180689,1.964280,2.135149,0.362568,0.000000,0.000000,0.000000,0.000000,0.000000,0.000000
21899.704000,-0.073390,0.106693,0.180689,1.964363,2.135048,0.362536,0.000000,0.000000,0.000000,0.000000,0.000000,0.000000
21899.712000,-0.073390,0.106692,0.180686,1.964292,2.135099,0.362546,0.000000,0.000000,0.000000,0.000000,0.000000,0.000000
21899.720000,-0.073388,0.106691,0.180684,1.964323,2.135077,0.362526,0.000000,0.000000,0.000000,0.000000,0.000000,0.000000
21899.728000,-0.073381,0.106693,0.180678,1.964355,2.135005,0.362529,0.000000,0.000000,0.000000,0.000000,0.000000,0.000000
21899.736000,-0.073395,0.106689,0.180687,1.964250,2.135154,0.362538,0.000000,0.000000,0.000000,0.000000,0.000000,0.000000
21899.744000,-0.073386,0.106694,0.180688,1.964366,2.135080,0.362523,0.000000,0.000000,0.000000,0.000000,0.000000,0.000000
21899.752000,-0.073381,0.106696,0.180680,1.964275,2.135113,0.362573,0.000000,0.000000,0.000000,0.000000,0.000000,0.000000
21899.760000,-0.073390,0.106694,0.180685,1.964315,2.135136,0.362565,0.000000,0.000000,0.000000,0.000000,0.000000,0.000000
21899.768000,-0.073387,0.106692,0.180677,1.964335,2.135037,0.362545,0.000000,0.000000,0.000000,0.000000,0.000000,0.000000
21899.776000,-0.073389,0.106692,0.180685,1.964347,2.135076,0.362496,0.000000,0.000000,0.000000,0.000000,0.000000,0.000000
21899.784000,-0.073389,0.106693,0.180687,1.964345,2.135088,0.362566,0.000000,0.000000,0.000000,0.000000,0.000000,0.000000
21899.792000,-0.073384,0.106696,0.180681,1.964313,2.135107,0.362582,0.000000,0.000000,0.000000,0.000000,0.000000,0.000000
21899.800000,-0.073385,0.106693,0.180680,1.964325,2.135057,0.362560,0.000000,0.000000,0.000000,0.000000,0.000000,0.000000
21899.808000,-0.073389,0.106694,0.180679,1.964258,2.135071,0.362643,0.000000,0.000000,0.000000,0.000000,0.000000,0.000000
21899.816000,-0.073391,0.106691,0.180690,1.964305,2.135113,0.362522,0.000000,0.000000,0.000000,0.000000,0.000000,0.000000
21899.824000,-0.073388,0.106694,0.180683,1.964298,2.135113,0.362572,0.000000,0.000000,0.000000,0.000000,0.000000,0.000000
21899.832000,-0.073387,0.106693,0.180680,1.964280,2.135119,0.362586,0.000000,0.000000,0.000000,0.000000,0.000000,0.000000
21899.840000,-0.073383,0.106695,0.180674,1.964347,2.135034,0.362585,0.000000,0.000000,0.000000,0.000000,0.000000,0.000000
21899.848000,-0.073389,0.106695,0.180691,1.964322,2.135088,0.362567,0.000000,0.000000,0.000000,0.000000,0.000000,0.000000
21899.856000,-0.073392,0.106690,0.180692,1.964280,2.135136,0.362522,0.000000,0.000000,0.000000,0.000000,0.000000,0.000000
21899.864000,-0.073392,0.106694,0.180693,1.964310,2.135101,0.362569,0.000000,0.000000,0.000000,0.000000,0.000000,0.000000
21899.872000,-0.073388,0.106690,0.180685,1.964273,2.135043,0.362567,0.000000,0.000000,0.000000,0.000000,0.000000,0.000000
21899.880000,-0.073383,0.106694,0.180690,1.964314,2.135096,0.362512,0.000000,0.000000,0.000000,0.000000,0.000000,0.000000
21899.888000,-0.073387,0.106692,0.180681,1.964313,2.135045,0.362588,0.000000,0.000000,0.000000,0.000000,0.000000,0.000000
21899.896000,-0.073391,0.106690,0.180686,1.964303,2.135081,0.362536,0.000000,0.000000,0.000000,0.000000,0.000000,0.000000
21899.904000,-0.073386,0.106693,0.180684,1.964284,2.135114,0.362528,0.000000,0.000000,0.000000,0.000000,0.000000,0.000000
21899.912000,-0.073398,0.106690,0.180693,1.964293,2.135151,0.362498,0.000000,0.000000,0.000000,0.000000,0.000000,0.000000
21899.920000,-0.073387,0.106693,0.180682,1.964320,2.135111,0.362566,0.000000,0.000000,0.000000,0.000000,0.000000,0.000000
21899.928000,-0.073390,0.106690,0.180685,1.964283,2.135084,0.362545,0.000000,0.000000,0.000000,0.000000,0.000000,0.000000
21899.936000,-0.073392,0.106689,0.180680,1.964237,2.135140,0.362562,0.000000,0.000000,0.000000,0.000000,0.000000,0.000000
21899.944000,-0.073389,0.106690,0.180682,1.964285,2.135111,0.362524,0.000000,0.000000,0.000000,0.000000,0.000000,0.000000
21899.952000,-0.073394,0.106693,0.180687,1.964297,2.135142,0.362578,0.000000,0.000000,0.000000,0.000000,0.000000,0.000000
21899.960000,-0.073389,0.106694,0.180682,1.964284,2.135149,0.362544,0.000000,0.000000,0.000000,0.000000,0.000000,0.000000
21899.968000,-0.073381,0.106693,0.180673,1.964264,2.135072,0.362623,0.000000,0.000000,0.000000,0.000000,0.000000,0.000000
21899.976000,-0.073391,0.106692,0.180684,1.964290,2.135125,0.362549,0.000000,0.000000,0.000000,0.000000,0.000000,0.000000
21899.984000,-0.073388,0.106692,0.180687,1.964312,2.135095,0.362536,0.000000,0.000000,0.000000,0.000000,0.000000,0.000000
21899.992000,-0.073386,0.106693,0.180681,1.964276,2.135085,0.362595,0.000000,0.000000,0.000000,0.000000,0.000000,0.000000
21900.000000,-0.073391,0.106690,0.180687,1.964255,2.135131,0.362516,0.000000,0.000000,0.000000,0.000000,0.000000,0.000000
21900.008000,-0.073390,0.106691,0.180690,1.964294,2.135121,0.362492,0.000000,0.000000,0.000000,0.000000,0.000000,0.000000
21900.016000,-0.073384,0.106691,0.180678,1.964268,2.135072,0.362598,0.000000,0.000000,0.000000,0.000000,0.000000,0.000000
21900.024000,-0.073389,0.106693,0.180690,1.964321,2.135110,0.362537,0.000000,0.000000,0.000000,0.000000,0.000000,0.000000
21900.032000,-0.073390,0.106692,0.180681,1.964264,2.135097,0.362597,0.000000,0.000000,0.000000,0.000000,0.000000,0.000000
21900.040000,-0.073389,0.106693,0.180684,1.964250,2.135167,0.362584,0.000000,0.000000,0.000000,0.000000,0.000000,0.000000
21900.048000,-0.073388,0.106693,0.180685,1.964356,2.135066,0.362523,0.000000,0.000000,0.000000,0.000000,0.000000,0.000000
21900.056000,-0.073390,0.106690,0.180682,1.964275,2.135131,0.362539,0.000000,0.000000,0.000000,0.000000,0.000000,0.000000
21900.064000,-0.073393,0.106691,0.180687,1.964323,2.135111,0.362541,0.000000,0.000000,0.000000,0.000000,0.000000,0.000000
21900.072000,-0.073388,0.106691,0.180680,1.964278,2.135113,0.362577,0.000000,0.000000,0.000000,0.000000,0.000000,0.000000
21900.080000,-0.073386,0.106694,0.180683,1.964270,2.135159,0.362542,0.000000,0.000000,0.000000,0.000000,0.000000,0.000000
21900.088000,-0.073387,0.106694,0.180682,1.964324,2.135065,0.362598,0.000000,0.000000,0.000000,0.000000,0.000000,0.000000
21900.096000,-0.073389,0.106692,0.180680,1.964266,2.135070,0.362594,0.000000,0.000000,0.000000,0.000000,0.000000,0.000000
21900.104000,-0.073391,0.106694,0.180690,1.964330,2.135121,0.362534,0.000000,0.000000,0.000000,0.000000,0.000000,0.000000
21900.112000,-0.073388,0.106691,0.180683,1.964303,2.135081,0.362536,0.000000,0.000000,0.000000,0.000000,0.000000,0.000000
21900.120000,-0.073384,0.106695,0.180689,1.964329,2.135095,0.362556,0.000000,0.000000,0.000000,0.000000,0.000000,0.000000
21900.128000,-0.073389,0.106691,0.180687,1.964342,2.135071,0.362512,0.000000,0.000000,0.000000,0.000000,0.000000,0.000000
21900.136000,-0.073382,0.106691,0.180679,1.964250,2.135049,0.362606,0.000000,0.000000,0.000000,0.000000,0.000000,0.000000
21900.144000,-0.073389,0.106693,0.180683,1.964301,2.135086,0.362569,0.000000,0.000000,0.000000,0.000000,0.000000,0.000000
21900.152000,-0.073391,0.106691,0.180677,1.964259,2.135117,0.362587,0.000000,0.000000,0.000000,0.000000,0.000000,0.000000
21900.160000,-0.073376,0.106699,0.180677,1.964345,2.135035,0.362585,0.000000,0.000000,0.000000,0.000000,0.000000,0.000000
21900.168000,-0.073395,0.106692,0.180696,1.964341,2.135155,0.362475,0.000000,0.000000,0.000000,0.000000,0.000000,0.000000
21900.176000,-0.073388,0.106690,0.180685,1.964265,2.135090,0.362559,0.000000,0.000000,0.000000,0.000000,0.000000,0.000000
21900.184000,-0.073385,0.106694,0.180682,1.964305,2.135120,0.362560,0.000000,0.000000,0.000000,0.000000,0.000000,0.000000
21900.192000,-0.073393,0.106688,0.180688,1.964308,2.135107,0.362489,0.000000,0.000000,0.000000,0.000000,0.000000,0.000000
21900.200000,-0.073385,0.106692,0.180678,1.964266,2.135070,0.362594,0.000000,0.000000,0.000000,0.000000,0.000000,0.000000
21900.208000,-0.073391,0.106695,0.180688,1.964373,2.135096,0.362552,0.000000,0.000000,0.000000,0.000000,0.000000,0.000000
21900.216000,-0.073388,0.106693,0.180680,1.964267,2.135075,0.362603,0.000000,0.000000,0.000000,0.000000,0.000000,0.000000
21900.224000,-0.073389,0.106693,0.180687,1.964334,2.135097,0.362535,0.000000,0.000000,0.000000,0.000000,0.000000,0.000000
21900.232000,-0.073387,0.106694,0.180685,1.964257,2.135170,0.362540,0.000000,0.000000,0.000000,0.000000,0.000000,0.000000
21900.240000,-0.073389,0.106695,0.180682,1.964335,2.135052,0.362596,0.000000,0.000000,0.000000,0.000000,0.000000,0.000000
21900.248000,-0.073392,0.106690,0.180689,1.964314,2.135097,0.362540,0.000000,0.000000,0.000000,0.000000,0.000000,0.000000
21900.256000,-0.073388,0.106693,0.180685,1.964316,2.135078,0.362575,0.000000,0.000000,0.000000,0.000000,0.000000,0.000000
21900.264000,-0.073390,0.106694,0.180685,1.964275,2.135168,0.362558,0.000000,0.000000,0.000000,0.000000,0.000000,0.000000
21900.272000,-0.073389,0.106692,0.180687,1.964276,2.135136,0.362547,0.000000,0.000000,0.000000,0.000000,0.000000,0.000000
21900.280000,-0.073393,0.106690,0.180687,1.964253,2.135162,0.362551,0.000000,0.000000,0.000000,0.000000,0.000000,0.000000
21900.288000,-0.073383,0.106690,0.180686,1.964267,2.135088,0.362531,0.000000,0.000000,0.000000,0.000000,0.000000,0.000000
21900.296000,-0.073389,0.106690,0.180684,1.964293,2.135091,0.362509,0.000000,0.000000,0.000000,0.000000,0.000000,0.000000
21900.304000,-0.073392,0.106692,0.180683,1.964317,2.135129,0.362527,0.000000,0.000000,0.000000,0.000000,0.000000,0.000000
21900.312000,-0.073385,0.106694,0.180682,1.964232,2.135093,0.362639,0.000000,0.000000,0.000000,0.000000,0.000000,0.000000
21900.320000,-0.073384,0.106697,0.180678,1.964298,2.135116,0.362576,0.000000,0.000000,0.000000,0.000000,0.000000,0.000000
21900.328000,-0.073389,0.106692,0.180686,1.964325,2.135109,0.362513,0.000000,0.000000,0.000000,0.000000,0.000000,0.000000
21900.336000,-0.073387,0.106694,0.180684,1.964298,2.135113,0.362572,0.000000,0.000000,0.000000,0.000000,0.000000,0.000000
21900.344000,-0.073389,0.106693,0.180690,1.964293,2.135129,0.362529,0.000000,0.000000,0.000000,0.000000,0.000000,0.000000
21900.352000,-0.073385,0.106696,0.180684,1.964263,2.135156,0.362558,0.000000,0.000000,0.000000,0.000000,0.000000,0.000000
21900.360000,-0.073391,0.106690,0.180687,1.964337,2.135117,0.362481,0.000000,0.000000,0.000000,0.000000,0.000000,0.000000
21900.368000,-0.073388,0.106693,0.180683,1.964275,2.135110,0.362569,0.000000,0.000000,0.000000,0.000000,0.000000,0.000000
21900.376000,-0.073386,0.106693,0.180676,1.964233,2.135119,0.362617,0.000000,0.000000,0.000000,0.000000,0.000000,0.000000
21900.384000,-0.073388,0.106690,0.180679,1.964274,2.135070,0.362545,0.000000,0.000000,0.000000,0.000000,0.000000,0.000000
21900.392000,-0.073388,0.106692,0.180686,1.964344,2.135103,0.362499,0.000000,0.000000,0.000000,0.000000,0.000000,0.000000
21900.400000,-0.073385,0.106692,0.180675,1.964263,2.135122,0.362571,0.000000,0.000000,0.000000,0.000000,0.000000,0.000000
21900.408000,-0.073383,0.106695,0.180681,1.964291,2.135079,0.362605,0.000000,0.000000,0.000000,0.000000,0.000000,0.000000
21900.416000,-0.073391,0.106690,0.180685,1.964235,2.135139,0.362558,0.000000,0.000000,0.000000,0.000000,0.000000,0.000000
21900.424000,-0.073389,0.106695,0.180685,1.964333,2.135079,0.362598,0.000000,0.000000,0.000000,0.000000,0.000000,0.000000
21900.432000,-0.073393,0.106689,0.180690,1.964270,2.135147,0.362496,0.000000,0.000000,0.000000,0.000000,0.000000,0.000000
21900.440000,-0.073385,0.106695,0.180683,1.964311,2.135071,0.362563,0.000000,0.000000,0.000000,0.000000,0.000000,0.000000
21900.448000,-0.073392,0.106689,0.180687,1.964299,2.135102,0.362530,0.000000,0.000000,0.000000,0.000000,0.000000,0.000000
21900.456000,-0.073387,0.106693,0.180693,1.964340,2.135104,0.362523,0.000000,0.000000,0.000000,0.000000,0.000000,0.000000
21900.464000,-0.073385,0.106695,0.180681,1.964274,2.135142,0.362580,0.000000,0.000000,0.000000,0.000000,0.000000,0.000000
21900.472000,-0.073383,0.106697,0.180681,1.964309,2.135104,0.362574,0.000000,0.000000,0.000000,0.000000,0.000000,0.000000
21900.480000,-0.073385,0.106694,0.180680,1.964261,2.135069,0.362614,0.000000,0.000000,0.000000,0.000000,0.000000,0.000000
21900.488000,-0.073384,0.106694,0.180681,1.964308,2.135093,0.362557,0.000000,0.000000,0.000000,0.000000,0.000000,0.000000
21900.496000,-0.073383,0.106696,0.180681,1.964287,2.135079,0.362630,0.000000,0.000000,0.000000,0.000000,0.000000,0.000000
21900.504000,-0.073387,0.106692,0.180682,1.964305,2.135061,0.362570,0.000000,0.000000,0.000000,0.000000,0.000000,0.000000
21900.512000,-0.073390,0.106692,0.180679,1.964282,2.135096,0.362616,0.000000,0.000000,0.000000,0.000000,0.000000,0.000000
21900.520000,-0.073389,0.106691,0.180684,1.964314,2.135097,0.362541,0.000000,0.000000,0.000000,0.000000,0.000000,0.000000
21900.528000,-0.073384,0.106695,0.180683,1.964302,2.135091,0.362577,0.000000,0.000000,0.000000,0.000000,0.000000,0.000000
21900.536000,-0.073388,0.106694,0.180689,1.964326,2.135088,0.362543,0.000000,0.000000,0.000000,0.000000,0.000000,0.000000
21900.544000,-0.073385,0.106695,0.180687,1.964315,2.135106,0.362554,0.000000,0.000000,0.000000,0.000000,0.000000,0.000000
21900.552000,-0.073388,0.106690,0.180683,1.964285,2.135086,0.362550,0.000000,0.000000,0.000000,0.000000,0.000000,0.000000
21900.560000,-0.073389,0.106691,0.180692,1.964308,2.135086,0.362520,0.000000,0.000000,0.000000,0.000000,0.000000,0.000000
21900.568000,-0.073387,0.106695,0.180697,1.964336,2.135125,0.362489,0.000000,0.000000,0.000000,0.000000,0.000000,0.000000
21900.576000,-0.073386,0.106694,0.180680,1.964349,2.135032,0.362556,0.000000,0.000000,0.000000,0.000000,0.000000,0.000000
21900.584000,-0.073387,0.106695,0.180687,1.964342,2.135084,0.362558,0.000000,0.000000,0.000000,0.000000,0.000000,0.000000
21900.592000,-0.073385,0.106695,0.180686,1.964369,2.135087,0.362536,0.000000,0.000000,0.000000,0.000000,0.000000,0.000000
21900.600000,-0.073390,0.106692,0.180689,1.964321,2.135134,0.362512,0.000000,0.000000,0.000000,0.000000,0.000000,0.000000
21900.608000,-0.073381,0.106694,0.180677,1.964306,2.135070,0.362612,0.000000,0.000000,0.000000,0.000000,0.000000,0.000000
21900.616000,-0.073387,0.106690,0.180682,1.964233,2.135102,0.362539,0.000000,0.000000,0.000000,0.000000,0.000000,0.000000
21900.624000,-0.073384,0.106695,0.180680,1.964331,2.135072,0.362586,0.000000,0.000000,0.000000,0.000000,0.000000,0.000000
21900.632000,-0.073388,0.106692,0.180686,1.964289,2.135150,0.362524,0.000000,0.000000,0.000000,0.000000,0.000000,0.000000
21900.640000,-0.073393,0.106692,0.180684,1.964245,2.135137,0.362626,0.000000,0.000000,0.000000,0.000000,0.000000,0.000000
21900.648000,-0.073386,0.106695,0.180680,1.964261,2.135128,0.362604,0.000000,0.000000,0.000000,0.000000,0.000000,0.000000
21900.656000,-0.073387,0.106694,0.180683,1.964287,2.135097,0.362567,0.000000,0.000000,0.000000,0.000000,0.000000,0.000000
21900.664000,-0.073389,0.106691,0.180682,1.964289,2.135116,0.362508,0.000000,0.000000,0.000000,0.000000,0.000000,0.000000
21900.672000,-0.073391,0.106691,0.180689,1.964285,2.135117,0.362532,0.000000,0.000000,0.000000,0.000000,0.000000,0.000000
21900.680000,-0.073385,0.106694,0.180681,1.964288,2.135072,0.362593,0.000000,0.000000,0.000000,0.000000,0.000000,0.000000
21900.688000,-0.073395,0.106689,0.180689,1.964272,2.135124,0.362526,0.000000,0.000000,0.000000,0.000000,0.000000,0.000000
21900.696000,-0.073383,0.106695,0.180685,1.964320,2.135052,0.362548,0.000000,0.000000,0.000000,0.000000,0.000000,0.000000
21900.704000,-0.073383,0.106696,0.180686,1.964334,2.135075,0.362565,0.000000,0.000000,0.000000,0.000000,0.000000,0.000000
21900.712000,-0.073387,0.106691,0.180679,1.964257,2.135081,0.362567,0.000000,0.000000,0.000000,0.000000,0.000000,0.000000
21900.720000,-0.073397,0.106690,0.180696,1.964270,2.135181,0.362511,0.000000,0.000000,0.000000,0.000000,0.000000,0.000000
21900.728000,-0.073395,0.106690,0.180684,1.964293,2.135129,0.362558,0.000000,0.000000,0.000000,0.000000,0.000000,0.000000
21900.736000,-0.073385,0.106694,0.180682,1.964302,2.135057,0.362562,0.000000,0.000000,0.000000,0.000000,0.000000,0.000000
21900.744000,-0.073390,0.106693,0.180679,1.964237,2.135153,0.362608,0.000000,0.000000,0.000000,0.000000,0.000000,0.000000
21900.752000,-0.073386,0.106693,0.180677,1.964292,2.135071,0.362568,0.000000,0.000000,0.000000,0.000000,0.000000,0.000000
21900.760000,-0.073387,0.106695,0.180687,1.964344,2.135086,0.362562,0.000000,0.000000,0.000000,0.000000,0.000000,0.000000
21900.768000,-0.073383,0.106694,0.180687,1.964350,2.135059,0.362534,0.000000,0.000000,0.000000,0.000000,0.000000,0.000000
21900.776000,-0.073390,0.106693,0.180686,1.964352,2.135070,0.362580,0.000000,0.000000,0.000000,0.000000,0.000000,0.000000
21900.784000,-0.073388,0.106693,0.180682,1.964273,2.135112,0.362598,0.000000,0.000000,0.000000,0.000000,0.000000,0.000000
21900.792000,-0.073390,0.106694,0.180688,1.964337,2.135079,0.362574,0.000000,0.000000,0.000000,0.000000,0.000000,0.000000
21900.800000,-0.073386,0.106695,0.180691,1.964378,2.135068,0.362521,0.000000,0.000000,0.000000,0.000000,0.000000,0.000000
21900.808000,-0.073393,0.106692,0.180691,1.964299,2.135115,0.362576,0.000000,0.000000,0.000000,0.000000,0.000000,0.000000
21900.816000,-0.073389,0.106696,0.180683,1.964310,2.135110,0.362611,0.000000,0.000000,0.000000,0.000000,0.000000,0.000000
21900.824000,-0.073396,0.106691,0.180689,1.964269,2.135158,0.362566,0.000000,0.000000,0.000000,0.000000,0.000000,0.000000
21900.832000,-0.073388,0.106692,0.180682,1.964284,2.135094,0.362587,0.000000,0.000000,0.000000,0.000000,0.000000,0.000000
21900.840000,-0.073388,0.106692,0.180684,1.964297,2.135108,0.362563,0.000000,0.000000,0.000000,0.000000,0.000000,0.000000
21900.848000,-0.073389,0.106695,0.180685,1.964293,2.135111,0.362592,0.000000,0.000000,0.000000,0.000000,0.000000,0.000000
21900.856000,-0.073389,0.106694,0.180684,1.964271,2.135110,0.362593,0.000000,0.000000,0.000000,0.000000,0.000000,0.000000
21900.864000,-0.073389,0.106690,0.180681,1.964282,2.135113,0.362553,0.000000,0.000000,0.000000,0.000000,0.000000,0.000000
21900.872000,-0.073386,0.106694,0.180686,1.964366,2.135080,0.362524,0.000000,0.000000,0.000000,0.000000,0.000000,0.000000
21900.880000,-0.073383,0.106697,0.180678,1.964318,2.135087,0.362592,0.000000,0.000000,0.000000,0.000000,0.000000,0.000000
21900.888000,-0.073388,0.106691,0.180684,1.964296,2.135136,0.362570,0.000000,0.000000,0.000000,0.000000,0.000000,0.000000
21900.896000,-0.073385,0.106691,0.180685,1.964281,2.135087,0.362574,0.000000,0.000000,0.000000,0.000000,0.000000,0.000000
21900.904000,-0.073384,0.106697,0.180685,1.964335,2.135046,0.362558,0.000000,0.000000,0.000000,0.000000,0.000000,0.000000
21900.912000,-0.073389,0.106690,0.180680,1.964273,2.135108,0.362593,0.000000,0.000000,0.000000,0.000000,0.000000,0.000000
21900.920000,-0.073389,0.106692,0.180691,1.964310,2.135097,0.362565,0.000000,0.000000,0.000000,0.000000,0.000000,0.000000
21900.928000,-0.073381,0.106696,0.180678,1.964365,2.135028,0.362571,0.000000,0.000000,0.000000,0.000000,0.000000,0.000000
21900.936000,-0.073389,0.106694,0.180682,1.964332,2.135098,0.362564,0.000000,0.000000,0.000000,0.000000,0.000000,0.000000
21900.944000,-0.073389,0.106693,0.180687,1.964293,2.135129,0.362529,0.000000,0.000000,0.000000,0.000000,0.000000,0.000000
21900.952000,-0.073383,0.106695,0.180677,1.964324,2.135065,0.362598,0.000000,0.000000,0.000000,0.000000,0.000000,0.000000
21900.960000,-0.073387,0.106690,0.180685,1.964303,2.135046,0.362520,0.000000,0.000000,0.000000,0.000000,0.000000,0.000000
21900.968000,-0.073380,0.106695,0.180674,1.964327,2.135037,0.362595,0.000000,0.000000,0.000000,0.000000,0.000000,0.000000
21900.976000,-0.073391,0.106692,0.180687,1.964308,2.135120,0.362535,0.000000,0.000000,0.000000,0.000000,0.000000,0.000000
21900.984000,-0.073390,0.106694,0.180683,1.964314,2.135110,0.362586,0.000000,0.000000,0.000000,0.000000,0.000000,0.000000
21900.992000,-0.073387,0.106693,0.180689,1.964341,2.135155,0.362476,0.000000,0.000000,0.000000,0.000000,0.000000,0.000000
21901.000000,-0.073393,0.106693,0.180690,1.964281,2.135179,0.362579,0.000000,0.000000,0.000000,0.000000,0.000000,0.000000
21901.008000,-0.073387,0.106692,0.180686,1.964303,2.135140,0.362525,0.000000,0.000000,0.000000,0.000000,0.000000,0.000000
21901.016000,-0.073392,0.106691,0.180687,1.964278,2.135138,0.362551,0.000000,0.000000,0.000000,0.000000,0.000000,0.000000
21901.024000,-0.073388,0.106691,0.180688,1.964283,2.135084,0.362545,0.000000,0.000000,0.000000,0.000000,0.000000,0.000000
21901.032000,-0.073390,0.106693,0.180682,1.964264,2.135131,0.362612,0.000000,0.000000,0.000000,0.000000,0.000000,0.000000
21901.040000,-0.073390,0.106691,0.180686,1.964300,2.135132,0.362513,0.000000,0.000000,0.000000,0.000000,0.000000,0.000000
21901.048000,-0.073391,0.106693,0.180689,1.964331,2.135099,0.362564,0.000000,0.000000,0.000000,0.000000,0.000000,0.000000
21901.056000,-0.073391,0.106692,0.180690,1.964331,2.135089,0.362522,0.000000,0.000000,0.000000,0.000000,0.000000,0.000000
21901.064000,-0.073386,0.106693,0.180684,1.964311,2.135093,0.362533,0.000000,0.000000,0.000000,0.000000,0.000000,0.000000
21901.072000,-0.073386,0.106695,0.180696,1.964366,2.135076,0.362490,0.000000,0.000000,0.000000,0.000000,0.000000,0.000000
21901.080000,-0.073389,0.106695,0.180682,1.964274,2.135117,0.362606,0.000000,0.000000,0.000000,0.000000,0.000000,0.000000
21901.088000,-0.073385,0.106695,0.180687,1.964329,2.135095,0.362556,0.000000,0.000000,0.000000,0.000000,0.000000,0.000000
21901.096000,-0.073387,0.106693,0.180688,1.964301,2.135086,0.362569,0.000000,0.000000,0.000000,0.000000,0.000000,0.000000
21901.104000,-0.073386,0.106692,0.180680,1.964187,2.135147,0.362627,0.000000,0.000000,0.000000,0.000000,0.000000,0.000000
21901.112000,-0.073392,0.106689,0.180683,1.964252,2.135127,0.362536,0.000000,0.000000,0.000000,0.000000,0.000000,0.000000
21901.120000,-0.073384,0.106692,0.180685,1.964289,2.135061,0.362522,0.000000,0.000000,0.000000,0.000000,0.000000,0.000000
21901.128000,-0.073391,0.106693,0.180689,1.964252,2.135165,0.362556,0.000000,0.000000,0.000000,0.000000,0.000000,0.000000
21901.136000,-0.073386,0.106696,0.180694,1.964337,2.135134,0.362530,0.000000,0.000000,0.000000,0.000000,0.000000,0.000000
21901.144000,-0.073391,0.106689,0.180688,1.964299,2.135127,0.362504,0.000000,0.000000,0.000000,0.000000,0.000000,0.000000
21901.152000,-0.073388,0.106690,0.180685,1.964242,2.135121,0.362572,0.000000,0.000000,0.000000,0.000000,0.000000,0.000000
21901.160000,-0.073390,0.106695,0.180689,1.964316,2.135166,0.362547,0.000000,0.000000,0.000000,0.000000,0.000000,0.000000
21901.168000,-0.073393,0.106691,0.180693,1.964276,2.135161,0.362521,0.000000,0.000000,0.000000,0.000000,0.000000,0.000000
21901.176000,-0.073392,0.106689,0.180683,1.964306,2.135084,0.362544,0.000000,0.000000,0.000000,0.000000,0.000000,0.000000
21901.184000,-0.073395,0.106692,0.180690,1.964306,2.135097,0.362590,0.000000,0.000000,0.000000,0.000000,0.000000,0.000000
21901.192000,-0.073390,0.106693,0.180679,1.964230,2.135146,0.362620,0.000000,0.000000,0.000000,0.000000,0.000000,0.000000
21901.200000,-0.073388,0.106691,0.180680,1.964242,2.135117,0.362540,0.000000,0.000000,0.000000,0.000000,0.000000,0.000000
21901.208000,-0.073390,0.106692,0.180685,1.964288,2.135148,0.362520,0.000000,0.000000,0.000000,0.000000,0.000000,0.000000
21901.216000,-0.073396,0.106691,0.180693,1.964328,2.135107,0.362483,0.000000,0.000000,0.000000,0.000000,0.000000,0.000000
21901.224000,-0.073383,0.106693,0.180680,1.964287,2.135062,0.362551,0.000000,0.000000,0.000000,0.000000,0.000000,0.000000
21901.232000,-0.073381,0.106692,0.180681,1.964318,2.135016,0.362557,0.000000,0.000000,0.000000,0.000000,0.000000,0.000000
21901.240000,-0.073391,0.106692,0.180691,1.964297,2.135104,0.362530,0.000000,0.000000,0.000000,0.000000,0.000000,0.000000
21901.248000,-0.073378,0.106695,0.180677,1.964320,2.135006,0.362633,0.000000,0.000000,0.000000,0.000000,0.000000,0.000000
21901.256000,-0.073387,0.106694,0.180686,1.964319,2.135080,0.362555,0.000000,0.000000,0.000000,0.000000,0.000000,0.000000
21901.264000,-0.073388,0.106693,0.180693,1.964320,2.135107,0.362533,0.000000,0.000000,0.000000,0.000000,0.000000,0.000000
21901.272000,-0.073388,0.106692,0.180687,1.964290,2.135121,0.362516,0.000000,0.000000,0.000000,0.000000,0.000000,0.000000
21901.280000,-0.073389,0.106694,0.180691,1.964323,2.135139,0.362520,0.000000,0.000000,0.000000,0.000000,0.000000,0.000000
21901.288000,-0.073391,0.106692,0.180689,1.964315,2.135106,0.362582,0.000000,0.000000,0.000000,0.000000,0.000000,0.000000
21901.296000,-0.073389,0.106693,0.180685,1.964334,2.135096,0.362535,0.000000,0.000000,0.000000,0.000000,0.000000,0.000000
21901.304000,-0.073386,0.106694,0.180679,1.964247,2.135104,0.362587,0.000000,0.000000,0.000000,0.000000,0.000000,0.000000
21901.312000,-0.073390,0.106695,0.180688,1.964313,2.135108,0.362582,0.000000,0.000000,0.000000,0.000000,0.000000,0.000000
21901.320000,-0.073386,0.106695,0.180683,1.964358,2.135046,0.362557,0.000000,0.000000,0.000000,0.000000,0.000000,0.000000
21901.328000,-0.073392,0.106691,0.180686,1.964298,2.135159,0.362516,0.000000,0.000000,0.000000,0.000000,0.000000,0.000000
21901.336000,-0.073384,0.106696,0.180687,1.964348,2.135116,0.362520,0.000000,0.000000,0.000000,0.000000,0.000000,0.000000
21901.344000,-0.073386,0.106696,0.180674,1.964340,2.135061,0.362612,0.000000,0.000000,0.000000,0.000000,0.000000,0.000000
21901.352000,-0.073384,0.106693,0.180681,1.964244,2.135097,0.362574,0.000000,0.000000,0.000000,0.000000,0.000000,0.000000
21901.360000,-0.073384,0.106694,0.180674,1.964335,2.135046,0.362587,0.000000,0.000000,0.000000,0.000000,0.000000,0.000000
21901.368000,-0.073387,0.106689,0.180681,1.964269,2.135065,0.362561,0.000000,0.000000,0.000000,0.000000,0.000000,0.000000
21901.376000,-0.073389,0.106692,0.180687,1.964290,2.135126,0.362549,0.000000,0.000000,0.000000,0.000000,0.000000,0.000000
21901.384000,-0.073393,0.106692,0.180691,1.964300,2.135167,0.362528,0.000000,0.000000,0.000000,0.000000,0.000000,0.000000
21901.392000,-0.073387,0.106694,0.180687,1.964338,2.135126,0.362494,0.000000,0.000000,0.000000,0.000000,0.000000,0.000000
21901.400000,-0.073386,0.106695,0.180686,1.964330,2.135121,0.362534,0.000000,0.000000,0.000000,0.000000,0.000000,0.000000
21901.408000,-0.073391,0.106692,0.180686,1.964295,2.135106,0.362559,0.000000,0.000000,0.000000,0.000000,0.000000,0.000000
21901.416000,-0.073391,0.106690,0.180687,1.964309,2.135088,0.362524,0.000000,0.000000,0.000000,0.000000,0.000000,0.000000
21901.424000,-0.073384,0.106690,0.180685,1.964285,2.135111,0.362524,0.000000,0.000000,0.000000,0.000000,0.000000,0.000000
21901.432000,-0.073384,0.106699,0.180687,1.964374,2.135071,0.362550,0.000000,0.000000,0.000000,0.000000,0.000000,0.000000
21901.440000,-0.073383,0.106689,0.180683,1.964305,2.135048,0.362525,0.000000,0.000000,0.000000,0.000000,0.000000,0.000000
21901.448000,-0.073382,0.106697,0.180686,1.964325,2.135095,0.362580,0.000000,0.000000,0.000000,0.000000,0.000000,0.000000
21901.456000,-0.073388,0.106691,0.180685,1.964308,2.135065,0.362578,0.000000,0.000000,0.000000,0.000000,0.000000,0.000000
21901.464000,-0.073391,0.106693,0.180694,1.964314,2.135100,0.362545,0.000000,0.000000,0.000000,0.000000,0.000000,0.000000
21901.472000,-0.073382,0.106692,0.180670,1.964231,2.135062,0.362656,0.000000,0.000000,0.000000,0.000000,0.000000,0.000000
21901.480000,-0.073390,0.106690,0.180687,1.964304,2.135107,0.362514,0.000000,0.000000,0.000000,0.000000,0.000000,0.000000
21901.488000,-0.073391,0.106691,0.180688,1.964267,2.135122,0.362546,0.000000,0.000000,0.000000,0.000000,0.000000,0.000000
21901.496000,-0.073384,0.106691,0.180685,1.964330,2.135084,0.362514,0.000000,0.000000,0.000000,0.000000,0.000000,0.000000
21901.504000,-0.073391,0.106690,0.180682,1.964309,2.135116,0.362531,0.000000,0.000000,0.000000,0.000000,0.000000,0.000000
21901.512000,-0.073383,0.106692,0.180680,1.964246,2.135074,0.362604,0.000000,0.000000,0.000000,0.000000,0.000000,0.000000
21901.520000,-0.073394,0.106692,0.180692,1.964299,2.135140,0.362550,0.000000,0.000000,0.000000,0.000000,0.000000,0.000000
21901.528000,-0.073389,0.106692,0.180688,1.964311,2.135068,0.362558,0.000000,0.000000,0.000000,0.000000,0.000000,0.000000
21901.536000,-0.073389,0.106691,0.180688,1.964322,2.135100,0.362496,0.000000,0.000000,0.000000,0.000000,0.000000,0.000000
21901.544000,-0.073382,0.106692,0.180675,1.964246,2.135074,0.362604,0.000000,0.000000,0.000000,0.000000,0.000000,0.000000
21901.552000,-0.073388,0.106693,0.180677,1.964251,2.135093,0.362662,0.000000,0.000000,0.000000,0.000000,0.000000,0.000000
21901.560000,-0.073386,0.106691,0.180678,1.964268,2.135072,0.362598,0.000000,0.000000,0.000000,0.000000,0.000000,0.000000
21901.568000,-0.073384,0.106691,0.180678,1.964281,2.135062,0.362600,0.000000,0.000000,0.000000,0.000000,0.000000,0.000000
21901.576000,-0.073387,0.106693,0.180686,1.964304,2.135135,0.362493,0.000000,0.000000,0.000000,0.000000,0.000000,0.000000
21901.584000,-0.073386,0.106691,0.180680,1.964278,2.135113,0.362577,0.000000,0.000000,0.000000,0.000000,0.000000,0.000000
21901.592000,-0.073382,0.106697,0.180679,1.964269,2.135115,0.362626,0.000000,0.000000,0.000000,0.000000,0.000000,0.000000
21901.600000,-0.073389,0.106690,0.180683,1.964264,2.135115,0.362534,0.000000,0.000000,0.000000,0.000000,0.000000,0.000000
21901.608000,-0.073388,0.106689,0.180685,1.964266,2.135092,0.362564,0.000000,0.000000,0.000000,0.000000,0.000000,0.000000
21901.616000,-0.073393,0.106692,0.180694,1.964355,2.135120,0.362504,0.000000,0.000000,0.000000,0.000000,0.000000,0.000000
21901.624000,-0.073390,0.106691,0.180685,1.964260,2.135115,0.362558,0.000000,0.000000,0.000000,0.000000,0.000000,0.000000
21901.632000,-0.073388,0.106690,0.180687,1.964306,2.135078,0.362507,0.000000,0.000000,0.000000,0.000000,0.000000,0.000000
21901.640000,-0.073389,0.106694,0.180688,1.964304,2.135145,0.362534,0.000000,0.000000,0.000000,0.000000,0.000000,0.000000
21901.648000,-0.073393,0.106691,0.180687,1.964258,2.135117,0.362587,0.000000,0.000000,0.000000,0.000000,0.000000,0.000000
21901.656000,-0.073386,0.106692,0.180684,1.964295,2.135096,0.362518,0.000000,0.000000,0.000000,0.000000,0.000000,0.000000
21901.664000,-0.073381,0.106697,0.180676,1.964294,2.135058,0.362611,0.000000,0.000000,0.000000,0.000000,0.000000,0.000000
21901.672000,-0.073392,0.106692,0.180683,1.964261,2.135149,0.362574,0.000000,0.000000,0.000000,0.000000,0.000000,0.000000
21901.680000,-0.073394,0.106689,0.180693,1.964317,2.135125,0.362523,0.000000,0.000000,0.000000,0.000000,0.000000,0.000000
21901.688000,-0.073393,0.106685,0.180686,1.964214,2.135158,0.362529,0.000000,0.000000,0.000000,0.000000,0.000000,0.000000
21901.696000,-0.073386,0.106691,0.180681,1.964294,2.135100,0.362551,0.000000,0.000000,0.000000,0.000000,0.000000,0.000000
21901.704000,-0.073391,0.106693,0.180681,1.964327,2.135093,0.362580,0.000000,0.000000,0.000000,0.000000,0.000000,0.000000
21901.712000,-0.073385,0.106695,0.180674,1.964250,2.135111,0.362599,0.000000,0.000000,0.000000,0.000000,0.000000,0.000000
21901.720000,-0.073388,0.106693,0.180684,1.964300,2.135111,0.362543,0.000000,0.000000,0.000000,0.000000,0.000000,0.000000
21901.728000,-0.073397,0.106691,0.180695,1.964309,2.135172,0.362487,0.000000,0.000000,0.000000,0.000000,0.000000,0.000000
21901.736000,-0.073380,0.106698,0.180680,1.964274,2.135120,0.362610,0.000000,0.000000,0.000000,0.000000,0.000000,0.000000
21901.744000,-0.073383,0.106695,0.180678,1.964379,2.135017,0.362573,0.000000,0.000000,0.000000,0.000000,0.000000,0.000000
21901.752000,-0.073385,0.106693,0.180681,1.964291,2.135096,0.362542,0.000000,0.000000,0.000000,0.000000,0.000000,0.000000
21901.760000,-0.073385,0.106693,0.180681,1.964255,2.135089,0.362605,0.000000,0.000000,0.000000,0.000000,0.000000,0.000000
21901.768000,-0.073387,0.106691,0.180674,1.964279,2.135088,0.362603,0.000000,0.000000,0.000000,0.000000,0.000000,0.000000
21901.776000,-0.073388,0.106694,0.180683,1.964246,2.135167,0.362609,0.000000,0.000000,0.000000,0.000000,0.000000,0.000000
21901.784000,-0.073384,0.106694,0.180680,1.964334,2.135096,0.362535,0.000000,0.000000,0.000000,0.000000,0.000000,0.000000
21901.792000,-0.073388,0.106693,0.180692,1.964288,2.135124,0.362545,0.000000,0.000000,0.000000,0.000000,0.000000,0.000000
21901.800000,-0.073390,0.106692,0.180693,1.964310,2.135118,0.362506,0.000000,0.000000,0.000000,0.000000,0.000000,0.000000
21901.808000,-0.073388,0.106692,0.180686,1.964293,2.135099,0.362546,0.000000,0.000000,0.000000,0.000000,0.000000,0.000000
21901.816000,-0.073382,0.106693,0.180681,1.964309,2.135095,0.362561,0.000000,0.000000,0.000000,0.000000,0.000000,0.000000
21901.824000,-0.073388,0.106691,0.180679,1.964254,2.135108,0.362570,0.000000,0.000000,0.000000,0.000000,0.000000,0.000000
21901.832000,-0.073390,0.106692,0.180688,1.964316,2.135129,0.362527,0.000000,0.000000,0.000000,0.000000,0.000000,0.000000
21901.840000,-0.073385,0.106695,0.180684,1.964297,2.135111,0.362568,0.000000,0.000000,0.000000,0.000000,0.000000,0.000000
21901.848000,-0.073382,0.106695,0.180672,1.964289,2.134993,0.362638,0.000000,0.000000,0.000000,0.000000,0.000000,0.000000
21901.856000,-0.073389,0.106695,0.180680,1.964293,2.135061,0.362644,0.000000,0.000000,0.000000,0.000000,0.000000,0.000000
21901.864000,-0.073402,0.106686,0.180698,1.964193,2.135218,0.362496,0.000000,0.000000,0.000000,0.000000,0.000000,0.000000
21901.872000,-0.073392,0.106693,0.180698,1.964366,2.135132,0.362476,0.000000,0.000000,0.000000,0.000000,0.000000,0.000000
21901.880000,-0.073383,0.106692,0.180678,1.964325,2.134998,0.362571,0.000000,0.000000,0.000000,0.000000,0.000000,0.000000
21901.888000,-0.073393,0.106693,0.180694,1.964351,2.135120,0.362528,0.000000,0.000000,0.000000,0.000000,0.000000,0.000000
21901.896000,-0.073390,0.106692,0.180689,1.964336,2.135125,0.362518,0.000000,0.000000,0.000000,0.000000,0.000000,0.000000
21901.904000,-0.073387,0.106693,0.180682,1.964282,2.135092,0.362583,0.000000,0.000000,0.000000,0.000000,0.000000,0.000000
21901.912000,-0.073390,0.106693,0.180685,1.964291,2.135110,0.362616,0.000000,0.000000,0.000000,0.000000,0.000000,0.000000
21901.920000,-0.073386,0.106695,0.180683,1.964344,2.135061,0.362588,0.000000,0.000000,0.000000,0.000000,0.000000,0.000000
21901.928000,-0.073388,0.106688,0.180688,1.964254,2.135154,0.362514,0.000000,0.000000,0.000000,0.000000,0.000000,0.000000
21901.936000,-0.073386,0.106693,0.180684,1.964308,2.135095,0.362561,0.000000,0.000000,0.000000,0.000000,0.000000,0.000000
21901.944000,-0.073389,0.106695,0.180690,1.964263,2.135135,0.362616,0.000000,0.000000,0.000000,0.000000,0.000000,0.000000
21901.952000,-0.073386,0.106692,0.180673,1.964314,2.134995,0.362640,0.000000,0.000000,0.000000,0.000000,0.000000,0.000000
21901.960000,-0.073385,0.106693,0.180684,1.964331,2.135114,0.362497,0.000000,0.000000,0.000000,0.000000,0.000000,0.000000
21901.968000,-0.073388,0.106692,0.180682,1.964251,2.135084,0.362620,0.000000,0.000000,0.000000,0.000000,0.000000,0.000000
21901.976000,-0.073388,0.106695,0.180689,1.964309,2.135074,0.362591,0.000000,0.000000,0.000000,0.000000,0.000000,0.000000
21901.984000,-0.073390,0.106692,0.180688,1.964305,2.135086,0.362544,0.000000,0.000000,0.000000,0.000000,0.000000,0.000000
21901.992000,-0.073386,0.106695,0.180681,1.964322,2.135087,0.362568,0.000000,0.000000,0.000000,0.000000,0.000000,0.000000
21902.000000,-0.073390,0.106692,0.180682,1.964270,2.135104,0.362585,0.000000,0.000000,0.000000,0.000000,0.000000,0.000000
21902.008000,-0.073387,0.106692,0.180682,1.964252,2.135106,0.362566,0.000000,0.000000,0.000000,0.000000,0.000000,0.000000
21902.016000,-0.073386,0.106691,0.180680,1.964257,2.135056,0.362593,0.000000,0.000000,0.000000,0.000000,0.000000,0.000000
21902.024000,-0.073395,0.106687,0.180682,1.964220,2.135148,0.362581,0.000000,0.000000,0.000000,0.000000,0.000000,0.000000
21902.032000,-0.073391,0.106694,0.180689,1.964355,2.135129,0.362545,0.000000,0.000000,0.000000,0.000000,0.000000,0.000000
21902.040000,-0.073390,0.106690,0.180683,1.964282,2.135113,0.362553,0.000000,0.000000,0.000000,0.000000,0.000000,0.000000
21902.048000,-0.073384,0.106691,0.180679,1.964280,2.135050,0.362555,0.000000,0.000000,0.000000,0.000000,0.000000,0.000000
21902.056000,-0.073384,0.106695,0.180683,1.964353,2.135041,0.362573,0.000000,0.000000,0.000000,0.000000,0.000000,0.000000
21902.064000,-0.073388,0.106693,0.180683,1.964270,2.135138,0.362600,0.000000,0.000000,0.000000,0.000000,0.000000,0.000000
21902.072000,-0.073392,0.106689,0.180683,1.964252,2.135127,0.362536,0.000000,0.000000,0.000000,0.000000,0.000000,0.000000
21902.080000,-0.073382,0.106694,0.180679,1.964297,2.135052,0.362578,0.000000,0.000000,0.000000,0.000000,0.000000,0.000000
21902.088000,-0.073381,0.106692,0.180680,1.964280,2.135084,0.362570,0.000000,0.000000,0.000000,0.000000,0.000000,0.000000
21902.096000,-0.073388,0.106692,0.180688,1.964305,2.135086,0.362544,0.000000,0.000000,0.000000,0.000000,0.000000,0.000000
21902.104000,-0.073392,0.106690,0.180689,1.964296,2.135098,0.362522,0.000000,0.000000,0.000000,0.000000,0.000000,0.000000
21902.112000,-0.073395,0.106689,0.180689,1.964261,2.135192,0.362484,0.000000,0.000000,0.000000,0.000000,0.000000,0.000000
21902.120000,-0.073393,0.106692,0.180697,1.964361,2.135152,0.362466,0.000000,0.000000,0.000000,0.000000,0.000000,0.000000
21902.128000,-0.073386,0.106689,0.180680,1.964228,2.135122,0.362529,0.000000,0.000000,0.000000,0.000000,0.000000,0.000000
21902.136000,-0.073387,0.106691,0.180689,1.964326,2.135050,0.362523,0.000000,0.000000,0.000000,0.000000,0.000000,0.000000
21902.144000,-0.073385,0.106694,0.180683,1.964292,2.135102,0.362551,0.000000,0.000000,0.000000,0.000000,0.000000,0.000000
21902.152000,-0.073389,0.106689,0.180684,1.964243,2.135147,0.362551,0.000000,0.000000,0.000000,0.000000,0.000000,0.000000
21902.160000,-0.073394,0.106689,0.180694,1.964297,2.135150,0.362474,0.000000,0.000000,0.000000,0.000000,0.000000,0.000000
21902.168000,-0.073382,0.106690,0.180679,1.964272,2.135072,0.362574,0.000000,0.000000,0.000000,0.000000,0.000000,0.000000
21902.176000,-0.073390,0.106688,0.180691,1.964305,2.135100,0.362477,0.000000,0.000000,0.000000,0.000000,0.000000,0.000000
21902.184000,-0.073389,0.106694,0.180685,1.964285,2.135145,0.362511,0.000000,0.000000,0.000000,0.000000,0.000000,0.000000
21902.192000,-0.073394,0.106692,0.180688,1.964245,2.135162,0.362600,0.000000,0.000000,0.000000,0.000000,0.000000,0.000000
21902.200000,-0.073391,0.106694,0.180683,1.964293,2.135142,0.362603,0.000000,0.000000,0.000000,0.000000,0.000000,0.000000
21902.208000,-0.073387,0.106691,0.180688,1.964308,2.135061,0.362545,0.000000,0.000000,0.000000,0.000000,0.000000,0.000000
21902.216000,-0.073385,0.106693,0.180680,1.964289,2.135099,0.362571,0.000000,0.000000,0.000000,0.000000,0.000000,0.000000
21902.224000,-0.073387,0.106693,0.180681,1.964262,2.135096,0.362593,0.000000,0.000000,0.000000,0.000000,0.000000,0.000000
21902.232000,-0.073387,0.106695,0.180686,1.964301,2.135120,0.362584,0.000000,0.000000,0.000000,0.000000,0.000000,0.000000
21902.240000,-0.073391,0.106690,0.180685,1.964312,2.135065,0.362554,0.000000,0.000000,0.000000,0.000000,0.000000,0.000000
21902.248000,-0.073387,0.106693,0.180683,1.964275,2.135110,0.362569,0.000000,0.000000,0.000000,0.000000,0.000000,0.000000
21902.256000,-0.073391,0.106691,0.180687,1.964326,2.135084,0.362538,0.000000,0.000000,0.000000,0.000000,0.000000,0.000000
21902.264000,-0.073384,0.106696,0.180683,1.964334,2.135075,0.362566,0.000000,0.000000,0.000000,0.000000,0.000000,0.000000
21902.272000,-0.073384,0.106692,0.180679,1.964273,2.135077,0.362582,0.000000,0.000000,0.000000,0.000000,0.000000,0.000000
21902.280000,-0.073386,0.106697,0.180687,1.964399,2.135044,0.362546,0.000000,0.000000,0.000000,0.000000,0.000000,0.000000
21902.288000,-0.073391,0.106691,0.180678,1.964227,2.135143,0.362640,0.000000,0.000000,0.000000,0.000000,0.000000,0.000000
21902.296000,-0.073388,0.106691,0.180688,1.964301,2.135083,0.362564,0.000000,0.000000,0.000000,0.000000,0.000000,0.000000
21902.304000,-0.073395,0.106690,0.180690,1.964228,2.135242,0.362512,0.000000,0.000000,0.000000,0.000000,0.000000,0.000000
21902.312000,-0.073386,0.106690,0.180684,1.964300,2.135073,0.362523,0.000000,0.000000,0.000000,0.000000,0.000000,0.000000
21902.320000,-0.073390,0.106692,0.180684,1.964311,2.135093,0.362533,0.000000,0.000000,0.000000,0.000000,0.000000,0.000000
21902.328000,-0.073386,0.106693,0.180681,1.964254,2.135138,0.362553,0.000000,0.000000,0.000000,0.000000,0.000000,0.000000
21902.336000,-0.073392,0.106689,0.180683,1.964216,2.135169,0.362546,0.000000,0.000000,0.000000,0.000000,0.000000,0.000000
21902.344000,-0.073383,0.106695,0.180683,1.964284,2.135072,0.362617,0.000000,0.000000,0.000000,0.000000,0.000000,0.000000
21902.352000,-0.073384,0.106693,0.180672,1.964231,2.135083,0.362598,0.000000,0.000000,0.000000,0.000000,0.000000,0.000000
21902.360000,-0.073379,0.106694,0.180675,1.964270,2.135049,0.362600,0.000000,0.000000,0.000000,0.000000,0.000000,0.000000
21902.368000,-0.073389,0.106691,0.180681,1.964283,2.135109,0.362520,0.000000,0.000000,0.000000,0.000000,0.000000,0.000000
21902.376000,-0.073394,0.106688,0.180693,1.964264,2.135171,0.362519,0.000000,0.000000,0.000000,0.000000,0.000000,0.000000
21902.384000,-0.073395,0.106692,0.180699,1.964350,2.135111,0.362486,0.000000,0.000000,0.000000,0.000000,0.000000,0.000000
21902.392000,-0.073390,0.106692,0.180685,1.964315,2.135127,0.362524,0.000000,0.000000,0.000000,0.000000,0.000000,0.000000
21902.400000,-0.073391,0.106690,0.180682,1.964251,2.135101,0.362558,0.000000,0.000000,0.000000,0.000000,0.000000,0.000000
21902.408000,-0.073386,0.106693,0.180685,1.964319,2.135046,0.362539,0.000000,0.000000,0.000000,0.000000,0.000000,0.000000
21902.416000,-0.073389,0.106692,0.180684,1.964293,2.135074,0.362572,0.000000,0.000000,0.000000,0.000000,0.000000,0.000000
21902.424000,-0.073388,0.106693,0.180689,1.964295,2.135106,0.362559,0.000000,0.000000,0.000000,0.000000,0.000000,0.000000
21902.432000,-0.073389,0.106692,0.180681,1.964274,2.135138,0.362576,0.000000,0.000000,0.000000,0.000000,0.000000,0.000000
21902.440000,-0.073388,0.106693,0.180680,1.964304,2.135099,0.362618,0.000000,0.000000,0.000000,0.000000,0.000000,0.000000
21902.448000,-0.073381,0.106698,0.180679,1.964301,2.135049,0.362666,0.000000,0.000000,0.000000,0.000000,0.000000,0.000000
21902.456000,-0.073384,0.106695,0.180686,1.964295,2.135109,0.362563,0.000000,0.000000,0.000000,0.000000,0.000000,0.000000
21902.464000,-0.073390,0.106695,0.180685,1.964323,2.135148,0.362561,0.000000,0.000000,0.000000,0.000000,0.000000,0.000000
21902.472000,-0.073395,0.106692,0.180690,1.964283,2.135177,0.362550,0.000000,0.000000,0.000000,0.000000,0.000000,0.000000
21902.480000,-0.073387,0.106692,0.180683,1.964286,2.135091,0.362558,0.000000,0.000000,0.000000,0.000000,0.000000,0.000000
21902.488000,-0.073385,0.106695,0.180688,1.964351,2.135089,0.362517,0.000000,0.000000,0.000000,0.000000,0.000000,0.000000
21902.496000,-0.073387,0.106693,0.180683,1.964284,2.135089,0.362554,0.000000,0.000000,0.000000,0.000000,0.000000,0.000000
21902.504000,-0.073390,0.106695,0.180689,1.964342,2.135084,0.362558,0.000000,0.000000,0.000000,0.000000,0.000000,0.000000
21902.512000,-0.073390,0.106690,0.180685,1.964256,2.135110,0.362574,0.000000,0.000000,0.000000,0.000000,0.000000,0.000000
21902.520000,-0.073395,0.106692,0.180684,1.964282,2.135092,0.362583,0.000000,0.000000,0.000000,0.000000,0.000000,0.000000
21902.528000,-0.073382,0.106694,0.180681,1.964270,2.135074,0.362574,0.000000,0.000000,0.000000,0.000000,0.000000,0.000000
21902.536000,-0.073390,0.106693,0.180683,1.964271,2.135135,0.362568,0.000000,0.000000,0.000000,0.000000,0.000000,0.000000
21902.544000,-0.073391,0.106693,0.180687,1.964352,2.135095,0.362554,0.000000,0.000000,0.000000,0.000000,0.000000,0.000000
21902.552000,-0.073386,0.106695,0.180683,1.964335,2.135077,0.362570,0.000000,0.000000,0.000000,0.000000,0.000000,0.000000
21902.560000,-0.073389,0.106693,0.180685,1.964308,2.135120,0.362536,0.000000,0.000000,0.000000,0.000000,0.000000,0.000000
21902.568000,-0.073391,0.106691,0.180689,1.964260,2.135140,0.362532,0.000000,0.000000,0.000000,0.000000,0.000000,0.000000
21902.576000,-0.073384,0.106694,0.180674,1.964282,2.135040,0.362630,0.000000,0.000000,0.000000,0.000000,0.000000,0.000000
21902.584000,-0.073382,0.106696,0.180683,1.964266,2.135083,0.362640,0.000000,0.000000,0.000000,0.000000,0.000000,0.000000
21902.592000,-0.073388,0.106694,0.180684,1.964336,2.135107,0.362581,0.000000,0.000000,0.000000,0.000000,0.000000,0.000000
21902.600000,-0.073380,0.106694,0.180677,1.964338,2.135020,0.362584,0.000000,0.000000,0.000000,0.000000,0.000000,0.000000
21902.608000,-0.073381,0.106697,0.180678,1.964279,2.135070,0.362637,0.000000,0.000000,0.000000,0.000000,0.000000,0.000000
21902.616000,-0.073382,0.106692,0.180677,1.964277,2.135087,0.362599,0.000000,0.000000,0.000000,0.000000,0.000000,0.000000
21902.624000,-0.073389,0.106690,0.180686,1.964275,2.135155,0.362513,0.000000,0.000000,0.000000,0.000000,0.000000,0.000000
21902.632000,-0.073389,0.106691,0.180685,1.964282,2.135082,0.362541,0.000000,0.000000,0.000000,0.000000,0.000000,0.000000
21902.640000,-0.073379,0.106696,0.180676,1.964309,2.135049,0.362617,0.000000,0.000000,0.000000,0.000000,0.000000,0.000000
21902.648000,-0.073382,0.106695,0.180688,1.964320,2.135052,0.362548,0.000000,0.000000,0.000000,0.000000,0.000000,0.000000
21902.656000,-0.073383,0.106695,0.180691,1.964299,2.135081,0.362532,0.000000,0.000000,0.000000,0.000000,0.000000,0.000000
21902.664000,-0.073381,0.106695,0.180684,1.964360,2.135048,0.362561,0.000000,0.000000,0.000000,0.000000,0.000000,0.000000
21902.672000,-0.073387,0.106690,0.180680,1.964238,2.135111,0.362556,0.000000,0.000000,0.000000,0.000000,0.000000,0.000000
21902.680000,-0.073380,0.106698,0.180681,1.964305,2.135043,0.362605,0.000000,0.000000,0.000000,0.000000,0.000000,0.000000
21902.688000,-0.073387,0.106695,0.180686,1.964346,2.135118,0.362549,0.000000,0.000000,0.000000,0.000000,0.000000,0.000000
21902.696000,-0.073394,0.106690,0.180687,1.964273,2.135109,0.362593,0.000000,0.000000,0.000000,0.000000,0.000000,0.000000
21902.704000,-0.073393,0.106689,0.180685,1.964239,2.135088,0.362586,0.000000,0.000000,0.000000,0.000000,0.000000,0.000000
21902.712000,-0.073394,0.106689,0.180689,1.964278,2.135155,0.362488,0.000000,0.000000,0.000000,0.000000,0.000000,0.000000
21902.720000,-0.073394,0.106689,0.180689,1.964278,2.135155,0.362488,0.000000,0.000000,0.000000,0.000000,0.000000,0.000000
21902.728000,-0.073390,0.106691,0.180687,1.964332,2.135095,0.362559,0.000000,0.000000,0.000000,0.000000,0.000000,0.000000
21902.736000,-0.073389,0.106694,0.180682,1.964262,2.135130,0.362608,0.000000,0.000000,0.000000,0.000000,0.000000,0.000000
21902.744000,-0.073388,0.106694,0.180686,1.964311,2.135152,0.362522,0.000000,0.000000,0.000000,0.000000,0.000000,0.000000
21902.752000,-0.073388,0.106694,0.180686,1.964311,2.135152,0.362522,0.000000,0.000000,0.000000,0.000000,0.000000,0.000000
21902.760000,-0.073390,0.106693,0.180688,1.964325,2.135092,0.362576,0.000000,0.000000,0.000000,0.000000,0.000000,0.000000
21902.768000,-0.073384,0.106693,0.180670,1.964249,2.135060,0.362675,0.000000,0.000000,0.000000,0.000000,0.000000,0.000000
21902.776000,-0.073386,0.106691,0.180682,1.964272,2.135106,0.362589,0.000000,0.000000,0.000000,0.000000,0.000000,0.000000
21902.784000,-0.073386,0.106693,0.180688,1.964283,2.135139,0.362502,0.000000,0.000000,0.000000,0.000000,0.000000,0.000000
21902.800000,-0.073389,0.106692,0.180680,1.964259,2.135151,0.362602,0.000000,0.000000,0.000000,0.000000,0.000000,0.000000
21902.800000,-0.073389,0.106692,0.180680,1.964259,2.135151,0.362602,0.000000,0.000000,0.000000,0.000000,0.000000,0.000000
21902.808000,-0.073388,0.106692,0.180694,1.964284,2.135115,0.362528,0.000000,0.000000,0.000000,0.000000,0.000000,0.000000
21902.816000,-0.073387,0.106695,0.180686,1.964323,2.135139,0.362520,0.000000,0.000000,0.000000,0.000000,0.000000,0.000000
21902.824000,-0.073387,0.106690,0.180678,1.964321,2.135044,0.362539,0.000000,0.000000,0.000000,0.000000,0.000000,0.000000
21902.840000,-0.073391,0.106693,0.180683,1.964290,2.135135,0.362590,0.000000,0.000000,0.000000,0.000000,0.000000,0.000000
21902.840000,-0.073391,0.106693,0.180683,1.964290,2.135135,0.362590,0.000000,0.000000,0.000000,0.000000,0.000000,0.000000
21902.848000,-0.073390,0.106691,0.180680,1.964301,2.135083,0.362564,0.000000,0.000000,0.000000,0.000000,0.000000,0.000000
21902.856000,-0.073391,0.106690,0.180694,1.964323,2.135077,0.362526,0.000000,0.000000,0.000000,0.000000,0.000000,0.000000
21902.864000,-0.073386,0.106695,0.180686,1.964369,2.135087,0.362536,0.000000,0.000000,0.000000,0.000000,0.000000,0.000000
21902.872000,-0.073392,0.106689,0.180687,1.964275,2.135122,0.362497,0.000000,0.000000,0.000000,0.000000,0.000000,0.000000
21902.888000,-0.073390,0.106691,0.180682,1.964293,2.135074,0.362572,0.000000,0.000000,0.000000,0.000000,0.000000,0.000000
21902.888000,-0.073390,0.106691,0.180682,1.964293,2.135074,0.362572,0.000000,0.000000,0.000000,0.000000,0.000000,0.000000
21902.904000,-0.073389,0.106694,0.180688,1.964339,2.135101,0.362519,0.000000,0.000000,0.000000,0.000000,0.000000,0.000000
21902.904000,-0.073389,0.106694,0.180688,1.964339,2.135101,0.362519,0.000000,0.000000,0.000000,0.000000,0.000000,0.000000
21902.920000,-0.073389,0.106689,0.180683,1.964240,2.135089,0.362585,0.000000,0.000000,0.000000,0.000000,0.000000,0.000000
21902.920000,-0.073389,0.106689,0.180683,1.964240,2.135089,0.362585,0.000000,0.000000,0.000000,0.000000,0.000000,0.000000
21902.936000,-0.073386,0.106694,0.180681,1.964292,2.135081,0.362609,0.000000,0.000000,0.000000,0.000000,0.000000,0.000000
21902.944000,-0.073385,0.106692,0.180684,1.964315,2.135068,0.362534,0.000000,0.000000,0.000000,0.000000,0.000000,0.000000
21902.944000,-0.073385,0.106692,0.180684,1.964315,2.135068,0.362534,0.000000,0.000000,0.000000,0.000000,0.000000,0.000000
21902.952000,-0.073389,0.106689,0.180677,1.964170,2.135145,0.362604,0.000000,0.000000,0.000000,0.000000,0.000000,0.000000
21902.960000,-0.073387,0.106691,0.180677,1.964229,2.135141,0.362612,0.000000,0.000000,0.000000,0.000000,0.000000,0.000000
21902.968000,-0.073389,0.106693,0.180691,1.964345,2.135050,0.362517,0.000000,0.000000,0.000000,0.000000,0.000000,0.000000
21902.984000,-0.073385,0.106690,0.180680,1.964301,2.135048,0.362549,0.000000,0.000000,0.000000,0.000000,0.000000,0.000000
21902.992000,-0.073389,0.106689,0.180683,1.964286,2.135088,0.362554,0.000000,0.000000,0.000000,0.000000,0.000000,0.000000
21903.000000,-0.073389,0.106691,0.180684,1.964285,2.135120,0.362565,0.000000,0.000000,0.000000,0.000000,0.000000,0.000000
21903.008000,-0.073389,0.106694,0.180685,1.964323,2.135114,0.362546,0.000000,0.000000,0.000000,0.000000,0.000000,0.000000
21903.008000,-0.073389,0.106694,0.180685,1.964323,2.135114,0.362546,0.000000,0.000000,0.000000,0.000000,0.000000,0.000000
21903.016000,-0.073391,0.106692,0.180679,1.964261,2.135124,0.362600,0.000000,0.000000,0.000000,0.000000,0.000000,0.000000
21903.024000,-0.073382,0.106693,0.180672,1.964274,2.135111,0.362598,0.000000,0.000000,0.000000,0.000000,0.000000,0.000000
21903.040000,-0.073388,0.106693,0.180684,1.964259,2.135147,0.362570,0.000000,0.000000,0.000000,0.000000,0.000000,0.000000
21903.040000,-0.073388,0.106693,0.180684,1.964259,2.135147,0.362570,0.000000,0.000000,0.000000,0.000000,0.000000,0.000000
21903.048000,-0.073388,0.106693,0.180691,1.964320,2.135083,0.362559,0.000000,0.000000,0.000000,0.000000,0.000000,0.000000
21903.056000,-0.073384,0.106694,0.180685,1.964351,2.135054,0.362502,0.000000,0.000000,0.000000,0.000000,0.000000,0.000000
21903.072000,-0.073390,0.106691,0.180679,1.964272,2.135106,0.362589,0.000000,0.000000,0.000000,0.000000,0.000000,0.000000
21903.072000,-0.073390,0.106691,0.180679,1.964272,2.135106,0.362589,0.000000,0.000000,0.000000,0.000000,0.000000,0.000000
21903.088000,-0.073383,0.106692,0.180687,1.964323,2.135022,0.362540,0.000000,0.000000,0.000000,0.000000,0.000000,0.000000
21903.088000,-0.073383,0.106692,0.180687,1.964323,2.135022,0.362540,0.000000,0.000000,0.000000,0.000000,0.000000,0.000000
21903.104000,-0.073386,0.106693,0.180685,1.964292,2.135072,0.362568,0.000000,0.000000,0.000000,0.000000,0.000000,0.000000
21903.112000,-0.073383,0.106694,0.180681,1.964315,2.135050,0.362597,0.000000,0.000000,0.000000,0.000000,0.000000,0.000000
21903.120000,-0.073384,0.106693,0.180680,1.964305,2.135061,0.362570,0.000000,0.000000,0.000000,0.000000,0.000000,0.000000
21903.120000,-0.073384,0.106693,0.180680,1.964305,2.135061,0.362570,0.000000,0.000000,0.000000,0.000000,0.000000,0.000000
21903.128000,-0.073390,0.106690,0.180687,1.964221,2.135174,0.362530,0.000000,0.000000,0.000000,0.000000,0.000000,0.000000
21903.136000,-0.073387,0.106691,0.180681,1.964268,2.135073,0.362598,0.000000,0.000000,0.000000,0.000000,0.000000,0.000000
21903.152000,-0.073389,0.106694,0.180688,1.964343,2.135111,0.362536,0.000000,0.000000,0.000000,0.000000,0.000000,0.000000
21903.152000,-0.073389,0.106694,0.180688,1.964343,2.135111,0.362536,0.000000,0.000000,0.000000,0.000000,0.000000,0.000000
21903.168000,-0.073386,0.106692,0.180672,1.964264,2.135072,0.362623,0.000000,0.000000,0.000000,0.000000,0.000000,0.000000
21903.168000,-0.073384,0.106692,0.180680,1.964226,2.135053,0.362640,0.000000,0.000000,0.000000,0.000000,0.000000,0.000000
21903.184000,-0.073393,0.106690,0.180690,1.964327,2.135111,0.362517,0.000000,0.000000,0.000000,0.000000,0.000000,0.000000
21903.192000,-0.073390,0.106689,0.180693,1.964238,2.135163,0.362508,0.000000,0.000000,0.000000,0.000000,0.000000,0.000000
21903.200000,-0.073389,0.106695,0.180684,1.964365,2.135054,0.362545,0.000000,0.000000,0.000000,0.000000,0.000000,0.000000
21903.208000,-0.073396,0.106691,0.180690,1.964248,2.135187,0.362550,0.000000,0.000000,0.000000,0.000000,0.000000,0.000000
21903.216000,-0.073390,0.106690,0.180681,1.964242,2.135145,0.362546,0.000000,0.000000,0.000000,0.000000,0.000000,0.000000
21903.216000,-0.073384,0.106692,0.180681,1.964259,2.135088,0.362580,0.000000,0.000000,0.000000,0.000000,0.000000,0.000000
21903.224000,-0.073384,0.106692,0.180681,1.964259,2.135088,0.362580,0.000000,0.000000,0.000000,0.000000,0.000000,0.000000
21903.240000,-0.073384,0.106692,0.180688,1.964294,2.135070,0.362539,0.000000,0.000000,0.000000,0.000000,0.000000,0.000000
21903.248000,-0.073389,0.106692,0.180682,1.964255,2.135093,0.362637,0.000000,0.000000,0.000000,0.000000,0.000000,0.000000
21903.256000,-0.073387,0.106693,0.180678,1.964305,2.135085,0.362544,0.000000,0.000000,0.000000,0.000000,0.000000,0.000000
21903.264000,-0.073388,0.106689,0.180682,1.964217,2.135144,0.362572,0.000000,0.000000,0.000000,0.000000,0.000000,0.000000
21903.272000,-0.073385,0.106687,0.180681,1.964247,2.135113,0.362511,0.000000,0.000000,0.000000,0.000000,0.000000,0.000000
21903.272000,-0.073385,0.106687,0.180681,1.964247,2.135113,0.362511,0.000000,0.000000,0.000000,0.000000,0.000000,0.000000
21903.288000,-0.073387,0.106693,0.180682,1.964295,2.135081,0.362585,0.000000,0.000000,0.000000,0.000000,0.000000,0.000000
21903.288000,-0.073387,0.106693,0.180682,1.964295,2.135081,0.362585,0.000000,0.000000,0.000000,0.000000,0.000000,0.000000
21903.304000,-0.073387,0.106695,0.180680,1.964297,2.135062,0.362619,0.000000,0.000000,0.000000,0.000000,0.000000,0.000000
21903.312000,-0.073389,0.106691,0.180687,1.964278,2.135138,0.362551,0.000000,0.000000,0.000000,0.000000,0.000000,0.000000
21903.320000,-0.073388,0.106692,0.180686,1.964306,2.135088,0.362548,0.000000,0.000000,0.000000,0.000000,0.000000,0.000000
21903.320000,-0.073388,0.106692,0.180686,1.964306,2.135088,0.362548,0.000000,0.000000,0.000000,0.000000,0.000000,0.000000
21903.336000,-0.073382,0.106696,0.180676,1.964303,2.135066,0.362603,0.000000,0.000000,0.000000,0.000000,0.000000,0.000000
21903.344000,-0.073392,0.106691,0.180698,1.964304,2.135163,0.362471,0.000000,0.000000,0.000000,0.000000,0.000000,0.000000
21903.352000,-0.073385,0.106695,0.180676,1.964297,2.135111,0.362568,0.000000,0.000000,0.000000,0.000000,0.000000,0.000000
21903.360000,-0.073383,0.106694,0.180682,1.964294,2.135079,0.362581,0.000000,0.000000,0.000000,0.000000,0.000000,0.000000
21903.368000,-0.073382,0.106695,0.180681,1.964327,2.135038,0.362595,0.000000,0.000000,0.000000,0.000000,0.000000,0.000000
21903.376000,-0.073393,0.106692,0.180691,1.964299,2.135165,0.362524,0.000000,0.000000,0.000000,0.000000,0.000000,0.000000
21903.384000,-0.073387,0.106692,0.180682,1.964302,2.135054,0.362557,0.000000,0.000000,0.000000,0.000000,0.000000,0.000000
21903.392000,-0.073388,0.106693,0.180676,1.964269,2.135053,0.362633,0.000000,0.000000,0.000000,0.000000,0.000000,0.000000
21903.400000,-0.073386,0.106693,0.180679,1.964305,2.135061,0.362570,0.000000,0.000000,0.000000,0.000000,0.000000,0.000000
21903.408000,-0.073392,0.106689,0.180678,1.964258,2.135087,0.362604,0.000000,0.000000,0.000000,0.000000,0.000000,0.000000
21903.416000,-0.073386,0.106692,0.180677,1.964237,2.135094,0.362619,0.000000,0.000000,0.000000,0.000000,0.000000,0.000000
21903.424000,-0.073388,0.106693,0.180690,1.964367,2.135107,0.362502,0.000000,0.000000,0.000000,0.000000,0.000000,0.000000
21903.432000,-0.073391,0.106691,0.180690,1.964319,2.135102,0.362525,0.000000,0.000000,0.000000,0.000000,0.000000,0.000000
21903.440000,-0.073384,0.106695,0.180680,1.964338,2.135054,0.362600,0.000000,0.000000,0.000000,0.000000,0.000000,0.000000
21903.448000,-0.073383,0.106689,0.180681,1.964296,2.135068,0.362539,0.000000,0.000000,0.000000,0.000000,0.000000,0.000000
21903.456000,-0.073386,0.106690,0.180682,1.964256,2.135110,0.362574,0.000000,0.000000,0.000000,0.000000,0.000000,0.000000
21903.464000,-0.073389,0.106693,0.180682,1.964275,2.135134,0.362543,0.000000,0.000000,0.000000,0.000000,0.000000,0.000000
21903.472000,-0.073390,0.106691,0.180687,1.964294,2.135125,0.362525,0.000000,0.000000,0.000000,0.000000,0.000000,0.000000
21903.480000,-0.073391,0.106692,0.180682,1.964290,2.135125,0.362549,0.000000,0.000000,0.000000,0.000000,0.000000,0.000000
21903.488000,-0.073387,0.106691,0.180681,1.964243,2.135092,0.362565,0.000000,0.000000,0.000000,0.000000,0.000000,0.000000
21903.496000,-0.073385,0.106697,0.180681,1.964289,2.135086,0.362642,0.000000,0.000000,0.000000,0.000000,0.000000,0.000000
21903.504000,-0.073388,0.106692,0.180686,1.964294,2.135159,0.362540,0.000000,0.000000,0.000000,0.000000,0.000000,0.000000
21903.512000,-0.073393,0.106694,0.180681,1.964328,2.135077,0.362647,0.000000,0.000000,0.000000,0.000000,0.000000,0.000000
21903.520000,-0.073392,0.106694,0.180695,1.964343,2.135111,0.362536,0.000000,0.000000,0.000000,0.000000,0.000000,0.000000
21903.528000,-0.073390,0.106692,0.180689,1.964337,2.135121,0.362485,0.000000,0.000000,0.000000,0.000000,0.000000,0.000000
21903.536000,-0.073389,0.106691,0.180686,1.964240,2.135144,0.362542,0.000000,0.000000,0.000000,0.000000,0.000000,0.000000
21903.544000,-0.073388,0.106691,0.180678,1.964274,2.135104,0.362560,0.000000,0.000000,0.000000,0.000000,0.000000,0.000000
21903.552000,-0.073388,0.106695,0.180687,1.964348,2.135095,0.362578,0.000000,0.000000,0.000000,0.000000,0.000000,0.000000
21903.560000,-0.073389,0.106694,0.180684,1.964258,2.135121,0.362591,0.000000,0.000000,0.000000,0.000000,0.000000,0.000000
21903.568000,-0.073384,0.106696,0.180681,1.964286,2.135129,0.362578,0.000000,0.000000,0.000000,0.000000,0.000000,0.000000
21903.576000,-0.073391,0.106693,0.180680,1.964284,2.135128,0.362602,0.000000,0.000000,0.000000,0.000000,0.000000,0.000000
21903.584000,-0.073386,0.106695,0.180683,1.964234,2.135125,0.362625,0.000000,0.000000,0.000000,0.000000,0.000000,0.000000
21903.592000,-0.073389,0.106692,0.180687,1.964304,2.135111,0.362518,0.000000,0.000000,0.000000,0.000000,0.000000,0.000000
21903.600000,-0.073390,0.106692,0.180685,1.964328,2.135116,0.362526,0.000000,0.000000,0.000000,0.000000,0.000000,0.000000
21903.608000,-0.073389,0.106689,0.180675,1.964246,2.135120,0.362548,0.000000,0.000000,0.000000,0.000000,0.000000,0.000000
21903.616000,-0.073382,0.106693,0.180677,1.964267,2.135104,0.362610,0.000000,0.000000,0.000000,0.000000,0.000000,0.000000
21903.624000,-0.073391,0.106691,0.180686,1.964258,2.135142,0.362561,0.000000,0.000000,0.000000,0.000000,0.000000,0.000000
21903.632000,-0.073385,0.106693,0.180688,1.964370,2.135055,0.362525,0.000000,0.000000,0.000000,0.000000,0.000000,0.000000
21903.640000,-0.073383,0.106696,0.180677,1.964268,2.135106,0.362585,0.000000,0.000000,0.000000,0.000000,0.000000,0.000000
21903.648000,-0.073382,0.106695,0.180679,1.964271,2.135079,0.362582,0.000000,0.000000,0.000000,0.000000,0.000000,0.000000
21903.656000,-0.073395,0.106692,0.180687,1.964287,2.135152,0.362552,0.000000,0.000000,0.000000,0.000000,0.000000,0.000000
21903.664000,-0.073386,0.106692,0.180685,1.964290,2.135101,0.362575,0.000000,0.000000,0.000000,0.000000,0.000000,0.000000
21903.672000,-0.073384,0.106695,0.180685,1.964329,2.135070,0.362581,0.000000,0.000000,0.000000,0.000000,0.000000,0.000000
21903.680000,-0.073390,0.106691,0.180684,1.964268,2.135097,0.362572,0.000000,0.000000,0.000000,0.000000,0.000000,0.000000
21903.688000,-0.073391,0.106691,0.180686,1.964321,2.135079,0.362554,0.000000,0.000000,0.000000,0.000000,0.000000,0.000000
21903.696000,-0.073393,0.106691,0.180687,1.964208,2.135170,0.362595,0.000000,0.000000,0.000000,0.000000,0.000000,0.000000
21903.704000,-0.073390,0.106691,0.180684,1.964287,2.135118,0.362537,0.000000,0.000000,0.000000,0.000000,0.000000,0.000000
21903.712000,-0.073385,0.106692,0.180687,1.964252,2.135106,0.362566,0.000000,0.000000,0.000000,0.000000,0.000000,0.000000
21903.720000,-0.073391,0.106691,0.180684,1.964259,2.135088,0.362580,0.000000,0.000000,0.000000,0.000000,0.000000,0.000000
21903.728000,-0.073388,0.106692,0.180680,1.964286,2.135091,0.362558,0.000000,0.000000,0.000000,0.000000,0.000000,0.000000
21903.736000,-0.073387,0.106693,0.180694,1.964342,2.135101,0.362495,0.000000,0.000000,0.000000,0.000000,0.000000,0.000000
21903.744000,-0.073392,0.106693,0.180687,1.964287,2.135097,0.362567,0.000000,0.000000,0.000000,0.000000,0.000000,0.000000
21903.752000,-0.073386,0.106694,0.180675,1.964229,2.135119,0.362641,0.000000,0.000000,0.000000,0.000000,0.000000,0.000000
21903.760000,-0.073386,0.106691,0.180684,1.964300,2.135108,0.362539,0.000000,0.000000,0.000000,0.000000,0.000000,0.000000
21903.768000,-0.073392,0.106692,0.180683,1.964247,2.135160,0.362572,0.000000,0.000000,0.000000,0.000000,0.000000,0.000000
21903.776000,-0.073389,0.106697,0.180683,1.964313,2.135117,0.362623,0.000000,0.000000,0.000000,0.000000,0.000000,0.000000
21903.784000,-0.073392,0.106691,0.180684,1.964305,2.135117,0.362556,0.000000,0.000000,0.000000,0.000000,0.000000,0.000000
21903.792000,-0.073385,0.106693,0.180683,1.964284,2.135089,0.362554,0.000000,0.000000,0.000000,0.000000,0.000000,0.000000
21903.800000,-0.073389,0.106686,0.180687,1.964219,2.135114,0.362565,0.000000,0.000000,0.000000,0.000000,0.000000,0.000000
21903.808000,-0.073387,0.106694,0.180685,1.964290,2.135104,0.362579,0.000000,0.000000,0.000000,0.000000,0.000000,0.000000
21903.816000,-0.073392,0.106693,0.180682,1.964273,2.135112,0.362598,0.000000,0.000000,0.000000,0.000000,0.000000,0.000000
21903.824000,-0.073390,0.106693,0.180686,1.964325,2.135092,0.362576,0.000000,0.000000,0.000000,0.000000,0.000000,0.000000
21903.832000,-0.073384,0.106695,0.180682,1.964287,2.135045,0.362614,0.000000,0.000000,0.000000,0.000000,0.000000,0.000000
21903.840000,-0.073392,0.106690,0.180689,1.964255,2.135131,0.362515,0.000000,0.000000,0.000000,0.000000,0.000000,0.000000
21903.848000,-0.073381,0.106694,0.180674,1.964262,2.135044,0.362640,0.000000,0.000000,0.000000,0.000000,0.000000,0.000000
21903.848000,-0.073381,0.106694,0.180674,1.964262,2.135044,0.362640,0.000000,0.000000,0.000000,0.000000,0.000000,0.000000
21903.856000,-0.073391,0.106691,0.180686,1.964279,2.135109,0.362544,0.000000,0.000000,0.000000,0.000000,0.000000,0.000000
21903.872000,-0.073387,0.106694,0.180680,1.964308,2.135043,0.362609,0.000000,0.000000,0.000000,0.000000,0.000000,0.000000
21903.872000,-0.073387,0.106694,0.180680,1.964308,2.135043,0.362609,0.000000,0.000000,0.000000,0.000000,0.000000,0.000000
21903.888000,-0.073394,0.106690,0.180691,1.964268,2.135124,0.362550,0.000000,0.000000,0.000000,0.000000,0.000000,0.000000
21903.896000,-0.073387,0.106692,0.180682,1.964270,2.135104,0.362585,0.000000,0.000000,0.000000,0.000000,0.000000,0.000000
21903.904000,-0.073387,0.106690,0.180686,1.964271,2.135073,0.362573,0.000000,0.000000,0.000000,0.000000,0.000000,0.000000
21903.912000,-0.073387,0.106693,0.180684,1.964306,2.135122,0.362564,0.000000,0.000000,0.000000,0.000000,0.000000,0.000000
21903.920000,-0.073384,0.106696,0.180684,1.964349,2.135066,0.362572,0.000000,0.000000,0.000000,0.000000,0.000000,0.000000
21903.928000,-0.073392,0.106691,0.180692,1.964317,2.135104,0.362553,0.000000,0.000000,0.000000,0.000000,0.000000,0.000000
21903.936000,-0.073384,0.106695,0.180680,1.964256,2.135119,0.362587,0.000000,0.000000,0.000000,0.000000,0.000000,0.000000
21903.944000,-0.073388,0.106692,0.180685,1.964297,2.135083,0.362589,0.000000,0.000000,0.000000,0.000000,0.000000,0.000000
21903.952000,-0.073390,0.106692,0.180685,1.964304,2.135090,0.362577,0.000000,0.000000,0.000000,0.000000,0.000000,0.000000
21903.960000,-0.073387,0.106692,0.180676,1.964277,2.135087,0.362599,0.000000,0.000000,0.000000,0.000000,0.000000,0.000000
21903.968000,-0.073387,0.106690,0.180685,1.964318,2.135096,0.362516,0.000000,0.000000,0.000000,0.000000,0.000000,0.000000
21903.976000,-0.073386,0.106691,0.180678,1.964281,2.135062,0.362600,0.000000,0.000000,0.000000,0.000000,0.000000,0.000000
21903.984000,-0.073380,0.106695,0.180687,1.964340,2.135024,0.362564,0.000000,0.000000,0.000000,0.000000,0.000000,0.000000
21903.992000,-0.073391,0.106694,0.180686,1.964234,2.135176,0.362578,0.000000,0.000000,0.000000,0.000000,0.000000,0.000000
21904.000000,-0.073389,0.106694,0.180685,1.964316,2.135132,0.362532,0.000000,0.000000,0.000000,0.000000,0.000000,0.000000
21904.008000,-0.073394,0.106693,0.180686,1.964289,2.135133,0.362586,0.000000,0.000000,0.000000,0.000000,0.000000,0.000000
21904.016000,-0.073388,0.106694,0.180682,1.964303,2.135118,0.362556,0.000000,0.000000,0.000000,0.000000,0.000000,0.000000
21904.024000,-0.073387,0.106695,0.180686,1.964340,2.135086,0.362586,0.000000,0.000000,0.000000,0.000000,0.000000,0.000000
21904.032000,-0.073389,0.106692,0.180689,1.964299,2.135106,0.362534,0.000000,0.000000,0.000000,0.000000,0.000000,0.000000
21904.040000,-0.073384,0.106696,0.180683,1.964287,2.135079,0.362629,0.000000,0.000000,0.000000,0.000000,0.000000,0.000000
21904.048000,-0.073391,0.106693,0.180686,1.964237,2.135128,0.362633,0.000000,0.000000,0.000000,0.000000,0.000000,0.000000
21904.056000,-0.073384,0.106694,0.180682,1.964271,2.135110,0.362594,0.000000,0.000000,0.000000,0.000000,0.000000,0.000000
21904.064000,-0.073387,0.106690,0.180691,1.964305,2.135103,0.362481,0.000000,0.000000,0.000000,0.000000,0.000000,0.000000
21904.072000,-0.073382,0.106692,0.180675,1.964252,2.135106,0.362566,0.000000,0.000000,0.000000,0.000000,0.000000,0.000000
21904.080000,-0.073388,0.106697,0.180691,1.964347,2.135123,0.362557,0.000000,0.000000,0.000000,0.000000,0.000000,0.000000
21904.088000,-0.073384,0.106691,0.180681,1.964277,2.135053,0.362583,0.000000,0.000000,0.000000,0.000000,0.000000,0.000000
21904.096000,-0.073384,0.106694,0.180685,1.964281,2.135090,0.362579,0.000000,0.000000,0.000000,0.000000,0.000000,0.000000
21904.104000,-0.073388,0.106692,0.180685,1.964277,2.135112,0.362573,0.000000,0.000000,0.000000,0.000000,0.000000,0.000000
21904.112000,-0.073385,0.106691,0.180681,1.964317,2.135070,0.362538,0.000000,0.000000,0.000000,0.000000,0.000000,0.000000
21904.120000,-0.073383,0.106694,0.180675,1.964309,2.135015,0.362602,0.000000,0.000000,0.000000,0.000000,0.000000,0.000000
21904.128000,-0.073392,0.106690,0.180690,1.964329,2.135134,0.362462,0.000000,0.000000,0.000000,0.000000,0.000000,0.000000
21904.136000,-0.073391,0.106690,0.180696,1.964316,2.135120,0.362486,0.000000,0.000000,0.000000,0.000000,0.000000,0.000000
21904.144000,-0.073392,0.106691,0.180687,1.964246,2.135151,0.362530,0.000000,0.000000,0.000000,0.000000,0.000000,0.000000
21904.152000,-0.073389,0.106693,0.180681,1.964226,2.135137,0.362603,0.000000,0.000000,0.000000,0.000000,0.000000,0.000000
21904.160000,-0.073387,0.106691,0.180687,1.964314,2.135097,0.362541,0.000000,0.000000,0.000000,0.000000,0.000000,0.000000
21904.168000,-0.073390,0.106689,0.180684,1.964296,2.135043,0.362565,0.000000,0.000000,0.000000,0.000000,0.000000,0.000000
21904.176000,-0.073395,0.106691,0.180694,1.964288,2.135179,0.362530,0.000000,0.000000,0.000000,0.000000,0.000000,0.000000
21904.184000,-0.073392,0.106688,0.180692,1.964271,2.135178,0.362507,0.000000,0.000000,0.000000,0.000000,0.000000,0.000000
21904.192000,-0.073385,0.106694,0.180683,1.964333,2.135070,0.362557,0.000000,0.000000,0.000000,0.000000,0.000000,0.000000
21904.200000,-0.073393,0.106694,0.180690,1.964244,2.135166,0.362604,0.000000,0.000000,0.000000,0.000000,0.000000,0.000000
21904.208000,-0.073384,0.106693,0.180684,1.964332,2.135060,0.362516,0.000000,0.000000,0.000000,0.000000,0.000000,0.000000
21904.216000,-0.073388,0.106694,0.180684,1.964338,2.135054,0.362599,0.000000,0.000000,0.000000,0.000000,0.000000,0.000000
21904.224000,-0.073381,0.106695,0.180684,1.964315,2.135071,0.362538,0.000000,0.000000,0.000000,0.000000,0.000000,0.000000
21904.232000,-0.073382,0.106695,0.180675,1.964278,2.135065,0.362629,0.000000,0.000000,0.000000,0.000000,0.000000,0.000000
21904.240000,-0.073383,0.106693,0.180682,1.964316,2.135053,0.362601,0.000000,0.000000,0.000000,0.000000,0.000000,0.000000
21904.248000,-0.073384,0.106692,0.180674,1.964302,2.135053,0.362558,0.000000,0.000000,0.000000,0.000000,0.000000,0.000000
21904.256000,-0.073390,0.106690,0.180682,1.964267,2.135077,0.362631,0.000000,0.000000,0.000000,0.000000,0.000000,0.000000
21904.264000,-0.073384,0.106693,0.180680,1.964296,2.135081,0.362585,0.000000,0.000000,0.000000,0.000000,0.000000,0.000000
21904.272000,-0.073389,0.106694,0.180687,1.964284,2.135149,0.362544,0.000000,0.000000,0.000000,0.000000,0.000000,0.000000
21904.280000,-0.073384,0.106696,0.180676,1.964322,2.135087,0.362568,0.000000,0.000000,0.000000,0.000000,0.000000,0.000000
21904.288000,-0.073387,0.106691,0.180683,1.964256,2.135106,0.362542,0.000000,0.000000,0.000000,0.000000,0.000000,0.000000
21904.296000,-0.073389,0.106692,0.180686,1.964270,2.135129,0.362559,0.000000,0.000000,0.000000,0.000000,0.000000,0.000000
21904.304000,-0.073386,0.106692,0.180682,1.964349,2.135053,0.362526,0.000000,0.000000,0.000000,0.000000,0.000000,0.000000
21904.312000,-0.073387,0.106689,0.180678,1.964231,2.135108,0.362600,0.000000,0.000000,0.000000,0.000000,0.000000,0.000000
21904.320000,-0.073387,0.106694,0.180689,1.964284,2.135124,0.362570,0.000000,0.000000,0.000000,0.000000,0.000000,0.000000
21904.328000,-0.073389,0.106693,0.180687,1.964293,2.135129,0.362529,0.000000,0.000000,0.000000,0.000000,0.000000,0.000000
21904.336000,-0.073394,0.106689,0.180686,1.964264,2.135115,0.362534,0.000000,0.000000,0.000000,0.000000,0.000000,0.000000
21904.344000,-0.073385,0.106694,0.180683,1.964314,2.135075,0.362571,0.000000,0.000000,0.000000,0.000000,0.000000,0.000000
21904.352000,-0.073388,0.106694,0.180686,1.964265,2.135103,0.362605,0.000000,0.000000,0.000000,0.000000,0.000000,0.000000
21904.360000,-0.073391,0.106691,0.180690,1.964251,2.135135,0.362573,0.000000,0.000000,0.000000,0.000000,0.000000,0.000000
21904.368000,-0.073391,0.106690,0.180680,1.964262,2.135117,0.362562,0.000000,0.000000,0.000000,0.000000,0.000000,0.000000
21904.376000,-0.073387,0.106694,0.180686,1.964307,2.135093,0.362557,0.000000,0.000000,0.000000,0.000000,0.000000,0.000000
21904.384000,-0.073387,0.106694,0.180680,1.964309,2.135104,0.362602,0.000000,0.000000,0.000000,0.000000,0.000000,0.000000
21904.392000,-0.073381,0.106695,0.180671,1.964251,2.135062,0.362651,0.000000,0.000000,0.000000,0.000000,0.000000,0.000000
21904.400000,-0.073387,0.106691,0.180690,1.964295,2.135072,0.362543,0.000000,0.000000,0.000000,0.000000,0.000000,0.000000
21904.408000,-0.073381,0.106694,0.180677,1.964315,2.135050,0.362597,0.000000,0.000000,0.000000,0.000000,0.000000,0.000000
21904.416000,-0.073391,0.106691,0.180683,1.964210,2.135167,0.362567,0.000000,0.000000,0.000000,0.000000,0.000000,0.000000
21904.424000,-0.073389,0.106691,0.180688,1.964322,2.135100,0.362496,0.000000,0.000000,0.000000,0.000000,0.000000,0.000000
21904.432000,-0.073393,0.106691,0.180687,1.964223,2.135182,0.362543,0.000000,0.000000,0.000000,0.000000,0.000000,0.000000
21904.440000,-0.073389,0.106693,0.180684,1.964262,2.135096,0.362592,0.000000,0.000000,0.000000,0.000000,0.000000,0.000000
21904.448000,-0.073386,0.106693,0.180684,1.964298,2.135103,0.362530,0.000000,0.000000,0.000000,0.000000,0.000000,0.000000
21904.456000,-0.073389,0.106695,0.180689,1.964366,2.135093,0.362597,0.000000,0.000000,0.000000,0.000000,0.000000,0.000000
21904.464000,-0.073385,0.106693,0.180678,1.964278,2.135107,0.362540,0.000000,0.000000,0.000000,0.000000,0.000000,0.000000
21904.472000,-0.073387,0.106693,0.180681,1.964277,2.135107,0.362540,0.000000,0.000000,0.000000,0.000000,0.000000,0.000000
21904.480000,-0.073388,0.106693,0.180686,1.964309,2.135095,0.362561,0.000000,0.000000,0.000000,0.000000,0.000000,0.000000
21904.488000,-0.073394,0.106689,0.180684,1.964214,2.135147,0.362601,0.000000,0.000000,0.000000,0.000000,0.000000,0.000000
21904.496000,-0.073392,0.106689,0.180683,1.964290,2.135147,0.362519,0.000000,0.000000,0.000000,0.000000,0.000000,0.000000
21904.504000,-0.073384,0.106692,0.180674,1.964264,2.135097,0.362597,0.000000,0.000000,0.000000,0.000000,0.000000,0.000000
21904.512000,-0.073385,0.106695,0.180686,1.964310,2.135100,0.362570,0.000000,0.000000,0.000000,0.000000,0.000000,0.000000
21904.520000,-0.073390,0.106691,0.180679,1.964292,2.135078,0.362605,0.000000,0.000000,0.000000,0.000000,0.000000,0.000000
21904.528000,-0.073388,0.106695,0.180684,1.964298,2.135147,0.362587,0.000000,0.000000,0.000000,0.000000,0.000000,0.000000
21904.536000,-0.073392,0.106692,0.180690,1.964310,2.135122,0.362539,0.000000,0.000000,0.000000,0.000000,0.000000,0.000000
21904.544000,-0.073386,0.106693,0.180688,1.964337,2.135096,0.362511,0.000000,0.000000,0.000000,0.000000,0.000000,0.000000
21904.552000,-0.073385,0.106691,0.180680,1.964268,2.135097,0.362572,0.000000,0.000000,0.000000,0.000000,0.000000,0.000000
21904.560000,-0.073386,0.106693,0.180684,1.964290,2.135070,0.362564,0.000000,0.000000,0.000000,0.000000,0.000000,0.000000
21904.568000,-0.073392,0.106693,0.180694,1.964335,2.135119,0.362481,0.000000,0.000000,0.000000,0.000000,0.000000,0.000000
21904.576000,-0.073387,0.106691,0.180673,1.964183,2.135168,0.362622,0.000000,0.000000,0.000000,0.000000,0.000000,0.000000
21904.584000,-0.073382,0.106696,0.180680,1.964276,2.135063,0.362625,0.000000,0.000000,0.000000,0.000000,0.000000,0.000000
21904.592000,-0.073389,0.106692,0.180685,1.964373,2.135058,0.362533,0.000000,0.000000,0.000000,0.000000,0.000000,0.000000
21904.600000,-0.073388,0.106692,0.180688,1.964290,2.135101,0.362575,0.000000,0.000000,0.000000,0.000000,0.000000,0.000000
21904.608000,-0.073390,0.106690,0.180681,1.964250,2.135164,0.362580,0.000000,0.000000,0.000000,0.000000,0.000000,0.000000
21904.616000,-0.073391,0.106694,0.180692,1.964319,2.135105,0.362529,0.000000,0.000000,0.000000,0.000000,0.000000,0.000000
21904.624000,-0.073387,0.106691,0.180688,1.964280,2.135136,0.362523,0.000000,0.000000,0.000000,0.000000,0.000000,0.000000
21904.632000,-0.073390,0.106692,0.180682,1.964234,2.135146,0.362596,0.000000,0.000000,0.000000,0.000000,0.000000,0.000000
21904.640000,-0.073384,0.106696,0.180684,1.964289,2.135074,0.362568,0.000000,0.000000,0.000000,0.000000,0.000000,0.000000
21904.648000,-0.073386,0.106689,0.180678,1.964269,2.135089,0.362535,0.000000,0.000000,0.000000,0.000000,0.000000,0.000000
21904.656000,-0.073393,0.106689,0.180684,1.964263,2.135143,0.362541,0.000000,0.000000,0.000000,0.000000,0.000000,0.000000
21904.664000,-0.073395,0.106691,0.180690,1.964300,2.135142,0.362554,0.000000,0.000000,0.000000,0.000000,0.000000,0.000000
21904.672000,-0.073385,0.106695,0.180686,1.964369,2.135087,0.362536,0.000000,0.000000,0.000000,0.000000,0.000000,0.000000
21904.680000,-0.073385,0.106693,0.180685,1.964303,2.135059,0.362566,0.000000,0.000000,0.000000,0.000000,0.000000,0.000000
21904.688000,-0.073388,0.106694,0.180686,1.964311,2.135103,0.362574,0.000000,0.000000,0.000000,0.000000,0.000000,0.000000
21904.696000,-0.073390,0.106692,0.180684,1.964267,2.135156,0.362562,0.000000,0.000000,0.000000,0.000000,0.000000,0.000000
21904.704000,-0.073390,0.106692,0.180689,1.964310,2.135147,0.362514,0.000000,0.000000,0.000000,0.000000,0.000000,0.000000
21904.712000,-0.073391,0.106690,0.180688,1.964257,2.135158,0.362494,0.000000,0.000000,0.000000,0.000000,0.000000,0.000000
21904.720000,-0.073386,0.106695,0.180690,1.964377,2.135092,0.362495,0.000000,0.000000,0.000000,0.000000,0.000000,0.000000
21904.728000,-0.073383,0.106692,0.180678,1.964273,2.135053,0.362608,0.000000,0.000000,0.000000,0.000000,0.000000,0.000000
21904.736000,-0.073390,0.106692,0.180689,1.964281,2.135146,0.362564,0.000000,0.000000,0.000000,0.000000,0.000000,0.000000
21904.744000,-0.073382,0.106700,0.180687,1.964383,2.135060,0.362576,0.000000,0.000000,0.000000,0.000000,0.000000,0.000000
21904.752000,-0.073391,0.106692,0.180694,1.964309,2.135147,0.362514,0.000000,0.000000,0.000000,0.000000,0.000000,0.000000
21904.760000,-0.073386,0.106695,0.180686,1.964343,2.135111,0.362536,0.000000,0.000000,0.000000,0.000000,0.000000,0.000000
21904.768000,-0.073393,0.106691,0.180692,1.964278,2.135138,0.362551,0.000000,0.000000,0.000000,0.000000,0.000000,0.000000
21904.776000,-0.073386,0.106690,0.180680,1.964245,2.135069,0.362595,0.000000,0.000000,0.000000,0.000000,0.000000,0.000000
21904.784000,-0.073385,0.106694,0.180680,1.964305,2.135095,0.362586,0.000000,0.000000,0.000000,0.000000,0.000000,0.000000
21904.792000,-0.073394,0.106692,0.180691,1.964252,2.135166,0.362556,0.000000,0.000000,0.000000,0.000000,0.000000,0.000000
21904.800000,-0.073392,0.106690,0.180692,1.964277,2.135129,0.362510,0.000000,0.000000,0.000000,0.000000,0.000000,0.000000
21904.808000,-0.073383,0.106692,0.180674,1.964242,2.135089,0.362561,0.000000,0.000000,0.000000,0.000000,0.000000,0.000000
21904.816000,-0.073394,0.106692,0.180700,1.964299,2.135140,0.362550,0.000000,0.000000,0.000000,0.000000,0.000000,0.000000
21904.824000,-0.073394,0.106688,0.180691,1.964263,2.135109,0.362525,0.000000,0.000000,0.000000,0.000000,0.000000,0.000000
21904.832000,-0.073385,0.106694,0.180674,1.964272,2.135060,0.362645,0.000000,0.000000,0.000000,0.000000,0.000000,0.000000
21904.840000,-0.073391,0.106693,0.180690,1.964367,2.135082,0.362527,0.000000,0.000000,0.000000,0.000000,0.000000,0.000000
21904.848000,-0.073393,0.106693,0.180685,1.964317,2.135138,0.362569,0.000000,0.000000,0.000000,0.000000,0.000000,0.000000
21904.856000,-0.073386,0.106693,0.180682,1.964332,2.135039,0.362574,0.000000,0.000000,0.000000,0.000000,0.000000,0.000000
21904.864000,-0.073388,0.106692,0.180684,1.964311,2.135093,0.362533,0.000000,0.000000,0.000000,0.000000,0.000000,0.000000
21904.872000,-0.073388,0.106689,0.180679,1.964206,2.135128,0.362567,0.000000,0.000000,0.000000,0.000000,0.000000,0.000000
21904.880000,-0.073387,0.106696,0.180680,1.964244,2.135114,0.362652,0.000000,0.000000,0.000000,0.000000,0.000000,0.000000
21904.888000,-0.073389,0.106696,0.180686,1.964350,2.135127,0.362565,0.000000,0.000000,0.000000,0.000000,0.000000,0.000000
21904.896000,-0.073388,0.106694,0.180683,1.964298,2.135113,0.362572,0.000000,0.000000,0.000000,0.000000,0.000000,0.000000
21904.904000,-0.073387,0.106687,0.180681,1.964250,2.135061,0.362533,0.000000,0.000000,0.000000,0.000000,0.000000,0.000000
21904.912000,-0.073388,0.106693,0.180679,1.964317,2.135048,0.362568,0.000000,0.000000,0.000000,0.000000,0.000000,0.000000
21904.920000,-0.073384,0.106696,0.180680,1.964329,2.135070,0.362582,0.000000,0.000000,0.000000,0.000000,0.000000,0.000000
21904.928000,-0.073392,0.106692,0.180694,1.964308,2.135145,0.362509,0.000000,0.000000,0.000000,0.000000,0.000000,0.000000
21904.936000,-0.073393,0.106688,0.180698,1.964261,2.135184,0.362448,0.000000,0.000000,0.000000,0.000000,0.000000,0.000000
21904.944000,-0.073390,0.106691,0.180679,1.964291,2.135127,0.362554,0.000000,0.000000,0.000000,0.000000,0.000000,0.000000
21904.952000,-0.073383,0.106694,0.180681,1.964274,2.135083,0.362591,0.000000,0.000000,0.000000,0.000000,0.000000,0.000000
21904.960000,-0.073382,0.106693,0.180683,1.964284,2.135089,0.362554,0.000000,0.000000,0.000000,0.000000,0.000000,0.000000
21904.968000,-0.073387,0.106691,0.180681,1.964283,2.135060,0.362571,0.000000,0.000000,0.000000,0.000000,0.000000,0.000000
21904.976000,-0.073392,0.106692,0.180689,1.964278,2.135148,0.362592,0.000000,0.000000,0.000000,0.000000,0.000000,0.000000
21904.984000,-0.073381,0.106692,0.180687,1.964350,2.135000,0.362545,0.000000,0.000000,0.000000,0.000000,0.000000,0.000000
21904.992000,-0.073386,0.106691,0.180684,1.964262,2.135113,0.362530,0.000000,0.000000,0.000000,0.000000,0.000000,0.000000
21905.000000,-0.073392,0.106690,0.180689,1.964300,2.135108,0.362538,0.000000,0.000000,0.000000,0.000000,0.000000,0.000000
21905.008000,-0.073387,0.106692,0.180674,1.964271,2.135055,0.362637,0.000000,0.000000,0.000000,0.000000,0.000000,0.000000
21905.016000,-0.073388,0.106691,0.180690,1.964315,2.135093,0.362508,0.000000,0.000000,0.000000,0.000000,0.000000,0.000000
21905.024000,-0.073391,0.106693,0.180683,1.964277,2.135145,0.362588,0.000000,0.000000,0.000000,0.000000,0.000000,0.000000
21905.032000,-0.073390,0.106691,0.180685,1.964245,2.135124,0.362552,0.000000,0.000000,0.000000,0.000000,0.000000,0.000000
21905.040000,-0.073383,0.106694,0.180681,1.964243,2.135046,0.362621,0.000000,0.000000,0.000000,0.000000,0.000000,0.000000
21905.048000,-0.073391,0.106692,0.180688,1.964268,2.135132,0.362588,0.000000,0.000000,0.000000,0.000000,0.000000,0.000000
21905.056000,-0.073389,0.106692,0.180675,1.964289,2.135078,0.362630,0.000000,0.000000,0.000000,0.000000,0.000000,0.000000
21905.064000,-0.073392,0.106693,0.180687,1.964338,2.135106,0.362552,0.000000,0.000000,0.000000,0.000000,0.000000,0.000000
21905.072000,-0.073392,0.106690,0.180689,1.964300,2.135108,0.362538,0.000000,0.000000,0.000000,0.000000,0.000000,0.000000
21905.080000,-0.073389,0.106693,0.180684,1.964271,2.135114,0.362626,0.000000,0.000000,0.000000,0.000000,0.000000,0.000000
21905.088000,-0.073394,0.106692,0.180691,1.964319,2.135112,0.362566,0.000000,0.000000,0.000000,0.000000,0.000000,0.000000
21905.096000,-0.073383,0.106694,0.180688,1.964310,2.135066,0.362554,0.000000,0.000000,0.000000,0.000000,0.000000,0.000000
21905.104000,-0.073390,0.106687,0.180677,1.964242,2.135117,0.362568,0.000000,0.000000,0.000000,0.000000,0.000000,0.000000
21905.112000,-0.073388,0.106692,0.180685,1.964345,2.135078,0.362525,0.000000,0.000000,0.000000,0.000000,0.000000,0.000000
21905.120000,-0.073396,0.106688,0.180693,1.964231,2.135181,0.362494,0.000000,0.000000,0.000000,0.000000,0.000000,0.000000
21905.128000,-0.073384,0.106697,0.180683,1.964337,2.135082,0.362578,0.000000,0.000000,0.000000,0.000000,0.000000,0.000000
21905.136000,-0.073385,0.106697,0.180690,1.964341,2.135067,0.362620,0.000000,0.000000,0.000000,0.000000,0.000000,0.000000
21905.144000,-0.073384,0.106694,0.180675,1.964304,2.135034,0.362592,0.000000,0.000000,0.000000,0.000000,0.000000,0.000000
21905.152000,-0.073392,0.106693,0.180684,1.964271,2.135110,0.362594,0.000000,0.000000,0.000000,0.000000,0.000000,0.000000
21905.160000,-0.073391,0.106690,0.180689,1.964304,2.135132,0.362488,0.000000,0.000000,0.000000,0.000000,0.000000,0.000000
21905.168000,-0.073393,0.106689,0.180693,1.964285,2.135138,0.362502,0.000000,0.000000,0.000000,0.000000,0.000000,0.000000
21905.176000,-0.073383,0.106692,0.180678,1.964239,2.135092,0.362590,0.000000,0.000000,0.000000,0.000000,0.000000,0.000000
21905.184000,-0.073386,0.106693,0.180675,1.964285,2.135078,0.362654,0.000000,0.000000,0.000000,0.000000,0.000000,0.000000
21905.192000,-0.073387,0.106694,0.180688,1.964298,2.135138,0.362546,0.000000,0.000000,0.000000,0.000000,0.000000,0.000000
21905.200000,-0.073386,0.106697,0.180683,1.964322,2.135097,0.362609,0.000000,0.000000,0.000000,0.000000,0.000000,0.000000
21905.208000,-0.073390,0.106693,0.180680,1.964248,2.135131,0.362565,0.000000,0.000000,0.000000,0.000000,0.000000,0.000000
21905.216000,-0.073389,0.106692,0.180687,1.964299,2.135106,0.362534,0.000000,0.000000,0.000000,0.000000,0.000000,0.000000
21905.224000,-0.073382,0.106698,0.180683,1.964346,2.135072,0.362605,0.000000,0.000000,0.000000,0.000000,0.000000,0.000000
21905.232000,-0.073387,0.106691,0.180682,1.964263,2.135039,0.362607,0.000000,0.000000,0.000000,0.000000,0.000000,0.000000
21905.240000,-0.073393,0.106694,0.180693,1.964353,2.135152,0.362515,0.000000,0.000000,0.000000,0.000000,0.000000,0.000000
21905.248000,-0.073386,0.106693,0.180686,1.964363,2.135073,0.362511,0.000000,0.000000,0.000000,0.000000,0.000000,0.000000
21905.256000,-0.073392,0.106687,0.180690,1.964258,2.135105,0.362541,0.000000,0.000000,0.000000,0.000000,0.000000,0.000000
21905.264000,-0.073393,0.106689,0.180690,1.964297,2.135125,0.362500,0.000000,0.000000,0.000000,0.000000,0.000000,0.000000
21905.272000,-0.073384,0.106695,0.180680,1.964297,2.135086,0.362594,0.000000,0.000000,0.000000,0.000000,0.000000,0.000000
21905.280000,-0.073384,0.106696,0.180684,1.964353,2.135075,0.362588,0.000000,0.000000,0.000000,0.000000,0.000000,0.000000
21905.288000,-0.073389,0.106694,0.180687,1.964336,2.135104,0.362548,0.000000,0.000000,0.000000,0.000000,0.000000,0.000000
21905.296000,-0.073390,0.106694,0.180692,1.964356,2.135125,0.362512,0.000000,0.000000,0.000000,0.000000,0.000000,0.000000
21905.304000,-0.073385,0.106695,0.180680,1.964336,2.135027,0.362621,0.000000,0.000000,0.000000,0.000000,0.000000,0.000000
21905.312000,-0.073386,0.106690,0.180677,1.964258,2.135058,0.362597,0.000000,0.000000,0.000000,0.000000,0.000000,0.000000
21905.320000,-0.073393,0.106691,0.180691,1.964319,2.135127,0.362499,0.000000,0.000000,0.000000,0.000000,0.000000,0.000000
21905.328000,-0.073391,0.106692,0.180694,1.964268,2.135179,0.362507,0.000000,0.000000,0.000000,0.000000,0.000000,0.000000
21905.336000,-0.073389,0.106692,0.180694,1.964303,2.135136,0.362493,0.000000,0.000000,0.000000,0.000000,0.000000,0.000000
21905.344000,-0.073394,0.106689,0.180694,1.964270,2.135122,0.362522,0.000000,0.000000,0.000000,0.000000,0.000000,0.000000
21905.352000,-0.073380,0.106694,0.180676,1.964306,2.135032,0.362563,0.000000,0.000000,0.000000,0.000000,0.000000,0.000000
21905.360000,-0.073388,0.106694,0.180694,1.964324,2.135141,0.362524,0.000000,0.000000,0.000000,0.000000,0.000000,0.000000
21905.368000,-0.073386,0.106693,0.180684,1.964268,2.135127,0.362555,0.000000,0.000000,0.000000,0.000000,0.000000,0.000000
21905.376000,-0.073383,0.106693,0.180684,1.964284,2.135114,0.362528,0.000000,0.000000,0.000000,0.000000,0.000000,0.000000
21905.384000,-0.073391,0.106689,0.180682,1.964253,2.135102,0.362562,0.000000,0.000000,0.000000,0.000000,0.000000,0.000000
21905.392000,-0.073386,0.106695,0.180683,1.964290,2.135104,0.362580,0.000000,0.000000,0.000000,0.000000,0.000000,0.000000
21905.400000,-0.073390,0.106693,0.180685,1.964280,2.135119,0.362586,0.000000,0.000000,0.000000,0.000000,0.000000,0.000000
21905.408000,-0.073386,0.106692,0.180679,1.964273,2.135077,0.362582,0.000000,0.000000,0.000000,0.000000,0.000000,0.000000
21905.416000,-0.073387,0.106695,0.180687,1.964306,2.135125,0.362568,0.000000,0.000000,0.000000,0.000000,0.000000,0.000000
21905.424000,-0.073395,0.106690,0.180687,1.964227,2.135181,0.362518,0.000000,0.000000,0.000000,0.000000,0.000000,0.000000
21905.432000,-0.073395,0.106689,0.180692,1.964282,2.135138,0.362527,0.000000,0.000000,0.000000,0.000000,0.000000,0.000000
21905.440000,-0.073386,0.106691,0.180684,1.964255,2.135131,0.362516,0.000000,0.000000,0.000000,0.000000,0.000000,0.000000
21905.448000,-0.073391,0.106688,0.180689,1.964287,2.135115,0.362532,0.000000,0.000000,0.000000,0.000000,0.000000,0.000000
21905.456000,-0.073397,0.106688,0.180684,1.964207,2.135168,0.362620,0.000000,0.000000,0.000000,0.000000,0.000000,0.000000
21905.464000,-0.073387,0.106690,0.180681,1.964229,2.135107,0.362596,0.000000,0.000000,0.000000,0.000000,0.000000,0.000000
21905.472000,-0.073387,0.106693,0.180680,1.964252,2.135140,0.362582,0.000000,0.000000,0.000000,0.000000,0.000000,0.000000
21905.480000,-0.073384,0.106689,0.180672,1.964203,2.135095,0.362581,0.000000,0.000000,0.000000,0.000000,0.000000,0.000000
21905.488000,-0.073390,0.106691,0.180693,1.964293,2.135125,0.362525,0.000000,0.000000,0.000000,0.000000,0.000000,0.000000
21905.496000,-0.073386,0.106691,0.180680,1.964299,2.135085,0.362593,0.000000,0.000000,0.000000,0.000000,0.000000,0.000000
21905.504000,-0.073389,0.106692,0.180684,1.964277,2.135087,0.362599,0.000000,0.000000,0.000000,0.000000,0.000000,0.000000
21905.512000,-0.073390,0.106693,0.180684,1.964286,2.135101,0.362599,0.000000,0.000000,0.000000,0.000000,0.000000,0.000000
21905.520000,-0.073389,0.106693,0.180685,1.964258,2.135172,0.362544,0.000000,0.000000,0.000000,0.000000,0.000000,0.000000
21905.528000,-0.073388,0.106694,0.180682,1.964305,2.135120,0.362560,0.000000,0.000000,0.000000,0.000000,0.000000,0.000000
21905.536000,-0.073393,0.106691,0.180691,1.964241,2.135205,0.362536,0.000000,0.000000,0.000000,0.000000,0.000000,0.000000
21905.544000,-0.073389,0.106691,0.180684,1.964258,2.135142,0.362561,0.000000,0.000000,0.000000,0.000000,0.000000,0.000000
21905.552000,-0.073385,0.106694,0.180681,1.964288,2.135072,0.362593,0.000000,0.000000,0.000000,0.000000,0.000000,0.000000
21905.560000,-0.073386,0.106692,0.180692,1.964323,2.135136,0.362515,0.000000,0.000000,0.000000,0.000000,0.000000,0.000000
21905.568000,-0.073385,0.106688,0.180678,1.964237,2.135081,0.362573,0.000000,0.000000,0.000000,0.000000,0.000000,0.000000
21905.576000,-0.073386,0.106694,0.180684,1.964291,2.135131,0.362558,0.000000,0.000000,0.000000,0.000000,0.000000,0.000000
21905.584000,-0.073387,0.106693,0.180687,1.964232,2.135144,0.362591,0.000000,0.000000,0.000000,0.000000,0.000000,0.000000
21905.592000,-0.073390,0.106691,0.180682,1.964300,2.135031,0.362612,0.000000,0.000000,0.000000,0.000000,0.000000,0.000000
21905.600000,-0.073387,0.106693,0.180679,1.964269,2.135102,0.362581,0.000000,0.000000,0.000000,0.000000,0.000000,0.000000
21905.608000,-0.073388,0.106691,0.180684,1.964269,2.135158,0.362566,0.000000,0.000000,0.000000,0.000000,0.000000,0.000000
21905.616000,-0.073393,0.106692,0.180688,1.964282,2.135117,0.362557,0.000000,0.000000,0.000000,0.000000,0.000000,0.000000
21905.624000,-0.073386,0.106692,0.180681,1.964250,2.135108,0.362595,0.000000,0.000000,0.000000,0.000000,0.000000,0.000000
21905.632000,-0.073387,0.106692,0.180686,1.964248,2.135110,0.362624,0.000000,0.000000,0.000000,0.000000,0.000000,0.000000
21905.640000,-0.073391,0.106693,0.180689,1.964265,2.135155,0.362558,0.000000,0.000000,0.000000,0.000000,0.000000,0.000000
21905.648000,-0.073384,0.106693,0.180688,1.964346,2.135025,0.362543,0.000000,0.000000,0.000000,0.000000,0.000000,0.000000
21905.656000,-0.073388,0.106690,0.180686,1.964284,2.135136,0.362498,0.000000,0.000000,0.000000,0.000000,0.000000,0.000000
21905.664000,-0.073395,0.106692,0.180693,1.964296,2.135167,0.362552,0.000000,0.000000,0.000000,0.000000,0.000000,0.000000
21905.672000,-0.073390,0.106695,0.180682,1.964251,2.135148,0.362618,0.000000,0.000000,0.000000,0.000000,0.000000,0.000000
21905.680000,-0.073395,0.106691,0.180697,1.964226,2.135189,0.362555,0.000000,0.000000,0.000000,0.000000,0.000000,0.000000
21905.688000,-0.073391,0.106691,0.180682,1.964258,2.135117,0.362587,0.000000,0.000000,0.000000,0.000000,0.000000,0.000000
21905.696000,-0.073385,0.106690,0.180682,1.964265,2.135090,0.362560,0.000000,0.000000,0.000000,0.000000,0.000000,0.000000
21905.704000,-0.073387,0.106692,0.180686,1.964329,2.135057,0.362536,0.000000,0.000000,0.000000,0.000000,0.000000,0.000000
21905.712000,-0.073384,0.106693,0.180683,1.964271,2.135100,0.362552,0.000000,0.000000,0.000000,0.000000,0.000000,0.000000
21905.720000,-0.073384,0.106693,0.180679,1.964275,2.135134,0.362543,0.000000,0.000000,0.000000,0.000000,0.000000,0.000000
21905.728000,-0.073389,0.106688,0.180680,1.964221,2.135094,0.362599,0.000000,0.000000,0.000000,0.000000,0.000000,0.000000
21905.736000,-0.073385,0.106690,0.180675,1.964198,2.135069,0.362627,0.000000,0.000000,0.000000,0.000000,0.000000,0.000000
21905.744000,-0.073384,0.106691,0.180683,1.964279,2.135075,0.362529,0.000000,0.000000,0.000000,0.000000,0.000000,0.000000
21905.752000,-0.073387,0.106693,0.180688,1.964342,2.135106,0.362528,0.000000,0.000000,0.000000,0.000000,0.000000,0.000000
21905.760000,-0.073387,0.106695,0.180697,1.964354,2.135123,0.362508,0.000000,0.000000,0.000000,0.000000,0.000000,0.000000
21905.768000,-0.073378,0.106696,0.180677,1.964305,2.135064,0.362575,0.000000,0.000000,0.000000,0.000000,0.000000,0.000000
21905.776000,-0.073393,0.106691,0.180690,1.964284,2.135145,0.362539,0.000000,0.000000,0.000000,0.000000,0.000000,0.000000
21905.784000,-0.073386,0.106690,0.180675,1.964257,2.135111,0.362579,0.000000,0.000000,0.000000,0.000000,0.000000,0.000000
21905.792000,-0.073386,0.106695,0.180687,1.964322,2.135113,0.362542,0.000000,0.000000,0.000000,0.000000,0.000000,0.000000
21905.800000,-0.073392,0.106692,0.180687,1.964322,2.135109,0.362537,0.000000,0.000000,0.000000,0.000000,0.000000,0.000000
21905.808000,-0.073381,0.106693,0.180680,1.964264,2.135093,0.362564,0.000000,0.000000,0.000000,0.000000,0.000000,0.000000
21905.816000,-0.073386,0.106694,0.180688,1.964298,2.135138,0.362546,0.000000,0.000000,0.000000,0.000000,0.000000,0.000000
21905.824000,-0.073385,0.106695,0.180687,1.964344,2.135082,0.362529,0.000000,0.000000,0.000000,0.000000,0.000000,0.000000
21905.832000,-0.073383,0.106695,0.180681,1.964291,2.135079,0.362605,0.000000,0.000000,0.000000,0.000000,0.000000,0.000000
21905.840000,-0.073394,0.106688,0.180690,1.964249,2.135145,0.362497,0.000000,0.000000,0.000000,0.000000,0.000000,0.000000
21905.848000,-0.073390,0.106691,0.180693,1.964264,2.135174,0.362523,0.000000,0.000000,0.000000,0.000000,0.000000,0.000000
21905.856000,-0.073389,0.106691,0.180682,1.964295,2.135071,0.362544,0.000000,0.000000,0.000000,0.000000,0.000000,0.000000
21905.864000,-0.073385,0.106696,0.180688,1.964327,2.135068,0.362577,0.000000,0.000000,0.000000,0.000000,0.000000,0.000000
21905.872000,-0.073387,0.106691,0.180681,1.964274,2.135080,0.362586,0.000000,0.000000,0.000000,0.000000,0.000000,0.000000
21905.880000,-0.073383,0.106695,0.180685,1.964306,2.135066,0.362579,0.000000,0.000000,0.000000,0.000000,0.000000,0.000000
21905.888000,-0.073391,0.106693,0.180690,1.964350,2.135145,0.362502,0.000000,0.000000,0.000000,0.000000,0.000000,0.000000
21905.896000,-0.073388,0.106691,0.180680,1.964261,2.135066,0.362610,0.000000,0.000000,0.000000,0.000000,0.000000,0.000000
21905.904000,-0.073380,0.106694,0.180674,1.964261,2.135093,0.362589,0.000000,0.000000,0.000000,0.000000,0.000000,0.000000
21905.912000,-0.073395,0.106689,0.180696,1.964230,2.135155,0.362515,0.000000,0.000000,0.000000,0.000000,0.000000,0.000000
21905.920000,-0.073391,0.106694,0.180686,1.964316,2.135112,0.362590,0.000000,0.000000,0.000000,0.000000,0.000000,0.000000
21905.928000,-0.073389,0.106691,0.180687,1.964254,2.135129,0.362511,0.000000,0.000000,0.000000,0.000000,0.000000,0.000000
21905.936000,-0.073386,0.106696,0.180683,1.964311,2.135105,0.362578,0.000000,0.000000,0.000000,0.000000,0.000000,0.000000
21905.944000,-0.073386,0.106692,0.180689,1.964299,2.135106,0.362534,0.000000,0.000000,0.000000,0.000000,0.000000,0.000000
21905.952000,-0.073391,0.106693,0.180693,1.964327,2.135114,0.362521,0.000000,0.000000,0.000000,0.000000,0.000000,0.000000
21905.960000,-0.073388,0.106693,0.180681,1.964273,2.135087,0.362623,0.000000,0.000000,0.000000,0.000000,0.000000,0.000000
21905.968000,-0.073385,0.106691,0.180680,1.964283,2.135084,0.362546,0.000000,0.000000,0.000000,0.000000,0.000000,0.000000
21905.976000,-0.073393,0.106689,0.180696,1.964304,2.135132,0.362488,0.000000,0.000000,0.000000,0.000000,0.000000,0.000000
21905.984000,-0.073391,0.106690,0.180686,1.964302,2.135134,0.362517,0.000000,0.000000,0.000000,0.000000,0.000000,0.000000
21905.992000,-0.073383,0.106695,0.180674,1.964347,2.135034,0.362585,0.000000,0.000000,0.000000,0.000000,0.000000,0.000000
21906.000000,-0.073385,0.106695,0.180679,1.964291,2.135079,0.362605,0.000000,0.000000,0.000000,0.000000,0.000000,0.000000
21906.008000,-0.073386,0.106694,0.180685,1.964321,2.135058,0.362585,0.000000,0.000000,0.000000,0.000000,0.000000,0.000000
21906.016000,-0.073386,0.106692,0.180684,1.964299,2.135105,0.362535,0.000000,0.000000,0.000000,0.000000,0.000000,0.000000
21906.024000,-0.073381,0.106693,0.180680,1.964301,2.135052,0.362554,0.000000,0.000000,0.000000,0.000000,0.000000,0.000000
21906.032000,-0.073382,0.106693,0.180675,1.964282,2.135091,0.362583,0.000000,0.000000,0.000000,0.000000,0.000000,0.000000
21906.040000,-0.073390,0.106696,0.180684,1.964367,2.135099,0.362606,0.000000,0.000000,0.000000,0.000000,0.000000,0.000000
21906.048000,-0.073385,0.106694,0.180680,1.964252,2.135089,0.362629,0.000000,0.000000,0.000000,0.000000,0.000000,0.000000
21906.056000,-0.073388,0.106691,0.180679,1.964259,2.135068,0.362639,0.000000,0.000000,0.000000,0.000000,0.000000,0.000000
21906.064000,-0.073388,0.106693,0.180688,1.964307,2.135093,0.362557,0.000000,0.000000,0.000000,0.000000,0.000000,0.000000
21906.072000,-0.073388,0.106694,0.180685,1.964332,2.135074,0.362590,0.000000,0.000000,0.000000,0.000000,0.000000,0.000000
21906.080000,-0.073384,0.106692,0.180682,1.964275,2.135075,0.362553,0.000000,0.000000,0.000000,0.000000,0.000000,0.000000
21906.088000,-0.073383,0.106695,0.180688,1.964373,2.135062,0.362537,0.000000,0.000000,0.000000,0.000000,0.000000,0.000000
21906.096000,-0.073385,0.106689,0.180669,1.964231,2.135049,0.362610,0.000000,0.000000,0.000000,0.000000,0.000000,0.000000
21906.104000,-0.073396,0.106691,0.180694,1.964259,2.135199,0.362522,0.000000,0.000000,0.000000,0.000000,0.000000,0.000000
21906.112000,-0.073386,0.106694,0.180683,1.964258,2.135096,0.362617,0.000000,0.000000,0.000000,0.000000,0.000000,0.000000
21906.120000,-0.073382,0.106692,0.180669,1.964238,2.135069,0.362644,0.000000,0.000000,0.000000,0.000000,0.000000,0.000000
21906.128000,-0.073391,0.106689,0.180690,1.964267,2.135088,0.362531,0.000000,0.000000,0.000000,0.000000,0.000000,0.000000
21906.136000,-0.073391,0.106691,0.180684,1.964285,2.135096,0.362591,0.000000,0.000000,0.000000,0.000000,0.000000,0.000000
21906.144000,-0.073388,0.106693,0.180682,1.964302,2.135113,0.362547,0.000000,0.000000,0.000000,0.000000,0.000000,0.000000
21906.152000,-0.073384,0.106691,0.180676,1.964240,2.135032,0.362600,0.000000,0.000000,0.000000,0.000000,0.000000,0.000000
21906.160000,-0.073386,0.106691,0.180675,1.964291,2.135042,0.362585,0.000000,0.000000,0.000000,0.000000,0.000000,0.000000
21906.168000,-0.073388,0.106691,0.180677,1.964268,2.135097,0.362572,0.000000,0.000000,0.000000,0.000000,0.000000,0.000000
21906.176000,-0.073384,0.106698,0.180676,1.964315,2.135063,0.362642,0.000000,0.000000,0.000000,0.000000,0.000000,0.000000
21906.184000,-0.073392,0.106692,0.180681,1.964309,2.135074,0.362620,0.000000,0.000000,0.000000,0.000000,0.000000,0.000000
21906.192000,-0.073393,0.106690,0.180683,1.964260,2.135144,0.362565,0.000000,0.000000,0.000000,0.000000,0.000000,0.000000
21906.200000,-0.073388,0.106692,0.180683,1.964290,2.135101,0.362575,0.000000,0.000000,0.000000,0.000000,0.000000,0.000000
21906.208000,-0.073387,0.106694,0.180686,1.964323,2.135090,0.362572,0.000000,0.000000,0.000000,0.000000,0.000000,0.000000
21906.216000,-0.073386,0.106692,0.180680,1.964308,2.135099,0.362594,0.000000,0.000000,0.000000,0.000000,0.000000,0.000000
21906.224000,-0.073387,0.106690,0.180681,1.964265,2.135065,0.362585,0.000000,0.000000,0.000000,0.000000,0.000000,0.000000
21906.232000,-0.073390,0.106692,0.180685,1.964304,2.135090,0.362577,0.000000,0.000000,0.000000,0.000000,0.000000,0.000000
21906.240000,-0.073390,0.106691,0.180683,1.964287,2.135093,0.362562,0.000000,0.000000,0.000000,0.000000,0.000000,0.000000
21906.248000,-0.073389,0.106694,0.180689,1.964294,2.135138,0.362570,0.000000,0.000000,0.000000,0.000000,0.000000,0.000000
21906.256000,-0.073386,0.106690,0.180680,1.964296,2.135077,0.362581,0.000000,0.000000,0.000000,0.000000,0.000000,0.000000
21906.264000,-0.073382,0.106694,0.180676,1.964331,2.135013,0.362596,0.000000,0.000000,0.000000,0.000000,0.000000,0.000000
21906.272000,-0.073380,0.106693,0.180679,1.964307,2.135034,0.362567,0.000000,0.000000,0.000000,0.000000,0.000000,0.000000
21906.280000,-0.073382,0.106693,0.180680,1.964294,2.135069,0.362540,0.000000,0.000000,0.000000,0.000000,0.000000,0.000000
21906.288000,-0.073388,0.106692,0.180692,1.964297,2.135104,0.362530,0.000000,0.000000,0.000000,0.000000,0.000000,0.000000
21906.296000,-0.073383,0.106697,0.180671,1.964297,2.135044,0.362682,0.000000,0.000000,0.000000,0.000000,0.000000,0.000000
21906.304000,-0.073391,0.106689,0.180687,1.964279,2.135131,0.362514,0.000000,0.000000,0.000000,0.000000,0.000000,0.000000
21906.312000,-0.073386,0.106694,0.180683,1.964272,2.135106,0.362561,0.000000,0.000000,0.000000,0.000000,0.000000,0.000000
21906.320000,-0.073386,0.106688,0.180681,1.964246,2.135061,0.362558,0.000000,0.000000,0.000000,0.000000,0.000000,0.000000
21906.328000,-0.073384,0.106690,0.180679,1.964308,2.135031,0.362563,0.000000,0.000000,0.000000,0.000000,0.000000,0.000000
21906.336000,-0.073387,0.106696,0.180688,1.964336,2.135138,0.362563,0.000000,0.000000,0.000000,0.000000,0.000000,0.000000
21906.344000,-0.073388,0.106690,0.180685,1.964319,2.135047,0.362568,0.000000,0.000000,0.000000,0.000000,0.000000,0.000000
21906.352000,-0.073384,0.106692,0.180674,1.964224,2.135080,0.362642,0.000000,0.000000,0.000000,0.000000,0.000000,0.000000
21906.360000,-0.073390,0.106694,0.180686,1.964343,2.135090,0.362594,0.000000,0.000000,0.000000,0.000000,0.000000,0.000000
21906.368000,-0.073398,0.106691,0.180699,1.964298,2.135156,0.362482,0.000000,0.000000,0.000000,0.000000,0.000000,0.000000
21906.376000,-0.073387,0.106695,0.180680,1.964294,2.135113,0.362596,0.000000,0.000000,0.000000,0.000000,0.000000,0.000000
21906.384000,-0.073389,0.106690,0.180689,1.964250,2.135126,0.362532,0.000000,0.000000,0.000000,0.000000,0.000000,0.000000
21906.392000,-0.073388,0.106691,0.180689,1.964309,2.135088,0.362524,0.000000,0.000000,0.000000,0.000000,0.000000,0.000000
21906.400000,-0.073380,0.106691,0.180670,1.964273,2.135047,0.362599,0.000000,0.000000,0.000000,0.000000,0.000000,0.000000
21906.408000,-0.073387,0.106695,0.180692,1.964306,2.135125,0.362568,0.000000,0.000000,0.000000,0.000000,0.000000,0.000000
21906.416000,-0.073387,0.106690,0.180683,1.964239,2.135147,0.362575,0.000000,0.000000,0.000000,0.000000,0.000000,0.000000
21906.424000,-0.073381,0.106693,0.180679,1.964307,2.135072,0.362616,0.000000,0.000000,0.000000,0.000000,0.000000,0.000000
21906.432000,-0.073386,0.106691,0.180684,1.964290,2.135091,0.362534,0.000000,0.000000,0.000000,0.000000,0.000000,0.000000
21906.440000,-0.073383,0.106694,0.180675,1.964281,2.135089,0.362579,0.000000,0.000000,0.000000,0.000000,0.000000,0.000000
21906.448000,-0.073389,0.106690,0.180686,1.964278,2.135104,0.362536,0.000000,0.000000,0.000000,0.000000,0.000000,0.000000
21906.456000,-0.073387,0.106693,0.180688,1.964296,2.135077,0.362552,0.000000,0.000000,0.000000,0.000000,0.000000,0.000000
21906.464000,-0.073386,0.106692,0.180683,1.964250,2.135133,0.362569,0.000000,0.000000,0.000000,0.000000,0.000000,0.000000
21906.472000,-0.073388,0.106693,0.180678,1.964266,2.135129,0.362584,0.000000,0.000000,0.000000,0.000000,0.000000,0.000000
21906.480000,-0.073385,0.106694,0.180690,1.964319,2.135105,0.362529,0.000000,0.000000,0.000000,0.000000,0.000000,0.000000
21906.488000,-0.073391,0.106690,0.180684,1.964281,2.135162,0.362501,0.000000,0.000000,0.000000,0.000000,0.000000,0.000000
21906.496000,-0.073392,0.106689,0.180682,1.964273,2.135099,0.362552,0.000000,0.000000,0.000000,0.000000,0.000000,0.000000
21906.504000,-0.073392,0.106693,0.180682,1.964286,2.135101,0.362600,0.000000,0.000000,0.000000,0.000000,0.000000,0.000000
21906.512000,-0.073382,0.106692,0.180680,1.964243,2.135126,0.362581,0.000000,0.000000,0.000000,0.000000,0.000000,0.000000
21906.520000,-0.073396,0.106691,0.180704,1.964299,2.135217,0.362476,0.000000,0.000000,0.000000,0.000000,0.000000,0.000000
21906.528000,-0.073382,0.106692,0.180684,1.964324,2.135048,0.362519,0.000000,0.000000,0.000000,0.000000,0.000000,0.000000
21906.536000,-0.073386,0.106696,0.180685,1.964299,2.135143,0.362554,0.000000,0.000000,0.000000,0.000000,0.000000,0.000000
21906.544000,-0.073381,0.106697,0.180686,1.964334,2.135075,0.362565,0.000000,0.000000,0.000000,0.000000,0.000000,0.000000
21906.552000,-0.073383,0.106697,0.180676,1.964278,2.135095,0.362612,0.000000,0.000000,0.000000,0.000000,0.000000,0.000000
21906.560000,-0.073389,0.106693,0.180687,1.964322,2.135109,0.362537,0.000000,0.000000,0.000000,0.000000,0.000000,0.000000
21906.568000,-0.073389,0.106691,0.180684,1.964249,2.135162,0.362576,0.000000,0.000000,0.000000,0.000000,0.000000,0.000000
21906.576000,-0.073385,0.106696,0.180693,1.964344,2.135116,0.362544,0.000000,0.000000,0.000000,0.000000,0.000000,0.000000
21906.584000,-0.073392,0.106690,0.180683,1.964255,2.135134,0.362549,0.000000,0.000000,0.000000,0.000000,0.000000,0.000000
21906.592000,-0.073387,0.106694,0.180683,1.964264,2.135128,0.362580,0.000000,0.000000,0.000000,0.000000,0.000000,0.000000
21906.600000,-0.073386,0.106692,0.180679,1.964286,2.135067,0.362584,0.000000,0.000000,0.000000,0.000000,0.000000,0.000000
21906.608000,-0.073389,0.106693,0.180682,1.964268,2.135152,0.362529,0.000000,0.000000,0.000000,0.000000,0.000000,0.000000
21906.616000,-0.073383,0.106695,0.180687,1.964303,2.135069,0.362608,0.000000,0.000000,0.000000,0.000000,0.000000,0.000000
21906.624000,-0.073384,0.106693,0.180683,1.964328,2.135006,0.362583,0.000000,0.000000,0.000000,0.000000,0.000000,0.000000
21906.632000,-0.073388,0.106690,0.180681,1.964221,2.135128,0.362615,0.000000,0.000000,0.000000,0.000000,0.000000,0.000000
21906.640000,-0.073390,0.106691,0.180682,1.964281,2.135087,0.362574,0.000000,0.000000,0.000000,0.000000,0.000000,0.000000
21906.648000,-0.073382,0.106691,0.180677,1.964277,2.135077,0.362558,0.000000,0.000000,0.000000,0.000000,0.000000,0.000000
21906.656000,-0.073385,0.106691,0.180674,1.964210,2.135082,0.362599,0.000000,0.000000,0.000000,0.000000,0.000000,0.000000
21906.664000,-0.073391,0.106691,0.180681,1.964202,2.135162,0.362607,0.000000,0.000000,0.000000,0.000000,0.000000,0.000000
21906.672000,-0.073384,0.106696,0.180675,1.964296,2.135059,0.362615,0.000000,0.000000,0.000000,0.000000,0.000000,0.000000
21906.680000,-0.073398,0.106687,0.180694,1.964227,2.135203,0.362488,0.000000,0.000000,0.000000,0.000000,0.000000,0.000000
21906.688000,-0.073385,0.106693,0.180680,1.964267,2.135080,0.362635,0.000000,0.000000,0.000000,0.000000,0.000000,0.000000
21906.696000,-0.073387,0.106694,0.180683,1.964319,2.135080,0.362555,0.000000,0.000000,0.000000,0.000000,0.000000,0.000000
21906.704000,-0.073389,0.106689,0.180681,1.964293,2.135095,0.362542,0.000000,0.000000,0.000000,0.000000,0.000000,0.000000
21906.712000,-0.073388,0.106691,0.180685,1.964285,2.135145,0.362540,0.000000,0.000000,0.000000,0.000000,0.000000,0.000000
21906.720000,-0.073384,0.106696,0.180682,1.964368,2.135039,0.362616,0.000000,0.000000,0.000000,0.000000,0.000000,0.000000
21906.728000,-0.073392,0.106689,0.180686,1.964266,2.135117,0.362538,0.000000,0.000000,0.000000,0.000000,0.000000,0.000000
21906.736000,-0.073393,0.106690,0.180683,1.964260,2.135144,0.362565,0.000000,0.000000,0.000000,0.000000,0.000000,0.000000
21906.744000,-0.073389,0.106689,0.180682,1.964212,2.135135,0.362556,0.000000,0.000000,0.000000,0.000000,0.000000,0.000000
21906.752000,-0.073396,0.106693,0.180693,1.964326,2.135153,0.362569,0.000000,0.000000,0.000000,0.000000,0.000000,0.000000
21906.760000,-0.073387,0.106694,0.180689,1.964289,2.135129,0.362554,0.000000,0.000000,0.000000,0.000000,0.000000,0.000000
21906.768000,-0.073388,0.106690,0.180678,1.964251,2.135125,0.362532,0.000000,0.000000,0.000000,0.000000,0.000000,0.000000
21906.776000,-0.073395,0.106692,0.180694,1.964348,2.135113,0.362516,0.000000,0.000000,0.000000,0.000000,0.000000,0.000000
21906.784000,-0.073386,0.106691,0.180682,1.964298,2.135044,0.362541,0.000000,0.000000,0.000000,0.000000,0.000000,0.000000
21906.792000,-0.073388,0.106694,0.180692,1.964352,2.135066,0.362547,0.000000,0.000000,0.000000,0.000000,0.000000,0.000000
21906.800000,-0.073387,0.106695,0.180687,1.964344,2.135086,0.362562,0.000000,0.000000,0.000000,0.000000,0.000000,0.000000
21906.808000,-0.073386,0.106693,0.180683,1.964337,2.135045,0.362558,0.000000,0.000000,0.000000,0.000000,0.000000,0.000000
21906.816000,-0.073391,0.106690,0.180692,1.964310,2.135139,0.362476,0.000000,0.000000,0.000000,0.000000,0.000000,0.000000
21906.824000,-0.073383,0.106693,0.180687,1.964301,2.135052,0.362553,0.000000,0.000000,0.000000,0.000000,0.000000,0.000000
21906.832000,-0.073386,0.106692,0.180681,1.964279,2.135109,0.362544,0.000000,0.000000,0.000000,0.000000,0.000000,0.000000
21906.840000,-0.073390,0.106693,0.180679,1.964253,2.135115,0.362607,0.000000,0.000000,0.000000,0.000000,0.000000,0.000000
21906.848000,-0.073386,0.106695,0.180687,1.964376,2.135069,0.362550,0.000000,0.000000,0.000000,0.000000,0.000000,0.000000
21906.856000,-0.073387,0.106694,0.180678,1.964308,2.135093,0.362557,0.000000,0.000000,0.000000,0.000000,0.000000,0.000000
21906.864000,-0.073386,0.106691,0.180681,1.964268,2.135073,0.362598,0.000000,0.000000,0.000000,0.000000,0.000000,0.000000
21906.872000,-0.073387,0.106693,0.180683,1.964277,2.135107,0.362540,0.000000,0.000000,0.000000,0.000000,0.000000,0.000000
21906.880000,-0.073384,0.106694,0.180681,1.964265,2.135103,0.362605,0.000000,0.000000,0.000000,0.000000,0.000000,0.000000
21906.888000,-0.073383,0.106694,0.180678,1.964295,2.135054,0.362607,0.000000,0.000000,0.000000,0.000000,0.000000,0.000000
21906.896000,-0.073385,0.106693,0.180681,1.964269,2.135078,0.362607,0.000000,0.000000,0.000000,0.000000,0.000000,0.000000
21906.904000,-0.073387,0.106692,0.180686,1.964342,2.135046,0.362538,0.000000,0.000000,0.000000,0.000000,0.000000,0.000000
21906.912000,-0.073387,0.106692,0.180687,1.964270,2.135105,0.362585,0.000000,0.000000,0.000000,0.000000,0.000000,0.000000
21906.920000,-0.073385,0.106694,0.180689,1.964312,2.135098,0.362541,0.000000,0.000000,0.000000,0.000000,0.000000,0.000000
21906.928000,-0.073380,0.106693,0.180666,1.964257,2.135014,0.362682,0.000000,0.000000,0.000000,0.000000,0.000000,0.000000
21906.936000,-0.073380,0.106695,0.180675,1.964238,2.135048,0.362675,0.000000,0.000000,0.000000,0.000000,0.000000,0.000000
21906.944000,-0.073384,0.106693,0.180682,1.964328,2.135030,0.362558,0.000000,0.000000,0.000000,0.000000,0.000000,0.000000
21906.952000,-0.073384,0.106691,0.180674,1.964297,2.135048,0.362574,0.000000,0.000000,0.000000,0.000000,0.000000,0.000000
21906.960000,-0.073382,0.106696,0.180680,1.964289,2.135053,0.362627,0.000000,0.000000,0.000000,0.000000,0.000000,0.000000
21906.968000,-0.073386,0.106693,0.180685,1.964277,2.135132,0.362514,0.000000,0.000000,0.000000,0.000000,0.000000,0.000000
21906.976000,-0.073383,0.106690,0.180677,1.964254,2.135049,0.362580,0.000000,0.000000,0.000000,0.000000,0.000000,0.000000
21906.984000,-0.073391,0.106693,0.180691,1.964326,2.135094,0.362580,0.000000,0.000000,0.000000,0.000000,0.000000,0.000000
21906.992000,-0.073391,0.106696,0.180691,1.964351,2.135123,0.362532,0.000000,0.000000,0.000000,0.000000,0.000000,0.000000
21907.000000,-0.073393,0.106690,0.180692,1.964268,2.135149,0.362525,0.000000,0.000000,0.000000,0.000000,0.000000,0.000000
21907.008000,-0.073383,0.106694,0.180682,1.964294,2.135079,0.362581,0.000000,0.000000,0.000000,0.000000,0.000000,0.000000
21907.016000,-0.073386,0.106694,0.180681,1.964258,2.135096,0.362617,0.000000,0.000000,0.000000,0.000000,0.000000,0.000000
21907.024000,-0.073385,0.106691,0.180679,1.964288,2.135069,0.362588,0.000000,0.000000,0.000000,0.000000,0.000000,0.000000
21907.032000,-0.073386,0.106696,0.180686,1.964374,2.135043,0.362572,0.000000,0.000000,0.000000,0.000000,0.000000,0.000000
21907.040000,-0.073385,0.106695,0.180681,1.964351,2.135068,0.362576,0.000000,0.000000,0.000000,0.000000,0.000000,0.000000
21907.048000,-0.073387,0.106691,0.180685,1.964325,2.135074,0.362497,0.000000,0.000000,0.000000,0.000000,0.000000,0.000000
21907.056000,-0.073385,0.106692,0.180685,1.964322,2.135071,0.362489,0.000000,0.000000,0.000000,0.000000,0.000000,0.000000
21907.064000,-0.073390,0.106693,0.180687,1.964327,2.135090,0.362547,0.000000,0.000000,0.000000,0.000000,0.000000,0.000000
21907.072000,-0.073387,0.106695,0.180679,1.964274,2.135117,0.362606,0.000000,0.000000,0.000000,0.000000,0.000000,0.000000
21907.080000,-0.073389,0.106692,0.180687,1.964263,2.135147,0.362545,0.000000,0.000000,0.000000,0.000000,0.000000,0.000000
21907.088000,-0.073382,0.106695,0.180676,1.964293,2.135052,0.362603,0.000000,0.000000,0.000000,0.000000,0.000000,0.000000
21907.096000,-0.073385,0.106691,0.180686,1.964247,2.135126,0.362556,0.000000,0.000000,0.000000,0.000000,0.000000,0.000000
21907.104000,-0.073386,0.106694,0.180675,1.964256,2.135098,0.362646,0.000000,0.000000,0.000000,0.000000,0.000000,0.000000
21907.112000,-0.073385,0.106693,0.180680,1.964290,2.135045,0.362590,0.000000,0.000000,0.000000,0.000000,0.000000,0.000000
21907.120000,-0.073386,0.106691,0.180685,1.964272,2.135068,0.362540,0.000000,0.000000,0.000000,0.000000,0.000000,0.000000
21907.128000,-0.073384,0.106692,0.180678,1.964277,2.135073,0.362525,0.000000,0.000000,0.000000,0.000000,0.000000,0.000000
21907.136000,-0.073387,0.106690,0.180681,1.964279,2.135054,0.362587,0.000000,0.000000,0.000000,0.000000,0.000000,0.000000
21907.144000,-0.073392,0.106690,0.180692,1.964289,2.135116,0.362508,0.000000,0.000000,0.000000,0.000000,0.000000,0.000000
21907.144000,-0.073392,0.106690,0.180692,1.964289,2.135116,0.362508,0.000000,0.000000,0.000000,0.000000,0.000000,0.000000
21907.160000,-0.073387,0.106690,0.180681,1.964269,2.135124,0.362551,0.000000,0.000000,0.000000,0.000000,0.000000,0.000000
21907.168000,-0.073384,0.106693,0.180681,1.964262,2.135096,0.362593,0.000000,0.000000,0.000000,0.000000,0.000000,0.000000
21907.176000,-0.073389,0.106690,0.180684,1.964262,2.135141,0.362537,0.000000,0.000000,0.000000,0.000000,0.000000,0.000000
21907.184000,-0.073389,0.106696,0.180683,1.964325,2.135095,0.362580,0.000000,0.000000,0.000000,0.000000,0.000000,0.000000
21907.192000,-0.073383,0.106691,0.180683,1.964256,2.135106,0.362542,0.000000,0.000000,0.000000,0.000000,0.000000,0.000000
21907.200000,-0.073380,0.106694,0.180676,1.964322,2.135032,0.362611,0.000000,0.000000,0.000000,0.000000,0.000000,0.000000
21907.208000,-0.073384,0.106691,0.180678,1.964236,2.135085,0.362577,0.000000,0.000000,0.000000,0.000000,0.000000,0.000000
21907.216000,-0.073391,0.106694,0.180689,1.964306,2.135177,0.362521,0.000000,0.000000,0.000000,0.000000,0.000000,0.000000
21907.224000,-0.073382,0.106698,0.180680,1.964326,2.135075,0.362614,0.000000,0.000000,0.000000,0.000000,0.000000,0.000000
21907.232000,-0.073382,0.106694,0.180681,1.964292,2.135043,0.362561,0.000000,0.000000,0.000000,0.000000,0.000000,0.000000
21907.240000,-0.073389,0.106693,0.180684,1.964315,2.135102,0.362549,0.000000,0.000000,0.000000,0.000000,0.000000,0.000000
21907.248000,-0.073387,0.106690,0.180676,1.964258,2.135083,0.362572,0.000000,0.000000,0.000000,0.000000,0.000000,0.000000
21907.256000,-0.073386,0.106696,0.180688,1.964299,2.135143,0.362554,0.000000,0.000000,0.000000,0.000000,0.000000,0.000000
21907.264000,-0.073394,0.106689,0.180688,1.964250,2.135130,0.362564,0.000000,0.000000,0.000000,0.000000,0.000000,0.000000
21907.272000,-0.073381,0.106695,0.180677,1.964254,2.135121,0.362616,0.000000,0.000000,0.000000,0.000000,0.000000,0.000000
21907.280000,-0.073384,0.106694,0.180679,1.964286,2.135050,0.362647,0.000000,0.000000,0.000000,0.000000,0.000000,0.000000
21907.288000,-0.073388,0.106690,0.180688,1.964230,2.135130,0.362541,0.000000,0.000000,0.000000,0.000000,0.000000,0.000000
21907.296000,-0.073392,0.106690,0.180680,1.964217,2.135178,0.362588,0.000000,0.000000,0.000000,0.000000,0.000000,0.000000
21907.304000,-0.073384,0.106692,0.180671,1.964260,2.135039,0.362632,0.000000,0.000000,0.000000,0.000000,0.000000,0.000000
21907.312000,-0.073390,0.106689,0.180684,1.964278,2.135083,0.362594,0.000000,0.000000,0.000000,0.000000,0.000000,0.000000
21907.320000,-0.073387,0.106690,0.180681,1.964267,2.135063,0.362557,0.000000,0.000000,0.000000,0.000000,0.000000,0.000000
21907.328000,-0.073393,0.106690,0.180690,1.964322,2.135106,0.362533,0.000000,0.000000,0.000000,0.000000,0.000000,0.000000
21907.336000,-0.073392,0.106689,0.180679,1.964271,2.135101,0.362580,0.000000,0.000000,0.000000,0.000000,0.000000,0.000000
21907.344000,-0.073385,0.106696,0.180681,1.964384,2.135023,0.362557,0.000000,0.000000,0.000000,0.000000,0.000000,0.000000
21907.352000,-0.073386,0.106692,0.180679,1.964275,2.135075,0.362553,0.000000,0.000000,0.000000,0.000000,0.000000,0.000000
21907.360000,-0.073387,0.106693,0.180685,1.964334,2.135076,0.362594,0.000000,0.000000,0.000000,0.000000,0.000000,0.000000
21907.368000,-0.073388,0.106693,0.180682,1.964289,2.135049,0.362623,0.000000,0.000000,0.000000,0.000000,0.000000,0.000000
21907.376000,-0.073393,0.106690,0.180693,1.964268,2.135145,0.362492,0.000000,0.000000,0.000000,0.000000,0.000000,0.000000
21907.384000,-0.073389,0.106693,0.180687,1.964361,2.135075,0.362539,0.000000,0.000000,0.000000,0.000000,0.000000,0.000000
21907.392000,-0.073384,0.106691,0.180680,1.964277,2.135077,0.362558,0.000000,0.000000,0.000000,0.000000,0.000000,0.000000
21907.400000,-0.073385,0.106692,0.180683,1.964268,2.135093,0.362540,0.000000,0.000000,0.000000,0.000000,0.000000,0.000000
21907.408000,-0.073388,0.106690,0.180683,1.964300,2.135073,0.362523,0.000000,0.000000,0.000000,0.000000,0.000000,0.000000
21907.416000,-0.073389,0.106691,0.180689,1.964261,2.135090,0.362584,0.000000,0.000000,0.000000,0.000000,0.000000,0.000000
21907.424000,-0.073386,0.106692,0.180680,1.964221,2.135094,0.362571,0.000000,0.000000,0.000000,0.000000,0.000000,0.000000
21907.432000,-0.073388,0.106693,0.180686,1.964299,2.135115,0.362576,0.000000,0.000000,0.000000,0.000000,0.000000,0.000000
21907.440000,-0.073390,0.106690,0.180679,1.964287,2.135059,0.362547,0.000000,0.000000,0.000000,0.000000,0.000000,0.000000
21907.448000,-0.073381,0.106694,0.180684,1.964317,2.135069,0.362510,0.000000,0.000000,0.000000,0.000000,0.000000,0.000000
21907.456000,-0.073388,0.106695,0.180687,1.964339,2.135115,0.362593,0.000000,0.000000,0.000000,0.000000,0.000000,0.000000
21907.464000,-0.073389,0.106694,0.180688,1.964305,2.135096,0.362585,0.000000,0.000000,0.000000,0.000000,0.000000,0.000000
21907.472000,-0.073386,0.106693,0.180687,1.964311,2.135093,0.362532,0.000000,0.000000,0.000000,0.000000,0.000000,0.000000
21907.480000,-0.073387,0.106694,0.180679,1.964256,2.135122,0.362620,0.000000,0.000000,0.000000,0.000000,0.000000,0.000000
21907.488000,-0.073386,0.106691,0.180686,1.964291,2.135152,0.362527,0.000000,0.000000,0.000000,0.000000,0.000000,0.000000
21907.496000,-0.073381,0.106696,0.180681,1.964296,2.135060,0.362615,0.000000,0.000000,0.000000,0.000000,0.000000,0.000000
21907.504000,-0.073390,0.106693,0.180688,1.964297,2.135117,0.362604,0.000000,0.000000,0.000000,0.000000,0.000000,0.000000
21907.512000,-0.073388,0.106692,0.180685,1.964243,2.135126,0.362581,0.000000,0.000000,0.000000,0.000000,0.000000,0.000000
21907.520000,-0.073383,0.106696,0.180681,1.964276,2.135038,0.362651,0.000000,0.000000,0.000000,0.000000,0.000000,0.000000
21907.528000,-0.073388,0.106691,0.180680,1.964297,2.135024,0.362600,0.000000,0.000000,0.000000,0.000000,0.000000,0.000000
21907.536000,-0.073388,0.106690,0.180676,1.964276,2.135081,0.362590,0.000000,0.000000,0.000000,0.000000,0.000000,0.000000
21907.544000,-0.073387,0.106690,0.180679,1.964236,2.135113,0.362584,0.000000,0.000000,0.000000,0.000000,0.000000,0.000000
21907.552000,-0.073392,0.106691,0.180689,1.964330,2.135093,0.362555,0.000000,0.000000,0.000000,0.000000,0.000000,0.000000
21907.560000,-0.073389,0.106693,0.180681,1.964289,2.135074,0.362597,0.000000,0.000000,0.000000,0.000000,0.000000,0.000000
21907.568000,-0.073392,0.106691,0.180688,1.964217,2.135175,0.362555,0.000000,0.000000,0.000000,0.000000,0.000000,0.000000
21907.576000,-0.073387,0.106693,0.180692,1.964306,2.135143,0.362505,0.000000,0.000000,0.000000,0.000000,0.000000,0.000000
21907.584000,-0.073389,0.106690,0.180682,1.964247,2.135130,0.362589,0.000000,0.000000,0.000000,0.000000,0.000000,0.000000
21907.592000,-0.073386,0.106694,0.180691,1.964312,2.135123,0.362515,0.000000,0.000000,0.000000,0.000000,0.000000,0.000000
21907.600000,-0.073385,0.106693,0.180681,1.964291,2.135096,0.362542,0.000000,0.000000,0.000000,0.000000,0.000000,0.000000
21907.608000,-0.073389,0.106691,0.180689,1.964269,2.135120,0.362518,0.000000,0.000000,0.000000,0.000000,0.000000,0.000000
21907.616000,-0.073392,0.106694,0.180688,1.964252,2.135175,0.362597,0.000000,0.000000,0.000000,0.000000,0.000000,0.000000
21907.624000,-0.073394,0.106694,0.180696,1.964308,2.135188,0.362566,0.000000,0.000000,0.000000,0.000000,0.000000,0.000000
21907.632000,-0.073384,0.106690,0.180679,1.964272,2.135072,0.362574,0.000000,0.000000,0.000000,0.000000,0.000000,0.000000
21907.640000,-0.073381,0.106694,0.180679,1.964275,2.135033,0.362643,0.000000,0.000000,0.000000,0.000000,0.000000,0.000000
21907.648000,-0.073386,0.106692,0.180683,1.964333,2.135091,0.362527,0.000000,0.000000,0.000000,0.000000,0.000000,0.000000
21907.656000,-0.073386,0.106692,0.180678,1.964277,2.135111,0.362573,0.000000,0.000000,0.000000,0.000000,0.000000,0.000000
21907.664000,-0.073386,0.106693,0.180680,1.964296,2.135081,0.362585,0.000000,0.000000,0.000000,0.000000,0.000000,0.000000
21907.672000,-0.073392,0.106695,0.180691,1.964355,2.135073,0.362560,0.000000,0.000000,0.000000,0.000000,0.000000,0.000000
